datetime,airtemp_F,rh,par_umolm2sec,soiltemp_F
6/12/19 8:56,66.301,61.8,1.2,66.985
6/12/19 8:56,66.301,61.8,1.2,66.857
6/12/19 8:56,66.301,61.8,1.2,66.857
6/12/19 8:56,66.301,61.8,1.2,66.857
6/12/19 8:56,66.301,61.7,1.2,66.857
6/12/19 8:56,66.301,61.7,1.2,66.857
6/12/19 8:56,66.301,61.7,1.2,66.857
6/12/19 8:56,66.301,61.7,1.2,66.9
6/12/19 8:56,66.301,61.7,1.2,66.857
6/12/19 8:56,66.301,61.7,1.2,66.9
6/12/19 8:56,66.301,61.7,1.2,66.9
6/12/19 8:56,66.301,61.7,1.2,66.9
6/12/19 8:56,66.301,61.7,1.2,66.9
6/12/19 8:57,66.301,61.7,1.2,66.9
6/12/19 8:57,66.301,61.7,1.2,66.9
6/12/19 8:57,66.301,61.7,1.2,66.9
6/12/19 8:57,66.301,61.7,1.2,66.9
6/12/19 8:57,66.301,61.6,1.2,66.9
6/12/19 8:57,66.301,61.7,1.2,66.9
6/12/19 8:57,66.301,61.6,1.2,66.9
6/12/19 8:57,66.301,61.6,1.2,66.9
6/12/19 8:57,66.301,61.7,1.2,66.9
6/12/19 8:57,66.301,61.6,1.2,66.9
6/12/19 8:57,66.301,61.7,1.2,66.9
6/12/19 8:57,66.301,61.6,1.2,66.9
6/12/19 8:57,66.301,61.6,1.2,66.943
6/12/19 8:57,66.344,61.6,1.2,66.9
6/12/19 8:57,66.301,61.6,1.2,66.943
6/12/19 8:57,66.301,61.6,1.2,66.943
6/12/19 8:57,66.344,61.6,1.2,66.943
6/12/19 8:57,66.344,61.6,1.2,66.943
6/12/19 8:57,66.344,61.6,1.2,66.943
6/12/19 8:57,66.344,61.6,1.2,66.943
6/12/19 8:57,66.344,61.6,1.2,66.943
6/12/19 8:57,66.344,61.6,1.2,66.943
6/12/19 8:57,66.344,61.6,1.2,66.943
6/12/19 8:57,66.344,61.6,1.2,66.943
6/12/19 8:57,66.344,61.6,1.2,66.943
6/12/19 8:57,66.344,61.6,1.2,66.943
6/12/19 8:57,66.344,61.6,1.2,66.985
6/12/19 8:57,66.344,61.6,1.2,66.985
6/12/19 8:57,66.344,61.6,1.2,66.985
6/12/19 8:57,66.344,61.6,1.2,66.985
6/12/19 8:57,66.344,61.6,1.2,66.985
6/12/19 8:57,66.344,61.6,1.2,67.158
6/12/19 8:57,66.344,61.6,1.2,67.757
6/12/19 8:57,66.344,61.6,1.2,68.356
6/12/19 8:57,66.344,61.6,1.2,68.828
6/12/19 8:57,66.385,61.6,6.2,69.129
6/12/19 8:57,66.385,61.6,6.2,69.471
6/12/19 8:57,66.385,61.6,1.2,69.728
6/12/19 8:57,66.385,61.7,1.2,70.029
6/12/19 8:57,66.385,61.7,3.7,70.329
6/12/19 8:57,66.385,61.7,11.2,70.587
6/12/19 8:57,66.385,61.7,3.7,70.803
6/12/19 8:57,66.385,61.7,8.7,71.017
6/12/19 8:57,66.385,61.7,6.2,71.19
6/12/19 8:57,66.385,61.6,3.7,71.361
6/12/19 8:57,66.385,61.7,1.2,71.533
6/12/19 8:57,66.385,61.7,1.2,71.661
6/12/19 8:57,66.385,61.6,1.2,71.791
6/12/19 8:57,66.385,61.6,1.2,71.964
6/12/19 8:57,66.429,61.6,1.2,72.093
6/12/19 8:57,66.385,61.6,1.2,72.221
6/12/19 8:57,66.429,61.6,1.2,72.307
6/12/19 8:57,66.429,61.6,1.2,72.437
6/12/19 8:57,66.429,61.6,1.2,72.523
6/12/19 8:57,66.429,61.6,11.2,72.61
6/12/19 8:57,66.429,61.5,13.7,72.696
6/12/19 8:57,66.429,61.5,43.7,72.783
6/12/19 8:57,66.429,61.5,88.7,72.869
6/12/19 8:57,66.429,61.5,303.7,72.955
6/12/19 8:57,66.429,61.4,93.7,72.997
6/12/19 8:58,66.429,61.4,421.2,73.04
6/12/19 8:58,66.385,61.3,258.7,73.083
6/12/19 8:58,66.429,61.1,1256.2,73.17
6/12/19 8:58,66.429,60.9,1198.7,73.256
6/12/19 8:58,66.385,60.8,106.2,73.299
6/12/19 8:58,66.385,60.6,36.2,73.386
6/12/19 8:58,66.385,60.4,16.2,73.386
6/12/19 8:58,66.385,60.4,1.2,73.299
6/12/19 8:58,66.385,60.2,1.2,73.126
6/12/19 8:58,66.344,60.1,1.2,72.955
6/12/19 8:58,66.344,59.9,1.2,72.783
6/12/19 8:58,66.344,59.9,1.2,72.61
6/12/19 8:58,66.344,59.9,1.2,72.437
6/12/19 8:58,66.301,59.8,1.2,72.264
6/12/19 8:58,66.301,59.8,1.2,72.136
6/12/19 8:58,66.301,59.7,1.2,71.964
6/12/19 8:58,66.301,59.6,1.2,71.834
6/12/19 8:58,66.258,59.6,1.2,71.748
6/12/19 8:58,66.258,59.6,1.2,71.577
6/12/19 8:58,66.258,59.6,1.2,71.49
6/12/19 8:58,66.258,59.5,1.2,71.361
6/12/19 8:58,66.214,59.5,1.2,71.231
6/12/19 8:58,66.214,59.5,1.2,71.103
6/12/19 8:58,66.214,59.5,3.7,71.017
6/12/19 8:58,66.214,59.5,3.7,70.887
6/12/19 8:58,66.214,59.5,3.7,70.759
6/12/19 8:58,66.214,59.5,3.7,70.63
6/12/19 8:58,66.173,59.5,3.7,70.543
6/12/19 8:58,66.173,59.5,3.7,70.416
6/12/19 8:58,66.173,59.5,3.7,70.286
6/12/19 8:58,66.173,59.5,3.7,70.201
6/12/19 8:58,66.173,59.4,3.7,70.115
6/12/19 8:58,66.13,59.5,1.2,70.029
6/12/19 8:58,66.13,59.4,3.7,69.942
6/12/19 8:58,66.13,59.5,3.7,69.858
6/12/19 8:58,66.13,59.5,3.7,69.771
6/12/19 8:58,66.087,59.5,3.7,69.685
6/12/19 8:58,66.087,59.5,3.7,69.643
6/12/19 8:58,66.087,59.5,3.7,69.557
6/12/19 8:58,66.087,59.4,3.7,69.471
6/12/19 8:58,66.087,59.5,3.7,69.427
6/12/19 8:58,66.043,59.4,3.7,69.343
6/12/19 8:58,66.043,59.4,3.7,69.256
6/12/19 8:58,66.043,59.4,3.7,69.213
6/12/19 8:58,66.043,59.4,3.7,69.129
6/12/19 8:58,66,59.4,3.7,69.042
6/12/19 8:58,66,59.4,3.7,68.956
6/12/19 8:58,66,59.4,3.7,68.871
6/12/19 8:58,66,59.4,3.7,68.828
6/12/19 8:58,66,59.4,3.7,68.742
6/12/19 8:58,65.959,59.4,3.7,68.657
6/12/19 8:58,65.959,59.4,3.7,68.571
6/12/19 8:58,65.959,59.4,3.7,68.484
6/12/19 8:58,65.959,59.4,3.7,68.4
6/12/19 8:58,65.959,59.4,3.7,68.356
6/12/19 8:58,65.959,59.4,3.7,68.27
6/12/19 8:58,65.959,59.4,3.7,68.185
6/12/19 8:58,65.916,59.4,3.7,68.142
6/12/19 8:58,65.959,59.4,3.7,68.056
6/12/19 8:58,65.916,59.4,3.7,68.013
6/12/19 8:59,65.916,59.4,3.7,67.971
6/12/19 8:59,65.916,59.4,3.7,67.885
6/12/19 8:59,65.916,59.4,3.7,67.798
6/12/19 8:59,65.916,59.4,3.7,67.714
6/12/19 8:59,65.916,59.4,3.7,67.671
6/12/19 8:59,65.872,59.4,3.7,67.586
6/12/19 8:59,65.872,59.4,3.7,67.543
6/12/19 8:59,65.872,59.4,3.7,67.456
6/12/19 8:59,65.872,59.4,3.7,67.413
6/12/19 8:59,65.872,59.4,3.7,67.372
6/12/19 8:59,65.829,59.3,3.7,67.372
6/12/19 8:59,65.829,59.3,3.7,67.329
6/12/19 8:59,65.829,59.3,3.7,67.285
6/12/19 8:59,65.829,59.3,3.7,67.242
6/12/19 8:59,65.829,59.3,3.7,67.199
6/12/19 8:59,65.829,59.3,3.7,67.199
6/12/19 8:59,65.829,59.4,3.7,67.158
6/12/19 8:59,65.829,59.4,3.7,67.114
6/12/19 8:59,65.788,59.4,3.7,67.114
6/12/19 8:59,65.788,59.4,3.7,67.071
6/12/19 8:59,65.788,59.4,3.7,67.028
6/12/19 8:59,65.788,59.3,3.7,66.985
6/12/19 8:59,65.788,59.3,3.7,66.943
6/12/19 8:59,65.788,59.3,3.7,66.857
6/12/19 8:59,65.745,59.3,3.7,66.857
6/12/19 8:59,65.745,59.3,3.7,66.814
6/12/19 8:59,65.745,59.3,3.7,66.729
6/12/19 8:59,65.745,59.3,3.7,66.686
6/12/19 8:59,65.745,59.3,3.7,66.643
6/12/19 8:59,65.745,59.3,3.7,66.643
6/12/19 8:59,65.745,59.2,3.7,66.6
6/12/19 8:59,65.701,59.3,3.7,66.558
6/12/19 8:59,65.701,59.2,3.7,66.515
6/12/19 8:59,65.701,59.2,3.7,66.515
6/12/19 8:59,65.701,59.2,3.7,66.472
6/12/19 8:59,65.701,59.2,3.7,66.429
6/12/19 8:59,65.701,59.2,3.7,66.429
6/12/19 8:59,65.658,59.2,3.7,66.385
6/12/19 8:59,65.658,59.2,3.7,66.385
6/12/19 8:59,65.658,59.2,3.7,66.344
6/12/19 8:59,65.658,59.2,3.7,66.344
6/12/19 8:59,65.658,59.1,3.7,66.301
6/12/19 8:59,65.658,59.1,3.7,66.258
6/12/19 8:59,65.658,59.1,3.7,66.258
6/12/19 8:59,65.615,59.1,3.7,66.214
6/12/19 8:59,65.615,59.1,3.7,66.173
6/12/19 8:59,65.615,59.1,3.7,66.173
6/12/19 8:59,65.615,59.1,3.7,66.13
6/12/19 8:59,65.615,59,3.7,66.087
6/12/19 8:59,65.574,59,3.7,66.087
6/12/19 8:59,65.574,59,3.7,66.043
6/12/19 8:59,65.574,59,3.7,66.043
6/12/19 8:59,65.574,59,3.7,66
6/12/19 8:59,65.574,59,3.7,66
6/12/19 8:59,65.574,59,3.7,65.959
6/12/19 8:59,65.574,59,3.7,65.916
6/12/19 8:59,65.574,59,3.7,65.916
6/12/19 8:59,65.53,59,3.7,65.872
6/12/19 8:59,65.53,59,3.7,65.829
6/12/19 8:59,65.53,58.9,3.7,65.829
6/12/19 9:00,65.53,58.9,3.7,65.788
6/12/19 9:00,65.53,59,3.7,65.745
6/12/19 9:00,65.53,58.9,3.7,65.701
6/12/19 9:00,65.53,58.9,3.7,65.658
6/12/19 9:00,65.487,58.9,3.7,65.658
6/12/19 9:00,65.487,58.9,3.7,65.615
6/12/19 9:00,65.487,58.9,3.7,65.615
6/12/19 9:00,65.487,58.9,3.7,65.574
6/12/19 9:00,65.487,58.9,3.7,65.53
6/12/19 9:00,65.487,58.9,3.7,65.53
6/12/19 9:00,65.444,58.9,3.7,65.487
6/12/19 9:00,65.444,58.9,3.7,65.444
6/12/19 9:00,65.444,58.9,3.7,65.444
6/12/19 9:00,65.444,58.9,3.7,65.403
6/12/19 9:00,65.444,58.8,3.7,65.359
6/12/19 9:00,65.444,58.9,3.7,65.316
6/12/19 9:00,65.403,58.9,3.7,65.316
6/12/19 9:00,65.403,58.8,3.7,65.273
6/12/19 9:00,65.403,58.8,3.7,65.273
6/12/19 9:00,65.403,58.8,3.7,65.273
6/12/19 9:00,65.403,58.8,3.7,65.23
6/12/19 9:00,65.403,58.8,3.7,65.23
6/12/19 9:00,65.359,58.8,3.7,65.188
6/12/19 9:00,65.359,58.8,3.7,65.188
6/12/19 9:00,65.359,58.8,3.7,65.188
6/12/19 9:00,65.359,58.8,3.7,65.145
6/12/19 9:00,65.359,58.8,3.7,65.102
6/12/19 9:00,65.359,58.8,3.7,65.102
6/12/19 9:00,65.316,58.8,3.7,65.102
6/12/19 9:00,65.316,58.8,3.7,65.059
6/12/19 9:00,65.316,58.8,3.7,65.059
6/12/19 9:00,65.316,58.8,3.7,65.017
6/12/19 9:00,65.273,58.8,3.7,65.017
6/12/19 9:00,65.273,58.8,3.7,65.017
6/12/19 9:00,65.273,58.8,3.7,64.974
6/12/19 9:00,65.273,58.8,3.7,64.974
6/12/19 9:00,65.273,58.8,3.7,64.931
6/12/19 9:00,65.273,58.8,3.7,64.931
6/12/19 9:00,65.23,58.8,3.7,64.888
6/12/19 9:00,65.23,58.8,3.7,64.888
6/12/19 9:00,65.23,58.8,3.7,64.888
6/12/19 9:00,65.23,58.8,3.7,64.888
6/12/19 9:00,65.23,58.8,3.7,64.845
6/12/19 9:00,65.188,58.8,3.7,64.845
6/12/19 9:00,65.188,58.8,3.7,64.803
6/12/19 9:00,65.188,58.8,3.7,64.803
6/12/19 9:00,65.188,58.8,3.7,64.803
6/12/19 9:00,65.188,58.8,3.7,64.803
6/12/19 9:00,65.145,58.8,3.7,64.803
6/12/19 9:00,65.145,58.8,3.7,64.76
6/12/19 9:00,65.145,58.8,3.7,64.76
6/12/19 9:00,65.145,58.8,3.7,64.76
6/12/19 9:00,65.145,58.8,3.7,64.76
6/12/19 9:00,65.145,58.8,3.7,64.76
6/12/19 9:00,65.102,58.8,3.7,64.76
6/12/19 9:00,65.102,58.8,3.7,64.76
6/12/19 9:00,65.102,58.8,3.7,64.76
6/12/19 9:00,65.102,58.8,3.7,64.76
6/12/19 9:00,65.102,58.8,3.7,64.717
6/12/19 9:00,65.102,58.8,3.7,64.717
6/12/19 9:01,65.102,58.8,3.7,64.717
6/12/19 9:01,65.102,58.8,3.7,64.717
6/12/19 9:01,65.059,58.8,3.7,64.717
6/12/19 9:01,65.059,58.8,3.7,64.717
6/12/19 9:01,65.059,58.7,3.7,64.674
6/12/19 9:01,65.059,58.8,3.7,64.674
6/12/19 9:01,65.059,58.8,3.7,64.674
6/12/19 9:01,65.017,58.8,3.7,64.674
6/12/19 9:01,65.059,58.8,3.7,64.674
6/12/19 9:01,65.017,58.8,3.7,64.632
6/12/19 9:01,65.017,58.8,3.7,64.632
6/12/19 9:01,65.017,58.8,3.7,64.632
6/12/19 9:01,65.017,58.8,3.7,64.632
6/12/19 9:01,65.017,58.8,3.7,64.632
6/12/19 9:01,65.017,58.8,3.7,64.589
6/12/19 9:01,64.974,58.8,3.7,64.589
6/12/19 9:01,64.974,58.8,3.7,64.589
6/12/19 9:01,64.974,58.7,3.7,64.546
6/12/19 9:01,64.974,58.8,3.7,64.546
6/12/19 9:01,64.974,58.8,3.7,64.503
6/12/19 9:01,64.974,58.8,3.7,64.503
6/12/19 9:01,64.974,58.8,3.7,64.503
6/12/19 9:01,64.931,58.7,3.7,64.503
6/12/19 9:01,64.931,58.7,3.7,64.459
6/12/19 9:01,64.931,58.7,3.7,64.459
6/12/19 9:01,64.931,58.7,3.7,64.418
6/12/19 9:01,64.931,58.7,3.7,64.418
6/12/19 9:01,64.931,58.7,3.7,64.418
6/12/19 9:01,64.931,58.7,3.7,64.418
6/12/19 9:01,64.888,58.7,3.7,64.375
6/12/19 9:01,64.888,58.7,3.7,64.375
6/12/19 9:01,64.888,58.7,3.7,64.375
6/12/19 9:01,64.888,58.7,3.7,64.375
6/12/19 9:01,64.888,58.7,3.7,64.332
6/12/19 9:01,64.888,58.7,1.2,64.332
6/12/19 9:01,64.888,58.7,1.2,64.332
6/12/19 9:01,64.888,58.7,1.2,64.288
6/12/19 9:01,64.845,58.7,1.2,64.288
6/12/19 9:01,64.845,58.7,3.7,64.288
6/12/19 9:01,64.845,58.7,1.2,64.247
6/12/19 9:01,64.845,58.8,1.2,64.247
6/12/19 9:01,64.845,58.7,1.2,64.247
6/12/19 9:01,64.845,58.7,1.2,64.247
6/12/19 9:01,64.845,58.8,1.2,64.247
6/12/19 9:01,64.803,58.8,1.2,64.204
6/12/19 9:01,64.803,58.8,1.2,64.204
6/12/19 9:01,64.803,58.8,1.2,64.204
6/12/19 9:01,64.803,58.8,1.2,64.204
6/12/19 9:01,64.803,58.8,1.2,64.204
6/12/19 9:01,64.803,58.8,1.2,64.204
6/12/19 9:01,64.803,58.8,1.2,64.161
6/12/19 9:01,64.803,58.8,1.2,64.161
6/12/19 9:01,64.76,58.8,1.2,64.161
6/12/19 9:01,64.76,58.7,1.2,64.161
6/12/19 9:01,64.76,58.7,1.2,64.161
6/12/19 9:01,64.76,58.7,1.2,64.161
6/12/19 9:01,64.76,58.7,1.2,64.117
6/12/19 9:01,64.76,58.7,1.2,64.117
6/12/19 9:01,64.76,58.7,1.2,64.117
6/12/19 9:01,64.76,58.7,1.2,64.117
6/12/19 9:02,64.76,58.7,1.2,64.074
6/12/19 9:02,64.76,58.7,1.2,64.074
6/12/19 9:02,64.717,58.7,1.2,64.074
6/12/19 9:02,64.717,58.7,1.2,64.074
6/12/19 9:02,64.717,58.7,1.2,64.033
6/12/19 9:02,64.717,58.7,1.2,64.074
6/12/19 9:02,64.717,58.7,1.2,64.033
6/12/19 9:02,64.717,58.7,1.2,64.033
6/12/19 9:02,64.717,58.6,1.2,64.033
6/12/19 9:02,64.717,58.7,1.2,64.033
6/12/19 9:02,64.674,58.6,1.2,64.033
6/12/19 9:02,64.674,58.6,1.2,64.033
6/12/19 9:02,64.674,58.6,1.2,63.99
6/12/19 9:02,64.674,58.6,1.2,63.99
6/12/19 9:02,64.674,58.6,1.2,63.99
6/12/19 9:02,64.674,58.6,1.2,63.99
6/12/19 9:02,64.674,58.6,1.2,63.99
6/12/19 9:02,64.674,58.6,1.2,63.99
6/12/19 9:02,64.632,58.6,1.2,63.946
6/12/19 9:02,64.632,58.6,1.2,63.946
6/12/19 9:02,64.632,58.6,1.2,63.946
6/12/19 9:02,64.632,58.6,1.2,63.946
6/12/19 9:02,64.632,58.6,1.2,63.946
6/12/19 9:02,64.632,58.6,1.2,63.946
6/12/19 9:02,64.632,58.6,1.2,63.903
6/12/19 9:02,64.632,58.6,1.2,63.903
6/12/19 9:02,64.632,58.6,1.2,63.903
6/12/19 9:02,64.589,58.6,1.2,63.903
6/12/19 9:02,64.632,58.6,1.2,63.903
6/12/19 9:02,64.589,58.6,1.2,63.903
6/12/19 9:02,64.589,58.6,1.2,63.903
6/12/19 9:02,64.589,58.6,1.2,63.903
6/12/19 9:02,64.589,58.6,1.2,63.903
6/12/19 9:02,64.589,58.6,1.2,63.903
6/12/19 9:02,64.589,58.6,1.2,63.903
6/12/19 9:02,64.589,58.6,1.2,63.903
6/12/19 9:02,64.589,58.6,1.2,63.903
6/12/19 9:02,64.589,58.6,1.2,63.903
6/12/19 9:02,64.546,58.6,1.2,63.903
6/12/19 9:02,64.546,58.6,1.2,63.862
6/12/19 9:02,64.546,58.6,1.2,63.862
6/12/19 9:02,64.546,58.6,1.2,63.862
6/12/19 9:02,64.546,58.6,1.2,63.862
6/12/19 9:02,64.546,58.5,1.2,63.862
6/12/19 9:02,64.546,58.5,1.2,63.862
6/12/19 9:02,64.546,58.6,1.2,63.862
6/12/19 9:02,64.546,58.5,1.2,63.862
6/12/19 9:02,64.546,58.5,1.2,63.862
6/12/19 9:02,64.546,58.5,1.2,63.862
6/12/19 9:02,64.546,58.5,1.2,63.862
6/12/19 9:02,64.546,58.5,1.2,63.862
6/12/19 9:02,64.503,58.5,1.2,63.862
6/12/19 9:02,64.503,58.5,1.2,63.819
6/12/19 9:02,64.503,58.5,1.2,63.819
6/12/19 9:02,64.503,58.5,1.2,63.819
6/12/19 9:02,64.503,58.5,1.2,63.819
6/12/19 9:02,64.503,58.5,1.2,63.819
6/12/19 9:02,64.503,58.5,1.2,63.819
6/12/19 9:02,64.503,58.5,1.2,63.775
6/12/19 9:02,64.503,58.5,1.2,63.775
6/12/19 9:03,64.503,58.5,1.2,63.775
6/12/19 9:03,64.459,58.5,1.2,63.775
6/12/19 9:03,64.459,58.5,1.2,63.775
6/12/19 9:03,64.459,58.5,1.2,63.775
6/12/19 9:03,64.459,58.5,1.2,63.775
6/12/19 9:03,64.459,58.5,1.2,63.775
6/12/19 9:03,64.459,58.5,1.2,63.775
6/12/19 9:03,64.459,58.5,1.2,63.732
6/12/19 9:03,64.459,58.5,1.2,63.775
6/12/19 9:03,64.459,58.5,1.2,63.775
6/12/19 9:03,64.459,58.5,1.2,63.732
6/12/19 9:03,64.418,58.5,1.2,63.732
6/12/19 9:03,64.459,58.5,1.2,63.732
6/12/19 9:03,64.418,58.5,1.2,63.732
6/12/19 9:03,64.418,58.4,1.2,63.732
6/12/19 9:03,64.418,58.4,1.2,63.732
6/12/19 9:03,64.418,58.4,1.2,63.732
6/12/19 9:03,64.418,58.4,1.2,63.732
6/12/19 9:03,64.418,58.4,1.2,63.732
6/12/19 9:03,64.418,58.4,1.2,63.732
6/12/19 9:03,64.418,58.4,1.2,63.732
6/12/19 9:03,64.418,58.4,1.2,63.732
6/12/19 9:03,64.375,58.4,1.2,63.732
6/12/19 9:03,64.375,58.4,1.2,63.732
6/12/19 9:03,64.375,58.4,1.2,63.732
6/12/19 9:03,64.375,58.4,1.2,63.689
6/12/19 9:03,64.375,58.4,1.2,63.689
6/12/19 9:03,64.375,58.4,1.2,63.689
6/12/19 9:03,64.375,58.4,1.2,63.689
6/12/19 9:03,64.375,58.4,1.2,63.689
6/12/19 9:03,64.375,58.4,1.2,63.689
6/12/19 9:03,64.375,58.4,1.2,63.689
6/12/19 9:03,64.375,58.3,1.2,63.689
6/12/19 9:03,64.375,58.4,1.2,63.689
6/12/19 9:03,64.375,58.3,1.2,63.689
6/12/19 9:03,64.375,58.3,1.2,63.689
6/12/19 9:03,64.375,58.3,1.2,63.689
6/12/19 9:03,64.332,58.3,1.2,63.648
6/12/19 9:03,64.332,58.3,1.2,63.648
6/12/19 9:03,64.332,58.3,1.2,63.648
6/12/19 9:03,64.332,58.3,1.2,63.648
6/12/19 9:03,64.332,58.3,1.2,63.648
6/12/19 9:03,64.332,58.3,1.2,63.648
6/12/19 9:03,64.332,58.3,1.2,63.604
6/12/19 9:03,64.332,58.2,1.2,63.604
6/12/19 9:03,64.332,58.2,1.2,63.604
6/12/19 9:03,64.332,58.2,1.2,63.604
6/12/19 9:03,64.332,58.2,1.2,63.604
6/12/19 9:03,64.332,58.2,1.2,63.604
6/12/19 9:03,64.288,58.2,1.2,63.604
6/12/19 9:03,64.288,58.2,1.2,63.604
6/12/19 9:03,64.288,58.2,1.2,63.604
6/12/19 9:03,64.288,58.2,1.2,63.561
6/12/19 9:03,64.288,58.2,1.2,63.561
6/12/19 9:03,64.288,58.2,1.2,63.561
6/12/19 9:03,64.288,58.2,1.2,63.561
6/12/19 9:03,64.288,58.2,1.2,63.561
6/12/19 9:03,64.288,58.2,1.2,63.561
6/12/19 9:03,64.288,58.2,1.2,63.561
6/12/19 9:03,64.288,58.2,1.2,63.518
6/12/19 9:04,64.247,58.1,1.2,63.518
6/12/19 9:04,64.247,58.1,1.2,63.518
6/12/19 9:04,64.247,58.1,1.2,63.518
6/12/19 9:04,64.247,58.1,1.2,63.518
6/12/19 9:04,64.247,58.1,1.2,63.518
6/12/19 9:04,64.247,58.1,1.2,63.518
6/12/19 9:04,64.247,58.2,1.2,63.518
6/12/19 9:04,64.247,58.2,1.2,63.518
6/12/19 9:04,64.247,58.2,1.2,63.518
6/12/19 9:04,64.247,58.2,1.2,63.518
6/12/19 9:04,64.204,58.2,1.2,63.475
6/12/19 9:04,64.204,58.2,1.2,63.475
6/12/19 9:04,64.204,58.2,1.2,63.475
6/12/19 9:04,64.204,58.2,1.2,63.518
6/12/19 9:04,64.204,58.2,1.2,63.475
6/12/19 9:04,64.204,58.1,1.2,63.475
6/12/19 9:04,64.204,58.2,1.2,63.475
6/12/19 9:04,64.204,58.1,1.2,63.475
6/12/19 9:04,64.204,58.1,1.2,63.475
6/12/19 9:04,64.204,58.1,1.2,63.475
6/12/19 9:04,64.204,58.1,1.2,63.475
6/12/19 9:04,64.204,58.1,1.2,63.475
6/12/19 9:04,64.161,58.1,1.2,63.433
6/12/19 9:04,64.161,58.1,1.2,63.433
6/12/19 9:04,64.204,58.1,1.2,63.433
6/12/19 9:04,64.161,58.1,1.2,63.433
6/12/19 9:04,64.161,58.1,1.2,63.433
6/12/19 9:04,64.161,58.1,1.2,63.433
6/12/19 9:04,64.161,58,1.2,63.433
6/12/19 9:04,64.161,58,1.2,63.433
6/12/19 9:04,64.161,58,1.2,63.433
6/12/19 9:04,64.161,58,1.2,63.433
6/12/19 9:04,64.161,58,1.2,63.433
6/12/19 9:04,64.161,58,1.2,63.433
6/12/19 9:04,64.161,58,1.2,63.433
6/12/19 9:04,64.161,58,1.2,63.39
6/12/19 9:04,64.161,58,1.2,63.39
6/12/19 9:04,64.117,58,1.2,63.39
6/12/19 9:04,64.117,58,1.2,63.39
6/12/19 9:04,64.117,58,1.2,63.39
6/12/19 9:04,64.161,58,1.2,63.39
6/12/19 9:04,64.117,58,1.2,63.39
6/12/19 9:04,64.117,57.9,1.2,63.39
6/12/19 9:04,64.117,57.9,1.2,63.347
6/12/19 9:04,64.117,57.9,1.2,63.347
6/12/19 9:04,64.117,57.9,1.2,63.347
6/12/19 9:04,64.117,57.9,1.2,63.347
6/12/19 9:04,64.117,57.9,1.2,63.347
6/12/19 9:04,64.117,57.9,1.2,63.347
6/12/19 9:04,64.074,57.9,1.2,63.347
6/12/19 9:04,64.117,57.9,1.2,63.347
6/12/19 9:04,64.117,57.9,1.2,63.347
6/12/19 9:04,64.074,57.9,1.2,63.347
6/12/19 9:04,64.074,57.9,1.2,63.304
6/12/19 9:04,64.074,57.9,1.2,63.347
6/12/19 9:04,64.074,57.9,1.2,63.304
6/12/19 9:04,64.074,57.8,1.2,63.304
6/12/19 9:04,64.074,57.9,1.2,63.304
6/12/19 9:04,64.074,57.8,1.2,63.304
6/12/19 9:04,64.074,57.8,1.2,63.304
6/12/19 9:05,64.074,57.8,1.2,63.304
6/12/19 9:05,64.074,57.8,1.2,63.304
6/12/19 9:05,64.074,57.8,1.2,63.304
6/12/19 9:05,64.033,57.8,1.2,63.304
6/12/19 9:05,64.033,57.8,1.2,63.304
6/12/19 9:05,64.033,57.8,1.2,63.304
6/12/19 9:05,64.033,57.8,1.2,63.304
6/12/19 9:05,64.033,57.8,1.2,63.262
6/12/19 9:05,64.033,57.8,1.2,63.262
6/12/19 9:05,64.033,57.8,1.2,63.262
6/12/19 9:05,64.033,57.8,1.2,63.262
6/12/19 9:05,64.033,57.8,1.2,63.262
6/12/19 9:05,64.033,57.8,1.2,63.262
6/12/19 9:05,64.033,57.8,1.2,63.262
6/12/19 9:05,64.033,57.7,1.2,63.262
6/12/19 9:05,64.033,57.7,1.2,63.262
6/12/19 9:05,64.033,57.7,1.2,63.262
6/12/19 9:05,64.033,57.7,1.2,63.262
6/12/19 9:05,63.99,57.7,1.2,63.262
6/12/19 9:05,64.033,57.7,1.2,63.262
6/12/19 9:05,63.99,57.7,1.2,63.262
6/12/19 9:05,63.99,57.7,1.2,63.262
6/12/19 9:05,63.99,57.7,1.2,63.262
6/12/19 9:05,63.99,57.7,1.2,63.219
6/12/19 9:05,63.99,57.7,1.2,63.219
6/12/19 9:05,63.99,57.7,1.2,63.219
6/12/19 9:05,63.99,57.7,1.2,63.219
6/12/19 9:05,63.99,57.6,1.2,63.219
6/12/19 9:05,63.99,57.6,1.2,63.219
6/12/19 9:05,63.946,57.6,1.2,63.176
6/12/19 9:05,63.99,57.6,1.2,63.176
6/12/19 9:05,63.946,57.6,1.2,63.176
6/12/19 9:05,63.946,57.6,1.2,63.176
6/12/19 9:05,63.99,57.6,1.2,63.176
6/12/19 9:05,63.946,57.6,1.2,63.176
6/12/19 9:05,63.946,57.6,1.2,63.176
6/12/19 9:05,63.946,57.6,1.2,63.176
6/12/19 9:05,63.946,57.7,1.2,63.176
6/12/19 9:05,63.946,57.7,1.2,63.176
6/12/19 9:05,63.946,57.6,1.2,63.176
6/12/19 9:05,63.946,57.7,1.2,63.133
6/12/19 9:05,63.946,57.7,1.2,63.133
6/12/19 9:05,63.946,57.7,1.2,63.133
6/12/19 9:05,63.946,57.6,1.2,63.133
6/12/19 9:05,63.946,57.7,1.2,63.133
6/12/19 9:05,63.946,57.6,1.2,63.133
6/12/19 9:05,63.903,57.6,1.2,63.133
6/12/19 9:05,63.903,57.6,1.2,63.133
6/12/19 9:05,63.903,57.6,1.2,63.133
6/12/19 9:05,63.903,57.6,1.2,63.133
6/12/19 9:05,63.903,57.6,1.2,63.133
6/12/19 9:05,63.903,57.6,1.2,63.09
6/12/19 9:05,63.903,57.6,1.2,63.09
6/12/19 9:05,63.903,57.6,1.2,63.133
6/12/19 9:05,63.903,57.6,1.2,63.09
6/12/19 9:05,63.903,57.6,1.2,63.09
6/12/19 9:05,63.862,57.6,1.2,63.09
6/12/19 9:05,63.862,57.6,1.2,63.09
6/12/19 9:05,63.862,57.6,1.2,63.09
6/12/19 9:05,63.862,57.6,1.2,63.09
6/12/19 9:06,63.862,57.6,1.2,63.09
6/12/19 9:06,63.862,57.6,1.2,63.048
6/12/19 9:06,63.862,57.6,1.2,63.048
6/12/19 9:06,63.862,57.6,1.2,63.048
6/12/19 9:06,63.862,57.5,1.2,63.048
6/12/19 9:06,63.862,57.6,1.2,63.048
6/12/19 9:06,63.862,57.5,1.2,63.048
6/12/19 9:06,63.862,57.5,1.2,63.048
6/12/19 9:06,63.819,57.5,1.2,63.048
6/12/19 9:06,63.819,57.5,1.2,63.048
6/12/19 9:06,63.819,57.5,1.2,63.048
6/12/19 9:06,63.819,57.5,1.2,63.048
6/12/19 9:06,63.819,57.5,1.2,63.048
6/12/19 9:06,63.819,57.5,1.2,63.048
6/12/19 9:06,63.819,57.5,1.2,63.048
6/12/19 9:06,63.819,57.5,1.2,63.048
6/12/19 9:06,63.819,57.5,1.2,63.048
6/12/19 9:06,63.819,57.5,1.2,63.048
6/12/19 9:06,63.819,57.5,1.2,63.048
6/12/19 9:06,63.819,57.5,1.2,63.005
6/12/19 9:06,63.819,57.5,1.2,63.048
6/12/19 9:06,63.775,57.5,1.2,63.005
6/12/19 9:06,63.819,57.4,1.2,63.005
6/12/19 9:06,63.775,57.4,1.2,63.048
6/12/19 9:06,63.775,57.4,1.2,63.048
6/12/19 9:06,63.775,57.4,1.2,63.005
6/12/19 9:06,63.775,57.4,1.2,63.005
6/12/19 9:06,63.775,57.4,1.2,63.005
6/12/19 9:06,63.775,57.4,1.2,63.005
6/12/19 9:06,63.775,57.4,1.2,63.005
6/12/19 9:06,63.775,57.4,1.2,63.005
6/12/19 9:06,63.775,57.4,1.2,63.005
6/12/19 9:06,63.775,57.4,1.2,63.005
6/12/19 9:06,63.775,57.3,1.2,63.005
6/12/19 9:06,63.775,57.3,1.2,63.005
6/12/19 9:06,63.775,57.3,1.2,63.005
6/12/19 9:06,63.775,57.3,1.2,63.005
6/12/19 9:06,63.732,57.3,1.2,63.005
6/12/19 9:06,63.732,57.3,1.2,63.005
6/12/19 9:06,63.732,57.3,1.2,63.005
6/12/19 9:06,63.732,57.3,1.2,63.005
6/12/19 9:06,63.732,57.3,1.2,63.005
6/12/19 9:06,63.732,57.3,1.2,62.962
6/12/19 9:06,63.732,57.3,1.2,63.005
6/12/19 9:06,63.732,57.3,1.2,62.962
6/12/19 9:06,63.732,57.3,1.2,62.962
6/12/19 9:06,63.732,57.3,1.2,62.962
6/12/19 9:06,63.732,57.3,1.2,62.962
6/12/19 9:06,63.732,57.3,1.2,62.962
6/12/19 9:06,63.732,57.3,1.2,62.962
6/12/19 9:06,63.732,57.2,1.2,62.962
6/12/19 9:06,63.732,57.3,1.2,62.962
6/12/19 9:06,63.732,57.2,1.2,62.962
6/12/19 9:06,63.689,57.2,1.2,62.962
6/12/19 9:06,63.732,57.2,1.2,62.962
6/12/19 9:06,63.732,57.2,1.2,62.962
6/12/19 9:06,63.689,57.2,1.2,62.962
6/12/19 9:06,63.689,57.2,1.2,62.962
6/12/19 9:06,63.689,57.2,1.2,62.962
6/12/19 9:06,63.689,57.2,1.2,62.962
6/12/19 9:07,63.689,57.2,1.2,62.962
6/12/19 9:07,63.689,57.2,1.2,62.962
6/12/19 9:07,63.689,57.2,1.2,62.962
6/12/19 9:07,63.689,57.2,1.2,62.962
6/12/19 9:07,63.689,57.2,1.2,62.962
6/12/19 9:07,63.689,57.2,1.2,62.919
6/12/19 9:07,63.689,57.2,1.2,62.962
6/12/19 9:07,63.689,57.1,1.2,62.919
6/12/19 9:07,63.689,57.2,1.2,62.919
6/12/19 9:07,63.689,57.1,1.2,62.919
6/12/19 9:07,63.689,57.1,1.2,62.919
6/12/19 9:07,63.689,57.1,1.2,62.919
6/12/19 9:07,63.689,57.1,1.2,62.919
6/12/19 9:07,63.648,57.1,1.2,62.919
6/12/19 9:07,63.648,57.1,1.2,62.919
6/12/19 9:07,63.648,57.1,1.2,62.919
6/12/19 9:07,63.648,57.1,1.2,62.919
6/12/19 9:07,63.648,57.1,1.2,62.919
6/12/19 9:07,63.648,57.1,1.2,62.919
6/12/19 9:07,63.648,57.1,1.2,62.919
6/12/19 9:07,63.648,57.1,1.2,62.919
6/12/19 9:07,63.648,57.1,1.2,62.919
6/12/19 9:07,63.648,57.1,1.2,62.919
6/12/19 9:07,63.648,57.1,1.2,62.919
6/12/19 9:07,63.648,57.1,1.2,62.919
6/12/19 9:07,63.648,57.1,1.2,62.919
6/12/19 9:07,63.648,57.1,1.2,62.875
6/12/19 9:07,63.648,57.1,1.2,62.919
6/12/19 9:07,63.648,57.1,1.2,62.875
6/12/19 9:07,63.604,57.1,1.2,62.875
6/12/19 9:07,63.604,57.1,1.2,62.875
6/12/19 9:07,63.604,57.1,1.2,62.875
6/12/19 9:07,63.604,57.1,1.2,62.875
6/12/19 9:07,63.604,57.1,1.2,62.875
6/12/19 9:07,63.604,57.1,1.2,62.875
6/12/19 9:07,63.604,57.1,1.2,62.875
6/12/19 9:07,63.604,57,1.2,62.875
6/12/19 9:07,63.604,57,1.2,62.875
6/12/19 9:07,63.604,57,1.2,62.875
6/12/19 9:07,63.604,57,1.2,62.875
6/12/19 9:07,63.604,57,1.2,62.875
6/12/19 9:07,63.604,57,1.2,62.875
6/12/19 9:07,63.604,57,1.2,62.875
6/12/19 9:07,63.604,57,1.2,62.875
6/12/19 9:07,63.561,57,1.2,62.875
6/12/19 9:07,63.561,57,1.2,62.875
6/12/19 9:07,63.561,57,1.2,62.875
6/12/19 9:07,63.561,57,1.2,62.834
6/12/19 9:07,63.561,57,1.2,62.834
6/12/19 9:07,63.561,57,1.2,62.834
6/12/19 9:07,63.561,57,1.2,62.834
6/12/19 9:07,63.561,57,1.2,62.834
6/12/19 9:07,63.561,57,1.2,62.834
6/12/19 9:07,63.561,57,1.2,62.834
6/12/19 9:07,63.561,57,1.2,62.834
6/12/19 9:07,63.561,56.9,1.2,62.834
6/12/19 9:07,63.561,57,1.2,62.834
6/12/19 9:07,63.561,56.9,1.2,62.834
6/12/19 9:07,63.561,56.9,1.2,62.834
6/12/19 9:07,63.561,56.9,1.2,62.834
6/12/19 9:08,63.561,56.9,1.2,62.834
6/12/19 9:08,63.518,56.9,1.2,62.834
6/12/19 9:08,63.518,56.9,1.2,62.834
6/12/19 9:08,63.518,56.9,1.2,62.834
6/12/19 9:08,63.518,56.9,1.2,62.834
6/12/19 9:08,63.518,56.9,1.2,62.791
6/12/19 9:08,63.518,56.9,1.2,62.791
6/12/19 9:08,63.518,56.9,1.2,62.791
6/12/19 9:08,63.518,56.9,1.2,62.791
6/12/19 9:08,63.518,56.9,1.2,62.791
6/12/19 9:08,63.518,56.9,1.2,62.791
6/12/19 9:08,63.518,56.9,1.2,62.791
6/12/19 9:08,63.518,56.9,1.2,62.791
6/12/19 9:08,63.518,56.9,1.2,62.791
6/12/19 9:08,63.518,56.8,1.2,62.791
6/12/19 9:08,63.518,56.9,1.2,62.791
6/12/19 9:08,63.518,56.8,1.2,62.791
6/12/19 9:08,63.518,56.9,1.2,62.791
6/12/19 9:08,63.518,56.9,1.2,62.791
6/12/19 9:08,63.475,56.9,1.2,62.791
6/12/19 9:08,63.475,56.9,1.2,62.791
6/12/19 9:08,63.475,56.8,1.2,62.791
6/12/19 9:08,63.475,56.7,1.2,62.791
6/12/19 9:08,63.475,56.8,1.2,62.791
6/12/19 9:08,63.475,56.8,1.2,62.791
6/12/19 9:08,63.475,56.9,1.2,62.748
6/12/19 9:08,63.475,56.7,1.2,62.748
6/12/19 9:08,63.475,56.7,1.2,62.748
6/12/19 9:08,63.475,56.8,1.2,62.748
6/12/19 9:08,63.475,56.7,1.2,62.748
6/12/19 9:08,63.475,56.7,1.2,62.748
6/12/19 9:08,63.475,56.7,1.2,62.748
6/12/19 9:08,63.475,56.7,1.2,62.748
6/12/19 9:08,63.475,56.7,1.2,62.748
6/12/19 9:08,63.433,56.7,1.2,62.748
6/12/19 9:08,63.475,56.7,1.2,62.748
6/12/19 9:08,63.475,56.7,1.2,62.748
6/12/19 9:08,63.433,56.7,1.2,62.704
6/12/19 9:08,63.433,56.7,1.2,62.748
6/12/19 9:08,63.433,56.7,1.2,62.748
6/12/19 9:08,63.433,56.7,1.2,62.748
6/12/19 9:08,63.433,56.6,1.2,62.704
6/12/19 9:08,63.433,56.7,1.2,62.704
6/12/19 9:08,63.433,56.7,1.2,62.704
6/12/19 9:08,63.433,56.7,1.2,62.704
6/12/19 9:08,63.433,56.7,1.2,62.704
6/12/19 9:08,63.433,56.7,1.2,62.704
6/12/19 9:08,63.433,56.7,1.2,62.704
6/12/19 9:08,63.433,56.7,1.2,62.704
6/12/19 9:08,63.433,56.7,1.2,62.704
6/12/19 9:08,63.433,56.7,1.2,62.704
6/12/19 9:08,63.433,56.6,1.2,62.704
6/12/19 9:08,63.39,56.7,1.2,62.661
6/12/19 9:08,63.39,56.7,1.2,62.661
6/12/19 9:08,63.39,56.7,1.2,62.661
6/12/19 9:08,63.39,56.7,1.2,62.661
6/12/19 9:08,63.39,56.7,1.2,62.661
6/12/19 9:08,63.39,56.7,1.2,62.661
6/12/19 9:08,63.39,56.7,1.2,62.661
6/12/19 9:08,63.39,56.6,1.2,62.661
6/12/19 9:09,63.39,56.6,1.2,62.661
6/12/19 9:09,63.39,56.6,1.2,62.661
6/12/19 9:09,63.39,56.6,1.2,62.661
6/12/19 9:09,63.39,56.6,1.2,62.661
6/12/19 9:09,63.39,56.6,1.2,62.661
6/12/19 9:09,63.347,56.7,1.2,62.661
6/12/19 9:09,63.39,56.6,1.2,62.661
6/12/19 9:09,63.39,56.6,1.2,62.661
6/12/19 9:09,63.39,56.7,1.2,62.661
6/12/19 9:09,63.39,56.6,1.2,62.661
6/12/19 9:09,63.39,56.6,1.2,62.661
6/12/19 9:09,63.347,56.6,1.2,62.62
6/12/19 9:09,63.347,56.7,1.2,62.62
6/12/19 9:09,63.347,56.6,1.2,62.62
6/12/19 9:09,63.347,56.7,1.2,62.62
6/12/19 9:09,63.347,56.6,1.2,62.62
6/12/19 9:09,63.347,56.6,1.2,62.62
6/12/19 9:09,63.347,56.6,1.2,62.62
6/12/19 9:09,63.347,56.6,1.2,62.62
6/12/19 9:09,63.347,56.7,1.2,62.62
6/12/19 9:09,63.347,56.7,1.2,62.62
6/12/19 9:09,63.347,56.7,1.2,62.62
6/12/19 9:09,63.347,56.7,1.2,62.62
6/12/19 9:09,63.347,56.7,1.2,62.62
6/12/19 9:09,63.347,56.7,1.2,62.62
6/12/19 9:09,63.347,56.7,1.2,62.62
6/12/19 9:09,63.347,56.6,1.2,62.62
6/12/19 9:09,63.347,56.7,1.2,62.62
6/12/19 9:09,63.347,56.7,1.2,62.62
6/12/19 9:09,63.304,56.7,1.2,62.62
6/12/19 9:09,63.304,56.7,1.2,62.62
6/12/19 9:09,63.347,56.7,1.2,62.62
6/12/19 9:09,63.304,56.7,1.2,62.62
6/12/19 9:09,63.304,56.7,1.2,62.62
6/12/19 9:09,63.304,56.7,1.2,62.577
6/12/19 9:09,63.304,56.7,1.2,62.62
6/12/19 9:09,63.304,56.7,1.2,62.62
6/12/19 9:09,63.304,56.7,1.2,62.577
6/12/19 9:09,63.304,56.7,1.2,62.62
6/12/19 9:09,63.304,56.7,1.2,62.62
6/12/19 9:09,63.304,56.7,1.2,62.577
6/12/19 9:09,63.304,56.7,1.2,62.577
6/12/19 9:09,63.304,56.7,1.2,62.577
6/12/19 9:09,63.304,56.7,1.2,62.577
6/12/19 9:09,63.304,56.7,1.2,62.577
6/12/19 9:09,63.304,56.7,1.2,62.577
6/12/19 9:09,63.262,56.7,1.2,62.577
6/12/19 9:09,63.262,56.7,1.2,62.577
6/12/19 9:09,63.262,56.7,1.2,62.577
6/12/19 9:09,63.262,56.7,1.2,62.577
6/12/19 9:09,63.262,56.7,1.2,62.577
6/12/19 9:09,63.262,56.7,1.2,62.577
6/12/19 9:09,63.262,56.7,1.2,62.577
6/12/19 9:09,63.262,56.7,1.2,62.577
6/12/19 9:09,63.262,56.7,1.2,62.577
6/12/19 9:09,63.262,56.7,1.2,62.577
6/12/19 9:09,63.262,56.7,1.2,62.577
6/12/19 9:09,63.262,56.7,1.2,62.577
6/12/19 9:09,63.262,56.7,1.2,62.577
6/12/19 9:09,63.262,56.7,1.2,62.577
6/12/19 9:10,63.262,56.7,1.2,62.533
6/12/19 9:10,63.262,56.7,1.2,62.577
6/12/19 9:10,63.219,56.7,1.2,62.577
6/12/19 9:10,63.262,56.7,1.2,62.577
6/12/19 9:10,63.219,56.7,1.2,62.533
6/12/19 9:10,63.219,56.7,1.2,62.533
6/12/19 9:10,63.219,56.7,1.2,62.577
6/12/19 9:10,63.219,56.7,1.2,62.533
6/12/19 9:10,63.219,56.7,1.2,62.577
6/12/19 9:10,63.219,56.7,1.2,62.577
6/12/19 9:10,63.219,56.7,1.2,62.577
6/12/19 9:10,63.219,56.7,1.2,62.577
6/12/19 9:10,63.219,56.7,1.2,62.577
6/12/19 9:10,63.219,56.7,1.2,62.577
6/12/19 9:10,63.219,56.7,1.2,62.577
6/12/19 9:10,63.219,56.7,1.2,62.577
6/12/19 9:10,63.219,56.7,1.2,62.577
6/12/19 9:10,63.219,56.7,1.2,62.577
6/12/19 9:10,63.219,56.7,1.2,62.577
6/12/19 9:10,63.176,56.7,1.2,62.577
6/12/19 9:10,63.176,56.7,1.2,62.577
6/12/19 9:10,63.176,56.7,1.2,62.577
6/12/19 9:10,63.176,56.7,1.2,62.577
6/12/19 9:10,63.176,56.7,1.2,62.577
6/12/19 9:10,63.176,56.7,1.2,62.533
6/12/19 9:10,63.176,56.7,1.2,62.533
6/12/19 9:10,63.176,56.7,1.2,62.577
6/12/19 9:10,63.176,56.7,1.2,62.577
6/12/19 9:10,63.176,56.7,1.2,62.577
6/12/19 9:10,63.176,56.7,1.2,62.577
6/12/19 9:10,63.176,56.7,1.2,62.577
6/12/19 9:10,63.176,56.7,1.2,62.577
6/12/19 9:10,63.176,56.7,1.2,62.577
6/12/19 9:10,63.176,56.7,1.2,62.577
6/12/19 9:10,63.176,56.7,1.2,62.577
6/12/19 9:10,63.176,56.7,1.2,62.577
6/12/19 9:10,63.176,56.7,1.2,62.533
6/12/19 9:10,63.176,56.7,1.2,62.577
6/12/19 9:10,63.176,56.7,1.2,62.533
6/12/19 9:10,63.133,56.7,1.2,62.533
6/12/19 9:10,63.133,56.7,1.2,62.577
6/12/19 9:10,63.133,56.7,1.2,62.533
6/12/19 9:10,63.133,56.7,1.2,62.533
6/12/19 9:10,63.133,56.7,1.2,62.533
6/12/19 9:10,63.133,56.7,1.2,62.533
6/12/19 9:10,63.133,56.7,1.2,62.533
6/12/19 9:10,63.133,56.7,1.2,62.533
6/12/19 9:10,63.133,56.7,1.2,62.533
6/12/19 9:10,63.133,56.7,1.2,62.533
6/12/19 9:10,63.133,56.7,1.2,62.533
6/12/19 9:10,63.133,56.7,1.2,62.533
6/12/19 9:10,63.133,56.7,1.2,62.533
6/12/19 9:10,63.133,56.7,1.2,62.49
6/12/19 9:10,63.133,56.7,1.2,62.49
6/12/19 9:10,63.133,56.6,1.2,62.49
6/12/19 9:10,63.133,56.6,1.2,62.49
6/12/19 9:10,63.133,56.7,1.2,62.49
6/12/19 9:10,63.133,56.7,1.2,62.49
6/12/19 9:10,63.09,56.6,1.2,62.49
6/12/19 9:10,63.09,56.7,1.2,62.49
6/12/19 9:11,63.09,56.7,1.2,62.49
6/12/19 9:11,63.09,56.6,1.2,62.49
6/12/19 9:11,63.09,56.6,1.2,62.49
6/12/19 9:11,63.09,56.7,1.2,62.49
6/12/19 9:11,63.09,56.6,1.2,62.49
6/12/19 9:11,63.09,56.6,1.2,62.49
6/12/19 9:11,63.09,56.7,1.2,62.49
6/12/19 9:11,63.09,56.6,1.2,62.49
6/12/19 9:11,63.09,56.7,1.2,62.49
6/12/19 9:11,63.09,56.6,1.2,62.49
6/12/19 9:11,63.09,56.6,1.2,62.49
6/12/19 9:11,63.09,56.6,1.2,62.49
6/12/19 9:11,63.09,56.6,1.2,62.447
6/12/19 9:11,63.048,56.7,1.2,62.49
6/12/19 9:11,63.09,56.7,1.2,62.49
6/12/19 9:11,63.048,56.7,1.2,62.447
6/12/19 9:11,63.048,56.7,1.2,62.49
6/12/19 9:11,63.09,56.7,1.2,62.49
6/12/19 9:11,63.048,56.7,1.2,62.49
6/12/19 9:11,63.048,56.7,1.2,62.49
6/12/19 9:11,63.048,56.7,1.2,62.49
6/12/19 9:11,63.048,56.7,1.2,62.49
6/12/19 9:11,63.048,56.7,1.2,62.49
6/12/19 9:11,63.048,56.7,1.2,62.49
6/12/19 9:11,63.048,56.7,1.2,62.49
6/12/19 9:11,63.048,56.7,1.2,62.49
6/12/19 9:11,63.048,56.7,1.2,62.49
6/12/19 9:11,63.048,56.7,1.2,62.49
6/12/19 9:11,63.048,56.7,1.2,62.49
6/12/19 9:11,63.048,56.7,1.2,62.49
6/12/19 9:11,63.048,56.7,1.2,62.49
6/12/19 9:11,63.048,56.7,1.2,62.49
6/12/19 9:11,63.048,56.8,1.2,62.49
6/12/19 9:11,63.048,56.8,1.2,62.49
6/12/19 9:11,63.048,56.8,1.2,62.49
6/12/19 9:11,63.048,56.8,1.2,62.49
6/12/19 9:11,63.048,56.8,1.2,62.49
6/12/19 9:11,63.048,56.8,1.2,62.49
6/12/19 9:11,63.005,56.8,1.2,62.49
6/12/19 9:11,63.048,56.8,1.2,62.49
6/12/19 9:11,63.005,56.8,1.2,62.49
6/12/19 9:11,63.005,56.8,1.2,62.49
6/12/19 9:11,63.005,56.8,1.2,62.49
6/12/19 9:11,63.005,56.8,1.2,62.49
6/12/19 9:11,63.005,56.8,1.2,62.49
6/12/19 9:11,63.005,56.8,1.2,62.49
6/12/19 9:11,63.005,56.8,1.2,62.49
6/12/19 9:11,63.005,56.8,1.2,62.49
6/12/19 9:11,63.005,56.8,1.2,62.49
6/12/19 9:11,63.005,56.9,1.2,62.49
6/12/19 9:11,63.005,56.8,1.2,62.49
6/12/19 9:11,63.005,56.8,1.2,62.49
6/12/19 9:11,63.005,56.9,1.2,62.49
6/12/19 9:11,63.005,56.9,1.2,62.49
6/12/19 9:11,63.005,56.9,1.2,62.49
6/12/19 9:11,63.005,56.9,1.2,62.49
6/12/19 9:11,63.005,56.9,1.2,62.49
6/12/19 9:11,63.005,56.9,1.2,62.49
6/12/19 9:11,63.005,56.9,1.2,62.49
6/12/19 9:11,63.005,56.9,1.2,62.49
6/12/19 9:12,63.005,56.9,1.2,62.49
6/12/19 9:12,63.005,56.9,1.2,62.49
6/12/19 9:12,63.005,56.9,1.2,62.49
6/12/19 9:12,62.962,56.9,1.2,62.447
6/12/19 9:12,63.005,56.9,1.2,62.447
6/12/19 9:12,62.962,56.9,1.2,62.447
6/12/19 9:12,63.005,57,1.2,62.447
6/12/19 9:12,62.962,57,1.2,62.447
6/12/19 9:12,62.962,57,1.2,62.447
6/12/19 9:12,62.962,57,1.2,62.447
6/12/19 9:12,62.962,57,1.2,62.447
6/12/19 9:12,62.962,57,1.2,62.447
6/12/19 9:12,62.962,57,1.2,62.447
6/12/19 9:12,62.962,57,1.2,62.447
6/12/19 9:12,62.962,57,1.2,62.49
6/12/19 9:12,62.962,57,1.2,62.447
6/12/19 9:12,62.962,57,1.2,62.447
6/12/19 9:12,62.962,57,1.2,62.447
6/12/19 9:12,62.962,57,1.2,62.447
6/12/19 9:12,62.962,57,1.2,62.447
6/12/19 9:12,62.919,57,1.2,62.447
6/12/19 9:12,62.919,57,1.2,62.447
6/12/19 9:12,62.962,57,1.2,62.447
6/12/19 9:12,62.962,57,1.2,62.406
6/12/19 9:12,62.919,57,1.2,62.447
6/12/19 9:12,62.919,57,1.2,62.406
6/12/19 9:12,62.919,57,1.2,62.447
6/12/19 9:12,62.919,57,1.2,62.406
6/12/19 9:12,62.919,57,1.2,62.447
6/12/19 9:12,62.919,57,1.2,62.406
6/12/19 9:12,62.919,57,1.2,62.406
6/12/19 9:12,62.919,57,1.2,62.406
6/12/19 9:12,62.919,57,1.2,62.406
6/12/19 9:12,62.919,57,1.2,62.406
6/12/19 9:12,62.919,57.1,1.2,62.406
6/12/19 9:12,62.919,57.1,1.2,62.406
6/12/19 9:12,62.919,57.1,1.2,62.406
6/12/19 9:12,62.919,57.1,1.2,62.406
6/12/19 9:12,62.919,57.1,1.2,62.406
6/12/19 9:12,62.919,57.1,1.2,62.406
6/12/19 9:12,62.919,57.1,1.2,62.406
6/12/19 9:12,62.875,57.1,1.2,62.406
6/12/19 9:12,62.875,57.1,1.2,62.406
6/12/19 9:12,62.875,57.1,1.2,62.406
6/12/19 9:12,62.875,57.1,1.2,62.406
6/12/19 9:12,62.875,57.1,1.2,62.406
6/12/19 9:12,62.875,57.1,1.2,62.406
6/12/19 9:12,62.875,57.1,1.2,62.406
6/12/19 9:12,62.875,57.2,1.2,62.406
6/12/19 9:12,62.875,57.1,1.2,62.406
6/12/19 9:12,62.875,57.2,1.2,62.406
6/12/19 9:12,62.875,57.2,1.2,62.406
6/12/19 9:12,62.875,57.2,1.2,62.406
6/12/19 9:12,62.875,57.2,1.2,62.447
6/12/19 9:12,62.875,57.2,1.2,62.447
6/12/19 9:12,62.875,57.2,1.2,62.447
6/12/19 9:12,62.875,57.2,1.2,62.447
6/12/19 9:12,62.875,57.2,1.2,62.447
6/12/19 9:12,62.875,57.2,1.2,62.447
6/12/19 9:12,62.875,57.2,1.2,62.447
6/12/19 9:13,62.875,57.2,1.2,62.447
6/12/19 9:13,62.875,57.2,1.2,62.447
6/12/19 9:13,62.875,57.2,1.2,62.447
6/12/19 9:13,62.834,57.3,1.2,62.447
6/12/19 9:13,62.875,57.3,1.2,62.49
6/12/19 9:13,62.834,57.3,1.2,62.49
6/12/19 9:13,62.834,57.3,1.2,62.49
6/12/19 9:13,62.834,57.3,1.2,62.49
6/12/19 9:13,62.834,57.3,1.2,62.49
6/12/19 9:13,62.834,57.3,1.2,62.49
6/12/19 9:13,62.834,57.3,1.2,62.49
6/12/19 9:13,62.834,57.3,1.2,62.533
6/12/19 9:13,62.834,57.4,1.2,62.533
6/12/19 9:13,62.834,57.4,1.2,62.533
6/12/19 9:13,62.834,57.4,1.2,62.533
6/12/19 9:13,62.834,57.4,1.2,62.533
6/12/19 9:13,62.834,57.4,1.2,62.533
6/12/19 9:13,62.834,57.4,1.2,62.533
6/12/19 9:13,62.834,57.4,1.2,62.533
6/12/19 9:13,62.834,57.4,1.2,62.533
6/12/19 9:13,62.834,57.4,1.2,62.533
6/12/19 9:13,62.834,57.4,1.2,62.533
6/12/19 9:13,62.834,57.5,1.2,62.533
6/12/19 9:13,62.834,57.4,1.2,62.533
6/12/19 9:13,62.834,57.5,1.2,62.533
6/12/19 9:13,62.834,57.5,1.2,62.533
6/12/19 9:13,62.834,57.5,1.2,62.533
6/12/19 9:13,62.834,57.5,1.2,62.533
6/12/19 9:13,62.834,57.5,1.2,62.533
6/12/19 9:13,62.834,57.5,1.2,62.533
6/12/19 9:13,62.834,57.5,1.2,62.533
6/12/19 9:13,62.834,57.5,1.2,62.577
6/12/19 9:13,62.834,57.5,1.2,62.577
6/12/19 9:13,62.834,57.6,1.2,62.577
6/12/19 9:13,62.834,57.6,1.2,62.577
6/12/19 9:13,62.834,57.6,1.2,62.577
6/12/19 9:13,62.834,57.6,1.2,62.577
6/12/19 9:13,62.834,57.5,1.2,62.577
6/12/19 9:13,62.834,57.5,1.2,62.577
6/12/19 9:13,62.834,57.5,1.2,62.62
6/12/19 9:13,62.834,57.5,1.2,62.62
6/12/19 9:13,62.834,57.5,1.2,62.62
6/12/19 9:13,62.834,57.6,1.2,62.62
6/12/19 9:13,62.834,57.6,1.2,62.62
6/12/19 9:13,62.834,57.6,1.2,62.62
6/12/19 9:13,62.834,57.7,1.2,62.62
6/12/19 9:13,62.834,57.7,1.2,62.62
6/12/19 9:13,62.834,57.7,1.2,62.62
6/12/19 9:13,62.834,57.7,1.2,62.62
6/12/19 9:13,62.834,57.7,1.2,62.62
6/12/19 9:13,62.834,57.7,1.2,62.62
6/12/19 9:13,62.834,57.7,1.2,62.661
6/12/19 9:13,62.834,57.7,1.2,62.661
6/12/19 9:13,62.834,57.8,1.2,62.661
6/12/19 9:13,62.834,57.8,1.2,62.661
6/12/19 9:13,62.834,57.8,1.2,62.661
6/12/19 9:13,62.834,57.8,1.2,62.661
6/12/19 9:13,62.834,57.8,1.2,62.661
6/12/19 9:13,62.834,57.8,1.2,62.661
6/12/19 9:13,62.834,57.9,1.2,62.661
6/12/19 9:14,62.834,57.9,1.2,62.661
6/12/19 9:14,62.834,57.9,1.2,62.661
6/12/19 9:14,62.834,57.9,1.2,62.661
6/12/19 9:14,62.834,57.9,1.2,62.704
6/12/19 9:14,62.834,57.9,1.2,62.704
6/12/19 9:14,62.834,57.9,1.2,62.704
6/12/19 9:14,62.834,57.9,1.2,62.704
6/12/19 9:14,62.834,58,1.2,62.704
6/12/19 9:14,62.834,58,1.2,62.748
6/12/19 9:14,62.834,58,1.2,62.748
6/12/19 9:14,62.834,58,1.2,62.748
6/12/19 9:14,62.834,58,1.2,62.748
6/12/19 9:14,62.834,58.1,1.2,62.748
6/12/19 9:14,62.834,58.1,1.2,62.748
6/12/19 9:14,62.834,58.1,1.2,62.791
6/12/19 9:14,62.834,58.1,1.2,62.791
6/12/19 9:14,62.834,58,1.2,62.791
6/12/19 9:14,62.834,58,1.2,62.791
6/12/19 9:14,62.834,58,1.2,62.791
6/12/19 9:14,62.834,58.1,1.2,62.791
6/12/19 9:14,62.834,58.1,1.2,62.791
6/12/19 9:14,62.834,58.1,1.2,62.791
6/12/19 9:14,62.834,58.1,1.2,62.834
6/12/19 9:14,62.834,58.1,1.2,62.834
6/12/19 9:14,62.834,58.2,1.2,62.834
6/12/19 9:14,62.834,58.2,1.2,62.834
6/12/19 9:14,62.834,58.2,1.2,62.834
6/12/19 9:14,62.834,58.2,1.2,62.834
6/12/19 9:14,62.834,58.2,1.2,62.834
6/12/19 9:14,62.834,58.3,1.2,62.834
6/12/19 9:14,62.834,58.3,1.2,62.834
6/12/19 9:14,62.875,58.3,1.2,62.834
6/12/19 9:14,62.875,58.3,1.2,62.834
6/12/19 9:14,62.875,58.3,1.2,62.834
6/12/19 9:14,62.875,58.3,1.2,62.834
6/12/19 9:14,62.875,58.3,1.2,62.834
6/12/19 9:14,62.834,58.4,1.2,62.834
6/12/19 9:14,62.875,58.4,1.2,62.834
6/12/19 9:14,62.834,58.4,1.2,62.834
6/12/19 9:14,62.875,58.4,1.2,62.834
6/12/19 9:14,62.834,58.4,1.2,62.834
6/12/19 9:14,62.875,58.4,1.2,62.834
6/12/19 9:14,62.875,58.4,1.2,62.834
6/12/19 9:14,62.834,58.5,1.2,62.834
6/12/19 9:14,62.834,58.5,1.2,62.834
6/12/19 9:14,62.834,58.5,1.2,62.834
6/12/19 9:14,62.834,58.5,1.2,62.834
6/12/19 9:14,62.834,58.5,1.2,62.834
6/12/19 9:14,62.875,58.5,1.2,62.834
6/12/19 9:14,62.834,58.5,1.2,62.834
6/12/19 9:14,62.875,58.6,1.2,62.834
6/12/19 9:14,62.875,58.6,1.2,62.834
6/12/19 9:14,62.875,58.6,1.2,62.834
6/12/19 9:14,62.875,58.6,1.2,62.834
6/12/19 9:14,62.875,58.7,1.2,62.834
6/12/19 9:14,62.875,58.7,1.2,62.834
6/12/19 9:14,62.875,58.6,1.2,62.834
6/12/19 9:14,62.834,58.6,1.2,62.834
6/12/19 9:14,62.875,58.6,1.2,62.834
6/12/19 9:14,62.875,58.6,1.2,62.834
6/12/19 9:15,62.875,58.6,1.2,62.834
6/12/19 9:15,62.834,58.5,1.2,62.834
6/12/19 9:15,62.875,58.7,1.2,62.875
6/12/19 9:15,62.834,58.6,1.2,62.875
6/12/19 9:15,62.875,58.6,1.2,62.875
6/12/19 9:15,62.834,58.7,1.2,62.875
6/12/19 9:15,62.875,58.7,1.2,62.875
6/12/19 9:15,62.875,58.7,1.2,62.875
6/12/19 9:15,62.834,58.7,1.2,62.875
6/12/19 9:15,62.834,58.7,1.2,62.875
6/12/19 9:15,62.875,58.8,1.2,62.875
6/12/19 9:15,62.875,58.7,1.2,62.875
6/12/19 9:15,62.834,58.7,1.2,62.875
6/12/19 9:15,62.834,58.8,1.2,62.875
6/12/19 9:15,62.834,58.8,1.2,62.919
6/12/19 9:15,62.875,58.7,1.2,62.919
6/12/19 9:15,62.875,58.9,1.2,62.919
6/12/19 9:15,62.834,58.9,1.2,62.919
6/12/19 9:15,62.834,58.9,1.2,62.919
6/12/19 9:15,62.875,58.8,1.2,62.919
6/12/19 9:15,62.875,58.8,1.2,62.919
6/12/19 9:15,62.834,58.9,1.2,62.919
6/12/19 9:15,62.875,58.9,1.2,62.919
6/12/19 9:15,62.875,58.9,1.2,62.919
6/12/19 9:15,62.834,59,1.2,62.919
6/12/19 9:15,62.834,58.9,1.2,62.962
6/12/19 9:15,62.834,58.9,1.2,62.962
6/12/19 9:15,62.875,58.9,1.2,62.962
6/12/19 9:15,62.875,58.9,1.2,62.962
6/12/19 9:15,62.875,58.9,1.2,62.962
6/12/19 9:15,62.834,58.9,1.2,62.962
6/12/19 9:15,62.834,59,1.2,62.962
6/12/19 9:15,62.875,59.1,1.2,62.962
6/12/19 9:15,62.834,59,1.2,63.005
6/12/19 9:15,62.834,59,1.2,63.005
6/12/19 9:15,62.834,59,1.2,63.005
6/12/19 9:15,62.875,59,1.2,63.005
6/12/19 9:15,62.875,59,1.2,63.005
6/12/19 9:15,62.875,59.1,1.2,63.005
6/12/19 9:15,62.834,59.1,1.2,63.005
6/12/19 9:15,62.875,59,1.2,63.005
6/12/19 9:15,62.875,59.2,1.2,63.048
6/12/19 9:15,62.875,59.2,1.2,63.048
6/12/19 9:15,62.875,59,1.2,63.048
6/12/19 9:15,62.875,59.1,1.2,63.048
6/12/19 9:15,62.875,59,1.2,63.048
6/12/19 9:15,62.875,59,1.2,63.048
6/12/19 9:15,62.875,59.1,1.2,63.048
6/12/19 9:15,62.875,59.1,1.2,63.048
6/12/19 9:15,62.875,59.2,1.2,63.048
6/12/19 9:15,62.875,59.1,1.2,63.048
6/12/19 9:15,62.875,59.1,1.2,63.09
6/12/19 9:15,62.875,59.2,1.2,63.09
6/12/19 9:15,62.875,59.1,1.2,63.09
6/12/19 9:15,62.875,59.1,1.2,63.09
6/12/19 9:15,62.875,59.2,1.2,63.09
6/12/19 9:15,62.875,59.1,1.2,63.09
6/12/19 9:15,62.875,59.2,1.2,63.09
6/12/19 9:15,62.875,59.2,1.2,63.09
6/12/19 9:15,62.875,59.2,1.2,63.09
6/12/19 9:16,62.875,59.2,1.2,63.09
6/12/19 9:16,62.875,59.2,1.2,63.09
6/12/19 9:16,62.875,59.2,1.2,63.09
6/12/19 9:16,62.875,59.2,1.2,63.09
6/12/19 9:16,62.875,59.3,1.2,63.09
6/12/19 9:16,62.875,59.3,1.2,63.09
6/12/19 9:16,62.875,59.3,1.2,63.133
6/12/19 9:16,62.875,59.3,1.2,63.09
6/12/19 9:16,62.875,59.3,1.2,63.133
6/12/19 9:16,62.875,59.3,1.2,63.133
6/12/19 9:16,62.875,59.3,1.2,63.133
6/12/19 9:16,62.875,59.3,1.2,63.133
6/12/19 9:16,62.875,59.3,1.2,63.133
6/12/19 9:16,62.875,59.3,1.2,63.133
6/12/19 9:16,62.875,59.4,1.2,63.133
6/12/19 9:16,62.875,59.4,1.2,63.133
6/12/19 9:16,62.875,59.4,1.2,63.133
6/12/19 9:16,62.875,59.4,1.2,63.133
6/12/19 9:16,62.919,59.4,1.2,63.133
6/12/19 9:16,62.919,59.4,1.2,63.133
6/12/19 9:16,62.919,59.4,1.2,63.133
6/12/19 9:16,62.919,59.4,1.2,63.133
6/12/19 9:16,62.919,59.5,1.2,63.176
6/12/19 9:16,62.919,59.5,1.2,63.176
6/12/19 9:16,62.919,59.5,1.2,63.176
6/12/19 9:16,62.919,59.5,1.2,63.176
6/12/19 9:16,62.875,59.5,1.2,63.176
6/12/19 9:16,62.919,59.5,1.2,63.176
6/12/19 9:16,62.919,59.5,1.2,63.176
6/12/19 9:16,62.919,59.5,1.2,63.176
6/12/19 9:16,62.919,59.5,1.2,63.176
6/12/19 9:16,62.919,59.5,1.2,63.176
6/12/19 9:16,62.919,59.5,1.2,63.176
6/12/19 9:16,62.919,59.5,1.2,63.176
6/12/19 9:16,62.919,59.6,1.2,63.176
6/12/19 9:16,62.919,59.6,1.2,63.176
6/12/19 9:16,62.919,59.6,1.2,63.176
6/12/19 9:16,62.919,59.6,1.2,63.176
6/12/19 9:16,62.919,59.6,1.2,63.176
6/12/19 9:16,62.919,59.6,1.2,63.176
6/12/19 9:16,62.919,59.6,1.2,63.219
6/12/19 9:16,62.919,59.6,1.2,63.219
6/12/19 9:16,62.919,59.6,1.2,63.219
6/12/19 9:16,62.919,59.6,1.2,63.219
6/12/19 9:16,62.919,59.6,1.2,63.219
6/12/19 9:16,62.919,59.5,1.2,63.262
6/12/19 9:16,62.919,59.5,1.2,63.262
6/12/19 9:16,62.919,59.5,1.2,63.262
6/12/19 9:16,62.919,59.5,1.2,63.262
6/12/19 9:16,62.919,59.5,1.2,63.262
6/12/19 9:16,62.919,59.5,1.2,63.262
6/12/19 9:16,62.919,59.5,1.2,63.304
6/12/19 9:16,62.919,59.6,1.2,63.262
6/12/19 9:16,62.919,59.6,1.2,63.304
6/12/19 9:16,62.919,59.6,1.2,63.304
6/12/19 9:16,62.919,59.6,1.2,63.304
6/12/19 9:16,62.919,59.6,1.2,63.304
6/12/19 9:16,62.919,59.6,1.2,63.304
6/12/19 9:16,62.919,59.6,1.2,63.304
6/12/19 9:16,62.919,59.6,1.2,63.347
6/12/19 9:17,62.919,59.6,1.2,63.304
6/12/19 9:17,62.919,59.6,1.2,63.304
6/12/19 9:17,62.962,59.6,1.2,63.347
6/12/19 9:17,62.919,59.6,1.2,63.347
6/12/19 9:17,62.919,59.6,1.2,63.347
6/12/19 9:17,62.919,59.6,1.2,63.347
6/12/19 9:17,62.919,59.6,1.2,63.347
6/12/19 9:17,62.919,59.7,1.2,63.347
6/12/19 9:17,62.919,59.7,1.2,63.347
6/12/19 9:17,62.962,59.7,1.2,63.347
6/12/19 9:17,62.962,59.6,1.2,63.347
6/12/19 9:17,62.962,59.7,1.2,63.39
6/12/19 9:17,62.962,59.7,1.2,63.39
6/12/19 9:17,62.962,59.7,1.2,63.39
6/12/19 9:17,62.962,59.7,1.2,63.39
6/12/19 9:17,62.962,59.7,1.2,63.39
6/12/19 9:17,62.962,59.7,1.2,63.39
6/12/19 9:17,62.962,59.7,1.2,63.39
6/12/19 9:17,62.962,59.7,1.2,63.39
6/12/19 9:17,62.962,59.7,1.2,63.39
6/12/19 9:17,62.962,59.7,1.2,63.39
6/12/19 9:17,62.962,59.7,1.2,63.39
6/12/19 9:17,62.962,59.7,1.2,63.39
6/12/19 9:17,62.962,59.7,1.2,63.39
6/12/19 9:17,62.962,59.8,1.2,63.39
6/12/19 9:17,62.962,59.8,1.2,63.39
6/12/19 9:17,62.962,59.8,1.2,63.39
6/12/19 9:17,62.962,59.8,1.2,63.39
6/12/19 9:17,62.962,59.8,1.2,63.39
6/12/19 9:17,62.962,59.8,1.2,63.39
6/12/19 9:17,62.962,59.8,1.2,63.347
6/12/19 9:17,62.962,59.8,1.2,63.39
6/12/19 9:17,62.962,59.8,1.2,63.347
6/12/19 9:17,62.962,59.8,1.2,63.347
6/12/19 9:17,62.962,59.8,1.2,63.347
6/12/19 9:17,62.962,59.8,1.2,63.347
6/12/19 9:17,62.962,59.8,1.2,63.347
6/12/19 9:17,62.962,59.8,1.2,63.347
6/12/19 9:17,62.962,59.8,1.2,63.347
6/12/19 9:17,62.962,59.8,1.2,63.347
6/12/19 9:17,62.962,59.8,1.2,63.347
6/12/19 9:17,62.962,59.8,1.2,63.347
6/12/19 9:17,62.962,59.8,1.2,63.347
6/12/19 9:17,62.962,59.8,1.2,63.347
6/12/19 9:17,62.962,59.8,1.2,63.347
6/12/19 9:17,62.962,59.8,1.2,63.347
6/12/19 9:17,62.962,59.8,1.2,63.347
6/12/19 9:17,62.962,59.8,1.2,63.347
6/12/19 9:17,62.962,59.8,1.2,63.347
6/12/19 9:17,62.962,59.8,1.2,63.347
6/12/19 9:17,62.962,59.8,1.2,63.347
6/12/19 9:17,62.962,59.8,1.2,63.347
6/12/19 9:17,62.962,59.8,1.2,63.347
6/12/19 9:17,62.962,59.8,1.2,63.347
6/12/19 9:17,62.962,59.8,1.2,63.347
6/12/19 9:17,62.962,59.8,1.2,63.304
6/12/19 9:17,62.962,59.8,1.2,63.304
6/12/19 9:17,62.962,59.8,1.2,63.304
6/12/19 9:17,62.962,59.8,1.2,63.304
6/12/19 9:17,62.962,59.8,1.2,63.304
6/12/19 9:18,62.962,59.8,1.2,63.304
6/12/19 9:18,62.962,59.8,1.2,63.304
6/12/19 9:18,62.962,59.8,1.2,63.304
6/12/19 9:18,62.962,59.8,1.2,63.304
6/12/19 9:18,62.962,59.8,1.2,63.304
6/12/19 9:18,62.962,59.8,1.2,63.304
6/12/19 9:18,62.962,59.8,1.2,63.304
6/12/19 9:18,62.962,59.8,1.2,63.304
6/12/19 9:18,62.962,59.8,1.2,63.304
6/12/19 9:18,62.962,59.8,1.2,63.304
6/12/19 9:18,62.962,59.8,1.2,63.304
6/12/19 9:18,62.962,59.8,1.2,63.304
6/12/19 9:18,62.962,59.8,1.2,63.304
6/12/19 9:18,62.962,59.8,1.2,63.304
6/12/19 9:18,62.962,59.9,1.2,63.304
6/12/19 9:18,62.962,59.8,1.2,63.304
6/12/19 9:18,62.962,59.8,1.2,63.304
6/12/19 9:18,62.962,59.8,1.2,63.304
6/12/19 9:18,62.962,59.8,1.2,63.262
6/12/19 9:18,62.962,59.8,1.2,63.262
6/12/19 9:18,62.962,59.9,1.2,63.262
6/12/19 9:18,62.962,59.9,1.2,63.262
6/12/19 9:18,62.962,59.8,1.2,63.262
6/12/19 9:18,62.962,59.9,1.2,63.262
6/12/19 9:18,62.962,59.9,1.2,63.262
6/12/19 9:18,62.962,59.8,1.2,63.262
6/12/19 9:18,62.962,59.8,1.2,63.262
6/12/19 9:18,62.962,59.8,1.2,63.262
6/12/19 9:18,62.962,59.8,1.2,63.262
6/12/19 9:18,62.962,59.9,1.2,63.262
6/12/19 9:18,62.962,59.9,1.2,63.262
6/12/19 9:18,62.962,59.9,1.2,63.262
6/12/19 9:18,62.962,59.8,1.2,63.262
6/12/19 9:18,62.962,59.9,1.2,63.262
6/12/19 9:18,62.962,59.9,1.2,63.262
6/12/19 9:18,62.962,59.9,1.2,63.262
6/12/19 9:18,62.962,59.9,1.2,63.262
6/12/19 9:18,62.962,59.9,1.2,63.262
6/12/19 9:18,62.962,59.9,1.2,63.262
6/12/19 9:18,62.962,59.9,1.2,63.262
6/12/19 9:18,62.962,59.9,1.2,63.262
6/12/19 9:18,62.962,59.9,1.2,63.262
6/12/19 9:18,62.962,59.9,1.2,63.262
6/12/19 9:18,62.962,59.9,1.2,63.262
6/12/19 9:18,62.962,59.9,1.2,63.262
6/12/19 9:18,62.962,59.9,1.2,63.219
6/12/19 9:18,62.962,59.9,1.2,63.219
6/12/19 9:18,62.962,59.9,1.2,63.262
6/12/19 9:18,62.962,59.9,1.2,63.262
6/12/19 9:18,62.962,59.8,1.2,63.219
6/12/19 9:18,62.962,59.9,1.2,63.262
6/12/19 9:18,62.962,59.9,1.2,63.219
6/12/19 9:18,62.962,59.9,1.2,63.219
6/12/19 9:18,62.962,59.9,1.2,63.219
6/12/19 9:18,62.962,59.9,1.2,63.219
6/12/19 9:18,62.962,59.8,1.2,63.219
6/12/19 9:18,62.962,59.9,1.2,63.219
6/12/19 9:18,62.962,59.9,1.2,63.219
6/12/19 9:18,63.005,59.9,1.2,63.219
6/12/19 9:18,62.962,59.9,1.2,63.219
6/12/19 9:19,62.962,59.9,1.2,63.219
6/12/19 9:19,62.962,59.8,1.2,63.219
6/12/19 9:19,62.962,59.9,1.2,63.219
6/12/19 9:19,62.962,59.9,1.2,63.176
6/12/19 9:19,62.962,59.8,1.2,63.176
6/12/19 9:19,62.962,59.9,1.2,63.176
6/12/19 9:19,62.962,59.9,1.2,63.176
6/12/19 9:19,62.962,59.8,1.2,63.176
6/12/19 9:19,62.962,59.8,1.2,63.176
6/12/19 9:19,62.962,59.9,1.2,63.176
6/12/19 9:19,62.962,59.8,1.2,63.176
6/12/19 9:19,62.962,59.8,1.2,63.176
6/12/19 9:19,62.962,59.8,1.2,63.176
6/12/19 9:19,62.962,59.8,1.2,63.176
6/12/19 9:19,62.962,59.8,1.2,63.176
6/12/19 9:19,62.962,59.8,1.2,63.176
6/12/19 9:19,62.962,59.8,1.2,63.176
6/12/19 9:19,62.962,59.8,1.2,63.176
6/12/19 9:19,62.962,59.8,1.2,63.176
6/12/19 9:19,62.962,59.8,1.2,63.176
6/12/19 9:19,62.962,59.8,1.2,63.176
6/12/19 9:19,62.962,59.8,1.2,63.176
6/12/19 9:19,62.962,59.8,1.2,63.176
6/12/19 9:19,62.962,59.8,1.2,63.133
6/12/19 9:19,62.962,59.8,1.2,63.176
6/12/19 9:19,62.962,59.8,1.2,63.176
6/12/19 9:19,62.962,59.8,1.2,63.176
6/12/19 9:19,62.962,59.8,1.2,63.176
6/12/19 9:19,62.962,59.8,1.2,63.133
6/12/19 9:19,62.962,59.8,1.2,63.176
6/12/19 9:19,62.962,59.8,1.2,63.133
6/12/19 9:19,62.962,59.8,1.2,63.133
6/12/19 9:19,62.962,59.8,1.2,63.133
6/12/19 9:19,62.962,59.8,1.2,63.133
6/12/19 9:19,62.962,59.8,1.2,63.133
6/12/19 9:19,62.962,59.8,1.2,63.133
6/12/19 9:19,62.962,59.8,1.2,63.133
6/12/19 9:19,62.962,59.8,1.2,63.133
6/12/19 9:19,62.962,59.8,1.2,63.133
6/12/19 9:19,62.962,59.8,1.2,63.133
6/12/19 9:19,62.962,59.8,1.2,63.133
6/12/19 9:19,62.962,59.8,1.2,63.133
6/12/19 9:19,62.962,59.8,1.2,63.133
6/12/19 9:19,62.962,59.8,1.2,63.133
6/12/19 9:19,62.962,59.8,1.2,63.133
6/12/19 9:19,62.962,59.8,1.2,63.133
6/12/19 9:19,62.962,59.8,1.2,63.133
6/12/19 9:19,62.962,59.8,1.2,63.133
6/12/19 9:19,62.962,59.8,1.2,63.133
6/12/19 9:19,62.962,59.8,1.2,63.133
6/12/19 9:19,62.962,59.8,1.2,63.133
6/12/19 9:19,62.962,59.8,1.2,63.133
6/12/19 9:19,62.962,59.8,1.2,63.133
6/12/19 9:19,62.962,59.8,1.2,63.133
6/12/19 9:19,62.962,59.8,1.2,63.133
6/12/19 9:19,62.962,59.8,1.2,63.133
6/12/19 9:19,62.962,59.8,1.2,63.133
6/12/19 9:19,62.962,59.8,1.2,63.133
6/12/19 9:19,62.962,59.8,1.2,63.133
6/12/19 9:19,62.962,59.8,1.2,63.133
6/12/19 9:20,62.962,59.8,1.2,63.133
6/12/19 9:20,62.962,59.8,1.2,63.133
6/12/19 9:20,62.962,59.8,1.2,63.133
6/12/19 9:20,62.962,59.7,1.2,63.133
6/12/19 9:20,62.962,59.7,1.2,63.133
6/12/19 9:20,62.962,59.7,1.2,63.133
6/12/19 9:20,62.962,59.7,1.2,63.133
6/12/19 9:20,62.962,59.7,1.2,63.133
6/12/19 9:20,62.962,59.8,1.2,63.133
6/12/19 9:20,62.962,59.8,1.2,63.133
6/12/19 9:20,62.962,59.7,1.2,63.133
6/12/19 9:20,62.962,59.7,1.2,63.133
6/12/19 9:20,62.962,59.7,1.2,63.133
6/12/19 9:20,62.962,59.7,1.2,63.133
6/12/19 9:20,62.962,59.7,1.2,63.133
6/12/19 9:20,62.962,59.7,1.2,63.133
6/12/19 9:20,62.962,59.7,1.2,63.133
6/12/19 9:20,62.962,59.7,1.2,63.133
6/12/19 9:20,62.962,59.7,1.2,63.133
6/12/19 9:20,62.962,59.7,1.2,63.133
6/12/19 9:20,62.962,59.7,1.2,63.133
6/12/19 9:20,62.962,59.7,1.2,63.133
6/12/19 9:20,62.962,59.7,1.2,63.133
6/12/19 9:20,62.962,59.7,1.2,63.133
6/12/19 9:20,62.962,59.7,1.2,63.133
6/12/19 9:20,62.962,59.7,1.2,63.133
6/12/19 9:20,62.962,59.7,1.2,63.133
6/12/19 9:20,62.962,59.7,1.2,63.133
6/12/19 9:20,62.962,59.7,1.2,63.133
6/12/19 9:20,62.962,59.7,1.2,63.133
6/12/19 9:20,62.962,59.6,1.2,63.133
6/12/19 9:20,62.962,59.6,1.2,63.133
6/12/19 9:20,62.962,59.6,1.2,63.133
6/12/19 9:20,62.962,59.7,1.2,63.09
6/12/19 9:20,62.962,59.6,1.2,63.133
6/12/19 9:20,62.962,59.6,1.2,63.09
6/12/19 9:20,62.962,59.6,1.2,63.09
6/12/19 9:20,62.962,59.6,1.2,63.09
6/12/19 9:20,62.962,59.6,1.2,63.09
6/12/19 9:20,62.962,59.6,1.2,63.09
6/12/19 9:20,62.962,59.6,1.2,63.09
6/12/19 9:20,62.962,59.6,1.2,63.09
6/12/19 9:20,62.962,59.6,1.2,63.09
6/12/19 9:20,62.962,59.6,1.2,63.09
6/12/19 9:20,62.962,59.6,1.2,63.09
6/12/19 9:20,62.962,59.6,1.2,63.09
6/12/19 9:20,62.962,59.6,1.2,63.09
6/12/19 9:20,62.962,59.6,1.2,63.09
6/12/19 9:20,62.962,59.6,1.2,63.09
6/12/19 9:20,62.962,59.6,1.2,63.09
6/12/19 9:20,62.962,59.6,1.2,63.09
6/12/19 9:20,62.962,59.6,1.2,63.09
6/12/19 9:20,62.962,59.6,1.2,63.09
6/12/19 9:20,62.962,59.6,1.2,63.09
6/12/19 9:20,62.962,59.6,1.2,63.09
6/12/19 9:20,62.962,59.6,1.2,63.09
6/12/19 9:20,62.962,59.6,1.2,63.09
6/12/19 9:20,62.962,59.6,1.2,63.09
6/12/19 9:20,62.962,59.6,1.2,63.09
6/12/19 9:20,62.962,59.6,1.2,63.09
6/12/19 9:21,62.962,59.6,1.2,63.09
6/12/19 9:21,62.962,59.6,1.2,63.09
6/12/19 9:21,62.962,59.6,1.2,63.09
6/12/19 9:21,62.962,59.6,1.2,63.09
6/12/19 9:21,62.962,59.5,1.2,63.09
6/12/19 9:21,62.962,59.6,1.2,63.09
6/12/19 9:21,62.962,59.5,1.2,63.09
6/12/19 9:21,62.962,59.5,1.2,63.09
6/12/19 9:21,62.962,59.5,1.2,63.09
6/12/19 9:21,62.962,59.5,1.2,63.09
6/12/19 9:21,62.919,59.5,1.2,63.09
6/12/19 9:21,62.962,59.5,1.2,63.09
6/12/19 9:21,62.962,59.5,1.2,63.09
6/12/19 9:21,62.962,59.5,1.2,63.09
6/12/19 9:21,62.962,59.5,1.2,63.09
6/12/19 9:21,62.962,59.5,1.2,63.09
6/12/19 9:21,62.962,59.5,1.2,63.09
6/12/19 9:21,62.962,59.5,1.2,63.09
6/12/19 9:21,62.962,59.5,1.2,63.09
6/12/19 9:21,62.962,59.6,1.2,63.09
6/12/19 9:21,62.962,59.6,1.2,63.09
6/12/19 9:21,62.962,59.5,1.2,63.09
6/12/19 9:21,62.962,59.6,1.2,63.09
6/12/19 9:21,62.962,59.6,1.2,63.09
6/12/19 9:21,62.919,59.6,1.2,63.048
6/12/19 9:21,62.962,59.6,1.2,63.09
6/12/19 9:21,62.962,59.6,1.2,63.09
6/12/19 9:21,62.962,59.6,1.2,63.048
6/12/19 9:21,62.962,59.6,1.2,63.09
6/12/19 9:21,62.919,59.6,1.2,63.048
6/12/19 9:21,62.962,59.6,1.2,63.048
6/12/19 9:21,62.962,59.6,1.2,63.048
6/12/19 9:21,62.962,59.6,1.2,63.048
6/12/19 9:21,62.962,59.6,1.2,63.048
6/12/19 9:21,62.962,59.6,1.2,63.048
6/12/19 9:21,62.962,59.6,1.2,63.048
6/12/19 9:21,62.962,59.6,1.2,63.048
6/12/19 9:21,62.962,59.5,1.2,63.048
6/12/19 9:21,62.962,59.6,1.2,63.048
6/12/19 9:21,62.962,59.6,1.2,63.048
6/12/19 9:21,62.962,59.5,1.2,63.048
6/12/19 9:21,62.962,59.5,1.2,63.048
6/12/19 9:21,62.962,59.5,1.2,63.048
6/12/19 9:21,62.962,59.6,1.2,63.048
6/12/19 9:21,62.962,59.5,1.2,63.048
6/12/19 9:21,62.962,59.6,1.2,63.048
6/12/19 9:21,62.962,59.5,1.2,63.048
6/12/19 9:21,62.962,59.5,1.2,63.048
6/12/19 9:21,62.962,59.5,1.2,63.048
6/12/19 9:21,62.962,59.5,1.2,63.048
6/12/19 9:21,62.962,59.5,1.2,63.048
6/12/19 9:21,62.919,59.5,1.2,63.048
6/12/19 9:21,62.962,59.5,1.2,63.048
6/12/19 9:21,62.962,59.5,1.2,63.048
6/12/19 9:21,62.962,59.5,1.2,63.048
6/12/19 9:21,62.962,59.5,1.2,63.048
6/12/19 9:21,62.962,59.5,1.2,63.048
6/12/19 9:21,62.919,59.5,1.2,63.048
6/12/19 9:21,62.962,59.5,1.2,63.048
6/12/19 9:21,62.962,59.5,1.2,63.048
6/12/19 9:22,62.962,59.5,1.2,63.048
6/12/19 9:22,62.919,59.5,1.2,63.048
6/12/19 9:22,62.919,59.5,1.2,63.048
6/12/19 9:22,62.962,59.5,1.2,63.048
6/12/19 9:22,62.962,59.5,1.2,63.048
6/12/19 9:22,62.919,59.5,1.2,63.048
6/12/19 9:22,62.962,59.5,1.2,63.048
6/12/19 9:22,62.962,59.5,1.2,63.048
6/12/19 9:22,62.962,59.5,1.2,63.048
6/12/19 9:22,62.919,59.5,1.2,63.048
6/12/19 9:22,62.919,59.5,1.2,63.048
6/12/19 9:22,62.919,59.5,1.2,63.048
6/12/19 9:22,62.962,59.5,1.2,63.048
6/12/19 9:22,62.919,59.5,1.2,63.048
6/12/19 9:22,62.962,59.5,1.2,63.048
6/12/19 9:22,62.962,59.5,1.2,63.048
6/12/19 9:22,62.919,59.5,1.2,63.048
6/12/19 9:22,62.962,59.5,1.2,63.048
6/12/19 9:22,62.962,59.5,1.2,63.048
6/12/19 9:22,62.962,59.5,1.2,63.048
6/12/19 9:22,62.919,59.5,1.2,63.048
6/12/19 9:22,62.962,59.5,1.2,63.048
6/12/19 9:22,62.962,59.4,1.2,63.048
6/12/19 9:22,62.962,59.4,21.2,63.048
6/12/19 9:22,62.919,59.5,83.7,63.048
6/12/19 9:22,62.919,59.5,108.7,63.048
6/12/19 9:22,62.919,59.4,36.2,63.048
6/12/19 9:22,62.919,59.4,6.2,63.048
6/12/19 9:22,62.919,59.4,3.7,63.048
6/12/19 9:22,62.962,59.4,3.7,63.048
6/12/19 9:22,62.962,59.4,3.7,63.048
6/12/19 9:22,62.919,59.4,3.7,63.048
6/12/19 9:22,62.919,59.4,1.2,63.048
6/12/19 9:22,62.919,59.4,1.2,63.048
6/12/19 9:22,62.962,59.4,1.2,63.048
6/12/19 9:22,62.919,59.4,1.2,63.048
6/12/19 9:22,62.962,59.4,1.2,63.048
6/12/19 9:22,62.919,59.4,1.2,63.048
6/12/19 9:22,62.919,59.4,1.2,63.048
6/12/19 9:22,62.919,59.4,1.2,63.048
6/12/19 9:22,62.919,59.4,1.2,63.048
6/12/19 9:22,62.919,59.4,1.2,63.048
6/12/19 9:22,62.919,59.4,1.2,63.048
6/12/19 9:22,62.919,59.4,1.2,63.048
6/12/19 9:22,62.919,59.4,1.2,63.048
6/12/19 9:22,62.919,59.4,93.7,63.005
6/12/19 9:22,62.919,59.4,56.2,63.005
6/12/19 9:22,62.919,59.4,3.7,63.005
6/12/19 9:22,62.919,59.3,3.7,63.005
6/12/19 9:22,62.919,59.3,3.7,63.005
6/12/19 9:22,62.919,59.3,3.7,63.005
6/12/19 9:22,62.919,59.3,3.7,63.005
6/12/19 9:22,62.919,59.3,3.7,63.005
6/12/19 9:22,62.919,59.3,3.7,63.005
6/12/19 9:22,62.919,59.3,3.7,63.005
6/12/19 9:22,62.919,59.3,3.7,63.005
6/12/19 9:22,62.919,59.3,6.2,63.005
6/12/19 9:22,62.919,59.3,6.2,63.005
6/12/19 9:22,62.919,59.3,6.2,63.005
6/12/19 9:22,62.919,59.3,6.2,63.005
6/12/19 9:23,62.919,59.3,6.2,63.005
6/12/19 9:23,62.919,59.3,6.2,63.005
6/12/19 9:23,62.919,59.3,6.2,63.005
6/12/19 9:23,62.919,59.3,6.2,63.005
6/12/19 9:23,62.919,59.3,6.2,63.005
6/12/19 9:23,62.919,59.3,6.2,63.005
6/12/19 9:23,62.919,59.3,6.2,63.005
6/12/19 9:23,62.919,59.3,6.2,63.005
6/12/19 9:23,62.919,59.3,6.2,63.005
6/12/19 9:23,62.919,59.3,6.2,63.005
6/12/19 9:23,62.919,59.3,6.2,63.005
6/12/19 9:23,62.919,59.3,6.2,63.005
6/12/19 9:23,62.919,59.3,6.2,63.005
6/12/19 9:23,62.919,59.3,6.2,63.005
6/12/19 9:23,62.919,59.3,6.2,63.005
6/12/19 9:23,62.919,59.3,6.2,63.005
6/12/19 9:23,62.919,59.3,6.2,63.005
6/12/19 9:23,62.919,59.3,6.2,63.005
6/12/19 9:23,62.919,59.3,6.2,63.005
6/12/19 9:23,62.919,59.2,6.2,63.005
6/12/19 9:23,62.919,59.2,6.2,63.005
6/12/19 9:23,62.919,59.2,6.2,63.005
6/12/19 9:23,62.919,59.2,6.2,63.005
6/12/19 9:23,62.919,59.2,6.2,63.005
6/12/19 9:23,62.919,59.2,3.7,62.962
6/12/19 9:23,62.919,59.2,3.7,63.005
6/12/19 9:23,62.919,59.2,3.7,63.005
6/12/19 9:23,62.919,59.2,6.2,63.005
6/12/19 9:23,62.919,59.2,6.2,63.005
6/12/19 9:23,62.919,59.2,6.2,63.005
6/12/19 9:23,62.919,59.2,6.2,62.962
6/12/19 9:23,62.919,59.2,6.2,62.962
6/12/19 9:23,62.919,59.2,6.2,62.962
6/12/19 9:23,62.919,59.2,108.7,62.962
6/12/19 9:23,62.919,59.2,63.7,62.962
6/12/19 9:23,62.919,59.2,6.2,62.962
6/12/19 9:23,62.919,59.2,26.2,62.962
6/12/19 9:23,62.919,59.2,21.2,62.962
6/12/19 9:23,62.919,59.2,21.2,62.962
6/12/19 9:23,62.919,59.2,18.7,62.962
6/12/19 9:23,62.919,59.2,16.2,62.962
6/12/19 9:23,62.919,59.2,16.2,62.962
6/12/19 9:23,62.919,59.2,16.2,62.962
6/12/19 9:23,62.919,59.2,16.2,62.962
6/12/19 9:23,62.919,59.2,13.7,62.962
6/12/19 9:23,62.919,59.2,13.7,62.919
6/12/19 9:23,62.919,59.2,13.7,62.919
6/12/19 9:23,62.919,59.1,13.7,62.962
6/12/19 9:23,62.919,59.2,13.7,62.962
6/12/19 9:23,62.919,59.1,13.7,62.919
6/12/19 9:23,62.919,59.2,13.7,62.962
6/12/19 9:23,62.919,59.1,13.7,62.919
6/12/19 9:23,62.919,59.1,13.7,62.962
6/12/19 9:23,62.919,59.1,11.2,62.962
6/12/19 9:23,62.919,59.1,11.2,62.962
6/12/19 9:23,62.919,59.1,11.2,62.962
6/12/19 9:23,62.919,59.1,1.2,62.962
6/12/19 9:23,62.919,59.1,11.2,62.962
6/12/19 9:23,62.919,59.1,3.7,62.962
6/12/19 9:23,62.919,59.1,1.2,62.962
6/12/19 9:24,62.919,59.1,1.2,62.962
6/12/19 9:24,62.919,59.1,8.7,62.962
6/12/19 9:24,62.919,59.1,1.2,62.962
6/12/19 9:24,62.919,59.1,1.2,62.919
6/12/19 9:24,62.919,59.1,1.2,62.919
6/12/19 9:24,62.919,59.1,1.2,62.962
6/12/19 9:24,62.919,59.1,3.7,62.962
6/12/19 9:24,62.919,59.1,11.2,62.962
6/12/19 9:24,62.919,59.1,11.2,62.919
6/12/19 9:24,62.919,59.1,1.2,62.919
6/12/19 9:24,62.919,59.1,11.2,62.919
6/12/19 9:24,62.919,59.1,11.2,62.962
6/12/19 9:24,62.875,59.1,1.2,62.919
6/12/19 9:24,62.919,59.1,11.2,62.962
6/12/19 9:24,62.919,59.1,1.2,62.962
6/12/19 9:24,62.919,59.1,6.2,62.962
6/12/19 9:24,62.919,59.1,3.7,62.919
6/12/19 9:24,62.919,59.1,11.2,62.962
6/12/19 9:24,62.919,59.1,11.2,62.962
6/12/19 9:24,62.919,59.1,11.2,62.962
6/12/19 9:24,62.919,59.1,11.2,62.962
6/12/19 9:24,62.919,59.1,11.2,62.962
6/12/19 9:24,62.919,59.1,13.7,62.962
6/12/19 9:24,62.919,59.1,11.2,62.962
6/12/19 9:24,62.919,59.1,11.2,62.962
6/12/19 9:24,62.919,59,11.2,62.962
6/12/19 9:24,62.919,59.1,11.2,62.962
6/12/19 9:24,62.919,59.1,11.2,62.962
6/12/19 9:24,62.875,59,11.2,62.962
6/12/19 9:24,62.919,59,11.2,62.962
6/12/19 9:24,62.919,59,11.2,62.962
6/12/19 9:24,62.919,59,13.7,62.962
6/12/19 9:24,62.919,59,13.7,62.962
6/12/19 9:24,62.919,59,13.7,62.962
6/12/19 9:24,62.875,59.1,13.7,62.962
6/12/19 9:24,62.919,59,13.7,62.962
6/12/19 9:24,62.919,59,13.7,62.962
6/12/19 9:24,62.919,59,1.2,62.962
6/12/19 9:24,62.919,59.1,3.7,62.962
6/12/19 9:24,62.919,59.1,13.7,62.962
6/12/19 9:24,62.875,59.1,13.7,62.962
6/12/19 9:24,62.919,59.1,13.7,62.962
6/12/19 9:24,62.919,59.1,13.7,62.962
6/12/19 9:24,62.919,59.1,13.7,62.962
6/12/19 9:24,62.919,59.1,13.7,62.962
6/12/19 9:24,62.919,59.1,13.7,62.962
6/12/19 9:24,62.919,59.1,13.7,62.962
6/12/19 9:24,62.875,59.1,13.7,62.962
6/12/19 9:24,62.919,59.1,13.7,62.962
6/12/19 9:24,62.919,59,13.7,62.962
6/12/19 9:24,62.875,59,13.7,62.962
6/12/19 9:24,62.919,59,11.2,62.962
6/12/19 9:24,62.919,59,6.2,62.919
6/12/19 9:24,62.919,59,11.2,62.919
6/12/19 9:24,62.919,59,13.7,62.919
6/12/19 9:24,62.919,59,11.2,62.919
6/12/19 9:24,62.919,59,3.7,62.919
6/12/19 9:24,62.875,59,11.2,62.919
6/12/19 9:24,62.919,59,11.2,62.919
6/12/19 9:24,62.875,59,1.2,62.919
6/12/19 9:25,62.919,59,13.7,62.919
6/12/19 9:25,62.919,59,1.2,62.919
6/12/19 9:25,62.875,59,1.2,62.919
6/12/19 9:25,62.875,59,1.2,62.919
6/12/19 9:25,62.919,59,1.2,62.919
6/12/19 9:25,62.919,59,1.2,62.919
6/12/19 9:25,62.875,59,1.2,62.919
6/12/19 9:25,62.875,59,11.2,62.919
6/12/19 9:25,62.875,59,1.2,62.919
6/12/19 9:25,62.919,59,11.2,62.919
6/12/19 9:25,62.875,59,13.7,62.919
6/12/19 9:25,62.919,59,3.7,62.919
6/12/19 9:25,62.919,59,1.2,62.919
6/12/19 9:25,62.919,59,13.7,62.919
6/12/19 9:25,62.875,59,11.2,62.919
6/12/19 9:25,62.875,59,11.2,62.919
6/12/19 9:25,62.875,59,11.2,62.919
6/12/19 9:25,62.875,59,13.7,62.919
6/12/19 9:25,62.919,59,13.7,62.919
6/12/19 9:25,62.875,59,11.2,62.919
6/12/19 9:25,62.919,59,11.2,62.919
6/12/19 9:25,62.919,59,1.2,62.919
6/12/19 9:25,62.875,59,11.2,62.919
6/12/19 9:25,62.875,59,11.2,62.919
6/12/19 9:25,62.875,59,6.2,62.919
6/12/19 9:25,62.919,59,1.2,62.919
6/12/19 9:25,62.875,59,1.2,62.919
6/12/19 9:25,62.919,59,13.7,62.919
6/12/19 9:25,62.875,59,13.7,62.919
6/12/19 9:25,62.875,59,11.2,62.919
6/12/19 9:25,62.875,58.9,26.2,62.919
6/12/19 9:25,62.875,59,6.2,62.919
6/12/19 9:25,62.875,58.9,3.7,62.919
6/12/19 9:25,62.875,58.9,3.7,62.919
6/12/19 9:25,62.875,58.9,3.7,62.919
6/12/19 9:25,62.919,58.9,3.7,62.919
6/12/19 9:25,62.875,58.9,16.2,62.919
6/12/19 9:25,62.875,58.9,21.2,62.919
6/12/19 9:25,62.875,58.9,23.7,62.919
6/12/19 9:25,62.919,58.9,21.2,62.875
6/12/19 9:25,62.875,58.9,21.2,62.875
6/12/19 9:25,62.875,58.9,21.2,62.919
6/12/19 9:25,62.875,58.9,21.2,62.875
6/12/19 9:25,62.919,58.9,21.2,62.875
6/12/19 9:25,62.875,58.9,21.2,62.875
6/12/19 9:25,62.919,58.9,21.2,62.875
6/12/19 9:25,62.875,58.9,21.2,62.875
6/12/19 9:25,62.875,58.9,21.2,62.875
6/12/19 9:25,62.875,58.9,21.2,62.875
6/12/19 9:25,62.875,58.9,21.2,62.875
6/12/19 9:25,62.919,58.9,21.2,62.875
6/12/19 9:25,62.875,58.9,21.2,62.875
6/12/19 9:25,62.875,58.9,13.7,62.919
6/12/19 9:25,62.875,58.9,11.2,62.875
6/12/19 9:25,62.875,58.9,6.2,62.919
6/12/19 9:25,62.875,58.9,1.2,62.919
6/12/19 9:25,62.875,58.9,3.7,62.919
6/12/19 9:25,62.875,58.9,3.7,62.919
6/12/19 9:25,62.875,58.9,3.7,62.919
6/12/19 9:25,62.919,58.9,6.2,62.919
6/12/19 9:26,62.875,58.9,8.7,62.919
6/12/19 9:26,62.875,58.9,11.2,62.919
6/12/19 9:26,62.919,58.9,11.2,62.919
6/12/19 9:26,62.875,58.9,11.2,62.919
6/12/19 9:26,62.875,58.9,1.2,62.919
6/12/19 9:26,62.875,58.9,13.7,62.919
6/12/19 9:26,62.875,58.9,13.7,62.919
6/12/19 9:26,62.875,58.9,13.7,62.919
6/12/19 9:26,62.875,58.9,13.7,62.919
6/12/19 9:26,62.875,58.9,13.7,62.919
6/12/19 9:26,62.875,58.9,13.7,62.919
6/12/19 9:26,62.875,58.8,13.7,62.919
6/12/19 9:26,62.875,58.9,13.7,62.919
6/12/19 9:26,62.919,58.9,13.7,62.919
6/12/19 9:26,62.875,58.8,13.7,62.919
6/12/19 9:26,62.875,58.8,13.7,62.919
6/12/19 9:26,62.875,58.8,13.7,62.919
6/12/19 9:26,62.919,58.8,1.2,62.919
6/12/19 9:26,62.875,58.8,11.2,62.919
6/12/19 9:26,62.919,58.8,13.7,62.919
6/12/19 9:26,62.875,58.8,13.7,62.919
6/12/19 9:26,62.919,58.8,13.7,62.919
6/12/19 9:26,62.875,58.8,11.2,62.962
6/12/19 9:26,62.919,58.8,13.7,62.919
6/12/19 9:26,62.875,58.8,13.7,62.919
6/12/19 9:26,62.919,58.8,13.7,62.962
6/12/19 9:26,62.919,58.8,13.7,62.962
6/12/19 9:26,62.919,58.8,13.7,62.962
6/12/19 9:26,62.875,58.8,13.7,62.962
6/12/19 9:26,62.875,58.8,13.7,62.962
6/12/19 9:26,62.919,58.8,13.7,62.919
6/12/19 9:26,62.875,58.8,13.7,62.919
6/12/19 9:26,62.875,58.8,13.7,62.919
6/12/19 9:26,62.919,58.8,13.7,62.962
6/12/19 9:26,62.875,58.8,13.7,62.919
6/12/19 9:26,62.919,58.8,13.7,62.919
6/12/19 9:26,62.919,58.8,16.2,62.962
6/12/19 9:26,62.919,58.8,23.7,62.919
6/12/19 9:26,62.919,58.8,23.7,62.919
6/12/19 9:26,62.919,58.8,6.2,62.919
6/12/19 9:26,62.919,58.8,6.2,62.919
6/12/19 9:26,62.919,58.8,11.2,62.962
6/12/19 9:26,62.919,58.8,23.7,62.962
6/12/19 9:26,62.919,58.8,28.7,62.919
6/12/19 9:26,62.919,58.8,28.7,62.962
6/12/19 9:26,62.919,58.7,28.7,62.962
6/12/19 9:26,62.919,58.7,28.7,62.962
6/12/19 9:26,62.919,58.7,28.7,62.962
6/12/19 9:26,62.919,58.7,21.2,62.962
6/12/19 9:26,62.919,58.7,16.2,62.962
6/12/19 9:26,62.875,58.7,6.2,62.962
6/12/19 9:26,62.919,58.7,6.2,62.962
6/12/19 9:26,62.919,58.7,6.2,62.962
6/12/19 9:26,62.919,58.7,16.2,62.962
6/12/19 9:26,62.919,58.7,31.2,62.962
6/12/19 9:26,62.919,58.7,28.7,62.962
6/12/19 9:26,62.919,58.7,23.7,62.962
6/12/19 9:26,62.919,58.7,16.2,62.962
6/12/19 9:26,62.919,58.7,11.2,62.962
6/12/19 9:26,62.919,58.7,11.2,62.962
6/12/19 9:27,62.919,58.7,8.7,62.962
6/12/19 9:27,62.919,58.7,11.2,62.962
6/12/19 9:27,62.919,58.7,11.2,62.962
6/12/19 9:27,62.919,58.7,18.7,62.962
6/12/19 9:27,62.919,58.7,16.2,62.962
6/12/19 9:27,62.919,58.7,8.7,62.962
6/12/19 9:27,62.919,58.7,6.2,62.962
6/12/19 9:27,62.919,58.7,6.2,62.962
6/12/19 9:27,62.919,58.7,6.2,62.962
6/12/19 9:27,62.919,58.7,6.2,62.962
6/12/19 9:27,62.919,58.7,6.2,62.962
6/12/19 9:27,62.919,58.7,6.2,62.962
6/12/19 9:27,62.919,58.7,6.2,62.962
6/12/19 9:27,62.919,58.7,6.2,62.962
6/12/19 9:27,62.919,58.7,6.2,62.962
6/12/19 9:27,62.919,58.7,6.2,62.962
6/12/19 9:27,62.919,58.7,6.2,62.962
6/12/19 9:27,62.919,58.7,6.2,62.962
6/12/19 9:27,62.919,58.7,6.2,62.962
6/12/19 9:27,62.919,58.7,6.2,62.962
6/12/19 9:27,62.919,58.7,6.2,62.962
6/12/19 9:27,62.919,58.7,6.2,62.962
6/12/19 9:27,62.919,58.7,6.2,62.962
6/12/19 9:27,62.919,58.7,3.7,63.005
6/12/19 9:27,62.919,58.7,3.7,62.962
6/12/19 9:27,62.919,58.7,3.7,62.962
6/12/19 9:27,62.919,58.7,3.7,62.962
6/12/19 9:27,62.919,58.7,3.7,63.005
6/12/19 9:27,62.919,58.7,3.7,63.005
6/12/19 9:27,62.919,58.7,3.7,63.005
6/12/19 9:27,62.919,58.7,3.7,63.005
6/12/19 9:27,62.919,58.6,3.7,63.005
6/12/19 9:27,62.919,58.6,3.7,63.005
6/12/19 9:27,62.919,58.7,3.7,63.005
6/12/19 9:27,62.919,58.6,3.7,63.005
6/12/19 9:27,62.919,58.7,3.7,63.005
6/12/19 9:27,62.919,58.7,3.7,63.005
6/12/19 9:27,62.919,58.7,3.7,63.005
6/12/19 9:27,62.919,58.7,3.7,63.005
6/12/19 9:27,62.919,58.7,1.2,63.005
6/12/19 9:27,62.919,58.7,1.2,63.005
6/12/19 9:27,62.919,58.6,1.2,63.005
6/12/19 9:27,62.919,58.7,1.2,63.005
6/12/19 9:27,62.919,58.7,1.2,63.005
6/12/19 9:27,62.919,58.7,1.2,63.005
6/12/19 9:27,62.919,58.7,1.2,63.005
6/12/19 9:27,62.919,58.6,1.2,63.048
6/12/19 9:27,62.919,58.6,1.2,63.048
6/12/19 9:27,62.919,58.6,1.2,63.048
6/12/19 9:27,62.919,58.6,1.2,63.048
6/12/19 9:27,62.919,58.6,3.7,63.048
6/12/19 9:27,62.919,58.6,16.2,63.048
6/12/19 9:27,62.919,58.6,16.2,63.048
6/12/19 9:27,62.919,58.6,1.2,63.048
6/12/19 9:27,62.919,58.6,3.7,63.048
6/12/19 9:27,62.919,58.6,11.2,63.048
6/12/19 9:27,62.919,58.6,16.2,63.048
6/12/19 9:27,62.919,58.6,16.2,63.048
6/12/19 9:27,62.919,58.6,16.2,63.048
6/12/19 9:27,62.919,58.6,16.2,63.09
6/12/19 9:28,62.919,58.6,16.2,63.09
6/12/19 9:28,62.919,58.6,16.2,63.09
6/12/19 9:28,62.919,58.6,16.2,63.09
6/12/19 9:28,62.962,58.6,16.2,63.09
6/12/19 9:28,62.962,58.6,16.2,63.09
6/12/19 9:28,62.962,58.6,11.2,63.09
6/12/19 9:28,62.962,58.6,6.2,63.09
6/12/19 9:28,62.962,58.6,6.2,63.133
6/12/19 9:28,62.962,58.7,1.2,63.09
6/12/19 9:28,62.962,58.6,1.2,63.133
6/12/19 9:28,62.962,58.6,3.7,63.133
6/12/19 9:28,62.962,58.6,3.7,63.133
6/12/19 9:28,62.962,58.6,3.7,63.133
6/12/19 9:28,62.962,58.7,3.7,63.176
6/12/19 9:28,63.005,58.6,3.7,63.176
6/12/19 9:28,63.005,58.7,3.7,63.176
6/12/19 9:28,63.005,58.7,3.7,63.176
6/12/19 9:28,63.005,58.7,3.7,63.176
6/12/19 9:28,63.005,58.7,3.7,63.176
6/12/19 9:28,63.005,58.7,3.7,63.176
6/12/19 9:28,63.005,58.7,6.2,63.176
6/12/19 9:28,63.048,58.7,8.7,63.176
6/12/19 9:28,63.048,58.7,13.7,63.176
6/12/19 9:28,63.048,58.7,13.7,63.219
6/12/19 9:28,63.048,58.7,11.2,63.219
6/12/19 9:28,63.048,58.7,8.7,63.219
6/12/19 9:28,63.048,58.7,8.7,63.219
6/12/19 9:28,63.09,58.7,8.7,63.219
6/12/19 9:28,63.09,58.7,13.7,63.219
6/12/19 9:28,63.09,58.7,16.2,63.219
6/12/19 9:28,63.09,58.7,13.7,63.262
6/12/19 9:28,63.09,58.8,8.7,63.262
6/12/19 9:28,63.09,58.8,8.7,63.262
6/12/19 9:28,63.133,58.8,13.7,63.262
6/12/19 9:28,63.133,58.8,11.2,63.262
6/12/19 9:28,63.133,58.8,16.2,63.262
6/12/19 9:28,63.133,58.9,16.2,63.262
6/12/19 9:28,63.133,58.9,16.2,63.262
6/12/19 9:28,63.176,58.9,18.7,63.304
6/12/19 9:28,63.176,58.9,18.7,63.304
6/12/19 9:28,63.176,58.9,16.2,63.304
6/12/19 9:28,63.176,58.9,16.2,63.304
6/12/19 9:28,63.176,58.9,8.7,63.304
6/12/19 9:28,63.176,58.9,11.2,63.304
6/12/19 9:28,63.219,58.9,11.2,63.304
6/12/19 9:28,63.219,58.9,11.2,63.304
6/12/19 9:28,63.219,58.9,11.2,63.347
6/12/19 9:28,63.219,58.9,16.2,63.347
6/12/19 9:28,63.219,58.9,16.2,63.347
6/12/19 9:28,63.262,58.9,16.2,63.347
6/12/19 9:28,63.262,59,16.2,63.347
6/12/19 9:28,63.262,58.9,18.7,63.347
6/12/19 9:28,63.262,58.9,18.7,63.347
6/12/19 9:28,63.262,59,18.7,63.347
6/12/19 9:28,63.304,59,16.2,63.347
6/12/19 9:28,63.304,59,18.7,63.39
6/12/19 9:28,63.304,59,18.7,63.39
6/12/19 9:28,63.304,59,18.7,63.39
6/12/19 9:28,63.304,59,13.7,63.39
6/12/19 9:28,63.347,59,8.7,63.39
6/12/19 9:29,63.347,59,6.2,63.39
6/12/19 9:29,63.347,59,3.7,63.433
6/12/19 9:29,63.347,59,6.2,63.433
6/12/19 9:29,63.39,59,11.2,63.433
6/12/19 9:29,63.39,59,116.2,63.475
6/12/19 9:29,63.39,59,128.7,63.433
6/12/19 9:29,63.39,59,138.7,63.475
6/12/19 9:29,63.39,59,143.7,63.475
6/12/19 9:29,63.433,59,153.7,63.475
6/12/19 9:29,63.433,59,136.2,63.475
6/12/19 9:29,63.433,59,78.7,63.475
6/12/19 9:29,63.433,59,73.7,63.475
6/12/19 9:29,63.433,59,133.7,63.475
6/12/19 9:29,63.433,59,136.2,63.475
6/12/19 9:29,63.475,59,143.7,63.475
6/12/19 9:29,63.475,59,126.2,63.475
6/12/19 9:29,63.475,59,106.2,63.475
6/12/19 9:29,63.475,59,96.2,63.475
6/12/19 9:29,63.475,59,101.2,63.475
6/12/19 9:29,63.475,59,81.2,63.518
6/12/19 9:29,63.475,59,78.7,63.475
6/12/19 9:29,63.475,59,71.2,63.518
6/12/19 9:29,63.518,59,66.2,63.518
6/12/19 9:29,63.518,59,66.2,63.518
6/12/19 9:29,63.518,59,58.7,63.518
6/12/19 9:29,63.518,59,58.7,63.518
6/12/19 9:29,63.518,59,73.7,63.518
6/12/19 9:29,63.518,59,68.7,63.518
6/12/19 9:29,63.518,59,68.7,63.518
6/12/19 9:29,63.518,59,68.7,63.561
6/12/19 9:29,63.518,59,83.7,63.561
6/12/19 9:29,63.518,59,66.2,63.561
6/12/19 9:29,63.518,59,76.2,63.561
6/12/19 9:29,63.518,59,71.2,63.561
6/12/19 9:29,63.518,59,83.7,63.561
6/12/19 9:29,63.518,59,91.2,63.561
6/12/19 9:29,63.518,59,86.2,63.561
6/12/19 9:29,63.518,59,78.7,63.561
6/12/19 9:29,63.561,59,71.2,63.604
6/12/19 9:29,63.561,58.9,68.7,63.604
6/12/19 9:29,63.561,58.9,61.2,63.604
6/12/19 9:29,63.561,58.9,63.7,63.604
6/12/19 9:29,63.561,58.9,61.2,63.604
6/12/19 9:29,63.561,58.9,58.7,63.604
6/12/19 9:29,63.561,58.9,58.7,63.604
6/12/19 9:29,63.561,58.9,71.2,63.604
6/12/19 9:29,63.561,58.9,91.2,63.648
6/12/19 9:29,63.561,58.9,73.7,63.648
6/12/19 9:29,63.561,58.9,91.2,63.648
6/12/19 9:29,63.561,58.9,76.2,63.648
6/12/19 9:29,63.561,58.9,83.7,63.648
6/12/19 9:29,63.561,58.9,63.7,63.648
6/12/19 9:29,63.604,58.9,71.2,63.648
6/12/19 9:29,63.604,58.9,83.7,63.648
6/12/19 9:29,63.604,58.9,78.7,63.648
6/12/19 9:29,63.561,58.8,71.2,63.689
6/12/19 9:29,63.561,58.8,73.7,63.648
6/12/19 9:29,63.604,58.8,78.7,63.648
6/12/19 9:29,63.604,58.8,91.2,63.689
6/12/19 9:29,63.604,58.8,101.2,63.689
6/12/19 9:30,63.604,58.8,128.7,63.689
6/12/19 9:30,63.604,58.8,143.7,63.689
6/12/19 9:30,63.604,58.8,138.7,63.689
6/12/19 9:30,63.604,58.8,146.2,63.689
6/12/19 9:30,63.604,58.8,148.7,63.689
6/12/19 9:30,63.604,58.8,143.7,63.689
6/12/19 9:30,63.604,58.8,136.2,63.689
6/12/19 9:30,63.604,58.8,131.2,63.689
6/12/19 9:30,63.604,58.8,116.2,63.732
6/12/19 9:30,63.604,58.8,8.7,63.732
6/12/19 9:30,63.604,58.8,6.2,63.732
6/12/19 9:30,63.604,58.8,6.2,63.732
6/12/19 9:30,63.604,58.8,6.2,63.732
6/12/19 9:30,63.604,58.8,6.2,63.732
6/12/19 9:30,63.648,58.8,6.2,63.732
6/12/19 9:30,63.604,58.8,8.7,63.732
6/12/19 9:30,63.648,58.8,111.2,63.732
6/12/19 9:30,63.648,58.8,136.2,63.775
6/12/19 9:30,63.648,58.8,151.2,63.775
6/12/19 9:30,63.648,58.8,61.2,63.775
6/12/19 9:30,63.648,58.8,153.7,63.775
6/12/19 9:30,63.648,58.8,11.2,63.775
6/12/19 9:30,63.648,58.7,8.7,63.775
6/12/19 9:30,63.648,58.7,8.7,63.775
6/12/19 9:30,63.648,58.8,8.7,63.775
6/12/19 9:30,63.648,58.7,8.7,63.775
6/12/19 9:30,63.648,58.7,8.7,63.775
6/12/19 9:30,63.648,58.8,8.7,63.775
6/12/19 9:30,63.648,58.7,8.7,63.775
6/12/19 9:30,63.648,58.7,8.7,63.819
6/12/19 9:30,63.648,58.7,8.7,63.819
6/12/19 9:30,63.648,58.7,8.7,63.819
6/12/19 9:30,63.648,58.7,8.7,63.819
6/12/19 9:30,63.648,58.7,8.7,63.819
6/12/19 9:30,63.648,58.7,8.7,63.819
6/12/19 9:30,63.689,58.7,8.7,63.819
6/12/19 9:30,63.689,58.7,8.7,63.819
6/12/19 9:30,63.689,58.7,8.7,63.819
6/12/19 9:30,63.648,58.7,8.7,63.819
6/12/19 9:30,63.689,58.7,8.7,63.819
6/12/19 9:30,63.689,58.7,8.7,63.862
6/12/19 9:30,63.689,58.7,8.7,63.862
6/12/19 9:30,63.689,58.7,8.7,63.862
6/12/19 9:30,63.689,58.7,8.7,63.862
6/12/19 9:30,63.689,58.7,8.7,63.862
6/12/19 9:30,63.689,58.7,8.7,63.862
6/12/19 9:30,63.689,58.7,8.7,63.862
6/12/19 9:30,63.689,58.7,8.7,63.862
6/12/19 9:30,63.689,58.7,8.7,63.862
6/12/19 9:30,63.689,58.7,8.7,63.862
6/12/19 9:30,63.689,58.7,8.7,63.862
6/12/19 9:30,63.689,58.7,8.7,63.862
6/12/19 9:30,63.689,58.7,8.7,63.903
6/12/19 9:30,63.689,58.7,8.7,63.903
6/12/19 9:30,63.689,58.7,8.7,63.903
6/12/19 9:30,63.689,58.7,8.7,63.903
6/12/19 9:30,63.689,58.7,8.7,63.903
6/12/19 9:30,63.689,58.7,8.7,63.903
6/12/19 9:30,63.689,58.7,8.7,63.903
6/12/19 9:30,63.689,58.7,8.7,63.903
6/12/19 9:31,63.732,58.7,8.7,63.903
6/12/19 9:31,63.689,58.7,8.7,63.903
6/12/19 9:31,63.689,58.7,8.7,63.903
6/12/19 9:31,63.689,58.7,8.7,63.903
6/12/19 9:31,63.732,58.7,8.7,63.903
6/12/19 9:31,63.732,58.7,8.7,63.946
6/12/19 9:31,63.732,58.7,8.7,63.946
6/12/19 9:31,63.732,58.7,8.7,63.946
6/12/19 9:31,63.732,58.7,8.7,63.946
6/12/19 9:31,63.732,58.7,8.7,63.946
6/12/19 9:31,63.732,58.7,8.7,63.946
6/12/19 9:31,63.732,58.7,8.7,63.946
6/12/19 9:31,63.732,58.6,8.7,63.946
6/12/19 9:31,63.732,58.7,8.7,63.946
6/12/19 9:31,63.732,58.6,8.7,63.946
6/12/19 9:31,63.732,58.6,8.7,63.946
6/12/19 9:31,63.732,58.6,8.7,63.946
6/12/19 9:31,63.732,58.7,8.7,63.99
6/12/19 9:31,63.732,58.6,8.7,63.99
6/12/19 9:31,63.732,58.6,8.7,63.99
6/12/19 9:31,63.732,58.6,8.7,63.99
6/12/19 9:31,63.732,58.6,8.7,63.99
6/12/19 9:31,63.732,58.6,8.7,63.99
6/12/19 9:31,63.732,58.7,8.7,63.99
6/12/19 9:31,63.732,58.6,8.7,63.99
6/12/19 9:31,63.732,58.6,8.7,63.99
6/12/19 9:31,63.775,58.6,8.7,63.99
6/12/19 9:31,63.732,58.6,8.7,63.99
6/12/19 9:31,63.775,58.6,8.7,63.99
6/12/19 9:31,63.775,58.6,8.7,63.99
6/12/19 9:31,63.775,58.6,8.7,64.033
6/12/19 9:31,63.775,58.6,8.7,64.033
6/12/19 9:31,63.775,58.6,8.7,64.033
6/12/19 9:31,63.775,58.6,8.7,64.033
6/12/19 9:31,63.775,58.6,8.7,64.033
6/12/19 9:31,63.775,58.6,8.7,64.033
6/12/19 9:31,63.775,58.6,8.7,64.033
6/12/19 9:31,63.775,58.6,8.7,64.033
6/12/19 9:31,63.775,58.6,8.7,64.033
6/12/19 9:31,63.775,58.6,8.7,64.033
6/12/19 9:31,63.775,58.6,8.7,64.033
6/12/19 9:31,63.775,58.6,8.7,64.033
6/12/19 9:31,63.775,58.6,8.7,64.033
6/12/19 9:31,63.775,58.6,8.7,64.033
6/12/19 9:31,63.775,58.6,8.7,64.033
6/12/19 9:31,63.775,58.6,8.7,64.033
6/12/19 9:31,63.775,58.6,8.7,64.033
6/12/19 9:31,63.775,58.7,8.7,64.033
6/12/19 9:31,63.775,58.6,8.7,64.074
6/12/19 9:31,63.775,58.7,8.7,64.074
6/12/19 9:31,63.775,58.7,8.7,64.074
6/12/19 9:31,63.775,58.6,8.7,64.074
6/12/19 9:31,63.775,58.7,8.7,64.074
6/12/19 9:31,63.775,58.7,8.7,64.074
6/12/19 9:31,63.775,58.7,8.7,64.074
6/12/19 9:31,63.775,58.6,8.7,64.074
6/12/19 9:31,63.819,58.7,8.7,64.074
6/12/19 9:31,63.775,58.6,8.7,64.074
6/12/19 9:31,63.775,58.7,8.7,64.074
6/12/19 9:31,63.819,58.7,8.7,64.074
6/12/19 9:32,63.819,58.7,8.7,64.117
6/12/19 9:32,63.819,58.7,8.7,64.117
6/12/19 9:32,63.819,58.7,8.7,64.117
6/12/19 9:32,63.819,58.7,8.7,64.117
6/12/19 9:32,63.819,58.7,8.7,64.117
6/12/19 9:32,63.819,58.7,8.7,64.117
6/12/19 9:32,63.819,58.7,8.7,64.117
6/12/19 9:32,63.819,58.7,8.7,64.117
6/12/19 9:32,63.819,58.7,8.7,64.117
6/12/19 9:32,63.819,58.7,8.7,64.117
6/12/19 9:32,63.819,58.7,8.7,64.117
6/12/19 9:32,63.819,58.7,8.7,64.117
6/12/19 9:32,63.819,58.7,8.7,64.117
6/12/19 9:32,63.819,58.7,8.7,64.117
6/12/19 9:32,63.819,58.6,8.7,64.161
6/12/19 9:32,63.819,58.7,8.7,64.161
6/12/19 9:32,63.819,58.6,8.7,64.161
6/12/19 9:32,63.819,58.6,8.7,64.161
6/12/19 9:32,63.819,58.6,8.7,64.161
6/12/19 9:32,63.819,58.6,8.7,64.161
6/12/19 9:32,63.819,58.6,8.7,64.161
6/12/19 9:32,63.819,58.6,8.7,64.161
6/12/19 9:32,63.819,58.6,8.7,64.161
6/12/19 9:32,63.862,58.7,8.7,64.161
6/12/19 9:32,63.862,58.6,8.7,64.161
6/12/19 9:32,63.862,58.6,8.7,64.161
6/12/19 9:32,63.862,58.6,8.7,64.161
6/12/19 9:32,63.862,58.6,8.7,64.161
6/12/19 9:32,63.862,58.6,8.7,64.161
6/12/19 9:32,63.862,58.6,8.7,64.204
6/12/19 9:32,63.862,58.6,8.7,64.204
6/12/19 9:32,63.862,58.6,8.7,64.204
6/12/19 9:32,63.862,58.6,8.7,64.204
6/12/19 9:32,63.862,58.6,8.7,64.204
6/12/19 9:32,63.862,58.6,8.7,64.204
6/12/19 9:32,63.862,58.6,8.7,64.204
6/12/19 9:32,63.862,58.6,8.7,64.204
6/12/19 9:32,63.862,58.6,8.7,64.204
6/12/19 9:32,63.862,58.6,8.7,64.204
6/12/19 9:32,63.862,58.6,8.7,64.204
6/12/19 9:32,63.862,58.6,8.7,64.204
6/12/19 9:32,63.862,58.6,8.7,64.204
6/12/19 9:32,63.862,58.6,8.7,64.204
6/12/19 9:32,63.862,58.6,8.7,64.204
6/12/19 9:32,63.862,58.6,8.7,64.247
6/12/19 9:32,63.862,58.6,8.7,64.247
6/12/19 9:32,63.862,58.6,8.7,64.247
6/12/19 9:32,63.862,58.6,8.7,64.247
6/12/19 9:32,63.862,58.6,8.7,64.247
6/12/19 9:32,63.862,58.6,8.7,64.247
6/12/19 9:32,63.862,58.6,8.7,64.247
6/12/19 9:32,63.903,58.6,8.7,64.247
6/12/19 9:32,63.862,58.6,8.7,64.247
6/12/19 9:32,63.903,58.6,8.7,64.247
6/12/19 9:32,63.862,58.6,8.7,64.247
6/12/19 9:32,63.862,58.6,8.7,64.247
6/12/19 9:32,63.903,58.6,8.7,64.288
6/12/19 9:32,63.903,58.6,8.7,64.288
6/12/19 9:32,63.903,58.6,8.7,64.288
6/12/19 9:32,63.903,58.6,8.7,64.288
6/12/19 9:33,63.903,58.6,8.7,64.288
6/12/19 9:33,63.903,58.6,8.7,64.288
6/12/19 9:33,63.903,58.6,8.7,64.288
6/12/19 9:33,63.903,58.6,8.7,64.288
6/12/19 9:33,63.903,58.6,8.7,64.288
6/12/19 9:33,63.903,58.6,8.7,64.288
6/12/19 9:33,63.903,58.6,8.7,64.288
6/12/19 9:33,63.903,58.6,8.7,64.288
6/12/19 9:33,63.903,58.5,8.7,64.288
6/12/19 9:33,63.903,58.6,8.7,64.288
6/12/19 9:33,63.903,58.6,8.7,64.288
6/12/19 9:33,63.903,58.5,8.7,64.288
6/12/19 9:33,63.903,58.5,8.7,64.332
6/12/19 9:33,63.903,58.6,8.7,64.332
6/12/19 9:33,63.903,58.6,8.7,64.332
6/12/19 9:33,63.903,58.6,8.7,64.332
6/12/19 9:33,63.903,58.6,8.7,64.332
6/12/19 9:33,63.903,58.6,8.7,64.332
6/12/19 9:33,63.903,58.5,8.7,64.332
6/12/19 9:33,63.903,58.5,8.7,64.332
6/12/19 9:33,63.903,58.5,8.7,64.332
6/12/19 9:33,63.903,58.6,8.7,64.332
6/12/19 9:33,63.946,58.6,8.7,64.332
6/12/19 9:33,63.903,58.6,8.7,64.332
6/12/19 9:33,63.946,58.5,8.7,64.332
6/12/19 9:33,63.946,58.6,8.7,64.332
6/12/19 9:33,63.946,58.5,8.7,64.332
6/12/19 9:33,63.946,58.5,8.7,64.375
6/12/19 9:33,63.946,58.5,8.7,64.375
6/12/19 9:33,63.946,58.5,8.7,64.375
6/12/19 9:33,63.946,58.6,8.7,64.375
6/12/19 9:33,63.946,58.5,8.7,64.375
6/12/19 9:33,63.946,58.5,8.7,64.375
6/12/19 9:33,63.946,58.5,8.7,64.375
6/12/19 9:33,63.946,58.6,8.7,64.375
6/12/19 9:33,63.946,58.5,8.7,64.375
6/12/19 9:33,63.946,58.5,8.7,64.375
6/12/19 9:33,63.946,58.5,8.7,64.375
6/12/19 9:33,63.946,58.5,8.7,64.375
6/12/19 9:33,63.946,58.5,8.7,64.375
6/12/19 9:33,63.946,58.5,8.7,64.375
6/12/19 9:33,63.946,58.5,8.7,64.418
6/12/19 9:33,63.946,58.5,8.7,64.418
6/12/19 9:33,63.946,58.5,8.7,64.418
6/12/19 9:33,63.946,58.5,8.7,64.418
6/12/19 9:33,63.946,58.5,8.7,64.418
6/12/19 9:33,63.946,58.5,8.7,64.418
6/12/19 9:33,63.946,58.5,8.7,64.418
6/12/19 9:33,63.946,58.5,8.7,64.418
6/12/19 9:33,63.946,58.5,8.7,64.418
6/12/19 9:33,63.946,58.5,8.7,64.418
6/12/19 9:33,63.946,58.5,8.7,64.418
6/12/19 9:33,63.946,58.5,8.7,64.418
6/12/19 9:33,63.99,58.5,8.7,64.418
6/12/19 9:33,63.946,58.5,8.7,64.418
6/12/19 9:33,63.99,58.5,8.7,64.418
6/12/19 9:33,63.99,58.5,8.7,64.459
6/12/19 9:33,63.946,58.5,8.7,64.459
6/12/19 9:33,63.99,58.5,11.2,64.459
6/12/19 9:33,63.99,58.5,11.2,64.459
6/12/19 9:34,63.99,58.5,11.2,64.459
6/12/19 9:34,63.99,58.5,11.2,64.459
6/12/19 9:34,63.99,58.5,11.2,64.459
6/12/19 9:34,63.99,58.5,8.7,64.459
6/12/19 9:34,63.99,58.5,11.2,64.459
6/12/19 9:34,63.99,58.5,11.2,64.459
6/12/19 9:34,63.99,58.5,11.2,64.459
6/12/19 9:34,63.99,58.5,11.2,64.459
6/12/19 9:34,63.99,58.5,11.2,64.459
6/12/19 9:34,63.99,58.5,11.2,64.459
6/12/19 9:34,63.99,58.5,11.2,64.503
6/12/19 9:34,63.99,58.5,11.2,64.503
6/12/19 9:34,63.99,58.5,11.2,64.503
6/12/19 9:34,63.99,58.5,11.2,64.503
6/12/19 9:34,63.99,58.5,11.2,64.503
6/12/19 9:34,63.99,58.5,11.2,64.503
6/12/19 9:34,63.99,58.5,11.2,64.503
6/12/19 9:34,63.99,58.5,11.2,64.503
6/12/19 9:34,63.99,58.5,11.2,64.503
6/12/19 9:34,63.99,58.5,11.2,64.503
6/12/19 9:34,63.99,58.5,11.2,64.503
6/12/19 9:34,63.99,58.5,11.2,64.503
6/12/19 9:34,63.99,58.5,11.2,64.503
6/12/19 9:34,63.99,58.5,11.2,64.503
6/12/19 9:34,64.033,58.5,11.2,64.503
6/12/19 9:34,63.99,58.5,11.2,64.503
6/12/19 9:34,64.033,58.5,11.2,64.503
6/12/19 9:34,64.033,58.5,11.2,64.503
6/12/19 9:34,64.033,58.5,11.2,64.503
6/12/19 9:34,64.033,58.5,11.2,64.503
6/12/19 9:34,64.033,58.5,11.2,64.503
6/12/19 9:34,63.99,58.5,11.2,64.503
6/12/19 9:34,64.033,58.5,11.2,64.503
6/12/19 9:34,64.033,58.5,11.2,64.503
6/12/19 9:34,64.033,58.5,11.2,64.503
6/12/19 9:34,64.033,58.5,11.2,64.503
6/12/19 9:34,64.033,58.5,11.2,64.503
6/12/19 9:34,64.033,58.5,11.2,64.546
6/12/19 9:34,64.033,58.5,11.2,64.546
6/12/19 9:34,64.033,58.5,11.2,64.546
6/12/19 9:34,64.033,58.5,11.2,64.546
6/12/19 9:34,64.033,58.5,11.2,64.546
6/12/19 9:34,64.033,58.5,11.2,64.546
6/12/19 9:34,64.033,58.5,11.2,64.546
6/12/19 9:34,64.033,58.5,11.2,64.546
6/12/19 9:34,64.033,58.5,11.2,64.546
6/12/19 9:34,64.033,58.5,11.2,64.546
6/12/19 9:34,64.033,58.5,11.2,64.546
6/12/19 9:34,64.033,58.5,11.2,64.546
6/12/19 9:34,64.033,58.5,8.7,64.546
6/12/19 9:34,64.033,58.5,11.2,64.546
6/12/19 9:34,64.033,58.5,11.2,64.546
6/12/19 9:34,64.033,58.5,11.2,64.546
6/12/19 9:34,64.033,58.5,11.2,64.589
6/12/19 9:34,64.033,58.5,11.2,64.589
6/12/19 9:34,64.033,58.5,11.2,64.589
6/12/19 9:34,64.033,58.5,11.2,64.589
6/12/19 9:34,64.033,58.5,11.2,64.589
6/12/19 9:34,64.074,58.5,11.2,64.589
6/12/19 9:34,64.074,58.5,11.2,64.589
6/12/19 9:35,64.074,58.5,11.2,64.589
6/12/19 9:35,64.074,58.5,11.2,64.589
6/12/19 9:35,64.074,58.5,11.2,64.589
6/12/19 9:35,64.074,58.5,11.2,64.632
6/12/19 9:35,64.074,58.5,11.2,64.589
6/12/19 9:35,64.074,58.5,11.2,64.632
6/12/19 9:35,64.074,58.5,11.2,64.632
6/12/19 9:35,64.074,58.5,11.2,64.632
6/12/19 9:35,64.074,58.5,11.2,64.632
6/12/19 9:35,64.074,58.5,11.2,64.632
6/12/19 9:35,64.074,58.5,11.2,64.632
6/12/19 9:35,64.074,58.5,11.2,64.632
6/12/19 9:35,64.074,58.5,11.2,64.632
6/12/19 9:35,64.074,58.5,11.2,64.632
6/12/19 9:35,64.074,58.5,11.2,64.632
6/12/19 9:35,64.074,58.5,11.2,64.632
6/12/19 9:35,64.074,58.5,11.2,64.632
6/12/19 9:35,64.074,58.5,11.2,64.632
6/12/19 9:35,64.074,58.5,11.2,64.632
6/12/19 9:35,64.074,58.5,11.2,64.632
6/12/19 9:35,64.074,58.5,11.2,64.674
6/12/19 9:35,64.074,58.5,11.2,64.674
6/12/19 9:35,64.074,58.5,11.2,64.674
6/12/19 9:35,64.074,58.5,11.2,64.674
6/12/19 9:35,64.117,58.5,11.2,64.674
6/12/19 9:35,64.117,58.5,11.2,64.674
6/12/19 9:35,64.074,58.5,8.7,64.674
6/12/19 9:35,64.117,58.5,11.2,64.674
6/12/19 9:35,64.117,58.5,11.2,64.674
6/12/19 9:35,64.074,58.5,11.2,64.674
6/12/19 9:35,64.117,58.5,11.2,64.674
6/12/19 9:35,64.117,58.5,11.2,64.674
6/12/19 9:35,64.117,58.5,11.2,64.674
6/12/19 9:35,64.117,58.5,11.2,64.674
6/12/19 9:35,64.117,58.5,11.2,64.674
6/12/19 9:35,64.117,58.5,11.2,64.717
6/12/19 9:35,64.117,58.5,11.2,64.717
6/12/19 9:35,64.117,58.5,11.2,64.674
6/12/19 9:35,64.117,58.5,11.2,64.717
6/12/19 9:35,64.117,58.5,11.2,64.717
6/12/19 9:35,64.117,58.5,11.2,64.717
6/12/19 9:35,64.117,58.5,11.2,64.717
6/12/19 9:35,64.117,58.5,11.2,64.717
6/12/19 9:35,64.117,58.5,11.2,64.717
6/12/19 9:35,64.117,58.5,11.2,64.717
6/12/19 9:35,64.117,58.5,11.2,64.717
6/12/19 9:35,64.117,58.5,11.2,64.717
6/12/19 9:35,64.117,58.5,11.2,64.717
6/12/19 9:35,64.117,58.5,11.2,64.717
6/12/19 9:35,64.117,58.5,11.2,64.717
6/12/19 9:35,64.117,58.5,11.2,64.717
6/12/19 9:35,64.117,58.5,11.2,64.717
6/12/19 9:35,64.161,58.5,11.2,64.717
6/12/19 9:35,64.117,58.5,8.7,64.717
6/12/19 9:35,64.161,58.5,8.7,64.717
6/12/19 9:35,64.161,58.5,8.7,64.717
6/12/19 9:35,64.117,58.5,11.2,64.717
6/12/19 9:35,64.161,58.5,11.2,64.76
6/12/19 9:35,64.161,58.5,11.2,64.717
6/12/19 9:35,64.161,58.5,8.7,64.76
6/12/19 9:36,64.161,58.5,11.2,64.76
6/12/19 9:36,64.161,58.5,11.2,64.76
6/12/19 9:36,64.161,58.5,11.2,64.76
6/12/19 9:36,64.161,58.5,11.2,64.76
6/12/19 9:36,64.161,58.5,11.2,64.76
6/12/19 9:36,64.161,58.5,11.2,64.76
6/12/19 9:36,64.161,58.5,11.2,64.76
6/12/19 9:36,64.161,58.5,11.2,64.76
6/12/19 9:36,64.161,58.5,11.2,64.76
6/12/19 9:36,64.161,58.5,11.2,64.76
6/12/19 9:36,64.161,58.5,11.2,64.76
6/12/19 9:36,64.161,58.6,11.2,64.76
6/12/19 9:36,64.161,58.5,11.2,64.76
6/12/19 9:36,64.161,58.5,11.2,64.76
6/12/19 9:36,64.161,58.5,11.2,64.803
6/12/19 9:36,64.161,58.6,11.2,64.76
6/12/19 9:36,64.161,58.5,11.2,64.803
6/12/19 9:36,64.161,58.6,11.2,64.803
6/12/19 9:36,64.161,58.6,11.2,64.803
6/12/19 9:36,64.161,58.5,11.2,64.803
6/12/19 9:36,64.161,58.5,11.2,64.803
6/12/19 9:36,64.161,58.6,11.2,64.803
6/12/19 9:36,64.161,58.5,11.2,64.803
6/12/19 9:36,64.161,58.5,11.2,64.803
6/12/19 9:36,64.204,58.5,11.2,64.803
6/12/19 9:36,64.204,58.5,11.2,64.803
6/12/19 9:36,64.204,58.5,11.2,64.803
6/12/19 9:36,64.204,58.6,11.2,64.803
6/12/19 9:36,64.204,58.5,11.2,64.803
6/12/19 9:36,64.204,58.6,11.2,64.803
6/12/19 9:36,64.204,58.6,11.2,64.803
6/12/19 9:36,64.204,58.5,11.2,64.803
6/12/19 9:36,64.204,58.6,11.2,64.845
6/12/19 9:36,64.204,58.5,11.2,64.803
6/12/19 9:36,64.204,58.6,11.2,64.845
6/12/19 9:36,64.204,58.6,11.2,64.845
6/12/19 9:36,64.204,58.5,11.2,64.845
6/12/19 9:36,64.204,58.5,11.2,64.845
6/12/19 9:36,64.204,58.6,11.2,64.845
6/12/19 9:36,64.204,58.6,11.2,64.845
6/12/19 9:36,64.204,58.6,11.2,64.845
6/12/19 9:36,64.204,58.5,11.2,64.845
6/12/19 9:36,64.204,58.5,11.2,64.845
6/12/19 9:36,64.204,58.6,11.2,64.845
6/12/19 9:36,64.204,58.6,11.2,64.845
6/12/19 9:36,64.204,58.6,11.2,64.845
6/12/19 9:36,64.204,58.6,11.2,64.845
6/12/19 9:36,64.204,58.6,11.2,64.845
6/12/19 9:36,64.204,58.5,11.2,64.845
6/12/19 9:36,64.204,58.6,11.2,64.845
6/12/19 9:36,64.204,58.6,11.2,64.888
6/12/19 9:36,64.247,58.6,11.2,64.888
6/12/19 9:36,64.247,58.6,11.2,64.888
6/12/19 9:36,64.247,58.6,11.2,64.888
6/12/19 9:36,64.247,58.6,11.2,64.888
6/12/19 9:36,64.247,58.6,11.2,64.888
6/12/19 9:36,64.247,58.6,11.2,64.888
6/12/19 9:36,64.204,58.5,11.2,64.888
6/12/19 9:36,64.247,58.6,11.2,64.888
6/12/19 9:36,64.247,58.6,11.2,64.888
6/12/19 9:37,64.247,58.6,11.2,64.888
6/12/19 9:37,64.247,58.5,11.2,64.888
6/12/19 9:37,64.247,58.6,11.2,64.888
6/12/19 9:37,64.247,58.6,11.2,64.888
6/12/19 9:37,64.247,58.6,11.2,64.888
6/12/19 9:37,64.247,58.6,11.2,64.888
6/12/19 9:37,64.247,58.6,11.2,64.888
6/12/19 9:37,64.247,58.5,11.2,64.888
6/12/19 9:37,64.247,58.6,11.2,64.888
6/12/19 9:37,64.247,58.6,11.2,64.888
6/12/19 9:37,64.247,58.6,11.2,64.888
6/12/19 9:37,64.247,58.6,11.2,64.888
6/12/19 9:37,64.247,58.6,11.2,64.888
6/12/19 9:37,64.247,58.6,11.2,64.888
6/12/19 9:37,64.247,58.6,11.2,64.888
6/12/19 9:37,64.247,58.6,11.2,64.888
6/12/19 9:37,64.247,58.6,11.2,64.888
6/12/19 9:37,64.247,58.6,11.2,64.888
6/12/19 9:37,64.247,58.6,11.2,64.888
6/12/19 9:37,64.247,58.6,11.2,64.931
6/12/19 9:37,64.247,58.6,11.2,64.888
6/12/19 9:37,64.247,58.6,11.2,64.931
6/12/19 9:37,64.288,58.6,11.2,64.931
6/12/19 9:37,64.247,58.6,11.2,64.931
6/12/19 9:37,64.288,58.6,11.2,64.931
6/12/19 9:37,64.247,58.6,11.2,64.931
6/12/19 9:37,64.247,58.6,11.2,64.931
6/12/19 9:37,64.288,58.6,11.2,64.931
6/12/19 9:37,64.288,58.6,11.2,64.931
6/12/19 9:37,64.288,58.6,11.2,64.931
6/12/19 9:37,64.288,58.6,11.2,64.931
6/12/19 9:37,64.288,58.6,11.2,64.931
6/12/19 9:37,64.288,58.6,11.2,64.931
6/12/19 9:37,64.288,58.6,11.2,64.931
6/12/19 9:37,64.288,58.6,11.2,64.931
6/12/19 9:37,64.288,58.6,11.2,64.931
6/12/19 9:37,64.288,58.6,11.2,64.931
6/12/19 9:37,64.288,58.6,11.2,64.931
6/12/19 9:37,64.288,58.6,11.2,64.931
6/12/19 9:37,64.288,58.6,13.7,64.931
6/12/19 9:37,64.288,58.6,13.7,64.931
6/12/19 9:37,64.288,58.5,13.7,64.931
6/12/19 9:37,64.288,58.6,13.7,64.974
6/12/19 9:37,64.288,58.5,16.2,64.931
6/12/19 9:37,64.288,58.6,16.2,64.974
6/12/19 9:37,64.288,58.6,16.2,64.974
6/12/19 9:37,64.288,58.6,16.2,64.974
6/12/19 9:37,64.288,58.6,16.2,64.974
6/12/19 9:37,64.288,58.6,16.2,64.974
6/12/19 9:37,64.288,58.6,16.2,64.974
6/12/19 9:37,64.288,58.6,18.7,64.974
6/12/19 9:37,64.288,58.6,18.7,64.974
6/12/19 9:37,64.288,58.6,18.7,64.974
6/12/19 9:37,64.288,58.6,18.7,64.974
6/12/19 9:37,64.288,58.5,18.7,64.974
6/12/19 9:37,64.288,58.5,16.2,64.974
6/12/19 9:37,64.288,58.6,16.2,64.974
6/12/19 9:37,64.288,58.6,16.2,64.974
6/12/19 9:37,64.332,58.5,16.2,65.017
6/12/19 9:37,64.288,58.5,16.2,64.974
6/12/19 9:38,64.288,58.6,16.2,64.974
6/12/19 9:38,64.332,58.6,16.2,65.017
6/12/19 9:38,64.332,58.6,16.2,65.017
6/12/19 9:38,64.332,58.6,16.2,65.017
6/12/19 9:38,64.332,58.5,16.2,65.017
6/12/19 9:38,64.332,58.6,16.2,65.017
6/12/19 9:38,64.332,58.6,16.2,65.017
6/12/19 9:38,64.332,58.5,16.2,65.017
6/12/19 9:38,64.332,58.7,16.2,65.017
6/12/19 9:38,64.332,58.6,18.7,65.059
6/12/19 9:38,64.332,58.5,18.7,65.059
6/12/19 9:38,64.332,58.6,16.2,65.059
6/12/19 9:38,64.332,58.5,18.7,65.059
6/12/19 9:38,64.332,58.5,18.7,65.059
6/12/19 9:38,64.332,58.5,16.2,65.059
6/12/19 9:38,64.332,58.5,18.7,65.059
6/12/19 9:38,64.332,58.6,16.2,65.059
6/12/19 9:38,64.332,58.5,18.7,65.059
6/12/19 9:38,64.375,58.6,18.7,65.102
6/12/19 9:38,64.375,58.6,18.7,65.102
6/12/19 9:38,64.375,58.6,18.7,65.102
6/12/19 9:38,64.332,58.5,18.7,65.102
6/12/19 9:38,64.375,58.6,18.7,65.102
6/12/19 9:38,64.375,58.5,16.2,65.102
6/12/19 9:38,64.375,58.6,18.7,65.102
6/12/19 9:38,64.375,58.5,18.7,65.102
6/12/19 9:38,64.375,58.6,18.7,65.145
6/12/19 9:38,64.375,58.6,18.7,65.145
6/12/19 9:38,64.375,58.6,18.7,65.145
6/12/19 9:38,64.375,58.6,16.2,65.145
6/12/19 9:38,64.375,58.6,18.7,65.145
6/12/19 9:38,64.375,58.6,18.7,65.145
6/12/19 9:38,64.375,58.6,18.7,65.145
6/12/19 9:38,64.375,58.6,18.7,65.145
6/12/19 9:38,64.375,58.6,18.7,65.145
6/12/19 9:38,64.375,58.6,18.7,65.145
6/12/19 9:38,64.375,58.6,16.2,65.145
6/12/19 9:38,64.375,58.6,13.7,65.145
6/12/19 9:38,64.375,58.6,13.7,65.145
6/12/19 9:38,64.375,58.6,16.2,65.145
6/12/19 9:38,64.418,58.6,16.2,65.145
6/12/19 9:38,64.375,58.6,16.2,65.145
6/12/19 9:38,64.418,58.6,16.2,65.145
6/12/19 9:38,64.418,58.6,16.2,65.145
6/12/19 9:38,64.418,58.6,16.2,65.188
6/12/19 9:38,64.418,58.6,16.2,65.23
6/12/19 9:38,64.418,58.6,16.2,65.23
6/12/19 9:38,64.418,58.6,13.7,65.23
6/12/19 9:38,64.418,58.6,16.2,65.273
6/12/19 9:38,64.418,58.6,21.2,65.273
6/12/19 9:38,64.418,58.6,21.2,65.316
6/12/19 9:38,64.418,58.7,21.2,65.316
6/12/19 9:38,64.418,58.7,21.2,65.359
6/12/19 9:38,64.418,58.8,21.2,65.359
6/12/19 9:38,64.418,58.8,21.2,65.359
6/12/19 9:38,64.418,58.7,21.2,65.359
6/12/19 9:38,64.418,58.7,21.2,65.403
6/12/19 9:38,64.459,58.7,21.2,65.403
6/12/19 9:38,64.459,58.8,21.2,65.359
6/12/19 9:38,64.459,58.8,21.2,65.359
6/12/19 9:39,64.459,58.8,21.2,65.359
6/12/19 9:39,64.459,58.8,21.2,65.359
6/12/19 9:39,64.459,58.8,21.2,65.359
6/12/19 9:39,64.459,58.8,21.2,65.359
6/12/19 9:39,64.459,58.8,21.2,65.359
6/12/19 9:39,64.459,58.8,21.2,65.359
6/12/19 9:39,64.459,58.8,21.2,65.359
6/12/19 9:39,64.459,58.8,21.2,65.403
6/12/19 9:39,64.459,58.8,21.2,65.403
6/12/19 9:39,64.459,58.8,21.2,65.403
6/12/19 9:39,64.503,58.8,21.2,65.403
6/12/19 9:39,64.459,58.9,18.7,65.403
6/12/19 9:39,64.459,58.9,16.2,65.403
6/12/19 9:39,64.503,58.9,16.2,65.403
6/12/19 9:39,64.503,58.9,21.2,65.359
6/12/19 9:39,64.503,58.8,21.2,65.403
6/12/19 9:39,64.503,58.9,21.2,65.359
6/12/19 9:39,64.503,58.9,23.7,65.359
6/12/19 9:39,64.503,58.9,23.7,65.359
6/12/19 9:39,64.503,58.9,23.7,65.359
6/12/19 9:39,64.503,58.9,26.2,65.359
6/12/19 9:39,64.503,58.8,26.2,65.359
6/12/19 9:39,64.503,58.8,26.2,65.359
6/12/19 9:39,64.503,58.8,26.2,65.359
6/12/19 9:39,64.503,58.8,26.2,65.316
6/12/19 9:39,64.503,58.8,26.2,65.359
6/12/19 9:39,64.503,58.8,26.2,65.359
6/12/19 9:39,64.503,58.8,26.2,65.316
6/12/19 9:39,64.503,58.8,26.2,65.359
6/12/19 9:39,64.503,58.8,26.2,65.359
6/12/19 9:39,64.503,58.8,26.2,65.359
6/12/19 9:39,64.503,58.8,26.2,65.359
6/12/19 9:39,64.503,58.8,26.2,65.359
6/12/19 9:39,64.546,58.8,26.2,65.359
6/12/19 9:39,64.546,58.8,26.2,65.359
6/12/19 9:39,64.503,58.8,26.2,65.403
6/12/19 9:39,64.546,58.8,26.2,65.359
6/12/19 9:39,64.546,58.8,26.2,65.359
6/12/19 9:39,64.546,58.8,26.2,65.403
6/12/19 9:39,64.546,58.7,26.2,65.403
6/12/19 9:39,64.546,58.8,26.2,65.403
6/12/19 9:39,64.546,58.7,26.2,65.403
6/12/19 9:39,64.546,58.7,26.2,65.359
6/12/19 9:39,64.546,58.7,26.2,65.359
6/12/19 9:39,64.546,58.7,23.7,65.359
6/12/19 9:39,64.546,58.7,23.7,65.359
6/12/19 9:39,64.546,58.7,23.7,65.359
6/12/19 9:39,64.546,58.7,23.7,65.359
6/12/19 9:39,64.546,58.7,23.7,65.359
6/12/19 9:39,64.546,58.7,23.7,65.359
6/12/19 9:39,64.546,58.7,23.7,65.359
6/12/19 9:39,64.546,58.7,23.7,65.359
6/12/19 9:39,64.546,58.7,23.7,65.359
6/12/19 9:39,64.546,58.7,23.7,65.403
6/12/19 9:39,64.546,58.7,23.7,65.359
6/12/19 9:39,64.546,58.8,23.7,65.359
6/12/19 9:39,64.546,58.8,23.7,65.403
6/12/19 9:39,64.546,58.8,23.7,65.403
6/12/19 9:39,64.546,58.8,23.7,65.359
6/12/19 9:39,64.546,58.7,23.7,65.359
6/12/19 9:40,64.589,58.7,23.7,65.359
6/12/19 9:40,64.589,58.8,23.7,65.359
6/12/19 9:40,64.589,58.7,23.7,65.359
6/12/19 9:40,64.546,58.7,23.7,65.359
6/12/19 9:40,64.589,58.7,23.7,65.316
6/12/19 9:40,64.589,58.7,23.7,65.359
6/12/19 9:40,64.589,58.7,23.7,65.359
6/12/19 9:40,64.589,58.7,23.7,65.316
6/12/19 9:40,64.589,58.7,23.7,65.359
6/12/19 9:40,64.589,58.6,23.7,65.359
6/12/19 9:40,64.589,58.6,23.7,65.359
6/12/19 9:40,64.589,58.6,23.7,65.359
6/12/19 9:40,64.589,58.6,23.7,65.359
6/12/19 9:40,64.589,58.6,23.7,65.359
6/12/19 9:40,64.589,58.6,23.7,65.359
6/12/19 9:40,64.589,58.6,23.7,65.359
6/12/19 9:40,64.589,58.6,23.7,65.359
6/12/19 9:40,64.589,58.6,23.7,65.359
6/12/19 9:40,64.589,58.6,23.7,65.359
6/12/19 9:40,64.589,58.6,23.7,65.359
6/12/19 9:40,64.589,58.6,23.7,65.359
6/12/19 9:40,64.589,58.6,23.7,65.359
6/12/19 9:40,64.589,58.6,23.7,65.359
6/12/19 9:40,64.589,58.6,23.7,65.403
6/12/19 9:40,64.589,58.6,23.7,65.403
6/12/19 9:40,64.589,58.6,23.7,65.403
6/12/19 9:40,64.589,58.5,21.2,65.403
6/12/19 9:40,64.589,58.5,26.2,65.403
6/12/19 9:40,64.632,58.5,26.2,65.403
6/12/19 9:40,64.589,58.5,26.2,65.403
6/12/19 9:40,64.632,58.5,26.2,65.403
6/12/19 9:40,64.589,58.5,23.7,65.403
6/12/19 9:40,64.632,58.5,21.2,65.403
6/12/19 9:40,64.632,58.5,26.2,65.403
6/12/19 9:40,64.632,58.5,1491.2,65.444
6/12/19 9:40,64.632,58.5,438.7,65.444
6/12/19 9:40,64.632,58.5,1931.2,65.487
6/12/19 9:40,64.632,58.5,1931.2,65.487
6/12/19 9:40,64.632,58.5,1968.7,65.53
6/12/19 9:40,64.632,58.5,1718.7,65.574
6/12/19 9:40,64.632,58.4,1623.7,65.658
6/12/19 9:40,64.632,58.4,1416.2,65.701
6/12/19 9:40,64.632,58.3,1466.2,65.788
6/12/19 9:40,64.632,58.3,1468.7,65.916
6/12/19 9:40,64.674,58.2,1468.7,66.087
6/12/19 9:40,64.674,58.2,1468.7,66.214
6/12/19 9:40,64.674,58.2,1468.7,66.258
6/12/19 9:40,64.674,58.2,1468.7,66.344
6/12/19 9:40,64.674,58.2,1468.7,66.385
6/12/19 9:40,64.674,58.1,1471.2,66.429
6/12/19 9:40,64.674,58.1,1468.7,66.515
6/12/19 9:40,64.674,58.2,1466.2,66.558
6/12/19 9:40,64.674,58.1,1466.2,66.6
6/12/19 9:40,64.717,58.1,1466.2,66.643
6/12/19 9:40,64.717,58.2,1468.7,66.686
6/12/19 9:40,64.717,58.2,1468.7,66.729
6/12/19 9:40,64.717,58.2,1468.7,66.814
6/12/19 9:40,64.76,58.2,1468.7,66.857
6/12/19 9:40,64.76,58.1,1468.7,66.9
6/12/19 9:40,64.76,58.1,1468.7,66.943
6/12/19 9:41,64.76,58,1468.7,66.985
6/12/19 9:41,64.76,58,1471.2,67.028
6/12/19 9:41,64.803,58,1471.2,67.071
6/12/19 9:41,64.803,57.9,1471.2,67.114
6/12/19 9:41,64.803,57.9,1471.2,67.158
6/12/19 9:41,64.803,57.9,1471.2,67.199
6/12/19 9:41,64.803,57.8,1473.7,67.242
6/12/19 9:41,64.845,57.8,1468.7,67.285
6/12/19 9:41,64.845,57.7,1473.7,67.329
6/12/19 9:41,64.845,57.6,1471.2,67.372
6/12/19 9:41,64.845,57.7,1473.7,67.413
6/12/19 9:41,64.845,57.6,1471.2,67.456
6/12/19 9:41,64.888,57.6,1476.2,67.5
6/12/19 9:41,64.888,57.6,1471.2,67.586
6/12/19 9:41,64.888,57.5,1473.7,67.627
6/12/19 9:41,64.888,57.5,1471.2,67.671
6/12/19 9:41,64.931,57.4,1473.7,67.714
6/12/19 9:41,64.931,57.4,1471.2,67.757
6/12/19 9:41,64.931,57.3,1473.7,67.798
6/12/19 9:41,64.931,57.2,1471.2,67.885
6/12/19 9:41,64.931,57.1,1473.7,67.928
6/12/19 9:41,64.931,57.1,1471.2,67.971
6/12/19 9:41,64.974,57,1473.7,68.013
6/12/19 9:41,64.974,57,1473.7,68.056
6/12/19 9:41,64.974,56.9,1471.2,68.056
6/12/19 9:41,64.974,56.8,1476.2,68.099
6/12/19 9:41,65.017,56.7,1473.7,68.142
6/12/19 9:41,65.017,56.7,1476.2,68.185
6/12/19 9:41,65.017,56.6,1473.7,68.227
6/12/19 9:41,65.017,56.6,1473.7,68.27
6/12/19 9:41,65.017,56.5,1473.7,68.313
6/12/19 9:41,65.017,56.4,1476.2,68.356
6/12/19 9:41,65.017,56.4,1476.2,68.4
6/12/19 9:41,65.059,56.2,1478.7,68.484
6/12/19 9:41,65.059,56.2,1478.7,68.527
6/12/19 9:41,65.059,56.2,1478.7,68.571
6/12/19 9:41,65.059,56.2,1478.7,68.614
6/12/19 9:41,65.059,56.2,1478.7,68.657
6/12/19 9:41,65.059,56.2,1478.7,68.698
6/12/19 9:41,65.059,56.2,1476.2,68.742
6/12/19 9:41,65.102,56.2,1476.2,68.828
6/12/19 9:41,65.102,56.3,1478.7,68.871
6/12/19 9:41,65.102,56.4,1478.7,68.913
6/12/19 9:41,65.102,56.4,1478.7,68.956
6/12/19 9:41,65.145,56.4,1481.2,68.999
6/12/19 9:41,65.145,56.3,1481.2,69.042
6/12/19 9:41,65.145,56.3,1483.7,69.085
6/12/19 9:41,65.145,56.3,1478.7,69.129
6/12/19 9:41,65.188,56.3,1478.7,69.17
6/12/19 9:41,65.188,56.2,1476.2,69.256
6/12/19 9:41,65.188,56.2,1478.7,69.3
6/12/19 9:41,65.188,56.1,1478.7,69.343
6/12/19 9:41,65.188,56.1,1478.7,69.386
6/12/19 9:41,65.188,56.1,1478.7,69.427
6/12/19 9:41,65.23,56.1,1478.7,69.471
6/12/19 9:41,65.23,56,1476.2,69.514
6/12/19 9:41,65.23,56,1478.7,69.557
6/12/19 9:41,65.23,55.9,1481.2,69.6
6/12/19 9:41,65.273,55.9,1478.7,69.643
6/12/19 9:41,65.273,55.9,1481.2,69.643
6/12/19 9:42,65.273,55.9,1481.2,69.685
6/12/19 9:42,65.273,55.9,1478.7,69.771
6/12/19 9:42,65.273,55.9,1478.7,69.771
6/12/19 9:42,65.316,55.9,1481.2,69.814
6/12/19 9:42,65.316,55.9,1478.7,69.901
6/12/19 9:42,65.316,55.9,1478.7,69.901
6/12/19 9:42,65.316,55.9,1478.7,69.942
6/12/19 9:42,65.316,55.9,1478.7,69.985
6/12/19 9:42,65.359,55.9,1478.7,70.029
6/12/19 9:42,65.359,55.9,1481.2,70.072
6/12/19 9:42,65.359,55.9,1481.2,70.115
6/12/19 9:42,65.359,55.9,1483.7,70.158
6/12/19 9:42,65.359,55.9,1478.7,70.201
6/12/19 9:42,65.403,55.9,1478.7,70.243
6/12/19 9:42,65.403,55.9,1478.7,70.286
6/12/19 9:42,65.403,55.9,1481.2,70.329
6/12/19 9:42,65.403,55.9,1478.7,70.372
6/12/19 9:42,65.403,55.9,1481.2,70.416
6/12/19 9:42,65.444,55.9,1478.7,70.459
6/12/19 9:42,65.444,55.9,1473.7,70.502
6/12/19 9:42,65.444,55.9,1473.7,70.543
6/12/19 9:42,65.444,55.9,1476.2,70.587
6/12/19 9:42,65.487,55.9,1476.2,70.63
6/12/19 9:42,65.487,55.9,1478.7,70.63
6/12/19 9:42,65.487,56,1476.2,70.673
6/12/19 9:42,65.487,56,1473.7,70.716
6/12/19 9:42,65.53,56,1471.2,70.759
6/12/19 9:42,65.53,56,1473.7,70.759
6/12/19 9:42,65.53,56,1471.2,70.803
6/12/19 9:42,65.53,56,1471.2,70.803
6/12/19 9:42,65.574,56.1,1473.7,70.846
6/12/19 9:42,65.574,56.1,1471.2,70.846
6/12/19 9:42,65.574,56.1,1471.2,70.887
6/12/19 9:42,65.574,56.1,1471.2,70.887
6/12/19 9:42,65.574,56.1,1471.2,70.887
6/12/19 9:42,65.615,56.1,1471.2,70.93
6/12/19 9:42,65.615,56.1,1471.2,70.93
6/12/19 9:42,65.615,56.1,1473.7,70.93
6/12/19 9:42,65.658,56.1,1471.2,70.93
6/12/19 9:42,65.658,56.1,1473.7,70.887
6/12/19 9:42,65.658,56.1,1473.7,70.887
6/12/19 9:42,65.658,56.1,1468.7,70.887
6/12/19 9:42,65.658,56.1,1471.2,70.887
6/12/19 9:42,65.701,56.1,1471.2,70.887
6/12/19 9:42,65.701,56.1,1471.2,70.887
6/12/19 9:42,65.701,56.1,1471.2,70.887
6/12/19 9:42,65.701,56.1,1471.2,70.93
6/12/19 9:42,65.745,56.1,1473.7,70.93
6/12/19 9:42,65.745,56.1,1471.2,70.974
6/12/19 9:42,65.745,56.1,1476.2,70.974
6/12/19 9:42,65.745,56.1,1473.7,70.974
6/12/19 9:42,65.745,56.1,1473.7,71.017
6/12/19 9:42,65.788,56.1,1473.7,71.06
6/12/19 9:42,65.788,56.1,1471.2,71.06
6/12/19 9:42,65.788,56.1,1473.7,71.103
6/12/19 9:42,65.829,56.1,1473.7,71.146
6/12/19 9:42,65.829,56.1,1471.2,71.146
6/12/19 9:42,65.829,56.1,1473.7,71.146
6/12/19 9:42,65.829,56.1,1466.2,71.146
6/12/19 9:42,65.829,56.1,1478.7,71.103
6/12/19 9:43,65.872,56.1,1478.7,71.103
6/12/19 9:43,65.872,56.1,1476.2,71.06
6/12/19 9:43,65.872,56.1,1473.7,71.017
6/12/19 9:43,65.872,56.1,1476.2,70.974
6/12/19 9:43,65.916,56,1478.7,70.93
6/12/19 9:43,65.916,55.9,1478.7,70.887
6/12/19 9:43,65.916,55.8,1481.2,70.846
6/12/19 9:43,65.916,55.7,1476.2,70.803
6/12/19 9:43,65.916,55.7,1473.7,70.759
6/12/19 9:43,65.959,55.6,1478.7,70.716
6/12/19 9:43,65.959,55.5,1478.7,70.673
6/12/19 9:43,65.959,55.5,1478.7,70.63
6/12/19 9:43,65.959,55.4,1478.7,70.63
6/12/19 9:43,65.959,55.3,1481.2,70.587
6/12/19 9:43,65.959,55.2,1478.7,70.587
6/12/19 9:43,65.959,55.1,1481.2,70.587
6/12/19 9:43,65.959,55.1,1478.7,70.587
6/12/19 9:43,65.959,55,1478.7,70.587
6/12/19 9:43,65.959,55,1478.7,70.63
6/12/19 9:43,65.959,54.8,1478.7,70.63
6/12/19 9:43,65.959,54.8,1478.7,70.63
6/12/19 9:43,65.959,54.7,1481.2,70.63
6/12/19 9:43,65.959,54.7,1478.7,70.63
6/12/19 9:43,65.959,54.7,1478.7,70.63
6/12/19 9:43,65.959,54.6,1481.2,70.587
6/12/19 9:43,65.959,54.6,1478.7,70.543
6/12/19 9:43,65.959,54.5,1481.2,70.502
6/12/19 9:43,65.959,54.5,1481.2,70.459
6/12/19 9:43,65.959,54.5,1478.7,70.416
6/12/19 9:43,65.959,54.5,1481.2,70.372
6/12/19 9:43,66,54.5,1481.2,70.329
6/12/19 9:43,65.959,54.5,1478.7,70.329
6/12/19 9:43,65.959,54.5,1478.7,70.286
6/12/19 9:43,65.959,54.5,1481.2,70.286
6/12/19 9:43,65.959,54.5,1481.2,70.243
6/12/19 9:43,66,54.5,1478.7,70.243
6/12/19 9:43,66,54.5,1476.2,70.243
6/12/19 9:43,66,54.4,1473.7,70.243
6/12/19 9:43,66,54.5,1473.7,70.201
6/12/19 9:43,66,54.6,1476.2,70.201
6/12/19 9:43,66,54.6,1473.7,70.243
6/12/19 9:43,66,54.7,1476.2,70.243
6/12/19 9:43,66,54.8,1478.7,70.286
6/12/19 9:43,66,55,1481.2,70.286
6/12/19 9:43,66,55.1,1481.2,70.329
6/12/19 9:43,66,55.1,1483.7,70.372
6/12/19 9:43,66,55,1483.7,70.372
6/12/19 9:43,66,55,1483.7,70.416
6/12/19 9:43,66,55.1,1481.2,70.459
6/12/19 9:43,66,55.1,1478.7,70.502
6/12/19 9:43,66,55,1478.7,70.543
6/12/19 9:43,66.043,55,1478.7,70.587
6/12/19 9:43,66.043,54.9,1476.2,70.587
6/12/19 9:43,66.043,54.8,1478.7,70.63
6/12/19 9:43,66.043,54.8,1478.7,70.673
6/12/19 9:43,66.043,54.7,1481.2,70.716
6/12/19 9:43,66.043,54.7,1478.7,70.716
6/12/19 9:43,66.043,54.6,1483.7,70.759
6/12/19 9:43,66.043,54.7,1486.2,70.803
6/12/19 9:43,66.043,54.7,1488.7,70.803
6/12/19 9:44,66.043,54.7,1486.2,70.846
6/12/19 9:44,66.043,54.7,1483.7,70.803
6/12/19 9:44,66.043,54.8,1483.7,70.803
6/12/19 9:44,66.043,54.8,1483.7,70.759
6/12/19 9:44,66.043,54.9,1481.2,70.759
6/12/19 9:44,66.043,54.9,1478.7,70.759
6/12/19 9:44,66.043,55,1478.7,70.716
6/12/19 9:44,66.043,55.1,1476.2,70.716
6/12/19 9:44,66.043,55.1,1473.7,70.716
6/12/19 9:44,66.043,55.1,1471.2,70.716
6/12/19 9:44,66.043,55,1468.7,70.673
6/12/19 9:44,66.043,55,1471.2,70.673
6/12/19 9:44,66.087,55.1,1466.2,70.673
6/12/19 9:44,66.087,55,1463.7,70.673
6/12/19 9:44,66.087,55.1,1463.7,70.673
6/12/19 9:44,66.043,55.1,1461.2,70.673
6/12/19 9:44,66.043,55.1,1458.7,70.63
6/12/19 9:44,66.087,55.1,1456.2,70.63
6/12/19 9:44,66.087,55.1,1453.7,70.587
6/12/19 9:44,66.087,55,1453.7,70.587
6/12/19 9:44,66.087,55.1,1451.2,70.587
6/12/19 9:44,66.087,55.2,1451.2,70.543
6/12/19 9:44,66.087,55.3,1448.7,70.502
6/12/19 9:44,66.087,55.4,1446.2,70.459
6/12/19 9:44,66.087,55.5,1441.2,70.459
6/12/19 9:44,66.087,55.6,1441.2,70.372
6/12/19 9:44,66.087,55.6,1446.2,70.329
6/12/19 9:44,66.087,55.6,1448.7,70.329
6/12/19 9:44,66.087,55.7,1451.2,70.286
6/12/19 9:44,66.087,55.6,1441.2,70.286
6/12/19 9:44,66.087,55.6,1446.2,70.286
6/12/19 9:44,66.087,55.6,1441.2,70.286
6/12/19 9:44,66.087,55.7,1441.2,70.243
6/12/19 9:44,66.13,55.7,1438.7,70.243
6/12/19 9:44,66.13,55.7,1446.2,70.243
6/12/19 9:44,66.13,55.7,1438.7,70.201
6/12/19 9:44,66.13,55.7,1446.2,70.201
6/12/19 9:44,66.13,55.7,1451.2,70.158
6/12/19 9:44,66.13,55.7,1456.2,70.158
6/12/19 9:44,66.13,55.6,1458.7,70.115
6/12/19 9:44,66.13,55.7,1456.2,70.115
6/12/19 9:44,66.13,55.6,1456.2,70.115
6/12/19 9:44,66.13,55.5,1456.2,70.072
6/12/19 9:44,66.13,55.5,1458.7,70.072
6/12/19 9:44,66.13,55.4,1458.7,70.072
6/12/19 9:44,66.13,55.3,1458.7,70.072
6/12/19 9:44,66.13,55.3,1463.7,70.072
6/12/19 9:44,66.13,55.2,1463.7,70.072
6/12/19 9:44,66.13,55.1,1463.7,70.072
6/12/19 9:44,66.13,55.1,1463.7,70.115
6/12/19 9:44,66.13,55,1466.2,70.115
6/12/19 9:44,66.13,55,1463.7,70.115
6/12/19 9:44,66.13,55.1,1461.2,70.115
6/12/19 9:44,66.13,55.1,1461.2,70.115
6/12/19 9:44,66.13,55.1,1461.2,70.158
6/12/19 9:44,66.13,55.1,1456.2,70.158
6/12/19 9:44,66.13,55.1,1456.2,70.158
6/12/19 9:44,66.13,55.1,1453.7,70.201
6/12/19 9:44,66.13,55.1,1448.7,70.201
6/12/19 9:44,66.13,55,1456.2,70.243
6/12/19 9:45,66.13,55,1458.7,70.286
6/12/19 9:45,66.13,55.1,1458.7,70.329
6/12/19 9:45,66.13,55.1,1453.7,70.372
6/12/19 9:45,66.173,55.2,1453.7,70.416
6/12/19 9:45,66.13,55.3,1453.7,70.416
6/12/19 9:45,66.173,55.4,1456.2,70.459
6/12/19 9:45,66.173,55.5,1456.2,70.502
6/12/19 9:45,66.173,55.6,1456.2,70.502
6/12/19 9:45,66.173,55.7,1456.2,70.543
6/12/19 9:45,66.173,55.7,1458.7,70.543
6/12/19 9:45,66.173,55.8,1453.7,70.502
6/12/19 9:45,66.173,55.8,1451.2,70.502
6/12/19 9:45,66.173,56,1453.7,70.459
6/12/19 9:45,66.214,55.9,1453.7,70.459
6/12/19 9:45,66.214,56.1,1456.2,70.459
6/12/19 9:45,66.214,56.1,1453.7,70.416
6/12/19 9:45,66.214,56.1,1453.7,70.416
6/12/19 9:45,66.214,56.2,1451.2,70.372
6/12/19 9:45,66.214,56.1,1451.2,70.372
6/12/19 9:45,66.214,56.1,1448.7,70.329
6/12/19 9:45,66.258,56.1,1448.7,70.286
6/12/19 9:45,66.258,56.1,1448.7,70.286
6/12/19 9:45,66.258,56.1,1451.2,70.286
6/12/19 9:45,66.258,56,1448.7,70.243
6/12/19 9:45,66.258,56,1451.2,70.201
6/12/19 9:45,66.258,56,1448.7,70.201
6/12/19 9:45,66.258,56,1451.2,70.158
6/12/19 9:45,66.258,56,1448.7,70.115
6/12/19 9:45,66.258,56,1448.7,70.072
6/12/19 9:45,66.258,56,1451.2,70.029
6/12/19 9:45,66.258,56,1443.7,70.029
6/12/19 9:45,66.301,55.9,1443.7,70.029
6/12/19 9:45,66.301,55.9,1441.2,70.029
6/12/19 9:45,66.301,55.9,1438.7,70.029
6/12/19 9:45,66.301,55.9,1436.2,70.029
6/12/19 9:45,66.301,55.8,1436.2,70.029
6/12/19 9:45,66.301,55.8,1436.2,70.029
6/12/19 9:45,66.301,55.8,1438.7,70.072
6/12/19 9:45,66.301,55.7,1441.2,70.115
6/12/19 9:45,66.301,55.7,1443.7,70.115
6/12/19 9:45,66.301,55.7,1446.2,70.158
6/12/19 9:45,66.301,55.7,1446.2,70.201
6/12/19 9:45,66.301,55.7,1443.7,70.201
6/12/19 9:45,66.301,55.7,1446.2,70.243
6/12/19 9:45,66.301,55.7,1443.7,70.286
6/12/19 9:45,66.301,55.7,1446.2,70.372
6/12/19 9:45,66.301,55.7,1443.7,70.416
6/12/19 9:45,66.301,55.7,1438.7,70.459
6/12/19 9:45,66.301,55.7,1436.2,70.502
6/12/19 9:45,66.301,55.7,1436.2,70.543
6/12/19 9:45,66.301,55.7,1436.2,70.587
6/12/19 9:45,66.301,55.7,1433.7,70.63
6/12/19 9:45,66.344,55.7,1433.7,70.63
6/12/19 9:45,66.344,55.7,1431.2,70.673
6/12/19 9:45,66.344,55.7,1433.7,70.673
6/12/19 9:45,66.344,55.7,1431.2,70.716
6/12/19 9:45,66.344,55.6,1433.7,70.716
6/12/19 9:45,66.344,55.6,1436.2,70.759
6/12/19 9:45,66.344,55.6,1438.7,70.759
6/12/19 9:45,66.344,55.7,1436.2,70.759
6/12/19 9:46,66.344,55.7,1433.7,70.803
6/12/19 9:46,66.344,55.6,1433.7,70.803
6/12/19 9:46,66.385,55.6,1433.7,70.803
6/12/19 9:46,66.344,55.6,1431.2,70.803
6/12/19 9:46,66.385,55.6,1433.7,70.846
6/12/19 9:46,66.385,55.6,1436.2,70.846
6/12/19 9:46,66.385,55.6,1438.7,70.846
6/12/19 9:46,66.385,55.5,1438.7,70.846
6/12/19 9:46,66.385,55.5,1443.7,70.846
6/12/19 9:46,66.385,55.5,1451.2,70.846
6/12/19 9:46,66.385,55.5,1453.7,70.846
6/12/19 9:46,66.429,55.4,1458.7,70.846
6/12/19 9:46,66.429,55.4,1456.2,70.887
6/12/19 9:46,66.429,55.4,1453.7,70.887
6/12/19 9:46,66.429,55.4,1453.7,70.887
6/12/19 9:46,66.429,55.4,1451.2,70.93
6/12/19 9:46,66.429,55.4,1451.2,70.93
6/12/19 9:46,66.429,55.4,1453.7,70.93
6/12/19 9:46,66.429,55.4,1458.7,70.974
6/12/19 9:46,66.429,55.4,1463.7,70.974
6/12/19 9:46,66.429,55.5,1466.2,71.017
6/12/19 9:46,66.472,55.5,1466.2,71.017
6/12/19 9:46,66.429,55.5,1466.2,71.017
6/12/19 9:46,66.472,55.5,1466.2,71.017
6/12/19 9:46,66.472,55.6,1463.7,71.017
6/12/19 9:46,66.472,55.6,1461.2,71.017
6/12/19 9:46,66.472,55.6,1463.7,71.017
6/12/19 9:46,66.472,55.6,1461.2,71.017
6/12/19 9:46,66.472,55.6,1456.2,71.017
6/12/19 9:46,66.515,55.6,1456.2,71.017
6/12/19 9:46,66.515,55.6,1453.7,71.017
6/12/19 9:46,66.515,55.6,1456.2,71.017
6/12/19 9:46,66.515,55.6,1456.2,71.017
6/12/19 9:46,66.515,55.6,1453.7,71.06
6/12/19 9:46,66.515,55.7,1453.7,71.06
6/12/19 9:46,66.515,55.7,1451.2,71.103
6/12/19 9:46,66.515,55.7,1456.2,71.103
6/12/19 9:46,66.515,55.6,1463.7,71.103
6/12/19 9:46,66.515,55.7,1463.7,71.146
6/12/19 9:46,66.515,55.7,1466.2,71.146
6/12/19 9:46,66.515,55.7,1466.2,71.146
6/12/19 9:46,66.515,55.7,1466.2,71.146
6/12/19 9:46,66.515,55.6,1466.2,71.146
6/12/19 9:46,66.515,55.6,1466.2,71.146
6/12/19 9:46,66.515,55.6,1468.7,71.146
6/12/19 9:46,66.515,55.6,1468.7,71.146
6/12/19 9:46,66.515,55.6,1471.2,71.146
6/12/19 9:46,66.515,55.6,1471.2,71.103
6/12/19 9:46,66.515,55.5,1471.2,71.103
6/12/19 9:46,66.515,55.5,1473.7,71.06
6/12/19 9:46,66.515,55.5,1473.7,71.06
6/12/19 9:46,66.515,55.5,1476.2,71.017
6/12/19 9:46,66.515,55.4,1478.7,70.974
6/12/19 9:46,66.515,55.4,1478.7,70.93
6/12/19 9:46,66.515,55.4,1478.7,70.887
6/12/19 9:46,66.558,55.4,1478.7,70.887
6/12/19 9:46,66.558,55.4,1478.7,70.846
6/12/19 9:46,66.558,55.3,1478.7,70.803
6/12/19 9:46,66.558,55.3,1476.2,70.759
6/12/19 9:46,66.558,55.3,1476.2,70.759
6/12/19 9:47,66.558,55.3,1478.7,70.716
6/12/19 9:47,66.558,55.3,1486.2,70.716
6/12/19 9:47,66.558,55.3,1486.2,70.716
6/12/19 9:47,66.558,55.2,1486.2,70.716
6/12/19 9:47,66.558,55.2,1486.2,70.716
6/12/19 9:47,66.558,55.2,1483.7,70.759
6/12/19 9:47,66.558,55.1,1478.7,70.759
6/12/19 9:47,66.558,55.1,1478.7,70.759
6/12/19 9:47,66.558,55.1,1481.2,70.803
6/12/19 9:47,66.558,55.1,1481.2,70.846
6/12/19 9:47,66.558,55,1478.7,70.846
6/12/19 9:47,66.558,55,1476.2,70.887
6/12/19 9:47,66.558,55.1,1471.2,70.93
6/12/19 9:47,66.558,55.1,1468.7,70.93
6/12/19 9:47,66.558,55.1,1466.2,70.974
6/12/19 9:47,66.558,55.1,1466.2,70.974
6/12/19 9:47,66.6,55,1466.2,71.017
6/12/19 9:47,66.6,55,1466.2,71.06
6/12/19 9:47,66.6,55,1468.7,71.06
6/12/19 9:47,66.6,55,1471.2,71.103
6/12/19 9:47,66.6,55,1468.7,71.146
6/12/19 9:47,66.6,55,1468.7,71.146
6/12/19 9:47,66.6,55,1463.7,71.19
6/12/19 9:47,66.6,55,1458.7,71.231
6/12/19 9:47,66.6,55,1458.7,71.274
6/12/19 9:47,66.6,55,1456.2,71.317
6/12/19 9:47,66.6,55,1453.7,71.361
6/12/19 9:47,66.6,55,1453.7,71.404
6/12/19 9:47,66.6,55,1456.2,71.404
6/12/19 9:47,66.643,55,1458.7,71.49
6/12/19 9:47,66.643,55,1461.2,71.49
6/12/19 9:47,66.643,55,1466.2,71.533
6/12/19 9:47,66.643,55,1468.7,71.577
6/12/19 9:47,66.643,55,1471.2,71.62
6/12/19 9:47,66.643,55,1471.2,71.661
6/12/19 9:47,66.643,55,1473.7,71.661
6/12/19 9:47,66.686,55,1473.7,71.704
6/12/19 9:47,66.686,55,1473.7,71.748
6/12/19 9:47,66.686,55,1471.2,71.748
6/12/19 9:47,66.686,55,1468.7,71.791
6/12/19 9:47,66.686,55,1468.7,71.791
6/12/19 9:47,66.729,55,1468.7,71.834
6/12/19 9:47,66.729,55,1468.7,71.877
6/12/19 9:47,66.729,55,1468.7,71.877
6/12/19 9:47,66.729,55.1,1466.2,71.92
6/12/19 9:47,66.729,55.1,1463.7,71.964
6/12/19 9:47,66.772,55.1,1466.2,72.007
6/12/19 9:47,66.772,55.1,1466.2,72.007
6/12/19 9:47,66.772,55.1,1463.7,72.05
6/12/19 9:47,66.772,55.1,1466.2,72.05
6/12/19 9:47,66.772,55.1,1463.7,72.05
6/12/19 9:47,66.772,55.1,1463.7,72.05
6/12/19 9:47,66.814,55.1,1468.7,72.05
6/12/19 9:47,66.814,55.1,1471.2,72.093
6/12/19 9:47,66.814,55.1,1473.7,72.093
6/12/19 9:47,66.814,55.1,1476.2,72.093
6/12/19 9:47,66.857,55.1,1476.2,72.093
6/12/19 9:47,66.857,55.1,1476.2,72.136
6/12/19 9:47,66.857,55.1,1478.7,72.178
6/12/19 9:47,66.857,55.1,1481.2,72.221
6/12/19 9:48,66.857,55.1,1483.7,72.264
6/12/19 9:48,66.9,55,1486.2,72.307
6/12/19 9:48,66.9,55,1486.2,72.351
6/12/19 9:48,66.9,55,1488.7,72.394
6/12/19 9:48,66.9,55.1,1488.7,72.394
6/12/19 9:48,66.9,55,1483.7,72.437
6/12/19 9:48,66.9,55,1481.2,72.48
6/12/19 9:48,66.943,55.1,1473.7,72.523
6/12/19 9:48,66.943,55,1471.2,72.567
6/12/19 9:48,66.943,55,1466.2,72.61
6/12/19 9:48,66.943,55,1463.7,72.653
6/12/19 9:48,66.943,55.1,1463.7,72.696
6/12/19 9:48,66.943,55.1,1463.7,72.783
6/12/19 9:48,66.985,55,1461.2,72.826
6/12/19 9:48,66.985,55,1458.7,72.869
6/12/19 9:48,66.985,55.1,1461.2,72.955
6/12/19 9:48,66.985,55.1,1461.2,72.997
6/12/19 9:48,66.985,55.2,1466.2,73.04
6/12/19 9:48,67.028,55.2,1466.2,73.083
6/12/19 9:48,67.028,55.1,1471.2,73.126
6/12/19 9:48,67.028,55.2,1473.7,73.213
6/12/19 9:48,67.028,55.2,1473.7,73.213
6/12/19 9:48,67.071,55.2,1473.7,73.256
6/12/19 9:48,67.071,55.2,1476.2,73.256
6/12/19 9:48,67.071,55.2,1473.7,73.299
6/12/19 9:48,67.071,55.2,1473.7,73.299
6/12/19 9:48,67.114,55.2,1473.7,73.299
6/12/19 9:48,67.114,55.2,1473.7,73.299
6/12/19 9:48,67.114,55.2,1473.7,73.299
6/12/19 9:48,67.114,55.2,1473.7,73.256
6/12/19 9:48,67.114,55.2,1471.2,73.256
6/12/19 9:48,67.114,55.2,1468.7,73.256
6/12/19 9:48,67.158,55.1,1466.2,73.213
6/12/19 9:48,67.158,55.1,1468.7,73.17
6/12/19 9:48,67.158,55.1,1468.7,73.126
6/12/19 9:48,67.158,55.1,1466.2,73.126
6/12/19 9:48,67.158,55.1,1468.7,73.083
6/12/19 9:48,67.158,55.1,1468.7,73.083
6/12/19 9:48,67.199,55,1466.2,73.083
6/12/19 9:48,67.199,55,1468.7,73.126
6/12/19 9:48,67.199,55,1468.7,73.126
6/12/19 9:48,67.199,55,1468.7,73.126
6/12/19 9:48,67.199,55,1468.7,73.126
6/12/19 9:48,67.242,55,1466.2,73.17
6/12/19 9:48,67.242,55,1463.7,73.213
6/12/19 9:48,67.242,55,1466.2,73.256
6/12/19 9:48,67.242,55,1471.2,73.299
6/12/19 9:48,67.242,55,1468.7,73.386
6/12/19 9:48,67.242,55,1468.7,73.429
6/12/19 9:48,67.285,55,1468.7,73.472
6/12/19 9:48,67.285,55.1,1468.7,73.558
6/12/19 9:48,67.285,55.1,1471.2,73.602
6/12/19 9:48,67.285,55.2,1468.7,73.645
6/12/19 9:48,67.285,55.2,1466.2,73.731
6/12/19 9:48,67.329,55.1,1466.2,73.774
6/12/19 9:48,67.329,55.2,1468.7,73.818
6/12/19 9:48,67.329,55.2,1468.7,73.861
6/12/19 9:48,67.329,55.2,1468.7,73.947
6/12/19 9:48,67.372,55.3,1471.2,73.947
6/12/19 9:48,67.372,55.4,1471.2,73.99
6/12/19 9:49,67.372,55.4,1473.7,73.99
6/12/19 9:49,67.372,55.6,1473.7,73.99
6/12/19 9:49,67.413,55.8,1476.2,74.034
6/12/19 9:49,67.413,55.8,1473.7,74.034
6/12/19 9:49,67.413,56,1478.7,74.077
6/12/19 9:49,67.456,56,1481.2,74.077
6/12/19 9:49,67.456,56.1,1486.2,74.12
6/12/19 9:49,67.456,56.1,1483.7,74.12
6/12/19 9:49,67.456,56.1,1488.7,74.163
6/12/19 9:49,67.5,56,1491.2,74.163
6/12/19 9:49,67.5,56,1491.2,74.163
6/12/19 9:49,67.5,55.9,1491.2,74.206
6/12/19 9:49,67.5,55.8,1493.7,74.206
6/12/19 9:49,67.543,55.8,1488.7,74.25
6/12/19 9:49,67.543,55.7,1488.7,74.25
6/12/19 9:49,67.543,55.8,1496.2,74.25
6/12/19 9:49,67.543,55.7,1496.2,74.25
6/12/19 9:49,67.586,55.5,1496.2,74.25
6/12/19 9:49,67.543,55.3,1498.7,74.25
6/12/19 9:49,67.586,55.2,1501.2,74.25
6/12/19 9:49,67.586,55,1501.2,74.25
6/12/19 9:49,67.586,54.9,1503.7,74.25
6/12/19 9:49,67.586,54.8,1503.7,74.25
6/12/19 9:49,67.586,54.8,1506.2,74.25
6/12/19 9:49,67.586,54.7,1508.7,74.25
6/12/19 9:49,67.586,54.7,1511.2,74.25
6/12/19 9:49,67.586,54.6,1511.2,74.25
6/12/19 9:49,67.586,54.6,1513.7,74.25
6/12/19 9:49,67.586,54.5,1516.2,74.25
6/12/19 9:49,67.586,54.2,1516.2,74.25
6/12/19 9:49,67.586,54.1,1521.2,74.25
6/12/19 9:49,67.586,54,1523.7,74.25
6/12/19 9:49,67.586,53.8,1521.2,74.25
6/12/19 9:49,67.586,53.6,1521.2,74.295
6/12/19 9:49,67.586,53.5,1521.2,74.295
6/12/19 9:49,67.586,53.4,1521.2,74.295
6/12/19 9:49,67.586,53.3,1521.2,74.338
6/12/19 9:49,67.543,53.2,1521.2,74.338
6/12/19 9:49,67.543,53.1,1521.2,74.381
6/12/19 9:49,67.543,53,1521.2,74.424
6/12/19 9:49,67.543,53,1523.7,74.424
6/12/19 9:49,67.543,52.9,1523.7,74.424
6/12/19 9:49,67.543,52.8,1523.7,74.467
6/12/19 9:49,67.543,52.9,1523.7,74.511
6/12/19 9:49,67.5,52.8,1526.2,74.511
6/12/19 9:49,67.5,52.7,1526.2,74.554
6/12/19 9:49,67.5,52.7,1526.2,74.597
6/12/19 9:49,67.5,52.6,1526.2,74.597
6/12/19 9:49,67.5,52.7,1526.2,74.64
6/12/19 9:49,67.5,52.7,1526.2,74.64
6/12/19 9:49,67.456,52.7,1526.2,74.683
6/12/19 9:49,67.456,52.7,1526.2,74.683
6/12/19 9:49,67.456,52.7,1526.2,74.727
6/12/19 9:49,67.456,52.7,1526.2,74.77
6/12/19 9:49,67.456,52.7,1523.7,74.77
6/12/19 9:49,67.456,52.7,1521.2,74.813
6/12/19 9:49,67.456,52.7,1521.2,74.813
6/12/19 9:49,67.413,52.6,1521.2,74.856
6/12/19 9:49,67.413,52.7,1518.7,74.856
6/12/19 9:49,67.413,52.7,1518.7,74.899
6/12/19 9:50,67.413,52.7,1518.7,74.899
6/12/19 9:50,67.413,52.8,1516.2,74.943
6/12/19 9:50,67.413,52.8,1516.2,74.943
6/12/19 9:50,67.372,52.9,1516.2,74.986
6/12/19 9:50,67.372,52.8,1518.7,74.986
6/12/19 9:50,67.372,52.9,1516.2,75.029
6/12/19 9:50,67.372,52.9,1516.2,75.029
6/12/19 9:50,67.372,53,1518.7,75.074
6/12/19 9:50,67.372,53,1521.2,75.074
6/12/19 9:50,67.372,53.2,1516.2,75.117
6/12/19 9:50,67.372,53.2,1521.2,75.16
6/12/19 9:50,67.372,53.3,1518.7,75.204
6/12/19 9:50,67.372,53.4,1521.2,75.204
6/12/19 9:50,67.372,53.4,1516.2,75.247
6/12/19 9:50,67.372,53.5,1518.7,75.29
6/12/19 9:50,67.372,53.5,1521.2,75.29
6/12/19 9:50,67.372,53.5,1518.7,75.333
6/12/19 9:50,67.372,53.6,1518.7,75.333
6/12/19 9:50,67.372,53.6,1521.2,75.376
6/12/19 9:50,67.372,53.6,1518.7,75.376
6/12/19 9:50,67.372,53.6,1521.2,75.42
6/12/19 9:50,67.372,53.6,1521.2,75.42
6/12/19 9:50,67.413,53.6,1516.2,75.42
6/12/19 9:50,67.413,53.7,1516.2,75.42
6/12/19 9:50,67.413,53.7,1516.2,75.42
6/12/19 9:50,67.413,53.8,1518.7,75.42
6/12/19 9:50,67.413,53.8,1513.7,75.463
6/12/19 9:50,67.413,53.9,1523.7,75.463
6/12/19 9:50,67.413,53.9,1516.2,75.463
6/12/19 9:50,67.413,54,1516.2,75.42
6/12/19 9:50,67.413,54,1513.7,75.376
6/12/19 9:50,67.413,54.1,1516.2,75.333
6/12/19 9:50,67.413,54.2,1516.2,75.247
6/12/19 9:50,67.413,54.3,1513.7,75.204
6/12/19 9:50,67.413,54.4,1513.7,75.16
6/12/19 9:50,67.413,54.5,1516.2,75.117
6/12/19 9:50,67.413,54.6,1511.2,75.029
6/12/19 9:50,67.456,54.7,1513.7,74.986
6/12/19 9:50,67.413,54.8,1508.7,74.899
6/12/19 9:50,67.456,54.9,1511.2,74.813
6/12/19 9:50,67.456,55,1508.7,74.727
6/12/19 9:50,67.456,55.1,1506.2,74.683
6/12/19 9:50,67.456,55.2,1506.2,74.597
6/12/19 9:50,67.456,55.1,1503.7,74.511
6/12/19 9:50,67.456,55.2,1503.7,74.424
6/12/19 9:50,67.5,55.3,1506.2,74.338
6/12/19 9:50,67.5,55.4,1508.7,74.295
6/12/19 9:50,67.5,55.5,1501.2,74.25
6/12/19 9:50,67.5,55.7,1503.7,74.206
6/12/19 9:50,67.5,55.8,1501.2,74.206
6/12/19 9:50,67.5,55.8,1498.7,74.206
6/12/19 9:50,67.543,55.9,1498.7,74.206
6/12/19 9:50,67.543,56.1,1503.7,74.163
6/12/19 9:50,67.543,56.2,1496.2,74.206
6/12/19 9:50,67.543,56.3,1498.7,74.206
6/12/19 9:50,67.543,56.3,1498.7,74.25
6/12/19 9:50,67.543,56.3,1496.2,74.25
6/12/19 9:50,67.586,56.3,1501.2,74.25
6/12/19 9:50,67.586,56.3,1498.7,74.25
6/12/19 9:50,67.586,56.2,1501.2,74.206
6/12/19 9:51,67.586,56.1,1498.7,74.206
6/12/19 9:51,67.586,56,1496.2,74.206
6/12/19 9:51,67.627,56,1498.7,74.206
6/12/19 9:51,67.627,56,1496.2,74.25
6/12/19 9:51,67.627,56,1496.2,74.25
6/12/19 9:51,67.627,55.8,1496.2,74.25
6/12/19 9:51,67.627,55.7,1496.2,74.25
6/12/19 9:51,67.627,55.6,1493.7,74.295
6/12/19 9:51,67.627,55.5,1493.7,74.295
6/12/19 9:51,67.627,55.2,1493.7,74.338
6/12/19 9:51,67.627,55.1,1491.2,74.338
6/12/19 9:51,67.627,54.9,1491.2,74.338
6/12/19 9:51,67.627,54.8,1491.2,74.338
6/12/19 9:51,67.627,54.6,1493.7,74.381
6/12/19 9:51,67.627,54.5,1493.7,74.381
6/12/19 9:51,67.627,54.4,1493.7,74.424
6/12/19 9:51,67.627,54.3,1493.7,74.467
6/12/19 9:51,67.627,54.1,1493.7,74.467
6/12/19 9:51,67.627,54,1496.2,74.511
6/12/19 9:51,67.627,54,1493.7,74.554
6/12/19 9:51,67.627,53.8,1493.7,74.597
6/12/19 9:51,67.627,53.7,1493.7,74.64
6/12/19 9:51,67.627,53.6,1493.7,74.683
6/12/19 9:51,67.586,53.5,1496.2,74.727
6/12/19 9:51,67.586,53.4,1493.7,74.77
6/12/19 9:51,67.586,53.4,1493.7,74.813
6/12/19 9:51,67.586,53.3,1493.7,74.856
6/12/19 9:51,67.586,53.3,1496.2,74.856
6/12/19 9:51,67.586,53.2,1496.2,74.943
6/12/19 9:51,67.586,53.2,1496.2,74.943
6/12/19 9:51,67.586,53.1,1498.7,74.986
6/12/19 9:51,67.586,53.1,1498.7,75.029
6/12/19 9:51,67.543,53.1,1498.7,75.029
6/12/19 9:51,67.543,53.1,1498.7,75.074
6/12/19 9:51,67.543,53.1,1498.7,75.074
6/12/19 9:51,67.543,53.1,1498.7,75.117
6/12/19 9:51,67.543,53.1,1498.7,75.16
6/12/19 9:51,67.543,53.1,1501.2,75.16
6/12/19 9:51,67.543,53.1,1503.7,75.204
6/12/19 9:51,67.543,53.2,1498.7,75.247
6/12/19 9:51,67.543,53.2,1506.2,75.247
6/12/19 9:51,67.543,53.2,1503.7,75.29
6/12/19 9:51,67.543,53.2,1503.7,75.29
6/12/19 9:51,67.543,53.2,1506.2,75.333
6/12/19 9:51,67.543,53.2,1506.2,75.376
6/12/19 9:51,67.543,53.3,1506.2,75.42
6/12/19 9:51,67.543,53.3,1508.7,75.463
6/12/19 9:51,67.543,53.3,1508.7,75.463
6/12/19 9:51,67.543,53.4,1508.7,75.508
6/12/19 9:51,67.543,53.4,1511.2,75.508
6/12/19 9:51,67.543,53.5,1513.7,75.508
6/12/19 9:51,67.543,53.5,1513.7,75.551
6/12/19 9:51,67.543,53.4,1516.2,75.551
6/12/19 9:51,67.543,53.4,1516.2,75.551
6/12/19 9:51,67.543,53.4,1516.2,75.594
6/12/19 9:51,67.543,53.3,1516.2,75.594
6/12/19 9:51,67.543,53.4,1516.2,75.594
6/12/19 9:51,67.586,53.4,1516.2,75.594
6/12/19 9:51,67.586,53.4,1516.2,75.637
6/12/19 9:51,67.586,53.4,1516.2,75.637
6/12/19 9:52,67.586,53.4,1516.2,75.637
6/12/19 9:52,67.586,53.4,1516.2,75.637
6/12/19 9:52,67.586,53.4,1516.2,75.681
6/12/19 9:52,67.586,53.4,1516.2,75.681
6/12/19 9:52,67.586,53.4,1518.7,75.681
6/12/19 9:52,67.586,53.4,1518.7,75.681
6/12/19 9:52,67.586,53.3,1521.2,75.681
6/12/19 9:52,67.586,53.3,1521.2,75.724
6/12/19 9:52,67.586,53.2,1521.2,75.724
6/12/19 9:52,67.586,53.1,1516.2,75.724
6/12/19 9:52,67.586,53,1513.7,75.724
6/12/19 9:52,67.543,53,1511.2,75.681
6/12/19 9:52,67.543,52.9,1508.7,75.681
6/12/19 9:52,67.543,52.9,1508.7,75.681
6/12/19 9:52,67.543,52.8,1511.2,75.681
6/12/19 9:52,67.543,52.8,1511.2,75.681
6/12/19 9:52,67.543,52.7,1508.7,75.681
6/12/19 9:52,67.543,52.6,1506.2,75.724
6/12/19 9:52,67.5,52.6,1503.7,75.724
6/12/19 9:52,67.5,52.5,1503.7,75.724
6/12/19 9:52,67.5,52.4,1506.2,75.767
6/12/19 9:52,67.5,52.3,1506.2,75.767
6/12/19 9:52,67.456,52.3,1508.7,75.81
6/12/19 9:52,67.456,52.2,1508.7,75.81
6/12/19 9:52,67.456,52.2,1508.7,75.81
6/12/19 9:52,67.456,52.2,1508.7,75.853
6/12/19 9:52,67.413,52.2,1506.2,75.853
6/12/19 9:52,67.413,52.2,1503.7,75.853
6/12/19 9:52,67.413,52.3,1503.7,75.853
6/12/19 9:52,67.413,52.3,1496.2,75.898
6/12/19 9:52,67.413,52.3,1496.2,75.898
6/12/19 9:52,67.413,52.3,1493.7,75.898
6/12/19 9:52,67.372,52.3,1488.7,75.898
6/12/19 9:52,67.372,52.4,1491.2,75.898
6/12/19 9:52,67.372,52.4,1491.2,75.898
6/12/19 9:52,67.372,52.4,1493.7,75.942
6/12/19 9:52,67.372,52.5,1493.7,75.942
6/12/19 9:52,67.329,52.5,1493.7,75.985
6/12/19 9:52,67.329,52.6,1491.2,75.985
6/12/19 9:52,67.329,52.6,1493.7,76.028
6/12/19 9:52,67.329,52.7,1488.7,76.071
6/12/19 9:52,67.329,52.8,1488.7,76.071
6/12/19 9:52,67.329,52.8,1486.2,76.114
6/12/19 9:52,67.329,52.9,1486.2,76.114
6/12/19 9:52,67.329,52.9,1481.2,76.158
6/12/19 9:52,67.329,53,1481.2,76.158
6/12/19 9:52,67.329,53,1481.2,76.203
6/12/19 9:52,67.329,53.1,1478.7,76.203
6/12/19 9:52,67.329,53.1,1478.7,76.246
6/12/19 9:52,67.329,53.1,1476.2,76.289
6/12/19 9:52,67.329,53.2,1476.2,76.332
6/12/19 9:52,67.329,53.2,1473.7,76.332
6/12/19 9:52,67.329,53.2,1473.7,76.375
6/12/19 9:52,67.329,53.2,1471.2,76.375
6/12/19 9:52,67.329,53.2,1471.2,76.419
6/12/19 9:52,67.329,53.2,1471.2,76.419
6/12/19 9:52,67.329,53.2,1471.2,76.419
6/12/19 9:52,67.329,53.3,1471.2,76.464
6/12/19 9:52,67.329,53.3,1471.2,76.464
6/12/19 9:52,67.329,53.3,1473.7,76.464
6/12/19 9:53,67.329,53.5,1473.7,76.507
6/12/19 9:53,67.329,53.4,1473.7,76.507
6/12/19 9:53,67.329,53.5,1473.7,76.507
6/12/19 9:53,67.372,53.6,1473.7,76.55
6/12/19 9:53,67.372,53.6,1473.7,76.55
6/12/19 9:53,67.372,53.7,1473.7,76.593
6/12/19 9:53,67.329,53.8,1473.7,76.593
6/12/19 9:53,67.372,53.9,1473.7,76.593
6/12/19 9:53,67.372,53.9,1476.2,76.593
6/12/19 9:53,67.372,54,1478.7,76.593
6/12/19 9:53,67.372,54,1481.2,76.593
6/12/19 9:53,67.372,54,1481.2,76.636
6/12/19 9:53,67.413,53.9,1478.7,76.636
6/12/19 9:53,67.413,53.9,1481.2,76.636
6/12/19 9:53,67.413,53.9,1481.2,76.681
6/12/19 9:53,67.413,53.8,1483.7,76.681
6/12/19 9:53,67.413,53.8,1486.2,76.681
6/12/19 9:53,67.413,53.7,1483.7,76.681
6/12/19 9:53,67.413,53.7,1488.7,76.681
6/12/19 9:53,67.413,53.7,1486.2,76.681
6/12/19 9:53,67.413,53.7,1488.7,76.725
6/12/19 9:53,67.456,53.7,1486.2,76.768
6/12/19 9:53,67.413,53.8,1486.2,76.768
6/12/19 9:53,67.456,53.8,1486.2,76.768
6/12/19 9:53,67.456,53.9,1488.7,76.811
6/12/19 9:53,67.456,54,1486.2,76.811
6/12/19 9:53,67.456,54,1486.2,76.854
6/12/19 9:53,67.456,54.1,1488.7,76.854
6/12/19 9:53,67.456,54.2,1491.2,76.854
6/12/19 9:53,67.456,54.4,1488.7,76.854
6/12/19 9:53,67.456,54.6,1493.7,76.854
6/12/19 9:53,67.5,54.7,1493.7,76.899
6/12/19 9:53,67.5,54.8,1496.2,76.854
6/12/19 9:53,67.5,54.9,1493.7,76.854
6/12/19 9:53,67.5,54.9,1493.7,76.854
6/12/19 9:53,67.5,55,1498.7,76.854
6/12/19 9:53,67.543,55,1501.2,76.854
6/12/19 9:53,67.543,55,1503.7,76.854
6/12/19 9:53,67.543,54.9,1503.7,76.854
6/12/19 9:53,67.543,54.9,1498.7,76.811
6/12/19 9:53,67.543,54.9,1503.7,76.811
6/12/19 9:53,67.543,54.9,1501.2,76.811
6/12/19 9:53,67.543,54.9,1503.7,76.768
6/12/19 9:53,67.586,54.9,1506.2,76.768
6/12/19 9:53,67.543,54.9,1506.2,76.725
6/12/19 9:53,67.586,54.9,1506.2,76.725
6/12/19 9:53,67.586,54.9,1508.7,76.681
6/12/19 9:53,67.586,54.9,1506.2,76.636
6/12/19 9:53,67.586,54.8,1508.7,76.636
6/12/19 9:53,67.586,54.8,1508.7,76.593
6/12/19 9:53,67.586,54.7,1506.2,76.55
6/12/19 9:53,67.586,54.6,1511.2,76.507
6/12/19 9:53,67.586,54.6,1511.2,76.507
6/12/19 9:53,67.586,54.5,1513.7,76.464
6/12/19 9:53,67.586,54.4,1513.7,76.419
6/12/19 9:53,67.586,54.4,1513.7,76.375
6/12/19 9:53,67.586,54.5,1513.7,76.289
6/12/19 9:53,67.543,54.5,1513.7,76.203
6/12/19 9:53,67.543,54.5,1516.2,76.158
6/12/19 9:53,67.543,54.5,1516.2,76.114
6/12/19 9:54,67.543,54.6,1513.7,76.071
6/12/19 9:54,67.543,54.5,1516.2,76.028
6/12/19 9:54,67.543,54.6,1518.7,75.985
6/12/19 9:54,67.543,54.7,1518.7,75.942
6/12/19 9:54,67.543,54.7,1521.2,75.898
6/12/19 9:54,67.543,54.7,1518.7,75.898
6/12/19 9:54,67.543,54.7,1521.2,75.81
6/12/19 9:54,67.543,54.6,1521.2,75.81
6/12/19 9:54,67.543,54.5,1521.2,75.724
6/12/19 9:54,67.543,54.4,1518.7,75.681
6/12/19 9:54,67.543,54.2,1521.2,75.681
6/12/19 9:54,67.543,54.1,1521.2,75.637
6/12/19 9:54,67.543,54,1518.7,75.594
6/12/19 9:54,67.543,54,1518.7,75.594
6/12/19 9:54,67.5,53.9,1521.2,75.551
6/12/19 9:54,67.5,53.9,1523.7,75.551
6/12/19 9:54,67.5,53.8,1523.7,75.508
6/12/19 9:54,67.5,53.8,1521.2,75.508
6/12/19 9:54,67.5,53.9,1521.2,75.508
6/12/19 9:54,67.5,53.9,1521.2,75.463
6/12/19 9:54,67.456,54,1523.7,75.463
6/12/19 9:54,67.456,54.1,1523.7,75.463
6/12/19 9:54,67.456,54.2,1528.7,75.463
6/12/19 9:54,67.456,54.5,1526.2,75.463
6/12/19 9:54,67.456,54.5,1521.2,75.463
6/12/19 9:54,67.456,54.8,1523.7,75.463
6/12/19 9:54,67.456,55.1,1523.7,75.463
6/12/19 9:54,67.456,55.1,1521.2,75.463
6/12/19 9:54,67.456,55.3,1523.7,75.463
6/12/19 9:54,67.456,55.3,1521.2,75.42
6/12/19 9:54,67.456,55.3,1511.2,75.42
6/12/19 9:54,67.456,55.2,1503.7,75.42
6/12/19 9:54,67.456,55.2,1498.7,75.376
6/12/19 9:54,67.456,55.2,1496.2,75.333
6/12/19 9:54,67.456,55.1,1498.7,75.29
6/12/19 9:54,67.456,55,1493.7,75.247
6/12/19 9:54,67.456,54.9,1496.2,75.204
6/12/19 9:54,67.456,54.8,1496.2,75.117
6/12/19 9:54,67.456,54.8,1498.7,75.074
6/12/19 9:54,67.456,54.8,1501.2,75.029
6/12/19 9:54,67.456,54.8,1506.2,74.986
6/12/19 9:54,67.456,54.7,1511.2,74.943
6/12/19 9:54,67.456,54.7,1521.2,74.943
6/12/19 9:54,67.456,54.6,1526.2,74.899
6/12/19 9:54,67.456,54.5,1526.2,74.899
6/12/19 9:54,67.456,54.4,1523.7,74.899
6/12/19 9:54,67.456,54.2,1518.7,74.899
6/12/19 9:54,67.456,54.1,1516.2,74.899
6/12/19 9:54,67.413,54,1516.2,74.899
6/12/19 9:54,67.413,53.9,1521.2,74.899
6/12/19 9:54,67.413,53.8,1521.2,74.899
6/12/19 9:54,67.413,53.6,1521.2,74.899
6/12/19 9:54,67.413,53.5,1521.2,74.943
6/12/19 9:54,67.413,53.4,1521.2,74.943
6/12/19 9:54,67.413,53.3,1521.2,74.943
6/12/19 9:54,67.372,53.2,1518.7,74.943
6/12/19 9:54,67.372,53.1,1518.7,74.943
6/12/19 9:54,67.372,53,1521.2,74.943
6/12/19 9:54,67.372,53,1526.2,74.943
6/12/19 9:54,67.329,52.9,1526.2,74.986
6/12/19 9:55,67.329,52.8,1523.7,74.986
6/12/19 9:55,67.329,52.9,1526.2,74.986
6/12/19 9:55,67.329,52.8,1526.2,75.029
6/12/19 9:55,67.285,52.7,1526.2,75.029
6/12/19 9:55,67.285,52.7,1528.7,75.029
6/12/19 9:55,67.285,52.6,1528.7,75.074
6/12/19 9:55,67.285,52.6,1523.7,75.117
6/12/19 9:55,67.242,52.6,1526.2,75.117
6/12/19 9:55,67.242,52.5,1518.7,75.16
6/12/19 9:55,67.242,52.5,1513.7,75.204
6/12/19 9:55,67.242,52.5,1506.2,75.204
6/12/19 9:55,67.199,52.5,1506.2,75.247
6/12/19 9:55,67.199,52.5,1511.2,75.29
6/12/19 9:55,67.199,52.5,1508.7,75.29
6/12/19 9:55,67.199,52.5,1506.2,75.333
6/12/19 9:55,67.199,52.5,1511.2,75.376
6/12/19 9:55,67.158,52.5,1508.7,75.376
6/12/19 9:55,67.158,52.5,1506.2,75.42
6/12/19 9:55,67.158,52.5,1513.7,75.42
6/12/19 9:55,67.158,52.5,1521.2,75.463
6/12/19 9:55,67.158,52.5,1528.7,75.463
6/12/19 9:55,67.158,52.6,1533.7,75.463
6/12/19 9:55,67.158,52.6,1533.7,75.508
6/12/19 9:55,67.158,52.7,1533.7,75.508
6/12/19 9:55,67.158,52.7,1528.7,75.551
6/12/19 9:55,67.114,52.9,1523.7,75.551
6/12/19 9:55,67.114,52.8,1521.2,75.594
6/12/19 9:55,67.114,52.8,1516.2,75.594
6/12/19 9:55,67.114,52.9,1513.7,75.637
6/12/19 9:55,67.114,53,1511.2,75.637
6/12/19 9:55,67.114,53.2,1498.7,75.637
6/12/19 9:55,67.114,53.3,1491.2,75.637
6/12/19 9:55,67.114,53.4,1496.2,75.637
6/12/19 9:55,67.114,53.4,1491.2,75.637
6/12/19 9:55,67.114,53.5,1488.7,75.637
6/12/19 9:55,67.114,53.7,1486.2,75.637
6/12/19 9:55,67.114,53.8,1486.2,75.681
6/12/19 9:55,67.114,53.8,1491.2,75.681
6/12/19 9:55,67.114,53.8,1501.2,75.681
6/12/19 9:55,67.114,53.8,1508.7,75.681
6/12/19 9:55,67.114,53.8,1511.2,75.681
6/12/19 9:55,67.114,53.8,1513.7,75.681
6/12/19 9:55,67.114,53.7,1518.7,75.637
6/12/19 9:55,67.114,53.6,1516.2,75.681
6/12/19 9:55,67.114,53.5,1513.7,75.681
6/12/19 9:55,67.114,53.5,1513.7,75.724
6/12/19 9:55,67.114,53.4,1516.2,75.724
6/12/19 9:55,67.114,53.4,1513.7,75.767
6/12/19 9:55,67.114,53.4,1518.7,75.767
6/12/19 9:55,67.114,53.3,1523.7,75.81
6/12/19 9:55,67.114,53.3,1528.7,75.81
6/12/19 9:55,67.114,53.2,1523.7,75.853
6/12/19 9:55,67.114,53.2,1523.7,75.898
6/12/19 9:55,67.114,53.1,1526.2,75.898
6/12/19 9:55,67.114,53.1,1526.2,75.898
6/12/19 9:55,67.114,53,1518.7,75.942
6/12/19 9:55,67.114,53,1518.7,75.942
6/12/19 9:55,67.071,52.9,1516.2,75.942
6/12/19 9:55,67.071,52.9,1516.2,75.985
6/12/19 9:55,67.071,52.9,1513.7,75.985
6/12/19 9:56,67.071,52.9,1516.2,75.985
6/12/19 9:56,67.071,52.9,1523.7,76.028
6/12/19 9:56,67.071,53,1526.2,76.028
6/12/19 9:56,67.071,53,1528.7,76.028
6/12/19 9:56,67.071,53,1528.7,76.028
6/12/19 9:56,67.071,53,1526.2,76.028
6/12/19 9:56,67.071,53,1521.2,76.028
6/12/19 9:56,67.071,53,1516.2,75.985
6/12/19 9:56,67.071,53,1511.2,75.985
6/12/19 9:56,67.028,53,1508.7,75.985
6/12/19 9:56,67.028,53,1508.7,75.985
6/12/19 9:56,67.028,53,1511.2,75.985
6/12/19 9:56,67.028,53,1511.2,75.942
6/12/19 9:56,67.028,53,1511.2,75.942
6/12/19 9:56,67.028,53,1511.2,75.942
6/12/19 9:56,67.028,53,1516.2,75.942
6/12/19 9:56,67.028,53,1516.2,75.942
6/12/19 9:56,67.028,53,1518.7,75.942
6/12/19 9:56,67.028,53.1,1518.7,75.942
6/12/19 9:56,67.028,53.2,1518.7,75.942
6/12/19 9:56,67.028,53.2,1516.2,75.942
6/12/19 9:56,67.028,53.2,1516.2,75.942
6/12/19 9:56,66.985,53.2,1516.2,75.942
6/12/19 9:56,66.985,53.3,1518.7,75.942
6/12/19 9:56,66.985,53.3,1521.2,75.942
6/12/19 9:56,66.985,53.3,1521.2,75.942
6/12/19 9:56,66.985,53.3,1521.2,75.985
6/12/19 9:56,66.985,53.3,1526.2,75.985
6/12/19 9:56,66.985,53.2,1523.7,75.985
6/12/19 9:56,66.985,53.3,1526.2,75.985
6/12/19 9:56,66.985,53.5,1528.7,76.028
6/12/19 9:56,66.985,53.3,1526.2,76.028
6/12/19 9:56,66.985,53.5,1523.7,76.071
6/12/19 9:56,66.985,53.5,1528.7,76.071
6/12/19 9:56,66.985,53.6,1528.7,76.071
6/12/19 9:56,66.985,53.8,1531.2,76.114
6/12/19 9:56,66.985,53.9,1531.2,76.114
6/12/19 9:56,66.985,54,1531.2,76.158
6/12/19 9:56,67.028,54,1528.7,76.158
6/12/19 9:56,67.028,54.1,1528.7,76.203
6/12/19 9:56,67.028,54.1,1528.7,76.246
6/12/19 9:56,67.028,54.2,1528.7,76.246
6/12/19 9:56,67.028,54.2,1528.7,76.289
6/12/19 9:56,67.028,54.2,1528.7,76.332
6/12/19 9:56,67.028,54.2,1526.2,76.332
6/12/19 9:56,67.028,54.2,1528.7,76.375
6/12/19 9:56,67.071,54.2,1528.7,76.375
6/12/19 9:56,67.071,54.3,1526.2,76.419
6/12/19 9:56,67.071,54.3,1523.7,76.419
6/12/19 9:56,67.071,54.3,1523.7,76.464
6/12/19 9:56,67.071,54.4,1523.7,76.507
6/12/19 9:56,67.071,54.4,1523.7,76.55
6/12/19 9:56,67.114,54.5,1521.2,76.593
6/12/19 9:56,67.114,54.4,1523.7,76.593
6/12/19 9:56,67.114,54.6,1523.7,76.636
6/12/19 9:56,67.114,54.7,1523.7,76.681
6/12/19 9:56,67.158,54.7,1526.2,76.681
6/12/19 9:56,67.158,54.9,1523.7,76.725
6/12/19 9:56,67.158,54.8,1526.2,76.768
6/12/19 9:56,67.158,54.9,1521.2,76.768
6/12/19 9:57,67.158,54.9,1521.2,76.811
6/12/19 9:57,67.199,54.9,1523.7,76.811
6/12/19 9:57,67.199,54.9,1528.7,76.854
6/12/19 9:57,67.199,54.9,1531.2,76.854
6/12/19 9:57,67.199,54.9,1528.7,76.854
6/12/19 9:57,67.242,54.8,1528.7,76.854
6/12/19 9:57,67.242,54.8,1533.7,76.854
6/12/19 9:57,67.242,54.8,1531.2,76.899
6/12/19 9:57,67.242,54.8,1526.2,76.899
6/12/19 9:57,67.242,54.8,1531.2,76.899
6/12/19 9:57,67.285,54.9,1528.7,76.899
6/12/19 9:57,67.285,54.9,1533.7,76.899
6/12/19 9:57,67.285,54.9,1536.2,76.899
6/12/19 9:57,67.285,54.8,1533.7,76.899
6/12/19 9:57,67.285,54.8,1538.7,76.942
6/12/19 9:57,67.329,54.7,1541.2,76.942
6/12/19 9:57,67.329,54.7,1541.2,76.942
6/12/19 9:57,67.329,54.6,1541.2,76.942
6/12/19 9:57,67.329,54.6,1541.2,76.942
6/12/19 9:57,67.329,54.5,1543.7,76.942
6/12/19 9:57,67.329,54.4,1541.2,76.942
6/12/19 9:57,67.329,54.3,1543.7,76.942
6/12/19 9:57,67.372,54.2,1541.2,76.942
6/12/19 9:57,67.372,54.1,1543.7,76.942
6/12/19 9:57,67.372,54,1543.7,76.942
6/12/19 9:57,67.372,53.9,1541.2,76.942
6/12/19 9:57,67.372,53.8,1541.2,76.986
6/12/19 9:57,67.372,53.8,1543.7,76.942
6/12/19 9:57,67.372,53.7,1546.2,76.942
6/12/19 9:57,67.372,53.7,1543.7,76.942
6/12/19 9:57,67.372,53.7,1546.2,76.942
6/12/19 9:57,67.372,53.7,1546.2,76.942
6/12/19 9:57,67.372,53.7,1546.2,76.942
6/12/19 9:57,67.372,53.6,1548.7,76.942
6/12/19 9:57,67.372,53.6,1546.2,76.942
6/12/19 9:57,67.329,53.6,1551.2,76.942
6/12/19 9:57,67.372,53.5,1551.2,76.942
6/12/19 9:57,67.329,53.4,1551.2,76.942
6/12/19 9:57,67.329,53.4,1553.7,76.942
6/12/19 9:57,67.329,53.5,1551.2,76.942
6/12/19 9:57,67.329,53.5,1548.7,76.942
6/12/19 9:57,67.329,53.5,1541.2,76.942
6/12/19 9:57,67.329,53.4,1541.2,76.986
6/12/19 9:57,67.329,53.4,1543.7,76.986
6/12/19 9:57,67.329,53.5,1541.2,76.942
6/12/19 9:57,67.285,53.4,1541.2,76.942
6/12/19 9:57,67.329,53.4,1541.2,76.942
6/12/19 9:57,67.329,53.4,1546.2,76.899
6/12/19 9:57,67.285,53.5,1548.7,76.899
6/12/19 9:57,67.285,53.5,1551.2,76.854
6/12/19 9:57,67.285,53.4,1553.7,76.811
6/12/19 9:57,67.285,53.4,1553.7,76.768
6/12/19 9:57,67.285,53.5,1548.7,76.725
6/12/19 9:57,67.285,53.5,1551.2,76.725
6/12/19 9:57,67.285,53.5,1551.2,76.681
6/12/19 9:57,67.285,53.5,1548.7,76.681
6/12/19 9:57,67.285,53.6,1548.7,76.681
6/12/19 9:57,67.285,53.6,1548.7,76.636
6/12/19 9:57,67.285,53.7,1548.7,76.636
6/12/19 9:57,67.285,53.7,1548.7,76.593
6/12/19 9:58,67.285,53.8,1548.7,76.593
6/12/19 9:58,67.242,53.9,1546.2,76.593
6/12/19 9:58,67.242,53.9,1548.7,76.593
6/12/19 9:58,67.242,54,1548.7,76.593
6/12/19 9:58,67.285,54,1548.7,76.593
6/12/19 9:58,67.242,54,1548.7,76.593
6/12/19 9:58,67.285,54,1548.7,76.593
6/12/19 9:58,67.242,54,1546.2,76.636
6/12/19 9:58,67.285,54,1546.2,76.636
6/12/19 9:58,67.285,54,1546.2,76.636
6/12/19 9:58,67.242,54,1546.2,76.636
6/12/19 9:58,67.242,54,1543.7,76.636
6/12/19 9:58,67.285,53.9,1543.7,76.681
6/12/19 9:58,67.242,53.9,1543.7,76.681
6/12/19 9:58,67.242,53.9,1543.7,76.681
6/12/19 9:58,67.242,53.9,1543.7,76.725
6/12/19 9:58,67.242,54,1546.2,76.725
6/12/19 9:58,67.285,54,1546.2,76.768
6/12/19 9:58,67.285,54,1548.7,76.768
6/12/19 9:58,67.285,54,1548.7,76.768
6/12/19 9:58,67.285,54,1546.2,76.768
6/12/19 9:58,67.285,54,1548.7,76.768
6/12/19 9:58,67.285,54,1546.2,76.811
6/12/19 9:58,67.285,54,1546.2,76.811
6/12/19 9:58,67.285,54,1543.7,76.811
6/12/19 9:58,67.285,54.1,1546.2,76.854
6/12/19 9:58,67.285,54.1,1546.2,76.854
6/12/19 9:58,67.285,54.1,1546.2,76.899
6/12/19 9:58,67.285,54.1,1546.2,76.899
6/12/19 9:58,67.285,54.2,1543.7,76.899
6/12/19 9:58,67.285,54.2,1546.2,76.899
6/12/19 9:58,67.329,54.3,1543.7,76.899
6/12/19 9:58,67.329,54.4,1543.7,76.854
6/12/19 9:58,67.329,54.5,1543.7,76.854
6/12/19 9:58,67.329,54.5,1538.7,76.811
6/12/19 9:58,67.329,54.6,1538.7,76.768
6/12/19 9:58,67.329,54.7,1536.2,76.681
6/12/19 9:58,67.329,54.7,1536.2,76.636
6/12/19 9:58,67.372,54.7,1536.2,76.55
6/12/19 9:58,67.372,54.7,1533.7,76.507
6/12/19 9:58,67.372,54.7,1531.2,76.419
6/12/19 9:58,67.372,54.6,1528.7,76.332
6/12/19 9:58,67.372,54.6,1526.2,76.246
6/12/19 9:58,67.372,54.6,1528.7,76.158
6/12/19 9:58,67.372,54.5,1523.7,76.071
6/12/19 9:58,67.372,54.6,1518.7,75.985
6/12/19 9:58,67.372,54.6,1518.7,75.942
6/12/19 9:58,67.372,54.5,1521.2,75.898
6/12/19 9:58,67.413,54.5,1521.2,75.853
6/12/19 9:58,67.413,54.5,1516.2,75.81
6/12/19 9:58,67.413,54.4,1516.2,75.767
6/12/19 9:58,67.413,54.3,1508.7,75.724
6/12/19 9:58,67.413,54.2,1511.2,75.724
6/12/19 9:58,67.413,54.1,1516.2,75.681
6/12/19 9:58,67.413,54,1511.2,75.681
6/12/19 9:58,67.413,54,1511.2,75.637
6/12/19 9:58,67.413,53.9,1518.7,75.637
6/12/19 9:58,67.413,53.8,1523.7,75.637
6/12/19 9:58,67.413,53.8,1526.2,75.637
6/12/19 9:58,67.413,53.7,1528.7,75.637
6/12/19 9:59,67.413,53.7,1526.2,75.637
6/12/19 9:59,67.413,53.6,1533.7,75.681
6/12/19 9:59,67.413,53.6,1538.7,75.681
6/12/19 9:59,67.413,53.6,1536.2,75.724
6/12/19 9:59,67.413,53.6,1538.7,75.724
6/12/19 9:59,67.413,53.5,1538.7,75.767
6/12/19 9:59,67.372,53.5,1526.2,75.767
6/12/19 9:59,67.413,53.5,1531.2,75.767
6/12/19 9:59,67.372,53.5,1531.2,75.767
6/12/19 9:59,67.372,53.5,1523.7,75.767
6/12/19 9:59,67.372,53.5,1526.2,75.767
6/12/19 9:59,67.413,53.4,1526.2,75.767
6/12/19 9:59,67.372,53.5,1528.7,75.767
6/12/19 9:59,67.372,53.4,1526.2,75.81
6/12/19 9:59,67.372,53.3,1526.2,75.81
6/12/19 9:59,67.372,53.3,1523.7,75.853
6/12/19 9:59,67.372,53.2,1516.2,75.853
6/12/19 9:59,67.372,53.2,1521.2,75.853
6/12/19 9:59,67.372,53.2,1526.2,75.898
6/12/19 9:59,67.372,53.1,1528.7,75.898
6/12/19 9:59,67.372,53,1526.2,75.898
6/12/19 9:59,67.372,53,1523.7,75.898
6/12/19 9:59,67.372,53,1523.7,75.898
6/12/19 9:59,67.372,53,1523.7,75.898
6/12/19 9:59,67.372,52.9,1523.7,75.898
6/12/19 9:59,67.372,52.9,1523.7,75.853
6/12/19 9:59,67.329,52.9,1521.2,75.853
6/12/19 9:59,67.329,53,1521.2,75.853
6/12/19 9:59,67.329,53,1523.7,75.853
6/12/19 9:59,67.329,53.1,1521.2,75.853
6/12/19 9:59,67.329,53.2,1523.7,75.853
6/12/19 9:59,67.329,53.3,1526.2,75.898
6/12/19 9:59,67.329,53.4,1526.2,75.898
6/12/19 9:59,67.329,53.5,1526.2,75.898
6/12/19 9:59,67.329,53.6,1526.2,75.898
6/12/19 9:59,67.329,53.9,1523.7,75.898
6/12/19 9:59,67.329,54,1521.2,75.898
6/12/19 9:59,67.329,54.3,1526.2,75.898
6/12/19 9:59,67.329,54.5,1528.7,75.898
6/12/19 9:59,67.329,54.9,1523.7,75.898
6/12/19 9:59,67.329,55,1518.7,75.898
6/12/19 9:59,67.329,55.5,1523.7,75.898
6/12/19 9:59,67.329,55.7,1523.7,75.853
6/12/19 9:59,67.329,55.8,1528.7,75.81
6/12/19 9:59,67.372,56,1528.7,75.724
6/12/19 9:59,67.372,56.1,1528.7,75.637
6/12/19 9:59,67.372,56.2,1531.2,75.551
6/12/19 9:59,67.372,56.2,1528.7,75.463
6/12/19 9:59,67.372,56.2,1523.7,75.376
6/12/19 9:59,67.413,56.1,1521.2,75.29
6/12/19 9:59,67.413,56.1,1513.7,75.204
6/12/19 9:59,67.413,56,1508.7,75.16
6/12/19 9:59,67.413,55.9,1506.2,75.117
6/12/19 9:59,67.413,55.8,1503.7,75.074
6/12/19 9:59,67.456,55.8,1511.2,75.074
6/12/19 9:59,67.456,55.9,1511.2,75.074
6/12/19 9:59,67.456,55.9,1511.2,75.074
6/12/19 9:59,67.456,55.9,1506.2,75.074
6/12/19 9:59,67.456,55.8,1511.2,75.074
6/12/19 9:59,67.5,55.7,1518.7,75.117
6/12/19 10:00,67.5,55.7,1526.2,75.117
6/12/19 10:00,67.5,55.7,1528.7,75.16
6/12/19 10:00,67.5,55.5,1531.2,75.16
6/12/19 10:00,67.5,55.4,1533.7,75.16
6/12/19 10:00,67.5,55.3,1533.7,75.204
6/12/19 10:00,67.5,55.1,1533.7,75.204
6/12/19 10:00,67.5,55.1,1533.7,75.204
6/12/19 10:00,67.5,55,1536.2,75.247
6/12/19 10:00,67.5,54.9,1536.2,75.247
6/12/19 10:00,67.5,54.9,1536.2,75.247
6/12/19 10:00,67.5,54.8,1536.2,75.247
6/12/19 10:00,67.5,54.7,1538.7,75.29
6/12/19 10:00,67.5,54.7,1543.7,75.29
6/12/19 10:00,67.543,54.6,1541.2,75.29
6/12/19 10:00,67.5,54.6,1543.7,75.333
6/12/19 10:00,67.5,54.5,1541.2,75.376
6/12/19 10:00,67.5,54.6,1546.2,75.376
6/12/19 10:00,67.543,54.6,1546.2,75.42
6/12/19 10:00,67.5,54.5,1546.2,75.42
6/12/19 10:00,67.5,54.6,1548.7,75.463
6/12/19 10:00,67.543,54.7,1548.7,75.463
6/12/19 10:00,67.543,54.8,1548.7,75.508
6/12/19 10:00,67.543,54.8,1548.7,75.508
6/12/19 10:00,67.543,54.8,1548.7,75.508
6/12/19 10:00,67.543,54.7,1548.7,75.508
6/12/19 10:00,67.543,54.6,1551.2,75.551
6/12/19 10:00,67.543,54.6,1551.2,75.551
6/12/19 10:00,67.543,54.5,1551.2,75.551
6/12/19 10:00,67.543,54.5,1551.2,75.594
6/12/19 10:00,67.543,54.4,1553.7,75.594
6/12/19 10:00,67.543,54.2,1553.7,75.637
6/12/19 10:00,67.543,54.1,1553.7,75.637
6/12/19 10:00,67.543,54,1553.7,75.681
6/12/19 10:00,67.543,53.9,1553.7,75.724
6/12/19 10:00,67.543,53.8,1553.7,75.724
6/12/19 10:00,67.543,53.7,1551.2,75.767
6/12/19 10:00,67.543,53.5,1546.2,75.767
6/12/19 10:00,67.543,53.5,1546.2,75.81
6/12/19 10:00,67.543,53.4,1551.2,75.81
6/12/19 10:00,67.5,53.4,1553.7,75.853
6/12/19 10:00,67.5,53.3,1556.2,75.853
6/12/19 10:00,67.5,53.2,1553.7,75.853
6/12/19 10:00,67.5,53.2,1556.2,75.898
6/12/19 10:00,67.5,53.1,1553.7,75.898
6/12/19 10:00,67.5,53,1553.7,75.898
6/12/19 10:00,67.5,53,1556.2,75.898
6/12/19 10:00,67.5,52.9,1558.7,75.898
6/12/19 10:00,67.5,52.9,1561.2,75.942
6/12/19 10:00,67.456,52.8,1563.7,75.942
6/12/19 10:00,67.456,52.9,1563.7,75.985
6/12/19 10:00,67.456,52.8,1561.2,75.985
6/12/19 10:00,67.456,52.8,1561.2,76.028
6/12/19 10:00,67.456,52.8,1563.7,76.071
6/12/19 10:00,67.456,52.8,1563.7,76.114
6/12/19 10:00,67.456,52.8,1563.7,76.158
6/12/19 10:00,67.456,52.9,1563.7,76.158
6/12/19 10:00,67.456,52.9,1563.7,76.203
6/12/19 10:00,67.413,52.9,1566.2,76.246
6/12/19 10:00,67.413,52.8,1563.7,76.289
6/12/19 10:00,67.413,52.8,1563.7,76.289
6/12/19 10:01,67.413,52.8,1563.7,76.332
6/12/19 10:01,67.413,52.9,1563.7,76.375
6/12/19 10:01,67.413,52.9,1566.2,76.375
6/12/19 10:01,67.413,52.9,1566.2,76.375
6/12/19 10:01,67.413,52.9,1568.7,76.419
6/12/19 10:01,67.413,52.9,1568.7,76.464
6/12/19 10:01,67.413,52.9,1568.7,76.507
6/12/19 10:01,67.413,52.9,1566.2,76.507
6/12/19 10:01,67.413,52.9,1566.2,76.55
6/12/19 10:01,67.413,52.9,1566.2,76.55
6/12/19 10:01,67.413,52.9,1566.2,76.593
6/12/19 10:01,67.413,52.8,1568.7,76.593
6/12/19 10:01,67.413,52.8,1568.7,76.636
6/12/19 10:01,67.413,52.8,1571.2,76.681
6/12/19 10:01,67.413,52.9,1571.2,76.681
6/12/19 10:01,67.413,52.8,1568.7,76.725
6/12/19 10:01,67.413,52.8,1568.7,76.768
6/12/19 10:01,67.413,52.7,1571.2,76.768
6/12/19 10:01,67.413,52.7,1571.2,76.811
6/12/19 10:01,67.413,52.7,1571.2,76.854
6/12/19 10:01,67.413,52.7,1571.2,76.854
6/12/19 10:01,67.413,52.7,1573.7,76.854
6/12/19 10:01,67.413,52.7,1568.7,76.854
6/12/19 10:01,67.413,52.7,1571.2,76.854
6/12/19 10:01,67.413,52.7,1571.2,76.899
6/12/19 10:01,67.413,52.7,1573.7,76.942
6/12/19 10:01,67.413,52.7,1576.2,76.942
6/12/19 10:01,67.413,52.7,1573.7,76.986
6/12/19 10:01,67.413,52.8,1573.7,77.029
6/12/19 10:01,67.413,52.9,1573.7,77.029
6/12/19 10:01,67.413,52.9,1576.2,77.072
6/12/19 10:01,67.413,52.8,1576.2,77.117
6/12/19 10:01,67.413,52.8,1573.7,77.117
6/12/19 10:01,67.413,52.8,1576.2,77.16
6/12/19 10:01,67.413,52.9,1573.7,77.16
6/12/19 10:01,67.413,52.9,1571.2,77.203
6/12/19 10:01,67.413,52.9,1573.7,77.203
6/12/19 10:01,67.413,52.8,1571.2,77.203
6/12/19 10:01,67.413,52.9,1573.7,77.16
6/12/19 10:01,67.413,52.8,1573.7,77.16
6/12/19 10:01,67.413,52.9,1571.2,77.16
6/12/19 10:01,67.456,52.9,1576.2,77.117
6/12/19 10:01,67.456,52.9,1578.7,77.072
6/12/19 10:01,67.456,53,1578.7,77.029
6/12/19 10:01,67.456,53,1578.7,76.942
6/12/19 10:01,67.456,53,1578.7,76.854
6/12/19 10:01,67.456,52.9,1581.2,76.768
6/12/19 10:01,67.456,52.9,1578.7,76.681
6/12/19 10:01,67.456,52.9,1581.2,76.636
6/12/19 10:01,67.456,52.9,1581.2,76.55
6/12/19 10:01,67.456,52.8,1578.7,76.464
6/12/19 10:01,67.456,52.9,1581.2,76.419
6/12/19 10:01,67.456,52.8,1581.2,76.332
6/12/19 10:01,67.456,52.8,1583.7,76.246
6/12/19 10:01,67.456,52.7,1581.2,76.203
6/12/19 10:01,67.456,52.7,1581.2,76.114
6/12/19 10:01,67.456,52.7,1581.2,76.071
6/12/19 10:01,67.456,52.6,1581.2,75.985
6/12/19 10:01,67.456,52.6,1583.7,75.898
6/12/19 10:01,67.456,52.6,1581.2,75.853
6/12/19 10:02,67.456,52.6,1581.2,75.767
6/12/19 10:02,67.456,52.6,1583.7,75.681
6/12/19 10:02,67.456,52.6,1583.7,75.637
6/12/19 10:02,67.456,52.6,1581.2,75.594
6/12/19 10:02,67.456,52.5,1581.2,75.551
6/12/19 10:02,67.456,52.6,1578.7,75.463
6/12/19 10:02,67.456,52.6,1578.7,75.42
6/12/19 10:02,67.456,52.6,1573.7,75.376
6/12/19 10:02,67.456,52.6,1573.7,75.333
6/12/19 10:02,67.456,52.6,1568.7,75.29
6/12/19 10:02,67.456,52.6,1566.2,75.247
6/12/19 10:02,67.456,52.6,1566.2,75.204
6/12/19 10:02,67.456,52.7,1566.2,75.204
6/12/19 10:02,67.456,52.7,1568.7,75.16
6/12/19 10:02,67.456,52.7,1568.7,75.16
6/12/19 10:02,67.456,52.7,1568.7,75.117
6/12/19 10:02,67.456,52.7,1568.7,75.117
6/12/19 10:02,67.456,52.7,1566.2,75.074
6/12/19 10:02,67.456,52.7,1566.2,75.029
6/12/19 10:02,67.456,52.8,1561.2,75.029
6/12/19 10:02,67.456,52.8,1558.7,75.029
6/12/19 10:02,67.456,52.8,1551.2,74.986
6/12/19 10:02,67.456,52.8,1548.7,74.986
6/12/19 10:02,67.456,52.8,1548.7,74.986
6/12/19 10:02,67.456,52.9,1553.7,74.986
6/12/19 10:02,67.456,52.8,1558.7,74.986
6/12/19 10:02,67.456,52.9,1571.2,74.986
6/12/19 10:02,67.456,52.9,1576.2,74.943
6/12/19 10:02,67.456,52.8,1588.7,74.943
6/12/19 10:02,67.456,52.8,1588.7,74.899
6/12/19 10:02,67.456,52.8,1586.2,74.856
6/12/19 10:02,67.456,52.8,1586.2,74.856
6/12/19 10:02,67.456,52.9,1588.7,74.856
6/12/19 10:02,67.456,52.9,1591.2,74.813
6/12/19 10:02,67.456,52.9,1588.7,74.813
6/12/19 10:02,67.5,52.9,1591.2,74.856
6/12/19 10:02,67.5,52.9,1588.7,74.856
6/12/19 10:02,67.5,53,1593.7,74.899
6/12/19 10:02,67.5,53,1593.7,74.899
6/12/19 10:02,67.5,53.2,1593.7,74.986
6/12/19 10:02,67.543,53.3,1591.2,75.029
6/12/19 10:02,67.5,53.4,1591.2,75.074
6/12/19 10:02,67.543,53.5,1593.7,75.117
6/12/19 10:02,67.543,53.7,1591.2,75.16
6/12/19 10:02,67.543,53.9,1591.2,75.204
6/12/19 10:02,67.543,54,1593.7,75.247
6/12/19 10:02,67.586,54.1,1591.2,75.29
6/12/19 10:02,67.586,54.2,1593.7,75.333
6/12/19 10:02,67.586,54.4,1596.2,75.376
6/12/19 10:02,67.586,54.5,1593.7,75.42
6/12/19 10:02,67.627,54.6,1593.7,75.463
6/12/19 10:02,67.627,54.7,1593.7,75.508
6/12/19 10:02,67.627,54.9,1593.7,75.551
6/12/19 10:02,67.671,54.9,1593.7,75.594
6/12/19 10:02,67.671,55,1593.7,75.594
6/12/19 10:02,67.671,55,1596.2,75.637
6/12/19 10:02,67.671,55,1593.7,75.637
6/12/19 10:02,67.714,55,1598.7,75.637
6/12/19 10:02,67.714,55,1598.7,75.681
6/12/19 10:02,67.714,54.9,1598.7,75.724
6/12/19 10:03,67.714,55,1596.2,75.724
6/12/19 10:03,67.714,55,1598.7,75.767
6/12/19 10:03,67.757,55,1598.7,75.81
6/12/19 10:03,67.757,54.9,1598.7,75.853
6/12/19 10:03,67.757,54.8,1598.7,75.898
6/12/19 10:03,67.798,54.7,1601.2,75.942
6/12/19 10:03,67.798,54.6,1598.7,75.985
6/12/19 10:03,67.798,54.4,1598.7,76.028
6/12/19 10:03,67.798,54.3,1598.7,76.071
6/12/19 10:03,67.798,54.1,1598.7,76.114
6/12/19 10:03,67.798,54,1598.7,76.158
6/12/19 10:03,67.798,53.9,1601.2,76.203
6/12/19 10:03,67.798,53.8,1598.7,76.203
6/12/19 10:03,67.798,53.6,1601.2,76.203
6/12/19 10:03,67.798,53.5,1601.2,76.246
6/12/19 10:03,67.798,53.5,1601.2,76.289
6/12/19 10:03,67.798,53.3,1601.2,76.332
6/12/19 10:03,67.798,53.2,1601.2,76.375
6/12/19 10:03,67.798,53.1,1601.2,76.419
6/12/19 10:03,67.798,53,1598.7,76.419
6/12/19 10:03,67.798,53,1596.2,76.507
6/12/19 10:03,67.798,52.9,1596.2,76.507
6/12/19 10:03,67.798,52.9,1586.2,76.593
6/12/19 10:03,67.798,52.9,1573.7,76.636
6/12/19 10:03,67.798,52.9,1563.7,76.681
6/12/19 10:03,67.798,53,1558.7,76.725
6/12/19 10:03,67.798,53,1566.2,76.768
6/12/19 10:03,67.798,53,1586.2,76.811
6/12/19 10:03,67.842,53,1601.2,76.854
6/12/19 10:03,67.798,52.9,1603.7,76.899
6/12/19 10:03,67.798,52.9,1606.2,76.942
6/12/19 10:03,67.798,52.8,1606.2,76.986
6/12/19 10:03,67.842,52.9,1606.2,77.029
6/12/19 10:03,67.842,52.8,1606.2,77.072
6/12/19 10:03,67.798,52.7,1606.2,77.117
6/12/19 10:03,67.842,52.7,1606.2,77.16
6/12/19 10:03,67.842,52.6,1606.2,77.203
6/12/19 10:03,67.842,52.5,1606.2,77.247
6/12/19 10:03,67.842,52.5,1606.2,77.292
6/12/19 10:03,67.842,52.4,1606.2,77.335
6/12/19 10:03,67.842,52.3,1606.2,77.378
6/12/19 10:03,67.842,52.3,1606.2,77.421
6/12/19 10:03,67.842,52.2,1606.2,77.421
6/12/19 10:03,67.798,52.2,1606.2,77.464
6/12/19 10:03,67.842,52.2,1606.2,77.509
6/12/19 10:03,67.798,52.1,1606.2,77.509
6/12/19 10:03,67.798,52.1,1606.2,77.553
6/12/19 10:03,67.798,52.1,1606.2,77.553
6/12/19 10:03,67.798,52.1,1606.2,77.596
6/12/19 10:03,67.798,52,1606.2,77.639
6/12/19 10:03,67.798,52.1,1608.7,77.684
6/12/19 10:03,67.798,52,1608.7,77.684
6/12/19 10:03,67.798,52,1606.2,77.727
6/12/19 10:03,67.798,52,1608.7,77.77
6/12/19 10:03,67.798,52.1,1608.7,77.815
6/12/19 10:03,67.798,52,1608.7,77.815
6/12/19 10:03,67.798,52,1611.2,77.859
6/12/19 10:03,67.798,52,1611.2,77.859
6/12/19 10:03,67.798,52.1,1608.7,77.902
6/12/19 10:03,67.798,52.1,1608.7,77.902
6/12/19 10:04,67.798,52.2,1608.7,77.945
6/12/19 10:04,67.798,52.2,1608.7,77.945
6/12/19 10:04,67.798,52.2,1611.2,77.99
6/12/19 10:04,67.798,52.2,1608.7,77.99
6/12/19 10:04,67.798,52.3,1611.2,78.033
6/12/19 10:04,67.798,52.3,1608.7,78.076
6/12/19 10:04,67.798,52.3,1611.2,78.076
6/12/19 10:04,67.798,52.3,1611.2,78.165
6/12/19 10:04,67.798,52.3,1613.7,78.165
6/12/19 10:04,67.798,52.2,1611.2,78.208
6/12/19 10:04,67.798,52.2,1611.2,78.208
6/12/19 10:04,67.798,52.2,1613.7,78.251
6/12/19 10:04,67.798,52.2,1608.7,78.296
6/12/19 10:04,67.798,52.2,1611.2,78.296
6/12/19 10:04,67.798,52.2,1611.2,78.339
6/12/19 10:04,67.798,52.3,1611.2,78.339
6/12/19 10:04,67.798,52.3,1608.7,78.427
6/12/19 10:04,67.842,52.3,1608.7,78.471
6/12/19 10:04,67.842,52.3,1603.7,78.514
6/12/19 10:04,67.842,52.3,1608.7,78.559
6/12/19 10:04,67.842,52.3,1603.7,78.602
6/12/19 10:04,67.842,52.3,1598.7,78.645
6/12/19 10:04,67.842,52.4,1596.2,78.69
6/12/19 10:04,67.842,52.4,1603.7,78.733
6/12/19 10:04,67.842,52.4,1603.7,78.777
6/12/19 10:04,67.842,52.4,1608.7,78.777
6/12/19 10:04,67.842,52.4,1608.7,78.822
6/12/19 10:04,67.842,52.4,1606.2,78.865
6/12/19 10:04,67.842,52.4,1613.7,78.865
6/12/19 10:04,67.842,52.5,1608.7,78.91
6/12/19 10:04,67.842,52.5,1611.2,78.91
6/12/19 10:04,67.885,52.5,1608.7,78.953
6/12/19 10:04,67.885,52.5,1613.7,78.996
6/12/19 10:04,67.885,52.6,1608.7,78.996
6/12/19 10:04,67.885,52.6,1606.2,79.041
6/12/19 10:04,67.885,52.6,1608.7,79.041
6/12/19 10:04,67.885,52.7,1608.7,79.041
6/12/19 10:04,67.885,52.8,1606.2,79.041
6/12/19 10:04,67.928,52.8,1608.7,79.084
6/12/19 10:04,67.928,52.8,1616.2,79.084
6/12/19 10:04,67.928,52.8,1613.7,79.128
6/12/19 10:04,67.928,52.9,1611.2,79.128
6/12/19 10:04,67.928,53,1611.2,79.128
6/12/19 10:04,67.971,53,1613.7,79.173
6/12/19 10:04,67.971,53,1616.2,79.173
6/12/19 10:04,67.971,53.1,1616.2,79.216
6/12/19 10:04,67.971,53.2,1618.7,79.216
6/12/19 10:04,67.971,53.2,1618.7,79.216
6/12/19 10:04,68.013,53.3,1616.2,79.173
6/12/19 10:04,68.013,53.3,1616.2,79.128
6/12/19 10:04,68.013,53.4,1621.2,79.128
6/12/19 10:04,68.013,53.5,1618.7,79.084
6/12/19 10:04,68.056,53.4,1616.2,79.041
6/12/19 10:04,68.056,53.5,1616.2,79.041
6/12/19 10:04,68.056,53.5,1616.2,78.953
6/12/19 10:04,68.056,53.5,1618.7,78.865
6/12/19 10:04,68.099,53.5,1611.2,78.822
6/12/19 10:04,68.099,53.5,1616.2,78.777
6/12/19 10:04,68.099,53.5,1613.7,78.69
6/12/19 10:04,68.099,53.5,1616.2,78.69
6/12/19 10:05,68.099,53.4,1616.2,78.645
6/12/19 10:05,68.142,53.4,1598.7,78.602
6/12/19 10:05,68.142,53.5,1591.2,78.602
6/12/19 10:05,68.142,53.4,1581.2,78.559
6/12/19 10:05,68.142,53.3,1578.7,78.514
6/12/19 10:05,68.142,53.3,1578.7,78.514
6/12/19 10:05,68.185,53.2,1571.2,78.471
6/12/19 10:05,68.185,53.2,1566.2,78.471
6/12/19 10:05,68.185,53.2,1558.7,78.471
6/12/19 10:05,68.185,53.1,1553.7,78.471
6/12/19 10:05,68.185,53.1,1556.2,78.471
6/12/19 10:05,68.185,53,1573.7,78.514
6/12/19 10:05,68.185,53,1591.2,78.514
6/12/19 10:05,68.185,52.9,1598.7,78.514
6/12/19 10:05,68.227,53,1603.7,78.514
6/12/19 10:05,68.227,52.9,1611.2,78.514
6/12/19 10:05,68.227,52.9,1616.2,78.471
6/12/19 10:05,68.227,52.8,1616.2,78.427
6/12/19 10:05,68.227,52.8,1616.2,78.427
6/12/19 10:05,68.227,52.8,1616.2,78.382
6/12/19 10:05,68.227,52.8,1616.2,78.339
6/12/19 10:05,68.227,52.8,1613.7,78.296
6/12/19 10:05,68.227,52.8,1611.2,78.251
6/12/19 10:05,68.227,52.8,1611.2,78.251
6/12/19 10:05,68.227,52.8,1611.2,78.208
6/12/19 10:05,68.227,52.8,1613.7,78.165
6/12/19 10:05,68.227,52.9,1616.2,78.121
6/12/19 10:05,68.227,52.9,1616.2,78.121
6/12/19 10:05,68.227,52.9,1618.7,78.121
6/12/19 10:05,68.27,52.9,1618.7,78.121
6/12/19 10:05,68.227,52.9,1616.2,78.121
6/12/19 10:05,68.27,52.9,1618.7,78.121
6/12/19 10:05,68.27,53,1621.2,78.121
6/12/19 10:05,68.27,53,1621.2,78.076
6/12/19 10:05,68.27,52.9,1621.2,78.033
6/12/19 10:05,68.27,52.9,1621.2,77.99
6/12/19 10:05,68.27,52.9,1623.7,77.99
6/12/19 10:05,68.313,52.9,1623.7,77.945
6/12/19 10:05,68.313,53,1623.7,77.945
6/12/19 10:05,68.313,53,1623.7,77.945
6/12/19 10:05,68.313,53,1626.2,77.945
6/12/19 10:05,68.313,53,1626.2,77.945
6/12/19 10:05,68.313,53,1626.2,77.99
6/12/19 10:05,68.356,53,1623.7,78.033
6/12/19 10:05,68.356,53.1,1623.7,78.033
6/12/19 10:05,68.356,53.1,1623.7,78.033
6/12/19 10:05,68.356,53.1,1621.2,78.033
6/12/19 10:05,68.356,53.1,1621.2,78.033
6/12/19 10:05,68.356,53.1,1621.2,78.076
6/12/19 10:05,68.4,53.1,1616.2,78.076
6/12/19 10:05,68.4,53.1,1611.2,78.076
6/12/19 10:05,68.4,53.1,1608.7,78.076
6/12/19 10:05,68.4,53.1,1606.2,78.076
6/12/19 10:05,68.443,53.1,1606.2,78.076
6/12/19 10:05,68.443,53.2,1611.2,78.076
6/12/19 10:05,68.443,53.2,1606.2,78.076
6/12/19 10:05,68.443,53.2,1608.7,78.033
6/12/19 10:05,68.484,53.2,1613.7,78.033
6/12/19 10:05,68.484,53.2,1611.2,78.033
6/12/19 10:05,68.484,53.2,1606.2,78.033
6/12/19 10:06,68.484,53.2,1598.7,78.076
6/12/19 10:06,68.527,53.2,1598.7,78.076
6/12/19 10:06,68.527,53.3,1598.7,78.076
6/12/19 10:06,68.527,53.2,1598.7,78.121
6/12/19 10:06,68.571,53.2,1598.7,78.121
6/12/19 10:06,68.571,53.2,1596.2,78.121
6/12/19 10:06,68.571,53.3,1598.7,78.165
6/12/19 10:06,68.571,53.3,1596.2,78.165
6/12/19 10:06,68.614,53.3,1593.7,78.208
6/12/19 10:06,68.614,53.3,1591.2,78.208
6/12/19 10:06,68.614,53.3,1581.2,78.208
6/12/19 10:06,68.657,53.3,1583.7,78.208
6/12/19 10:06,68.657,53.3,1588.7,78.208
6/12/19 10:06,68.657,53.3,1586.2,78.208
6/12/19 10:06,68.657,53.3,1586.2,78.165
6/12/19 10:06,68.698,53.3,1588.7,78.165
6/12/19 10:06,68.698,53.3,1593.7,78.165
6/12/19 10:06,68.698,53.4,1596.2,78.208
6/12/19 10:06,68.742,53.4,1601.2,78.208
6/12/19 10:06,68.742,53.4,1596.2,78.251
6/12/19 10:06,68.742,53.4,1591.2,78.296
6/12/19 10:06,68.785,53.4,1593.7,78.339
6/12/19 10:06,68.785,53.5,1593.7,78.339
6/12/19 10:06,68.785,53.5,1591.2,78.339
6/12/19 10:06,68.828,53.6,1591.2,78.339
6/12/19 10:06,68.828,53.5,1581.2,78.339
6/12/19 10:06,68.828,53.5,1568.7,78.339
6/12/19 10:06,68.871,53.5,1568.7,78.296
6/12/19 10:06,68.871,53.6,1571.2,78.296
6/12/19 10:06,68.871,53.6,1571.2,78.296
6/12/19 10:06,68.913,53.6,1566.2,78.296
6/12/19 10:06,68.913,53.6,1563.7,78.251
6/12/19 10:06,68.913,53.6,1558.7,78.208
6/12/19 10:06,68.913,53.6,1558.7,78.208
6/12/19 10:06,68.956,53.7,1541.2,78.165
6/12/19 10:06,68.956,53.7,1518.7,78.121
6/12/19 10:06,68.956,53.7,1511.2,78.121
6/12/19 10:06,68.956,53.7,1536.2,78.076
6/12/19 10:06,68.999,53.7,1558.7,78.033
6/12/19 10:06,68.999,53.7,1573.7,77.99
6/12/19 10:06,68.999,53.7,1581.2,77.945
6/12/19 10:06,69.042,53.8,1583.7,77.902
6/12/19 10:06,69.042,53.8,1583.7,77.859
6/12/19 10:06,69.042,53.8,1583.7,77.815
6/12/19 10:06,69.042,53.8,1586.2,77.77
6/12/19 10:06,69.042,53.8,1578.7,77.727
6/12/19 10:06,69.085,53.8,1571.2,77.684
6/12/19 10:06,69.085,53.8,1561.2,77.684
6/12/19 10:06,69.085,53.8,1558.7,77.639
6/12/19 10:06,69.085,53.8,1561.2,77.639
6/12/19 10:06,69.085,53.8,1553.7,77.639
6/12/19 10:06,69.085,53.8,1551.2,77.639
6/12/19 10:06,69.129,53.8,1553.7,77.639
6/12/19 10:06,69.129,53.8,1556.2,77.639
6/12/19 10:06,69.129,53.8,1561.2,77.596
6/12/19 10:06,69.129,53.8,1563.7,77.596
6/12/19 10:06,69.129,53.9,1561.2,77.553
6/12/19 10:06,69.129,53.9,1566.2,77.509
6/12/19 10:06,69.17,53.9,1563.7,77.464
6/12/19 10:06,69.17,53.9,1561.2,77.421
6/12/19 10:07,69.17,53.9,1551.2,77.378
6/12/19 10:07,69.17,53.8,1543.7,77.335
6/12/19 10:07,69.17,53.8,1536.2,77.247
6/12/19 10:07,69.17,53.7,1533.7,77.203
6/12/19 10:07,69.213,53.7,1541.2,77.16
6/12/19 10:07,69.17,53.6,1538.7,77.117
6/12/19 10:07,69.213,53.6,1531.2,77.029
6/12/19 10:07,69.213,53.5,1536.2,76.986
6/12/19 10:07,69.213,53.5,1543.7,76.942
6/12/19 10:07,69.213,53.5,1541.2,76.899
6/12/19 10:07,69.213,53.4,1541.2,76.811
6/12/19 10:07,69.213,53.4,1533.7,76.768
6/12/19 10:07,69.213,53.4,1541.2,76.725
6/12/19 10:07,69.213,53.4,1548.7,76.681
6/12/19 10:07,69.213,53.4,1558.7,76.636
6/12/19 10:07,69.17,53.4,1561.2,76.55
6/12/19 10:07,69.213,53.3,1563.7,76.464
6/12/19 10:07,69.17,53.3,1566.2,76.375
6/12/19 10:07,69.17,53.3,1573.7,76.289
6/12/19 10:07,69.17,53.3,1573.7,76.203
6/12/19 10:07,69.17,53.2,1573.7,76.071
6/12/19 10:07,69.17,53.1,1561.2,76.028
6/12/19 10:07,69.17,53,1548.7,75.942
6/12/19 10:07,69.17,53,1533.7,75.853
6/12/19 10:07,69.129,52.9,1528.7,75.81
6/12/19 10:07,69.129,52.8,1533.7,75.724
6/12/19 10:07,69.129,52.7,1538.7,75.681
6/12/19 10:07,69.085,52.6,1531.2,75.594
6/12/19 10:07,69.085,52.5,1531.2,75.551
6/12/19 10:07,69.085,52.4,1531.2,75.508
6/12/19 10:07,69.085,52.4,1533.7,75.463
6/12/19 10:07,69.042,52.4,1531.2,75.376
6/12/19 10:07,69.042,52.4,1531.2,75.376
6/12/19 10:07,69.042,52.4,1536.2,75.29
6/12/19 10:07,69.042,52.4,1536.2,75.247
6/12/19 10:07,68.999,52.4,1541.2,75.204
6/12/19 10:07,68.999,52.4,1546.2,75.16
6/12/19 10:07,68.999,52.4,1548.7,75.117
6/12/19 10:07,68.999,52.4,1541.2,75.029
6/12/19 10:07,68.999,52.4,1536.2,74.986
6/12/19 10:07,68.956,52.4,1536.2,74.943
6/12/19 10:07,68.956,52.4,1541.2,74.899
6/12/19 10:07,68.956,52.5,1541.2,74.856
6/12/19 10:07,68.956,52.5,1541.2,74.856
6/12/19 10:07,68.956,52.6,1536.2,74.813
6/12/19 10:07,68.956,52.7,1533.7,74.77
6/12/19 10:07,68.956,52.8,1538.7,74.727
6/12/19 10:07,68.956,52.8,1541.2,74.64
6/12/19 10:07,68.956,52.8,1533.7,74.597
6/12/19 10:07,68.913,52.8,1523.7,74.511
6/12/19 10:07,68.913,52.9,1518.7,74.467
6/12/19 10:07,68.913,52.9,1516.2,74.424
6/12/19 10:07,68.913,52.9,1516.2,74.424
6/12/19 10:07,68.913,52.8,1523.7,74.381
6/12/19 10:07,68.913,52.8,1536.2,74.338
6/12/19 10:07,68.871,52.8,1541.2,74.338
6/12/19 10:07,68.871,52.8,1541.2,74.295
6/12/19 10:07,68.871,52.8,1531.2,74.25
6/12/19 10:07,68.871,52.8,1521.2,74.206
6/12/19 10:07,68.871,52.7,1508.7,74.12
6/12/19 10:08,68.871,52.7,1498.7,74.077
6/12/19 10:08,68.871,52.6,1496.2,73.99
6/12/19 10:08,68.828,52.6,1508.7,73.947
6/12/19 10:08,68.828,52.5,1521.2,73.861
6/12/19 10:08,68.828,52.5,1523.7,73.774
6/12/19 10:08,68.828,52.4,1528.7,73.731
6/12/19 10:08,68.785,52.4,1533.7,73.645
6/12/19 10:08,68.785,52.4,1538.7,73.602
6/12/19 10:08,68.785,52.2,1543.7,73.558
6/12/19 10:08,68.785,52.3,1541.2,73.472
6/12/19 10:08,68.742,52.2,1536.2,73.472
6/12/19 10:08,68.785,52.1,1531.2,73.386
6/12/19 10:08,68.742,52.1,1528.7,73.342
6/12/19 10:08,68.742,52.1,1533.7,73.256
6/12/19 10:08,68.742,52.1,1536.2,73.213
6/12/19 10:08,68.698,52.1,1528.7,73.126
6/12/19 10:08,68.698,52.1,1523.7,73.083
6/12/19 10:08,68.698,52.1,1523.7,73.04
6/12/19 10:08,68.657,52.1,1518.7,72.997
6/12/19 10:08,68.657,52.1,1513.7,72.955
6/12/19 10:08,68.657,52.1,1516.2,72.912
6/12/19 10:08,68.657,52.1,1521.2,72.869
6/12/19 10:08,68.657,52.1,1501.2,72.869
6/12/19 10:08,68.614,52.2,1483.7,72.869
6/12/19 10:08,68.614,52.2,1481.2,72.869
6/12/19 10:08,68.614,52.2,1491.2,72.869
6/12/19 10:08,68.614,52.2,1508.7,72.826
6/12/19 10:08,68.614,52.3,1523.7,72.826
6/12/19 10:08,68.614,52.3,1531.2,72.826
6/12/19 10:08,68.571,52.3,1531.2,72.783
6/12/19 10:08,68.571,52.4,1523.7,72.826
6/12/19 10:08,68.571,52.4,1523.7,72.783
6/12/19 10:08,68.571,52.5,1513.7,72.783
6/12/19 10:08,68.571,52.6,1508.7,72.783
6/12/19 10:08,68.571,52.7,1496.2,72.739
6/12/19 10:08,68.571,52.8,1498.7,72.696
6/12/19 10:08,68.571,52.9,1506.2,72.696
6/12/19 10:08,68.571,53,1518.7,72.653
6/12/19 10:08,68.571,53,1513.7,72.61
6/12/19 10:08,68.571,53,1526.2,72.61
6/12/19 10:08,68.571,53.1,1548.7,72.61
6/12/19 10:08,68.571,53.2,1561.2,72.567
6/12/19 10:08,68.571,53.3,1571.2,72.567
6/12/19 10:08,68.571,53.4,1581.2,72.567
6/12/19 10:08,68.571,53.5,1583.7,72.567
6/12/19 10:08,68.571,53.6,1586.2,72.567
6/12/19 10:08,68.571,53.7,1583.7,72.567
6/12/19 10:08,68.571,53.7,1578.7,72.523
6/12/19 10:08,68.571,53.7,1573.7,72.523
6/12/19 10:08,68.571,53.7,1573.7,72.523
6/12/19 10:08,68.571,53.6,1568.7,72.523
6/12/19 10:08,68.527,53.6,1548.7,72.523
6/12/19 10:08,68.527,53.5,1528.7,72.523
6/12/19 10:08,68.527,53.5,1518.7,72.523
6/12/19 10:08,68.527,53.4,1511.2,72.523
6/12/19 10:08,68.527,53.3,1508.7,72.523
6/12/19 10:08,68.527,53.2,1516.2,72.567
6/12/19 10:08,68.527,53.1,1528.7,72.567
6/12/19 10:08,68.527,53.1,1538.7,72.567
6/12/19 10:08,68.484,53.1,1543.7,72.567
6/12/19 10:09,68.484,53.1,1551.2,72.61
6/12/19 10:09,68.484,53.1,1561.2,72.61
6/12/19 10:09,68.484,53.1,1563.7,72.653
6/12/19 10:09,68.484,53.1,1553.7,72.653
6/12/19 10:09,68.484,53.1,1543.7,72.653
6/12/19 10:09,68.443,53.1,1536.2,72.653
6/12/19 10:09,68.484,53.2,1523.7,72.653
6/12/19 10:09,68.484,53.3,1518.7,72.653
6/12/19 10:09,68.484,53.3,1526.2,72.696
6/12/19 10:09,68.443,53.3,1536.2,72.696
6/12/19 10:09,68.443,53.4,1543.7,72.696
6/12/19 10:09,68.443,53.4,1548.7,72.696
6/12/19 10:09,68.443,53.4,1553.7,72.739
6/12/19 10:09,68.443,53.4,1548.7,72.739
6/12/19 10:09,68.443,53.5,1536.2,72.739
6/12/19 10:09,68.443,53.5,1528.7,72.739
6/12/19 10:09,68.443,53.6,1526.2,72.696
6/12/19 10:09,68.443,53.5,1536.2,72.696
6/12/19 10:09,68.443,53.5,1538.7,72.653
6/12/19 10:09,68.443,53.5,1541.2,72.696
6/12/19 10:09,68.443,53.5,1536.2,72.653
6/12/19 10:09,68.443,53.4,1541.2,72.653
6/12/19 10:09,68.443,53.4,1541.2,72.653
6/12/19 10:09,68.443,53.4,1541.2,72.653
6/12/19 10:09,68.443,53.3,1543.7,72.653
6/12/19 10:09,68.443,53.3,1533.7,72.653
6/12/19 10:09,68.443,53.2,1536.2,72.61
6/12/19 10:09,68.4,53.2,1541.2,72.61
6/12/19 10:09,68.4,53.1,1548.7,72.61
6/12/19 10:09,68.4,53.1,1553.7,72.61
6/12/19 10:09,68.4,53.1,1553.7,72.61
6/12/19 10:09,68.4,53.1,1543.7,72.61
6/12/19 10:09,68.4,53.1,1528.7,72.567
6/12/19 10:09,68.356,53.1,1531.2,72.523
6/12/19 10:09,68.356,53.1,1543.7,72.48
6/12/19 10:09,68.356,53,1553.7,72.437
6/12/19 10:09,68.356,53,1556.2,72.394
6/12/19 10:09,68.356,52.9,1553.7,72.351
6/12/19 10:09,68.356,53,1558.7,72.307
6/12/19 10:09,68.313,52.9,1561.2,72.264
6/12/19 10:09,68.313,52.9,1563.7,72.264
6/12/19 10:09,68.313,52.8,1568.7,72.221
6/12/19 10:09,68.313,52.7,1566.2,72.221
6/12/19 10:09,68.313,52.7,1563.7,72.221
6/12/19 10:09,68.27,52.6,1558.7,72.221
6/12/19 10:09,68.27,52.6,1558.7,72.178
6/12/19 10:09,68.27,52.6,1558.7,72.178
6/12/19 10:09,68.227,52.5,1563.7,72.136
6/12/19 10:09,68.227,52.5,1553.7,72.093
6/12/19 10:09,68.227,52.4,1523.7,72.093
6/12/19 10:09,68.227,52.4,1496.2,72.05
6/12/19 10:09,68.185,52.3,1491.2,72.05
6/12/19 10:09,68.185,52.3,1488.7,72.05
6/12/19 10:09,68.185,52.3,1488.7,72.007
6/12/19 10:09,68.185,52.3,1503.7,72.007
6/12/19 10:09,68.142,52.3,1513.7,71.964
6/12/19 10:09,68.142,52.2,1516.2,71.964
6/12/19 10:09,68.099,52.2,1516.2,71.964
6/12/19 10:09,68.099,52.2,1513.7,71.964
6/12/19 10:09,68.099,52.1,1516.2,71.964
6/12/19 10:10,68.099,52.1,1521.2,71.964
6/12/19 10:10,68.056,52.1,1523.7,71.964
6/12/19 10:10,68.056,52.1,1526.2,71.964
6/12/19 10:10,68.056,52.1,1528.7,71.964
6/12/19 10:10,68.056,52.1,1548.7,71.964
6/12/19 10:10,68.013,52.1,1561.2,71.964
6/12/19 10:10,68.013,52.2,1568.7,71.964
6/12/19 10:10,68.013,52.2,1588.7,72.007
6/12/19 10:10,68.013,52.2,1596.2,72.05
6/12/19 10:10,68.013,52.3,1591.2,72.093
6/12/19 10:10,68.013,52.3,1591.2,72.093
6/12/19 10:10,67.971,52.4,1591.2,72.093
6/12/19 10:10,67.971,52.5,1593.7,72.136
6/12/19 10:10,67.971,52.6,1598.7,72.178
6/12/19 10:10,67.971,52.7,1606.2,72.221
6/12/19 10:10,67.971,52.8,1611.2,72.307
6/12/19 10:10,67.971,52.8,1616.2,72.351
6/12/19 10:10,67.971,53,1618.7,72.394
6/12/19 10:10,67.971,52.9,1621.2,72.437
6/12/19 10:10,67.971,53,1616.2,72.437
6/12/19 10:10,67.971,53.1,1618.7,72.48
6/12/19 10:10,67.971,53.1,1616.2,72.523
6/12/19 10:10,67.971,53.2,1621.2,72.523
6/12/19 10:10,67.971,53.3,1626.2,72.567
6/12/19 10:10,67.971,53.3,1626.2,72.567
6/12/19 10:10,68.013,53.4,1626.2,72.61
6/12/19 10:10,68.013,53.5,1628.7,72.61
6/12/19 10:10,68.013,53.5,1626.2,72.61
6/12/19 10:10,68.013,53.6,1626.2,72.653
6/12/19 10:10,68.013,53.7,1623.7,72.653
6/12/19 10:10,68.013,53.9,1623.7,72.653
6/12/19 10:10,68.013,54,1631.2,72.653
6/12/19 10:10,68.013,54,1633.7,72.696
6/12/19 10:10,68.013,54.1,1631.2,72.696
6/12/19 10:10,68.056,54.1,1631.2,72.696
6/12/19 10:10,68.056,54.1,1633.7,72.653
6/12/19 10:10,68.056,54.1,1631.2,72.653
6/12/19 10:10,68.056,54.1,1631.2,72.61
6/12/19 10:10,68.056,54.1,1638.7,72.61
6/12/19 10:10,68.056,54.1,1636.2,72.567
6/12/19 10:10,68.056,54,1641.2,72.523
6/12/19 10:10,68.056,54,1641.2,72.523
6/12/19 10:10,68.056,54,1636.2,72.48
6/12/19 10:10,68.056,53.9,1638.7,72.48
6/12/19 10:10,68.056,53.9,1636.2,72.437
6/12/19 10:10,68.056,53.9,1633.7,72.437
6/12/19 10:10,68.056,53.9,1636.2,72.394
6/12/19 10:10,68.056,53.8,1638.7,72.394
6/12/19 10:10,68.056,53.7,1641.2,72.351
6/12/19 10:10,68.056,53.7,1643.7,72.351
6/12/19 10:10,68.056,53.6,1643.7,72.351
6/12/19 10:10,68.056,53.6,1648.7,72.351
6/12/19 10:10,68.056,53.5,1651.2,72.307
6/12/19 10:10,68.013,53.5,1653.7,72.307
6/12/19 10:10,68.013,53.4,1653.7,72.307
6/12/19 10:10,68.013,53.3,1651.2,72.264
6/12/19 10:10,68.013,53.3,1653.7,72.264
6/12/19 10:10,68.013,53.2,1651.2,72.264
6/12/19 10:10,68.013,53.2,1653.7,72.264
6/12/19 10:10,68.013,53.1,1648.7,72.264
6/12/19 10:11,68.013,53.1,1651.2,72.264
6/12/19 10:11,67.971,53.1,1653.7,72.264
6/12/19 10:11,67.971,53.2,1648.7,72.307
6/12/19 10:11,67.971,53.3,1651.2,72.307
6/12/19 10:11,67.971,53.3,1653.7,72.307
6/12/19 10:11,67.971,53.4,1653.7,72.351
6/12/19 10:11,67.971,53.5,1651.2,72.351
6/12/19 10:11,67.971,53.6,1651.2,72.351
6/12/19 10:11,67.971,53.6,1651.2,72.394
6/12/19 10:11,67.971,53.6,1651.2,72.394
6/12/19 10:11,67.971,53.7,1651.2,72.351
6/12/19 10:11,67.971,53.8,1653.7,72.437
6/12/19 10:11,67.971,53.9,1651.2,72.48
6/12/19 10:11,67.971,53.9,1651.2,72.523
6/12/19 10:11,67.971,54,1651.2,72.567
6/12/19 10:11,67.971,54.1,1651.2,72.567
6/12/19 10:11,67.971,54.1,1648.7,72.567
6/12/19 10:11,67.971,54.1,1651.2,72.567
6/12/19 10:11,67.971,54.2,1648.7,72.523
6/12/19 10:11,67.971,54.2,1653.7,72.437
6/12/19 10:11,67.971,54.2,1651.2,72.394
6/12/19 10:11,67.971,54.2,1653.7,72.307
6/12/19 10:11,67.971,54.2,1651.2,72.307
6/12/19 10:11,67.971,54.2,1653.7,72.264
6/12/19 10:11,67.971,54.2,1651.2,72.264
6/12/19 10:11,67.971,54.3,1648.7,72.264
6/12/19 10:11,67.971,54.3,1653.7,72.264
6/12/19 10:11,67.971,54.3,1651.2,72.307
6/12/19 10:11,67.971,54.3,1651.2,72.394
6/12/19 10:11,67.971,54.3,1651.2,72.567
6/12/19 10:11,67.971,54.3,1651.2,72.567
6/12/19 10:11,67.971,54.2,1651.2,72.48
6/12/19 10:11,67.971,54.2,1651.2,72.437
6/12/19 10:11,67.971,54.2,1651.2,72.351
6/12/19 10:11,67.971,54.1,1651.2,72.307
6/12/19 10:11,67.971,54.1,1648.7,72.394
6/12/19 10:11,67.971,54.1,1651.2,72.696
6/12/19 10:11,67.971,54.1,1653.7,72.955
6/12/19 10:11,67.971,54.1,1648.7,73.126
6/12/19 10:11,67.971,54.1,1648.7,73.256
6/12/19 10:11,67.971,54.1,1648.7,73.299
6/12/19 10:11,67.971,54.1,1648.7,73.386
6/12/19 10:11,67.971,54.1,1648.7,73.386
6/12/19 10:11,67.971,54.1,1648.7,73.386
6/12/19 10:11,68.013,54.1,1646.2,73.386
6/12/19 10:11,68.013,54.1,1648.7,73.429
6/12/19 10:11,67.971,54.1,1646.2,73.429
6/12/19 10:11,68.013,54.1,1648.7,73.429
6/12/19 10:11,68.013,54.1,1646.2,73.429
6/12/19 10:11,68.013,54.1,1648.7,73.429
6/12/19 10:11,68.013,54.1,1646.2,73.429
6/12/19 10:11,68.013,54.1,1648.7,73.429
6/12/19 10:11,68.013,54.1,1648.7,73.429
6/12/19 10:11,68.013,54.1,1646.2,73.386
6/12/19 10:11,68.013,54.2,1646.2,73.386
6/12/19 10:11,68.013,54.2,1648.7,73.386
6/12/19 10:11,68.013,54.3,1646.2,73.386
6/12/19 10:11,68.013,54.3,1648.7,73.386
6/12/19 10:11,68.056,54.3,1646.2,73.386
6/12/19 10:11,68.056,54.3,1648.7,73.386
6/12/19 10:12,68.056,54.4,1646.2,73.386
6/12/19 10:12,68.056,54.3,1648.7,73.342
6/12/19 10:12,68.056,54.4,1648.7,73.342
6/12/19 10:12,68.056,54.5,1648.7,73.342
6/12/19 10:12,68.056,54.5,1646.2,73.342
6/12/19 10:12,68.056,54.5,1648.7,73.342
6/12/19 10:12,68.056,54.5,1646.2,73.299
6/12/19 10:12,68.056,54.5,1648.7,73.299
6/12/19 10:12,68.056,54.5,1648.7,73.299
6/12/19 10:12,68.056,54.4,1648.7,73.299
6/12/19 10:12,68.099,54.5,1648.7,73.299
6/12/19 10:12,68.099,54.5,1646.2,73.299
6/12/19 10:12,68.099,54.4,1648.7,73.299
6/12/19 10:12,68.099,54.4,1648.7,73.299
6/12/19 10:12,68.099,54.4,1646.2,73.256
6/12/19 10:12,68.099,54.4,1646.2,73.256
6/12/19 10:12,68.099,54.3,1646.2,73.256
6/12/19 10:12,68.099,54.3,1646.2,73.256
6/12/19 10:12,68.099,54.3,1646.2,73.256
6/12/19 10:12,68.099,54.3,1643.7,73.213
6/12/19 10:12,68.099,54.3,1643.7,73.213
6/12/19 10:12,68.099,54.3,1646.2,73.213
6/12/19 10:12,68.142,54.3,1648.7,73.213
6/12/19 10:12,68.142,54.3,1646.2,73.213
6/12/19 10:12,68.142,54.3,1646.2,73.213
6/12/19 10:12,68.142,54.3,1648.7,73.213
6/12/19 10:12,68.142,54.4,1648.7,73.213
6/12/19 10:12,68.142,54.4,1648.7,73.213
6/12/19 10:12,68.142,54.4,1651.2,73.213
6/12/19 10:12,68.185,54.4,1643.7,73.17
6/12/19 10:12,68.185,54.4,1648.7,73.17
6/12/19 10:12,68.185,54.4,1648.7,73.17
6/12/19 10:12,68.185,54.5,1648.7,73.17
6/12/19 10:12,68.185,54.5,1648.7,73.17
6/12/19 10:12,68.227,54.5,1646.2,73.17
6/12/19 10:12,68.227,54.5,1656.2,73.17
6/12/19 10:12,68.227,54.5,1646.2,73.126
6/12/19 10:12,68.227,54.5,1653.7,73.126
6/12/19 10:12,68.227,54.5,1648.7,73.126
6/12/19 10:12,68.227,54.6,1653.7,73.126
6/12/19 10:12,68.27,54.6,1646.2,73.126
6/12/19 10:12,68.27,54.6,1648.7,73.126
6/12/19 10:12,68.27,54.6,1648.7,73.126
6/12/19 10:12,68.27,54.6,1643.7,73.126
6/12/19 10:12,68.27,54.6,1651.2,73.126
6/12/19 10:12,68.27,54.6,1653.7,73.126
6/12/19 10:12,68.27,54.7,1651.2,73.126
6/12/19 10:12,68.27,54.7,1646.2,73.126
6/12/19 10:12,68.313,54.7,1646.2,73.083
6/12/19 10:12,68.313,54.8,1651.2,73.126
6/12/19 10:12,68.313,54.8,1651.2,73.083
6/12/19 10:12,68.313,54.9,1648.7,73.083
6/12/19 10:12,68.313,54.9,1648.7,73.083
6/12/19 10:12,68.313,54.9,1646.2,73.083
6/12/19 10:12,68.313,54.9,1648.7,73.083
6/12/19 10:12,68.313,54.9,1648.7,73.083
6/12/19 10:12,68.356,54.8,1648.7,73.083
6/12/19 10:12,68.356,54.7,1648.7,73.083
6/12/19 10:12,68.356,54.6,1648.7,73.083
6/12/19 10:12,68.356,54.7,1651.2,73.083
6/12/19 10:13,68.356,54.7,1648.7,73.04
6/12/19 10:13,68.356,54.7,1648.7,73.083
6/12/19 10:13,68.356,54.7,1648.7,73.083
6/12/19 10:13,68.356,54.6,1648.7,73.04
6/12/19 10:13,68.356,54.6,1651.2,73.04
6/12/19 10:13,68.356,54.5,1648.7,73.04
6/12/19 10:13,68.356,54.4,1648.7,73.04
6/12/19 10:13,68.356,54.3,1648.7,73.04
6/12/19 10:13,68.356,54.3,1648.7,73.04
6/12/19 10:13,68.356,54.2,1651.2,73.04
6/12/19 10:13,68.356,54.1,1648.7,73.04
6/12/19 10:13,68.356,54.1,1648.7,73.04
6/12/19 10:13,68.356,54,1648.7,73.04
6/12/19 10:13,68.356,53.9,1648.7,73.04
6/12/19 10:13,68.313,53.8,1648.7,73.04
6/12/19 10:13,68.313,53.7,1648.7,73.04
6/12/19 10:13,68.313,53.6,1648.7,73.04
6/12/19 10:13,68.313,53.5,1646.2,73.04
6/12/19 10:13,68.313,53.5,1648.7,73.04
6/12/19 10:13,68.313,53.4,1646.2,73.04
6/12/19 10:13,68.27,53.3,1648.7,73.04
6/12/19 10:13,68.27,53.2,1648.7,73.04
6/12/19 10:13,68.27,53.1,1651.2,73.04
6/12/19 10:13,68.227,53.1,1648.7,73.04
6/12/19 10:13,68.227,53,1651.2,73.04
6/12/19 10:13,68.227,52.9,1653.7,72.997
6/12/19 10:13,68.227,53,1651.2,72.997
6/12/19 10:13,68.185,52.9,1653.7,73.04
6/12/19 10:13,68.185,52.9,1653.7,72.997
6/12/19 10:13,68.185,52.8,1648.7,72.997
6/12/19 10:13,68.185,52.8,1648.7,72.997
6/12/19 10:13,68.185,52.7,1648.7,72.997
6/12/19 10:13,68.142,52.7,1651.2,72.997
6/12/19 10:13,68.142,52.7,1651.2,72.997
6/12/19 10:13,68.142,52.7,1651.2,72.997
6/12/19 10:13,68.142,52.7,1651.2,72.997
6/12/19 10:13,68.142,52.8,1651.2,72.997
6/12/19 10:13,68.099,52.8,1653.7,72.997
6/12/19 10:13,68.099,52.9,1648.7,72.997
6/12/19 10:13,68.099,52.9,1648.7,72.997
6/12/19 10:13,68.099,53,1651.2,72.997
6/12/19 10:13,68.099,53,1651.2,72.997
6/12/19 10:13,68.099,52.9,1651.2,72.997
6/12/19 10:13,68.056,53,1651.2,72.997
6/12/19 10:13,68.056,53,1648.7,72.997
6/12/19 10:13,68.056,53,1651.2,72.997
6/12/19 10:13,68.056,53,1648.7,72.997
6/12/19 10:13,68.056,53,1651.2,72.997
6/12/19 10:13,68.056,53,1651.2,72.997
6/12/19 10:13,68.056,53,1651.2,72.997
6/12/19 10:13,68.056,53,1653.7,72.997
6/12/19 10:13,68.056,53,1651.2,72.997
6/12/19 10:13,68.056,53,1651.2,72.997
6/12/19 10:13,68.013,53,1653.7,72.997
6/12/19 10:13,68.013,52.9,1653.7,72.997
6/12/19 10:13,68.013,52.9,1653.7,72.997
6/12/19 10:13,68.013,53,1656.2,72.997
6/12/19 10:13,68.013,53,1653.7,72.997
6/12/19 10:13,68.013,53,1653.7,72.997
6/12/19 10:13,68.013,53,1653.7,72.955
6/12/19 10:14,68.013,53,1653.7,72.997
6/12/19 10:14,68.013,53,1651.2,72.997
6/12/19 10:14,68.013,52.9,1651.2,72.997
6/12/19 10:14,68.013,53,1651.2,72.997
6/12/19 10:14,67.971,53,1653.7,72.997
6/12/19 10:14,67.971,53,1651.2,72.955
6/12/19 10:14,67.971,52.9,1651.2,72.955
6/12/19 10:14,67.971,52.9,1651.2,72.997
6/12/19 10:14,67.971,52.9,1651.2,72.997
6/12/19 10:14,67.971,52.9,1651.2,72.997
6/12/19 10:14,67.971,52.9,1648.7,72.955
6/12/19 10:14,67.971,52.9,1651.2,72.997
6/12/19 10:14,67.971,52.9,1653.7,72.997
6/12/19 10:14,67.971,52.9,1653.7,72.955
6/12/19 10:14,67.971,52.9,1653.7,72.997
6/12/19 10:14,67.971,52.8,1653.7,72.955
6/12/19 10:14,67.928,52.8,1653.7,72.955
6/12/19 10:14,67.971,52.8,1653.7,72.955
6/12/19 10:14,67.928,52.8,1651.2,72.997
6/12/19 10:14,67.928,52.8,1648.7,72.955
6/12/19 10:14,67.928,52.8,1651.2,72.955
6/12/19 10:14,67.928,52.8,1653.7,72.955
6/12/19 10:14,67.928,52.8,1651.2,72.955
6/12/19 10:14,67.928,52.8,1651.2,72.955
6/12/19 10:14,67.928,52.8,1653.7,72.955
6/12/19 10:14,67.928,52.8,1653.7,72.955
6/12/19 10:14,67.928,52.8,1653.7,72.955
6/12/19 10:14,67.928,52.8,1653.7,72.955
6/12/19 10:14,67.928,52.8,1653.7,72.955
6/12/19 10:14,67.928,52.8,1656.2,72.955
6/12/19 10:14,67.928,52.8,1656.2,72.955
6/12/19 10:14,67.928,52.8,1656.2,72.955
6/12/19 10:14,67.928,52.8,1653.7,72.955
6/12/19 10:14,67.928,52.8,1653.7,72.955
6/12/19 10:14,67.928,52.8,1656.2,72.955
6/12/19 10:14,67.928,52.8,1656.2,72.955
6/12/19 10:14,67.928,52.8,1653.7,72.955
6/12/19 10:14,67.928,52.8,1656.2,72.955
6/12/19 10:14,67.928,52.8,1653.7,72.955
6/12/19 10:14,67.928,52.9,1653.7,72.955
6/12/19 10:14,67.928,52.9,1653.7,72.955
6/12/19 10:14,67.928,52.9,1653.7,72.955
6/12/19 10:14,67.928,52.9,1656.2,72.955
6/12/19 10:14,67.971,53,1656.2,72.955
6/12/19 10:14,67.928,53,1653.7,72.955
6/12/19 10:14,67.928,53,1653.7,72.997
6/12/19 10:14,67.928,53,1653.7,72.955
6/12/19 10:14,67.928,52.9,1653.7,72.955
6/12/19 10:14,67.971,52.9,1653.7,72.955
6/12/19 10:14,67.971,52.9,1653.7,72.955
6/12/19 10:14,67.971,52.9,1653.7,72.955
6/12/19 10:14,67.971,53,1651.2,72.955
6/12/19 10:14,67.971,53,1653.7,72.955
6/12/19 10:14,67.971,53,1653.7,72.955
6/12/19 10:14,67.971,53,1653.7,72.955
6/12/19 10:14,67.971,53.1,1651.2,72.955
6/12/19 10:14,67.971,53.1,1653.7,72.955
6/12/19 10:14,68.013,53.1,1656.2,72.955
6/12/19 10:14,68.013,53.1,1653.7,72.955
6/12/19 10:14,68.013,53.1,1656.2,72.955
6/12/19 10:15,68.013,53.1,1656.2,72.955
6/12/19 10:15,68.013,53.1,1653.7,72.955
6/12/19 10:15,68.013,53.1,1653.7,72.955
6/12/19 10:15,68.013,53.1,1656.2,72.955
6/12/19 10:15,68.013,53.1,1656.2,72.955
6/12/19 10:15,68.013,53.1,1651.2,72.955
6/12/19 10:15,68.013,53.1,1651.2,72.955
6/12/19 10:15,68.013,53.1,1656.2,72.955
6/12/19 10:15,68.013,53.1,1653.7,72.955
6/12/19 10:15,68.013,53.1,1656.2,72.955
6/12/19 10:15,68.013,53.1,1656.2,72.955
6/12/19 10:15,68.013,53.1,1656.2,72.955
6/12/19 10:15,68.056,53.1,1653.7,72.997
6/12/19 10:15,68.013,53.2,1656.2,72.955
6/12/19 10:15,68.056,53.2,1656.2,72.955
6/12/19 10:15,68.056,53.2,1656.2,72.955
6/12/19 10:15,68.056,53.2,1653.7,72.997
6/12/19 10:15,68.056,53.2,1651.2,72.997
6/12/19 10:15,68.056,53.2,1656.2,72.955
6/12/19 10:15,68.099,53.2,1658.7,72.955
6/12/19 10:15,68.099,53.3,1656.2,72.997
6/12/19 10:15,68.099,53.3,1653.7,72.955
6/12/19 10:15,68.099,53.3,1648.7,72.997
6/12/19 10:15,68.099,53.3,1656.2,72.997
6/12/19 10:15,68.142,53.3,1656.2,72.955
6/12/19 10:15,68.142,53.3,1651.2,72.955
6/12/19 10:15,68.142,53.3,1643.7,72.955
6/12/19 10:15,68.142,53.4,1653.7,72.955
6/12/19 10:15,68.142,53.4,1653.7,72.997
6/12/19 10:15,68.142,53.4,1653.7,72.955
6/12/19 10:15,68.185,53.4,1651.2,72.997
6/12/19 10:15,68.185,53.4,1651.2,72.955
6/12/19 10:15,68.185,53.4,1651.2,72.997
6/12/19 10:15,68.185,53.5,1648.7,72.997
6/12/19 10:15,68.227,53.5,1656.2,72.997
6/12/19 10:15,68.227,53.5,1648.7,72.955
6/12/19 10:15,68.227,53.6,1646.2,72.955
6/12/19 10:15,68.227,53.5,1648.7,72.997
6/12/19 10:15,68.27,53.5,1651.2,72.997
6/12/19 10:15,68.27,53.6,1653.7,72.997
6/12/19 10:15,68.27,53.6,1648.7,72.997
6/12/19 10:15,68.313,53.6,1648.7,72.997
6/12/19 10:15,68.313,53.7,1646.2,72.955
6/12/19 10:15,68.313,53.7,1648.7,72.997
6/12/19 10:15,68.313,53.7,1648.7,72.997
6/12/19 10:15,68.356,53.7,1651.2,72.997
6/12/19 10:15,68.356,53.8,1646.2,72.997
6/12/19 10:15,68.356,53.8,1653.7,72.997
6/12/19 10:15,68.4,53.8,1646.2,72.997
6/12/19 10:15,68.4,53.8,1653.7,72.997
6/12/19 10:15,68.4,53.8,1648.7,72.997
6/12/19 10:15,68.4,53.8,1651.2,72.997
6/12/19 10:15,68.443,53.8,1653.7,72.997
6/12/19 10:15,68.443,53.8,1646.2,72.997
6/12/19 10:15,68.443,53.9,1646.2,72.997
6/12/19 10:15,68.443,53.9,1646.2,72.997
6/12/19 10:15,68.484,53.9,1653.7,72.997
6/12/19 10:15,68.484,53.9,1651.2,72.997
6/12/19 10:15,68.484,53.9,1648.7,72.997
6/12/19 10:15,68.484,53.9,1651.2,72.997
6/12/19 10:16,68.527,53.9,1648.7,72.997
6/12/19 10:16,68.527,53.9,1653.7,72.997
6/12/19 10:16,68.527,53.9,1653.7,72.997
6/12/19 10:16,68.571,54,1653.7,72.997
6/12/19 10:16,68.571,54,1653.7,72.997
6/12/19 10:16,68.571,54,1653.7,72.997
6/12/19 10:16,68.614,54,1648.7,72.997
6/12/19 10:16,68.614,54,1648.7,72.997
6/12/19 10:16,68.614,54,1653.7,72.997
6/12/19 10:16,68.657,54,1648.7,72.997
6/12/19 10:16,68.657,54,1646.2,72.997
6/12/19 10:16,68.657,54,1648.7,72.997
6/12/19 10:16,68.698,54,1648.7,72.997
6/12/19 10:16,68.698,54,1648.7,72.997
6/12/19 10:16,68.698,54,1653.7,72.997
6/12/19 10:16,68.742,54,1653.7,72.997
6/12/19 10:16,68.742,54,1653.7,72.997
6/12/19 10:16,68.742,54,1653.7,72.997
6/12/19 10:16,68.785,54.1,1656.2,72.997
6/12/19 10:16,68.785,54.1,1653.7,72.997
6/12/19 10:16,68.785,54.1,1656.2,72.997
6/12/19 10:16,68.828,54.1,1648.7,72.997
6/12/19 10:16,68.828,54.1,1648.7,72.997
6/12/19 10:16,68.828,54.1,1658.7,72.997
6/12/19 10:16,68.871,54.1,1648.7,72.997
6/12/19 10:16,68.871,54.2,1648.7,72.997
6/12/19 10:16,68.913,54.2,1653.7,72.997
6/12/19 10:16,68.913,54.2,1653.7,72.997
6/12/19 10:16,68.913,54.3,1651.2,72.997
6/12/19 10:16,68.956,54.3,1651.2,72.997
6/12/19 10:16,68.999,54.3,1653.7,72.997
6/12/19 10:16,68.999,54.4,1653.7,72.997
6/12/19 10:16,68.999,54.4,1653.7,72.997
6/12/19 10:16,69.042,54.4,1653.7,72.997
6/12/19 10:16,69.042,54.5,1656.2,72.997
6/12/19 10:16,69.085,54.5,1653.7,72.997
6/12/19 10:16,69.085,54.5,1658.7,72.997
6/12/19 10:16,69.129,54.5,1656.2,72.997
6/12/19 10:16,69.129,54.5,1656.2,72.997
6/12/19 10:16,69.129,54.6,1651.2,72.997
6/12/19 10:16,69.17,54.6,1656.2,72.997
6/12/19 10:16,69.17,54.6,1658.7,72.997
6/12/19 10:16,69.17,54.6,1656.2,72.997
6/12/19 10:16,69.213,54.6,1658.7,72.997
6/12/19 10:16,69.213,54.6,1658.7,72.997
6/12/19 10:16,69.256,54.6,1653.7,72.997
6/12/19 10:16,69.256,54.7,1658.7,72.997
6/12/19 10:16,69.256,54.7,1658.7,72.997
6/12/19 10:16,69.3,54.7,1661.2,72.997
6/12/19 10:16,69.3,54.7,1658.7,72.997
6/12/19 10:16,69.3,54.7,1658.7,72.997
6/12/19 10:16,69.343,54.7,1658.7,72.997
6/12/19 10:16,69.343,54.7,1656.2,72.997
6/12/19 10:16,69.343,54.7,1658.7,72.997
6/12/19 10:16,69.386,54.7,1656.2,72.997
6/12/19 10:16,69.386,54.7,1661.2,72.997
6/12/19 10:16,69.386,54.8,1658.7,72.997
6/12/19 10:16,69.427,54.8,1658.7,72.997
6/12/19 10:16,69.427,54.8,1658.7,72.997
6/12/19 10:16,69.427,54.7,1661.2,72.997
6/12/19 10:17,69.471,54.8,1658.7,72.997
6/12/19 10:17,69.471,54.7,1658.7,72.997
6/12/19 10:17,69.471,54.7,1658.7,73.04
6/12/19 10:17,69.514,54.7,1658.7,72.997
6/12/19 10:17,69.514,54.7,1658.7,73.04
6/12/19 10:17,69.557,54.7,1656.2,72.997
6/12/19 10:17,69.557,54.7,1656.2,73.04
6/12/19 10:17,69.557,54.7,1656.2,72.997
6/12/19 10:17,69.6,54.7,1656.2,72.997
6/12/19 10:17,69.6,54.8,1658.7,73.04
6/12/19 10:17,69.6,54.8,1658.7,72.997
6/12/19 10:17,69.643,54.8,1658.7,72.997
6/12/19 10:17,69.643,54.7,1658.7,72.997
6/12/19 10:17,69.643,54.7,1658.7,73.04
6/12/19 10:17,69.685,54.7,1656.2,73.04
6/12/19 10:17,69.685,54.7,1658.7,73.04
6/12/19 10:17,69.728,54.7,1656.2,73.04
6/12/19 10:17,69.728,54.7,1658.7,73.04
6/12/19 10:17,69.728,54.7,1656.2,73.04
6/12/19 10:17,69.771,54.7,1656.2,73.04
6/12/19 10:17,69.771,54.6,1661.2,73.04
6/12/19 10:17,69.771,54.6,1656.2,73.04
6/12/19 10:17,69.814,54.6,1656.2,73.04
6/12/19 10:17,69.814,54.5,1656.2,73.04
6/12/19 10:17,69.814,54.4,1661.2,73.04
6/12/19 10:17,69.858,54.4,1656.2,73.04
6/12/19 10:17,69.858,54.4,1658.7,73.04
6/12/19 10:17,69.858,54.4,1658.7,73.04
6/12/19 10:17,69.901,54.4,1663.7,73.04
6/12/19 10:17,69.901,54.4,1661.2,73.04
6/12/19 10:17,69.901,54.4,1658.7,73.04
6/12/19 10:17,69.942,54.4,1656.2,73.04
6/12/19 10:17,69.942,54.4,1661.2,73.04
6/12/19 10:17,69.985,54.4,1658.7,73.04
6/12/19 10:17,69.985,54.4,1656.2,73.04
6/12/19 10:17,70.029,54.4,1663.7,73.04
6/12/19 10:17,70.029,54.4,1656.2,73.04
6/12/19 10:17,70.029,54.4,1656.2,73.04
6/12/19 10:17,70.072,54.5,1653.7,73.04
6/12/19 10:17,70.072,54.5,1658.7,73.04
6/12/19 10:17,70.115,54.5,1663.7,73.04
6/12/19 10:17,70.115,54.5,1658.7,73.04
6/12/19 10:17,70.158,54.5,1658.7,73.04
6/12/19 10:17,70.158,54.5,1661.2,73.04
6/12/19 10:17,70.158,54.5,1658.7,73.04
6/12/19 10:17,70.201,54.5,1661.2,73.04
6/12/19 10:17,70.201,54.5,1658.7,73.04
6/12/19 10:17,70.201,54.5,1658.7,73.04
6/12/19 10:17,70.243,54.4,1661.2,73.04
6/12/19 10:17,70.243,54.4,1663.7,73.04
6/12/19 10:17,70.286,54.4,1661.2,73.04
6/12/19 10:17,70.286,54.4,1658.7,73.04
6/12/19 10:17,70.286,54.4,1658.7,73.04
6/12/19 10:17,70.329,54.3,1658.7,73.04
6/12/19 10:17,70.329,54.2,1658.7,73.04
6/12/19 10:17,70.329,54.2,1661.2,73.04
6/12/19 10:17,70.329,54.1,1661.2,73.04
6/12/19 10:17,70.372,54,1661.2,73.04
6/12/19 10:17,70.372,53.8,1661.2,73.04
6/12/19 10:17,70.372,53.7,1661.2,73.04
6/12/19 10:18,70.372,53.7,1661.2,73.04
6/12/19 10:18,70.372,53.5,1658.7,73.04
6/12/19 10:18,70.416,53.4,1661.2,73.04
6/12/19 10:18,70.416,53.2,1661.2,73.04
6/12/19 10:18,70.416,53.2,1661.2,73.04
6/12/19 10:18,70.416,53.1,1661.2,73.04
6/12/19 10:18,70.416,53,1661.2,73.04
6/12/19 10:18,70.416,52.9,1661.2,73.04
6/12/19 10:18,70.416,52.8,1663.7,73.04
6/12/19 10:18,70.416,52.6,1661.2,73.04
6/12/19 10:18,70.416,52.5,1661.2,73.04
6/12/19 10:18,70.372,52.5,1661.2,73.04
6/12/19 10:18,70.372,52.4,1658.7,73.04
6/12/19 10:18,70.372,52.3,1658.7,73.04
6/12/19 10:18,70.372,52.2,1658.7,73.04
6/12/19 10:18,70.372,52.1,1658.7,73.04
6/12/19 10:18,70.372,52,1658.7,73.04
6/12/19 10:18,70.329,51.9,1658.7,73.04
6/12/19 10:18,70.329,51.9,1658.7,73.04
6/12/19 10:18,70.329,51.9,1656.2,73.04
6/12/19 10:18,70.329,51.9,1658.7,73.04
6/12/19 10:18,70.286,51.8,1656.2,73.04
6/12/19 10:18,70.286,51.7,1653.7,73.04
6/12/19 10:18,70.286,51.7,1653.7,73.04
6/12/19 10:18,70.286,51.6,1653.7,73.04
6/12/19 10:18,70.243,51.6,1656.2,73.04
6/12/19 10:18,70.243,51.5,1653.7,73.04
6/12/19 10:18,70.243,51.5,1656.2,73.083
6/12/19 10:18,70.201,51.5,1656.2,73.083
6/12/19 10:18,70.201,51.6,1658.7,73.04
6/12/19 10:18,70.201,51.6,1656.2,73.04
6/12/19 10:18,70.201,51.7,1656.2,73.04
6/12/19 10:18,70.201,51.8,1656.2,73.083
6/12/19 10:18,70.158,51.8,1656.2,73.083
6/12/19 10:18,70.158,51.9,1656.2,73.083
6/12/19 10:18,70.158,51.8,1656.2,73.083
6/12/19 10:18,70.158,51.8,1656.2,73.083
6/12/19 10:18,70.158,51.9,1656.2,73.04
6/12/19 10:18,70.158,51.9,1656.2,73.083
6/12/19 10:18,70.115,51.9,1658.7,73.083
6/12/19 10:18,70.115,51.8,1658.7,73.04
6/12/19 10:18,70.115,51.8,1656.2,73.083
6/12/19 10:18,70.115,51.7,1656.2,73.083
6/12/19 10:18,70.115,51.7,1656.2,73.083
6/12/19 10:18,70.072,51.7,1656.2,73.083
6/12/19 10:18,70.072,51.6,1656.2,73.083
6/12/19 10:18,70.072,51.6,1656.2,73.083
6/12/19 10:18,70.072,51.5,1656.2,73.083
6/12/19 10:18,70.029,51.4,1653.7,73.083
6/12/19 10:18,70.029,51.4,1653.7,73.083
6/12/19 10:18,70.029,51.3,1653.7,73.083
6/12/19 10:18,69.985,51.3,1653.7,73.083
6/12/19 10:18,69.985,51.2,1656.2,73.083
6/12/19 10:18,69.985,51.3,1653.7,73.083
6/12/19 10:18,69.985,51.3,1653.7,73.083
6/12/19 10:18,69.942,51.2,1653.7,73.083
6/12/19 10:18,69.942,51.2,1651.2,73.083
6/12/19 10:18,69.942,51.1,1651.2,73.083
6/12/19 10:18,69.942,51.1,1648.7,73.083
6/12/19 10:18,69.901,51.1,1648.7,73.083
6/12/19 10:19,69.901,51.1,1651.2,73.083
6/12/19 10:19,69.901,51,1653.7,73.083
6/12/19 10:19,69.858,51,1653.7,73.083
6/12/19 10:19,69.858,50.9,1653.7,73.083
6/12/19 10:19,69.858,50.9,1653.7,73.083
6/12/19 10:19,69.858,50.9,1648.7,73.083
6/12/19 10:19,69.814,50.9,1648.7,73.083
6/12/19 10:19,69.814,50.9,1653.7,73.083
6/12/19 10:19,69.814,50.9,1656.2,73.083
6/12/19 10:19,69.814,51,1648.7,73.083
6/12/19 10:19,69.814,51,1651.2,73.083
6/12/19 10:19,69.814,51,1648.7,73.083
6/12/19 10:19,69.771,51,1646.2,73.083
6/12/19 10:19,69.771,51,1646.2,73.083
6/12/19 10:19,69.771,51,1651.2,73.083
6/12/19 10:19,69.771,51,1646.2,73.083
6/12/19 10:19,69.771,51,1653.7,73.083
6/12/19 10:19,69.771,51.1,1653.7,73.083
6/12/19 10:19,69.771,51.1,1648.7,73.083
6/12/19 10:19,69.771,51.1,1651.2,73.083
6/12/19 10:19,69.771,51.1,1651.2,73.083
6/12/19 10:19,69.771,51.2,1653.7,73.083
6/12/19 10:19,69.771,51.2,1653.7,73.083
6/12/19 10:19,69.771,51.2,1653.7,73.083
6/12/19 10:19,69.771,51.1,1653.7,73.083
6/12/19 10:19,69.771,51.2,1656.2,73.083
6/12/19 10:19,69.771,51.2,1656.2,73.083
6/12/19 10:19,69.771,51.2,1653.7,73.083
6/12/19 10:19,69.771,51.2,1658.7,73.083
6/12/19 10:19,69.771,51.3,1661.2,73.083
6/12/19 10:19,69.771,51.3,1656.2,73.083
6/12/19 10:19,69.771,51.3,1656.2,73.083
6/12/19 10:19,69.771,51.3,1656.2,73.083
6/12/19 10:19,69.771,51.4,1658.7,73.083
6/12/19 10:19,69.771,51.4,1656.2,73.083
6/12/19 10:19,69.771,51.5,1658.7,73.083
6/12/19 10:19,69.771,51.6,1661.2,73.083
6/12/19 10:19,69.771,51.6,1658.7,73.083
6/12/19 10:19,69.814,51.7,1661.2,73.083
6/12/19 10:19,69.814,51.8,1658.7,73.083
6/12/19 10:19,69.814,51.8,1658.7,73.083
6/12/19 10:19,69.814,51.8,1658.7,73.083
6/12/19 10:19,69.814,51.8,1658.7,73.083
6/12/19 10:19,69.814,51.8,1658.7,73.083
6/12/19 10:19,69.814,51.8,1661.2,73.083
6/12/19 10:19,69.814,51.8,1663.7,73.083
6/12/19 10:19,69.814,51.9,1661.2,73.083
6/12/19 10:19,69.814,51.9,1661.2,73.083
6/12/19 10:19,69.858,51.8,1658.7,73.083
6/12/19 10:19,69.814,51.8,1661.2,73.083
6/12/19 10:19,69.814,51.8,1656.2,73.083
6/12/19 10:19,69.814,51.8,1661.2,73.083
6/12/19 10:19,69.814,51.8,1661.2,73.083
6/12/19 10:19,69.814,51.8,1666.2,73.083
6/12/19 10:19,69.814,51.8,1661.2,73.083
6/12/19 10:19,69.814,51.8,1658.7,73.083
6/12/19 10:19,69.814,51.8,1658.7,73.126
6/12/19 10:19,69.771,51.9,1661.2,73.083
6/12/19 10:19,69.771,51.9,1661.2,73.083
6/12/19 10:19,69.771,51.8,1658.7,73.083
6/12/19 10:20,69.771,51.8,1661.2,73.083
6/12/19 10:20,69.771,51.8,1658.7,73.126
6/12/19 10:20,69.771,51.8,1658.7,73.126
6/12/19 10:20,69.728,51.8,1661.2,73.126
6/12/19 10:20,69.728,51.8,1661.2,73.126
6/12/19 10:20,69.728,51.7,1661.2,73.126
6/12/19 10:20,69.728,51.6,1663.7,73.126
6/12/19 10:20,69.685,51.6,1661.2,73.126
6/12/19 10:20,69.685,51.6,1661.2,73.126
6/12/19 10:20,69.685,51.6,1661.2,73.126
6/12/19 10:20,69.685,51.5,1663.7,73.126
6/12/19 10:20,69.643,51.5,1661.2,73.126
6/12/19 10:20,69.643,51.5,1663.7,73.126
6/12/19 10:20,69.643,51.6,1661.2,73.126
6/12/19 10:20,69.643,51.6,1661.2,73.126
6/12/19 10:20,69.643,51.6,1661.2,73.126
6/12/19 10:20,69.6,51.6,1661.2,73.126
6/12/19 10:20,69.6,51.7,1661.2,73.126
6/12/19 10:20,69.6,51.7,1661.2,73.126
6/12/19 10:20,69.6,51.8,1658.7,73.126
6/12/19 10:20,69.6,51.8,1663.7,73.126
6/12/19 10:20,69.6,51.8,1663.7,73.126
6/12/19 10:20,69.6,51.8,1661.2,73.126
6/12/19 10:20,69.557,51.8,1663.7,73.126
6/12/19 10:20,69.557,51.8,1663.7,73.126
6/12/19 10:20,69.557,51.8,1661.2,73.126
6/12/19 10:20,69.557,51.7,1661.2,73.126
6/12/19 10:20,69.557,51.7,1663.7,73.126
6/12/19 10:20,69.557,51.6,1658.7,73.126
6/12/19 10:20,69.514,51.6,1661.2,73.126
6/12/19 10:20,69.514,51.5,1661.2,73.126
6/12/19 10:20,69.514,51.5,1661.2,73.126
6/12/19 10:20,69.514,51.5,1661.2,73.126
6/12/19 10:20,69.514,51.5,1661.2,73.126
6/12/19 10:20,69.471,51.5,1663.7,73.126
6/12/19 10:20,69.471,51.6,1663.7,73.126
6/12/19 10:20,69.471,51.6,1663.7,73.126
6/12/19 10:20,69.471,51.6,1658.7,73.126
6/12/19 10:20,69.471,51.6,1661.2,73.126
6/12/19 10:20,69.427,51.6,1661.2,73.126
6/12/19 10:20,69.427,51.6,1661.2,73.126
6/12/19 10:20,69.427,51.6,1661.2,73.126
6/12/19 10:20,69.427,51.7,1661.2,73.126
6/12/19 10:20,69.427,51.7,1663.7,73.126
6/12/19 10:20,69.427,51.8,1658.7,73.126
6/12/19 10:20,69.386,51.8,1661.2,73.126
6/12/19 10:20,69.386,51.8,1661.2,73.126
6/12/19 10:20,69.386,51.8,1666.2,73.126
6/12/19 10:20,69.386,51.8,1661.2,73.126
6/12/19 10:20,69.386,51.8,1661.2,73.126
6/12/19 10:20,69.343,51.7,1663.7,73.126
6/12/19 10:20,69.343,51.6,1663.7,73.126
6/12/19 10:20,69.343,51.6,1666.2,73.126
6/12/19 10:20,69.343,51.5,1666.2,73.126
6/12/19 10:20,69.3,51.4,1663.7,73.126
6/12/19 10:20,69.3,51.4,1663.7,73.126
6/12/19 10:20,69.3,51.3,1661.2,73.126
6/12/19 10:20,69.256,51.3,1661.2,73.126
6/12/19 10:20,69.256,51.2,1661.2,73.126
6/12/19 10:20,69.256,51.2,1663.7,73.126
6/12/19 10:21,69.213,51.2,1661.2,73.126
6/12/19 10:21,69.213,51.3,1663.7,73.126
6/12/19 10:21,69.213,51.3,1663.7,73.126
6/12/19 10:21,69.17,51.4,1663.7,73.126
6/12/19 10:21,69.17,51.5,1661.2,73.126
6/12/19 10:21,69.17,51.6,1661.2,73.126
6/12/19 10:21,69.17,51.7,1661.2,73.126
6/12/19 10:21,69.129,51.8,1653.7,73.126
6/12/19 10:21,69.129,51.8,1658.7,73.126
6/12/19 10:21,69.129,51.9,1658.7,73.126
6/12/19 10:21,69.129,52,1658.7,73.126
6/12/19 10:21,69.129,52,1661.2,73.126
6/12/19 10:21,69.129,52,1658.7,73.126
6/12/19 10:21,69.085,52,1658.7,73.126
6/12/19 10:21,69.085,51.9,1663.7,73.126
6/12/19 10:21,69.085,51.9,1663.7,73.126
6/12/19 10:21,69.085,52,1663.7,73.126
6/12/19 10:21,69.042,52,1666.2,73.126
6/12/19 10:21,69.042,52,1663.7,73.126
6/12/19 10:21,69.042,52,1663.7,73.126
6/12/19 10:21,69.042,52,1661.2,73.126
6/12/19 10:21,69.042,52,1661.2,73.126
6/12/19 10:21,68.999,52.1,1658.7,73.17
6/12/19 10:21,68.999,52.1,1661.2,73.126
6/12/19 10:21,68.999,52.2,1658.7,73.17
6/12/19 10:21,68.999,52.3,1656.2,73.126
6/12/19 10:21,68.999,52.3,1658.7,73.17
6/12/19 10:21,68.999,52.4,1661.2,73.126
6/12/19 10:21,68.999,52.4,1663.7,73.17
6/12/19 10:21,68.956,52.5,1668.7,73.17
6/12/19 10:21,68.956,52.6,1668.7,73.17
6/12/19 10:21,68.956,52.7,1666.2,73.17
6/12/19 10:21,68.956,52.8,1668.7,73.17
6/12/19 10:21,68.956,52.9,1666.2,73.17
6/12/19 10:21,68.956,52.9,1668.7,73.17
6/12/19 10:21,68.956,53,1668.7,73.17
6/12/19 10:21,68.956,53,1663.7,73.17
6/12/19 10:21,68.956,53.1,1663.7,73.17
6/12/19 10:21,68.956,53.1,1663.7,73.17
6/12/19 10:21,68.956,53.2,1661.2,73.17
6/12/19 10:21,68.956,53.2,1661.2,73.17
6/12/19 10:21,68.956,53.2,1663.7,73.17
6/12/19 10:21,68.956,53.3,1656.2,73.17
6/12/19 10:21,68.956,53.3,1661.2,73.17
6/12/19 10:21,68.956,53.4,1658.7,73.17
6/12/19 10:21,68.956,53.4,1658.7,73.17
6/12/19 10:21,68.956,53.4,1658.7,73.17
6/12/19 10:21,68.956,53.4,1661.2,73.17
6/12/19 10:21,68.956,53.4,1658.7,73.17
6/12/19 10:21,68.956,53.5,1658.7,73.17
6/12/19 10:21,68.956,53.5,1658.7,73.17
6/12/19 10:21,68.999,53.5,1658.7,73.17
6/12/19 10:21,68.956,53.5,1658.7,73.17
6/12/19 10:21,68.999,53.5,1661.2,73.17
6/12/19 10:21,68.999,53.5,1661.2,73.17
6/12/19 10:21,68.999,53.5,1661.2,73.17
6/12/19 10:21,68.999,53.4,1661.2,73.17
6/12/19 10:21,68.999,53.3,1658.7,73.17
6/12/19 10:21,68.999,53.3,1658.7,73.17
6/12/19 10:21,68.999,53.2,1658.7,73.17
6/12/19 10:22,68.999,53.2,1653.7,73.17
6/12/19 10:22,68.999,53,1648.7,73.17
6/12/19 10:22,68.999,53,1648.7,73.17
6/12/19 10:22,68.999,53,1646.2,73.17
6/12/19 10:22,68.999,52.9,1646.2,73.17
6/12/19 10:22,68.999,52.8,1643.7,73.17
6/12/19 10:22,68.999,52.8,1641.2,73.17
6/12/19 10:22,68.999,52.7,1641.2,73.17
6/12/19 10:22,68.999,52.7,1641.2,73.17
6/12/19 10:22,68.999,52.7,1643.7,73.17
6/12/19 10:22,68.999,52.8,1641.2,73.17
6/12/19 10:22,68.999,52.8,1638.7,73.17
6/12/19 10:22,68.999,52.8,1641.2,73.17
6/12/19 10:22,69.042,52.8,1646.2,73.17
6/12/19 10:22,68.999,52.8,1648.7,73.17
6/12/19 10:22,68.999,52.9,1651.2,73.17
6/12/19 10:22,69.042,52.9,1653.7,73.17
6/12/19 10:22,68.999,52.9,1658.7,73.17
6/12/19 10:22,68.999,53,1656.2,73.17
6/12/19 10:22,68.999,53.1,1656.2,73.17
6/12/19 10:22,68.999,53,1658.7,73.17
6/12/19 10:22,69.042,53.1,1658.7,73.17
6/12/19 10:22,69.042,53.2,1661.2,73.17
6/12/19 10:22,69.042,53.2,1656.2,73.17
6/12/19 10:22,69.042,53.2,1658.7,73.17
6/12/19 10:22,69.042,53.3,1661.2,73.213
6/12/19 10:22,69.042,53.3,1653.7,73.17
6/12/19 10:22,69.042,53.4,1653.7,73.17
6/12/19 10:22,69.042,53.4,1656.2,73.213
6/12/19 10:22,69.085,53.5,1651.2,73.17
6/12/19 10:22,69.085,53.5,1651.2,73.213
6/12/19 10:22,69.085,53.5,1651.2,73.213
6/12/19 10:22,69.085,53.5,1653.7,73.17
6/12/19 10:22,69.085,53.6,1663.7,73.213
6/12/19 10:22,69.085,53.6,1661.2,73.213
6/12/19 10:22,69.129,53.6,1663.7,73.213
6/12/19 10:22,69.129,53.6,1663.7,73.213
6/12/19 10:22,69.129,53.6,1658.7,73.213
6/12/19 10:22,69.129,53.6,1658.7,73.213
6/12/19 10:22,69.129,53.5,1656.2,73.213
6/12/19 10:22,69.17,53.6,1656.2,73.17
6/12/19 10:22,69.129,53.4,1651.2,73.213
6/12/19 10:22,69.17,53.4,1653.7,73.213
6/12/19 10:22,69.129,53.3,1653.7,73.213
6/12/19 10:22,69.17,53.2,1656.2,73.213
6/12/19 10:22,69.129,53.2,1658.7,73.213
6/12/19 10:22,69.129,53.2,1666.2,73.213
6/12/19 10:22,69.129,53.2,1666.2,73.213
6/12/19 10:22,69.129,53.1,1663.7,73.213
6/12/19 10:22,69.129,53.1,1666.2,73.213
6/12/19 10:22,69.129,53.1,1663.7,73.213
6/12/19 10:22,69.129,53,1661.2,73.213
6/12/19 10:22,69.129,53,1656.2,73.213
6/12/19 10:22,69.129,53,1651.2,73.213
6/12/19 10:22,69.129,53.1,1648.7,73.213
6/12/19 10:22,69.129,53.1,1648.7,73.213
6/12/19 10:22,69.129,53.2,1646.2,73.213
6/12/19 10:22,69.129,53.2,1646.2,73.213
6/12/19 10:22,69.129,53.2,1651.2,73.213
6/12/19 10:22,69.129,53.2,1661.2,73.213
6/12/19 10:23,69.129,53.2,1671.2,73.213
6/12/19 10:23,69.129,53.2,1676.2,73.213
6/12/19 10:23,69.129,53.2,1678.7,73.213
6/12/19 10:23,69.129,53.2,1678.7,73.213
6/12/19 10:23,69.085,53.2,1676.2,73.213
6/12/19 10:23,69.085,53.2,1676.2,73.213
6/12/19 10:23,69.085,53.3,1678.7,73.213
6/12/19 10:23,69.085,53.3,1678.7,73.213
6/12/19 10:23,69.129,53.4,1678.7,73.213
6/12/19 10:23,69.085,53.4,1678.7,73.213
6/12/19 10:23,69.085,53.4,1681.2,73.213
6/12/19 10:23,69.085,53.4,1681.2,73.213
6/12/19 10:23,69.085,53.4,1686.2,73.213
6/12/19 10:23,69.085,53.4,1683.7,73.213
6/12/19 10:23,69.085,53.4,1681.2,73.213
6/12/19 10:23,69.085,53.4,1688.7,73.213
6/12/19 10:23,69.085,53.4,1688.7,73.213
6/12/19 10:23,69.085,53.4,1688.7,73.213
6/12/19 10:23,69.085,53.4,1683.7,73.213
6/12/19 10:23,69.085,53.5,1686.2,73.213
6/12/19 10:23,69.085,53.6,1683.7,73.213
6/12/19 10:23,69.085,53.5,1681.2,73.213
6/12/19 10:23,69.085,53.6,1681.2,73.213
6/12/19 10:23,69.085,53.7,1681.2,73.213
6/12/19 10:23,69.085,53.7,1683.7,73.213
6/12/19 10:23,69.085,53.7,1683.7,73.213
6/12/19 10:23,69.085,53.7,1683.7,73.213
6/12/19 10:23,69.085,53.7,1686.2,73.213
6/12/19 10:23,69.129,53.8,1686.2,73.213
6/12/19 10:23,69.085,54,1688.7,73.213
6/12/19 10:23,69.129,54,1686.2,73.213
6/12/19 10:23,69.129,53.8,1686.2,73.213
6/12/19 10:23,69.085,53.9,1683.7,73.213
6/12/19 10:23,69.129,53.8,1686.2,73.213
6/12/19 10:23,69.129,53.7,1683.7,73.213
6/12/19 10:23,69.085,53.7,1686.2,73.256
6/12/19 10:23,69.129,53.5,1686.2,73.256
6/12/19 10:23,69.129,53.5,1686.2,73.213
6/12/19 10:23,69.085,53.4,1686.2,73.213
6/12/19 10:23,69.085,53.3,1686.2,73.213
6/12/19 10:23,69.085,53.2,1683.7,73.213
6/12/19 10:23,69.085,53.1,1688.7,73.256
6/12/19 10:23,69.085,53,1688.7,73.213
6/12/19 10:23,69.085,53,1686.2,73.256
6/12/19 10:23,69.042,52.9,1688.7,73.213
6/12/19 10:23,69.042,52.8,1688.7,73.256
6/12/19 10:23,69.042,52.8,1688.7,73.256
6/12/19 10:23,69.042,52.7,1691.2,73.213
6/12/19 10:23,68.999,52.7,1693.7,73.256
6/12/19 10:23,68.999,52.6,1693.7,73.256
6/12/19 10:23,68.999,52.6,1693.7,73.256
6/12/19 10:23,68.999,52.6,1693.7,73.256
6/12/19 10:23,68.999,52.5,1693.7,73.256
6/12/19 10:23,68.999,52.5,1691.2,73.256
6/12/19 10:23,68.956,52.5,1693.7,73.256
6/12/19 10:23,68.956,52.5,1693.7,73.256
6/12/19 10:23,68.956,52.5,1691.2,73.256
6/12/19 10:23,68.956,52.5,1691.2,73.256
6/12/19 10:23,68.956,52.4,1693.7,73.256
6/12/19 10:23,68.956,52.4,1693.7,73.256
6/12/19 10:24,68.913,52.4,1693.7,73.256
6/12/19 10:24,68.913,52.4,1693.7,73.256
6/12/19 10:24,68.913,52.4,1693.7,73.256
6/12/19 10:24,68.913,52.3,1691.2,73.256
6/12/19 10:24,68.913,52.3,1693.7,73.256
6/12/19 10:24,68.871,52.3,1696.2,73.256
6/12/19 10:24,68.871,52.3,1696.2,73.256
6/12/19 10:24,68.871,52.3,1693.7,73.256
6/12/19 10:24,68.871,52.3,1693.7,73.256
6/12/19 10:24,68.871,52.3,1693.7,73.256
6/12/19 10:24,68.871,52.2,1693.7,73.256
6/12/19 10:24,68.871,52.3,1696.2,73.256
6/12/19 10:24,68.828,52.3,1696.2,73.256
6/12/19 10:24,68.828,52.2,1696.2,73.256
6/12/19 10:24,68.828,52.3,1696.2,73.256
6/12/19 10:24,68.828,52.2,1693.7,73.256
6/12/19 10:24,68.828,52.2,1696.2,73.256
6/12/19 10:24,68.828,52.1,1696.2,73.256
6/12/19 10:24,68.828,52.1,1696.2,73.256
6/12/19 10:24,68.785,52.1,1696.2,73.256
6/12/19 10:24,68.785,52,1696.2,73.256
6/12/19 10:24,68.785,52.1,1693.7,73.256
6/12/19 10:24,68.785,52,1696.2,73.256
6/12/19 10:24,68.742,52,1696.2,73.256
6/12/19 10:24,68.742,52,1693.7,73.256
6/12/19 10:24,68.742,51.9,1696.2,73.256
6/12/19 10:24,68.742,51.9,1693.7,73.256
6/12/19 10:24,68.742,51.9,1688.7,73.256
6/12/19 10:24,68.698,51.9,1693.7,73.256
6/12/19 10:24,68.698,51.9,1688.7,73.256
6/12/19 10:24,68.698,51.8,1696.2,73.256
6/12/19 10:24,68.698,51.8,1693.7,73.256
6/12/19 10:24,68.657,51.9,1696.2,73.256
6/12/19 10:24,68.657,52,1698.7,73.256
6/12/19 10:24,68.657,52.1,1696.2,73.256
6/12/19 10:24,68.657,52.2,1701.2,73.299
6/12/19 10:24,68.657,52.4,1703.7,73.256
6/12/19 10:24,68.657,52.5,1703.7,73.256
6/12/19 10:24,68.657,52.6,1703.7,73.256
6/12/19 10:24,68.657,52.8,1703.7,73.256
6/12/19 10:24,68.657,52.9,1701.2,73.299
6/12/19 10:24,68.657,52.9,1698.7,73.299
6/12/19 10:24,68.657,53,1698.7,73.299
6/12/19 10:24,68.657,53.1,1706.2,73.299
6/12/19 10:24,68.657,53.3,1703.7,73.299
6/12/19 10:24,68.698,53.4,1698.7,73.299
6/12/19 10:24,68.698,53.6,1701.2,73.299
6/12/19 10:24,68.698,53.6,1698.7,73.299
6/12/19 10:24,68.742,53.7,1698.7,73.256
6/12/19 10:24,68.742,53.8,1701.2,73.299
6/12/19 10:24,68.742,53.9,1701.2,73.299
6/12/19 10:24,68.742,53.9,1701.2,73.299
6/12/19 10:24,68.742,54,1701.2,73.299
6/12/19 10:24,68.742,54.1,1701.2,73.299
6/12/19 10:24,68.785,54.1,1701.2,73.299
6/12/19 10:24,68.785,54.1,1701.2,73.299
6/12/19 10:24,68.785,54.1,1701.2,73.299
6/12/19 10:24,68.785,54.1,1698.7,73.299
6/12/19 10:24,68.785,54.1,1701.2,73.299
6/12/19 10:24,68.828,54.1,1698.7,73.299
6/12/19 10:25,68.828,54.1,1701.2,73.299
6/12/19 10:25,68.828,54.2,1698.7,73.299
6/12/19 10:25,68.828,54.2,1696.2,73.299
6/12/19 10:25,68.828,54.3,1693.7,73.299
6/12/19 10:25,68.828,54.2,1693.7,73.299
6/12/19 10:25,68.828,54.2,1696.2,73.299
6/12/19 10:25,68.828,54.1,1698.7,73.299
6/12/19 10:25,68.828,54.1,1701.2,73.299
6/12/19 10:25,68.828,54,1703.7,73.299
6/12/19 10:25,68.828,53.9,1703.7,73.299
6/12/19 10:25,68.871,53.7,1706.2,73.299
6/12/19 10:25,68.828,53.6,1703.7,73.299
6/12/19 10:25,68.828,53.5,1703.7,73.299
6/12/19 10:25,68.828,53.5,1703.7,73.299
6/12/19 10:25,68.828,53.3,1703.7,73.299
6/12/19 10:25,68.828,53.2,1703.7,73.299
6/12/19 10:25,68.828,53.1,1701.2,73.299
6/12/19 10:25,68.828,53,1701.2,73.299
6/12/19 10:25,68.828,52.9,1703.7,73.299
6/12/19 10:25,68.785,53,1701.2,73.299
6/12/19 10:25,68.785,52.9,1701.2,73.299
6/12/19 10:25,68.785,52.8,1698.7,73.299
6/12/19 10:25,68.785,52.8,1701.2,73.299
6/12/19 10:25,68.785,52.7,1703.7,73.299
6/12/19 10:25,68.785,52.7,1703.7,73.299
6/12/19 10:25,68.785,52.7,1703.7,73.299
6/12/19 10:25,68.785,52.6,1703.7,73.299
6/12/19 10:25,68.785,52.6,1703.7,73.299
6/12/19 10:25,68.742,52.6,1703.7,73.299
6/12/19 10:25,68.742,52.6,1698.7,73.299
6/12/19 10:25,68.742,52.5,1696.2,73.299
6/12/19 10:25,68.742,52.5,1693.7,73.299
6/12/19 10:25,68.742,52.5,1691.2,73.299
6/12/19 10:25,68.742,52.5,1693.7,73.299
6/12/19 10:25,68.742,52.5,1693.7,73.299
6/12/19 10:25,68.698,52.4,1698.7,73.299
6/12/19 10:25,68.698,52.4,1703.7,73.299
6/12/19 10:25,68.698,52.4,1703.7,73.299
6/12/19 10:25,68.698,52.4,1703.7,73.299
6/12/19 10:25,68.698,52.4,1701.2,73.299
6/12/19 10:25,68.698,52.4,1701.2,73.299
6/12/19 10:25,68.698,52.4,1701.2,73.299
6/12/19 10:25,68.698,52.4,1706.2,73.342
6/12/19 10:25,68.698,52.4,1703.7,73.299
6/12/19 10:25,68.698,52.4,1711.2,73.342
6/12/19 10:25,68.698,52.4,1706.2,73.299
6/12/19 10:25,68.698,52.4,1703.7,73.342
6/12/19 10:25,68.657,52.4,1703.7,73.342
6/12/19 10:25,68.657,52.4,1698.7,73.342
6/12/19 10:25,68.698,52.5,1698.7,73.342
6/12/19 10:25,68.698,52.5,1698.7,73.342
6/12/19 10:25,68.698,52.5,1701.2,73.342
6/12/19 10:25,68.698,52.6,1701.2,73.342
6/12/19 10:25,68.698,52.6,1696.2,73.342
6/12/19 10:25,68.698,52.6,1691.2,73.342
6/12/19 10:25,68.698,52.7,1688.7,73.342
6/12/19 10:25,68.698,52.7,1686.2,73.342
6/12/19 10:25,68.742,52.7,1686.2,73.342
6/12/19 10:25,68.742,52.8,1688.7,73.342
6/12/19 10:25,68.742,52.8,1696.2,73.342
6/12/19 10:26,68.742,52.9,1696.2,73.342
6/12/19 10:26,68.742,52.9,1698.7,73.342
6/12/19 10:26,68.742,53,1701.2,73.342
6/12/19 10:26,68.785,53,1703.7,73.342
6/12/19 10:26,68.785,52.9,1701.2,73.342
6/12/19 10:26,68.785,52.9,1701.2,73.342
6/12/19 10:26,68.785,53,1701.2,73.342
6/12/19 10:26,68.828,53,1701.2,73.342
6/12/19 10:26,68.828,53,1698.7,73.342
6/12/19 10:26,68.828,53.1,1701.2,73.342
6/12/19 10:26,68.828,53,1698.7,73.342
6/12/19 10:26,68.828,53,1696.2,73.342
6/12/19 10:26,68.828,53.1,1693.7,73.342
6/12/19 10:26,68.828,53.1,1693.7,73.342
6/12/19 10:26,68.828,53.1,1688.7,73.342
6/12/19 10:26,68.871,53.1,1686.2,73.342
6/12/19 10:26,68.871,53.1,1691.2,73.342
6/12/19 10:26,68.871,53.1,1688.7,73.342
6/12/19 10:26,68.871,53.1,1691.2,73.342
6/12/19 10:26,68.871,53.1,1693.7,73.342
6/12/19 10:26,68.871,53,1693.7,73.342
6/12/19 10:26,68.871,53,1696.2,73.342
6/12/19 10:26,68.871,53,1696.2,73.342
6/12/19 10:26,68.871,53,1698.7,73.342
6/12/19 10:26,68.871,52.9,1696.2,73.342
6/12/19 10:26,68.871,52.9,1693.7,73.342
6/12/19 10:26,68.871,53,1688.7,73.342
6/12/19 10:26,68.871,53,1688.7,73.342
6/12/19 10:26,68.871,52.9,1693.7,73.342
6/12/19 10:26,68.871,52.9,1696.2,73.342
6/12/19 10:26,68.871,52.8,1698.7,73.342
6/12/19 10:26,68.871,52.8,1696.2,73.342
6/12/19 10:26,68.871,52.8,1691.2,73.342
6/12/19 10:26,68.871,52.8,1683.7,73.342
6/12/19 10:26,68.871,52.7,1686.2,73.342
6/12/19 10:26,68.871,52.7,1683.7,73.386
6/12/19 10:26,68.871,52.7,1676.2,73.342
6/12/19 10:26,68.871,52.7,1668.7,73.342
6/12/19 10:26,68.871,52.6,1668.7,73.386
6/12/19 10:26,68.871,52.6,1673.7,73.342
6/12/19 10:26,68.871,52.7,1681.2,73.386
6/12/19 10:26,68.871,52.5,1688.7,73.386
6/12/19 10:26,68.871,52.5,1691.2,73.386
6/12/19 10:26,68.871,52.6,1688.7,73.386
6/12/19 10:26,68.871,52.5,1688.7,73.386
6/12/19 10:26,68.871,52.4,1691.2,73.386
6/12/19 10:26,68.871,52.4,1691.2,73.386
6/12/19 10:26,68.871,52.4,1696.2,73.386
6/12/19 10:26,68.871,52.4,1693.7,73.386
6/12/19 10:26,68.871,52.5,1696.2,73.386
6/12/19 10:26,68.871,52.5,1686.2,73.386
6/12/19 10:26,68.871,52.5,1683.7,73.386
6/12/19 10:26,68.871,52.5,1683.7,73.386
6/12/19 10:26,68.871,52.5,1683.7,73.386
6/12/19 10:26,68.871,52.5,1681.2,73.386
6/12/19 10:26,68.871,52.5,1673.7,73.386
6/12/19 10:26,68.871,52.5,1666.2,73.386
6/12/19 10:26,68.871,52.5,1666.2,73.386
6/12/19 10:26,68.871,52.5,1668.7,73.386
6/12/19 10:26,68.871,52.5,1663.7,73.386
6/12/19 10:27,68.871,52.5,1656.2,73.386
6/12/19 10:27,68.871,52.5,1656.2,73.386
6/12/19 10:27,68.871,52.6,1658.7,73.386
6/12/19 10:27,68.913,52.7,1663.7,73.386
6/12/19 10:27,68.871,52.7,1673.7,73.386
6/12/19 10:27,68.913,52.8,1673.7,73.386
6/12/19 10:27,68.913,52.9,1668.7,73.386
6/12/19 10:27,68.913,53,1661.2,73.386
6/12/19 10:27,68.913,53.1,1656.2,73.386
6/12/19 10:27,68.913,53.1,1661.2,73.386
6/12/19 10:27,68.913,53.1,1663.7,73.386
6/12/19 10:27,68.913,53.2,1668.7,73.386
6/12/19 10:27,68.913,53.2,1663.7,73.386
6/12/19 10:27,68.913,53.3,1661.2,73.386
6/12/19 10:27,68.913,53.4,1671.2,73.386
6/12/19 10:27,68.956,53.4,1678.7,73.386
6/12/19 10:27,68.956,53.4,1681.2,73.386
6/12/19 10:27,68.956,53.4,1678.7,73.386
6/12/19 10:27,68.956,53.4,1666.2,73.386
6/12/19 10:27,68.956,53.4,1661.2,73.386
6/12/19 10:27,68.956,53.3,1666.2,73.386
6/12/19 10:27,68.956,53.3,1671.2,73.386
6/12/19 10:27,68.956,53.2,1668.7,73.386
6/12/19 10:27,68.956,53.2,1663.7,73.386
6/12/19 10:27,68.956,53.2,1658.7,73.386
6/12/19 10:27,68.956,53.2,1648.7,73.386
6/12/19 10:27,68.913,53.1,1646.2,73.386
6/12/19 10:27,68.913,53,1653.7,73.386
6/12/19 10:27,68.913,53,1653.7,73.386
6/12/19 10:27,68.913,53.1,1658.7,73.386
6/12/19 10:27,68.913,53,1658.7,73.386
6/12/19 10:27,68.913,53,1646.2,73.386
6/12/19 10:27,68.913,53,1641.2,73.429
6/12/19 10:27,68.913,53,1631.2,73.386
6/12/19 10:27,68.913,53,1626.2,73.429
6/12/19 10:27,68.913,53,1633.7,73.429
6/12/19 10:27,68.913,53,1641.2,73.386
6/12/19 10:27,68.913,52.9,1646.2,73.386
6/12/19 10:27,68.913,52.9,1648.7,73.386
6/12/19 10:27,68.913,52.9,1643.7,73.429
6/12/19 10:27,68.913,52.8,1636.2,73.386
6/12/19 10:27,68.913,52.8,1633.7,73.429
6/12/19 10:27,68.913,52.8,1636.2,73.429
6/12/19 10:27,68.871,52.8,1643.7,73.429
6/12/19 10:27,68.871,52.8,1648.7,73.429
6/12/19 10:27,68.871,52.7,1646.2,73.429
6/12/19 10:27,68.871,52.7,1641.2,73.429
6/12/19 10:27,68.871,52.7,1641.2,73.429
6/12/19 10:27,68.871,52.7,1646.2,73.429
6/12/19 10:27,68.871,52.7,1648.7,73.429
6/12/19 10:27,68.871,52.7,1653.7,73.429
6/12/19 10:27,68.871,52.7,1661.2,73.429
6/12/19 10:27,68.871,52.7,1668.7,73.429
6/12/19 10:27,68.871,52.8,1671.2,73.429
6/12/19 10:27,68.871,52.8,1666.2,73.429
6/12/19 10:27,68.913,52.8,1663.7,73.429
6/12/19 10:27,68.913,52.8,1663.7,73.429
6/12/19 10:27,68.913,52.8,1653.7,73.429
6/12/19 10:27,68.913,52.8,1648.7,73.429
6/12/19 10:27,68.913,52.9,1653.7,73.429
6/12/19 10:28,68.913,52.9,1653.7,73.429
6/12/19 10:28,68.913,53,1653.7,73.429
6/12/19 10:28,68.913,53,1656.2,73.429
6/12/19 10:28,68.913,53.2,1656.2,73.429
6/12/19 10:28,68.956,53.3,1648.7,73.429
6/12/19 10:28,68.956,53.4,1643.7,73.429
6/12/19 10:28,68.956,53.6,1643.7,73.429
6/12/19 10:28,68.956,53.6,1658.7,73.429
6/12/19 10:28,68.999,53.6,1663.7,73.429
6/12/19 10:28,68.999,53.7,1661.2,73.429
6/12/19 10:28,69.042,53.8,1653.7,73.429
6/12/19 10:28,69.042,53.9,1646.2,73.429
6/12/19 10:28,69.042,53.9,1648.7,73.429
6/12/19 10:28,69.042,53.9,1653.7,73.429
6/12/19 10:28,69.085,54,1658.7,73.429
6/12/19 10:28,69.085,54,1656.2,73.429
6/12/19 10:28,69.085,54,1636.2,73.429
6/12/19 10:28,69.129,54.1,1626.2,73.429
6/12/19 10:28,69.129,54.1,1623.7,73.472
6/12/19 10:28,69.129,54.1,1631.2,73.472
6/12/19 10:28,69.129,54.1,1641.2,73.429
6/12/19 10:28,69.17,54.1,1641.2,73.429
6/12/19 10:28,69.17,54.2,1618.7,73.429
6/12/19 10:28,69.17,54.2,1608.7,73.429
6/12/19 10:28,69.213,54.3,1608.7,73.429
6/12/19 10:28,69.213,54.3,1611.2,73.472
6/12/19 10:28,69.213,54.3,1618.7,73.429
6/12/19 10:28,69.213,54.3,1618.7,73.472
6/12/19 10:28,69.256,54.3,1626.2,73.472
6/12/19 10:28,69.256,54.2,1626.2,73.472
6/12/19 10:28,69.256,54.2,1636.2,73.472
6/12/19 10:28,69.3,54.1,1641.2,73.472
6/12/19 10:28,69.3,53.9,1631.2,73.472
6/12/19 10:28,69.3,53.8,1621.2,73.472
6/12/19 10:28,69.3,53.6,1616.2,73.472
6/12/19 10:28,69.343,53.5,1601.2,73.472
6/12/19 10:28,69.343,53.4,1598.7,73.472
6/12/19 10:28,69.343,53.3,1598.7,73.472
6/12/19 10:28,69.343,53.2,1608.7,73.472
6/12/19 10:28,69.343,53.1,1606.2,73.472
6/12/19 10:28,69.343,53.1,1591.2,73.472
6/12/19 10:28,69.343,53,1581.2,73.472
6/12/19 10:28,69.343,53.1,1573.7,73.472
6/12/19 10:28,69.343,53,1571.2,73.472
6/12/19 10:28,69.343,52.9,1576.2,73.472
6/12/19 10:28,69.343,52.9,1583.7,73.472
6/12/19 10:28,69.343,52.8,1573.7,73.472
6/12/19 10:28,69.386,52.7,1573.7,73.472
6/12/19 10:28,69.343,52.6,1583.7,73.472
6/12/19 10:28,69.343,52.5,1583.7,73.472
6/12/19 10:28,69.343,52.5,1588.7,73.472
6/12/19 10:28,69.343,52.4,1593.7,73.472
6/12/19 10:28,69.343,52.4,1606.2,73.472
6/12/19 10:28,69.343,52.4,1603.7,73.472
6/12/19 10:28,69.343,52.3,1598.7,73.472
6/12/19 10:28,69.343,52.4,1603.7,73.472
6/12/19 10:28,69.343,52.4,1618.7,73.472
6/12/19 10:28,69.343,52.4,1616.2,73.472
6/12/19 10:28,69.343,52.4,1611.2,73.472
6/12/19 10:28,69.343,52.5,1606.2,73.472
6/12/19 10:29,69.343,52.5,1608.7,73.472
6/12/19 10:29,69.3,52.6,1611.2,73.472
6/12/19 10:29,69.3,52.7,1618.7,73.472
6/12/19 10:29,69.3,52.8,1621.2,73.472
6/12/19 10:29,69.3,52.8,1623.7,73.472
6/12/19 10:29,69.3,52.9,1626.2,73.472
6/12/19 10:29,69.3,52.9,1626.2,73.472
6/12/19 10:29,69.3,52.9,1623.7,73.472
6/12/19 10:29,69.3,52.9,1618.7,73.472
6/12/19 10:29,69.3,52.9,1623.7,73.472
6/12/19 10:29,69.3,52.9,1626.2,73.472
6/12/19 10:29,69.3,52.8,1626.2,73.472
6/12/19 10:29,69.3,52.8,1618.7,73.472
6/12/19 10:29,69.3,52.9,1618.7,73.472
6/12/19 10:29,69.3,52.9,1623.7,73.472
6/12/19 10:29,69.3,52.9,1621.2,73.472
6/12/19 10:29,69.3,52.9,1613.7,73.472
6/12/19 10:29,69.3,52.9,1603.7,73.472
6/12/19 10:29,69.3,52.8,1606.2,73.472
6/12/19 10:29,69.3,52.9,1616.2,73.472
6/12/19 10:29,69.3,52.8,1603.7,73.472
6/12/19 10:29,69.3,52.9,1596.2,73.472
6/12/19 10:29,69.3,52.9,1598.7,73.472
6/12/19 10:29,69.3,52.9,1606.2,73.472
6/12/19 10:29,69.3,52.9,1603.7,73.472
6/12/19 10:29,69.3,52.9,1606.2,73.472
6/12/19 10:29,69.3,52.9,1618.7,73.472
6/12/19 10:29,69.3,53,1628.7,73.472
6/12/19 10:29,69.3,53,1631.2,73.515
6/12/19 10:29,69.3,53.1,1623.7,73.515
6/12/19 10:29,69.3,53.1,1613.7,73.515
6/12/19 10:29,69.3,53,1608.7,73.515
6/12/19 10:29,69.3,53,1618.7,73.515
6/12/19 10:29,69.343,53.1,1623.7,73.515
6/12/19 10:29,69.343,53.1,1611.2,73.515
6/12/19 10:29,69.343,53.2,1593.7,73.515
6/12/19 10:29,69.343,53.2,1578.7,73.515
6/12/19 10:29,69.386,53.2,1578.7,73.515
6/12/19 10:29,69.386,53.3,1581.2,73.515
6/12/19 10:29,69.386,53.5,1598.7,73.515
6/12/19 10:29,69.386,53.7,1601.2,73.515
6/12/19 10:29,69.427,53.7,1598.7,73.515
6/12/19 10:29,69.427,54,1598.7,73.515
6/12/19 10:29,69.427,54.2,1596.2,73.515
6/12/19 10:29,69.471,54.2,1591.2,73.515
6/12/19 10:29,69.471,54.2,1566.2,73.515
6/12/19 10:29,69.471,54.2,1551.2,73.515
6/12/19 10:29,69.471,54.2,1566.2,73.515
6/12/19 10:29,69.514,54.1,1586.2,73.515
6/12/19 10:29,69.514,54,1601.2,73.515
6/12/19 10:29,69.514,53.9,1608.7,73.515
6/12/19 10:29,69.557,53.8,1608.7,73.515
6/12/19 10:29,69.557,53.8,1601.2,73.515
6/12/19 10:29,69.557,53.7,1608.7,73.515
6/12/19 10:29,69.557,53.6,1618.7,73.515
6/12/19 10:29,69.557,53.7,1613.7,73.515
6/12/19 10:29,69.557,53.5,1613.7,73.515
6/12/19 10:29,69.557,53.5,1618.7,73.515
6/12/19 10:29,69.6,53.5,1616.2,73.515
6/12/19 10:29,69.6,53.6,1603.7,73.515
6/12/19 10:30,69.6,53.7,1586.2,73.515
6/12/19 10:30,69.6,53.6,1596.2,73.515
6/12/19 10:30,69.6,53.7,1618.7,73.515
6/12/19 10:30,69.6,53.7,1626.2,73.515
6/12/19 10:30,69.6,53.7,1633.7,73.515
6/12/19 10:30,69.6,53.7,1641.2,73.515
6/12/19 10:30,69.6,53.7,1641.2,73.515
6/12/19 10:30,69.6,53.7,1641.2,73.515
6/12/19 10:30,69.6,53.7,1641.2,73.515
6/12/19 10:30,69.6,53.7,1638.7,73.558
6/12/19 10:30,69.643,53.7,1631.2,73.558
6/12/19 10:30,69.6,53.7,1618.7,73.558
6/12/19 10:30,69.643,53.7,1606.2,73.558
6/12/19 10:30,69.643,53.7,1586.2,73.515
6/12/19 10:30,69.643,53.7,1558.7,73.558
6/12/19 10:30,69.643,53.7,1551.2,73.558
6/12/19 10:30,69.643,53.7,1556.2,73.558
6/12/19 10:30,69.643,53.7,1581.2,73.515
6/12/19 10:30,69.643,53.7,1608.7,73.558
6/12/19 10:30,69.643,53.6,1626.2,73.558
6/12/19 10:30,69.643,53.6,1638.7,73.558
6/12/19 10:30,69.643,53.6,1646.2,73.558
6/12/19 10:30,69.643,53.6,1646.2,73.558
6/12/19 10:30,69.643,53.7,1641.2,73.558
6/12/19 10:30,69.643,53.7,1643.7,73.558
6/12/19 10:30,69.643,53.6,1653.7,73.558
6/12/19 10:30,69.643,53.6,1656.2,73.558
6/12/19 10:30,69.643,53.6,1643.7,73.558
6/12/19 10:30,69.685,53.6,1621.2,73.558
6/12/19 10:30,69.685,53.6,1596.2,73.558
6/12/19 10:30,69.685,53.6,1583.7,73.558
6/12/19 10:30,69.685,53.5,1586.2,73.558
6/12/19 10:30,69.685,53.5,1618.7,73.558
6/12/19 10:30,69.685,53.5,1653.7,73.558
6/12/19 10:30,69.685,53.5,1673.7,73.558
6/12/19 10:30,69.685,53.5,1673.7,73.558
6/12/19 10:30,69.685,53.5,1661.2,73.558
6/12/19 10:30,69.685,53.5,1656.2,73.558
6/12/19 10:30,69.685,53.5,1648.7,73.558
6/12/19 10:30,69.685,53.5,1631.2,73.558
6/12/19 10:30,69.728,53.5,1603.7,73.558
6/12/19 10:30,69.685,53.5,1591.2,73.558
6/12/19 10:30,69.728,53.6,1583.7,73.558
6/12/19 10:30,69.728,53.6,1596.2,73.558
6/12/19 10:30,69.728,53.6,1626.2,73.558
6/12/19 10:30,69.728,53.6,1648.7,73.558
6/12/19 10:30,69.728,53.6,1651.2,73.558
6/12/19 10:30,69.728,53.7,1643.7,73.558
6/12/19 10:30,69.728,53.7,1638.7,73.558
6/12/19 10:30,69.728,53.6,1641.2,73.558
6/12/19 10:30,69.728,53.6,1643.7,73.558
6/12/19 10:30,69.728,53.5,1641.2,73.558
6/12/19 10:30,69.728,53.5,1631.2,73.558
6/12/19 10:30,69.728,53.4,1623.7,73.558
6/12/19 10:30,69.728,53.2,1623.7,73.558
6/12/19 10:30,69.728,53.2,1631.2,73.558
6/12/19 10:30,69.728,53.1,1631.2,73.558
6/12/19 10:30,69.728,53,1616.2,73.558
6/12/19 10:30,69.728,53,1608.7,73.558
6/12/19 10:30,69.728,52.9,1618.7,73.558
6/12/19 10:31,69.685,52.8,1623.7,73.558
6/12/19 10:31,69.685,52.7,1626.2,73.558
6/12/19 10:31,69.685,52.6,1638.7,73.602
6/12/19 10:31,69.685,52.5,1641.2,73.558
6/12/19 10:31,69.685,52.5,1641.2,73.558
6/12/19 10:31,69.685,52.4,1646.2,73.558
6/12/19 10:31,69.643,52.4,1643.7,73.602
6/12/19 10:31,69.643,52.4,1628.7,73.558
6/12/19 10:31,69.643,52.3,1623.7,73.602
6/12/19 10:31,69.643,52.3,1616.2,73.602
6/12/19 10:31,69.6,52.3,1606.2,73.602
6/12/19 10:31,69.6,52.2,1603.7,73.602
6/12/19 10:31,69.6,52.2,1613.7,73.602
6/12/19 10:31,69.6,52.1,1636.2,73.602
6/12/19 10:31,69.6,52.1,1651.2,73.602
6/12/19 10:31,69.6,52.1,1648.7,73.602
6/12/19 10:31,69.557,52.1,1646.2,73.602
6/12/19 10:31,69.557,52.1,1641.2,73.602
6/12/19 10:31,69.557,52.1,1633.7,73.602
6/12/19 10:31,69.557,52.1,1638.7,73.602
6/12/19 10:31,69.557,52.2,1621.2,73.602
6/12/19 10:31,69.557,52.2,1588.7,73.602
6/12/19 10:31,69.514,52.2,1583.7,73.602
6/12/19 10:31,69.514,52.2,1586.2,73.602
6/12/19 10:31,69.514,52.3,1611.2,73.602
6/12/19 10:31,69.514,52.4,1621.2,73.602
6/12/19 10:31,69.514,52.4,1608.7,73.602
6/12/19 10:31,69.514,52.5,1611.2,73.602
6/12/19 10:31,69.514,52.7,1621.2,73.602
6/12/19 10:31,69.514,52.8,1618.7,73.602
6/12/19 10:31,69.514,52.8,1631.2,73.602
6/12/19 10:31,69.514,52.9,1626.2,73.602
6/12/19 10:31,69.514,53,1623.7,73.602
6/12/19 10:31,69.514,53,1626.2,73.602
6/12/19 10:31,69.514,53,1631.2,73.602
6/12/19 10:31,69.514,53.1,1636.2,73.602
6/12/19 10:31,69.514,53.1,1631.2,73.602
6/12/19 10:31,69.514,53.1,1626.2,73.602
6/12/19 10:31,69.514,53,1626.2,73.602
6/12/19 10:31,69.514,53,1628.7,73.602
6/12/19 10:31,69.471,52.9,1641.2,73.602
6/12/19 10:31,69.471,52.8,1641.2,73.602
6/12/19 10:31,69.471,52.6,1633.7,73.602
6/12/19 10:31,69.471,52.5,1628.7,73.602
6/12/19 10:31,69.471,52.4,1636.2,73.602
6/12/19 10:31,69.471,52.3,1646.2,73.602
6/12/19 10:31,69.471,52.2,1648.7,73.602
6/12/19 10:31,69.427,52,1643.7,73.602
6/12/19 10:31,69.427,51.8,1641.2,73.602
6/12/19 10:31,69.427,51.8,1636.2,73.602
6/12/19 10:31,69.386,51.7,1633.7,73.602
6/12/19 10:31,69.386,51.6,1641.2,73.645
6/12/19 10:31,69.386,51.6,1646.2,73.602
6/12/19 10:31,69.386,51.5,1643.7,73.602
6/12/19 10:31,69.343,51.5,1633.7,73.645
6/12/19 10:31,69.343,51.5,1633.7,73.602
6/12/19 10:31,69.343,51.4,1641.2,73.602
6/12/19 10:31,69.343,51.5,1641.2,73.602
6/12/19 10:31,69.343,51.5,1636.2,73.645
6/12/19 10:31,69.3,51.6,1631.2,73.645
6/12/19 10:32,69.3,51.7,1636.2,73.602
6/12/19 10:32,69.3,51.8,1636.2,73.645
6/12/19 10:32,69.3,51.8,1636.2,73.645
6/12/19 10:32,69.3,51.8,1631.2,73.602
6/12/19 10:32,69.3,51.8,1628.7,73.645
6/12/19 10:32,69.3,51.7,1628.7,73.645
6/12/19 10:32,69.3,51.6,1626.2,73.645
6/12/19 10:32,69.256,51.6,1626.2,73.645
6/12/19 10:32,69.256,51.5,1633.7,73.645
6/12/19 10:32,69.256,51.4,1643.7,73.645
6/12/19 10:32,69.256,51.3,1646.2,73.645
6/12/19 10:32,69.213,51.2,1641.2,73.645
6/12/19 10:32,69.213,51.1,1631.2,73.645
6/12/19 10:32,69.213,51.2,1628.7,73.645
6/12/19 10:32,69.213,51.1,1628.7,73.645
6/12/19 10:32,69.17,51,1628.7,73.645
6/12/19 10:32,69.17,51,1631.2,73.645
6/12/19 10:32,69.17,50.9,1631.2,73.645
6/12/19 10:32,69.17,50.9,1633.7,73.645
6/12/19 10:32,69.17,50.9,1628.7,73.645
6/12/19 10:32,69.129,50.9,1616.2,73.645
6/12/19 10:32,69.129,50.9,1616.2,73.645
6/12/19 10:32,69.129,50.9,1623.7,73.645
6/12/19 10:32,69.129,51,1631.2,73.645
6/12/19 10:32,69.129,51,1628.7,73.645
6/12/19 10:32,69.085,51,1621.2,73.645
6/12/19 10:32,69.085,51,1628.7,73.645
6/12/19 10:32,69.129,51,1648.7,73.645
6/12/19 10:32,69.085,51,1656.2,73.645
6/12/19 10:32,69.085,51,1653.7,73.645
6/12/19 10:32,69.085,51,1651.2,73.645
6/12/19 10:32,69.085,51,1648.7,73.645
6/12/19 10:32,69.085,51,1656.2,73.645
6/12/19 10:32,69.085,51,1648.7,73.645
6/12/19 10:32,69.085,50.9,1638.7,73.645
6/12/19 10:32,69.085,50.9,1638.7,73.645
6/12/19 10:32,69.042,50.9,1648.7,73.645
6/12/19 10:32,69.042,50.9,1656.2,73.645
6/12/19 10:32,69.042,50.9,1663.7,73.645
6/12/19 10:32,69.042,50.9,1658.7,73.645
6/12/19 10:32,69.042,50.8,1661.2,73.645
6/12/19 10:32,69.042,50.8,1663.7,73.645
6/12/19 10:32,69.042,50.8,1666.2,73.645
6/12/19 10:32,69.042,50.8,1668.7,73.645
6/12/19 10:32,69.042,50.8,1666.2,73.645
6/12/19 10:32,69.042,50.8,1656.2,73.645
6/12/19 10:32,69.042,50.8,1646.2,73.645
6/12/19 10:32,69.042,50.8,1633.7,73.645
6/12/19 10:32,69.042,50.8,1628.7,73.645
6/12/19 10:32,68.999,50.8,1638.7,73.688
6/12/19 10:32,68.999,50.9,1648.7,73.645
6/12/19 10:32,69.042,50.9,1648.7,73.688
6/12/19 10:32,69.042,50.9,1646.2,73.688
6/12/19 10:32,68.999,50.9,1641.2,73.645
6/12/19 10:32,68.999,51,1658.7,73.645
6/12/19 10:32,69.042,51,1676.2,73.688
6/12/19 10:32,69.042,51.1,1678.7,73.688
6/12/19 10:32,69.042,51.2,1683.7,73.688
6/12/19 10:32,69.042,51.1,1696.2,73.688
6/12/19 10:32,69.042,51.2,1706.2,73.688
6/12/19 10:33,69.042,51.3,1711.2,73.688
6/12/19 10:33,69.042,51.4,1703.7,73.688
6/12/19 10:33,69.042,51.5,1696.2,73.688
6/12/19 10:33,69.042,51.6,1698.7,73.688
6/12/19 10:33,69.042,51.7,1693.7,73.688
6/12/19 10:33,69.085,51.8,1698.7,73.688
6/12/19 10:33,69.085,51.8,1701.2,73.688
6/12/19 10:33,69.085,51.9,1696.2,73.688
6/12/19 10:33,69.085,52,1686.2,73.688
6/12/19 10:33,69.085,52.1,1686.2,73.688
6/12/19 10:33,69.129,52.2,1686.2,73.688
6/12/19 10:33,69.129,52.3,1678.7,73.688
6/12/19 10:33,69.129,52.4,1671.2,73.688
6/12/19 10:33,69.129,52.5,1673.7,73.688
6/12/19 10:33,69.129,52.5,1681.2,73.688
6/12/19 10:33,69.17,52.7,1693.7,73.688
6/12/19 10:33,69.17,52.8,1683.7,73.688
6/12/19 10:33,69.17,52.9,1681.2,73.688
6/12/19 10:33,69.17,53,1686.2,73.688
6/12/19 10:33,69.17,53.2,1701.2,73.688
6/12/19 10:33,69.17,53.2,1703.7,73.688
6/12/19 10:33,69.213,53.3,1703.7,73.688
6/12/19 10:33,69.213,53.2,1701.2,73.688
6/12/19 10:33,69.213,53.2,1701.2,73.688
6/12/19 10:33,69.213,53.1,1706.2,73.688
6/12/19 10:33,69.213,53,1706.2,73.688
6/12/19 10:33,69.256,53,1706.2,73.688
6/12/19 10:33,69.256,52.9,1711.2,73.688
6/12/19 10:33,69.256,52.8,1716.2,73.688
6/12/19 10:33,69.256,52.6,1721.2,73.688
6/12/19 10:33,69.213,52.5,1721.2,73.688
6/12/19 10:33,69.213,52.4,1721.2,73.731
6/12/19 10:33,69.213,52.4,1718.7,73.731
6/12/19 10:33,69.213,52.4,1718.7,73.731
6/12/19 10:33,69.213,52.3,1718.7,73.731
6/12/19 10:33,69.213,52.3,1718.7,73.731
6/12/19 10:33,69.213,52.2,1716.2,73.731
6/12/19 10:33,69.213,52.1,1716.2,73.731
6/12/19 10:33,69.213,52.1,1716.2,73.731
6/12/19 10:33,69.213,52,1716.2,73.731
6/12/19 10:33,69.213,52,1718.7,73.731
6/12/19 10:33,69.213,51.9,1721.2,73.731
6/12/19 10:33,69.17,51.9,1723.7,73.731
6/12/19 10:33,69.213,51.8,1723.7,73.731
6/12/19 10:33,69.17,51.8,1726.2,73.731
6/12/19 10:33,69.17,51.8,1723.7,73.731
6/12/19 10:33,69.17,51.8,1721.2,73.731
6/12/19 10:33,69.17,51.8,1723.7,73.731
6/12/19 10:33,69.17,51.9,1726.2,73.731
6/12/19 10:33,69.17,51.9,1728.7,73.731
6/12/19 10:33,69.17,51.9,1723.7,73.731
6/12/19 10:33,69.17,52,1718.7,73.731
6/12/19 10:33,69.17,52.1,1718.7,73.731
6/12/19 10:33,69.17,52.1,1716.2,73.731
6/12/19 10:33,69.17,52.2,1718.7,73.731
6/12/19 10:33,69.17,52.3,1713.7,73.731
6/12/19 10:33,69.17,52.3,1711.2,73.731
6/12/19 10:33,69.213,52.4,1713.7,73.731
6/12/19 10:33,69.213,52.4,1723.7,73.731
6/12/19 10:33,69.213,52.4,1728.7,73.731
6/12/19 10:34,69.213,52.4,1728.7,73.731
6/12/19 10:34,69.213,52.4,1726.2,73.731
6/12/19 10:34,69.213,52.4,1726.2,73.731
6/12/19 10:34,69.213,52.4,1731.2,73.731
6/12/19 10:34,69.213,52.3,1728.7,73.731
6/12/19 10:34,69.213,52.4,1731.2,73.731
6/12/19 10:34,69.213,52.4,1736.2,73.731
6/12/19 10:34,69.256,52.4,1736.2,73.731
6/12/19 10:34,69.256,52.5,1738.7,73.731
6/12/19 10:34,69.256,52.5,1736.2,73.731
6/12/19 10:34,69.256,52.6,1736.2,73.731
6/12/19 10:34,69.256,52.7,1733.7,73.731
6/12/19 10:34,69.256,52.8,1736.2,73.731
6/12/19 10:34,69.256,52.9,1736.2,73.731
6/12/19 10:34,69.256,52.9,1733.7,73.731
6/12/19 10:34,69.3,53,1731.2,73.731
6/12/19 10:34,69.3,53,1731.2,73.774
6/12/19 10:34,69.3,52.9,1733.7,73.731
6/12/19 10:34,69.3,52.8,1733.7,73.731
6/12/19 10:34,69.3,52.7,1733.7,73.731
6/12/19 10:34,69.3,52.6,1736.2,73.774
6/12/19 10:34,69.3,52.4,1738.7,73.731
6/12/19 10:34,69.3,52.3,1741.2,73.774
6/12/19 10:34,69.3,52.2,1738.7,73.731
6/12/19 10:34,69.3,52.1,1738.7,73.774
6/12/19 10:34,69.3,51.9,1741.2,73.774
6/12/19 10:34,69.3,51.8,1741.2,73.731
6/12/19 10:34,69.256,51.7,1741.2,73.774
6/12/19 10:34,69.256,51.6,1738.7,73.774
6/12/19 10:34,69.256,51.5,1741.2,73.774
6/12/19 10:34,69.256,51.3,1743.7,73.774
6/12/19 10:34,69.256,51.2,1743.7,73.774
6/12/19 10:34,69.213,51.1,1743.7,73.774
6/12/19 10:34,69.213,51.2,1746.2,73.774
6/12/19 10:34,69.213,51.1,1746.2,73.774
6/12/19 10:34,69.213,51,1746.2,73.774
6/12/19 10:34,69.213,51,1743.7,73.774
6/12/19 10:34,69.17,50.9,1746.2,73.774
6/12/19 10:34,69.17,50.9,1751.2,73.774
6/12/19 10:34,69.17,50.9,1751.2,73.774
6/12/19 10:34,69.17,51,1748.7,73.774
6/12/19 10:34,69.17,51,1753.7,73.774
6/12/19 10:34,69.17,51,1753.7,73.774
6/12/19 10:34,69.17,51.1,1751.2,73.774
6/12/19 10:34,69.129,51.1,1751.2,73.774
6/12/19 10:34,69.129,51.2,1753.7,73.774
6/12/19 10:34,69.129,51.1,1753.7,73.774
6/12/19 10:34,69.129,51.2,1751.2,73.774
6/12/19 10:34,69.129,51.2,1751.2,73.774
6/12/19 10:34,69.17,51.3,1753.7,73.774
6/12/19 10:34,69.129,51.3,1753.7,73.774
6/12/19 10:34,69.129,51.3,1751.2,73.774
6/12/19 10:34,69.129,51.4,1751.2,73.774
6/12/19 10:34,69.129,51.4,1751.2,73.774
6/12/19 10:34,69.17,51.4,1753.7,73.774
6/12/19 10:34,69.129,51.3,1756.2,73.774
6/12/19 10:34,69.129,51.3,1756.2,73.774
6/12/19 10:34,69.129,51.3,1756.2,73.774
6/12/19 10:34,69.129,51.2,1758.7,73.774
6/12/19 10:34,69.129,51.2,1758.7,73.774
6/12/19 10:35,69.129,51.2,1758.7,73.774
6/12/19 10:35,69.129,51.2,1758.7,73.818
6/12/19 10:35,69.129,51.1,1756.2,73.774
6/12/19 10:35,69.129,51.1,1756.2,73.818
6/12/19 10:35,69.129,51,1758.7,73.818
6/12/19 10:35,69.129,51,1756.2,73.818
6/12/19 10:35,69.129,50.9,1756.2,73.818
6/12/19 10:35,69.129,50.9,1756.2,73.818
6/12/19 10:35,69.085,50.8,1756.2,73.818
6/12/19 10:35,69.085,50.8,1758.7,73.818
6/12/19 10:35,69.085,50.8,1756.2,73.818
6/12/19 10:35,69.085,50.7,1758.7,73.818
6/12/19 10:35,69.085,50.6,1758.7,73.818
6/12/19 10:35,69.085,50.6,1758.7,73.818
6/12/19 10:35,69.085,50.6,1758.7,73.818
6/12/19 10:35,69.085,50.5,1758.7,73.818
6/12/19 10:35,69.085,50.5,1761.2,73.818
6/12/19 10:35,69.085,50.5,1761.2,73.818
6/12/19 10:35,69.085,50.5,1761.2,73.818
6/12/19 10:35,69.085,50.4,1761.2,73.818
6/12/19 10:35,69.085,50.4,1763.7,73.818
6/12/19 10:35,69.085,50.4,1761.2,73.818
6/12/19 10:35,69.042,50.4,1763.7,73.818
6/12/19 10:35,69.042,50.3,1761.2,73.818
6/12/19 10:35,69.042,50.3,1761.2,73.818
6/12/19 10:35,69.042,50.3,1758.7,73.818
6/12/19 10:35,69.042,50.3,1758.7,73.818
6/12/19 10:35,69.042,50.3,1761.2,73.818
6/12/19 10:35,69.042,50.3,1761.2,73.818
6/12/19 10:35,69.042,50.2,1761.2,73.818
6/12/19 10:35,69.042,50.2,1758.7,73.818
6/12/19 10:35,69.042,50.2,1756.2,73.818
6/12/19 10:35,68.999,50.2,1756.2,73.818
6/12/19 10:35,68.999,50.2,1756.2,73.818
6/12/19 10:35,68.999,50.2,1758.7,73.818
6/12/19 10:35,68.999,50.2,1761.2,73.818
6/12/19 10:35,68.999,50.2,1758.7,73.818
6/12/19 10:35,68.999,50.2,1758.7,73.818
6/12/19 10:35,68.999,50.2,1761.2,73.818
6/12/19 10:35,68.999,50.2,1761.2,73.818
6/12/19 10:35,68.999,50.2,1761.2,73.818
6/12/19 10:35,68.999,50.3,1761.2,73.818
6/12/19 10:35,68.999,50.3,1761.2,73.818
6/12/19 10:35,68.956,50.3,1761.2,73.818
6/12/19 10:35,68.956,50.3,1761.2,73.818
6/12/19 10:35,68.956,50.3,1761.2,73.818
6/12/19 10:35,68.956,50.3,1763.7,73.818
6/12/19 10:35,68.956,50.3,1763.7,73.861
6/12/19 10:35,68.956,50.4,1763.7,73.818
6/12/19 10:35,68.956,50.4,1761.2,73.861
6/12/19 10:35,68.956,50.4,1761.2,73.861
6/12/19 10:35,68.956,50.5,1761.2,73.861
6/12/19 10:35,68.956,50.6,1761.2,73.861
6/12/19 10:35,68.999,50.5,1761.2,73.861
6/12/19 10:35,68.999,50.6,1761.2,73.861
6/12/19 10:35,68.999,50.6,1761.2,73.861
6/12/19 10:35,68.999,50.7,1766.2,73.861
6/12/19 10:35,68.999,50.7,1761.2,73.861
6/12/19 10:35,68.999,50.8,1763.7,73.861
6/12/19 10:35,68.999,50.8,1761.2,73.861
6/12/19 10:36,68.999,50.8,1753.7,73.861
6/12/19 10:36,68.999,50.9,1756.2,73.861
6/12/19 10:36,68.999,50.9,1753.7,73.861
6/12/19 10:36,69.042,50.9,1753.7,73.861
6/12/19 10:36,69.042,51,1756.2,73.861
6/12/19 10:36,69.042,51,1753.7,73.861
6/12/19 10:36,69.042,51,1756.2,73.861
6/12/19 10:36,69.042,51.1,1753.7,73.861
6/12/19 10:36,69.042,51.1,1758.7,73.861
6/12/19 10:36,69.042,51.1,1756.2,73.861
6/12/19 10:36,69.042,51.1,1751.2,73.861
6/12/19 10:36,69.042,51.2,1748.7,73.861
6/12/19 10:36,69.085,51.2,1748.7,73.861
6/12/19 10:36,69.085,51.2,1741.2,73.861
6/12/19 10:36,69.042,51.2,1738.7,73.861
6/12/19 10:36,69.042,51.2,1743.7,73.861
6/12/19 10:36,69.085,51.1,1743.7,73.861
6/12/19 10:36,69.042,51.1,1741.2,73.861
6/12/19 10:36,69.042,51.1,1741.2,73.861
6/12/19 10:36,69.042,51.1,1738.7,73.861
6/12/19 10:36,69.085,51,1736.2,73.861
6/12/19 10:36,69.042,51,1736.2,73.861
6/12/19 10:36,69.042,51,1738.7,73.861
6/12/19 10:36,69.042,51,1741.2,73.861
6/12/19 10:36,69.042,51,1738.7,73.861
6/12/19 10:36,69.042,50.9,1738.7,73.861
6/12/19 10:36,69.042,51,1738.7,73.904
6/12/19 10:36,69.042,50.9,1738.7,73.861
6/12/19 10:36,69.085,51,1738.7,73.904
6/12/19 10:36,69.042,50.9,1733.7,73.904
6/12/19 10:36,69.042,50.9,1726.2,73.904
6/12/19 10:36,69.042,51,1726.2,73.904
6/12/19 10:36,69.085,50.9,1726.2,73.904
6/12/19 10:36,69.085,50.9,1726.2,73.904
6/12/19 10:36,69.085,51,1726.2,73.904
6/12/19 10:36,69.085,50.9,1726.2,73.904
6/12/19 10:36,69.085,51,1726.2,73.904
6/12/19 10:36,69.085,51,1723.7,73.904
6/12/19 10:36,69.085,51,1721.2,73.904
6/12/19 10:36,69.085,51,1721.2,73.904
6/12/19 10:36,69.085,51,1721.2,73.904
6/12/19 10:36,69.085,51,1726.2,73.904
6/12/19 10:36,69.129,51,1726.2,73.904
6/12/19 10:36,69.129,51.1,1731.2,73.904
6/12/19 10:36,69.129,51.1,1726.2,73.904
6/12/19 10:36,69.129,51.1,1723.7,73.904
6/12/19 10:36,69.129,51.2,1721.2,73.904
6/12/19 10:36,69.129,51.2,1721.2,73.904
6/12/19 10:36,69.129,51.2,1721.2,73.904
6/12/19 10:36,69.17,51.2,1718.7,73.904
6/12/19 10:36,69.17,51.2,1718.7,73.904
6/12/19 10:36,69.17,51.1,1721.2,73.904
6/12/19 10:36,69.17,51.1,1721.2,73.904
6/12/19 10:36,69.213,51.1,1721.2,73.904
6/12/19 10:36,69.213,51.2,1718.7,73.904
6/12/19 10:36,69.213,51.2,1721.2,73.904
6/12/19 10:36,69.213,51.2,1721.2,73.904
6/12/19 10:36,69.213,51.2,1718.7,73.904
6/12/19 10:36,69.213,51.3,1721.2,73.904
6/12/19 10:36,69.256,51.3,1716.2,73.904
6/12/19 10:37,69.256,51.3,1716.2,73.904
6/12/19 10:37,69.256,51.3,1721.2,73.904
6/12/19 10:37,69.256,51.4,1723.7,73.904
6/12/19 10:37,69.3,51.4,1726.2,73.904
6/12/19 10:37,69.3,51.5,1728.7,73.904
6/12/19 10:37,69.3,51.5,1726.2,73.904
6/12/19 10:37,69.3,51.5,1723.7,73.904
6/12/19 10:37,69.3,51.5,1723.7,73.904
6/12/19 10:37,69.3,51.5,1731.2,73.947
6/12/19 10:37,69.3,51.5,1731.2,73.904
6/12/19 10:37,69.343,51.5,1731.2,73.947
6/12/19 10:37,69.343,51.5,1733.7,73.947
6/12/19 10:37,69.343,51.5,1736.2,73.947
6/12/19 10:37,69.343,51.5,1736.2,73.947
6/12/19 10:37,69.343,51.4,1736.2,73.947
6/12/19 10:37,69.343,51.4,1741.2,73.947
6/12/19 10:37,69.343,51.3,1736.2,73.947
6/12/19 10:37,69.343,51.3,1736.2,73.947
6/12/19 10:37,69.343,51.3,1736.2,73.947
6/12/19 10:37,69.343,51.2,1738.7,73.947
6/12/19 10:37,69.343,51.2,1738.7,73.947
6/12/19 10:37,69.343,51.2,1741.2,73.947
6/12/19 10:37,69.343,51.1,1743.7,73.947
6/12/19 10:37,69.343,51.1,1743.7,73.947
6/12/19 10:37,69.343,51.2,1746.2,73.947
6/12/19 10:37,69.343,51.2,1746.2,73.947
6/12/19 10:37,69.343,51.2,1743.7,73.947
6/12/19 10:37,69.343,51.2,1743.7,73.947
6/12/19 10:37,69.343,51.1,1743.7,73.947
6/12/19 10:37,69.343,51.1,1741.2,73.947
6/12/19 10:37,69.343,51.1,1743.7,73.947
6/12/19 10:37,69.343,51.1,1743.7,73.947
6/12/19 10:37,69.343,51,1743.7,73.947
6/12/19 10:37,69.343,51,1741.2,73.947
6/12/19 10:37,69.343,51,1743.7,73.947
6/12/19 10:37,69.343,51,1746.2,73.947
6/12/19 10:37,69.343,51,1748.7,73.947
6/12/19 10:37,69.343,51,1746.2,73.947
6/12/19 10:37,69.386,51,1743.7,73.947
6/12/19 10:37,69.386,51,1746.2,73.947
6/12/19 10:37,69.386,51,1748.7,73.947
6/12/19 10:37,69.386,51,1748.7,73.947
6/12/19 10:37,69.386,51,1746.2,73.947
6/12/19 10:37,69.386,51,1746.2,73.947
6/12/19 10:37,69.386,51,1743.7,73.947
6/12/19 10:37,69.386,51,1741.2,73.99
6/12/19 10:37,69.427,51,1743.7,73.947
6/12/19 10:37,69.427,51,1743.7,73.947
6/12/19 10:37,69.427,51,1748.7,73.947
6/12/19 10:37,69.427,51,1751.2,73.99
6/12/19 10:37,69.427,50.9,1753.7,73.99
6/12/19 10:37,69.471,51,1756.2,73.99
6/12/19 10:37,69.471,50.9,1756.2,73.99
6/12/19 10:37,69.471,51,1753.7,73.99
6/12/19 10:37,69.471,50.9,1753.7,73.99
6/12/19 10:37,69.471,51,1753.7,73.99
6/12/19 10:37,69.471,51,1751.2,73.99
6/12/19 10:37,69.514,50.9,1756.2,73.99
6/12/19 10:37,69.514,51,1756.2,73.99
6/12/19 10:37,69.514,51,1753.7,73.99
6/12/19 10:38,69.514,51,1753.7,73.99
6/12/19 10:38,69.514,51,1756.2,73.99
6/12/19 10:38,69.557,51,1756.2,73.99
6/12/19 10:38,69.557,51,1761.2,73.99
6/12/19 10:38,69.557,51,1758.7,73.99
6/12/19 10:38,69.557,51,1761.2,73.99
6/12/19 10:38,69.6,51,1758.7,73.99
6/12/19 10:38,69.6,51.1,1758.7,73.99
6/12/19 10:38,69.6,51.1,1763.7,73.99
6/12/19 10:38,69.6,51.1,1763.7,73.99
6/12/19 10:38,69.6,51.1,1766.2,73.99
6/12/19 10:38,69.643,51.1,1763.7,73.99
6/12/19 10:38,69.643,51.2,1761.2,73.99
6/12/19 10:38,69.643,51.2,1758.7,73.99
6/12/19 10:38,69.685,51.2,1758.7,73.99
6/12/19 10:38,69.685,51.1,1758.7,73.99
6/12/19 10:38,69.685,51.1,1761.2,73.99
6/12/19 10:38,69.685,51.1,1758.7,73.99
6/12/19 10:38,69.728,51.2,1756.2,73.99
6/12/19 10:38,69.728,51.2,1753.7,73.99
6/12/19 10:38,69.728,51.2,1756.2,73.99
6/12/19 10:38,69.728,51.3,1756.2,73.99
6/12/19 10:38,69.771,51.3,1756.2,73.99
6/12/19 10:38,69.771,51.3,1751.2,73.99
6/12/19 10:38,69.771,51.4,1743.7,73.99
6/12/19 10:38,69.771,51.5,1728.7,73.99
6/12/19 10:38,69.814,51.7,1716.2,73.99
6/12/19 10:38,69.814,51.8,1718.7,73.99
6/12/19 10:38,69.814,51.8,1723.7,73.99
6/12/19 10:38,69.858,51.8,1731.2,73.99
6/12/19 10:38,69.858,51.8,1736.2,73.99
6/12/19 10:38,69.858,51.8,1738.7,73.99
6/12/19 10:38,69.858,51.8,1736.2,74.034
6/12/19 10:38,69.858,51.8,1738.7,73.99
6/12/19 10:38,69.901,51.9,1741.2,74.034
6/12/19 10:38,69.901,51.8,1741.2,73.99
6/12/19 10:38,69.901,51.8,1746.2,74.034
6/12/19 10:38,69.901,51.9,1746.2,74.034
6/12/19 10:38,69.901,51.8,1746.2,74.034
6/12/19 10:38,69.901,51.8,1743.7,74.034
6/12/19 10:38,69.901,51.8,1743.7,74.034
6/12/19 10:38,69.901,51.8,1743.7,74.034
6/12/19 10:38,69.901,51.8,1743.7,74.034
6/12/19 10:38,69.942,51.7,1743.7,74.034
6/12/19 10:38,69.901,51.6,1738.7,74.034
6/12/19 10:38,69.942,51.6,1741.2,74.034
6/12/19 10:38,69.901,51.5,1738.7,74.034
6/12/19 10:38,69.901,51.5,1741.2,74.034
6/12/19 10:38,69.942,51.4,1738.7,74.034
6/12/19 10:38,69.942,51.4,1736.2,74.034
6/12/19 10:38,69.942,51.4,1738.7,74.034
6/12/19 10:38,69.942,51.4,1743.7,74.034
6/12/19 10:38,69.942,51.3,1748.7,74.034
6/12/19 10:38,69.942,51.3,1748.7,74.034
6/12/19 10:38,69.942,51.3,1743.7,74.034
6/12/19 10:38,69.942,51.2,1736.2,74.034
6/12/19 10:38,69.942,51.2,1718.7,74.034
6/12/19 10:38,69.942,51.2,1706.2,74.034
6/12/19 10:38,69.942,51.1,1706.2,74.077
6/12/19 10:38,69.942,51.2,1706.2,74.034
6/12/19 10:39,69.942,51.2,1706.2,74.034
6/12/19 10:39,69.942,51.1,1703.7,74.034
6/12/19 10:39,69.942,51.1,1701.2,74.034
6/12/19 10:39,69.942,51,1696.2,74.034
6/12/19 10:39,69.942,51,1693.7,74.034
6/12/19 10:39,69.942,51,1683.7,74.034
6/12/19 10:39,69.942,51,1681.2,74.077
6/12/19 10:39,69.942,51.1,1681.2,74.077
6/12/19 10:39,69.942,51.2,1676.2,74.077
6/12/19 10:39,69.942,51.2,1673.7,74.077
6/12/19 10:39,69.942,51.2,1658.7,74.077
6/12/19 10:39,69.942,51.2,1646.2,74.077
6/12/19 10:39,69.985,51.2,1638.7,74.077
6/12/19 10:39,69.985,51.1,1641.2,74.077
6/12/19 10:39,69.985,51.1,1643.7,74.077
6/12/19 10:39,69.985,51,1631.2,74.077
6/12/19 10:39,69.985,51,1616.2,74.077
6/12/19 10:39,69.985,50.9,1593.7,74.077
6/12/19 10:39,69.985,50.9,1588.7,74.077
6/12/19 10:39,69.985,50.8,1596.2,74.077
6/12/19 10:39,69.985,50.8,1596.2,74.077
6/12/19 10:39,69.985,50.8,1591.2,74.077
6/12/19 10:39,69.985,50.7,1588.7,74.077
6/12/19 10:39,69.985,50.7,1578.7,74.077
6/12/19 10:39,69.985,50.6,1573.7,74.077
6/12/19 10:39,69.985,50.6,1568.7,74.077
6/12/19 10:39,69.985,50.6,1558.7,74.077
6/12/19 10:39,69.985,50.6,1561.2,74.077
6/12/19 10:39,69.985,50.6,1563.7,74.077
6/12/19 10:39,69.985,50.6,1563.7,74.077
6/12/19 10:39,69.985,50.6,1553.7,74.077
6/12/19 10:39,69.985,50.6,1551.2,74.077
6/12/19 10:39,69.985,50.6,1533.7,74.077
6/12/19 10:39,69.985,50.6,1523.7,74.077
6/12/19 10:39,69.985,50.6,1541.2,74.077
6/12/19 10:39,69.985,50.5,1553.7,74.077
6/12/19 10:39,69.985,50.5,1548.7,74.077
6/12/19 10:39,69.985,50.6,1546.2,74.077
6/12/19 10:39,69.985,50.6,1533.7,74.077
6/12/19 10:39,69.985,50.5,1521.2,74.077
6/12/19 10:39,69.985,50.5,1518.7,74.077
6/12/19 10:39,69.985,50.4,1518.7,74.077
6/12/19 10:39,69.985,50.4,1521.2,74.077
6/12/19 10:39,69.942,50.3,1518.7,74.077
6/12/19 10:39,69.942,50.3,1526.2,74.12
6/12/19 10:39,69.942,50.3,1548.7,74.077
6/12/19 10:39,69.942,50.2,1563.7,74.077
6/12/19 10:39,69.942,50.2,1581.2,74.12
6/12/19 10:39,69.942,50.2,1598.7,74.077
6/12/19 10:39,69.942,50.3,1608.7,74.12
6/12/19 10:39,69.942,50.3,1616.2,74.12
6/12/19 10:39,69.942,50.3,1621.2,74.077
6/12/19 10:39,69.901,50.3,1628.7,74.12
6/12/19 10:39,69.901,50.4,1633.7,74.12
6/12/19 10:39,69.901,50.4,1643.7,74.12
6/12/19 10:39,69.901,50.4,1661.2,74.12
6/12/19 10:39,69.901,50.5,1676.2,74.12
6/12/19 10:39,69.901,50.5,1683.7,74.12
6/12/19 10:39,69.901,50.5,1683.7,74.12
6/12/19 10:39,69.901,50.6,1663.7,74.12
6/12/19 10:40,69.901,50.5,1646.2,74.12
6/12/19 10:40,69.901,50.5,1636.2,74.12
6/12/19 10:40,69.901,50.5,1636.2,74.12
6/12/19 10:40,69.901,50.6,1653.7,74.12
6/12/19 10:40,69.901,50.6,1663.7,74.12
6/12/19 10:40,69.901,50.6,1661.2,74.12
6/12/19 10:40,69.901,50.7,1666.2,74.12
6/12/19 10:40,69.942,50.7,1676.2,74.12
6/12/19 10:40,69.901,50.7,1678.7,74.12
6/12/19 10:40,69.901,50.7,1678.7,74.12
6/12/19 10:40,69.901,50.7,1673.7,74.12
6/12/19 10:40,69.901,50.7,1678.7,74.12
6/12/19 10:40,69.942,50.7,1676.2,74.12
6/12/19 10:40,69.942,50.7,1671.2,74.12
6/12/19 10:40,69.901,50.7,1678.7,74.12
6/12/19 10:40,69.901,50.8,1681.2,74.12
6/12/19 10:40,69.901,50.7,1686.2,74.12
6/12/19 10:40,69.901,50.7,1686.2,74.12
6/12/19 10:40,69.901,50.7,1673.7,74.12
6/12/19 10:40,69.901,50.8,1673.7,74.12
6/12/19 10:40,69.901,50.7,1678.7,74.12
6/12/19 10:40,69.901,50.7,1678.7,74.12
6/12/19 10:40,69.901,50.7,1678.7,74.12
6/12/19 10:40,69.901,50.7,1678.7,74.12
6/12/19 10:40,69.901,50.6,1673.7,74.12
6/12/19 10:40,69.901,50.6,1671.2,74.12
6/12/19 10:40,69.942,50.6,1671.2,74.12
6/12/19 10:40,69.901,50.6,1673.7,74.12
6/12/19 10:40,69.901,50.6,1673.7,74.12
6/12/19 10:40,69.901,50.7,1676.2,74.12
6/12/19 10:40,69.942,50.7,1673.7,74.12
6/12/19 10:40,69.942,50.8,1676.2,74.12
6/12/19 10:40,69.942,50.8,1678.7,74.12
6/12/19 10:40,69.942,50.8,1678.7,74.163
6/12/19 10:40,69.942,50.8,1681.2,74.163
6/12/19 10:40,69.942,50.8,1686.2,74.12
6/12/19 10:40,69.942,50.7,1696.2,74.163
6/12/19 10:40,69.942,50.7,1698.7,74.163
6/12/19 10:40,69.942,50.6,1696.2,74.12
6/12/19 10:40,69.942,50.6,1696.2,74.163
6/12/19 10:40,69.942,50.5,1701.2,74.163
6/12/19 10:40,69.942,50.5,1708.7,74.163
6/12/19 10:40,69.942,50.5,1711.2,74.163
6/12/19 10:40,69.942,50.6,1703.7,74.163
6/12/19 10:40,69.942,50.6,1701.2,74.163
6/12/19 10:40,69.942,50.5,1701.2,74.163
6/12/19 10:40,69.942,50.5,1696.2,74.163
6/12/19 10:40,69.942,50.5,1691.2,74.163
6/12/19 10:40,69.942,50.5,1696.2,74.163
6/12/19 10:40,69.942,50.6,1696.2,74.163
6/12/19 10:40,69.942,50.5,1696.2,74.163
6/12/19 10:40,69.942,50.5,1701.2,74.163
6/12/19 10:40,69.942,50.6,1706.2,74.163
6/12/19 10:40,69.942,50.6,1711.2,74.163
6/12/19 10:40,69.942,50.6,1711.2,74.163
6/12/19 10:40,69.942,50.5,1703.7,74.163
6/12/19 10:40,69.942,50.5,1698.7,74.163
6/12/19 10:40,69.942,50.5,1698.7,74.163
6/12/19 10:40,69.942,50.6,1703.7,74.163
6/12/19 10:40,69.942,50.6,1703.7,74.163
6/12/19 10:41,69.942,50.6,1703.7,74.163
6/12/19 10:41,69.942,50.6,1703.7,74.163
6/12/19 10:41,69.942,50.6,1706.2,74.163
6/12/19 10:41,69.942,50.6,1713.7,74.163
6/12/19 10:41,69.942,50.5,1718.7,74.163
6/12/19 10:41,69.942,50.5,1718.7,74.163
6/12/19 10:41,69.942,50.6,1716.2,74.163
6/12/19 10:41,69.942,50.5,1711.2,74.163
6/12/19 10:41,69.901,50.5,1706.2,74.163
6/12/19 10:41,69.942,50.4,1708.7,74.163
6/12/19 10:41,69.901,50.4,1713.7,74.163
6/12/19 10:41,69.901,50.3,1718.7,74.163
6/12/19 10:41,69.901,50.3,1721.2,74.163
6/12/19 10:41,69.901,50.2,1723.7,74.163
6/12/19 10:41,69.901,50.2,1726.2,74.163
6/12/19 10:41,69.901,50.2,1726.2,74.163
6/12/19 10:41,69.901,50.1,1728.7,74.163
6/12/19 10:41,69.858,50.1,1728.7,74.163
6/12/19 10:41,69.901,50,1723.7,74.163
6/12/19 10:41,69.858,50,1723.7,74.163
6/12/19 10:41,69.858,50,1726.2,74.163
6/12/19 10:41,69.858,50,1728.7,74.163
6/12/19 10:41,69.858,50,1731.2,74.163
6/12/19 10:41,69.858,50,1731.2,74.163
6/12/19 10:41,69.858,49.9,1731.2,74.206
6/12/19 10:41,69.814,49.9,1731.2,74.206
6/12/19 10:41,69.814,49.9,1731.2,74.206
6/12/19 10:41,69.814,49.9,1728.7,74.206
6/12/19 10:41,69.814,49.9,1723.7,74.206
6/12/19 10:41,69.814,49.9,1726.2,74.206
6/12/19 10:41,69.814,49.9,1726.2,74.206
6/12/19 10:41,69.814,49.9,1728.7,74.206
6/12/19 10:41,69.771,50,1733.7,74.206
6/12/19 10:41,69.771,50.1,1731.2,74.206
6/12/19 10:41,69.771,50.2,1736.2,74.206
6/12/19 10:41,69.771,50.4,1733.7,74.206
6/12/19 10:41,69.771,50.5,1731.2,74.206
6/12/19 10:41,69.771,50.5,1726.2,74.206
6/12/19 10:41,69.771,50.6,1721.2,74.206
6/12/19 10:41,69.771,50.6,1718.7,74.206
6/12/19 10:41,69.771,50.7,1723.7,74.206
6/12/19 10:41,69.728,50.7,1731.2,74.206
6/12/19 10:41,69.728,50.7,1733.7,74.206
6/12/19 10:41,69.728,50.6,1736.2,74.206
6/12/19 10:41,69.728,50.6,1736.2,74.206
6/12/19 10:41,69.728,50.6,1736.2,74.206
6/12/19 10:41,69.728,50.6,1736.2,74.206
6/12/19 10:41,69.728,50.6,1736.2,74.206
6/12/19 10:41,69.728,50.6,1736.2,74.206
6/12/19 10:41,69.728,50.6,1736.2,74.206
6/12/19 10:41,69.728,50.7,1736.2,74.206
6/12/19 10:41,69.728,50.8,1736.2,74.206
6/12/19 10:41,69.728,50.9,1736.2,74.206
6/12/19 10:41,69.728,51,1741.2,74.206
6/12/19 10:41,69.728,51.1,1738.7,74.206
6/12/19 10:41,69.728,51.1,1738.7,74.25
6/12/19 10:41,69.728,51.2,1741.2,74.206
6/12/19 10:41,69.728,51.3,1743.7,74.25
6/12/19 10:41,69.728,51.4,1741.2,74.206
6/12/19 10:41,69.728,51.5,1741.2,74.206
6/12/19 10:42,69.728,51.6,1738.7,74.25
6/12/19 10:42,69.728,51.8,1738.7,74.25
6/12/19 10:42,69.728,51.9,1741.2,74.25
6/12/19 10:42,69.728,52.1,1738.7,74.25
6/12/19 10:42,69.728,52.3,1733.7,74.25
6/12/19 10:42,69.771,52.4,1728.7,74.25
6/12/19 10:42,69.771,52.5,1728.7,74.25
6/12/19 10:42,69.771,52.6,1733.7,74.25
6/12/19 10:42,69.771,52.7,1741.2,74.25
6/12/19 10:42,69.771,52.8,1738.7,74.25
6/12/19 10:42,69.771,52.9,1736.2,74.25
6/12/19 10:42,69.814,53,1738.7,74.25
6/12/19 10:42,69.814,53,1738.7,74.25
6/12/19 10:42,69.814,53.1,1743.7,74.25
6/12/19 10:42,69.814,53.2,1743.7,74.25
6/12/19 10:42,69.814,53.1,1743.7,74.25
6/12/19 10:42,69.814,53.1,1743.7,74.25
6/12/19 10:42,69.858,53.1,1741.2,74.25
6/12/19 10:42,69.858,52.9,1741.2,74.25
6/12/19 10:42,69.858,52.8,1741.2,74.25
6/12/19 10:42,69.858,52.6,1736.2,74.25
6/12/19 10:42,69.858,52.4,1738.7,74.25
6/12/19 10:42,69.858,52.4,1741.2,74.25
6/12/19 10:42,69.901,52.2,1741.2,74.25
6/12/19 10:42,69.901,52.1,1738.7,74.25
6/12/19 10:42,69.901,51.9,1736.2,74.25
6/12/19 10:42,69.901,51.8,1736.2,74.25
6/12/19 10:42,69.901,51.8,1736.2,74.25
6/12/19 10:42,69.901,51.6,1738.7,74.25
6/12/19 10:42,69.901,51.5,1741.2,74.25
6/12/19 10:42,69.901,51.4,1743.7,74.25
6/12/19 10:42,69.901,51.3,1746.2,74.25
6/12/19 10:42,69.901,51.2,1746.2,74.25
6/12/19 10:42,69.901,51.2,1743.7,74.25
6/12/19 10:42,69.901,51.1,1741.2,74.25
6/12/19 10:42,69.901,51,1741.2,74.25
6/12/19 10:42,69.901,50.9,1738.7,74.25
6/12/19 10:42,69.901,50.9,1741.2,74.295
6/12/19 10:42,69.858,50.8,1743.7,74.295
6/12/19 10:42,69.858,50.8,1743.7,74.25
6/12/19 10:42,69.858,50.7,1746.2,74.295
6/12/19 10:42,69.858,50.7,1743.7,74.295
6/12/19 10:42,69.858,50.6,1746.2,74.295
6/12/19 10:42,69.858,50.6,1748.7,74.295
6/12/19 10:42,69.858,50.6,1743.7,74.295
6/12/19 10:42,69.858,50.6,1748.7,74.295
6/12/19 10:42,69.858,50.6,1743.7,74.295
6/12/19 10:42,69.858,50.6,1743.7,74.295
6/12/19 10:42,69.858,50.7,1751.2,74.295
6/12/19 10:42,69.814,50.8,1748.7,74.295
6/12/19 10:42,69.858,50.8,1746.2,74.295
6/12/19 10:42,69.814,50.9,1746.2,74.295
6/12/19 10:42,69.858,51,1751.2,74.295
6/12/19 10:42,69.858,51.1,1751.2,74.295
6/12/19 10:42,69.858,51.1,1753.7,74.295
6/12/19 10:42,69.858,51.3,1753.7,74.295
6/12/19 10:42,69.858,51.4,1753.7,74.295
6/12/19 10:42,69.858,51.6,1758.7,74.295
6/12/19 10:42,69.858,51.7,1758.7,74.295
6/12/19 10:42,69.858,51.8,1758.7,74.295
6/12/19 10:43,69.858,51.8,1756.2,74.295
6/12/19 10:43,69.858,51.8,1756.2,74.295
6/12/19 10:43,69.858,51.8,1756.2,74.295
6/12/19 10:43,69.858,51.9,1746.2,74.295
6/12/19 10:43,69.858,51.9,1746.2,74.295
6/12/19 10:43,69.901,51.9,1748.7,74.295
6/12/19 10:43,69.901,51.8,1748.7,74.295
6/12/19 10:43,69.901,51.9,1751.2,74.295
6/12/19 10:43,69.901,51.9,1756.2,74.295
6/12/19 10:43,69.901,51.9,1761.2,74.295
6/12/19 10:43,69.901,52,1758.7,74.338
6/12/19 10:43,69.901,52.1,1758.7,74.338
6/12/19 10:43,69.901,52.3,1751.2,74.338
6/12/19 10:43,69.901,52.4,1756.2,74.338
6/12/19 10:43,69.901,52.7,1753.7,74.338
6/12/19 10:43,69.942,52.8,1758.7,74.338
6/12/19 10:43,69.942,53,1758.7,74.338
6/12/19 10:43,69.942,53.1,1751.2,74.338
6/12/19 10:43,69.942,53.2,1753.7,74.338
6/12/19 10:43,69.942,53.2,1756.2,74.338
6/12/19 10:43,69.942,53.4,1753.7,74.338
6/12/19 10:43,69.985,53.5,1753.7,74.338
6/12/19 10:43,69.985,53.5,1688.7,74.338
6/12/19 10:43,69.985,53.6,1688.7,74.338
6/12/19 10:43,69.985,53.6,1693.7,74.338
6/12/19 10:43,70.029,53.7,1693.7,74.338
6/12/19 10:43,70.029,53.6,1768.7,74.338
6/12/19 10:43,70.029,53.6,1768.7,74.338
6/12/19 10:43,70.029,53.6,1768.7,74.338
6/12/19 10:43,70.029,53.7,1766.2,74.338
6/12/19 10:43,70.072,53.7,1766.2,74.338
6/12/19 10:43,70.072,53.6,1771.2,74.338
6/12/19 10:43,70.072,53.6,1766.2,74.338
6/12/19 10:43,70.115,53.5,1771.2,74.338
6/12/19 10:43,70.115,53.4,1773.7,74.338
6/12/19 10:43,70.115,53.3,1768.7,74.338
6/12/19 10:43,70.115,53.2,1771.2,74.338
6/12/19 10:43,70.115,53,1771.2,74.338
6/12/19 10:43,70.115,53,1771.2,74.338
6/12/19 10:43,70.158,52.9,1773.7,74.338
6/12/19 10:43,70.158,52.8,1771.2,74.338
6/12/19 10:43,70.158,52.7,1771.2,74.338
6/12/19 10:43,70.158,52.6,1771.2,74.338
6/12/19 10:43,70.158,52.5,1768.7,74.338
6/12/19 10:43,70.158,52.4,1768.7,74.338
6/12/19 10:43,70.158,52.4,1766.2,74.381
6/12/19 10:43,70.201,52.3,1766.2,74.338
6/12/19 10:43,70.158,52.2,1766.2,74.338
6/12/19 10:43,70.158,52.1,1768.7,74.338
6/12/19 10:43,70.158,51.9,1768.7,74.381
6/12/19 10:43,70.201,51.8,1773.7,74.381
6/12/19 10:43,70.158,51.8,1773.7,74.338
6/12/19 10:43,70.158,51.8,1773.7,74.381
6/12/19 10:43,70.158,51.8,1771.2,74.381
6/12/19 10:43,70.158,51.7,1771.2,74.338
6/12/19 10:43,70.158,51.7,1768.7,74.381
6/12/19 10:43,70.158,51.7,1741.2,74.381
6/12/19 10:43,70.158,51.8,1738.7,74.381
6/12/19 10:43,70.158,51.8,1768.7,74.381
6/12/19 10:43,70.158,51.8,1766.2,74.381
6/12/19 10:44,70.158,51.8,1771.2,74.381
6/12/19 10:44,70.158,51.8,1768.7,74.381
6/12/19 10:44,70.158,51.7,1771.2,74.381
6/12/19 10:44,70.158,51.7,1771.2,74.381
6/12/19 10:44,70.158,51.6,1771.2,74.381
6/12/19 10:44,70.158,51.6,1768.7,74.381
6/12/19 10:44,70.158,51.6,1768.7,74.381
6/12/19 10:44,70.158,51.6,1771.2,74.381
6/12/19 10:44,70.158,51.6,1771.2,74.381
6/12/19 10:44,70.158,51.6,1773.7,74.381
6/12/19 10:44,70.158,51.6,1776.2,74.381
6/12/19 10:44,70.158,51.6,1778.7,74.381
6/12/19 10:44,70.158,51.5,1778.7,74.381
6/12/19 10:44,70.158,51.5,1778.7,74.381
6/12/19 10:44,70.158,51.5,1778.7,74.381
6/12/19 10:44,70.158,51.5,1781.2,74.381
6/12/19 10:44,70.158,51.4,1781.2,74.381
6/12/19 10:44,70.158,51.4,1778.7,74.381
6/12/19 10:44,70.158,51.4,1781.2,74.381
6/12/19 10:44,70.158,51.3,1776.2,74.381
6/12/19 10:44,70.158,51.3,1781.2,74.381
6/12/19 10:44,70.158,51.3,1783.7,74.381
6/12/19 10:44,70.158,51.3,1786.2,74.424
6/12/19 10:44,70.158,51.3,1781.2,74.381
6/12/19 10:44,70.158,51.3,1783.7,74.381
6/12/19 10:44,70.158,51.3,1786.2,74.381
6/12/19 10:44,70.158,51.4,1783.7,74.381
6/12/19 10:44,70.158,51.3,1778.7,74.424
6/12/19 10:44,70.158,51.4,1781.2,74.381
6/12/19 10:44,70.158,51.4,1778.7,74.381
6/12/19 10:44,70.158,51.4,1781.2,74.424
6/12/19 10:44,70.158,51.4,1778.7,74.424
6/12/19 10:44,70.158,51.5,1783.7,74.424
6/12/19 10:44,70.158,51.5,1776.2,74.424
6/12/19 10:44,70.158,51.5,1778.7,74.424
6/12/19 10:44,70.158,51.5,1781.2,74.424
6/12/19 10:44,70.158,51.6,1776.2,74.424
6/12/19 10:44,70.158,51.6,1781.2,74.424
6/12/19 10:44,70.158,51.6,1778.7,74.424
6/12/19 10:44,70.158,51.6,1776.2,74.424
6/12/19 10:44,70.201,51.7,1778.7,74.424
6/12/19 10:44,70.201,51.7,1778.7,74.424
6/12/19 10:44,70.201,51.7,1776.2,74.424
6/12/19 10:44,70.201,51.8,1778.7,74.424
6/12/19 10:44,70.201,51.8,1781.2,74.424
6/12/19 10:44,70.201,51.8,1778.7,74.424
6/12/19 10:44,70.201,51.8,1781.2,74.424
6/12/19 10:44,70.243,51.9,1778.7,74.424
6/12/19 10:44,70.243,51.9,1778.7,74.424
6/12/19 10:44,70.243,52,1786.2,74.424
6/12/19 10:44,70.243,52.1,1783.7,74.424
6/12/19 10:44,70.243,52.1,1783.7,74.424
6/12/19 10:44,70.286,52.1,1781.2,74.424
6/12/19 10:44,70.286,52.2,1783.7,74.424
6/12/19 10:44,70.286,52.2,1778.7,74.424
6/12/19 10:44,70.286,52.2,1781.2,74.424
6/12/19 10:44,70.286,52.2,1781.2,74.424
6/12/19 10:44,70.329,52.2,1783.7,74.424
6/12/19 10:44,70.329,52.2,1781.2,74.424
6/12/19 10:44,70.329,52.1,1783.7,74.424
6/12/19 10:45,70.329,52.1,1788.7,74.424
6/12/19 10:45,70.329,52.1,1788.7,74.424
6/12/19 10:45,70.329,52.1,1781.2,74.424
6/12/19 10:45,70.329,52.2,1783.7,74.424
6/12/19 10:45,70.372,52.2,1786.2,74.424
6/12/19 10:45,70.372,52.2,1786.2,74.424
6/12/19 10:45,70.372,52.2,1781.2,74.467
6/12/19 10:45,70.372,52.2,1786.2,74.467
6/12/19 10:45,70.372,52.3,1786.2,74.467
6/12/19 10:45,70.372,52.3,1786.2,74.467
6/12/19 10:45,70.372,52.3,1786.2,74.467
6/12/19 10:45,70.372,52.3,1781.2,74.467
6/12/19 10:45,70.372,52.3,1788.7,74.467
6/12/19 10:45,70.416,52.3,1783.7,74.467
6/12/19 10:45,70.416,52.2,1786.2,74.467
6/12/19 10:45,70.416,52.2,1786.2,74.467
6/12/19 10:45,70.416,52.2,1781.2,74.467
6/12/19 10:45,70.416,52.2,1781.2,74.467
6/12/19 10:45,70.416,52.2,1781.2,74.467
6/12/19 10:45,70.416,52.2,1781.2,74.467
6/12/19 10:45,70.416,52.1,1776.2,74.467
6/12/19 10:45,70.416,52.1,1723.7,74.467
6/12/19 10:45,70.416,52.1,1721.2,74.467
6/12/19 10:45,70.416,52.1,1728.7,74.467
6/12/19 10:45,70.416,52.1,1726.2,74.467
6/12/19 10:45,70.416,52.1,1721.2,74.467
6/12/19 10:45,70.416,52,1773.7,74.467
6/12/19 10:45,70.416,52,1773.7,74.467
6/12/19 10:45,70.416,51.9,1773.7,74.467
6/12/19 10:45,70.416,51.9,1778.7,74.467
6/12/19 10:45,70.416,51.9,1776.2,74.467
6/12/19 10:45,70.416,51.8,1781.2,74.467
6/12/19 10:45,70.416,51.8,1778.7,74.467
6/12/19 10:45,70.416,51.8,1778.7,74.467
6/12/19 10:45,70.416,51.8,1776.2,74.511
6/12/19 10:45,70.459,51.8,1776.2,74.467
6/12/19 10:45,70.459,51.8,1776.2,74.467
6/12/19 10:45,70.459,51.8,1773.7,74.511
6/12/19 10:45,70.459,51.8,1776.2,74.511
6/12/19 10:45,70.459,51.8,1773.7,74.511
6/12/19 10:45,70.459,51.8,1776.2,74.511
6/12/19 10:45,70.459,51.9,1776.2,74.511
6/12/19 10:45,70.502,51.9,1771.2,74.511
6/12/19 10:45,70.502,51.9,1773.7,74.511
6/12/19 10:45,70.502,51.9,1776.2,74.511
6/12/19 10:45,70.502,51.9,1776.2,74.511
6/12/19 10:45,70.502,51.9,1776.2,74.511
6/12/19 10:45,70.543,51.9,1776.2,74.511
6/12/19 10:45,70.543,51.9,1776.2,74.511
6/12/19 10:45,70.543,51.9,1768.7,74.511
6/12/19 10:45,70.543,51.9,1758.7,74.511
6/12/19 10:45,70.543,51.8,1763.7,74.511
6/12/19 10:45,70.587,51.8,1768.7,74.511
6/12/19 10:45,70.587,51.9,1771.2,74.511
6/12/19 10:45,70.587,51.9,1776.2,74.511
6/12/19 10:45,70.587,51.8,1773.7,74.511
6/12/19 10:45,70.587,51.7,1768.7,74.511
6/12/19 10:45,70.587,51.7,1771.2,74.511
6/12/19 10:45,70.587,51.6,1768.7,74.511
6/12/19 10:45,70.63,51.6,1773.7,74.511
6/12/19 10:46,70.63,51.5,1776.2,74.511
6/12/19 10:46,70.63,51.5,1778.7,74.511
6/12/19 10:46,70.63,51.5,1773.7,74.511
6/12/19 10:46,70.63,51.5,1773.7,74.511
6/12/19 10:46,70.63,51.5,1773.7,74.511
6/12/19 10:46,70.673,51.6,1768.7,74.511
6/12/19 10:46,70.63,51.6,1773.7,74.511
6/12/19 10:46,70.673,51.7,1773.7,74.511
6/12/19 10:46,70.673,51.7,1776.2,74.511
6/12/19 10:46,70.673,51.7,1776.2,74.511
6/12/19 10:46,70.673,51.7,1778.7,74.511
6/12/19 10:46,70.673,51.7,1776.2,74.511
6/12/19 10:46,70.716,51.8,1776.2,74.511
6/12/19 10:46,70.716,51.9,1773.7,74.511
6/12/19 10:46,70.716,51.9,1771.2,74.554
6/12/19 10:46,70.716,51.9,1771.2,74.554
6/12/19 10:46,70.759,51.9,1771.2,74.554
6/12/19 10:46,70.759,51.9,1768.7,74.554
6/12/19 10:46,70.759,51.9,1768.7,74.554
6/12/19 10:46,70.759,51.8,1763.7,74.554
6/12/19 10:46,70.803,51.8,1761.2,74.554
6/12/19 10:46,70.803,51.7,1763.7,74.554
6/12/19 10:46,70.803,51.6,1766.2,74.554
6/12/19 10:46,70.803,51.6,1763.7,74.554
6/12/19 10:46,70.803,51.5,1761.2,74.554
6/12/19 10:46,70.803,51.5,1761.2,74.554
6/12/19 10:46,70.846,51.4,1763.7,74.554
6/12/19 10:46,70.846,51.4,1761.2,74.554
6/12/19 10:46,70.846,51.4,1761.2,74.554
6/12/19 10:46,70.846,51.4,1758.7,74.554
6/12/19 10:46,70.846,51.4,1753.7,74.554
6/12/19 10:46,70.846,51.3,1758.7,74.554
6/12/19 10:46,70.887,51.2,1758.7,74.554
6/12/19 10:46,70.887,51.2,1756.2,74.554
6/12/19 10:46,70.887,51.1,1761.2,74.554
6/12/19 10:46,70.887,51,1761.2,74.554
6/12/19 10:46,70.887,50.9,1763.7,74.554
6/12/19 10:46,70.887,50.8,1766.2,74.554
6/12/19 10:46,70.887,50.8,1761.2,74.554
6/12/19 10:46,70.887,50.7,1763.7,74.554
6/12/19 10:46,70.887,50.7,1763.7,74.554
6/12/19 10:46,70.887,50.6,1766.2,74.554
6/12/19 10:46,70.887,50.6,1766.2,74.554
6/12/19 10:46,70.887,50.6,1763.7,74.554
6/12/19 10:46,70.887,50.5,1758.7,74.597
6/12/19 10:46,70.887,50.5,1756.2,74.597
6/12/19 10:46,70.887,50.4,1758.7,74.597
6/12/19 10:46,70.887,50.3,1761.2,74.597
6/12/19 10:46,70.887,50.2,1761.2,74.597
6/12/19 10:46,70.887,50.1,1766.2,74.554
6/12/19 10:46,70.887,50.1,1761.2,74.554
6/12/19 10:46,70.887,50,1763.7,74.597
6/12/19 10:46,70.887,50,1766.2,74.597
6/12/19 10:46,70.887,50,1768.7,74.597
6/12/19 10:46,70.887,50,1771.2,74.597
6/12/19 10:46,70.887,50.1,1766.2,74.597
6/12/19 10:46,70.887,50.2,1768.7,74.597
6/12/19 10:46,70.887,50.3,1766.2,74.597
6/12/19 10:46,70.887,50.2,1766.2,74.597
6/12/19 10:46,70.887,50.2,1768.7,74.597
6/12/19 10:47,70.887,50.1,1768.7,74.597
6/12/19 10:47,70.887,50,1768.7,74.597
6/12/19 10:47,70.887,49.9,1766.2,74.597
6/12/19 10:47,70.887,49.7,1771.2,74.597
6/12/19 10:47,70.887,49.5,1771.2,74.597
6/12/19 10:47,70.887,49.3,1768.7,74.597
6/12/19 10:47,70.887,49.3,1766.2,74.597
6/12/19 10:47,70.846,49.1,1768.7,74.597
6/12/19 10:47,70.846,48.9,1768.7,74.597
6/12/19 10:47,70.846,48.8,1766.2,74.597
6/12/19 10:47,70.803,48.7,1763.7,74.597
6/12/19 10:47,70.803,48.6,1766.2,74.597
6/12/19 10:47,70.803,48.4,1763.7,74.597
6/12/19 10:47,70.759,48.3,1768.7,74.597
6/12/19 10:47,70.759,48.2,1768.7,74.597
6/12/19 10:47,70.759,48.1,1768.7,74.597
6/12/19 10:47,70.716,48.1,1766.2,74.597
6/12/19 10:47,70.716,48,1766.2,74.597
6/12/19 10:47,70.716,48,1761.2,74.597
6/12/19 10:47,70.673,48,1763.7,74.597
6/12/19 10:47,70.673,48,1768.7,74.597
6/12/19 10:47,70.63,48,1763.7,74.597
6/12/19 10:47,70.63,48,1768.7,74.597
6/12/19 10:47,70.63,48,1766.2,74.597
6/12/19 10:47,70.63,48,1768.7,74.64
6/12/19 10:47,70.587,48,1766.2,74.64
6/12/19 10:47,70.587,48.1,1763.7,74.64
6/12/19 10:47,70.587,48.1,1763.7,74.597
6/12/19 10:47,70.587,48.2,1763.7,74.64
6/12/19 10:47,70.587,48.4,1758.7,74.64
6/12/19 10:47,70.543,48.4,1758.7,74.64
6/12/19 10:47,70.543,48.5,1761.2,74.64
6/12/19 10:47,70.587,48.5,1761.2,74.64
6/12/19 10:47,70.543,48.5,1761.2,74.64
6/12/19 10:47,70.543,48.5,1761.2,74.64
6/12/19 10:47,70.543,48.5,1763.7,74.64
6/12/19 10:47,70.543,48.5,1763.7,74.64
6/12/19 10:47,70.543,48.5,1768.7,74.64
6/12/19 10:47,70.543,48.5,1771.2,74.64
6/12/19 10:47,70.543,48.5,1768.7,74.64
6/12/19 10:47,70.543,48.5,1771.2,74.64
6/12/19 10:47,70.543,48.6,1771.2,74.64
6/12/19 10:47,70.543,48.6,1768.7,74.64
6/12/19 10:47,70.502,48.7,1771.2,74.64
6/12/19 10:47,70.502,48.8,1771.2,74.64
6/12/19 10:47,70.502,48.8,1771.2,74.64
6/12/19 10:47,70.543,48.9,1771.2,74.64
6/12/19 10:47,70.543,49,1768.7,74.64
6/12/19 10:47,70.543,49.1,1768.7,74.64
6/12/19 10:47,70.543,49,1768.7,74.64
6/12/19 10:47,70.543,49,1768.7,74.64
6/12/19 10:47,70.543,49,1768.7,74.64
6/12/19 10:47,70.543,49,1768.7,74.64
6/12/19 10:47,70.543,48.9,1771.2,74.64
6/12/19 10:47,70.543,48.9,1766.2,74.64
6/12/19 10:47,70.543,48.8,1768.7,74.64
6/12/19 10:47,70.543,48.8,1768.7,74.64
6/12/19 10:47,70.502,48.8,1771.2,74.64
6/12/19 10:47,70.543,48.7,1771.2,74.683
6/12/19 10:47,70.543,48.7,1773.7,74.64
6/12/19 10:48,70.502,48.7,1773.7,74.683
6/12/19 10:48,70.502,48.7,1773.7,74.683
6/12/19 10:48,70.543,48.8,1773.7,74.683
6/12/19 10:48,70.502,48.8,1771.2,74.683
6/12/19 10:48,70.502,48.8,1771.2,74.683
6/12/19 10:48,70.543,48.8,1768.7,74.683
6/12/19 10:48,70.502,48.8,1768.7,74.683
6/12/19 10:48,70.502,48.8,1768.7,74.683
6/12/19 10:48,70.502,48.8,1768.7,74.683
6/12/19 10:48,70.543,48.8,1771.2,74.683
6/12/19 10:48,70.502,48.8,1773.7,74.683
6/12/19 10:48,70.543,48.8,1771.2,74.683
6/12/19 10:48,70.543,48.7,1771.2,74.683
6/12/19 10:48,70.543,48.8,1768.7,74.683
6/12/19 10:48,70.543,48.8,1773.7,74.683
6/12/19 10:48,70.543,48.8,1773.7,74.683
6/12/19 10:48,70.543,48.8,1776.2,74.683
6/12/19 10:48,70.543,48.9,1771.2,74.683
6/12/19 10:48,70.543,49,1766.2,74.683
6/12/19 10:48,70.543,49.1,1771.2,74.683
6/12/19 10:48,70.543,49.1,1771.2,74.683
6/12/19 10:48,70.543,49.2,1771.2,74.683
6/12/19 10:48,70.543,49.3,1768.7,74.683
6/12/19 10:48,70.587,49.3,1768.7,74.683
6/12/19 10:48,70.587,49.4,1771.2,74.683
6/12/19 10:48,70.587,49.4,1771.2,74.683
6/12/19 10:48,70.587,49.4,1771.2,74.683
6/12/19 10:48,70.587,49.5,1773.7,74.683
6/12/19 10:48,70.587,49.5,1773.7,74.683
6/12/19 10:48,70.63,49.5,1771.2,74.683
6/12/19 10:48,70.63,49.5,1773.7,74.683
6/12/19 10:48,70.63,49.5,1773.7,74.683
6/12/19 10:48,70.63,49.5,1771.2,74.683
6/12/19 10:48,70.673,49.5,1773.7,74.683
6/12/19 10:48,70.673,49.5,1776.2,74.683
6/12/19 10:48,70.673,49.5,1771.2,74.683
6/12/19 10:48,70.673,49.5,1776.2,74.683
6/12/19 10:48,70.673,49.5,1781.2,74.683
6/12/19 10:48,70.673,49.5,1781.2,74.683
6/12/19 10:48,70.716,49.5,1781.2,74.727
6/12/19 10:48,70.716,49.5,1781.2,74.727
6/12/19 10:48,70.716,49.5,1778.7,74.727
6/12/19 10:48,70.716,49.5,1776.2,74.727
6/12/19 10:48,70.716,49.4,1778.7,74.727
6/12/19 10:48,70.716,49.4,1776.2,74.727
6/12/19 10:48,70.759,49.4,1778.7,74.727
6/12/19 10:48,70.759,49.3,1776.2,74.727
6/12/19 10:48,70.759,49.3,1776.2,74.727
6/12/19 10:48,70.759,49.3,1776.2,74.727
6/12/19 10:48,70.759,49.3,1781.2,74.727
6/12/19 10:48,70.759,49.2,1781.2,74.727
6/12/19 10:48,70.759,49.1,1786.2,74.727
6/12/19 10:48,70.759,49.1,1788.7,74.727
6/12/19 10:48,70.759,49,1791.2,74.727
6/12/19 10:48,70.759,49,1793.7,74.727
6/12/19 10:48,70.759,48.9,1798.7,74.727
6/12/19 10:48,70.759,48.9,1798.7,74.727
6/12/19 10:48,70.759,48.8,1801.2,74.727
6/12/19 10:48,70.759,48.8,1798.7,74.727
6/12/19 10:48,70.759,48.8,1791.2,74.727
6/12/19 10:49,70.803,48.8,1796.2,74.727
6/12/19 10:49,70.759,48.7,1798.7,74.727
6/12/19 10:49,70.759,48.7,1798.7,74.727
6/12/19 10:49,70.803,48.7,1798.7,74.727
6/12/19 10:49,70.803,48.7,1798.7,74.727
6/12/19 10:49,70.803,48.7,1796.2,74.77
6/12/19 10:49,70.803,48.7,1793.7,74.727
6/12/19 10:49,70.803,48.7,1796.2,74.727
6/12/19 10:49,70.803,48.7,1796.2,74.77
6/12/19 10:49,70.803,48.7,1798.7,74.77
6/12/19 10:49,70.803,48.7,1793.7,74.77
6/12/19 10:49,70.803,48.7,1796.2,74.727
6/12/19 10:49,70.803,48.7,1796.2,74.77
6/12/19 10:49,70.803,48.7,1798.7,74.77
6/12/19 10:49,70.803,48.7,1801.2,74.77
6/12/19 10:49,70.846,48.8,1796.2,74.77
6/12/19 10:49,70.846,48.8,1798.7,74.77
6/12/19 10:49,70.846,48.9,1801.2,74.77
6/12/19 10:49,70.846,49,1801.2,74.77
6/12/19 10:49,70.846,49,1798.7,74.77
6/12/19 10:49,70.846,49.1,1798.7,74.77
6/12/19 10:49,70.846,49.2,1796.2,74.77
6/12/19 10:49,70.887,49.3,1798.7,74.77
6/12/19 10:49,70.887,49.4,1793.7,74.77
6/12/19 10:49,70.887,49.3,1798.7,74.77
6/12/19 10:49,70.887,49.4,1796.2,74.77
6/12/19 10:49,70.93,49.4,1793.7,74.77
6/12/19 10:49,70.93,49.5,1793.7,74.77
6/12/19 10:49,70.93,49.5,1798.7,74.77
6/12/19 10:49,70.93,49.5,1796.2,74.77
6/12/19 10:49,70.93,49.5,1796.2,74.77
6/12/19 10:49,70.974,49.5,1798.7,74.77
6/12/19 10:49,70.974,49.5,1801.2,74.77
6/12/19 10:49,70.974,49.5,1801.2,74.77
6/12/19 10:49,70.974,49.5,1801.2,74.77
6/12/19 10:49,71.017,49.5,1803.7,74.77
6/12/19 10:49,71.017,49.5,1801.2,74.77
6/12/19 10:49,71.017,49.5,1798.7,74.77
6/12/19 10:49,71.017,49.5,1798.7,74.77
6/12/19 10:49,71.017,49.5,1796.2,74.77
6/12/19 10:49,71.017,49.4,1801.2,74.77
6/12/19 10:49,71.06,49.4,1801.2,74.77
6/12/19 10:49,71.06,49.4,1801.2,74.813
6/12/19 10:49,71.06,49.4,1796.2,74.813
6/12/19 10:49,71.103,49.4,1806.2,74.77
6/12/19 10:49,71.103,49.4,1798.7,74.813
6/12/19 10:49,71.103,49.4,1803.7,74.813
6/12/19 10:49,71.103,49.4,1803.7,74.813
6/12/19 10:49,71.146,49.4,1803.7,74.813
6/12/19 10:49,71.146,49.4,1801.2,74.813
6/12/19 10:49,71.146,49.3,1806.2,74.813
6/12/19 10:49,71.146,49.3,1806.2,74.813
6/12/19 10:49,71.146,49.1,1806.2,74.813
6/12/19 10:49,71.19,49,1808.7,74.813
6/12/19 10:49,71.19,48.8,1808.7,74.813
6/12/19 10:49,71.19,48.7,1808.7,74.813
6/12/19 10:49,71.19,48.7,1806.2,74.813
6/12/19 10:49,71.19,48.6,1808.7,74.813
6/12/19 10:49,71.19,48.5,1806.2,74.813
6/12/19 10:49,71.146,48.5,1803.7,74.813
6/12/19 10:50,71.146,48.4,1803.7,74.813
6/12/19 10:50,71.146,48.5,1803.7,74.813
6/12/19 10:50,71.146,48.4,1803.7,74.813
6/12/19 10:50,71.146,48.3,1803.7,74.813
6/12/19 10:50,71.146,48.1,1801.2,74.813
6/12/19 10:50,71.146,48.2,1801.2,74.813
6/12/19 10:50,71.146,48.1,1806.2,74.813
6/12/19 10:50,71.103,48,1803.7,74.813
6/12/19 10:50,71.103,48.1,1803.7,74.813
6/12/19 10:50,71.103,48,1803.7,74.856
6/12/19 10:50,71.103,48.1,1803.7,74.856
6/12/19 10:50,71.06,48,1803.7,74.856
6/12/19 10:50,71.06,48,1803.7,74.856
6/12/19 10:50,71.06,48,1803.7,74.856
6/12/19 10:50,71.06,48.1,1803.7,74.856
6/12/19 10:50,71.06,48,1801.2,74.856
6/12/19 10:50,71.06,47.9,1801.2,74.856
6/12/19 10:50,71.06,47.9,1801.2,74.856
6/12/19 10:50,71.06,47.9,1801.2,74.856
6/12/19 10:50,71.06,47.9,1798.7,74.856
6/12/19 10:50,71.017,47.9,1801.2,74.856
6/12/19 10:50,71.017,47.9,1801.2,74.856
6/12/19 10:50,71.017,47.9,1798.7,74.856
6/12/19 10:50,71.017,47.9,1796.2,74.856
6/12/19 10:50,71.017,47.9,1796.2,74.856
6/12/19 10:50,71.017,47.9,1793.7,74.856
6/12/19 10:50,71.017,48.1,1793.7,74.856
6/12/19 10:50,71.017,48.1,1793.7,74.856
6/12/19 10:50,71.017,48,1793.7,74.856
6/12/19 10:50,71.06,48,1788.7,74.856
6/12/19 10:50,71.06,48,1791.2,74.856
6/12/19 10:50,71.06,48,1793.7,74.856
6/12/19 10:50,71.017,48,1796.2,74.856
6/12/19 10:50,71.06,48,1793.7,74.856
6/12/19 10:50,71.06,48,1791.2,74.856
6/12/19 10:50,71.06,48,1793.7,74.856
6/12/19 10:50,71.06,48,1793.7,74.856
6/12/19 10:50,71.06,48,1798.7,74.856
6/12/19 10:50,71.06,48.1,1801.2,74.856
6/12/19 10:50,71.06,48.2,1801.2,74.856
6/12/19 10:50,71.06,48.2,1803.7,74.856
6/12/19 10:50,71.103,48.1,1803.7,74.856
6/12/19 10:50,71.103,48.2,1806.2,74.856
6/12/19 10:50,71.103,48.1,1803.7,74.856
6/12/19 10:50,71.103,48.1,1803.7,74.856
6/12/19 10:50,71.103,48.1,1803.7,74.856
6/12/19 10:50,71.103,48.2,1806.2,74.856
6/12/19 10:50,71.103,48.2,1806.2,74.856
6/12/19 10:50,71.146,48.2,1808.7,74.856
6/12/19 10:50,71.146,48.3,1808.7,74.856
6/12/19 10:50,71.146,48.3,1806.2,74.856
6/12/19 10:50,71.146,48.3,1803.7,74.899
6/12/19 10:50,71.146,48.3,1806.2,74.856
6/12/19 10:50,71.146,48.3,1806.2,74.856
6/12/19 10:50,71.19,48.3,1806.2,74.899
6/12/19 10:50,71.19,48.3,1806.2,74.856
6/12/19 10:50,71.19,48.4,1803.7,74.899
6/12/19 10:50,71.19,48.4,1801.2,74.899
6/12/19 10:50,71.19,48.4,1803.7,74.899
6/12/19 10:50,71.231,48.4,1806.2,74.899
6/12/19 10:51,71.231,48.4,1808.7,74.899
6/12/19 10:51,71.231,48.4,1811.2,74.899
6/12/19 10:51,71.231,48.4,1806.2,74.899
6/12/19 10:51,71.231,48.3,1803.7,74.899
6/12/19 10:51,71.231,48.3,1806.2,74.899
6/12/19 10:51,71.231,48.2,1806.2,74.899
6/12/19 10:51,71.274,48.2,1806.2,74.899
6/12/19 10:51,71.274,48.2,1803.7,74.899
6/12/19 10:51,71.274,48.1,1808.7,74.899
6/12/19 10:51,71.274,48.1,1806.2,74.899
6/12/19 10:51,71.274,48.1,1806.2,74.899
6/12/19 10:51,71.274,48.1,1806.2,74.899
6/12/19 10:51,71.274,48.1,1806.2,74.899
6/12/19 10:51,71.274,48.1,1808.7,74.899
6/12/19 10:51,71.274,48.1,1806.2,74.943
6/12/19 10:51,71.274,48.1,1803.7,74.899
6/12/19 10:51,71.274,48.1,1806.2,74.899
6/12/19 10:51,71.274,48.2,1806.2,74.899
6/12/19 10:51,71.274,48.2,1806.2,74.943
6/12/19 10:51,71.317,48.2,1808.7,74.943
6/12/19 10:51,71.317,48.2,1806.2,74.943
6/12/19 10:51,71.317,48.3,1808.7,74.943
6/12/19 10:51,71.317,48.3,1801.2,74.943
6/12/19 10:51,71.317,48.3,1798.7,74.943
6/12/19 10:51,71.361,48.3,1801.2,74.943
6/12/19 10:51,71.361,48.3,1798.7,74.943
6/12/19 10:51,71.361,48.3,1801.2,74.943
6/12/19 10:51,71.361,48.4,1796.2,74.943
6/12/19 10:51,71.361,48.4,1798.7,74.943
6/12/19 10:51,71.404,48.4,1798.7,74.943
6/12/19 10:51,71.404,48.4,1803.7,74.943
6/12/19 10:51,71.404,48.5,1796.2,74.943
6/12/19 10:51,71.404,48.5,1801.2,74.943
6/12/19 10:51,71.447,48.5,1798.7,74.943
6/12/19 10:51,71.447,48.5,1796.2,74.943
6/12/19 10:51,71.447,48.5,1796.2,74.943
6/12/19 10:51,71.447,48.6,1803.7,74.943
6/12/19 10:51,71.49,48.6,1803.7,74.943
6/12/19 10:51,71.49,48.6,1808.7,74.943
6/12/19 10:51,71.49,48.7,1808.7,74.943
6/12/19 10:51,71.49,48.7,1806.2,74.943
6/12/19 10:51,71.533,48.7,1808.7,74.943
6/12/19 10:51,71.533,48.7,1808.7,74.943
6/12/19 10:51,71.533,48.8,1813.7,74.943
6/12/19 10:51,71.533,48.7,1808.7,74.943
6/12/19 10:51,71.577,48.7,1808.7,74.943
6/12/19 10:51,71.577,48.6,1813.7,74.943
6/12/19 10:51,71.577,48.6,1811.2,74.943
6/12/19 10:51,71.577,48.5,1813.7,74.943
6/12/19 10:51,71.577,48.3,1811.2,74.986
6/12/19 10:51,71.577,48.3,1821.2,74.986
6/12/19 10:51,71.577,48.2,1808.7,74.986
6/12/19 10:51,71.577,48.1,1811.2,74.986
6/12/19 10:51,71.577,48,1818.7,74.986
6/12/19 10:51,71.577,48,1811.2,74.986
6/12/19 10:51,71.577,47.9,1818.7,74.986
6/12/19 10:51,71.577,47.8,1813.7,74.986
6/12/19 10:51,71.533,47.7,1816.2,74.986
6/12/19 10:51,71.533,47.7,1816.2,74.986
6/12/19 10:51,71.533,47.6,1816.2,74.986
6/12/19 10:52,71.533,47.5,1816.2,74.986
6/12/19 10:52,71.533,47.5,1816.2,74.986
6/12/19 10:52,71.533,47.4,1816.2,74.986
6/12/19 10:52,71.533,47.4,1811.2,74.986
6/12/19 10:52,71.49,47.4,1821.2,74.986
6/12/19 10:52,71.49,47.3,1816.2,74.986
6/12/19 10:52,71.49,47.3,1816.2,74.986
6/12/19 10:52,71.49,47.2,1816.2,74.986
6/12/19 10:52,71.49,47.2,1816.2,74.986
6/12/19 10:52,71.447,47.2,1816.2,74.986
6/12/19 10:52,71.447,47.1,1816.2,74.986
6/12/19 10:52,71.447,47.1,1813.7,74.986
6/12/19 10:52,71.447,47.1,1811.2,74.986
6/12/19 10:52,71.447,47,1816.2,74.986
6/12/19 10:52,71.404,47,1813.7,74.986
6/12/19 10:52,71.404,47,1818.7,75.029
6/12/19 10:52,71.404,47,1811.2,74.986
6/12/19 10:52,71.404,46.9,1813.7,74.986
6/12/19 10:52,71.404,46.9,1813.7,74.986
6/12/19 10:52,71.361,46.9,1813.7,74.986
6/12/19 10:52,71.361,46.9,1816.2,75.029
6/12/19 10:52,71.361,47,1813.7,75.029
6/12/19 10:52,71.361,47,1818.7,75.029
6/12/19 10:52,71.317,47.1,1818.7,75.029
6/12/19 10:52,71.317,47.1,1818.7,75.029
6/12/19 10:52,71.317,47.1,1813.7,75.029
6/12/19 10:52,71.317,47.1,1821.2,75.029
6/12/19 10:52,71.317,47.1,1818.7,75.029
6/12/19 10:52,71.317,47,1816.2,75.029
6/12/19 10:52,71.274,47,1818.7,75.029
6/12/19 10:52,71.274,47,1818.7,75.029
6/12/19 10:52,71.274,47,1818.7,75.029
6/12/19 10:52,71.274,46.9,1821.2,75.029
6/12/19 10:52,71.231,46.9,1821.2,75.029
6/12/19 10:52,71.231,46.8,1823.7,75.029
6/12/19 10:52,71.231,46.7,1826.2,75.029
6/12/19 10:52,71.231,46.7,1823.7,75.029
6/12/19 10:52,71.231,46.7,1823.7,75.029
6/12/19 10:52,71.19,46.7,1823.7,75.029
6/12/19 10:52,71.19,46.7,1826.2,75.029
6/12/19 10:52,71.19,46.7,1823.7,75.029
6/12/19 10:52,71.19,46.7,1821.2,75.029
6/12/19 10:52,71.19,46.7,1826.2,75.029
6/12/19 10:52,71.146,46.7,1826.2,75.029
6/12/19 10:52,71.146,46.7,1823.7,75.029
6/12/19 10:52,71.146,46.7,1823.7,75.029
6/12/19 10:52,71.146,46.7,1826.2,75.029
6/12/19 10:52,71.146,46.8,1818.7,75.029
6/12/19 10:52,71.146,46.8,1821.2,75.029
6/12/19 10:52,71.146,46.9,1818.7,75.029
6/12/19 10:52,71.146,47,1821.2,75.074
6/12/19 10:52,71.146,47.2,1821.2,75.029
6/12/19 10:52,71.103,47.4,1821.2,75.029
6/12/19 10:52,71.146,47.5,1823.7,75.074
6/12/19 10:52,71.146,47.7,1821.2,75.074
6/12/19 10:52,71.146,48,1823.7,75.074
6/12/19 10:52,71.146,48.1,1821.2,75.074
6/12/19 10:52,71.146,48.1,1821.2,75.074
6/12/19 10:52,71.146,48.2,1826.2,75.074
6/12/19 10:52,71.146,48.2,1821.2,75.074
6/12/19 10:53,71.146,48.2,1828.7,75.074
6/12/19 10:53,71.19,48.2,1823.7,75.074
6/12/19 10:53,71.146,48.2,1818.7,75.074
6/12/19 10:53,71.19,48.2,1828.7,75.074
6/12/19 10:53,71.19,48.2,1826.2,75.074
6/12/19 10:53,71.19,48.2,1826.2,75.074
6/12/19 10:53,71.19,48.1,1828.7,75.074
6/12/19 10:53,71.19,48.1,1826.2,75.074
6/12/19 10:53,71.19,48.1,1831.2,75.074
6/12/19 10:53,71.19,48,1821.2,75.074
6/12/19 10:53,71.19,48,1826.2,75.074
6/12/19 10:53,71.19,48,1826.2,75.074
6/12/19 10:53,71.19,48,1823.7,75.074
6/12/19 10:53,71.19,47.9,1823.7,75.074
6/12/19 10:53,71.19,47.9,1826.2,75.074
6/12/19 10:53,71.19,47.9,1831.2,75.074
6/12/19 10:53,71.19,47.9,1833.7,75.074
6/12/19 10:53,71.19,48,1831.2,75.074
6/12/19 10:53,71.19,48,1828.7,75.074
6/12/19 10:53,71.19,48.1,1828.7,75.117
6/12/19 10:53,71.19,48.1,1826.2,75.074
6/12/19 10:53,71.19,48.1,1828.7,75.117
6/12/19 10:53,71.19,48.1,1828.7,75.117
6/12/19 10:53,71.146,48.1,1826.2,75.074
6/12/19 10:53,71.146,48,1828.7,75.074
6/12/19 10:53,71.146,47.9,1831.2,75.117
6/12/19 10:53,71.146,47.8,1831.2,75.117
6/12/19 10:53,71.146,47.7,1833.7,75.117
6/12/19 10:53,71.146,47.6,1831.2,75.117
6/12/19 10:53,71.146,47.5,1831.2,75.117
6/12/19 10:53,71.146,47.4,1831.2,75.117
6/12/19 10:53,71.103,47.4,1831.2,75.117
6/12/19 10:53,71.103,47.3,1833.7,75.117
6/12/19 10:53,71.103,47.2,1833.7,75.117
6/12/19 10:53,71.103,47.1,1833.7,75.117
6/12/19 10:53,71.06,47,1833.7,75.117
6/12/19 10:53,71.06,47,1836.2,75.117
6/12/19 10:53,71.06,46.9,1833.7,75.117
6/12/19 10:53,71.017,47,1836.2,75.117
6/12/19 10:53,71.017,47,1836.2,75.117
6/12/19 10:53,71.017,47,1833.7,75.117
6/12/19 10:53,71.017,47.1,1831.2,75.117
6/12/19 10:53,71.017,47.2,1833.7,75.117
6/12/19 10:53,71.017,47.3,1831.2,75.117
6/12/19 10:53,71.017,47.3,1831.2,75.117
6/12/19 10:53,71.017,47.4,1833.7,75.117
6/12/19 10:53,70.974,47.4,1833.7,75.117
6/12/19 10:53,70.974,47.4,1831.2,75.117
6/12/19 10:53,70.974,47.4,1828.7,75.117
6/12/19 10:53,70.974,47.5,1831.2,75.117
6/12/19 10:53,70.974,47.5,1831.2,75.117
6/12/19 10:53,70.974,47.5,1831.2,75.117
6/12/19 10:53,70.974,47.6,1833.7,75.117
6/12/19 10:53,70.974,47.6,1828.7,75.117
6/12/19 10:53,70.974,47.7,1838.7,75.117
6/12/19 10:53,70.974,47.7,1838.7,75.117
6/12/19 10:53,70.974,47.7,1833.7,75.117
6/12/19 10:53,70.974,47.8,1836.2,75.117
6/12/19 10:53,70.974,47.9,1833.7,75.117
6/12/19 10:53,71.017,47.9,1836.2,75.117
6/12/19 10:54,71.017,48,1836.2,75.117
6/12/19 10:54,71.017,48,1836.2,75.16
6/12/19 10:54,71.017,48.1,1836.2,75.16
6/12/19 10:54,71.017,48.1,1833.7,75.16
6/12/19 10:54,71.017,48.1,1831.2,75.16
6/12/19 10:54,71.017,48.2,1836.2,75.16
6/12/19 10:54,71.017,48.2,1836.2,75.16
6/12/19 10:54,71.017,48.2,1838.7,75.16
6/12/19 10:54,71.06,48.3,1833.7,75.16
6/12/19 10:54,71.06,48.3,1836.2,75.16
6/12/19 10:54,71.06,48.3,1833.7,75.16
6/12/19 10:54,71.06,48.3,1838.7,75.16
6/12/19 10:54,71.06,48.3,1833.7,75.16
6/12/19 10:54,71.06,48.3,1836.2,75.16
6/12/19 10:54,71.06,48.2,1836.2,75.16
6/12/19 10:54,71.06,48.2,1838.7,75.16
6/12/19 10:54,71.06,48.2,1838.7,75.16
6/12/19 10:54,71.06,48.2,1838.7,75.16
6/12/19 10:54,71.06,48.2,1838.7,75.16
6/12/19 10:54,71.06,48.2,1838.7,75.16
6/12/19 10:54,71.06,48.1,1838.7,75.16
6/12/19 10:54,71.06,48.1,1838.7,75.16
6/12/19 10:54,71.103,48.1,1833.7,75.16
6/12/19 10:54,71.103,48.1,1836.2,75.16
6/12/19 10:54,71.103,48.1,1833.7,75.204
6/12/19 10:54,71.103,48.1,1836.2,75.16
6/12/19 10:54,71.103,48.1,1836.2,75.204
6/12/19 10:54,71.103,48.1,1838.7,75.16
6/12/19 10:54,71.103,48,1836.2,75.204
6/12/19 10:54,71.103,48,1836.2,75.204
6/12/19 10:54,71.103,47.9,1836.2,75.204
6/12/19 10:54,71.103,47.8,1838.7,75.204
6/12/19 10:54,71.103,47.7,1838.7,75.204
6/12/19 10:54,71.103,47.6,1836.2,75.204
6/12/19 10:54,71.103,47.5,1836.2,75.204
6/12/19 10:54,71.103,47.5,1836.2,75.204
6/12/19 10:54,71.103,47.4,1838.7,75.204
6/12/19 10:54,71.103,47.4,1838.7,75.204
6/12/19 10:54,71.103,47.4,1836.2,75.204
6/12/19 10:54,71.06,47.4,1836.2,75.204
6/12/19 10:54,71.06,47.3,1838.7,75.204
6/12/19 10:54,71.06,47.3,1836.2,75.204
6/12/19 10:54,71.06,47.3,1838.7,75.204
6/12/19 10:54,71.06,47.3,1838.7,75.204
6/12/19 10:54,71.06,47.3,1838.7,75.204
6/12/19 10:54,71.06,47.3,1838.7,75.204
6/12/19 10:54,71.06,47.2,1838.7,75.204
6/12/19 10:54,71.06,47.2,1838.7,75.204
6/12/19 10:54,71.06,47.2,1841.2,75.204
6/12/19 10:54,71.06,47.1,1838.7,75.204
6/12/19 10:54,71.103,47,1838.7,75.204
6/12/19 10:54,71.103,47,1833.7,75.204
6/12/19 10:54,71.103,47,1833.7,75.204
6/12/19 10:54,71.103,46.9,1836.2,75.204
6/12/19 10:54,71.103,46.9,1836.2,75.204
6/12/19 10:54,71.103,46.8,1836.2,75.204
6/12/19 10:54,71.103,46.8,1833.7,75.204
6/12/19 10:54,71.103,46.7,1836.2,75.204
6/12/19 10:54,71.103,46.7,1838.7,75.204
6/12/19 10:54,71.103,46.7,1838.7,75.204
6/12/19 10:55,71.103,46.7,1838.7,75.204
6/12/19 10:55,71.103,46.7,1838.7,75.204
6/12/19 10:55,71.103,46.7,1838.7,75.204
6/12/19 10:55,71.103,46.6,1838.7,75.204
6/12/19 10:55,71.103,46.6,1841.2,75.204
6/12/19 10:55,71.103,46.6,1841.2,75.204
6/12/19 10:55,71.146,46.6,1841.2,75.204
6/12/19 10:55,71.146,46.6,1843.7,75.204
6/12/19 10:55,71.146,46.6,1841.2,75.204
6/12/19 10:55,71.146,46.6,1838.7,75.247
6/12/19 10:55,71.146,46.6,1838.7,75.247
6/12/19 10:55,71.146,46.6,1843.7,75.247
6/12/19 10:55,71.146,46.6,1841.2,75.247
6/12/19 10:55,71.146,46.6,1841.2,75.247
6/12/19 10:55,71.146,46.6,1843.7,75.247
6/12/19 10:55,71.146,46.6,1838.7,75.247
6/12/19 10:55,71.146,46.5,1841.2,75.247
6/12/19 10:55,71.146,46.5,1841.2,75.247
6/12/19 10:55,71.146,46.4,1841.2,75.247
6/12/19 10:55,71.146,46.4,1843.7,75.247
6/12/19 10:55,71.146,46.4,1843.7,75.247
6/12/19 10:55,71.146,46.3,1843.7,75.247
6/12/19 10:55,71.146,46.3,1843.7,75.247
6/12/19 10:55,71.146,46.3,1843.7,75.247
6/12/19 10:55,71.146,46.3,1841.2,75.247
6/12/19 10:55,71.19,46.3,1841.2,75.247
6/12/19 10:55,71.146,46.3,1846.2,75.247
6/12/19 10:55,71.146,46.3,1843.7,75.247
6/12/19 10:55,71.146,46.3,1841.2,75.247
6/12/19 10:55,71.19,46.3,1841.2,75.247
6/12/19 10:55,71.146,46.3,1843.7,75.247
6/12/19 10:55,71.19,46.3,1843.7,75.247
6/12/19 10:55,71.19,46.3,1843.7,75.247
6/12/19 10:55,71.19,46.3,1843.7,75.247
6/12/19 10:55,71.19,46.3,1846.2,75.247
6/12/19 10:55,71.19,46.3,1846.2,75.247
6/12/19 10:55,71.19,46.3,1846.2,75.247
6/12/19 10:55,71.19,46.3,1843.7,75.29
6/12/19 10:55,71.19,46.4,1841.2,75.29
6/12/19 10:55,71.19,46.4,1843.7,75.29
6/12/19 10:55,71.19,46.4,1838.7,75.29
6/12/19 10:55,71.19,46.4,1843.7,75.29
6/12/19 10:55,71.19,46.4,1846.2,75.29
6/12/19 10:55,71.19,46.4,1843.7,75.29
6/12/19 10:55,71.19,46.4,1846.2,75.29
6/12/19 10:55,71.19,46.4,1843.7,75.29
6/12/19 10:55,71.19,46.5,1841.2,75.29
6/12/19 10:55,71.19,46.5,1846.2,75.29
6/12/19 10:55,71.19,46.5,1846.2,75.29
6/12/19 10:55,71.231,46.5,1846.2,75.29
6/12/19 10:55,71.231,46.5,1848.7,75.29
6/12/19 10:55,71.231,46.6,1843.7,75.29
6/12/19 10:55,71.231,46.6,1846.2,75.29
6/12/19 10:55,71.231,46.6,1843.7,75.29
6/12/19 10:55,71.231,46.6,1848.7,75.29
6/12/19 10:55,71.231,46.7,1848.7,75.29
6/12/19 10:55,71.231,46.7,1846.2,75.29
6/12/19 10:55,71.231,46.7,1846.2,75.29
6/12/19 10:55,71.274,46.7,1846.2,75.29
6/12/19 10:55,71.274,46.7,1846.2,75.29
6/12/19 10:56,71.274,46.7,1843.7,75.29
6/12/19 10:56,71.274,46.8,1848.7,75.29
6/12/19 10:56,71.274,46.9,1846.2,75.29
6/12/19 10:56,71.317,46.9,1846.2,75.29
6/12/19 10:56,71.317,47,1846.2,75.29
6/12/19 10:56,71.317,47,1846.2,75.29
6/12/19 10:56,71.317,47,1843.7,75.29
6/12/19 10:56,71.317,47.1,1848.7,75.333
6/12/19 10:56,71.361,47.1,1848.7,75.333
6/12/19 10:56,71.361,47.1,1846.2,75.333
6/12/19 10:56,71.361,47.2,1846.2,75.333
6/12/19 10:56,71.361,47.2,1848.7,75.29
6/12/19 10:56,71.361,47.2,1851.2,75.333
6/12/19 10:56,71.361,47.3,1846.2,75.29
6/12/19 10:56,71.404,47.3,1846.2,75.333
6/12/19 10:56,71.404,47.3,1843.7,75.333
6/12/19 10:56,71.404,47.3,1851.2,75.333
6/12/19 10:56,71.404,47.3,1848.7,75.333
6/12/19 10:56,71.404,47.3,1848.7,75.333
6/12/19 10:56,71.404,47.3,1846.2,75.333
6/12/19 10:56,71.404,47.3,1848.7,75.333
6/12/19 10:56,71.404,47.3,1846.2,75.333
6/12/19 10:56,71.404,47.4,1843.7,75.333
6/12/19 10:56,71.404,47.4,1846.2,75.333
6/12/19 10:56,71.404,47.4,1846.2,75.333
6/12/19 10:56,71.404,47.4,1846.2,75.333
6/12/19 10:56,71.404,47.4,1846.2,75.333
6/12/19 10:56,71.404,47.4,1846.2,75.333
6/12/19 10:56,71.447,47.4,1846.2,75.333
6/12/19 10:56,71.447,47.4,1846.2,75.333
6/12/19 10:56,71.447,47.4,1843.7,75.333
6/12/19 10:56,71.447,47.4,1841.2,75.333
6/12/19 10:56,71.447,47.4,1843.7,75.333
6/12/19 10:56,71.447,47.4,1843.7,75.333
6/12/19 10:56,71.447,47.4,1843.7,75.333
6/12/19 10:56,71.447,47.4,1843.7,75.333
6/12/19 10:56,71.447,47.4,1833.7,75.333
6/12/19 10:56,71.49,47.4,1836.2,75.376
6/12/19 10:56,71.49,47.5,1833.7,75.376
6/12/19 10:56,71.49,47.5,1838.7,75.376
6/12/19 10:56,71.49,47.5,1843.7,75.376
6/12/19 10:56,71.533,47.5,1846.2,75.376
6/12/19 10:56,71.49,47.5,1848.7,75.376
6/12/19 10:56,71.533,47.6,1851.2,75.376
6/12/19 10:56,71.533,47.6,1846.2,75.376
6/12/19 10:56,71.533,47.6,1848.7,75.376
6/12/19 10:56,71.577,47.7,1843.7,75.376
6/12/19 10:56,71.577,47.7,1843.7,75.376
6/12/19 10:56,71.577,47.7,1848.7,75.376
6/12/19 10:56,71.577,47.7,1846.2,75.376
6/12/19 10:56,71.577,47.7,1843.7,75.376
6/12/19 10:56,71.62,47.8,1843.7,75.376
6/12/19 10:56,71.62,47.9,1841.2,75.376
6/12/19 10:56,71.62,47.9,1843.7,75.376
6/12/19 10:56,71.62,48,1848.7,75.376
6/12/19 10:56,71.661,48,1843.7,75.376
6/12/19 10:56,71.661,48,1851.2,75.376
6/12/19 10:56,71.661,48,1846.2,75.376
6/12/19 10:56,71.661,48.1,1846.2,75.376
6/12/19 10:56,71.661,48.1,1848.7,75.376
6/12/19 10:57,71.704,48.2,1843.7,75.376
6/12/19 10:57,71.704,48.2,1841.2,75.376
6/12/19 10:57,71.704,48.3,1843.7,75.376
6/12/19 10:57,71.704,48.3,1843.7,75.376
6/12/19 10:57,71.748,48.4,1843.7,75.376
6/12/19 10:57,71.748,48.5,1843.7,75.42
6/12/19 10:57,71.748,48.5,1843.7,75.42
6/12/19 10:57,71.748,48.5,1848.7,75.376
6/12/19 10:57,71.748,48.4,1846.2,75.42
6/12/19 10:57,71.791,48.4,1851.2,75.42
6/12/19 10:57,71.791,48.3,1843.7,75.376
6/12/19 10:57,71.791,48.2,1843.7,75.376
6/12/19 10:57,71.791,48.2,1846.2,75.42
6/12/19 10:57,71.791,48.1,1846.2,75.42
6/12/19 10:57,71.791,48.1,1846.2,75.42
6/12/19 10:57,71.791,48,1846.2,75.42
6/12/19 10:57,71.791,47.9,1843.7,75.42
6/12/19 10:57,71.791,47.9,1838.7,75.42
6/12/19 10:57,71.791,47.8,1843.7,75.42
6/12/19 10:57,71.791,47.7,1843.7,75.42
6/12/19 10:57,71.791,47.7,1838.7,75.42
6/12/19 10:57,71.791,47.6,1846.2,75.42
6/12/19 10:57,71.791,47.5,1841.2,75.42
6/12/19 10:57,71.791,47.5,1838.7,75.42
6/12/19 10:57,71.791,47.4,1846.2,75.42
6/12/19 10:57,71.791,47.4,1843.7,75.42
6/12/19 10:57,71.791,47.4,1843.7,75.42
6/12/19 10:57,71.791,47.4,1848.7,75.42
6/12/19 10:57,71.791,47.3,1843.7,75.42
6/12/19 10:57,71.748,47.3,1838.7,75.42
6/12/19 10:57,71.791,47.4,1838.7,75.42
6/12/19 10:57,71.791,47.4,1838.7,75.42
6/12/19 10:57,71.791,47.4,1838.7,75.463
6/12/19 10:57,71.791,47.4,1836.2,75.42
6/12/19 10:57,71.791,47.5,1833.7,75.463
6/12/19 10:57,71.791,47.5,1836.2,75.463
6/12/19 10:57,71.791,47.5,1833.7,75.463
6/12/19 10:57,71.791,47.6,1828.7,75.463
6/12/19 10:57,71.834,47.6,1831.2,75.463
6/12/19 10:57,71.834,47.6,1826.2,75.463
6/12/19 10:57,71.834,47.6,1823.7,75.463
6/12/19 10:57,71.834,47.7,1823.7,75.463
6/12/19 10:57,71.877,47.7,1821.2,75.463
6/12/19 10:57,71.877,47.7,1756.2,75.463
6/12/19 10:57,71.877,47.8,1748.7,75.463
6/12/19 10:57,71.877,47.8,1748.7,75.463
6/12/19 10:57,71.92,47.9,1748.7,75.463
6/12/19 10:57,71.92,47.9,1748.7,75.463
6/12/19 10:57,71.92,48,1746.2,75.463
6/12/19 10:57,71.92,48,1813.7,75.463
6/12/19 10:57,71.964,48,1801.2,75.463
6/12/19 10:57,71.964,48,1788.7,75.463
6/12/19 10:57,71.964,48.1,1786.2,75.463
6/12/19 10:57,71.964,48.1,1783.7,75.463
6/12/19 10:57,72.007,48.1,1776.2,75.463
6/12/19 10:57,72.007,48.1,1791.2,75.463
6/12/19 10:57,72.007,48.1,1793.7,75.463
6/12/19 10:57,72.05,48.2,1791.2,75.463
6/12/19 10:57,72.05,48.2,1786.2,75.463
6/12/19 10:57,72.05,48.2,1796.2,75.463
6/12/19 10:58,72.05,48.3,1796.2,75.463
6/12/19 10:58,72.093,48.3,1791.2,75.463
6/12/19 10:58,72.093,48.4,1776.2,75.508
6/12/19 10:58,72.093,48.5,1761.2,75.463
6/12/19 10:58,72.136,48.5,1758.7,75.508
6/12/19 10:58,72.136,48.6,1786.2,75.463
6/12/19 10:58,72.178,48.6,1786.2,75.508
6/12/19 10:58,72.178,48.6,1796.2,75.508
6/12/19 10:58,72.178,48.5,1803.7,75.508
6/12/19 10:58,72.221,48.5,1806.2,75.508
6/12/19 10:58,72.221,48.5,1803.7,75.508
6/12/19 10:58,72.221,48.4,1803.7,75.508
6/12/19 10:58,72.264,48.4,1803.7,75.508
6/12/19 10:58,72.264,48.4,1796.2,75.508
6/12/19 10:58,72.264,48.4,1793.7,75.508
6/12/19 10:58,72.264,48.4,1796.2,75.508
6/12/19 10:58,72.307,48.3,1801.2,75.508
6/12/19 10:58,72.307,48.4,1803.7,75.508
6/12/19 10:58,72.307,48.4,1803.7,75.508
6/12/19 10:58,72.351,48.4,1803.7,75.508
6/12/19 10:58,72.351,48.4,1803.7,75.508
6/12/19 10:58,72.351,48.5,1806.2,75.508
6/12/19 10:58,72.394,48.5,1813.7,75.508
6/12/19 10:58,72.394,48.5,1816.2,75.508
6/12/19 10:58,72.394,48.5,1821.2,75.508
6/12/19 10:58,72.394,48.5,1818.7,75.508
6/12/19 10:58,72.437,48.5,1818.7,75.508
6/12/19 10:58,72.437,48.5,1823.7,75.508
6/12/19 10:58,72.437,48.5,1816.2,75.508
6/12/19 10:58,72.48,48.5,1818.7,75.508
6/12/19 10:58,72.48,48.5,1816.2,75.508
6/12/19 10:58,72.48,48.4,1818.7,75.508
6/12/19 10:58,72.523,48.4,1821.2,75.508
6/12/19 10:58,72.523,48.4,1821.2,75.551
6/12/19 10:58,72.523,48.3,1826.2,75.508
6/12/19 10:58,72.523,48.3,1823.7,75.508
6/12/19 10:58,72.567,48.2,1826.2,75.551
6/12/19 10:58,72.567,48.2,1823.7,75.551
6/12/19 10:58,72.567,48.2,1828.7,75.551
6/12/19 10:58,72.567,48.1,1821.2,75.551
6/12/19 10:58,72.61,48.1,1828.7,75.551
6/12/19 10:58,72.61,48,1826.2,75.551
6/12/19 10:58,72.61,48.1,1828.7,75.551
6/12/19 10:58,72.61,48.1,1831.2,75.551
6/12/19 10:58,72.61,48,1831.2,75.551
6/12/19 10:58,72.61,47.9,1833.7,75.551
6/12/19 10:58,72.653,47.8,1831.2,75.551
6/12/19 10:58,72.653,47.8,1833.7,75.551
6/12/19 10:58,72.653,47.7,1831.2,75.551
6/12/19 10:58,72.653,47.7,1831.2,75.551
6/12/19 10:58,72.653,47.7,1828.7,75.551
6/12/19 10:58,72.653,47.7,1831.2,75.551
6/12/19 10:58,72.696,47.6,1828.7,75.551
6/12/19 10:58,72.696,47.6,1836.2,75.551
6/12/19 10:58,72.696,47.6,1841.2,75.551
6/12/19 10:58,72.696,47.6,1831.2,75.551
6/12/19 10:58,72.696,47.6,1828.7,75.551
6/12/19 10:58,72.696,47.5,1823.7,75.551
6/12/19 10:58,72.696,47.5,1826.2,75.551
6/12/19 10:58,72.696,47.5,1826.2,75.551
6/12/19 10:59,72.696,47.5,1821.2,75.551
6/12/19 10:59,72.696,47.5,1811.2,75.551
6/12/19 10:59,72.696,47.5,1796.2,75.551
6/12/19 10:59,72.696,47.5,1791.2,75.551
6/12/19 10:59,72.739,47.5,1798.7,75.551
6/12/19 10:59,72.739,47.5,1801.2,75.551
6/12/19 10:59,72.739,47.4,1796.2,75.551
6/12/19 10:59,72.739,47.4,1808.7,75.551
6/12/19 10:59,72.739,47.3,1806.2,75.594
6/12/19 10:59,72.739,47.2,1803.7,75.551
6/12/19 10:59,72.739,47.1,1808.7,75.594
6/12/19 10:59,72.739,47.1,1821.2,75.594
6/12/19 10:59,72.739,47,1816.2,75.594
6/12/19 10:59,72.783,46.8,1821.2,75.594
6/12/19 10:59,72.783,46.7,1826.2,75.594
6/12/19 10:59,72.783,46.5,1826.2,75.594
6/12/19 10:59,72.739,46.3,1823.7,75.594
6/12/19 10:59,72.739,46.1,1826.2,75.594
6/12/19 10:59,72.739,46.1,1831.2,75.594
6/12/19 10:59,72.739,45.9,1836.2,75.594
6/12/19 10:59,72.739,45.9,1833.7,75.594
6/12/19 10:59,72.696,45.8,1831.2,75.594
6/12/19 10:59,72.696,45.7,1833.7,75.594
6/12/19 10:59,72.696,45.6,1833.7,75.594
6/12/19 10:59,72.696,45.5,1831.2,75.594
6/12/19 10:59,72.653,45.4,1828.7,75.594
6/12/19 10:59,72.653,45.4,1823.7,75.594
6/12/19 10:59,72.653,45.4,1826.2,75.594
6/12/19 10:59,72.61,45.3,1828.7,75.594
6/12/19 10:59,72.61,45.2,1838.7,75.594
6/12/19 10:59,72.61,45.2,1848.7,75.594
6/12/19 10:59,72.567,45.2,1846.2,75.594
6/12/19 10:59,72.567,45.1,1843.7,75.637
6/12/19 10:59,72.523,45.1,1843.7,75.594
6/12/19 10:59,72.523,45.1,1843.7,75.637
6/12/19 10:59,72.523,45.2,1841.2,75.637
6/12/19 10:59,72.48,45.1,1841.2,75.637
6/12/19 10:59,72.48,45.1,1841.2,75.637
6/12/19 10:59,72.48,45.1,1843.7,75.637
6/12/19 10:59,72.437,45.1,1841.2,75.637
6/12/19 10:59,72.437,45.1,1843.7,75.637
6/12/19 10:59,72.437,45.1,1846.2,75.637
6/12/19 10:59,72.394,45.2,1843.7,75.637
6/12/19 10:59,72.394,45.2,1841.2,75.637
6/12/19 10:59,72.394,45.2,1841.2,75.637
6/12/19 10:59,72.394,45.3,1838.7,75.637
6/12/19 10:59,72.394,45.4,1838.7,75.637
6/12/19 10:59,72.394,45.4,1838.7,75.637
6/12/19 10:59,72.351,45.4,1848.7,75.637
6/12/19 10:59,72.351,45.5,1841.2,75.637
6/12/19 10:59,72.394,45.6,1843.7,75.637
6/12/19 10:59,72.394,45.7,1843.7,75.637
6/12/19 10:59,72.394,45.8,1841.2,75.637
6/12/19 10:59,72.394,45.9,1841.2,75.637
6/12/19 10:59,72.394,46,1833.7,75.637
6/12/19 10:59,72.394,46.1,1828.7,75.637
6/12/19 10:59,72.394,46.1,1828.7,75.637
6/12/19 10:59,72.394,46.2,1823.7,75.637
6/12/19 10:59,72.394,46.2,1821.2,75.637
6/12/19 10:59,72.394,46.1,1818.7,75.637
6/12/19 11:00,72.394,46.1,1813.7,75.637
6/12/19 11:00,72.394,46.1,1813.7,75.637
6/12/19 11:00,72.394,46.1,1813.7,75.637
6/12/19 11:00,72.394,46,1811.2,75.637
6/12/19 11:00,72.394,45.9,1806.2,75.637
6/12/19 11:00,72.394,45.9,1803.7,75.637
6/12/19 11:00,72.394,45.8,1801.2,75.637
6/12/19 11:00,72.351,45.8,1788.7,75.637
6/12/19 11:00,72.351,45.7,1788.7,75.681
6/12/19 11:00,72.351,45.7,1783.7,75.681
6/12/19 11:00,72.351,45.7,1786.2,75.637
6/12/19 11:00,72.351,45.8,1783.7,75.681
6/12/19 11:00,72.351,45.8,1783.7,75.681
6/12/19 11:00,72.351,45.9,1786.2,75.681
6/12/19 11:00,72.351,46,1786.2,75.681
6/12/19 11:00,72.351,46.1,1783.7,75.681
6/12/19 11:00,72.351,46.1,1783.7,75.681
6/12/19 11:00,72.351,46.1,1781.2,75.681
6/12/19 11:00,72.351,46.2,1783.7,75.681
6/12/19 11:00,72.351,46.2,1783.7,75.681
6/12/19 11:00,72.351,46.3,1788.7,75.681
6/12/19 11:00,72.351,46.3,1788.7,75.681
6/12/19 11:00,72.351,46.4,1793.7,75.681
6/12/19 11:00,72.394,46.4,1793.7,75.681
6/12/19 11:00,72.394,46.5,1796.2,75.681
6/12/19 11:00,72.394,46.5,1801.2,75.681
6/12/19 11:00,72.394,46.6,1798.7,75.681
6/12/19 11:00,72.394,46.7,1798.7,75.681
6/12/19 11:00,72.394,46.7,1801.2,75.681
6/12/19 11:00,72.394,46.8,1801.2,75.681
6/12/19 11:00,72.394,46.8,1801.2,75.681
6/12/19 11:00,72.394,46.8,1798.7,75.681
6/12/19 11:00,72.437,46.9,1791.2,75.681
6/12/19 11:00,72.437,47,1786.2,75.681
6/12/19 11:00,72.437,47,1786.2,75.681
6/12/19 11:00,72.437,47.1,1783.7,75.681
6/12/19 11:00,72.437,47,1786.2,75.681
6/12/19 11:00,72.437,47.2,1786.2,75.681
6/12/19 11:00,72.437,47.2,1788.7,75.681
6/12/19 11:00,72.48,47.2,1791.2,75.681
6/12/19 11:00,72.48,47.3,1786.2,75.681
6/12/19 11:00,72.48,47.3,1781.2,75.681
6/12/19 11:00,72.48,47.4,1776.2,75.681
6/12/19 11:00,72.523,47.4,1781.2,75.724
6/12/19 11:00,72.48,47.4,1783.7,75.724
6/12/19 11:00,72.48,47.2,1786.2,75.724
6/12/19 11:00,72.523,47.3,1781.2,75.724
6/12/19 11:00,72.523,47.3,1788.7,75.724
6/12/19 11:00,72.523,47.3,1791.2,75.724
6/12/19 11:00,72.523,47.3,1788.7,75.724
6/12/19 11:00,72.523,47.3,1786.2,75.724
6/12/19 11:00,72.523,47.4,1788.7,75.724
6/12/19 11:00,72.523,47.5,1798.7,75.724
6/12/19 11:00,72.523,47.5,1793.7,75.724
6/12/19 11:00,72.567,47.6,1796.2,75.724
6/12/19 11:00,72.567,47.6,1796.2,75.724
6/12/19 11:00,72.567,47.7,1791.2,75.724
6/12/19 11:00,72.567,47.7,1791.2,75.724
6/12/19 11:00,72.567,47.8,1791.2,75.724
6/12/19 11:00,72.567,47.8,1793.7,75.724
6/12/19 11:01,72.567,47.8,1803.7,75.724
6/12/19 11:01,72.567,47.8,1806.2,75.724
6/12/19 11:01,72.567,47.8,1806.2,75.724
6/12/19 11:01,72.61,47.8,1798.7,75.724
6/12/19 11:01,72.567,47.8,1801.2,75.724
6/12/19 11:01,72.61,47.8,1793.7,75.724
6/12/19 11:01,72.567,47.8,1793.7,75.724
6/12/19 11:01,72.61,47.8,1791.2,75.724
6/12/19 11:01,72.61,47.8,1793.7,75.724
6/12/19 11:01,72.61,47.8,1798.7,75.724
6/12/19 11:01,72.61,47.7,1798.7,75.724
6/12/19 11:01,72.61,47.7,1796.2,75.724
6/12/19 11:01,72.61,47.7,1798.7,75.724
6/12/19 11:01,72.61,47.6,1793.7,75.767
6/12/19 11:01,72.61,47.6,1786.2,75.767
6/12/19 11:01,72.61,47.6,1791.2,75.724
6/12/19 11:01,72.61,47.6,1793.7,75.767
6/12/19 11:01,72.567,47.5,1788.7,75.767
6/12/19 11:01,72.61,47.5,1788.7,75.767
6/12/19 11:01,72.61,47.5,1791.2,75.767
6/12/19 11:01,72.61,47.5,1788.7,75.767
6/12/19 11:01,72.61,47.5,1791.2,75.767
6/12/19 11:01,72.61,47.5,1791.2,75.767
6/12/19 11:01,72.567,47.5,1791.2,75.767
6/12/19 11:01,72.567,47.6,1791.2,75.767
6/12/19 11:01,72.567,47.6,1793.7,75.767
6/12/19 11:01,72.567,47.6,1796.2,75.767
6/12/19 11:01,72.567,47.5,1796.2,75.767
6/12/19 11:01,72.567,47.5,1801.2,75.767
6/12/19 11:01,72.567,47.5,1793.7,75.767
6/12/19 11:01,72.567,47.4,1781.2,75.767
6/12/19 11:01,72.567,47.3,1781.2,75.767
6/12/19 11:01,72.523,47.2,1791.2,75.767
6/12/19 11:01,72.523,47.1,1801.2,75.767
6/12/19 11:01,72.523,47.1,1806.2,75.767
6/12/19 11:01,72.523,47,1813.7,75.767
6/12/19 11:01,72.48,46.8,1821.2,75.767
6/12/19 11:01,72.48,46.8,1821.2,75.767
6/12/19 11:01,72.48,46.8,1823.7,75.767
6/12/19 11:01,72.437,46.7,1821.2,75.767
6/12/19 11:01,72.437,46.7,1818.7,75.767
6/12/19 11:01,72.437,46.6,1823.7,75.81
6/12/19 11:01,72.394,46.5,1828.7,75.81
6/12/19 11:01,72.394,46.4,1826.2,75.81
6/12/19 11:01,72.394,46.4,1818.7,75.81
6/12/19 11:01,72.351,46.4,1811.2,75.81
6/12/19 11:01,72.351,46.4,1818.7,75.81
6/12/19 11:01,72.351,46.4,1826.2,75.81
6/12/19 11:01,72.307,46.3,1823.7,75.81
6/12/19 11:01,72.307,46.3,1821.2,75.81
6/12/19 11:01,72.307,46.3,1813.7,75.81
6/12/19 11:01,72.307,46.3,1818.7,75.81
6/12/19 11:01,72.264,46.4,1823.7,75.81
6/12/19 11:01,72.264,46.3,1828.7,75.81
6/12/19 11:01,72.264,46.4,1833.7,75.81
6/12/19 11:01,72.264,46.4,1836.2,75.81
6/12/19 11:01,72.264,46.4,1843.7,75.81
6/12/19 11:01,72.221,46.4,1838.7,75.81
6/12/19 11:01,72.221,46.4,1838.7,75.81
6/12/19 11:01,72.221,46.4,1836.2,75.81
6/12/19 11:02,72.221,46.4,1836.2,75.81
6/12/19 11:02,72.221,46.4,1838.7,75.81
6/12/19 11:02,72.221,46.5,1836.2,75.81
6/12/19 11:02,72.221,46.5,1821.2,75.81
6/12/19 11:02,72.221,46.5,1813.7,75.81
6/12/19 11:02,72.221,46.6,1821.2,75.81
6/12/19 11:02,72.178,46.6,1831.2,75.81
6/12/19 11:02,72.221,46.7,1833.7,75.81
6/12/19 11:02,72.178,46.7,1843.7,75.81
6/12/19 11:02,72.178,46.7,1846.2,75.81
6/12/19 11:02,72.178,46.7,1838.7,75.81
6/12/19 11:02,72.178,46.7,1841.2,75.81
6/12/19 11:02,72.178,46.7,1836.2,75.81
6/12/19 11:02,72.178,46.7,1828.7,75.81
6/12/19 11:02,72.178,46.7,1813.7,75.853
6/12/19 11:02,72.178,46.7,1816.2,75.81
6/12/19 11:02,72.178,46.7,1831.2,75.853
6/12/19 11:02,72.178,46.7,1838.7,75.853
6/12/19 11:02,72.136,46.7,1838.7,75.853
6/12/19 11:02,72.178,46.7,1846.2,75.853
6/12/19 11:02,72.136,46.7,1846.2,75.853
6/12/19 11:02,72.136,46.7,1848.7,75.853
6/12/19 11:02,72.136,46.7,1851.2,75.853
6/12/19 11:02,72.136,46.7,1843.7,75.853
6/12/19 11:02,72.136,46.7,1831.2,75.853
6/12/19 11:02,72.136,46.8,1828.7,75.853
6/12/19 11:02,72.093,46.8,1831.2,75.853
6/12/19 11:02,72.093,46.8,1828.7,75.853
6/12/19 11:02,72.093,46.8,1833.7,75.853
6/12/19 11:02,72.093,46.8,1823.7,75.853
6/12/19 11:02,72.093,46.8,1816.2,75.853
6/12/19 11:02,72.093,46.8,1816.2,75.853
6/12/19 11:02,72.093,46.8,1826.2,75.853
6/12/19 11:02,72.093,46.9,1833.7,75.853
6/12/19 11:02,72.093,46.9,1823.7,75.853
6/12/19 11:02,72.093,46.9,1823.7,75.853
6/12/19 11:02,72.093,46.9,1818.7,75.853
6/12/19 11:02,72.093,47,1816.2,75.853
6/12/19 11:02,72.093,47,1818.7,75.853
6/12/19 11:02,72.093,47,1818.7,75.853
6/12/19 11:02,72.093,47,1816.2,75.853
6/12/19 11:02,72.093,47,1813.7,75.853
6/12/19 11:02,72.093,47,1813.7,75.898
6/12/19 11:02,72.093,47.1,1796.2,75.898
6/12/19 11:02,72.136,47,1786.2,75.898
6/12/19 11:02,72.136,47.1,1791.2,75.898
6/12/19 11:02,72.136,47.1,1791.2,75.898
6/12/19 11:02,72.136,47,1791.2,75.898
6/12/19 11:02,72.136,47,1801.2,75.898
6/12/19 11:02,72.136,47.1,1811.2,75.898
6/12/19 11:02,72.136,47.1,1811.2,75.898
6/12/19 11:02,72.136,47.1,1806.2,75.898
6/12/19 11:02,72.136,47.1,1811.2,75.898
6/12/19 11:02,72.136,47.1,1816.2,75.898
6/12/19 11:02,72.136,47.1,1816.2,75.898
6/12/19 11:02,72.136,47.1,1816.2,75.898
6/12/19 11:02,72.136,47.1,1816.2,75.898
6/12/19 11:02,72.136,47.1,1803.7,75.898
6/12/19 11:02,72.136,47.1,1793.7,75.898
6/12/19 11:02,72.136,47.1,1778.7,75.898
6/12/19 11:03,72.136,47.1,1758.7,75.898
6/12/19 11:03,72.178,47.1,1748.7,75.898
6/12/19 11:03,72.178,47.1,1748.7,75.898
6/12/19 11:03,72.178,47.1,1753.7,75.898
6/12/19 11:03,72.178,47.1,1758.7,75.898
6/12/19 11:03,72.178,47.1,1761.2,75.898
6/12/19 11:03,72.178,47.1,1753.7,75.898
6/12/19 11:03,72.178,47.1,1748.7,75.898
6/12/19 11:03,72.178,47,1753.7,75.898
6/12/19 11:03,72.178,47,1758.7,75.898
6/12/19 11:03,72.178,47,1753.7,75.898
6/12/19 11:03,72.178,47,1763.7,75.898
6/12/19 11:03,72.178,47,1758.7,75.898
6/12/19 11:03,72.178,47,1753.7,75.898
6/12/19 11:03,72.221,47,1738.7,75.898
6/12/19 11:03,72.221,47.1,1721.2,75.898
6/12/19 11:03,72.221,47.1,1718.7,75.898
6/12/19 11:03,72.221,47,1711.2,75.898
6/12/19 11:03,72.221,47,1706.2,75.942
6/12/19 11:03,72.221,47,1713.7,75.898
6/12/19 11:03,72.221,47,1733.7,75.942
6/12/19 11:03,72.221,46.9,1736.2,75.942
6/12/19 11:03,72.221,46.8,1728.7,75.942
6/12/19 11:03,72.221,47,1723.7,75.942
6/12/19 11:03,72.221,47,1731.2,75.942
6/12/19 11:03,72.221,47,1731.2,75.942
6/12/19 11:03,72.221,47,1708.7,75.942
6/12/19 11:03,72.221,47,1688.7,75.942
6/12/19 11:03,72.221,47,1691.2,75.942
6/12/19 11:03,72.264,47,1718.7,75.942
6/12/19 11:03,72.264,46.9,1736.2,75.942
6/12/19 11:03,72.221,46.8,1751.2,75.942
6/12/19 11:03,72.264,46.9,1763.7,75.942
6/12/19 11:03,72.264,46.8,1771.2,75.942
6/12/19 11:03,72.264,46.9,1776.2,75.942
6/12/19 11:03,72.264,46.9,1768.7,75.942
6/12/19 11:03,72.264,46.8,1773.7,75.942
6/12/19 11:03,72.264,46.7,1776.2,75.942
6/12/19 11:03,72.264,46.7,1766.2,75.942
6/12/19 11:03,72.264,46.8,1763.7,75.942
6/12/19 11:03,72.264,46.8,1761.2,75.942
6/12/19 11:03,72.264,46.7,1771.2,75.942
6/12/19 11:03,72.264,46.7,1768.7,75.942
6/12/19 11:03,72.264,46.8,1771.2,75.942
6/12/19 11:03,72.264,46.7,1763.7,75.942
6/12/19 11:03,72.264,46.7,1761.2,75.942
6/12/19 11:03,72.264,46.7,1761.2,75.942
6/12/19 11:03,72.264,46.7,1768.7,75.942
6/12/19 11:03,72.264,46.7,1761.2,75.942
6/12/19 11:03,72.264,46.7,1763.7,75.985
6/12/19 11:03,72.264,46.7,1758.7,75.985
6/12/19 11:03,72.264,46.7,1763.7,75.985
6/12/19 11:03,72.264,46.7,1758.7,75.985
6/12/19 11:03,72.264,46.7,1763.7,75.985
6/12/19 11:03,72.264,46.7,1756.2,75.985
6/12/19 11:03,72.264,46.8,1753.7,75.985
6/12/19 11:03,72.264,46.8,1751.2,75.985
6/12/19 11:03,72.264,46.7,1743.7,75.985
6/12/19 11:03,72.264,46.7,1736.2,75.985
6/12/19 11:03,72.264,46.8,1733.7,75.985
6/12/19 11:04,72.264,46.9,1726.2,75.985
6/12/19 11:04,72.264,46.8,1713.7,75.985
6/12/19 11:04,72.264,46.9,1713.7,75.985
6/12/19 11:04,72.307,46.9,1716.2,75.985
6/12/19 11:04,72.307,46.9,1711.2,75.985
6/12/19 11:04,72.307,46.9,1708.7,75.985
6/12/19 11:04,72.307,47,1708.7,75.985
6/12/19 11:04,72.307,47,1701.2,75.985
6/12/19 11:04,72.307,47.1,1701.2,75.985
6/12/19 11:04,72.307,47,1706.2,75.985
6/12/19 11:04,72.307,47.1,1708.7,75.985
6/12/19 11:04,72.307,47.2,1721.2,75.985
6/12/19 11:04,72.307,47.3,1723.7,75.985
6/12/19 11:04,72.351,47.3,1721.2,75.985
6/12/19 11:04,72.351,47.4,1721.2,75.985
6/12/19 11:04,72.351,47.4,1723.7,75.985
6/12/19 11:04,72.351,47.4,1723.7,75.985
6/12/19 11:04,72.351,47.4,1716.2,75.985
6/12/19 11:04,72.351,47.5,1718.7,75.985
6/12/19 11:04,72.351,47.6,1721.2,75.985
6/12/19 11:04,72.351,47.7,1723.7,75.985
6/12/19 11:04,72.351,47.7,1723.7,75.985
6/12/19 11:04,72.351,47.7,1718.7,76.028
6/12/19 11:04,72.351,47.7,1718.7,76.028
6/12/19 11:04,72.394,47.6,1718.7,76.028
6/12/19 11:04,72.394,47.6,1721.2,76.028
6/12/19 11:04,72.394,47.5,1728.7,76.028
6/12/19 11:04,72.394,47.5,1731.2,76.028
6/12/19 11:04,72.394,47.4,1731.2,76.028
6/12/19 11:04,72.394,47.4,1733.7,76.028
6/12/19 11:04,72.394,47.4,1731.2,76.028
6/12/19 11:04,72.394,47.4,1728.7,76.028
6/12/19 11:04,72.394,47.4,1726.2,76.028
6/12/19 11:04,72.394,47.3,1721.2,76.028
6/12/19 11:04,72.394,47.3,1716.2,76.028
6/12/19 11:04,72.394,47.2,1708.7,76.028
6/12/19 11:04,72.394,47.1,1703.7,76.028
6/12/19 11:04,72.437,47.1,1693.7,76.028
6/12/19 11:04,72.394,47,1678.7,76.028
6/12/19 11:04,72.394,47,1676.2,76.028
6/12/19 11:04,72.437,46.9,1678.7,76.028
6/12/19 11:04,72.394,46.9,1676.2,76.028
6/12/19 11:04,72.394,46.8,1676.2,76.028
6/12/19 11:04,72.437,46.9,1671.2,76.028
6/12/19 11:04,72.394,46.9,1668.7,76.028
6/12/19 11:04,72.394,47,1673.7,76.028
6/12/19 11:04,72.394,47,1676.2,76.028
6/12/19 11:04,72.394,47,1673.7,76.071
6/12/19 11:04,72.394,46.9,1673.7,76.028
6/12/19 11:04,72.394,47,1666.2,76.028
6/12/19 11:04,72.394,47.1,1666.2,76.071
6/12/19 11:04,72.394,47,1661.2,76.071
6/12/19 11:04,72.394,47,1666.2,76.071
6/12/19 11:04,72.394,47,1666.2,76.071
6/12/19 11:04,72.394,47,1661.2,76.071
6/12/19 11:04,72.394,47,1661.2,76.071
6/12/19 11:04,72.394,47,1658.7,76.071
6/12/19 11:04,72.394,47,1656.2,76.071
6/12/19 11:04,72.394,47,1661.2,76.071
6/12/19 11:04,72.394,47,1661.2,76.071
6/12/19 11:05,72.351,47,1663.7,76.071
6/12/19 11:05,72.351,47,1663.7,76.071
6/12/19 11:05,72.351,47,1673.7,76.071
6/12/19 11:05,72.394,47,1678.7,76.071
6/12/19 11:05,72.351,47,1683.7,76.071
6/12/19 11:05,72.394,47,1698.7,76.071
6/12/19 11:05,72.351,47,1701.2,76.071
6/12/19 11:05,72.351,47,1711.2,76.071
6/12/19 11:05,72.394,47,1701.2,76.071
6/12/19 11:05,72.351,47.1,1703.7,76.071
6/12/19 11:05,72.394,47.1,1711.2,76.071
6/12/19 11:05,72.351,47.2,1716.2,76.071
6/12/19 11:05,72.394,47.2,1726.2,76.071
6/12/19 11:05,72.394,47.2,1723.7,76.071
6/12/19 11:05,72.394,47.2,1721.2,76.071
6/12/19 11:05,72.394,47.2,1723.7,76.071
6/12/19 11:05,72.394,47.2,1721.2,76.071
6/12/19 11:05,72.394,47.2,1716.2,76.071
6/12/19 11:05,72.394,47.1,1718.7,76.071
6/12/19 11:05,72.394,47,1721.2,76.114
6/12/19 11:05,72.394,47,1723.7,76.114
6/12/19 11:05,72.394,47.1,1713.7,76.114
6/12/19 11:05,72.394,47,1713.7,76.114
6/12/19 11:05,72.394,47,1708.7,76.114
6/12/19 11:05,72.437,47.1,1698.7,76.114
6/12/19 11:05,72.437,47,1686.2,76.114
6/12/19 11:05,72.437,47.1,1678.7,76.114
6/12/19 11:05,72.437,47.2,1676.2,76.114
6/12/19 11:05,72.437,47.2,1678.7,76.114
6/12/19 11:05,72.437,47.2,1676.2,76.114
6/12/19 11:05,72.437,47.3,1671.2,76.114
6/12/19 11:05,72.48,47.4,1666.2,76.114
6/12/19 11:05,72.48,47.4,1676.2,76.114
6/12/19 11:05,72.48,47.5,1686.2,76.114
6/12/19 11:05,72.48,47.7,1688.7,76.114
6/12/19 11:05,72.48,47.7,1686.2,76.114
6/12/19 11:05,72.48,47.8,1686.2,76.114
6/12/19 11:05,72.48,47.9,1693.7,76.114
6/12/19 11:05,72.48,47.9,1701.2,76.114
6/12/19 11:05,72.48,47.9,1706.2,76.114
6/12/19 11:05,72.523,48,1706.2,76.114
6/12/19 11:05,72.523,48,1703.7,76.114
6/12/19 11:05,72.523,48,1711.2,76.114
6/12/19 11:05,72.523,48,1716.2,76.158
6/12/19 11:05,72.523,48,1721.2,76.158
6/12/19 11:05,72.523,47.9,1718.7,76.158
6/12/19 11:05,72.523,47.9,1718.7,76.158
6/12/19 11:05,72.567,47.9,1723.7,76.158
6/12/19 11:05,72.567,47.9,1721.2,76.158
6/12/19 11:05,72.567,47.9,1713.7,76.158
6/12/19 11:05,72.567,47.8,1703.7,76.158
6/12/19 11:05,72.567,47.8,1698.7,76.158
6/12/19 11:05,72.567,47.7,1693.7,76.158
6/12/19 11:05,72.567,47.7,1701.2,76.158
6/12/19 11:05,72.567,47.7,1693.7,76.158
6/12/19 11:05,72.567,47.6,1693.7,76.158
6/12/19 11:05,72.567,47.5,1686.2,76.158
6/12/19 11:05,72.567,47.4,1688.7,76.158
6/12/19 11:05,72.567,47.4,1688.7,76.158
6/12/19 11:05,72.567,47.3,1698.7,76.158
6/12/19 11:06,72.567,47.2,1696.2,76.158
6/12/19 11:06,72.567,47.1,1693.7,76.158
6/12/19 11:06,72.567,47.1,1691.2,76.158
6/12/19 11:06,72.567,47,1701.2,76.158
6/12/19 11:06,72.567,47,1701.2,76.158
6/12/19 11:06,72.567,46.9,1703.7,76.158
6/12/19 11:06,72.567,46.8,1703.7,76.158
6/12/19 11:06,72.567,46.8,1708.7,76.158
6/12/19 11:06,72.567,46.8,1718.7,76.158
6/12/19 11:06,72.567,46.8,1721.2,76.158
6/12/19 11:06,72.523,46.7,1736.2,76.158
6/12/19 11:06,72.523,46.7,1733.7,76.158
6/12/19 11:06,72.523,46.6,1736.2,76.158
6/12/19 11:06,72.523,46.5,1736.2,76.158
6/12/19 11:06,72.523,46.4,1733.7,76.203
6/12/19 11:06,72.523,46.4,1731.2,76.158
6/12/19 11:06,72.523,46.4,1733.7,76.203
6/12/19 11:06,72.48,46.4,1733.7,76.203
6/12/19 11:06,72.48,46.4,1743.7,76.203
6/12/19 11:06,72.48,46.5,1736.2,76.203
6/12/19 11:06,72.48,46.5,1738.7,76.203
6/12/19 11:06,72.48,46.6,1741.2,76.203
6/12/19 11:06,72.437,46.6,1746.2,76.203
6/12/19 11:06,72.437,46.7,1733.7,76.203
6/12/19 11:06,72.437,46.7,1731.2,76.203
6/12/19 11:06,72.437,46.7,1733.7,76.203
6/12/19 11:06,72.394,46.7,1738.7,76.203
6/12/19 11:06,72.437,46.7,1743.7,76.203
6/12/19 11:06,72.394,46.7,1743.7,76.203
6/12/19 11:06,72.394,46.7,1743.7,76.203
6/12/19 11:06,72.394,46.7,1748.7,76.203
6/12/19 11:06,72.394,46.7,1751.2,76.203
6/12/19 11:06,72.394,46.7,1756.2,76.203
6/12/19 11:06,72.394,46.7,1753.7,76.203
6/12/19 11:06,72.394,46.7,1753.7,76.203
6/12/19 11:06,72.351,46.7,1746.2,76.203
6/12/19 11:06,72.351,46.7,1733.7,76.203
6/12/19 11:06,72.351,46.8,1731.2,76.203
6/12/19 11:06,72.351,46.9,1738.7,76.203
6/12/19 11:06,72.351,47,1741.2,76.203
6/12/19 11:06,72.351,47.1,1746.2,76.203
6/12/19 11:06,72.351,47.2,1753.7,76.203
6/12/19 11:06,72.351,47.2,1756.2,76.246
6/12/19 11:06,72.351,47.3,1761.2,76.203
6/12/19 11:06,72.351,47.3,1763.7,76.246
6/12/19 11:06,72.351,47.4,1763.7,76.203
6/12/19 11:06,72.351,47.4,1761.2,76.246
6/12/19 11:06,72.351,47.4,1768.7,76.246
6/12/19 11:06,72.351,47.4,1768.7,76.246
6/12/19 11:06,72.351,47.4,1771.2,76.246
6/12/19 11:06,72.351,47.4,1771.2,76.246
6/12/19 11:06,72.351,47.4,1771.2,76.246
6/12/19 11:06,72.351,47.4,1771.2,76.246
6/12/19 11:06,72.351,47.4,1776.2,76.246
6/12/19 11:06,72.351,47.4,1776.2,76.246
6/12/19 11:06,72.351,47.4,1778.7,76.246
6/12/19 11:06,72.351,47.4,1783.7,76.246
6/12/19 11:06,72.351,47.3,1788.7,76.246
6/12/19 11:06,72.351,47.3,1788.7,76.246
6/12/19 11:06,72.351,47.3,1786.2,76.246
6/12/19 11:07,72.351,47.3,1786.2,76.246
6/12/19 11:07,72.394,47.2,1786.2,76.246
6/12/19 11:07,72.351,47.2,1783.7,76.246
6/12/19 11:07,72.394,47.1,1783.7,76.246
6/12/19 11:07,72.394,47,1783.7,76.246
6/12/19 11:07,72.394,46.9,1783.7,76.246
6/12/19 11:07,72.394,46.8,1791.2,76.246
6/12/19 11:07,72.394,46.7,1796.2,76.246
6/12/19 11:07,72.394,46.7,1801.2,76.246
6/12/19 11:07,72.394,46.7,1798.7,76.246
6/12/19 11:07,72.394,46.7,1803.7,76.246
6/12/19 11:07,72.394,46.7,1798.7,76.246
6/12/19 11:07,72.394,46.7,1806.2,76.246
6/12/19 11:07,72.394,46.7,1801.2,76.246
6/12/19 11:07,72.394,46.7,1811.2,76.246
6/12/19 11:07,72.394,46.8,1813.7,76.246
6/12/19 11:07,72.394,46.9,1811.2,76.246
6/12/19 11:07,72.394,47,1813.7,76.289
6/12/19 11:07,72.394,47.2,1808.7,76.246
6/12/19 11:07,72.394,47.3,1806.2,76.289
6/12/19 11:07,72.394,47.5,1806.2,76.246
6/12/19 11:07,72.394,47.7,1806.2,76.289
6/12/19 11:07,72.394,47.9,1808.7,76.289
6/12/19 11:07,72.394,48.1,1816.2,76.289
6/12/19 11:07,72.437,48.3,1826.2,76.289
6/12/19 11:07,72.437,48.5,1818.7,76.289
6/12/19 11:07,72.437,48.7,1816.2,76.289
6/12/19 11:07,72.437,48.8,1816.2,76.289
6/12/19 11:07,72.48,48.9,1818.7,76.289
6/12/19 11:07,72.48,49.1,1816.2,76.289
6/12/19 11:07,72.48,49.2,1808.7,76.289
6/12/19 11:07,72.523,49.3,1811.2,76.289
6/12/19 11:07,72.523,49.4,1811.2,76.289
6/12/19 11:07,72.523,49.5,1806.2,76.289
6/12/19 11:07,72.567,49.6,1811.2,76.289
6/12/19 11:07,72.567,49.7,1813.7,76.289
6/12/19 11:07,72.61,49.8,1818.7,76.289
6/12/19 11:07,72.61,49.8,1823.7,76.289
6/12/19 11:07,72.61,49.8,1823.7,76.289
6/12/19 11:07,72.653,49.8,1826.2,76.289
6/12/19 11:07,72.653,49.8,1818.7,76.289
6/12/19 11:07,72.653,49.8,1826.2,76.289
6/12/19 11:07,72.696,49.8,1826.2,76.289
6/12/19 11:07,72.696,49.7,1826.2,76.289
6/12/19 11:07,72.696,49.7,1818.7,76.289
6/12/19 11:07,72.739,49.6,1818.7,76.289
6/12/19 11:07,72.739,49.6,1821.2,76.289
6/12/19 11:07,72.739,49.5,1826.2,76.289
6/12/19 11:07,72.739,49.5,1828.7,76.332
6/12/19 11:07,72.739,49.4,1828.7,76.332
6/12/19 11:07,72.783,49.5,1833.7,76.332
6/12/19 11:07,72.783,49.4,1836.2,76.332
6/12/19 11:07,72.783,49.4,1833.7,76.332
6/12/19 11:07,72.783,49.3,1833.7,76.332
6/12/19 11:07,72.783,49.2,1838.7,76.332
6/12/19 11:07,72.826,49.2,1838.7,76.332
6/12/19 11:07,72.826,49.2,1836.2,76.332
6/12/19 11:07,72.826,49.1,1838.7,76.332
6/12/19 11:07,72.826,49.1,1833.7,76.332
6/12/19 11:07,72.826,49.1,1833.7,76.332
6/12/19 11:08,72.869,49,1833.7,76.332
6/12/19 11:08,72.869,48.9,1833.7,76.332
6/12/19 11:08,72.869,49,1836.2,76.332
6/12/19 11:08,72.869,49,1838.7,76.332
6/12/19 11:08,72.869,48.9,1836.2,76.332
6/12/19 11:08,72.869,48.9,1843.7,76.332
6/12/19 11:08,72.869,48.8,1838.7,76.332
6/12/19 11:08,72.869,48.9,1843.7,76.332
6/12/19 11:08,72.869,48.8,1841.2,76.332
6/12/19 11:08,72.869,48.8,1838.7,76.332
6/12/19 11:08,72.869,48.7,1833.7,76.332
6/12/19 11:08,72.912,48.7,1833.7,76.332
6/12/19 11:08,72.912,48.7,1841.2,76.332
6/12/19 11:08,72.912,48.6,1843.7,76.332
6/12/19 11:08,72.912,48.6,1838.7,76.332
6/12/19 11:08,72.912,48.6,1838.7,76.332
6/12/19 11:08,72.912,48.5,1838.7,76.332
6/12/19 11:08,72.912,48.5,1836.2,76.332
6/12/19 11:08,72.912,48.5,1833.7,76.332
6/12/19 11:08,72.912,48.4,1831.2,76.332
6/12/19 11:08,72.912,48.4,1828.7,76.332
6/12/19 11:08,72.912,48.3,1826.2,76.332
6/12/19 11:08,72.912,48.3,1831.2,76.332
6/12/19 11:08,72.912,48.3,1833.7,76.332
6/12/19 11:08,72.912,48.2,1831.2,76.332
6/12/19 11:08,72.912,48.2,1823.7,76.332
6/12/19 11:08,72.912,48.2,1823.7,76.375
6/12/19 11:08,72.912,48.1,1823.7,76.375
6/12/19 11:08,72.912,48.1,1826.2,76.332
6/12/19 11:08,72.912,48.1,1831.2,76.375
6/12/19 11:08,72.955,48,1833.7,76.375
6/12/19 11:08,72.955,48,1828.7,76.375
6/12/19 11:08,72.955,48,1833.7,76.375
6/12/19 11:08,72.955,48,1838.7,76.375
6/12/19 11:08,72.955,47.9,1831.2,76.375
6/12/19 11:08,72.955,47.9,1833.7,76.375
6/12/19 11:08,72.955,47.8,1828.7,76.375
6/12/19 11:08,72.955,47.8,1821.2,76.375
6/12/19 11:08,72.955,47.8,1821.2,76.375
6/12/19 11:08,72.955,47.7,1821.2,76.375
6/12/19 11:08,72.955,47.6,1823.7,76.375
6/12/19 11:08,72.955,47.6,1821.2,76.375
6/12/19 11:08,72.955,47.5,1821.2,76.375
6/12/19 11:08,72.955,47.4,1826.2,76.375
6/12/19 11:08,72.955,47.3,1821.2,76.375
6/12/19 11:08,72.955,47.2,1801.2,76.375
6/12/19 11:08,72.955,47.1,1786.2,76.375
6/12/19 11:08,72.955,46.9,1768.7,76.375
6/12/19 11:08,72.955,46.8,1736.2,76.375
6/12/19 11:08,72.955,46.8,1696.2,76.375
6/12/19 11:08,72.912,46.8,1676.2,76.375
6/12/19 11:08,72.955,46.8,1691.2,76.375
6/12/19 11:08,72.912,46.7,1721.2,76.375
6/12/19 11:08,72.912,46.7,1758.7,76.375
6/12/19 11:08,72.912,46.8,1791.2,76.375
6/12/19 11:08,72.912,46.8,1793.7,76.375
6/12/19 11:08,72.912,46.8,1801.2,76.375
6/12/19 11:08,72.912,46.8,1798.7,76.375
6/12/19 11:08,72.912,46.8,1806.2,76.419
6/12/19 11:08,72.912,46.8,1798.7,76.419
6/12/19 11:09,72.912,46.7,1796.2,76.419
6/12/19 11:09,72.912,46.7,1803.7,76.419
6/12/19 11:09,72.912,46.6,1808.7,76.419
6/12/19 11:09,72.912,46.6,1808.7,76.419
6/12/19 11:09,72.912,46.5,1808.7,76.419
6/12/19 11:09,72.869,46.5,1811.2,76.419
6/12/19 11:09,72.869,46.4,1821.2,76.419
6/12/19 11:09,72.869,46.4,1826.2,76.419
6/12/19 11:09,72.869,46.3,1833.7,76.419
6/12/19 11:09,72.869,46.3,1836.2,76.419
6/12/19 11:09,72.826,46.3,1826.2,76.419
6/12/19 11:09,72.826,46.2,1823.7,76.419
6/12/19 11:09,72.826,46.2,1818.7,76.419
6/12/19 11:09,72.826,46.2,1823.7,76.419
6/12/19 11:09,72.826,46.1,1826.2,76.419
6/12/19 11:09,72.783,46.1,1831.2,76.419
6/12/19 11:09,72.783,46.1,1826.2,76.419
6/12/19 11:09,72.783,46.1,1828.7,76.419
6/12/19 11:09,72.783,46,1826.2,76.419
6/12/19 11:09,72.783,45.9,1821.2,76.419
6/12/19 11:09,72.783,45.9,1821.2,76.419
6/12/19 11:09,72.739,45.8,1826.2,76.419
6/12/19 11:09,72.739,45.8,1831.2,76.419
6/12/19 11:09,72.739,45.7,1836.2,76.419
6/12/19 11:09,72.739,45.7,1836.2,76.419
6/12/19 11:09,72.739,45.6,1836.2,76.419
6/12/19 11:09,72.696,45.6,1836.2,76.419
6/12/19 11:09,72.696,45.5,1838.7,76.419
6/12/19 11:09,72.696,45.5,1836.2,76.464
6/12/19 11:09,72.696,45.5,1841.2,76.419
6/12/19 11:09,72.696,45.4,1843.7,76.419
6/12/19 11:09,72.696,45.4,1846.2,76.419
6/12/19 11:09,72.696,45.4,1848.7,76.419
6/12/19 11:09,72.653,45.4,1853.7,76.464
6/12/19 11:09,72.653,45.3,1853.7,76.464
6/12/19 11:09,72.653,45.3,1853.7,76.464
6/12/19 11:09,72.653,45.4,1851.2,76.464
6/12/19 11:09,72.653,45.4,1853.7,76.464
6/12/19 11:09,72.653,45.4,1851.2,76.464
6/12/19 11:09,72.653,45.4,1853.7,76.464
6/12/19 11:09,72.653,45.4,1853.7,76.464
6/12/19 11:09,72.61,45.4,1848.7,76.464
6/12/19 11:09,72.61,45.3,1846.2,76.464
6/12/19 11:09,72.61,45.3,1843.7,76.464
6/12/19 11:09,72.61,45.3,1838.7,76.464
6/12/19 11:09,72.61,45.3,1833.7,76.464
6/12/19 11:09,72.61,45.3,1833.7,76.464
6/12/19 11:09,72.61,45.2,1828.7,76.464
6/12/19 11:09,72.61,45.2,1818.7,76.464
6/12/19 11:09,72.567,45.2,1818.7,76.464
6/12/19 11:09,72.567,45.2,1813.7,76.464
6/12/19 11:09,72.567,45.2,1801.2,76.464
6/12/19 11:09,72.567,45.2,1793.7,76.464
6/12/19 11:09,72.567,45.1,1778.7,76.464
6/12/19 11:09,72.567,45.1,1781.2,76.464
6/12/19 11:09,72.567,45.1,1791.2,76.464
6/12/19 11:09,72.567,45,1801.2,76.464
6/12/19 11:09,72.523,45,1803.7,76.464
6/12/19 11:09,72.523,44.9,1801.2,76.464
6/12/19 11:09,72.523,44.9,1801.2,76.464
6/12/19 11:10,72.523,44.9,1801.2,76.464
6/12/19 11:10,72.523,44.9,1801.2,76.507
6/12/19 11:10,72.48,44.9,1806.2,76.507
6/12/19 11:10,72.48,44.9,1811.2,76.507
6/12/19 11:10,72.48,44.9,1811.2,76.507
6/12/19 11:10,72.48,44.8,1808.7,76.507
6/12/19 11:10,72.48,44.9,1811.2,76.507
6/12/19 11:10,72.48,44.9,1801.2,76.507
6/12/19 11:10,72.48,44.9,1788.7,76.507
6/12/19 11:10,72.437,44.9,1788.7,76.507
6/12/19 11:10,72.437,44.9,1798.7,76.507
6/12/19 11:10,72.437,44.9,1811.2,76.507
6/12/19 11:10,72.437,44.9,1813.7,76.507
6/12/19 11:10,72.437,45,1818.7,76.507
6/12/19 11:10,72.437,45,1821.2,76.507
6/12/19 11:10,72.437,45,1828.7,76.507
6/12/19 11:10,72.437,45.1,1836.2,76.507
6/12/19 11:10,72.437,45.1,1841.2,76.507
6/12/19 11:10,72.437,45.1,1846.2,76.507
6/12/19 11:10,72.437,45.1,1848.7,76.507
6/12/19 11:10,72.437,45.2,1851.2,76.507
6/12/19 11:10,72.437,45.2,1853.7,76.507
6/12/19 11:10,72.437,45.2,1851.2,76.507
6/12/19 11:10,72.437,45.2,1851.2,76.507
6/12/19 11:10,72.437,45.2,1851.2,76.507
6/12/19 11:10,72.48,45.3,1853.7,76.507
6/12/19 11:10,72.48,45.3,1853.7,76.507
6/12/19 11:10,72.48,45.3,1853.7,76.507
6/12/19 11:10,72.48,45.3,1856.2,76.507
6/12/19 11:10,72.48,45.3,1853.7,76.507
6/12/19 11:10,72.48,45.3,1856.2,76.507
6/12/19 11:10,72.48,45.3,1856.2,76.507
6/12/19 11:10,72.48,45.3,1853.7,76.507
6/12/19 11:10,72.48,45.2,1856.2,76.507
6/12/19 11:10,72.523,45.2,1858.7,76.55
6/12/19 11:10,72.523,45.2,1858.7,76.507
6/12/19 11:10,72.523,45.2,1858.7,76.507
6/12/19 11:10,72.523,45.2,1861.2,76.55
6/12/19 11:10,72.523,45.2,1861.2,76.55
6/12/19 11:10,72.523,45.2,1863.7,76.55
6/12/19 11:10,72.523,45.2,1866.2,76.55
6/12/19 11:10,72.567,45.2,1866.2,76.55
6/12/19 11:10,72.567,45.2,1866.2,76.55
6/12/19 11:10,72.567,45.2,1863.7,76.55
6/12/19 11:10,72.567,45.2,1866.2,76.55
6/12/19 11:10,72.567,45.2,1863.7,76.55
6/12/19 11:10,72.567,45.2,1866.2,76.55
6/12/19 11:10,72.567,45.2,1866.2,76.55
6/12/19 11:10,72.567,45.3,1868.7,76.55
6/12/19 11:10,72.567,45.3,1868.7,76.55
6/12/19 11:10,72.567,45.3,1871.2,76.55
6/12/19 11:10,72.61,45.3,1871.2,76.55
6/12/19 11:10,72.61,45.3,1871.2,76.55
6/12/19 11:10,72.61,45.3,1873.7,76.55
6/12/19 11:10,72.61,45.4,1873.7,76.55
6/12/19 11:10,72.61,45.4,1873.7,76.55
6/12/19 11:10,72.61,45.4,1873.7,76.55
6/12/19 11:10,72.61,45.3,1873.7,76.55
6/12/19 11:10,72.61,45.4,1873.7,76.55
6/12/19 11:10,72.61,45.4,1876.2,76.55
6/12/19 11:11,72.61,45.4,1873.7,76.55
6/12/19 11:11,72.61,45.4,1873.7,76.55
6/12/19 11:11,72.61,45.4,1876.2,76.55
6/12/19 11:11,72.653,45.4,1873.7,76.55
6/12/19 11:11,72.653,45.4,1878.7,76.593
6/12/19 11:11,72.61,45.4,1876.2,76.593
6/12/19 11:11,72.653,45.5,1876.2,76.593
6/12/19 11:11,72.653,45.5,1876.2,76.593
6/12/19 11:11,72.653,45.5,1878.7,76.593
6/12/19 11:11,72.653,45.5,1876.2,76.593
6/12/19 11:11,72.653,45.5,1876.2,76.593
6/12/19 11:11,72.653,45.5,1876.2,76.593
6/12/19 11:11,72.696,45.5,1873.7,76.593
6/12/19 11:11,72.696,45.5,1873.7,76.593
6/12/19 11:11,72.696,45.5,1873.7,76.593
6/12/19 11:11,72.696,45.5,1871.2,76.593
6/12/19 11:11,72.696,45.5,1873.7,76.593
6/12/19 11:11,72.696,45.5,1873.7,76.593
6/12/19 11:11,72.696,45.5,1873.7,76.593
6/12/19 11:11,72.696,45.5,1873.7,76.593
6/12/19 11:11,72.696,45.5,1873.7,76.593
6/12/19 11:11,72.696,45.5,1871.2,76.593
6/12/19 11:11,72.696,45.5,1871.2,76.593
6/12/19 11:11,72.696,45.5,1866.2,76.593
6/12/19 11:11,72.739,45.5,1868.7,76.593
6/12/19 11:11,72.739,45.5,1866.2,76.593
6/12/19 11:11,72.739,45.5,1871.2,76.593
6/12/19 11:11,72.739,45.5,1871.2,76.593
6/12/19 11:11,72.739,45.6,1868.7,76.593
6/12/19 11:11,72.739,45.6,1871.2,76.593
6/12/19 11:11,72.739,45.6,1866.2,76.593
6/12/19 11:11,72.739,45.6,1791.2,76.593
6/12/19 11:11,72.783,45.6,1788.7,76.593
6/12/19 11:11,72.783,45.6,1868.7,76.593
6/12/19 11:11,72.783,45.7,1871.2,76.593
6/12/19 11:11,72.783,45.7,1868.7,76.593
6/12/19 11:11,72.783,45.7,1868.7,76.593
6/12/19 11:11,72.783,45.7,1871.2,76.593
6/12/19 11:11,72.826,45.7,1876.2,76.593
6/12/19 11:11,72.826,45.7,1876.2,76.593
6/12/19 11:11,72.826,45.7,1876.2,76.636
6/12/19 11:11,72.826,45.7,1878.7,76.636
6/12/19 11:11,72.826,45.7,1876.2,76.636
6/12/19 11:11,72.869,45.7,1876.2,76.636
6/12/19 11:11,72.869,45.7,1876.2,76.593
6/12/19 11:11,72.869,45.8,1873.7,76.636
6/12/19 11:11,72.869,45.8,1873.7,76.636
6/12/19 11:11,72.869,45.8,1873.7,76.636
6/12/19 11:11,72.912,45.8,1873.7,76.636
6/12/19 11:11,72.912,45.8,1873.7,76.636
6/12/19 11:11,72.912,45.8,1873.7,76.636
6/12/19 11:11,72.912,45.8,1876.2,76.636
6/12/19 11:11,72.912,45.8,1873.7,76.636
6/12/19 11:11,72.912,45.8,1876.2,76.636
6/12/19 11:11,72.955,45.8,1878.7,76.636
6/12/19 11:11,72.955,45.8,1873.7,76.636
6/12/19 11:11,72.955,45.8,1873.7,76.636
6/12/19 11:11,72.955,45.8,1876.2,76.636
6/12/19 11:11,72.955,45.8,1876.2,76.636
6/12/19 11:11,72.955,45.9,1873.7,76.636
6/12/19 11:12,72.955,45.9,1868.7,76.636
6/12/19 11:12,72.997,45.9,1871.2,76.636
6/12/19 11:12,72.997,45.9,1873.7,76.636
6/12/19 11:12,72.997,45.9,1873.7,76.636
6/12/19 11:12,73.04,45.9,1871.2,76.636
6/12/19 11:12,73.04,45.9,1873.7,76.636
6/12/19 11:12,73.04,45.9,1868.7,76.636
6/12/19 11:12,73.04,46,1881.2,76.636
6/12/19 11:12,73.04,46,1871.2,76.681
6/12/19 11:12,73.083,46.1,1873.7,76.636
6/12/19 11:12,73.083,46.1,1871.2,76.636
6/12/19 11:12,73.083,46.1,1868.7,76.681
6/12/19 11:12,73.083,46.1,1868.7,76.681
6/12/19 11:12,73.126,46.1,1866.2,76.681
6/12/19 11:12,73.126,46.1,1868.7,76.681
6/12/19 11:12,73.126,46.2,1871.2,76.681
6/12/19 11:12,73.17,46.2,1871.2,76.681
6/12/19 11:12,73.17,46.3,1876.2,76.681
6/12/19 11:12,73.17,46.3,1873.7,76.681
6/12/19 11:12,73.17,46.3,1876.2,76.681
6/12/19 11:12,73.213,46.3,1873.7,76.681
6/12/19 11:12,73.213,46.4,1873.7,76.681
6/12/19 11:12,73.213,46.4,1876.2,76.681
6/12/19 11:12,73.256,46.4,1873.7,76.681
6/12/19 11:12,73.256,46.4,1876.2,76.681
6/12/19 11:12,73.256,46.5,1876.2,76.681
6/12/19 11:12,73.299,46.5,1873.7,76.681
6/12/19 11:12,73.299,46.5,1873.7,76.681
6/12/19 11:12,73.299,46.5,1876.2,76.681
6/12/19 11:12,73.299,46.5,1873.7,76.681
6/12/19 11:12,73.342,46.5,1876.2,76.681
6/12/19 11:12,73.342,46.5,1876.2,76.681
6/12/19 11:12,73.342,46.5,1881.2,76.681
6/12/19 11:12,73.342,46.4,1881.2,76.681
6/12/19 11:12,73.342,46.4,1878.7,76.681
6/12/19 11:12,73.386,46.3,1881.2,76.681
6/12/19 11:12,73.386,46.2,1873.7,76.681
6/12/19 11:12,73.386,46.1,1873.7,76.681
6/12/19 11:12,73.386,46.1,1881.2,76.681
6/12/19 11:12,73.386,46.1,1876.2,76.681
6/12/19 11:12,73.386,46.1,1881.2,76.725
6/12/19 11:12,73.386,46.1,1876.2,76.681
6/12/19 11:12,73.386,46,1876.2,76.725
6/12/19 11:12,73.386,46,1881.2,76.725
6/12/19 11:12,73.386,46,1878.7,76.725
6/12/19 11:12,73.429,45.9,1881.2,76.725
6/12/19 11:12,73.429,45.9,1881.2,76.725
6/12/19 11:12,73.429,45.8,1881.2,76.725
6/12/19 11:12,73.429,45.8,1883.7,76.725
6/12/19 11:12,73.429,45.7,1881.2,76.725
6/12/19 11:12,73.429,45.7,1881.2,76.725
6/12/19 11:12,73.429,45.7,1878.7,76.725
6/12/19 11:12,73.429,45.7,1886.2,76.725
6/12/19 11:12,73.429,45.7,1883.7,76.725
6/12/19 11:12,73.472,45.8,1881.2,76.725
6/12/19 11:12,73.472,45.8,1881.2,76.725
6/12/19 11:12,73.472,45.9,1883.7,76.725
6/12/19 11:12,73.472,45.9,1883.7,76.725
6/12/19 11:12,73.472,45.9,1888.7,76.725
6/12/19 11:12,73.472,46,1886.2,76.725
6/12/19 11:13,73.472,46.1,1878.7,76.725
6/12/19 11:13,73.472,46.1,1881.2,76.725
6/12/19 11:13,73.515,46.1,1878.7,76.725
6/12/19 11:13,73.515,46.1,1876.2,76.725
6/12/19 11:13,73.515,46.2,1878.7,76.725
6/12/19 11:13,73.515,46.3,1878.7,76.725
6/12/19 11:13,73.515,46.3,1876.2,76.725
6/12/19 11:13,73.515,46.3,1876.2,76.725
6/12/19 11:13,73.515,46.3,1871.2,76.725
6/12/19 11:13,73.515,46.3,1871.2,76.725
6/12/19 11:13,73.558,46.3,1876.2,76.725
6/12/19 11:13,73.558,46.3,1883.7,76.725
6/12/19 11:13,73.558,46.3,1886.2,76.768
6/12/19 11:13,73.558,46.3,1886.2,76.725
6/12/19 11:13,73.558,46.3,1886.2,76.768
6/12/19 11:13,73.558,46.4,1886.2,76.768
6/12/19 11:13,73.558,46.2,1883.7,76.768
6/12/19 11:13,73.558,46.2,1888.7,76.768
6/12/19 11:13,73.558,46.2,1888.7,76.768
6/12/19 11:13,73.558,46.1,1888.7,76.768
6/12/19 11:13,73.558,46.1,1888.7,76.768
6/12/19 11:13,73.558,46.2,1891.2,76.768
6/12/19 11:13,73.558,46.1,1888.7,76.768
6/12/19 11:13,73.558,46.1,1891.2,76.768
6/12/19 11:13,73.558,46,1888.7,76.768
6/12/19 11:13,73.515,46,1891.2,76.768
6/12/19 11:13,73.558,45.9,1891.2,76.768
6/12/19 11:13,73.558,45.8,1888.7,76.768
6/12/19 11:13,73.515,45.7,1888.7,76.768
6/12/19 11:13,73.515,45.8,1886.2,76.768
6/12/19 11:13,73.515,45.7,1886.2,76.768
6/12/19 11:13,73.515,45.6,1881.2,76.768
6/12/19 11:13,73.515,45.6,1876.2,76.768
6/12/19 11:13,73.515,45.6,1878.7,76.768
6/12/19 11:13,73.515,45.6,1878.7,76.768
6/12/19 11:13,73.515,45.6,1838.7,76.768
6/12/19 11:13,73.515,45.5,1838.7,76.768
6/12/19 11:13,73.515,45.4,1883.7,76.768
6/12/19 11:13,73.515,45.5,1893.7,76.768
6/12/19 11:13,73.515,45.5,1886.2,76.768
6/12/19 11:13,73.515,45.5,1888.7,76.768
6/12/19 11:13,73.515,45.6,1888.7,76.768
6/12/19 11:13,73.515,45.6,1888.7,76.768
6/12/19 11:13,73.515,45.6,1888.7,76.768
6/12/19 11:13,73.515,45.6,1888.7,76.768
6/12/19 11:13,73.515,45.6,1881.2,76.768
6/12/19 11:13,73.515,45.7,1886.2,76.768
6/12/19 11:13,73.515,45.7,1888.7,76.811
6/12/19 11:13,73.515,45.7,1886.2,76.811
6/12/19 11:13,73.558,45.7,1888.7,76.768
6/12/19 11:13,73.558,45.8,1891.2,76.811
6/12/19 11:13,73.558,45.8,1891.2,76.811
6/12/19 11:13,73.558,45.8,1888.7,76.811
6/12/19 11:13,73.558,45.8,1891.2,76.811
6/12/19 11:13,73.558,45.8,1896.2,76.811
6/12/19 11:13,73.602,45.8,1898.7,76.811
6/12/19 11:13,73.602,45.9,1888.7,76.811
6/12/19 11:13,73.602,45.9,1891.2,76.811
6/12/19 11:13,73.602,46,1888.7,76.811
6/12/19 11:13,73.602,46,1886.2,76.811
6/12/19 11:14,73.645,46,1893.7,76.811
6/12/19 11:14,73.645,46,1893.7,76.811
6/12/19 11:14,73.645,46,1896.2,76.811
6/12/19 11:14,73.645,46,1896.2,76.811
6/12/19 11:14,73.645,46,1893.7,76.811
6/12/19 11:14,73.688,46,1893.7,76.811
6/12/19 11:14,73.688,46,1893.7,76.811
6/12/19 11:14,73.688,46,1893.7,76.811
6/12/19 11:14,73.688,45.9,1893.7,76.811
6/12/19 11:14,73.688,45.9,1898.7,76.811
6/12/19 11:14,73.688,45.9,1893.7,76.811
6/12/19 11:14,73.688,45.9,1891.2,76.811
6/12/19 11:14,73.688,45.9,1893.7,76.811
6/12/19 11:14,73.688,45.8,1891.2,76.811
6/12/19 11:14,73.688,45.8,1893.7,76.811
6/12/19 11:14,73.688,45.8,1896.2,76.854
6/12/19 11:14,73.688,45.9,1896.2,76.811
6/12/19 11:14,73.688,45.9,1893.7,76.811
6/12/19 11:14,73.688,45.9,1893.7,76.854
6/12/19 11:14,73.731,45.9,1896.2,76.854
6/12/19 11:14,73.688,45.9,1893.7,76.854
6/12/19 11:14,73.688,45.8,1896.2,76.854
6/12/19 11:14,73.688,45.8,1896.2,76.854
6/12/19 11:14,73.688,45.6,1893.7,76.854
6/12/19 11:14,73.688,45.5,1893.7,76.854
6/12/19 11:14,73.688,45.5,1893.7,76.854
6/12/19 11:14,73.688,45.5,1893.7,76.854
6/12/19 11:14,73.688,45.4,1893.7,76.854
6/12/19 11:14,73.645,45.3,1893.7,76.854
6/12/19 11:14,73.645,45.3,1891.2,76.854
6/12/19 11:14,73.645,45.2,1896.2,76.854
6/12/19 11:14,73.645,45.1,1896.2,76.854
6/12/19 11:14,73.645,45.1,1896.2,76.854
6/12/19 11:14,73.645,45.1,1893.7,76.854
6/12/19 11:14,73.645,45.1,1893.7,76.854
6/12/19 11:14,73.602,44.9,1896.2,76.854
6/12/19 11:14,73.602,44.9,1891.2,76.854
6/12/19 11:14,73.602,44.9,1893.7,76.854
6/12/19 11:14,73.602,44.9,1896.2,76.854
6/12/19 11:14,73.558,44.9,1901.2,76.854
6/12/19 11:14,73.558,44.9,1896.2,76.854
6/12/19 11:14,73.558,45,1893.7,76.854
6/12/19 11:14,73.515,45.1,1888.7,76.854
6/12/19 11:14,73.515,45.1,1898.7,76.854
6/12/19 11:14,73.515,45.2,1898.7,76.854
6/12/19 11:14,73.515,45.2,1893.7,76.854
6/12/19 11:14,73.472,45.2,1893.7,76.854
6/12/19 11:14,73.472,45.3,1898.7,76.854
6/12/19 11:14,73.472,45.3,1901.2,76.854
6/12/19 11:14,73.429,45.3,1901.2,76.854
6/12/19 11:14,73.429,45.3,1901.2,76.854
6/12/19 11:14,73.429,45.3,1896.2,76.899
6/12/19 11:14,73.386,45.4,1901.2,76.854
6/12/19 11:14,73.386,45.3,1901.2,76.854
6/12/19 11:14,73.386,45.4,1898.7,76.899
6/12/19 11:14,73.386,45.5,1896.2,76.854
6/12/19 11:14,73.342,45.5,1898.7,76.899
6/12/19 11:14,73.342,45.5,1901.2,76.899
6/12/19 11:14,73.342,45.4,1901.2,76.899
6/12/19 11:14,73.342,45.4,1901.2,76.899
6/12/19 11:15,73.299,45.2,1901.2,76.899
6/12/19 11:15,73.299,45.1,1901.2,76.899
6/12/19 11:15,73.299,44.9,1901.2,76.899
6/12/19 11:15,73.256,44.8,1901.2,76.899
6/12/19 11:15,73.256,44.7,1898.7,76.899
6/12/19 11:15,73.213,44.6,1898.7,76.899
6/12/19 11:15,73.213,44.5,1898.7,76.899
6/12/19 11:15,73.17,44.5,1903.7,76.899
6/12/19 11:15,73.17,44.4,1901.2,76.899
6/12/19 11:15,73.17,44.4,1898.7,76.899
6/12/19 11:15,73.126,44.3,1901.2,76.899
6/12/19 11:15,73.126,44.3,1901.2,76.899
6/12/19 11:15,73.083,44.2,1898.7,76.899
6/12/19 11:15,73.083,44.2,1903.7,76.899
6/12/19 11:15,73.04,44.2,1901.2,76.899
6/12/19 11:15,73.04,44.2,1906.2,76.899
6/12/19 11:15,73.04,44.2,1903.7,76.899
6/12/19 11:15,72.997,44.2,1903.7,76.899
6/12/19 11:15,72.997,44.2,1903.7,76.899
6/12/19 11:15,72.997,44.2,1903.7,76.899
6/12/19 11:15,72.955,44.2,1906.2,76.899
6/12/19 11:15,72.955,44.2,1906.2,76.899
6/12/19 11:15,72.955,44.2,1903.7,76.899
6/12/19 11:15,72.912,44.2,1903.7,76.899
6/12/19 11:15,72.912,44.2,1906.2,76.899
6/12/19 11:15,72.912,44.3,1906.2,76.899
6/12/19 11:15,72.912,44.3,1906.2,76.942
6/12/19 11:15,72.912,44.3,1901.2,76.942
6/12/19 11:15,72.869,44.3,1901.2,76.942
6/12/19 11:15,72.869,44.3,1903.7,76.942
6/12/19 11:15,72.869,44.4,1903.7,76.942
6/12/19 11:15,72.869,44.5,1903.7,76.942
6/12/19 11:15,72.869,44.5,1906.2,76.942
6/12/19 11:15,72.869,44.6,1906.2,76.942
6/12/19 11:15,72.869,44.6,1901.2,76.942
6/12/19 11:15,72.869,44.7,1911.2,76.942
6/12/19 11:15,72.869,44.8,1903.7,76.942
6/12/19 11:15,72.869,44.8,1901.2,76.942
6/12/19 11:15,72.869,44.9,1906.2,76.942
6/12/19 11:15,72.869,45,1906.2,76.942
6/12/19 11:15,72.869,45.1,1906.2,76.942
6/12/19 11:15,72.912,45.1,1903.7,76.942
6/12/19 11:15,72.912,45.2,1906.2,76.942
6/12/19 11:15,72.912,45.2,1906.2,76.942
6/12/19 11:15,72.912,45.2,1906.2,76.942
6/12/19 11:15,72.912,45.3,1906.2,76.942
6/12/19 11:15,72.912,45.3,1906.2,76.942
6/12/19 11:15,72.912,45.3,1906.2,76.942
6/12/19 11:15,72.955,45.4,1903.7,76.942
6/12/19 11:15,72.955,45.3,1901.2,76.942
6/12/19 11:15,72.955,45.4,1906.2,76.942
6/12/19 11:15,72.955,45.4,1906.2,76.942
6/12/19 11:15,72.955,45.5,1906.2,76.942
6/12/19 11:15,72.955,45.6,1906.2,76.942
6/12/19 11:15,72.955,45.7,1903.7,76.942
6/12/19 11:15,72.997,45.8,1906.2,76.942
6/12/19 11:15,72.955,45.9,1906.2,76.942
6/12/19 11:15,72.997,46,1903.7,76.942
6/12/19 11:15,72.997,46.1,1906.2,76.942
6/12/19 11:15,72.997,46.1,1906.2,76.942
6/12/19 11:16,73.04,46.3,1901.2,76.942
6/12/19 11:16,73.04,46.3,1903.7,76.942
6/12/19 11:16,73.04,46.4,1906.2,76.942
6/12/19 11:16,73.04,46.5,1906.2,76.942
6/12/19 11:16,73.04,46.5,1906.2,76.942
6/12/19 11:16,73.083,46.5,1906.2,76.942
6/12/19 11:16,73.083,46.4,1906.2,76.942
6/12/19 11:16,73.083,46.3,1903.7,76.942
6/12/19 11:16,73.083,46.1,1898.7,76.986
6/12/19 11:16,73.083,46.1,1903.7,76.986
6/12/19 11:16,73.083,45.9,1901.2,76.942
6/12/19 11:16,73.083,45.8,1901.2,76.986
6/12/19 11:16,73.083,45.8,1898.7,76.986
6/12/19 11:16,73.083,45.7,1896.2,76.986
6/12/19 11:16,73.083,45.6,1898.7,76.986
6/12/19 11:16,73.083,45.5,1898.7,76.986
6/12/19 11:16,73.083,45.4,1896.2,76.986
6/12/19 11:16,73.083,45.3,1896.2,76.986
6/12/19 11:16,73.083,45.2,1898.7,76.986
6/12/19 11:16,73.083,45.1,1901.2,76.986
6/12/19 11:16,73.083,44.9,1906.2,76.986
6/12/19 11:16,73.04,44.9,1901.2,76.986
6/12/19 11:16,73.04,44.8,1903.7,76.986
6/12/19 11:16,73.04,44.8,1906.2,76.986
6/12/19 11:16,73.04,44.8,1908.7,76.986
6/12/19 11:16,72.997,44.8,1908.7,76.986
6/12/19 11:16,72.997,44.8,1908.7,76.986
6/12/19 11:16,72.997,44.8,1906.2,76.986
6/12/19 11:16,72.955,44.9,1906.2,76.986
6/12/19 11:16,72.955,45,1908.7,76.986
6/12/19 11:16,72.955,45,1906.2,76.986
6/12/19 11:16,72.955,45.1,1908.7,77.029
6/12/19 11:16,72.955,45.2,1911.2,77.029
6/12/19 11:16,72.912,45.2,1906.2,77.029
6/12/19 11:16,72.912,45.2,1911.2,77.029
6/12/19 11:16,72.912,45.2,1913.7,77.029
6/12/19 11:16,72.912,45.2,1908.7,77.029
6/12/19 11:16,72.912,45.2,1906.2,77.029
6/12/19 11:16,72.869,45.2,1911.2,77.029
6/12/19 11:16,72.869,45.2,1911.2,77.029
6/12/19 11:16,72.869,45.2,1911.2,77.029
6/12/19 11:16,72.869,45.3,1908.7,77.029
6/12/19 11:16,72.869,45.3,1908.7,77.029
6/12/19 11:16,72.869,45.4,1906.2,77.029
6/12/19 11:16,72.869,45.4,1908.7,77.029
6/12/19 11:16,72.826,45.4,1908.7,77.029
6/12/19 11:16,72.826,45.4,1911.2,77.029
6/12/19 11:16,72.826,45.4,1908.7,77.029
6/12/19 11:16,72.826,45.3,1911.2,77.029
6/12/19 11:16,72.826,45.3,1913.7,77.029
6/12/19 11:16,72.826,45.3,1911.2,77.029
6/12/19 11:16,72.826,45.2,1911.2,77.029
6/12/19 11:16,72.826,45.2,1911.2,77.029
6/12/19 11:16,72.783,45.1,1911.2,77.029
6/12/19 11:16,72.783,45,1911.2,77.029
6/12/19 11:16,72.783,44.9,1913.7,77.029
6/12/19 11:16,72.783,44.8,1908.7,77.029
6/12/19 11:16,72.783,44.8,1913.7,77.029
6/12/19 11:16,72.739,44.7,1913.7,77.029
6/12/19 11:16,72.739,44.6,1911.2,77.029
6/12/19 11:17,72.739,44.6,1913.7,77.029
6/12/19 11:17,72.739,44.6,1911.2,77.029
6/12/19 11:17,72.739,44.6,1913.7,77.029
6/12/19 11:17,72.696,44.6,1911.2,77.029
6/12/19 11:17,72.696,44.6,1911.2,77.029
6/12/19 11:17,72.696,44.6,1911.2,77.029
6/12/19 11:17,72.696,44.6,1908.7,77.029
6/12/19 11:17,72.696,44.6,1908.7,77.029
6/12/19 11:17,72.653,44.7,1911.2,77.029
6/12/19 11:17,72.653,44.7,1911.2,77.072
6/12/19 11:17,72.653,44.8,1913.7,77.029
6/12/19 11:17,72.653,44.8,1908.7,77.072
6/12/19 11:17,72.653,44.9,1911.2,77.072
6/12/19 11:17,72.653,45.1,1911.2,77.072
6/12/19 11:17,72.653,45.2,1911.2,77.072
6/12/19 11:17,72.653,45.2,1908.7,77.072
6/12/19 11:17,72.653,45.3,1908.7,77.072
6/12/19 11:17,72.653,45.4,1908.7,77.072
6/12/19 11:17,72.653,45.4,1911.2,77.072
6/12/19 11:17,72.696,45.4,1911.2,77.072
6/12/19 11:17,72.696,45.5,1906.2,77.072
6/12/19 11:17,72.696,45.6,1906.2,77.072
6/12/19 11:17,72.696,45.7,1906.2,77.072
6/12/19 11:17,72.696,45.8,1913.7,77.072
6/12/19 11:17,72.696,45.9,1908.7,77.072
6/12/19 11:17,72.696,46,1911.2,77.072
6/12/19 11:17,72.696,46.1,1908.7,77.072
6/12/19 11:17,72.696,46.1,1911.2,77.072
6/12/19 11:17,72.739,46.1,1906.2,77.072
6/12/19 11:17,72.739,46.1,1911.2,77.072
6/12/19 11:17,72.739,46.3,1911.2,77.072
6/12/19 11:17,72.739,46.3,1908.7,77.072
6/12/19 11:17,72.739,46.4,1911.2,77.072
6/12/19 11:17,72.783,46.4,1911.2,77.072
6/12/19 11:17,72.783,46.4,1906.2,77.072
6/12/19 11:17,72.783,46.4,1908.7,77.072
6/12/19 11:17,72.783,46.4,1911.2,77.072
6/12/19 11:17,72.783,46.4,1913.7,77.072
6/12/19 11:17,72.783,46.4,1911.2,77.072
6/12/19 11:17,72.783,46.3,1911.2,77.072
6/12/19 11:17,72.826,46.3,1911.2,77.117
6/12/19 11:17,72.826,46.2,1911.2,77.117
6/12/19 11:17,72.826,46.1,1911.2,77.117
6/12/19 11:17,72.826,46.1,1906.2,77.117
6/12/19 11:17,72.826,46,1901.2,77.117
6/12/19 11:17,72.826,45.9,1896.2,77.117
6/12/19 11:17,72.826,45.7,1896.2,77.117
6/12/19 11:17,72.826,45.6,1886.2,77.117
6/12/19 11:17,72.826,45.4,1881.2,77.117
6/12/19 11:17,72.826,45.3,1881.2,77.117
6/12/19 11:17,72.783,45.1,1883.7,77.117
6/12/19 11:17,72.783,45,1888.7,77.117
6/12/19 11:17,72.783,44.8,1893.7,77.117
6/12/19 11:17,72.783,44.7,1901.2,77.117
6/12/19 11:17,72.739,44.6,1903.7,77.117
6/12/19 11:17,72.739,44.6,1903.7,77.117
6/12/19 11:17,72.739,44.5,1908.7,77.117
6/12/19 11:17,72.696,44.5,1908.7,77.117
6/12/19 11:17,72.696,44.4,1908.7,77.117
6/12/19 11:17,72.696,44.5,1913.7,77.117
6/12/19 11:18,72.653,44.5,1916.2,77.117
6/12/19 11:18,72.653,44.5,1916.2,77.117
6/12/19 11:18,72.653,44.6,1916.2,77.117
6/12/19 11:18,72.61,44.6,1916.2,77.117
6/12/19 11:18,72.61,44.6,1913.7,77.117
6/12/19 11:18,72.61,44.6,1916.2,77.117
6/12/19 11:18,72.567,44.6,1913.7,77.117
6/12/19 11:18,72.567,44.5,1913.7,77.117
6/12/19 11:18,72.567,44.5,1913.7,77.117
6/12/19 11:18,72.567,44.4,1916.2,77.117
6/12/19 11:18,72.523,44.3,1913.7,77.117
6/12/19 11:18,72.523,44.3,1916.2,77.117
6/12/19 11:18,72.523,44.2,1913.7,77.117
6/12/19 11:18,72.48,44.2,1916.2,77.117
6/12/19 11:18,72.48,44.1,1916.2,77.117
6/12/19 11:18,72.48,44.1,1913.7,77.16
6/12/19 11:18,72.48,44.1,1913.7,77.117
6/12/19 11:18,72.437,44.1,1911.2,77.16
6/12/19 11:18,72.437,44.1,1913.7,77.117
6/12/19 11:18,72.437,44.1,1916.2,77.16
6/12/19 11:18,72.437,44.1,1913.7,77.117
6/12/19 11:18,72.437,44.1,1918.7,77.16
6/12/19 11:18,72.394,44.1,1918.7,77.16
6/12/19 11:18,72.394,44.1,1916.2,77.16
6/12/19 11:18,72.394,44,1916.2,77.16
6/12/19 11:18,72.394,43.9,1916.2,77.16
6/12/19 11:18,72.394,43.8,1913.7,77.16
6/12/19 11:18,72.351,43.8,1913.7,77.16
6/12/19 11:18,72.351,43.7,1916.2,77.16
6/12/19 11:18,72.351,43.6,1916.2,77.16
6/12/19 11:18,72.351,43.5,1916.2,77.16
6/12/19 11:18,72.307,43.5,1916.2,77.16
6/12/19 11:18,72.307,43.4,1913.7,77.16
6/12/19 11:18,72.307,43.4,1916.2,77.16
6/12/19 11:18,72.307,43.5,1913.7,77.16
6/12/19 11:18,72.307,43.5,1916.2,77.16
6/12/19 11:18,72.307,43.6,1916.2,77.16
6/12/19 11:18,72.264,43.6,1916.2,77.16
6/12/19 11:18,72.264,43.7,1918.7,77.16
6/12/19 11:18,72.264,43.8,1918.7,77.16
6/12/19 11:18,72.264,43.9,1916.2,77.16
6/12/19 11:18,72.264,44,1916.2,77.16
6/12/19 11:18,72.264,44.2,1913.7,77.16
6/12/19 11:18,72.264,44.2,1916.2,77.16
6/12/19 11:18,72.264,44.4,1916.2,77.16
6/12/19 11:18,72.264,44.5,1916.2,77.16
6/12/19 11:18,72.264,44.5,1913.7,77.16
6/12/19 11:18,72.264,44.6,1916.2,77.16
6/12/19 11:18,72.264,44.6,1916.2,77.16
6/12/19 11:18,72.264,44.6,1916.2,77.16
6/12/19 11:18,72.264,44.6,1916.2,77.16
6/12/19 11:18,72.264,44.5,1916.2,77.16
6/12/19 11:18,72.264,44.5,1913.7,77.16
6/12/19 11:18,72.264,44.4,1913.7,77.16
6/12/19 11:18,72.264,44.4,1916.2,77.16
6/12/19 11:18,72.264,44.5,1911.2,77.16
6/12/19 11:18,72.264,44.5,1916.2,77.203
6/12/19 11:18,72.264,44.6,1916.2,77.203
6/12/19 11:18,72.264,44.6,1916.2,77.16
6/12/19 11:18,72.264,44.6,1916.2,77.16
6/12/19 11:19,72.264,44.7,1921.2,77.203
6/12/19 11:19,72.264,44.8,1923.7,77.203
6/12/19 11:19,72.264,44.9,1926.2,77.203
6/12/19 11:19,72.264,44.9,1926.2,77.203
6/12/19 11:19,72.307,45,1928.7,77.203
6/12/19 11:19,72.307,45,1928.7,77.203
6/12/19 11:19,72.307,44.9,1928.7,77.203
6/12/19 11:19,72.307,44.9,1926.2,77.203
6/12/19 11:19,72.307,44.7,1926.2,77.203
6/12/19 11:19,72.307,44.7,1926.2,77.203
6/12/19 11:19,72.307,44.6,1926.2,77.203
6/12/19 11:19,72.307,44.6,1926.2,77.203
6/12/19 11:19,72.307,44.5,1923.7,77.203
6/12/19 11:19,72.264,44.5,1926.2,77.203
6/12/19 11:19,72.264,44.5,1923.7,77.203
6/12/19 11:19,72.264,44.4,1926.2,77.203
6/12/19 11:19,72.264,44.3,1921.2,77.203
6/12/19 11:19,72.264,44.3,1908.7,77.203
6/12/19 11:19,72.221,44.3,1903.7,77.203
6/12/19 11:19,72.221,44.3,1906.2,77.203
6/12/19 11:19,72.221,44.3,1908.7,77.203
6/12/19 11:19,72.221,44.3,1911.2,77.203
6/12/19 11:19,72.221,44.2,1918.7,77.203
6/12/19 11:19,72.178,44.2,1926.2,77.203
6/12/19 11:19,72.178,44.2,1931.2,77.203
6/12/19 11:19,72.178,44.2,1928.7,77.203
6/12/19 11:19,72.136,44.2,1926.2,77.203
6/12/19 11:19,72.136,44.2,1926.2,77.203
6/12/19 11:19,72.136,44.2,1923.7,77.203
6/12/19 11:19,72.093,44.2,1928.7,77.203
6/12/19 11:19,72.093,44.3,1923.7,77.203
6/12/19 11:19,72.093,44.4,1923.7,77.203
6/12/19 11:19,72.093,44.5,1928.7,77.203
6/12/19 11:19,72.05,44.6,1926.2,77.203
6/12/19 11:19,72.05,44.8,1926.2,77.203
6/12/19 11:19,72.05,45,1926.2,77.203
6/12/19 11:19,72.05,45.2,1926.2,77.203
6/12/19 11:19,72.05,45.4,1916.2,77.203
6/12/19 11:19,72.05,45.4,1921.2,77.203
6/12/19 11:19,72.05,45.5,1921.2,77.247
6/12/19 11:19,72.007,45.6,1921.2,77.203
6/12/19 11:19,72.05,45.6,1923.7,77.203
6/12/19 11:19,72.05,45.7,1921.2,77.247
6/12/19 11:19,72.007,45.7,1918.7,77.247
6/12/19 11:19,72.05,45.7,1921.2,77.247
6/12/19 11:19,72.007,45.8,1918.7,77.247
6/12/19 11:19,72.007,45.8,1921.2,77.247
6/12/19 11:19,72.05,45.8,1923.7,77.247
6/12/19 11:19,72.05,45.8,1911.2,77.247
6/12/19 11:19,72.05,45.8,1911.2,77.247
6/12/19 11:19,72.05,45.8,1916.2,77.247
6/12/19 11:19,72.05,45.7,1916.2,77.247
6/12/19 11:19,72.05,45.7,1911.2,77.247
6/12/19 11:19,72.05,45.5,1906.2,77.247
6/12/19 11:19,72.05,45.4,1903.7,77.247
6/12/19 11:19,72.05,45.3,1903.7,77.247
6/12/19 11:19,72.007,45.3,1901.2,77.247
6/12/19 11:19,72.007,45.2,1898.7,77.247
6/12/19 11:19,72.007,45.3,1896.2,77.247
6/12/19 11:19,72.007,45.2,1896.2,77.247
6/12/19 11:20,72.007,45.1,1891.2,77.247
6/12/19 11:20,72.007,45.1,1888.7,77.247
6/12/19 11:20,72.007,45,1888.7,77.247
6/12/19 11:20,71.964,45,1883.7,77.247
6/12/19 11:20,71.964,44.9,1881.2,77.247
6/12/19 11:20,71.964,44.9,1878.7,77.247
6/12/19 11:20,71.964,45,1868.7,77.247
6/12/19 11:20,71.964,45,1863.7,77.247
6/12/19 11:20,71.964,45,1853.7,77.247
6/12/19 11:20,71.964,45.1,1853.7,77.247
6/12/19 11:20,71.92,45.1,1856.2,77.247
6/12/19 11:20,71.92,45.1,1846.2,77.247
6/12/19 11:20,71.92,45.1,1851.2,77.247
6/12/19 11:20,71.92,45.1,1848.7,77.292
6/12/19 11:20,71.92,45.2,1858.7,77.292
6/12/19 11:20,71.92,45.2,1866.2,77.292
6/12/19 11:20,71.92,45.2,1861.2,77.292
6/12/19 11:20,71.92,45.3,1866.2,77.292
6/12/19 11:20,71.92,45.3,1858.7,77.292
6/12/19 11:20,71.92,45.3,1863.7,77.292
6/12/19 11:20,71.877,45.4,1861.2,77.292
6/12/19 11:20,71.92,45.4,1861.2,77.292
6/12/19 11:20,71.92,45.5,1866.2,77.292
6/12/19 11:20,71.92,45.5,1868.7,77.292
6/12/19 11:20,71.92,45.6,1863.7,77.292
6/12/19 11:20,71.92,45.5,1858.7,77.292
6/12/19 11:20,71.92,45.4,1856.2,77.292
6/12/19 11:20,71.92,45.4,1863.7,77.292
6/12/19 11:20,71.92,45.3,1858.7,77.292
6/12/19 11:20,71.92,45.3,1866.2,77.292
6/12/19 11:20,71.92,45.2,1871.2,77.292
6/12/19 11:20,71.92,45.2,1868.7,77.292
6/12/19 11:20,71.92,45.1,1871.2,77.292
6/12/19 11:20,71.92,45.1,1878.7,77.292
6/12/19 11:20,71.92,45,1886.2,77.292
6/12/19 11:20,71.92,45,1886.2,77.292
6/12/19 11:20,71.92,45,1888.7,77.292
6/12/19 11:20,71.92,45,1888.7,77.292
6/12/19 11:20,71.877,44.9,1898.7,77.292
6/12/19 11:20,71.877,44.9,1898.7,77.292
6/12/19 11:20,71.877,44.9,1893.7,77.292
6/12/19 11:20,71.877,44.9,1901.2,77.292
6/12/19 11:20,71.877,44.9,1903.7,77.292
6/12/19 11:20,71.877,45,1901.2,77.292
6/12/19 11:20,71.877,45,1898.7,77.292
6/12/19 11:20,71.877,45,1893.7,77.292
6/12/19 11:20,71.877,45,1888.7,77.292
6/12/19 11:20,71.877,45.1,1883.7,77.292
6/12/19 11:20,71.877,45.1,1886.2,77.292
6/12/19 11:20,71.877,45,1888.7,77.292
6/12/19 11:20,71.877,45,1893.7,77.292
6/12/19 11:20,71.877,45,1896.2,77.292
6/12/19 11:20,71.877,45,1896.2,77.335
6/12/19 11:20,71.877,45,1898.7,77.335
6/12/19 11:20,71.877,44.9,1896.2,77.335
6/12/19 11:20,71.877,44.9,1893.7,77.335
6/12/19 11:20,71.877,44.9,1898.7,77.335
6/12/19 11:20,71.877,44.8,1908.7,77.335
6/12/19 11:20,71.877,44.9,1911.2,77.292
6/12/19 11:20,71.877,44.9,1906.2,77.335
6/12/19 11:21,71.877,44.8,1898.7,77.335
6/12/19 11:21,71.877,44.8,1893.7,77.335
6/12/19 11:21,71.877,44.8,1891.2,77.335
6/12/19 11:21,71.834,44.8,1888.7,77.335
6/12/19 11:21,71.834,44.8,1886.2,77.335
6/12/19 11:21,71.834,44.8,1883.7,77.335
6/12/19 11:21,71.834,44.8,1876.2,77.335
6/12/19 11:21,71.834,44.8,1876.2,77.335
6/12/19 11:21,71.834,44.8,1873.7,77.335
6/12/19 11:21,71.834,44.8,1871.2,77.335
6/12/19 11:21,71.834,44.8,1868.7,77.335
6/12/19 11:21,71.834,44.9,1868.7,77.335
6/12/19 11:21,71.834,45,1871.2,77.335
6/12/19 11:21,71.834,45,1873.7,77.335
6/12/19 11:21,71.834,45,1878.7,77.335
6/12/19 11:21,71.834,45,1881.2,77.335
6/12/19 11:21,71.791,45,1886.2,77.335
6/12/19 11:21,71.791,45.1,1883.7,77.335
6/12/19 11:21,71.791,45.1,1878.7,77.335
6/12/19 11:21,71.791,45.1,1896.2,77.335
6/12/19 11:21,71.791,45.1,1896.2,77.378
6/12/19 11:21,71.791,45.2,1893.7,77.335
6/12/19 11:21,71.834,45.2,1898.7,77.335
6/12/19 11:21,71.791,45.2,1908.7,77.378
6/12/19 11:21,71.791,45.3,1906.2,77.378
6/12/19 11:21,71.834,45.3,1898.7,77.378
6/12/19 11:21,71.791,45.4,1876.2,77.378
6/12/19 11:21,71.834,45.4,1863.7,77.378
6/12/19 11:21,71.834,45.5,1856.2,77.378
6/12/19 11:21,71.834,45.6,1866.2,77.378
6/12/19 11:21,71.834,45.6,1868.7,77.378
6/12/19 11:21,71.834,45.7,1868.7,77.378
6/12/19 11:21,71.834,45.8,1863.7,77.378
6/12/19 11:21,71.834,45.9,1858.7,77.378
6/12/19 11:21,71.834,46,1843.7,77.378
6/12/19 11:21,71.877,46,1838.7,77.378
6/12/19 11:21,71.877,46,1846.2,77.378
6/12/19 11:21,71.877,46,1836.2,77.378
6/12/19 11:21,71.877,46.1,1831.2,77.378
6/12/19 11:21,71.877,46.2,1813.7,77.378
6/12/19 11:21,71.877,46.3,1801.2,77.378
6/12/19 11:21,71.92,46.3,1803.7,77.378
6/12/19 11:21,71.92,46.4,1816.2,77.378
6/12/19 11:21,71.92,46.4,1821.2,77.378
6/12/19 11:21,71.92,46.4,1808.7,77.378
6/12/19 11:21,71.92,46.5,1811.2,77.378
6/12/19 11:21,71.964,46.5,1841.2,77.378
6/12/19 11:21,71.964,46.5,1851.2,77.378
6/12/19 11:21,71.964,46.5,1841.2,77.378
6/12/19 11:21,71.964,46.5,1786.2,77.378
6/12/19 11:21,71.964,46.4,1736.2,77.378
6/12/19 11:21,71.964,46.5,1728.7,77.378
6/12/19 11:21,71.964,46.5,1733.7,77.378
6/12/19 11:21,71.964,46.5,1733.7,77.378
6/12/19 11:21,72.007,46.5,1743.7,77.378
6/12/19 11:21,72.007,46.5,1758.7,77.378
6/12/19 11:21,72.007,46.5,1763.7,77.378
6/12/19 11:21,72.007,46.5,1763.7,77.378
6/12/19 11:21,72.007,46.5,1786.2,77.421
6/12/19 11:21,72.007,46.5,1806.2,77.378
6/12/19 11:22,72.007,46.4,1806.2,77.421
6/12/19 11:22,72.05,46.4,1811.2,77.378
6/12/19 11:22,72.05,46.4,1821.2,77.378
6/12/19 11:22,72.05,46.4,1826.2,77.421
6/12/19 11:22,72.05,46.4,1813.7,77.421
6/12/19 11:22,72.05,46.4,1816.2,77.378
6/12/19 11:22,72.05,46.4,1823.7,77.421
6/12/19 11:22,72.05,46.4,1841.2,77.421
6/12/19 11:22,72.05,46.4,1843.7,77.421
6/12/19 11:22,72.05,46.4,1843.7,77.421
6/12/19 11:22,72.05,46.4,1853.7,77.421
6/12/19 11:22,72.05,46.3,1856.2,77.421
6/12/19 11:22,72.093,46.3,1856.2,77.421
6/12/19 11:22,72.093,46.2,1846.2,77.421
6/12/19 11:22,72.093,46.1,1833.7,77.421
6/12/19 11:22,72.093,46.1,1828.7,77.421
6/12/19 11:22,72.093,46,1836.2,77.421
6/12/19 11:22,72.093,46,1841.2,77.421
6/12/19 11:22,72.093,46,1843.7,77.421
6/12/19 11:22,72.093,46,1851.2,77.421
6/12/19 11:22,72.093,46,1856.2,77.421
6/12/19 11:22,72.093,46,1863.7,77.421
6/12/19 11:22,72.093,46,1866.2,77.421
6/12/19 11:22,72.093,46,1868.7,77.421
6/12/19 11:22,72.093,46,1876.2,77.421
6/12/19 11:22,72.093,46,1881.2,77.421
6/12/19 11:22,72.093,46,1888.7,77.421
6/12/19 11:22,72.093,46,1893.7,77.421
6/12/19 11:22,72.136,46,1896.2,77.421
6/12/19 11:22,72.136,46,1906.2,77.421
6/12/19 11:22,72.136,46,1908.7,77.421
6/12/19 11:22,72.136,45.9,1913.7,77.421
6/12/19 11:22,72.136,45.9,1908.7,77.421
6/12/19 11:22,72.136,45.9,1901.2,77.421
6/12/19 11:22,72.136,45.9,1898.7,77.421
6/12/19 11:22,72.136,45.9,1898.7,77.421
6/12/19 11:22,72.136,45.9,1898.7,77.421
6/12/19 11:22,72.136,45.9,1896.2,77.421
6/12/19 11:22,72.136,45.9,1903.7,77.464
6/12/19 11:22,72.136,45.9,1903.7,77.421
6/12/19 11:22,72.178,45.9,1908.7,77.421
6/12/19 11:22,72.178,45.9,1908.7,77.464
6/12/19 11:22,72.178,45.9,1906.2,77.464
6/12/19 11:22,72.178,45.9,1903.7,77.464
6/12/19 11:22,72.178,45.9,1901.2,77.464
6/12/19 11:22,72.178,45.9,1896.2,77.464
6/12/19 11:22,72.178,46,1898.7,77.464
6/12/19 11:22,72.221,46,1886.2,77.464
6/12/19 11:22,72.221,46,1881.2,77.464
6/12/19 11:22,72.221,46,1886.2,77.464
6/12/19 11:22,72.221,46,1886.2,77.464
6/12/19 11:22,72.221,46,1881.2,77.464
6/12/19 11:22,72.221,46,1878.7,77.464
6/12/19 11:22,72.264,46.1,1881.2,77.464
6/12/19 11:22,72.264,46.1,1873.7,77.464
6/12/19 11:22,72.264,46.1,1871.2,77.464
6/12/19 11:22,72.264,46.1,1868.7,77.464
6/12/19 11:22,72.264,46.1,1868.7,77.464
6/12/19 11:22,72.307,46.1,1866.2,77.464
6/12/19 11:22,72.307,46,1851.2,77.464
6/12/19 11:23,72.307,45.9,1833.7,77.464
6/12/19 11:23,72.307,45.8,1826.2,77.464
6/12/19 11:23,72.307,45.7,1813.7,77.464
6/12/19 11:23,72.307,45.6,1811.2,77.464
6/12/19 11:23,72.307,45.7,1813.7,77.464
6/12/19 11:23,72.307,45.5,1818.7,77.464
6/12/19 11:23,72.307,45.5,1833.7,77.464
6/12/19 11:23,72.307,45.4,1833.7,77.464
6/12/19 11:23,72.307,45.4,1826.2,77.464
6/12/19 11:23,72.307,45.4,1818.7,77.464
6/12/19 11:23,72.307,45.3,1806.2,77.464
6/12/19 11:23,72.307,45.3,1798.7,77.464
6/12/19 11:23,72.307,45.2,1781.2,77.464
6/12/19 11:23,72.307,45.2,1766.2,77.464
6/12/19 11:23,72.307,45.2,1771.2,77.464
6/12/19 11:23,72.307,45.2,1781.2,77.464
6/12/19 11:23,72.307,45.2,1793.7,77.509
6/12/19 11:23,72.307,45.2,1793.7,77.509
6/12/19 11:23,72.307,45.2,1788.7,77.509
6/12/19 11:23,72.264,45.2,1776.2,77.464
6/12/19 11:23,72.264,45.2,1766.2,77.509
6/12/19 11:23,72.264,45.2,1761.2,77.509
6/12/19 11:23,72.264,45.1,1761.2,77.509
6/12/19 11:23,72.264,45.1,1758.7,77.509
6/12/19 11:23,72.264,45.1,1756.2,77.509
6/12/19 11:23,72.264,45.1,1753.7,77.509
6/12/19 11:23,72.264,45.1,1753.7,77.509
6/12/19 11:23,72.264,45,1748.7,77.509
6/12/19 11:23,72.264,44.9,1741.2,77.509
6/12/19 11:23,72.264,44.9,1731.2,77.509
6/12/19 11:23,72.264,44.9,1718.7,77.509
6/12/19 11:23,72.264,44.9,1706.2,77.509
6/12/19 11:23,72.264,44.9,1703.7,77.509
6/12/19 11:23,72.264,44.9,1688.7,77.509
6/12/19 11:23,72.264,44.9,1666.2,77.509
6/12/19 11:23,72.264,44.9,1661.2,77.509
6/12/19 11:23,72.264,45,1653.7,77.509
6/12/19 11:23,72.264,45,1646.2,77.509
6/12/19 11:23,72.264,45,1651.2,77.509
6/12/19 11:23,72.264,45,1663.7,77.509
6/12/19 11:23,72.264,45,1668.7,77.509
6/12/19 11:23,72.264,45,1668.7,77.509
6/12/19 11:23,72.264,45.1,1673.7,77.509
6/12/19 11:23,72.264,45.1,1663.7,77.509
6/12/19 11:23,72.264,45.1,1648.7,77.509
6/12/19 11:23,72.307,45.1,1648.7,77.509
6/12/19 11:23,72.307,45.1,1646.2,77.509
6/12/19 11:23,72.307,45.1,1641.2,77.553
6/12/19 11:23,72.307,45.1,1638.7,77.553
6/12/19 11:23,72.307,45.1,1628.7,77.553
6/12/19 11:23,72.307,45.1,1636.2,77.553
6/12/19 11:23,72.307,45.2,1633.7,77.553
6/12/19 11:23,72.307,45.2,1626.2,77.553
6/12/19 11:23,72.307,45.2,1611.2,77.553
6/12/19 11:23,72.307,45.2,1598.7,77.553
6/12/19 11:23,72.307,45.3,1591.2,77.553
6/12/19 11:23,72.351,45.3,1581.2,77.553
6/12/19 11:23,72.351,45.4,1578.7,77.553
6/12/19 11:23,72.351,45.4,1566.2,77.553
6/12/19 11:23,72.351,45.4,1553.7,77.553
6/12/19 11:24,72.351,45.4,1548.7,77.553
6/12/19 11:24,72.351,45.4,1563.7,77.553
6/12/19 11:24,72.351,45.4,1583.7,77.553
6/12/19 11:24,72.351,45.5,1608.7,77.553
6/12/19 11:24,72.351,45.4,1631.2,77.553
6/12/19 11:24,72.351,45.4,1636.2,77.553
6/12/19 11:24,72.394,45.4,1633.7,77.553
6/12/19 11:24,72.394,45.4,1651.2,77.553
6/12/19 11:24,72.394,45.3,1671.2,77.553
6/12/19 11:24,72.394,45.2,1696.2,77.553
6/12/19 11:24,72.394,45.1,1733.7,77.553
6/12/19 11:24,72.394,45,1758.7,77.553
6/12/19 11:24,72.351,44.9,1771.2,77.553
6/12/19 11:24,72.351,44.8,1783.7,77.553
6/12/19 11:24,72.351,44.7,1783.7,77.553
6/12/19 11:24,72.351,44.7,1793.7,77.553
6/12/19 11:24,72.351,44.6,1801.2,77.553
6/12/19 11:24,72.351,44.6,1801.2,77.553
6/12/19 11:24,72.351,44.5,1801.2,77.553
6/12/19 11:24,72.351,44.5,1813.7,77.553
6/12/19 11:24,72.351,44.4,1836.2,77.553
6/12/19 11:24,72.351,44.4,1856.2,77.553
6/12/19 11:24,72.351,44.4,1863.7,77.553
6/12/19 11:24,72.351,44.3,1868.7,77.553
6/12/19 11:24,72.351,44.3,1863.7,77.553
6/12/19 11:24,72.351,44.3,1858.7,77.553
6/12/19 11:24,72.307,44.3,1858.7,77.553
6/12/19 11:24,72.307,44.3,1853.7,77.553
6/12/19 11:24,72.351,44.2,1841.2,77.596
6/12/19 11:24,72.307,44.2,1841.2,77.553
6/12/19 11:24,72.307,44.2,1843.7,77.596
6/12/19 11:24,72.307,44.2,1846.2,77.596
6/12/19 11:24,72.307,44.2,1846.2,77.596
6/12/19 11:24,72.307,44.2,1851.2,77.596
6/12/19 11:24,72.307,44.2,1858.7,77.596
6/12/19 11:24,72.307,44.2,1871.2,77.596
6/12/19 11:24,72.307,44.2,1886.2,77.596
6/12/19 11:24,72.307,44.2,1888.7,77.596
6/12/19 11:24,72.307,44.2,1886.2,77.596
6/12/19 11:24,72.351,44.2,1886.2,77.596
6/12/19 11:24,72.351,44.3,1893.7,77.596
6/12/19 11:24,72.351,44.3,1886.2,77.596
6/12/19 11:24,72.351,44.3,1871.2,77.596
6/12/19 11:24,72.351,44.3,1881.2,77.596
6/12/19 11:24,72.351,44.3,1886.2,77.596
6/12/19 11:24,72.351,44.3,1868.7,77.596
6/12/19 11:24,72.351,44.3,1848.7,77.596
6/12/19 11:24,72.351,44.3,1853.7,77.596
6/12/19 11:24,72.351,44.3,1861.2,77.596
6/12/19 11:24,72.351,44.2,1863.7,77.596
6/12/19 11:24,72.351,44.2,1863.7,77.596
6/12/19 11:24,72.351,44.2,1876.2,77.596
6/12/19 11:24,72.351,44.2,1883.7,77.596
6/12/19 11:24,72.351,44.2,1871.2,77.596
6/12/19 11:24,72.351,44.2,1858.7,77.596
6/12/19 11:24,72.351,44.1,1848.7,77.596
6/12/19 11:24,72.351,44.1,1848.7,77.596
6/12/19 11:24,72.351,44.1,1848.7,77.596
6/12/19 11:24,72.351,44,1843.7,77.596
6/12/19 11:24,72.351,44,1856.2,77.596
6/12/19 11:25,72.351,44,1868.7,77.639
6/12/19 11:25,72.351,43.9,1898.7,77.639
6/12/19 11:25,72.351,43.9,1921.2,77.596
6/12/19 11:25,72.351,43.9,1931.2,77.639
6/12/19 11:25,72.394,43.9,1931.2,77.596
6/12/19 11:25,72.351,43.8,1931.2,77.639
6/12/19 11:25,72.394,43.9,1928.7,77.639
6/12/19 11:25,72.394,43.9,1916.2,77.639
6/12/19 11:25,72.394,43.9,1906.2,77.639
6/12/19 11:25,72.394,43.9,1906.2,77.639
6/12/19 11:25,72.394,43.8,1911.2,77.639
6/12/19 11:25,72.394,43.8,1913.7,77.639
6/12/19 11:25,72.394,43.8,1916.2,77.639
6/12/19 11:25,72.394,43.8,1921.2,77.639
6/12/19 11:25,72.394,43.8,1921.2,77.639
6/12/19 11:25,72.394,43.8,1918.7,77.639
6/12/19 11:25,72.394,43.8,1903.7,77.639
6/12/19 11:25,72.394,43.8,1883.7,77.639
6/12/19 11:25,72.437,43.7,1841.2,77.639
6/12/19 11:25,72.437,43.7,1821.2,77.639
6/12/19 11:25,72.437,43.7,1836.2,77.639
6/12/19 11:25,72.437,43.7,1873.7,77.639
6/12/19 11:25,72.437,43.6,1908.7,77.639
6/12/19 11:25,72.437,43.6,1911.2,77.639
6/12/19 11:25,72.437,43.6,1906.2,77.639
6/12/19 11:25,72.437,43.6,1906.2,77.639
6/12/19 11:25,72.48,43.5,1893.7,77.639
6/12/19 11:25,72.48,43.5,1876.2,77.639
6/12/19 11:25,72.48,43.5,1871.2,77.639
6/12/19 11:25,72.48,43.5,1871.2,77.639
6/12/19 11:25,72.48,43.5,1856.2,77.639
6/12/19 11:25,72.48,43.6,1843.7,77.639
6/12/19 11:25,72.523,43.6,1851.2,77.639
6/12/19 11:25,72.523,43.6,1846.2,77.639
6/12/19 11:25,72.523,43.7,1811.2,77.639
6/12/19 11:25,72.523,43.7,1793.7,77.639
6/12/19 11:25,72.567,43.7,1828.7,77.639
6/12/19 11:25,72.567,43.8,1833.7,77.639
6/12/19 11:25,72.567,43.8,1841.2,77.639
6/12/19 11:25,72.567,43.8,1838.7,77.639
6/12/19 11:25,72.61,43.8,1831.2,77.639
6/12/19 11:25,72.61,43.8,1803.7,77.639
6/12/19 11:25,72.61,43.8,1813.7,77.639
6/12/19 11:25,72.653,43.9,1856.2,77.684
6/12/19 11:25,72.653,43.9,1873.7,77.639
6/12/19 11:25,72.653,43.9,1871.2,77.684
6/12/19 11:25,72.696,43.8,1866.2,77.684
6/12/19 11:25,72.696,43.8,1871.2,77.684
6/12/19 11:25,72.696,43.8,1886.2,77.684
6/12/19 11:25,72.696,43.8,1903.7,77.684
6/12/19 11:25,72.739,43.7,1903.7,77.684
6/12/19 11:25,72.739,43.7,1878.7,77.684
6/12/19 11:25,72.739,43.6,1851.2,77.684
6/12/19 11:25,72.739,43.6,1866.2,77.684
6/12/19 11:25,72.739,43.6,1918.7,77.684
6/12/19 11:25,72.783,43.6,1918.7,77.684
6/12/19 11:25,72.783,43.6,1911.2,77.684
6/12/19 11:25,72.783,43.6,1911.2,77.684
6/12/19 11:25,72.783,43.6,1913.7,77.684
6/12/19 11:25,72.783,43.6,1911.2,77.684
6/12/19 11:26,72.826,43.6,1908.7,77.684
6/12/19 11:26,72.826,43.6,1911.2,77.684
6/12/19 11:26,72.826,43.6,1926.2,77.684
6/12/19 11:26,72.826,43.6,1933.7,77.684
6/12/19 11:26,72.869,43.6,1933.7,77.684
6/12/19 11:26,72.869,43.6,1926.2,77.684
6/12/19 11:26,72.869,43.6,1913.7,77.684
6/12/19 11:26,72.869,43.6,1903.7,77.684
6/12/19 11:26,72.912,43.6,1886.2,77.684
6/12/19 11:26,72.912,43.6,1866.2,77.684
6/12/19 11:26,72.912,43.6,1851.2,77.684
6/12/19 11:26,72.912,43.6,1853.7,77.727
6/12/19 11:26,72.912,43.5,1858.7,77.684
6/12/19 11:26,72.955,43.5,1866.2,77.684
6/12/19 11:26,72.955,43.6,1873.7,77.684
6/12/19 11:26,72.955,43.5,1881.2,77.727
6/12/19 11:26,72.955,43.5,1891.2,77.727
6/12/19 11:26,72.997,43.5,1886.2,77.727
6/12/19 11:26,72.997,43.6,1896.2,77.727
6/12/19 11:26,72.997,43.6,1896.2,77.727
6/12/19 11:26,72.997,43.6,1891.2,77.727
6/12/19 11:26,73.04,43.6,1871.2,77.727
6/12/19 11:26,73.04,43.6,1868.7,77.727
6/12/19 11:26,73.04,43.6,1868.7,77.727
6/12/19 11:26,73.083,43.6,1871.2,77.727
6/12/19 11:26,73.083,43.5,1853.7,77.727
6/12/19 11:26,73.083,43.6,1826.2,77.727
6/12/19 11:26,73.126,43.6,1811.2,77.727
6/12/19 11:26,73.126,43.6,1788.7,77.727
6/12/19 11:26,73.126,43.6,1788.7,77.727
6/12/19 11:26,73.126,43.6,1793.7,77.727
6/12/19 11:26,73.17,43.6,1786.2,77.727
6/12/19 11:26,73.17,43.6,1806.2,77.727
6/12/19 11:26,73.17,43.6,1838.7,77.727
6/12/19 11:26,73.213,43.6,1858.7,77.727
6/12/19 11:26,73.213,43.6,1858.7,77.727
6/12/19 11:26,73.213,43.5,1833.7,77.727
6/12/19 11:26,73.256,43.5,1841.2,77.727
6/12/19 11:26,73.256,43.5,1883.7,77.727
6/12/19 11:26,73.256,43.5,1911.2,77.727
6/12/19 11:26,73.299,43.5,1921.2,77.727
6/12/19 11:26,73.299,43.4,1926.2,77.727
6/12/19 11:26,73.299,43.4,1921.2,77.727
6/12/19 11:26,73.342,43.4,1926.2,77.727
6/12/19 11:26,73.342,43.4,1926.2,77.727
6/12/19 11:26,73.342,43.3,1923.7,77.727
6/12/19 11:26,73.386,43.2,1921.2,77.727
6/12/19 11:26,73.386,43.2,1921.2,77.77
6/12/19 11:26,73.386,43.1,1926.2,77.727
6/12/19 11:26,73.386,43.1,1916.2,77.77
6/12/19 11:26,73.429,43,1921.2,77.727
6/12/19 11:26,73.429,43,1918.7,77.77
6/12/19 11:26,73.429,42.9,1921.2,77.77
6/12/19 11:26,73.429,42.8,1923.7,77.77
6/12/19 11:26,73.472,42.8,1921.2,77.77
6/12/19 11:26,73.472,42.7,1921.2,77.77
6/12/19 11:26,73.472,42.6,1918.7,77.77
6/12/19 11:26,73.472,42.6,1913.7,77.77
6/12/19 11:26,73.472,42.6,1918.7,77.77
6/12/19 11:26,73.472,42.5,1921.2,77.77
6/12/19 11:27,73.472,42.5,1918.7,77.77
6/12/19 11:27,73.472,42.5,1921.2,77.77
6/12/19 11:27,73.515,42.5,1913.7,77.77
6/12/19 11:27,73.515,42.5,1911.2,77.77
6/12/19 11:27,73.515,42.5,1916.2,77.77
6/12/19 11:27,73.515,42.5,1916.2,77.77
6/12/19 11:27,73.515,42.5,1913.7,77.77
6/12/19 11:27,73.515,42.5,1913.7,77.77
6/12/19 11:27,73.515,42.5,1913.7,77.77
6/12/19 11:27,73.515,42.6,1911.2,77.77
6/12/19 11:27,73.558,42.6,1916.2,77.77
6/12/19 11:27,73.558,42.7,1916.2,77.77
6/12/19 11:27,73.558,42.8,1916.2,77.77
6/12/19 11:27,73.558,42.8,1918.7,77.77
6/12/19 11:27,73.558,42.8,1918.7,77.77
6/12/19 11:27,73.558,42.9,1923.7,77.77
6/12/19 11:27,73.558,43,1923.7,77.815
6/12/19 11:27,73.602,43,1923.7,77.77
6/12/19 11:27,73.602,43.1,1891.2,77.815
6/12/19 11:27,73.602,43.1,1888.7,77.815
6/12/19 11:27,73.602,43.1,1926.2,77.815
6/12/19 11:27,73.645,43.1,1931.2,77.815
6/12/19 11:27,73.645,43.2,1931.2,77.815
6/12/19 11:27,73.645,43.2,1931.2,77.815
6/12/19 11:27,73.645,43.2,1931.2,77.815
6/12/19 11:27,73.688,43.3,1933.7,77.815
6/12/19 11:27,73.688,43.3,1931.2,77.815
6/12/19 11:27,73.688,43.4,1928.7,77.815
6/12/19 11:27,73.688,43.5,1931.2,77.815
6/12/19 11:27,73.731,43.5,1916.2,77.815
6/12/19 11:27,73.731,43.6,1923.7,77.815
6/12/19 11:27,73.731,43.6,1933.7,77.815
6/12/19 11:27,73.774,43.7,1926.2,77.815
6/12/19 11:27,73.774,43.8,1931.2,77.815
6/12/19 11:27,73.774,43.8,1931.2,77.815
6/12/19 11:27,73.774,43.9,1931.2,77.815
6/12/19 11:27,73.818,43.9,1933.7,77.815
6/12/19 11:27,73.818,43.9,1931.2,77.815
6/12/19 11:27,73.818,43.8,1931.2,77.815
6/12/19 11:27,73.818,43.8,1931.2,77.815
6/12/19 11:27,73.861,43.7,1931.2,77.815
6/12/19 11:27,73.861,43.7,1933.7,77.815
6/12/19 11:27,73.861,43.7,1928.7,77.815
6/12/19 11:27,73.861,43.6,1933.7,77.815
6/12/19 11:27,73.861,43.6,1938.7,77.815
6/12/19 11:27,73.904,43.4,1933.7,77.815
6/12/19 11:27,73.904,43.3,1933.7,77.815
6/12/19 11:27,73.904,43.3,1931.2,77.859
6/12/19 11:27,73.904,43.2,1931.2,77.859
6/12/19 11:27,73.904,43.1,1933.7,77.859
6/12/19 11:27,73.947,43.1,1931.2,77.859
6/12/19 11:27,73.947,43.1,1928.7,77.859
6/12/19 11:27,73.947,43,1931.2,77.859
6/12/19 11:27,73.947,43,1931.2,77.859
6/12/19 11:27,73.947,43,1931.2,77.859
6/12/19 11:27,73.947,43,1928.7,77.859
6/12/19 11:27,73.947,43,1933.7,77.859
6/12/19 11:27,73.947,43,1933.7,77.859
6/12/19 11:27,73.947,43,1931.2,77.859
6/12/19 11:27,73.947,43,1931.2,77.859
6/12/19 11:28,73.947,43,1928.7,77.859
6/12/19 11:28,73.947,43,1923.7,77.859
6/12/19 11:28,73.947,43,1923.7,77.859
6/12/19 11:28,73.947,43.1,1923.7,77.859
6/12/19 11:28,73.947,43.1,1926.2,77.859
6/12/19 11:28,73.99,43.1,1928.7,77.859
6/12/19 11:28,73.99,43,1931.2,77.859
6/12/19 11:28,73.99,43,1931.2,77.859
6/12/19 11:28,73.99,42.9,1928.7,77.859
6/12/19 11:28,73.99,42.9,1928.7,77.859
6/12/19 11:28,73.99,42.8,1928.7,77.859
6/12/19 11:28,73.99,42.8,1926.2,77.902
6/12/19 11:28,74.034,42.8,1923.7,77.859
6/12/19 11:28,74.034,42.8,1923.7,77.859
6/12/19 11:28,74.034,42.8,1928.7,77.859
6/12/19 11:28,74.034,42.7,1926.2,77.902
6/12/19 11:28,74.034,42.8,1928.7,77.902
6/12/19 11:28,74.034,42.8,1921.2,77.902
6/12/19 11:28,74.034,42.8,1926.2,77.902
6/12/19 11:28,74.077,42.8,1923.7,77.902
6/12/19 11:28,74.077,42.9,1928.7,77.902
6/12/19 11:28,74.077,42.9,1923.7,77.902
6/12/19 11:28,74.077,42.9,1923.7,77.902
6/12/19 11:28,74.077,42.9,1923.7,77.902
6/12/19 11:28,74.077,43,1918.7,77.902
6/12/19 11:28,74.12,43,1916.2,77.902
6/12/19 11:28,74.12,43,1921.2,77.902
6/12/19 11:28,74.12,43.1,1921.2,77.902
6/12/19 11:28,74.12,43.1,1923.7,77.902
6/12/19 11:28,74.12,43.1,1921.2,77.902
6/12/19 11:28,74.12,43.1,1921.2,77.902
6/12/19 11:28,74.12,43.2,1921.2,77.902
6/12/19 11:28,74.163,43.2,1916.2,77.902
6/12/19 11:28,74.163,43.2,1923.7,77.902
6/12/19 11:28,74.163,43.2,1921.2,77.902
6/12/19 11:28,74.163,43.2,1926.2,77.902
6/12/19 11:28,74.163,43.2,1923.7,77.902
6/12/19 11:28,74.206,43.2,1923.7,77.902
6/12/19 11:28,74.206,43.2,1921.2,77.902
6/12/19 11:28,74.206,43.2,1921.2,77.902
6/12/19 11:28,74.206,43.3,1923.7,77.902
6/12/19 11:28,74.206,43.3,1928.7,77.945
6/12/19 11:28,74.25,43.3,1921.2,77.902
6/12/19 11:28,74.25,43.3,1923.7,77.902
6/12/19 11:28,74.25,43.3,1921.2,77.902
6/12/19 11:28,74.25,43.3,1921.2,77.945
6/12/19 11:28,74.295,43.3,1923.7,77.945
6/12/19 11:28,74.295,43.4,1921.2,77.945
6/12/19 11:28,74.295,43.4,1921.2,77.945
6/12/19 11:28,74.295,43.4,1923.7,77.945
6/12/19 11:28,74.338,43.4,1916.2,77.945
6/12/19 11:28,74.338,43.4,1921.2,77.945
6/12/19 11:28,74.338,43.5,1921.2,77.945
6/12/19 11:28,74.338,43.5,1921.2,77.945
6/12/19 11:28,74.381,43.5,1921.2,77.945
6/12/19 11:28,74.381,43.5,1926.2,77.945
6/12/19 11:28,74.381,43.5,1916.2,77.945
6/12/19 11:28,74.424,43.5,1913.7,77.945
6/12/19 11:28,74.424,43.5,1911.2,77.945
6/12/19 11:28,74.424,43.6,1918.7,77.945
6/12/19 11:29,74.467,43.5,1913.7,77.945
6/12/19 11:29,74.467,43.6,1908.7,77.945
6/12/19 11:29,74.467,43.6,1903.7,77.945
6/12/19 11:29,74.467,43.6,1898.7,77.945
6/12/19 11:29,74.511,43.6,1896.2,77.945
6/12/19 11:29,74.511,43.6,1903.7,77.945
6/12/19 11:29,74.511,43.6,1906.2,77.945
6/12/19 11:29,74.554,43.6,1916.2,77.945
6/12/19 11:29,74.554,43.6,1916.2,77.945
6/12/19 11:29,74.554,43.6,1913.7,77.945
6/12/19 11:29,74.554,43.6,1921.2,77.99
6/12/19 11:29,74.597,43.6,1918.7,77.945
6/12/19 11:29,74.597,43.6,1923.7,77.99
6/12/19 11:29,74.597,43.6,1923.7,77.99
6/12/19 11:29,74.597,43.5,1921.2,77.99
6/12/19 11:29,74.597,43.4,1921.2,77.99
6/12/19 11:29,74.64,43.4,1921.2,77.99
6/12/19 11:29,74.64,43.3,1921.2,77.99
6/12/19 11:29,74.64,43.3,1921.2,77.99
6/12/19 11:29,74.64,43.2,1921.2,77.99
6/12/19 11:29,74.64,43.2,1916.2,77.99
6/12/19 11:29,74.64,43.2,1921.2,77.99
6/12/19 11:29,74.64,43.1,1918.7,77.99
6/12/19 11:29,74.64,43,1916.2,77.99
6/12/19 11:29,74.64,42.9,1916.2,77.99
6/12/19 11:29,74.64,42.7,1911.2,77.99
6/12/19 11:29,74.64,42.6,1911.2,77.99
6/12/19 11:29,74.683,42.5,1911.2,77.99
6/12/19 11:29,74.64,42.4,1911.2,77.99
6/12/19 11:29,74.64,42.4,1916.2,77.99
6/12/19 11:29,74.64,42.4,1913.7,77.99
6/12/19 11:29,74.64,42.3,1916.2,77.99
6/12/19 11:29,74.64,42.2,1918.7,77.99
6/12/19 11:29,74.64,42.1,1918.7,77.99
6/12/19 11:29,74.64,42.1,1916.2,77.99
6/12/19 11:29,74.64,42.1,1913.7,77.99
6/12/19 11:29,74.64,42,1908.7,77.99
6/12/19 11:29,74.64,41.9,1903.7,77.99
6/12/19 11:29,74.597,41.9,1896.2,77.99
6/12/19 11:29,74.597,41.9,1911.2,77.99
6/12/19 11:29,74.597,41.8,1913.7,77.99
6/12/19 11:29,74.597,41.8,1911.2,77.99
6/12/19 11:29,74.597,41.8,1923.7,77.99
6/12/19 11:29,74.597,41.7,1921.2,77.99
6/12/19 11:29,74.597,41.8,1911.2,77.99
6/12/19 11:29,74.597,41.8,1913.7,77.99
6/12/19 11:29,74.597,41.8,1921.2,77.99
6/12/19 11:29,74.597,41.8,1921.2,77.99
6/12/19 11:29,74.597,41.8,1921.2,77.99
6/12/19 11:29,74.597,41.9,1921.2,77.99
6/12/19 11:29,74.597,41.9,1913.7,77.99
6/12/19 11:29,74.597,41.9,1916.2,78.033
6/12/19 11:29,74.597,41.9,1921.2,78.033
6/12/19 11:29,74.597,41.9,1921.2,78.033
6/12/19 11:29,74.597,42,1921.2,78.033
6/12/19 11:29,74.597,42,1921.2,78.033
6/12/19 11:29,74.64,42,1916.2,78.033
6/12/19 11:29,74.64,41.9,1913.7,78.033
6/12/19 11:29,74.64,41.9,1913.7,78.033
6/12/19 11:29,74.64,41.9,1908.7,78.033
6/12/19 11:30,74.64,41.9,1903.7,78.033
6/12/19 11:30,74.64,41.9,1903.7,78.033
6/12/19 11:30,74.683,41.9,1906.2,78.033
6/12/19 11:30,74.683,41.8,1906.2,78.033
6/12/19 11:30,74.683,41.8,1911.2,78.033
6/12/19 11:30,74.683,41.8,1906.2,78.033
6/12/19 11:30,74.683,41.7,1903.7,78.033
6/12/19 11:30,74.683,41.7,1906.2,78.033
6/12/19 11:30,74.683,41.7,1906.2,78.033
6/12/19 11:30,74.683,41.7,1906.2,78.033
6/12/19 11:30,74.683,41.7,1908.7,78.033
6/12/19 11:30,74.683,41.7,1906.2,78.033
6/12/19 11:30,74.683,41.8,1906.2,78.033
6/12/19 11:30,74.727,41.7,1901.2,78.033
6/12/19 11:30,74.727,41.7,1906.2,78.033
6/12/19 11:30,74.727,41.7,1903.7,78.033
6/12/19 11:30,74.727,41.8,1908.7,78.033
6/12/19 11:30,74.727,41.7,1903.7,78.033
6/12/19 11:30,74.727,41.8,1906.2,78.033
6/12/19 11:30,74.727,41.8,1903.7,78.033
6/12/19 11:30,74.727,41.8,1903.7,78.076
6/12/19 11:30,74.727,41.8,1903.7,78.076
6/12/19 11:30,74.77,41.8,1898.7,78.076
6/12/19 11:30,74.77,41.9,1901.2,78.033
6/12/19 11:30,74.77,41.9,1898.7,78.076
6/12/19 11:30,74.77,41.9,1896.2,78.076
6/12/19 11:30,74.77,41.9,1893.7,78.076
6/12/19 11:30,74.77,42,1886.2,78.076
6/12/19 11:30,74.77,42,1893.7,78.076
6/12/19 11:30,74.813,42,1891.2,78.076
6/12/19 11:30,74.813,42,1891.2,78.076
6/12/19 11:30,74.813,42,1891.2,78.076
6/12/19 11:30,74.813,42,1891.2,78.076
6/12/19 11:30,74.856,41.9,1898.7,78.076
6/12/19 11:30,74.856,41.9,1891.2,78.076
6/12/19 11:30,74.856,41.9,1896.2,78.076
6/12/19 11:30,74.856,41.9,1893.7,78.076
6/12/19 11:30,74.856,41.9,1891.2,78.076
6/12/19 11:30,74.856,41.9,1901.2,78.076
6/12/19 11:30,74.856,41.9,1906.2,78.076
6/12/19 11:30,74.899,41.9,1901.2,78.076
6/12/19 11:30,74.899,41.9,1906.2,78.076
6/12/19 11:30,74.899,41.9,1908.7,78.076
6/12/19 11:30,74.899,41.9,1911.2,78.076
6/12/19 11:30,74.899,41.9,1911.2,78.076
6/12/19 11:30,74.899,41.9,1911.2,78.076
6/12/19 11:30,74.899,42,1913.7,78.076
6/12/19 11:30,74.899,42.1,1913.7,78.076
6/12/19 11:30,74.899,42.3,1911.2,78.076
6/12/19 11:30,74.899,42.4,1908.7,78.076
6/12/19 11:30,74.943,42.4,1911.2,78.076
6/12/19 11:30,74.943,42.5,1913.7,78.076
6/12/19 11:30,74.943,42.6,1908.7,78.076
6/12/19 11:30,74.943,42.5,1906.2,78.076
6/12/19 11:30,74.943,42.4,1906.2,78.076
6/12/19 11:30,74.943,42.4,1913.7,78.076
6/12/19 11:30,74.986,42.4,1913.7,78.121
6/12/19 11:30,74.986,42.3,1906.2,78.121
6/12/19 11:30,74.986,42.3,1903.7,78.076
6/12/19 11:30,74.986,42.2,1908.7,78.121
6/12/19 11:31,74.986,42.1,1903.7,78.121
6/12/19 11:31,75.029,42,1906.2,78.121
6/12/19 11:31,75.029,41.9,1908.7,78.121
6/12/19 11:31,75.029,41.8,1903.7,78.121
6/12/19 11:31,75.029,41.7,1906.2,78.121
6/12/19 11:31,75.029,41.7,1911.2,78.121
6/12/19 11:31,75.029,41.7,1906.2,78.121
6/12/19 11:31,75.029,41.7,1906.2,78.121
6/12/19 11:31,75.029,41.8,1913.7,78.121
6/12/19 11:31,75.029,41.8,1911.2,78.121
6/12/19 11:31,75.029,41.9,1913.7,78.121
6/12/19 11:31,75.029,41.9,1916.2,78.121
6/12/19 11:31,75.029,41.9,1913.7,78.121
6/12/19 11:31,75.029,41.8,1918.7,78.121
6/12/19 11:31,75.029,41.7,1918.7,78.121
6/12/19 11:31,75.029,41.6,1911.2,78.121
6/12/19 11:31,75.029,41.6,1916.2,78.121
6/12/19 11:31,75.029,41.7,1913.7,78.121
6/12/19 11:31,75.029,41.7,1913.7,78.121
6/12/19 11:31,75.029,41.7,1916.2,78.121
6/12/19 11:31,75.029,41.6,1923.7,78.121
6/12/19 11:31,75.029,41.5,1916.2,78.121
6/12/19 11:31,75.029,41.3,1918.7,78.121
6/12/19 11:31,75.029,41.1,1918.7,78.165
6/12/19 11:31,75.029,41,1916.2,78.165
6/12/19 11:31,75.029,40.9,1913.7,78.121
6/12/19 11:31,75.029,40.8,1913.7,78.165
6/12/19 11:31,75.029,40.8,1916.2,78.165
6/12/19 11:31,75.029,40.8,1916.2,78.165
6/12/19 11:31,74.986,40.8,1913.7,78.165
6/12/19 11:31,74.986,40.8,1911.2,78.165
6/12/19 11:31,74.986,40.8,1916.2,78.165
6/12/19 11:31,74.986,40.8,1916.2,78.165
6/12/19 11:31,74.986,40.8,1913.7,78.165
6/12/19 11:31,74.986,40.8,1916.2,78.165
6/12/19 11:31,74.986,40.8,1916.2,78.165
6/12/19 11:31,74.986,40.8,1916.2,78.165
6/12/19 11:31,74.943,40.8,1913.7,78.165
6/12/19 11:31,74.943,40.8,1913.7,78.165
6/12/19 11:31,74.943,40.7,1913.7,78.165
6/12/19 11:31,74.943,40.6,1903.7,78.165
6/12/19 11:31,74.943,40.5,1901.2,78.165
6/12/19 11:31,74.943,40.4,1903.7,78.165
6/12/19 11:31,74.943,40.4,1911.2,78.165
6/12/19 11:31,74.943,40.3,1913.7,78.165
6/12/19 11:31,74.899,40.2,1921.2,78.165
6/12/19 11:31,74.899,40.2,1923.7,78.165
6/12/19 11:31,74.899,40.1,1923.7,78.165
6/12/19 11:31,74.899,40.2,1923.7,78.165
6/12/19 11:31,74.899,40.1,1923.7,78.165
6/12/19 11:31,74.856,40.1,1921.2,78.165
6/12/19 11:31,74.856,40.1,1921.2,78.165
6/12/19 11:31,74.856,40,1921.2,78.165
6/12/19 11:31,74.856,40,1918.7,78.165
6/12/19 11:31,74.813,40,1921.2,78.165
6/12/19 11:31,74.813,40,1916.2,78.165
6/12/19 11:31,74.813,40,1921.2,78.165
6/12/19 11:31,74.813,39.9,1926.2,78.165
6/12/19 11:31,74.77,39.9,1926.2,78.165
6/12/19 11:31,74.77,40,1926.2,78.208
6/12/19 11:32,74.77,40,1926.2,78.165
6/12/19 11:32,74.77,39.9,1923.7,78.208
6/12/19 11:32,74.77,39.9,1926.2,78.165
6/12/19 11:32,74.727,39.8,1926.2,78.208
6/12/19 11:32,74.727,39.8,1926.2,78.208
6/12/19 11:32,74.727,39.8,1931.2,78.208
6/12/19 11:32,74.683,39.7,1931.2,78.208
6/12/19 11:32,74.683,39.7,1928.7,78.208
6/12/19 11:32,74.683,39.7,1926.2,78.208
6/12/19 11:32,74.683,39.6,1928.7,78.208
6/12/19 11:32,74.64,39.6,1921.2,78.208
6/12/19 11:32,74.64,39.6,1918.7,78.208
6/12/19 11:32,74.64,39.6,1916.2,78.208
6/12/19 11:32,74.64,39.6,1916.2,78.208
6/12/19 11:32,74.64,39.7,1916.2,78.208
6/12/19 11:32,74.597,39.7,1916.2,78.208
6/12/19 11:32,74.597,39.8,1913.7,78.208
6/12/19 11:32,74.597,39.8,1913.7,78.208
6/12/19 11:32,74.597,39.9,1911.2,78.208
6/12/19 11:32,74.597,39.9,1906.2,78.208
6/12/19 11:32,74.597,40,1906.2,78.208
6/12/19 11:32,74.597,40,1908.7,78.208
6/12/19 11:32,74.554,39.9,1906.2,78.208
6/12/19 11:32,74.554,40,1901.2,78.208
6/12/19 11:32,74.554,40,1906.2,78.208
6/12/19 11:32,74.554,39.9,1903.7,78.208
6/12/19 11:32,74.554,39.9,1903.7,78.208
6/12/19 11:32,74.511,39.9,1896.2,78.208
6/12/19 11:32,74.511,39.8,1893.7,78.208
6/12/19 11:32,74.511,39.8,1893.7,78.251
6/12/19 11:32,74.511,39.8,1891.2,78.208
6/12/19 11:32,74.511,39.7,1891.2,78.251
6/12/19 11:32,74.511,39.7,1888.7,78.251
6/12/19 11:32,74.511,39.7,1886.2,78.208
6/12/19 11:32,74.467,39.7,1886.2,78.251
6/12/19 11:32,74.467,39.6,1883.7,78.251
6/12/19 11:32,74.467,39.6,1881.2,78.251
6/12/19 11:32,74.467,39.5,1881.2,78.251
6/12/19 11:32,74.467,39.5,1876.2,78.251
6/12/19 11:32,74.467,39.5,1878.7,78.251
6/12/19 11:32,74.467,39.5,1871.2,78.251
6/12/19 11:32,74.467,39.6,1871.2,78.251
6/12/19 11:32,74.467,39.7,1868.7,78.251
6/12/19 11:32,74.424,39.7,1868.7,78.251
6/12/19 11:32,74.467,39.7,1868.7,78.251
6/12/19 11:32,74.424,39.7,1866.2,78.251
6/12/19 11:32,74.467,39.7,1866.2,78.251
6/12/19 11:32,74.424,39.6,1871.2,78.251
6/12/19 11:32,74.424,39.5,1871.2,78.251
6/12/19 11:32,74.424,39.5,1863.7,78.251
6/12/19 11:32,74.424,39.4,1866.2,78.251
6/12/19 11:32,74.424,39.4,1858.7,78.251
6/12/19 11:32,74.424,39.3,1848.7,78.251
6/12/19 11:32,74.424,39.1,1848.7,78.251
6/12/19 11:32,74.424,39.1,1838.7,78.251
6/12/19 11:32,74.424,39.1,1828.7,78.251
6/12/19 11:32,74.424,39,1828.7,78.251
6/12/19 11:32,74.424,38.9,1831.2,78.251
6/12/19 11:32,74.424,38.8,1826.2,78.251
6/12/19 11:32,74.424,38.7,1821.2,78.251
6/12/19 11:33,74.381,38.7,1808.7,78.251
6/12/19 11:33,74.381,38.7,1793.7,78.251
6/12/19 11:33,74.381,38.7,1773.7,78.251
6/12/19 11:33,74.381,38.7,1751.2,78.251
6/12/19 11:33,74.381,38.7,1728.7,78.296
6/12/19 11:33,74.381,38.6,1718.7,78.296
6/12/19 11:33,74.381,38.6,1716.2,78.251
6/12/19 11:33,74.381,38.6,1718.7,78.296
6/12/19 11:33,74.381,38.6,1726.2,78.296
6/12/19 11:33,74.338,38.6,1741.2,78.296
6/12/19 11:33,74.338,38.6,1758.7,78.296
6/12/19 11:33,74.338,38.6,1768.7,78.296
6/12/19 11:33,74.338,38.6,1778.7,78.296
6/12/19 11:33,74.338,38.6,1791.2,78.296
6/12/19 11:33,74.338,38.6,1811.2,78.296
6/12/19 11:33,74.338,38.6,1828.7,78.296
6/12/19 11:33,74.338,38.6,1836.2,78.296
6/12/19 11:33,74.338,38.6,1851.2,78.296
6/12/19 11:33,74.338,38.6,1856.2,78.296
6/12/19 11:33,74.338,38.6,1858.7,78.296
6/12/19 11:33,74.338,38.6,1863.7,78.296
6/12/19 11:33,74.338,38.6,1863.7,78.296
6/12/19 11:33,74.338,38.6,1868.7,78.296
6/12/19 11:33,74.338,38.6,1876.2,78.296
6/12/19 11:33,74.338,38.7,1876.2,78.296
6/12/19 11:33,74.338,38.7,1881.2,78.296
6/12/19 11:33,74.338,38.7,1886.2,78.296
6/12/19 11:33,74.338,38.7,1883.7,78.296
6/12/19 11:33,74.338,38.7,1886.2,78.296
6/12/19 11:33,74.338,38.7,1893.7,78.296
6/12/19 11:33,74.338,38.8,1901.2,78.296
6/12/19 11:33,74.338,38.8,1903.7,78.296
6/12/19 11:33,74.338,38.8,1906.2,78.296
6/12/19 11:33,74.338,38.9,1911.2,78.339
6/12/19 11:33,74.338,38.9,1911.2,78.296
6/12/19 11:33,74.338,39,1913.7,78.339
6/12/19 11:33,74.338,39,1923.7,78.339
6/12/19 11:33,74.338,39,1918.7,78.339
6/12/19 11:33,74.338,39.1,1921.2,78.339
6/12/19 11:33,74.338,39.1,1916.2,78.296
6/12/19 11:33,74.381,39.1,1916.2,78.339
6/12/19 11:33,74.381,39.1,1913.7,78.339
6/12/19 11:33,74.381,39.1,1913.7,78.339
6/12/19 11:33,74.381,39.1,1916.2,78.339
6/12/19 11:33,74.381,39.1,1921.2,78.339
6/12/19 11:33,74.381,39.2,1926.2,78.339
6/12/19 11:33,74.381,39.4,1918.7,78.339
6/12/19 11:33,74.381,39.6,1918.7,78.339
6/12/19 11:33,74.381,39.8,1916.2,78.339
6/12/19 11:33,74.381,40,1906.2,78.339
6/12/19 11:33,74.381,40,1903.7,78.339
6/12/19 11:33,74.381,40.1,1906.2,78.339
6/12/19 11:33,74.381,40.1,1898.7,78.339
6/12/19 11:33,74.424,40.1,1891.2,78.339
6/12/19 11:33,74.424,40.1,1888.7,78.339
6/12/19 11:33,74.424,40,1888.7,78.339
6/12/19 11:33,74.424,39.9,1888.7,78.339
6/12/19 11:33,74.424,40,1896.2,78.339
6/12/19 11:33,74.424,39.9,1903.7,78.339
6/12/19 11:33,74.424,39.8,1911.2,78.339
6/12/19 11:34,74.424,39.7,1913.7,78.339
6/12/19 11:34,74.424,39.6,1921.2,78.339
6/12/19 11:34,74.424,39.4,1923.7,78.339
6/12/19 11:34,74.424,39.3,1926.2,78.339
6/12/19 11:34,74.424,39.2,1928.7,78.339
6/12/19 11:34,74.424,39.1,1933.7,78.339
6/12/19 11:34,74.424,39.1,1931.2,78.339
6/12/19 11:34,74.381,39.1,1936.2,78.339
6/12/19 11:34,74.381,39.1,1936.2,78.339
6/12/19 11:34,74.381,39.1,1941.2,78.339
6/12/19 11:34,74.381,39.1,1943.7,78.339
6/12/19 11:34,74.338,39.1,1943.7,78.339
6/12/19 11:34,74.338,39.3,1946.2,78.339
6/12/19 11:34,74.338,39.4,1948.7,78.339
6/12/19 11:34,74.338,39.4,1948.7,78.339
6/12/19 11:34,74.338,39.4,1951.2,78.339
6/12/19 11:34,74.295,39.3,1948.7,78.382
6/12/19 11:34,74.295,39.2,1951.2,78.382
6/12/19 11:34,74.295,39.1,1953.7,78.382
6/12/19 11:34,74.295,39.1,1951.2,78.382
6/12/19 11:34,74.295,39.1,1953.7,78.382
6/12/19 11:34,74.25,39.1,1948.7,78.382
6/12/19 11:34,74.25,39.1,1946.2,78.382
6/12/19 11:34,74.25,39.1,1948.7,78.382
6/12/19 11:34,74.25,39.1,1948.7,78.382
6/12/19 11:34,74.25,39.2,1948.7,78.382
6/12/19 11:34,74.25,39.3,1943.7,78.382
6/12/19 11:34,74.206,39.4,1951.2,78.382
6/12/19 11:34,74.206,39.5,1946.2,78.382
6/12/19 11:34,74.206,39.6,1946.2,78.382
6/12/19 11:34,74.206,39.7,1948.7,78.382
6/12/19 11:34,74.206,39.7,1941.2,78.382
6/12/19 11:34,74.206,39.9,1933.7,78.382
6/12/19 11:34,74.206,40,1936.2,78.382
6/12/19 11:34,74.206,40.1,1926.2,78.382
6/12/19 11:34,74.206,40.2,1933.7,78.382
6/12/19 11:34,74.206,40.3,1936.2,78.382
6/12/19 11:34,74.206,40.3,1938.7,78.382
6/12/19 11:34,74.206,40.2,1943.7,78.382
6/12/19 11:34,74.206,40.1,1946.2,78.382
6/12/19 11:34,74.206,40,1948.7,78.382
6/12/19 11:34,74.206,39.9,1946.2,78.382
6/12/19 11:34,74.206,39.9,1946.2,78.382
6/12/19 11:34,74.206,39.8,1946.2,78.382
6/12/19 11:34,74.206,39.7,1943.7,78.427
6/12/19 11:34,74.206,39.7,1943.7,78.427
6/12/19 11:34,74.206,39.6,1941.2,78.427
6/12/19 11:34,74.163,39.6,1943.7,78.382
6/12/19 11:34,74.163,39.6,1946.2,78.427
6/12/19 11:34,74.163,39.7,1946.2,78.427
6/12/19 11:34,74.163,39.6,1943.7,78.427
6/12/19 11:34,74.12,39.7,1943.7,78.427
6/12/19 11:34,74.12,39.6,1946.2,78.427
6/12/19 11:34,74.12,39.5,1948.7,78.427
6/12/19 11:34,74.12,39.5,1956.2,78.427
6/12/19 11:34,74.077,39.4,1951.2,78.427
6/12/19 11:34,74.077,39.4,1948.7,78.427
6/12/19 11:34,74.077,39.5,1948.7,78.427
6/12/19 11:34,74.034,39.7,1948.7,78.427
6/12/19 11:34,74.034,39.8,1948.7,78.427
6/12/19 11:35,74.034,40,1948.7,78.427
6/12/19 11:35,73.99,40,1946.2,78.427
6/12/19 11:35,73.99,40.1,1946.2,78.427
6/12/19 11:35,73.99,40.1,1948.7,78.427
6/12/19 11:35,73.947,40.2,1946.2,78.427
6/12/19 11:35,73.947,40.2,1943.7,78.427
6/12/19 11:35,73.947,40.2,1948.7,78.427
6/12/19 11:35,73.904,40.2,1948.7,78.427
6/12/19 11:35,73.904,40.2,1956.2,78.427
6/12/19 11:35,73.904,40.1,1951.2,78.427
6/12/19 11:35,73.904,40.1,1946.2,78.427
6/12/19 11:35,73.904,40.1,1946.2,78.427
6/12/19 11:35,73.904,40.1,1951.2,78.427
6/12/19 11:35,73.861,40.1,1946.2,78.427
6/12/19 11:35,73.861,40.1,1946.2,78.427
6/12/19 11:35,73.861,40.2,1943.7,78.427
6/12/19 11:35,73.861,40.2,1946.2,78.427
6/12/19 11:35,73.861,40.2,1946.2,78.427
6/12/19 11:35,73.861,40.1,1941.2,78.427
6/12/19 11:35,73.861,40,1936.2,78.427
6/12/19 11:35,73.818,40,1928.7,78.427
6/12/19 11:35,73.818,39.8,1918.7,78.471
6/12/19 11:35,73.818,39.6,1913.7,78.427
6/12/19 11:35,73.818,39.5,1906.2,78.471
6/12/19 11:35,73.818,39.3,1908.7,78.427
6/12/19 11:35,73.774,39.2,1908.7,78.471
6/12/19 11:35,73.774,39.1,1908.7,78.471
6/12/19 11:35,73.774,39.1,1916.2,78.471
6/12/19 11:35,73.774,39,1913.7,78.427
6/12/19 11:35,73.731,39,1921.2,78.471
6/12/19 11:35,73.731,39,1918.7,78.427
6/12/19 11:35,73.731,39,1921.2,78.471
6/12/19 11:35,73.688,39,1921.2,78.471
6/12/19 11:35,73.688,39.1,1921.2,78.471
6/12/19 11:35,73.688,39.2,1916.2,78.471
6/12/19 11:35,73.688,39.3,1908.7,78.471
6/12/19 11:35,73.645,39.3,1906.2,78.471
6/12/19 11:35,73.645,39.3,1908.7,78.471
6/12/19 11:35,73.645,39.2,1903.7,78.471
6/12/19 11:35,73.645,39.2,1898.7,78.471
6/12/19 11:35,73.602,39.1,1888.7,78.471
6/12/19 11:35,73.602,39.1,1883.7,78.471
6/12/19 11:35,73.602,39.1,1886.2,78.471
6/12/19 11:35,73.602,39,1891.2,78.471
6/12/19 11:35,73.558,39,1896.2,78.471
6/12/19 11:35,73.558,38.9,1906.2,78.471
6/12/19 11:35,73.558,38.9,1916.2,78.471
6/12/19 11:35,73.515,38.8,1923.7,78.471
6/12/19 11:35,73.515,38.9,1926.2,78.471
6/12/19 11:35,73.515,38.9,1923.7,78.471
6/12/19 11:35,73.472,39,1923.7,78.471
6/12/19 11:35,73.472,39.1,1923.7,78.471
6/12/19 11:35,73.472,39.1,1923.7,78.471
6/12/19 11:35,73.429,39,1923.7,78.471
6/12/19 11:35,73.429,38.9,1923.7,78.471
6/12/19 11:35,73.429,38.9,1921.2,78.471
6/12/19 11:35,73.386,38.9,1911.2,78.471
6/12/19 11:35,73.386,38.9,1906.2,78.471
6/12/19 11:35,73.386,39,1903.7,78.471
6/12/19 11:35,73.386,39,1903.7,78.514
6/12/19 11:36,73.342,39,1896.2,78.514
6/12/19 11:36,73.342,39.2,1891.2,78.514
6/12/19 11:36,73.342,39.3,1891.2,78.514
6/12/19 11:36,73.299,39.4,1888.7,78.514
6/12/19 11:36,73.299,39.6,1881.2,78.514
6/12/19 11:36,73.299,39.7,1878.7,78.514
6/12/19 11:36,73.299,39.9,1876.2,78.514
6/12/19 11:36,73.256,39.8,1873.7,78.514
6/12/19 11:36,73.256,39.9,1873.7,78.514
6/12/19 11:36,73.256,40,1881.2,78.514
6/12/19 11:36,73.256,40,1881.2,78.514
6/12/19 11:36,73.256,40,1886.2,78.514
6/12/19 11:36,73.256,40,1898.7,78.514
6/12/19 11:36,73.256,39.9,1901.2,78.514
6/12/19 11:36,73.256,39.8,1906.2,78.514
6/12/19 11:36,73.256,39.8,1911.2,78.514
6/12/19 11:36,73.256,39.8,1913.7,78.514
6/12/19 11:36,73.256,39.8,1916.2,78.514
6/12/19 11:36,73.213,39.8,1926.2,78.514
6/12/19 11:36,73.213,39.8,1921.2,78.514
6/12/19 11:36,73.213,39.9,1923.7,78.514
6/12/19 11:36,73.213,39.9,1926.2,78.514
6/12/19 11:36,73.213,40,1928.7,78.514
6/12/19 11:36,73.213,40,1931.2,78.514
6/12/19 11:36,73.213,40,1931.2,78.514
6/12/19 11:36,73.213,39.9,1933.7,78.514
6/12/19 11:36,73.213,39.9,1931.2,78.514
6/12/19 11:36,73.213,39.9,1936.2,78.514
6/12/19 11:36,73.17,39.8,1936.2,78.514
6/12/19 11:36,73.17,39.8,1936.2,78.514
6/12/19 11:36,73.17,39.9,1936.2,78.514
6/12/19 11:36,73.17,40,1936.2,78.514
6/12/19 11:36,73.17,40,1936.2,78.514
6/12/19 11:36,73.17,40,1933.7,78.514
6/12/19 11:36,73.17,40,1933.7,78.559
6/12/19 11:36,73.17,39.9,1931.2,78.559
6/12/19 11:36,73.17,39.9,1931.2,78.559
6/12/19 11:36,73.17,39.8,1933.7,78.559
6/12/19 11:36,73.17,39.7,1933.7,78.559
6/12/19 11:36,73.17,39.7,1938.7,78.559
6/12/19 11:36,73.17,39.6,1938.7,78.559
6/12/19 11:36,73.17,39.6,1938.7,78.559
6/12/19 11:36,73.17,39.4,1938.7,78.559
6/12/19 11:36,73.17,39.3,1938.7,78.559
6/12/19 11:36,73.17,39.3,1938.7,78.559
6/12/19 11:36,73.126,39.2,1938.7,78.559
6/12/19 11:36,73.126,39.1,1938.7,78.559
6/12/19 11:36,73.126,39.1,1938.7,78.559
6/12/19 11:36,73.126,39,1933.7,78.559
6/12/19 11:36,73.126,39,1933.7,78.559
6/12/19 11:36,73.126,39,1933.7,78.559
6/12/19 11:36,73.083,39,1933.7,78.559
6/12/19 11:36,73.083,39,1933.7,78.559
6/12/19 11:36,73.083,39,1936.2,78.559
6/12/19 11:36,73.083,39,1933.7,78.559
6/12/19 11:36,73.04,39,1941.2,78.559
6/12/19 11:36,73.04,39,1936.2,78.559
6/12/19 11:36,73.04,39,1938.7,78.559
6/12/19 11:36,73.04,39,1938.7,78.559
6/12/19 11:36,73.04,39.1,1938.7,78.602
6/12/19 11:37,73.04,39.1,1936.2,78.559
6/12/19 11:37,72.997,39.1,1931.2,78.602
6/12/19 11:37,72.997,39.1,1933.7,78.602
6/12/19 11:37,72.997,39.1,1928.7,78.602
6/12/19 11:37,72.997,39.1,1928.7,78.602
6/12/19 11:37,72.997,39.2,1928.7,78.559
6/12/19 11:37,72.997,39.3,1928.7,78.602
6/12/19 11:37,72.997,39.3,1926.2,78.602
6/12/19 11:37,72.997,39.5,1923.7,78.602
6/12/19 11:37,72.955,39.6,1926.2,78.602
6/12/19 11:37,72.955,39.7,1928.7,78.602
6/12/19 11:37,72.955,39.7,1928.7,78.602
6/12/19 11:37,72.955,39.8,1931.2,78.602
6/12/19 11:37,72.955,39.7,1931.2,78.602
6/12/19 11:37,72.955,39.7,1933.7,78.602
6/12/19 11:37,72.955,39.6,1931.2,78.602
6/12/19 11:37,72.955,39.6,1928.7,78.602
6/12/19 11:37,72.955,39.6,1931.2,78.602
6/12/19 11:37,72.955,39.6,1926.2,78.602
6/12/19 11:37,72.955,39.6,1928.7,78.602
6/12/19 11:37,72.955,39.5,1921.2,78.602
6/12/19 11:37,72.955,39.5,1916.2,78.602
6/12/19 11:37,72.955,39.5,1918.7,78.602
6/12/19 11:37,72.955,39.4,1913.7,78.602
6/12/19 11:37,72.955,39.4,1911.2,78.602
6/12/19 11:37,72.912,39.5,1896.2,78.602
6/12/19 11:37,72.912,39.6,1901.2,78.602
6/12/19 11:37,72.912,39.7,1898.7,78.602
6/12/19 11:37,72.912,39.7,1906.2,78.602
6/12/19 11:37,72.912,39.7,1916.2,78.602
6/12/19 11:37,72.912,39.7,1923.7,78.602
6/12/19 11:37,72.912,39.6,1913.7,78.645
6/12/19 11:37,72.912,39.5,1913.7,78.602
6/12/19 11:37,72.912,39.5,1916.2,78.602
6/12/19 11:37,72.912,39.4,1923.7,78.602
6/12/19 11:37,72.912,39.3,1916.2,78.602
6/12/19 11:37,72.912,39.1,1911.2,78.602
6/12/19 11:37,72.912,39,1908.7,78.645
6/12/19 11:37,72.869,38.9,1911.2,78.645
6/12/19 11:37,72.869,38.8,1913.7,78.645
6/12/19 11:37,72.869,38.6,1916.2,78.645
6/12/19 11:37,72.869,38.5,1918.7,78.645
6/12/19 11:37,72.869,38.4,1918.7,78.645
6/12/19 11:37,72.869,38.3,1921.2,78.645
6/12/19 11:37,72.826,38.2,1923.7,78.645
6/12/19 11:37,72.826,38.1,1918.7,78.645
6/12/19 11:37,72.826,38.1,1916.2,78.645
6/12/19 11:37,72.783,38.1,1916.2,78.645
6/12/19 11:37,72.783,38.1,1926.2,78.645
6/12/19 11:37,72.783,38.1,1926.2,78.645
6/12/19 11:37,72.739,38.1,1921.2,78.645
6/12/19 11:37,72.739,38,1911.2,78.645
6/12/19 11:37,72.739,37.9,1906.2,78.645
6/12/19 11:37,72.696,37.9,1908.7,78.645
6/12/19 11:37,72.696,37.8,1908.7,78.645
6/12/19 11:37,72.653,37.7,1906.2,78.645
6/12/19 11:37,72.653,37.7,1901.2,78.645
6/12/19 11:37,72.653,37.7,1898.7,78.645
6/12/19 11:37,72.61,37.8,1901.2,78.645
6/12/19 11:37,72.61,37.8,1903.7,78.645
6/12/19 11:38,72.61,37.9,1898.7,78.645
6/12/19 11:38,72.567,37.9,1903.7,78.645
6/12/19 11:38,72.567,37.9,1891.2,78.645
6/12/19 11:38,72.567,37.9,1891.2,78.645
6/12/19 11:38,72.567,38,1898.7,78.645
6/12/19 11:38,72.523,38.1,1898.7,78.645
6/12/19 11:38,72.523,38.1,1903.7,78.645
6/12/19 11:38,72.523,38.2,1893.7,78.69
6/12/19 11:38,72.523,38.4,1888.7,78.69
6/12/19 11:38,72.48,38.5,1886.2,78.69
6/12/19 11:38,72.48,38.6,1886.2,78.69
6/12/19 11:38,72.48,38.7,1896.2,78.69
6/12/19 11:38,72.48,38.8,1898.7,78.69
6/12/19 11:38,72.48,38.8,1901.2,78.69
6/12/19 11:38,72.48,38.8,1911.2,78.69
6/12/19 11:38,72.48,38.9,1911.2,78.69
6/12/19 11:38,72.48,38.9,1906.2,78.69
6/12/19 11:38,72.437,38.9,1903.7,78.69
6/12/19 11:38,72.437,39,1896.2,78.69
6/12/19 11:38,72.437,39,1886.2,78.69
6/12/19 11:38,72.437,39,1888.7,78.69
6/12/19 11:38,72.437,39.1,1891.2,78.69
6/12/19 11:38,72.437,39.1,1893.7,78.69
6/12/19 11:38,72.437,39.2,1888.7,78.69
6/12/19 11:38,72.437,39.2,1881.2,78.69
6/12/19 11:38,72.437,39.2,1883.7,78.69
6/12/19 11:38,72.437,39.3,1903.7,78.69
6/12/19 11:38,72.437,39.3,1913.7,78.69
6/12/19 11:38,72.437,39.3,1923.7,78.69
6/12/19 11:38,72.437,39.3,1921.2,78.69
6/12/19 11:38,72.437,39.3,1926.2,78.69
6/12/19 11:38,72.437,39.3,1933.7,78.69
6/12/19 11:38,72.437,39.3,1936.2,78.69
6/12/19 11:38,72.437,39.3,1933.7,78.69
6/12/19 11:38,72.437,39.3,1926.2,78.69
6/12/19 11:38,72.437,39.4,1926.2,78.69
6/12/19 11:38,72.437,39.4,1918.7,78.69
6/12/19 11:38,72.437,39.4,1908.7,78.69
6/12/19 11:38,72.437,39.4,1911.2,78.69
6/12/19 11:38,72.437,39.4,1918.7,78.69
6/12/19 11:38,72.437,39.5,1901.2,78.69
6/12/19 11:38,72.437,39.6,1891.2,78.69
6/12/19 11:38,72.437,39.6,1886.2,78.69
6/12/19 11:38,72.437,39.6,1886.2,78.733
6/12/19 11:38,72.48,39.6,1891.2,78.69
6/12/19 11:38,72.48,39.6,1891.2,78.69
6/12/19 11:38,72.48,39.6,1888.7,78.69
6/12/19 11:38,72.48,39.6,1876.2,78.69
6/12/19 11:38,72.48,39.5,1871.2,78.733
6/12/19 11:38,72.48,39.4,1861.2,78.733
6/12/19 11:38,72.48,39.4,1856.2,78.733
6/12/19 11:38,72.48,39.3,1863.7,78.733
6/12/19 11:38,72.48,39.3,1881.2,78.733
6/12/19 11:38,72.48,39.3,1888.7,78.733
6/12/19 11:38,72.48,39.3,1888.7,78.733
6/12/19 11:38,72.48,39.3,1883.7,78.733
6/12/19 11:38,72.48,39.4,1893.7,78.733
6/12/19 11:38,72.48,39.4,1888.7,78.733
6/12/19 11:38,72.48,39.6,1878.7,78.733
6/12/19 11:38,72.48,39.7,1861.2,78.733
6/12/19 11:39,72.48,39.9,1856.2,78.733
6/12/19 11:39,72.48,40,1861.2,78.733
6/12/19 11:39,72.48,40.2,1871.2,78.733
6/12/19 11:39,72.48,40.3,1873.7,78.733
6/12/19 11:39,72.523,40.5,1868.7,78.733
6/12/19 11:39,72.523,40.5,1861.2,78.733
6/12/19 11:39,72.523,40.5,1858.7,78.733
6/12/19 11:39,72.523,40.4,1863.7,78.733
6/12/19 11:39,72.523,40.4,1848.7,78.733
6/12/19 11:39,72.523,40.4,1828.7,78.733
6/12/19 11:39,72.567,40.3,1813.7,78.733
6/12/19 11:39,72.567,40.3,1813.7,78.733
6/12/19 11:39,72.567,40.2,1831.2,78.777
6/12/19 11:39,72.567,40.3,1808.7,78.777
6/12/19 11:39,72.567,40.3,1793.7,78.733
6/12/19 11:39,72.567,40.4,1798.7,78.733
6/12/19 11:39,72.567,40.5,1813.7,78.777
6/12/19 11:39,72.567,40.6,1828.7,78.733
6/12/19 11:39,72.61,40.6,1828.7,78.777
6/12/19 11:39,72.61,40.6,1826.2,78.777
6/12/19 11:39,72.61,40.6,1828.7,78.777
6/12/19 11:39,72.61,40.6,1833.7,78.777
6/12/19 11:39,72.61,40.5,1836.2,78.777
6/12/19 11:39,72.61,40.4,1836.2,78.777
6/12/19 11:39,72.61,40.3,1843.7,78.777
6/12/19 11:39,72.61,40.3,1858.7,78.777
6/12/19 11:39,72.653,40.2,1863.7,78.777
6/12/19 11:39,72.61,40.2,1856.2,78.777
6/12/19 11:39,72.653,40.2,1851.2,78.777
6/12/19 11:39,72.653,40.2,1848.7,78.777
6/12/19 11:39,72.653,40.3,1843.7,78.777
6/12/19 11:39,72.653,40.3,1841.2,78.777
6/12/19 11:39,72.653,40.3,1843.7,78.777
6/12/19 11:39,72.653,40.3,1848.7,78.777
6/12/19 11:39,72.653,40.3,1846.2,78.777
6/12/19 11:39,72.653,40.3,1841.2,78.777
6/12/19 11:39,72.653,40.2,1838.7,78.777
6/12/19 11:39,72.653,40.3,1838.7,78.777
6/12/19 11:39,72.696,40.3,1836.2,78.777
6/12/19 11:39,72.696,40.3,1836.2,78.777
6/12/19 11:39,72.696,40.3,1838.7,78.777
6/12/19 11:39,72.696,40.4,1843.7,78.777
6/12/19 11:39,72.696,40.4,1846.2,78.777
6/12/19 11:39,72.696,40.4,1838.7,78.777
6/12/19 11:39,72.696,40.4,1831.2,78.777
6/12/19 11:39,72.696,40.3,1821.2,78.777
6/12/19 11:39,72.696,40.2,1816.2,78.777
6/12/19 11:39,72.739,40.1,1813.7,78.777
6/12/19 11:39,72.739,40,1813.7,78.777
6/12/19 11:39,72.739,39.9,1813.7,78.777
6/12/19 11:39,72.739,39.8,1813.7,78.822
6/12/19 11:39,72.739,39.9,1813.7,78.777
6/12/19 11:39,72.739,39.9,1813.7,78.777
6/12/19 11:39,72.739,39.8,1816.2,78.822
6/12/19 11:39,72.739,39.8,1816.2,78.822
6/12/19 11:39,72.739,39.7,1818.7,78.822
6/12/19 11:39,72.696,39.7,1816.2,78.822
6/12/19 11:39,72.696,39.6,1811.2,78.822
6/12/19 11:39,72.696,39.6,1806.2,78.822
6/12/19 11:39,72.696,39.5,1808.7,78.822
6/12/19 11:40,72.696,39.4,1811.2,78.822
6/12/19 11:40,72.696,39.3,1811.2,78.822
6/12/19 11:40,72.696,39.2,1811.2,78.822
6/12/19 11:40,72.653,39.1,1806.2,78.822
6/12/19 11:40,72.653,39,1798.7,78.822
6/12/19 11:40,72.653,39,1801.2,78.822
6/12/19 11:40,72.653,39,1796.2,78.822
6/12/19 11:40,72.653,38.9,1798.7,78.822
6/12/19 11:40,72.61,38.8,1801.2,78.822
6/12/19 11:40,72.61,38.8,1806.2,78.822
6/12/19 11:40,72.61,38.7,1808.7,78.822
6/12/19 11:40,72.567,38.7,1808.7,78.822
6/12/19 11:40,72.567,38.6,1811.2,78.822
6/12/19 11:40,72.523,38.6,1813.7,78.822
6/12/19 11:40,72.523,38.6,1818.7,78.822
6/12/19 11:40,72.523,38.6,1818.7,78.822
6/12/19 11:40,72.48,38.6,1816.2,78.822
6/12/19 11:40,72.48,38.6,1813.7,78.822
6/12/19 11:40,72.48,38.7,1811.2,78.822
6/12/19 11:40,72.48,38.9,1803.7,78.822
6/12/19 11:40,72.437,39,1798.7,78.822
6/12/19 11:40,72.437,39,1796.2,78.822
6/12/19 11:40,72.394,39.1,1808.7,78.865
6/12/19 11:40,72.394,39.3,1818.7,78.865
6/12/19 11:40,72.394,39.6,1826.2,78.865
6/12/19 11:40,72.394,39.9,1823.7,78.822
6/12/19 11:40,72.394,40,1816.2,78.865
6/12/19 11:40,72.394,40.3,1821.2,78.865
6/12/19 11:40,72.351,40.4,1813.7,78.865
6/12/19 11:40,72.351,40.5,1816.2,78.822
6/12/19 11:40,72.351,40.6,1823.7,78.865
6/12/19 11:40,72.351,40.6,1828.7,78.865
6/12/19 11:40,72.351,40.7,1826.2,78.865
6/12/19 11:40,72.351,40.7,1828.7,78.865
6/12/19 11:40,72.351,40.6,1831.2,78.865
6/12/19 11:40,72.351,40.6,1828.7,78.865
6/12/19 11:40,72.351,40.5,1833.7,78.865
6/12/19 11:40,72.351,40.4,1831.2,78.865
6/12/19 11:40,72.351,40.4,1821.2,78.865
6/12/19 11:40,72.351,40.4,1816.2,78.865
6/12/19 11:40,72.351,40.3,1818.7,78.865
6/12/19 11:40,72.351,40.2,1826.2,78.865
6/12/19 11:40,72.351,40.1,1833.7,78.865
6/12/19 11:40,72.351,40,1843.7,78.865
6/12/19 11:40,72.351,39.9,1848.7,78.865
6/12/19 11:40,72.351,39.8,1848.7,78.865
6/12/19 11:40,72.351,39.8,1848.7,78.865
6/12/19 11:40,72.351,39.7,1846.2,78.865
6/12/19 11:40,72.351,39.6,1848.7,78.865
6/12/19 11:40,72.351,39.6,1838.7,78.865
6/12/19 11:40,72.307,39.4,1836.2,78.865
6/12/19 11:40,72.307,39.4,1843.7,78.865
6/12/19 11:40,72.307,39.3,1838.7,78.865
6/12/19 11:40,72.307,39.3,1831.2,78.865
6/12/19 11:40,72.307,39.2,1831.2,78.865
6/12/19 11:40,72.307,39.1,1833.7,78.865
6/12/19 11:40,72.307,39.1,1836.2,78.865
6/12/19 11:40,72.264,39.1,1841.2,78.865
6/12/19 11:40,72.264,39.1,1846.2,78.865
6/12/19 11:40,72.264,39.1,1856.2,78.91
6/12/19 11:41,72.264,39.1,1856.2,78.865
6/12/19 11:41,72.264,39.2,1856.2,78.865
6/12/19 11:41,72.264,39.2,1858.7,78.865
6/12/19 11:41,72.264,39.3,1858.7,78.865
6/12/19 11:41,72.221,39.4,1861.2,78.865
6/12/19 11:41,72.221,39.4,1863.7,78.91
6/12/19 11:41,72.221,39.4,1861.2,78.91
6/12/19 11:41,72.221,39.4,1858.7,78.91
6/12/19 11:41,72.221,39.5,1858.7,78.91
6/12/19 11:41,72.221,39.5,1858.7,78.91
6/12/19 11:41,72.221,39.5,1853.7,78.91
6/12/19 11:41,72.221,39.5,1851.2,78.91
6/12/19 11:41,72.221,39.6,1836.2,78.91
6/12/19 11:41,72.221,39.6,1831.2,78.91
6/12/19 11:41,72.221,39.6,1826.2,78.91
6/12/19 11:41,72.221,39.7,1838.7,78.91
6/12/19 11:41,72.221,39.8,1838.7,78.91
6/12/19 11:41,72.221,39.9,1836.2,78.91
6/12/19 11:41,72.221,39.9,1828.7,78.91
6/12/19 11:41,72.221,40.1,1831.2,78.91
6/12/19 11:41,72.221,40.3,1838.7,78.91
6/12/19 11:41,72.221,40.5,1843.7,78.91
6/12/19 11:41,72.221,40.6,1848.7,78.91
6/12/19 11:41,72.221,40.7,1853.7,78.91
6/12/19 11:41,72.221,40.7,1851.2,78.91
6/12/19 11:41,72.221,40.7,1851.2,78.91
6/12/19 11:41,72.221,40.6,1848.7,78.91
6/12/19 11:41,72.221,40.5,1843.7,78.91
6/12/19 11:41,72.221,40.3,1838.7,78.91
6/12/19 11:41,72.264,40.2,1828.7,78.91
6/12/19 11:41,72.264,40.1,1831.2,78.91
6/12/19 11:41,72.264,40,1836.2,78.91
6/12/19 11:41,72.264,39.8,1838.7,78.953
6/12/19 11:41,72.264,39.9,1843.7,78.91
6/12/19 11:41,72.264,39.7,1846.2,78.91
6/12/19 11:41,72.264,39.7,1848.7,78.953
6/12/19 11:41,72.264,39.6,1841.2,78.953
6/12/19 11:41,72.264,39.6,1848.7,78.953
6/12/19 11:41,72.264,39.6,1853.7,78.953
6/12/19 11:41,72.264,39.7,1858.7,78.953
6/12/19 11:41,72.264,39.8,1863.7,78.953
6/12/19 11:41,72.221,39.9,1873.7,78.953
6/12/19 11:41,72.221,39.8,1876.2,78.953
6/12/19 11:41,72.221,39.9,1878.7,78.953
6/12/19 11:41,72.221,40,1876.2,78.953
6/12/19 11:41,72.221,40.2,1873.7,78.953
6/12/19 11:41,72.221,40.3,1873.7,78.953
6/12/19 11:41,72.221,40.4,1868.7,78.953
6/12/19 11:41,72.221,40.6,1868.7,78.953
6/12/19 11:41,72.221,40.7,1866.2,78.953
6/12/19 11:41,72.264,40.7,1861.2,78.953
6/12/19 11:41,72.264,40.8,1858.7,78.953
6/12/19 11:41,72.264,40.8,1853.7,78.953
6/12/19 11:41,72.264,40.8,1858.7,78.953
6/12/19 11:41,72.264,40.7,1858.7,78.953
6/12/19 11:41,72.264,40.7,1866.2,78.953
6/12/19 11:41,72.264,40.6,1871.2,78.953
6/12/19 11:41,72.307,40.5,1876.2,78.953
6/12/19 11:41,72.307,40.3,1883.7,78.953
6/12/19 11:41,72.307,40.2,1881.2,78.953
6/12/19 11:42,72.307,40.2,1873.7,78.953
6/12/19 11:42,72.307,40,1871.2,78.953
6/12/19 11:42,72.307,40,1876.2,78.953
6/12/19 11:42,72.307,40,1876.2,78.953
6/12/19 11:42,72.307,40,1866.2,78.953
6/12/19 11:42,72.307,40,1863.7,78.996
6/12/19 11:42,72.307,40,1866.2,78.996
6/12/19 11:42,72.351,40,1871.2,78.953
6/12/19 11:42,72.307,40.1,1886.2,78.953
6/12/19 11:42,72.307,40.2,1873.7,78.996
6/12/19 11:42,72.307,40.2,1866.2,78.996
6/12/19 11:42,72.351,40.3,1851.2,78.996
6/12/19 11:42,72.351,40.3,1848.7,78.996
6/12/19 11:42,72.351,40.3,1858.7,78.996
6/12/19 11:42,72.351,40.4,1868.7,78.996
6/12/19 11:42,72.351,40.5,1866.2,78.996
6/12/19 11:42,72.351,40.6,1861.2,78.996
6/12/19 11:42,72.351,40.6,1858.7,78.996
6/12/19 11:42,72.351,40.7,1858.7,78.996
6/12/19 11:42,72.351,40.7,1856.2,78.996
6/12/19 11:42,72.351,40.8,1853.7,78.996
6/12/19 11:42,72.394,40.8,1863.7,78.996
6/12/19 11:42,72.394,40.8,1868.7,78.996
6/12/19 11:42,72.394,40.8,1871.2,78.996
6/12/19 11:42,72.394,40.7,1876.2,78.996
6/12/19 11:42,72.394,40.7,1876.2,78.996
6/12/19 11:42,72.394,40.6,1873.7,78.996
6/12/19 11:42,72.394,40.5,1876.2,78.996
6/12/19 11:42,72.437,40.3,1873.7,78.996
6/12/19 11:42,72.437,40.3,1873.7,78.996
6/12/19 11:42,72.437,40.2,1873.7,78.996
6/12/19 11:42,72.437,40,1873.7,78.996
6/12/19 11:42,72.437,40,1871.2,78.996
6/12/19 11:42,72.437,39.9,1871.2,78.996
6/12/19 11:42,72.437,39.8,1871.2,78.996
6/12/19 11:42,72.437,39.9,1866.2,78.996
6/12/19 11:42,72.437,39.9,1863.7,78.996
6/12/19 11:42,72.437,39.8,1856.2,78.996
6/12/19 11:42,72.437,39.8,1846.2,79.041
6/12/19 11:42,72.437,39.8,1838.7,78.996
6/12/19 11:42,72.437,39.8,1841.2,78.996
6/12/19 11:42,72.437,39.7,1843.7,78.996
6/12/19 11:42,72.437,39.7,1851.2,79.041
6/12/19 11:42,72.437,39.7,1858.7,79.041
6/12/19 11:42,72.437,39.7,1861.2,79.041
6/12/19 11:42,72.437,39.6,1863.7,79.041
6/12/19 11:42,72.437,39.6,1863.7,79.041
6/12/19 11:42,72.437,39.6,1866.2,79.041
6/12/19 11:42,72.437,39.6,1873.7,79.041
6/12/19 11:42,72.394,39.6,1881.2,79.041
6/12/19 11:42,72.394,39.6,1888.7,79.041
6/12/19 11:42,72.394,39.6,1891.2,79.041
6/12/19 11:42,72.394,39.6,1888.7,79.041
6/12/19 11:42,72.394,39.6,1888.7,79.041
6/12/19 11:42,72.394,39.6,1888.7,79.041
6/12/19 11:42,72.394,39.6,1886.2,79.041
6/12/19 11:42,72.394,39.7,1876.2,79.041
6/12/19 11:42,72.394,39.7,1873.7,79.041
6/12/19 11:42,72.394,39.7,1881.2,79.041
6/12/19 11:42,72.394,39.7,1883.7,79.041
6/12/19 11:43,72.394,39.7,1886.2,79.041
6/12/19 11:43,72.394,39.7,1878.7,79.041
6/12/19 11:43,72.394,39.7,1876.2,79.041
6/12/19 11:43,72.394,39.6,1876.2,79.041
6/12/19 11:43,72.394,39.6,1873.7,79.041
6/12/19 11:43,72.394,39.6,1876.2,79.041
6/12/19 11:43,72.394,39.6,1881.2,79.041
6/12/19 11:43,72.394,39.6,1881.2,79.041
6/12/19 11:43,72.394,39.6,1886.2,79.041
6/12/19 11:43,72.394,39.6,1886.2,79.041
6/12/19 11:43,72.394,39.6,1886.2,79.041
6/12/19 11:43,72.394,39.6,1888.7,79.041
6/12/19 11:43,72.394,39.6,1888.7,79.041
6/12/19 11:43,72.394,39.7,1896.2,79.041
6/12/19 11:43,72.394,39.7,1898.7,79.041
6/12/19 11:43,72.394,39.7,1898.7,79.041
6/12/19 11:43,72.394,39.8,1903.7,79.084
6/12/19 11:43,72.394,39.8,1896.2,79.041
6/12/19 11:43,72.394,39.9,1891.2,79.041
6/12/19 11:43,72.437,39.9,1901.2,79.084
6/12/19 11:43,72.437,39.8,1896.2,79.084
6/12/19 11:43,72.437,39.9,1901.2,79.084
6/12/19 11:43,72.437,39.9,1903.7,79.084
6/12/19 11:43,72.437,40,1906.2,79.084
6/12/19 11:43,72.437,40,1896.2,79.084
6/12/19 11:43,72.437,40.1,1898.7,79.084
6/12/19 11:43,72.48,40.2,1896.2,79.084
6/12/19 11:43,72.48,40.3,1896.2,79.084
6/12/19 11:43,72.48,40.3,1893.7,79.084
6/12/19 11:43,72.523,40.4,1898.7,79.084
6/12/19 11:43,72.523,40.4,1896.2,79.084
6/12/19 11:43,72.523,40.5,1891.2,79.084
6/12/19 11:43,72.523,40.6,1888.7,79.084
6/12/19 11:43,72.523,40.6,1886.2,79.084
6/12/19 11:43,72.567,40.6,1878.7,79.084
6/12/19 11:43,72.567,40.6,1871.2,79.084
6/12/19 11:43,72.567,40.6,1873.7,79.084
6/12/19 11:43,72.567,40.6,1873.7,79.084
6/12/19 11:43,72.61,40.6,1863.7,79.084
6/12/19 11:43,72.61,40.5,1851.2,79.084
6/12/19 11:43,72.61,40.5,1833.7,79.084
6/12/19 11:43,72.653,40.5,1818.7,79.084
6/12/19 11:43,72.653,40.4,1811.2,79.128
6/12/19 11:43,72.653,40.4,1808.7,79.084
6/12/19 11:43,72.653,40.4,1806.2,79.084
6/12/19 11:43,72.696,40.3,1808.7,79.084
6/12/19 11:43,72.696,40.3,1808.7,79.128
6/12/19 11:43,72.696,40.3,1811.2,79.128
6/12/19 11:43,72.696,40.3,1813.7,79.084
6/12/19 11:43,72.739,40.3,1816.2,79.128
6/12/19 11:43,72.739,40.3,1821.2,79.128
6/12/19 11:43,72.739,40.3,1831.2,79.128
6/12/19 11:43,72.739,40.3,1836.2,79.128
6/12/19 11:43,72.783,40.4,1838.7,79.128
6/12/19 11:43,72.783,40.4,1843.7,79.128
6/12/19 11:43,72.783,40.5,1851.2,79.128
6/12/19 11:43,72.783,40.5,1846.2,79.128
6/12/19 11:43,72.826,40.6,1843.7,79.128
6/12/19 11:43,72.826,40.6,1841.2,79.128
6/12/19 11:43,72.826,40.7,1843.7,79.128
6/12/19 11:44,72.869,40.7,1853.7,79.128
6/12/19 11:44,72.869,40.7,1858.7,79.128
6/12/19 11:44,72.869,40.8,1863.7,79.128
6/12/19 11:44,72.912,40.9,1863.7,79.128
6/12/19 11:44,72.912,40.9,1863.7,79.128
6/12/19 11:44,72.912,41,1866.2,79.128
6/12/19 11:44,72.955,41,1861.2,79.128
6/12/19 11:44,72.955,41,1858.7,79.128
6/12/19 11:44,72.955,41,1853.7,79.128
6/12/19 11:44,72.997,41,1851.2,79.128
6/12/19 11:44,72.997,41,1856.2,79.128
6/12/19 11:44,72.997,40.9,1856.2,79.128
6/12/19 11:44,73.04,40.8,1858.7,79.128
6/12/19 11:44,73.04,40.8,1861.2,79.128
6/12/19 11:44,73.04,40.7,1858.7,79.128
6/12/19 11:44,73.04,40.7,1858.7,79.128
6/12/19 11:44,73.04,40.7,1856.2,79.173
6/12/19 11:44,73.083,40.6,1853.7,79.128
6/12/19 11:44,73.083,40.6,1853.7,79.173
6/12/19 11:44,73.083,40.6,1851.2,79.128
6/12/19 11:44,73.083,40.5,1848.7,79.173
6/12/19 11:44,73.083,40.5,1846.2,79.173
6/12/19 11:44,73.126,40.5,1851.2,79.173
6/12/19 11:44,73.126,40.4,1853.7,79.173
6/12/19 11:44,73.126,40.4,1863.7,79.173
6/12/19 11:44,73.126,40.4,1868.7,79.173
6/12/19 11:44,73.126,40.3,1878.7,79.173
6/12/19 11:44,73.126,40.3,1888.7,79.173
6/12/19 11:44,73.17,40.3,1886.2,79.173
6/12/19 11:44,73.17,40.3,1883.7,79.173
6/12/19 11:44,73.17,40.3,1876.2,79.173
6/12/19 11:44,73.17,40.3,1881.2,79.173
6/12/19 11:44,73.213,40.3,1886.2,79.173
6/12/19 11:44,73.213,40.3,1886.2,79.173
6/12/19 11:44,73.213,40.3,1881.2,79.173
6/12/19 11:44,73.213,40.3,1881.2,79.173
6/12/19 11:44,73.256,40.4,1883.7,79.173
6/12/19 11:44,73.256,40.4,1881.2,79.173
6/12/19 11:44,73.256,40.4,1878.7,79.173
6/12/19 11:44,73.256,40.5,1876.2,79.173
6/12/19 11:44,73.299,40.6,1873.7,79.173
6/12/19 11:44,73.299,40.6,1876.2,79.173
6/12/19 11:44,73.299,40.7,1871.2,79.173
6/12/19 11:44,73.299,40.7,1876.2,79.173
6/12/19 11:44,73.342,40.8,1868.7,79.173
6/12/19 11:44,73.342,40.8,1866.2,79.173
6/12/19 11:44,73.342,40.8,1858.7,79.173
6/12/19 11:44,73.386,40.8,1856.2,79.173
6/12/19 11:44,73.386,40.8,1853.7,79.173
6/12/19 11:44,73.386,40.7,1853.7,79.173
6/12/19 11:44,73.429,40.7,1853.7,79.216
6/12/19 11:44,73.429,40.7,1851.2,79.216
6/12/19 11:44,73.429,40.7,1848.7,79.216
6/12/19 11:44,73.472,40.8,1848.7,79.216
6/12/19 11:44,73.472,40.8,1851.2,79.216
6/12/19 11:44,73.472,40.8,1853.7,79.216
6/12/19 11:44,73.515,40.8,1853.7,79.216
6/12/19 11:44,73.515,40.8,1856.2,79.216
6/12/19 11:44,73.515,40.8,1856.2,79.216
6/12/19 11:44,73.558,40.8,1856.2,79.216
6/12/19 11:45,73.558,40.9,1856.2,79.216
6/12/19 11:45,73.558,40.8,1848.7,79.216
6/12/19 11:45,73.558,40.8,1843.7,79.216
6/12/19 11:45,73.602,40.8,1833.7,79.216
6/12/19 11:45,73.602,40.8,1828.7,79.216
6/12/19 11:45,73.602,40.8,1826.2,79.216
6/12/19 11:45,73.645,40.8,1828.7,79.216
6/12/19 11:45,73.645,40.8,1831.2,79.216
6/12/19 11:45,73.645,40.7,1838.7,79.216
6/12/19 11:45,73.645,40.7,1843.7,79.216
6/12/19 11:45,73.688,40.7,1846.2,79.216
6/12/19 11:45,73.688,40.7,1846.2,79.216
6/12/19 11:45,73.688,40.7,1838.7,79.216
6/12/19 11:45,73.688,40.7,1836.2,79.216
6/12/19 11:45,73.731,40.7,1833.7,79.216
6/12/19 11:45,73.731,40.7,1833.7,79.216
6/12/19 11:45,73.731,40.7,1846.2,79.216
6/12/19 11:45,73.731,40.7,1851.2,79.216
6/12/19 11:45,73.731,40.7,1866.2,79.216
6/12/19 11:45,73.774,40.7,1866.2,79.216
6/12/19 11:45,73.774,40.7,1861.2,79.216
6/12/19 11:45,73.774,40.7,1863.7,79.216
6/12/19 11:45,73.818,40.7,1861.2,79.216
6/12/19 11:45,73.818,40.8,1856.2,79.216
6/12/19 11:45,73.818,40.8,1848.7,79.216
6/12/19 11:45,73.818,40.9,1838.7,79.216
6/12/19 11:45,73.818,41,1836.2,79.216
6/12/19 11:45,73.861,41.1,1833.7,79.216
6/12/19 11:45,73.861,41.1,1838.7,79.216
6/12/19 11:45,73.861,41.1,1838.7,79.261
6/12/19 11:45,73.904,41.2,1843.7,79.261
6/12/19 11:45,73.904,41.3,1846.2,79.216
6/12/19 11:45,73.904,41.3,1843.7,79.261
6/12/19 11:45,73.904,41.4,1843.7,79.261
6/12/19 11:45,73.947,41.4,1838.7,79.261
6/12/19 11:45,73.947,41.4,1838.7,79.261
6/12/19 11:45,73.99,41.5,1843.7,79.261
6/12/19 11:45,73.99,41.5,1836.2,79.261
6/12/19 11:45,73.99,41.5,1838.7,79.261
6/12/19 11:45,73.99,41.6,1838.7,79.261
6/12/19 11:45,73.99,41.6,1841.2,79.261
6/12/19 11:45,74.034,41.6,1838.7,79.261
6/12/19 11:45,74.034,41.5,1841.2,79.261
6/12/19 11:45,74.034,41.4,1846.2,79.261
6/12/19 11:45,74.077,41.3,1858.7,79.261
6/12/19 11:45,74.077,41.2,1868.7,79.261
6/12/19 11:45,74.077,41.1,1866.2,79.261
6/12/19 11:45,74.077,41.1,1863.7,79.261
6/12/19 11:45,74.12,41.1,1866.2,79.261
6/12/19 11:45,74.077,41.1,1863.7,79.261
6/12/19 11:45,74.12,41.1,1858.7,79.261
6/12/19 11:45,74.12,41.1,1858.7,79.261
6/12/19 11:45,74.12,41,1851.2,79.261
6/12/19 11:45,74.12,40.9,1846.2,79.261
6/12/19 11:45,74.12,40.8,1836.2,79.261
6/12/19 11:45,74.12,40.7,1828.7,79.261
6/12/19 11:45,74.12,40.5,1833.7,79.261
6/12/19 11:45,74.12,40.4,1846.2,79.261
6/12/19 11:45,74.12,40.2,1873.7,79.261
6/12/19 11:45,74.12,40.1,1888.7,79.261
6/12/19 11:46,74.077,39.9,1908.7,79.261
6/12/19 11:46,74.077,39.9,1923.7,79.261
6/12/19 11:46,74.077,39.7,1931.2,79.304
6/12/19 11:46,74.077,39.7,1931.2,79.304
6/12/19 11:46,74.034,39.5,1931.2,79.304
6/12/19 11:46,74.034,39.4,1928.7,79.304
6/12/19 11:46,74.034,39.4,1928.7,79.304
6/12/19 11:46,73.99,39.3,1936.2,79.304
6/12/19 11:46,73.99,39.2,1941.2,79.304
6/12/19 11:46,73.99,39.2,1938.7,79.304
6/12/19 11:46,73.947,39.1,1938.7,79.304
6/12/19 11:46,73.947,39.1,1936.2,79.304
6/12/19 11:46,73.947,39.1,1931.2,79.304
6/12/19 11:46,73.904,39.1,1926.2,79.304
6/12/19 11:46,73.904,39.2,1926.2,79.304
6/12/19 11:46,73.861,39.3,1928.7,79.304
6/12/19 11:46,73.861,39.4,1926.2,79.304
6/12/19 11:46,73.818,39.5,1921.2,79.304
6/12/19 11:46,73.818,39.6,1921.2,79.304
6/12/19 11:46,73.818,39.7,1921.2,79.304
6/12/19 11:46,73.774,39.7,1926.2,79.304
6/12/19 11:46,73.774,39.8,1923.7,79.304
6/12/19 11:46,73.731,39.9,1921.2,79.304
6/12/19 11:46,73.731,39.9,1913.7,79.304
6/12/19 11:46,73.731,40,1913.7,79.304
6/12/19 11:46,73.731,40.1,1913.7,79.304
6/12/19 11:46,73.688,40.1,1911.2,79.304
6/12/19 11:46,73.688,40.1,1906.2,79.304
6/12/19 11:46,73.688,40.1,1901.2,79.304
6/12/19 11:46,73.688,40.1,1901.2,79.304
6/12/19 11:46,73.688,40.1,1901.2,79.304
6/12/19 11:46,73.645,40.1,1901.2,79.304
6/12/19 11:46,73.645,40,1901.2,79.304
6/12/19 11:46,73.645,40,1891.2,79.304
6/12/19 11:46,73.645,40,1883.7,79.304
6/12/19 11:46,73.645,40,1876.2,79.304
6/12/19 11:46,73.602,40,1868.7,79.304
6/12/19 11:46,73.645,40,1861.2,79.347
6/12/19 11:46,73.602,40,1861.2,79.347
6/12/19 11:46,73.602,40,1863.7,79.304
6/12/19 11:46,73.602,40,1858.7,79.304
6/12/19 11:46,73.602,40,1851.2,79.304
6/12/19 11:46,73.602,40,1846.2,79.347
6/12/19 11:46,73.602,40.1,1848.7,79.347
6/12/19 11:46,73.602,40.1,1846.2,79.347
6/12/19 11:46,73.602,40.1,1831.2,79.347
6/12/19 11:46,73.602,40.1,1823.7,79.347
6/12/19 11:46,73.558,40.2,1823.7,79.347
6/12/19 11:46,73.558,40.2,1811.2,79.347
6/12/19 11:46,73.558,40.3,1818.7,79.347
6/12/19 11:46,73.602,40.3,1816.2,79.347
6/12/19 11:46,73.558,40.3,1816.2,79.347
6/12/19 11:46,73.602,40.4,1816.2,79.347
6/12/19 11:46,73.602,40.4,1821.2,79.347
6/12/19 11:46,73.602,40.4,1821.2,79.347
6/12/19 11:46,73.602,40.4,1826.2,79.347
6/12/19 11:46,73.602,40.4,1826.2,79.347
6/12/19 11:46,73.602,40.4,1823.7,79.347
6/12/19 11:46,73.602,40.3,1826.2,79.347
6/12/19 11:46,73.602,40.3,1826.2,79.347
6/12/19 11:47,73.602,40.3,1821.2,79.347
6/12/19 11:47,73.602,40.2,1813.7,79.347
6/12/19 11:47,73.602,40.3,1813.7,79.347
6/12/19 11:47,73.602,40.2,1811.2,79.347
6/12/19 11:47,73.602,40.2,1816.2,79.347
6/12/19 11:47,73.602,40.1,1811.2,79.347
6/12/19 11:47,73.602,40.2,1808.7,79.347
6/12/19 11:47,73.602,40.2,1811.2,79.347
6/12/19 11:47,73.558,40.2,1808.7,79.347
6/12/19 11:47,73.558,40.2,1801.2,79.347
6/12/19 11:47,73.602,40.3,1796.2,79.347
6/12/19 11:47,73.602,40.4,1793.7,79.347
6/12/19 11:47,73.602,40.4,1786.2,79.347
6/12/19 11:47,73.602,40.4,1781.2,79.347
6/12/19 11:47,73.602,40.4,1788.7,79.392
6/12/19 11:47,73.602,40.3,1798.7,79.392
6/12/19 11:47,73.602,40.5,1798.7,79.347
6/12/19 11:47,73.558,40.5,1796.2,79.347
6/12/19 11:47,73.558,40.5,1791.2,79.392
6/12/19 11:47,73.558,40.5,1786.2,79.347
6/12/19 11:47,73.558,40.6,1788.7,79.392
6/12/19 11:47,73.602,40.6,1791.2,79.392
6/12/19 11:47,73.558,40.6,1798.7,79.392
6/12/19 11:47,73.602,40.6,1791.2,79.392
6/12/19 11:47,73.602,40.6,1786.2,79.392
6/12/19 11:47,73.602,40.7,1781.2,79.392
6/12/19 11:47,73.602,40.7,1781.2,79.392
6/12/19 11:47,73.602,40.7,1786.2,79.392
6/12/19 11:47,73.602,40.7,1793.7,79.392
6/12/19 11:47,73.602,40.7,1793.7,79.392
6/12/19 11:47,73.602,40.7,1801.2,79.392
6/12/19 11:47,73.602,40.7,1806.2,79.392
6/12/19 11:47,73.602,40.7,1806.2,79.392
6/12/19 11:47,73.602,40.6,1803.7,79.392
6/12/19 11:47,73.602,40.6,1813.7,79.392
6/12/19 11:47,73.558,40.6,1818.7,79.392
6/12/19 11:47,73.558,40.4,1818.7,79.392
6/12/19 11:47,73.558,40.5,1811.2,79.392
6/12/19 11:47,73.558,40.3,1803.7,79.392
6/12/19 11:47,73.558,40.3,1798.7,79.392
6/12/19 11:47,73.558,40.2,1786.2,79.392
6/12/19 11:47,73.515,40.2,1778.7,79.392
6/12/19 11:47,73.515,40.2,1763.7,79.392
6/12/19 11:47,73.515,40.1,1756.2,79.392
6/12/19 11:47,73.515,40,1753.7,79.392
6/12/19 11:47,73.515,40,1763.7,79.392
6/12/19 11:47,73.472,40,1783.7,79.392
6/12/19 11:47,73.472,39.9,1791.2,79.392
6/12/19 11:47,73.472,39.9,1793.7,79.392
6/12/19 11:47,73.472,39.9,1798.7,79.392
6/12/19 11:47,73.429,39.9,1806.2,79.392
6/12/19 11:47,73.429,39.8,1803.7,79.392
6/12/19 11:47,73.429,39.9,1806.2,79.392
6/12/19 11:47,73.386,39.9,1813.7,79.392
6/12/19 11:47,73.386,40,1828.7,79.392
6/12/19 11:47,73.386,40.1,1841.2,79.392
6/12/19 11:47,73.386,40.3,1846.2,79.392
6/12/19 11:47,73.386,40.6,1848.7,79.392
6/12/19 11:47,73.342,40.7,1851.2,79.392
6/12/19 11:47,73.342,40.8,1851.2,79.392
6/12/19 11:48,73.342,40.8,1848.7,79.392
6/12/19 11:48,73.342,40.9,1846.2,79.392
6/12/19 11:48,73.342,40.9,1848.7,79.392
6/12/19 11:48,73.299,40.9,1846.2,79.392
6/12/19 11:48,73.299,40.9,1843.7,79.435
6/12/19 11:48,73.299,40.8,1841.2,79.392
6/12/19 11:48,73.299,40.8,1846.2,79.392
6/12/19 11:48,73.299,40.7,1846.2,79.392
6/12/19 11:48,73.299,40.7,1841.2,79.435
6/12/19 11:48,73.299,40.7,1843.7,79.392
6/12/19 11:48,73.299,40.7,1851.2,79.435
6/12/19 11:48,73.256,40.7,1858.7,79.435
6/12/19 11:48,73.256,40.7,1861.2,79.435
6/12/19 11:48,73.256,40.7,1863.7,79.435
6/12/19 11:48,73.256,40.8,1866.2,79.435
6/12/19 11:48,73.256,40.9,1863.7,79.435
6/12/19 11:48,73.256,40.9,1863.7,79.435
6/12/19 11:48,73.213,41,1863.7,79.435
6/12/19 11:48,73.213,40.9,1871.2,79.435
6/12/19 11:48,73.213,40.8,1881.2,79.435
6/12/19 11:48,73.213,40.8,1886.2,79.435
6/12/19 11:48,73.213,40.7,1883.7,79.435
6/12/19 11:48,73.213,40.7,1883.7,79.435
6/12/19 11:48,73.17,40.7,1881.2,79.435
6/12/19 11:48,73.17,40.6,1881.2,79.435
6/12/19 11:48,73.17,40.5,1881.2,79.435
6/12/19 11:48,73.17,40.4,1881.2,79.435
6/12/19 11:48,73.126,40.4,1881.2,79.435
6/12/19 11:48,73.126,40.3,1881.2,79.435
6/12/19 11:48,73.126,40.3,1878.7,79.435
6/12/19 11:48,73.126,40.3,1871.2,79.435
6/12/19 11:48,73.126,40.2,1873.7,79.435
6/12/19 11:48,73.083,40.2,1871.2,79.435
6/12/19 11:48,73.083,40.3,1873.7,79.435
6/12/19 11:48,73.083,40.3,1866.2,79.435
6/12/19 11:48,73.083,40.4,1863.7,79.435
6/12/19 11:48,73.083,40.4,1861.2,79.435
6/12/19 11:48,73.04,40.4,1863.7,79.435
6/12/19 11:48,73.04,40.5,1863.7,79.435
6/12/19 11:48,73.04,40.5,1863.7,79.435
6/12/19 11:48,73.04,40.5,1863.7,79.435
6/12/19 11:48,73.04,40.5,1863.7,79.435
6/12/19 11:48,72.997,40.6,1871.2,79.435
6/12/19 11:48,72.997,40.6,1871.2,79.48
6/12/19 11:48,72.997,40.6,1866.2,79.48
6/12/19 11:48,72.997,40.6,1856.2,79.435
6/12/19 11:48,72.955,40.6,1848.7,79.48
6/12/19 11:48,72.955,40.6,1851.2,79.48
6/12/19 11:48,72.955,40.6,1853.7,79.48
6/12/19 11:48,72.955,40.6,1846.2,79.48
6/12/19 11:48,72.955,40.6,1843.7,79.48
6/12/19 11:48,72.955,40.6,1831.2,79.48
6/12/19 11:48,72.912,40.6,1823.7,79.48
6/12/19 11:48,72.912,40.6,1831.2,79.48
6/12/19 11:48,72.912,40.6,1833.7,79.48
6/12/19 11:48,72.912,40.7,1843.7,79.48
6/12/19 11:48,72.912,40.7,1848.7,79.48
6/12/19 11:48,72.912,40.8,1851.2,79.48
6/12/19 11:48,72.869,41,1853.7,79.48
6/12/19 11:48,72.869,41,1841.2,79.48
6/12/19 11:49,72.912,41.1,1833.7,79.48
6/12/19 11:49,72.912,41.1,1833.7,79.48
6/12/19 11:49,72.869,41.2,1846.2,79.48
6/12/19 11:49,72.869,41.2,1853.7,79.48
6/12/19 11:49,72.869,41.3,1861.2,79.48
6/12/19 11:49,72.869,41.4,1868.7,79.48
6/12/19 11:49,72.869,41.5,1883.7,79.48
6/12/19 11:49,72.869,41.5,1883.7,79.48
6/12/19 11:49,72.912,41.6,1886.2,79.48
6/12/19 11:49,72.869,41.7,1888.7,79.48
6/12/19 11:49,72.912,41.8,1888.7,79.48
6/12/19 11:49,72.869,41.9,1888.7,79.48
6/12/19 11:49,72.869,42,1883.7,79.48
6/12/19 11:49,72.912,42.2,1881.2,79.48
6/12/19 11:49,72.912,42.3,1876.2,79.48
6/12/19 11:49,72.912,42.3,1876.2,79.48
6/12/19 11:49,72.912,42.3,1876.2,79.48
6/12/19 11:49,72.912,42.3,1878.7,79.48
6/12/19 11:49,72.912,42.3,1886.2,79.48
6/12/19 11:49,72.912,42.1,1886.2,79.48
6/12/19 11:49,72.912,41.9,1883.7,79.48
6/12/19 11:49,72.912,41.8,1886.2,79.48
6/12/19 11:49,72.912,41.6,1881.2,79.524
6/12/19 11:49,72.912,41.5,1881.2,79.524
6/12/19 11:49,72.912,41.6,1881.2,79.48
6/12/19 11:49,72.912,41.5,1878.7,79.524
6/12/19 11:49,72.912,41.4,1876.2,79.524
6/12/19 11:49,72.912,41.3,1873.7,79.524
6/12/19 11:49,72.869,41.2,1866.2,79.524
6/12/19 11:49,72.869,41,1858.7,79.524
6/12/19 11:49,72.869,40.9,1856.2,79.524
6/12/19 11:49,72.869,40.8,1858.7,79.524
6/12/19 11:49,72.869,40.7,1866.2,79.524
6/12/19 11:49,72.826,40.7,1871.2,79.524
6/12/19 11:49,72.826,40.6,1873.7,79.524
6/12/19 11:49,72.826,40.6,1873.7,79.524
6/12/19 11:49,72.826,40.5,1876.2,79.524
6/12/19 11:49,72.783,40.4,1881.2,79.524
6/12/19 11:49,72.783,40.4,1883.7,79.524
6/12/19 11:49,72.783,40.4,1888.7,79.524
6/12/19 11:49,72.739,40.4,1886.2,79.524
6/12/19 11:49,72.739,40.4,1881.2,79.524
6/12/19 11:49,72.739,40.5,1881.2,79.524
6/12/19 11:49,72.739,40.5,1883.7,79.524
6/12/19 11:49,72.696,40.5,1888.7,79.524
6/12/19 11:49,72.696,40.5,1891.2,79.524
6/12/19 11:49,72.696,40.5,1891.2,79.524
6/12/19 11:49,72.696,40.5,1888.7,79.524
6/12/19 11:49,72.653,40.5,1868.7,79.524
6/12/19 11:49,72.653,40.4,1868.7,79.524
6/12/19 11:49,72.61,40.4,1881.2,79.524
6/12/19 11:49,72.61,40.4,1893.7,79.524
6/12/19 11:49,72.61,40.4,1898.7,79.524
6/12/19 11:49,72.61,40.5,1893.7,79.524
6/12/19 11:49,72.567,40.5,1893.7,79.524
6/12/19 11:49,72.567,40.5,1891.2,79.524
6/12/19 11:49,72.567,40.6,1891.2,79.567
6/12/19 11:49,72.567,40.6,1888.7,79.524
6/12/19 11:49,72.567,40.6,1888.7,79.567
6/12/19 11:49,72.523,40.7,1886.2,79.524
6/12/19 11:50,72.523,40.7,1886.2,79.524
6/12/19 11:50,72.523,40.8,1883.7,79.567
6/12/19 11:50,72.48,40.9,1876.2,79.567
6/12/19 11:50,72.48,41,1868.7,79.567
6/12/19 11:50,72.48,41.1,1861.2,79.567
6/12/19 11:50,72.48,41.2,1863.7,79.567
6/12/19 11:50,72.48,41.3,1861.2,79.567
6/12/19 11:50,72.48,41.3,1858.7,79.567
6/12/19 11:50,72.48,41.3,1853.7,79.567
6/12/19 11:50,72.48,41.3,1851.2,79.567
6/12/19 11:50,72.437,41.2,1856.2,79.567
6/12/19 11:50,72.48,41.2,1856.2,79.567
6/12/19 11:50,72.437,41.2,1853.7,79.567
6/12/19 11:50,72.437,41.1,1843.7,79.567
6/12/19 11:50,72.437,41.1,1846.2,79.567
6/12/19 11:50,72.437,41.1,1838.7,79.567
6/12/19 11:50,72.437,41.1,1836.2,79.567
6/12/19 11:50,72.437,41.2,1826.2,79.567
6/12/19 11:50,72.437,41.2,1816.2,79.567
6/12/19 11:50,72.437,41.3,1803.7,79.567
6/12/19 11:50,72.437,41.4,1811.2,79.567
6/12/19 11:50,72.437,41.5,1818.7,79.567
6/12/19 11:50,72.437,41.6,1811.2,79.567
6/12/19 11:50,72.437,41.8,1808.7,79.567
6/12/19 11:50,72.437,42,1821.2,79.567
6/12/19 11:50,72.437,42.2,1821.2,79.567
6/12/19 11:50,72.437,42.3,1813.7,79.567
6/12/19 11:50,72.437,42.4,1808.7,79.567
6/12/19 11:50,72.437,42.5,1796.2,79.567
6/12/19 11:50,72.437,42.6,1793.7,79.567
6/12/19 11:50,72.437,42.6,1791.2,79.567
6/12/19 11:50,72.437,42.6,1793.7,79.567
6/12/19 11:50,72.437,42.6,1796.2,79.567
6/12/19 11:50,72.437,42.6,1788.7,79.567
6/12/19 11:50,72.437,42.6,1786.2,79.567
6/12/19 11:50,72.437,42.6,1791.2,79.567
6/12/19 11:50,72.437,42.5,1791.2,79.567
6/12/19 11:50,72.437,42.4,1783.7,79.567
6/12/19 11:50,72.437,42.3,1783.7,79.567
6/12/19 11:50,72.437,42.3,1783.7,79.567
6/12/19 11:50,72.437,42.2,1781.2,79.567
6/12/19 11:50,72.437,42.3,1781.2,79.612
6/12/19 11:50,72.437,42.3,1778.7,79.612
6/12/19 11:50,72.437,42.3,1776.2,79.612
6/12/19 11:50,72.437,42.3,1778.7,79.612
6/12/19 11:50,72.437,42.3,1786.2,79.567
6/12/19 11:50,72.437,42.3,1793.7,79.612
6/12/19 11:50,72.437,42.3,1798.7,79.612
6/12/19 11:50,72.437,42.3,1801.2,79.612
6/12/19 11:50,72.437,42.2,1806.2,79.612
6/12/19 11:50,72.437,42.1,1821.2,79.612
6/12/19 11:50,72.437,42,1836.2,79.612
6/12/19 11:50,72.394,41.9,1846.2,79.612
6/12/19 11:50,72.394,41.8,1843.7,79.612
6/12/19 11:50,72.394,41.7,1843.7,79.612
6/12/19 11:50,72.394,41.5,1838.7,79.612
6/12/19 11:50,72.394,41.6,1836.2,79.612
6/12/19 11:50,72.394,41.4,1836.2,79.612
6/12/19 11:50,72.394,41.3,1841.2,79.612
6/12/19 11:50,72.394,41.3,1838.7,79.612
6/12/19 11:51,72.351,41.2,1836.2,79.612
6/12/19 11:51,72.351,41.1,1828.7,79.612
6/12/19 11:51,72.351,41,1823.7,79.612
6/12/19 11:51,72.351,41,1823.7,79.612
6/12/19 11:51,72.307,40.9,1821.2,79.612
6/12/19 11:51,72.307,40.9,1818.7,79.612
6/12/19 11:51,72.307,40.9,1816.2,79.612
6/12/19 11:51,72.307,40.8,1816.2,79.612
6/12/19 11:51,72.264,40.9,1821.2,79.612
6/12/19 11:51,72.264,40.9,1821.2,79.612
6/12/19 11:51,72.264,41,1821.2,79.612
6/12/19 11:51,72.264,41,1823.7,79.612
6/12/19 11:51,72.221,41.1,1821.2,79.612
6/12/19 11:51,72.221,41.1,1821.2,79.612
6/12/19 11:51,72.221,41.2,1811.2,79.612
6/12/19 11:51,72.221,41.3,1808.7,79.612
6/12/19 11:51,72.221,41.4,1816.2,79.655
6/12/19 11:51,72.178,41.5,1826.2,79.655
6/12/19 11:51,72.178,41.5,1828.7,79.612
6/12/19 11:51,72.178,41.5,1831.2,79.655
6/12/19 11:51,72.178,41.5,1836.2,79.655
6/12/19 11:51,72.178,41.5,1838.7,79.655
6/12/19 11:51,72.178,41.4,1841.2,79.655
6/12/19 11:51,72.178,41.4,1846.2,79.655
6/12/19 11:51,72.178,41.3,1846.2,79.655
6/12/19 11:51,72.178,41.4,1846.2,79.655
6/12/19 11:51,72.178,41.3,1851.2,79.655
6/12/19 11:51,72.178,41.4,1853.7,79.655
6/12/19 11:51,72.136,41.4,1853.7,79.655
6/12/19 11:51,72.178,41.4,1851.2,79.655
6/12/19 11:51,72.136,41.4,1853.7,79.655
6/12/19 11:51,72.178,41.4,1851.2,79.655
6/12/19 11:51,72.178,41.4,1853.7,79.655
6/12/19 11:51,72.178,41.4,1856.2,79.655
6/12/19 11:51,72.136,41.5,1851.2,79.655
6/12/19 11:51,72.136,41.6,1853.7,79.655
6/12/19 11:51,72.136,41.5,1848.7,79.655
6/12/19 11:51,72.136,41.6,1848.7,79.655
6/12/19 11:51,72.136,41.7,1848.7,79.655
6/12/19 11:51,72.178,41.8,1851.2,79.655
6/12/19 11:51,72.136,41.9,1843.7,79.655
6/12/19 11:51,72.136,42,1853.7,79.655
6/12/19 11:51,72.136,42.1,1856.2,79.655
6/12/19 11:51,72.178,42.3,1858.7,79.655
6/12/19 11:51,72.178,42.2,1858.7,79.655
6/12/19 11:51,72.178,42.4,1863.7,79.655
6/12/19 11:51,72.178,42.4,1866.2,79.655
6/12/19 11:51,72.178,42.4,1866.2,79.655
6/12/19 11:51,72.178,42.5,1871.2,79.655
6/12/19 11:51,72.221,42.5,1873.7,79.655
6/12/19 11:51,72.221,42.4,1871.2,79.655
6/12/19 11:51,72.221,42.4,1871.2,79.655
6/12/19 11:51,72.221,42.2,1866.2,79.655
6/12/19 11:51,72.221,42.2,1858.7,79.655
6/12/19 11:51,72.221,42.2,1856.2,79.655
6/12/19 11:51,72.264,42.1,1858.7,79.7
6/12/19 11:51,72.264,42,1856.2,79.7
6/12/19 11:51,72.264,41.9,1851.2,79.655
6/12/19 11:51,72.264,41.8,1846.2,79.7
6/12/19 11:51,72.264,41.7,1841.2,79.7
6/12/19 11:52,72.264,41.6,1833.7,79.7
6/12/19 11:52,72.264,41.6,1828.7,79.7
6/12/19 11:52,72.264,41.6,1831.2,79.7
6/12/19 11:52,72.264,41.5,1826.2,79.7
6/12/19 11:52,72.264,41.4,1813.7,79.7
6/12/19 11:52,72.264,41.4,1798.7,79.7
6/12/19 11:52,72.264,41.4,1793.7,79.7
6/12/19 11:52,72.264,41.4,1793.7,79.7
6/12/19 11:52,72.264,41.5,1801.2,79.7
6/12/19 11:52,72.264,41.6,1798.7,79.7
6/12/19 11:52,72.264,41.5,1791.2,79.7
6/12/19 11:52,72.264,41.5,1793.7,79.7
6/12/19 11:52,72.264,41.6,1793.7,79.7
6/12/19 11:52,72.264,41.8,1793.7,79.7
6/12/19 11:52,72.264,41.9,1796.2,79.7
6/12/19 11:52,72.264,42,1801.2,79.7
6/12/19 11:52,72.264,42.1,1796.2,79.7
6/12/19 11:52,72.264,42.2,1793.7,79.7
6/12/19 11:52,72.264,42.3,1783.7,79.7
6/12/19 11:52,72.264,42.3,1778.7,79.7
6/12/19 11:52,72.264,42.5,1778.7,79.7
6/12/19 11:52,72.264,42.6,1786.2,79.7
6/12/19 11:52,72.264,42.8,1791.2,79.7
6/12/19 11:52,72.264,42.8,1798.7,79.7
6/12/19 11:52,72.307,42.8,1801.2,79.7
6/12/19 11:52,72.307,42.7,1803.7,79.7
6/12/19 11:52,72.307,42.8,1811.2,79.7
6/12/19 11:52,72.307,42.7,1821.2,79.7
6/12/19 11:52,72.307,42.6,1818.7,79.7
6/12/19 11:52,72.307,42.5,1813.7,79.743
6/12/19 11:52,72.307,42.4,1811.2,79.743
6/12/19 11:52,72.307,42.3,1813.7,79.743
6/12/19 11:52,72.351,42.3,1816.2,79.7
6/12/19 11:52,72.351,42.2,1821.2,79.743
6/12/19 11:52,72.351,42.1,1828.7,79.743
6/12/19 11:52,72.351,42,1836.2,79.743
6/12/19 11:52,72.351,42,1838.7,79.743
6/12/19 11:52,72.351,41.9,1833.7,79.743
6/12/19 11:52,72.351,41.8,1833.7,79.743
6/12/19 11:52,72.351,41.7,1838.7,79.743
6/12/19 11:52,72.351,41.6,1843.7,79.743
6/12/19 11:52,72.351,41.5,1843.7,79.743
6/12/19 11:52,72.351,41.6,1843.7,79.743
6/12/19 11:52,72.351,41.5,1846.2,79.743
6/12/19 11:52,72.351,41.4,1838.7,79.743
6/12/19 11:52,72.351,41.3,1826.2,79.743
6/12/19 11:52,72.351,41.3,1826.2,79.743
6/12/19 11:52,72.351,41.2,1831.2,79.743
6/12/19 11:52,72.351,41.2,1838.7,79.743
6/12/19 11:52,72.351,41.1,1846.2,79.743
6/12/19 11:52,72.351,41,1853.7,79.743
6/12/19 11:52,72.351,41,1861.2,79.743
6/12/19 11:52,72.307,41,1866.2,79.743
6/12/19 11:52,72.351,40.9,1866.2,79.743
6/12/19 11:52,72.307,40.9,1861.2,79.743
6/12/19 11:52,72.307,40.9,1853.7,79.743
6/12/19 11:52,72.307,40.9,1851.2,79.743
6/12/19 11:52,72.307,40.9,1856.2,79.743
6/12/19 11:52,72.307,41,1851.2,79.743
6/12/19 11:52,72.307,41,1853.7,79.743
6/12/19 11:53,72.307,41,1853.7,79.743
6/12/19 11:53,72.307,41.1,1848.7,79.743
6/12/19 11:53,72.307,41.1,1838.7,79.743
6/12/19 11:53,72.307,41.1,1821.2,79.743
6/12/19 11:53,72.307,41.1,1823.7,79.743
6/12/19 11:53,72.307,41.1,1828.7,79.743
6/12/19 11:53,72.307,41.1,1826.2,79.743
6/12/19 11:53,72.307,41,1826.2,79.743
6/12/19 11:53,72.307,41,1826.2,79.743
6/12/19 11:53,72.307,41,1833.7,79.743
6/12/19 11:53,72.307,41,1838.7,79.743
6/12/19 11:53,72.307,41,1843.7,79.743
6/12/19 11:53,72.307,41,1843.7,79.743
6/12/19 11:53,72.307,41,1841.2,79.743
6/12/19 11:53,72.307,41,1831.2,79.743
6/12/19 11:53,72.307,41,1816.2,79.743
6/12/19 11:53,72.307,41.1,1811.2,79.788
6/12/19 11:53,72.351,41.2,1808.7,79.788
6/12/19 11:53,72.351,41.2,1808.7,79.743
6/12/19 11:53,72.307,41.2,1808.7,79.788
6/12/19 11:53,72.351,41.3,1798.7,79.788
6/12/19 11:53,72.351,41.3,1788.7,79.788
6/12/19 11:53,72.351,41.3,1781.2,79.788
6/12/19 11:53,72.351,41.3,1783.7,79.788
6/12/19 11:53,72.351,41.4,1783.7,79.788
6/12/19 11:53,72.351,41.4,1786.2,79.788
6/12/19 11:53,72.394,41.4,1793.7,79.788
6/12/19 11:53,72.394,41.5,1803.7,79.788
6/12/19 11:53,72.394,41.6,1813.7,79.788
6/12/19 11:53,72.394,41.6,1823.7,79.788
6/12/19 11:53,72.394,41.7,1818.7,79.788
6/12/19 11:53,72.437,41.8,1811.2,79.788
6/12/19 11:53,72.394,41.9,1816.2,79.788
6/12/19 11:53,72.437,42,1823.7,79.788
6/12/19 11:53,72.437,42.1,1828.7,79.788
6/12/19 11:53,72.437,42.1,1821.2,79.788
6/12/19 11:53,72.48,42.2,1821.2,79.788
6/12/19 11:53,72.48,42.3,1836.2,79.788
6/12/19 11:53,72.48,42.2,1843.7,79.788
6/12/19 11:53,72.48,42.3,1838.7,79.788
6/12/19 11:53,72.523,42.3,1833.7,79.788
6/12/19 11:53,72.523,42.3,1826.2,79.831
6/12/19 11:53,72.523,42.3,1833.7,79.831
6/12/19 11:53,72.567,42.3,1856.2,79.831
6/12/19 11:53,72.567,42.3,1866.2,79.788
6/12/19 11:53,72.567,42.3,1856.2,79.831
6/12/19 11:53,72.567,42.3,1863.7,79.831
6/12/19 11:53,72.61,42.4,1861.2,79.831
6/12/19 11:53,72.61,42.4,1863.7,79.831
6/12/19 11:53,72.61,42.5,1851.2,79.831
6/12/19 11:53,72.653,42.5,1843.7,79.831
6/12/19 11:53,72.653,42.5,1843.7,79.831
6/12/19 11:53,72.653,42.6,1846.2,79.831
6/12/19 11:53,72.696,42.6,1841.2,79.831
6/12/19 11:53,72.696,42.5,1836.2,79.831
6/12/19 11:53,72.696,42.6,1836.2,79.831
6/12/19 11:53,72.739,42.5,1841.2,79.831
6/12/19 11:53,72.739,42.5,1843.7,79.831
6/12/19 11:53,72.739,42.5,1841.2,79.831
6/12/19 11:53,72.783,42.5,1851.2,79.831
6/12/19 11:54,72.783,42.4,1851.2,79.831
6/12/19 11:54,72.783,42.4,1848.7,79.831
6/12/19 11:54,72.783,42.3,1841.2,79.831
6/12/19 11:54,72.826,42.3,1846.2,79.831
6/12/19 11:54,72.826,42.3,1853.7,79.831
6/12/19 11:54,72.826,42.3,1856.2,79.831
6/12/19 11:54,72.869,42.3,1861.2,79.831
6/12/19 11:54,72.869,42.3,1851.2,79.831
6/12/19 11:54,72.869,42.3,1846.2,79.831
6/12/19 11:54,72.869,42.3,1846.2,79.831
6/12/19 11:54,72.912,42.4,1846.2,79.831
6/12/19 11:54,72.912,42.5,1851.2,79.831
6/12/19 11:54,72.912,42.8,1856.2,79.831
6/12/19 11:54,72.955,42.9,1861.2,79.831
6/12/19 11:54,72.955,43.1,1863.7,79.831
6/12/19 11:54,72.955,43.2,1866.2,79.831
6/12/19 11:54,72.997,43.2,1873.7,79.876
6/12/19 11:54,72.997,43.3,1876.2,79.876
6/12/19 11:54,72.997,43.3,1878.7,79.876
6/12/19 11:54,73.04,43.3,1876.2,79.876
6/12/19 11:54,73.04,43.3,1883.7,79.876
6/12/19 11:54,73.04,43.3,1888.7,79.876
6/12/19 11:54,73.083,43.3,1893.7,79.876
6/12/19 11:54,73.083,43.3,1891.2,79.876
6/12/19 11:54,73.126,43.2,1883.7,79.876
6/12/19 11:54,73.126,43.1,1883.7,79.876
6/12/19 11:54,73.126,43,1883.7,79.876
6/12/19 11:54,73.17,42.9,1881.2,79.876
6/12/19 11:54,73.17,42.7,1881.2,79.876
6/12/19 11:54,73.17,42.5,1878.7,79.876
6/12/19 11:54,73.213,42.3,1873.7,79.876
6/12/19 11:54,73.213,42.2,1863.7,79.876
6/12/19 11:54,73.213,42,1858.7,79.876
6/12/19 11:54,73.213,41.8,1853.7,79.876
6/12/19 11:54,73.213,41.8,1843.7,79.876
6/12/19 11:54,73.213,41.7,1838.7,79.876
6/12/19 11:54,73.213,41.6,1838.7,79.876
6/12/19 11:54,73.213,41.5,1838.7,79.876
6/12/19 11:54,73.213,41.5,1846.2,79.876
6/12/19 11:54,73.213,41.3,1853.7,79.876
6/12/19 11:54,73.213,41.2,1858.7,79.876
6/12/19 11:54,73.213,41.1,1853.7,79.876
6/12/19 11:54,73.213,41,1868.7,79.876
6/12/19 11:54,73.213,41,1878.7,79.876
6/12/19 11:54,73.213,41.1,1868.7,79.876
6/12/19 11:54,73.213,41.1,1868.7,79.876
6/12/19 11:54,73.213,41.2,1873.7,79.876
6/12/19 11:54,73.17,41.2,1871.2,79.876
6/12/19 11:54,73.17,41.1,1863.7,79.92
6/12/19 11:54,73.17,41,1858.7,79.876
6/12/19 11:54,73.17,40.9,1863.7,79.92
6/12/19 11:54,73.17,40.8,1873.7,79.92
6/12/19 11:54,73.17,40.7,1881.2,79.92
6/12/19 11:54,73.126,40.7,1888.7,79.92
6/12/19 11:54,73.126,40.7,1886.2,79.92
6/12/19 11:54,73.126,40.6,1883.7,79.92
6/12/19 11:54,73.126,40.6,1881.2,79.92
6/12/19 11:54,73.126,40.6,1881.2,79.92
6/12/19 11:54,73.126,40.5,1881.2,79.92
6/12/19 11:54,73.126,40.4,1886.2,79.92
6/12/19 11:55,73.083,40.4,1886.2,79.92
6/12/19 11:55,73.083,40.4,1886.2,79.92
6/12/19 11:55,73.083,40.3,1888.7,79.92
6/12/19 11:55,73.083,40.3,1896.2,79.92
6/12/19 11:55,73.04,40.2,1903.7,79.92
6/12/19 11:55,73.04,40.2,1906.2,79.92
6/12/19 11:55,73.04,40.1,1906.2,79.92
6/12/19 11:55,73.04,40.1,1893.7,79.92
6/12/19 11:55,72.997,40,1888.7,79.92
6/12/19 11:55,72.997,40,1891.2,79.92
6/12/19 11:55,72.997,40,1893.7,79.92
6/12/19 11:55,72.997,40,1893.7,79.92
6/12/19 11:55,72.997,40.1,1888.7,79.92
6/12/19 11:55,72.955,40.2,1886.2,79.92
6/12/19 11:55,72.955,40.3,1886.2,79.92
6/12/19 11:55,72.955,40.5,1883.7,79.92
6/12/19 11:55,72.955,40.7,1888.7,79.92
6/12/19 11:55,72.955,40.7,1878.7,79.92
6/12/19 11:55,72.912,40.8,1883.7,79.92
6/12/19 11:55,72.912,41,1881.2,79.92
6/12/19 11:55,72.912,41,1878.7,79.92
6/12/19 11:55,72.912,41.1,1883.7,79.92
6/12/19 11:55,72.912,41.2,1883.7,79.92
6/12/19 11:55,72.912,41.3,1888.7,79.92
6/12/19 11:55,72.912,41.4,1888.7,79.92
6/12/19 11:55,72.912,41.6,1891.2,79.92
6/12/19 11:55,72.912,41.5,1896.2,79.92
6/12/19 11:55,72.912,41.6,1901.2,79.92
6/12/19 11:55,72.955,41.7,1898.7,79.92
6/12/19 11:55,72.955,41.8,1901.2,79.963
6/12/19 11:55,72.912,41.8,1898.7,79.963
6/12/19 11:55,72.955,41.8,1896.2,79.92
6/12/19 11:55,72.955,41.7,1896.2,79.963
6/12/19 11:55,72.955,41.6,1896.2,79.92
6/12/19 11:55,72.955,41.5,1888.7,79.963
6/12/19 11:55,72.955,41.5,1886.2,79.963
6/12/19 11:55,72.955,41.3,1888.7,79.963
6/12/19 11:55,72.955,41.2,1896.2,79.963
6/12/19 11:55,72.997,41.1,1903.7,79.963
6/12/19 11:55,72.955,41,1911.2,79.963
6/12/19 11:55,72.955,40.8,1913.7,79.963
6/12/19 11:55,72.955,40.8,1913.7,79.963
6/12/19 11:55,72.955,40.7,1911.2,79.963
6/12/19 11:55,72.955,40.7,1911.2,79.963
6/12/19 11:55,72.955,40.7,1908.7,79.963
6/12/19 11:55,72.955,40.7,1903.7,79.963
6/12/19 11:55,72.955,40.6,1901.2,79.963
6/12/19 11:55,72.955,40.7,1898.7,79.963
6/12/19 11:55,72.955,40.7,1898.7,79.963
6/12/19 11:55,72.912,40.7,1901.2,79.963
6/12/19 11:55,72.912,40.7,1903.7,79.963
6/12/19 11:55,72.912,40.7,1903.7,79.963
6/12/19 11:55,72.912,40.6,1906.2,79.963
6/12/19 11:55,72.912,40.6,1903.7,79.963
6/12/19 11:55,72.912,40.6,1906.2,79.963
6/12/19 11:55,72.869,40.6,1911.2,79.963
6/12/19 11:55,72.869,40.5,1913.7,79.963
6/12/19 11:55,72.869,40.5,1911.2,79.963
6/12/19 11:55,72.869,40.5,1908.7,79.963
6/12/19 11:55,72.869,40.5,1908.7,79.963
6/12/19 11:56,72.869,40.5,1906.2,79.963
6/12/19 11:56,72.826,40.5,1908.7,79.963
6/12/19 11:56,72.826,40.5,1906.2,79.963
6/12/19 11:56,72.826,40.6,1911.2,79.963
6/12/19 11:56,72.826,40.7,1913.7,80.008
6/12/19 11:56,72.826,40.7,1911.2,79.963
6/12/19 11:56,72.826,40.7,1906.2,79.963
6/12/19 11:56,72.783,40.8,1908.7,80.008
6/12/19 11:56,72.783,40.8,1908.7,80.008
6/12/19 11:56,72.783,40.9,1911.2,80.008
6/12/19 11:56,72.783,40.9,1911.2,80.008
6/12/19 11:56,72.783,40.9,1913.7,80.008
6/12/19 11:56,72.783,41,1911.2,80.008
6/12/19 11:56,72.783,41,1908.7,79.963
6/12/19 11:56,72.783,41,1906.2,80.008
6/12/19 11:56,72.783,41,1906.2,80.008
6/12/19 11:56,72.783,41,1903.7,80.008
6/12/19 11:56,72.783,41,1896.2,80.008
6/12/19 11:56,72.783,41,1881.2,80.008
6/12/19 11:56,72.783,41,1876.2,80.008
6/12/19 11:56,72.783,41,1881.2,80.008
6/12/19 11:56,72.783,41.1,1881.2,80.008
6/12/19 11:56,72.783,41.1,1883.7,80.008
6/12/19 11:56,72.783,41.1,1886.2,80.008
6/12/19 11:56,72.783,41.1,1888.7,80.008
6/12/19 11:56,72.783,41.2,1886.2,80.008
6/12/19 11:56,72.783,41.2,1886.2,80.008
6/12/19 11:56,72.783,41.2,1883.7,80.008
6/12/19 11:56,72.783,41.2,1876.2,80.008
6/12/19 11:56,72.783,41.2,1868.7,80.008
6/12/19 11:56,72.783,41.2,1863.7,80.008
6/12/19 11:56,72.826,41.2,1863.7,80.008
6/12/19 11:56,72.826,41.2,1866.2,80.008
6/12/19 11:56,72.826,41.2,1868.7,80.008
6/12/19 11:56,72.826,41.2,1866.2,80.008
6/12/19 11:56,72.826,41.2,1868.7,80.008
6/12/19 11:56,72.826,41.2,1868.7,80.008
6/12/19 11:56,72.826,41.2,1866.2,80.008
6/12/19 11:56,72.826,41.2,1856.2,80.008
6/12/19 11:56,72.869,41.2,1846.2,80.008
6/12/19 11:56,72.869,41.2,1848.7,80.008
6/12/19 11:56,72.869,41.2,1846.2,80.008
6/12/19 11:56,72.869,41.2,1843.7,80.008
6/12/19 11:56,72.869,41.2,1836.2,80.008
6/12/19 11:56,72.869,41.2,1828.7,80.008
6/12/19 11:56,72.869,41.1,1823.7,80.051
6/12/19 11:56,72.912,41.2,1818.7,80.008
6/12/19 11:56,72.912,41.2,1818.7,80.051
6/12/19 11:56,72.912,41.2,1818.7,80.051
6/12/19 11:56,72.912,41.2,1813.7,80.051
6/12/19 11:56,72.912,41.2,1816.2,80.051
6/12/19 11:56,72.955,41.2,1811.2,80.051
6/12/19 11:56,72.955,41.3,1811.2,80.051
6/12/19 11:56,72.955,41.3,1816.2,80.051
6/12/19 11:56,72.955,41.3,1823.7,80.051
6/12/19 11:56,72.997,41.3,1823.7,80.051
6/12/19 11:56,72.997,41.4,1831.2,80.051
6/12/19 11:56,72.997,41.4,1838.7,80.051
6/12/19 11:56,72.997,41.5,1846.2,80.051
6/12/19 11:56,72.997,41.5,1848.7,80.051
6/12/19 11:57,73.04,41.5,1851.2,80.051
6/12/19 11:57,73.04,41.5,1856.2,80.051
6/12/19 11:57,73.04,41.5,1858.7,80.051
6/12/19 11:57,73.04,41.5,1858.7,80.051
6/12/19 11:57,73.083,41.6,1863.7,80.051
6/12/19 11:57,73.083,41.6,1866.2,80.051
6/12/19 11:57,73.126,41.7,1868.7,80.051
6/12/19 11:57,73.126,41.7,1873.7,80.051
6/12/19 11:57,73.126,41.8,1881.2,80.051
6/12/19 11:57,73.126,41.8,1881.2,80.051
6/12/19 11:57,73.17,41.8,1878.7,80.051
6/12/19 11:57,73.17,41.8,1873.7,80.051
6/12/19 11:57,73.17,41.9,1873.7,80.051
6/12/19 11:57,73.213,41.9,1881.2,80.051
6/12/19 11:57,73.213,41.9,1881.2,80.051
6/12/19 11:57,73.256,42,1881.2,80.051
6/12/19 11:57,73.256,42,1881.2,80.051
6/12/19 11:57,73.256,42,1881.2,80.051
6/12/19 11:57,73.299,42,1888.7,80.051
6/12/19 11:57,73.299,42,1886.2,80.051
6/12/19 11:57,73.299,42.1,1888.7,80.051
6/12/19 11:57,73.342,42.1,1886.2,80.051
6/12/19 11:57,73.342,42.2,1876.2,80.096
6/12/19 11:57,73.386,42.2,1868.7,80.051
6/12/19 11:57,73.386,42.2,1871.2,80.096
6/12/19 11:57,73.386,42.2,1871.2,80.096
6/12/19 11:57,73.429,42.2,1866.2,80.096
6/12/19 11:57,73.429,42.2,1863.7,80.096
6/12/19 11:57,73.429,42.2,1868.7,80.096
6/12/19 11:57,73.472,42.2,1871.2,80.096
6/12/19 11:57,73.472,42.1,1866.2,80.096
6/12/19 11:57,73.515,42.1,1858.7,80.096
6/12/19 11:57,73.515,42,1856.2,80.096
6/12/19 11:57,73.515,42,1856.2,80.096
6/12/19 11:57,73.558,42,1838.7,80.096
6/12/19 11:57,73.558,42,1826.2,80.096
6/12/19 11:57,73.558,42,1816.2,80.096
6/12/19 11:57,73.558,42,1801.2,80.096
6/12/19 11:57,73.602,42,1793.7,80.096
6/12/19 11:57,73.602,41.9,1791.2,80.096
6/12/19 11:57,73.645,41.9,1786.2,80.096
6/12/19 11:57,73.645,41.9,1761.2,80.096
6/12/19 11:57,73.645,41.9,1741.2,80.096
6/12/19 11:57,73.645,41.9,1741.2,80.096
6/12/19 11:57,73.688,41.9,1751.2,80.096
6/12/19 11:57,73.688,41.9,1753.7,80.096
6/12/19 11:57,73.688,41.9,1743.7,80.096
6/12/19 11:57,73.688,41.9,1733.7,80.096
6/12/19 11:57,73.731,41.9,1736.2,80.096
6/12/19 11:57,73.731,41.9,1713.7,80.096
6/12/19 11:57,73.731,41.9,1661.2,80.096
6/12/19 11:57,73.731,41.9,1633.7,80.096
6/12/19 11:57,73.774,42,1626.2,80.096
6/12/19 11:57,73.774,42,1631.2,80.096
6/12/19 11:57,73.774,42,1646.2,80.096
6/12/19 11:57,73.774,42,1643.7,80.096
6/12/19 11:57,73.818,42,1636.2,80.096
6/12/19 11:57,73.818,42,1646.2,80.096
6/12/19 11:57,73.818,42,1661.2,80.096
6/12/19 11:57,73.818,42,1661.2,80.096
6/12/19 11:58,73.861,42,1653.7,80.096
6/12/19 11:58,73.861,42,1646.2,80.096
6/12/19 11:58,73.861,42,1653.7,80.096
6/12/19 11:58,73.861,42,1661.2,80.096
6/12/19 11:58,73.861,41.9,1661.2,80.139
6/12/19 11:58,73.861,41.9,1643.7,80.096
6/12/19 11:58,73.904,41.9,1621.2,80.096
6/12/19 11:58,73.904,41.9,1613.7,80.139
6/12/19 11:58,73.904,41.9,1626.2,80.096
6/12/19 11:58,73.904,41.9,1636.2,80.139
6/12/19 11:58,73.904,41.9,1641.2,80.139
6/12/19 11:58,73.947,41.9,1658.7,80.139
6/12/19 11:58,73.947,41.9,1668.7,80.139
6/12/19 11:58,73.947,41.9,1671.2,80.139
6/12/19 11:58,73.947,41.9,1686.2,80.139
6/12/19 11:58,73.947,41.9,1701.2,80.139
6/12/19 11:58,73.99,41.9,1698.7,80.139
6/12/19 11:58,73.99,41.9,1676.2,80.139
6/12/19 11:58,73.99,42,1643.7,80.139
6/12/19 11:58,73.99,42,1611.2,80.139
6/12/19 11:58,74.034,42.1,1608.7,80.139
6/12/19 11:58,74.034,42.1,1621.2,80.139
6/12/19 11:58,74.034,42.1,1621.2,80.139
6/12/19 11:58,74.077,42.1,1611.2,80.139
6/12/19 11:58,74.077,42.1,1611.2,80.139
6/12/19 11:58,74.077,42,1593.7,80.139
6/12/19 11:58,74.12,41.9,1583.7,80.139
6/12/19 11:58,74.12,41.9,1583.7,80.139
6/12/19 11:58,74.12,41.7,1586.2,80.139
6/12/19 11:58,74.12,41.6,1576.2,80.139
6/12/19 11:58,74.163,41.6,1548.7,80.139
6/12/19 11:58,74.163,41.5,1528.7,80.139
6/12/19 11:58,74.163,41.4,1521.2,80.139
6/12/19 11:58,74.163,41.3,1538.7,80.139
6/12/19 11:58,74.163,41.3,1591.2,80.139
6/12/19 11:58,74.206,41.3,1631.2,80.139
6/12/19 11:58,74.206,41.3,1676.2,80.139
6/12/19 11:58,74.206,41.4,1731.2,80.139
6/12/19 11:58,74.206,41.4,1773.7,80.184
6/12/19 11:58,74.206,41.6,1811.2,80.139
6/12/19 11:58,74.206,41.6,1831.2,80.184
6/12/19 11:58,74.206,41.7,1843.7,80.184
6/12/19 11:58,74.25,41.7,1853.7,80.139
6/12/19 11:58,74.25,41.6,1851.2,80.184
6/12/19 11:58,74.25,41.7,1836.2,80.184
6/12/19 11:58,74.25,41.6,1841.2,80.184
6/12/19 11:58,74.25,41.6,1858.7,80.184
6/12/19 11:58,74.25,41.6,1871.2,80.184
6/12/19 11:58,74.295,41.5,1881.2,80.184
6/12/19 11:58,74.295,41.5,1898.7,80.184
6/12/19 11:58,74.295,41.5,1906.2,80.184
6/12/19 11:58,74.295,41.6,1908.7,80.184
6/12/19 11:58,74.295,41.6,1913.7,80.184
6/12/19 11:58,74.295,41.6,1913.7,80.184
6/12/19 11:58,74.295,41.6,1911.2,80.184
6/12/19 11:58,74.338,41.6,1901.2,80.184
6/12/19 11:58,74.295,41.7,1901.2,80.184
6/12/19 11:58,74.338,41.7,1903.7,80.184
6/12/19 11:58,74.338,41.7,1908.7,80.184
6/12/19 11:58,74.338,41.7,1903.7,80.184
6/12/19 11:59,74.338,41.6,1898.7,80.184
6/12/19 11:59,74.338,41.4,1898.7,80.184
6/12/19 11:59,74.338,41.4,1908.7,80.184
6/12/19 11:59,74.338,41.4,1911.2,80.184
6/12/19 11:59,74.338,41.4,1916.2,80.184
6/12/19 11:59,74.381,41.4,1913.7,80.184
6/12/19 11:59,74.381,41.5,1908.7,80.184
6/12/19 11:59,74.381,41.5,1916.2,80.184
6/12/19 11:59,74.381,41.5,1916.2,80.184
6/12/19 11:59,74.381,41.6,1911.2,80.184
6/12/19 11:59,74.381,41.7,1913.7,80.184
6/12/19 11:59,74.381,41.6,1913.7,80.184
6/12/19 11:59,74.381,41.6,1918.7,80.184
6/12/19 11:59,74.381,41.6,1928.7,80.184
6/12/19 11:59,74.424,41.7,1931.2,80.184
6/12/19 11:59,74.424,41.6,1933.7,80.184
6/12/19 11:59,74.424,41.4,1928.7,80.184
6/12/19 11:59,74.424,41.3,1931.2,80.184
6/12/19 11:59,74.424,41.2,1928.7,80.184
6/12/19 11:59,74.424,41.1,1931.2,80.184
6/12/19 11:59,74.424,41,1928.7,80.184
6/12/19 11:59,74.424,40.9,1923.7,80.184
6/12/19 11:59,74.424,40.8,1916.2,80.227
6/12/19 11:59,74.424,40.8,1911.2,80.184
6/12/19 11:59,74.424,40.7,1923.7,80.184
6/12/19 11:59,74.424,40.5,1923.7,80.227
6/12/19 11:59,74.424,40.4,1928.7,80.227
6/12/19 11:59,74.424,40.4,1938.7,80.227
6/12/19 11:59,74.424,40.3,1931.2,80.227
6/12/19 11:59,74.424,40.3,1923.7,80.227
6/12/19 11:59,74.424,40.2,1923.7,80.227
6/12/19 11:59,74.467,40.3,1923.7,80.227
6/12/19 11:59,74.467,40.3,1926.2,80.227
6/12/19 11:59,74.467,40.3,1931.2,80.227
6/12/19 11:59,74.467,40.3,1933.7,80.227
6/12/19 11:59,74.467,40.4,1938.7,80.227
6/12/19 11:59,74.467,40.4,1938.7,80.227
6/12/19 11:59,74.467,40.5,1933.7,80.227
6/12/19 11:59,74.467,40.5,1938.7,80.227
6/12/19 11:59,74.467,40.5,1936.2,80.227
6/12/19 11:59,74.467,40.6,1936.2,80.227
6/12/19 11:59,74.467,40.7,1941.2,80.227
6/12/19 11:59,74.467,40.7,1938.7,80.227
6/12/19 11:59,74.511,40.7,1948.7,80.227
6/12/19 11:59,74.511,40.8,1941.2,80.227
6/12/19 11:59,74.511,40.8,1941.2,80.227
6/12/19 11:59,74.511,40.8,1943.7,80.227
6/12/19 11:59,74.511,40.7,1938.7,80.227
6/12/19 11:59,74.554,40.7,1941.2,80.227
6/12/19 11:59,74.554,40.8,1943.7,80.227
6/12/19 11:59,74.554,40.8,1943.7,80.227
6/12/19 11:59,74.554,40.8,1943.7,80.227
6/12/19 11:59,74.554,40.8,1948.7,80.227
6/12/19 11:59,74.597,40.8,1953.7,80.272
6/12/19 11:59,74.597,40.8,1956.2,80.227
6/12/19 11:59,74.597,40.8,1953.7,80.227
6/12/19 11:59,74.597,40.8,1948.7,80.227
6/12/19 11:59,74.64,40.8,1946.2,80.227
6/12/19 11:59,74.64,40.8,1951.2,80.272
6/12/19 11:59,74.64,40.7,1946.2,80.272
6/12/19 12:00,74.64,40.7,1943.7,80.272
6/12/19 12:00,74.64,40.7,1941.2,80.272
6/12/19 12:00,74.64,40.7,1941.2,80.272
6/12/19 12:00,74.683,40.7,1941.2,80.272
6/12/19 12:00,74.683,40.7,1943.7,80.272
6/12/19 12:00,74.683,40.6,1946.2,80.272
6/12/19 12:00,74.683,40.6,1933.7,80.272
6/12/19 12:00,74.683,40.5,1931.2,80.272
6/12/19 12:00,74.683,40.5,1933.7,80.272
6/12/19 12:00,74.683,40.4,1928.7,80.272
6/12/19 12:00,74.683,40.4,1931.2,80.272
6/12/19 12:00,74.727,40.4,1933.7,80.272
6/12/19 12:00,74.727,40.4,1936.2,80.272
6/12/19 12:00,74.727,40.3,1933.7,80.272
6/12/19 12:00,74.727,40.3,1938.7,80.272
6/12/19 12:00,74.727,40.3,1931.2,80.272
6/12/19 12:00,74.727,40.3,1931.2,80.272
6/12/19 12:00,74.77,40.3,1931.2,80.272
6/12/19 12:00,74.77,40.3,1933.7,80.272
6/12/19 12:00,74.77,40.3,1936.2,80.272
6/12/19 12:00,74.77,40.3,1933.7,80.272
6/12/19 12:00,74.77,40.3,1938.7,80.272
6/12/19 12:00,74.813,40.3,1938.7,80.272
6/12/19 12:00,74.813,40.3,1936.2,80.272
6/12/19 12:00,74.813,40.3,1943.7,80.272
6/12/19 12:00,74.813,40.3,1951.2,80.272
6/12/19 12:00,74.813,40.3,1948.7,80.272
6/12/19 12:00,74.856,40.3,1956.2,80.272
6/12/19 12:00,74.856,40.2,1953.7,80.272
6/12/19 12:00,74.856,40.2,1958.7,80.272
6/12/19 12:00,74.856,40.1,1958.7,80.272
6/12/19 12:00,74.856,40,1963.7,80.272
6/12/19 12:00,74.856,39.9,1963.7,80.272
6/12/19 12:00,74.856,40,1963.7,80.272
6/12/19 12:00,74.899,40,1963.7,80.272
6/12/19 12:00,74.856,39.9,1963.7,80.316
6/12/19 12:00,74.856,40,1966.2,80.316
6/12/19 12:00,74.856,40,1963.7,80.316
6/12/19 12:00,74.899,40.1,1961.2,80.316
6/12/19 12:00,74.899,40.1,1961.2,80.316
6/12/19 12:00,74.899,40.1,1961.2,80.316
6/12/19 12:00,74.899,40.1,1956.2,80.316
6/12/19 12:00,74.899,40.2,1956.2,80.316
6/12/19 12:00,74.899,40.2,1941.2,80.316
6/12/19 12:00,74.899,40.2,1956.2,80.316
6/12/19 12:00,74.899,40.3,1951.2,80.316
6/12/19 12:00,74.899,40.3,1953.7,80.316
6/12/19 12:00,74.899,40.4,1941.2,80.316
6/12/19 12:00,74.899,40.4,1943.7,80.316
6/12/19 12:00,74.899,40.5,1936.2,80.316
6/12/19 12:00,74.943,40.6,1946.2,80.316
6/12/19 12:00,74.943,40.7,1943.7,80.316
6/12/19 12:00,74.943,40.7,1943.7,80.316
6/12/19 12:00,74.943,40.8,1933.7,80.316
6/12/19 12:00,74.943,40.8,1943.7,80.316
6/12/19 12:00,74.943,40.8,1948.7,80.316
6/12/19 12:00,74.943,40.8,1943.7,80.316
6/12/19 12:00,74.986,40.9,1946.2,80.316
6/12/19 12:00,74.986,40.9,1943.7,80.316
6/12/19 12:00,74.986,40.9,1938.7,80.316
6/12/19 12:01,74.986,40.9,1936.2,80.316
6/12/19 12:01,74.986,40.9,1938.7,80.316
6/12/19 12:01,75.029,40.9,1933.7,80.361
6/12/19 12:01,75.029,40.9,1933.7,80.361
6/12/19 12:01,75.029,40.9,1933.7,80.316
6/12/19 12:01,75.029,40.9,1933.7,80.361
6/12/19 12:01,75.074,40.9,1933.7,80.316
6/12/19 12:01,75.074,40.9,1931.2,80.316
6/12/19 12:01,75.074,41,1928.7,80.361
6/12/19 12:01,75.074,41,1928.7,80.361
6/12/19 12:01,75.074,41,1928.7,80.361
6/12/19 12:01,75.117,41,1936.2,80.361
6/12/19 12:01,75.117,41,1938.7,80.361
6/12/19 12:01,75.117,41,1928.7,80.361
6/12/19 12:01,75.117,40.9,1928.7,80.361
6/12/19 12:01,75.117,40.9,1923.7,80.361
6/12/19 12:01,75.16,40.9,1923.7,80.361
6/12/19 12:01,75.16,40.9,1916.2,80.361
6/12/19 12:01,75.16,40.8,1918.7,80.361
6/12/19 12:01,75.16,40.6,1913.7,80.361
6/12/19 12:01,75.16,40.5,1913.7,80.361
6/12/19 12:01,75.16,40.4,1913.7,80.361
6/12/19 12:01,75.16,40.2,1906.2,80.361
6/12/19 12:01,75.16,40.1,1911.2,80.361
6/12/19 12:01,75.16,40.1,1906.2,80.361
6/12/19 12:01,75.16,39.9,1903.7,80.361
6/12/19 12:01,75.16,39.8,1908.7,80.361
6/12/19 12:01,75.16,39.6,1911.2,80.361
6/12/19 12:01,75.16,39.5,1921.2,80.361
6/12/19 12:01,75.16,39.4,1918.7,80.361
6/12/19 12:01,75.16,39.3,1918.7,80.361
6/12/19 12:01,75.16,39.2,1916.2,80.361
6/12/19 12:01,75.16,39.2,1918.7,80.361
6/12/19 12:01,75.16,39.1,1913.7,80.361
6/12/19 12:01,75.16,39,1916.2,80.361
6/12/19 12:01,75.117,38.9,1911.2,80.361
6/12/19 12:01,75.117,38.9,1901.2,80.361
6/12/19 12:01,75.117,38.8,1888.7,80.361
6/12/19 12:01,75.117,38.8,1888.7,80.361
6/12/19 12:01,75.117,38.8,1888.7,80.361
6/12/19 12:01,75.117,38.8,1886.2,80.361
6/12/19 12:01,75.074,38.8,1878.7,80.404
6/12/19 12:01,75.074,38.7,1886.2,80.404
6/12/19 12:01,75.074,38.7,1896.2,80.404
6/12/19 12:01,75.074,38.6,1906.2,80.404
6/12/19 12:01,75.074,38.6,1908.7,80.404
6/12/19 12:01,75.074,38.6,1913.7,80.404
6/12/19 12:01,75.074,38.5,1921.2,80.404
6/12/19 12:01,75.074,38.4,1918.7,80.404
6/12/19 12:01,75.029,38.3,1923.7,80.404
6/12/19 12:01,75.074,38.3,1918.7,80.404
6/12/19 12:01,75.029,38.3,1916.2,80.404
6/12/19 12:01,75.029,38.3,1906.2,80.404
6/12/19 12:01,75.029,38.3,1856.2,80.404
6/12/19 12:01,75.029,38.3,1796.2,80.404
6/12/19 12:01,75.029,38.3,1811.2,80.404
6/12/19 12:01,75.029,38.3,1841.2,80.404
6/12/19 12:01,74.986,38.3,1851.2,80.404
6/12/19 12:01,75.029,38.3,1866.2,80.404
6/12/19 12:01,74.986,38.3,1873.7,80.404
6/12/19 12:02,74.986,38.2,1868.7,80.404
6/12/19 12:02,74.986,38.2,1878.7,80.404
6/12/19 12:02,74.986,38.1,1891.2,80.404
6/12/19 12:02,74.986,38,1891.2,80.404
6/12/19 12:02,74.986,37.9,1893.7,80.404
6/12/19 12:02,74.943,37.8,1888.7,80.404
6/12/19 12:02,74.943,37.8,1883.7,80.404
6/12/19 12:02,74.943,37.7,1881.2,80.404
6/12/19 12:02,74.943,37.7,1873.7,80.404
6/12/19 12:02,74.943,37.7,1863.7,80.404
6/12/19 12:02,74.899,37.7,1851.2,80.404
6/12/19 12:02,74.899,37.7,1836.2,80.404
6/12/19 12:02,74.899,37.8,1831.2,80.404
6/12/19 12:02,74.899,37.8,1828.7,80.404
6/12/19 12:02,74.899,37.8,1831.2,80.404
6/12/19 12:02,74.899,37.8,1828.7,80.404
6/12/19 12:02,74.899,37.8,1828.7,80.404
6/12/19 12:02,74.899,37.9,1821.2,80.404
6/12/19 12:02,74.899,37.9,1813.7,80.404
6/12/19 12:02,74.899,37.9,1803.7,80.404
6/12/19 12:02,74.856,37.9,1796.2,80.449
6/12/19 12:02,74.899,37.9,1783.7,80.404
6/12/19 12:02,74.856,37.8,1768.7,80.449
6/12/19 12:02,74.856,37.8,1758.7,80.449
6/12/19 12:02,74.856,37.8,1748.7,80.404
6/12/19 12:02,74.856,37.8,1748.7,80.449
6/12/19 12:02,74.899,37.8,1746.2,80.449
6/12/19 12:02,74.856,37.8,1736.2,80.449
6/12/19 12:02,74.899,37.8,1736.2,80.449
6/12/19 12:02,74.899,37.8,1751.2,80.449
6/12/19 12:02,74.899,37.8,1768.7,80.449
6/12/19 12:02,74.856,37.8,1783.7,80.449
6/12/19 12:02,74.899,37.8,1791.2,80.449
6/12/19 12:02,74.899,37.8,1801.2,80.449
6/12/19 12:02,74.856,37.8,1816.2,80.449
6/12/19 12:02,74.856,37.8,1833.7,80.449
6/12/19 12:02,74.856,37.8,1851.2,80.449
6/12/19 12:02,74.856,37.8,1863.7,80.449
6/12/19 12:02,74.899,37.9,1866.2,80.449
6/12/19 12:02,74.899,37.9,1871.2,80.449
6/12/19 12:02,74.899,38,1881.2,80.449
6/12/19 12:02,74.899,38,1893.7,80.449
6/12/19 12:02,74.899,38,1903.7,80.449
6/12/19 12:02,74.899,38,1911.2,80.449
6/12/19 12:02,74.899,38,1926.2,80.449
6/12/19 12:02,74.899,38,1926.2,80.449
6/12/19 12:02,74.899,38.1,1936.2,80.449
6/12/19 12:02,74.899,38.1,1933.7,80.449
6/12/19 12:02,74.899,38.1,1938.7,80.449
6/12/19 12:02,74.899,38.1,1943.7,80.449
6/12/19 12:02,74.899,38.2,1943.7,80.449
6/12/19 12:02,74.899,38.2,1956.2,80.449
6/12/19 12:02,74.899,38.3,1951.2,80.449
6/12/19 12:02,74.899,38.3,1946.2,80.449
6/12/19 12:02,74.899,38.3,1958.7,80.449
6/12/19 12:02,74.899,38.3,1958.7,80.449
6/12/19 12:02,74.943,38.4,1966.2,80.449
6/12/19 12:02,74.943,38.5,1968.7,80.449
6/12/19 12:02,74.943,38.5,1973.7,80.449
6/12/19 12:02,74.943,38.6,1976.2,80.449
6/12/19 12:03,74.943,38.6,1971.2,80.449
6/12/19 12:03,74.986,38.6,1978.7,80.449
6/12/19 12:03,74.986,38.6,1981.2,80.449
6/12/19 12:03,74.986,38.6,1978.7,80.449
6/12/19 12:03,74.986,38.5,1978.7,80.449
6/12/19 12:03,74.986,38.4,1976.2,80.449
6/12/19 12:03,74.986,38.4,1976.2,80.449
6/12/19 12:03,74.986,38.4,1978.7,80.492
6/12/19 12:03,74.986,38.3,1986.2,80.492
6/12/19 12:03,74.986,38.3,1983.7,80.492
6/12/19 12:03,74.986,38.3,1983.7,80.492
6/12/19 12:03,74.943,38.3,1983.7,80.492
6/12/19 12:03,74.943,38.2,1981.2,80.492
6/12/19 12:03,74.943,38.2,1981.2,80.492
6/12/19 12:03,74.943,38.2,1986.2,80.492
6/12/19 12:03,74.943,38.1,1988.7,80.492
6/12/19 12:03,74.899,38.1,1988.7,80.492
6/12/19 12:03,74.899,38.1,1986.2,80.492
6/12/19 12:03,74.899,38.1,1986.2,80.492
6/12/19 12:03,74.899,38.1,1981.2,80.492
6/12/19 12:03,74.856,38.1,1978.7,80.492
6/12/19 12:03,74.856,38.1,1981.2,80.492
6/12/19 12:03,74.856,38.1,1986.2,80.492
6/12/19 12:03,74.856,38.1,1986.2,80.492
6/12/19 12:03,74.813,38.1,1988.7,80.492
6/12/19 12:03,74.813,38,1993.7,80.492
6/12/19 12:03,74.813,38,1993.7,80.492
6/12/19 12:03,74.813,37.9,1993.7,80.492
6/12/19 12:03,74.813,37.9,1991.2,80.492
6/12/19 12:03,74.77,37.9,1991.2,80.492
6/12/19 12:03,74.77,37.9,1991.2,80.492
6/12/19 12:03,74.77,37.8,1996.2,80.492
6/12/19 12:03,74.77,37.8,1988.7,80.492
6/12/19 12:03,74.727,37.8,1988.7,80.492
6/12/19 12:03,74.727,37.8,1993.7,80.492
6/12/19 12:03,74.727,37.7,1988.7,80.492
6/12/19 12:03,74.727,37.8,1983.7,80.492
6/12/19 12:03,74.683,37.8,1988.7,80.492
6/12/19 12:03,74.683,37.8,1996.2,80.492
6/12/19 12:03,74.683,37.8,1991.2,80.492
6/12/19 12:03,74.683,37.7,2003.7,80.492
6/12/19 12:03,74.683,37.7,2013.7,80.492
6/12/19 12:03,74.64,37.7,2023.7,80.492
6/12/19 12:03,74.64,37.8,2008.7,80.492
6/12/19 12:03,74.64,37.9,1911.2,80.492
6/12/19 12:03,74.64,38,1776.2,80.492
6/12/19 12:03,74.64,38.1,1723.7,80.537
6/12/19 12:03,74.64,38.1,1771.2,80.537
6/12/19 12:03,74.597,38.1,1781.2,80.492
6/12/19 12:03,74.597,38.1,1783.7,80.537
6/12/19 12:03,74.597,38,1801.2,80.537
6/12/19 12:03,74.597,38,1838.7,80.537
6/12/19 12:03,74.597,38,1961.2,80.537
6/12/19 12:03,74.597,37.9,2028.7,80.537
6/12/19 12:03,74.554,37.9,2018.7,80.537
6/12/19 12:03,74.554,37.8,2008.7,80.537
6/12/19 12:03,74.554,37.7,1998.7,80.537
6/12/19 12:03,74.554,37.7,1991.2,80.537
6/12/19 12:03,74.554,37.7,1988.7,80.537
6/12/19 12:03,74.554,37.6,1986.2,80.537
6/12/19 12:04,74.554,37.5,1986.2,80.537
6/12/19 12:04,74.511,37.4,1986.2,80.537
6/12/19 12:04,74.511,37.4,1981.2,80.537
6/12/19 12:04,74.511,37.3,1983.7,80.537
6/12/19 12:04,74.467,37.3,1976.2,80.537
6/12/19 12:04,74.467,37.2,1978.7,80.537
6/12/19 12:04,74.467,37.2,1976.2,80.537
6/12/19 12:04,74.424,37.1,1971.2,80.537
6/12/19 12:04,74.424,37.1,1971.2,80.537
6/12/19 12:04,74.424,37.1,1971.2,80.537
6/12/19 12:04,74.381,37,1966.2,80.537
6/12/19 12:04,74.381,37,1971.2,80.537
6/12/19 12:04,74.381,37,1966.2,80.537
6/12/19 12:04,74.381,37.1,1963.7,80.537
6/12/19 12:04,74.338,37.1,1971.2,80.537
6/12/19 12:04,74.338,37.2,1971.2,80.537
6/12/19 12:04,74.338,37.2,1968.7,80.537
6/12/19 12:04,74.338,37.2,1968.7,80.537
6/12/19 12:04,74.338,37.3,1966.2,80.537
6/12/19 12:04,74.338,37.3,1961.2,80.537
6/12/19 12:04,74.338,37.3,1968.7,80.537
6/12/19 12:04,74.338,37.3,1966.2,80.537
6/12/19 12:04,74.338,37.3,1963.7,80.537
6/12/19 12:04,74.338,37.3,1953.7,80.537
6/12/19 12:04,74.338,37.3,1958.7,80.537
6/12/19 12:04,74.338,37.3,1961.2,80.537
6/12/19 12:04,74.338,37.3,1961.2,80.537
6/12/19 12:04,74.338,37.3,1961.2,80.537
6/12/19 12:04,74.338,37.3,1953.7,80.537
6/12/19 12:04,74.338,37.3,1968.7,80.537
6/12/19 12:04,74.338,37.4,1961.2,80.58
6/12/19 12:04,74.338,37.3,1968.7,80.58
6/12/19 12:04,74.338,37.4,1963.7,80.58
6/12/19 12:04,74.381,37.4,1973.7,80.58
6/12/19 12:04,74.381,37.5,1966.2,80.58
6/12/19 12:04,74.381,37.7,1968.7,80.58
6/12/19 12:04,74.381,37.8,1953.7,80.58
6/12/19 12:04,74.381,38,1963.7,80.58
6/12/19 12:04,74.381,38.2,1968.7,80.58
6/12/19 12:04,74.381,38.2,1976.2,80.58
6/12/19 12:04,74.424,38.4,1971.2,80.58
6/12/19 12:04,74.424,38.6,1971.2,80.58
6/12/19 12:04,74.424,38.7,1973.7,80.58
6/12/19 12:04,74.467,38.9,1971.2,80.58
6/12/19 12:04,74.467,39,1971.2,80.58
6/12/19 12:04,74.467,39.1,1971.2,80.58
6/12/19 12:04,74.511,39.1,1968.7,80.58
6/12/19 12:04,74.511,39.2,1968.7,80.58
6/12/19 12:04,74.511,39.2,1971.2,80.58
6/12/19 12:04,74.511,39.2,1968.7,80.58
6/12/19 12:04,74.554,39.1,1968.7,80.58
6/12/19 12:04,74.554,39.1,1971.2,80.58
6/12/19 12:04,74.554,39.1,1971.2,80.58
6/12/19 12:04,74.554,39,1973.7,80.58
6/12/19 12:04,74.597,39,1971.2,80.58
6/12/19 12:04,74.597,39,1973.7,80.58
6/12/19 12:04,74.597,38.9,1968.7,80.58
6/12/19 12:04,74.597,38.9,1966.2,80.58
6/12/19 12:04,74.597,38.8,1963.7,80.58
6/12/19 12:04,74.64,38.8,1963.7,80.58
6/12/19 12:05,74.64,38.8,1968.7,80.58
6/12/19 12:05,74.64,38.8,1971.2,80.625
6/12/19 12:05,74.64,38.8,1973.7,80.58
6/12/19 12:05,74.64,38.8,1968.7,80.58
6/12/19 12:05,74.64,38.8,1958.7,80.625
6/12/19 12:05,74.683,38.9,1953.7,80.58
6/12/19 12:05,74.683,38.9,1956.2,80.625
6/12/19 12:05,74.683,38.9,1958.7,80.625
6/12/19 12:05,74.683,38.9,1953.7,80.625
6/12/19 12:05,74.683,38.9,1951.2,80.625
6/12/19 12:05,74.727,39,1961.2,80.625
6/12/19 12:05,74.727,39,1961.2,80.625
6/12/19 12:05,74.727,39,1961.2,80.625
6/12/19 12:05,74.727,39,1961.2,80.625
6/12/19 12:05,74.727,39,1966.2,80.625
6/12/19 12:05,74.727,38.9,1968.7,80.625
6/12/19 12:05,74.77,38.9,1966.2,80.625
6/12/19 12:05,74.77,38.8,1966.2,80.625
6/12/19 12:05,74.77,38.7,1968.7,80.625
6/12/19 12:05,74.77,38.6,1968.7,80.625
6/12/19 12:05,74.77,38.5,1971.2,80.625
6/12/19 12:05,74.77,38.5,1966.2,80.625
6/12/19 12:05,74.813,38.4,1963.7,80.625
6/12/19 12:05,74.77,38.4,1966.2,80.625
6/12/19 12:05,74.77,38.3,1963.7,80.625
6/12/19 12:05,74.813,38.3,1966.2,80.625
6/12/19 12:05,74.813,38.3,1963.7,80.625
6/12/19 12:05,74.813,38.3,1958.7,80.625
6/12/19 12:05,74.813,38.2,1958.7,80.625
6/12/19 12:05,74.813,38.3,1956.2,80.625
6/12/19 12:05,74.813,38.3,1958.7,80.625
6/12/19 12:05,74.813,38.2,1958.7,80.625
6/12/19 12:05,74.813,38.3,1958.7,80.625
6/12/19 12:05,74.813,38.2,1956.2,80.625
6/12/19 12:05,74.813,38.2,1958.7,80.625
6/12/19 12:05,74.813,38.2,1958.7,80.625
6/12/19 12:05,74.813,38.2,1958.7,80.625
6/12/19 12:05,74.813,38.2,1958.7,80.668
6/12/19 12:05,74.856,38.2,1958.7,80.668
6/12/19 12:05,74.813,38.1,1961.2,80.668
6/12/19 12:05,74.856,38.2,1963.7,80.668
6/12/19 12:05,74.813,38.1,1961.2,80.668
6/12/19 12:05,74.856,38.1,1961.2,80.668
6/12/19 12:05,74.856,38,1958.7,80.668
6/12/19 12:05,74.856,38,1958.7,80.668
6/12/19 12:05,74.856,38.1,1961.2,80.668
6/12/19 12:05,74.856,38,1963.7,80.668
6/12/19 12:05,74.856,38.1,1968.7,80.668
6/12/19 12:05,74.856,38,1968.7,80.668
6/12/19 12:05,74.856,38.1,1966.2,80.668
6/12/19 12:05,74.856,38.1,1963.7,80.668
6/12/19 12:05,74.856,38.1,1963.7,80.668
6/12/19 12:05,74.856,38.1,1951.2,80.668
6/12/19 12:05,74.856,38.1,1938.7,80.668
6/12/19 12:05,74.856,38.1,1938.7,80.668
6/12/19 12:05,74.856,38.1,1938.7,80.668
6/12/19 12:05,74.856,38.1,1943.7,80.668
6/12/19 12:05,74.856,38.1,1956.2,80.668
6/12/19 12:05,74.856,38.1,1956.2,80.668
6/12/19 12:05,74.899,38.1,1961.2,80.668
6/12/19 12:06,74.899,38.1,1961.2,80.668
6/12/19 12:06,74.899,38.1,1958.7,80.668
6/12/19 12:06,74.899,38,1963.7,80.668
6/12/19 12:06,74.899,38,1973.7,80.668
6/12/19 12:06,74.899,37.9,1968.7,80.668
6/12/19 12:06,74.899,37.9,1973.7,80.668
6/12/19 12:06,74.899,37.9,1976.2,80.668
6/12/19 12:06,74.899,37.8,1978.7,80.713
6/12/19 12:06,74.899,37.8,1963.7,80.668
6/12/19 12:06,74.899,37.8,1963.7,80.713
6/12/19 12:06,74.899,37.8,1971.2,80.713
6/12/19 12:06,74.899,37.8,1973.7,80.713
6/12/19 12:06,74.899,37.8,1968.7,80.713
6/12/19 12:06,74.899,37.8,1968.7,80.713
6/12/19 12:06,74.899,37.8,1958.7,80.713
6/12/19 12:06,74.899,37.8,1966.2,80.713
6/12/19 12:06,74.899,37.8,1961.2,80.713
6/12/19 12:06,74.899,37.8,1958.7,80.713
6/12/19 12:06,74.899,37.8,1951.2,80.713
6/12/19 12:06,74.899,37.8,1961.2,80.713
6/12/19 12:06,74.899,37.9,1963.7,80.713
6/12/19 12:06,74.899,37.9,1958.7,80.713
6/12/19 12:06,74.899,37.9,1956.2,80.713
6/12/19 12:06,74.899,37.9,1956.2,80.713
6/12/19 12:06,74.899,38,1943.7,80.713
6/12/19 12:06,74.943,38,1946.2,80.713
6/12/19 12:06,74.943,38,1938.7,80.713
6/12/19 12:06,74.943,38.1,1938.7,80.713
6/12/19 12:06,74.943,38.1,1938.7,80.713
6/12/19 12:06,74.943,38.1,1931.2,80.713
6/12/19 12:06,74.943,38.1,1928.7,80.713
6/12/19 12:06,74.986,38.2,1938.7,80.713
6/12/19 12:06,74.986,38.3,1938.7,80.713
6/12/19 12:06,74.986,38.3,1938.7,80.713
6/12/19 12:06,74.986,38.3,1941.2,80.713
6/12/19 12:06,74.986,38.2,1943.7,80.713
6/12/19 12:06,74.986,38.1,1946.2,80.713
6/12/19 12:06,74.986,37.9,1948.7,80.713
6/12/19 12:06,74.986,37.8,1948.7,80.713
6/12/19 12:06,74.986,37.6,1943.7,80.713
6/12/19 12:06,74.986,37.5,1936.2,80.757
6/12/19 12:06,74.943,37.4,1921.2,80.757
6/12/19 12:06,74.943,37.4,1913.7,80.757
6/12/19 12:06,74.943,37.3,1916.2,80.757
6/12/19 12:06,74.899,37.2,1923.7,80.757
6/12/19 12:06,74.899,37.2,1931.2,80.713
6/12/19 12:06,74.856,37.1,1938.7,80.757
6/12/19 12:06,74.856,37,1943.7,80.757
6/12/19 12:06,74.856,37,1943.7,80.757
6/12/19 12:06,74.813,36.9,1946.2,80.757
6/12/19 12:06,74.813,37,1951.2,80.757
6/12/19 12:06,74.77,37,1953.7,80.757
6/12/19 12:06,74.77,37,1946.2,80.757
6/12/19 12:06,74.727,36.9,1941.2,80.757
6/12/19 12:06,74.727,36.8,1938.7,80.757
6/12/19 12:06,74.683,36.8,1921.2,80.757
6/12/19 12:06,74.683,36.7,1911.2,80.757
6/12/19 12:06,74.64,36.6,1903.7,80.757
6/12/19 12:06,74.64,36.6,1896.2,80.757
6/12/19 12:06,74.597,36.5,1891.2,80.757
6/12/19 12:07,74.597,36.5,1888.7,80.757
6/12/19 12:07,74.554,36.5,1888.7,80.757
6/12/19 12:07,74.511,36.5,1893.7,80.757
6/12/19 12:07,74.511,36.5,1891.2,80.757
6/12/19 12:07,74.467,36.5,1891.2,80.757
6/12/19 12:07,74.467,36.5,1891.2,80.757
6/12/19 12:07,74.424,36.4,1886.2,80.757
6/12/19 12:07,74.424,36.4,1888.7,80.757
6/12/19 12:07,74.381,36.3,1893.7,80.757
6/12/19 12:07,74.338,36.3,1891.2,80.757
6/12/19 12:07,74.338,36.2,1886.2,80.757
6/12/19 12:07,74.295,36.2,1881.2,80.757
6/12/19 12:07,74.295,36.2,1876.2,80.757
6/12/19 12:07,74.25,36.2,1881.2,80.757
6/12/19 12:07,74.206,36.1,1881.2,80.757
6/12/19 12:07,74.206,36.1,1871.2,80.757
6/12/19 12:07,74.163,36.1,1868.7,80.757
6/12/19 12:07,74.12,36.1,1868.7,80.802
6/12/19 12:07,74.12,36.1,1868.7,80.802
6/12/19 12:07,74.077,36.1,1871.2,80.757
6/12/19 12:07,74.077,36.1,1871.2,80.757
6/12/19 12:07,74.034,36,1863.7,80.802
6/12/19 12:07,74.034,36,1863.7,80.802
6/12/19 12:07,73.99,36,1868.7,80.802
6/12/19 12:07,73.947,36,1861.2,80.802
6/12/19 12:07,73.947,36.1,1858.7,80.802
6/12/19 12:07,73.947,36.1,1858.7,80.802
6/12/19 12:07,73.904,36.1,1863.7,80.802
6/12/19 12:07,73.904,36.1,1866.2,80.802
6/12/19 12:07,73.861,36.2,1866.2,80.802
6/12/19 12:07,73.861,36.2,1871.2,80.802
6/12/19 12:07,73.818,36.2,1871.2,80.802
6/12/19 12:07,73.818,36.3,1873.7,80.802
6/12/19 12:07,73.818,36.3,1876.2,80.802
6/12/19 12:07,73.774,36.3,1876.2,80.802
6/12/19 12:07,73.774,36.4,1881.2,80.802
6/12/19 12:07,73.774,36.4,1883.7,80.802
6/12/19 12:07,73.731,36.4,1888.7,80.802
6/12/19 12:07,73.731,36.4,1893.7,80.802
6/12/19 12:07,73.731,36.4,1896.2,80.802
6/12/19 12:07,73.688,36.4,1891.2,80.802
6/12/19 12:07,73.688,36.4,1903.7,80.802
6/12/19 12:07,73.688,36.5,1903.7,80.802
6/12/19 12:07,73.688,36.5,1911.2,80.802
6/12/19 12:07,73.645,36.6,1918.7,80.802
6/12/19 12:07,73.645,36.7,1921.2,80.802
6/12/19 12:07,73.645,36.8,1926.2,80.802
6/12/19 12:07,73.645,36.9,1926.2,80.802
6/12/19 12:07,73.645,37,1926.2,80.802
6/12/19 12:07,73.645,37.1,1928.7,80.802
6/12/19 12:07,73.645,37.2,1931.2,80.802
6/12/19 12:07,73.645,37.3,1938.7,80.802
6/12/19 12:07,73.645,37.3,1946.2,80.802
6/12/19 12:07,73.645,37.4,1946.2,80.802
6/12/19 12:07,73.645,37.4,1951.2,80.802
6/12/19 12:07,73.645,37.5,1956.2,80.802
6/12/19 12:07,73.645,37.6,1958.7,80.802
6/12/19 12:07,73.645,37.7,1958.7,80.802
6/12/19 12:07,73.645,37.7,1958.7,80.802
6/12/19 12:07,73.645,37.7,1953.7,80.802
6/12/19 12:08,73.645,37.8,1958.7,80.802
6/12/19 12:08,73.645,37.8,1958.7,80.802
6/12/19 12:08,73.645,37.8,1958.7,80.802
6/12/19 12:08,73.645,37.8,1961.2,80.802
6/12/19 12:08,73.645,37.9,1958.7,80.802
6/12/19 12:08,73.645,38,1953.7,80.802
6/12/19 12:08,73.645,38,1951.2,80.802
6/12/19 12:08,73.645,38.1,1951.2,80.802
6/12/19 12:08,73.645,38.2,1953.7,80.802
6/12/19 12:08,73.645,38.2,1946.2,80.802
6/12/19 12:08,73.645,38.2,1946.2,80.802
6/12/19 12:08,73.645,38.2,1951.2,80.802
6/12/19 12:08,73.645,38.3,1951.2,80.802
6/12/19 12:08,73.645,38.4,1948.7,80.802
6/12/19 12:08,73.645,38.5,1948.7,80.802
6/12/19 12:08,73.645,38.6,1953.7,80.802
6/12/19 12:08,73.645,38.7,1951.2,80.802
6/12/19 12:08,73.645,38.8,1948.7,80.802
6/12/19 12:08,73.645,38.9,1953.7,80.802
6/12/19 12:08,73.645,39,1953.7,80.802
6/12/19 12:08,73.645,39.1,1951.2,80.845
6/12/19 12:08,73.645,39.1,1956.2,80.845
6/12/19 12:08,73.645,39.1,1961.2,80.802
6/12/19 12:08,73.645,39.1,1961.2,80.845
6/12/19 12:08,73.645,39.1,1961.2,80.845
6/12/19 12:08,73.645,39.1,1963.7,80.845
6/12/19 12:08,73.688,39.1,1961.2,80.845
6/12/19 12:08,73.688,39,1953.7,80.845
6/12/19 12:08,73.688,39,1951.2,80.845
6/12/19 12:08,73.688,39,1948.7,80.845
6/12/19 12:08,73.688,39,1948.7,80.845
6/12/19 12:08,73.645,39,1943.7,80.845
6/12/19 12:08,73.688,38.9,1943.7,80.845
6/12/19 12:08,73.688,38.9,1941.2,80.845
6/12/19 12:08,73.645,38.9,1941.2,80.845
6/12/19 12:08,73.645,38.8,1933.7,80.845
6/12/19 12:08,73.645,38.8,1926.2,80.845
6/12/19 12:08,73.645,38.7,1926.2,80.845
6/12/19 12:08,73.645,38.7,1916.2,80.845
6/12/19 12:08,73.645,38.6,1916.2,80.845
6/12/19 12:08,73.645,38.6,1916.2,80.845
6/12/19 12:08,73.645,38.5,1921.2,80.845
6/12/19 12:08,73.645,38.5,1916.2,80.845
6/12/19 12:08,73.645,38.4,1913.7,80.845
6/12/19 12:08,73.645,38.4,1921.2,80.845
6/12/19 12:08,73.645,38.4,1921.2,80.845
6/12/19 12:08,73.602,38.4,1911.2,80.845
6/12/19 12:08,73.602,38.4,1911.2,80.845
6/12/19 12:08,73.602,38.4,1911.2,80.845
6/12/19 12:08,73.602,38.4,1908.7,80.845
6/12/19 12:08,73.602,38.5,1901.2,80.845
6/12/19 12:08,73.602,38.5,1881.2,80.845
6/12/19 12:08,73.602,38.6,1863.7,80.89
6/12/19 12:08,73.602,38.7,1853.7,80.845
6/12/19 12:08,73.602,38.9,1843.7,80.845
6/12/19 12:08,73.602,39.1,1846.2,80.845
6/12/19 12:08,73.602,39.1,1856.2,80.89
6/12/19 12:08,73.645,39.3,1848.7,80.845
6/12/19 12:08,73.645,39.4,1838.7,80.845
6/12/19 12:08,73.645,39.5,1826.2,80.845
6/12/19 12:09,73.645,39.6,1823.7,80.89
6/12/19 12:09,73.688,39.7,1811.2,80.89
6/12/19 12:09,73.688,39.9,1796.2,80.89
6/12/19 12:09,73.688,40,1786.2,80.89
6/12/19 12:09,73.731,40.1,1773.7,80.89
6/12/19 12:09,73.731,40.2,1771.2,80.89
6/12/19 12:09,73.774,40.3,1763.7,80.89
6/12/19 12:09,73.774,40.3,1758.7,80.89
6/12/19 12:09,73.818,40.3,1758.7,80.89
6/12/19 12:09,73.818,40.2,1756.2,80.89
6/12/19 12:09,73.861,40.1,1751.2,80.89
6/12/19 12:09,73.904,40,1768.7,80.89
6/12/19 12:09,73.904,40,1771.2,80.89
6/12/19 12:09,73.904,39.8,1758.7,80.89
6/12/19 12:09,73.947,39.7,1756.2,80.89
6/12/19 12:09,73.947,39.5,1758.7,80.89
6/12/19 12:09,73.947,39.4,1753.7,80.89
6/12/19 12:09,73.99,39.3,1743.7,80.89
6/12/19 12:09,73.99,39.1,1731.2,80.89
6/12/19 12:09,73.99,39.1,1733.7,80.89
6/12/19 12:09,73.99,39,1726.2,80.89
6/12/19 12:09,73.99,38.8,1711.2,80.89
6/12/19 12:09,74.034,38.7,1693.7,80.89
6/12/19 12:09,74.034,38.6,1686.2,80.89
6/12/19 12:09,73.99,38.5,1683.7,80.89
6/12/19 12:09,74.034,38.4,1683.7,80.89
6/12/19 12:09,74.034,38.3,1676.2,80.89
6/12/19 12:09,74.034,38.3,1666.2,80.89
6/12/19 12:09,74.034,38.3,1663.7,80.89
6/12/19 12:09,73.99,38.3,1658.7,80.89
6/12/19 12:09,74.034,38.3,1661.2,80.89
6/12/19 12:09,74.034,38.3,1658.7,80.89
6/12/19 12:09,74.034,38.2,1656.2,80.89
6/12/19 12:09,74.034,38.2,1656.2,80.89
6/12/19 12:09,74.034,38.2,1651.2,80.89
6/12/19 12:09,74.034,38.1,1646.2,80.89
6/12/19 12:09,73.99,38.1,1643.7,80.89
6/12/19 12:09,73.99,38,1653.7,80.89
6/12/19 12:09,73.99,38,1666.2,80.89
6/12/19 12:09,74.034,38,1681.2,80.935
6/12/19 12:09,73.99,38,1698.7,80.935
6/12/19 12:09,73.99,37.9,1716.2,80.89
6/12/19 12:09,73.99,37.9,1738.7,80.935
6/12/19 12:09,73.99,37.9,1751.2,80.935
6/12/19 12:09,73.99,37.9,1761.2,80.935
6/12/19 12:09,73.99,37.9,1768.7,80.935
6/12/19 12:09,73.99,37.9,1781.2,80.935
6/12/19 12:09,73.99,38,1783.7,80.935
6/12/19 12:09,73.99,38.1,1781.2,80.935
6/12/19 12:09,73.99,38.1,1771.2,80.935
6/12/19 12:09,74.034,38.2,1763.7,80.935
6/12/19 12:09,74.034,38.3,1758.7,80.935
6/12/19 12:09,74.034,38.4,1763.7,80.935
6/12/19 12:09,74.034,38.4,1773.7,80.935
6/12/19 12:09,74.034,38.6,1786.2,80.935
6/12/19 12:09,74.077,38.7,1796.2,80.935
6/12/19 12:09,74.077,38.7,1793.7,80.935
6/12/19 12:09,74.077,38.7,1791.2,80.935
6/12/19 12:09,74.12,38.7,1801.2,80.935
6/12/19 12:09,74.12,38.7,1816.2,80.935
6/12/19 12:10,74.12,38.7,1843.7,80.935
6/12/19 12:10,74.12,38.7,1851.2,80.935
6/12/19 12:10,74.163,38.6,1866.2,80.935
6/12/19 12:10,74.163,38.6,1881.2,80.935
6/12/19 12:10,74.163,38.7,1886.2,80.935
6/12/19 12:10,74.163,38.7,1886.2,80.935
6/12/19 12:10,74.163,38.7,1891.2,80.935
6/12/19 12:10,74.206,38.7,1901.2,80.935
6/12/19 12:10,74.206,38.7,1903.7,80.935
6/12/19 12:10,74.206,38.7,1903.7,80.935
6/12/19 12:10,74.25,38.7,1898.7,80.935
6/12/19 12:10,74.25,38.7,1878.7,80.935
6/12/19 12:10,74.25,38.8,1851.2,80.935
6/12/19 12:10,74.25,38.9,1831.2,80.935
6/12/19 12:10,74.295,38.9,1826.2,80.935
6/12/19 12:10,74.295,39,1818.7,80.935
6/12/19 12:10,74.295,39.1,1826.2,80.935
6/12/19 12:10,74.338,39.1,1826.2,80.935
6/12/19 12:10,74.338,39.1,1808.7,80.935
6/12/19 12:10,74.338,39.2,1793.7,80.935
6/12/19 12:10,74.381,39.2,1781.2,80.935
6/12/19 12:10,74.381,39.2,1768.7,80.978
6/12/19 12:10,74.381,39.3,1728.7,80.978
6/12/19 12:10,74.424,39.3,1673.7,80.978
6/12/19 12:10,74.424,39.4,1641.2,80.978
6/12/19 12:10,74.424,39.4,1623.7,80.978
6/12/19 12:10,74.467,39.4,1623.7,80.978
6/12/19 12:10,74.467,39.4,1613.7,80.978
6/12/19 12:10,74.511,39.4,1601.2,80.978
6/12/19 12:10,74.511,39.4,1588.7,80.978
6/12/19 12:10,74.511,39.4,1581.2,80.978
6/12/19 12:10,74.554,39.3,1573.7,80.978
6/12/19 12:10,74.554,39.3,1566.2,80.978
6/12/19 12:10,74.554,39.2,1571.2,80.978
6/12/19 12:10,74.597,39.2,1583.7,80.978
6/12/19 12:10,74.597,39.2,1598.7,80.978
6/12/19 12:10,74.597,39.2,1616.2,80.978
6/12/19 12:10,74.597,39.1,1628.7,80.978
6/12/19 12:10,74.64,39.1,1636.2,80.978
6/12/19 12:10,74.64,39.1,1631.2,80.978
6/12/19 12:10,74.64,39.1,1618.7,80.978
6/12/19 12:10,74.64,39,1606.2,80.978
6/12/19 12:10,74.683,38.8,1603.7,80.978
6/12/19 12:10,74.683,38.8,1611.2,80.978
6/12/19 12:10,74.683,38.7,1653.7,80.978
6/12/19 12:10,74.683,38.7,1706.2,80.978
6/12/19 12:10,74.683,38.6,1751.2,80.978
6/12/19 12:10,74.683,38.5,1791.2,80.978
6/12/19 12:10,74.683,38.5,1821.2,80.978
6/12/19 12:10,74.683,38.4,1833.7,80.978
6/12/19 12:10,74.683,38.4,1843.7,80.978
6/12/19 12:10,74.683,38.4,1846.2,80.978
6/12/19 12:10,74.683,38.4,1843.7,80.978
6/12/19 12:10,74.683,38.4,1851.2,80.978
6/12/19 12:10,74.683,38.4,1848.7,80.978
6/12/19 12:10,74.683,38.4,1851.2,80.978
6/12/19 12:10,74.683,38.4,1868.7,80.978
6/12/19 12:10,74.683,38.3,1881.2,80.978
6/12/19 12:10,74.683,38.3,1883.7,80.978
6/12/19 12:10,74.727,38.2,1883.7,80.978
6/12/19 12:11,74.683,38.1,1888.7,80.978
6/12/19 12:11,74.727,38,1891.2,80.978
6/12/19 12:11,74.683,37.9,1886.2,80.978
6/12/19 12:11,74.683,37.8,1886.2,80.978
6/12/19 12:11,74.683,37.7,1888.7,80.978
6/12/19 12:11,74.683,37.6,1886.2,80.978
6/12/19 12:11,74.683,37.5,1881.2,80.978
6/12/19 12:11,74.683,37.4,1873.7,80.978
6/12/19 12:11,74.683,37.4,1878.7,80.978
6/12/19 12:11,74.683,37.4,1891.2,81.023
6/12/19 12:11,74.683,37.4,1891.2,81.023
6/12/19 12:11,74.683,37.3,1891.2,81.023
6/12/19 12:11,74.683,37.3,1888.7,81.023
6/12/19 12:11,74.64,37.3,1891.2,81.023
6/12/19 12:11,74.64,37.4,1896.2,81.023
6/12/19 12:11,74.64,37.3,1901.2,81.023
6/12/19 12:11,74.64,37.3,1906.2,81.023
6/12/19 12:11,74.64,37.2,1903.7,81.023
6/12/19 12:11,74.64,37.2,1901.2,81.023
6/12/19 12:11,74.64,37.1,1901.2,81.023
6/12/19 12:11,74.64,37.1,1898.7,81.023
6/12/19 12:11,74.597,37.1,1896.2,81.023
6/12/19 12:11,74.597,37.1,1886.2,81.023
6/12/19 12:11,74.597,37.1,1876.2,81.023
6/12/19 12:11,74.597,37,1871.2,81.023
6/12/19 12:11,74.597,37,1866.2,81.023
6/12/19 12:11,74.597,37,1858.7,81.023
6/12/19 12:11,74.597,37,1873.7,81.023
6/12/19 12:11,74.597,37,1873.7,81.023
6/12/19 12:11,74.597,37.1,1866.2,81.023
6/12/19 12:11,74.554,37.1,1853.7,81.023
6/12/19 12:11,74.554,37.1,1851.2,81.023
6/12/19 12:11,74.554,37.1,1851.2,81.023
6/12/19 12:11,74.554,37.1,1858.7,81.023
6/12/19 12:11,74.554,37,1858.7,81.023
6/12/19 12:11,74.554,37,1853.7,81.023
6/12/19 12:11,74.554,37,1853.7,81.023
6/12/19 12:11,74.554,37,1856.2,81.023
6/12/19 12:11,74.554,37,1853.7,81.023
6/12/19 12:11,74.511,37,1851.2,81.023
6/12/19 12:11,74.511,37,1851.2,81.023
6/12/19 12:11,74.511,36.9,1848.7,81.023
6/12/19 12:11,74.511,36.8,1843.7,81.023
6/12/19 12:11,74.511,36.8,1841.2,81.023
6/12/19 12:11,74.511,36.8,1843.7,81.023
6/12/19 12:11,74.511,36.7,1851.2,81.023
6/12/19 12:11,74.511,36.7,1848.7,81.023
6/12/19 12:11,74.511,36.7,1846.2,81.066
6/12/19 12:11,74.511,36.8,1853.7,81.066
6/12/19 12:11,74.511,36.8,1853.7,81.066
6/12/19 12:11,74.511,36.9,1853.7,81.066
6/12/19 12:11,74.467,36.9,1851.2,81.066
6/12/19 12:11,74.467,37,1851.2,81.066
6/12/19 12:11,74.467,37,1858.7,81.066
6/12/19 12:11,74.467,37,1866.2,81.066
6/12/19 12:11,74.467,37,1866.2,81.066
6/12/19 12:11,74.467,37.1,1866.2,81.066
6/12/19 12:11,74.467,37.1,1873.7,81.066
6/12/19 12:11,74.467,37.1,1876.2,81.066
6/12/19 12:11,74.467,37.1,1886.2,81.066
6/12/19 12:12,74.467,37.1,1888.7,81.066
6/12/19 12:12,74.467,37.1,1888.7,81.066
6/12/19 12:12,74.467,37.1,1888.7,81.066
6/12/19 12:12,74.467,37.1,1891.2,81.066
6/12/19 12:12,74.467,37,1891.2,81.066
6/12/19 12:12,74.467,37,1888.7,81.066
6/12/19 12:12,74.467,37,1888.7,81.066
6/12/19 12:12,74.467,37,1886.2,81.066
6/12/19 12:12,74.467,36.9,1881.2,81.066
6/12/19 12:12,74.467,36.9,1878.7,81.066
6/12/19 12:12,74.467,36.9,1881.2,81.066
6/12/19 12:12,74.467,36.9,1876.2,81.066
6/12/19 12:12,74.424,37,1873.7,81.066
6/12/19 12:12,74.467,37,1873.7,81.066
6/12/19 12:12,74.467,37,1871.2,81.066
6/12/19 12:12,74.424,37,1871.2,81.066
6/12/19 12:12,74.467,37,1873.7,81.066
6/12/19 12:12,74.467,37.1,1866.2,81.066
6/12/19 12:12,74.424,37.1,1863.7,81.066
6/12/19 12:12,74.424,37.1,1858.7,81.066
6/12/19 12:12,74.424,37.1,1856.2,81.066
6/12/19 12:12,74.424,37.1,1858.7,81.111
6/12/19 12:12,74.424,37.2,1866.2,81.066
6/12/19 12:12,74.424,37.2,1868.7,81.066
6/12/19 12:12,74.424,37.3,1868.7,81.111
6/12/19 12:12,74.424,37.3,1868.7,81.066
6/12/19 12:12,74.424,37.3,1858.7,81.111
6/12/19 12:12,74.424,37.3,1853.7,81.111
6/12/19 12:12,74.424,37.3,1843.7,81.111
6/12/19 12:12,74.424,37.4,1838.7,81.111
6/12/19 12:12,74.424,37.3,1833.7,81.111
6/12/19 12:12,74.467,37.3,1833.7,81.111
6/12/19 12:12,74.467,37.4,1836.2,81.111
6/12/19 12:12,74.424,37.5,1836.2,81.111
6/12/19 12:12,74.424,37.5,1836.2,81.111
6/12/19 12:12,74.424,37.4,1838.7,81.111
6/12/19 12:12,74.424,37.3,1838.7,81.111
6/12/19 12:12,74.424,37.3,1836.2,81.111
6/12/19 12:12,74.424,37.2,1838.7,81.111
6/12/19 12:12,74.424,37,1846.2,81.111
6/12/19 12:12,74.424,36.9,1851.2,81.111
6/12/19 12:12,74.381,36.8,1853.7,81.111
6/12/19 12:12,74.381,36.6,1856.2,81.111
6/12/19 12:12,74.338,36.5,1861.2,81.111
6/12/19 12:12,74.338,36.4,1858.7,81.111
6/12/19 12:12,74.338,36.4,1861.2,81.111
6/12/19 12:12,74.295,36.3,1861.2,81.111
6/12/19 12:12,74.25,36.3,1863.7,81.111
6/12/19 12:12,74.25,36.3,1863.7,81.111
6/12/19 12:12,74.206,36.2,1861.2,81.111
6/12/19 12:12,74.206,36.2,1858.7,81.111
6/12/19 12:12,74.163,36.2,1856.2,81.111
6/12/19 12:12,74.163,36.1,1851.2,81.111
6/12/19 12:12,74.12,36.1,1843.7,81.111
6/12/19 12:12,74.12,36.1,1838.7,81.111
6/12/19 12:12,74.077,36.1,1836.2,81.111
6/12/19 12:12,74.034,36,1841.2,81.154
6/12/19 12:12,74.034,36.1,1848.7,81.154
6/12/19 12:12,73.99,36.1,1843.7,81.154
6/12/19 12:12,73.99,36.1,1836.2,81.154
6/12/19 12:13,73.99,36.1,1838.7,81.154
6/12/19 12:13,73.947,36.2,1846.2,81.154
6/12/19 12:13,73.947,36.2,1856.2,81.154
6/12/19 12:13,73.904,36.2,1868.7,81.154
6/12/19 12:13,73.904,36.2,1871.2,81.154
6/12/19 12:13,73.904,36.3,1873.7,81.154
6/12/19 12:13,73.904,36.3,1876.2,81.154
6/12/19 12:13,73.904,36.4,1881.2,81.154
6/12/19 12:13,73.861,36.4,1878.7,81.154
6/12/19 12:13,73.861,36.4,1878.7,81.154
6/12/19 12:13,73.861,36.4,1878.7,81.154
6/12/19 12:13,73.861,36.4,1876.2,81.154
6/12/19 12:13,73.861,36.4,1871.2,81.154
6/12/19 12:13,73.861,36.4,1868.7,81.154
6/12/19 12:13,73.861,36.4,1866.2,81.154
6/12/19 12:13,73.861,36.5,1861.2,81.154
6/12/19 12:13,73.861,36.5,1861.2,81.154
6/12/19 12:13,73.818,36.5,1863.7,81.154
6/12/19 12:13,73.861,36.5,1866.2,81.154
6/12/19 12:13,73.818,36.5,1863.7,81.154
6/12/19 12:13,73.818,36.5,1866.2,81.154
6/12/19 12:13,73.818,36.5,1868.7,81.154
6/12/19 12:13,73.818,36.6,1871.2,81.154
6/12/19 12:13,73.818,36.6,1871.2,81.154
6/12/19 12:13,73.861,36.6,1876.2,81.154
6/12/19 12:13,73.861,36.7,1868.7,81.154
6/12/19 12:13,73.861,36.7,1871.2,81.154
6/12/19 12:13,73.818,36.7,1866.2,81.154
6/12/19 12:13,73.861,36.8,1861.2,81.154
6/12/19 12:13,73.861,36.8,1868.7,81.154
6/12/19 12:13,73.861,36.9,1861.2,81.154
6/12/19 12:13,73.861,37,1853.7,81.154
6/12/19 12:13,73.861,37,1848.7,81.154
6/12/19 12:13,73.861,37.1,1828.7,81.154
6/12/19 12:13,73.904,37.2,1821.2,81.154
6/12/19 12:13,73.904,37.2,1833.7,81.154
6/12/19 12:13,73.904,37.3,1848.7,81.199
6/12/19 12:13,73.904,37.4,1856.2,81.154
6/12/19 12:13,73.947,37.4,1858.7,81.154
6/12/19 12:13,73.947,37.6,1863.7,81.154
6/12/19 12:13,73.947,37.8,1866.2,81.199
6/12/19 12:13,73.947,37.9,1868.7,81.199
6/12/19 12:13,73.99,38,1876.2,81.154
6/12/19 12:13,73.99,38,1881.2,81.199
6/12/19 12:13,73.99,38,1881.2,81.199
6/12/19 12:13,74.034,38,1883.7,81.199
6/12/19 12:13,74.034,37.9,1881.2,81.199
6/12/19 12:13,74.034,37.8,1883.7,81.154
6/12/19 12:13,74.034,37.7,1891.2,81.199
6/12/19 12:13,74.077,37.6,1896.2,81.199
6/12/19 12:13,74.077,37.5,1893.7,81.199
6/12/19 12:13,74.077,37.5,1898.7,81.199
6/12/19 12:13,74.077,37.4,1901.2,81.199
6/12/19 12:13,74.077,37.3,1898.7,81.199
6/12/19 12:13,74.077,37.4,1891.2,81.199
6/12/19 12:13,74.077,37.3,1886.2,81.199
6/12/19 12:13,74.077,37.3,1886.2,81.199
6/12/19 12:13,74.077,37.2,1883.7,81.199
6/12/19 12:13,74.077,37.1,1886.2,81.199
6/12/19 12:13,74.077,37.1,1886.2,81.199
6/12/19 12:14,74.077,37,1891.2,81.199
6/12/19 12:14,74.077,37,1888.7,81.199
6/12/19 12:14,74.077,37,1886.2,81.199
6/12/19 12:14,74.077,37,1886.2,81.199
6/12/19 12:14,74.034,37,1886.2,81.199
6/12/19 12:14,74.034,36.9,1888.7,81.199
6/12/19 12:14,74.077,36.9,1891.2,81.199
6/12/19 12:14,74.034,36.9,1893.7,81.199
6/12/19 12:14,74.034,36.9,1896.2,81.199
6/12/19 12:14,74.077,36.9,1898.7,81.199
6/12/19 12:14,74.034,36.9,1901.2,81.199
6/12/19 12:14,74.034,36.9,1896.2,81.199
6/12/19 12:14,74.034,36.9,1898.7,81.199
6/12/19 12:14,74.077,37,1896.2,81.199
6/12/19 12:14,74.077,37,1896.2,81.244
6/12/19 12:14,74.077,37,1901.2,81.199
6/12/19 12:14,74.077,37,1903.7,81.244
6/12/19 12:14,74.077,37,1908.7,81.244
6/12/19 12:14,74.077,37,1908.7,81.244
6/12/19 12:14,74.077,37,1908.7,81.244
6/12/19 12:14,74.077,37,1896.2,81.244
6/12/19 12:14,74.077,37,1886.2,81.244
6/12/19 12:14,74.077,37,1886.2,81.244
6/12/19 12:14,74.077,37,1886.2,81.244
6/12/19 12:14,74.077,37,1883.7,81.244
6/12/19 12:14,74.077,37,1888.7,81.244
6/12/19 12:14,74.077,36.9,1886.2,81.244
6/12/19 12:14,74.12,36.9,1883.7,81.244
6/12/19 12:14,74.12,37,1876.2,81.244
6/12/19 12:14,74.12,37,1878.7,81.244
6/12/19 12:14,74.12,37,1886.2,81.244
6/12/19 12:14,74.12,37,1891.2,81.244
6/12/19 12:14,74.12,37,1896.2,81.244
6/12/19 12:14,74.12,37,1898.7,81.244
6/12/19 12:14,74.12,37,1901.2,81.244
6/12/19 12:14,74.12,37,1901.2,81.244
6/12/19 12:14,74.12,37,1893.7,81.244
6/12/19 12:14,74.12,37,1896.2,81.244
6/12/19 12:14,74.163,37,1898.7,81.244
6/12/19 12:14,74.163,36.9,1906.2,81.244
6/12/19 12:14,74.163,36.9,1911.2,81.244
6/12/19 12:14,74.163,37,1918.7,81.244
6/12/19 12:14,74.163,36.9,1913.7,81.244
6/12/19 12:14,74.163,36.9,1911.2,81.244
6/12/19 12:14,74.206,36.9,1911.2,81.244
6/12/19 12:14,74.206,37,1906.2,81.244
6/12/19 12:14,74.206,37,1901.2,81.288
6/12/19 12:14,74.206,37.1,1898.7,81.244
6/12/19 12:14,74.206,37.1,1901.2,81.244
6/12/19 12:14,74.25,37.2,1893.7,81.244
6/12/19 12:14,74.25,37.3,1893.7,81.244
6/12/19 12:14,74.25,37.3,1891.2,81.244
6/12/19 12:14,74.25,37.4,1886.2,81.244
6/12/19 12:14,74.295,37.4,1886.2,81.288
6/12/19 12:14,74.295,37.3,1881.2,81.288
6/12/19 12:14,74.295,37.4,1881.2,81.288
6/12/19 12:14,74.295,37.3,1886.2,81.244
6/12/19 12:14,74.338,37.3,1891.2,81.288
6/12/19 12:14,74.338,37.4,1893.7,81.288
6/12/19 12:14,74.338,37.4,1893.7,81.288
6/12/19 12:15,74.338,37.4,1888.7,81.288
6/12/19 12:15,74.381,37.4,1888.7,81.288
6/12/19 12:15,74.381,37.3,1886.2,81.288
6/12/19 12:15,74.381,37.3,1883.7,81.288
6/12/19 12:15,74.381,37.3,1883.7,81.288
6/12/19 12:15,74.381,37.2,1886.2,81.288
6/12/19 12:15,74.381,37.2,1886.2,81.288
6/12/19 12:15,74.381,37.1,1888.7,81.288
6/12/19 12:15,74.381,37,1893.7,81.288
6/12/19 12:15,74.424,37,1901.2,81.288
6/12/19 12:15,74.381,36.8,1901.2,81.288
6/12/19 12:15,74.381,36.7,1903.7,81.288
6/12/19 12:15,74.424,36.7,1906.2,81.288
6/12/19 12:15,74.381,36.6,1906.2,81.288
6/12/19 12:15,74.381,36.5,1908.7,81.288
6/12/19 12:15,74.381,36.5,1916.2,81.288
6/12/19 12:15,74.381,36.5,1918.7,81.288
6/12/19 12:15,74.381,36.5,1918.7,81.288
6/12/19 12:15,74.381,36.5,1918.7,81.288
6/12/19 12:15,74.381,36.5,1918.7,81.288
6/12/19 12:15,74.381,36.5,1918.7,81.288
6/12/19 12:15,74.338,36.4,1921.2,81.288
6/12/19 12:15,74.338,36.4,1923.7,81.288
6/12/19 12:15,74.338,36.4,1926.2,81.288
6/12/19 12:15,74.338,36.4,1931.2,81.288
6/12/19 12:15,74.338,36.4,1928.7,81.333
6/12/19 12:15,74.338,36.4,1928.7,81.288
6/12/19 12:15,74.338,36.4,1926.2,81.288
6/12/19 12:15,74.338,36.4,1928.7,81.288
6/12/19 12:15,74.338,36.4,1933.7,81.288
6/12/19 12:15,74.338,36.3,1931.2,81.288
6/12/19 12:15,74.338,36.3,1928.7,81.333
6/12/19 12:15,74.338,36.3,1928.7,81.333
6/12/19 12:15,74.338,36.3,1938.7,81.333
6/12/19 12:15,74.338,36.3,1933.7,81.333
6/12/19 12:15,74.338,36.3,1933.7,81.333
6/12/19 12:15,74.338,36.3,1936.2,81.333
6/12/19 12:15,74.338,36.4,1928.7,81.333
6/12/19 12:15,74.338,36.4,1931.2,81.333
6/12/19 12:15,74.338,36.5,1933.7,81.333
6/12/19 12:15,74.338,36.6,1938.7,81.333
6/12/19 12:15,74.338,36.7,1933.7,81.333
6/12/19 12:15,74.338,36.8,1943.7,81.333
6/12/19 12:15,74.338,36.9,1943.7,81.333
6/12/19 12:15,74.338,37,1943.7,81.333
6/12/19 12:15,74.338,37,1946.2,81.333
6/12/19 12:15,74.338,37.1,1943.7,81.333
6/12/19 12:15,74.338,37.1,1946.2,81.333
6/12/19 12:15,74.338,37.1,1943.7,81.333
6/12/19 12:15,74.381,37.1,1941.2,81.333
6/12/19 12:15,74.381,37.1,1943.7,81.333
6/12/19 12:15,74.381,37.1,1943.7,81.333
6/12/19 12:15,74.381,37.2,1943.7,81.333
6/12/19 12:15,74.381,37.2,1948.7,81.333
6/12/19 12:15,74.381,37.3,1943.7,81.333
6/12/19 12:15,74.381,37.4,1938.7,81.333
6/12/19 12:15,74.381,37.3,1933.7,81.333
6/12/19 12:15,74.381,37.4,1933.7,81.333
6/12/19 12:15,74.381,37.4,1941.2,81.333
6/12/19 12:15,74.381,37.4,1941.2,81.333
6/12/19 12:16,74.381,37.4,1943.7,81.333
6/12/19 12:16,74.381,37.5,1946.2,81.333
6/12/19 12:16,74.381,37.5,1943.7,81.333
6/12/19 12:16,74.424,37.6,1938.7,81.333
6/12/19 12:16,74.424,37.6,1933.7,81.333
6/12/19 12:16,74.424,37.6,1933.7,81.333
6/12/19 12:16,74.424,37.6,1941.2,81.333
6/12/19 12:16,74.424,37.6,1946.2,81.333
6/12/19 12:16,74.424,37.6,1948.7,81.333
6/12/19 12:16,74.424,37.6,1948.7,81.333
6/12/19 12:16,74.424,37.7,1948.7,81.333
6/12/19 12:16,74.424,37.7,1946.2,81.333
6/12/19 12:16,74.424,37.7,1938.7,81.333
6/12/19 12:16,74.424,37.7,1938.7,81.333
6/12/19 12:16,74.424,37.7,1931.2,81.376
6/12/19 12:16,74.424,37.7,1931.2,81.333
6/12/19 12:16,74.424,37.7,1933.7,81.333
6/12/19 12:16,74.424,37.7,1941.2,81.376
6/12/19 12:16,74.424,37.7,1941.2,81.376
6/12/19 12:16,74.424,37.7,1946.2,81.333
6/12/19 12:16,74.467,37.8,1946.2,81.376
6/12/19 12:16,74.467,37.9,1948.7,81.376
6/12/19 12:16,74.467,37.9,1953.7,81.376
6/12/19 12:16,74.467,38,1953.7,81.376
6/12/19 12:16,74.467,38,1953.7,81.376
6/12/19 12:16,74.467,37.9,1953.7,81.376
6/12/19 12:16,74.467,37.8,1951.2,81.376
6/12/19 12:16,74.467,37.8,1953.7,81.376
6/12/19 12:16,74.467,37.7,1953.7,81.376
6/12/19 12:16,74.467,37.7,1956.2,81.376
6/12/19 12:16,74.467,37.7,1956.2,81.376
6/12/19 12:16,74.467,37.7,1966.2,81.376
6/12/19 12:16,74.467,37.7,1961.2,81.376
6/12/19 12:16,74.467,37.7,1953.7,81.376
6/12/19 12:16,74.467,37.7,1953.7,81.376
6/12/19 12:16,74.467,37.7,1956.2,81.376
6/12/19 12:16,74.467,37.7,1953.7,81.376
6/12/19 12:16,74.467,37.7,1953.7,81.376
6/12/19 12:16,74.467,37.8,1951.2,81.376
6/12/19 12:16,74.467,37.8,1943.7,81.376
6/12/19 12:16,74.467,37.8,1946.2,81.376
6/12/19 12:16,74.467,37.8,1941.2,81.376
6/12/19 12:16,74.467,37.8,1938.7,81.376
6/12/19 12:16,74.424,37.8,1938.7,81.376
6/12/19 12:16,74.424,37.8,1941.2,81.376
6/12/19 12:16,74.424,37.8,1943.7,81.376
6/12/19 12:16,74.424,37.8,1946.2,81.376
6/12/19 12:16,74.424,37.8,1948.7,81.376
6/12/19 12:16,74.424,37.9,1948.7,81.376
6/12/19 12:16,74.424,37.9,1951.2,81.376
6/12/19 12:16,74.424,37.9,1946.2,81.421
6/12/19 12:16,74.424,37.9,1928.7,81.376
6/12/19 12:16,74.424,37.9,1893.7,81.376
6/12/19 12:16,74.424,37.9,1868.7,81.421
6/12/19 12:16,74.467,37.8,1886.2,81.376
6/12/19 12:16,74.424,37.8,1921.2,81.421
6/12/19 12:16,74.424,37.7,1933.7,81.376
6/12/19 12:16,74.424,37.7,1946.2,81.421
6/12/19 12:16,74.424,37.7,1938.7,81.421
6/12/19 12:16,74.424,37.7,1936.2,81.421
6/12/19 12:17,74.424,37.6,1931.2,81.421
6/12/19 12:17,74.424,37.7,1936.2,81.421
6/12/19 12:17,74.424,37.7,1936.2,81.421
6/12/19 12:17,74.424,37.7,1936.2,81.421
6/12/19 12:17,74.424,37.6,1931.2,81.421
6/12/19 12:17,74.424,37.6,1931.2,81.421
6/12/19 12:17,74.424,37.5,1931.2,81.421
6/12/19 12:17,74.424,37.5,1931.2,81.421
6/12/19 12:17,74.424,37.5,1926.2,81.421
6/12/19 12:17,74.424,37.4,1931.2,81.421
6/12/19 12:17,74.424,37.4,1941.2,81.421
6/12/19 12:17,74.424,37.4,1943.7,81.421
6/12/19 12:17,74.424,37.4,1953.7,81.421
6/12/19 12:17,74.424,37.4,1951.2,81.421
6/12/19 12:17,74.381,37.4,1958.7,81.421
6/12/19 12:17,74.381,37.4,1961.2,81.421
6/12/19 12:17,74.381,37.4,1963.7,81.421
6/12/19 12:17,74.381,37.5,1963.7,81.421
6/12/19 12:17,74.381,37.5,1966.2,81.421
6/12/19 12:17,74.381,37.6,1963.7,81.421
6/12/19 12:17,74.381,37.6,1966.2,81.421
6/12/19 12:17,74.381,37.6,1968.7,81.421
6/12/19 12:17,74.381,37.6,1961.2,81.421
6/12/19 12:17,74.381,37.6,1948.7,81.421
6/12/19 12:17,74.381,37.5,1953.7,81.421
6/12/19 12:17,74.381,37.5,1948.7,81.421
6/12/19 12:17,74.381,37.5,1948.7,81.421
6/12/19 12:17,74.381,37.5,1948.7,81.421
6/12/19 12:17,74.381,37.5,1951.2,81.421
6/12/19 12:17,74.338,37.5,1946.2,81.421
6/12/19 12:17,74.338,37.6,1943.7,81.421
6/12/19 12:17,74.338,37.6,1946.2,81.421
6/12/19 12:17,74.338,37.6,1941.2,81.421
6/12/19 12:17,74.338,37.5,1938.7,81.421
6/12/19 12:17,74.338,37.4,1938.7,81.421
6/12/19 12:17,74.338,37.4,1938.7,81.421
6/12/19 12:17,74.338,37.4,1936.2,81.421
6/12/19 12:17,74.338,37.4,1938.7,81.421
6/12/19 12:17,74.338,37.4,1948.7,81.421
6/12/19 12:17,74.295,37.4,1948.7,81.421
6/12/19 12:17,74.295,37.4,1956.2,81.421
6/12/19 12:17,74.295,37.4,1958.7,81.466
6/12/19 12:17,74.295,37.4,1958.7,81.421
6/12/19 12:17,74.295,37.5,1961.2,81.421
6/12/19 12:17,74.295,37.5,1968.7,81.466
6/12/19 12:17,74.295,37.5,1973.7,81.421
6/12/19 12:17,74.295,37.4,1976.2,81.421
6/12/19 12:17,74.295,37.4,1976.2,81.421
6/12/19 12:17,74.25,37.3,1976.2,81.421
6/12/19 12:17,74.25,37.3,1978.7,81.466
6/12/19 12:17,74.25,37.3,1973.7,81.466
6/12/19 12:17,74.25,37.3,1978.7,81.466
6/12/19 12:17,74.25,37.2,1981.2,81.466
6/12/19 12:17,74.25,37.2,1981.2,81.466
6/12/19 12:17,74.206,37.2,1981.2,81.466
6/12/19 12:17,74.206,37.2,1981.2,81.466
6/12/19 12:17,74.206,37.2,1983.7,81.466
6/12/19 12:17,74.206,37.1,1978.7,81.466
6/12/19 12:17,74.206,37.1,1981.2,81.466
6/12/19 12:17,74.163,37.2,1983.7,81.466
6/12/19 12:18,74.163,37.2,1986.2,81.466
6/12/19 12:18,74.163,37.2,1981.2,81.466
6/12/19 12:18,74.163,37.3,1981.2,81.466
6/12/19 12:18,74.163,37.3,1981.2,81.466
6/12/19 12:18,74.163,37.5,1983.7,81.466
6/12/19 12:18,74.163,37.6,1981.2,81.466
6/12/19 12:18,74.163,37.7,1981.2,81.466
6/12/19 12:18,74.163,37.8,1978.7,81.466
6/12/19 12:18,74.206,37.9,1978.7,81.466
6/12/19 12:18,74.206,38,1981.2,81.466
6/12/19 12:18,74.206,38.1,1978.7,81.466
6/12/19 12:18,74.206,38.1,1976.2,81.466
6/12/19 12:18,74.206,38.2,1971.2,81.466
6/12/19 12:18,74.25,38.2,1968.7,81.466
6/12/19 12:18,74.25,38.2,1966.2,81.466
6/12/19 12:18,74.25,38.2,1963.7,81.466
6/12/19 12:18,74.295,38.2,1961.2,81.466
6/12/19 12:18,74.295,38.2,1956.2,81.466
6/12/19 12:18,74.295,38.2,1958.7,81.466
6/12/19 12:18,74.295,38.3,1953.7,81.466
6/12/19 12:18,74.295,38.2,1958.7,81.466
6/12/19 12:18,74.338,38.2,1958.7,81.466
6/12/19 12:18,74.338,38.3,1956.2,81.466
6/12/19 12:18,74.338,38.3,1953.7,81.466
6/12/19 12:18,74.338,38.3,1956.2,81.466
6/12/19 12:18,74.381,38.3,1953.7,81.466
6/12/19 12:18,74.381,38.3,1958.7,81.466
6/12/19 12:18,74.381,38.3,1958.7,81.466
6/12/19 12:18,74.381,38.4,1956.2,81.466
6/12/19 12:18,74.424,38.4,1958.7,81.466
6/12/19 12:18,74.424,38.4,1963.7,81.509
6/12/19 12:18,74.424,38.4,1963.7,81.466
6/12/19 12:18,74.424,38.4,1963.7,81.509
6/12/19 12:18,74.467,38.4,1958.7,81.509
6/12/19 12:18,74.467,38.4,1951.2,81.509
6/12/19 12:18,74.467,38.4,1948.7,81.509
6/12/19 12:18,74.467,38.4,1951.2,81.509
6/12/19 12:18,74.511,38.4,1951.2,81.509
6/12/19 12:18,74.511,38.4,1946.2,81.509
6/12/19 12:18,74.511,38.4,1943.7,81.509
6/12/19 12:18,74.554,38.3,1943.7,81.509
6/12/19 12:18,74.554,38.3,1951.2,81.509
6/12/19 12:18,74.554,38.2,1953.7,81.509
6/12/19 12:18,74.554,38.2,1938.7,81.509
6/12/19 12:18,74.597,38.2,1931.2,81.509
6/12/19 12:18,74.597,38.2,1923.7,81.509
6/12/19 12:18,74.597,38.1,1921.2,81.509
6/12/19 12:18,74.597,38.1,1931.2,81.509
6/12/19 12:18,74.64,38,1941.2,81.509
6/12/19 12:18,74.64,38,1943.7,81.509
6/12/19 12:18,74.64,38,1943.7,81.509
6/12/19 12:18,74.64,38,1938.7,81.509
6/12/19 12:18,74.683,38,1928.7,81.509
6/12/19 12:18,74.683,37.9,1916.2,81.509
6/12/19 12:18,74.683,37.9,1893.7,81.509
6/12/19 12:18,74.683,37.9,1886.2,81.509
6/12/19 12:18,74.727,37.9,1888.7,81.509
6/12/19 12:18,74.727,37.9,1896.2,81.509
6/12/19 12:18,74.727,37.8,1911.2,81.509
6/12/19 12:18,74.727,37.8,1923.7,81.509
6/12/19 12:19,74.77,37.8,1928.7,81.509
6/12/19 12:19,74.77,37.8,1933.7,81.509
6/12/19 12:19,74.77,37.8,1936.2,81.509
6/12/19 12:19,74.77,37.8,1928.7,81.509
6/12/19 12:19,74.813,37.8,1926.2,81.509
6/12/19 12:19,74.813,37.8,1926.2,81.509
6/12/19 12:19,74.813,37.8,1926.2,81.509
6/12/19 12:19,74.813,37.8,1926.2,81.509
6/12/19 12:19,74.856,37.8,1926.2,81.509
6/12/19 12:19,74.856,37.8,1926.2,81.509
6/12/19 12:19,74.856,37.8,1931.2,81.509
6/12/19 12:19,74.856,37.7,1926.2,81.554
6/12/19 12:19,74.899,37.7,1926.2,81.554
6/12/19 12:19,74.899,37.7,1928.7,81.509
6/12/19 12:19,74.899,37.6,1931.2,81.554
6/12/19 12:19,74.943,37.6,1931.2,81.509
6/12/19 12:19,74.943,37.6,1931.2,81.554
6/12/19 12:19,74.943,37.6,1931.2,81.554
6/12/19 12:19,74.943,37.6,1931.2,81.554
6/12/19 12:19,74.943,37.6,1931.2,81.554
6/12/19 12:19,74.986,37.5,1931.2,81.554
6/12/19 12:19,74.986,37.5,1931.2,81.554
6/12/19 12:19,74.986,37.5,1926.2,81.554
6/12/19 12:19,74.986,37.6,1931.2,81.554
6/12/19 12:19,74.986,37.6,1926.2,81.554
6/12/19 12:19,74.986,37.6,1921.2,81.554
6/12/19 12:19,75.029,37.7,1926.2,81.554
6/12/19 12:19,75.029,37.7,1923.7,81.554
6/12/19 12:19,75.029,37.8,1926.2,81.554
6/12/19 12:19,75.029,37.8,1928.7,81.554
6/12/19 12:19,75.074,37.8,1928.7,81.554
6/12/19 12:19,75.074,37.9,1928.7,81.554
6/12/19 12:19,75.074,37.9,1928.7,81.554
6/12/19 12:19,75.074,38,1926.2,81.554
6/12/19 12:19,75.117,38,1921.2,81.554
6/12/19 12:19,75.117,38.1,1923.7,81.554
6/12/19 12:19,75.117,38.1,1921.2,81.554
6/12/19 12:19,75.117,38.1,1921.2,81.554
6/12/19 12:19,75.16,38.1,1916.2,81.597
6/12/19 12:19,75.16,38.1,1916.2,81.554
6/12/19 12:19,75.16,38.2,1916.2,81.554
6/12/19 12:19,75.16,38.2,1921.2,81.554
6/12/19 12:19,75.204,38.2,1918.7,81.554
6/12/19 12:19,75.204,38.3,1921.2,81.597
6/12/19 12:19,75.204,38.3,1916.2,81.597
6/12/19 12:19,75.204,38.3,1908.7,81.597
6/12/19 12:19,75.247,38.2,1916.2,81.597
6/12/19 12:19,75.247,38.1,1911.2,81.597
6/12/19 12:19,75.247,38,1911.2,81.597
6/12/19 12:19,75.29,37.9,1908.7,81.597
6/12/19 12:19,75.29,37.8,1906.2,81.597
6/12/19 12:19,75.29,37.7,1903.7,81.597
6/12/19 12:19,75.29,37.6,1906.2,81.597
6/12/19 12:19,75.29,37.5,1901.2,81.597
6/12/19 12:19,75.29,37.5,1903.7,81.597
6/12/19 12:19,75.333,37.5,1901.2,81.597
6/12/19 12:19,75.333,37.5,1901.2,81.597
6/12/19 12:19,75.333,37.5,1906.2,81.597
6/12/19 12:19,75.333,37.5,1906.2,81.597
6/12/19 12:19,75.333,37.5,1911.2,81.597
6/12/19 12:20,75.333,37.4,1911.2,81.597
6/12/19 12:20,75.333,37.4,1913.7,81.597
6/12/19 12:20,75.333,37.4,1916.2,81.597
6/12/19 12:20,75.333,37.3,1916.2,81.597
6/12/19 12:20,75.333,37.3,1916.2,81.597
6/12/19 12:20,75.333,37.2,1916.2,81.597
6/12/19 12:20,75.376,37.1,1913.7,81.597
6/12/19 12:20,75.376,37.1,1911.2,81.597
6/12/19 12:20,75.376,37,1911.2,81.597
6/12/19 12:20,75.333,37,1908.7,81.597
6/12/19 12:20,75.376,36.9,1906.2,81.597
6/12/19 12:20,75.376,36.9,1903.7,81.597
6/12/19 12:20,75.376,36.8,1901.2,81.597
6/12/19 12:20,75.376,36.8,1903.7,81.597
6/12/19 12:20,75.376,36.8,1898.7,81.597
6/12/19 12:20,75.333,36.8,1893.7,81.597
6/12/19 12:20,75.376,36.8,1886.2,81.597
6/12/19 12:20,75.376,36.8,1883.7,81.642
6/12/19 12:20,75.376,36.9,1878.7,81.597
6/12/19 12:20,75.333,37,1873.7,81.642
6/12/19 12:20,75.376,37.1,1866.2,81.597
6/12/19 12:20,75.376,37.1,1863.7,81.642
6/12/19 12:20,75.376,37,1858.7,81.597
6/12/19 12:20,75.376,37,1858.7,81.642
6/12/19 12:20,75.376,36.9,1858.7,81.642
6/12/19 12:20,75.376,36.9,1851.2,81.642
6/12/19 12:20,75.376,36.9,1851.2,81.642
6/12/19 12:20,75.376,36.9,1856.2,81.642
6/12/19 12:20,75.376,36.9,1861.2,81.642
6/12/19 12:20,75.376,36.9,1863.7,81.642
6/12/19 12:20,75.376,36.9,1863.7,81.642
6/12/19 12:20,75.376,36.9,1866.2,81.642
6/12/19 12:20,75.376,36.9,1866.2,81.642
6/12/19 12:20,75.376,36.8,1868.7,81.642
6/12/19 12:20,75.376,36.8,1868.7,81.642
6/12/19 12:20,75.376,36.8,1866.2,81.642
6/12/19 12:20,75.376,36.8,1868.7,81.642
6/12/19 12:20,75.376,36.7,1868.7,81.642
6/12/19 12:20,75.376,36.7,1868.7,81.642
6/12/19 12:20,75.376,36.7,1871.2,81.642
6/12/19 12:20,75.376,36.6,1873.7,81.642
6/12/19 12:20,75.376,36.6,1873.7,81.642
6/12/19 12:20,75.376,36.6,1868.7,81.642
6/12/19 12:20,75.376,36.6,1868.7,81.642
6/12/19 12:20,75.376,36.6,1866.2,81.642
6/12/19 12:20,75.376,36.6,1868.7,81.642
6/12/19 12:20,75.376,36.6,1858.7,81.642
6/12/19 12:20,75.376,36.6,1866.2,81.642
6/12/19 12:20,75.376,36.6,1866.2,81.642
6/12/19 12:20,75.376,36.8,1863.7,81.642
6/12/19 12:20,75.333,36.9,1856.2,81.642
6/12/19 12:20,75.376,37,1861.2,81.642
6/12/19 12:20,75.376,37.1,1866.2,81.642
6/12/19 12:20,75.376,37.2,1871.2,81.642
6/12/19 12:20,75.376,37.2,1881.2,81.642
6/12/19 12:20,75.376,37.3,1883.7,81.642
6/12/19 12:20,75.376,37.3,1888.7,81.687
6/12/19 12:20,75.376,37.2,1893.7,81.687
6/12/19 12:20,75.376,37.1,1896.2,81.687
6/12/19 12:20,75.376,37.1,1901.2,81.687
6/12/19 12:21,75.376,36.9,1906.2,81.687
6/12/19 12:21,75.376,36.8,1906.2,81.687
6/12/19 12:21,75.376,36.8,1903.7,81.687
6/12/19 12:21,75.376,36.7,1906.2,81.687
6/12/19 12:21,75.333,36.6,1906.2,81.687
6/12/19 12:21,75.333,36.5,1913.7,81.687
6/12/19 12:21,75.333,36.5,1913.7,81.687
6/12/19 12:21,75.333,36.5,1916.2,81.687
6/12/19 12:21,75.333,36.4,1911.2,81.687
6/12/19 12:21,75.333,36.4,1918.7,81.687
6/12/19 12:21,75.29,36.3,1918.7,81.687
6/12/19 12:21,75.29,36.3,1921.2,81.687
6/12/19 12:21,75.29,36.3,1918.7,81.687
6/12/19 12:21,75.247,36.4,1923.7,81.687
6/12/19 12:21,75.247,36.5,1923.7,81.687
6/12/19 12:21,75.247,36.5,1923.7,81.687
6/12/19 12:21,75.247,36.5,1926.2,81.687
6/12/19 12:21,75.204,36.5,1923.7,81.687
6/12/19 12:21,75.204,36.5,1926.2,81.687
6/12/19 12:21,75.204,36.4,1928.7,81.687
6/12/19 12:21,75.16,36.3,1928.7,81.687
6/12/19 12:21,75.16,36.3,1933.7,81.687
6/12/19 12:21,75.117,36.3,1933.7,81.687
6/12/19 12:21,75.117,36.4,1936.2,81.687
6/12/19 12:21,75.117,36.5,1936.2,81.687
6/12/19 12:21,75.074,36.5,1936.2,81.687
6/12/19 12:21,75.074,36.6,1941.2,81.687
6/12/19 12:21,75.074,36.7,1941.2,81.687
6/12/19 12:21,75.029,36.8,1943.7,81.687
6/12/19 12:21,75.029,36.8,1943.7,81.687
6/12/19 12:21,75.029,36.9,1951.2,81.687
6/12/19 12:21,75.029,37,1946.2,81.687
6/12/19 12:21,74.986,37,1951.2,81.687
6/12/19 12:21,74.986,37.1,1951.2,81.687
6/12/19 12:21,74.986,37.1,1951.2,81.687
6/12/19 12:21,74.986,37.1,1953.7,81.687
6/12/19 12:21,74.986,37.2,1958.7,81.687
6/12/19 12:21,74.943,37.2,1958.7,81.687
6/12/19 12:21,74.943,37.2,1956.2,81.687
6/12/19 12:21,74.943,37.1,1956.2,81.687
6/12/19 12:21,74.943,37.2,1958.7,81.687
6/12/19 12:21,74.943,37.1,1956.2,81.687
6/12/19 12:21,74.943,37.1,1958.7,81.687
6/12/19 12:21,74.943,37.1,1956.2,81.687
6/12/19 12:21,74.943,37.2,1956.2,81.687
6/12/19 12:21,74.943,37.2,1956.2,81.73
6/12/19 12:21,74.943,37.3,1961.2,81.687
6/12/19 12:21,74.943,37.4,1951.2,81.687
6/12/19 12:21,74.943,37.5,1948.7,81.73
6/12/19 12:21,74.943,37.6,1951.2,81.73
6/12/19 12:21,74.943,37.7,1953.7,81.687
6/12/19 12:21,74.943,37.8,1951.2,81.73
6/12/19 12:21,74.943,37.7,1956.2,81.73
6/12/19 12:21,74.943,37.7,1953.7,81.73
6/12/19 12:21,74.943,37.6,1956.2,81.73
6/12/19 12:21,74.943,37.5,1951.2,81.73
6/12/19 12:21,74.943,37.4,1951.2,81.73
6/12/19 12:21,74.943,37.4,1951.2,81.73
6/12/19 12:21,74.943,37.4,1951.2,81.73
6/12/19 12:21,74.943,37.4,1953.7,81.73
6/12/19 12:22,74.899,37.4,1958.7,81.73
6/12/19 12:22,74.899,37.5,1963.7,81.73
6/12/19 12:22,74.899,37.6,1968.7,81.73
6/12/19 12:22,74.899,37.7,1971.2,81.73
6/12/19 12:22,74.899,37.8,1966.2,81.73
6/12/19 12:22,74.899,37.9,1971.2,81.73
6/12/19 12:22,74.899,38,1976.2,81.73
6/12/19 12:22,74.899,38.1,1973.7,81.73
6/12/19 12:22,74.899,38.2,1976.2,81.73
6/12/19 12:22,74.899,38.2,1971.2,81.73
6/12/19 12:22,74.899,38.3,1966.2,81.73
6/12/19 12:22,74.943,38.4,1963.7,81.73
6/12/19 12:22,74.943,38.4,1963.7,81.73
6/12/19 12:22,74.943,38.4,1958.7,81.73
6/12/19 12:22,74.943,38.5,1958.7,81.73
6/12/19 12:22,74.943,38.5,1958.7,81.73
6/12/19 12:22,74.943,38.5,1943.7,81.73
6/12/19 12:22,74.943,38.6,1943.7,81.73
6/12/19 12:22,74.986,38.6,1936.2,81.73
6/12/19 12:22,74.986,38.6,1938.7,81.73
6/12/19 12:22,74.986,38.7,1928.7,81.73
6/12/19 12:22,74.986,38.8,1923.7,81.73
6/12/19 12:22,74.986,38.9,1921.2,81.73
6/12/19 12:22,75.029,39,1916.2,81.73
6/12/19 12:22,75.029,39,1911.2,81.73
6/12/19 12:22,75.029,39.1,1903.7,81.73
6/12/19 12:22,75.029,39.1,1898.7,81.73
6/12/19 12:22,75.074,39,1893.7,81.73
6/12/19 12:22,75.074,38.9,1891.2,81.73
6/12/19 12:22,75.074,38.7,1888.7,81.73
6/12/19 12:22,75.074,38.5,1881.2,81.775
6/12/19 12:22,75.074,38.5,1878.7,81.73
6/12/19 12:22,75.117,38.4,1878.7,81.775
6/12/19 12:22,75.117,38.4,1878.7,81.73
6/12/19 12:22,75.074,38.3,1881.2,81.775
6/12/19 12:22,75.117,38.3,1878.7,81.73
6/12/19 12:22,75.117,38.2,1878.7,81.775
6/12/19 12:22,75.074,38.1,1873.7,81.775
6/12/19 12:22,75.074,38,1871.2,81.775
6/12/19 12:22,75.074,38,1868.7,81.775
6/12/19 12:22,75.074,37.9,1863.7,81.775
6/12/19 12:22,75.074,37.8,1858.7,81.775
6/12/19 12:22,75.074,37.7,1853.7,81.775
6/12/19 12:22,75.029,37.6,1853.7,81.775
6/12/19 12:22,75.029,37.5,1853.7,81.775
6/12/19 12:22,75.029,37.5,1851.2,81.775
6/12/19 12:22,74.986,37.3,1848.7,81.775
6/12/19 12:22,74.986,37.2,1843.7,81.775
6/12/19 12:22,74.943,37.1,1833.7,81.775
6/12/19 12:22,74.943,37,1828.7,81.775
6/12/19 12:22,74.899,36.9,1821.2,81.775
6/12/19 12:22,74.899,36.9,1821.2,81.775
6/12/19 12:22,74.856,36.9,1821.2,81.775
6/12/19 12:22,74.856,36.9,1818.7,81.775
6/12/19 12:22,74.813,36.9,1823.7,81.775
6/12/19 12:22,74.813,36.9,1823.7,81.775
6/12/19 12:22,74.77,36.9,1826.2,81.775
6/12/19 12:22,74.727,37,1828.7,81.775
6/12/19 12:22,74.727,37,1833.7,81.775
6/12/19 12:22,74.727,37,1841.2,81.775
6/12/19 12:23,74.683,37.1,1843.7,81.775
6/12/19 12:23,74.683,37.1,1853.7,81.775
6/12/19 12:23,74.683,37.1,1853.7,81.775
6/12/19 12:23,74.64,37.1,1863.7,81.775
6/12/19 12:23,74.64,37.1,1863.7,81.775
6/12/19 12:23,74.597,37.1,1866.2,81.775
6/12/19 12:23,74.597,37.1,1873.7,81.775
6/12/19 12:23,74.597,37.1,1873.7,81.775
6/12/19 12:23,74.597,37.2,1873.7,81.775
6/12/19 12:23,74.554,37.3,1876.2,81.775
6/12/19 12:23,74.554,37.3,1873.7,81.775
6/12/19 12:23,74.554,37.4,1871.2,81.775
6/12/19 12:23,74.554,37.4,1873.7,81.775
6/12/19 12:23,74.511,37.4,1871.2,81.775
6/12/19 12:23,74.554,37.4,1868.7,81.775
6/12/19 12:23,74.511,37.4,1871.2,81.775
6/12/19 12:23,74.511,37.4,1873.7,81.775
6/12/19 12:23,74.511,37.4,1876.2,81.775
6/12/19 12:23,74.511,37.5,1883.7,81.775
6/12/19 12:23,74.511,37.5,1883.7,81.775
6/12/19 12:23,74.467,37.6,1888.7,81.775
6/12/19 12:23,74.467,37.6,1886.2,81.775
6/12/19 12:23,74.467,37.7,1891.2,81.775
6/12/19 12:23,74.467,37.7,1888.7,81.775
6/12/19 12:23,74.467,37.7,1886.2,81.775
6/12/19 12:23,74.467,37.7,1883.7,81.775
6/12/19 12:23,74.467,37.7,1881.2,81.775
6/12/19 12:23,74.467,37.7,1878.7,81.775
6/12/19 12:23,74.467,37.7,1881.2,81.775
6/12/19 12:23,74.424,37.7,1883.7,81.775
6/12/19 12:23,74.424,37.7,1886.2,81.775
6/12/19 12:23,74.424,37.6,1886.2,81.775
6/12/19 12:23,74.424,37.6,1881.2,81.775
6/12/19 12:23,74.424,37.6,1881.2,81.775
6/12/19 12:23,74.424,37.5,1881.2,81.775
6/12/19 12:23,74.424,37.5,1876.2,81.775
6/12/19 12:23,74.424,37.4,1871.2,81.775
6/12/19 12:23,74.424,37.4,1876.2,81.775
6/12/19 12:23,74.424,37.4,1881.2,81.775
6/12/19 12:23,74.424,37.5,1886.2,81.775
6/12/19 12:23,74.381,37.5,1883.7,81.775
6/12/19 12:23,74.424,37.5,1883.7,81.775
6/12/19 12:23,74.424,37.5,1891.2,81.775
6/12/19 12:23,74.381,37.6,1896.2,81.775
6/12/19 12:23,74.381,37.6,1906.2,81.775
6/12/19 12:23,74.381,37.6,1908.7,81.819
6/12/19 12:23,74.381,37.6,1908.7,81.819
6/12/19 12:23,74.381,37.6,1911.2,81.819
6/12/19 12:23,74.381,37.5,1916.2,81.819
6/12/19 12:23,74.381,37.5,1926.2,81.819
6/12/19 12:23,74.381,37.5,1926.2,81.775
6/12/19 12:23,74.381,37.5,1923.7,81.819
6/12/19 12:23,74.381,37.5,1926.2,81.819
6/12/19 12:23,74.381,37.5,1931.2,81.775
6/12/19 12:23,74.381,37.5,1928.7,81.819
6/12/19 12:23,74.381,37.5,1926.2,81.819
6/12/19 12:23,74.381,37.5,1931.2,81.819
6/12/19 12:23,74.381,37.5,1928.7,81.819
6/12/19 12:23,74.381,37.4,1933.7,81.819
6/12/19 12:23,74.381,37.4,1933.7,81.819
6/12/19 12:24,74.381,37.3,1931.2,81.819
6/12/19 12:24,74.381,37.3,1936.2,81.819
6/12/19 12:24,74.381,37.3,1928.7,81.819
6/12/19 12:24,74.381,37.3,1933.7,81.819
6/12/19 12:24,74.381,37.2,1928.7,81.819
6/12/19 12:24,74.381,37.2,1923.7,81.819
6/12/19 12:24,74.381,37.1,1921.2,81.819
6/12/19 12:24,74.381,37.1,1923.7,81.819
6/12/19 12:24,74.381,37.1,1928.7,81.819
6/12/19 12:24,74.381,37.1,1923.7,81.819
6/12/19 12:24,74.381,37.1,1926.2,81.819
6/12/19 12:24,74.381,37.1,1926.2,81.819
6/12/19 12:24,74.381,37.2,1923.7,81.819
6/12/19 12:24,74.381,37.2,1923.7,81.819
6/12/19 12:24,74.381,37.3,1926.2,81.819
6/12/19 12:24,74.381,37.3,1923.7,81.819
6/12/19 12:24,74.424,37.4,1918.7,81.819
6/12/19 12:24,74.424,37.4,1923.7,81.819
6/12/19 12:24,74.424,37.5,1921.2,81.819
6/12/19 12:24,74.424,37.5,1918.7,81.819
6/12/19 12:24,74.424,37.6,1916.2,81.819
6/12/19 12:24,74.424,37.7,1916.2,81.819
6/12/19 12:24,74.424,37.7,1921.2,81.819
6/12/19 12:24,74.424,37.7,1921.2,81.819
6/12/19 12:24,74.424,37.8,1926.2,81.819
6/12/19 12:24,74.424,37.9,1928.7,81.819
6/12/19 12:24,74.467,38,1928.7,81.819
6/12/19 12:24,74.467,38,1936.2,81.819
6/12/19 12:24,74.467,38.1,1938.7,81.819
6/12/19 12:24,74.467,38.2,1943.7,81.819
6/12/19 12:24,74.467,38.2,1948.7,81.819
6/12/19 12:24,74.467,38.2,1951.2,81.819
6/12/19 12:24,74.511,38.2,1953.7,81.864
6/12/19 12:24,74.511,38.2,1961.2,81.819
6/12/19 12:24,74.511,38.2,1963.7,81.819
6/12/19 12:24,74.511,38.2,1968.7,81.864
6/12/19 12:24,74.511,38.3,1958.7,81.864
6/12/19 12:24,74.511,38.4,1966.2,81.864
6/12/19 12:24,74.511,38.4,1971.2,81.864
6/12/19 12:24,74.554,38.5,1971.2,81.864
6/12/19 12:24,74.554,38.5,1971.2,81.864
6/12/19 12:24,74.554,38.6,1973.7,81.864
6/12/19 12:24,74.554,38.6,1973.7,81.864
6/12/19 12:24,74.597,38.7,1976.2,81.864
6/12/19 12:24,74.597,38.7,1978.7,81.864
6/12/19 12:24,74.597,38.8,1978.7,81.864
6/12/19 12:24,74.597,38.8,1978.7,81.864
6/12/19 12:24,74.597,38.9,1978.7,81.864
6/12/19 12:24,74.64,39,1981.2,81.864
6/12/19 12:24,74.64,39,1981.2,81.864
6/12/19 12:24,74.64,39,1983.7,81.864
6/12/19 12:24,74.683,39,1983.7,81.864
6/12/19 12:24,74.683,39,1981.2,81.864
6/12/19 12:24,74.683,39,1988.7,81.864
6/12/19 12:24,74.727,39,1986.2,81.864
6/12/19 12:24,74.727,38.9,1983.7,81.864
6/12/19 12:24,74.727,38.9,1986.2,81.864
6/12/19 12:24,74.727,38.8,1991.2,81.864
6/12/19 12:24,74.77,38.8,1991.2,81.864
6/12/19 12:24,74.77,38.7,1988.7,81.864
6/12/19 12:25,74.77,38.7,1986.2,81.864
6/12/19 12:25,74.77,38.7,1996.2,81.864
6/12/19 12:25,74.77,38.7,1993.7,81.864
6/12/19 12:25,74.77,38.7,1996.2,81.864
6/12/19 12:25,74.813,38.7,2001.2,81.864
6/12/19 12:25,74.813,38.7,1998.7,81.864
6/12/19 12:25,74.813,38.7,2001.2,81.864
6/12/19 12:25,74.813,38.6,2001.2,81.864
6/12/19 12:25,74.813,38.6,2001.2,81.864
6/12/19 12:25,74.856,38.7,2003.7,81.864
6/12/19 12:25,74.856,38.7,2003.7,81.864
6/12/19 12:25,74.856,38.7,2003.7,81.864
6/12/19 12:25,74.856,38.8,2001.2,81.864
6/12/19 12:25,74.856,38.7,2003.7,81.864
6/12/19 12:25,74.856,38.7,2001.2,81.864
6/12/19 12:25,74.899,38.8,2003.7,81.864
6/12/19 12:25,74.899,38.8,2011.2,81.864
6/12/19 12:25,74.899,38.7,2011.2,81.864
6/12/19 12:25,74.899,38.7,2006.2,81.864
6/12/19 12:25,74.899,38.6,2001.2,81.909
6/12/19 12:25,74.899,38.6,2003.7,81.909
6/12/19 12:25,74.899,38.6,2001.2,81.909
6/12/19 12:25,74.899,38.6,1998.7,81.909
6/12/19 12:25,74.899,38.5,2001.2,81.909
6/12/19 12:25,74.899,38.6,2001.2,81.909
6/12/19 12:25,74.943,38.6,2001.2,81.909
6/12/19 12:25,74.943,38.6,1998.7,81.909
6/12/19 12:25,74.943,38.6,1996.2,81.909
6/12/19 12:25,74.943,38.7,1996.2,81.909
6/12/19 12:25,74.943,38.7,1996.2,81.909
6/12/19 12:25,74.943,38.7,1993.7,81.909
6/12/19 12:25,74.943,38.8,1993.7,81.909
6/12/19 12:25,74.943,38.8,1986.2,81.909
6/12/19 12:25,74.943,38.8,1981.2,81.909
6/12/19 12:25,74.943,38.8,1976.2,81.909
6/12/19 12:25,74.986,38.8,1973.7,81.909
6/12/19 12:25,74.986,38.8,1971.2,81.909
6/12/19 12:25,74.986,38.7,1968.7,81.909
6/12/19 12:25,74.986,38.7,1968.7,81.909
6/12/19 12:25,74.986,38.6,1966.2,81.909
6/12/19 12:25,74.986,38.6,1976.2,81.909
6/12/19 12:25,74.986,38.5,1978.7,81.909
6/12/19 12:25,74.986,38.5,1978.7,81.909
6/12/19 12:25,74.986,38.5,1978.7,81.909
6/12/19 12:25,74.986,38.5,1976.2,81.909
6/12/19 12:25,74.986,38.5,1978.7,81.909
6/12/19 12:25,74.986,38.5,1976.2,81.909
6/12/19 12:25,74.986,38.5,1976.2,81.909
6/12/19 12:25,74.986,38.6,1978.7,81.909
6/12/19 12:25,74.986,38.6,1978.7,81.909
6/12/19 12:25,74.986,38.7,1981.2,81.909
6/12/19 12:25,75.029,38.6,1978.7,81.952
6/12/19 12:25,75.029,38.5,1981.2,81.909
6/12/19 12:25,75.029,38.4,1976.2,81.909
6/12/19 12:25,75.029,38.3,1976.2,81.952
6/12/19 12:25,75.029,38.3,1976.2,81.952
6/12/19 12:25,74.986,38.2,1973.7,81.952
6/12/19 12:25,74.986,38.1,1971.2,81.952
6/12/19 12:25,74.986,38,1973.7,81.952
6/12/19 12:25,74.986,37.9,1973.7,81.952
6/12/19 12:26,74.986,37.8,1966.2,81.952
6/12/19 12:26,74.986,37.8,1963.7,81.952
6/12/19 12:26,74.986,37.6,1961.2,81.952
6/12/19 12:26,74.943,37.6,1958.7,81.952
6/12/19 12:26,74.943,37.5,1953.7,81.952
6/12/19 12:26,74.943,37.4,1948.7,81.952
6/12/19 12:26,74.943,37.4,1941.2,81.952
6/12/19 12:26,74.943,37.4,1936.2,81.952
6/12/19 12:26,74.899,37.3,1933.7,81.952
6/12/19 12:26,74.899,37.3,1931.2,81.952
6/12/19 12:26,74.899,37.3,1931.2,81.952
6/12/19 12:26,74.899,37.2,1923.7,81.952
6/12/19 12:26,74.856,37.2,1918.7,81.952
6/12/19 12:26,74.856,37.2,1916.2,81.952
6/12/19 12:26,74.856,37.2,1906.2,81.952
6/12/19 12:26,74.856,37.2,1911.2,81.952
6/12/19 12:26,74.856,37.2,1906.2,81.952
6/12/19 12:26,74.813,37.2,1906.2,81.952
6/12/19 12:26,74.813,37.2,1903.7,81.952
6/12/19 12:26,74.813,37.2,1898.7,81.952
6/12/19 12:26,74.813,37.2,1898.7,81.952
6/12/19 12:26,74.813,37.2,1901.2,81.952
6/12/19 12:26,74.813,37.3,1903.7,81.952
6/12/19 12:26,74.813,37.3,1903.7,81.952
6/12/19 12:26,74.813,37.3,1903.7,81.952
6/12/19 12:26,74.77,37.4,1903.7,81.952
6/12/19 12:26,74.77,37.4,1908.7,81.952
6/12/19 12:26,74.77,37.4,1913.7,81.952
6/12/19 12:26,74.77,37.5,1918.7,81.952
6/12/19 12:26,74.77,37.5,1923.7,81.952
6/12/19 12:26,74.77,37.6,1926.2,81.952
6/12/19 12:26,74.77,37.7,1933.7,81.952
6/12/19 12:26,74.77,37.8,1933.7,81.952
6/12/19 12:26,74.77,37.8,1938.7,81.952
6/12/19 12:26,74.77,37.8,1943.7,81.952
6/12/19 12:26,74.77,37.8,1936.2,81.952
6/12/19 12:26,74.77,37.8,1943.7,81.952
6/12/19 12:26,74.77,37.8,1948.7,81.952
6/12/19 12:26,74.77,37.7,1946.2,81.997
6/12/19 12:26,74.77,37.7,1953.7,81.997
6/12/19 12:26,74.77,37.7,1956.2,81.997
6/12/19 12:26,74.77,37.7,1963.7,81.997
6/12/19 12:26,74.77,37.7,1963.7,81.997
6/12/19 12:26,74.77,37.7,1956.2,81.997
6/12/19 12:26,74.77,37.8,1971.2,81.997
6/12/19 12:26,74.77,37.8,1971.2,81.997
6/12/19 12:26,74.77,37.9,1968.7,81.997
6/12/19 12:26,74.77,38,1968.7,81.997
6/12/19 12:26,74.77,38.1,1966.2,81.997
6/12/19 12:26,74.77,38.1,1968.7,81.997
6/12/19 12:26,74.77,38.1,1966.2,81.997
6/12/19 12:26,74.77,38,1973.7,81.997
6/12/19 12:26,74.77,38,1973.7,81.997
6/12/19 12:26,74.77,38,1981.2,81.997
6/12/19 12:26,74.77,38,1983.7,81.997
6/12/19 12:26,74.77,38,1986.2,81.997
6/12/19 12:26,74.77,38,1991.2,81.997
6/12/19 12:26,74.77,38,1993.7,81.997
6/12/19 12:26,74.77,38,1996.2,81.997
6/12/19 12:26,74.727,38,1996.2,81.997
6/12/19 12:27,74.727,38,2001.2,81.997
6/12/19 12:27,74.727,38,2001.2,81.997
6/12/19 12:27,74.727,38.1,2003.7,81.997
6/12/19 12:27,74.727,38.1,2003.7,81.997
6/12/19 12:27,74.727,38.2,2003.7,81.997
6/12/19 12:27,74.727,38.2,2001.2,81.997
6/12/19 12:27,74.727,38.3,2001.2,81.997
6/12/19 12:27,74.727,38.3,2001.2,81.997
6/12/19 12:27,74.727,38.3,2001.2,81.997
6/12/19 12:27,74.727,38.3,2001.2,81.997
6/12/19 12:27,74.727,38.3,2006.2,81.997
6/12/19 12:27,74.727,38.2,2011.2,81.997
6/12/19 12:27,74.727,38.1,2013.7,81.997
6/12/19 12:27,74.727,38.1,2013.7,81.997
6/12/19 12:27,74.727,37.9,2016.2,81.997
6/12/19 12:27,74.727,37.8,2018.7,81.997
6/12/19 12:27,74.683,37.8,2018.7,81.997
6/12/19 12:27,74.683,37.6,2016.2,82.042
6/12/19 12:27,74.683,37.6,2013.7,82.042
6/12/19 12:27,74.683,37.5,2016.2,82.042
6/12/19 12:27,74.683,37.4,2013.7,82.042
6/12/19 12:27,74.683,37.3,2016.2,82.042
6/12/19 12:27,74.64,37.4,2016.2,82.042
6/12/19 12:27,74.64,37.4,2018.7,82.042
6/12/19 12:27,74.64,37.4,2013.7,82.042
6/12/19 12:27,74.64,37.4,2016.2,82.042
6/12/19 12:27,74.64,37.4,2018.7,81.997
6/12/19 12:27,74.597,37.4,2016.2,82.042
6/12/19 12:27,74.597,37.4,2013.7,82.042
6/12/19 12:27,74.597,37.3,2018.7,82.042
6/12/19 12:27,74.597,37.4,2016.2,82.042
6/12/19 12:27,74.554,37.3,2016.2,82.042
6/12/19 12:27,74.554,37.3,2013.7,82.042
6/12/19 12:27,74.554,37.2,2021.2,82.042
6/12/19 12:27,74.554,37.2,2018.7,82.042
6/12/19 12:27,74.511,37.2,2026.2,82.042
6/12/19 12:27,74.511,37.2,2023.7,82.042
6/12/19 12:27,74.511,37.2,2026.2,82.042
6/12/19 12:27,74.511,37.3,2018.7,82.042
6/12/19 12:27,74.467,37.3,2026.2,82.042
6/12/19 12:27,74.467,37.4,2018.7,82.042
6/12/19 12:27,74.467,37.5,2018.7,82.042
6/12/19 12:27,74.467,37.7,2023.7,82.042
6/12/19 12:27,74.467,37.8,2023.7,82.042
6/12/19 12:27,74.467,38,2023.7,82.042
6/12/19 12:27,74.467,38,2023.7,82.042
6/12/19 12:27,74.467,38,2021.2,82.042
6/12/19 12:27,74.467,37.9,2018.7,82.042
6/12/19 12:27,74.467,37.9,2018.7,82.042
6/12/19 12:27,74.424,37.8,2021.2,82.042
6/12/19 12:27,74.424,37.7,2021.2,82.042
6/12/19 12:27,74.424,37.7,2023.7,82.042
6/12/19 12:27,74.424,37.6,2021.2,82.042
6/12/19 12:27,74.424,37.5,2023.7,82.042
6/12/19 12:27,74.381,37.4,2023.7,82.042
6/12/19 12:27,74.381,37.4,2023.7,82.042
6/12/19 12:27,74.381,37.4,2026.2,82.042
6/12/19 12:27,74.381,37.4,2026.2,82.042
6/12/19 12:27,74.338,37.4,2023.7,82.042
6/12/19 12:27,74.338,37.4,2021.2,82.042
6/12/19 12:28,74.338,37.4,2016.2,82.042
6/12/19 12:28,74.338,37.4,2013.7,82.042
6/12/19 12:28,74.338,37.4,2018.7,82.042
6/12/19 12:28,74.295,37.4,2018.7,82.042
6/12/19 12:28,74.295,37.4,2018.7,82.042
6/12/19 12:28,74.295,37.4,2011.2,82.042
6/12/19 12:28,74.295,37.4,2011.2,82.042
6/12/19 12:28,74.25,37.3,2011.2,82.085
6/12/19 12:28,74.25,37.3,2011.2,82.085
6/12/19 12:28,74.25,37.3,2013.7,82.085
6/12/19 12:28,74.25,37.3,2011.2,82.085
6/12/19 12:28,74.25,37.4,2011.2,82.085
6/12/19 12:28,74.206,37.4,2006.2,82.042
6/12/19 12:28,74.206,37.3,2008.7,82.042
6/12/19 12:28,74.206,37.3,2006.2,82.085
6/12/19 12:28,74.206,37.3,2003.7,82.042
6/12/19 12:28,74.163,37.3,2003.7,82.085
6/12/19 12:28,74.163,37.3,1998.7,82.085
6/12/19 12:28,74.163,37.3,1998.7,82.085
6/12/19 12:28,74.163,37.3,1996.2,82.085
6/12/19 12:28,74.163,37.3,1991.2,82.085
6/12/19 12:28,74.12,37.3,2001.2,82.085
6/12/19 12:28,74.12,37.4,1998.7,82.085
6/12/19 12:28,74.12,37.3,1998.7,82.085
6/12/19 12:28,74.12,37.3,1996.2,82.085
6/12/19 12:28,74.12,37.4,1998.7,82.085
6/12/19 12:28,74.12,37.3,1996.2,82.085
6/12/19 12:28,74.12,37.4,1996.2,82.085
6/12/19 12:28,74.077,37.4,1996.2,82.085
6/12/19 12:28,74.077,37.4,1996.2,82.085
6/12/19 12:28,74.077,37.5,1993.7,82.085
6/12/19 12:28,74.077,37.5,1996.2,82.085
6/12/19 12:28,74.077,37.5,1993.7,82.085
6/12/19 12:28,74.077,37.5,1993.7,82.085
6/12/19 12:28,74.077,37.5,1991.2,82.085
6/12/19 12:28,74.077,37.5,1988.7,82.085
6/12/19 12:28,74.077,37.5,1988.7,82.085
6/12/19 12:28,74.077,37.4,1986.2,82.085
6/12/19 12:28,74.034,37.4,1978.7,82.085
6/12/19 12:28,74.034,37.4,1981.2,82.085
6/12/19 12:28,74.034,37.4,1981.2,82.085
6/12/19 12:28,74.034,37.4,1981.2,82.085
6/12/19 12:28,74.034,37.4,1978.7,82.085
6/12/19 12:28,74.034,37.4,1978.7,82.085
6/12/19 12:28,74.034,37.4,1971.2,82.085
6/12/19 12:28,73.99,37.5,1971.2,82.085
6/12/19 12:28,73.99,37.5,1976.2,82.085
6/12/19 12:28,73.99,37.5,1976.2,82.085
6/12/19 12:28,73.99,37.6,1973.7,82.085
6/12/19 12:28,73.99,37.7,1981.2,82.13
6/12/19 12:28,73.99,37.8,1971.2,82.13
6/12/19 12:28,73.99,38,1968.7,82.085
6/12/19 12:28,73.99,38.1,1966.2,82.13
6/12/19 12:28,73.99,38.2,1968.7,82.085
6/12/19 12:28,73.99,38.4,1963.7,82.13
6/12/19 12:28,73.99,38.6,1961.2,82.13
6/12/19 12:28,73.99,38.8,1956.2,82.13
6/12/19 12:28,74.034,39,1958.7,82.13
6/12/19 12:28,74.034,39.1,1958.7,82.13
6/12/19 12:28,74.034,39.1,1963.7,82.13
6/12/19 12:29,74.077,39.2,1961.2,82.13
6/12/19 12:29,74.077,39.4,1956.2,82.13
6/12/19 12:29,74.077,39.5,1953.7,82.13
6/12/19 12:29,74.077,39.5,1961.2,82.13
6/12/19 12:29,74.12,39.6,1961.2,82.13
6/12/19 12:29,74.12,39.6,1961.2,82.13
6/12/19 12:29,74.163,39.6,1963.7,82.13
6/12/19 12:29,74.163,39.4,1963.7,82.13
6/12/19 12:29,74.163,39.3,1968.7,82.13
6/12/19 12:29,74.206,39.2,1971.2,82.13
6/12/19 12:29,74.206,39.1,1973.7,82.13
6/12/19 12:29,74.206,39,1978.7,82.13
6/12/19 12:29,74.206,39,1983.7,82.13
6/12/19 12:29,74.206,38.9,1988.7,82.13
6/12/19 12:29,74.206,38.8,1983.7,82.13
6/12/19 12:29,74.206,38.8,1981.2,82.13
6/12/19 12:29,74.206,38.7,1981.2,82.13
6/12/19 12:29,74.206,38.7,1981.2,82.13
6/12/19 12:29,74.206,38.7,1986.2,82.13
6/12/19 12:29,74.206,38.7,1986.2,82.13
6/12/19 12:29,74.206,38.8,1986.2,82.13
6/12/19 12:29,74.206,38.8,1983.7,82.13
6/12/19 12:29,74.206,38.9,1986.2,82.13
6/12/19 12:29,74.206,39,1986.2,82.13
6/12/19 12:29,74.206,39.1,1983.7,82.13
6/12/19 12:29,74.206,39.1,1978.7,82.13
6/12/19 12:29,74.206,39.1,1978.7,82.13
6/12/19 12:29,74.25,39.1,1978.7,82.13
6/12/19 12:29,74.25,39.1,1983.7,82.13
6/12/19 12:29,74.25,39,1983.7,82.13
6/12/19 12:29,74.25,39,1981.2,82.13
6/12/19 12:29,74.25,38.9,1973.7,82.13
6/12/19 12:29,74.25,38.9,1971.2,82.13
6/12/19 12:29,74.25,38.8,1968.7,82.13
6/12/19 12:29,74.25,38.7,1963.7,82.13
6/12/19 12:29,74.25,38.6,1968.7,82.13
6/12/19 12:29,74.25,38.5,1968.7,82.175
6/12/19 12:29,74.25,38.4,1971.2,82.13
6/12/19 12:29,74.25,38.3,1966.2,82.13
6/12/19 12:29,74.25,38.3,1963.7,82.175
6/12/19 12:29,74.25,38.2,1966.2,82.13
6/12/19 12:29,74.25,38.2,1961.2,82.175
6/12/19 12:29,74.25,38.2,1963.7,82.175
6/12/19 12:29,74.25,38.1,1963.7,82.175
6/12/19 12:29,74.25,38.1,1968.7,82.175
6/12/19 12:29,74.206,38,1963.7,82.175
6/12/19 12:29,74.206,38,1966.2,82.13
6/12/19 12:29,74.206,37.9,1963.7,82.175
6/12/19 12:29,74.206,37.9,1963.7,82.175
6/12/19 12:29,74.163,37.9,1971.2,82.175
6/12/19 12:29,74.163,38,1976.2,82.175
6/12/19 12:29,74.163,38,1971.2,82.175
6/12/19 12:29,74.163,38.1,1968.7,82.175
6/12/19 12:29,74.163,38.1,1961.2,82.175
6/12/19 12:29,74.163,38.2,1971.2,82.175
6/12/19 12:29,74.163,38.2,1978.7,82.175
6/12/19 12:29,74.163,38.3,1971.2,82.175
6/12/19 12:29,74.163,38.3,1968.7,82.175
6/12/19 12:29,74.163,38.4,1968.7,82.175
6/12/19 12:29,74.163,38.4,1968.7,82.175
6/12/19 12:30,74.163,38.5,1968.7,82.175
6/12/19 12:30,74.163,38.5,1968.7,82.175
6/12/19 12:30,74.163,38.5,1966.2,82.175
6/12/19 12:30,74.163,38.5,1963.7,82.175
6/12/19 12:30,74.206,38.5,1963.7,82.175
6/12/19 12:30,74.206,38.5,1961.2,82.175
6/12/19 12:30,74.206,38.5,1953.7,82.175
6/12/19 12:30,74.206,38.5,1953.7,82.175
6/12/19 12:30,74.206,38.4,1951.2,82.175
6/12/19 12:30,74.206,38.4,1951.2,82.175
6/12/19 12:30,74.206,38.4,1948.7,82.175
6/12/19 12:30,74.206,38.3,1941.2,82.175
6/12/19 12:30,74.206,38.3,1941.2,82.175
6/12/19 12:30,74.206,38.2,1938.7,82.175
6/12/19 12:30,74.206,38.2,1941.2,82.175
6/12/19 12:30,74.206,38.2,1938.7,82.175
6/12/19 12:30,74.206,38.2,1938.7,82.175
6/12/19 12:30,74.206,38.2,1928.7,82.175
6/12/19 12:30,74.206,38.2,1926.2,82.175
6/12/19 12:30,74.206,38.2,1926.2,82.175
6/12/19 12:30,74.206,38.2,1926.2,82.175
6/12/19 12:30,74.206,38.2,1918.7,82.175
6/12/19 12:30,74.206,38.2,1893.7,82.175
6/12/19 12:30,74.206,38.2,1891.2,82.175
6/12/19 12:30,74.206,38.2,1901.2,82.175
6/12/19 12:30,74.206,38.2,1896.2,82.175
6/12/19 12:30,74.206,38.2,1861.2,82.175
6/12/19 12:30,74.206,38.2,1826.2,82.175
6/12/19 12:30,74.206,38.2,1806.2,82.175
6/12/19 12:30,74.206,38.3,1791.2,82.175
6/12/19 12:30,74.206,38.3,1766.2,82.175
6/12/19 12:30,74.206,38.3,1701.2,82.175
6/12/19 12:30,74.163,38.3,1653.7,82.175
6/12/19 12:30,74.163,38.4,1641.2,82.175
6/12/19 12:30,74.206,38.4,1623.7,82.175
6/12/19 12:30,74.206,38.5,1621.2,82.175
6/12/19 12:30,74.163,38.6,1611.2,82.175
6/12/19 12:30,74.206,38.7,1626.2,82.175
6/12/19 12:30,74.206,38.7,1726.2,82.175
6/12/19 12:30,74.206,38.8,1816.2,82.218
6/12/19 12:30,74.206,38.9,1863.7,82.218
6/12/19 12:30,74.206,39,1876.2,82.218
6/12/19 12:30,74.206,39,1866.2,82.218
6/12/19 12:30,74.25,39.1,1851.2,82.218
6/12/19 12:30,74.25,39.1,1846.2,82.218
6/12/19 12:30,74.25,39.1,1836.2,82.218
6/12/19 12:30,74.25,39.1,1838.7,82.218
6/12/19 12:30,74.295,39.1,1836.2,82.218
6/12/19 12:30,74.295,39.1,1798.7,82.218
6/12/19 12:30,74.295,39.1,1721.2,82.218
6/12/19 12:30,74.295,39.1,1728.7,82.218
6/12/19 12:30,74.338,39.1,1778.7,82.218
6/12/19 12:30,74.338,39.1,1761.2,82.218
6/12/19 12:30,74.338,39.1,1751.2,82.218
6/12/19 12:30,74.338,39.2,1738.7,82.218
6/12/19 12:30,74.381,39.2,1818.7,82.218
6/12/19 12:30,74.381,39.2,1886.2,82.218
6/12/19 12:30,74.381,39.2,1886.2,82.218
6/12/19 12:30,74.424,39.2,1891.2,82.218
6/12/19 12:30,74.424,39.2,1911.2,82.218
6/12/19 12:31,74.424,39.1,1916.2,82.218
6/12/19 12:31,74.424,39.1,1913.7,82.218
6/12/19 12:31,74.467,39.1,1918.7,82.218
6/12/19 12:31,74.467,39.1,1913.7,82.218
6/12/19 12:31,74.467,39.1,1918.7,82.218
6/12/19 12:31,74.467,39.1,1921.2,82.218
6/12/19 12:31,74.467,39.1,1936.2,82.218
6/12/19 12:31,74.467,39,1953.7,82.218
6/12/19 12:31,74.467,39,1958.7,82.218
6/12/19 12:31,74.511,39,1963.7,82.218
6/12/19 12:31,74.511,39,1951.2,82.218
6/12/19 12:31,74.511,38.9,1958.7,82.218
6/12/19 12:31,74.511,38.9,1961.2,82.218
6/12/19 12:31,74.511,38.8,1963.7,82.218
6/12/19 12:31,74.511,38.7,1963.7,82.218
6/12/19 12:31,74.511,38.7,1951.2,82.218
6/12/19 12:31,74.511,38.7,1953.7,82.218
6/12/19 12:31,74.511,38.8,1958.7,82.218
6/12/19 12:31,74.511,38.8,1948.7,82.218
6/12/19 12:31,74.511,38.9,1951.2,82.218
6/12/19 12:31,74.511,39,1961.2,82.218
6/12/19 12:31,74.511,39.1,1963.7,82.218
6/12/19 12:31,74.511,39.1,1951.2,82.218
6/12/19 12:31,74.554,39.3,1961.2,82.218
6/12/19 12:31,74.554,39.4,1953.7,82.218
6/12/19 12:31,74.554,39.4,1946.2,82.218
6/12/19 12:31,74.554,39.5,1941.2,82.218
6/12/19 12:31,74.554,39.6,1938.7,82.218
6/12/19 12:31,74.597,39.7,1933.7,82.218
6/12/19 12:31,74.597,39.6,1918.7,82.218
6/12/19 12:31,74.597,39.5,1931.2,82.263
6/12/19 12:31,74.64,39.5,1921.2,82.218
6/12/19 12:31,74.64,39.4,1923.7,82.263
6/12/19 12:31,74.64,39.4,1928.7,82.218
6/12/19 12:31,74.64,39.3,1916.2,82.263
6/12/19 12:31,74.64,39.4,1931.2,82.263
6/12/19 12:31,74.683,39.4,1928.7,82.218
6/12/19 12:31,74.683,39.4,1933.7,82.263
6/12/19 12:31,74.683,39.5,1921.2,82.263
6/12/19 12:31,74.683,39.5,1936.2,82.263
6/12/19 12:31,74.727,39.6,1918.7,82.263
6/12/19 12:31,74.727,39.7,1913.7,82.263
6/12/19 12:31,74.727,39.7,1916.2,82.263
6/12/19 12:31,74.727,39.8,1918.7,82.263
6/12/19 12:31,74.727,39.8,1913.7,82.263
6/12/19 12:31,74.77,39.9,1911.2,82.263
6/12/19 12:31,74.77,40,1908.7,82.263
6/12/19 12:31,74.813,40,1918.7,82.263
6/12/19 12:31,74.813,39.9,1916.2,82.263
6/12/19 12:31,74.813,40,1918.7,82.263
6/12/19 12:31,74.856,39.9,1918.7,82.263
6/12/19 12:31,74.856,39.9,1911.2,82.263
6/12/19 12:31,74.856,40,1916.2,82.263
6/12/19 12:31,74.899,40,1921.2,82.263
6/12/19 12:31,74.899,39.8,1913.7,82.263
6/12/19 12:31,74.899,39.8,1908.7,82.263
6/12/19 12:31,74.943,39.8,1908.7,82.263
6/12/19 12:31,74.943,39.8,1913.7,82.263
6/12/19 12:31,74.943,39.7,1911.2,82.263
6/12/19 12:31,74.986,39.6,1908.7,82.263
6/12/19 12:32,74.986,39.6,1903.7,82.263
6/12/19 12:32,74.986,39.6,1901.2,82.263
6/12/19 12:32,74.986,39.5,1896.2,82.263
6/12/19 12:32,75.029,39.5,1893.7,82.263
6/12/19 12:32,75.029,39.5,1898.7,82.263
6/12/19 12:32,75.029,39.5,1901.2,82.263
6/12/19 12:32,75.029,39.5,1903.7,82.263
6/12/19 12:32,75.074,39.5,1898.7,82.263
6/12/19 12:32,75.074,39.4,1898.7,82.308
6/12/19 12:32,75.074,39.3,1896.2,82.308
6/12/19 12:32,75.074,39.2,1903.7,82.308
6/12/19 12:32,75.074,39.2,1911.2,82.308
6/12/19 12:32,75.117,39.2,1916.2,82.308
6/12/19 12:32,75.117,39.1,1916.2,82.308
6/12/19 12:32,75.117,39.1,1926.2,82.308
6/12/19 12:32,75.117,39.1,1923.7,82.263
6/12/19 12:32,75.117,39.1,1928.7,82.308
6/12/19 12:32,75.16,39.1,1921.2,82.308
6/12/19 12:32,75.16,39.1,1926.2,82.308
6/12/19 12:32,75.16,39.1,1931.2,82.308
6/12/19 12:32,75.16,39.1,1933.7,82.308
6/12/19 12:32,75.16,39.1,1936.2,82.308
6/12/19 12:32,75.204,39.1,1938.7,82.308
6/12/19 12:32,75.204,39.1,1941.2,82.308
6/12/19 12:32,75.204,39.1,1941.2,82.308
6/12/19 12:32,75.204,39.1,1943.7,82.308
6/12/19 12:32,75.247,39.1,1946.2,82.308
6/12/19 12:32,75.247,39.1,1948.7,82.308
6/12/19 12:32,75.247,39.1,1938.7,82.308
6/12/19 12:32,75.29,39.2,1933.7,82.308
6/12/19 12:32,75.29,39.2,1948.7,82.308
6/12/19 12:32,75.29,39.2,1943.7,82.308
6/12/19 12:32,75.333,39.2,1938.7,82.308
6/12/19 12:32,75.333,39.2,1951.2,82.308
6/12/19 12:32,75.333,39.2,1951.2,82.308
6/12/19 12:32,75.333,39.2,1946.2,82.308
6/12/19 12:32,75.376,39.2,1943.7,82.308
6/12/19 12:32,75.376,39.2,1936.2,82.308
6/12/19 12:32,75.42,39.2,1941.2,82.308
6/12/19 12:32,75.42,39.2,1943.7,82.308
6/12/19 12:32,75.42,39.2,1941.2,82.308
6/12/19 12:32,75.463,39.2,1943.7,82.308
6/12/19 12:32,75.463,39.2,1943.7,82.308
6/12/19 12:32,75.463,39.2,1936.2,82.308
6/12/19 12:32,75.463,39.2,1936.2,82.308
6/12/19 12:32,75.508,39.2,1936.2,82.308
6/12/19 12:32,75.508,39.2,1938.7,82.308
6/12/19 12:32,75.551,39.1,1941.2,82.308
6/12/19 12:32,75.551,39.1,1943.7,82.308
6/12/19 12:32,75.551,39.1,1946.2,82.308
6/12/19 12:32,75.551,39.1,1948.7,82.353
6/12/19 12:32,75.594,39.1,1948.7,82.353
6/12/19 12:32,75.594,39,1946.2,82.308
6/12/19 12:32,75.594,39,1953.7,82.353
6/12/19 12:32,75.637,39,1948.7,82.353
6/12/19 12:32,75.637,39,1956.2,82.353
6/12/19 12:32,75.637,39.1,1961.2,82.353
6/12/19 12:32,75.637,39.1,1961.2,82.353
6/12/19 12:32,75.637,39.1,1961.2,82.353
6/12/19 12:32,75.681,39.1,1961.2,82.353
6/12/19 12:33,75.681,39.2,1963.7,82.353
6/12/19 12:33,75.724,39.2,1961.2,82.353
6/12/19 12:33,75.724,39.2,1953.7,82.353
6/12/19 12:33,75.724,39.4,1958.7,82.353
6/12/19 12:33,75.767,39.5,1956.2,82.353
6/12/19 12:33,75.767,39.6,1951.2,82.353
6/12/19 12:33,75.767,39.6,1951.2,82.353
6/12/19 12:33,75.81,39.6,1953.7,82.353
6/12/19 12:33,75.81,39.6,1966.2,82.353
6/12/19 12:33,75.853,39.6,1968.7,82.353
6/12/19 12:33,75.853,39.5,1961.2,82.353
6/12/19 12:33,75.898,39.5,1966.2,82.353
6/12/19 12:33,75.898,39.4,1973.7,82.353
6/12/19 12:33,75.898,39.4,1968.7,82.353
6/12/19 12:33,75.898,39.4,1968.7,82.353
6/12/19 12:33,75.942,39.3,1966.2,82.353
6/12/19 12:33,75.942,39.2,1976.2,82.353
6/12/19 12:33,75.942,39.2,1976.2,82.353
6/12/19 12:33,75.942,39.2,1968.7,82.353
6/12/19 12:33,75.985,39.1,1968.7,82.353
6/12/19 12:33,75.985,39,1976.2,82.353
6/12/19 12:33,75.985,38.9,1976.2,82.353
6/12/19 12:33,75.985,38.8,1978.7,82.353
6/12/19 12:33,75.985,38.7,1986.2,82.353
6/12/19 12:33,75.985,38.6,1991.2,82.353
6/12/19 12:33,75.985,38.5,1988.7,82.396
6/12/19 12:33,75.985,38.5,1988.7,82.353
6/12/19 12:33,75.985,38.5,1986.2,82.396
6/12/19 12:33,76.028,38.4,1988.7,82.396
6/12/19 12:33,76.028,38.4,1988.7,82.396
6/12/19 12:33,76.028,38.4,1991.2,82.396
6/12/19 12:33,76.028,38.4,1986.2,82.396
6/12/19 12:33,76.028,38.4,1983.7,82.396
6/12/19 12:33,76.028,38.4,1991.2,82.396
6/12/19 12:33,76.028,38.4,1991.2,82.396
6/12/19 12:33,76.028,38.4,1991.2,82.396
6/12/19 12:33,76.028,38.4,1991.2,82.396
6/12/19 12:33,76.028,38.4,1993.7,82.396
6/12/19 12:33,76.028,38.3,1991.2,82.396
6/12/19 12:33,76.028,38.3,1986.2,82.396
6/12/19 12:33,76.071,38.3,1993.7,82.396
6/12/19 12:33,76.071,38.3,1986.2,82.396
6/12/19 12:33,76.071,38.3,1983.7,82.396
6/12/19 12:33,76.071,38.3,1981.2,82.396
6/12/19 12:33,76.071,38.3,1978.7,82.396
6/12/19 12:33,76.071,38.3,1973.7,82.396
6/12/19 12:33,76.071,38.3,1976.2,82.396
6/12/19 12:33,76.071,38.3,1971.2,82.396
6/12/19 12:33,76.071,38.2,1968.7,82.396
6/12/19 12:33,76.071,38.1,1956.2,82.396
6/12/19 12:33,76.071,37.9,1956.2,82.396
6/12/19 12:33,76.071,37.8,1956.2,82.396
6/12/19 12:33,76.071,37.7,1958.7,82.396
6/12/19 12:33,76.071,37.6,1946.2,82.396
6/12/19 12:33,76.028,37.5,1948.7,82.396
6/12/19 12:33,76.028,37.5,1941.2,82.396
6/12/19 12:33,76.028,37.5,1938.7,82.396
6/12/19 12:33,75.985,37.5,1938.7,82.396
6/12/19 12:33,75.985,37.5,1958.7,82.396
6/12/19 12:33,75.985,37.5,1976.2,82.396
6/12/19 12:34,75.985,37.6,1981.2,82.396
6/12/19 12:34,75.942,37.6,1986.2,82.396
6/12/19 12:34,75.942,37.6,1996.2,82.396
6/12/19 12:34,75.942,37.6,1993.7,82.396
6/12/19 12:34,75.898,37.5,1993.7,82.396
6/12/19 12:34,75.898,37.5,1988.7,82.396
6/12/19 12:34,75.898,37.6,1988.7,82.396
6/12/19 12:34,75.853,37.7,1988.7,82.441
6/12/19 12:34,75.853,37.7,1983.7,82.441
6/12/19 12:34,75.853,37.7,1981.2,82.396
6/12/19 12:34,75.853,37.6,1983.7,82.441
6/12/19 12:34,75.81,37.5,1978.7,82.396
6/12/19 12:34,75.81,37.5,1966.2,82.441
6/12/19 12:34,75.81,37.4,1953.7,82.441
6/12/19 12:34,75.767,37.4,1946.2,82.441
6/12/19 12:34,75.767,37.4,1946.2,82.441
6/12/19 12:34,75.767,37.4,1933.7,82.441
6/12/19 12:34,75.724,37.4,1916.2,82.441
6/12/19 12:34,75.724,37.5,1916.2,82.441
6/12/19 12:34,75.724,37.5,1921.2,82.441
6/12/19 12:34,75.681,37.4,1933.7,82.441
6/12/19 12:34,75.681,37.4,1936.2,82.441
6/12/19 12:34,75.681,37.3,1926.2,82.441
6/12/19 12:34,75.637,37.2,1923.7,82.441
6/12/19 12:34,75.637,37.1,1938.7,82.441
6/12/19 12:34,75.594,36.9,1953.7,82.441
6/12/19 12:34,75.594,36.9,1956.2,82.441
6/12/19 12:34,75.551,36.9,1961.2,82.441
6/12/19 12:34,75.551,36.9,1956.2,82.441
6/12/19 12:34,75.508,36.9,1951.2,82.441
6/12/19 12:34,75.508,36.9,1953.7,82.441
6/12/19 12:34,75.463,36.9,1961.2,82.441
6/12/19 12:34,75.463,36.9,1963.7,82.441
6/12/19 12:34,75.42,37,1968.7,82.441
6/12/19 12:34,75.42,37,1973.7,82.441
6/12/19 12:34,75.376,36.9,1963.7,82.441
6/12/19 12:34,75.376,36.9,1963.7,82.441
6/12/19 12:34,75.333,36.9,1971.2,82.441
6/12/19 12:34,75.333,37.1,1961.2,82.441
6/12/19 12:34,75.29,37.1,1953.7,82.441
6/12/19 12:34,75.29,37.1,1961.2,82.441
6/12/19 12:34,75.29,37.1,1968.7,82.441
6/12/19 12:34,75.247,37.1,1978.7,82.441
6/12/19 12:34,75.247,37.1,1973.7,82.441
6/12/19 12:34,75.204,37.1,1968.7,82.441
6/12/19 12:34,75.204,37.1,1978.7,82.441
6/12/19 12:34,75.204,37,1976.2,82.441
6/12/19 12:34,75.16,37.1,1981.2,82.441
6/12/19 12:34,75.16,37.1,1988.7,82.441
6/12/19 12:34,75.117,37.1,1998.7,82.441
6/12/19 12:34,75.117,37.1,2006.2,82.441
6/12/19 12:34,75.117,37.1,2003.7,82.441
6/12/19 12:34,75.074,37.1,2003.7,82.441
6/12/19 12:34,75.074,37.2,2008.7,82.486
6/12/19 12:34,75.074,37.2,2011.2,82.441
6/12/19 12:34,75.029,37.2,2008.7,82.486
6/12/19 12:34,75.029,37.3,2008.7,82.486
6/12/19 12:34,75.029,37.3,2006.2,82.486
6/12/19 12:34,75.029,37.3,2013.7,82.486
6/12/19 12:34,74.986,37.3,2021.2,82.486
6/12/19 12:35,74.986,37.3,2023.7,82.486
6/12/19 12:35,74.986,37.3,2023.7,82.486
6/12/19 12:35,74.986,37.3,2028.7,82.486
6/12/19 12:35,74.943,37.3,2023.7,82.486
6/12/19 12:35,74.943,37.3,2026.2,82.486
6/12/19 12:35,74.943,37.2,2028.7,82.486
6/12/19 12:35,74.943,37.2,2028.7,82.486
6/12/19 12:35,74.943,37.2,2026.2,82.486
6/12/19 12:35,74.899,37.2,2023.7,82.486
6/12/19 12:35,74.899,37.3,2026.2,82.486
6/12/19 12:35,74.899,37.3,2021.2,82.486
6/12/19 12:35,74.899,37.4,2016.2,82.486
6/12/19 12:35,74.856,37.5,2021.2,82.486
6/12/19 12:35,74.856,37.5,2021.2,82.486
6/12/19 12:35,74.856,37.6,2021.2,82.486
6/12/19 12:35,74.856,37.6,2026.2,82.486
6/12/19 12:35,74.856,37.7,2021.2,82.486
6/12/19 12:35,74.856,37.7,2016.2,82.486
6/12/19 12:35,74.856,37.8,2018.7,82.486
6/12/19 12:35,74.856,37.8,2018.7,82.486
6/12/19 12:35,74.856,37.8,2011.2,82.486
6/12/19 12:35,74.856,37.8,2016.2,82.486
6/12/19 12:35,74.813,37.8,2016.2,82.486
6/12/19 12:35,74.813,37.8,2018.7,82.486
6/12/19 12:35,74.813,37.8,2013.7,82.486
6/12/19 12:35,74.813,37.8,2008.7,82.486
6/12/19 12:35,74.813,37.8,2001.2,82.486
6/12/19 12:35,74.813,37.8,1996.2,82.486
6/12/19 12:35,74.813,37.7,1986.2,82.486
6/12/19 12:35,74.77,37.7,1983.7,82.486
6/12/19 12:35,74.77,37.6,1986.2,82.486
6/12/19 12:35,74.77,37.6,1988.7,82.486
6/12/19 12:35,74.77,37.5,1991.2,82.486
6/12/19 12:35,74.77,37.5,2001.2,82.486
6/12/19 12:35,74.727,37.5,2003.7,82.486
6/12/19 12:35,74.727,37.5,2006.2,82.486
6/12/19 12:35,74.727,37.5,2008.7,82.486
6/12/19 12:35,74.727,37.5,2011.2,82.486
6/12/19 12:35,74.727,37.5,2011.2,82.486
6/12/19 12:35,74.727,37.6,2016.2,82.486
6/12/19 12:35,74.727,37.6,2016.2,82.486
6/12/19 12:35,74.727,37.7,2023.7,82.486
6/12/19 12:35,74.727,37.8,2023.7,82.53
6/12/19 12:35,74.727,37.8,2021.2,82.53
6/12/19 12:35,74.727,37.9,2023.7,82.53
6/12/19 12:35,74.727,37.9,2023.7,82.53
6/12/19 12:35,74.727,38,2036.2,82.53
6/12/19 12:35,74.727,38.1,2036.2,82.53
6/12/19 12:35,74.727,38.1,2033.7,82.53
6/12/19 12:35,74.727,38.1,2038.7,82.53
6/12/19 12:35,74.727,38.2,2028.7,82.53
6/12/19 12:35,74.727,38.2,2018.7,82.53
6/12/19 12:35,74.77,38.2,2016.2,82.53
6/12/19 12:35,74.77,38.3,2006.2,82.53
6/12/19 12:35,74.77,38.3,2008.7,82.53
6/12/19 12:35,74.77,38.3,2003.7,82.53
6/12/19 12:35,74.77,38.3,2001.2,82.53
6/12/19 12:35,74.77,38.3,1998.7,82.53
6/12/19 12:35,74.77,38.4,1988.7,82.53
6/12/19 12:35,74.813,38.4,1986.2,82.53
6/12/19 12:36,74.813,38.4,1963.7,82.53
6/12/19 12:36,74.813,38.4,1948.7,82.53
6/12/19 12:36,74.813,38.5,1938.7,82.53
6/12/19 12:36,74.813,38.5,1948.7,82.53
6/12/19 12:36,74.813,38.5,1926.2,82.53
6/12/19 12:36,74.856,38.5,1898.7,82.53
6/12/19 12:36,74.856,38.6,1876.2,82.53
6/12/19 12:36,74.856,38.6,1843.7,82.53
6/12/19 12:36,74.856,38.6,1816.2,82.53
6/12/19 12:36,74.856,38.6,1773.7,82.53
6/12/19 12:36,74.856,38.6,1723.7,82.53
6/12/19 12:36,74.856,38.6,1656.2,82.53
6/12/19 12:36,74.899,38.6,1583.7,82.53
6/12/19 12:36,74.899,38.6,1486.2,82.53
6/12/19 12:36,74.899,38.6,1398.7,82.53
6/12/19 12:36,74.899,38.7,1341.2,82.53
6/12/19 12:36,74.943,38.7,1308.7,82.53
6/12/19 12:36,74.943,38.7,1296.2,82.53
6/12/19 12:36,74.943,38.7,1313.7,82.575
6/12/19 12:36,74.943,38.6,1381.2,82.575
6/12/19 12:36,74.943,38.6,1461.2,82.575
6/12/19 12:36,74.943,38.5,1511.2,82.53
6/12/19 12:36,74.986,38.5,1561.2,82.575
6/12/19 12:36,74.986,38.5,1603.7,82.575
6/12/19 12:36,74.986,38.4,1623.7,82.575
6/12/19 12:36,74.986,38.4,1668.7,82.575
6/12/19 12:36,74.986,38.3,1753.7,82.53
6/12/19 12:36,74.986,38.3,1813.7,82.575
6/12/19 12:36,74.986,38.3,1856.2,82.575
6/12/19 12:36,74.986,38.3,1873.7,82.575
6/12/19 12:36,75.029,38.3,1866.2,82.575
6/12/19 12:36,75.029,38.3,1858.7,82.575
6/12/19 12:36,75.029,38.3,1868.7,82.575
6/12/19 12:36,75.029,38.3,1896.2,82.575
6/12/19 12:36,75.029,38.3,1913.7,82.575
6/12/19 12:36,75.029,38.3,1921.2,82.575
6/12/19 12:36,75.029,38.2,1933.7,82.575
6/12/19 12:36,75.029,38.2,1943.7,82.575
6/12/19 12:36,75.029,38.2,1951.2,82.575
6/12/19 12:36,75.074,38.2,1961.2,82.575
6/12/19 12:36,75.074,38.2,1968.7,82.575
6/12/19 12:36,75.074,38.3,1968.7,82.575
6/12/19 12:36,75.074,38.3,1973.7,82.575
6/12/19 12:36,75.074,38.3,1981.2,82.575
6/12/19 12:36,75.074,38.3,1978.7,82.575
6/12/19 12:36,75.074,38.3,1978.7,82.575
6/12/19 12:36,75.117,38.3,1986.2,82.575
6/12/19 12:36,75.117,38.3,2001.2,82.575
6/12/19 12:36,75.117,38.3,2006.2,82.575
6/12/19 12:36,75.117,38.3,2011.2,82.575
6/12/19 12:36,75.117,38.3,2013.7,82.575
6/12/19 12:36,75.117,38.3,2006.2,82.575
6/12/19 12:36,75.117,38.3,2001.2,82.575
6/12/19 12:36,75.117,38.3,1991.2,82.575
6/12/19 12:36,75.117,38.3,1991.2,82.575
6/12/19 12:36,75.16,38.3,2001.2,82.575
6/12/19 12:36,75.16,38.2,2001.2,82.575
6/12/19 12:36,75.16,38.2,2006.2,82.575
6/12/19 12:36,75.16,38.2,2003.7,82.575
6/12/19 12:36,75.16,38.2,2003.7,82.575
6/12/19 12:37,75.16,38.2,2008.7,82.575
6/12/19 12:37,75.16,38.2,2003.7,82.575
6/12/19 12:37,75.16,38.2,2006.2,82.575
6/12/19 12:37,75.16,38.2,2003.7,82.575
6/12/19 12:37,75.16,38.1,2003.7,82.575
6/12/19 12:37,75.204,38.1,2003.7,82.575
6/12/19 12:37,75.204,38.1,2006.2,82.575
6/12/19 12:37,75.204,38.1,2006.2,82.575
6/12/19 12:37,75.204,38.1,2006.2,82.575
6/12/19 12:37,75.204,38.1,2006.2,82.575
6/12/19 12:37,75.204,38.1,2011.2,82.575
6/12/19 12:37,75.204,38.1,2013.7,82.62
6/12/19 12:37,75.204,38.1,2013.7,82.575
6/12/19 12:37,75.204,38.1,2006.2,82.62
6/12/19 12:37,75.247,38,2001.2,82.62
6/12/19 12:37,75.247,38,2006.2,82.62
6/12/19 12:37,75.247,38,2006.2,82.62
6/12/19 12:37,75.247,38,2003.7,82.62
6/12/19 12:37,75.247,37.9,2008.7,82.62
6/12/19 12:37,75.247,37.9,2008.7,82.62
6/12/19 12:37,75.247,37.9,2001.2,82.62
6/12/19 12:37,75.247,37.9,2003.7,82.62
6/12/19 12:37,75.247,37.9,2008.7,82.62
6/12/19 12:37,75.247,37.9,2008.7,82.62
6/12/19 12:37,75.247,37.9,1998.7,82.62
6/12/19 12:37,75.247,37.9,1981.2,82.62
6/12/19 12:37,75.247,37.9,1963.7,82.62
6/12/19 12:37,75.247,37.9,1961.2,82.62
6/12/19 12:37,75.29,37.9,1973.7,82.62
6/12/19 12:37,75.29,37.9,1983.7,82.62
6/12/19 12:37,75.29,38,1981.2,82.62
6/12/19 12:37,75.29,38,1988.7,82.62
6/12/19 12:37,75.29,38,1991.2,82.62
6/12/19 12:37,75.29,38,1978.7,82.62
6/12/19 12:37,75.29,38,1973.7,82.62
6/12/19 12:37,75.333,38.1,1971.2,82.62
6/12/19 12:37,75.333,38.1,1968.7,82.62
6/12/19 12:37,75.333,38.1,1961.2,82.62
6/12/19 12:37,75.333,38.1,1948.7,82.665
6/12/19 12:37,75.333,38.1,1938.7,82.62
6/12/19 12:37,75.333,38.1,1936.2,82.62
6/12/19 12:37,75.376,38.1,1928.7,82.62
6/12/19 12:37,75.376,38.1,1921.2,82.62
6/12/19 12:37,75.376,38.1,1918.7,82.665
6/12/19 12:37,75.376,38.2,1928.7,82.665
6/12/19 12:37,75.376,38.2,1951.2,82.62
6/12/19 12:37,75.376,38.2,1953.7,82.665
6/12/19 12:37,75.376,38.2,1958.7,82.665
6/12/19 12:37,75.42,38.2,1948.7,82.665
6/12/19 12:37,75.42,38.2,1946.2,82.665
6/12/19 12:37,75.42,38.2,1966.2,82.665
6/12/19 12:37,75.42,38.2,1958.7,82.665
6/12/19 12:37,75.463,38.3,1961.2,82.665
6/12/19 12:37,75.463,38.3,1958.7,82.665
6/12/19 12:37,75.463,38.3,1953.7,82.665
6/12/19 12:37,75.463,38.3,1953.7,82.665
6/12/19 12:37,75.463,38.3,1953.7,82.665
6/12/19 12:37,75.508,38.4,1956.2,82.665
6/12/19 12:37,75.508,38.4,1963.7,82.665
6/12/19 12:37,75.508,38.4,1976.2,82.665
6/12/19 12:38,75.508,38.5,1983.7,82.665
6/12/19 12:38,75.551,38.5,1998.7,82.665
6/12/19 12:38,75.551,38.5,2008.7,82.665
6/12/19 12:38,75.551,38.5,2016.2,82.665
6/12/19 12:38,75.551,38.6,2016.2,82.665
6/12/19 12:38,75.551,38.6,2016.2,82.665
6/12/19 12:38,75.551,38.6,2006.2,82.665
6/12/19 12:38,75.594,38.6,1998.7,82.665
6/12/19 12:38,75.594,38.6,1996.2,82.665
6/12/19 12:38,75.594,38.6,1993.7,82.665
6/12/19 12:38,75.594,38.7,1998.7,82.665
6/12/19 12:38,75.594,38.7,1998.7,82.665
6/12/19 12:38,75.637,38.7,2013.7,82.665
6/12/19 12:38,75.637,38.6,2013.7,82.665
6/12/19 12:38,75.637,38.6,2013.7,82.665
6/12/19 12:38,75.637,38.5,2003.7,82.665
6/12/19 12:38,75.637,38.5,1991.2,82.665
6/12/19 12:38,75.637,38.5,1986.2,82.665
6/12/19 12:38,75.637,38.5,1988.7,82.665
6/12/19 12:38,75.637,38.5,1981.2,82.665
6/12/19 12:38,75.681,38.5,1988.7,82.665
6/12/19 12:38,75.681,38.5,2001.2,82.665
6/12/19 12:38,75.681,38.5,1998.7,82.665
6/12/19 12:38,75.681,38.5,2013.7,82.665
6/12/19 12:38,75.681,38.6,2018.7,82.665
6/12/19 12:38,75.724,38.6,2016.2,82.665
6/12/19 12:38,75.724,38.6,2018.7,82.665
6/12/19 12:38,75.724,38.6,2016.2,82.708
6/12/19 12:38,75.724,38.6,2006.2,82.708
6/12/19 12:38,75.767,38.6,1993.7,82.665
6/12/19 12:38,75.767,38.6,1986.2,82.708
6/12/19 12:38,75.767,38.6,1968.7,82.665
6/12/19 12:38,75.767,38.6,1948.7,82.708
6/12/19 12:38,75.767,38.6,1946.2,82.708
6/12/19 12:38,75.81,38.7,1951.2,82.708
6/12/19 12:38,75.81,38.7,1963.7,82.708
6/12/19 12:38,75.81,38.7,1981.2,82.708
6/12/19 12:38,75.853,38.7,1991.2,82.708
6/12/19 12:38,75.853,38.6,1996.2,82.708
6/12/19 12:38,75.853,38.6,1996.2,82.708
6/12/19 12:38,75.853,38.6,1996.2,82.708
6/12/19 12:38,75.898,38.6,2001.2,82.708
6/12/19 12:38,75.898,38.6,2003.7,82.708
6/12/19 12:38,75.898,38.5,2006.2,82.708
6/12/19 12:38,75.898,38.5,2003.7,82.708
6/12/19 12:38,75.898,38.5,2003.7,82.708
6/12/19 12:38,75.942,38.5,1998.7,82.708
6/12/19 12:38,75.942,38.5,1993.7,82.708
6/12/19 12:38,75.942,38.5,1983.7,82.708
6/12/19 12:38,75.942,38.5,1983.7,82.708
6/12/19 12:38,75.985,38.5,1978.7,82.708
6/12/19 12:38,75.985,38.5,1971.2,82.708
6/12/19 12:38,75.985,38.5,1966.2,82.708
6/12/19 12:38,75.985,38.5,1968.7,82.708
6/12/19 12:38,75.985,38.5,1973.7,82.708
6/12/19 12:38,75.985,38.5,1978.7,82.708
6/12/19 12:38,76.028,38.5,1968.7,82.708
6/12/19 12:38,76.028,38.4,1961.2,82.708
6/12/19 12:38,76.028,38.4,1963.7,82.708
6/12/19 12:38,76.028,38.4,1981.2,82.708
6/12/19 12:39,76.028,38.4,1993.7,82.708
6/12/19 12:39,76.071,38.4,2001.2,82.708
6/12/19 12:39,76.071,38.3,2003.7,82.708
6/12/19 12:39,76.071,38.3,1998.7,82.708
6/12/19 12:39,76.114,38.3,2008.7,82.753
6/12/19 12:39,76.114,38.3,2011.2,82.708
6/12/19 12:39,76.114,38.3,2021.2,82.753
6/12/19 12:39,76.114,38.3,2011.2,82.708
6/12/19 12:39,76.158,38.3,2003.7,82.708
6/12/19 12:39,76.158,38.3,2001.2,82.708
6/12/19 12:39,76.158,38.4,2011.2,82.753
6/12/19 12:39,76.158,38.5,2021.2,82.708
6/12/19 12:39,76.158,38.5,2028.7,82.753
6/12/19 12:39,76.203,38.7,2016.2,82.753
6/12/19 12:39,76.203,38.8,2021.2,82.753
6/12/19 12:39,76.203,38.9,2031.2,82.753
6/12/19 12:39,76.246,39,2038.7,82.753
6/12/19 12:39,76.246,39.1,2038.7,82.708
6/12/19 12:39,76.246,39.2,2028.7,82.753
6/12/19 12:39,76.246,39.2,2033.7,82.753
6/12/19 12:39,76.246,39.2,2028.7,82.753
6/12/19 12:39,76.289,39.3,2023.7,82.753
6/12/19 12:39,76.289,39.3,2011.2,82.753
6/12/19 12:39,76.332,39.4,2021.2,82.753
6/12/19 12:39,76.332,39.3,2013.7,82.753
6/12/19 12:39,76.332,39.3,2021.2,82.753
6/12/19 12:39,76.375,39.3,2043.7,82.753
6/12/19 12:39,76.375,39.3,2048.7,82.753
6/12/19 12:39,76.375,39.2,2053.7,82.753
6/12/19 12:39,76.375,39.2,2048.7,82.753
6/12/19 12:39,76.375,39.2,2046.2,82.753
6/12/19 12:39,76.419,39.1,2048.7,82.753
6/12/19 12:39,76.419,39.1,2043.7,82.753
6/12/19 12:39,76.419,39,2046.2,82.753
6/12/19 12:39,76.419,38.9,2053.7,82.753
6/12/19 12:39,76.419,38.8,2053.7,82.753
6/12/19 12:39,76.464,38.7,2058.7,82.753
6/12/19 12:39,76.419,38.6,2051.2,82.753
6/12/19 12:39,76.464,38.5,2046.2,82.753
6/12/19 12:39,76.419,38.4,2046.2,82.753
6/12/19 12:39,76.464,38.3,2046.2,82.753
6/12/19 12:39,76.419,38.1,2043.7,82.753
6/12/19 12:39,76.419,38,2048.7,82.753
6/12/19 12:39,76.419,37.9,2048.7,82.753
6/12/19 12:39,76.419,37.8,2051.2,82.753
6/12/19 12:39,76.419,37.7,2046.2,82.753
6/12/19 12:39,76.375,37.7,2043.7,82.753
6/12/19 12:39,76.375,37.7,2046.2,82.753
6/12/19 12:39,76.375,37.7,2038.7,82.753
6/12/19 12:39,76.375,37.6,2046.2,82.753
6/12/19 12:39,76.375,37.6,2041.2,82.753
6/12/19 12:39,76.375,37.6,2038.7,82.753
6/12/19 12:39,76.332,37.6,2036.2,82.753
6/12/19 12:39,76.332,37.6,2038.7,82.753
6/12/19 12:39,76.332,37.6,2038.7,82.753
6/12/19 12:39,76.332,37.7,2028.7,82.753
6/12/19 12:39,76.332,37.7,2033.7,82.753
6/12/19 12:39,76.289,37.8,2026.2,82.753
6/12/19 12:39,76.289,37.8,2023.7,82.753
6/12/19 12:39,76.289,37.9,2031.2,82.753
6/12/19 12:40,76.289,38,2021.2,82.753
6/12/19 12:40,76.289,38,1981.2,82.798
6/12/19 12:40,76.289,38.1,2016.2,82.753
6/12/19 12:40,76.289,38.1,2011.2,82.753
6/12/19 12:40,76.289,38.1,2003.7,82.753
6/12/19 12:40,76.289,38.2,2003.7,82.798
6/12/19 12:40,76.289,38.2,2001.2,82.798
6/12/19 12:40,76.289,38.2,1998.7,82.798
6/12/19 12:40,76.289,38.2,2013.7,82.798
6/12/19 12:40,76.289,38.2,2018.7,82.798
6/12/19 12:40,76.289,38.2,2018.7,82.798
6/12/19 12:40,76.289,38.2,2013.7,82.798
6/12/19 12:40,76.289,38.3,2028.7,82.798
6/12/19 12:40,76.289,38.3,2023.7,82.798
6/12/19 12:40,76.289,38.3,2021.2,82.798
6/12/19 12:40,76.289,38.3,2023.7,82.798
6/12/19 12:40,76.289,38.3,2016.2,82.798
6/12/19 12:40,76.289,38.3,2011.2,82.798
6/12/19 12:40,76.289,38.3,2021.2,82.798
6/12/19 12:40,76.289,38.3,2021.2,82.798
6/12/19 12:40,76.289,38.3,2028.7,82.798
6/12/19 12:40,76.289,38.3,2036.2,82.798
6/12/19 12:40,76.332,38.3,2041.2,82.798
6/12/19 12:40,76.289,38.3,2041.2,82.798
6/12/19 12:40,76.332,38.3,2041.2,82.798
6/12/19 12:40,76.332,38.3,2038.7,82.798
6/12/19 12:40,76.332,38.3,2033.7,82.798
6/12/19 12:40,76.332,38.3,2046.2,82.798
6/12/19 12:40,76.332,38.3,2036.2,82.798
6/12/19 12:40,76.332,38.2,2043.7,82.798
6/12/19 12:40,76.332,38.3,2026.2,82.798
6/12/19 12:40,76.332,38.3,2033.7,82.798
6/12/19 12:40,76.332,38.3,2023.7,82.798
6/12/19 12:40,76.332,38.3,2028.7,82.798
6/12/19 12:40,76.332,38.3,2021.2,82.798
6/12/19 12:40,76.332,38.3,2023.7,82.798
6/12/19 12:40,76.332,38.3,2028.7,82.798
6/12/19 12:40,76.332,38.3,2021.2,82.798
6/12/19 12:40,76.332,38.3,2031.2,82.798
6/12/19 12:40,76.332,38.3,2031.2,82.798
6/12/19 12:40,76.332,38.3,2028.7,82.798
6/12/19 12:40,76.332,38.3,2031.2,82.798
6/12/19 12:40,76.332,38.3,2023.7,82.798
6/12/19 12:40,76.375,38.3,2016.2,82.841
6/12/19 12:40,76.375,38.3,2011.2,82.798
6/12/19 12:40,76.375,38.3,1983.7,82.798
6/12/19 12:40,76.375,38.3,1968.7,82.841
6/12/19 12:40,76.375,38.4,1971.2,82.841
6/12/19 12:40,76.375,38.4,1973.7,82.841
6/12/19 12:40,76.375,38.4,1973.7,82.841
6/12/19 12:40,76.375,38.5,1968.7,82.841
6/12/19 12:40,76.419,38.5,2008.7,82.841
6/12/19 12:40,76.419,38.6,2008.7,82.841
6/12/19 12:40,76.419,38.6,2008.7,82.841
6/12/19 12:40,76.419,38.7,2008.7,82.841
6/12/19 12:40,76.464,38.8,2003.7,82.841
6/12/19 12:40,76.464,38.8,2001.2,82.841
6/12/19 12:40,76.464,38.8,1998.7,82.841
6/12/19 12:40,76.464,38.9,1993.7,82.841
6/12/19 12:40,76.464,38.9,1998.7,82.841
6/12/19 12:41,76.464,38.8,1996.2,82.841
6/12/19 12:41,76.507,38.6,1996.2,82.841
6/12/19 12:41,76.507,38.7,1986.2,82.841
6/12/19 12:41,76.507,38.6,1978.7,82.841
6/12/19 12:41,76.507,38.6,1976.2,82.841
6/12/19 12:41,76.507,38.6,1966.2,82.841
6/12/19 12:41,76.507,38.5,1961.2,82.841
6/12/19 12:41,76.507,38.5,1961.2,82.841
6/12/19 12:41,76.507,38.5,1958.7,82.841
6/12/19 12:41,76.507,38.4,1946.2,82.841
6/12/19 12:41,76.507,38.4,1941.2,82.841
6/12/19 12:41,76.507,38.4,1933.7,82.841
6/12/19 12:41,76.507,38.4,1928.7,82.841
6/12/19 12:41,76.55,38.4,1928.7,82.841
6/12/19 12:41,76.507,38.3,1926.2,82.841
6/12/19 12:41,76.507,38.2,1908.7,82.841
6/12/19 12:41,76.507,38.1,1891.2,82.841
6/12/19 12:41,76.507,38,1886.2,82.841
6/12/19 12:41,76.507,38,1878.7,82.841
6/12/19 12:41,76.507,37.9,1866.2,82.841
6/12/19 12:41,76.507,37.9,1863.7,82.841
6/12/19 12:41,76.464,37.9,1868.7,82.841
6/12/19 12:41,76.464,37.9,1873.7,82.841
6/12/19 12:41,76.464,37.8,1883.7,82.841
6/12/19 12:41,76.464,37.7,1891.2,82.841
6/12/19 12:41,76.464,37.8,1888.7,82.841
6/12/19 12:41,76.464,37.8,1893.7,82.841
6/12/19 12:41,76.464,37.8,1898.7,82.886
6/12/19 12:41,76.419,37.8,1911.2,82.886
6/12/19 12:41,76.419,37.9,1921.2,82.886
6/12/19 12:41,76.419,37.9,1926.2,82.886
6/12/19 12:41,76.419,37.9,1921.2,82.886
6/12/19 12:41,76.419,37.8,1918.7,82.886
6/12/19 12:41,76.419,37.8,1923.7,82.886
6/12/19 12:41,76.419,37.6,1921.2,82.886
6/12/19 12:41,76.419,37.7,1926.2,82.886
6/12/19 12:41,76.419,37.6,1926.2,82.886
6/12/19 12:41,76.419,37.6,1926.2,82.886
6/12/19 12:41,76.419,37.6,1926.2,82.886
6/12/19 12:41,76.419,37.7,1921.2,82.886
6/12/19 12:41,76.419,37.8,1933.7,82.886
6/12/19 12:41,76.375,37.8,1928.7,82.886
6/12/19 12:41,76.375,37.9,1936.2,82.886
6/12/19 12:41,76.375,37.9,1931.2,82.886
6/12/19 12:41,76.375,37.9,1928.7,82.886
6/12/19 12:41,76.375,38,1931.2,82.886
6/12/19 12:41,76.375,38.1,1936.2,82.886
6/12/19 12:41,76.375,38.2,1933.7,82.886
6/12/19 12:41,76.375,38.3,1933.7,82.886
6/12/19 12:41,76.375,38.3,1931.2,82.886
6/12/19 12:41,76.375,38.3,1936.2,82.886
6/12/19 12:41,76.375,38.4,1933.7,82.886
6/12/19 12:41,76.419,38.5,1931.2,82.886
6/12/19 12:41,76.419,38.6,1931.2,82.886
6/12/19 12:41,76.419,38.8,1926.2,82.886
6/12/19 12:41,76.419,39,1916.2,82.886
6/12/19 12:41,76.419,39.1,1916.2,82.886
6/12/19 12:41,76.419,39.2,1913.7,82.886
6/12/19 12:41,76.419,39.2,1918.7,82.886
6/12/19 12:41,76.464,39.1,1923.7,82.886
6/12/19 12:42,76.464,38.9,1921.2,82.886
6/12/19 12:42,76.464,38.8,1916.2,82.886
6/12/19 12:42,76.507,38.7,1913.7,82.886
6/12/19 12:42,76.507,38.6,1906.2,82.886
6/12/19 12:42,76.507,38.5,1893.7,82.886
6/12/19 12:42,76.507,38.5,1883.7,82.931
6/12/19 12:42,76.507,38.5,1878.7,82.931
6/12/19 12:42,76.507,38.5,1871.2,82.886
6/12/19 12:42,76.507,38.6,1866.2,82.886
6/12/19 12:42,76.507,38.4,1881.2,82.931
6/12/19 12:42,76.507,38.4,1886.2,82.886
6/12/19 12:42,76.507,38.3,1881.2,82.931
6/12/19 12:42,76.507,38.3,1871.2,82.886
6/12/19 12:42,76.507,38.3,1868.7,82.886
6/12/19 12:42,76.507,38.4,1876.2,82.931
6/12/19 12:42,76.464,38.4,1881.2,82.931
6/12/19 12:42,76.507,38.3,1881.2,82.931
6/12/19 12:42,76.464,38.3,1893.7,82.931
6/12/19 12:42,76.464,38.3,1881.2,82.886
6/12/19 12:42,76.464,38.3,1873.7,82.931
6/12/19 12:42,76.464,38.3,1873.7,82.931
6/12/19 12:42,76.464,38.4,1878.7,82.931
6/12/19 12:42,76.464,38.5,1873.7,82.931
6/12/19 12:42,76.464,38.6,1868.7,82.931
6/12/19 12:42,76.464,38.6,1868.7,82.931
6/12/19 12:42,76.464,38.7,1871.2,82.931
6/12/19 12:42,76.464,38.6,1868.7,82.931
6/12/19 12:42,76.464,38.6,1868.7,82.931
6/12/19 12:42,76.464,38.5,1858.7,82.931
6/12/19 12:42,76.464,38.5,1856.2,82.931
6/12/19 12:42,76.464,38.4,1866.2,82.931
6/12/19 12:42,76.464,38.4,1868.7,82.931
6/12/19 12:42,76.464,38.4,1863.7,82.931
6/12/19 12:42,76.464,38.3,1856.2,82.931
6/12/19 12:42,76.464,38.3,1848.7,82.931
6/12/19 12:42,76.464,38.2,1843.7,82.931
6/12/19 12:42,76.464,38.1,1848.7,82.931
6/12/19 12:42,76.464,37.9,1853.7,82.931
6/12/19 12:42,76.419,37.8,1856.2,82.931
6/12/19 12:42,76.419,37.7,1853.7,82.931
6/12/19 12:42,76.419,37.6,1853.7,82.931
6/12/19 12:42,76.419,37.5,1851.2,82.931
6/12/19 12:42,76.375,37.4,1843.7,82.931
6/12/19 12:42,76.375,37.4,1833.7,82.931
6/12/19 12:42,76.332,37.3,1826.2,82.931
6/12/19 12:42,76.332,37.2,1816.2,82.931
6/12/19 12:42,76.289,37.1,1813.7,82.931
6/12/19 12:42,76.289,37.1,1816.2,82.931
6/12/19 12:42,76.289,37.1,1813.7,82.931
6/12/19 12:42,76.246,37,1801.2,82.931
6/12/19 12:42,76.246,37,1776.2,82.931
6/12/19 12:42,76.203,37,1761.2,82.931
6/12/19 12:42,76.203,37,1758.7,82.931
6/12/19 12:42,76.203,37.1,1763.7,82.931
6/12/19 12:42,76.158,37.1,1766.2,82.931
6/12/19 12:42,76.158,37.1,1756.2,82.931
6/12/19 12:42,76.158,37.1,1741.2,82.931
6/12/19 12:42,76.114,37.1,1731.2,82.931
6/12/19 12:42,76.114,37.1,1731.2,82.931
6/12/19 12:42,76.114,37.2,1731.2,82.931
6/12/19 12:43,76.114,37.2,1728.7,82.931
6/12/19 12:43,76.114,37.2,1736.2,82.931
6/12/19 12:43,76.071,37.2,1743.7,82.931
6/12/19 12:43,76.071,37.3,1756.2,82.931
6/12/19 12:43,76.071,37.3,1758.7,82.931
6/12/19 12:43,76.071,37.3,1758.7,82.931
6/12/19 12:43,76.071,37.4,1758.7,82.931
6/12/19 12:43,76.071,37.5,1761.2,82.931
6/12/19 12:43,76.071,37.5,1768.7,82.931
6/12/19 12:43,76.071,37.4,1776.2,82.931
6/12/19 12:43,76.071,37.4,1768.7,82.931
6/12/19 12:43,76.071,37.4,1761.2,82.931
6/12/19 12:43,76.071,37.5,1758.7,82.931
6/12/19 12:43,76.071,37.5,1756.2,82.931
6/12/19 12:43,76.028,37.5,1761.2,82.931
6/12/19 12:43,76.028,37.5,1761.2,82.931
6/12/19 12:43,76.028,37.5,1751.2,82.976
6/12/19 12:43,76.028,37.5,1751.2,82.976
6/12/19 12:43,76.028,37.6,1753.7,82.931
6/12/19 12:43,76.028,37.6,1746.2,82.976
6/12/19 12:43,76.028,37.7,1721.2,82.976
6/12/19 12:43,76.028,37.7,1698.7,82.976
6/12/19 12:43,76.028,37.8,1691.2,82.976
6/12/19 12:43,76.028,37.8,1696.2,82.976
6/12/19 12:43,75.985,37.9,1698.7,82.976
6/12/19 12:43,75.985,37.9,1683.7,82.976
6/12/19 12:43,75.985,38,1663.7,82.976
6/12/19 12:43,75.985,38.1,1688.7,82.976
6/12/19 12:43,75.985,38.1,1713.7,82.976
6/12/19 12:43,75.985,38.1,1708.7,82.976
6/12/19 12:43,75.985,38.1,1696.2,82.976
6/12/19 12:43,75.985,38.1,1713.7,82.976
6/12/19 12:43,75.985,38.1,1743.7,82.976
6/12/19 12:43,75.985,38.1,1756.2,82.976
6/12/19 12:43,75.985,38,1773.7,82.976
6/12/19 12:43,75.985,38,1776.2,82.976
6/12/19 12:43,75.985,37.9,1791.2,82.976
6/12/19 12:43,75.942,37.9,1811.2,82.976
6/12/19 12:43,75.942,37.8,1826.2,82.976
6/12/19 12:43,75.942,37.8,1836.2,82.976
6/12/19 12:43,75.942,37.7,1836.2,82.976
6/12/19 12:43,75.942,37.6,1831.2,82.976
6/12/19 12:43,75.898,37.5,1823.7,82.976
6/12/19 12:43,75.898,37.5,1816.2,82.976
6/12/19 12:43,75.898,37.5,1811.2,82.976
6/12/19 12:43,75.898,37.5,1803.7,82.976
6/12/19 12:43,75.898,37.4,1801.2,82.976
6/12/19 12:43,75.853,37.4,1808.7,82.976
6/12/19 12:43,75.853,37.4,1788.7,82.976
6/12/19 12:43,75.853,37.4,1763.7,82.976
6/12/19 12:43,75.853,37.4,1773.7,82.976
6/12/19 12:43,75.853,37.4,1788.7,83.021
6/12/19 12:43,75.853,37.3,1798.7,82.976
6/12/19 12:43,75.853,37.3,1813.7,82.976
6/12/19 12:43,75.81,37.4,1818.7,82.976
6/12/19 12:43,75.81,37.4,1818.7,82.976
6/12/19 12:43,75.81,37.5,1836.2,82.976
6/12/19 12:43,75.81,37.5,1851.2,82.976
6/12/19 12:43,75.81,37.4,1853.7,83.021
6/12/19 12:43,75.81,37.4,1868.7,83.021
6/12/19 12:44,75.767,37.4,1866.2,83.021
6/12/19 12:44,75.767,37.4,1871.2,83.021
6/12/19 12:44,75.767,37.5,1878.7,83.021
6/12/19 12:44,75.767,37.5,1881.2,83.021
6/12/19 12:44,75.767,37.5,1883.7,83.021
6/12/19 12:44,75.767,37.5,1881.2,83.021
6/12/19 12:44,75.767,37.6,1876.2,83.021
6/12/19 12:44,75.767,37.6,1881.2,83.021
6/12/19 12:44,75.767,37.7,1883.7,83.021
6/12/19 12:44,75.767,37.8,1876.2,83.021
6/12/19 12:44,75.767,37.8,1876.2,83.021
6/12/19 12:44,75.767,37.8,1876.2,83.021
6/12/19 12:44,75.767,37.9,1881.2,83.021
6/12/19 12:44,75.767,37.9,1868.7,83.021
6/12/19 12:44,75.767,37.9,1866.2,83.021
6/12/19 12:44,75.767,37.9,1863.7,83.021
6/12/19 12:44,75.767,37.9,1871.2,83.021
6/12/19 12:44,75.767,37.8,1876.2,83.021
6/12/19 12:44,75.767,37.8,1868.7,83.021
6/12/19 12:44,75.767,37.8,1866.2,83.021
6/12/19 12:44,75.767,37.9,1866.2,83.021
6/12/19 12:44,75.767,38,1858.7,83.021
6/12/19 12:44,75.767,38.1,1866.2,83.021
6/12/19 12:44,75.81,38.1,1863.7,83.021
6/12/19 12:44,75.81,38.2,1856.2,83.021
6/12/19 12:44,75.81,38.2,1851.2,83.021
6/12/19 12:44,75.81,38.3,1848.7,83.021
6/12/19 12:44,75.81,38.2,1833.7,83.021
6/12/19 12:44,75.81,38.2,1823.7,83.021
6/12/19 12:44,75.81,38.2,1836.2,83.021
6/12/19 12:44,75.853,38.2,1846.2,83.021
6/12/19 12:44,75.853,38.2,1853.7,83.021
6/12/19 12:44,75.853,38.2,1856.2,83.021
6/12/19 12:44,75.853,38.1,1863.7,83.021
6/12/19 12:44,75.853,38.1,1871.2,83.021
6/12/19 12:44,75.853,38.1,1871.2,83.021
6/12/19 12:44,75.853,38.2,1881.2,83.021
6/12/19 12:44,75.853,38.2,1883.7,83.021
6/12/19 12:44,75.853,38.3,1878.7,83.021
6/12/19 12:44,75.853,38.3,1873.7,83.021
6/12/19 12:44,75.898,38.4,1878.7,83.021
6/12/19 12:44,75.898,38.5,1886.2,83.021
6/12/19 12:44,75.898,38.5,1888.7,83.021
6/12/19 12:44,75.898,38.6,1891.2,83.021
6/12/19 12:44,75.898,38.7,1883.7,83.021
6/12/19 12:44,75.898,38.8,1888.7,83.064
6/12/19 12:44,75.942,38.9,1893.7,83.021
6/12/19 12:44,75.942,38.9,1906.2,83.064
6/12/19 12:44,75.942,39,1921.2,83.064
6/12/19 12:44,75.942,39,1918.7,83.021
6/12/19 12:44,75.985,39.1,1913.7,83.064
6/12/19 12:44,75.985,39.1,1916.2,83.064
6/12/19 12:44,75.985,39.1,1923.7,83.064
6/12/19 12:44,75.985,39.1,1938.7,83.064
6/12/19 12:44,76.028,39,1963.7,83.064
6/12/19 12:44,76.028,39,1978.7,83.064
6/12/19 12:44,76.028,39,1988.7,83.064
6/12/19 12:44,76.028,39,1988.7,83.064
6/12/19 12:44,76.071,39,1981.2,83.064
6/12/19 12:44,76.071,38.9,1968.7,83.064
6/12/19 12:45,76.071,38.9,1953.7,83.064
6/12/19 12:45,76.071,38.9,1961.2,83.064
6/12/19 12:45,76.071,38.9,1963.7,83.064
6/12/19 12:45,76.071,38.9,1953.7,83.064
6/12/19 12:45,76.071,38.9,1948.7,83.064
6/12/19 12:45,76.114,38.9,1946.2,83.064
6/12/19 12:45,76.114,38.8,1931.2,83.064
6/12/19 12:45,76.114,38.8,1928.7,83.064
6/12/19 12:45,76.114,38.8,1941.2,83.064
6/12/19 12:45,76.114,38.8,1948.7,83.064
6/12/19 12:45,76.114,38.8,1921.2,83.064
6/12/19 12:45,76.114,38.8,1888.7,83.064
6/12/19 12:45,76.114,38.8,1876.2,83.064
6/12/19 12:45,76.158,38.8,1866.2,83.064
6/12/19 12:45,76.158,38.7,1868.7,83.064
6/12/19 12:45,76.158,38.7,1866.2,83.064
6/12/19 12:45,76.158,38.7,1853.7,83.064
6/12/19 12:45,76.158,38.6,1868.7,83.064
6/12/19 12:45,76.158,38.6,1901.2,83.109
6/12/19 12:45,76.158,38.6,1958.7,83.064
6/12/19 12:45,76.158,38.6,1968.7,83.064
6/12/19 12:45,76.158,38.6,1966.2,83.064
6/12/19 12:45,76.158,38.7,1933.7,83.109
6/12/19 12:45,76.158,38.7,1938.7,83.109
6/12/19 12:45,76.158,38.7,1961.2,83.109
6/12/19 12:45,76.203,38.7,1946.2,83.109
6/12/19 12:45,76.158,38.7,1933.7,83.064
6/12/19 12:45,76.203,38.6,1943.7,83.109
6/12/19 12:45,76.158,38.6,1961.2,83.109
6/12/19 12:45,76.203,38.5,1961.2,83.109
6/12/19 12:45,76.203,38.5,1968.7,83.109
6/12/19 12:45,76.203,38.4,1971.2,83.109
6/12/19 12:45,76.203,38.3,1971.2,83.109
6/12/19 12:45,76.203,38.3,1968.7,83.109
6/12/19 12:45,76.158,38.3,1963.7,83.109
6/12/19 12:45,76.158,38.3,1951.2,83.109
6/12/19 12:45,76.158,38.2,1951.2,83.109
6/12/19 12:45,76.158,38.2,1968.7,83.109
6/12/19 12:45,76.158,38.1,1983.7,83.109
6/12/19 12:45,76.158,38.1,1978.7,83.109
6/12/19 12:45,76.158,38.1,1981.2,83.109
6/12/19 12:45,76.158,38.1,1978.7,83.109
6/12/19 12:45,76.158,38,1978.7,83.109
6/12/19 12:45,76.158,38,1971.2,83.109
6/12/19 12:45,76.158,37.9,1973.7,83.109
6/12/19 12:45,76.114,37.9,1978.7,83.109
6/12/19 12:45,76.158,37.9,1973.7,83.109
6/12/19 12:45,76.114,37.9,1966.2,83.109
6/12/19 12:45,76.114,37.9,1963.7,83.109
6/12/19 12:45,76.114,37.9,1956.2,83.109
6/12/19 12:45,76.114,37.9,1951.2,83.109
6/12/19 12:45,76.114,37.9,1943.7,83.109
6/12/19 12:45,76.114,37.8,1938.7,83.109
6/12/19 12:45,76.114,37.8,1923.7,83.109
6/12/19 12:45,76.071,37.8,1911.2,83.109
6/12/19 12:45,76.071,37.8,1903.7,83.109
6/12/19 12:45,76.071,37.8,1898.7,83.109
6/12/19 12:45,76.071,37.8,1903.7,83.109
6/12/19 12:45,76.071,37.7,1906.2,83.109
6/12/19 12:45,76.071,37.7,1896.2,83.109
6/12/19 12:46,76.028,37.7,1898.7,83.109
6/12/19 12:46,76.028,37.7,1898.7,83.109
6/12/19 12:46,76.028,37.7,1898.7,83.109
6/12/19 12:46,76.028,37.8,1901.2,83.109
6/12/19 12:46,76.028,37.8,1906.2,83.109
6/12/19 12:46,76.028,37.9,1906.2,83.109
6/12/19 12:46,76.028,38,1893.7,83.109
6/12/19 12:46,76.028,38.1,1893.7,83.154
6/12/19 12:46,75.985,38.3,1903.7,83.154
6/12/19 12:46,75.985,38.3,1913.7,83.154
6/12/19 12:46,75.985,38.4,1916.2,83.154
6/12/19 12:46,76.028,38.5,1923.7,83.154
6/12/19 12:46,76.028,38.6,1923.7,83.154
6/12/19 12:46,76.028,38.7,1923.7,83.154
6/12/19 12:46,76.028,38.7,1926.2,83.154
6/12/19 12:46,76.028,38.7,1923.7,83.154
6/12/19 12:46,76.028,38.7,1921.2,83.154
6/12/19 12:46,76.028,38.6,1918.7,83.154
6/12/19 12:46,76.028,38.6,1913.7,83.154
6/12/19 12:46,76.028,38.5,1911.2,83.154
6/12/19 12:46,76.028,38.3,1908.7,83.154
6/12/19 12:46,76.028,38.3,1911.2,83.154
6/12/19 12:46,76.028,38.1,1913.7,83.154
6/12/19 12:46,75.985,37.9,1911.2,83.154
6/12/19 12:46,75.985,37.8,1896.2,83.154
6/12/19 12:46,75.985,37.7,1896.2,83.154
6/12/19 12:46,75.942,37.6,1901.2,83.154
6/12/19 12:46,75.942,37.5,1896.2,83.154
6/12/19 12:46,75.898,37.5,1893.7,83.154
6/12/19 12:46,75.898,37.5,1896.2,83.154
6/12/19 12:46,75.853,37.5,1901.2,83.154
6/12/19 12:46,75.853,37.5,1901.2,83.154
6/12/19 12:46,75.81,37.5,1898.7,83.154
6/12/19 12:46,75.81,37.6,1891.2,83.154
6/12/19 12:46,75.81,37.6,1893.7,83.154
6/12/19 12:46,75.767,37.7,1901.2,83.154
6/12/19 12:46,75.767,37.8,1898.7,83.154
6/12/19 12:46,75.724,37.8,1893.7,83.154
6/12/19 12:46,75.724,37.8,1896.2,83.154
6/12/19 12:46,75.724,37.9,1886.2,83.154
6/12/19 12:46,75.724,38,1863.7,83.154
6/12/19 12:46,75.724,38.1,1836.2,83.154
6/12/19 12:46,75.724,38.1,1821.2,83.154
6/12/19 12:46,75.724,38.2,1793.7,83.154
6/12/19 12:46,75.724,38.3,1781.2,83.154
6/12/19 12:46,75.724,38.3,1778.7,83.199
6/12/19 12:46,75.724,38.4,1786.2,83.154
6/12/19 12:46,75.724,38.4,1791.2,83.154
6/12/19 12:46,75.724,38.5,1761.2,83.199
6/12/19 12:46,75.724,38.6,1736.2,83.199
6/12/19 12:46,75.724,38.6,1758.7,83.199
6/12/19 12:46,75.724,38.6,1731.2,83.199
6/12/19 12:46,75.724,38.6,1696.2,83.154
6/12/19 12:46,75.724,38.6,1676.2,83.199
6/12/19 12:46,75.724,38.5,1693.7,83.199
6/12/19 12:46,75.724,38.5,1718.7,83.199
6/12/19 12:46,75.724,38.5,1743.7,83.199
6/12/19 12:46,75.724,38.4,1788.7,83.199
6/12/19 12:46,75.724,38.3,1813.7,83.199
6/12/19 12:46,75.724,38.3,1848.7,83.199
6/12/19 12:47,75.724,38.3,1856.2,83.199
6/12/19 12:47,75.724,38.3,1866.2,83.199
6/12/19 12:47,75.724,38.3,1883.7,83.199
6/12/19 12:47,75.724,38.3,1903.7,83.199
6/12/19 12:47,75.724,38.3,1911.2,83.199
6/12/19 12:47,75.767,38.3,1923.7,83.199
6/12/19 12:47,75.724,38.3,1933.7,83.199
6/12/19 12:47,75.724,38.3,1931.2,83.199
6/12/19 12:47,75.724,38.3,1933.7,83.199
6/12/19 12:47,75.767,38.4,1941.2,83.199
6/12/19 12:47,75.767,38.4,1943.7,83.199
6/12/19 12:47,75.767,38.5,1941.2,83.199
6/12/19 12:47,75.767,38.5,1936.2,83.199
6/12/19 12:47,75.767,38.5,1943.7,83.199
6/12/19 12:47,75.767,38.5,1948.7,83.199
6/12/19 12:47,75.767,38.5,1946.2,83.199
6/12/19 12:47,75.767,38.6,1951.2,83.199
6/12/19 12:47,75.767,38.6,1948.7,83.199
6/12/19 12:47,75.767,38.6,1948.7,83.199
6/12/19 12:47,75.767,38.7,1946.2,83.199
6/12/19 12:47,75.767,38.8,1943.7,83.199
6/12/19 12:47,75.767,39,1938.7,83.199
6/12/19 12:47,75.81,39.1,1938.7,83.199
6/12/19 12:47,75.81,39.1,1923.7,83.199
6/12/19 12:47,75.81,39,1911.2,83.199
6/12/19 12:47,75.81,38.9,1918.7,83.199
6/12/19 12:47,75.81,38.9,1938.7,83.199
6/12/19 12:47,75.81,38.8,1946.2,83.199
6/12/19 12:47,75.81,38.7,1946.2,83.199
6/12/19 12:47,75.81,38.6,1948.7,83.199
6/12/19 12:47,75.81,38.5,1953.7,83.199
6/12/19 12:47,75.81,38.4,1958.7,83.199
6/12/19 12:47,75.81,38.3,1958.7,83.199
6/12/19 12:47,75.767,38.3,1956.2,83.199
6/12/19 12:47,75.767,38.3,1951.2,83.199
6/12/19 12:47,75.767,38.3,1948.7,83.199
6/12/19 12:47,75.767,38.3,1953.7,83.199
6/12/19 12:47,75.767,38.3,1961.2,83.199
6/12/19 12:47,75.724,38.3,1958.7,83.199
6/12/19 12:47,75.724,38.3,1956.2,83.199
6/12/19 12:47,75.724,38.2,1956.2,83.242
6/12/19 12:47,75.724,38.2,1953.7,83.242
6/12/19 12:47,75.724,38.1,1951.2,83.242
6/12/19 12:47,75.681,38,1948.7,83.242
6/12/19 12:47,75.681,37.9,1938.7,83.242
6/12/19 12:47,75.681,37.7,1926.2,83.242
6/12/19 12:47,75.637,37.6,1926.2,83.242
6/12/19 12:47,75.594,37.4,1933.7,83.242
6/12/19 12:47,75.594,37.4,1933.7,83.242
6/12/19 12:47,75.551,37.3,1936.2,83.242
6/12/19 12:47,75.551,37.3,1933.7,83.242
6/12/19 12:47,75.508,37.3,1928.7,83.242
6/12/19 12:47,75.463,37.4,1918.7,83.242
6/12/19 12:47,75.463,37.4,1916.2,83.242
6/12/19 12:47,75.42,37.3,1913.7,83.242
6/12/19 12:47,75.376,37.3,1916.2,83.242
6/12/19 12:47,75.376,37.3,1913.7,83.242
6/12/19 12:47,75.333,37.3,1918.7,83.242
6/12/19 12:47,75.333,37.3,1921.2,83.242
6/12/19 12:47,75.29,37.3,1916.2,83.242
6/12/19 12:48,75.29,37.3,1918.7,83.242
6/12/19 12:48,75.247,37.4,1911.2,83.242
6/12/19 12:48,75.204,37.4,1911.2,83.242
6/12/19 12:48,75.204,37.4,1908.7,83.242
6/12/19 12:48,75.16,37.4,1908.7,83.242
6/12/19 12:48,75.16,37.4,1906.2,83.242
6/12/19 12:48,75.117,37.4,1908.7,83.242
6/12/19 12:48,75.117,37.4,1908.7,83.242
6/12/19 12:48,75.074,37.3,1906.2,83.242
6/12/19 12:48,75.074,37.3,1908.7,83.242
6/12/19 12:48,75.029,37.3,1913.7,83.242
6/12/19 12:48,75.029,37.3,1916.2,83.242
6/12/19 12:48,74.986,37.4,1913.7,83.242
6/12/19 12:48,74.986,37.4,1911.2,83.242
6/12/19 12:48,74.943,37.4,1911.2,83.242
6/12/19 12:48,74.943,37.4,1911.2,83.242
6/12/19 12:48,74.899,37.3,1908.7,83.242
6/12/19 12:48,74.899,37.3,1906.2,83.242
6/12/19 12:48,74.856,37.3,1903.7,83.242
6/12/19 12:48,74.856,37.3,1901.2,83.242
6/12/19 12:48,74.813,37.3,1891.2,83.242
6/12/19 12:48,74.813,37.4,1883.7,83.242
6/12/19 12:48,74.77,37.3,1873.7,83.242
6/12/19 12:48,74.77,37.4,1883.7,83.242
6/12/19 12:48,74.727,37.3,1896.2,83.242
6/12/19 12:48,74.727,37.3,1896.2,83.242
6/12/19 12:48,74.683,37.3,1896.2,83.242
6/12/19 12:48,74.683,37.2,1901.2,83.242
6/12/19 12:48,74.64,37.2,1898.7,83.242
6/12/19 12:48,74.597,37.2,1898.7,83.242
6/12/19 12:48,74.597,37.1,1898.7,83.242
6/12/19 12:48,74.554,37.1,1896.2,83.242
6/12/19 12:48,74.554,37.1,1898.7,83.242
6/12/19 12:48,74.511,37.1,1896.2,83.242
6/12/19 12:48,74.511,37.1,1893.7,83.242
6/12/19 12:48,74.467,37.1,1891.2,83.242
6/12/19 12:48,74.467,37.1,1893.7,83.242
6/12/19 12:48,74.424,37.1,1898.7,83.242
6/12/19 12:48,74.381,37.2,1901.2,83.242
6/12/19 12:48,74.381,37.3,1903.7,83.242
6/12/19 12:48,74.381,37.4,1901.2,83.287
6/12/19 12:48,74.338,37.3,1903.7,83.242
6/12/19 12:48,74.338,37.3,1908.7,83.242
6/12/19 12:48,74.295,37.3,1911.2,83.242
6/12/19 12:48,74.295,37.3,1916.2,83.242
6/12/19 12:48,74.25,37.3,1918.7,83.242
6/12/19 12:48,74.25,37.3,1918.7,83.242
6/12/19 12:48,74.25,37.3,1916.2,83.242
6/12/19 12:48,74.206,37.4,1916.2,83.242
6/12/19 12:48,74.206,37.3,1918.7,83.287
6/12/19 12:48,74.163,37.3,1921.2,83.287
6/12/19 12:48,74.163,37.4,1916.2,83.242
6/12/19 12:48,74.163,37.4,1921.2,83.287
6/12/19 12:48,74.12,37.5,1918.7,83.287
6/12/19 12:48,74.12,37.6,1916.2,83.287
6/12/19 12:48,74.12,37.6,1916.2,83.287
6/12/19 12:48,74.077,37.7,1916.2,83.287
6/12/19 12:48,74.077,37.7,1913.7,83.287
6/12/19 12:48,74.077,37.7,1911.2,83.287
6/12/19 12:48,74.077,37.7,1911.2,83.287
6/12/19 12:49,74.034,37.7,1911.2,83.287
6/12/19 12:49,74.034,37.8,1913.7,83.287
6/12/19 12:49,73.99,37.9,1911.2,83.287
6/12/19 12:49,73.99,38,1906.2,83.287
6/12/19 12:49,73.99,38.1,1903.7,83.287
6/12/19 12:49,73.99,38.2,1903.7,83.287
6/12/19 12:49,73.99,38.2,1903.7,83.287
6/12/19 12:49,73.99,38.2,1903.7,83.287
6/12/19 12:49,73.99,38.2,1903.7,83.287
6/12/19 12:49,73.947,38.2,1903.7,83.287
6/12/19 12:49,73.947,38.3,1906.2,83.287
6/12/19 12:49,73.947,38.3,1906.2,83.287
6/12/19 12:49,73.947,38.4,1906.2,83.287
6/12/19 12:49,73.947,38.4,1901.2,83.287
6/12/19 12:49,73.947,38.5,1898.7,83.287
6/12/19 12:49,73.904,38.6,1898.7,83.287
6/12/19 12:49,73.904,38.7,1898.7,83.287
6/12/19 12:49,73.904,38.8,1898.7,83.287
6/12/19 12:49,73.904,38.8,1893.7,83.287
6/12/19 12:49,73.904,38.7,1891.2,83.287
6/12/19 12:49,73.904,38.7,1893.7,83.287
6/12/19 12:49,73.904,38.6,1891.2,83.287
6/12/19 12:49,73.904,38.5,1888.7,83.287
6/12/19 12:49,73.904,38.5,1886.2,83.287
6/12/19 12:49,73.904,38.4,1886.2,83.287
6/12/19 12:49,73.904,38.4,1886.2,83.287
6/12/19 12:49,73.861,38.3,1886.2,83.287
6/12/19 12:49,73.861,38.2,1886.2,83.287
6/12/19 12:49,73.861,38.2,1883.7,83.287
6/12/19 12:49,73.818,38.1,1881.2,83.287
6/12/19 12:49,73.818,38.1,1881.2,83.287
6/12/19 12:49,73.818,38,1881.2,83.287
6/12/19 12:49,73.774,38,1881.2,83.287
6/12/19 12:49,73.774,38,1886.2,83.287
6/12/19 12:49,73.731,38,1886.2,83.287
6/12/19 12:49,73.731,37.9,1886.2,83.287
6/12/19 12:49,73.688,38,1886.2,83.287
6/12/19 12:49,73.688,38,1883.7,83.287
6/12/19 12:49,73.688,38,1878.7,83.287
6/12/19 12:49,73.645,38,1876.2,83.287
6/12/19 12:49,73.645,38.1,1873.7,83.287
6/12/19 12:49,73.602,38.1,1873.7,83.287
6/12/19 12:49,73.602,38.2,1873.7,83.287
6/12/19 12:49,73.558,38.2,1876.2,83.287
6/12/19 12:49,73.558,38.2,1881.2,83.287
6/12/19 12:49,73.558,38.3,1878.7,83.287
6/12/19 12:49,73.558,38.3,1876.2,83.287
6/12/19 12:49,73.515,38.4,1873.7,83.287
6/12/19 12:49,73.515,38.4,1876.2,83.287
6/12/19 12:49,73.515,38.4,1871.2,83.287
6/12/19 12:49,73.515,38.5,1878.7,83.287
6/12/19 12:49,73.472,38.6,1883.7,83.287
6/12/19 12:49,73.472,38.7,1888.7,83.287
6/12/19 12:49,73.472,38.7,1883.7,83.287
6/12/19 12:49,73.472,38.8,1883.7,83.287
6/12/19 12:49,73.472,38.9,1878.7,83.287
6/12/19 12:49,73.472,39,1878.7,83.287
6/12/19 12:49,73.472,39,1881.2,83.287
6/12/19 12:49,73.472,39,1881.2,83.287
6/12/19 12:49,73.429,39,1881.2,83.287
6/12/19 12:50,73.472,39,1873.7,83.287
6/12/19 12:50,73.429,38.9,1861.2,83.287
6/12/19 12:50,73.429,38.9,1853.7,83.287
6/12/19 12:50,73.429,38.9,1853.7,83.287
6/12/19 12:50,73.429,38.8,1851.2,83.287
6/12/19 12:50,73.429,38.8,1848.7,83.287
6/12/19 12:50,73.429,38.8,1841.2,83.287
6/12/19 12:50,73.429,38.8,1843.7,83.287
6/12/19 12:50,73.429,38.8,1861.2,83.287
6/12/19 12:50,73.429,38.8,1873.7,83.287
6/12/19 12:50,73.429,38.8,1873.7,83.287
6/12/19 12:50,73.386,38.9,1883.7,83.287
6/12/19 12:50,73.386,38.9,1883.7,83.332
6/12/19 12:50,73.386,39,1881.2,83.287
6/12/19 12:50,73.386,39,1878.7,83.332
6/12/19 12:50,73.386,39,1873.7,83.332
6/12/19 12:50,73.386,39,1876.2,83.332
6/12/19 12:50,73.386,39,1873.7,83.332
6/12/19 12:50,73.386,39,1871.2,83.287
6/12/19 12:50,73.386,39.1,1871.2,83.332
6/12/19 12:50,73.386,39.1,1866.2,83.332
6/12/19 12:50,73.386,39.1,1866.2,83.332
6/12/19 12:50,73.386,39.1,1866.2,83.287
6/12/19 12:50,73.386,39.1,1868.7,83.332
6/12/19 12:50,73.386,39.1,1868.7,83.332
6/12/19 12:50,73.386,39.2,1868.7,83.332
6/12/19 12:50,73.386,39.3,1871.2,83.332
6/12/19 12:50,73.386,39.4,1868.7,83.332
6/12/19 12:50,73.386,39.4,1871.2,83.332
6/12/19 12:50,73.429,39.5,1871.2,83.332
6/12/19 12:50,73.429,39.6,1871.2,83.332
6/12/19 12:50,73.429,39.7,1868.7,83.332
6/12/19 12:50,73.429,39.7,1871.2,83.332
6/12/19 12:50,73.429,39.8,1876.2,83.332
6/12/19 12:50,73.429,39.9,1881.2,83.332
6/12/19 12:50,73.472,40,1883.7,83.332
6/12/19 12:50,73.472,39.9,1886.2,83.332
6/12/19 12:50,73.472,40,1881.2,83.332
6/12/19 12:50,73.472,40,1886.2,83.332
6/12/19 12:50,73.515,40,1888.7,83.332
6/12/19 12:50,73.515,40,1896.2,83.332
6/12/19 12:50,73.515,40,1898.7,83.332
6/12/19 12:50,73.515,39.9,1903.7,83.332
6/12/19 12:50,73.558,40,1906.2,83.332
6/12/19 12:50,73.558,39.9,1903.7,83.332
6/12/19 12:50,73.558,39.9,1906.2,83.332
6/12/19 12:50,73.558,39.8,1908.7,83.332
6/12/19 12:50,73.558,39.8,1908.7,83.332
6/12/19 12:50,73.558,39.8,1913.7,83.332
6/12/19 12:50,73.558,39.9,1911.2,83.332
6/12/19 12:50,73.602,40,1911.2,83.332
6/12/19 12:50,73.602,40,1908.7,83.332
6/12/19 12:50,73.602,40.1,1916.2,83.332
6/12/19 12:50,73.602,40.1,1923.7,83.332
6/12/19 12:50,73.602,40.2,1926.2,83.332
6/12/19 12:50,73.645,40.3,1923.7,83.332
6/12/19 12:50,73.645,40.4,1928.7,83.377
6/12/19 12:50,73.645,40.5,1938.7,83.332
6/12/19 12:50,73.688,40.7,1938.7,83.377
6/12/19 12:50,73.688,40.7,1933.7,83.377
6/12/19 12:51,73.688,40.8,1931.2,83.332
6/12/19 12:51,73.731,40.8,1938.7,83.377
6/12/19 12:51,73.731,40.8,1938.7,83.377
6/12/19 12:51,73.731,40.9,1943.7,83.377
6/12/19 12:51,73.774,40.9,1948.7,83.377
6/12/19 12:51,73.774,41,1956.2,83.332
6/12/19 12:51,73.818,41,1958.7,83.377
6/12/19 12:51,73.818,40.9,1961.2,83.377
6/12/19 12:51,73.861,40.9,1961.2,83.377
6/12/19 12:51,73.861,40.9,1961.2,83.377
6/12/19 12:51,73.904,40.9,1966.2,83.377
6/12/19 12:51,73.904,40.9,1966.2,83.377
6/12/19 12:51,73.904,40.9,1968.7,83.377
6/12/19 12:51,73.904,40.9,1976.2,83.377
6/12/19 12:51,73.947,40.9,1976.2,83.377
6/12/19 12:51,73.947,40.9,1973.7,83.377
6/12/19 12:51,73.99,40.9,1973.7,83.377
6/12/19 12:51,73.99,40.9,1971.2,83.377
6/12/19 12:51,73.99,40.9,1976.2,83.377
6/12/19 12:51,73.99,41,1976.2,83.377
6/12/19 12:51,74.034,41,1971.2,83.377
6/12/19 12:51,74.034,41.1,1973.7,83.377
6/12/19 12:51,74.077,41.1,1968.7,83.377
6/12/19 12:51,74.077,41.2,1973.7,83.377
6/12/19 12:51,74.12,41.2,1976.2,83.377
6/12/19 12:51,74.12,41.2,1973.7,83.377
6/12/19 12:51,74.12,41.2,1966.2,83.377
6/12/19 12:51,74.163,41.2,1958.7,83.377
6/12/19 12:51,74.163,41.2,1958.7,83.377
6/12/19 12:51,74.163,41.2,1951.2,83.377
6/12/19 12:51,74.206,41.3,1948.7,83.377
6/12/19 12:51,74.206,41.2,1941.2,83.377
6/12/19 12:51,74.25,41.1,1946.2,83.377
6/12/19 12:51,74.25,41.1,1951.2,83.377
6/12/19 12:51,74.25,41,1961.2,83.377
6/12/19 12:51,74.295,40.9,1968.7,83.377
6/12/19 12:51,74.295,40.9,1966.2,83.377
6/12/19 12:51,74.295,40.9,1966.2,83.377
6/12/19 12:51,74.295,40.9,1968.7,83.377
6/12/19 12:51,74.338,40.9,1976.2,83.377
6/12/19 12:51,74.338,40.8,1978.7,83.377
6/12/19 12:51,74.338,40.8,1971.2,83.377
6/12/19 12:51,74.338,40.7,1963.7,83.377
6/12/19 12:51,74.338,40.6,1958.7,83.377
6/12/19 12:51,74.381,40.4,1961.2,83.377
6/12/19 12:51,74.381,40.3,1963.7,83.422
6/12/19 12:51,74.381,40.1,1963.7,83.377
6/12/19 12:51,74.381,39.9,1961.2,83.377
6/12/19 12:51,74.381,39.9,1961.2,83.377
6/12/19 12:51,74.381,39.8,1966.2,83.422
6/12/19 12:51,74.338,39.7,1963.7,83.377
6/12/19 12:51,74.338,39.6,1963.7,83.377
6/12/19 12:51,74.338,39.5,1933.7,83.422
6/12/19 12:51,74.338,39.6,1916.2,83.377
6/12/19 12:51,74.295,39.7,1908.7,83.422
6/12/19 12:51,74.295,39.7,1916.2,83.422
6/12/19 12:51,74.295,39.9,1906.2,83.422
6/12/19 12:51,74.295,40,1901.2,83.422
6/12/19 12:51,74.295,39.9,1916.2,83.422
6/12/19 12:51,74.295,40,1923.7,83.422
6/12/19 12:52,74.25,40.1,1923.7,83.422
6/12/19 12:52,74.295,40.1,1911.2,83.422
6/12/19 12:52,74.25,40.2,1883.7,83.422
6/12/19 12:52,74.295,40.3,1868.7,83.422
6/12/19 12:52,74.295,40.4,1851.2,83.422
6/12/19 12:52,74.295,40.4,1813.7,83.422
6/12/19 12:52,74.295,40.5,1806.2,83.422
6/12/19 12:52,74.295,40.5,1826.2,83.422
6/12/19 12:52,74.295,40.6,1836.2,83.422
6/12/19 12:52,74.338,40.5,1846.2,83.422
6/12/19 12:52,74.338,40.4,1841.2,83.422
6/12/19 12:52,74.338,40.4,1833.7,83.422
6/12/19 12:52,74.338,40.3,1841.2,83.422
6/12/19 12:52,74.338,40.2,1838.7,83.422
6/12/19 12:52,74.338,40.1,1821.2,83.422
6/12/19 12:52,74.381,40.1,1806.2,83.422
6/12/19 12:52,74.381,40.1,1801.2,83.422
6/12/19 12:52,74.381,40,1838.7,83.422
6/12/19 12:52,74.381,40,1891.2,83.422
6/12/19 12:52,74.381,40,1893.7,83.422
6/12/19 12:52,74.381,39.9,1868.7,83.422
6/12/19 12:52,74.381,39.9,1876.2,83.422
6/12/19 12:52,74.381,39.9,1896.2,83.422
6/12/19 12:52,74.381,39.9,1903.7,83.422
6/12/19 12:52,74.381,39.9,1906.2,83.422
6/12/19 12:52,74.381,39.9,1901.2,83.422
6/12/19 12:52,74.424,39.9,1901.2,83.422
6/12/19 12:52,74.424,39.9,1898.7,83.422
6/12/19 12:52,74.424,40,1901.2,83.422
6/12/19 12:52,74.424,40,1906.2,83.422
6/12/19 12:52,74.424,40,1913.7,83.422
6/12/19 12:52,74.424,40,1916.2,83.422
6/12/19 12:52,74.424,40,1903.7,83.422
6/12/19 12:52,74.424,40,1901.2,83.422
6/12/19 12:52,74.424,40,1908.7,83.422
6/12/19 12:52,74.467,40,1921.2,83.422
6/12/19 12:52,74.467,39.9,1926.2,83.422
6/12/19 12:52,74.424,39.9,1926.2,83.422
6/12/19 12:52,74.467,39.9,1928.7,83.422
6/12/19 12:52,74.467,39.9,1926.2,83.422
6/12/19 12:52,74.467,39.9,1926.2,83.422
6/12/19 12:52,74.467,39.9,1921.2,83.422
6/12/19 12:52,74.467,40,1918.7,83.422
6/12/19 12:52,74.467,40,1916.2,83.422
6/12/19 12:52,74.467,40,1923.7,83.422
6/12/19 12:52,74.511,40,1921.2,83.422
6/12/19 12:52,74.511,39.9,1923.7,83.422
6/12/19 12:52,74.511,39.9,1931.2,83.467
6/12/19 12:52,74.511,39.9,1931.2,83.467
6/12/19 12:52,74.511,40,1931.2,83.422
6/12/19 12:52,74.511,40,1936.2,83.422
6/12/19 12:52,74.554,39.9,1933.7,83.467
6/12/19 12:52,74.554,39.9,1933.7,83.422
6/12/19 12:52,74.554,40,1931.2,83.467
6/12/19 12:52,74.554,40,1941.2,83.422
6/12/19 12:52,74.554,40,1943.7,83.422
6/12/19 12:52,74.554,40.1,1938.7,83.422
6/12/19 12:52,74.597,40.1,1936.2,83.467
6/12/19 12:52,74.597,40.2,1946.2,83.467
6/12/19 12:52,74.597,40.2,1948.7,83.467
6/12/19 12:53,74.597,40.3,1953.7,83.467
6/12/19 12:53,74.597,40.3,1966.2,83.467
6/12/19 12:53,74.64,40.3,1968.7,83.467
6/12/19 12:53,74.64,40.3,1978.7,83.467
6/12/19 12:53,74.64,40.3,1978.7,83.467
6/12/19 12:53,74.683,40.3,1983.7,83.467
6/12/19 12:53,74.683,40.2,1978.7,83.467
6/12/19 12:53,74.683,40.2,1973.7,83.467
6/12/19 12:53,74.727,40.1,1978.7,83.467
6/12/19 12:53,74.727,40.1,1978.7,83.467
6/12/19 12:53,74.727,40.1,1978.7,83.467
6/12/19 12:53,74.727,40,1958.7,83.467
6/12/19 12:53,74.727,39.9,1946.2,83.467
6/12/19 12:53,74.77,39.9,1946.2,83.467
6/12/19 12:53,74.77,40,1913.7,83.467
6/12/19 12:53,74.77,40,1883.7,83.467
6/12/19 12:53,74.77,40,1911.2,83.467
6/12/19 12:53,74.77,40,1938.7,83.467
6/12/19 12:53,74.77,39.9,1968.7,83.467
6/12/19 12:53,74.77,39.9,1983.7,83.467
6/12/19 12:53,74.813,39.9,1981.2,83.467
6/12/19 12:53,74.813,39.9,1983.7,83.467
6/12/19 12:53,74.813,39.9,1988.7,83.467
6/12/19 12:53,74.813,40,1983.7,83.467
6/12/19 12:53,74.813,39.9,1983.7,83.467
6/12/19 12:53,74.813,39.8,1981.2,83.467
6/12/19 12:53,74.813,39.8,1983.7,83.467
6/12/19 12:53,74.813,39.7,1983.7,83.467
6/12/19 12:53,74.813,39.7,1983.7,83.467
6/12/19 12:53,74.813,39.7,1983.7,83.467
6/12/19 12:53,74.813,39.7,1978.7,83.467
6/12/19 12:53,74.813,39.7,1976.2,83.467
6/12/19 12:53,74.813,39.8,1971.2,83.467
6/12/19 12:53,74.813,39.8,1968.7,83.467
6/12/19 12:53,74.813,39.9,1968.7,83.467
6/12/19 12:53,74.813,39.9,1968.7,83.467
6/12/19 12:53,74.813,39.9,1956.2,83.467
6/12/19 12:53,74.813,40,1956.2,83.467
6/12/19 12:53,74.856,39.9,1966.2,83.467
6/12/19 12:53,74.856,39.9,1966.2,83.467
6/12/19 12:53,74.856,40,1963.7,83.467
6/12/19 12:53,74.856,40,1966.2,83.467
6/12/19 12:53,74.856,40,1966.2,83.467
6/12/19 12:53,74.856,40,1966.2,83.467
6/12/19 12:53,74.856,40.1,1966.2,83.467
6/12/19 12:53,74.856,40.1,1968.7,83.511
6/12/19 12:53,74.856,40,1966.2,83.467
6/12/19 12:53,74.899,39.9,1966.2,83.467
6/12/19 12:53,74.899,39.9,1966.2,83.467
6/12/19 12:53,74.899,39.8,1963.7,83.467
6/12/19 12:53,74.899,39.8,1958.7,83.467
6/12/19 12:53,74.899,39.7,1956.2,83.511
6/12/19 12:53,74.899,39.6,1953.7,83.511
6/12/19 12:53,74.856,39.8,1956.2,83.511
6/12/19 12:53,74.856,39.8,1956.2,83.511
6/12/19 12:53,74.856,39.8,1948.7,83.511
6/12/19 12:53,74.899,39.8,1948.7,83.511
6/12/19 12:53,74.856,39.9,1941.2,83.511
6/12/19 12:53,74.856,39.9,1943.7,83.511
6/12/19 12:53,74.856,40,1941.2,83.511
6/12/19 12:54,74.856,40,1933.7,83.511
6/12/19 12:54,74.899,40,1931.2,83.511
6/12/19 12:54,74.899,40,1931.2,83.511
6/12/19 12:54,74.899,39.9,1931.2,83.511
6/12/19 12:54,74.899,39.9,1933.7,83.511
6/12/19 12:54,74.899,39.9,1926.2,83.511
6/12/19 12:54,74.899,40,1928.7,83.511
6/12/19 12:54,74.899,40,1923.7,83.511
6/12/19 12:54,74.899,40,1923.7,83.511
6/12/19 12:54,74.899,40,1921.2,83.511
6/12/19 12:54,74.943,40,1913.7,83.511
6/12/19 12:54,74.899,39.9,1911.2,83.511
6/12/19 12:54,74.943,39.9,1906.2,83.511
6/12/19 12:54,74.943,39.9,1901.2,83.511
6/12/19 12:54,74.943,39.9,1896.2,83.511
6/12/19 12:54,74.943,39.9,1891.2,83.511
6/12/19 12:54,74.943,39.9,1888.7,83.511
6/12/19 12:54,74.943,39.9,1883.7,83.511
6/12/19 12:54,74.943,40,1883.7,83.511
6/12/19 12:54,74.943,40,1883.7,83.511
6/12/19 12:54,74.943,40,1886.2,83.511
6/12/19 12:54,74.943,40,1891.2,83.511
6/12/19 12:54,74.986,40,1891.2,83.511
6/12/19 12:54,74.986,40,1891.2,83.511
6/12/19 12:54,74.986,40,1883.7,83.511
6/12/19 12:54,74.986,40,1876.2,83.511
6/12/19 12:54,74.986,40,1881.2,83.511
6/12/19 12:54,74.986,40,1886.2,83.511
6/12/19 12:54,74.986,40,1883.7,83.511
6/12/19 12:54,74.986,40,1881.2,83.511
6/12/19 12:54,74.986,40,1883.7,83.511
6/12/19 12:54,75.029,40,1883.7,83.511
6/12/19 12:54,75.029,39.9,1886.2,83.511
6/12/19 12:54,75.029,39.9,1888.7,83.511
6/12/19 12:54,75.029,39.9,1888.7,83.511
6/12/19 12:54,75.029,39.8,1886.2,83.511
6/12/19 12:54,75.029,39.8,1886.2,83.511
6/12/19 12:54,75.029,39.7,1888.7,83.511
6/12/19 12:54,75.029,39.7,1888.7,83.511
6/12/19 12:54,75.074,39.6,1886.2,83.511
6/12/19 12:54,75.074,39.6,1881.2,83.511
6/12/19 12:54,75.074,39.6,1871.2,83.511
6/12/19 12:54,75.074,39.6,1868.7,83.511
6/12/19 12:54,75.074,39.5,1871.2,83.556
6/12/19 12:54,75.074,39.5,1876.2,83.556
6/12/19 12:54,75.074,39.5,1888.7,83.511
6/12/19 12:54,75.074,39.4,1888.7,83.511
6/12/19 12:54,75.074,39.4,1888.7,83.556
6/12/19 12:54,75.074,39.5,1888.7,83.511
6/12/19 12:54,75.074,39.5,1891.2,83.511
6/12/19 12:54,75.074,39.5,1891.2,83.556
6/12/19 12:54,75.074,39.5,1883.7,83.556
6/12/19 12:54,75.074,39.4,1883.7,83.556
6/12/19 12:54,75.074,39.3,1886.2,83.556
6/12/19 12:54,75.074,39.3,1893.7,83.556
6/12/19 12:54,75.074,39.2,1898.7,83.556
6/12/19 12:54,75.074,39.2,1898.7,83.556
6/12/19 12:54,75.029,39.2,1903.7,83.556
6/12/19 12:54,75.029,39.2,1906.2,83.556
6/12/19 12:54,75.029,39.2,1906.2,83.556
6/12/19 12:55,75.029,39.2,1893.7,83.556
6/12/19 12:55,75.029,39.2,1876.2,83.556
6/12/19 12:55,75.029,39.2,1856.2,83.556
6/12/19 12:55,75.029,39.3,1853.7,83.556
6/12/19 12:55,75.029,39.4,1871.2,83.556
6/12/19 12:55,75.029,39.4,1878.7,83.556
6/12/19 12:55,75.029,39.5,1886.2,83.556
6/12/19 12:55,75.029,39.4,1896.2,83.556
6/12/19 12:55,75.029,39.3,1903.7,83.556
6/12/19 12:55,75.029,39.2,1911.2,83.556
6/12/19 12:55,75.029,39.2,1913.7,83.556
6/12/19 12:55,75.029,39.2,1911.2,83.556
6/12/19 12:55,74.986,39.2,1911.2,83.556
6/12/19 12:55,75.029,39.1,1906.2,83.556
6/12/19 12:55,74.986,39.1,1893.7,83.556
6/12/19 12:55,74.986,39,1876.2,83.556
6/12/19 12:55,74.986,38.9,1858.7,83.556
6/12/19 12:55,74.943,38.8,1841.2,83.556
6/12/19 12:55,74.943,38.8,1838.7,83.556
6/12/19 12:55,74.943,38.7,1851.2,83.556
6/12/19 12:55,74.899,38.8,1871.2,83.556
6/12/19 12:55,74.899,38.8,1886.2,83.556
6/12/19 12:55,74.856,38.8,1901.2,83.556
6/12/19 12:55,74.856,38.8,1908.7,83.556
6/12/19 12:55,74.856,38.8,1901.2,83.556
6/12/19 12:55,74.813,38.8,1896.2,83.556
6/12/19 12:55,74.813,38.8,1901.2,83.556
6/12/19 12:55,74.813,38.9,1913.7,83.556
6/12/19 12:55,74.77,38.9,1923.7,83.556
6/12/19 12:55,74.77,38.9,1923.7,83.556
6/12/19 12:55,74.77,38.9,1928.7,83.556
6/12/19 12:55,74.77,38.9,1931.2,83.556
6/12/19 12:55,74.727,38.9,1946.2,83.556
6/12/19 12:55,74.727,39,1956.2,83.556
6/12/19 12:55,74.727,38.9,1961.2,83.556
6/12/19 12:55,74.683,39.1,1961.2,83.556
6/12/19 12:55,74.683,39,1958.7,83.556
6/12/19 12:55,74.683,39.1,1958.7,83.556
6/12/19 12:55,74.683,39.1,1953.7,83.556
6/12/19 12:55,74.683,39.1,1896.2,83.556
6/12/19 12:55,74.64,39.1,1821.2,83.556
6/12/19 12:55,74.64,39.1,1716.2,83.556
6/12/19 12:55,74.64,39.1,1656.2,83.556
6/12/19 12:55,74.64,39.1,1673.7,83.556
6/12/19 12:55,74.64,39.1,1771.2,83.556
6/12/19 12:55,74.64,39.1,1833.7,83.556
6/12/19 12:55,74.64,39.1,1918.7,83.601
6/12/19 12:55,74.64,39.1,1931.2,83.556
6/12/19 12:55,74.597,39.1,1943.7,83.556
6/12/19 12:55,74.597,39.1,1953.7,83.556
6/12/19 12:55,74.597,39.1,1958.7,83.556
6/12/19 12:55,74.597,39.1,1958.7,83.556
6/12/19 12:55,74.597,39.1,1966.2,83.556
6/12/19 12:55,74.554,39.2,1968.7,83.601
6/12/19 12:55,74.554,39.3,1968.7,83.601
6/12/19 12:55,74.554,39.4,1968.7,83.556
6/12/19 12:55,74.554,39.5,1968.7,83.601
6/12/19 12:55,74.554,39.7,1971.2,83.601
6/12/19 12:55,74.554,39.8,1971.2,83.601
6/12/19 12:55,74.554,39.9,1971.2,83.556
6/12/19 12:56,74.554,40,1968.7,83.601
6/12/19 12:56,74.554,40,1971.2,83.556
6/12/19 12:56,74.554,40,1968.7,83.601
6/12/19 12:56,74.554,40,1971.2,83.601
6/12/19 12:56,74.554,40,1973.7,83.601
6/12/19 12:56,74.554,40,1971.2,83.601
6/12/19 12:56,74.554,39.9,1971.2,83.556
6/12/19 12:56,74.554,39.7,1971.2,83.601
6/12/19 12:56,74.554,39.6,1971.2,83.601
6/12/19 12:56,74.554,39.5,1968.7,83.601
6/12/19 12:56,74.554,39.3,1963.7,83.601
6/12/19 12:56,74.554,39.3,1953.7,83.601
6/12/19 12:56,74.554,39.3,1956.2,83.601
6/12/19 12:56,74.554,39.3,1953.7,83.601
6/12/19 12:56,74.511,39.3,1946.2,83.601
6/12/19 12:56,74.511,39.3,1943.7,83.601
6/12/19 12:56,74.511,39.4,1943.7,83.601
6/12/19 12:56,74.511,39.4,1938.7,83.601
6/12/19 12:56,74.511,39.4,1936.2,83.601
6/12/19 12:56,74.511,39.5,1941.2,83.601
6/12/19 12:56,74.467,39.6,1941.2,83.601
6/12/19 12:56,74.467,39.7,1938.7,83.601
6/12/19 12:56,74.467,39.8,1936.2,83.601
6/12/19 12:56,74.467,39.9,1938.7,83.601
6/12/19 12:56,74.467,40,1936.2,83.601
6/12/19 12:56,74.511,40,1933.7,83.601
6/12/19 12:56,74.511,40.1,1928.7,83.601
6/12/19 12:56,74.511,40.3,1921.2,83.601
6/12/19 12:56,74.511,40.4,1921.2,83.601
6/12/19 12:56,74.511,40.6,1923.7,83.601
6/12/19 12:56,74.511,40.7,1923.7,83.601
6/12/19 12:56,74.554,40.8,1923.7,83.601
6/12/19 12:56,74.554,40.8,1928.7,83.601
6/12/19 12:56,74.597,40.7,1931.2,83.601
6/12/19 12:56,74.597,40.6,1936.2,83.601
6/12/19 12:56,74.597,40.5,1936.2,83.601
6/12/19 12:56,74.64,40.3,1938.7,83.601
6/12/19 12:56,74.64,40.2,1943.7,83.601
6/12/19 12:56,74.64,40.1,1948.7,83.601
6/12/19 12:56,74.64,39.9,1951.2,83.601
6/12/19 12:56,74.64,40,1958.7,83.601
6/12/19 12:56,74.64,40,1956.2,83.601
6/12/19 12:56,74.64,39.9,1956.2,83.601
6/12/19 12:56,74.64,40,1961.2,83.601
6/12/19 12:56,74.683,39.9,1963.7,83.601
6/12/19 12:56,74.683,40,1963.7,83.601
6/12/19 12:56,74.683,39.9,1966.2,83.601
6/12/19 12:56,74.683,40,1968.7,83.601
6/12/19 12:56,74.683,39.9,1971.2,83.601
6/12/19 12:56,74.683,39.7,1973.7,83.601
6/12/19 12:56,74.683,39.6,1971.2,83.601
6/12/19 12:56,74.683,39.5,1978.7,83.601
6/12/19 12:56,74.683,39.4,1971.2,83.601
6/12/19 12:56,74.683,39.4,1971.2,83.601
6/12/19 12:56,74.683,39.3,1971.2,83.601
6/12/19 12:56,74.683,39.3,1968.7,83.601
6/12/19 12:56,74.683,39.3,1966.2,83.601
6/12/19 12:56,74.64,39.3,1968.7,83.601
6/12/19 12:56,74.64,39.3,1966.2,83.601
6/12/19 12:56,74.64,39.3,1963.7,83.601
6/12/19 12:57,74.64,39.4,1961.2,83.601
6/12/19 12:57,74.64,39.4,1956.2,83.601
6/12/19 12:57,74.64,39.3,1958.7,83.601
6/12/19 12:57,74.64,39.2,1961.2,83.601
6/12/19 12:57,74.64,39.2,1963.7,83.601
6/12/19 12:57,74.64,39.1,1963.7,83.601
6/12/19 12:57,74.64,39.1,1968.7,83.601
6/12/19 12:57,74.64,39.1,1966.2,83.601
6/12/19 12:57,74.64,39.1,1968.7,83.601
6/12/19 12:57,74.64,39.1,1971.2,83.601
6/12/19 12:57,74.64,39.1,1968.7,83.601
6/12/19 12:57,74.64,39.1,1968.7,83.601
6/12/19 12:57,74.64,39.1,1973.7,83.601
6/12/19 12:57,74.64,39.1,1973.7,83.646
6/12/19 12:57,74.64,39.2,1976.2,83.601
6/12/19 12:57,74.64,39.2,1976.2,83.601
6/12/19 12:57,74.64,39.3,1978.7,83.601
6/12/19 12:57,74.64,39.3,1978.7,83.601
6/12/19 12:57,74.64,39.4,1976.2,83.646
6/12/19 12:57,74.64,39.4,1978.7,83.601
6/12/19 12:57,74.64,39.4,1978.7,83.646
6/12/19 12:57,74.64,39.4,1976.2,83.646
6/12/19 12:57,74.64,39.4,1981.2,83.646
6/12/19 12:57,74.64,39.4,1978.7,83.646
6/12/19 12:57,74.64,39.4,1983.7,83.646
6/12/19 12:57,74.64,39.5,1986.2,83.646
6/12/19 12:57,74.683,39.5,1991.2,83.646
6/12/19 12:57,74.683,39.5,1988.7,83.601
6/12/19 12:57,74.683,39.6,1991.2,83.646
6/12/19 12:57,74.683,39.7,1991.2,83.646
6/12/19 12:57,74.683,39.7,1993.7,83.646
6/12/19 12:57,74.683,39.7,1996.2,83.646
6/12/19 12:57,74.683,39.7,2001.2,83.646
6/12/19 12:57,74.727,39.7,1998.7,83.646
6/12/19 12:57,74.727,39.7,2001.2,83.646
6/12/19 12:57,74.727,39.8,2001.2,83.646
6/12/19 12:57,74.727,39.8,2003.7,83.646
6/12/19 12:57,74.727,39.8,2006.2,83.646
6/12/19 12:57,74.727,39.9,2008.7,83.646
6/12/19 12:57,74.77,39.9,2011.2,83.646
6/12/19 12:57,74.77,39.8,2021.2,83.646
6/12/19 12:57,74.77,39.8,2008.7,83.646
6/12/19 12:57,74.813,39.8,2011.2,83.646
6/12/19 12:57,74.813,39.7,2008.7,83.646
6/12/19 12:57,74.813,39.7,2006.2,83.646
6/12/19 12:57,74.813,39.6,2008.7,83.646
6/12/19 12:57,74.813,39.7,2001.2,83.646
6/12/19 12:57,74.856,39.6,2001.2,83.646
6/12/19 12:57,74.856,39.6,2008.7,83.646
6/12/19 12:57,74.856,39.7,1998.7,83.646
6/12/19 12:57,74.856,39.7,2001.2,83.646
6/12/19 12:57,74.856,39.7,1991.2,83.646
6/12/19 12:57,74.856,39.8,1991.2,83.646
6/12/19 12:57,74.899,39.8,1991.2,83.646
6/12/19 12:57,74.899,39.8,1996.2,83.646
6/12/19 12:57,74.899,39.8,1993.7,83.646
6/12/19 12:57,74.899,39.7,1991.2,83.646
6/12/19 12:57,74.943,39.7,1983.7,83.646
6/12/19 12:57,74.943,39.6,1968.7,83.646
6/12/19 12:57,74.943,39.5,1958.7,83.646
6/12/19 12:58,74.943,39.4,1951.2,83.646
6/12/19 12:58,74.943,39.4,1943.7,83.646
6/12/19 12:58,74.943,39.3,1941.2,83.646
6/12/19 12:58,74.943,39.2,1953.7,83.646
6/12/19 12:58,74.943,39.2,1966.2,83.646
6/12/19 12:58,74.943,39.2,1966.2,83.646
6/12/19 12:58,74.943,39.2,1956.2,83.646
6/12/19 12:58,74.986,39.2,1956.2,83.646
6/12/19 12:58,74.986,39.2,1953.7,83.646
6/12/19 12:58,74.986,39.2,1946.2,83.646
6/12/19 12:58,74.986,39.2,1943.7,83.646
6/12/19 12:58,74.986,39.3,1948.7,83.646
6/12/19 12:58,74.986,39.3,1953.7,83.646
6/12/19 12:58,75.029,39.3,1948.7,83.646
6/12/19 12:58,75.029,39.4,1938.7,83.646
6/12/19 12:58,75.029,39.4,1931.2,83.646
6/12/19 12:58,75.029,39.4,1928.7,83.646
6/12/19 12:58,75.029,39.4,1941.2,83.646
6/12/19 12:58,75.074,39.4,1938.7,83.646
6/12/19 12:58,75.074,39.4,1938.7,83.646
6/12/19 12:58,75.074,39.4,1931.2,83.646
6/12/19 12:58,75.117,39.4,1926.2,83.691
6/12/19 12:58,75.117,39.4,1928.7,83.691
6/12/19 12:58,75.117,39.3,1928.7,83.646
6/12/19 12:58,75.117,39.3,1921.2,83.691
6/12/19 12:58,75.16,39.2,1908.7,83.646
6/12/19 12:58,75.16,39.2,1903.7,83.691
6/12/19 12:58,75.16,39.2,1898.7,83.691
6/12/19 12:58,75.204,39.2,1903.7,83.691
6/12/19 12:58,75.204,39.2,1903.7,83.646
6/12/19 12:58,75.204,39.2,1896.2,83.691
6/12/19 12:58,75.204,39.1,1888.7,83.691
6/12/19 12:58,75.204,39.2,1888.7,83.691
6/12/19 12:58,75.247,39.2,1873.7,83.691
6/12/19 12:58,75.247,39.2,1886.2,83.691
6/12/19 12:58,75.247,39.1,1893.7,83.691
6/12/19 12:58,75.247,39.1,1886.2,83.691
6/12/19 12:58,75.247,39,1873.7,83.691
6/12/19 12:58,75.29,38.9,1856.2,83.691
6/12/19 12:58,75.29,38.8,1838.7,83.691
6/12/19 12:58,75.29,38.6,1831.2,83.691
6/12/19 12:58,75.29,38.5,1826.2,83.691
6/12/19 12:58,75.29,38.4,1826.2,83.691
6/12/19 12:58,75.29,38.3,1851.2,83.691
6/12/19 12:58,75.29,38.2,1918.7,83.691
6/12/19 12:58,75.29,38.1,1946.2,83.691
6/12/19 12:58,75.29,38.1,1951.2,83.691
6/12/19 12:58,75.29,37.9,1941.2,83.691
6/12/19 12:58,75.29,37.9,1943.7,83.691
6/12/19 12:58,75.29,37.8,1951.2,83.691
6/12/19 12:58,75.29,37.8,1941.2,83.691
6/12/19 12:58,75.29,37.8,1931.2,83.691
6/12/19 12:58,75.29,37.8,1938.7,83.691
6/12/19 12:58,75.29,37.8,1933.7,83.691
6/12/19 12:58,75.29,37.9,1911.2,83.691
6/12/19 12:58,75.29,37.9,1903.7,83.691
6/12/19 12:58,75.247,37.9,1908.7,83.691
6/12/19 12:58,75.247,37.9,1933.7,83.691
6/12/19 12:58,75.247,37.9,1958.7,83.691
6/12/19 12:58,75.247,37.9,1953.7,83.691
6/12/19 12:59,75.247,37.9,1961.2,83.691
6/12/19 12:59,75.247,37.9,1958.7,83.736
6/12/19 12:59,75.247,37.9,1951.2,83.736
6/12/19 12:59,75.247,37.9,1933.7,83.691
6/12/19 12:59,75.204,37.9,1916.2,83.691
6/12/19 12:59,75.247,37.9,1913.7,83.736
6/12/19 12:59,75.247,38,1901.2,83.691
6/12/19 12:59,75.247,38,1888.7,83.736
6/12/19 12:59,75.247,38,1881.2,83.736
6/12/19 12:59,75.247,38.1,1886.2,83.736
6/12/19 12:59,75.247,38.1,1891.2,83.736
6/12/19 12:59,75.204,38.1,1893.7,83.736
6/12/19 12:59,75.204,38.2,1886.2,83.736
6/12/19 12:59,75.204,38.2,1881.2,83.736
6/12/19 12:59,75.204,38.3,1886.2,83.736
6/12/19 12:59,75.204,38.3,1906.2,83.736
6/12/19 12:59,75.204,38.3,1911.2,83.736
6/12/19 12:59,75.204,38.4,1906.2,83.736
6/12/19 12:59,75.204,38.4,1891.2,83.736
6/12/19 12:59,75.247,38.5,1891.2,83.736
6/12/19 12:59,75.247,38.6,1893.7,83.736
6/12/19 12:59,75.247,38.7,1891.2,83.736
6/12/19 12:59,75.247,38.8,1876.2,83.736
6/12/19 12:59,75.247,38.9,1853.7,83.736
6/12/19 12:59,75.247,39,1841.2,83.736
6/12/19 12:59,75.247,39.1,1828.7,83.736
6/12/19 12:59,75.29,39.2,1823.7,83.736
6/12/19 12:59,75.29,39.2,1836.2,83.736
6/12/19 12:59,75.29,39.3,1863.7,83.736
6/12/19 12:59,75.29,39.4,1886.2,83.736
6/12/19 12:59,75.333,39.5,1866.2,83.736
6/12/19 12:59,75.333,39.5,1846.2,83.736
6/12/19 12:59,75.333,39.5,1853.7,83.736
6/12/19 12:59,75.376,39.6,1906.2,83.736
6/12/19 12:59,75.376,39.6,1931.2,83.736
6/12/19 12:59,75.376,39.6,1938.7,83.736
6/12/19 12:59,75.42,39.6,1936.2,83.736
6/12/19 12:59,75.42,39.5,1941.2,83.736
6/12/19 12:59,75.42,39.5,1941.2,83.736
6/12/19 12:59,75.42,39.5,1958.7,83.736
6/12/19 12:59,75.463,39.5,1961.2,83.736
6/12/19 12:59,75.463,39.6,1958.7,83.736
6/12/19 12:59,75.463,39.6,1958.7,83.736
6/12/19 12:59,75.463,39.7,1961.2,83.736
6/12/19 12:59,75.508,39.8,1958.7,83.736
6/12/19 12:59,75.508,39.8,1953.7,83.736
6/12/19 12:59,75.551,39.8,1951.2,83.736
6/12/19 12:59,75.551,39.8,1951.2,83.736
6/12/19 12:59,75.551,39.7,1951.2,83.736
6/12/19 12:59,75.551,39.6,1953.7,83.779
6/12/19 12:59,75.594,39.5,1956.2,83.779
6/12/19 12:59,75.594,39.4,1956.2,83.736
6/12/19 12:59,75.594,39.3,1946.2,83.779
6/12/19 12:59,75.594,39.2,1931.2,83.779
6/12/19 12:59,75.594,39.2,1918.7,83.779
6/12/19 12:59,75.637,39.2,1911.2,83.779
6/12/19 12:59,75.637,39.1,1911.2,83.736
6/12/19 12:59,75.637,39.1,1926.2,83.779
6/12/19 12:59,75.637,39,1938.7,83.779
6/12/19 12:59,75.637,38.9,1938.7,83.779
6/12/19 13:00,75.637,38.8,1943.7,83.779
6/12/19 13:00,75.637,38.7,1941.2,83.779
6/12/19 13:00,75.637,38.7,1938.7,83.779
6/12/19 13:00,75.637,38.6,1943.7,83.779
6/12/19 13:00,75.637,38.5,1951.2,83.779
6/12/19 13:00,75.637,38.5,1956.2,83.779
6/12/19 13:00,75.637,38.5,1958.7,83.779
6/12/19 13:00,75.637,38.5,1961.2,83.779
6/12/19 13:00,75.594,38.5,1963.7,83.779
6/12/19 13:00,75.594,38.4,1968.7,83.779
6/12/19 13:00,75.594,38.4,1968.7,83.779
6/12/19 13:00,75.594,38.3,1971.2,83.779
6/12/19 13:00,75.594,38.3,1971.2,83.779
6/12/19 13:00,75.551,38.3,1971.2,83.779
6/12/19 13:00,75.551,38.2,1973.7,83.779
6/12/19 13:00,75.551,38.2,1971.2,83.779
6/12/19 13:00,75.551,38.2,1966.2,83.779
6/12/19 13:00,75.551,38.2,1963.7,83.779
6/12/19 13:00,75.551,38.3,1961.2,83.779
6/12/19 13:00,75.508,38.3,1958.7,83.779
6/12/19 13:00,75.508,38.3,1956.2,83.779
6/12/19 13:00,75.508,38.3,1951.2,83.779
6/12/19 13:00,75.508,38.3,1948.7,83.779
6/12/19 13:00,75.508,38.3,1948.7,83.779
6/12/19 13:00,75.508,38.3,1946.2,83.779
6/12/19 13:00,75.463,38.3,1948.7,83.779
6/12/19 13:00,75.463,38.3,1948.7,83.779
6/12/19 13:00,75.463,38.3,1951.2,83.779
6/12/19 13:00,75.463,38.3,1953.7,83.779
6/12/19 13:00,75.463,38.3,1958.7,83.779
6/12/19 13:00,75.463,38.3,1961.2,83.779
6/12/19 13:00,75.463,38.3,1961.2,83.779
6/12/19 13:00,75.463,38.3,1963.7,83.779
6/12/19 13:00,75.463,38.4,1961.2,83.779
6/12/19 13:00,75.463,38.4,1953.7,83.779
6/12/19 13:00,75.463,38.4,1951.2,83.779
6/12/19 13:00,75.463,38.4,1953.7,83.779
6/12/19 13:00,75.463,38.4,1958.7,83.779
6/12/19 13:00,75.463,38.4,1961.2,83.779
6/12/19 13:00,75.463,38.5,1961.2,83.779
6/12/19 13:00,75.463,38.5,1963.7,83.779
6/12/19 13:00,75.463,38.5,1963.7,83.779
6/12/19 13:00,75.463,38.5,1966.2,83.779
6/12/19 13:00,75.508,38.6,1963.7,83.779
6/12/19 13:00,75.508,38.6,1961.2,83.779
6/12/19 13:00,75.508,38.6,1961.2,83.779
6/12/19 13:00,75.508,38.7,1961.2,83.779
6/12/19 13:00,75.508,38.7,1963.7,83.779
6/12/19 13:00,75.508,38.8,1961.2,83.779
6/12/19 13:00,75.508,38.8,1958.7,83.779
6/12/19 13:00,75.551,38.8,1951.2,83.779
6/12/19 13:00,75.551,38.8,1953.7,83.824
6/12/19 13:00,75.551,38.8,1953.7,83.779
6/12/19 13:00,75.551,38.8,1951.2,83.824
6/12/19 13:00,75.551,38.8,1948.7,83.824
6/12/19 13:00,75.551,38.8,1953.7,83.824
6/12/19 13:00,75.551,38.8,1958.7,83.824
6/12/19 13:00,75.551,38.7,1963.7,83.824
6/12/19 13:00,75.551,38.6,1968.7,83.824
6/12/19 13:00,75.551,38.6,1971.2,83.824
6/12/19 13:01,75.594,38.5,1976.2,83.824
6/12/19 13:01,75.551,38.6,1976.2,83.824
6/12/19 13:01,75.594,38.5,1981.2,83.824
6/12/19 13:01,75.594,38.5,1983.7,83.824
6/12/19 13:01,75.594,38.5,1986.2,83.824
6/12/19 13:01,75.594,38.5,1988.7,83.824
6/12/19 13:01,75.594,38.5,1993.7,83.824
6/12/19 13:01,75.594,38.6,1986.2,83.824
6/12/19 13:01,75.594,38.6,1986.2,83.824
6/12/19 13:01,75.594,38.6,1988.7,83.824
6/12/19 13:01,75.594,38.6,1991.2,83.824
6/12/19 13:01,75.594,38.6,1991.2,83.824
6/12/19 13:01,75.594,38.5,1986.2,83.824
6/12/19 13:01,75.594,38.5,1988.7,83.824
6/12/19 13:01,75.594,38.4,1986.2,83.824
6/12/19 13:01,75.637,38.4,1988.7,83.824
6/12/19 13:01,75.594,38.3,1991.2,83.824
6/12/19 13:01,75.594,38.3,1988.7,83.824
6/12/19 13:01,75.594,38.3,1991.2,83.824
6/12/19 13:01,75.594,38.2,1996.2,83.824
6/12/19 13:01,75.594,38.2,1996.2,83.824
6/12/19 13:01,75.594,38.1,1996.2,83.824
6/12/19 13:01,75.594,38.1,1998.7,83.824
6/12/19 13:01,75.594,38.1,1993.7,83.824
6/12/19 13:01,75.551,38,1998.7,83.824
6/12/19 13:01,75.551,38,2001.2,83.824
6/12/19 13:01,75.551,37.9,2001.2,83.824
6/12/19 13:01,75.551,37.9,1998.7,83.824
6/12/19 13:01,75.551,37.9,1998.7,83.824
6/12/19 13:01,75.551,37.9,1998.7,83.824
6/12/19 13:01,75.551,37.9,2001.2,83.824
6/12/19 13:01,75.551,37.9,1998.7,83.824
6/12/19 13:01,75.551,37.9,1998.7,83.824
6/12/19 13:01,75.551,37.9,1996.2,83.824
6/12/19 13:01,75.551,37.9,1991.2,83.824
6/12/19 13:01,75.508,38,1988.7,83.824
6/12/19 13:01,75.508,38.1,1993.7,83.824
6/12/19 13:01,75.551,38.2,1938.7,83.824
6/12/19 13:01,75.508,38.3,1933.7,83.824
6/12/19 13:01,75.551,38.3,1938.7,83.824
6/12/19 13:01,75.551,38.5,1991.2,83.824
6/12/19 13:01,75.551,38.6,1991.2,83.824
6/12/19 13:01,75.551,38.6,1993.7,83.824
6/12/19 13:01,75.551,38.7,1993.7,83.824
6/12/19 13:01,75.551,38.7,1993.7,83.824
6/12/19 13:01,75.551,38.8,1996.2,83.824
6/12/19 13:01,75.551,38.8,1993.7,83.824
6/12/19 13:01,75.551,38.8,1996.2,83.824
6/12/19 13:01,75.551,38.7,1996.2,83.824
6/12/19 13:01,75.551,38.7,1991.2,83.824
6/12/19 13:01,75.551,38.8,1993.7,83.824
6/12/19 13:01,75.551,38.8,1996.2,83.824
6/12/19 13:01,75.551,38.8,1996.2,83.824
6/12/19 13:01,75.551,38.8,2001.2,83.824
6/12/19 13:01,75.594,38.8,1996.2,83.824
6/12/19 13:01,75.551,38.8,1991.2,83.824
6/12/19 13:01,75.551,38.9,1996.2,83.824
6/12/19 13:01,75.594,39,1996.2,83.824
6/12/19 13:01,75.551,39.1,1991.2,83.824
6/12/19 13:01,75.594,39.1,1993.7,83.869
6/12/19 13:02,75.594,39.1,1991.2,83.824
6/12/19 13:02,75.594,39.1,1986.2,83.824
6/12/19 13:02,75.594,39.1,1986.2,83.869
6/12/19 13:02,75.594,39.1,1988.7,83.824
6/12/19 13:02,75.594,39.1,1988.7,83.824
6/12/19 13:02,75.594,39.1,1983.7,83.824
6/12/19 13:02,75.594,39.1,1986.2,83.824
6/12/19 13:02,75.594,39.1,1986.2,83.869
6/12/19 13:02,75.594,39,1986.2,83.824
6/12/19 13:02,75.594,39,1986.2,83.869
6/12/19 13:02,75.594,39,1983.7,83.869
6/12/19 13:02,75.594,38.9,1988.7,83.869
6/12/19 13:02,75.594,38.9,1983.7,83.869
6/12/19 13:02,75.594,38.9,1986.2,83.869
6/12/19 13:02,75.594,38.9,1986.2,83.869
6/12/19 13:02,75.594,38.9,1983.7,83.869
6/12/19 13:02,75.594,38.9,1983.7,83.869
6/12/19 13:02,75.594,38.9,1988.7,83.869
6/12/19 13:02,75.594,38.9,1988.7,83.869
6/12/19 13:02,75.594,38.9,1986.2,83.869
6/12/19 13:02,75.594,38.9,1978.7,83.869
6/12/19 13:02,75.637,38.9,1986.2,83.869
6/12/19 13:02,75.637,38.9,1983.7,83.869
6/12/19 13:02,75.637,39,1986.2,83.869
6/12/19 13:02,75.637,39,1991.2,83.869
6/12/19 13:02,75.637,39,1988.7,83.869
6/12/19 13:02,75.637,39,1983.7,83.869
6/12/19 13:02,75.637,39.1,1986.2,83.869
6/12/19 13:02,75.637,39.2,1981.2,83.869
6/12/19 13:02,75.637,39.2,1986.2,83.869
6/12/19 13:02,75.637,39.2,1981.2,83.869
6/12/19 13:02,75.637,39.3,1976.2,83.869
6/12/19 13:02,75.681,39.2,1973.7,83.869
6/12/19 13:02,75.637,39.2,1973.7,83.869
6/12/19 13:02,75.681,39.2,1971.2,83.869
6/12/19 13:02,75.681,39.1,1968.7,83.869
6/12/19 13:02,75.681,39.1,1971.2,83.869
6/12/19 13:02,75.681,39,1968.7,83.869
6/12/19 13:02,75.681,38.9,1966.2,83.869
6/12/19 13:02,75.637,38.9,1968.7,83.869
6/12/19 13:02,75.637,38.9,1956.2,83.869
6/12/19 13:02,75.637,38.9,1961.2,83.869
6/12/19 13:02,75.637,38.9,1961.2,83.869
6/12/19 13:02,75.637,39,1961.2,83.869
6/12/19 13:02,75.637,39.1,1961.2,83.869
6/12/19 13:02,75.594,39.2,1958.7,83.869
6/12/19 13:02,75.594,39.2,1958.7,83.869
6/12/19 13:02,75.594,39.2,1961.2,83.869
6/12/19 13:02,75.594,39.2,1963.7,83.869
6/12/19 13:02,75.594,39.2,1958.7,83.869
6/12/19 13:02,75.594,39.2,1953.7,83.869
6/12/19 13:02,75.594,39.2,1948.7,83.869
6/12/19 13:02,75.594,39.2,1938.7,83.869
6/12/19 13:02,75.594,39.2,1931.2,83.869
6/12/19 13:02,75.594,39.2,1933.7,83.869
6/12/19 13:02,75.594,39.2,1931.2,83.869
6/12/19 13:02,75.594,39.2,1923.7,83.869
6/12/19 13:02,75.594,39.2,1921.2,83.869
6/12/19 13:02,75.594,39.2,1916.2,83.869
6/12/19 13:02,75.594,39.2,1911.2,83.869
6/12/19 13:03,75.594,39.2,1903.7,83.869
6/12/19 13:03,75.551,39.2,1903.7,83.869
6/12/19 13:03,75.551,39.2,1903.7,83.869
6/12/19 13:03,75.551,39.2,1898.7,83.869
6/12/19 13:03,75.551,39.2,1883.7,83.869
6/12/19 13:03,75.551,39.2,1878.7,83.869
6/12/19 13:03,75.551,39.2,1888.7,83.869
6/12/19 13:03,75.551,39.1,1903.7,83.869
6/12/19 13:03,75.551,39.1,1913.7,83.869
6/12/19 13:03,75.551,39,1923.7,83.869
6/12/19 13:03,75.551,38.9,1918.7,83.869
6/12/19 13:03,75.551,38.9,1931.2,83.869
6/12/19 13:03,75.508,38.8,1928.7,83.869
6/12/19 13:03,75.508,38.8,1923.7,83.869
6/12/19 13:03,75.508,38.8,1926.2,83.869
6/12/19 13:03,75.508,38.8,1926.2,83.914
6/12/19 13:03,75.463,38.8,1928.7,83.869
6/12/19 13:03,75.463,38.8,1931.2,83.869
6/12/19 13:03,75.463,38.9,1931.2,83.869
6/12/19 13:03,75.463,39.1,1933.7,83.869
6/12/19 13:03,75.463,39.2,1931.2,83.869
6/12/19 13:03,75.42,39.2,1928.7,83.869
6/12/19 13:03,75.42,39.3,1933.7,83.869
6/12/19 13:03,75.42,39.4,1933.7,83.869
6/12/19 13:03,75.42,39.4,1926.2,83.869
6/12/19 13:03,75.42,39.3,1923.7,83.869
6/12/19 13:03,75.42,39.3,1931.2,83.869
6/12/19 13:03,75.42,39.2,1941.2,83.869
6/12/19 13:03,75.42,39.2,1948.7,83.914
6/12/19 13:03,75.42,39.1,1961.2,83.869
6/12/19 13:03,75.376,39,1963.7,83.869
6/12/19 13:03,75.376,39,1966.2,83.914
6/12/19 13:03,75.376,39,1968.7,83.869
6/12/19 13:03,75.376,39,1968.7,83.869
6/12/19 13:03,75.333,39,1973.7,83.869
6/12/19 13:03,75.333,39.1,1971.2,83.914
6/12/19 13:03,75.333,39.1,1978.7,83.869
6/12/19 13:03,75.333,39.1,1981.2,83.869
6/12/19 13:03,75.333,39.2,1981.2,83.869
6/12/19 13:03,75.29,39.2,1981.2,83.914
6/12/19 13:03,75.29,39.2,1986.2,83.914
6/12/19 13:03,75.29,39.4,1986.2,83.914
6/12/19 13:03,75.29,39.4,1983.7,83.869
6/12/19 13:03,75.29,39.4,1988.7,83.869
6/12/19 13:03,75.29,39.4,1988.7,83.914
6/12/19 13:03,75.29,39.3,1986.2,83.869
6/12/19 13:03,75.29,39.2,1986.2,83.914
6/12/19 13:03,75.29,39.2,1981.2,83.869
6/12/19 13:03,75.29,39.2,1978.7,83.869
6/12/19 13:03,75.247,39.1,1978.7,83.869
6/12/19 13:03,75.247,39.1,1981.2,83.869
6/12/19 13:03,75.247,39,1983.7,83.914
6/12/19 13:03,75.247,38.9,1983.7,83.869
6/12/19 13:03,75.247,38.8,1981.2,83.914
6/12/19 13:03,75.204,38.8,1978.7,83.914
6/12/19 13:03,75.204,38.8,1981.2,83.914
6/12/19 13:03,75.204,38.7,1978.7,83.914
6/12/19 13:03,75.16,38.7,1981.2,83.914
6/12/19 13:03,75.16,38.6,1978.7,83.914
6/12/19 13:03,75.16,38.6,1981.2,83.914
6/12/19 13:04,75.117,38.6,1981.2,83.914
6/12/19 13:04,75.117,38.6,1978.7,83.914
6/12/19 13:04,75.117,38.7,1978.7,83.914
6/12/19 13:04,75.074,38.7,1976.2,83.914
6/12/19 13:04,75.074,38.7,1978.7,83.914
6/12/19 13:04,75.074,38.7,1981.2,83.914
6/12/19 13:04,75.029,38.6,1978.7,83.914
6/12/19 13:04,75.029,38.6,1978.7,83.914
6/12/19 13:04,75.029,38.6,1986.2,83.914
6/12/19 13:04,75.029,38.6,1981.2,83.914
6/12/19 13:04,74.986,38.6,1981.2,83.914
6/12/19 13:04,74.986,38.6,1976.2,83.914
6/12/19 13:04,74.986,38.6,1976.2,83.914
6/12/19 13:04,74.986,38.6,1976.2,83.914
6/12/19 13:04,74.943,38.6,1978.7,83.914
6/12/19 13:04,74.943,38.6,1978.7,83.914
6/12/19 13:04,74.943,38.6,1978.7,83.914
6/12/19 13:04,74.899,38.6,1981.2,83.914
6/12/19 13:04,74.899,38.6,1978.7,83.914
6/12/19 13:04,74.899,38.6,1981.2,83.914
6/12/19 13:04,74.899,38.7,1981.2,83.914
6/12/19 13:04,74.856,38.7,1973.7,83.914
6/12/19 13:04,74.856,38.7,1976.2,83.914
6/12/19 13:04,74.856,38.7,1971.2,83.914
6/12/19 13:04,74.856,38.8,1976.2,83.914
6/12/19 13:04,74.856,38.8,1973.7,83.914
6/12/19 13:04,74.813,38.8,1976.2,83.914
6/12/19 13:04,74.813,38.9,1971.2,83.914
6/12/19 13:04,74.813,39,1971.2,83.914
6/12/19 13:04,74.813,39,1971.2,83.914
6/12/19 13:04,74.813,39,1968.7,83.914
6/12/19 13:04,74.813,39,1971.2,83.914
6/12/19 13:04,74.813,38.9,1966.2,83.914
6/12/19 13:04,74.813,38.9,1966.2,83.914
6/12/19 13:04,74.77,38.9,1966.2,83.914
6/12/19 13:04,74.77,38.8,1966.2,83.914
6/12/19 13:04,74.77,38.8,1963.7,83.914
6/12/19 13:04,74.77,38.8,1963.7,83.914
6/12/19 13:04,74.77,38.8,1963.7,83.914
6/12/19 13:04,74.727,38.8,1963.7,83.914
6/12/19 13:04,74.727,38.8,1958.7,83.914
6/12/19 13:04,74.727,38.8,1953.7,83.914
6/12/19 13:04,74.727,38.8,1951.2,83.914
6/12/19 13:04,74.727,38.8,1951.2,83.914
6/12/19 13:04,74.727,38.8,1951.2,83.914
6/12/19 13:04,74.683,38.8,1951.2,83.914
6/12/19 13:04,74.683,38.7,1951.2,83.914
6/12/19 13:04,74.683,38.6,1951.2,83.914
6/12/19 13:04,74.683,38.6,1951.2,83.914
6/12/19 13:04,74.683,38.5,1946.2,83.914
6/12/19 13:04,74.64,38.5,1946.2,83.914
6/12/19 13:04,74.64,38.4,1948.7,83.914
6/12/19 13:04,74.64,38.4,1946.2,83.914
6/12/19 13:04,74.64,38.3,1946.2,83.914
6/12/19 13:04,74.597,38.3,1946.2,83.914
6/12/19 13:04,74.597,38.2,1951.2,83.914
6/12/19 13:04,74.597,38.2,1953.7,83.914
6/12/19 13:04,74.554,38.2,1948.7,83.914
6/12/19 13:04,74.554,38.2,1951.2,83.914
6/12/19 13:04,74.554,38.2,1951.2,83.914
6/12/19 13:05,74.554,38.2,1951.2,83.914
6/12/19 13:05,74.511,38.2,1953.7,83.914
6/12/19 13:05,74.511,38.3,1953.7,83.914
6/12/19 13:05,74.511,38.3,1956.2,83.914
6/12/19 13:05,74.511,38.3,1958.7,83.914
6/12/19 13:05,74.511,38.3,1958.7,83.914
6/12/19 13:05,74.467,38.4,1958.7,83.914
6/12/19 13:05,74.467,38.4,1953.7,83.914
6/12/19 13:05,74.467,38.4,1956.2,83.914
6/12/19 13:05,74.467,38.4,1961.2,83.914
6/12/19 13:05,74.467,38.5,1961.2,83.914
6/12/19 13:05,74.467,38.5,1961.2,83.914
6/12/19 13:05,74.467,38.5,1961.2,83.914
6/12/19 13:05,74.467,38.5,1961.2,83.914
6/12/19 13:05,74.424,38.5,1963.7,83.914
6/12/19 13:05,74.424,38.6,1966.2,83.914
6/12/19 13:05,74.424,38.6,1968.7,83.914
6/12/19 13:05,74.424,38.7,1968.7,83.914
6/12/19 13:05,74.467,38.7,1971.2,83.914
6/12/19 13:05,74.467,38.7,1968.7,83.914
6/12/19 13:05,74.467,38.8,1968.7,83.914
6/12/19 13:05,74.467,38.8,1968.7,83.914
6/12/19 13:05,74.467,38.8,1966.2,83.914
6/12/19 13:05,74.467,38.9,1966.2,83.914
6/12/19 13:05,74.467,38.9,1958.7,83.914
6/12/19 13:05,74.467,39,1958.7,83.914
6/12/19 13:05,74.467,39,1963.7,83.914
6/12/19 13:05,74.467,39,1966.2,83.914
6/12/19 13:05,74.467,39,1968.7,83.914
6/12/19 13:05,74.467,39.1,1963.7,83.914
6/12/19 13:05,74.511,39.1,1966.2,83.914
6/12/19 13:05,74.511,39.1,1966.2,83.914
6/12/19 13:05,74.511,39.1,1966.2,83.914
6/12/19 13:05,74.511,39.1,1963.7,83.914
6/12/19 13:05,74.511,39.2,1966.2,83.914
6/12/19 13:05,74.511,39.2,1966.2,83.914
6/12/19 13:05,74.511,39.3,1968.7,83.914
6/12/19 13:05,74.511,39.3,1963.7,83.914
6/12/19 13:05,74.511,39.4,1966.2,83.914
6/12/19 13:05,74.554,39.4,1966.2,83.914
6/12/19 13:05,74.554,39.4,1968.7,83.914
6/12/19 13:05,74.554,39.4,1963.7,83.959
6/12/19 13:05,74.554,39.4,1968.7,83.914
6/12/19 13:05,74.554,39.4,1966.2,83.914
6/12/19 13:05,74.554,39.4,1966.2,83.914
6/12/19 13:05,74.554,39.3,1968.7,83.959
6/12/19 13:05,74.554,39.2,1966.2,83.959
6/12/19 13:05,74.554,39.1,1968.7,83.914
6/12/19 13:05,74.597,39.1,1971.2,83.959
6/12/19 13:05,74.554,39,1968.7,83.914
6/12/19 13:05,74.554,39,1971.2,83.959
6/12/19 13:05,74.554,38.9,1968.7,83.959
6/12/19 13:05,74.554,38.8,1968.7,83.914
6/12/19 13:05,74.554,38.7,1966.2,83.959
6/12/19 13:05,74.554,38.7,1963.7,83.959
6/12/19 13:05,74.511,38.6,1963.7,83.959
6/12/19 13:05,74.511,38.5,1963.7,83.959
6/12/19 13:05,74.511,38.4,1963.7,83.959
6/12/19 13:05,74.511,38.4,1961.2,83.959
6/12/19 13:05,74.467,38.3,1961.2,83.959
6/12/19 13:06,74.467,38.3,1963.7,83.959
6/12/19 13:06,74.467,38.3,1963.7,83.959
6/12/19 13:06,74.424,38.2,1966.2,83.959
6/12/19 13:06,74.424,38.2,1966.2,83.959
6/12/19 13:06,74.381,38.2,1963.7,83.959
6/12/19 13:06,74.381,38.2,1963.7,83.959
6/12/19 13:06,74.381,38.2,1961.2,83.959
6/12/19 13:06,74.338,38.2,1961.2,83.959
6/12/19 13:06,74.338,38.2,1961.2,83.959
6/12/19 13:06,74.338,38.2,1958.7,83.959
6/12/19 13:06,74.295,38.3,1958.7,83.959
6/12/19 13:06,74.295,38.3,1961.2,83.959
6/12/19 13:06,74.295,38.3,1961.2,83.959
6/12/19 13:06,74.25,38.4,1961.2,83.959
6/12/19 13:06,74.25,38.4,1958.7,83.959
6/12/19 13:06,74.25,38.4,1958.7,83.959
6/12/19 13:06,74.25,38.5,1958.7,83.959
6/12/19 13:06,74.25,38.5,1961.2,83.959
6/12/19 13:06,74.25,38.6,1958.7,83.959
6/12/19 13:06,74.25,38.6,1961.2,83.959
6/12/19 13:06,74.25,38.7,1956.2,83.959
6/12/19 13:06,74.25,38.7,1958.7,83.959
6/12/19 13:06,74.25,38.7,1958.7,83.959
6/12/19 13:06,74.25,38.8,1956.2,83.959
6/12/19 13:06,74.25,38.8,1956.2,83.959
6/12/19 13:06,74.25,38.8,1956.2,83.959
6/12/19 13:06,74.25,38.8,1958.7,83.959
6/12/19 13:06,74.25,38.9,1956.2,83.959
6/12/19 13:06,74.25,38.9,1953.7,83.959
6/12/19 13:06,74.295,39,1953.7,83.959
6/12/19 13:06,74.295,39,1953.7,83.959
6/12/19 13:06,74.295,39,1948.7,83.959
6/12/19 13:06,74.295,39.1,1946.2,83.959
6/12/19 13:06,74.295,39.1,1941.2,83.959
6/12/19 13:06,74.295,39.1,1936.2,83.959
6/12/19 13:06,74.295,39.2,1933.7,83.959
6/12/19 13:06,74.338,39.2,1933.7,83.959
6/12/19 13:06,74.338,39.2,1933.7,83.959
6/12/19 13:06,74.338,39.2,1941.2,83.959
6/12/19 13:06,74.338,39.2,1941.2,83.959
6/12/19 13:06,74.338,39.2,1941.2,83.959
6/12/19 13:06,74.338,39.2,1943.7,83.959
6/12/19 13:06,74.338,39.3,1943.7,84.004
6/12/19 13:06,74.338,39.3,1941.2,83.959
6/12/19 13:06,74.338,39.4,1938.7,84.004
6/12/19 13:06,74.381,39.4,1946.2,83.959
6/12/19 13:06,74.381,39.5,1951.2,83.959
6/12/19 13:06,74.381,39.5,1953.7,83.959
6/12/19 13:06,74.381,39.6,1951.2,83.959
6/12/19 13:06,74.381,39.7,1951.2,84.004
6/12/19 13:06,74.381,39.8,1953.7,83.959
6/12/19 13:06,74.424,39.9,1943.7,84.004
6/12/19 13:06,74.424,40,1958.7,84.004
6/12/19 13:06,74.424,40,1953.7,84.004
6/12/19 13:06,74.467,40.1,1956.2,84.004
6/12/19 13:06,74.467,40.1,1956.2,84.004
6/12/19 13:06,74.467,40.2,1956.2,84.004
6/12/19 13:06,74.511,40.4,1946.2,84.004
6/12/19 13:06,74.511,40.5,1951.2,84.004
6/12/19 13:06,74.511,40.6,1948.7,84.004
6/12/19 13:07,74.554,40.7,1953.7,84.004
6/12/19 13:07,74.554,40.8,1951.2,84.004
6/12/19 13:07,74.597,40.9,1958.7,84.004
6/12/19 13:07,74.597,40.9,1958.7,84.004
6/12/19 13:07,74.597,40.9,1958.7,84.004
6/12/19 13:07,74.64,40.9,1958.7,84.004
6/12/19 13:07,74.683,40.9,1961.2,84.004
6/12/19 13:07,74.683,40.9,1956.2,84.004
6/12/19 13:07,74.683,40.8,1953.7,84.004
6/12/19 13:07,74.727,40.8,1953.7,84.004
6/12/19 13:07,74.727,40.8,1956.2,84.004
6/12/19 13:07,74.727,40.7,1958.7,84.004
6/12/19 13:07,74.77,40.6,1963.7,84.004
6/12/19 13:07,74.77,40.5,1963.7,84.004
6/12/19 13:07,74.77,40.5,1963.7,84.004
6/12/19 13:07,74.813,40.4,1961.2,84.004
6/12/19 13:07,74.813,40.4,1973.7,84.004
6/12/19 13:07,74.813,40.4,1968.7,84.004
6/12/19 13:07,74.813,40.4,1966.2,84.004
6/12/19 13:07,74.813,40.4,1966.2,84.004
6/12/19 13:07,74.856,40.4,1968.7,84.004
6/12/19 13:07,74.856,40.4,1971.2,84.004
6/12/19 13:07,74.856,40.4,1968.7,84.004
6/12/19 13:07,74.856,40.4,1968.7,84.004
6/12/19 13:07,74.899,40.4,1968.7,84.004
6/12/19 13:07,74.899,40.3,1966.2,84.004
6/12/19 13:07,74.899,40.3,1971.2,84.004
6/12/19 13:07,74.899,40.3,1971.2,84.004
6/12/19 13:07,74.899,40.3,1968.7,84.004
6/12/19 13:07,74.899,40.3,1968.7,84.004
6/12/19 13:07,74.943,40.3,1968.7,84.004
6/12/19 13:07,74.943,40.2,1963.7,84.004
6/12/19 13:07,74.943,40.2,1966.2,84.004
6/12/19 13:07,74.943,40.1,1966.2,84.004
6/12/19 13:07,74.943,40.1,1968.7,84.004
6/12/19 13:07,74.986,40.1,1963.7,84.004
6/12/19 13:07,74.986,40,1966.2,84.004
6/12/19 13:07,74.986,40,1968.7,84.004
6/12/19 13:07,74.986,40,1966.2,84.004
6/12/19 13:07,74.986,40,1966.2,84.004
6/12/19 13:07,74.986,39.9,1968.7,84.004
6/12/19 13:07,74.986,39.8,1968.7,84.004
6/12/19 13:07,74.986,39.8,1971.2,84.004
6/12/19 13:07,74.986,39.7,1971.2,84.004
6/12/19 13:07,74.986,39.6,1968.7,84.004
6/12/19 13:07,74.986,39.5,1968.7,84.004
6/12/19 13:07,74.986,39.4,1958.7,84.004
6/12/19 13:07,75.029,39.4,1963.7,84.004
6/12/19 13:07,75.029,39.3,1966.2,84.004
6/12/19 13:07,75.029,39.3,1968.7,84.004
6/12/19 13:07,75.029,39.2,1963.7,84.004
6/12/19 13:07,75.029,39.2,1961.2,84.004
6/12/19 13:07,75.029,39.2,1963.7,84.004
6/12/19 13:07,75.029,39.2,1968.7,84.004
6/12/19 13:07,75.029,39.2,1968.7,84.004
6/12/19 13:07,75.029,39.2,1958.7,84.004
6/12/19 13:07,75.029,39.2,1966.2,84.004
6/12/19 13:07,75.029,39.2,1966.2,84.004
6/12/19 13:07,75.029,39.2,1966.2,84.004
6/12/19 13:07,75.029,39.2,1963.7,84.004
6/12/19 13:08,75.029,39.2,1966.2,84.004
6/12/19 13:08,75.029,39.3,1961.2,84.004
6/12/19 13:08,75.029,39.3,1966.2,84.004
6/12/19 13:08,75.029,39.3,1968.7,84.004
6/12/19 13:08,75.029,39.4,1968.7,84.004
6/12/19 13:08,75.029,39.4,1966.2,84.004
6/12/19 13:08,75.029,39.4,1968.7,84.004
6/12/19 13:08,75.029,39.5,1966.2,84.004
6/12/19 13:08,75.029,39.5,1963.7,84.004
6/12/19 13:08,75.029,39.5,1963.7,84.004
6/12/19 13:08,75.029,39.5,1963.7,84.004
6/12/19 13:08,75.074,39.6,1966.2,84.004
6/12/19 13:08,75.074,39.6,1966.2,84.004
6/12/19 13:08,75.074,39.7,1966.2,84.004
6/12/19 13:08,75.074,39.7,1971.2,84.004
6/12/19 13:08,75.074,39.8,1961.2,84.004
6/12/19 13:08,75.074,39.8,1963.7,84.004
6/12/19 13:08,75.074,39.8,1966.2,84.004
6/12/19 13:08,75.117,39.8,1963.7,84.004
6/12/19 13:08,75.117,39.9,1966.2,84.049
6/12/19 13:08,75.117,39.9,1968.7,84.004
6/12/19 13:08,75.117,39.9,1963.7,84.004
6/12/19 13:08,75.117,39.9,1961.2,84.004
6/12/19 13:08,75.16,40,1973.7,84.004
6/12/19 13:08,75.16,40,1973.7,84.049
6/12/19 13:08,75.16,40,1976.2,84.004
6/12/19 13:08,75.16,40.1,1971.2,84.049
6/12/19 13:08,75.16,40.1,1971.2,84.049
6/12/19 13:08,75.16,40.1,1968.7,84.049
6/12/19 13:08,75.204,40,1971.2,84.049
6/12/19 13:08,75.204,40.1,1976.2,84.049
6/12/19 13:08,75.204,40.2,1958.7,84.004
6/12/19 13:08,75.204,40.2,1968.7,84.049
6/12/19 13:08,75.247,40.2,1973.7,84.049
6/12/19 13:08,75.247,40.3,1966.2,84.049
6/12/19 13:08,75.247,40.4,1971.2,84.049
6/12/19 13:08,75.29,40.4,1971.2,84.049
6/12/19 13:08,75.29,40.5,1971.2,84.049
6/12/19 13:08,75.29,40.6,1968.7,84.049
6/12/19 13:08,75.333,40.6,1968.7,84.049
6/12/19 13:08,75.333,40.5,1968.7,84.049
6/12/19 13:08,75.333,40.5,1968.7,84.049
6/12/19 13:08,75.376,40.3,1966.2,84.049
6/12/19 13:08,75.376,40.2,1966.2,84.049
6/12/19 13:08,75.376,40.1,1968.7,84.049
6/12/19 13:08,75.42,40.1,1968.7,84.049
6/12/19 13:08,75.42,40,1971.2,84.049
6/12/19 13:08,75.42,39.8,1971.2,84.049
6/12/19 13:08,75.42,39.8,1976.2,84.049
6/12/19 13:08,75.42,39.6,1971.2,84.049
6/12/19 13:08,75.42,39.5,1971.2,84.049
6/12/19 13:08,75.42,39.4,1971.2,84.049
6/12/19 13:08,75.42,39.3,1971.2,84.049
6/12/19 13:08,75.42,39.2,1971.2,84.049
6/12/19 13:08,75.42,39.2,1971.2,84.049
6/12/19 13:08,75.42,39.2,1971.2,84.049
6/12/19 13:08,75.42,39.2,1971.2,84.049
6/12/19 13:08,75.42,39.2,1971.2,84.049
6/12/19 13:08,75.376,39.2,1973.7,84.049
6/12/19 13:08,75.376,39.2,1968.7,84.049
6/12/19 13:09,75.376,39.1,1971.2,84.049
6/12/19 13:09,75.376,39.1,1973.7,84.049
6/12/19 13:09,75.376,39.2,1973.7,84.049
6/12/19 13:09,75.376,39.2,1971.2,84.049
6/12/19 13:09,75.333,39.2,1966.2,84.049
6/12/19 13:09,75.333,39.2,1963.7,84.049
6/12/19 13:09,75.333,39.4,1971.2,84.049
6/12/19 13:09,75.333,39.5,1968.7,84.049
6/12/19 13:09,75.333,39.6,1968.7,84.049
6/12/19 13:09,75.29,39.8,1966.2,84.049
6/12/19 13:09,75.29,40,1971.2,84.049
6/12/19 13:09,75.29,40.1,1968.7,84.049
6/12/19 13:09,75.333,40.2,1968.7,84.049
6/12/19 13:09,75.333,40.4,1966.2,84.049
6/12/19 13:09,75.333,40.5,1968.7,84.049
6/12/19 13:09,75.333,40.6,1966.2,84.049
6/12/19 13:09,75.376,40.6,1971.2,84.049
6/12/19 13:09,75.376,40.6,1966.2,84.049
6/12/19 13:09,75.376,40.5,1966.2,84.094
6/12/19 13:09,75.376,40.5,1968.7,84.094
6/12/19 13:09,75.376,40.3,1971.2,84.094
6/12/19 13:09,75.42,40.2,1966.2,84.094
6/12/19 13:09,75.42,40.2,1966.2,84.094
6/12/19 13:09,75.42,40.1,1966.2,84.049
6/12/19 13:09,75.42,40,1968.7,84.049
6/12/19 13:09,75.42,40.1,1968.7,84.094
6/12/19 13:09,75.463,40,1971.2,84.094
6/12/19 13:09,75.463,39.9,1966.2,84.094
6/12/19 13:09,75.463,39.8,1961.2,84.094
6/12/19 13:09,75.463,39.8,1966.2,84.094
6/12/19 13:09,75.463,39.7,1966.2,84.094
6/12/19 13:09,75.463,39.7,1966.2,84.094
6/12/19 13:09,75.463,39.6,1963.7,84.094
6/12/19 13:09,75.463,39.5,1968.7,84.094
6/12/19 13:09,75.463,39.4,1966.2,84.094
6/12/19 13:09,75.463,39.2,1968.7,84.094
6/12/19 13:09,75.463,39.2,1966.2,84.094
6/12/19 13:09,75.463,39,1968.7,84.094
6/12/19 13:09,75.463,38.8,1966.2,84.094
6/12/19 13:09,75.463,38.7,1961.2,84.094
6/12/19 13:09,75.42,38.6,1968.7,84.094
6/12/19 13:09,75.42,38.5,1968.7,84.094
6/12/19 13:09,75.42,38.5,1968.7,84.094
6/12/19 13:09,75.42,38.5,1968.7,84.094
6/12/19 13:09,75.376,38.5,1971.2,84.094
6/12/19 13:09,75.376,38.5,1968.7,84.094
6/12/19 13:09,75.376,38.5,1966.2,84.094
6/12/19 13:09,75.333,38.5,1966.2,84.094
6/12/19 13:09,75.333,38.5,1968.7,84.094
6/12/19 13:09,75.333,38.6,1968.7,84.094
6/12/19 13:09,75.333,38.6,1966.2,84.094
6/12/19 13:09,75.333,38.7,1971.2,84.094
6/12/19 13:09,75.29,38.8,1963.7,84.094
6/12/19 13:09,75.29,38.8,1971.2,84.094
6/12/19 13:09,75.29,38.8,1968.7,84.094
6/12/19 13:09,75.29,39,1968.7,84.094
6/12/19 13:09,75.29,39.1,1968.7,84.094
6/12/19 13:09,75.29,39.1,1968.7,84.094
6/12/19 13:09,75.29,39.2,1966.2,84.094
6/12/19 13:09,75.29,39.2,1968.7,84.094
6/12/19 13:10,75.29,39.2,1971.2,84.094
6/12/19 13:10,75.29,39.3,1968.7,84.094
6/12/19 13:10,75.29,39.3,1971.2,84.094
6/12/19 13:10,75.29,39.2,1971.2,84.094
6/12/19 13:10,75.29,39.2,1971.2,84.094
6/12/19 13:10,75.29,39.1,1971.2,84.094
6/12/19 13:10,75.29,38.9,1971.2,84.094
6/12/19 13:10,75.29,38.8,1971.2,84.094
6/12/19 13:10,75.29,38.6,1973.7,84.094
6/12/19 13:10,75.29,38.5,1973.7,84.094
6/12/19 13:10,75.247,38.4,1973.7,84.094
6/12/19 13:10,75.247,38.3,1973.7,84.094
6/12/19 13:10,75.247,38.3,1971.2,84.094
6/12/19 13:10,75.204,38.3,1978.7,84.094
6/12/19 13:10,75.204,38.2,1978.7,84.094
6/12/19 13:10,75.204,38.2,1976.2,84.094
6/12/19 13:10,75.16,38.1,1973.7,84.094
6/12/19 13:10,75.16,38.1,1973.7,84.094
6/12/19 13:10,75.16,38.1,1976.2,84.094
6/12/19 13:10,75.117,38,1976.2,84.094
6/12/19 13:10,75.117,38,1976.2,84.094
6/12/19 13:10,75.074,38,1976.2,84.094
6/12/19 13:10,75.074,38,1973.7,84.094
6/12/19 13:10,75.029,37.9,1973.7,84.094
6/12/19 13:10,75.029,37.9,1978.7,84.094
6/12/19 13:10,75.029,37.9,1976.2,84.094
6/12/19 13:10,74.986,38,1976.2,84.094
6/12/19 13:10,74.986,38,1978.7,84.094
6/12/19 13:10,74.943,38,1978.7,84.094
6/12/19 13:10,74.943,38.1,1981.2,84.094
6/12/19 13:10,74.899,38.1,1976.2,84.094
6/12/19 13:10,74.899,38.3,1981.2,84.094
6/12/19 13:10,74.899,38.3,1978.7,84.094
6/12/19 13:10,74.856,38.4,1981.2,84.094
6/12/19 13:10,74.856,38.5,1981.2,84.094
6/12/19 13:10,74.856,38.6,1983.7,84.094
6/12/19 13:10,74.856,38.8,1981.2,84.094
6/12/19 13:10,74.856,39,1981.2,84.094
6/12/19 13:10,74.813,39.1,1978.7,84.094
6/12/19 13:10,74.813,39.1,1978.7,84.094
6/12/19 13:10,74.813,39.1,1978.7,84.094
6/12/19 13:10,74.813,39,1978.7,84.094
6/12/19 13:10,74.813,39,1981.2,84.094
6/12/19 13:10,74.813,38.9,1983.7,84.094
6/12/19 13:10,74.813,38.8,1981.2,84.094
6/12/19 13:10,74.813,38.8,1981.2,84.094
6/12/19 13:10,74.813,38.8,1978.7,84.094
6/12/19 13:10,74.813,38.7,1978.7,84.094
6/12/19 13:10,74.813,38.7,1981.2,84.094
6/12/19 13:10,74.813,38.6,1978.7,84.094
6/12/19 13:10,74.813,38.5,1978.7,84.094
6/12/19 13:10,74.77,38.5,1981.2,84.094
6/12/19 13:10,74.77,38.4,1981.2,84.094
6/12/19 13:10,74.77,38.3,1981.2,84.094
6/12/19 13:10,74.77,38.3,1983.7,84.094
6/12/19 13:10,74.727,38.3,1981.2,84.094
6/12/19 13:10,74.727,38.2,1983.7,84.094
6/12/19 13:10,74.727,38.2,1986.2,84.094
6/12/19 13:10,74.727,38.1,1986.2,84.094
6/12/19 13:10,74.683,38,1986.2,84.137
6/12/19 13:11,74.683,38,1986.2,84.094
6/12/19 13:11,74.64,38,1986.2,84.094
6/12/19 13:11,74.64,38,1983.7,84.094
6/12/19 13:11,74.64,38,1981.2,84.094
6/12/19 13:11,74.597,38.1,1983.7,84.094
6/12/19 13:11,74.597,38.1,1983.7,84.094
6/12/19 13:11,74.597,38.1,1991.2,84.094
6/12/19 13:11,74.597,38.1,1986.2,84.137
6/12/19 13:11,74.554,38.2,1986.2,84.094
6/12/19 13:11,74.554,38.2,1986.2,84.137
6/12/19 13:11,74.554,38.2,1986.2,84.094
6/12/19 13:11,74.511,38.3,1986.2,84.094
6/12/19 13:11,74.511,38.4,1988.7,84.137
6/12/19 13:11,74.511,38.5,1988.7,84.137
6/12/19 13:11,74.511,38.7,1988.7,84.094
6/12/19 13:11,74.511,38.9,1986.2,84.137
6/12/19 13:11,74.511,39,1988.7,84.094
6/12/19 13:11,74.511,39.1,1981.2,84.094
6/12/19 13:11,74.511,39.1,1991.2,84.137
6/12/19 13:11,74.511,39.2,1986.2,84.137
6/12/19 13:11,74.511,39.1,1986.2,84.137
6/12/19 13:11,74.511,39.1,1986.2,84.137
6/12/19 13:11,74.554,39.1,1988.7,84.137
6/12/19 13:11,74.554,39.1,1988.7,84.137
6/12/19 13:11,74.554,39.1,1986.2,84.094
6/12/19 13:11,74.554,39.1,1986.2,84.137
6/12/19 13:11,74.554,39.1,1986.2,84.137
6/12/19 13:11,74.554,39.1,1983.7,84.137
6/12/19 13:11,74.554,39.1,1983.7,84.137
6/12/19 13:11,74.554,39.1,1986.2,84.137
6/12/19 13:11,74.554,39.1,1981.2,84.137
6/12/19 13:11,74.554,39.1,1986.2,84.137
6/12/19 13:11,74.554,39.1,1986.2,84.137
6/12/19 13:11,74.554,39.1,1988.7,84.137
6/12/19 13:11,74.554,39.1,1988.7,84.137
6/12/19 13:11,74.554,39.1,1991.2,84.137
6/12/19 13:11,74.554,39.1,1986.2,84.137
6/12/19 13:11,74.554,39.1,1988.7,84.137
6/12/19 13:11,74.554,39.1,1988.7,84.137
6/12/19 13:11,74.554,39.1,1988.7,84.137
6/12/19 13:11,74.554,39.1,1991.2,84.137
6/12/19 13:11,74.554,39.1,1988.7,84.137
6/12/19 13:11,74.554,39,1988.7,84.137
6/12/19 13:11,74.554,39,1988.7,84.137
6/12/19 13:11,74.597,38.9,1988.7,84.137
6/12/19 13:11,74.597,38.8,1986.2,84.137
6/12/19 13:11,74.597,38.7,1988.7,84.137
6/12/19 13:11,74.597,38.7,1983.7,84.137
6/12/19 13:11,74.597,38.6,1986.2,84.137
6/12/19 13:11,74.554,38.6,1986.2,84.137
6/12/19 13:11,74.554,38.5,1986.2,84.137
6/12/19 13:11,74.554,38.5,1983.7,84.137
6/12/19 13:11,74.554,38.5,1986.2,84.137
6/12/19 13:11,74.554,38.4,1986.2,84.137
6/12/19 13:11,74.554,38.4,1986.2,84.137
6/12/19 13:11,74.554,38.5,1986.2,84.137
6/12/19 13:11,74.511,38.5,1983.7,84.137
6/12/19 13:11,74.511,38.5,1983.7,84.137
6/12/19 13:11,74.511,38.5,1983.7,84.137
6/12/19 13:11,74.511,38.5,1983.7,84.137
6/12/19 13:12,74.511,38.6,1981.2,84.137
6/12/19 13:12,74.511,38.6,1981.2,84.137
6/12/19 13:12,74.511,38.7,1983.7,84.137
6/12/19 13:12,74.511,38.7,1986.2,84.137
6/12/19 13:12,74.511,38.7,1981.2,84.137
6/12/19 13:12,74.511,38.7,1981.2,84.137
6/12/19 13:12,74.511,38.7,1981.2,84.137
6/12/19 13:12,74.511,38.7,1983.7,84.137
6/12/19 13:12,74.511,38.8,1983.7,84.137
6/12/19 13:12,74.511,38.8,1983.7,84.137
6/12/19 13:12,74.511,38.8,1981.2,84.137
6/12/19 13:12,74.511,38.8,1983.7,84.137
6/12/19 13:12,74.511,38.8,1983.7,84.137
6/12/19 13:12,74.511,38.9,1986.2,84.137
6/12/19 13:12,74.554,39,1978.7,84.137
6/12/19 13:12,74.554,39,1986.2,84.137
6/12/19 13:12,74.554,39.1,1978.7,84.137
6/12/19 13:12,74.554,39.1,1981.2,84.137
6/12/19 13:12,74.554,39.1,1981.2,84.137
6/12/19 13:12,74.554,39.2,1978.7,84.137
6/12/19 13:12,74.554,39.3,1981.2,84.137
6/12/19 13:12,74.597,39.4,1978.7,84.137
6/12/19 13:12,74.597,39.4,1981.2,84.137
6/12/19 13:12,74.597,39.4,1978.7,84.137
6/12/19 13:12,74.597,39.4,1976.2,84.137
6/12/19 13:12,74.597,39.3,1971.2,84.137
6/12/19 13:12,74.64,39.3,1973.7,84.137
6/12/19 13:12,74.64,39.1,1976.2,84.137
6/12/19 13:12,74.64,39.1,1978.7,84.137
6/12/19 13:12,74.64,39.1,1978.7,84.137
6/12/19 13:12,74.64,39.1,1978.7,84.182
6/12/19 13:12,74.64,39.1,1978.7,84.182
6/12/19 13:12,74.64,39.1,1981.2,84.182
6/12/19 13:12,74.64,39.1,1978.7,84.137
6/12/19 13:12,74.683,39.1,1978.7,84.182
6/12/19 13:12,74.683,39.1,1978.7,84.182
6/12/19 13:12,74.683,39.1,1978.7,84.182
6/12/19 13:12,74.683,39.1,1978.7,84.182
6/12/19 13:12,74.683,39.1,1981.2,84.182
6/12/19 13:12,74.683,39.1,1983.7,84.182
6/12/19 13:12,74.683,39.1,1976.2,84.182
6/12/19 13:12,74.683,39.1,1981.2,84.182
6/12/19 13:12,74.683,39.1,1983.7,84.182
6/12/19 13:12,74.683,39.1,1981.2,84.182
6/12/19 13:12,74.683,39.1,1983.7,84.182
6/12/19 13:12,74.683,39.2,1981.2,84.182
6/12/19 13:12,74.683,39.4,1986.2,84.182
6/12/19 13:12,74.683,39.5,1986.2,84.182
6/12/19 13:12,74.683,39.7,1983.7,84.182
6/12/19 13:12,74.727,40,1983.7,84.182
6/12/19 13:12,74.727,40.1,1983.7,84.182
6/12/19 13:12,74.727,40.2,1986.2,84.182
6/12/19 13:12,74.77,40.2,1983.7,84.182
6/12/19 13:12,74.77,40.2,1986.2,84.182
6/12/19 13:12,74.77,40.1,1986.2,84.182
6/12/19 13:12,74.813,40,1986.2,84.182
6/12/19 13:12,74.813,39.9,1986.2,84.182
6/12/19 13:12,74.813,39.9,1986.2,84.182
6/12/19 13:12,74.813,40,1986.2,84.182
6/12/19 13:12,74.856,40,1983.7,84.182
6/12/19 13:13,74.856,40,1983.7,84.182
6/12/19 13:13,74.856,40,1986.2,84.182
6/12/19 13:13,74.856,40,1986.2,84.182
6/12/19 13:13,74.899,39.8,1983.7,84.182
6/12/19 13:13,74.899,39.7,1983.7,84.182
6/12/19 13:13,74.899,39.8,1983.7,84.182
6/12/19 13:13,74.899,39.6,1983.7,84.182
6/12/19 13:13,74.899,39.5,1981.2,84.182
6/12/19 13:13,74.943,39.4,1978.7,84.182
6/12/19 13:13,74.943,39.3,1976.2,84.182
6/12/19 13:13,74.943,39.2,1978.7,84.182
6/12/19 13:13,74.943,39.2,1981.2,84.182
6/12/19 13:13,74.943,39.2,1983.7,84.182
6/12/19 13:13,74.943,39.2,1991.2,84.182
6/12/19 13:13,74.943,39.3,1983.7,84.182
6/12/19 13:13,74.943,39.3,1983.7,84.182
6/12/19 13:13,74.943,39.4,1978.7,84.182
6/12/19 13:13,74.943,39.4,1981.2,84.182
6/12/19 13:13,74.943,39.5,1986.2,84.182
6/12/19 13:13,74.943,39.6,1983.7,84.182
6/12/19 13:13,74.943,39.6,1986.2,84.182
6/12/19 13:13,74.943,39.6,1988.7,84.182
6/12/19 13:13,74.943,39.6,1986.2,84.182
6/12/19 13:13,74.943,39.7,1991.2,84.182
6/12/19 13:13,74.943,39.7,1981.2,84.182
6/12/19 13:13,74.943,39.7,1993.7,84.182
6/12/19 13:13,74.986,39.8,1988.7,84.182
6/12/19 13:13,74.986,39.9,1993.7,84.182
6/12/19 13:13,74.986,39.9,1991.2,84.182
6/12/19 13:13,74.986,39.9,1991.2,84.182
6/12/19 13:13,74.986,39.8,1993.7,84.182
6/12/19 13:13,74.986,39.7,1988.7,84.182
6/12/19 13:13,75.029,39.6,1991.2,84.182
6/12/19 13:13,75.029,39.5,1993.7,84.182
6/12/19 13:13,75.029,39.4,1993.7,84.182
6/12/19 13:13,75.029,39.2,1991.2,84.182
6/12/19 13:13,75.029,39.2,1988.7,84.182
6/12/19 13:13,75.029,39.2,1991.2,84.182
6/12/19 13:13,75.029,39.1,1991.2,84.182
6/12/19 13:13,75.029,39.1,1993.7,84.182
6/12/19 13:13,74.986,39.1,1993.7,84.182
6/12/19 13:13,74.986,39.2,1996.2,84.182
6/12/19 13:13,74.986,39.2,1993.7,84.182
6/12/19 13:13,74.986,39.2,1996.2,84.182
6/12/19 13:13,74.986,39.2,1998.7,84.182
6/12/19 13:13,74.986,39.2,1996.2,84.182
6/12/19 13:13,74.986,39.2,1998.7,84.182
6/12/19 13:13,74.986,39.2,1998.7,84.182
6/12/19 13:13,74.986,39.2,1996.2,84.182
6/12/19 13:13,74.986,39.1,1998.7,84.182
6/12/19 13:13,74.986,39.1,1996.2,84.182
6/12/19 13:13,74.986,39.1,1996.2,84.182
6/12/19 13:13,74.986,39,1996.2,84.182
6/12/19 13:13,74.986,39.1,1996.2,84.182
6/12/19 13:13,74.943,39,1998.7,84.182
6/12/19 13:13,74.943,39,1996.2,84.227
6/12/19 13:13,74.943,39,1998.7,84.227
6/12/19 13:13,74.943,39,2001.2,84.182
6/12/19 13:13,74.943,38.9,2001.2,84.182
6/12/19 13:13,74.943,38.9,1998.7,84.227
6/12/19 13:14,74.943,38.9,2001.2,84.227
6/12/19 13:14,74.899,38.9,1998.7,84.182
6/12/19 13:14,74.899,38.9,2001.2,84.227
6/12/19 13:14,74.899,38.9,2001.2,84.182
6/12/19 13:14,74.899,38.9,1998.7,84.227
6/12/19 13:14,74.899,38.9,2001.2,84.182
6/12/19 13:14,74.899,38.9,2001.2,84.227
6/12/19 13:14,74.899,38.9,2003.7,84.227
6/12/19 13:14,74.899,38.9,2003.7,84.227
6/12/19 13:14,74.899,38.9,2003.7,84.227
6/12/19 13:14,74.856,38.9,2008.7,84.227
6/12/19 13:14,74.856,38.9,2006.2,84.227
6/12/19 13:14,74.856,38.9,2008.7,84.227
6/12/19 13:14,74.856,39,2001.2,84.227
6/12/19 13:14,74.856,39,2006.2,84.182
6/12/19 13:14,74.856,39.1,2006.2,84.227
6/12/19 13:14,74.856,39.1,1998.7,84.227
6/12/19 13:14,74.856,39.1,2008.7,84.227
6/12/19 13:14,74.813,39.1,2003.7,84.227
6/12/19 13:14,74.813,39.1,2006.2,84.227
6/12/19 13:14,74.813,39.2,2003.7,84.227
6/12/19 13:14,74.813,39.2,2006.2,84.227
6/12/19 13:14,74.813,39.2,2003.7,84.227
6/12/19 13:14,74.813,39.2,2001.2,84.227
6/12/19 13:14,74.813,39.2,2006.2,84.227
6/12/19 13:14,74.813,39.3,2003.7,84.227
6/12/19 13:14,74.813,39.4,2016.2,84.227
6/12/19 13:14,74.813,39.4,2006.2,84.227
6/12/19 13:14,74.813,39.5,2006.2,84.227
6/12/19 13:14,74.813,39.7,2003.7,84.227
6/12/19 13:14,74.813,39.8,2003.7,84.227
6/12/19 13:14,74.856,39.9,2008.7,84.227
6/12/19 13:14,74.856,39.8,2011.2,84.227
6/12/19 13:14,74.856,39.7,2011.2,84.227
6/12/19 13:14,74.856,39.5,2008.7,84.227
6/12/19 13:14,74.856,39.4,2008.7,84.227
6/12/19 13:14,74.856,39.3,2008.7,84.227
6/12/19 13:14,74.899,39.2,2008.7,84.227
6/12/19 13:14,74.856,39.2,2013.7,84.227
6/12/19 13:14,74.856,39.2,2011.2,84.227
6/12/19 13:14,74.856,39.2,2011.2,84.227
6/12/19 13:14,74.899,39.2,2011.2,84.227
6/12/19 13:14,74.856,39.2,2008.7,84.227
6/12/19 13:14,74.856,39.2,2016.2,84.227
6/12/19 13:14,74.856,39.2,2011.2,84.227
6/12/19 13:14,74.856,39.2,2008.7,84.227
6/12/19 13:14,74.899,39.2,2003.7,84.227
6/12/19 13:14,74.899,39.3,2003.7,84.227
6/12/19 13:14,74.899,39.4,2006.2,84.227
6/12/19 13:14,74.899,39.5,2011.2,84.227
6/12/19 13:14,74.899,39.5,2013.7,84.227
6/12/19 13:14,74.899,39.6,2013.7,84.227
6/12/19 13:14,74.899,39.7,2011.2,84.227
6/12/19 13:14,74.899,39.8,2013.7,84.227
6/12/19 13:14,74.899,39.8,2016.2,84.227
6/12/19 13:14,74.943,39.8,2011.2,84.227
6/12/19 13:14,74.943,39.8,2011.2,84.227
6/12/19 13:14,74.943,39.7,2013.7,84.227
6/12/19 13:14,74.943,39.6,2013.7,84.227
6/12/19 13:14,74.943,39.5,2016.2,84.227
6/12/19 13:15,74.986,39.5,2011.2,84.227
6/12/19 13:15,74.986,39.4,2016.2,84.227
6/12/19 13:15,74.986,39.3,2011.2,84.227
6/12/19 13:15,74.986,39.2,2006.2,84.227
6/12/19 13:15,74.986,39.2,2011.2,84.272
6/12/19 13:15,74.986,39.2,2006.2,84.227
6/12/19 13:15,74.986,39.2,2016.2,84.227
6/12/19 13:15,74.943,39.2,2003.7,84.227
6/12/19 13:15,74.986,39.4,2011.2,84.227
6/12/19 13:15,74.986,39.4,2011.2,84.227
6/12/19 13:15,74.986,39.5,2013.7,84.227
6/12/19 13:15,74.986,39.6,2018.7,84.227
6/12/19 13:15,74.986,39.7,2018.7,84.227
6/12/19 13:15,74.986,39.8,2016.2,84.227
6/12/19 13:15,74.986,39.9,2026.2,84.227
6/12/19 13:15,74.986,40,2021.2,84.227
6/12/19 13:15,74.986,40.1,2018.7,84.227
6/12/19 13:15,75.029,40.1,2018.7,84.227
6/12/19 13:15,75.029,40.1,2018.7,84.272
6/12/19 13:15,75.029,40.1,2016.2,84.272
6/12/19 13:15,75.074,40.2,2016.2,84.227
6/12/19 13:15,75.074,40,2016.2,84.227
6/12/19 13:15,75.074,40,2013.7,84.272
6/12/19 13:15,75.117,40.1,2011.2,84.227
6/12/19 13:15,75.117,40,2011.2,84.227
6/12/19 13:15,75.117,39.9,2013.7,84.272
6/12/19 13:15,75.117,39.9,2011.2,84.227
6/12/19 13:15,75.117,39.9,2016.2,84.227
6/12/19 13:15,75.16,39.9,2016.2,84.272
6/12/19 13:15,75.16,39.9,2013.7,84.227
6/12/19 13:15,75.16,40,2016.2,84.272
6/12/19 13:15,75.16,40,2013.7,84.272
6/12/19 13:15,75.16,40.1,2011.2,84.272
6/12/19 13:15,75.16,40,2011.2,84.227
6/12/19 13:15,75.204,40.1,2011.2,84.272
6/12/19 13:15,75.204,40.2,2008.7,84.272
6/12/19 13:15,75.204,40.2,2006.2,84.272
6/12/19 13:15,75.204,40.3,2008.7,84.272
6/12/19 13:15,75.204,40.4,2008.7,84.272
6/12/19 13:15,75.247,40.5,2008.7,84.272
6/12/19 13:15,75.247,40.5,2008.7,84.272
6/12/19 13:15,75.247,40.6,2003.7,84.272
6/12/19 13:15,75.29,40.6,2003.7,84.272
6/12/19 13:15,75.29,40.6,2001.2,84.272
6/12/19 13:15,75.29,40.6,2003.7,84.272
6/12/19 13:15,75.333,40.6,2001.2,84.272
6/12/19 13:15,75.333,40.6,2003.7,84.272
6/12/19 13:15,75.333,40.6,1998.7,84.272
6/12/19 13:15,75.333,40.7,2003.7,84.272
6/12/19 13:15,75.376,40.7,2001.2,84.272
6/12/19 13:15,75.376,40.8,1996.2,84.272
6/12/19 13:15,75.42,40.8,1998.7,84.272
6/12/19 13:15,75.42,40.8,1993.7,84.272
6/12/19 13:15,75.463,40.8,1996.2,84.272
6/12/19 13:15,75.463,40.8,2008.7,84.272
6/12/19 13:15,75.463,40.8,1998.7,84.272
6/12/19 13:15,75.508,40.7,1998.7,84.272
6/12/19 13:15,75.508,40.7,2001.2,84.272
6/12/19 13:15,75.508,40.7,1996.2,84.272
6/12/19 13:15,75.551,40.7,1998.7,84.272
6/12/19 13:16,75.551,40.6,1993.7,84.272
6/12/19 13:16,75.551,40.6,1988.7,84.272
6/12/19 13:16,75.594,40.6,1993.7,84.272
6/12/19 13:16,75.594,40.5,1996.2,84.272
6/12/19 13:16,75.594,40.5,1993.7,84.272
6/12/19 13:16,75.594,40.4,1988.7,84.272
6/12/19 13:16,75.637,40.3,1988.7,84.272
6/12/19 13:16,75.637,40.2,1981.2,84.272
6/12/19 13:16,75.637,40.2,1971.2,84.272
6/12/19 13:16,75.637,40.2,1966.2,84.272
6/12/19 13:16,75.637,40.1,1966.2,84.272
6/12/19 13:16,75.681,40.1,1966.2,84.272
6/12/19 13:16,75.681,40,1968.7,84.272
6/12/19 13:16,75.681,40,1968.7,84.272
6/12/19 13:16,75.681,40.1,1966.2,84.272
6/12/19 13:16,75.681,40,1966.2,84.272
6/12/19 13:16,75.681,40,1966.2,84.272
6/12/19 13:16,75.681,40.1,1963.7,84.272
6/12/19 13:16,75.724,40.1,1963.7,84.272
6/12/19 13:16,75.724,40.1,1963.7,84.272
6/12/19 13:16,75.724,40.1,1968.7,84.272
6/12/19 13:16,75.724,40.1,1978.7,84.272
6/12/19 13:16,75.724,40,1971.2,84.272
6/12/19 13:16,75.724,39.9,1968.7,84.272
6/12/19 13:16,75.724,39.9,1966.2,84.272
6/12/19 13:16,75.724,39.9,1971.2,84.272
6/12/19 13:16,75.724,39.9,1973.7,84.272
6/12/19 13:16,75.724,39.9,1976.2,84.272
6/12/19 13:16,75.724,39.9,1973.7,84.272
6/12/19 13:16,75.767,40,1986.2,84.272
6/12/19 13:16,75.767,40.1,1986.2,84.272
6/12/19 13:16,75.767,40,1991.2,84.272
6/12/19 13:16,75.767,40,1996.2,84.272
6/12/19 13:16,75.767,40.1,1993.7,84.272
6/12/19 13:16,75.767,40.1,1993.7,84.272
6/12/19 13:16,75.767,40,1993.7,84.272
6/12/19 13:16,75.81,40,1996.2,84.272
6/12/19 13:16,75.81,40,1996.2,84.272
6/12/19 13:16,75.81,40.1,1993.7,84.272
6/12/19 13:16,75.81,40.1,1998.7,84.272
6/12/19 13:16,75.81,40.1,1998.7,84.272
6/12/19 13:16,75.81,40.1,2006.2,84.272
6/12/19 13:16,75.853,40,1986.2,84.272
6/12/19 13:16,75.853,40.1,1983.7,84.272
6/12/19 13:16,75.853,40,1981.2,84.272
6/12/19 13:16,75.853,39.8,1983.7,84.272
6/12/19 13:16,75.898,39.7,1988.7,84.272
6/12/19 13:16,75.898,39.5,1996.2,84.272
6/12/19 13:16,75.898,39.5,1996.2,84.272
6/12/19 13:16,75.898,39.4,1996.2,84.272
6/12/19 13:16,75.898,39.4,1983.7,84.272
6/12/19 13:16,75.898,39.5,2001.2,84.272
6/12/19 13:16,75.898,39.6,1993.7,84.272
6/12/19 13:16,75.898,39.6,1993.7,84.317
6/12/19 13:16,75.898,39.8,2006.2,84.272
6/12/19 13:16,75.898,39.8,2006.2,84.272
6/12/19 13:16,75.898,39.9,2001.2,84.272
6/12/19 13:16,75.942,39.9,2001.2,84.317
6/12/19 13:16,75.942,40,2006.2,84.272
6/12/19 13:16,75.942,40,2008.7,84.272
6/12/19 13:17,75.942,40,2008.7,84.272
6/12/19 13:17,75.985,39.9,2013.7,84.317
6/12/19 13:17,75.985,39.9,2006.2,84.272
6/12/19 13:17,75.985,39.8,2008.7,84.317
6/12/19 13:17,75.985,39.7,2013.7,84.272
6/12/19 13:17,75.985,39.7,2008.7,84.272
6/12/19 13:17,75.985,39.6,2016.2,84.317
6/12/19 13:17,75.985,39.6,2008.7,84.317
6/12/19 13:17,76.028,39.5,2013.7,84.272
6/12/19 13:17,76.028,39.5,2013.7,84.272
6/12/19 13:17,76.028,39.4,2016.2,84.272
6/12/19 13:17,76.028,39.4,2018.7,84.317
6/12/19 13:17,76.028,39.4,2013.7,84.317
6/12/19 13:17,76.028,39.4,2016.2,84.317
6/12/19 13:17,76.028,39.4,2016.2,84.317
6/12/19 13:17,76.028,39.4,2018.7,84.317
6/12/19 13:17,76.028,39.4,2016.2,84.317
6/12/19 13:17,76.028,39.3,2011.2,84.317
6/12/19 13:17,76.028,39.3,2011.2,84.317
6/12/19 13:17,76.028,39.3,2011.2,84.317
6/12/19 13:17,76.028,39.2,2006.2,84.317
6/12/19 13:17,76.071,39.2,2006.2,84.317
6/12/19 13:17,76.028,39.2,2008.7,84.317
6/12/19 13:17,76.028,39.2,2003.7,84.317
6/12/19 13:17,76.028,39.2,2011.2,84.317
6/12/19 13:17,76.071,39.2,2008.7,84.317
6/12/19 13:17,76.028,39.1,2008.7,84.317
6/12/19 13:17,76.071,39.1,2006.2,84.317
6/12/19 13:17,76.071,38.9,2011.2,84.317
6/12/19 13:17,76.071,38.8,2003.7,84.317
6/12/19 13:17,76.028,38.7,2006.2,84.317
6/12/19 13:17,76.028,38.5,2003.7,84.317
6/12/19 13:17,76.028,38.4,2006.2,84.317
6/12/19 13:17,76.028,38.3,2008.7,84.317
6/12/19 13:17,76.028,38.3,2003.7,84.317
6/12/19 13:17,75.985,38.2,2003.7,84.317
6/12/19 13:17,75.985,38.1,2003.7,84.317
6/12/19 13:17,75.985,38.1,2008.7,84.317
6/12/19 13:17,75.985,38,2013.7,84.317
6/12/19 13:17,75.985,37.9,2006.2,84.317
6/12/19 13:17,75.942,37.8,2011.2,84.317
6/12/19 13:17,75.942,37.8,2013.7,84.317
6/12/19 13:17,75.942,37.8,2008.7,84.317
6/12/19 13:17,75.942,37.8,2011.2,84.317
6/12/19 13:17,75.898,37.9,2016.2,84.317
6/12/19 13:17,75.898,38,2011.2,84.317
6/12/19 13:17,75.898,38.1,2008.7,84.317
6/12/19 13:17,75.898,38.2,2008.7,84.317
6/12/19 13:17,75.898,38.3,2003.7,84.317
6/12/19 13:17,75.898,38.3,2008.7,84.317
6/12/19 13:17,75.898,38.4,2008.7,84.317
6/12/19 13:17,75.898,38.4,2013.7,84.317
6/12/19 13:17,75.898,38.5,2008.7,84.317
6/12/19 13:17,75.898,38.4,2011.2,84.317
6/12/19 13:17,75.898,38.4,2008.7,84.317
6/12/19 13:17,75.898,38.3,2008.7,84.317
6/12/19 13:17,75.898,38.3,2008.7,84.317
6/12/19 13:17,75.898,38.3,2011.2,84.317
6/12/19 13:17,75.898,38.2,2003.7,84.317
6/12/19 13:17,75.853,38.1,2006.2,84.317
6/12/19 13:18,75.898,38.1,2006.2,84.317
6/12/19 13:18,75.853,38,2006.2,84.317
6/12/19 13:18,75.853,37.9,2003.7,84.317
6/12/19 13:18,75.853,37.8,2003.7,84.317
6/12/19 13:18,75.853,37.7,2001.2,84.317
6/12/19 13:18,75.853,37.6,1998.7,84.317
6/12/19 13:18,75.853,37.5,2001.2,84.317
6/12/19 13:18,75.81,37.4,2001.2,84.317
6/12/19 13:18,75.81,37.5,1996.2,84.317
6/12/19 13:18,75.81,37.3,2001.2,84.317
6/12/19 13:18,75.81,37.3,2001.2,84.317
6/12/19 13:18,75.767,37.2,2001.2,84.317
6/12/19 13:18,75.767,37.1,2001.2,84.317
6/12/19 13:18,75.767,37,1998.7,84.317
6/12/19 13:18,75.724,36.9,1998.7,84.317
6/12/19 13:18,75.724,36.8,1998.7,84.317
6/12/19 13:18,75.681,36.8,2001.2,84.317
6/12/19 13:18,75.681,36.8,2008.7,84.317
6/12/19 13:18,75.681,36.8,2001.2,84.317
6/12/19 13:18,75.637,36.8,2001.2,84.317
6/12/19 13:18,75.637,36.8,2001.2,84.317
6/12/19 13:18,75.637,36.8,1998.7,84.317
6/12/19 13:18,75.594,36.8,1998.7,84.317
6/12/19 13:18,75.594,36.8,1996.2,84.317
6/12/19 13:18,75.594,36.8,1996.2,84.317
6/12/19 13:18,75.551,36.9,1988.7,84.317
6/12/19 13:18,75.551,36.9,1988.7,84.362
6/12/19 13:18,75.551,36.9,1991.2,84.317
6/12/19 13:18,75.508,37,1986.2,84.362
6/12/19 13:18,75.508,37,1991.2,84.362
6/12/19 13:18,75.508,37.1,1991.2,84.362
6/12/19 13:18,75.508,37.2,1988.7,84.317
6/12/19 13:18,75.508,37.3,1986.2,84.362
6/12/19 13:18,75.508,37.4,1991.2,84.317
6/12/19 13:18,75.463,37.5,1991.2,84.317
6/12/19 13:18,75.508,37.7,1996.2,84.317
6/12/19 13:18,75.508,37.8,1998.7,84.362
6/12/19 13:18,75.508,37.9,1998.7,84.317
6/12/19 13:18,75.508,37.9,2001.2,84.362
6/12/19 13:18,75.508,37.9,1996.2,84.362
6/12/19 13:18,75.508,37.8,1988.7,84.362
6/12/19 13:18,75.508,37.7,1986.2,84.362
6/12/19 13:18,75.508,37.5,1986.2,84.362
6/12/19 13:18,75.508,37.5,1988.7,84.362
6/12/19 13:18,75.508,37.4,1986.2,84.362
6/12/19 13:18,75.508,37.5,1983.7,84.362
6/12/19 13:18,75.508,37.5,1981.2,84.362
6/12/19 13:18,75.508,37.4,1976.2,84.362
6/12/19 13:18,75.508,37.4,1973.7,84.362
6/12/19 13:18,75.463,37.4,1976.2,84.362
6/12/19 13:18,75.463,37.4,1978.7,84.362
6/12/19 13:18,75.463,37.4,1971.2,84.362
6/12/19 13:18,75.463,37.4,1971.2,84.362
6/12/19 13:18,75.463,37.4,1961.2,84.362
6/12/19 13:18,75.463,37.4,1968.7,84.362
6/12/19 13:18,75.463,37.4,1963.7,84.362
6/12/19 13:18,75.463,37.4,1966.2,84.362
6/12/19 13:18,75.463,37.4,1961.2,84.362
6/12/19 13:18,75.463,37.5,1963.7,84.362
6/12/19 13:18,75.463,37.5,1966.2,84.362
6/12/19 13:19,75.463,37.4,1963.7,84.362
6/12/19 13:19,75.463,37.4,1966.2,84.362
6/12/19 13:19,75.463,37.5,1961.2,84.362
6/12/19 13:19,75.463,37.5,1968.7,84.362
6/12/19 13:19,75.463,37.5,1968.7,84.362
6/12/19 13:19,75.463,37.6,1966.2,84.362
6/12/19 13:19,75.508,37.6,1963.7,84.362
6/12/19 13:19,75.463,37.7,1961.2,84.362
6/12/19 13:19,75.508,37.8,1958.7,84.362
6/12/19 13:19,75.508,37.8,1956.2,84.362
6/12/19 13:19,75.508,37.9,1956.2,84.362
6/12/19 13:19,75.508,38,1958.7,84.362
6/12/19 13:19,75.508,38.1,1948.7,84.362
6/12/19 13:19,75.508,38.2,1951.2,84.362
6/12/19 13:19,75.551,38.3,1951.2,84.362
6/12/19 13:19,75.551,38.3,1948.7,84.362
6/12/19 13:19,75.551,38.3,1946.2,84.362
6/12/19 13:19,75.551,38.4,1926.2,84.362
6/12/19 13:19,75.594,38.4,1948.7,84.362
6/12/19 13:19,75.594,38.4,1951.2,84.362
6/12/19 13:19,75.594,38.4,1953.7,84.362
6/12/19 13:19,75.594,38.4,1948.7,84.362
6/12/19 13:19,75.594,38.4,1951.2,84.362
6/12/19 13:19,75.637,38.4,1951.2,84.362
6/12/19 13:19,75.637,38.4,1951.2,84.362
6/12/19 13:19,75.637,38.5,1941.2,84.362
6/12/19 13:19,75.637,38.5,1943.7,84.362
6/12/19 13:19,75.637,38.6,1956.2,84.362
6/12/19 13:19,75.681,38.7,1958.7,84.362
6/12/19 13:19,75.681,38.8,1951.2,84.362
6/12/19 13:19,75.681,38.8,1948.7,84.362
6/12/19 13:19,75.724,38.8,1948.7,84.362
6/12/19 13:19,75.724,38.8,1951.2,84.362
6/12/19 13:19,75.724,38.8,1958.7,84.362
6/12/19 13:19,75.724,38.8,1953.7,84.362
6/12/19 13:19,75.767,38.8,1951.2,84.362
6/12/19 13:19,75.767,38.8,1938.7,84.362
6/12/19 13:19,75.767,38.8,1943.7,84.362
6/12/19 13:19,75.81,38.8,1933.7,84.362
6/12/19 13:19,75.81,38.9,1931.2,84.362
6/12/19 13:19,75.81,39,1938.7,84.362
6/12/19 13:19,75.81,39,1941.2,84.362
6/12/19 13:19,75.853,39.1,1938.7,84.362
6/12/19 13:19,75.853,39.1,1936.2,84.362
6/12/19 13:19,75.898,39.1,1936.2,84.362
6/12/19 13:19,75.898,39.1,1938.7,84.362
6/12/19 13:19,75.898,39.1,1938.7,84.362
6/12/19 13:19,75.898,39.1,1931.2,84.407
6/12/19 13:19,75.942,39.1,1931.2,84.362
6/12/19 13:19,75.942,39.1,1936.2,84.407
6/12/19 13:19,75.942,39,1936.2,84.362
6/12/19 13:19,75.985,39,1918.7,84.407
6/12/19 13:19,75.985,39,1891.2,84.362
6/12/19 13:19,76.028,39,1901.2,84.362
6/12/19 13:19,76.028,38.9,1913.7,84.407
6/12/19 13:19,76.028,38.8,1913.7,84.407
6/12/19 13:19,76.028,38.8,1911.2,84.362
6/12/19 13:19,76.071,38.7,1913.7,84.407
6/12/19 13:19,76.071,38.6,1913.7,84.407
6/12/19 13:19,76.071,38.6,1916.2,84.407
6/12/19 13:20,76.071,38.6,1908.7,84.407
6/12/19 13:20,76.071,38.6,1908.7,84.407
6/12/19 13:20,76.071,38.6,1906.2,84.407
6/12/19 13:20,76.114,38.7,1901.2,84.407
6/12/19 13:20,76.114,38.7,1901.2,84.407
6/12/19 13:20,76.114,38.8,1893.7,84.407
6/12/19 13:20,76.114,38.8,1906.2,84.407
6/12/19 13:20,76.114,38.9,1906.2,84.407
6/12/19 13:20,76.158,38.9,1908.7,84.407
6/12/19 13:20,76.158,39,1921.2,84.407
6/12/19 13:20,76.158,39,1921.2,84.407
6/12/19 13:20,76.158,39.1,1941.2,84.407
6/12/19 13:20,76.203,39.1,1948.7,84.407
6/12/19 13:20,76.203,39.1,1963.7,84.407
6/12/19 13:20,76.203,39.2,1973.7,84.407
6/12/19 13:20,76.203,39.2,1973.7,84.407
6/12/19 13:20,76.246,39.2,1973.7,84.407
6/12/19 13:20,76.246,39.2,1971.2,84.407
6/12/19 13:20,76.246,39.2,1976.2,84.407
6/12/19 13:20,76.289,39.2,1978.7,84.407
6/12/19 13:20,76.289,39.2,1973.7,84.407
6/12/19 13:20,76.289,39.1,1971.2,84.407
6/12/19 13:20,76.289,39.1,1971.2,84.407
6/12/19 13:20,76.332,39.2,1961.2,84.407
6/12/19 13:20,76.332,39.2,1958.7,84.407
6/12/19 13:20,76.332,39.2,1948.7,84.407
6/12/19 13:20,76.375,39.2,1941.2,84.407
6/12/19 13:20,76.375,39.2,1951.2,84.407
6/12/19 13:20,76.375,39.2,1961.2,84.407
6/12/19 13:20,76.419,39.2,1968.7,84.407
6/12/19 13:20,76.419,39.2,1966.2,84.407
6/12/19 13:20,76.419,39.1,1961.2,84.407
6/12/19 13:20,76.464,39.1,1953.7,84.407
6/12/19 13:20,76.464,38.9,1951.2,84.407
6/12/19 13:20,76.464,38.8,1951.2,84.407
6/12/19 13:20,76.464,38.6,1956.2,84.407
6/12/19 13:20,76.507,38.5,1963.7,84.407
6/12/19 13:20,76.507,38.5,1961.2,84.407
6/12/19 13:20,76.507,38.4,1958.7,84.407
6/12/19 13:20,76.507,38.4,1956.2,84.407
6/12/19 13:20,76.507,38.3,1958.7,84.407
6/12/19 13:20,76.507,38.3,1948.7,84.407
6/12/19 13:20,76.507,38.2,1943.7,84.407
6/12/19 13:20,76.507,38.1,1936.2,84.407
6/12/19 13:20,76.507,38,1931.2,84.452
6/12/19 13:20,76.507,37.9,1938.7,84.407
6/12/19 13:20,76.507,37.8,1936.2,84.452
6/12/19 13:20,76.507,37.8,1936.2,84.407
6/12/19 13:20,76.507,37.7,1931.2,84.407
6/12/19 13:20,76.507,37.6,1926.2,84.452
6/12/19 13:20,76.507,37.5,1918.7,84.407
6/12/19 13:20,76.464,37.5,1918.7,84.407
6/12/19 13:20,76.464,37.5,1913.7,84.452
6/12/19 13:20,76.464,37.4,1908.7,84.452
6/12/19 13:20,76.464,37.5,1916.2,84.452
6/12/19 13:20,76.419,37.4,1911.2,84.452
6/12/19 13:20,76.419,37.5,1906.2,84.452
6/12/19 13:20,76.419,37.5,1911.2,84.452
6/12/19 13:20,76.419,37.5,1913.7,84.452
6/12/19 13:20,76.419,37.6,1921.2,84.452
6/12/19 13:21,76.375,37.6,1916.2,84.452
6/12/19 13:21,76.375,37.6,1918.7,84.452
6/12/19 13:21,76.375,37.6,1918.7,84.452
6/12/19 13:21,76.375,37.6,1918.7,84.452
6/12/19 13:21,76.375,37.6,1918.7,84.452
6/12/19 13:21,76.375,37.6,1921.2,84.452
6/12/19 13:21,76.375,37.6,1918.7,84.452
6/12/19 13:21,76.375,37.6,1913.7,84.452
6/12/19 13:21,76.375,37.6,1913.7,84.452
6/12/19 13:21,76.375,37.6,1908.7,84.452
6/12/19 13:21,76.375,37.6,1906.2,84.452
6/12/19 13:21,76.375,37.6,1896.2,84.452
6/12/19 13:21,76.375,37.7,1888.7,84.452
6/12/19 13:21,76.375,37.7,1888.7,84.452
6/12/19 13:21,76.375,37.7,1886.2,84.452
6/12/19 13:21,76.375,37.7,1886.2,84.452
6/12/19 13:21,76.375,37.8,1883.7,84.452
6/12/19 13:21,76.375,37.8,1888.7,84.452
6/12/19 13:21,76.375,37.8,1896.2,84.452
6/12/19 13:21,76.375,37.8,1888.7,84.452
6/12/19 13:21,76.375,37.8,1883.7,84.452
6/12/19 13:21,76.375,37.8,1871.2,84.452
6/12/19 13:21,76.375,37.8,1863.7,84.452
6/12/19 13:21,76.375,37.9,1856.2,84.452
6/12/19 13:21,76.375,37.9,1848.7,84.452
6/12/19 13:21,76.375,37.9,1846.2,84.452
6/12/19 13:21,76.419,37.9,1841.2,84.452
6/12/19 13:21,76.419,38,1838.7,84.452
6/12/19 13:21,76.419,38,1833.7,84.452
6/12/19 13:21,76.419,38,1841.2,84.452
6/12/19 13:21,76.419,38,1848.7,84.452
6/12/19 13:21,76.419,38,1848.7,84.452
6/12/19 13:21,76.464,38.1,1858.7,84.452
6/12/19 13:21,76.464,38.1,1856.2,84.452
6/12/19 13:21,76.464,38.1,1866.2,84.452
6/12/19 13:21,76.464,38.1,1871.2,84.452
6/12/19 13:21,76.464,38.1,1871.2,84.452
6/12/19 13:21,76.507,38.1,1873.7,84.452
6/12/19 13:21,76.507,38.1,1871.2,84.452
6/12/19 13:21,76.507,38.1,1861.2,84.452
6/12/19 13:21,76.507,38.1,1856.2,84.452
6/12/19 13:21,76.55,38.1,1856.2,84.452
6/12/19 13:21,76.55,38.1,1858.7,84.452
6/12/19 13:21,76.55,38.1,1856.2,84.452
6/12/19 13:21,76.55,38.2,1856.2,84.452
6/12/19 13:21,76.55,38.2,1848.7,84.452
6/12/19 13:21,76.55,38.2,1843.7,84.452
6/12/19 13:21,76.593,38.2,1831.2,84.452
6/12/19 13:21,76.593,38.2,1831.2,84.452
6/12/19 13:21,76.593,38.2,1833.7,84.452
6/12/19 13:21,76.593,38.2,1836.2,84.452
6/12/19 13:21,76.593,38.2,1828.7,84.452
6/12/19 13:21,76.636,38.1,1828.7,84.452
6/12/19 13:21,76.636,38.2,1826.2,84.452
6/12/19 13:21,76.636,38.2,1833.7,84.452
6/12/19 13:21,76.636,38.1,1833.7,84.452
6/12/19 13:21,76.636,38.1,1838.7,84.452
6/12/19 13:21,76.636,38,1843.7,84.452
6/12/19 13:21,76.636,38,1843.7,84.497
6/12/19 13:21,76.636,38,1846.2,84.452
6/12/19 13:22,76.636,38,1851.2,84.497
6/12/19 13:22,76.681,37.9,1851.2,84.497
6/12/19 13:22,76.636,37.9,1851.2,84.452
6/12/19 13:22,76.636,37.9,1851.2,84.452
6/12/19 13:22,76.681,37.9,1853.7,84.452
6/12/19 13:22,76.636,37.9,1861.2,84.452
6/12/19 13:22,76.636,37.9,1868.7,84.497
6/12/19 13:22,76.681,37.9,1876.2,84.452
6/12/19 13:22,76.681,37.8,1881.2,84.452
6/12/19 13:22,76.681,37.8,1886.2,84.497
6/12/19 13:22,76.681,37.8,1876.2,84.497
6/12/19 13:22,76.681,37.7,1878.7,84.497
6/12/19 13:22,76.681,37.7,1873.7,84.497
6/12/19 13:22,76.681,37.7,1886.2,84.497
6/12/19 13:22,76.681,37.7,1893.7,84.497
6/12/19 13:22,76.681,37.7,1896.2,84.497
6/12/19 13:22,76.681,37.7,1893.7,84.497
6/12/19 13:22,76.681,37.7,1888.7,84.497
6/12/19 13:22,76.681,37.7,1891.2,84.497
6/12/19 13:22,76.725,37.6,1903.7,84.497
6/12/19 13:22,76.725,37.6,1911.2,84.497
6/12/19 13:22,76.725,37.5,1911.2,84.497
6/12/19 13:22,76.725,37.5,1911.2,84.497
6/12/19 13:22,76.725,37.5,1911.2,84.497
6/12/19 13:22,76.725,37.5,1906.2,84.497
6/12/19 13:22,76.725,37.5,1898.7,84.497
6/12/19 13:22,76.725,37.4,1896.2,84.497
6/12/19 13:22,76.725,37.4,1898.7,84.497
6/12/19 13:22,76.725,37.4,1893.7,84.497
6/12/19 13:22,76.725,37.4,1891.2,84.497
6/12/19 13:22,76.725,37.4,1891.2,84.497
6/12/19 13:22,76.725,37.4,1891.2,84.497
6/12/19 13:22,76.725,37.4,1883.7,84.497
6/12/19 13:22,76.725,37.4,1873.7,84.497
6/12/19 13:22,76.725,37.4,1873.7,84.497
6/12/19 13:22,76.725,37.4,1881.2,84.497
6/12/19 13:22,76.725,37.5,1886.2,84.497
6/12/19 13:22,76.725,37.6,1888.7,84.497
6/12/19 13:22,76.725,37.5,1888.7,84.497
6/12/19 13:22,76.725,37.5,1883.7,84.497
6/12/19 13:22,76.768,37.5,1891.2,84.497
6/12/19 13:22,76.768,37.5,1893.7,84.497
6/12/19 13:22,76.768,37.6,1896.2,84.497
6/12/19 13:22,76.768,37.6,1898.7,84.497
6/12/19 13:22,76.768,37.6,1888.7,84.497
6/12/19 13:22,76.768,37.6,1893.7,84.497
6/12/19 13:22,76.768,37.6,1903.7,84.497
6/12/19 13:22,76.768,37.7,1908.7,84.497
6/12/19 13:22,76.768,37.7,1911.2,84.497
6/12/19 13:22,76.811,37.7,1916.2,84.497
6/12/19 13:22,76.811,37.7,1918.7,84.497
6/12/19 13:22,76.811,37.7,1908.7,84.497
6/12/19 13:22,76.811,37.6,1913.7,84.497
6/12/19 13:22,76.811,37.6,1926.2,84.497
6/12/19 13:22,76.811,37.6,1931.2,84.497
6/12/19 13:22,76.811,37.5,1933.7,84.497
6/12/19 13:22,76.811,37.6,1938.7,84.497
6/12/19 13:22,76.811,37.5,1931.2,84.497
6/12/19 13:22,76.811,37.5,1936.2,84.542
6/12/19 13:22,76.811,37.4,1938.7,84.497
6/12/19 13:23,76.811,37.4,1941.2,84.542
6/12/19 13:23,76.811,37.4,1946.2,84.542
6/12/19 13:23,76.811,37.4,1948.7,84.542
6/12/19 13:23,76.811,37.4,1953.7,84.542
6/12/19 13:23,76.811,37.4,1961.2,84.542
6/12/19 13:23,76.811,37.4,1958.7,84.542
6/12/19 13:23,76.811,37.4,1961.2,84.497
6/12/19 13:23,76.811,37.4,1963.7,84.542
6/12/19 13:23,76.811,37.4,1966.2,84.542
6/12/19 13:23,76.811,37.4,1973.7,84.542
6/12/19 13:23,76.811,37.4,1971.2,84.542
6/12/19 13:23,76.811,37.4,1973.7,84.542
6/12/19 13:23,76.854,37.4,1966.2,84.542
6/12/19 13:23,76.811,37.4,1966.2,84.542
6/12/19 13:23,76.854,37.4,1963.7,84.542
6/12/19 13:23,76.854,37.4,1968.7,84.542
6/12/19 13:23,76.854,37.5,1968.7,84.542
6/12/19 13:23,76.854,37.5,1963.7,84.542
6/12/19 13:23,76.854,37.5,1963.7,84.542
6/12/19 13:23,76.899,37.5,1968.7,84.542
6/12/19 13:23,76.899,37.5,1966.2,84.542
6/12/19 13:23,76.899,37.5,1971.2,84.542
6/12/19 13:23,76.899,37.5,1968.7,84.542
6/12/19 13:23,76.899,37.6,1966.2,84.542
6/12/19 13:23,76.942,37.5,1973.7,84.542
6/12/19 13:23,76.942,37.5,1978.7,84.542
6/12/19 13:23,76.942,37.6,1981.2,84.542
6/12/19 13:23,76.942,37.5,1981.2,84.542
6/12/19 13:23,76.986,37.5,1976.2,84.542
6/12/19 13:23,76.986,37.4,1978.7,84.542
6/12/19 13:23,76.986,37.4,1978.7,84.542
6/12/19 13:23,76.986,37.4,1978.7,84.542
6/12/19 13:23,76.986,37.3,1976.2,84.542
6/12/19 13:23,76.986,37.3,1978.7,84.542
6/12/19 13:23,76.986,37.2,1981.2,84.542
6/12/19 13:23,76.986,37.2,1978.7,84.542
6/12/19 13:23,76.986,37.1,1978.7,84.542
6/12/19 13:23,76.986,37.1,1973.7,84.542
6/12/19 13:23,76.986,36.9,1968.7,84.542
6/12/19 13:23,76.986,36.9,1963.7,84.542
6/12/19 13:23,76.986,36.8,1961.2,84.542
6/12/19 13:23,76.986,36.7,1963.7,84.542
6/12/19 13:23,76.986,36.7,1963.7,84.542
6/12/19 13:23,76.942,36.7,1966.2,84.542
6/12/19 13:23,76.942,36.6,1966.2,84.542
6/12/19 13:23,76.942,36.6,1973.7,84.542
6/12/19 13:23,76.942,36.6,1976.2,84.542
6/12/19 13:23,76.942,36.6,1983.7,84.542
6/12/19 13:23,76.942,36.6,1981.2,84.542
6/12/19 13:23,76.942,36.6,1981.2,84.542
6/12/19 13:23,76.899,36.6,1978.7,84.542
6/12/19 13:23,76.899,36.6,1978.7,84.542
6/12/19 13:23,76.899,36.6,1978.7,84.542
6/12/19 13:23,76.899,36.6,1978.7,84.542
6/12/19 13:23,76.899,36.6,1981.2,84.542
6/12/19 13:23,76.899,36.6,1978.7,84.542
6/12/19 13:23,76.899,36.6,1976.2,84.542
6/12/19 13:23,76.854,36.6,1976.2,84.542
6/12/19 13:23,76.899,36.6,1973.7,84.542
6/12/19 13:23,76.854,36.6,1976.2,84.542
6/12/19 13:24,76.854,36.6,1981.2,84.542
6/12/19 13:24,76.854,36.6,1978.7,84.542
6/12/19 13:24,76.854,36.6,1978.7,84.542
6/12/19 13:24,76.854,36.6,1971.2,84.542
6/12/19 13:24,76.854,36.6,1971.2,84.542
6/12/19 13:24,76.854,36.6,1973.7,84.542
6/12/19 13:24,76.854,36.6,1966.2,84.542
6/12/19 13:24,76.854,36.6,1968.7,84.542
6/12/19 13:24,76.854,36.6,1961.2,84.542
6/12/19 13:24,76.854,36.6,1958.7,84.542
6/12/19 13:24,76.854,36.7,1958.7,84.542
6/12/19 13:24,76.811,36.8,1953.7,84.542
6/12/19 13:24,76.811,37,1953.7,84.542
6/12/19 13:24,76.811,37.1,1953.7,84.542
6/12/19 13:24,76.811,37.2,1951.2,84.542
6/12/19 13:24,76.811,37.3,1953.7,84.542
6/12/19 13:24,76.811,37.3,1958.7,84.542
6/12/19 13:24,76.811,37.4,1958.7,84.542
6/12/19 13:24,76.811,37.4,1953.7,84.542
6/12/19 13:24,76.811,37.4,1953.7,84.542
6/12/19 13:24,76.811,37.4,1948.7,84.542
6/12/19 13:24,76.768,37.4,1946.2,84.542
6/12/19 13:24,76.811,37.4,1946.2,84.542
6/12/19 13:24,76.768,37.4,1948.7,84.542
6/12/19 13:24,76.768,37.4,1948.7,84.542
6/12/19 13:24,76.768,37.4,1943.7,84.542
6/12/19 13:24,76.768,37.4,1943.7,84.542
6/12/19 13:24,76.768,37.6,1946.2,84.542
6/12/19 13:24,76.768,37.6,1948.7,84.542
6/12/19 13:24,76.768,37.6,1951.2,84.542
6/12/19 13:24,76.768,37.7,1951.2,84.542
6/12/19 13:24,76.768,37.8,1956.2,84.542
6/12/19 13:24,76.768,37.8,1953.7,84.542
6/12/19 13:24,76.768,37.9,1953.7,84.542
6/12/19 13:24,76.768,37.9,1953.7,84.542
6/12/19 13:24,76.768,38,1946.2,84.542
6/12/19 13:24,76.768,38,1938.7,84.542
6/12/19 13:24,76.811,38,1933.7,84.542
6/12/19 13:24,76.811,38.1,1928.7,84.542
6/12/19 13:24,76.811,38,1921.2,84.542
6/12/19 13:24,76.811,38,1916.2,84.542
6/12/19 13:24,76.811,37.9,1906.2,84.542
6/12/19 13:24,76.811,37.9,1901.2,84.542
6/12/19 13:24,76.811,37.8,1903.7,84.542
6/12/19 13:24,76.811,37.7,1916.2,84.542
6/12/19 13:24,76.811,37.7,1913.7,84.542
6/12/19 13:24,76.811,37.7,1906.2,84.542
6/12/19 13:24,76.811,37.7,1903.7,84.542
6/12/19 13:24,76.811,37.7,1891.2,84.587
6/12/19 13:24,76.811,37.6,1891.2,84.542
6/12/19 13:24,76.811,37.6,1888.7,84.542
6/12/19 13:24,76.811,37.6,1881.2,84.542
6/12/19 13:24,76.811,37.6,1881.2,84.542
6/12/19 13:24,76.811,37.6,1876.2,84.542
6/12/19 13:24,76.811,37.7,1873.7,84.542
6/12/19 13:24,76.811,37.8,1873.7,84.542
6/12/19 13:24,76.768,37.9,1871.2,84.542
6/12/19 13:24,76.768,37.9,1876.2,84.587
6/12/19 13:24,76.811,38,1876.2,84.542
6/12/19 13:24,76.768,38,1878.7,84.587
6/12/19 13:25,76.768,38,1876.2,84.542
6/12/19 13:25,76.811,38,1878.7,84.542
6/12/19 13:25,76.811,37.9,1878.7,84.587
6/12/19 13:25,76.811,37.8,1868.7,84.587
6/12/19 13:25,76.811,37.7,1876.2,84.542
6/12/19 13:25,76.811,37.6,1873.7,84.542
6/12/19 13:25,76.811,37.6,1868.7,84.542
6/12/19 13:25,76.811,37.5,1863.7,84.542
6/12/19 13:25,76.768,37.4,1866.2,84.587
6/12/19 13:25,76.768,37.3,1866.2,84.587
6/12/19 13:25,76.768,37.2,1866.2,84.542
6/12/19 13:25,76.768,37,1856.2,84.587
6/12/19 13:25,76.725,36.9,1856.2,84.587
6/12/19 13:25,76.725,36.7,1858.7,84.587
6/12/19 13:25,76.725,36.6,1858.7,84.587
6/12/19 13:25,76.681,36.6,1856.2,84.587
6/12/19 13:25,76.681,36.5,1856.2,84.587
6/12/19 13:25,76.636,36.4,1853.7,84.542
6/12/19 13:25,76.636,36.4,1848.7,84.587
6/12/19 13:25,76.593,36.5,1846.2,84.587
6/12/19 13:25,76.593,36.5,1843.7,84.542
6/12/19 13:25,76.55,36.5,1836.2,84.587
6/12/19 13:25,76.55,36.5,1828.7,84.587
6/12/19 13:25,76.507,36.6,1821.2,84.587
6/12/19 13:25,76.507,36.6,1826.2,84.587
6/12/19 13:25,76.464,36.6,1836.2,84.587
6/12/19 13:25,76.464,36.6,1838.7,84.587
6/12/19 13:25,76.419,36.6,1838.7,84.542
6/12/19 13:25,76.419,36.6,1841.2,84.587
6/12/19 13:25,76.419,36.6,1846.2,84.587
6/12/19 13:25,76.375,36.6,1843.7,84.587
6/12/19 13:25,76.375,36.6,1833.7,84.587
6/12/19 13:25,76.332,36.6,1826.2,84.587
6/12/19 13:25,76.332,36.5,1823.7,84.587
6/12/19 13:25,76.289,36.5,1823.7,84.587
6/12/19 13:25,76.289,36.4,1828.7,84.587
6/12/19 13:25,76.246,36.3,1836.2,84.587
6/12/19 13:25,76.246,36.3,1838.7,84.587
6/12/19 13:25,76.203,36.2,1841.2,84.587
6/12/19 13:25,76.203,36.1,1833.7,84.587
6/12/19 13:25,76.158,36.1,1826.2,84.587
6/12/19 13:25,76.158,36.1,1833.7,84.587
6/12/19 13:25,76.114,36.1,1843.7,84.587
6/12/19 13:25,76.071,36.1,1851.2,84.587
6/12/19 13:25,76.071,36.2,1856.2,84.587
6/12/19 13:25,76.028,36.3,1856.2,84.587
6/12/19 13:25,76.028,36.3,1863.7,84.587
6/12/19 13:25,76.028,36.4,1861.2,84.587
6/12/19 13:25,75.985,36.5,1853.7,84.587
6/12/19 13:25,75.985,36.5,1848.7,84.587
6/12/19 13:25,75.942,36.6,1856.2,84.587
6/12/19 13:25,75.942,36.7,1863.7,84.587
6/12/19 13:25,75.942,36.8,1863.7,84.587
6/12/19 13:25,75.898,36.9,1861.2,84.587
6/12/19 13:25,75.898,36.9,1863.7,84.587
6/12/19 13:25,75.898,37,1866.2,84.587
6/12/19 13:25,75.898,36.9,1871.2,84.587
6/12/19 13:25,75.898,36.9,1868.7,84.587
6/12/19 13:25,75.853,36.9,1866.2,84.587
6/12/19 13:25,75.853,36.9,1868.7,84.587
6/12/19 13:26,75.853,36.9,1871.2,84.587
6/12/19 13:26,75.853,37,1873.7,84.587
6/12/19 13:26,75.853,36.9,1881.2,84.587
6/12/19 13:26,75.853,36.9,1881.2,84.587
6/12/19 13:26,75.81,36.9,1876.2,84.587
6/12/19 13:26,75.81,36.9,1871.2,84.587
6/12/19 13:26,75.81,36.8,1873.7,84.587
6/12/19 13:26,75.81,36.8,1871.2,84.587
6/12/19 13:26,75.767,36.8,1866.2,84.587
6/12/19 13:26,75.767,36.8,1868.7,84.587
6/12/19 13:26,75.767,36.8,1871.2,84.587
6/12/19 13:26,75.767,36.8,1873.7,84.587
6/12/19 13:26,75.724,36.8,1881.2,84.587
6/12/19 13:26,75.724,36.8,1883.7,84.587
6/12/19 13:26,75.724,36.8,1883.7,84.587
6/12/19 13:26,75.681,36.8,1881.2,84.587
6/12/19 13:26,75.681,36.8,1876.2,84.587
6/12/19 13:26,75.681,36.8,1876.2,84.587
6/12/19 13:26,75.681,36.9,1876.2,84.587
6/12/19 13:26,75.681,36.9,1876.2,84.587
6/12/19 13:26,75.681,37,1881.2,84.587
6/12/19 13:26,75.637,37,1883.7,84.587
6/12/19 13:26,75.637,37.1,1886.2,84.587
6/12/19 13:26,75.637,37.1,1886.2,84.587
6/12/19 13:26,75.637,37.1,1878.7,84.587
6/12/19 13:26,75.637,37.2,1876.2,84.587
6/12/19 13:26,75.637,37.3,1873.7,84.587
6/12/19 13:26,75.637,37.3,1876.2,84.587
6/12/19 13:26,75.637,37.3,1868.7,84.587
6/12/19 13:26,75.637,37.3,1868.7,84.587
6/12/19 13:26,75.637,37.4,1866.2,84.587
6/12/19 13:26,75.637,37.4,1863.7,84.587
6/12/19 13:26,75.637,37.4,1861.2,84.587
6/12/19 13:26,75.637,37.4,1856.2,84.587
6/12/19 13:26,75.637,37.4,1848.7,84.587
6/12/19 13:26,75.637,37.4,1851.2,84.587
6/12/19 13:26,75.637,37.5,1851.2,84.587
6/12/19 13:26,75.637,37.8,1833.7,84.587
6/12/19 13:26,75.637,38,1828.7,84.587
6/12/19 13:26,75.637,38.3,1828.7,84.587
6/12/19 13:26,75.637,38.4,1828.7,84.587
6/12/19 13:26,75.681,38.6,1826.2,84.587
6/12/19 13:26,75.681,38.7,1828.7,84.587
6/12/19 13:26,75.681,38.8,1831.2,84.587
6/12/19 13:26,75.724,38.8,1831.2,84.587
6/12/19 13:26,75.724,38.9,1828.7,84.587
6/12/19 13:26,75.724,38.9,1826.2,84.587
6/12/19 13:26,75.767,38.9,1818.7,84.632
6/12/19 13:26,75.767,38.9,1803.7,84.587
6/12/19 13:26,75.767,38.9,1801.2,84.587
6/12/19 13:26,75.81,38.8,1798.7,84.587
6/12/19 13:26,75.81,38.8,1803.7,84.587
6/12/19 13:26,75.81,38.7,1811.2,84.587
6/12/19 13:26,75.81,38.6,1823.7,84.587
6/12/19 13:26,75.853,38.6,1823.7,84.587
6/12/19 13:26,75.853,38.6,1823.7,84.632
6/12/19 13:26,75.853,38.6,1821.2,84.632
6/12/19 13:26,75.853,38.6,1818.7,84.587
6/12/19 13:26,75.898,38.6,1811.2,84.587
6/12/19 13:26,75.898,38.6,1808.7,84.632
6/12/19 13:27,75.898,38.6,1811.2,84.587
6/12/19 13:27,75.898,38.6,1808.7,84.632
6/12/19 13:27,75.898,38.6,1808.7,84.632
6/12/19 13:27,75.898,38.6,1808.7,84.587
6/12/19 13:27,75.942,38.6,1813.7,84.587
6/12/19 13:27,75.942,38.6,1821.2,84.632
6/12/19 13:27,75.942,38.6,1823.7,84.632
6/12/19 13:27,75.942,38.6,1826.2,84.632
6/12/19 13:27,75.942,38.6,1828.7,84.632
6/12/19 13:27,75.985,38.6,1826.2,84.632
6/12/19 13:27,75.985,38.6,1831.2,84.632
6/12/19 13:27,75.985,38.6,1831.2,84.632
6/12/19 13:27,75.985,38.6,1831.2,84.632
6/12/19 13:27,75.985,38.6,1826.2,84.632
6/12/19 13:27,75.985,38.7,1826.2,84.632
6/12/19 13:27,76.028,38.7,1831.2,84.632
6/12/19 13:27,76.028,38.8,1838.7,84.632
6/12/19 13:27,76.028,38.8,1841.2,84.632
6/12/19 13:27,76.028,38.8,1846.2,84.632
6/12/19 13:27,76.071,38.9,1851.2,84.632
6/12/19 13:27,76.071,38.9,1853.7,84.632
6/12/19 13:27,76.071,38.9,1848.7,84.632
6/12/19 13:27,76.071,39,1846.2,84.632
6/12/19 13:27,76.114,39.1,1853.7,84.632
6/12/19 13:27,76.114,39.1,1856.2,84.632
6/12/19 13:27,76.114,39.1,1861.2,84.632
6/12/19 13:27,76.158,39.1,1851.2,84.632
6/12/19 13:27,76.158,39.1,1848.7,84.632
6/12/19 13:27,76.158,39.1,1848.7,84.632
6/12/19 13:27,76.203,39.1,1848.7,84.632
6/12/19 13:27,76.203,39.1,1846.2,84.632
6/12/19 13:27,76.203,39.1,1846.2,84.632
6/12/19 13:27,76.246,39.1,1848.7,84.632
6/12/19 13:27,76.246,39.1,1846.2,84.632
6/12/19 13:27,76.246,39.1,1848.7,84.632
6/12/19 13:27,76.246,39.1,1843.7,84.632
6/12/19 13:27,76.289,39,1838.7,84.632
6/12/19 13:27,76.289,38.9,1838.7,84.632
6/12/19 13:27,76.289,38.9,1833.7,84.632
6/12/19 13:27,76.332,38.8,1838.7,84.632
6/12/19 13:27,76.332,38.8,1843.7,84.632
6/12/19 13:27,76.332,38.7,1843.7,84.632
6/12/19 13:27,76.332,38.6,1848.7,84.632
6/12/19 13:27,76.332,38.5,1851.2,84.632
6/12/19 13:27,76.332,38.5,1851.2,84.632
6/12/19 13:27,76.332,38.4,1853.7,84.632
6/12/19 13:27,76.375,38.4,1851.2,84.632
6/12/19 13:27,76.375,38.4,1851.2,84.632
6/12/19 13:27,76.375,38.4,1858.7,84.632
6/12/19 13:27,76.375,38.4,1853.7,84.632
6/12/19 13:27,76.375,38.4,1856.2,84.632
6/12/19 13:27,76.375,38.4,1856.2,84.632
6/12/19 13:27,76.375,38.4,1846.2,84.632
6/12/19 13:27,76.419,38.5,1846.2,84.632
6/12/19 13:27,76.419,38.5,1843.7,84.632
6/12/19 13:27,76.419,38.5,1843.7,84.632
6/12/19 13:27,76.419,38.5,1848.7,84.632
6/12/19 13:27,76.419,38.6,1846.2,84.632
6/12/19 13:27,76.464,38.7,1838.7,84.632
6/12/19 13:27,76.464,38.8,1841.2,84.632
6/12/19 13:28,76.464,38.8,1846.2,84.632
6/12/19 13:28,76.464,38.9,1846.2,84.632
6/12/19 13:28,76.507,39,1843.7,84.632
6/12/19 13:28,76.507,39.1,1841.2,84.632
6/12/19 13:28,76.55,39.1,1851.2,84.632
6/12/19 13:28,76.55,39,1851.2,84.632
6/12/19 13:28,76.55,38.8,1853.7,84.632
6/12/19 13:28,76.593,38.7,1848.7,84.632
6/12/19 13:28,76.593,38.6,1848.7,84.632
6/12/19 13:28,76.593,38.5,1843.7,84.632
6/12/19 13:28,76.593,38.5,1846.2,84.632
6/12/19 13:28,76.636,38.3,1851.2,84.632
6/12/19 13:28,76.636,38.3,1846.2,84.632
6/12/19 13:28,76.636,38.2,1843.7,84.632
6/12/19 13:28,76.636,38.1,1848.7,84.632
6/12/19 13:28,76.636,38.1,1851.2,84.632
6/12/19 13:28,76.636,37.9,1848.7,84.632
6/12/19 13:28,76.636,37.8,1848.7,84.632
6/12/19 13:28,76.636,37.6,1851.2,84.632
6/12/19 13:28,76.636,37.4,1851.2,84.632
6/12/19 13:28,76.636,37.3,1848.7,84.632
6/12/19 13:28,76.636,37.2,1846.2,84.632
6/12/19 13:28,76.593,37.1,1846.2,84.677
6/12/19 13:28,76.593,36.9,1848.7,84.632
6/12/19 13:28,76.55,36.8,1853.7,84.677
6/12/19 13:28,76.55,36.7,1856.2,84.677
6/12/19 13:28,76.507,36.6,1861.2,84.632
6/12/19 13:28,76.507,36.6,1863.7,84.677
6/12/19 13:28,76.464,36.6,1863.7,84.677
6/12/19 13:28,76.419,36.5,1863.7,84.632
6/12/19 13:28,76.419,36.3,1866.2,84.632
6/12/19 13:28,76.375,36.2,1866.2,84.677
6/12/19 13:28,76.332,36.2,1871.2,84.632
6/12/19 13:28,76.289,36.1,1871.2,84.677
6/12/19 13:28,76.289,36.1,1873.7,84.632
6/12/19 13:28,76.246,36.1,1878.7,84.632
6/12/19 13:28,76.203,36,1876.2,84.632
6/12/19 13:28,76.158,36,1873.7,84.632
6/12/19 13:28,76.158,36,1876.2,84.677
6/12/19 13:28,76.114,36.1,1878.7,84.632
6/12/19 13:28,76.071,36.1,1881.2,84.632
6/12/19 13:28,76.071,36.1,1883.7,84.677
6/12/19 13:28,76.028,36.2,1883.7,84.632
6/12/19 13:28,75.985,36.1,1878.7,84.632
6/12/19 13:28,75.942,36.1,1881.2,84.632
6/12/19 13:28,75.942,36.1,1881.2,84.632
6/12/19 13:28,75.898,36.2,1881.2,84.677
6/12/19 13:28,75.898,36.2,1883.7,84.677
6/12/19 13:28,75.853,36.2,1886.2,84.677
6/12/19 13:28,75.81,36.3,1883.7,84.677
6/12/19 13:28,75.81,36.3,1886.2,84.677
6/12/19 13:28,75.767,36.5,1883.7,84.632
6/12/19 13:28,75.767,36.5,1883.7,84.677
6/12/19 13:28,75.724,36.5,1881.2,84.632
6/12/19 13:28,75.724,36.5,1873.7,84.632
6/12/19 13:28,75.681,36.6,1878.7,84.677
6/12/19 13:28,75.681,36.7,1876.2,84.677
6/12/19 13:28,75.681,36.8,1878.7,84.677
6/12/19 13:28,75.637,36.8,1886.2,84.632
6/12/19 13:28,75.637,36.9,1886.2,84.677
6/12/19 13:29,75.637,37,1886.2,84.677
6/12/19 13:29,75.637,37,1888.7,84.677
6/12/19 13:29,75.594,37,1886.2,84.677
6/12/19 13:29,75.594,37.1,1886.2,84.632
6/12/19 13:29,75.594,37.1,1886.2,84.632
6/12/19 13:29,75.594,37.1,1886.2,84.677
6/12/19 13:29,75.551,37.1,1886.2,84.632
6/12/19 13:29,75.551,37.1,1883.7,84.632
6/12/19 13:29,75.551,37.1,1878.7,84.677
6/12/19 13:29,75.551,37.1,1873.7,84.677
6/12/19 13:29,75.551,37.1,1876.2,84.632
6/12/19 13:29,75.551,37,1876.2,84.677
6/12/19 13:29,75.508,37,1883.7,84.632
6/12/19 13:29,75.508,37,1888.7,84.677
6/12/19 13:29,75.508,36.9,1881.2,84.632
6/12/19 13:29,75.508,36.9,1881.2,84.677
6/12/19 13:29,75.508,36.9,1881.2,84.677
6/12/19 13:29,75.508,36.9,1876.2,84.677
6/12/19 13:29,75.463,36.9,1873.7,84.677
6/12/19 13:29,75.463,36.9,1873.7,84.677
6/12/19 13:29,75.463,36.9,1873.7,84.677
6/12/19 13:29,75.463,36.9,1871.2,84.677
6/12/19 13:29,75.42,36.9,1871.2,84.677
6/12/19 13:29,75.463,36.9,1871.2,84.677
6/12/19 13:29,75.42,36.9,1873.7,84.677
6/12/19 13:29,75.42,36.8,1873.7,84.632
6/12/19 13:29,75.42,36.8,1873.7,84.677
6/12/19 13:29,75.42,36.8,1871.2,84.677
6/12/19 13:29,75.42,36.8,1878.7,84.677
6/12/19 13:29,75.42,36.8,1876.2,84.677
6/12/19 13:29,75.376,36.8,1878.7,84.677
6/12/19 13:29,75.376,36.8,1876.2,84.677
6/12/19 13:29,75.376,36.8,1873.7,84.677
6/12/19 13:29,75.376,36.9,1871.2,84.677
6/12/19 13:29,75.376,36.9,1873.7,84.677
6/12/19 13:29,75.333,37,1873.7,84.677
6/12/19 13:29,75.333,37,1876.2,84.677
6/12/19 13:29,75.333,37,1873.7,84.677
6/12/19 13:29,75.333,36.9,1871.2,84.677
6/12/19 13:29,75.29,36.9,1868.7,84.677
6/12/19 13:29,75.29,36.9,1868.7,84.677
6/12/19 13:29,75.29,36.8,1868.7,84.677
6/12/19 13:29,75.29,36.8,1871.2,84.677
6/12/19 13:29,75.247,36.8,1871.2,84.677
6/12/19 13:29,75.247,36.8,1876.2,84.677
6/12/19 13:29,75.247,36.8,1876.2,84.677
6/12/19 13:29,75.204,36.8,1873.7,84.677
6/12/19 13:29,75.204,36.9,1876.2,84.677
6/12/19 13:29,75.204,36.9,1868.7,84.677
6/12/19 13:29,75.16,37,1883.7,84.677
6/12/19 13:29,75.16,37.1,1886.2,84.677
6/12/19 13:29,75.16,37.2,1888.7,84.677
6/12/19 13:29,75.16,37.3,1883.7,84.677
6/12/19 13:29,75.16,37.3,1888.7,84.677
6/12/19 13:29,75.117,37.3,1891.2,84.677
6/12/19 13:29,75.117,37.4,1888.7,84.677
6/12/19 13:29,75.117,37.4,1891.2,84.677
6/12/19 13:29,75.117,37.3,1888.7,84.677
6/12/19 13:29,75.117,37.3,1893.7,84.677
6/12/19 13:29,75.117,37.3,1898.7,84.677
6/12/19 13:30,75.117,37.2,1898.7,84.677
6/12/19 13:30,75.117,37.2,1896.2,84.677
6/12/19 13:30,75.074,37.1,1901.2,84.677
6/12/19 13:30,75.074,37.1,1901.2,84.677
6/12/19 13:30,75.074,37.1,1901.2,84.677
6/12/19 13:30,75.029,37.1,1906.2,84.677
6/12/19 13:30,75.029,37,1903.7,84.677
6/12/19 13:30,75.029,37,1908.7,84.677
6/12/19 13:30,75.029,37.1,1906.2,84.677
6/12/19 13:30,74.986,37.1,1903.7,84.677
6/12/19 13:30,74.986,37.1,1903.7,84.677
6/12/19 13:30,74.986,37.1,1908.7,84.677
6/12/19 13:30,74.943,37.2,1911.2,84.677
6/12/19 13:30,74.943,37.3,1908.7,84.677
6/12/19 13:30,74.943,37.3,1908.7,84.677
6/12/19 13:30,74.943,37.4,1908.7,84.677
6/12/19 13:30,74.943,37.4,1908.7,84.677
6/12/19 13:30,74.943,37.5,1908.7,84.677
6/12/19 13:30,74.943,37.5,1911.2,84.677
6/12/19 13:30,74.943,37.5,1911.2,84.677
6/12/19 13:30,74.943,37.5,1913.7,84.677
6/12/19 13:30,74.943,37.5,1913.7,84.677
6/12/19 13:30,74.899,37.5,1918.7,84.677
6/12/19 13:30,74.943,37.5,1916.2,84.677
6/12/19 13:30,74.943,37.5,1916.2,84.677
6/12/19 13:30,74.899,37.5,1913.7,84.677
6/12/19 13:30,74.899,37.6,1913.7,84.677
6/12/19 13:30,74.899,37.6,1921.2,84.677
6/12/19 13:30,74.899,37.7,1921.2,84.677
6/12/19 13:30,74.899,37.8,1921.2,84.677
6/12/19 13:30,74.899,37.9,1918.7,84.632
6/12/19 13:30,74.899,37.9,1916.2,84.542
6/12/19 13:30,74.943,38.1,1916.2,84.497
6/12/19 13:30,74.899,38.1,1916.2,84.407
6/12/19 13:30,74.943,38.3,1916.2,84.362
6/12/19 13:30,74.943,38.3,1921.2,84.317
6/12/19 13:30,74.943,38.3,1921.2,84.272
6/12/19 13:30,74.943,38.4,1921.2,84.182
6/12/19 13:30,74.986,38.5,1923.7,84.137
6/12/19 13:30,74.986,38.5,1926.2,84.094
6/12/19 13:30,74.986,38.5,1921.2,84.004
6/12/19 13:30,75.029,38.6,1923.7,84.004
6/12/19 13:30,75.029,38.6,1903.7,84.004
6/12/19 13:30,75.029,38.6,1638.7,84.049
6/12/19 13:30,75.029,38.6,1768.7,84.094
6/12/19 13:30,75.074,38.6,1631.2,84.137
6/12/19 13:30,75.074,38.6,1881.2,84.137
6/12/19 13:30,75.074,38.6,1961.2,84.137
6/12/19 13:30,75.117,38.6,1951.2,84.137
6/12/19 13:30,75.117,38.7,1363.7,84.137
6/12/19 13:30,75.117,38.7,721.2,84.182
6/12/19 13:30,75.16,38.8,776.2,84.137
6/12/19 13:30,75.16,38.8,76.2,84.137
6/12/19 13:30,75.16,38.9,41.2,84.094
6/12/19 13:30,75.16,38.9,36.2,84.094
6/12/19 13:30,75.204,38.9,33.7,84.049
6/12/19 13:30,75.204,39,48.7,84.049
6/12/19 13:30,75.204,39,53.7,84.049
6/12/19 13:30,75.247,39.1,53.7,84.049
6/12/19 13:30,75.247,39.1,56.2,84.049
6/12/19 13:31,75.247,39.1,56.2,84.049
6/12/19 13:31,75.29,39.1,56.2,84.049
6/12/19 13:31,75.29,39.1,56.2,84.049
6/12/19 13:31,75.29,39.2,56.2,84.094
6/12/19 13:31,75.333,39.2,56.2,84.094
6/12/19 13:31,75.333,39.2,53.7,84.094
6/12/19 13:31,75.333,39.2,51.2,84.094
6/12/19 13:31,75.376,39.2,53.7,84.094
6/12/19 13:31,75.376,39.2,48.7,84.094
6/12/19 13:31,75.376,39.2,46.2,84.094
6/12/19 13:31,75.376,39.2,41.2,84.094
6/12/19 13:31,75.376,39.2,36.2,84.094
6/12/19 13:31,75.42,39.2,28.7,84.094
6/12/19 13:31,75.42,39.2,31.2,84.094
6/12/19 13:31,75.42,39.2,36.2,84.094
6/12/19 13:31,75.42,39.2,31.2,84.094
6/12/19 13:31,75.42,39.2,28.7,84.094
6/12/19 13:31,75.463,39.2,28.7,84.094
6/12/19 13:31,75.463,39.2,43.7,84.049
6/12/19 13:31,75.463,39.2,6.2,84.049
6/12/19 13:31,75.463,39.3,3.7,84.094
6/12/19 13:31,75.463,39.3,3.7,84.094
6/12/19 13:31,75.508,39.3,3.7,84.049
6/12/19 13:31,75.508,39.3,3.7,84.094
6/12/19 13:31,75.508,39.3,3.7,84.094
6/12/19 13:31,75.508,39.3,3.7,84.094
6/12/19 13:31,75.551,39.3,3.7,84.094
6/12/19 13:31,75.551,39.4,3.7,84.094
6/12/19 13:31,75.551,39.4,3.7,84.094
6/12/19 13:31,75.551,39.4,3.7,84.094
6/12/19 13:31,75.551,39.4,3.7,84.094
6/12/19 13:31,75.551,39.4,3.7,84.137
6/12/19 13:31,75.594,39.4,3.7,84.137
6/12/19 13:31,75.594,39.4,3.7,84.137
6/12/19 13:31,75.594,39.4,3.7,84.137
6/12/19 13:31,75.594,39.4,3.7,84.137
6/12/19 13:31,75.594,39.5,3.7,84.182
6/12/19 13:31,75.637,39.5,3.7,84.182
6/12/19 13:31,75.637,39.5,3.7,84.182
6/12/19 13:31,75.637,39.5,3.7,84.182
6/12/19 13:31,75.637,39.5,3.7,84.182
6/12/19 13:31,75.681,39.5,3.7,84.182
6/12/19 13:31,75.681,39.5,3.7,84.182
6/12/19 13:31,75.681,39.5,3.7,84.227
6/12/19 13:31,75.681,39.5,3.7,84.227
6/12/19 13:31,75.681,39.5,3.7,84.227
6/12/19 13:31,75.681,39.5,3.7,84.227
6/12/19 13:31,75.681,39.5,3.7,84.227
6/12/19 13:31,75.724,39.6,3.7,84.227
6/12/19 13:31,75.724,39.6,3.7,84.272
6/12/19 13:31,75.724,39.6,3.7,84.272
6/12/19 13:31,75.724,39.6,3.7,84.272
6/12/19 13:31,75.767,39.6,3.7,84.272
6/12/19 13:31,75.767,39.6,3.7,84.272
6/12/19 13:31,75.767,39.6,3.7,84.272
6/12/19 13:31,75.767,39.6,3.7,84.272
6/12/19 13:31,75.767,39.7,3.7,84.272
6/12/19 13:31,75.81,39.7,3.7,84.227
6/12/19 13:31,75.81,39.7,3.7,84.182
6/12/19 13:31,75.81,39.7,3.7,84.137
6/12/19 13:32,75.81,39.7,3.7,84.094
6/12/19 13:32,75.81,39.7,3.7,84.004
6/12/19 13:32,75.81,39.8,3.7,83.959
6/12/19 13:32,75.853,39.8,3.7,83.869
6/12/19 13:32,75.853,39.8,3.7,83.779
6/12/19 13:32,75.853,39.8,3.7,83.736
6/12/19 13:32,75.853,39.8,3.7,83.691
6/12/19 13:32,75.898,39.8,3.7,83.646
6/12/19 13:32,75.898,39.8,3.7,83.646
6/12/19 13:32,75.898,39.8,3.7,83.601
6/12/19 13:32,75.898,39.8,3.7,83.556
6/12/19 13:32,75.898,39.8,1.2,83.556
6/12/19 13:32,75.942,39.8,1.2,83.511
6/12/19 13:32,75.942,39.8,1.2,83.467
6/12/19 13:32,75.942,39.8,1.2,83.467
6/12/19 13:32,75.942,39.8,1.2,83.422
6/12/19 13:32,75.942,39.8,1.2,83.377
6/12/19 13:32,75.985,39.8,1.2,83.377
6/12/19 13:32,75.985,39.8,1.2,83.332
6/12/19 13:32,75.985,39.8,1.2,83.332
6/12/19 13:32,75.985,39.8,1.2,83.287
6/12/19 13:32,75.985,39.8,1.2,83.287
6/12/19 13:32,76.028,39.8,1.2,83.287
6/12/19 13:32,76.028,39.8,1.2,83.287
6/12/19 13:32,76.028,39.8,1.2,83.242
6/12/19 13:32,76.028,39.8,1.2,83.242
6/12/19 13:32,76.071,39.8,1.2,83.242
6/12/19 13:32,76.071,39.8,1.2,83.199
6/12/19 13:32,76.071,39.8,1.2,83.199
6/12/19 13:32,76.071,39.8,1.2,83.199
6/12/19 13:32,76.071,39.8,1.2,83.199
6/12/19 13:32,76.114,39.8,1.2,83.199
6/12/19 13:32,76.114,39.8,1.2,83.199
6/12/19 13:32,76.114,39.8,1.2,83.199
6/12/19 13:32,76.114,39.8,1.2,83.199
6/12/19 13:32,76.158,39.8,1.2,83.199
6/12/19 13:32,76.158,39.8,1.2,83.199
6/12/19 13:32,76.158,39.9,1.2,83.154
6/12/19 13:32,76.158,39.9,1.2,83.154
6/12/19 13:32,76.158,39.9,1.2,83.154
6/12/19 13:32,76.203,39.9,1.2,83.199
6/12/19 13:32,76.203,39.9,1.2,83.154
6/12/19 13:32,76.203,39.8,1.2,83.154
6/12/19 13:32,76.203,39.9,1.2,83.154
6/12/19 13:32,76.203,39.9,1.2,83.154
6/12/19 13:32,76.246,39.9,1.2,83.154
6/12/19 13:32,76.246,39.9,1.2,83.154
6/12/19 13:32,76.246,39.9,1.2,83.154
6/12/19 13:32,76.246,39.9,1.2,83.154
6/12/19 13:32,76.246,39.9,1.2,83.154
6/12/19 13:32,76.289,39.9,1.2,83.154
6/12/19 13:32,76.289,39.9,1.2,83.154
6/12/19 13:32,76.289,39.9,1.2,83.109
6/12/19 13:32,76.289,39.9,1.2,83.154
6/12/19 13:32,76.332,39.9,1.2,83.109
6/12/19 13:32,76.332,39.9,1.2,83.109
6/12/19 13:32,76.332,39.9,1.2,83.154
6/12/19 13:32,76.332,39.9,1.2,83.109
6/12/19 13:32,76.332,39.9,1.2,83.154
6/12/19 13:32,76.375,39.9,1.2,83.154
6/12/19 13:33,76.375,39.9,1.2,83.154
6/12/19 13:33,76.375,39.9,1.2,83.154
6/12/19 13:33,76.375,39.9,1.2,83.154
6/12/19 13:33,76.419,39.9,1.2,83.154
6/12/19 13:33,76.419,39.9,1.2,83.154
6/12/19 13:33,76.419,39.9,1.2,83.199
6/12/19 13:33,76.419,39.9,1.2,83.199
6/12/19 13:33,76.419,39.9,1.2,83.199
6/12/19 13:33,76.419,39.9,1.2,83.199
6/12/19 13:33,76.464,39.9,1.2,83.199
6/12/19 13:33,76.464,39.9,1.2,83.199
6/12/19 13:33,76.464,40,1.2,83.199
6/12/19 13:33,76.464,40,1.2,83.199
6/12/19 13:33,76.507,39.9,1.2,83.199
6/12/19 13:33,76.507,40,1.2,83.199
6/12/19 13:33,76.507,40,1.2,83.199
6/12/19 13:33,76.507,40,1.2,83.199
6/12/19 13:33,76.507,39.9,1.2,83.199
6/12/19 13:33,76.55,40,1.2,83.199
6/12/19 13:33,76.55,40,1.2,83.199
6/12/19 13:33,76.55,40,1.2,83.199
6/12/19 13:33,76.55,40,1.2,83.199
6/12/19 13:33,76.593,40,1.2,83.199
6/12/19 13:33,76.593,40,1.2,83.242
6/12/19 13:33,76.593,40,1.2,83.242
6/12/19 13:33,76.593,40,1.2,83.242
6/12/19 13:33,76.593,40,1.2,83.242
6/12/19 13:33,76.636,40,1.2,83.242
6/12/19 13:33,76.636,40,1.2,83.242
6/12/19 13:33,76.636,40,1.2,83.287
6/12/19 13:33,76.636,40,1.2,83.287
6/12/19 13:33,76.681,40,1.2,83.287
6/12/19 13:33,76.681,40,1.2,83.287
6/12/19 13:33,76.681,40,1.2,83.287
6/12/19 13:33,76.681,40,1.2,83.287
6/12/19 13:33,76.725,40,1.2,83.287
6/12/19 13:33,76.725,40,1.2,83.287
6/12/19 13:33,76.725,40,1.2,83.287
6/12/19 13:33,76.725,40,1.2,83.332
6/12/19 13:33,76.725,40,1.2,83.332
6/12/19 13:33,76.725,40,1.2,83.332
6/12/19 13:33,76.768,40,1.2,83.332
6/12/19 13:33,76.768,40,1.2,83.332
6/12/19 13:33,76.768,40,1.2,83.377
6/12/19 13:33,76.811,40,1.2,83.377
6/12/19 13:33,76.811,40,1.2,83.377
6/12/19 13:33,76.811,40,1.2,83.377
6/12/19 13:33,76.811,40,1.2,83.377
6/12/19 13:33,76.854,40,1.2,83.377
6/12/19 13:33,76.854,40.1,1.2,83.377
6/12/19 13:33,76.854,40,1.2,83.377
6/12/19 13:33,76.854,40,1.2,83.377
6/12/19 13:33,76.854,40,1.2,83.422
6/12/19 13:33,76.899,40,1.2,83.422
6/12/19 13:33,76.899,40,1.2,83.422
6/12/19 13:33,76.899,40.1,1.2,83.422
6/12/19 13:33,76.942,40.1,1.2,83.422
6/12/19 13:33,76.942,40,1.2,83.422
6/12/19 13:33,76.942,40,1.2,83.467
6/12/19 13:33,76.942,40,1.2,83.467
6/12/19 13:34,76.986,40.1,1.2,83.467
6/12/19 13:34,76.986,40.1,1.2,83.467
6/12/19 13:34,76.986,40.1,1.2,83.467
6/12/19 13:34,76.986,40.1,1.2,83.467
6/12/19 13:34,76.986,40.1,1.2,83.511
6/12/19 13:34,76.986,40.1,1.2,83.511
6/12/19 13:34,77.029,40.1,1.2,83.511
6/12/19 13:34,77.029,40.1,1.2,83.511
6/12/19 13:34,77.029,40.1,1.2,83.511
6/12/19 13:34,77.029,40.1,1.2,83.511
6/12/19 13:34,77.072,40.1,1.2,83.556
6/12/19 13:34,77.072,40.1,1.2,83.556
6/12/19 13:34,77.072,40.1,1.2,83.556
6/12/19 13:34,77.117,40.1,1.2,83.556
6/12/19 13:34,77.117,40.1,1.2,83.556
6/12/19 13:34,77.117,40.1,1.2,83.556
6/12/19 13:34,77.117,40.1,1.2,83.601
6/12/19 13:34,77.16,40.1,1.2,83.601
6/12/19 13:34,77.16,40.1,1.2,83.601
6/12/19 13:34,77.16,40.1,1.2,83.601
6/12/19 13:34,77.16,40.1,1.2,83.646
6/12/19 13:34,77.203,40.1,1.2,83.646
6/12/19 13:34,77.203,40.1,1.2,83.646
6/12/19 13:34,77.203,40.2,1.2,83.646
6/12/19 13:34,77.203,40.2,1.2,83.691
6/12/19 13:34,77.247,40.2,1.2,83.691
6/12/19 13:34,77.247,40.2,1.2,83.736
6/12/19 13:34,77.247,40.2,1.2,83.736
6/12/19 13:34,77.247,40.2,1.2,83.779
6/12/19 13:34,77.292,40.2,1.2,83.779
6/12/19 13:34,77.292,40.2,1.2,83.824
6/12/19 13:34,77.292,40.2,1.2,83.824
6/12/19 13:34,77.335,40.2,1.2,83.824
6/12/19 13:34,77.335,40.2,1.2,83.824
6/12/19 13:34,77.335,40.2,1.2,83.869
6/12/19 13:34,77.335,40.2,1.2,83.869
6/12/19 13:34,77.378,40.2,1.2,83.869
6/12/19 13:34,77.378,40.2,1.2,83.914
6/12/19 13:34,77.378,40.2,1.2,83.914
6/12/19 13:34,77.378,40.2,1.2,83.914
6/12/19 13:34,77.421,40.2,1.2,83.914
6/12/19 13:34,77.421,40.2,1.2,83.959
6/12/19 13:34,77.421,40.2,1.2,83.959
6/12/19 13:34,77.464,40.2,1.2,83.959
6/12/19 13:34,77.464,40.2,1.2,84.004
6/12/19 13:34,77.464,40.2,1.2,84.004
6/12/19 13:34,77.464,40.2,1.2,84.004
6/12/19 13:34,77.509,40.2,1.2,84.004
6/12/19 13:34,77.509,40.2,1.2,84.049
6/12/19 13:34,77.509,40.2,1.2,84.049
6/12/19 13:34,77.509,40.2,1.2,84.049
6/12/19 13:34,77.553,40.2,1.2,84.049
6/12/19 13:34,77.553,40.2,1.2,84.049
6/12/19 13:34,77.553,40.2,1.2,84.049
6/12/19 13:34,77.596,40.2,1.2,84.049
6/12/19 13:34,77.596,40.2,1.2,84.049
6/12/19 13:34,77.596,40.2,1.2,84.049
6/12/19 13:34,77.596,40.2,1.2,84.049
6/12/19 13:34,77.639,40.2,1.2,84.049
6/12/19 13:34,77.639,40.2,3.7,84.049
6/12/19 13:35,77.639,40.2,36.2,84.049
6/12/19 13:35,77.684,40.2,58.7,84.094
6/12/19 13:35,77.684,40.2,71.2,84.094
6/12/19 13:35,77.684,40.2,78.7,84.094
6/12/19 13:35,77.727,40.2,83.7,84.094
6/12/19 13:35,77.727,40.2,81.2,84.094
6/12/19 13:35,77.727,40.2,83.7,84.094
6/12/19 13:35,77.727,40.2,58.7,84.094
6/12/19 13:35,77.77,40.2,1.2,84.094
6/12/19 13:35,77.77,40.2,11.2,84.137
6/12/19 13:35,77.77,40.2,6.2,84.137
6/12/19 13:35,77.815,40.2,3.7,84.137
6/12/19 13:35,77.815,40.2,3.7,84.137
6/12/19 13:35,77.815,40.2,3.7,84.137
6/12/19 13:35,77.859,40.2,3.7,84.182
6/12/19 13:35,77.859,40.2,3.7,84.182
6/12/19 13:35,77.902,40.2,6.2,84.182
6/12/19 13:35,77.902,40.2,3.7,84.182
6/12/19 13:35,77.902,40.2,6.2,84.182
6/12/19 13:35,77.945,40.1,3.7,84.182
6/12/19 13:35,77.945,40.1,3.7,84.137
6/12/19 13:35,77.945,40.1,3.7,84.094
6/12/19 13:35,77.99,40,3.7,84.004
6/12/19 13:35,77.99,40,3.7,83.959
6/12/19 13:35,78.033,39.9,3.7,83.914
6/12/19 13:35,78.033,39.9,3.7,83.824
6/12/19 13:35,78.076,39.8,3.7,83.779
6/12/19 13:35,78.076,39.8,3.7,83.691
6/12/19 13:35,78.121,39.7,3.7,83.601
6/12/19 13:35,78.121,39.6,3.7,83.556
6/12/19 13:35,78.165,39.5,3.7,83.467
6/12/19 13:35,78.165,39.5,3.7,83.422
6/12/19 13:35,78.165,39.4,3.7,83.377
6/12/19 13:35,78.208,39.3,3.7,83.332
6/12/19 13:35,78.251,39.3,3.7,83.242
6/12/19 13:35,78.251,39.3,3.7,83.199
6/12/19 13:35,78.251,39.3,3.7,83.109
6/12/19 13:35,78.296,39.2,3.7,83.064
6/12/19 13:35,78.296,39.2,1.2,83.021
6/12/19 13:35,78.339,39.2,1.2,82.931
6/12/19 13:35,78.339,39.1,1.2,82.886
6/12/19 13:35,78.339,39.1,1.2,82.841
6/12/19 13:35,78.382,39.1,1.2,82.798
6/12/19 13:35,78.382,39,1.2,82.753
6/12/19 13:35,78.427,39,1.2,82.708
6/12/19 13:35,78.427,39,1.2,82.708
6/12/19 13:35,78.427,39,1.2,82.665
6/12/19 13:35,78.471,38.9,1.2,82.665
6/12/19 13:35,78.471,39,1.2,82.62
6/12/19 13:35,78.514,38.9,1.2,82.62
6/12/19 13:35,78.514,38.9,1.2,82.575
6/12/19 13:35,78.514,38.9,1.2,82.575
6/12/19 13:35,78.559,38.9,1.2,82.575
6/12/19 13:35,78.559,38.9,1.2,82.53
6/12/19 13:35,78.559,38.9,1.2,82.486
6/12/19 13:35,78.602,38.9,1.2,82.486
6/12/19 13:35,78.602,38.9,1.2,82.441
6/12/19 13:35,78.602,38.9,1.2,82.441
6/12/19 13:35,78.645,38.9,1.2,82.396
6/12/19 13:35,78.645,38.8,1.2,82.396
6/12/19 13:36,78.645,38.8,1.2,82.396
6/12/19 13:36,78.69,38.8,1.2,82.396
6/12/19 13:36,78.69,38.8,1.2,82.353
6/12/19 13:36,78.69,38.8,1.2,82.353
6/12/19 13:36,78.733,38.8,1.2,82.353
6/12/19 13:36,78.733,38.8,1.2,82.353
6/12/19 13:36,78.777,38.8,1.2,82.353
6/12/19 13:36,78.777,38.8,1.2,82.353
6/12/19 13:36,78.777,38.8,1.2,82.353
6/12/19 13:36,78.822,38.8,1.2,82.308
6/12/19 13:36,78.822,38.8,1.2,82.308
6/12/19 13:36,78.865,38.8,1.2,82.308
6/12/19 13:36,78.865,38.8,1.2,82.308
6/12/19 13:36,78.865,38.8,1.2,82.308
6/12/19 13:36,78.91,38.8,1.2,82.263
6/12/19 13:36,78.91,38.8,1.2,82.263
6/12/19 13:36,78.91,38.8,1.2,82.263
6/12/19 13:36,78.953,38.7,1.2,82.263
6/12/19 13:36,78.953,38.7,1.2,82.263
6/12/19 13:36,78.953,38.7,1.2,82.263
6/12/19 13:36,78.996,38.7,1.2,82.263
6/12/19 13:36,78.996,38.7,1.2,82.263
6/12/19 13:36,79.041,38.7,1.2,82.263
6/12/19 13:36,79.041,38.7,1.2,82.263
6/12/19 13:36,79.041,38.6,1.2,82.263
6/12/19 13:36,79.041,38.7,1.2,82.263
6/12/19 13:36,79.084,38.6,1.2,82.263
6/12/19 13:36,79.084,38.7,1.2,82.263
6/12/19 13:36,79.084,38.7,1.2,82.263
6/12/19 13:36,79.128,38.7,1.2,82.263
6/12/19 13:36,79.128,38.7,1.2,82.308
6/12/19 13:36,79.128,38.7,1.2,82.308
6/12/19 13:36,79.173,38.7,1.2,82.263
6/12/19 13:36,79.173,38.7,1.2,82.263
6/12/19 13:36,79.173,38.7,1.2,82.308
6/12/19 13:36,79.216,38.7,1.2,82.308
6/12/19 13:36,79.216,38.7,1.2,82.308
6/12/19 13:36,79.216,38.7,1.2,82.308
6/12/19 13:36,79.216,38.7,1.2,82.308
6/12/19 13:36,79.261,38.6,1.2,82.308
6/12/19 13:36,79.261,38.6,1.2,82.308
6/12/19 13:36,79.261,38.6,1.2,82.308
6/12/19 13:36,79.304,38.6,1.2,82.308
6/12/19 13:36,79.304,38.6,1.2,82.308
6/12/19 13:36,79.304,38.6,1.2,82.308
6/12/19 13:36,79.304,38.6,1.2,82.308
6/12/19 13:36,79.347,38.5,1.2,82.263
6/12/19 13:36,79.347,38.5,1.2,82.263
6/12/19 13:36,79.347,38.5,1.2,82.263
6/12/19 13:36,79.392,38.5,1.2,82.263
6/12/19 13:36,79.392,38.5,1.2,82.263
6/12/19 13:36,79.392,38.5,1.2,82.218
6/12/19 13:36,79.435,38.5,1.2,82.218
6/12/19 13:36,79.435,38.5,1.2,82.218
6/12/19 13:36,79.435,38.5,1.2,82.218
6/12/19 13:36,79.48,38.5,1.2,82.218
6/12/19 13:36,79.48,38.4,1.2,82.218
6/12/19 13:36,79.48,38.4,1.2,82.263
6/12/19 13:36,79.48,38.4,1.2,82.263
6/12/19 13:36,79.524,38.4,1.2,82.263
6/12/19 13:37,79.524,38.4,1.2,82.263
6/12/19 13:37,79.567,38.4,1.2,82.263
6/12/19 13:37,79.567,38.4,1.2,82.263
6/12/19 13:37,79.567,38.3,1.2,82.263
6/12/19 13:37,79.612,38.3,1.2,82.263
6/12/19 13:37,79.612,38.3,1.2,82.308
6/12/19 13:37,79.612,38.3,1.2,82.308
6/12/19 13:37,79.655,38.3,1.2,82.353
6/12/19 13:37,79.655,38.3,1.2,82.353
6/12/19 13:37,79.655,38.2,1.2,82.396
6/12/19 13:37,79.7,38.2,1.2,82.396
6/12/19 13:37,79.7,38.2,1.2,82.441
6/12/19 13:37,79.743,38.1,1.2,82.441
6/12/19 13:37,79.743,38.1,1.2,82.486
6/12/19 13:37,79.788,38.1,1.2,82.486
6/12/19 13:37,79.788,38.1,1.2,82.53
6/12/19 13:37,79.831,38,1.2,82.53
6/12/19 13:37,79.831,38,1.2,82.53
6/12/19 13:37,79.876,38,1.2,82.53
6/12/19 13:37,79.876,38,1.2,82.53
6/12/19 13:37,79.92,38,1.2,82.575
6/12/19 13:37,79.92,38,1.2,82.575
6/12/19 13:37,79.963,37.9,1.2,82.575
6/12/19 13:37,79.963,37.9,1.2,82.575
6/12/19 13:37,80.008,37.8,1.2,82.575
6/12/19 13:37,80.051,37.8,1.2,82.62
6/12/19 13:37,80.051,37.8,1.2,82.665
6/12/19 13:37,80.051,37.8,1.2,82.665
6/12/19 13:37,80.096,37.7,1.2,82.708
6/12/19 13:37,80.139,37.7,1.2,82.753
6/12/19 13:37,80.139,37.7,1.2,82.753
6/12/19 13:37,80.184,37.7,1.2,82.798
6/12/19 13:37,80.184,37.7,1.2,82.798
6/12/19 13:37,80.227,37.7,1.2,82.841
6/12/19 13:37,80.227,37.7,1.2,82.841
6/12/19 13:37,80.272,37.7,1.2,82.841
6/12/19 13:37,80.272,37.7,1.2,82.841
6/12/19 13:37,80.316,37.7,1.2,82.841
6/12/19 13:37,80.316,37.7,1.2,82.841
6/12/19 13:37,80.361,37.6,1.2,82.841
6/12/19 13:37,80.361,37.6,1.2,82.841
6/12/19 13:37,80.404,37.6,1.2,82.886
6/12/19 13:37,80.404,37.6,1.2,82.886
6/12/19 13:37,80.449,37.6,6.2,82.886
6/12/19 13:37,80.449,37.6,8.7,82.886
6/12/19 13:37,80.492,37.6,8.7,82.886
6/12/19 13:37,80.492,37.6,8.7,82.886
6/12/19 13:37,80.537,37.6,8.7,82.841
6/12/19 13:37,80.537,37.6,8.7,82.841
6/12/19 13:37,80.58,37.6,8.7,82.841
6/12/19 13:37,80.58,37.6,8.7,82.841
6/12/19 13:37,80.58,37.6,6.2,82.841
6/12/19 13:37,80.625,37.5,6.2,82.798
6/12/19 13:37,80.625,37.5,3.7,82.798
6/12/19 13:37,80.668,37.5,1.2,82.798
6/12/19 13:37,80.668,37.5,1.2,82.798
6/12/19 13:37,80.713,37.5,1.2,82.798
6/12/19 13:37,80.713,37.5,1.2,82.753
6/12/19 13:37,80.713,37.5,1.2,82.753
6/12/19 13:37,80.757,37.5,1.2,82.753
6/12/19 13:38,80.757,37.4,1.2,82.753
6/12/19 13:38,80.802,37.4,1.2,82.753
6/12/19 13:38,80.802,37.4,1.2,82.753
6/12/19 13:38,80.802,37.4,1.2,82.753
6/12/19 13:38,80.802,37.4,1.2,82.753
6/12/19 13:38,80.845,37.5,1.2,82.708
6/12/19 13:38,80.845,37.4,1.2,82.708
6/12/19 13:38,80.89,37.3,1.2,82.708
6/12/19 13:38,80.89,37.3,1.2,82.708
6/12/19 13:38,80.89,37.3,1.2,82.708
6/12/19 13:38,80.89,37.3,1.2,82.708
6/12/19 13:38,80.935,37.3,1.2,82.708
6/12/19 13:38,80.935,37.3,1.2,82.708
6/12/19 13:38,80.935,37.3,1.2,82.708
6/12/19 13:38,80.978,37.3,1.2,82.708
6/12/19 13:38,80.978,37.3,1.2,82.708
6/12/19 13:38,80.978,37.3,1.2,82.665
6/12/19 13:38,81.023,37.2,1.2,82.665
6/12/19 13:38,81.023,37.2,1.2,82.665
6/12/19 13:38,81.023,37.2,1.2,82.665
6/12/19 13:38,81.066,37.2,1.2,82.62
6/12/19 13:38,81.066,37.2,1.2,82.62
6/12/19 13:38,81.066,37.2,1.2,82.62
6/12/19 13:38,81.111,37.1,1.2,82.575
6/12/19 13:38,81.111,37.1,1.2,82.575
6/12/19 13:38,81.111,37.1,1.2,82.575
6/12/19 13:38,81.111,37.1,1.2,82.575
6/12/19 13:38,81.154,37.1,1.2,82.575
6/12/19 13:38,81.154,37.1,1.2,82.575
6/12/19 13:38,81.154,37.1,1.2,82.575
6/12/19 13:38,81.199,37.1,1.2,82.53
6/12/19 13:38,81.199,37,1.2,82.53
6/12/19 13:38,81.199,37,1.2,82.53
6/12/19 13:38,81.244,37,1.2,82.486
6/12/19 13:38,81.244,37,1.2,82.486
6/12/19 13:38,81.244,36.9,1.2,82.486
6/12/19 13:38,81.244,36.9,1.2,82.486
6/12/19 13:38,81.244,36.9,1.2,82.486
6/12/19 13:38,81.288,36.9,1.2,82.441
6/12/19 13:38,81.288,36.9,1.2,82.441
6/12/19 13:38,81.288,36.9,1.2,82.441
6/12/19 13:38,81.288,36.8,1.2,82.441
6/12/19 13:38,81.288,36.8,1.2,82.441
6/12/19 13:38,81.333,36.8,1.2,82.396
6/12/19 13:38,81.333,36.8,1.2,82.396
6/12/19 13:38,81.333,36.8,1.2,82.396
6/12/19 13:38,81.333,36.8,1.2,82.396
6/12/19 13:38,81.333,36.8,1.2,82.396
6/12/19 13:38,81.376,36.8,1.2,82.353
6/12/19 13:38,81.376,36.8,1.2,82.353
6/12/19 13:38,81.376,36.8,1.2,82.353
6/12/19 13:38,81.376,36.8,1.2,82.353
6/12/19 13:38,81.376,36.8,1.2,82.353
6/12/19 13:38,81.421,36.7,1.2,82.353
6/12/19 13:38,81.421,36.7,1.2,82.353
6/12/19 13:38,81.421,36.7,1.2,82.308
6/12/19 13:38,81.421,36.7,1.2,82.308
6/12/19 13:38,81.421,36.7,1.2,82.308
6/12/19 13:38,81.466,36.6,1.2,82.308
6/12/19 13:38,81.466,36.6,1.2,82.308
6/12/19 13:39,81.466,36.6,1.2,82.263
6/12/19 13:39,81.466,36.6,1.2,82.263
6/12/19 13:39,81.466,36.6,1.2,82.263
6/12/19 13:39,81.466,36.6,1.2,82.263
6/12/19 13:39,81.466,36.5,1.2,82.263
6/12/19 13:39,81.509,36.5,1.2,82.218
6/12/19 13:39,81.509,36.5,1.2,82.218
6/12/19 13:39,81.509,36.5,1.2,82.218
6/12/19 13:39,81.509,36.4,1.2,82.218
6/12/19 13:39,81.509,36.4,1.2,82.218
6/12/19 13:39,81.509,36.4,1.2,82.218
6/12/19 13:39,81.509,36.3,1.2,82.218
6/12/19 13:39,81.554,36.3,1.2,82.175
6/12/19 13:39,81.554,36.2,1.2,82.175
6/12/19 13:39,81.554,36.2,1.2,82.175
6/12/19 13:39,81.554,36.2,1.2,82.175
6/12/19 13:39,81.554,36.1,1.2,82.175
6/12/19 13:39,81.554,36.1,1.2,82.218
6/12/19 13:39,81.554,36.1,1.2,82.218
6/12/19 13:39,81.597,36.1,1.2,82.175
6/12/19 13:39,81.597,36.1,1.2,82.175
6/12/19 13:39,81.597,36.1,1.2,82.175
6/12/19 13:39,81.597,36.1,1.2,82.175
6/12/19 13:39,81.597,36.1,1.2,82.175
6/12/19 13:39,81.597,36.1,1.2,82.175
6/12/19 13:39,81.597,36.1,1.2,82.13
6/12/19 13:39,81.642,36.1,1.2,82.13
6/12/19 13:39,81.597,36.1,1.2,82.085
6/12/19 13:39,81.642,36.1,1.2,82.085
6/12/19 13:39,81.642,36,1.2,82.042
6/12/19 13:39,81.642,36,1.2,82.042
6/12/19 13:39,81.642,36,1.2,82.042
6/12/19 13:39,81.642,35.9,1.2,82.042
6/12/19 13:39,81.642,35.9,1.2,82.042
6/12/19 13:39,81.642,35.9,1.2,82.042
6/12/19 13:39,81.687,35.8,1.2,81.997
6/12/19 13:39,81.642,35.8,1.2,81.997
6/12/19 13:39,81.687,35.8,1.2,81.997
6/12/19 13:39,81.687,35.9,1.2,81.997
6/12/19 13:39,81.687,35.9,1.2,81.952
6/12/19 13:39,81.687,35.8,1.2,81.952
6/12/19 13:39,81.687,35.8,1.2,81.952
6/12/19 13:39,81.687,35.8,1.2,81.952
6/12/19 13:39,81.687,35.7,1.2,81.952
6/12/19 13:39,81.687,35.7,1.2,81.952
6/12/19 13:39,81.687,35.7,1.2,81.952
6/12/19 13:39,81.687,35.7,1.2,81.909
6/12/19 13:39,81.687,35.6,1.2,81.909
6/12/19 13:39,81.687,35.6,1.2,81.909
6/12/19 13:39,81.73,35.6,1.2,81.909
6/12/19 13:39,81.73,35.6,1.2,81.909
6/12/19 13:39,81.73,35.6,1.2,81.864
6/12/19 13:39,81.73,35.5,1.2,81.864
6/12/19 13:39,81.73,35.5,1.2,81.864
6/12/19 13:39,81.73,35.5,1.2,81.864
6/12/19 13:39,81.73,35.5,1.2,81.864
6/12/19 13:39,81.73,35.5,1.2,81.864
6/12/19 13:39,81.73,35.5,1.2,81.864
6/12/19 13:39,81.73,35.4,1.2,81.864
6/12/19 13:39,81.73,35.4,1.2,81.864
6/12/19 13:40,81.73,35.4,1.2,81.864
6/12/19 13:40,81.73,35.4,1.2,81.864
6/12/19 13:40,81.73,35.4,1.2,81.819
6/12/19 13:40,81.73,35.4,1.2,81.819
6/12/19 13:40,81.73,35.4,1.2,81.819
6/12/19 13:40,81.73,35.4,1.2,81.819
6/12/19 13:40,81.73,35.4,1.2,81.819
6/12/19 13:40,81.775,35.4,1.2,81.775
6/12/19 13:40,81.73,35.3,1.2,81.775
6/12/19 13:40,81.775,35.3,1.2,81.775
6/12/19 13:40,81.775,35.3,1.2,81.775
6/12/19 13:40,81.775,35.3,1.2,81.775
6/12/19 13:40,81.775,35.3,1.2,81.73
6/12/19 13:40,81.775,35.3,1.2,81.73
6/12/19 13:40,81.775,35.2,1.2,81.73
6/12/19 13:40,81.775,35.3,1.2,81.687
6/12/19 13:40,81.775,35.2,1.2,81.687
6/12/19 13:40,81.775,35.2,1.2,81.687
6/12/19 13:40,81.775,35.3,1.2,81.687
6/12/19 13:40,81.775,35.3,1.2,81.687
6/12/19 13:40,81.775,35.2,1.2,81.642
6/12/19 13:40,81.775,35.2,1.2,81.642
6/12/19 13:40,81.775,35.3,1.2,81.642
6/12/19 13:40,81.775,35.3,1.2,81.642
6/12/19 13:40,81.775,35.3,1.2,81.642
6/12/19 13:40,81.775,35.3,1.2,81.642
6/12/19 13:40,81.775,35.3,1.2,81.642
6/12/19 13:40,81.775,35.3,1.2,81.642
6/12/19 13:40,81.775,35.3,1.2,81.597
6/12/19 13:40,81.775,35.3,1.2,81.597
6/12/19 13:40,81.775,35.3,1.2,81.597
6/12/19 13:40,81.775,35.3,1.2,81.597
6/12/19 13:40,81.775,35.3,1.2,81.597
6/12/19 13:40,81.775,35.3,1.2,81.597
6/12/19 13:40,81.775,35.3,1.2,81.597
6/12/19 13:40,81.775,35.3,1.2,81.597
6/12/19 13:40,81.775,35.3,1.2,81.597
6/12/19 13:40,81.775,35.3,1.2,81.597
6/12/19 13:40,81.775,35.3,6.2,81.597
6/12/19 13:40,81.775,35.3,8.7,81.597
6/12/19 13:40,81.775,35.3,6.2,81.597
6/12/19 13:40,81.775,35.4,3.7,81.597
6/12/19 13:40,81.775,35.4,1.2,81.642
6/12/19 13:40,81.775,35.4,1.2,81.642
6/12/19 13:40,81.775,35.4,1.2,81.642
6/12/19 13:40,81.775,35.4,1.2,81.642
6/12/19 13:40,81.775,35.4,1.2,81.642
6/12/19 13:40,81.775,35.4,1.2,81.642
6/12/19 13:40,81.775,35.4,1.2,81.642
6/12/19 13:40,81.775,35.4,1.2,81.642
6/12/19 13:40,81.775,35.5,1.2,81.642
6/12/19 13:40,81.775,35.5,1.2,81.642
6/12/19 13:40,81.775,35.5,1.2,81.642
6/12/19 13:40,81.775,35.5,1.2,81.642
6/12/19 13:40,81.775,35.5,1.2,81.642
6/12/19 13:40,81.775,35.5,1.2,81.642
6/12/19 13:40,81.775,35.5,1.2,81.597
6/12/19 13:40,81.775,35.6,1.2,81.597
6/12/19 13:40,81.775,35.6,1.2,81.554
6/12/19 13:40,81.775,35.6,1.2,81.509
6/12/19 13:41,81.775,35.6,1.2,81.466
6/12/19 13:41,81.775,35.6,1.2,81.421
6/12/19 13:41,81.775,35.6,1.2,81.333
6/12/19 13:41,81.775,35.6,1.2,81.288
6/12/19 13:41,81.775,35.6,1.2,81.244
6/12/19 13:41,81.775,35.6,1.2,81.199
6/12/19 13:41,81.775,35.6,1.2,81.154
6/12/19 13:41,81.775,35.6,1.2,81.111
6/12/19 13:41,81.775,35.7,1.2,81.023
6/12/19 13:41,81.73,35.7,1.2,80.978
6/12/19 13:41,81.73,35.7,1.2,80.935
6/12/19 13:41,81.73,35.7,1.2,80.89
6/12/19 13:41,81.73,35.7,1.2,80.802
6/12/19 13:41,81.687,35.7,1.2,80.802
6/12/19 13:41,81.687,35.7,1.2,80.757
6/12/19 13:41,81.687,35.7,1.2,80.713
6/12/19 13:41,81.687,35.8,1.2,80.713
6/12/19 13:41,81.642,35.8,1.2,80.668
6/12/19 13:41,81.642,35.8,3.7,80.668
6/12/19 13:41,81.642,35.8,6.2,80.625
6/12/19 13:41,81.642,35.9,8.7,80.625
6/12/19 13:41,81.597,35.9,8.7,80.625
6/12/19 13:41,81.597,35.9,3.7,80.625
6/12/19 13:41,81.597,35.8,3.7,80.625
6/12/19 13:41,81.597,35.8,6.2,80.625
6/12/19 13:41,81.597,35.9,6.2,80.625
6/12/19 13:41,81.554,35.9,1.2,80.625
6/12/19 13:41,81.554,35.9,1.2,80.625
6/12/19 13:41,81.554,35.9,8.7,80.625
6/12/19 13:41,81.554,35.9,8.7,80.625
6/12/19 13:41,81.554,36,8.7,80.625
6/12/19 13:41,81.509,36,3.7,80.625
6/12/19 13:41,81.509,36,1.2,80.625
6/12/19 13:41,81.509,36,1.2,80.625
6/12/19 13:41,81.509,36.1,3.7,80.625
6/12/19 13:41,81.509,36.1,1.2,80.625
6/12/19 13:41,81.509,36.1,1.2,80.668
6/12/19 13:41,81.509,36.1,1.2,80.625
6/12/19 13:41,81.466,36.1,1.2,80.625
6/12/19 13:41,81.466,36.1,1.2,80.625
6/12/19 13:41,81.466,36.1,1.2,80.625
6/12/19 13:41,81.466,36.2,1.2,80.625
6/12/19 13:41,81.466,36.2,1.2,80.625
6/12/19 13:41,81.466,36.2,1.2,80.625
6/12/19 13:41,81.466,36.2,1.2,80.625
6/12/19 13:41,81.466,36.2,1.2,80.625
6/12/19 13:41,81.466,36.3,1.2,80.625
6/12/19 13:41,81.466,36.3,1.2,80.668
6/12/19 13:41,81.466,36.3,1.2,80.668
6/12/19 13:41,81.466,36.3,1.2,80.668
6/12/19 13:41,81.466,36.4,1.2,80.668
6/12/19 13:41,81.466,36.4,1.2,80.713
6/12/19 13:41,81.466,36.4,1.2,80.713
6/12/19 13:41,81.466,36.4,1.2,80.713
6/12/19 13:41,81.421,36.4,1.2,80.713
6/12/19 13:41,81.421,36.4,1.2,80.713
6/12/19 13:41,81.421,36.4,1.2,80.713
6/12/19 13:41,81.421,36.5,1.2,80.757
6/12/19 13:41,81.421,36.5,1.2,80.757
6/12/19 13:41,81.421,36.5,1.2,80.757
6/12/19 13:42,81.421,36.5,1.2,80.757
6/12/19 13:42,81.421,36.5,1.2,80.802
6/12/19 13:42,81.421,36.6,1.2,80.802
6/12/19 13:42,81.421,36.6,1.2,80.802
6/12/19 13:42,81.421,36.6,1.2,80.802
6/12/19 13:42,81.421,36.6,1.2,80.802
6/12/19 13:42,81.421,36.6,1.2,80.802
6/12/19 13:42,81.421,36.6,1.2,80.845
6/12/19 13:42,81.421,36.6,1.2,80.845
6/12/19 13:42,81.421,36.6,1.2,80.845
6/12/19 13:42,81.421,36.6,1.2,80.845
6/12/19 13:42,81.421,36.6,1.2,80.845
6/12/19 13:42,81.421,36.6,1.2,80.89
6/12/19 13:42,81.421,36.7,1.2,80.89
6/12/19 13:42,81.421,36.7,1.2,80.89
6/12/19 13:42,81.421,36.7,1.2,80.89
6/12/19 13:42,81.421,36.7,1.2,80.935
6/12/19 13:42,81.421,36.7,1.2,80.935
6/12/19 13:42,81.421,36.7,1.2,80.935
6/12/19 13:42,81.421,36.8,1.2,80.935
6/12/19 13:42,81.421,36.8,1.2,80.978
6/12/19 13:42,81.421,36.8,1.2,80.978
6/12/19 13:42,81.421,36.8,1.2,80.978
6/12/19 13:42,81.421,36.8,1.2,80.978
6/12/19 13:42,81.421,36.8,1.2,80.978
6/12/19 13:42,81.421,36.8,1.2,81.023
6/12/19 13:42,81.421,36.8,1.2,81.023
6/12/19 13:42,81.421,36.8,1.2,81.023
6/12/19 13:42,81.421,36.8,1.2,81.023
6/12/19 13:42,81.421,36.8,1.2,81.023
6/12/19 13:42,81.421,36.8,1.2,81.066
6/12/19 13:42,81.421,36.8,1.2,81.066
6/12/19 13:42,81.421,36.8,1.2,81.066
6/12/19 13:42,81.421,36.8,1.2,81.066
6/12/19 13:42,81.421,36.8,1.2,81.066
6/12/19 13:42,81.421,36.8,1.2,81.111
6/12/19 13:42,81.421,36.8,1.2,81.111
6/12/19 13:42,81.421,36.8,1.2,81.111
6/12/19 13:42,81.421,36.8,1.2,81.111
6/12/19 13:42,81.421,36.8,1.2,81.111
6/12/19 13:42,81.421,36.8,1.2,81.154
6/12/19 13:42,81.421,36.8,1.2,81.154
6/12/19 13:42,81.421,36.8,1.2,81.154
6/12/19 13:42,81.421,36.9,1.2,81.154
6/12/19 13:42,81.421,36.9,1.2,81.154
6/12/19 13:42,81.421,36.9,1.2,81.199
6/12/19 13:42,81.466,36.9,1.2,81.199
6/12/19 13:42,81.466,36.9,1.2,81.199
6/12/19 13:42,81.421,36.9,1.2,81.244
6/12/19 13:42,81.466,36.9,1.2,81.244
6/12/19 13:42,81.466,36.9,1.2,81.244
6/12/19 13:42,81.466,36.9,1.2,81.244
6/12/19 13:42,81.466,36.9,1.2,81.288
6/12/19 13:42,81.466,36.9,1.2,81.288
6/12/19 13:42,81.466,36.9,1.2,81.288
6/12/19 13:42,81.466,36.9,1.2,81.333
6/12/19 13:42,81.466,37,1.2,81.333
6/12/19 13:42,81.466,37,1.2,81.333
6/12/19 13:42,81.466,37,1.2,81.333
6/12/19 13:42,81.466,37,1.2,81.376
6/12/19 13:43,81.466,37,1.2,81.376
6/12/19 13:43,81.466,37,1.2,81.376
6/12/19 13:43,81.466,37,1.2,81.376
6/12/19 13:43,81.466,37,1.2,81.376
6/12/19 13:43,81.466,37,1.2,81.421
6/12/19 13:43,81.466,37.1,1.2,81.421
6/12/19 13:43,81.466,37,1.2,81.421
6/12/19 13:43,81.466,37.1,1.2,81.421
6/12/19 13:43,81.466,37.1,1.2,81.466
6/12/19 13:43,81.466,37.1,1.2,81.466
6/12/19 13:43,81.466,37.1,1.2,81.466
6/12/19 13:43,81.466,37.1,1.2,81.466
6/12/19 13:43,81.466,37.1,1.2,81.509
6/12/19 13:43,81.466,37.1,1.2,81.509
6/12/19 13:43,81.466,37.1,1.2,81.509
6/12/19 13:43,81.466,37.1,1.2,81.509
6/12/19 13:43,81.466,37.1,1.2,81.509
6/12/19 13:43,81.466,37.1,1.2,81.554
6/12/19 13:43,81.509,37.1,1.2,81.554
6/12/19 13:43,81.466,37.1,1.2,81.554
6/12/19 13:43,81.509,37.1,1.2,81.554
6/12/19 13:43,81.466,37.1,1.2,81.597
6/12/19 13:43,81.509,37.1,1.2,81.597
6/12/19 13:43,81.509,37.1,1.2,81.597
6/12/19 13:43,81.509,37.1,1.2,81.597
6/12/19 13:43,81.509,37.1,1.2,81.597
6/12/19 13:43,81.509,37.1,1.2,81.597
6/12/19 13:43,81.509,37.1,1.2,81.597
6/12/19 13:43,81.509,37.2,1.2,81.597
6/12/19 13:43,81.509,37.2,1.2,81.642
6/12/19 13:43,81.509,37.2,1.2,81.642
6/12/19 13:43,81.509,37.2,1.2,81.642
6/12/19 13:43,81.509,37.2,1.2,81.642
6/12/19 13:43,81.509,37.2,1.2,81.642
6/12/19 13:43,81.509,37.2,1.2,81.642
6/12/19 13:43,81.509,37.2,1.2,81.642
6/12/19 13:43,81.509,37.2,1.2,81.642
6/12/19 13:43,81.509,37.2,1.2,81.642
6/12/19 13:43,81.509,37.2,1.2,81.642
6/12/19 13:43,81.509,37.2,1.2,81.642
6/12/19 13:43,81.554,37.2,1.2,81.642
6/12/19 13:43,81.554,37.2,1.2,81.687
6/12/19 13:43,81.554,37.2,1.2,81.687
6/12/19 13:43,81.554,37.2,1.2,81.687
6/12/19 13:43,81.554,37.2,1.2,81.687
6/12/19 13:43,81.554,37.2,1.2,81.687
6/12/19 13:43,81.554,37.2,1.2,81.687
6/12/19 13:43,81.554,37.2,1.2,81.687
6/12/19 13:43,81.554,37.2,1.2,81.687
6/12/19 13:43,81.554,37.2,1.2,81.687
6/12/19 13:43,81.554,37.2,1.2,81.687
6/12/19 13:43,81.554,37.2,1.2,81.687
6/12/19 13:43,81.554,37.2,1.2,81.687
6/12/19 13:43,81.554,37.2,1.2,81.687
6/12/19 13:43,81.554,37.2,1.2,81.687
6/12/19 13:43,81.554,37.2,1.2,81.73
6/12/19 13:43,81.554,37.2,1.2,81.73
6/12/19 13:43,81.554,37.2,1.2,81.73
6/12/19 13:43,81.554,37.2,1.2,81.687
6/12/19 13:43,81.554,37.2,1.2,81.687
6/12/19 13:44,81.597,37.2,1.2,81.642
6/12/19 13:44,81.597,37.2,1.2,81.597
6/12/19 13:44,81.597,37.2,1.2,81.597
6/12/19 13:44,81.597,37.2,1.2,81.597
6/12/19 13:44,81.597,37.2,1.2,81.554
6/12/19 13:44,81.597,37.2,1.2,81.554
6/12/19 13:44,81.597,37.2,1.2,81.554
6/12/19 13:44,81.597,37.2,1.2,81.554
6/12/19 13:44,81.597,37.2,1.2,81.554
6/12/19 13:44,81.597,37.2,1.2,81.554
6/12/19 13:44,81.597,37.2,1.2,81.509
6/12/19 13:44,81.597,37.2,1.2,81.509
6/12/19 13:44,81.597,37.2,1.2,81.509
6/12/19 13:44,81.597,37.2,1.2,81.509
6/12/19 13:44,81.597,37.2,1.2,81.509
6/12/19 13:44,81.597,37.2,1.2,81.509
6/12/19 13:44,81.597,37.2,1.2,81.554
6/12/19 13:44,81.597,37.2,1.2,81.554
6/12/19 13:44,81.597,37.2,1.2,81.554
6/12/19 13:44,81.597,37.2,1.2,81.554
6/12/19 13:44,81.597,37.2,1.2,81.554
6/12/19 13:44,81.597,37.2,1.2,81.554
6/12/19 13:44,81.597,37.2,1.2,81.597
6/12/19 13:44,81.597,37.2,1.2,81.597
6/12/19 13:44,81.597,37.3,1.2,81.597
6/12/19 13:44,81.597,37.3,1.2,81.597
6/12/19 13:44,81.597,37.3,1.2,81.597
6/12/19 13:44,81.597,37.3,1.2,81.597
6/12/19 13:44,81.597,37.3,1.2,81.597
6/12/19 13:44,81.642,37.3,1.2,81.642
6/12/19 13:44,81.642,37.3,1.2,81.642
6/12/19 13:44,81.642,37.3,1.2,81.642
6/12/19 13:44,81.642,37.3,1.2,81.687
6/12/19 13:44,81.642,37.3,1.2,81.687
6/12/19 13:44,81.642,37.4,1.2,81.687
6/12/19 13:44,81.642,37.4,1.2,81.687
6/12/19 13:44,81.642,37.4,1.2,81.73
6/12/19 13:44,81.642,37.4,1.2,81.73
6/12/19 13:44,81.642,37.4,1.2,81.73
6/12/19 13:44,81.642,37.4,1.2,81.73
6/12/19 13:44,81.642,37.4,1.2,81.73
6/12/19 13:44,81.642,37.4,1.2,81.775
6/12/19 13:44,81.642,37.4,1.2,81.775
6/12/19 13:44,81.642,37.4,1.2,81.775
6/12/19 13:44,81.642,37.5,1.2,81.775
6/12/19 13:44,81.687,37.5,1.2,81.819
6/12/19 13:44,81.687,37.5,1.2,81.819
6/12/19 13:44,81.687,37.5,1.2,81.819
6/12/19 13:44,81.687,37.5,1.2,81.819
6/12/19 13:44,81.687,37.5,1.2,81.819
6/12/19 13:44,81.687,37.5,1.2,81.819
6/12/19 13:44,81.687,37.5,1.2,81.819
6/12/19 13:44,81.687,37.5,1.2,81.819
6/12/19 13:44,81.687,37.6,1.2,81.819
6/12/19 13:44,81.687,37.6,1.2,81.819
6/12/19 13:44,81.687,37.6,1.2,81.819
6/12/19 13:44,81.687,37.6,1.2,81.864
6/12/19 13:44,81.687,37.6,1.2,81.864
6/12/19 13:44,81.687,37.6,1.2,81.864
6/12/19 13:44,81.73,37.6,1.2,81.864
6/12/19 13:45,81.73,37.6,1.2,81.864
6/12/19 13:45,81.73,37.6,1.2,81.864
6/12/19 13:45,81.73,37.6,1.2,81.864
6/12/19 13:45,81.73,37.6,1.2,81.864
6/12/19 13:45,81.73,37.6,1.2,81.864
6/12/19 13:45,81.73,37.6,1.2,81.864
6/12/19 13:45,81.73,37.7,1.2,81.864
6/12/19 13:45,81.73,37.7,1.2,81.864
6/12/19 13:45,81.73,37.7,1.2,81.819
6/12/19 13:45,81.73,37.7,1.2,81.819
6/12/19 13:45,81.73,37.7,1.2,81.819
6/12/19 13:45,81.73,37.7,1.2,81.819
6/12/19 13:45,81.73,37.7,1.2,81.775
6/12/19 13:45,81.73,37.7,1.2,81.775
6/12/19 13:45,81.775,37.7,1.2,81.775
6/12/19 13:45,81.775,37.7,1.2,81.775
6/12/19 13:45,81.73,37.7,1.2,81.775
6/12/19 13:45,81.73,37.7,1.2,81.775
6/12/19 13:45,81.73,37.7,1.2,81.775
6/12/19 13:45,81.775,37.7,1.2,81.775
6/12/19 13:45,81.73,37.7,1.2,81.775
6/12/19 13:45,81.775,37.7,1.2,81.775
6/12/19 13:45,81.775,37.7,1.2,81.775
6/12/19 13:45,81.775,37.7,1.2,81.775
6/12/19 13:45,81.775,37.7,1.2,81.775
6/12/19 13:45,81.775,37.7,1.2,81.775
6/12/19 13:45,81.775,37.7,1.2,81.775
6/12/19 13:45,81.775,37.7,1.2,81.775
6/12/19 13:45,81.775,37.7,1.2,81.819
6/12/19 13:45,81.775,37.7,1.2,81.819
6/12/19 13:45,81.775,37.7,1.2,81.819
6/12/19 13:45,81.775,37.7,1.2,81.819
6/12/19 13:45,81.775,37.7,1.2,81.819
6/12/19 13:45,81.775,37.7,1.2,81.819
6/12/19 13:45,81.775,37.7,1.2,81.819
6/12/19 13:45,81.819,37.7,1.2,81.819
6/12/19 13:45,81.819,37.7,1.2,81.819
6/12/19 13:45,81.819,37.7,1.2,81.819
6/12/19 13:45,81.819,37.7,1.2,81.864
6/12/19 13:45,81.819,37.7,1.2,81.864
6/12/19 13:45,81.819,37.7,1.2,81.864
6/12/19 13:45,81.819,37.7,1.2,81.864
6/12/19 13:45,81.819,37.7,1.2,81.864
6/12/19 13:45,81.819,37.7,1.2,81.864
6/12/19 13:45,81.819,37.7,1.2,81.864
6/12/19 13:45,81.819,37.7,1.2,81.864
6/12/19 13:45,81.819,37.7,1.2,81.909
6/12/19 13:45,81.819,37.8,1.2,81.909
6/12/19 13:45,81.819,37.8,1.2,81.909
6/12/19 13:45,81.864,37.7,1.2,81.909
6/12/19 13:45,81.864,37.7,1.2,81.909
6/12/19 13:45,81.864,37.7,1.2,81.909
6/12/19 13:45,81.864,37.7,1.2,81.909
6/12/19 13:45,81.864,37.7,1.2,81.952
6/12/19 13:45,81.864,37.7,1.2,81.952
6/12/19 13:45,81.864,37.7,1.2,81.952
6/12/19 13:45,81.864,37.7,1.2,81.952
6/12/19 13:45,81.864,37.7,1.2,81.952
6/12/19 13:45,81.864,37.8,1.2,81.997
6/12/19 13:45,81.864,37.8,1.2,81.997
6/12/19 13:46,81.864,37.8,1.2,81.997
6/12/19 13:46,81.864,37.8,1.2,81.997
6/12/19 13:46,81.864,37.8,1.2,81.997
6/12/19 13:46,81.864,37.8,1.2,81.997
6/12/19 13:46,81.864,37.8,1.2,81.952
6/12/19 13:46,81.909,37.8,1.2,81.952
6/12/19 13:46,81.909,37.8,1.2,81.952
6/12/19 13:46,81.909,37.8,1.2,81.952
6/12/19 13:46,81.909,37.8,1.2,81.952
6/12/19 13:46,81.909,37.8,1.2,81.952
6/12/19 13:46,81.909,37.8,1.2,81.952
6/12/19 13:46,81.909,37.8,1.2,81.997
6/12/19 13:46,81.909,37.8,1.2,81.997
6/12/19 13:46,81.909,37.8,1.2,81.997
6/12/19 13:46,81.909,37.9,1.2,81.997
6/12/19 13:46,81.909,37.9,1.2,81.997
6/12/19 13:46,81.909,37.9,1.2,81.997
6/12/19 13:46,81.909,37.9,1.2,81.997
6/12/19 13:46,81.909,37.9,1.2,81.997
6/12/19 13:46,81.909,37.9,1.2,81.997
6/12/19 13:46,81.909,37.9,1.2,81.952
6/12/19 13:46,81.952,37.9,1.2,81.952
6/12/19 13:46,81.952,37.9,1.2,81.909
6/12/19 13:46,81.952,37.9,1.2,81.909
6/12/19 13:46,81.952,37.9,1.2,81.864
6/12/19 13:46,81.952,37.8,1.2,81.864
6/12/19 13:46,81.952,37.8,1.2,81.819
6/12/19 13:46,81.952,37.8,1.2,81.819
6/12/19 13:46,81.952,37.9,1.2,81.819
6/12/19 13:46,81.952,37.8,1.2,81.775
6/12/19 13:46,81.952,37.8,1.2,81.775
6/12/19 13:46,81.952,37.8,1.2,81.819
6/12/19 13:46,81.952,37.8,1.2,81.775
6/12/19 13:46,81.952,37.8,1.2,81.819
6/12/19 13:46,81.952,37.8,1.2,81.819
6/12/19 13:46,81.952,37.8,1.2,81.819
6/12/19 13:46,81.952,37.8,1.2,81.819
6/12/19 13:46,81.952,37.8,1.2,81.819
6/12/19 13:46,81.952,37.8,1.2,81.819
6/12/19 13:46,81.952,37.8,1.2,81.819
6/12/19 13:46,81.952,37.8,1.2,81.819
6/12/19 13:46,81.952,37.8,1.2,81.819
6/12/19 13:46,81.952,37.8,1.2,81.864
6/12/19 13:46,81.997,37.8,1.2,81.864
6/12/19 13:46,81.952,37.8,1.2,81.864
6/12/19 13:46,81.997,37.8,1.2,81.864
6/12/19 13:46,81.952,37.8,1.2,81.864
6/12/19 13:46,81.997,37.8,1.2,81.864
6/12/19 13:46,81.997,37.8,1.2,81.909
6/12/19 13:46,81.997,37.8,1.2,81.909
6/12/19 13:46,81.997,37.8,1.2,81.909
6/12/19 13:46,81.997,37.8,1.2,81.909
6/12/19 13:46,81.997,37.8,1.2,81.909
6/12/19 13:46,81.997,37.8,1.2,81.909
6/12/19 13:46,81.997,37.8,1.2,81.909
6/12/19 13:46,81.997,37.8,1.2,81.909
6/12/19 13:46,81.997,37.8,1.2,81.909
6/12/19 13:46,81.997,37.8,1.2,81.952
6/12/19 13:46,81.997,37.8,1.2,81.952
6/12/19 13:46,81.997,37.8,1.2,81.952
6/12/19 13:47,81.997,37.8,1.2,81.952
6/12/19 13:47,81.997,37.8,1.2,81.952
6/12/19 13:47,81.997,37.8,1.2,81.997
6/12/19 13:47,81.997,37.8,1.2,81.952
6/12/19 13:47,81.997,37.8,1.2,81.997
6/12/19 13:47,81.997,37.8,1.2,81.997
6/12/19 13:47,81.997,37.8,1.2,81.997
6/12/19 13:47,81.997,37.9,1.2,81.997
6/12/19 13:47,82.042,37.8,1.2,81.997
6/12/19 13:47,82.042,37.8,1.2,81.997
6/12/19 13:47,82.042,37.8,1.2,81.997
6/12/19 13:47,82.042,37.8,1.2,81.997
6/12/19 13:47,82.042,37.8,1.2,81.997
6/12/19 13:47,82.042,37.9,1.2,81.997
6/12/19 13:47,82.042,37.9,1.2,81.997
6/12/19 13:47,82.042,38,1.2,81.997
6/12/19 13:47,82.042,38,1.2,81.997
6/12/19 13:47,82.042,38,1.2,81.997
6/12/19 13:47,82.042,38,1.2,81.997
6/12/19 13:47,82.042,37.9,1.2,82.042
6/12/19 13:47,82.042,38,1.2,82.042
6/12/19 13:47,82.042,38,1.2,82.042
6/12/19 13:47,82.042,38,1.2,82.042
6/12/19 13:47,82.042,38,1.2,82.042
6/12/19 13:47,82.042,38,1.2,82.042
6/12/19 13:47,82.085,38.1,1.2,82.042
6/12/19 13:47,82.085,38,1.2,82.042
6/12/19 13:47,82.085,38.1,1.2,82.042
6/12/19 13:47,82.085,38.1,1.2,82.042
6/12/19 13:47,82.085,38.1,1.2,82.042
6/12/19 13:47,82.085,38.1,1.2,82.042
6/12/19 13:47,82.085,38.1,1.2,82.042
6/12/19 13:47,82.085,38.2,1.2,82.042
6/12/19 13:47,82.085,38.2,1.2,82.042
6/12/19 13:47,82.085,38.2,1.2,82.042
6/12/19 13:47,82.085,38.2,1.2,82.042
6/12/19 13:47,82.085,38.2,1.2,82.042
6/12/19 13:47,82.085,38.2,1.2,82.042
6/12/19 13:47,82.085,38.2,1.2,81.997
6/12/19 13:47,82.085,38.2,1.2,81.997
6/12/19 13:47,82.085,38.2,1.2,81.952
6/12/19 13:47,82.085,38.2,1.2,81.952
6/12/19 13:47,82.13,38.2,1.2,81.909
6/12/19 13:47,82.13,38.2,1.2,81.909
6/12/19 13:47,82.13,38.2,3.7,81.864
6/12/19 13:47,82.13,38.2,6.2,81.864
6/12/19 13:47,82.085,38.3,3.7,81.864
6/12/19 13:47,82.13,38.3,11.2,81.864
6/12/19 13:47,82.13,38.3,13.7,81.819
6/12/19 13:47,82.13,38.3,18.7,81.819
6/12/19 13:47,82.13,38.3,16.2,81.775
6/12/19 13:47,82.13,38.3,21.2,81.775
6/12/19 13:47,82.13,38.3,16.2,81.73
6/12/19 13:47,82.13,38.3,18.7,81.687
6/12/19 13:47,82.13,38.3,21.2,81.642
6/12/19 13:47,82.13,38.3,23.7,81.597
6/12/19 13:47,82.13,38.3,31.2,81.509
6/12/19 13:47,82.13,38.2,18.7,81.466
6/12/19 13:47,82.13,38.2,13.7,81.421
6/12/19 13:47,82.13,38.2,28.7,81.376
6/12/19 13:48,82.13,38.2,848.7,81.333
6/12/19 13:48,82.13,38.2,1776.2,81.333
6/12/19 13:48,82.13,38.2,1681.2,81.333
6/12/19 13:48,82.13,38.1,1776.2,81.333
6/12/19 13:48,82.13,38,1836.2,81.333
6/12/19 13:48,82.13,38,1811.2,81.333
6/12/19 13:48,82.085,37.9,1811.2,81.333
6/12/19 13:48,82.085,37.9,1828.7,81.244
6/12/19 13:48,82.085,37.9,1866.2,81.154
6/12/19 13:48,82.085,37.8,1858.7,81.111
6/12/19 13:48,82.085,37.8,1836.2,81.066
6/12/19 13:48,82.085,37.7,1883.7,81.023
6/12/19 13:48,82.085,37.6,1888.7,80.978
6/12/19 13:48,82.042,37.4,1863.7,80.978
6/12/19 13:48,82.042,37.2,941.2,80.935
6/12/19 13:48,81.997,37.1,1801.2,80.935
6/12/19 13:48,81.997,36.9,1741.2,80.935
6/12/19 13:48,81.997,36.8,111.2,80.935
6/12/19 13:48,81.952,36.8,51.2,80.935
6/12/19 13:48,81.952,36.8,23.7,80.89
6/12/19 13:48,81.909,36.8,21.2,80.89
6/12/19 13:48,81.909,36.7,6.2,80.845
6/12/19 13:48,81.864,36.7,3.7,80.845
6/12/19 13:48,81.864,36.7,3.7,80.802
6/12/19 13:48,81.819,36.6,1.2,80.802
6/12/19 13:48,81.819,36.6,1.2,80.757
6/12/19 13:48,81.775,36.6,1.2,80.713
6/12/19 13:48,81.775,36.6,1.2,80.668
6/12/19 13:48,81.775,36.6,1.2,80.625
6/12/19 13:48,81.73,36.6,3.7,80.58
6/12/19 13:48,81.73,36.6,1.2,80.449
6/12/19 13:48,81.687,36.6,1.2,80.361
6/12/19 13:48,81.687,36.7,1.2,80.272
6/12/19 13:48,81.687,36.7,1.2,80.139
6/12/19 13:48,81.642,36.8,1.2,80.051
6/12/19 13:48,81.597,36.8,1.2,79.963
6/12/19 13:48,81.597,36.8,1.2,79.876
6/12/19 13:48,81.554,36.8,1.2,79.788
6/12/19 13:48,81.509,36.8,3.7,79.7
6/12/19 13:48,81.509,36.8,3.7,79.567
6/12/19 13:48,81.466,36.8,3.7,79.48
6/12/19 13:48,81.421,36.9,3.7,79.347
6/12/19 13:48,81.376,36.9,3.7,79.216
6/12/19 13:48,81.333,37.1,1.2,79.084
6/12/19 13:48,81.333,37.1,1.2,78.953
6/12/19 13:48,81.288,37.2,1.2,78.822
6/12/19 13:48,81.199,37.3,3.7,78.69
6/12/19 13:48,81.154,37.4,8.7,78.602
6/12/19 13:48,81.111,37.4,13.7,78.514
6/12/19 13:48,81.066,37.5,13.7,78.382
6/12/19 13:48,81.023,37.5,18.7,78.296
6/12/19 13:48,80.978,37.6,23.7,78.251
6/12/19 13:48,80.935,37.6,21.2,78.165
6/12/19 13:48,80.845,37.7,1.2,78.121
6/12/19 13:48,80.802,37.8,3.7,78.076
6/12/19 13:48,80.757,37.7,3.7,78.033
6/12/19 13:48,80.713,37.8,3.7,77.99
6/12/19 13:48,80.668,37.8,3.7,77.902
6/12/19 13:48,80.625,37.8,3.7,77.859
6/12/19 13:48,80.58,37.9,3.7,77.815
6/12/19 13:49,80.58,38,3.7,77.77
6/12/19 13:49,80.537,38,3.7,77.727
6/12/19 13:49,80.492,38.1,3.7,77.684
6/12/19 13:49,80.449,38.1,3.7,77.639
6/12/19 13:49,80.449,38.2,3.7,77.553
6/12/19 13:49,80.404,38.2,3.7,77.509
6/12/19 13:49,80.361,38.3,3.7,77.421
6/12/19 13:49,80.361,38.3,3.7,77.378
6/12/19 13:49,80.316,38.4,3.7,77.292
6/12/19 13:49,80.316,38.4,3.7,77.203
6/12/19 13:49,80.272,38.4,3.7,77.117
6/12/19 13:49,80.272,38.5,3.7,77.072
6/12/19 13:49,80.227,38.5,3.7,77.029
6/12/19 13:49,80.227,38.5,3.7,76.942
6/12/19 13:49,80.184,38.6,3.7,76.899
6/12/19 13:49,80.184,38.6,3.7,76.854
6/12/19 13:49,80.139,38.6,3.7,76.811
6/12/19 13:49,80.139,38.6,3.7,76.768
6/12/19 13:49,80.139,38.6,3.7,76.725
6/12/19 13:49,80.096,38.7,3.7,76.681
6/12/19 13:49,80.096,38.7,3.7,76.593
6/12/19 13:49,80.096,38.8,3.7,76.55
6/12/19 13:49,80.051,38.8,3.7,76.507
6/12/19 13:49,80.051,38.8,3.7,76.419
6/12/19 13:49,80.008,38.9,3.7,76.375
6/12/19 13:49,80.008,38.9,3.7,76.332
6/12/19 13:49,80.008,38.9,3.7,76.289
6/12/19 13:49,79.963,39,3.7,76.246
6/12/19 13:49,79.963,39,3.7,76.158
6/12/19 13:49,79.963,39,3.7,76.114
6/12/19 13:49,79.963,39.1,3.7,76.028
6/12/19 13:49,79.92,39.1,3.7,75.985
6/12/19 13:49,79.92,39.1,3.7,75.898
6/12/19 13:49,79.92,39.1,3.7,75.853
6/12/19 13:49,79.876,39.2,3.7,75.81
6/12/19 13:49,79.876,39.2,3.7,75.724
6/12/19 13:49,79.831,39.2,3.7,75.681
6/12/19 13:49,79.831,39.2,3.7,75.637
6/12/19 13:49,79.831,39.3,3.7,75.594
6/12/19 13:49,79.788,39.3,3.7,75.551
6/12/19 13:49,79.788,39.3,3.7,75.463
6/12/19 13:49,79.743,39.4,3.7,75.463
6/12/19 13:49,79.743,39.4,3.7,75.376
6/12/19 13:49,79.743,39.4,3.7,75.333
6/12/19 13:49,79.7,39.4,3.7,75.333
6/12/19 13:49,79.7,39.4,3.7,75.29
6/12/19 13:49,79.655,39.4,3.7,75.247
6/12/19 13:49,79.655,39.5,3.7,75.204
6/12/19 13:49,79.655,39.5,3.7,75.117
6/12/19 13:49,79.612,39.4,3.7,75.074
6/12/19 13:49,79.612,39.4,3.7,75.074
6/12/19 13:49,79.567,39.4,3.7,75.029
6/12/19 13:49,79.567,39.4,3.7,74.986
6/12/19 13:49,79.524,39.4,3.7,74.943
6/12/19 13:49,79.524,39.4,3.7,74.899
6/12/19 13:49,79.524,39.4,3.7,74.856
6/12/19 13:49,79.48,39.4,3.7,74.813
6/12/19 13:49,79.48,39.4,3.7,74.727
6/12/19 13:49,79.435,39.5,3.7,74.683
6/12/19 13:49,79.435,39.5,3.7,74.64
6/12/19 13:50,79.435,39.5,3.7,74.597
6/12/19 13:50,79.392,39.5,3.7,74.554
6/12/19 13:50,79.392,39.6,3.7,74.511
6/12/19 13:50,79.347,39.6,3.7,74.467
6/12/19 13:50,79.347,39.6,3.7,74.424
6/12/19 13:50,79.347,39.6,3.7,74.381
6/12/19 13:50,79.304,39.7,3.7,74.338
6/12/19 13:50,79.304,39.7,3.7,74.338