datetime,airtemp_F,rh,par_umolm2sec,soiltemp_F
8/12/19 9:30,68.484,60.3,1.2,68.828
8/12/19 9:30,68.484,60.3,1.2,68.742
8/12/19 9:30,68.484,60.3,1.2,68.742
8/12/19 9:30,68.484,60.3,1.2,68.742
8/12/19 9:30,68.484,60.3,1.2,68.742
8/12/19 9:30,68.484,60.3,1.2,68.742
8/12/19 9:31,68.484,60.2,1.2,68.742
8/12/19 9:31,68.484,60.2,1.2,68.742
8/12/19 9:31,68.484,60.3,1.2,68.742
8/12/19 9:31,68.484,60.2,1.2,68.742
8/12/19 9:31,68.484,60.2,1.2,68.742
8/12/19 9:31,68.484,60.2,1.2,68.742
8/12/19 9:31,68.484,60.2,1.2,68.742
8/12/19 9:31,68.484,60.2,1.2,68.742
8/12/19 9:31,68.484,60.2,1.2,68.742
8/12/19 9:31,68.484,60.2,1.2,68.742
8/12/19 9:31,68.484,60.2,1.2,68.742
8/12/19 9:31,68.484,60.2,1.2,68.742
8/12/19 9:31,68.484,60.2,1.2,68.742
8/12/19 9:31,68.484,60.2,1.2,68.742
8/12/19 9:31,68.484,60.2,1.2,68.742
8/12/19 9:31,68.484,60.2,1.2,68.742
8/12/19 9:31,68.484,60.2,1.2,68.742
8/12/19 9:31,68.484,60.2,1.2,68.742
8/12/19 9:31,68.484,60.2,11.2,68.785
8/12/19 9:31,68.484,60.2,11.2,68.785
8/12/19 9:31,68.527,60.2,11.2,68.785
8/12/19 9:31,68.527,60.3,8.7,68.785
8/12/19 9:31,68.527,60.3,6.2,68.785
8/12/19 9:31,68.527,60.3,1.2,68.785
8/12/19 9:31,68.527,60.3,1.2,68.828
8/12/19 9:31,68.527,60.3,1.2,68.828
8/12/19 9:31,68.527,60.3,1.2,68.828
8/12/19 9:31,68.527,60.3,1.2,68.828
8/12/19 9:31,68.527,60.4,1.2,68.828
8/12/19 9:31,68.527,60.4,1.2,68.828
8/12/19 9:31,68.527,60.4,1.2,68.828
8/12/19 9:31,68.527,60.4,1.2,68.871
8/12/19 9:31,68.527,60.4,1.2,68.871
8/12/19 9:31,68.527,60.5,1.2,68.871
8/12/19 9:31,68.527,60.5,1.2,68.871
8/12/19 9:31,68.527,60.5,1.2,68.871
8/12/19 9:31,68.571,60.6,1.2,68.871
8/12/19 9:31,68.571,60.6,1.2,68.871
8/12/19 9:31,68.571,60.6,6.2,68.871
8/12/19 9:31,68.571,60.7,1.2,68.871
8/12/19 9:31,68.571,60.7,1.2,68.871
8/12/19 9:31,68.571,60.8,1.2,68.871
8/12/19 9:31,68.571,60.9,1.2,68.871
8/12/19 9:31,68.571,61,1.2,68.871
8/12/19 9:31,68.571,61,1.2,68.871
8/12/19 9:31,68.571,61.1,1.2,68.871
8/12/19 9:31,68.571,61.1,1.2,68.871
8/12/19 9:31,68.571,61.1,1.2,68.871
8/12/19 9:31,68.614,61.2,3.7,68.828
8/12/19 9:31,68.571,61.2,18.7,68.828
8/12/19 9:31,68.614,61.2,41.2,68.828
8/12/19 9:31,68.614,61.3,83.7,68.828
8/12/19 9:31,68.614,61.3,13.7,68.871
8/12/19 9:31,68.614,61.4,26.2,68.871
8/12/19 9:31,68.614,61.4,13.7,68.871
8/12/19 9:31,68.614,61.5,38.7,68.871
8/12/19 9:31,68.614,61.6,6.2,68.871
8/12/19 9:31,68.614,61.5,3.7,68.871
8/12/19 9:31,68.657,61.6,1.2,68.871
8/12/19 9:31,68.657,61.6,1.2,68.871
8/12/19 9:32,68.657,61.7,1.2,68.871
8/12/19 9:32,68.657,61.8,1.2,68.828
8/12/19 9:32,68.657,61.8,1.2,68.828
8/12/19 9:32,68.657,61.8,1.2,68.828
8/12/19 9:32,68.657,61.9,1.2,68.828
8/12/19 9:32,68.657,61.9,1.2,68.828
8/12/19 9:32,68.698,61.9,1.2,68.828
8/12/19 9:32,68.698,61.9,1.2,68.785
8/12/19 9:32,68.698,62,1.2,68.785
8/12/19 9:32,68.698,62,1.2,68.785
8/12/19 9:32,68.698,62,1.2,68.785
8/12/19 9:32,68.698,62,1.2,68.785
8/12/19 9:32,68.698,62,1.2,68.785
8/12/19 9:32,68.698,62.1,1.2,68.785
8/12/19 9:32,68.698,62.1,1.2,68.785
8/12/19 9:32,68.698,62.1,1.2,68.742
8/12/19 9:32,68.698,62.1,1.2,68.742
8/12/19 9:32,68.698,62.1,1.2,68.742
8/12/19 9:32,68.698,62.1,1.2,68.742
8/12/19 9:32,68.698,62.1,1.2,68.698
8/12/19 9:32,68.698,62.1,1.2,68.698
8/12/19 9:32,68.698,62.1,1.2,68.698
8/12/19 9:32,68.698,62.1,1.2,68.657
8/12/19 9:32,68.742,62.1,1.2,68.657
8/12/19 9:32,68.698,62.1,1.2,68.657
8/12/19 9:32,68.698,62.2,1.2,68.657
8/12/19 9:32,68.698,62.2,1.2,68.657
8/12/19 9:32,68.698,62.2,1.2,68.657
8/12/19 9:32,68.698,62.2,1.2,68.614
8/12/19 9:32,68.698,62.2,1.2,68.614
8/12/19 9:32,68.698,62.2,1.2,68.614
8/12/19 9:32,68.698,62.2,1.2,68.614
8/12/19 9:32,68.698,62.2,1.2,68.614
8/12/19 9:32,68.698,62.2,1.2,68.571
8/12/19 9:32,68.698,62.2,1.2,68.571
8/12/19 9:32,68.698,62.3,1.2,68.571
8/12/19 9:32,68.742,62.3,1.2,68.571
8/12/19 9:32,68.698,62.3,1.2,68.571
8/12/19 9:32,68.698,62.3,1.2,68.571
8/12/19 9:32,68.698,62.3,1.2,68.527
8/12/19 9:32,68.698,62.3,1.2,68.527
8/12/19 9:32,68.698,62.4,1.2,68.527
8/12/19 9:32,68.698,62.4,1.2,68.527
8/12/19 9:32,68.698,62.4,1.2,68.484
8/12/19 9:32,68.698,62.4,1.2,68.484
8/12/19 9:32,68.698,62.4,1.2,68.484
8/12/19 9:32,68.698,62.4,1.2,68.484
8/12/19 9:32,68.698,62.4,1.2,68.484
8/12/19 9:32,68.698,62.4,1.2,68.443
8/12/19 9:32,68.698,62.4,1.2,68.443
8/12/19 9:32,68.698,62.4,1.2,68.443
8/12/19 9:32,68.698,62.4,1.2,68.443
8/12/19 9:32,68.698,62.5,1.2,68.443
8/12/19 9:32,68.698,62.5,1.2,68.4
8/12/19 9:32,68.698,62.5,1.2,68.4
8/12/19 9:32,68.698,62.5,1.2,68.4
8/12/19 9:32,68.698,62.5,1.2,68.4
8/12/19 9:32,68.698,62.5,1.2,68.4
8/12/19 9:32,68.698,62.5,1.2,68.356
8/12/19 9:32,68.698,62.5,1.2,68.356
8/12/19 9:33,68.698,62.5,1.2,68.356
8/12/19 9:33,68.698,62.5,1.2,68.356
8/12/19 9:33,68.698,62.6,1.2,68.313
8/12/19 9:33,68.698,62.6,1.2,68.313
8/12/19 9:33,68.698,62.6,1.2,68.313
8/12/19 9:33,68.698,62.6,1.2,68.313
8/12/19 9:33,68.698,62.6,1.2,68.313
8/12/19 9:33,68.698,62.6,1.2,68.313
8/12/19 9:33,68.698,62.5,1.2,68.27
8/12/19 9:33,68.698,62.5,1.2,68.27
8/12/19 9:33,68.698,62.6,1.2,68.27
8/12/19 9:33,68.698,62.5,1.2,68.27
8/12/19 9:33,68.657,62.5,1.2,68.27
8/12/19 9:33,68.657,62.5,1.2,68.227
8/12/19 9:33,68.657,62.5,1.2,68.227
8/12/19 9:33,68.657,62.6,1.2,68.227
8/12/19 9:33,68.657,62.6,1.2,68.227
8/12/19 9:33,68.657,62.6,1.2,68.227
8/12/19 9:33,68.657,62.6,1.2,68.185
8/12/19 9:33,68.657,62.6,1.2,68.185
8/12/19 9:33,68.657,62.6,1.2,68.185
8/12/19 9:33,68.657,62.6,1.2,68.185
8/12/19 9:33,68.657,62.7,1.2,68.185
8/12/19 9:33,68.657,62.7,1.2,68.185
8/12/19 9:33,68.657,62.7,1.2,68.142
8/12/19 9:33,68.657,62.7,1.2,68.185
8/12/19 9:33,68.657,62.7,1.2,68.142
8/12/19 9:33,68.657,62.7,1.2,68.142
8/12/19 9:33,68.657,62.7,1.2,68.142
8/12/19 9:33,68.657,62.7,1.2,68.142
8/12/19 9:33,68.657,62.7,1.2,68.142
8/12/19 9:33,68.657,62.7,1.2,68.099
8/12/19 9:33,68.657,62.7,1.2,68.099
8/12/19 9:33,68.657,62.8,1.2,68.099
8/12/19 9:33,68.657,62.8,1.2,68.099
8/12/19 9:33,68.657,62.8,1.2,68.056
8/12/19 9:33,68.657,62.8,1.2,68.056
8/12/19 9:33,68.657,62.8,1.2,68.056
8/12/19 9:33,68.657,62.8,1.2,68.056
8/12/19 9:33,68.614,62.8,1.2,68.056
8/12/19 9:33,68.614,62.8,1.2,68.013
8/12/19 9:33,68.614,62.8,1.2,68.013
8/12/19 9:33,68.614,62.8,1.2,68.013
8/12/19 9:33,68.614,62.8,1.2,68.013
8/12/19 9:33,68.614,62.8,1.2,68.013
8/12/19 9:33,68.614,62.8,1.2,67.971
8/12/19 9:33,68.614,62.9,1.2,67.971
8/12/19 9:33,68.614,62.9,1.2,67.971
8/12/19 9:33,68.614,62.9,1.2,67.971
8/12/19 9:33,68.614,62.9,1.2,67.928
8/12/19 9:33,68.614,62.9,1.2,67.928
8/12/19 9:33,68.614,62.9,1.2,67.928
8/12/19 9:33,68.614,62.9,1.2,67.928
8/12/19 9:33,68.614,62.9,1.2,67.885
8/12/19 9:33,68.614,62.9,1.2,67.885
8/12/19 9:33,68.614,62.9,1.2,67.885
8/12/19 9:33,68.614,62.9,1.2,67.885
8/12/19 9:33,68.614,62.9,1.2,67.885
8/12/19 9:33,68.614,63,1.2,67.842
8/12/19 9:33,68.614,63,1.2,67.842
8/12/19 9:34,68.614,63,1.2,67.842
8/12/19 9:34,68.571,63,1.2,67.842
8/12/19 9:34,68.614,63,1.2,67.842
8/12/19 9:34,68.571,63,1.2,67.798
8/12/19 9:34,68.571,63,1.2,67.798
8/12/19 9:34,68.571,63.1,1.2,67.798
8/12/19 9:34,68.571,63.1,1.2,67.798
8/12/19 9:34,68.571,63.1,1.2,67.798
8/12/19 9:34,68.571,63.1,1.2,67.798
8/12/19 9:34,68.571,63.1,1.2,67.798
8/12/19 9:34,68.571,63.1,1.2,67.798
8/12/19 9:34,68.571,63.1,1.2,67.798
8/12/19 9:34,68.571,63.1,1.2,67.798
8/12/19 9:34,68.571,63.1,1.2,67.798
8/12/19 9:34,68.571,63,1.2,67.798
8/12/19 9:34,68.571,63,1.2,67.798
8/12/19 9:34,68.571,63.1,1.2,67.798
8/12/19 9:34,68.571,63.1,1.2,67.798
8/12/19 9:34,68.571,63.1,1.2,67.798
8/12/19 9:34,68.571,63.1,1.2,67.798
8/12/19 9:34,68.571,63.1,1.2,67.798
8/12/19 9:34,68.571,63.1,1.2,67.798
8/12/19 9:34,68.571,63.1,1.2,67.798
8/12/19 9:34,68.571,63.2,1.2,67.798
8/12/19 9:34,68.571,63.2,1.2,67.798
8/12/19 9:34,68.571,63.2,1.2,67.757
8/12/19 9:34,68.571,63.2,1.2,67.798
8/12/19 9:34,68.571,63.2,1.2,67.757
8/12/19 9:34,68.571,63.3,1.2,67.757
8/12/19 9:34,68.571,63.3,1.2,67.757
8/12/19 9:34,68.527,63.3,1.2,67.757
8/12/19 9:34,68.571,63.3,1.2,67.757
8/12/19 9:34,68.571,63.3,1.2,67.757
8/12/19 9:34,68.527,63.3,1.2,67.757
8/12/19 9:34,68.527,63.3,1.2,67.757
8/12/19 9:34,68.571,63.3,1.2,67.757
8/12/19 9:34,68.527,63.4,1.2,67.757
8/12/19 9:34,68.527,63.4,1.2,67.757
8/12/19 9:34,68.527,63.4,1.2,67.757
8/12/19 9:34,68.527,63.4,1.2,67.757
8/12/19 9:34,68.527,63.4,1.2,67.757
8/12/19 9:34,68.527,63.4,1.2,67.714
8/12/19 9:34,68.527,63.4,1.2,67.714
8/12/19 9:34,68.527,63.4,1.2,67.714
8/12/19 9:34,68.527,63.4,1.2,67.714
8/12/19 9:34,68.527,63.4,1.2,67.714
8/12/19 9:34,68.527,63.5,1.2,67.714
8/12/19 9:34,68.527,63.5,1.2,67.714
8/12/19 9:34,68.527,63.5,1.2,67.714
8/12/19 9:34,68.527,63.5,1.2,67.714
8/12/19 9:34,68.527,63.5,1.2,67.714
8/12/19 9:34,68.527,63.5,1.2,67.714
8/12/19 9:34,68.527,63.5,1.2,67.714
8/12/19 9:34,68.527,63.5,1.2,67.714
8/12/19 9:34,68.527,63.5,1.2,67.714
8/12/19 9:34,68.484,63.6,1.2,67.714
8/12/19 9:34,68.484,63.6,1.2,67.714
8/12/19 9:34,68.484,63.6,1.2,67.714
8/12/19 9:34,68.484,63.5,1.2,67.714
8/12/19 9:34,68.484,63.5,1.2,67.714
8/12/19 9:35,68.484,63.5,1.2,67.714
8/12/19 9:35,68.484,63.5,1.2,67.714
8/12/19 9:35,68.484,63.6,1.2,67.714
8/12/19 9:35,68.484,63.6,1.2,67.714
8/12/19 9:35,68.484,63.6,1.2,67.714
8/12/19 9:35,68.484,63.6,1.2,67.714
8/12/19 9:35,68.484,63.6,1.2,67.714
8/12/19 9:35,68.484,63.6,1.2,67.671
8/12/19 9:35,68.484,63.6,1.2,67.671
8/12/19 9:35,68.484,63.7,1.2,67.671
8/12/19 9:35,68.484,63.7,1.2,67.671
8/12/19 9:35,68.484,63.7,1.2,67.671
8/12/19 9:35,68.484,63.7,1.2,67.671
8/12/19 9:35,68.484,63.7,1.2,67.671
8/12/19 9:35,68.484,63.7,1.2,67.671
8/12/19 9:35,68.443,63.7,1.2,67.671
8/12/19 9:35,68.443,63.7,1.2,67.627
8/12/19 9:35,68.443,63.8,1.2,67.627
8/12/19 9:35,68.443,63.8,1.2,67.627
8/12/19 9:35,68.443,63.8,1.2,67.627
8/12/19 9:35,68.443,63.8,1.2,67.627
8/12/19 9:35,68.443,63.8,1.2,67.627
8/12/19 9:35,68.443,63.8,1.2,67.627
8/12/19 9:35,68.443,63.8,1.2,67.627
8/12/19 9:35,68.443,63.8,1.2,67.627
8/12/19 9:35,68.443,63.8,1.2,67.627
8/12/19 9:35,68.443,63.8,1.2,67.586
8/12/19 9:35,68.443,63.8,1.2,67.586
8/12/19 9:35,68.443,63.9,1.2,67.586
8/12/19 9:35,68.443,63.9,1.2,67.586
8/12/19 9:35,68.443,63.9,1.2,67.586
8/12/19 9:35,68.443,63.9,1.2,67.586
8/12/19 9:35,68.443,63.9,1.2,67.586
8/12/19 9:35,68.443,63.9,1.2,67.586
8/12/19 9:35,68.443,64,1.2,67.543
8/12/19 9:35,68.443,64,1.2,67.543
8/12/19 9:35,68.443,64,1.2,67.543
8/12/19 9:35,68.4,64,1.2,67.543
8/12/19 9:35,68.4,64,1.2,67.543
8/12/19 9:35,68.4,64,1.2,67.543
8/12/19 9:35,68.4,64,1.2,67.543
8/12/19 9:35,68.4,64,1.2,67.543
8/12/19 9:35,68.4,64,1.2,67.5
8/12/19 9:35,68.4,64,1.2,67.5
8/12/19 9:35,68.4,64,1.2,67.5
8/12/19 9:35,68.4,64,1.2,67.5
8/12/19 9:35,68.4,64,1.2,67.5
8/12/19 9:35,68.4,64,1.2,67.5
8/12/19 9:35,68.4,64,1.2,67.5
8/12/19 9:35,68.4,64,1.2,67.5
8/12/19 9:35,68.356,64,1.2,67.456
8/12/19 9:35,68.356,64,1.2,67.456
8/12/19 9:35,68.4,64,1.2,67.456
8/12/19 9:35,68.356,64,1.2,67.456
8/12/19 9:35,68.356,64,1.2,67.456
8/12/19 9:35,68.356,64,1.2,67.456
8/12/19 9:35,68.356,64.1,1.2,67.456
8/12/19 9:35,68.356,64.1,1.2,67.456
8/12/19 9:35,68.356,64.1,1.2,67.456
8/12/19 9:35,68.356,64.1,1.2,67.413
8/12/19 9:36,68.356,64.1,1.2,67.413
8/12/19 9:36,68.356,64.1,1.2,67.413
8/12/19 9:36,68.356,64.1,1.2,67.413
8/12/19 9:36,68.356,64.1,1.2,67.413
8/12/19 9:36,68.356,64.1,1.2,67.413
8/12/19 9:36,68.356,64.1,1.2,67.413
8/12/19 9:36,68.356,64.2,1.2,67.413
8/12/19 9:36,68.313,64.1,1.2,67.413
8/12/19 9:36,68.313,64.2,1.2,67.413
8/12/19 9:36,68.313,64.2,1.2,67.413
8/12/19 9:36,68.313,64.2,1.2,67.413
8/12/19 9:36,68.313,64.2,1.2,67.372
8/12/19 9:36,68.313,64.2,1.2,67.413
8/12/19 9:36,68.313,64.2,1.2,67.413
8/12/19 9:36,68.313,64.2,1.2,67.372
8/12/19 9:36,68.313,64.2,1.2,67.372
8/12/19 9:36,68.313,64.2,1.2,67.372
8/12/19 9:36,68.313,64.2,1.2,67.372
8/12/19 9:36,68.313,64.2,1.2,67.372
8/12/19 9:36,68.313,64.2,1.2,67.372
8/12/19 9:36,68.313,64.2,1.2,67.372
8/12/19 9:36,68.313,64.1,1.2,67.372
8/12/19 9:36,68.27,64.3,1.2,67.372
8/12/19 9:36,68.27,64.3,1.2,67.372
8/12/19 9:36,68.27,64.3,1.2,67.372
8/12/19 9:36,68.27,64.3,1.2,67.372
8/12/19 9:36,68.27,64.3,1.2,67.329
8/12/19 9:36,68.27,64.3,1.2,67.329
8/12/19 9:36,68.27,64.3,1.2,67.329
8/12/19 9:36,68.27,64.3,1.2,67.329
8/12/19 9:36,68.27,64.3,1.2,67.329
8/12/19 9:36,68.27,64.3,1.2,67.329
8/12/19 9:36,68.27,64.3,1.2,67.329
8/12/19 9:36,68.27,64.3,1.2,67.329
8/12/19 9:36,68.27,64.3,1.2,67.329
8/12/19 9:36,68.27,64.3,1.2,67.285
8/12/19 9:36,68.27,64.3,1.2,67.285
8/12/19 9:36,68.27,64.3,1.2,67.285
8/12/19 9:36,68.27,64.4,1.2,67.285
8/12/19 9:36,68.27,64.3,1.2,67.285
8/12/19 9:36,68.227,64.4,1.2,67.285
8/12/19 9:36,68.27,64.3,1.2,67.285
8/12/19 9:36,68.227,64.3,1.2,67.285
8/12/19 9:36,68.227,64.3,1.2,67.285
8/12/19 9:36,68.227,64.3,1.2,67.285
8/12/19 9:36,68.227,64.3,1.2,67.285
8/12/19 9:36,68.227,64.3,1.2,67.285
8/12/19 9:36,68.227,64.3,1.2,67.242
8/12/19 9:36,68.227,64.3,1.2,67.285
8/12/19 9:36,68.227,64.3,1.2,67.242
8/12/19 9:36,68.227,64.3,1.2,67.242
8/12/19 9:36,68.227,64.3,1.2,67.242
8/12/19 9:36,68.227,64.3,1.2,67.242
8/12/19 9:36,68.227,64.4,1.2,67.242
8/12/19 9:36,68.227,64.4,1.2,67.242
8/12/19 9:36,68.227,64.4,1.2,67.242
8/12/19 9:36,68.185,64.4,1.2,67.242
8/12/19 9:36,68.227,64.4,1.2,67.199
8/12/19 9:36,68.185,64.4,1.2,67.199
8/12/19 9:36,68.185,64.4,1.2,67.199
8/12/19 9:37,68.185,64.4,1.2,67.199
8/12/19 9:37,68.185,64.4,1.2,67.199
8/12/19 9:37,68.185,64.4,1.2,67.199
8/12/19 9:37,68.185,64.4,1.2,67.199
8/12/19 9:37,68.185,64.4,1.2,67.199
8/12/19 9:37,68.185,64.4,1.2,67.199
8/12/19 9:37,68.185,64.4,1.2,67.199
8/12/19 9:37,68.185,64.4,1.2,67.199
8/12/19 9:37,68.185,64.4,1.2,67.199
8/12/19 9:37,68.185,64.4,1.2,67.199
8/12/19 9:37,68.185,64.4,1.2,67.199
8/12/19 9:37,68.185,64.4,1.2,67.158
8/12/19 9:37,68.185,64.4,1.2,67.158
8/12/19 9:37,68.142,64.4,1.2,67.199
8/12/19 9:37,68.142,64.4,1.2,67.199
8/12/19 9:37,68.142,64.4,1.2,67.158
8/12/19 9:37,68.142,64.4,1.2,67.158
8/12/19 9:37,68.142,64.4,1.2,67.158
8/12/19 9:37,68.142,64.4,1.2,67.158
8/12/19 9:37,68.142,64.4,1.2,67.158
8/12/19 9:37,68.142,64.4,1.2,67.158
8/12/19 9:37,68.142,64.5,1.2,67.158
8/12/19 9:37,68.142,64.5,1.2,67.158
8/12/19 9:37,68.142,64.5,1.2,67.158
8/12/19 9:37,68.142,64.5,1.2,67.158
8/12/19 9:37,68.142,64.5,1.2,67.158
8/12/19 9:37,68.142,64.5,1.2,67.158
8/12/19 9:37,68.142,64.5,1.2,67.158
8/12/19 9:37,68.142,64.5,1.2,67.158
8/12/19 9:37,68.142,64.5,1.2,67.158
8/12/19 9:37,68.099,64.5,1.2,67.158
8/12/19 9:37,68.099,64.5,1.2,67.158
8/12/19 9:37,68.099,64.5,1.2,67.158
8/12/19 9:37,68.099,64.5,1.2,67.158
8/12/19 9:37,68.099,64.5,1.2,67.158
8/12/19 9:37,68.099,64.5,1.2,67.158
8/12/19 9:37,68.099,64.5,1.2,67.158
8/12/19 9:37,68.099,64.6,1.2,67.114
8/12/19 9:37,68.099,64.5,1.2,67.114
8/12/19 9:37,68.099,64.5,1.2,67.114
8/12/19 9:37,68.099,64.6,1.2,67.114
8/12/19 9:37,68.099,64.6,1.2,67.114
8/12/19 9:37,68.099,64.6,1.2,67.114
8/12/19 9:37,68.099,64.6,1.2,67.114
8/12/19 9:37,68.099,64.6,1.2,67.114
8/12/19 9:37,68.099,64.6,1.2,67.114
8/12/19 9:37,68.056,64.6,1.2,67.114
8/12/19 9:37,68.056,64.6,1.2,67.114
8/12/19 9:37,68.099,64.6,1.2,67.114
8/12/19 9:37,68.056,64.6,11.2,67.114
8/12/19 9:37,68.056,64.6,11.2,67.114
8/12/19 9:37,68.056,64.6,13.7,67.114
8/12/19 9:37,68.056,64.6,13.7,67.114
8/12/19 9:37,68.056,64.6,13.7,67.114
8/12/19 9:37,68.056,64.6,13.7,67.114
8/12/19 9:37,68.056,64.6,16.2,67.114
8/12/19 9:37,68.056,64.7,13.7,67.071
8/12/19 9:37,68.056,64.6,16.2,67.071
8/12/19 9:37,68.056,64.7,16.2,67.071
8/12/19 9:37,68.056,64.7,16.2,67.071
8/12/19 9:38,68.013,64.7,16.2,67.071
8/12/19 9:38,68.013,64.7,16.2,67.071
8/12/19 9:38,68.013,64.7,16.2,67.071
8/12/19 9:38,68.013,64.7,16.2,67.071
8/12/19 9:38,68.013,64.7,16.2,67.071
8/12/19 9:38,68.013,64.8,13.7,67.071
8/12/19 9:38,68.013,64.8,13.7,67.071
8/12/19 9:38,68.013,64.8,16.2,67.071
8/12/19 9:38,68.013,64.8,16.2,67.071
8/12/19 9:38,68.013,64.8,16.2,67.071
8/12/19 9:38,68.013,64.8,16.2,67.071
8/12/19 9:38,68.013,64.8,16.2,67.071
8/12/19 9:38,68.013,64.8,16.2,67.071
8/12/19 9:38,67.971,64.8,16.2,67.071
8/12/19 9:38,67.971,64.8,16.2,67.071
8/12/19 9:38,67.971,64.8,16.2,67.071
8/12/19 9:38,67.971,64.8,16.2,67.071
8/12/19 9:38,67.971,64.8,16.2,67.071
8/12/19 9:38,67.971,64.9,16.2,67.114
8/12/19 9:38,67.971,64.9,16.2,67.071
8/12/19 9:38,67.971,64.9,16.2,67.071
8/12/19 9:38,67.971,64.9,16.2,67.071
8/12/19 9:38,67.971,64.9,16.2,67.114
8/12/19 9:38,67.971,64.8,16.2,67.114
8/12/19 9:38,67.971,64.8,16.2,67.114
8/12/19 9:38,67.971,64.9,16.2,67.114
8/12/19 9:38,67.971,64.9,16.2,67.114
8/12/19 9:38,67.971,64.9,16.2,67.114
8/12/19 9:38,67.971,64.9,16.2,67.114
8/12/19 9:38,67.928,64.9,16.2,67.114
8/12/19 9:38,67.928,64.9,16.2,67.114
8/12/19 9:38,67.928,65,3.7,67.114
8/12/19 9:38,67.928,65,3.7,67.114
8/12/19 9:38,67.928,65,3.7,67.114
8/12/19 9:38,67.928,65,6.2,67.114
8/12/19 9:38,67.928,65,13.7,67.114
8/12/19 9:38,67.928,65,13.7,67.114
8/12/19 9:38,67.928,65,13.7,67.114
8/12/19 9:38,67.928,65,13.7,67.114
8/12/19 9:38,67.928,65.1,13.7,67.114
8/12/19 9:38,67.928,65.1,13.7,67.114
8/12/19 9:38,67.928,65.1,13.7,67.114
8/12/19 9:38,67.928,65.1,13.7,67.114
8/12/19 9:38,67.928,65.1,13.7,67.114
8/12/19 9:38,67.928,65.1,13.7,67.114
8/12/19 9:38,67.928,65.1,13.7,67.114
8/12/19 9:38,67.928,65.1,13.7,67.114
8/12/19 9:38,67.928,65.1,13.7,67.114
8/12/19 9:38,67.928,65.1,13.7,67.114
8/12/19 9:38,67.928,65.2,13.7,67.114
8/12/19 9:38,67.885,65.2,13.7,67.114
8/12/19 9:38,67.885,65.2,13.7,67.114
8/12/19 9:38,67.885,65.2,13.7,67.114
8/12/19 9:38,67.885,65.2,13.7,67.114
8/12/19 9:38,67.885,65.2,13.7,67.114
8/12/19 9:38,67.885,65.2,13.7,67.114
8/12/19 9:38,67.885,65.2,13.7,67.114
8/12/19 9:38,67.885,65.2,13.7,67.114
8/12/19 9:38,67.885,65.2,13.7,67.114
8/12/19 9:38,67.885,65.3,13.7,67.114
8/12/19 9:39,67.885,65.3,13.7,67.114
8/12/19 9:39,67.885,65.3,13.7,67.114
8/12/19 9:39,67.885,65.3,13.7,67.114
8/12/19 9:39,67.885,65.3,13.7,67.114
8/12/19 9:39,67.885,65.3,13.7,67.114
8/12/19 9:39,67.885,65.3,13.7,67.114
8/12/19 9:39,67.885,65.4,13.7,67.114
8/12/19 9:39,67.885,65.4,13.7,67.114
8/12/19 9:39,67.885,65.4,13.7,67.114
8/12/19 9:39,67.885,65.3,13.7,67.114
8/12/19 9:39,67.885,65.4,13.7,67.114
8/12/19 9:39,67.885,65.3,13.7,67.114
8/12/19 9:39,67.842,65.3,13.7,67.114
8/12/19 9:39,67.842,65.3,13.7,67.114
8/12/19 9:39,67.842,65.3,13.7,67.114
8/12/19 9:39,67.842,65.3,13.7,67.114
8/12/19 9:39,67.842,65.3,13.7,67.114
8/12/19 9:39,67.842,65.3,13.7,67.114
8/12/19 9:39,67.842,65.3,13.7,67.114
8/12/19 9:39,67.842,65.4,13.7,67.114
8/12/19 9:39,67.842,65.4,16.2,67.114
8/12/19 9:39,67.842,65.4,16.2,67.114
8/12/19 9:39,67.842,65.4,13.7,67.114
8/12/19 9:39,67.842,65.4,16.2,67.071
8/12/19 9:39,67.842,65.4,13.7,67.114
8/12/19 9:39,67.842,65.4,16.2,67.114
8/12/19 9:39,67.842,65.4,16.2,67.071
8/12/19 9:39,67.842,65.4,16.2,67.071
8/12/19 9:39,67.842,65.5,16.2,67.071
8/12/19 9:39,67.842,65.4,16.2,67.071
8/12/19 9:39,67.842,65.5,16.2,67.071
8/12/19 9:39,67.842,65.5,13.7,67.071
8/12/19 9:39,67.842,65.5,13.7,67.071
8/12/19 9:39,67.842,65.5,16.2,67.071
8/12/19 9:39,67.842,65.5,16.2,67.071
8/12/19 9:39,67.842,65.5,16.2,67.071
8/12/19 9:39,67.798,65.5,16.2,67.071
8/12/19 9:39,67.842,65.5,16.2,67.071
8/12/19 9:39,67.798,65.5,13.7,67.071
8/12/19 9:39,67.798,65.5,13.7,67.071
8/12/19 9:39,67.798,65.5,13.7,67.071
8/12/19 9:39,67.798,65.5,13.7,67.071
8/12/19 9:39,67.798,65.5,13.7,67.071
8/12/19 9:39,67.798,65.5,13.7,67.071
8/12/19 9:39,67.798,65.6,13.7,67.071
8/12/19 9:39,67.798,65.6,13.7,67.071
8/12/19 9:39,67.798,65.6,13.7,67.028
8/12/19 9:39,67.798,65.6,13.7,67.071
8/12/19 9:39,67.798,65.6,13.7,67.071
8/12/19 9:39,67.798,65.6,13.7,67.028
8/12/19 9:39,67.798,65.6,13.7,67.028
8/12/19 9:39,67.798,65.6,13.7,67.071
8/12/19 9:39,67.798,65.6,13.7,67.071
8/12/19 9:39,67.798,65.6,13.7,67.028
8/12/19 9:39,67.798,65.7,13.7,67.028
8/12/19 9:39,67.798,65.7,13.7,67.028
8/12/19 9:39,67.798,65.7,13.7,67.028
8/12/19 9:39,67.798,65.7,13.7,67.028
8/12/19 9:39,67.798,65.7,13.7,67.028
8/12/19 9:39,67.798,65.7,13.7,67.028
8/12/19 9:40,67.798,65.7,13.7,67.028
8/12/19 9:40,67.798,65.7,13.7,67.028
8/12/19 9:40,67.798,65.7,13.7,67.028
8/12/19 9:40,67.757,65.7,16.2,67.028
8/12/19 9:40,67.798,65.7,13.7,67.028
8/12/19 9:40,67.757,65.7,13.7,67.028
8/12/19 9:40,67.757,65.7,16.2,67.028
8/12/19 9:40,67.757,65.7,16.2,67.028
8/12/19 9:40,67.757,65.7,16.2,67.028
8/12/19 9:40,67.757,65.8,13.7,67.028
8/12/19 9:40,67.757,65.8,16.2,67.028
8/12/19 9:40,67.757,65.8,16.2,67.028
8/12/19 9:40,67.757,65.8,16.2,67.028
8/12/19 9:40,67.757,65.8,16.2,67.028
8/12/19 9:40,67.757,65.8,16.2,67.028
8/12/19 9:40,67.757,65.8,16.2,67.028
8/12/19 9:40,67.757,65.8,16.2,67.028
8/12/19 9:40,67.757,65.8,16.2,66.985
8/12/19 9:40,67.757,65.8,16.2,67.028
8/12/19 9:40,67.757,65.8,16.2,66.985
8/12/19 9:40,67.757,65.7,16.2,66.985
8/12/19 9:40,67.757,65.7,16.2,66.985
8/12/19 9:40,67.757,65.7,16.2,66.985
8/12/19 9:40,67.757,65.7,16.2,66.985
8/12/19 9:40,67.757,65.8,16.2,66.985
8/12/19 9:40,67.714,65.8,16.2,66.985
8/12/19 9:40,67.714,65.8,16.2,66.985
8/12/19 9:40,67.757,65.8,16.2,66.985
8/12/19 9:40,67.714,65.8,16.2,66.985
8/12/19 9:40,67.714,65.8,13.7,66.985
8/12/19 9:40,67.714,65.8,13.7,66.985
8/12/19 9:40,67.714,65.8,3.7,66.985
8/12/19 9:40,67.714,65.8,11.2,66.985
8/12/19 9:40,67.714,65.8,3.7,66.985
8/12/19 9:40,67.714,65.9,3.7,66.985
8/12/19 9:40,67.714,65.9,3.7,66.985
8/12/19 9:40,67.714,65.9,3.7,66.985
8/12/19 9:40,67.714,65.9,3.7,66.985
8/12/19 9:40,67.714,65.9,6.2,66.985
8/12/19 9:40,67.714,65.9,6.2,66.943
8/12/19 9:40,67.714,65.9,6.2,66.943
8/12/19 9:40,67.714,65.9,6.2,66.943
8/12/19 9:40,67.714,65.9,6.2,66.943
8/12/19 9:40,67.714,65.9,6.2,66.985
8/12/19 9:40,67.714,65.9,6.2,66.985
8/12/19 9:40,67.671,65.9,6.2,66.985
8/12/19 9:40,67.671,65.9,6.2,66.985
8/12/19 9:40,67.671,65.9,6.2,66.985
8/12/19 9:40,67.671,65.9,6.2,66.985
8/12/19 9:40,67.671,65.9,6.2,66.985
8/12/19 9:40,67.671,66,6.2,67.028
8/12/19 9:40,67.671,66,8.7,67.028
8/12/19 9:40,67.671,66,6.2,67.028
8/12/19 9:40,67.671,66,6.2,67.028
8/12/19 9:40,67.671,66,8.7,67.028
8/12/19 9:40,67.671,66,8.7,67.028
8/12/19 9:40,67.671,66,8.7,67.028
8/12/19 9:40,67.671,66,6.2,67.028
8/12/19 9:40,67.671,66,6.2,67.071
8/12/19 9:40,67.671,66.1,3.7,67.071
8/12/19 9:41,67.671,66.1,3.7,67.114
8/12/19 9:41,67.671,66.1,1.2,67.114
8/12/19 9:41,67.671,66.1,1.2,67.114
8/12/19 9:41,67.627,66.1,1.2,67.114
8/12/19 9:41,67.671,66.1,1.2,67.114
8/12/19 9:41,67.671,66.1,1.2,67.114
8/12/19 9:41,67.627,66.2,1.2,67.158
8/12/19 9:41,67.627,66.2,3.7,67.158
8/12/19 9:41,67.627,66.2,6.2,67.158
8/12/19 9:41,67.627,66.2,3.7,67.158
8/12/19 9:41,67.627,66.2,6.2,67.158
8/12/19 9:41,67.627,66.3,8.7,67.158
8/12/19 9:41,67.627,66.3,6.2,67.158
8/12/19 9:41,67.627,66.3,1.2,67.199
8/12/19 9:41,67.627,66.3,3.7,67.199
8/12/19 9:41,67.627,66.3,3.7,67.199
8/12/19 9:41,67.627,66.3,6.2,67.199
8/12/19 9:41,67.627,66.2,6.2,67.199
8/12/19 9:41,67.627,66.2,8.7,67.199
8/12/19 9:41,67.627,66.3,6.2,67.199
8/12/19 9:41,67.627,66.3,6.2,67.199
8/12/19 9:41,67.627,66.3,8.7,67.199
8/12/19 9:41,67.627,66.3,8.7,67.199
8/12/19 9:41,67.627,66.3,8.7,67.199
8/12/19 9:41,67.627,66.3,8.7,67.199
8/12/19 9:41,67.627,66.3,6.2,67.199
8/12/19 9:41,67.586,66.3,8.7,67.199
8/12/19 9:41,67.586,66.3,8.7,67.199
8/12/19 9:41,67.586,66.3,8.7,67.199
8/12/19 9:41,67.586,66.3,6.2,67.199
8/12/19 9:41,67.586,66.3,8.7,67.199
8/12/19 9:41,67.586,66.3,8.7,67.199
8/12/19 9:41,67.586,66.3,8.7,67.199
8/12/19 9:41,67.586,66.4,8.7,67.199
8/12/19 9:41,67.586,66.4,8.7,67.199
8/12/19 9:41,67.586,66.4,3.7,67.199
8/12/19 9:41,67.586,66.4,3.7,67.199
8/12/19 9:41,67.586,66.4,6.2,67.199
8/12/19 9:41,67.586,66.4,6.2,67.199
8/12/19 9:41,67.586,66.4,8.7,67.199
8/12/19 9:41,67.586,66.4,8.7,67.199
8/12/19 9:41,67.586,66.4,8.7,67.199
8/12/19 9:41,67.586,66.4,8.7,67.199
8/12/19 9:41,67.586,66.4,8.7,67.199
8/12/19 9:41,67.586,66.4,6.2,67.199
8/12/19 9:41,67.586,66.4,6.2,67.199
8/12/19 9:41,67.586,66.4,6.2,67.199
8/12/19 9:41,67.586,66.4,6.2,67.199
8/12/19 9:41,67.586,66.4,8.7,67.199
8/12/19 9:41,67.586,66.5,3.7,67.199
8/12/19 9:41,67.586,66.5,1.2,67.199
8/12/19 9:41,67.586,66.5,3.7,67.199
8/12/19 9:41,67.586,66.5,6.2,67.199
8/12/19 9:41,67.586,66.5,6.2,67.199
8/12/19 9:41,67.586,66.5,6.2,67.199
8/12/19 9:41,67.586,66.5,6.2,67.199
8/12/19 9:41,67.586,66.5,3.7,67.199
8/12/19 9:41,67.586,66.5,3.7,67.199
8/12/19 9:41,67.586,66.5,3.7,67.199
8/12/19 9:41,67.586,66.5,1.2,67.199
8/12/19 9:42,67.586,66.6,1.2,67.199
8/12/19 9:42,67.586,66.6,1.2,67.199
8/12/19 9:42,67.586,66.6,1.2,67.199
8/12/19 9:42,67.586,66.6,1.2,67.199
8/12/19 9:42,67.586,66.6,3.7,67.199
8/12/19 9:42,67.543,66.6,3.7,67.199
8/12/19 9:42,67.543,66.6,3.7,67.199
8/12/19 9:42,67.543,66.6,3.7,67.199
8/12/19 9:42,67.543,66.6,3.7,67.199
8/12/19 9:42,67.543,66.6,3.7,67.199
8/12/19 9:42,67.543,66.6,3.7,67.199
8/12/19 9:42,67.543,66.6,6.2,67.199
8/12/19 9:42,67.543,66.6,6.2,67.199
8/12/19 9:42,67.543,66.6,6.2,67.199
8/12/19 9:42,67.543,66.6,6.2,67.199
8/12/19 9:42,67.543,66.6,8.7,67.199
8/12/19 9:42,67.543,66.6,6.2,67.199
8/12/19 9:42,67.543,66.6,3.7,67.199
8/12/19 9:42,67.543,66.6,3.7,67.199
8/12/19 9:42,67.543,66.7,3.7,67.199
8/12/19 9:42,67.543,66.7,3.7,67.199
8/12/19 9:42,67.543,66.7,1.2,67.199
8/12/19 9:42,67.543,66.7,1.2,67.199
8/12/19 9:42,67.543,66.7,3.7,67.199
8/12/19 9:42,67.543,66.7,6.2,67.199
8/12/19 9:42,67.543,66.7,8.7,67.199
8/12/19 9:42,67.543,66.7,11.2,67.199
8/12/19 9:42,67.543,66.7,13.7,67.199
8/12/19 9:42,67.543,66.7,13.7,67.158
8/12/19 9:42,67.543,66.7,26.2,67.199
8/12/19 9:42,67.543,66.7,33.7,67.158
8/12/19 9:42,67.543,66.7,108.7,67.199
8/12/19 9:42,67.543,66.7,183.7,67.158
8/12/19 9:42,67.543,66.7,183.7,67.199
8/12/19 9:42,67.543,66.7,216.2,67.158
8/12/19 9:42,67.543,66.7,216.2,67.158
8/12/19 9:42,67.543,66.7,218.7,67.199
8/12/19 9:42,67.543,66.7,218.7,67.158
8/12/19 9:42,67.5,66.7,203.7,67.158
8/12/19 9:42,67.5,66.7,201.2,67.199
8/12/19 9:42,67.5,66.7,203.7,67.158
8/12/19 9:42,67.543,66.7,211.2,67.158
8/12/19 9:42,67.5,66.7,213.7,67.158
8/12/19 9:42,67.5,66.7,213.7,67.158
8/12/19 9:42,67.5,66.7,213.7,67.158
8/12/19 9:42,67.5,66.7,193.7,67.158
8/12/19 9:42,67.543,66.7,213.7,67.158
8/12/19 9:42,67.5,66.7,198.7,67.158
8/12/19 9:42,67.5,66.7,68.7,67.158
8/12/19 9:42,67.5,66.7,31.2,67.158
8/12/19 9:42,67.5,66.6,16.2,67.158
8/12/19 9:42,67.5,66.8,13.7,67.158
8/12/19 9:42,67.5,66.8,11.2,67.158
8/12/19 9:42,67.5,66.7,11.2,67.158
8/12/19 9:42,67.5,66.7,8.7,67.158
8/12/19 9:42,67.5,66.8,8.7,67.158
8/12/19 9:42,67.5,66.7,3.7,67.158
8/12/19 9:42,67.5,66.8,3.7,67.158
8/12/19 9:42,67.5,66.8,3.7,67.158
8/12/19 9:42,67.5,66.7,6.2,67.158
8/12/19 9:43,67.5,66.8,8.7,67.158
8/12/19 9:43,67.5,66.7,8.7,67.158
8/12/19 9:43,67.5,66.7,8.7,67.158
8/12/19 9:43,67.5,66.7,8.7,67.158
8/12/19 9:43,67.5,66.8,8.7,67.158
8/12/19 9:43,67.5,66.7,6.2,67.158
8/12/19 9:43,67.5,66.7,6.2,67.158
8/12/19 9:43,67.5,66.8,6.2,67.158
8/12/19 9:43,67.5,66.8,3.7,67.158
8/12/19 9:43,67.5,66.7,3.7,67.158
8/12/19 9:43,67.5,66.7,3.7,67.158
8/12/19 9:43,67.5,66.7,3.7,67.158
8/12/19 9:43,67.5,66.8,6.2,67.158
8/12/19 9:43,67.456,66.7,6.2,67.158
8/12/19 9:43,67.5,66.7,6.2,67.158
8/12/19 9:43,67.456,66.8,6.2,67.158
8/12/19 9:43,67.5,66.8,6.2,67.158
8/12/19 9:43,67.5,66.8,8.7,67.158
8/12/19 9:43,67.456,66.8,8.7,67.158
8/12/19 9:43,67.456,66.8,8.7,67.158
8/12/19 9:43,67.456,66.8,6.2,67.158
8/12/19 9:43,67.456,66.8,6.2,67.158
8/12/19 9:43,67.456,66.8,6.2,67.158
8/12/19 9:43,67.456,66.8,6.2,67.158
8/12/19 9:43,67.456,66.8,6.2,67.158
8/12/19 9:43,67.456,66.8,6.2,67.158
8/12/19 9:43,67.456,66.8,6.2,67.158
8/12/19 9:43,67.456,66.8,6.2,67.158
8/12/19 9:43,67.456,66.8,6.2,67.158
8/12/19 9:43,67.456,66.8,6.2,67.158
8/12/19 9:43,67.456,66.8,6.2,67.158
8/12/19 9:43,67.456,66.8,3.7,67.158
8/12/19 9:43,67.456,66.8,3.7,67.158
8/12/19 9:43,67.456,66.8,3.7,67.158
8/12/19 9:43,67.456,66.8,3.7,67.158
8/12/19 9:43,67.456,66.8,3.7,67.158
8/12/19 9:43,67.456,66.8,3.7,67.158
8/12/19 9:43,67.456,66.8,3.7,67.158
8/12/19 9:43,67.456,66.8,3.7,67.114
8/12/19 9:43,67.456,66.8,3.7,67.158
8/12/19 9:43,67.456,66.8,3.7,67.114
8/12/19 9:43,67.456,66.9,3.7,67.114
8/12/19 9:43,67.456,66.9,6.2,67.114
8/12/19 9:43,67.456,66.9,6.2,67.114
8/12/19 9:43,67.456,66.9,3.7,67.114
8/12/19 9:43,67.456,66.9,6.2,67.114
8/12/19 9:43,67.456,66.9,6.2,67.114
8/12/19 9:43,67.456,66.9,6.2,67.114
8/12/19 9:43,67.456,66.9,6.2,67.114
8/12/19 9:43,67.456,66.9,6.2,67.114
8/12/19 9:43,67.456,66.9,8.7,67.114
8/12/19 9:43,67.413,66.9,11.2,67.114
8/12/19 9:43,67.413,66.9,11.2,67.114
8/12/19 9:43,67.413,66.9,11.2,67.114
8/12/19 9:43,67.456,66.9,11.2,67.114
8/12/19 9:43,67.413,66.9,11.2,67.114
8/12/19 9:43,67.413,66.9,11.2,67.114
8/12/19 9:43,67.413,66.9,13.7,67.114
8/12/19 9:43,67.413,66.9,13.7,67.114
8/12/19 9:43,67.413,66.9,13.7,67.114
8/12/19 9:44,67.413,66.9,13.7,67.114
8/12/19 9:44,67.413,66.9,13.7,67.114
8/12/19 9:44,67.413,66.9,13.7,67.158
8/12/19 9:44,67.413,66.9,13.7,67.114
8/12/19 9:44,67.413,66.9,11.2,67.114
8/12/19 9:44,67.413,67,13.7,67.114
8/12/19 9:44,67.413,67,13.7,67.114
8/12/19 9:44,67.413,67,13.7,67.114
8/12/19 9:44,67.413,67,11.2,67.114
8/12/19 9:44,67.413,67,13.7,67.114
8/12/19 9:44,67.413,67,13.7,67.114
8/12/19 9:44,67.413,67,13.7,67.114
8/12/19 9:44,67.413,67,13.7,67.114
8/12/19 9:44,67.413,67,13.7,67.114
8/12/19 9:44,67.413,67,13.7,67.114
8/12/19 9:44,67.413,67,13.7,67.114
8/12/19 9:44,67.413,67,13.7,67.114
8/12/19 9:44,67.413,67,13.7,67.114
8/12/19 9:44,67.413,67,16.2,67.114
8/12/19 9:44,67.413,67,23.7,67.114
8/12/19 9:44,67.413,67,23.7,67.114
8/12/19 9:44,67.413,67,26.2,67.114
8/12/19 9:44,67.413,67,23.7,67.114
8/12/19 9:44,67.413,67.1,26.2,67.114
8/12/19 9:44,67.413,67,26.2,67.114
8/12/19 9:44,67.413,67,23.7,67.114
8/12/19 9:44,67.372,67.1,26.2,67.114
8/12/19 9:44,67.413,67.1,28.7,67.114
8/12/19 9:44,67.372,67.1,11.2,67.114
8/12/19 9:44,67.372,67.1,23.7,67.114
8/12/19 9:44,67.413,67.1,23.7,67.114
8/12/19 9:44,67.372,67.1,6.2,67.114
8/12/19 9:44,67.372,67.1,21.2,67.114
8/12/19 9:44,67.372,67.1,23.7,67.114
8/12/19 9:44,67.372,67.1,23.7,67.114
8/12/19 9:44,67.372,67.1,23.7,67.114
8/12/19 9:44,67.372,67.1,23.7,67.114
8/12/19 9:44,67.372,67.1,23.7,67.114
8/12/19 9:44,67.372,67.1,141.2,67.114
8/12/19 9:44,67.372,67,226.2,67.114
8/12/19 9:44,67.372,67.1,18.7,67.114
8/12/19 9:44,67.372,67,11.2,67.114
8/12/19 9:44,67.372,67,6.2,67.158
8/12/19 9:44,67.372,67,6.2,67.158
8/12/19 9:44,67.372,67,3.7,67.158
8/12/19 9:44,67.372,67,1.2,67.158
8/12/19 9:44,67.372,67,1.2,67.158
8/12/19 9:44,67.372,67,1.2,67.158
8/12/19 9:44,67.372,67,1.2,67.158
8/12/19 9:44,67.372,67.1,1.2,67.158
8/12/19 9:44,67.372,67,1.2,67.158
8/12/19 9:44,67.372,67,1.2,67.158
8/12/19 9:44,67.372,67.1,1.2,67.158
8/12/19 9:44,67.372,67.1,1.2,67.158
8/12/19 9:44,67.372,67.1,1.2,67.158
8/12/19 9:44,67.372,67.1,1.2,67.158
8/12/19 9:44,67.372,67.1,1.2,67.158
8/12/19 9:44,67.372,67.1,1.2,67.158
8/12/19 9:44,67.372,67.1,1.2,67.158
8/12/19 9:44,67.372,67.1,1.2,67.158
8/12/19 9:45,67.372,67.1,3.7,67.158
8/12/19 9:45,67.372,67.1,3.7,67.158
8/12/19 9:45,67.372,67.1,3.7,67.158
8/12/19 9:45,67.372,67.1,6.2,67.158
8/12/19 9:45,67.372,67.1,6.2,67.158
8/12/19 9:45,67.372,67.1,6.2,67.158
8/12/19 9:45,67.372,67.1,6.2,67.158
8/12/19 9:45,67.372,67.1,6.2,67.158
8/12/19 9:45,67.372,67.1,6.2,67.158
8/12/19 9:45,67.372,67.1,6.2,67.158
8/12/19 9:45,67.372,67.1,3.7,67.158
8/12/19 9:45,67.372,67.1,3.7,67.158
8/12/19 9:45,67.372,67.1,3.7,67.158
8/12/19 9:45,67.372,67.1,3.7,67.158
8/12/19 9:45,67.372,67.1,3.7,67.158
8/12/19 9:45,67.329,67.2,3.7,67.158
8/12/19 9:45,67.372,67.2,3.7,67.158
8/12/19 9:45,67.329,67.2,3.7,67.158
8/12/19 9:45,67.329,67.1,3.7,67.158
8/12/19 9:45,67.329,67.2,6.2,67.158
8/12/19 9:45,67.329,67.2,3.7,67.158
8/12/19 9:45,67.329,67.2,3.7,67.199
8/12/19 9:45,67.329,67.2,3.7,67.158
8/12/19 9:45,67.329,67.2,3.7,67.158
8/12/19 9:45,67.329,67.2,6.2,67.158
8/12/19 9:45,67.329,67.2,6.2,67.158
8/12/19 9:45,67.329,67.2,6.2,67.158
8/12/19 9:45,67.329,67.2,6.2,67.199
8/12/19 9:45,67.329,67.2,6.2,67.158
8/12/19 9:45,67.329,67.2,6.2,67.158
8/12/19 9:45,67.329,67.3,6.2,67.158
8/12/19 9:45,67.329,67.2,6.2,67.158
8/12/19 9:45,67.329,67.2,6.2,67.199
8/12/19 9:45,67.329,67.3,6.2,67.199
8/12/19 9:45,67.329,67.3,6.2,67.158
8/12/19 9:45,67.329,67.3,6.2,67.199
8/12/19 9:45,67.329,67.3,6.2,67.199
8/12/19 9:45,67.329,67.3,6.2,67.199
8/12/19 9:45,67.329,67.3,6.2,67.199
8/12/19 9:45,67.329,67.3,6.2,67.199
8/12/19 9:45,67.329,67.3,6.2,67.199
8/12/19 9:45,67.329,67.3,6.2,67.242
8/12/19 9:45,67.329,67.3,6.2,67.285
8/12/19 9:45,67.329,67.3,6.2,67.329
8/12/19 9:45,67.329,67.3,6.2,67.372
8/12/19 9:45,67.329,67.3,6.2,67.372
8/12/19 9:45,67.329,67.3,6.2,67.413
8/12/19 9:45,67.329,67.3,3.7,67.456
8/12/19 9:45,67.329,67.3,3.7,67.456
8/12/19 9:45,67.329,67.3,3.7,67.5
8/12/19 9:45,67.372,67.4,3.7,67.5
8/12/19 9:45,67.372,67.4,6.2,67.543
8/12/19 9:45,67.372,67.4,6.2,67.543
8/12/19 9:45,67.372,67.4,6.2,67.543
8/12/19 9:45,67.372,67.4,6.2,67.543
8/12/19 9:45,67.372,67.4,6.2,67.586
8/12/19 9:45,67.372,67.4,6.2,67.586
8/12/19 9:45,67.372,67.4,6.2,67.627
8/12/19 9:45,67.372,67.4,6.2,67.627
8/12/19 9:45,67.413,67.4,6.2,67.671
8/12/19 9:46,67.413,67.5,6.2,67.714
8/12/19 9:46,67.413,67.5,6.2,67.714
8/12/19 9:46,67.413,67.5,8.7,67.757
8/12/19 9:46,67.413,67.5,8.7,67.798
8/12/19 9:46,67.413,67.5,8.7,67.798
8/12/19 9:46,67.413,67.5,6.2,67.798
8/12/19 9:46,67.456,67.5,6.2,67.842
8/12/19 9:46,67.456,67.5,8.7,67.842
8/12/19 9:46,67.456,67.4,8.7,67.885
8/12/19 9:46,67.456,67.4,6.2,67.885
8/12/19 9:46,67.456,67.4,6.2,67.885
8/12/19 9:46,67.456,67.4,8.7,67.928
8/12/19 9:46,67.5,67.4,6.2,67.928
8/12/19 9:46,67.5,67.4,6.2,67.928
8/12/19 9:46,67.5,67.5,6.2,67.971
8/12/19 9:46,67.5,67.5,6.2,67.971
8/12/19 9:46,67.5,67.5,6.2,67.971
8/12/19 9:46,67.5,67.5,6.2,68.013
8/12/19 9:46,67.5,67.5,6.2,68.013
8/12/19 9:46,67.5,67.6,6.2,68.013
8/12/19 9:46,67.5,67.5,6.2,68.056
8/12/19 9:46,67.5,67.6,6.2,68.056
8/12/19 9:46,67.543,67.6,6.2,68.056
8/12/19 9:46,67.543,67.6,8.7,68.056
8/12/19 9:46,67.543,67.6,8.7,68.099
8/12/19 9:46,67.543,67.6,6.2,68.099
8/12/19 9:46,67.543,67.6,6.2,68.142
8/12/19 9:46,67.543,67.6,6.2,68.142
8/12/19 9:46,67.543,67.6,6.2,68.142
8/12/19 9:46,67.543,67.6,6.2,68.185
8/12/19 9:46,67.543,67.6,6.2,68.185
8/12/19 9:46,67.543,67.6,6.2,68.185
8/12/19 9:46,67.543,67.6,6.2,68.227
8/12/19 9:46,67.543,67.7,8.7,68.227
8/12/19 9:46,67.586,67.7,6.2,68.227
8/12/19 9:46,67.543,67.7,6.2,68.27
8/12/19 9:46,67.586,67.7,6.2,68.27
8/12/19 9:46,67.586,67.7,6.2,68.27
8/12/19 9:46,67.586,67.7,6.2,68.313
8/12/19 9:46,67.586,67.7,6.2,68.313
8/12/19 9:46,67.586,67.7,6.2,68.313
8/12/19 9:46,67.586,67.7,6.2,68.356
8/12/19 9:46,67.586,67.7,6.2,68.356
8/12/19 9:46,67.586,67.7,6.2,68.356
8/12/19 9:46,67.586,67.7,6.2,68.4
8/12/19 9:46,67.586,67.7,6.2,68.4
8/12/19 9:46,67.586,67.7,6.2,68.4
8/12/19 9:46,67.586,67.8,6.2,68.443
8/12/19 9:46,67.586,67.8,6.2,68.443
8/12/19 9:46,67.586,67.8,6.2,68.443
8/12/19 9:46,67.627,67.8,6.2,68.484
8/12/19 9:46,67.627,67.8,8.7,68.484
8/12/19 9:46,67.627,67.8,8.7,68.484
8/12/19 9:46,67.627,67.8,8.7,68.527
8/12/19 9:46,67.627,67.8,8.7,68.527
8/12/19 9:46,67.627,67.8,8.7,68.527
8/12/19 9:46,67.627,67.8,8.7,68.571
8/12/19 9:46,67.627,67.8,8.7,68.571
8/12/19 9:46,67.627,67.8,8.7,68.571
8/12/19 9:46,67.627,67.8,8.7,68.614
8/12/19 9:47,67.627,67.8,8.7,68.614
8/12/19 9:47,67.627,67.8,8.7,68.614
8/12/19 9:47,67.627,67.9,8.7,68.614
8/12/19 9:47,67.627,67.9,6.2,68.614
8/12/19 9:47,67.627,67.9,6.2,68.657
8/12/19 9:47,67.627,67.9,6.2,68.657
8/12/19 9:47,67.671,67.9,6.2,68.657
8/12/19 9:47,67.627,67.9,6.2,68.657
8/12/19 9:47,67.671,67.9,6.2,68.657
8/12/19 9:47,67.671,67.9,6.2,68.657
8/12/19 9:47,67.671,67.9,6.2,68.657
8/12/19 9:47,67.671,67.9,6.2,68.657
8/12/19 9:47,67.671,68,6.2,68.657
8/12/19 9:47,67.671,68,6.2,68.657
8/12/19 9:47,67.671,68,6.2,68.698
8/12/19 9:47,67.671,68,6.2,68.698
8/12/19 9:47,67.671,67.9,6.2,68.742
8/12/19 9:47,67.671,67.9,6.2,68.742
8/12/19 9:47,67.671,68,6.2,68.785
8/12/19 9:47,67.671,67.9,6.2,68.785
8/12/19 9:47,67.671,67.9,6.2,68.828
8/12/19 9:47,67.671,67.9,6.2,68.871
8/12/19 9:47,67.671,67.9,6.2,68.871
8/12/19 9:47,67.714,67.9,6.2,68.913
8/12/19 9:47,67.714,67.9,6.2,68.913
8/12/19 9:47,67.714,67.9,6.2,68.913
8/12/19 9:47,67.714,67.9,6.2,68.956
8/12/19 9:47,67.714,67.9,6.2,68.956
8/12/19 9:47,67.714,68,6.2,68.956
8/12/19 9:47,67.714,68,6.2,68.999
8/12/19 9:47,67.714,68,6.2,68.999
8/12/19 9:47,67.714,68,6.2,68.999
8/12/19 9:47,67.714,68,6.2,69.042
8/12/19 9:47,67.714,68,6.2,69.042
8/12/19 9:47,67.757,68,6.2,69.085
8/12/19 9:47,67.757,68,6.2,69.085
8/12/19 9:47,67.757,68,6.2,69.085
8/12/19 9:47,67.757,68,6.2,69.085
8/12/19 9:47,67.757,68,6.2,69.129
8/12/19 9:47,67.757,68,6.2,69.129
8/12/19 9:47,67.757,68,6.2,69.129
8/12/19 9:47,67.757,68.1,6.2,69.17
8/12/19 9:47,67.757,68,6.2,69.17
8/12/19 9:47,67.757,68.1,6.2,69.17
8/12/19 9:47,67.757,68.1,6.2,69.17
8/12/19 9:47,67.757,68.1,6.2,69.213
8/12/19 9:47,67.798,68.1,6.2,69.213
8/12/19 9:47,67.798,68.1,6.2,69.213
8/12/19 9:47,67.798,68.1,6.2,69.256
8/12/19 9:47,67.798,68.1,6.2,69.256
8/12/19 9:47,67.798,68.2,6.2,69.256
8/12/19 9:47,67.798,68.2,6.2,69.3
8/12/19 9:47,67.798,68.2,6.2,69.3
8/12/19 9:47,67.798,68.1,6.2,69.3
8/12/19 9:47,67.798,68.3,6.2,69.3
8/12/19 9:47,67.798,68.3,6.2,69.343
8/12/19 9:47,67.798,68.3,6.2,69.343
8/12/19 9:47,67.798,68.3,6.2,69.343
8/12/19 9:47,67.842,68.3,6.2,69.343
8/12/19 9:47,67.842,68.3,6.2,69.386
8/12/19 9:48,67.842,68.3,6.2,69.386
8/12/19 9:48,67.842,68.3,6.2,69.386
8/12/19 9:48,67.842,68.3,6.2,69.427
8/12/19 9:48,67.842,68.3,6.2,69.427
8/12/19 9:48,67.842,68.3,6.2,69.427
8/12/19 9:48,67.842,68.3,6.2,69.427
8/12/19 9:48,67.842,68.4,6.2,69.471
8/12/19 9:48,67.842,68.4,8.7,69.471
8/12/19 9:48,67.885,68.4,6.2,69.471
8/12/19 9:48,67.842,68.4,8.7,69.471
8/12/19 9:48,67.885,68.4,6.2,69.514
8/12/19 9:48,67.885,68.4,8.7,69.514
8/12/19 9:48,67.885,68.4,8.7,69.514
8/12/19 9:48,67.885,68.4,8.7,69.557
8/12/19 9:48,67.885,68.4,8.7,69.557
8/12/19 9:48,67.885,68.4,8.7,69.557
8/12/19 9:48,67.885,68.4,8.7,69.557
8/12/19 9:48,67.885,68.4,8.7,69.6
8/12/19 9:48,67.885,68.4,8.7,69.6
8/12/19 9:48,67.885,68.4,8.7,69.6
8/12/19 9:48,67.885,68.4,8.7,69.643
8/12/19 9:48,67.885,68.4,8.7,69.643
8/12/19 9:48,67.885,68.5,8.7,69.643
8/12/19 9:48,67.928,68.5,8.7,69.643
8/12/19 9:48,67.928,68.5,8.7,69.685
8/12/19 9:48,67.928,68.5,8.7,69.685
8/12/19 9:48,67.928,68.5,8.7,69.685
8/12/19 9:48,67.928,68.5,8.7,69.685
8/12/19 9:48,67.928,68.5,8.7,69.728
8/12/19 9:48,67.928,68.5,8.7,69.728
8/12/19 9:48,67.928,68.5,8.7,69.728
8/12/19 9:48,67.928,68.4,8.7,69.771
8/12/19 9:48,67.928,68.5,8.7,69.771
8/12/19 9:48,67.928,68.4,8.7,69.771
8/12/19 9:48,67.928,68.4,8.7,69.771
8/12/19 9:48,67.971,68.4,8.7,69.814
8/12/19 9:48,67.971,68.4,8.7,69.814
8/12/19 9:48,67.971,68.5,8.7,69.814
8/12/19 9:48,67.971,68.5,8.7,69.814
8/12/19 9:48,67.971,68.5,8.7,69.858
8/12/19 9:48,67.971,68.5,8.7,69.858
8/12/19 9:48,67.971,68.5,8.7,69.858
8/12/19 9:48,67.971,68.5,8.7,69.901
8/12/19 9:48,67.971,68.5,11.2,69.901
8/12/19 9:48,67.971,68.5,16.2,69.901
8/12/19 9:48,67.971,68.5,21.2,69.901
8/12/19 9:48,67.971,68.5,23.7,69.901
8/12/19 9:48,67.971,68.5,23.7,69.942
8/12/19 9:48,67.971,68.5,23.7,69.942
8/12/19 9:48,67.971,68.6,23.7,69.942
8/12/19 9:48,68.013,68.6,23.7,69.942
8/12/19 9:48,68.013,68.6,23.7,69.942
8/12/19 9:48,68.013,68.6,23.7,69.942
8/12/19 9:48,68.013,68.6,26.2,69.985
8/12/19 9:48,68.013,68.6,26.2,69.985
8/12/19 9:48,68.013,68.6,26.2,69.985
8/12/19 9:48,68.013,68.6,26.2,70.029
8/12/19 9:48,68.013,68.6,26.2,70.029
8/12/19 9:48,68.013,68.6,26.2,70.029
8/12/19 9:48,68.013,68.6,26.2,70.072
8/12/19 9:49,68.013,68.6,26.2,70.072
8/12/19 9:49,68.013,68.6,26.2,70.072
8/12/19 9:49,68.056,68.6,26.2,70.115
8/12/19 9:49,68.056,68.6,26.2,70.115
8/12/19 9:49,68.056,68.6,26.2,70.115
8/12/19 9:49,68.056,68.7,26.2,70.158
8/12/19 9:49,68.056,68.7,28.7,70.158
8/12/19 9:49,68.056,68.7,28.7,70.201
8/12/19 9:49,68.056,68.7,28.7,70.201
8/12/19 9:49,68.056,68.7,28.7,70.201
8/12/19 9:49,68.056,68.7,28.7,70.201
8/12/19 9:49,68.056,68.7,28.7,70.243
8/12/19 9:49,68.056,68.7,28.7,70.243
8/12/19 9:49,68.056,68.7,28.7,70.243
8/12/19 9:49,68.099,68.7,28.7,70.286
8/12/19 9:49,68.056,68.7,28.7,70.286
8/12/19 9:49,68.099,68.7,28.7,70.286
8/12/19 9:49,68.099,68.7,28.7,70.286
8/12/19 9:49,68.099,68.7,28.7,70.286
8/12/19 9:49,68.099,68.7,28.7,70.329
8/12/19 9:49,68.099,68.7,28.7,70.329
8/12/19 9:49,68.099,68.7,28.7,70.329
8/12/19 9:49,68.099,68.7,28.7,70.372
8/12/19 9:49,68.099,68.7,28.7,70.372
8/12/19 9:49,68.099,68.8,28.7,70.372
8/12/19 9:49,68.099,68.8,28.7,70.372
8/12/19 9:49,68.099,68.8,28.7,70.372
8/12/19 9:49,68.099,68.8,28.7,70.416
8/12/19 9:49,68.142,68.8,28.7,70.416
8/12/19 9:49,68.142,68.8,28.7,70.416
8/12/19 9:49,68.142,68.8,28.7,70.416
8/12/19 9:49,68.142,68.8,28.7,70.459
8/12/19 9:49,68.142,68.8,28.7,70.459
8/12/19 9:49,68.142,68.8,28.7,70.459
8/12/19 9:49,68.142,68.8,28.7,70.459
8/12/19 9:49,68.142,68.8,28.7,70.459
8/12/19 9:49,68.142,68.8,28.7,70.502
8/12/19 9:49,68.142,68.8,28.7,70.502
8/12/19 9:49,68.185,68.8,28.7,70.502
8/12/19 9:49,68.185,68.9,28.7,70.502
8/12/19 9:49,68.185,68.9,28.7,70.543
8/12/19 9:49,68.185,68.8,28.7,70.543
8/12/19 9:49,68.185,68.9,28.7,70.543
8/12/19 9:49,68.185,68.9,28.7,70.587
8/12/19 9:49,68.185,68.9,28.7,70.587
8/12/19 9:49,68.185,68.9,28.7,70.587
8/12/19 9:49,68.185,68.9,28.7,70.587
8/12/19 9:49,68.185,68.9,28.7,70.63
8/12/19 9:49,68.185,68.9,28.7,70.63
8/12/19 9:49,68.185,68.9,28.7,70.63
8/12/19 9:49,68.185,68.9,28.7,70.63
8/12/19 9:49,68.227,68.9,28.7,70.673
8/12/19 9:49,68.227,68.9,28.7,70.673
8/12/19 9:49,68.227,68.9,28.7,70.673
8/12/19 9:49,68.227,68.9,28.7,70.716
8/12/19 9:49,68.227,68.9,28.7,70.716
8/12/19 9:49,68.227,68.9,28.7,70.716
8/12/19 9:49,68.227,68.9,28.7,70.716
8/12/19 9:49,68.227,68.9,28.7,70.716
8/12/19 9:49,68.227,68.9,28.7,70.759
8/12/19 9:50,68.227,68.9,28.7,70.759
8/12/19 9:50,68.227,68.9,28.7,70.759
8/12/19 9:50,68.27,68.9,28.7,70.803
8/12/19 9:50,68.27,68.9,28.7,70.803
8/12/19 9:50,68.27,68.9,28.7,70.803
8/12/19 9:50,68.27,68.9,28.7,70.803
8/12/19 9:50,68.27,68.9,28.7,70.846
8/12/19 9:50,68.27,68.9,28.7,70.846
8/12/19 9:50,68.27,68.9,28.7,70.846
8/12/19 9:50,68.27,68.9,28.7,70.887
8/12/19 9:50,68.27,68.9,28.7,70.887
8/12/19 9:50,68.313,68.9,28.7,70.887
8/12/19 9:50,68.313,68.9,28.7,70.93
8/12/19 9:50,68.313,68.9,28.7,70.93
8/12/19 9:50,68.313,68.9,28.7,70.93
8/12/19 9:50,68.313,68.9,28.7,70.93
8/12/19 9:50,68.313,69,26.2,70.974
8/12/19 9:50,68.313,68.9,26.2,70.974
8/12/19 9:50,68.356,69,26.2,70.974
8/12/19 9:50,68.356,69,16.2,71.017
8/12/19 9:50,68.356,69,41.2,71.017
8/12/19 9:50,68.356,69,51.2,71.017
8/12/19 9:50,68.356,69,128.7,71.017
8/12/19 9:50,68.4,69,1148.7,71.06
8/12/19 9:50,68.4,69,136.2,71.06
8/12/19 9:50,68.4,69.1,226.2,71.146
8/12/19 9:50,68.4,69.2,158.7,71.19
8/12/19 9:50,68.4,69.2,156.2,71.231
8/12/19 9:50,68.443,69.2,161.2,71.274
8/12/19 9:50,68.443,69.3,166.2,71.361
8/12/19 9:50,68.443,69.3,241.2,71.447
8/12/19 9:50,68.484,69.3,723.7,71.533
8/12/19 9:50,68.484,69.3,1176.2,71.577
8/12/19 9:50,68.484,69.4,1703.7,71.661
8/12/19 9:50,68.527,69.5,1713.7,71.704
8/12/19 9:50,68.527,69.6,1428.7,71.748
8/12/19 9:50,68.571,69.7,1273.7,71.791
8/12/19 9:50,68.571,69.9,1293.7,71.877
8/12/19 9:50,68.571,70,1293.7,71.92
8/12/19 9:50,68.614,70.1,1293.7,71.964
8/12/19 9:50,68.657,70.2,1293.7,72.007
8/12/19 9:50,68.657,70.1,1293.7,72.05
8/12/19 9:50,68.698,70.2,1291.2,72.093
8/12/19 9:50,68.698,70.2,1293.7,72.136
8/12/19 9:50,68.742,70.2,1293.7,72.221
8/12/19 9:50,68.742,70.2,1296.2,72.264
8/12/19 9:50,68.785,70.2,1298.7,72.351
8/12/19 9:50,68.828,70.3,1298.7,72.437
8/12/19 9:50,68.828,70.3,1298.7,72.48
8/12/19 9:50,68.871,70.4,1298.7,72.567
8/12/19 9:50,68.871,70.4,1301.2,72.61
8/12/19 9:50,68.913,70.4,1301.2,72.696
8/12/19 9:50,68.913,70.4,1303.7,72.739
8/12/19 9:50,68.956,70.5,1303.7,72.783
8/12/19 9:50,68.999,70.5,1306.2,72.826
8/12/19 9:50,68.999,70.5,1311.2,72.912
8/12/19 9:50,69.042,70.4,1313.7,72.955
8/12/19 9:50,69.085,70.4,1298.7,73.04
8/12/19 9:50,69.085,70.4,1273.7,73.083
8/12/19 9:50,69.129,70.5,1236.2,73.17
8/12/19 9:51,69.129,70.5,1203.7,73.213
8/12/19 9:51,69.17,70.6,1186.2,73.299
8/12/19 9:51,69.213,70.6,1176.2,73.386
8/12/19 9:51,69.213,70.6,1173.7,73.472
8/12/19 9:51,69.256,70.8,1178.7,73.515
8/12/19 9:51,69.3,70.8,1178.7,73.602
8/12/19 9:51,69.3,70.9,1173.7,73.645
8/12/19 9:51,69.343,71,1176.2,73.688
8/12/19 9:51,69.386,71.1,1186.2,73.774
8/12/19 9:51,69.386,71.1,1198.7,73.818
8/12/19 9:51,69.427,71.2,1203.7,73.904
8/12/19 9:51,69.471,71.1,1191.2,73.947
8/12/19 9:51,69.471,71.1,1168.7,74.034
8/12/19 9:51,69.514,71.1,1163.7,74.077
8/12/19 9:51,69.557,71.2,1156.2,74.163
8/12/19 9:51,69.557,71.2,1156.2,74.206
8/12/19 9:51,69.6,71.3,1166.2,74.25
8/12/19 9:51,69.643,71.4,1176.2,74.338
8/12/19 9:51,69.643,71.4,1163.7,74.381
8/12/19 9:51,69.685,71.4,1131.2,74.424
8/12/19 9:51,69.728,71.5,1101.2,74.467
8/12/19 9:51,69.728,71.5,1088.7,74.554
8/12/19 9:51,69.771,71.5,1081.2,74.597
8/12/19 9:51,69.814,71.5,1071.2,74.64
8/12/19 9:51,69.858,71.5,1058.7,74.683
8/12/19 9:51,69.858,71.6,1051.2,74.727
8/12/19 9:51,69.901,71.6,1043.7,74.77
8/12/19 9:51,69.942,71.5,1051.2,74.813
8/12/19 9:51,69.985,71.6,1068.7,74.856
8/12/19 9:51,69.985,71.6,1086.2,74.899
8/12/19 9:51,70.029,71.6,1091.2,74.943
8/12/19 9:51,70.072,71.6,1096.2,74.986
8/12/19 9:51,70.072,71.6,1091.2,74.986
8/12/19 9:51,70.115,71.5,1076.2,75.029
8/12/19 9:51,70.158,71.5,1073.7,75.074
8/12/19 9:51,70.158,71.4,1068.7,75.117
8/12/19 9:51,70.201,71.3,1063.7,75.16
8/12/19 9:51,70.243,71.2,1051.2,75.204
8/12/19 9:51,70.243,71.2,1033.7,75.204
8/12/19 9:51,70.286,71.1,1021.2,75.29
8/12/19 9:51,70.286,71.1,1021.2,75.29
8/12/19 9:51,70.329,71.1,1031.2,75.333
8/12/19 9:51,70.372,71.2,1051.2,75.376
8/12/19 9:51,70.372,71.1,1061.2,75.42
8/12/19 9:51,70.416,71.2,1068.7,75.463
8/12/19 9:51,70.416,71.2,1073.7,75.508
8/12/19 9:51,70.459,71.2,1086.2,75.551
8/12/19 9:51,70.502,71.2,1091.2,75.551
8/12/19 9:51,70.502,71.2,1098.7,75.594
8/12/19 9:51,70.543,71.1,1096.2,75.594
8/12/19 9:51,70.543,71.1,1091.2,75.594
8/12/19 9:51,70.587,71,1096.2,75.594
8/12/19 9:51,70.587,70.9,1101.2,75.551
8/12/19 9:51,70.63,70.8,1108.7,75.551
8/12/19 9:51,70.63,70.8,1128.7,75.508
8/12/19 9:51,70.673,70.6,1153.7,75.508
8/12/19 9:51,70.673,70.5,1168.7,75.508
8/12/19 9:51,70.716,70.4,1178.7,75.508
8/12/19 9:51,70.716,70.4,1183.7,75.508
8/12/19 9:51,70.716,70.2,1188.7,75.508
8/12/19 9:52,70.759,70.1,1196.2,75.508
8/12/19 9:52,70.803,70,1218.7,75.508
8/12/19 9:52,70.803,69.9,1241.2,75.508
8/12/19 9:52,70.803,69.8,1256.2,75.508
8/12/19 9:52,70.846,69.7,1263.7,75.508
8/12/19 9:52,70.846,69.5,1273.7,75.508
8/12/19 9:52,70.846,69.5,1281.2,75.508
8/12/19 9:52,70.887,69.4,1278.7,75.508
8/12/19 9:52,70.887,69.3,1258.7,75.551
8/12/19 9:52,70.887,69.2,1248.7,75.551
8/12/19 9:52,70.93,69.1,1241.2,75.594
8/12/19 9:52,70.93,69.1,1233.7,75.594
8/12/19 9:52,70.93,69,1228.7,75.637
8/12/19 9:52,70.93,68.9,1226.2,75.681
8/12/19 9:52,70.974,68.9,1223.7,75.724
8/12/19 9:52,70.974,68.9,1221.2,75.767
8/12/19 9:52,70.974,68.8,1241.2,75.81
8/12/19 9:52,71.017,68.8,1278.7,75.853
8/12/19 9:52,71.017,68.8,1308.7,75.898
8/12/19 9:52,71.017,68.8,1323.7,75.942
8/12/19 9:52,71.06,68.9,1333.7,75.985
8/12/19 9:52,71.06,68.9,1333.7,76.028
8/12/19 9:52,71.06,68.8,1333.7,76.114
8/12/19 9:52,71.103,68.8,1336.2,76.158
8/12/19 9:52,71.103,68.8,1333.7,76.203
8/12/19 9:52,71.103,68.8,1333.7,76.289
8/12/19 9:52,71.103,68.7,1331.2,76.332
8/12/19 9:52,71.146,68.7,1328.7,76.375
8/12/19 9:52,71.146,68.7,1328.7,76.375
8/12/19 9:52,71.19,68.6,1328.7,76.375
8/12/19 9:52,71.19,68.6,1331.2,76.419
8/12/19 9:52,71.19,68.7,1331.2,76.419
8/12/19 9:52,71.19,68.8,1326.2,76.419
8/12/19 9:52,71.231,68.8,1326.2,76.464
8/12/19 9:52,71.231,68.7,1326.2,76.507
8/12/19 9:52,71.231,68.7,1326.2,76.593
8/12/19 9:52,71.274,68.7,1328.7,76.636
8/12/19 9:52,71.274,68.7,1328.7,76.725
8/12/19 9:52,71.274,68.8,1331.2,76.768
8/12/19 9:52,71.317,68.8,1326.2,76.811
8/12/19 9:52,71.317,68.7,1331.2,76.854
8/12/19 9:52,71.317,68.8,1328.7,76.942
8/12/19 9:52,71.361,68.9,1331.2,76.986
8/12/19 9:52,71.361,69,1331.2,77.029
8/12/19 9:52,71.404,69,1328.7,77.072
8/12/19 9:52,71.404,69,1331.2,77.117
8/12/19 9:52,71.447,69.1,1331.2,77.203
8/12/19 9:52,71.447,69.2,1331.2,77.247
8/12/19 9:52,71.447,69.2,1331.2,77.292
8/12/19 9:52,71.49,69.2,1331.2,77.335
8/12/19 9:52,71.49,69.2,1331.2,77.378
8/12/19 9:52,71.49,69.2,1331.2,77.421
8/12/19 9:52,71.533,69.2,1331.2,77.464
8/12/19 9:52,71.577,69.2,1331.2,77.509
8/12/19 9:52,71.577,69.2,1331.2,77.553
8/12/19 9:52,71.577,69.2,1331.2,77.596
8/12/19 9:52,71.62,69.2,1331.2,77.639
8/12/19 9:52,71.62,69.1,1331.2,77.684
8/12/19 9:52,71.661,69.1,1331.2,77.727
8/12/19 9:52,71.661,69,1328.7,77.727
8/12/19 9:53,71.661,69,1328.7,77.77
8/12/19 9:53,71.704,69,1331.2,77.77
8/12/19 9:53,71.704,69.1,1331.2,77.815
8/12/19 9:53,71.748,69.1,1331.2,77.815
8/12/19 9:53,71.748,69.1,1331.2,77.859
8/12/19 9:53,71.748,69.2,1331.2,77.859
8/12/19 9:53,71.791,69.2,1331.2,77.902
8/12/19 9:53,71.791,69.1,1331.2,77.902
8/12/19 9:53,71.834,69.1,1331.2,77.945
8/12/19 9:53,71.834,69.1,1331.2,77.99
8/12/19 9:53,71.834,69.1,1331.2,77.99
8/12/19 9:53,71.877,69.1,1331.2,78.033
8/12/19 9:53,71.877,69.1,1331.2,78.033
8/12/19 9:53,71.92,69.1,1331.2,77.99
8/12/19 9:53,71.92,69,1331.2,78.033
8/12/19 9:53,71.964,69.1,1328.7,77.99
8/12/19 9:53,71.964,69.1,1331.2,77.99
8/12/19 9:53,71.964,69.1,1331.2,78.033
8/12/19 9:53,72.007,69.1,1328.7,78.033
8/12/19 9:53,72.007,69.2,1331.2,78.033
8/12/19 9:53,72.007,69.2,1331.2,78.033
8/12/19 9:53,72.05,69.2,1331.2,78.033
8/12/19 9:53,72.05,69.2,1333.7,78.076
8/12/19 9:53,72.093,69.3,1331.2,78.076
8/12/19 9:53,72.093,69.3,1328.7,78.076
8/12/19 9:53,72.136,69.3,1326.2,78.033
8/12/19 9:53,72.136,69.4,1326.2,78.033
8/12/19 9:53,72.178,69.4,1326.2,78.033
8/12/19 9:53,72.178,69.4,1328.7,78.033
8/12/19 9:53,72.178,69.4,1326.2,78.033
8/12/19 9:53,72.221,69.4,1326.2,78.033
8/12/19 9:53,72.221,69.4,1326.2,78.033
8/12/19 9:53,72.264,69.3,1326.2,78.033
8/12/19 9:53,72.264,69.3,1326.2,78.076
8/12/19 9:53,72.264,69.3,1326.2,78.076
8/12/19 9:53,72.307,69.2,1326.2,78.076
8/12/19 9:53,72.307,69.2,1323.7,78.121
8/12/19 9:53,72.351,69.2,1326.2,78.121
8/12/19 9:53,72.351,69.2,1326.2,78.121
8/12/19 9:53,72.351,69.2,1326.2,78.121
8/12/19 9:53,72.394,69.2,1326.2,78.165
8/12/19 9:53,72.394,69.2,1326.2,78.165
8/12/19 9:53,72.394,69.2,1323.7,78.208
8/12/19 9:53,72.437,69.3,1323.7,78.208
8/12/19 9:53,72.437,69.3,1326.2,78.208
8/12/19 9:53,72.437,69.3,1326.2,78.251
8/12/19 9:53,72.48,69.3,1326.2,78.251
8/12/19 9:53,72.48,69.3,1326.2,78.251
8/12/19 9:53,72.48,69.3,1323.7,78.251
8/12/19 9:53,72.523,69.3,1323.7,78.208
8/12/19 9:53,72.523,69.3,1326.2,78.251
8/12/19 9:53,72.567,69.3,1323.7,78.251
8/12/19 9:53,72.567,69.3,1323.7,78.251
8/12/19 9:53,72.567,69.3,1323.7,78.296
8/12/19 9:53,72.61,69.2,1323.7,78.339
8/12/19 9:53,72.61,69.1,1323.7,78.382
8/12/19 9:53,72.653,69,1326.2,78.382
8/12/19 9:53,72.653,68.9,1326.2,78.382
8/12/19 9:53,72.653,68.8,1326.2,78.382
8/12/19 9:53,72.653,68.7,1326.2,78.382
8/12/19 9:54,72.696,68.6,1328.7,78.382
8/12/19 9:54,72.696,68.4,1328.7,78.382
8/12/19 9:54,72.696,68.4,1328.7,78.382
8/12/19 9:54,72.696,68.3,1328.7,78.382
8/12/19 9:54,72.739,68.2,1328.7,78.382
8/12/19 9:54,72.739,68.1,1331.2,78.382
8/12/19 9:54,72.739,68.1,1331.2,78.382
8/12/19 9:54,72.739,68,1328.7,78.427
8/12/19 9:54,72.739,68,1328.7,78.382
8/12/19 9:54,72.783,67.9,1328.7,78.339
8/12/19 9:54,72.783,68,1326.2,78.339
8/12/19 9:54,72.783,68,1331.2,78.296
8/12/19 9:54,72.783,68,1331.2,78.296
8/12/19 9:54,72.826,68,1328.7,78.251
8/12/19 9:54,72.826,68,1328.7,78.251
8/12/19 9:54,72.826,68,1328.7,78.251
8/12/19 9:54,72.826,68.1,1331.2,78.251
8/12/19 9:54,72.869,68.1,1328.7,78.251
8/12/19 9:54,72.869,68.2,1331.2,78.251
8/12/19 9:54,72.869,68.2,1331.2,78.208
8/12/19 9:54,72.869,68.2,1333.7,78.251
8/12/19 9:54,72.912,68.3,1331.2,78.251
8/12/19 9:54,72.912,68.3,1328.7,78.251
8/12/19 9:54,72.912,68.3,1331.2,78.251
8/12/19 9:54,72.912,68.3,1328.7,78.251
8/12/19 9:54,72.955,68.2,1331.2,78.251
8/12/19 9:54,72.955,68.2,1333.7,78.251
8/12/19 9:54,72.955,68.1,1331.2,78.251
8/12/19 9:54,72.997,67.9,1331.2,78.251
8/12/19 9:54,72.997,67.9,1333.7,78.251
8/12/19 9:54,72.997,67.8,1333.7,78.296
8/12/19 9:54,72.997,67.6,1333.7,78.296
8/12/19 9:54,72.997,67.6,1331.2,78.296
8/12/19 9:54,72.997,67.4,1333.7,78.296
8/12/19 9:54,73.04,67.2,1333.7,78.296
8/12/19 9:54,73.04,67.1,1333.7,78.296
8/12/19 9:54,73.04,67.1,1333.7,78.296
8/12/19 9:54,73.04,67.1,1333.7,78.296
8/12/19 9:54,73.04,67.1,1336.2,78.296
8/12/19 9:54,73.04,67.1,1333.7,78.251
8/12/19 9:54,73.04,67.1,1336.2,78.251
8/12/19 9:54,73.083,67.1,1338.7,78.296
8/12/19 9:54,73.083,67.2,1336.2,78.296
8/12/19 9:54,73.083,67.2,1336.2,78.339
8/12/19 9:54,73.083,67.2,1338.7,78.382
8/12/19 9:54,73.083,67.2,1338.7,78.382
8/12/19 9:54,73.083,67.2,1338.7,78.382
8/12/19 9:54,73.083,67.2,1338.7,78.382
8/12/19 9:54,73.126,67.2,1336.2,78.382
8/12/19 9:54,73.126,67.2,1338.7,78.427
8/12/19 9:54,73.126,67.2,1338.7,78.427
8/12/19 9:54,73.126,67.2,1338.7,78.427
8/12/19 9:54,73.126,67.2,1338.7,78.427
8/12/19 9:54,73.17,67.2,1341.2,78.427
8/12/19 9:54,73.17,67.2,1341.2,78.382
8/12/19 9:54,73.17,67.2,1343.7,78.382
8/12/19 9:54,73.17,67.2,1343.7,78.339
8/12/19 9:54,73.17,67.2,1343.7,78.339
8/12/19 9:54,73.213,67.2,1343.7,78.296
8/12/19 9:54,73.213,67.2,1346.2,78.208
8/12/19 9:55,73.213,67.1,1343.7,78.165
8/12/19 9:55,73.213,67,1343.7,78.076
8/12/19 9:55,73.213,66.9,1343.7,78.033
8/12/19 9:55,73.213,66.8,1343.7,78.033
8/12/19 9:55,73.256,66.8,1346.2,77.99
8/12/19 9:55,73.256,66.7,1343.7,77.945
8/12/19 9:55,73.256,66.6,1346.2,77.945
8/12/19 9:55,73.256,66.5,1343.7,77.902
8/12/19 9:55,73.256,66.3,1343.7,77.902
8/12/19 9:55,73.256,66.3,1343.7,77.902
8/12/19 9:55,73.256,66.2,1343.7,77.902
8/12/19 9:55,73.299,66,1343.7,77.902
8/12/19 9:55,73.256,65.8,1341.2,77.902
8/12/19 9:55,73.256,65.7,1341.2,77.902
8/12/19 9:55,73.256,65.6,1343.7,77.902
8/12/19 9:55,73.299,65.5,1343.7,77.945
8/12/19 9:55,73.299,65.4,1346.2,77.945
8/12/19 9:55,73.256,65.3,1343.7,77.945
8/12/19 9:55,73.256,65.2,1346.2,77.945
8/12/19 9:55,73.299,65.3,1343.7,77.99
8/12/19 9:55,73.256,65.3,1346.2,77.99
8/12/19 9:55,73.256,65.3,1343.7,77.99
8/12/19 9:55,73.256,65.4,1341.2,77.99
8/12/19 9:55,73.256,65.4,1341.2,78.033
8/12/19 9:55,73.256,65.4,1343.7,78.076
8/12/19 9:55,73.256,65.5,1343.7,78.076
8/12/19 9:55,73.256,65.5,1341.2,78.121
8/12/19 9:55,73.256,65.6,1341.2,78.121
8/12/19 9:55,73.256,65.7,1341.2,78.121
8/12/19 9:55,73.256,65.7,1341.2,78.076
8/12/19 9:55,73.256,65.8,1341.2,78.076
8/12/19 9:55,73.256,65.8,1341.2,78.033
8/12/19 9:55,73.256,65.7,1341.2,77.99
8/12/19 9:55,73.256,65.7,1341.2,77.945
8/12/19 9:55,73.256,65.7,1341.2,77.945
8/12/19 9:55,73.299,65.6,1341.2,77.945
8/12/19 9:55,73.299,65.6,1341.2,77.945
8/12/19 9:55,73.256,65.6,1341.2,77.99
8/12/19 9:55,73.299,65.6,1341.2,78.033
8/12/19 9:55,73.299,65.6,1341.2,78.033
8/12/19 9:55,73.299,65.6,1338.7,78.076
8/12/19 9:55,73.299,65.6,1341.2,78.121
8/12/19 9:55,73.299,65.6,1341.2,78.165
8/12/19 9:55,73.299,65.6,1341.2,78.208
8/12/19 9:55,73.299,65.6,1341.2,78.251
8/12/19 9:55,73.299,65.6,1341.2,78.296
8/12/19 9:55,73.299,65.6,1341.2,78.339
8/12/19 9:55,73.299,65.6,1341.2,78.382
8/12/19 9:55,73.299,65.6,1341.2,78.382
8/12/19 9:55,73.299,65.6,1338.7,78.382
8/12/19 9:55,73.342,65.6,1341.2,78.427
8/12/19 9:55,73.342,65.6,1346.2,78.427
8/12/19 9:55,73.342,65.6,1346.2,78.471
8/12/19 9:55,73.342,65.6,1346.2,78.514
8/12/19 9:55,73.342,65.6,1348.7,78.514
8/12/19 9:55,73.342,65.7,1346.2,78.559
8/12/19 9:55,73.342,65.7,1348.7,78.559
8/12/19 9:55,73.342,65.7,1346.2,78.602
8/12/19 9:55,73.342,65.7,1343.7,78.602
8/12/19 9:55,73.386,65.8,1343.7,78.602
8/12/19 9:56,73.386,65.8,1343.7,78.602
8/12/19 9:56,73.386,65.9,1343.7,78.645
8/12/19 9:56,73.386,65.8,1343.7,78.645
8/12/19 9:56,73.386,65.9,1346.2,78.69
8/12/19 9:56,73.386,65.8,1346.2,78.69
8/12/19 9:56,73.386,65.8,1346.2,78.733
8/12/19 9:56,73.386,65.8,1346.2,78.733
8/12/19 9:56,73.429,65.8,1346.2,78.777
8/12/19 9:56,73.429,65.8,1346.2,78.777
8/12/19 9:56,73.429,65.9,1348.7,78.777
8/12/19 9:56,73.429,65.8,1346.2,78.822
8/12/19 9:56,73.429,65.8,1346.2,78.822
8/12/19 9:56,73.429,65.8,1346.2,78.822
8/12/19 9:56,73.429,65.8,1348.7,78.865
8/12/19 9:56,73.429,65.8,1348.7,78.865
8/12/19 9:56,73.429,65.8,1351.2,78.865
8/12/19 9:56,73.472,65.9,1343.7,78.865
8/12/19 9:56,73.472,65.9,1341.2,78.91
8/12/19 9:56,73.472,65.9,1341.2,78.91
8/12/19 9:56,73.472,65.9,1338.7,78.91
8/12/19 9:56,73.472,65.9,1336.2,78.91
8/12/19 9:56,73.472,65.9,1336.2,78.953
8/12/19 9:56,73.472,66,1336.2,78.953
8/12/19 9:56,73.472,66,1338.7,78.953
8/12/19 9:56,73.472,65.9,1336.2,78.91
8/12/19 9:56,73.515,65.9,1326.2,78.91
8/12/19 9:56,73.515,65.8,1313.7,78.865
8/12/19 9:56,73.515,65.8,1311.2,78.822
8/12/19 9:56,73.515,65.8,1311.2,78.822
8/12/19 9:56,73.515,65.8,1303.7,78.777
8/12/19 9:56,73.515,65.8,1303.7,78.822
8/12/19 9:56,73.515,65.9,1306.2,78.822
8/12/19 9:56,73.515,65.8,1316.2,78.822
8/12/19 9:56,73.515,65.8,1321.2,78.822
8/12/19 9:56,73.558,65.8,1328.7,78.865
8/12/19 9:56,73.558,65.8,1336.2,78.865
8/12/19 9:56,73.515,65.9,1336.2,78.91
8/12/19 9:56,73.558,65.9,1341.2,78.953
8/12/19 9:56,73.558,66,1343.7,78.996
8/12/19 9:56,73.558,66,1343.7,79.041
8/12/19 9:56,73.558,66,1343.7,79.128
8/12/19 9:56,73.558,66,1346.2,79.128
8/12/19 9:56,73.558,66.1,1348.7,79.173
8/12/19 9:56,73.558,66.1,1353.7,79.173
8/12/19 9:56,73.602,66.2,1353.7,79.216
8/12/19 9:56,73.602,66.2,1351.2,79.304
8/12/19 9:56,73.602,66.2,1356.2,79.347
8/12/19 9:56,73.602,66.3,1356.2,79.392
8/12/19 9:56,73.602,66.2,1356.2,79.48
8/12/19 9:56,73.602,66.3,1353.7,79.524
8/12/19 9:56,73.645,66.4,1356.2,79.567
8/12/19 9:56,73.645,66.4,1356.2,79.612
8/12/19 9:56,73.645,66.5,1358.7,79.655
8/12/19 9:56,73.645,66.5,1356.2,79.655
8/12/19 9:56,73.688,66.6,1358.7,79.7
8/12/19 9:56,73.688,66.6,1358.7,79.7
8/12/19 9:56,73.688,66.6,1356.2,79.743
8/12/19 9:56,73.688,66.5,1361.2,79.743
8/12/19 9:56,73.731,66.4,1358.7,79.743
8/12/19 9:56,73.731,66.3,1358.7,79.743
8/12/19 9:57,73.731,66.3,1356.2,79.743
8/12/19 9:57,73.731,66.2,1358.7,79.788
8/12/19 9:57,73.731,66,1358.7,79.788
8/12/19 9:57,73.774,66,1356.2,79.831
8/12/19 9:57,73.774,65.9,1356.2,79.831
8/12/19 9:57,73.774,65.8,1358.7,79.876
8/12/19 9:57,73.774,65.8,1358.7,79.876
8/12/19 9:57,73.774,65.9,1358.7,79.92
8/12/19 9:57,73.774,65.8,1356.2,80.008
8/12/19 9:57,73.774,65.8,1358.7,80.051
8/12/19 9:57,73.774,65.8,1358.7,80.096
8/12/19 9:57,73.774,65.8,1358.7,80.139
8/12/19 9:57,73.818,65.9,1356.2,80.184
8/12/19 9:57,73.818,65.9,1361.2,80.184
8/12/19 9:57,73.818,65.8,1356.2,80.227
8/12/19 9:57,73.818,65.8,1356.2,80.272
8/12/19 9:57,73.818,65.8,1358.7,80.361
8/12/19 9:57,73.861,65.8,1358.7,80.361
8/12/19 9:57,73.818,65.9,1358.7,80.361
8/12/19 9:57,73.861,65.9,1358.7,80.404
8/12/19 9:57,73.861,66,1356.2,80.404
8/12/19 9:57,73.861,66,1358.7,80.449
8/12/19 9:57,73.861,66,1358.7,80.449
8/12/19 9:57,73.904,66,1358.7,80.492
8/12/19 9:57,73.904,66,1358.7,80.492
8/12/19 9:57,73.904,66.1,1358.7,80.492
8/12/19 9:57,73.904,66.1,1358.7,80.492
8/12/19 9:57,73.947,66.1,1358.7,80.537
8/12/19 9:57,73.947,66.2,1358.7,80.537
8/12/19 9:57,73.947,66.2,1361.2,80.537
8/12/19 9:57,73.947,66.4,1361.2,80.537
8/12/19 9:57,73.99,66.4,1358.7,80.58
8/12/19 9:57,73.99,66.4,1358.7,80.58
8/12/19 9:57,73.99,66.5,1361.2,80.58
8/12/19 9:57,73.99,66.5,1361.2,80.625
8/12/19 9:57,74.034,66.5,1361.2,80.625
8/12/19 9:57,74.034,66.5,1361.2,80.625
8/12/19 9:57,74.034,66.5,1358.7,80.625
8/12/19 9:57,74.077,66.4,1361.2,80.668
8/12/19 9:57,74.077,66.3,1361.2,80.668
8/12/19 9:57,74.077,66.2,1358.7,80.713
8/12/19 9:57,74.077,66.1,1361.2,80.757
8/12/19 9:57,74.12,66,1358.7,80.757
8/12/19 9:57,74.12,66,1358.7,80.802
8/12/19 9:57,74.12,65.8,1358.7,80.802
8/12/19 9:57,74.12,65.8,1358.7,80.845
8/12/19 9:57,74.12,65.7,1361.2,80.89
8/12/19 9:57,74.12,65.7,1361.2,80.89
8/12/19 9:57,74.163,65.6,1358.7,80.935
8/12/19 9:57,74.163,65.6,1358.7,80.935
8/12/19 9:57,74.163,65.5,1361.2,80.935
8/12/19 9:57,74.163,65.5,1358.7,80.89
8/12/19 9:57,74.163,65.5,1361.2,80.89
8/12/19 9:57,74.163,65.5,1361.2,80.845
8/12/19 9:57,74.163,65.5,1363.7,80.802
8/12/19 9:57,74.163,65.5,1358.7,80.713
8/12/19 9:57,74.163,65.5,1358.7,80.625
8/12/19 9:57,74.163,65.5,1358.7,80.537
8/12/19 9:57,74.163,65.5,1358.7,80.492
8/12/19 9:57,74.206,65.6,1358.7,80.449
8/12/19 9:58,74.206,65.6,1358.7,80.404
8/12/19 9:58,74.206,65.7,1356.2,80.361
8/12/19 9:58,74.206,65.8,1361.2,80.361
8/12/19 9:58,74.206,65.8,1358.7,80.316
8/12/19 9:58,74.25,65.9,1358.7,80.316
8/12/19 9:58,74.25,66,1358.7,80.361
8/12/19 9:58,74.25,66,1358.7,80.361
8/12/19 9:58,74.25,66,1358.7,80.316
8/12/19 9:58,74.25,66.1,1358.7,80.272
8/12/19 9:58,74.25,66.1,1358.7,80.272
8/12/19 9:58,74.295,66.2,1361.2,80.227
8/12/19 9:58,74.295,66.2,1358.7,80.227
8/12/19 9:58,74.295,66.3,1361.2,80.227
8/12/19 9:58,74.295,66.4,1358.7,80.184
8/12/19 9:58,74.295,66.4,1358.7,80.184
8/12/19 9:58,74.338,66.3,1358.7,80.139
8/12/19 9:58,74.338,66.3,1356.2,80.139
8/12/19 9:58,74.338,66.4,1356.2,80.139
8/12/19 9:58,74.338,66.5,1356.2,80.184
8/12/19 9:58,74.338,66.5,1358.7,80.184
8/12/19 9:58,74.381,66.6,1356.2,80.227
8/12/19 9:58,74.381,66.6,1356.2,80.227
8/12/19 9:58,74.381,66.7,1356.2,80.227
8/12/19 9:58,74.381,66.7,1356.2,80.227
8/12/19 9:58,74.381,66.7,1356.2,80.184
8/12/19 9:58,74.424,66.7,1356.2,80.184
8/12/19 9:58,74.424,66.7,1356.2,80.139
8/12/19 9:58,74.424,66.6,1356.2,80.096
8/12/19 9:58,74.424,66.5,1356.2,80.008
8/12/19 9:58,74.467,66.4,1356.2,79.963
8/12/19 9:58,74.467,66.4,1356.2,79.92
8/12/19 9:58,74.467,66.3,1353.7,79.876
8/12/19 9:58,74.467,66.3,1353.7,79.876
8/12/19 9:58,74.467,66.2,1356.2,79.876
8/12/19 9:58,74.511,66.2,1353.7,79.831
8/12/19 9:58,74.511,66.1,1353.7,79.743
8/12/19 9:58,74.511,66.1,1353.7,79.7
8/12/19 9:58,74.511,65.9,1353.7,79.612
8/12/19 9:58,74.511,65.8,1356.2,79.567
8/12/19 9:58,74.511,65.7,1353.7,79.524
8/12/19 9:58,74.511,65.7,1351.2,79.48
8/12/19 9:58,74.511,65.6,1353.7,79.392
8/12/19 9:58,74.511,65.5,1353.7,79.347
8/12/19 9:58,74.511,65.4,1353.7,79.304
8/12/19 9:58,74.511,65.5,1353.7,79.261
8/12/19 9:58,74.511,65.5,1353.7,79.261
8/12/19 9:58,74.511,65.5,1348.7,79.216
8/12/19 9:58,74.511,65.5,1351.2,79.216
8/12/19 9:58,74.511,65.5,1353.7,79.216
8/12/19 9:58,74.511,65.5,1351.2,79.173
8/12/19 9:58,74.511,65.4,1353.7,79.173
8/12/19 9:58,74.511,65.4,1353.7,79.173
8/12/19 9:58,74.511,65.4,1353.7,79.173
8/12/19 9:58,74.511,65.5,1351.2,79.173
8/12/19 9:58,74.511,65.5,1353.7,79.173
8/12/19 9:58,74.511,65.6,1351.2,79.216
8/12/19 9:58,74.554,65.6,1353.7,79.216
8/12/19 9:58,74.554,65.6,1356.2,79.216
8/12/19 9:58,74.554,65.6,1353.7,79.173
8/12/19 9:58,74.554,65.6,1353.7,79.128
8/12/19 9:59,74.554,65.4,1353.7,79.128
8/12/19 9:59,74.554,65.4,1356.2,79.041
8/12/19 9:59,74.554,65.3,1353.7,79.041
8/12/19 9:59,74.554,65.1,1351.2,78.996
8/12/19 9:59,74.554,65,1351.2,78.996
8/12/19 9:59,74.554,65,1351.2,78.953
8/12/19 9:59,74.554,65,1353.7,78.91
8/12/19 9:59,74.554,64.9,1351.2,78.865
8/12/19 9:59,74.554,64.8,1351.2,78.822
8/12/19 9:59,74.554,64.8,1351.2,78.777
8/12/19 9:59,74.554,64.7,1353.7,78.733
8/12/19 9:59,74.554,64.7,1356.2,78.733
8/12/19 9:59,74.554,64.6,1351.2,78.69
8/12/19 9:59,74.554,64.6,1351.2,78.69
8/12/19 9:59,74.554,64.6,1348.7,78.733
8/12/19 9:59,74.554,64.6,1353.7,78.777
8/12/19 9:59,74.554,64.6,1353.7,78.777
8/12/19 9:59,74.554,64.6,1351.2,78.777
8/12/19 9:59,74.554,64.7,1356.2,78.822
8/12/19 9:59,74.554,64.7,1353.7,78.822
8/12/19 9:59,74.554,64.7,1353.7,78.822
8/12/19 9:59,74.554,64.7,1351.2,78.822
8/12/19 9:59,74.554,64.7,1356.2,78.777
8/12/19 9:59,74.554,64.7,1356.2,78.777
8/12/19 9:59,74.554,64.5,1356.2,78.777
8/12/19 9:59,74.554,64.5,1356.2,78.777
8/12/19 9:59,74.554,64.4,1356.2,78.777
8/12/19 9:59,74.554,64.3,1356.2,78.733
8/12/19 9:59,74.554,64.2,1353.7,78.733
8/12/19 9:59,74.554,64.1,1353.7,78.733
8/12/19 9:59,74.554,64.1,1353.7,78.733
8/12/19 9:59,74.554,64.1,1353.7,78.733
8/12/19 9:59,74.554,64,1353.7,78.733
8/12/19 9:59,74.554,64,1353.7,78.777
8/12/19 9:59,74.554,63.9,1356.2,78.777
8/12/19 9:59,74.554,63.9,1353.7,78.777
8/12/19 9:59,74.554,63.9,1356.2,78.822
8/12/19 9:59,74.511,63.9,1353.7,78.822
8/12/19 9:59,74.511,63.9,1353.7,78.822
8/12/19 9:59,74.511,63.9,1353.7,78.822
8/12/19 9:59,74.511,63.9,1353.7,78.822
8/12/19 9:59,74.511,63.8,1353.7,78.822
8/12/19 9:59,74.511,63.8,1353.7,78.822
8/12/19 9:59,74.511,63.8,1351.2,78.777
8/12/19 9:59,74.511,63.8,1353.7,78.777
8/12/19 9:59,74.511,63.8,1351.2,78.733
8/12/19 9:59,74.511,63.8,1348.7,78.733
8/12/19 9:59,74.511,63.9,1351.2,78.733
8/12/19 9:59,74.511,63.9,1351.2,78.733
8/12/19 9:59,74.511,63.9,1351.2,78.733
8/12/19 9:59,74.511,64,1348.7,78.733
8/12/19 9:59,74.511,64,1348.7,78.733
8/12/19 9:59,74.511,64.1,1346.2,78.733
8/12/19 9:59,74.511,64.2,1343.7,78.733
8/12/19 9:59,74.511,64.3,1343.7,78.733
8/12/19 9:59,74.467,64.4,1338.7,78.69
8/12/19 9:59,74.511,64.5,1336.2,78.69
8/12/19 9:59,74.511,64.5,1331.2,78.69
8/12/19 9:59,74.511,64.5,1316.2,78.69
8/12/19 9:59,74.511,64.5,1281.2,78.69
8/12/19 10:00,74.467,64.6,1226.2,78.69
8/12/19 10:00,74.467,64.7,1171.2,78.645
8/12/19 10:00,74.511,64.8,1133.7,78.645
8/12/19 10:00,74.511,64.9,1146.2,78.645
8/12/19 10:00,74.511,64.9,1193.7,78.645
8/12/19 10:00,74.511,65,1258.7,78.645
8/12/19 10:00,74.511,65.1,1306.2,78.645
8/12/19 10:00,74.511,65.1,1323.7,78.645
8/12/19 10:00,74.511,65.2,1326.2,78.602
8/12/19 10:00,74.511,65.2,1323.7,78.602
8/12/19 10:00,74.511,65.3,1323.7,78.602
8/12/19 10:00,74.511,65.3,1321.2,78.602
8/12/19 10:00,74.511,65.3,1321.2,78.602
8/12/19 10:00,74.511,65.2,1323.7,78.559
8/12/19 10:00,74.511,65.2,1323.7,78.559
8/12/19 10:00,74.511,65.1,1326.2,78.514
8/12/19 10:00,74.511,65.1,1326.2,78.559
8/12/19 10:00,74.511,65.1,1326.2,78.514
8/12/19 10:00,74.511,65,1326.2,78.514
8/12/19 10:00,74.554,65,1326.2,78.514
8/12/19 10:00,74.554,65,1326.2,78.514
8/12/19 10:00,74.554,65,1321.2,78.514
8/12/19 10:00,74.511,65,1316.2,78.514
8/12/19 10:00,74.554,65,1316.2,78.514
8/12/19 10:00,74.554,65,1316.2,78.514
8/12/19 10:00,74.554,65,1318.7,78.471
8/12/19 10:00,74.554,64.9,1321.2,78.427
8/12/19 10:00,74.554,64.8,1321.2,78.382
8/12/19 10:00,74.554,64.7,1321.2,78.339
8/12/19 10:00,74.554,64.6,1318.7,78.339
8/12/19 10:00,74.554,64.5,1316.2,78.339
8/12/19 10:00,74.554,64.5,1316.2,78.296
8/12/19 10:00,74.554,64.3,1311.2,78.251
8/12/19 10:00,74.554,64.2,1308.7,78.165
8/12/19 10:00,74.554,64.2,1306.2,78.121
8/12/19 10:00,74.554,64.1,1303.7,78.076
8/12/19 10:00,74.554,64,1303.7,78.033
8/12/19 10:00,74.554,64,1306.2,77.99
8/12/19 10:00,74.554,63.9,1306.2,77.99
8/12/19 10:00,74.554,63.9,1306.2,77.945
8/12/19 10:00,74.554,63.9,1303.7,77.945
8/12/19 10:00,74.511,63.9,1301.2,77.945
8/12/19 10:00,74.554,63.9,1301.2,77.945
8/12/19 10:00,74.511,63.9,1301.2,77.99
8/12/19 10:00,74.511,63.9,1301.2,77.99
8/12/19 10:00,74.511,63.9,1303.7,78.033
8/12/19 10:00,74.511,64,1306.2,78.076
8/12/19 10:00,74.511,64,1308.7,78.076
8/12/19 10:00,74.511,64.1,1311.2,78.033
8/12/19 10:00,74.511,64.1,1313.7,78.033
8/12/19 10:00,74.511,64.1,1313.7,78.033
8/12/19 10:00,74.511,64.1,1313.7,78.076
8/12/19 10:00,74.511,64.2,1313.7,78.121
8/12/19 10:00,74.511,64.3,1313.7,78.121
8/12/19 10:00,74.511,64.3,1316.2,78.165
8/12/19 10:00,74.511,64.5,1316.2,78.251
8/12/19 10:00,74.511,64.5,1316.2,78.251
8/12/19 10:00,74.511,64.5,1311.2,78.339
8/12/19 10:00,74.511,64.6,1306.2,78.382
8/12/19 10:00,74.511,64.7,1298.7,78.427
8/12/19 10:01,74.511,64.7,1291.2,78.427
8/12/19 10:01,74.554,64.8,1291.2,78.471
8/12/19 10:01,74.554,64.8,1296.2,78.514
8/12/19 10:01,74.554,64.9,1303.7,78.514
8/12/19 10:01,74.554,64.9,1308.7,78.514
8/12/19 10:01,74.554,64.9,1311.2,78.471
8/12/19 10:01,74.554,64.9,1311.2,78.471
8/12/19 10:01,74.597,64.9,1308.7,78.471
8/12/19 10:01,74.597,64.9,1308.7,78.427
8/12/19 10:01,74.597,64.9,1308.7,78.427
8/12/19 10:01,74.597,64.8,1308.7,78.382
8/12/19 10:01,74.597,64.8,1313.7,78.427
8/12/19 10:01,74.597,64.8,1316.2,78.427
8/12/19 10:01,74.64,64.8,1316.2,78.427
8/12/19 10:01,74.64,64.8,1321.2,78.427
8/12/19 10:01,74.64,64.7,1321.2,78.427
8/12/19 10:01,74.64,64.7,1326.2,78.427
8/12/19 10:01,74.64,64.7,1326.2,78.427
8/12/19 10:01,74.64,64.7,1328.7,78.427
8/12/19 10:01,74.64,64.7,1331.2,78.427
8/12/19 10:01,74.64,64.6,1331.2,78.427
8/12/19 10:01,74.64,64.6,1331.2,78.382
8/12/19 10:01,74.683,64.5,1328.7,78.382
8/12/19 10:01,74.683,64.5,1328.7,78.427
8/12/19 10:01,74.683,64.5,1328.7,78.427
8/12/19 10:01,74.683,64.5,1326.2,78.427
8/12/19 10:01,74.683,64.5,1328.7,78.427
8/12/19 10:01,74.683,64.5,1328.7,78.471
8/12/19 10:01,74.683,64.5,1331.2,78.471
8/12/19 10:01,74.683,64.5,1331.2,78.514
8/12/19 10:01,74.683,64.5,1331.2,78.514
8/12/19 10:01,74.683,64.5,1331.2,78.559
8/12/19 10:01,74.683,64.5,1333.7,78.559
8/12/19 10:01,74.683,64.5,1331.2,78.602
8/12/19 10:01,74.683,64.6,1331.2,78.602
8/12/19 10:01,74.683,64.7,1336.2,78.645
8/12/19 10:01,74.683,64.7,1333.7,78.69
8/12/19 10:01,74.683,64.8,1336.2,78.733
8/12/19 10:01,74.683,64.8,1333.7,78.777
8/12/19 10:01,74.683,64.9,1336.2,78.822
8/12/19 10:01,74.727,65,1333.7,78.865
8/12/19 10:01,74.727,65,1331.2,78.91
8/12/19 10:01,74.727,65.1,1333.7,78.996
8/12/19 10:01,74.727,65.1,1331.2,79.041
8/12/19 10:01,74.727,65.2,1331.2,79.128
8/12/19 10:01,74.727,65.3,1328.7,79.128
8/12/19 10:01,74.727,65.3,1328.7,79.128
8/12/19 10:01,74.727,65.3,1331.2,79.128
8/12/19 10:01,74.727,65.4,1326.2,79.173
8/12/19 10:01,74.77,65.4,1331.2,79.173
8/12/19 10:01,74.77,65.4,1331.2,79.173
8/12/19 10:01,74.77,65.4,1333.7,79.173
8/12/19 10:01,74.77,65.4,1336.2,79.173
8/12/19 10:01,74.77,65.4,1338.7,79.173
8/12/19 10:01,74.813,65.4,1341.2,79.173
8/12/19 10:01,74.813,65.4,1341.2,79.128
8/12/19 10:01,74.813,65.3,1341.2,79.084
8/12/19 10:01,74.813,65.2,1341.2,79.041
8/12/19 10:01,74.813,65.1,1343.7,78.996
8/12/19 10:01,74.813,65,1346.2,78.953
8/12/19 10:02,74.813,64.9,1346.2,78.91
8/12/19 10:02,74.813,64.8,1346.2,78.865
8/12/19 10:02,74.813,64.7,1346.2,78.777
8/12/19 10:02,74.813,64.6,1346.2,78.777
8/12/19 10:02,74.813,64.5,1346.2,78.69
8/12/19 10:02,74.813,64.5,1343.7,78.645
8/12/19 10:02,74.813,64.3,1346.2,78.645
8/12/19 10:02,74.813,64.3,1346.2,78.602
8/12/19 10:02,74.813,64.2,1346.2,78.602
8/12/19 10:02,74.813,64.1,1348.7,78.602
8/12/19 10:02,74.813,64.1,1348.7,78.559
8/12/19 10:02,74.813,64.1,1346.2,78.514
8/12/19 10:02,74.813,64,1346.2,78.514
8/12/19 10:02,74.813,64,1351.2,78.514
8/12/19 10:02,74.77,64,1348.7,78.514
8/12/19 10:02,74.77,64.1,1348.7,78.514
8/12/19 10:02,74.77,64.1,1348.7,78.559
8/12/19 10:02,74.77,64.1,1346.2,78.602
8/12/19 10:02,74.77,64.2,1348.7,78.645
8/12/19 10:02,74.77,64.2,1346.2,78.69
8/12/19 10:02,74.77,64.2,1348.7,78.777
8/12/19 10:02,74.77,64.1,1346.2,78.822
8/12/19 10:02,74.77,64.1,1346.2,78.865
8/12/19 10:02,74.77,64.1,1346.2,78.953
8/12/19 10:02,74.77,64,1346.2,78.996
8/12/19 10:02,74.77,63.9,1348.7,79.041
8/12/19 10:02,74.77,63.8,1346.2,79.128
8/12/19 10:02,74.77,63.7,1346.2,79.216
8/12/19 10:02,74.727,63.6,1343.7,79.261
8/12/19 10:02,74.77,63.5,1343.7,79.304
8/12/19 10:02,74.727,63.6,1343.7,79.347
8/12/19 10:02,74.727,63.6,1343.7,79.392
8/12/19 10:02,74.727,63.6,1338.7,79.435
8/12/19 10:02,74.727,63.6,1336.2,79.48
8/12/19 10:02,74.727,63.6,1336.2,79.567
8/12/19 10:02,74.727,63.6,1333.7,79.612
8/12/19 10:02,74.727,63.6,1331.2,79.655
8/12/19 10:02,74.683,63.6,1331.2,79.743
8/12/19 10:02,74.683,63.6,1333.7,79.788
8/12/19 10:02,74.683,63.6,1333.7,79.876
8/12/19 10:02,74.683,63.6,1333.7,79.92
8/12/19 10:02,74.683,63.6,1336.2,79.963
8/12/19 10:02,74.683,63.6,1338.7,80.008
8/12/19 10:02,74.683,63.6,1341.2,80.051
8/12/19 10:02,74.683,63.6,1343.7,80.051
8/12/19 10:02,74.683,63.7,1343.7,80.096
8/12/19 10:02,74.64,63.7,1346.2,80.139
8/12/19 10:02,74.64,63.7,1343.7,80.184
8/12/19 10:02,74.64,63.8,1341.2,80.184
8/12/19 10:02,74.64,63.8,1343.7,80.272
8/12/19 10:02,74.64,63.8,1343.7,80.272
8/12/19 10:02,74.64,63.9,1341.2,80.316
8/12/19 10:02,74.64,64,1341.2,80.361
8/12/19 10:02,74.64,64,1343.7,80.361
8/12/19 10:02,74.64,64.1,1341.2,80.361
8/12/19 10:02,74.64,64.2,1341.2,80.361
8/12/19 10:02,74.64,64.3,1341.2,80.361
8/12/19 10:02,74.64,64.3,1341.2,80.316
8/12/19 10:02,74.64,64.5,1338.7,80.316
8/12/19 10:02,74.64,64.5,1338.7,80.316
8/12/19 10:03,74.64,64.6,1341.2,80.272
8/12/19 10:03,74.64,64.6,1338.7,80.227
8/12/19 10:03,74.64,64.7,1338.7,80.184
8/12/19 10:03,74.64,64.6,1336.2,80.139
8/12/19 10:03,74.64,64.6,1338.7,80.139
8/12/19 10:03,74.64,64.6,1338.7,80.096
8/12/19 10:03,74.64,64.6,1336.2,80.096
8/12/19 10:03,74.683,64.7,1338.7,80.096
8/12/19 10:03,74.64,64.7,1336.2,80.051
8/12/19 10:03,74.683,64.7,1338.7,80.051
8/12/19 10:03,74.683,64.6,1336.2,80.008
8/12/19 10:03,74.683,64.6,1336.2,79.963
8/12/19 10:03,74.683,64.5,1336.2,79.92
8/12/19 10:03,74.683,64.5,1336.2,79.876
8/12/19 10:03,74.683,64.4,1338.7,79.831
8/12/19 10:03,74.683,64.3,1343.7,79.831
8/12/19 10:03,74.683,64.3,1346.2,79.831
8/12/19 10:03,74.683,64.3,1343.7,79.831
8/12/19 10:03,74.683,64.2,1346.2,79.831
8/12/19 10:03,74.64,64.2,1346.2,79.788
8/12/19 10:03,74.683,64.3,1346.2,79.788
8/12/19 10:03,74.683,64.3,1346.2,79.743
8/12/19 10:03,74.64,64.3,1346.2,79.743
8/12/19 10:03,74.64,64.4,1348.7,79.743
8/12/19 10:03,74.64,64.4,1346.2,79.743
8/12/19 10:03,74.683,64.5,1343.7,79.743
8/12/19 10:03,74.64,64.5,1333.7,79.743
8/12/19 10:03,74.683,64.5,1311.2,79.655
8/12/19 10:03,74.683,64.6,1276.2,79.612
8/12/19 10:03,74.683,64.6,1251.2,79.567
8/12/19 10:03,74.683,64.6,1238.7,79.524
8/12/19 10:03,74.683,64.6,1238.7,79.48
8/12/19 10:03,74.683,64.5,1256.2,79.435
8/12/19 10:03,74.683,64.5,1263.7,79.392
8/12/19 10:03,74.683,64.5,1271.2,79.347
8/12/19 10:03,74.683,64.5,1266.2,79.304
8/12/19 10:03,74.683,64.5,1251.2,79.216
8/12/19 10:03,74.683,64.5,1226.2,79.173
8/12/19 10:03,74.727,64.4,1218.7,79.128
8/12/19 10:03,74.683,64.3,1208.7,79.084
8/12/19 10:03,74.683,64.3,1216.2,79.128
8/12/19 10:03,74.727,64.3,1226.2,79.128
8/12/19 10:03,74.727,64.3,1233.7,79.128
8/12/19 10:03,74.683,64.3,1236.2,79.128
8/12/19 10:03,74.727,64.3,1253.7,79.084
8/12/19 10:03,74.683,64.3,1288.7,79.084
8/12/19 10:03,74.727,64.4,1311.2,79.041
8/12/19 10:03,74.727,64.4,1326.2,78.996
8/12/19 10:03,74.727,64.4,1331.2,78.996
8/12/19 10:03,74.727,64.5,1331.2,78.953
8/12/19 10:03,74.727,64.5,1331.2,78.953
8/12/19 10:03,74.727,64.5,1328.7,78.953
8/12/19 10:03,74.727,64.5,1328.7,78.953
8/12/19 10:03,74.727,64.6,1331.2,78.996
8/12/19 10:03,74.727,64.7,1333.7,79.041
8/12/19 10:03,74.727,64.7,1338.7,79.084
8/12/19 10:03,74.727,64.8,1343.7,79.128
8/12/19 10:03,74.727,64.8,1348.7,79.173
8/12/19 10:03,74.727,64.9,1351.2,79.173
8/12/19 10:03,74.727,64.9,1348.7,79.216
8/12/19 10:04,74.727,65,1348.7,79.261
8/12/19 10:04,74.77,65,1346.2,79.347
8/12/19 10:04,74.727,65,1346.2,79.655
8/12/19 10:04,74.77,65.1,1346.2,80.008
8/12/19 10:04,74.77,65.1,1346.2,80.227
8/12/19 10:04,74.77,65.1,1346.2,80.361
8/12/19 10:04,74.77,65.1,1346.2,80.404
8/12/19 10:04,74.77,65,1343.7,80.449
8/12/19 10:04,74.77,65,1343.7,80.492
8/12/19 10:04,74.77,64.9,1343.7,80.492
8/12/19 10:04,74.77,64.9,1341.2,80.537
8/12/19 10:04,74.77,64.8,1341.2,80.537
8/12/19 10:04,74.77,64.7,1341.2,80.537
8/12/19 10:04,74.77,64.5,1341.2,80.537
8/12/19 10:04,74.77,64.5,1338.7,80.537
8/12/19 10:04,74.77,64.4,1341.2,80.537
8/12/19 10:04,74.77,64.3,1338.7,80.58
8/12/19 10:04,74.77,64.3,1338.7,80.58
8/12/19 10:04,74.77,64.2,1338.7,80.58
8/12/19 10:04,74.77,64.2,1341.2,80.58
8/12/19 10:04,74.77,64.1,1338.7,80.58
8/12/19 10:04,74.77,64.1,1338.7,80.537
8/12/19 10:04,74.77,64,1338.7,80.537
8/12/19 10:04,74.77,64,1338.7,80.537
8/12/19 10:04,74.77,64.1,1341.2,80.537
8/12/19 10:04,74.77,64.1,1338.7,80.492
8/12/19 10:04,74.77,64,1338.7,80.492
8/12/19 10:04,74.77,64,1336.2,80.449
8/12/19 10:04,74.727,64.1,1338.7,80.449
8/12/19 10:04,74.727,64.1,1341.2,80.404
8/12/19 10:04,74.727,64,1338.7,80.404
8/12/19 10:04,74.727,64.1,1338.7,80.404
8/12/19 10:04,74.727,64.1,1338.7,80.404
8/12/19 10:04,74.727,64.2,1341.2,80.404
8/12/19 10:04,74.727,64.2,1338.7,80.404
8/12/19 10:04,74.727,64.3,1338.7,80.404
8/12/19 10:04,74.727,64.3,1338.7,80.449
8/12/19 10:04,74.727,64.4,1338.7,80.449
8/12/19 10:04,74.727,64.4,1338.7,80.537
8/12/19 10:04,74.727,64.5,1338.7,80.58
8/12/19 10:04,74.727,64.5,1336.2,80.668
8/12/19 10:04,74.727,64.5,1338.7,80.713
8/12/19 10:04,74.727,64.5,1338.7,80.757
8/12/19 10:04,74.77,64.5,1338.7,80.802
8/12/19 10:04,74.77,64.5,1338.7,80.845
8/12/19 10:04,74.77,64.5,1338.7,80.89
8/12/19 10:04,74.77,64.5,1338.7,80.978
8/12/19 10:04,74.77,64.5,1341.2,81.023
8/12/19 10:04,74.77,64.5,1338.7,81.154
8/12/19 10:04,74.77,64.5,1338.7,81.244
8/12/19 10:04,74.77,64.5,1338.7,81.333
8/12/19 10:04,74.77,64.5,1341.2,81.421
8/12/19 10:04,74.77,64.5,1338.7,81.466
8/12/19 10:04,74.77,64.4,1338.7,81.509
8/12/19 10:04,74.77,64.4,1336.2,81.554
8/12/19 10:04,74.77,64.4,1338.7,81.642
8/12/19 10:04,74.77,64.3,1341.2,81.642
8/12/19 10:04,74.77,64.3,1338.7,81.73
8/12/19 10:04,74.813,64.3,1338.7,81.73
8/12/19 10:04,74.813,64.3,1338.7,81.775
8/12/19 10:05,74.813,64.3,1336.2,81.775
8/12/19 10:05,74.813,64.3,1338.7,81.775
8/12/19 10:05,74.813,64.3,1336.2,81.775
8/12/19 10:05,74.813,64.3,1336.2,81.73
8/12/19 10:05,74.813,64.3,1338.7,81.73
8/12/19 10:05,74.813,64.3,1338.7,81.73
8/12/19 10:05,74.856,64.3,1338.7,81.775
8/12/19 10:05,74.813,64.3,1346.2,81.775
8/12/19 10:05,74.856,64.4,1343.7,81.775
8/12/19 10:05,74.856,64.4,1343.7,81.73
8/12/19 10:05,74.856,64.4,1343.7,81.73
8/12/19 10:05,74.856,64.3,1346.2,81.775
8/12/19 10:05,74.856,64.4,1341.2,81.775
8/12/19 10:05,74.856,64.4,1341.2,81.819
8/12/19 10:05,74.856,64.4,1343.7,81.864
8/12/19 10:05,74.856,64.4,1343.7,81.864
8/12/19 10:05,74.856,64.4,1346.2,81.864
8/12/19 10:05,74.856,64.4,1343.7,81.909
8/12/19 10:05,74.856,64.4,1343.7,81.909
8/12/19 10:05,74.856,64.4,1343.7,81.952
8/12/19 10:05,74.899,64.4,1343.7,81.952
8/12/19 10:05,74.856,64.4,1343.7,81.997
8/12/19 10:05,74.899,64.3,1343.7,81.997
8/12/19 10:05,74.899,64.3,1343.7,81.997
8/12/19 10:05,74.899,64.2,1343.7,81.997
8/12/19 10:05,74.899,64.2,1343.7,81.997
8/12/19 10:05,74.856,64.1,1343.7,81.864
8/12/19 10:05,74.899,64,1343.7,81.421
8/12/19 10:05,74.856,64.1,1341.2,80.978
8/12/19 10:05,74.856,64,1341.2,80.625
8/12/19 10:05,74.856,63.9,1341.2,80.272
8/12/19 10:05,74.856,63.9,1343.7,79.92
8/12/19 10:05,74.856,63.8,1341.2,79.655
8/12/19 10:05,74.856,63.8,1341.2,79.392
8/12/19 10:05,74.856,63.7,1341.2,79.216
8/12/19 10:05,74.856,63.6,1341.2,79.041
8/12/19 10:05,74.856,63.6,1341.2,78.91
8/12/19 10:05,74.856,63.6,1343.7,78.777
8/12/19 10:05,74.856,63.6,1341.2,78.645
8/12/19 10:05,74.813,63.5,1341.2,78.559
8/12/19 10:05,74.813,63.5,1341.2,78.471
8/12/19 10:05,74.813,63.5,1341.2,78.382
8/12/19 10:05,74.813,63.6,1341.2,78.296
8/12/19 10:05,74.813,63.6,1343.7,78.208
8/12/19 10:05,74.813,63.7,1341.2,78.121
8/12/19 10:05,74.813,63.8,1341.2,77.99
8/12/19 10:05,74.813,63.8,1341.2,77.727
8/12/19 10:05,74.813,63.9,1338.7,77.553
8/12/19 10:05,74.813,63.9,1336.2,77.292
8/12/19 10:05,74.813,63.9,1336.2,77.072
8/12/19 10:05,74.813,63.9,1336.2,76.899
8/12/19 10:05,74.813,63.9,1336.2,76.768
8/12/19 10:05,74.813,64,1336.2,76.636
8/12/19 10:05,74.813,64,1338.7,76.55
8/12/19 10:05,74.813,64.1,1336.2,76.464
8/12/19 10:05,74.813,64.1,1333.7,76.419
8/12/19 10:05,74.813,64,1338.7,76.332
8/12/19 10:05,74.813,64.1,1338.7,76.289
8/12/19 10:05,74.813,64.1,1338.7,76.246
8/12/19 10:05,74.813,64.1,1338.7,76.203
8/12/19 10:06,74.813,64.2,1338.7,76.158
8/12/19 10:06,74.813,64.2,1336.2,76.071
8/12/19 10:06,74.856,64.2,1338.7,76.028
8/12/19 10:06,74.856,64.2,1338.7,75.985
8/12/19 10:06,74.856,64.2,1338.7,75.942
8/12/19 10:06,74.856,64.2,1338.7,75.898
8/12/19 10:06,74.856,64.2,1336.2,75.853
8/12/19 10:06,74.856,64.2,1333.7,75.81
8/12/19 10:06,74.856,64.2,1336.2,75.767
8/12/19 10:06,74.856,64.2,1333.7,75.724
8/12/19 10:06,74.899,64.3,1336.2,75.681
8/12/19 10:06,74.856,64.3,1333.7,75.637
8/12/19 10:06,74.899,64.3,1336.2,75.594
8/12/19 10:06,74.899,64.4,1338.7,75.551
8/12/19 10:06,74.899,64.4,1336.2,75.508
8/12/19 10:06,74.899,64.5,1336.2,75.463
8/12/19 10:06,74.899,64.5,1336.2,75.42
8/12/19 10:06,74.943,64.5,1336.2,75.376
8/12/19 10:06,74.943,64.5,1333.7,75.376
8/12/19 10:06,74.943,64.5,1336.2,75.333
8/12/19 10:06,74.943,64.5,1338.7,75.29
8/12/19 10:06,74.943,64.5,1338.7,75.247
8/12/19 10:06,74.943,64.5,1338.7,75.204
8/12/19 10:06,74.986,64.5,1338.7,75.204
8/12/19 10:06,74.986,64.5,1341.2,75.117
8/12/19 10:06,74.986,64.5,1341.2,75.117
8/12/19 10:06,74.986,64.5,1341.2,75.074
8/12/19 10:06,74.986,64.4,1341.2,75.029
8/12/19 10:06,74.986,64.3,1341.2,75.029
8/12/19 10:06,74.986,64.3,1341.2,74.986
8/12/19 10:06,74.986,64.2,1341.2,74.943
8/12/19 10:06,75.029,64.2,1341.2,74.943
8/12/19 10:06,75.029,64.2,1341.2,74.899
8/12/19 10:06,75.029,64.1,1341.2,74.856
8/12/19 10:06,75.029,64.1,1338.7,74.856
8/12/19 10:06,75.029,64,1338.7,74.813
8/12/19 10:06,75.029,64.1,1338.7,74.77
8/12/19 10:06,75.029,64,1341.2,74.77
8/12/19 10:06,75.029,64,1338.7,74.727
8/12/19 10:06,75.029,63.9,1341.2,74.683
8/12/19 10:06,75.029,64,1341.2,74.683
8/12/19 10:06,75.029,64,1341.2,74.64
8/12/19 10:06,75.029,64,1341.2,74.597
8/12/19 10:06,75.029,63.9,1341.2,74.597
8/12/19 10:06,75.029,63.9,1341.2,74.554
8/12/19 10:06,75.029,63.8,1343.7,74.554
8/12/19 10:06,75.029,63.7,1346.2,74.511
8/12/19 10:06,75.074,63.6,1343.7,74.511
8/12/19 10:06,75.029,63.7,1346.2,74.467
8/12/19 10:06,75.074,63.7,1346.2,74.467
8/12/19 10:06,75.074,63.6,1351.2,74.424
8/12/19 10:06,75.074,63.6,1348.7,74.424
8/12/19 10:06,75.074,63.6,1348.7,74.381
8/12/19 10:06,75.074,63.6,1348.7,74.381
8/12/19 10:06,75.074,63.6,1351.2,74.338
8/12/19 10:06,75.074,63.5,1351.2,74.338
8/12/19 10:06,75.074,63.5,1353.7,74.338
8/12/19 10:06,75.074,63.5,1353.7,74.295
8/12/19 10:06,75.074,63.4,1356.2,74.25
8/12/19 10:06,75.074,63.4,1356.2,74.25
8/12/19 10:07,75.074,63.4,1353.7,74.25
8/12/19 10:07,75.117,63.3,1356.2,74.206
8/12/19 10:07,75.074,63.3,1356.2,74.206
8/12/19 10:07,75.117,63.3,1353.7,74.163
8/12/19 10:07,75.117,63.3,1356.2,74.163
8/12/19 10:07,75.117,63.2,1353.7,74.163
8/12/19 10:07,75.117,63.2,1356.2,74.12
8/12/19 10:07,75.117,63.2,1358.7,74.12
8/12/19 10:07,75.117,63.3,1358.7,74.077
8/12/19 10:07,75.117,63.3,1358.7,74.077
8/12/19 10:07,75.117,63.3,1358.7,74.077
8/12/19 10:07,75.117,63.2,1358.7,74.034
8/12/19 10:07,75.117,63.1,1358.7,74.034
8/12/19 10:07,75.16,63.2,1358.7,73.99
8/12/19 10:07,75.16,63.2,1358.7,73.99
8/12/19 10:07,75.16,63.2,1358.7,73.99
8/12/19 10:07,75.16,63.2,1358.7,73.99
8/12/19 10:07,75.16,63.1,1358.7,73.947
8/12/19 10:07,75.16,63.1,1356.2,73.947
8/12/19 10:07,75.16,63,1356.2,73.947
8/12/19 10:07,75.16,63,1358.7,73.904
8/12/19 10:07,75.16,63,1356.2,73.904
8/12/19 10:07,75.16,62.9,1356.2,73.904
8/12/19 10:07,75.16,62.8,1356.2,73.904
8/12/19 10:07,75.16,62.7,1358.7,73.861
8/12/19 10:07,75.16,62.7,1356.2,73.861
8/12/19 10:07,75.16,62.7,1356.2,73.818
8/12/19 10:07,75.16,62.7,1356.2,73.818
8/12/19 10:07,75.16,62.6,1358.7,73.818
8/12/19 10:07,75.16,62.6,1356.2,73.818
8/12/19 10:07,75.16,62.6,1358.7,73.774
8/12/19 10:07,75.117,62.6,1358.7,73.774
8/12/19 10:07,75.117,62.6,1358.7,73.774
8/12/19 10:07,75.117,62.6,1358.7,73.774
8/12/19 10:07,75.117,62.6,1358.7,73.731
8/12/19 10:07,75.117,62.6,1358.7,73.731
8/12/19 10:07,75.117,62.6,1358.7,73.731
8/12/19 10:07,75.117,62.7,1361.2,73.731
8/12/19 10:07,75.117,62.7,1361.2,73.688
8/12/19 10:07,75.117,62.7,1361.2,73.688
8/12/19 10:07,75.117,62.7,1361.2,73.688
8/12/19 10:07,75.117,62.7,1363.7,73.645
8/12/19 10:07,75.117,62.8,1361.2,73.645
8/12/19 10:07,75.117,62.9,1363.7,73.645
8/12/19 10:07,75.117,63,1361.2,73.645
8/12/19 10:07,75.117,63,1358.7,73.645
8/12/19 10:07,75.16,63.1,1358.7,73.602
8/12/19 10:07,75.16,63.1,1363.7,73.602
8/12/19 10:07,75.16,63.2,1363.7,73.602
8/12/19 10:07,75.16,63.2,1363.7,73.602
8/12/19 10:07,75.16,63.2,1363.7,73.558
8/12/19 10:07,75.16,63.2,1363.7,73.558
8/12/19 10:07,75.16,63.2,1363.7,73.558
8/12/19 10:07,75.16,63.2,1363.7,73.558
8/12/19 10:07,75.16,63.2,1366.2,73.558
8/12/19 10:07,75.16,63.3,1368.7,73.558
8/12/19 10:07,75.204,63.3,1366.2,73.515
8/12/19 10:07,75.204,63.4,1366.2,73.515
8/12/19 10:07,75.204,63.4,1368.7,73.515
8/12/19 10:07,75.204,63.5,1368.7,73.515
8/12/19 10:08,75.204,63.5,1366.2,73.472
8/12/19 10:08,75.204,63.6,1366.2,73.472
8/12/19 10:08,75.204,63.7,1366.2,73.472
8/12/19 10:08,75.204,63.6,1368.7,73.472
8/12/19 10:08,75.247,63.7,1368.7,73.472
8/12/19 10:08,75.247,63.7,1371.2,73.472
8/12/19 10:08,75.247,63.7,1368.7,73.472
8/12/19 10:08,75.247,63.7,1368.7,73.472
8/12/19 10:08,75.247,63.7,1363.7,73.429
8/12/19 10:08,75.247,63.7,1371.2,73.429
8/12/19 10:08,75.29,63.7,1368.7,73.429
8/12/19 10:08,75.29,63.8,1363.7,73.429
8/12/19 10:08,75.29,63.8,1368.7,73.429
8/12/19 10:08,75.29,63.9,1368.7,73.386
8/12/19 10:08,75.29,63.9,1366.2,73.386
8/12/19 10:08,75.29,64,1368.7,73.386
8/12/19 10:08,75.333,64,1368.7,73.386
8/12/19 10:08,75.333,64.1,1368.7,73.386
8/12/19 10:08,75.333,64.1,1371.2,73.386
8/12/19 10:08,75.333,64.2,1368.7,73.386
8/12/19 10:08,75.333,64.2,1371.2,73.386
8/12/19 10:08,75.376,64.2,1368.7,73.342
8/12/19 10:08,75.376,64.1,1371.2,73.342
8/12/19 10:08,75.376,64.1,1371.2,73.342
8/12/19 10:08,75.376,64.1,1368.7,73.342
8/12/19 10:08,75.376,64,1371.2,73.342
8/12/19 10:08,75.376,64,1373.7,73.342
8/12/19 10:08,75.376,63.9,1371.2,73.299
8/12/19 10:08,75.376,63.9,1371.2,73.299
8/12/19 10:08,75.376,63.8,1373.7,73.299
8/12/19 10:08,75.376,63.8,1373.7,73.299
8/12/19 10:08,75.376,63.9,1373.7,73.299
8/12/19 10:08,75.42,63.9,1371.2,73.299
8/12/19 10:08,75.42,63.8,1373.7,73.299
8/12/19 10:08,75.42,63.8,1371.2,73.256
8/12/19 10:08,75.42,63.8,1373.7,73.299
8/12/19 10:08,75.42,63.7,1373.7,73.256
8/12/19 10:08,75.42,63.7,1373.7,73.256
8/12/19 10:08,75.42,63.7,1371.2,73.256
8/12/19 10:08,75.42,63.7,1373.7,73.256
8/12/19 10:08,75.42,63.6,1371.2,73.256
8/12/19 10:08,75.42,63.6,1373.7,73.256
8/12/19 10:08,75.42,63.6,1373.7,73.213
8/12/19 10:08,75.42,63.6,1368.7,73.256
8/12/19 10:08,75.42,63.6,1371.2,73.213
8/12/19 10:08,75.42,63.6,1373.7,73.213
8/12/19 10:08,75.42,63.6,1371.2,73.213
8/12/19 10:08,75.42,63.7,1373.7,73.213
8/12/19 10:08,75.42,63.7,1371.2,73.213
8/12/19 10:08,75.42,63.7,1371.2,73.213
8/12/19 10:08,75.42,63.7,1371.2,73.213
8/12/19 10:08,75.42,63.7,1371.2,73.213
8/12/19 10:08,75.42,63.7,1371.2,73.17
8/12/19 10:08,75.42,63.6,1373.7,73.213
8/12/19 10:08,75.42,63.7,1371.2,73.17
8/12/19 10:08,75.42,63.6,1371.2,73.17
8/12/19 10:08,75.42,63.4,1373.7,73.17
8/12/19 10:08,75.42,63.3,1371.2,73.17
8/12/19 10:08,75.42,63.1,1371.2,73.17
8/12/19 10:08,75.42,62.9,1371.2,73.17
8/12/19 10:09,75.42,62.7,1371.2,73.17
8/12/19 10:09,75.42,62.5,1371.2,73.17
8/12/19 10:09,75.42,62.4,1371.2,73.126
8/12/19 10:09,75.42,62.2,1368.7,73.126
8/12/19 10:09,75.376,62.1,1371.2,73.126
8/12/19 10:09,75.376,62,1371.2,73.126
8/12/19 10:09,75.376,61.9,1373.7,73.126
8/12/19 10:09,75.376,61.8,1371.2,73.126
8/12/19 10:09,75.333,61.8,1371.2,73.126
8/12/19 10:09,75.333,61.8,1371.2,73.126
8/12/19 10:09,75.333,61.8,1371.2,73.126
8/12/19 10:09,75.333,61.7,1371.2,73.126
8/12/19 10:09,75.333,61.6,1373.7,73.126
8/12/19 10:09,75.333,61.7,1371.2,73.126
8/12/19 10:09,75.29,61.7,1373.7,73.126
8/12/19 10:09,75.29,61.7,1373.7,73.126
8/12/19 10:09,75.29,61.7,1373.7,73.083
8/12/19 10:09,75.29,61.7,1373.7,73.083
8/12/19 10:09,75.247,61.6,1373.7,73.083
8/12/19 10:09,75.247,61.7,1373.7,73.083
8/12/19 10:09,75.247,61.7,1376.2,73.083
8/12/19 10:09,75.247,61.7,1371.2,73.083
8/12/19 10:09,75.247,61.8,1373.7,73.083
8/12/19 10:09,75.247,61.8,1376.2,73.083
8/12/19 10:09,75.247,61.8,1373.7,73.083
8/12/19 10:09,75.204,61.8,1376.2,73.083
8/12/19 10:09,75.204,61.9,1376.2,73.04
8/12/19 10:09,75.204,61.9,1376.2,73.083
8/12/19 10:09,75.204,61.9,1376.2,73.04
8/12/19 10:09,75.204,62,1376.2,73.04
8/12/19 10:09,75.204,62,1373.7,73.04
8/12/19 10:09,75.204,62,1376.2,73.04
8/12/19 10:09,75.204,62,1373.7,73.04
8/12/19 10:09,75.204,62,1376.2,73.04
8/12/19 10:09,75.204,62,1373.7,73.04
8/12/19 10:09,75.204,62,1373.7,73.04
8/12/19 10:09,75.204,62,1373.7,73.04
8/12/19 10:09,75.204,62,1373.7,73.04
8/12/19 10:09,75.16,62,1373.7,73.04
8/12/19 10:09,75.204,62,1371.2,73.04
8/12/19 10:09,75.16,62.1,1373.7,73.04
8/12/19 10:09,75.16,62.1,1373.7,73.04
8/12/19 10:09,75.16,62.1,1376.2,73.04
8/12/19 10:09,75.16,62.1,1376.2,73.04
8/12/19 10:09,75.16,62.2,1373.7,72.997
8/12/19 10:09,75.16,62.2,1376.2,72.997
8/12/19 10:09,75.16,62.2,1376.2,72.997
8/12/19 10:09,75.16,62.2,1373.7,72.997
8/12/19 10:09,75.204,62.3,1373.7,72.997
8/12/19 10:09,75.204,62.4,1371.2,72.997
8/12/19 10:09,75.16,62.4,1373.7,72.997
8/12/19 10:09,75.204,62.4,1373.7,72.997
8/12/19 10:09,75.16,62.4,1376.2,72.997
8/12/19 10:09,75.204,62.4,1376.2,72.997
8/12/19 10:09,75.204,62.4,1376.2,72.997
8/12/19 10:09,75.204,62.5,1376.2,72.997
8/12/19 10:09,75.204,62.5,1376.2,72.997
8/12/19 10:09,75.204,62.5,1373.7,72.997
8/12/19 10:09,75.204,62.6,1376.2,72.997
8/12/19 10:09,75.204,62.6,1376.2,72.955
8/12/19 10:10,75.204,62.7,1376.2,72.955
8/12/19 10:10,75.204,62.8,1376.2,72.997
8/12/19 10:10,75.204,62.8,1378.7,72.955
8/12/19 10:10,75.204,63,1378.7,72.955
8/12/19 10:10,75.204,63,1378.7,72.955
8/12/19 10:10,75.204,63.1,1378.7,72.955
8/12/19 10:10,75.204,63.2,1378.7,72.955
8/12/19 10:10,75.247,63.2,1378.7,72.955
8/12/19 10:10,75.247,63.2,1376.2,72.955
8/12/19 10:10,75.247,63.2,1378.7,72.955
8/12/19 10:10,75.247,63.3,1376.2,72.955
8/12/19 10:10,75.247,63.4,1378.7,72.955
8/12/19 10:10,75.247,63.4,1378.7,72.955
8/12/19 10:10,75.247,63.6,1378.7,72.955
8/12/19 10:10,75.247,63.7,1378.7,72.955
8/12/19 10:10,75.247,63.7,1378.7,72.955
8/12/19 10:10,75.29,63.7,1381.2,72.955
8/12/19 10:10,75.29,63.8,1381.2,72.955
8/12/19 10:10,75.29,63.8,1381.2,72.955
8/12/19 10:10,75.29,63.8,1381.2,72.955
8/12/19 10:10,75.29,63.9,1381.2,72.955
8/12/19 10:10,75.29,63.9,1378.7,72.955
8/12/19 10:10,75.29,63.9,1381.2,72.955
8/12/19 10:10,75.333,63.9,1381.2,72.955
8/12/19 10:10,75.333,64,1381.2,72.955
8/12/19 10:10,75.333,64,1381.2,72.912
8/12/19 10:10,75.333,64.1,1381.2,72.912
8/12/19 10:10,75.333,64.1,1383.7,72.912
8/12/19 10:10,75.333,64.1,1378.7,72.912
8/12/19 10:10,75.333,64.1,1381.2,72.912
8/12/19 10:10,75.333,64.2,1381.2,72.912
8/12/19 10:10,75.333,64.2,1383.7,72.912
8/12/19 10:10,75.333,64.1,1383.7,72.912
8/12/19 10:10,75.376,64.1,1383.7,72.912
8/12/19 10:10,75.333,64,1381.2,72.912
8/12/19 10:10,75.376,63.9,1381.2,72.912
8/12/19 10:10,75.376,63.8,1386.2,72.912
8/12/19 10:10,75.376,63.7,1378.7,72.912
8/12/19 10:10,75.376,63.7,1381.2,72.912
8/12/19 10:10,75.376,63.7,1381.2,72.912
8/12/19 10:10,75.376,63.7,1383.7,72.912
8/12/19 10:10,75.376,63.6,1386.2,72.912
8/12/19 10:10,75.376,63.7,1383.7,72.912
8/12/19 10:10,75.376,63.6,1381.2,72.912
8/12/19 10:10,75.376,63.6,1383.7,72.912
8/12/19 10:10,75.376,63.5,1383.7,72.912
8/12/19 10:10,75.376,63.5,1383.7,72.912
8/12/19 10:10,75.376,63.5,1381.2,72.912
8/12/19 10:10,75.376,63.4,1383.7,72.912
8/12/19 10:10,75.376,63.4,1383.7,72.912
8/12/19 10:10,75.376,63.3,1388.7,72.912
8/12/19 10:10,75.376,63.3,1383.7,72.912
8/12/19 10:10,75.376,63.2,1383.7,72.912
8/12/19 10:10,75.376,63.2,1383.7,72.912
8/12/19 10:10,75.376,63.1,1388.7,72.869
8/12/19 10:10,75.376,63,1383.7,72.869
8/12/19 10:10,75.376,63,1381.2,72.869
8/12/19 10:10,75.333,63,1383.7,72.869
8/12/19 10:10,75.333,63,1383.7,72.869
8/12/19 10:10,75.333,63,1386.2,72.869
8/12/19 10:11,75.333,63,1383.7,72.869
8/12/19 10:11,75.333,63,1386.2,72.869
8/12/19 10:11,75.333,63,1383.7,72.869
8/12/19 10:11,75.333,63.1,1383.7,72.869
8/12/19 10:11,75.333,63.1,1388.7,72.869
8/12/19 10:11,75.333,63.2,1383.7,72.869
8/12/19 10:11,75.333,63.2,1381.2,72.869
8/12/19 10:11,75.333,63.1,1383.7,72.869
8/12/19 10:11,75.333,63.2,1383.7,72.869
8/12/19 10:11,75.333,63.2,1381.2,72.869
8/12/19 10:11,75.333,63.3,1383.7,72.869
8/12/19 10:11,75.333,63.3,1383.7,72.869
8/12/19 10:11,75.376,63.3,1383.7,72.869
8/12/19 10:11,75.376,63.4,1383.7,72.869
8/12/19 10:11,75.376,63.4,1381.2,72.869
8/12/19 10:11,75.376,63.4,1383.7,72.869
8/12/19 10:11,75.376,63.4,1383.7,72.869
8/12/19 10:11,75.376,63.4,1381.2,72.869
8/12/19 10:11,75.376,63.5,1383.7,72.869
8/12/19 10:11,75.376,63.5,1381.2,72.869
8/12/19 10:11,75.376,63.5,1383.7,72.869
8/12/19 10:11,75.376,63.6,1383.7,72.869
8/12/19 10:11,75.376,63.7,1383.7,72.869
8/12/19 10:11,75.376,63.7,1383.7,72.869
8/12/19 10:11,75.376,63.6,1383.7,72.869
8/12/19 10:11,75.376,63.7,1386.2,72.869
8/12/19 10:11,75.42,63.6,1381.2,72.869
8/12/19 10:11,75.42,63.6,1383.7,72.869
8/12/19 10:11,75.42,63.6,1383.7,72.869
8/12/19 10:11,75.42,63.6,1381.2,72.869
8/12/19 10:11,75.42,63.5,1383.7,72.869
8/12/19 10:11,75.42,63.5,1383.7,72.869
8/12/19 10:11,75.42,63.4,1383.7,72.869
8/12/19 10:11,75.42,63.4,1383.7,72.869
8/12/19 10:11,75.42,63.3,1383.7,72.869
8/12/19 10:11,75.42,63.2,1386.2,72.869
8/12/19 10:11,75.42,63.1,1383.7,72.869
8/12/19 10:11,75.42,63,1383.7,72.826
8/12/19 10:11,75.42,62.9,1383.7,72.826
8/12/19 10:11,75.42,62.8,1383.7,72.826
8/12/19 10:11,75.42,62.8,1383.7,72.869
8/12/19 10:11,75.42,62.7,1383.7,72.869
8/12/19 10:11,75.42,62.6,1383.7,72.826
8/12/19 10:11,75.42,62.6,1383.7,72.869
8/12/19 10:11,75.42,62.5,1383.7,72.869
8/12/19 10:11,75.376,62.5,1383.7,72.826
8/12/19 10:11,75.376,62.4,1383.7,72.826
8/12/19 10:11,75.376,62.4,1383.7,72.826
8/12/19 10:11,75.376,62.4,1383.7,72.826
8/12/19 10:11,75.376,62.4,1383.7,72.826
8/12/19 10:11,75.376,62.4,1386.2,72.826
8/12/19 10:11,75.376,62.4,1383.7,72.826
8/12/19 10:11,75.333,62.3,1383.7,72.826
8/12/19 10:11,75.333,62.2,1386.2,72.826
8/12/19 10:11,75.333,62.2,1388.7,72.826
8/12/19 10:11,75.333,62.1,1388.7,72.826
8/12/19 10:11,75.333,62.1,1388.7,72.826
8/12/19 10:11,75.29,62.1,1388.7,72.826
8/12/19 10:11,75.29,62,1388.7,72.826
8/12/19 10:11,75.29,61.9,1388.7,72.826
8/12/19 10:12,75.29,61.8,1388.7,72.826
8/12/19 10:12,75.247,61.8,1388.7,72.826
8/12/19 10:12,75.247,61.7,1391.2,72.826
8/12/19 10:12,75.247,61.7,1391.2,72.826
8/12/19 10:12,75.247,61.7,1391.2,72.826
8/12/19 10:12,75.204,61.6,1391.2,72.826
8/12/19 10:12,75.204,61.6,1393.7,72.826
8/12/19 10:12,75.204,61.7,1393.7,72.826
8/12/19 10:12,75.16,61.7,1396.2,72.826
8/12/19 10:12,75.16,61.7,1398.7,72.826
8/12/19 10:12,75.16,61.6,1401.2,72.826
8/12/19 10:12,75.117,61.7,1401.2,72.826
8/12/19 10:12,75.117,61.7,1391.2,72.826
8/12/19 10:12,75.117,61.7,1366.2,72.826
8/12/19 10:12,75.117,61.6,1346.2,72.826
8/12/19 10:12,75.074,61.7,1341.2,72.826
8/12/19 10:12,75.074,61.8,1338.7,72.826
8/12/19 10:12,75.074,61.8,1346.2,72.826
8/12/19 10:12,75.074,61.9,1351.2,72.826
8/12/19 10:12,75.029,62,1348.7,72.826
8/12/19 10:12,75.029,62,1341.2,72.826
8/12/19 10:12,75.029,62.1,1341.2,72.826
8/12/19 10:12,75.029,62.1,1353.7,72.826
8/12/19 10:12,75.029,62.2,1356.2,72.826
8/12/19 10:12,75.029,62.2,1341.2,72.826
8/12/19 10:12,75.029,62.1,1318.7,72.826
8/12/19 10:12,74.986,62.2,1303.7,72.826
8/12/19 10:12,74.986,62.2,1301.2,72.826
8/12/19 10:12,74.986,62.2,1298.7,72.826
8/12/19 10:12,74.986,62.2,1298.7,72.826
8/12/19 10:12,74.986,62.3,1296.2,72.826
8/12/19 10:12,74.986,62.2,1313.7,72.783
8/12/19 10:12,74.986,62.3,1343.7,72.826
8/12/19 10:12,74.986,62.4,1363.7,72.826
8/12/19 10:12,74.986,62.4,1356.2,72.826
8/12/19 10:12,74.986,62.5,1333.7,72.783
8/12/19 10:12,74.986,62.6,1326.2,72.826
8/12/19 10:12,74.943,62.6,1328.7,72.783
8/12/19 10:12,74.943,62.7,1333.7,72.783
8/12/19 10:12,74.943,62.8,1356.2,72.783
8/12/19 10:12,74.943,62.9,1381.2,72.826
8/12/19 10:12,74.943,63,1383.7,72.783
8/12/19 10:12,74.943,63.1,1361.2,72.826
8/12/19 10:12,74.986,63.2,1348.7,72.783
8/12/19 10:12,74.986,63.1,1348.7,72.783
8/12/19 10:12,74.986,63.2,1346.2,72.783
8/12/19 10:12,74.986,63.2,1341.2,72.783
8/12/19 10:12,74.986,63.2,1336.2,72.783
8/12/19 10:12,74.986,63.1,1343.7,72.783
8/12/19 10:12,74.986,63.1,1358.7,72.783
8/12/19 10:12,74.986,63.1,1378.7,72.783
8/12/19 10:12,74.986,63.1,1388.7,72.783
8/12/19 10:12,74.986,63,1386.2,72.783
8/12/19 10:12,74.986,63.1,1373.7,72.783
8/12/19 10:12,74.986,63.1,1361.2,72.783
8/12/19 10:12,74.986,63,1363.7,72.783
8/12/19 10:12,74.986,63,1373.7,72.783
8/12/19 10:12,74.986,62.9,1381.2,72.783
8/12/19 10:12,74.986,62.9,1386.2,72.783
8/12/19 10:12,74.986,62.9,1383.7,72.783
8/12/19 10:13,74.986,62.9,1383.7,72.783
8/12/19 10:13,74.986,62.8,1383.7,72.783
8/12/19 10:13,74.986,62.8,1383.7,72.783
8/12/19 10:13,74.986,62.8,1383.7,72.783
8/12/19 10:13,74.986,62.8,1383.7,72.783
8/12/19 10:13,74.986,62.8,1383.7,72.783
8/12/19 10:13,74.943,62.8,1381.2,72.783
8/12/19 10:13,74.943,62.9,1386.2,72.783
8/12/19 10:13,74.943,62.9,1388.7,72.783
8/12/19 10:13,74.943,63,1388.7,72.783
8/12/19 10:13,74.943,63,1391.2,72.783
8/12/19 10:13,74.943,63,1391.2,72.783
8/12/19 10:13,74.943,63.1,1393.7,72.783
8/12/19 10:13,74.943,63.1,1396.2,72.783
8/12/19 10:13,74.943,63.1,1396.2,72.783
8/12/19 10:13,74.943,63.1,1398.7,72.783
8/12/19 10:13,74.943,63.1,1398.7,72.783
8/12/19 10:13,74.943,63,1398.7,72.783
8/12/19 10:13,74.943,63,1396.2,72.783
8/12/19 10:13,74.943,62.9,1396.2,72.783
8/12/19 10:13,74.943,62.9,1398.7,72.783
8/12/19 10:13,74.943,62.8,1398.7,72.783
8/12/19 10:13,74.943,62.8,1398.7,72.783
8/12/19 10:13,74.943,62.8,1398.7,72.783
8/12/19 10:13,74.943,62.7,1398.7,72.783
8/12/19 10:13,74.943,62.7,1396.2,72.783
8/12/19 10:13,74.943,62.7,1396.2,72.783
8/12/19 10:13,74.943,62.7,1398.7,72.783
8/12/19 10:13,74.943,62.6,1398.7,72.783
8/12/19 10:13,74.899,62.6,1396.2,72.783
8/12/19 10:13,74.899,62.5,1398.7,72.783
8/12/19 10:13,74.899,62.6,1396.2,72.783
8/12/19 10:13,74.899,62.6,1396.2,72.783
8/12/19 10:13,74.899,62.6,1398.7,72.783
8/12/19 10:13,74.899,62.4,1396.2,72.783
8/12/19 10:13,74.899,62.4,1396.2,72.783
8/12/19 10:13,74.899,62.4,1396.2,72.783
8/12/19 10:13,74.899,62.4,1396.2,72.783
8/12/19 10:13,74.899,62.4,1396.2,72.783
8/12/19 10:13,74.856,62.3,1393.7,72.783
8/12/19 10:13,74.856,62.4,1396.2,72.783
8/12/19 10:13,74.856,62.4,1396.2,72.783
8/12/19 10:13,74.856,62.4,1396.2,72.783
8/12/19 10:13,74.856,62.4,1396.2,72.783
8/12/19 10:13,74.856,62.5,1398.7,72.783
8/12/19 10:13,74.856,62.4,1396.2,72.783
8/12/19 10:13,74.856,62.4,1396.2,72.783
8/12/19 10:13,74.856,62.5,1396.2,72.783
8/12/19 10:13,74.813,62.5,1396.2,72.783
8/12/19 10:13,74.813,62.5,1396.2,72.783
8/12/19 10:13,74.813,62.5,1396.2,72.783
8/12/19 10:13,74.813,62.4,1398.7,72.783
8/12/19 10:13,74.813,62.4,1396.2,72.783
8/12/19 10:13,74.813,62.4,1398.7,72.783
8/12/19 10:13,74.813,62.4,1396.2,72.783
8/12/19 10:13,74.813,62.4,1396.2,72.783
8/12/19 10:13,74.813,62.4,1398.7,72.783
8/12/19 10:13,74.813,62.4,1398.7,72.783
8/12/19 10:13,74.813,62.4,1398.7,72.783
8/12/19 10:13,74.813,62.4,1396.2,72.783
8/12/19 10:14,74.813,62.4,1396.2,72.783
8/12/19 10:14,74.813,62.4,1398.7,72.783
8/12/19 10:14,74.77,62.4,1398.7,72.783
8/12/19 10:14,74.813,62.5,1396.2,72.783
8/12/19 10:14,74.813,62.5,1398.7,72.783
8/12/19 10:14,74.77,62.5,1398.7,72.783
8/12/19 10:14,74.813,62.6,1398.7,72.783
8/12/19 10:14,74.813,62.6,1398.7,72.783
8/12/19 10:14,74.813,62.6,1396.2,72.783
8/12/19 10:14,74.813,62.6,1398.7,72.783
8/12/19 10:14,74.813,62.7,1398.7,72.783
8/12/19 10:14,74.813,62.7,1398.7,72.783
8/12/19 10:14,74.813,62.7,1398.7,72.783
8/12/19 10:14,74.813,62.8,1401.2,72.783
8/12/19 10:14,74.813,62.8,1398.7,72.783
8/12/19 10:14,74.856,62.8,1401.2,72.783
8/12/19 10:14,74.813,62.8,1401.2,72.783
8/12/19 10:14,74.856,62.8,1398.7,72.783
8/12/19 10:14,74.856,62.8,1398.7,72.783
8/12/19 10:14,74.856,62.7,1401.2,72.783
8/12/19 10:14,74.856,62.7,1398.7,72.783
8/12/19 10:14,74.856,62.7,1398.7,72.783
8/12/19 10:14,74.856,62.6,1398.7,72.783
8/12/19 10:14,74.856,62.6,1398.7,72.783
8/12/19 10:14,74.856,62.6,1398.7,72.783
8/12/19 10:14,74.856,62.6,1398.7,72.783
8/12/19 10:14,74.856,62.6,1398.7,72.783
8/12/19 10:14,74.856,62.6,1401.2,72.783
8/12/19 10:14,74.856,62.6,1398.7,72.783
8/12/19 10:14,74.856,62.6,1401.2,72.783
8/12/19 10:14,74.856,62.6,1398.7,72.783
8/12/19 10:14,74.856,62.6,1401.2,72.783
8/12/19 10:14,74.856,62.6,1403.7,72.783
8/12/19 10:14,74.856,62.7,1398.7,72.783
8/12/19 10:14,74.856,62.7,1398.7,72.783
8/12/19 10:14,74.856,62.7,1401.2,72.783
8/12/19 10:14,74.856,62.8,1398.7,72.783
8/12/19 10:14,74.856,62.8,1398.7,72.783
8/12/19 10:14,74.856,62.9,1398.7,72.783
8/12/19 10:14,74.899,62.8,1398.7,72.783
8/12/19 10:14,74.899,62.8,1398.7,72.783
8/12/19 10:14,74.899,62.7,1398.7,72.783
8/12/19 10:14,74.899,62.7,1398.7,72.783
8/12/19 10:14,74.899,62.7,1398.7,72.783
8/12/19 10:14,74.899,62.7,1398.7,72.783
8/12/19 10:14,74.899,62.7,1398.7,72.783
8/12/19 10:14,74.899,62.7,1398.7,72.783
8/12/19 10:14,74.899,62.7,1398.7,72.783
8/12/19 10:14,74.899,62.7,1398.7,72.783
8/12/19 10:14,74.899,62.7,1398.7,72.783
8/12/19 10:14,74.899,62.7,1398.7,72.783
8/12/19 10:14,74.899,62.7,1398.7,72.783
8/12/19 10:14,74.899,62.7,1396.2,72.783
8/12/19 10:14,74.899,62.8,1396.2,72.783
8/12/19 10:14,74.899,62.8,1396.2,72.783
8/12/19 10:14,74.899,62.9,1398.7,72.783
8/12/19 10:14,74.899,63,1396.2,72.783
8/12/19 10:14,74.899,63,1396.2,72.783
8/12/19 10:14,74.899,63,1396.2,72.783
8/12/19 10:14,74.899,63,1398.7,72.783
8/12/19 10:15,74.899,63.1,1398.7,72.783
8/12/19 10:15,74.899,63.1,1401.2,72.783
8/12/19 10:15,74.899,63,1398.7,72.783
8/12/19 10:15,74.943,63,1398.7,72.783
8/12/19 10:15,74.943,63,1398.7,72.783
8/12/19 10:15,74.943,63.1,1403.7,72.783
8/12/19 10:15,74.943,63.1,1398.7,72.783
8/12/19 10:15,74.943,63,1398.7,72.783
8/12/19 10:15,74.943,63,1401.2,72.783
8/12/19 10:15,74.943,62.9,1398.7,72.783
8/12/19 10:15,74.943,62.8,1401.2,72.783
8/12/19 10:15,74.943,62.7,1398.7,72.783
8/12/19 10:15,74.943,62.7,1398.7,72.783
8/12/19 10:15,74.943,62.8,1398.7,72.783
8/12/19 10:15,74.943,62.7,1396.2,72.783
8/12/19 10:15,74.943,62.6,1398.7,72.783
8/12/19 10:15,74.943,62.8,1401.2,72.783
8/12/19 10:15,74.943,62.8,1398.7,72.783
8/12/19 10:15,74.943,62.9,1398.7,72.783
8/12/19 10:15,74.943,62.8,1401.2,72.783
8/12/19 10:15,74.943,63,1398.7,72.783
8/12/19 10:15,74.943,63,1398.7,72.783
8/12/19 10:15,74.943,63.1,1401.2,72.783
8/12/19 10:15,74.943,63.1,1396.2,72.783
8/12/19 10:15,74.943,63.2,1401.2,72.783
8/12/19 10:15,74.943,63.1,1401.2,72.783
8/12/19 10:15,74.943,63.2,1401.2,72.783
8/12/19 10:15,74.943,63.3,1398.7,72.783
8/12/19 10:15,74.943,63.3,1401.2,72.783
8/12/19 10:15,74.986,63.3,1401.2,72.783
8/12/19 10:15,74.986,63.4,1401.2,72.783
8/12/19 10:15,74.943,63.4,1398.7,72.783
8/12/19 10:15,74.986,63.4,1401.2,72.783
8/12/19 10:15,74.986,63.5,1398.7,72.783
8/12/19 10:15,74.986,63.4,1398.7,72.783
8/12/19 10:15,74.986,63.5,1401.2,72.783
8/12/19 10:15,74.986,63.6,1401.2,72.783
8/12/19 10:15,75.029,63.6,1401.2,72.783
8/12/19 10:15,75.029,63.6,1401.2,72.783
8/12/19 10:15,75.029,63.6,1401.2,72.783
8/12/19 10:15,75.029,63.6,1401.2,72.783
8/12/19 10:15,75.029,63.6,1401.2,72.783
8/12/19 10:15,75.029,63.6,1401.2,72.783
8/12/19 10:15,75.029,63.6,1401.2,72.783
8/12/19 10:15,75.074,63.6,1398.7,72.783
8/12/19 10:15,75.074,63.5,1401.2,72.783
8/12/19 10:15,75.074,63.5,1401.2,72.783
8/12/19 10:15,75.074,63.4,1401.2,72.783
8/12/19 10:15,75.074,63.2,1403.7,72.783
8/12/19 10:15,75.074,63.2,1401.2,72.783
8/12/19 10:15,75.074,63.1,1403.7,72.783
8/12/19 10:15,75.117,62.9,1403.7,72.783
8/12/19 10:15,75.117,62.8,1401.2,72.783
8/12/19 10:15,75.117,62.7,1403.7,72.783
8/12/19 10:15,75.117,62.7,1403.7,72.783
8/12/19 10:15,75.117,62.6,1403.7,72.783
8/12/19 10:15,75.117,62.6,1403.7,72.783
8/12/19 10:15,75.117,62.5,1403.7,72.783
8/12/19 10:15,75.117,62.5,1403.7,72.783
8/12/19 10:15,75.117,62.5,1406.2,72.783
8/12/19 10:16,75.117,62.5,1406.2,72.783
8/12/19 10:16,75.117,62.4,1403.7,72.783
8/12/19 10:16,75.117,62.4,1403.7,72.783
8/12/19 10:16,75.117,62.4,1408.7,72.783
8/12/19 10:16,75.117,62.4,1406.2,72.783
8/12/19 10:16,75.117,62.4,1406.2,72.783
8/12/19 10:16,75.117,62.4,1406.2,72.783
8/12/19 10:16,75.117,62.4,1406.2,72.783
8/12/19 10:16,75.117,62.4,1406.2,72.783
8/12/19 10:16,75.117,62.4,1408.7,72.783
8/12/19 10:16,75.117,62.4,1408.7,72.783
8/12/19 10:16,75.16,62.4,1406.2,72.783
8/12/19 10:16,75.16,62.4,1406.2,72.783
8/12/19 10:16,75.16,62.4,1408.7,72.783
8/12/19 10:16,75.16,62.4,1408.7,72.783
8/12/19 10:16,75.16,62.4,1408.7,72.783
8/12/19 10:16,75.16,62.4,1408.7,72.783
8/12/19 10:16,75.204,62.5,1406.2,72.783
8/12/19 10:16,75.204,62.5,1408.7,72.783
8/12/19 10:16,75.204,62.5,1408.7,72.783
8/12/19 10:16,75.204,62.5,1406.2,72.783
8/12/19 10:16,75.204,62.5,1406.2,72.783
8/12/19 10:16,75.247,62.5,1406.2,72.783
8/12/19 10:16,75.247,62.5,1408.7,72.783
8/12/19 10:16,75.247,62.6,1406.2,72.783
8/12/19 10:16,75.247,62.6,1408.7,72.783
8/12/19 10:16,75.247,62.6,1408.7,72.783
8/12/19 10:16,75.29,62.6,1408.7,72.783
8/12/19 10:16,75.29,62.6,1408.7,72.783
8/12/19 10:16,75.29,62.6,1411.2,72.783
8/12/19 10:16,75.29,62.6,1408.7,72.783
8/12/19 10:16,75.29,62.6,1408.7,72.783
8/12/19 10:16,75.333,62.6,1408.7,72.783
8/12/19 10:16,75.333,62.6,1411.2,72.826
8/12/19 10:16,75.333,62.7,1413.7,72.826
8/12/19 10:16,75.333,62.7,1408.7,72.826
8/12/19 10:16,75.333,62.7,1408.7,72.783
8/12/19 10:16,75.333,62.7,1408.7,72.826
8/12/19 10:16,75.376,62.7,1408.7,72.826
8/12/19 10:16,75.376,62.8,1408.7,72.783
8/12/19 10:16,75.376,62.8,1408.7,72.826
8/12/19 10:16,75.376,62.9,1411.2,72.826
8/12/19 10:16,75.42,62.9,1411.2,72.826
8/12/19 10:16,75.42,62.9,1411.2,72.826
8/12/19 10:16,75.42,62.8,1408.7,72.826
8/12/19 10:16,75.42,62.8,1411.2,72.826
8/12/19 10:16,75.42,62.7,1408.7,72.826
8/12/19 10:16,75.42,62.7,1413.7,72.826
8/12/19 10:16,75.463,62.6,1411.2,72.826
8/12/19 10:16,75.463,62.5,1411.2,72.826
8/12/19 10:16,75.463,62.5,1411.2,72.826
8/12/19 10:16,75.463,62.4,1411.2,72.826
8/12/19 10:16,75.463,62.3,1413.7,72.826
8/12/19 10:16,75.463,62.3,1413.7,72.826
8/12/19 10:16,75.463,62.2,1411.2,72.826
8/12/19 10:16,75.508,62.2,1411.2,72.826
8/12/19 10:16,75.463,62.2,1411.2,72.826
8/12/19 10:16,75.508,62.2,1411.2,72.826
8/12/19 10:16,75.508,62.2,1411.2,72.826
8/12/19 10:16,75.463,62.3,1413.7,72.826
8/12/19 10:17,75.463,62.3,1413.7,72.826
8/12/19 10:17,75.508,62.4,1413.7,72.826
8/12/19 10:17,75.508,62.5,1408.7,72.826
8/12/19 10:17,75.508,62.5,1413.7,72.826
8/12/19 10:17,75.508,62.6,1413.7,72.826
8/12/19 10:17,75.508,62.6,1411.2,72.826
8/12/19 10:17,75.508,62.6,1413.7,72.826
8/12/19 10:17,75.508,62.6,1411.2,72.826
8/12/19 10:17,75.508,62.7,1408.7,72.826
8/12/19 10:17,75.508,62.7,1413.7,72.826
8/12/19 10:17,75.508,62.7,1411.2,72.826
8/12/19 10:17,75.508,62.7,1411.2,72.826
8/12/19 10:17,75.508,62.7,1411.2,72.826
8/12/19 10:17,75.508,62.7,1411.2,72.826
8/12/19 10:17,75.508,62.7,1411.2,72.826
8/12/19 10:17,75.508,62.8,1411.2,72.826
8/12/19 10:17,75.508,62.7,1408.7,72.826
8/12/19 10:17,75.508,62.7,1411.2,72.826
8/12/19 10:17,75.508,62.8,1406.2,72.826
8/12/19 10:17,75.551,62.8,1411.2,72.826
8/12/19 10:17,75.551,62.8,1411.2,72.826
8/12/19 10:17,75.551,62.8,1411.2,72.826
8/12/19 10:17,75.551,62.8,1411.2,72.826
8/12/19 10:17,75.551,62.8,1408.7,72.826
8/12/19 10:17,75.551,62.8,1411.2,72.826
8/12/19 10:17,75.551,62.9,1413.7,72.826
8/12/19 10:17,75.551,62.9,1411.2,72.826
8/12/19 10:17,75.594,62.9,1408.7,72.826
8/12/19 10:17,75.594,63,1408.7,72.826
8/12/19 10:17,75.594,63,1408.7,72.826
8/12/19 10:17,75.594,63.1,1411.2,72.826
8/12/19 10:17,75.594,63.2,1408.7,72.826
8/12/19 10:17,75.637,63.1,1408.7,72.826
8/12/19 10:17,75.637,63.3,1411.2,72.826
8/12/19 10:17,75.637,63.4,1408.7,72.826
8/12/19 10:17,75.637,63.5,1408.7,72.826
8/12/19 10:17,75.681,63.5,1408.7,72.826
8/12/19 10:17,75.681,63.6,1411.2,72.869
8/12/19 10:17,75.681,63.7,1408.7,72.826
8/12/19 10:17,75.681,63.6,1408.7,72.869
8/12/19 10:17,75.724,63.6,1408.7,72.826
8/12/19 10:17,75.724,63.6,1408.7,72.826
8/12/19 10:17,75.724,63.5,1408.7,72.869
8/12/19 10:17,75.724,63.5,1408.7,72.826
8/12/19 10:17,75.767,63.5,1406.2,72.826
8/12/19 10:17,75.767,63.4,1406.2,72.869
8/12/19 10:17,75.767,63.4,1411.2,72.826
8/12/19 10:17,75.767,63.3,1406.2,72.869
8/12/19 10:17,75.767,63.3,1406.2,72.826
8/12/19 10:17,75.81,63.2,1408.7,72.826
8/12/19 10:17,75.81,63.2,1406.2,72.826
8/12/19 10:17,75.81,63.1,1408.7,72.869
8/12/19 10:17,75.81,63.1,1411.2,72.869
8/12/19 10:17,75.81,63,1406.2,72.869
8/12/19 10:17,75.81,63,1408.7,72.869
8/12/19 10:17,75.81,63,1403.7,72.869
8/12/19 10:17,75.81,62.9,1408.7,72.869
8/12/19 10:17,75.853,62.9,1408.7,72.869
8/12/19 10:17,75.853,62.8,1411.2,72.826
8/12/19 10:17,75.853,62.8,1413.7,72.869
8/12/19 10:18,75.853,62.8,1411.2,72.869
8/12/19 10:18,75.853,62.8,1411.2,72.869
8/12/19 10:18,75.853,62.8,1411.2,72.869
8/12/19 10:18,75.853,62.8,1411.2,72.869
8/12/19 10:18,75.898,62.7,1411.2,72.869
8/12/19 10:18,75.898,62.7,1411.2,72.869
8/12/19 10:18,75.898,62.7,1411.2,72.869
8/12/19 10:18,75.898,62.7,1411.2,72.869
8/12/19 10:18,75.898,62.7,1413.7,72.869
8/12/19 10:18,75.898,62.7,1411.2,72.869
8/12/19 10:18,75.898,62.7,1411.2,72.869
8/12/19 10:18,75.942,62.7,1413.7,72.869
8/12/19 10:18,75.942,62.7,1416.2,72.869
8/12/19 10:18,75.942,62.7,1411.2,72.869
8/12/19 10:18,75.942,62.7,1411.2,72.869
8/12/19 10:18,75.942,62.7,1411.2,72.869
8/12/19 10:18,75.942,62.7,1413.7,72.869
8/12/19 10:18,75.985,62.7,1413.7,72.869
8/12/19 10:18,75.985,62.7,1411.2,72.869
8/12/19 10:18,75.985,62.7,1413.7,72.869
8/12/19 10:18,75.985,62.8,1413.7,72.869
8/12/19 10:18,76.028,62.8,1413.7,72.869
8/12/19 10:18,76.028,62.8,1413.7,72.869
8/12/19 10:18,76.028,62.8,1413.7,72.869
8/12/19 10:18,76.028,62.8,1413.7,72.869
8/12/19 10:18,76.071,62.8,1411.2,72.869
8/12/19 10:18,76.071,62.8,1411.2,72.869
8/12/19 10:18,76.071,62.8,1411.2,72.869
8/12/19 10:18,76.071,62.8,1413.7,72.869
8/12/19 10:18,76.071,62.8,1413.7,72.869
8/12/19 10:18,76.114,62.8,1416.2,72.869
8/12/19 10:18,76.114,62.8,1411.2,72.869
8/12/19 10:18,76.114,62.8,1416.2,72.869
8/12/19 10:18,76.114,62.8,1413.7,72.869
8/12/19 10:18,76.114,62.8,1416.2,72.869
8/12/19 10:18,76.114,62.8,1416.2,72.869
8/12/19 10:18,76.158,62.7,1416.2,72.869
8/12/19 10:18,76.158,62.5,1416.2,72.869
8/12/19 10:18,76.158,62.3,1416.2,72.869
8/12/19 10:18,76.158,62.3,1416.2,72.869
8/12/19 10:18,76.158,62.2,1413.7,72.869
8/12/19 10:18,76.158,62,1416.2,72.869
8/12/19 10:18,76.158,61.9,1416.2,72.869
8/12/19 10:18,76.158,61.9,1418.7,72.869
8/12/19 10:18,76.158,61.8,1418.7,72.869
8/12/19 10:18,76.203,61.8,1418.7,72.869
8/12/19 10:18,76.158,61.8,1416.2,72.869
8/12/19 10:18,76.158,61.8,1416.2,72.869
8/12/19 10:18,76.158,61.8,1418.7,72.869
8/12/19 10:18,76.158,61.9,1418.7,72.869
8/12/19 10:18,76.158,61.9,1418.7,72.869
8/12/19 10:18,76.158,62,1418.7,72.869
8/12/19 10:18,76.158,62,1418.7,72.869
8/12/19 10:18,76.203,62.1,1418.7,72.869
8/12/19 10:18,76.203,62.1,1418.7,72.869
8/12/19 10:18,76.203,62.2,1418.7,72.869
8/12/19 10:18,76.203,62.2,1418.7,72.869
8/12/19 10:18,76.203,62.2,1418.7,72.869
8/12/19 10:18,76.203,62.2,1421.2,72.869
8/12/19 10:18,76.203,62.2,1418.7,72.869
8/12/19 10:19,76.203,62.1,1418.7,72.869
8/12/19 10:19,76.203,62.1,1421.2,72.869
8/12/19 10:19,76.203,62,1421.2,72.869
8/12/19 10:19,76.203,62,1418.7,72.869
8/12/19 10:19,76.203,61.9,1421.2,72.869
8/12/19 10:19,76.203,61.8,1421.2,72.869
8/12/19 10:19,76.203,61.8,1418.7,72.869
8/12/19 10:19,76.203,61.7,1421.2,72.869
8/12/19 10:19,76.203,61.6,1418.7,72.869
8/12/19 10:19,76.203,61.6,1418.7,72.869
8/12/19 10:19,76.203,61.5,1421.2,72.869
8/12/19 10:19,76.203,61.4,1421.2,72.869
8/12/19 10:19,76.203,61.4,1418.7,72.869
8/12/19 10:19,76.246,61.3,1418.7,72.869
8/12/19 10:19,76.203,61.3,1421.2,72.869
8/12/19 10:19,76.246,61.2,1421.2,72.869
8/12/19 10:19,76.246,61.3,1418.7,72.869
8/12/19 10:19,76.203,61.2,1418.7,72.869
8/12/19 10:19,76.203,61.2,1421.2,72.869
8/12/19 10:19,76.246,61.1,1421.2,72.869
8/12/19 10:19,76.246,61.1,1418.7,72.869
8/12/19 10:19,76.246,61.1,1418.7,72.869
8/12/19 10:19,76.246,61,1421.2,72.869
8/12/19 10:19,76.246,61,1421.2,72.869
8/12/19 10:19,76.246,61,1421.2,72.869
8/12/19 10:19,76.246,61,1421.2,72.869
8/12/19 10:19,76.246,61,1418.7,72.869
8/12/19 10:19,76.246,61,1418.7,72.869
8/12/19 10:19,76.246,61,1421.2,72.869
8/12/19 10:19,76.246,61.1,1421.2,72.869
8/12/19 10:19,76.246,61.2,1421.2,72.869
8/12/19 10:19,76.246,61.3,1421.2,72.869
8/12/19 10:19,76.246,61.3,1423.7,72.869
8/12/19 10:19,76.246,61.4,1421.2,72.869
8/12/19 10:19,76.246,61.4,1418.7,72.869
8/12/19 10:19,76.246,61.5,1418.7,72.869
8/12/19 10:19,76.289,61.5,1421.2,72.869
8/12/19 10:19,76.289,61.4,1418.7,72.869
8/12/19 10:19,76.289,61.4,1423.7,72.869
8/12/19 10:19,76.289,61.4,1421.2,72.869
8/12/19 10:19,76.289,61.3,1423.7,72.869
8/12/19 10:19,76.289,61.2,1421.2,72.869
8/12/19 10:19,76.289,61.2,1421.2,72.869
8/12/19 10:19,76.289,61.3,1421.2,72.869
8/12/19 10:19,76.289,61.3,1421.2,72.869
8/12/19 10:19,76.289,61.3,1421.2,72.869
8/12/19 10:19,76.289,61.2,1421.2,72.869
8/12/19 10:19,76.289,61.2,1423.7,72.869
8/12/19 10:19,76.289,61.2,1426.2,72.869
8/12/19 10:19,76.289,61.3,1421.2,72.869
8/12/19 10:19,76.289,61.3,1421.2,72.869
8/12/19 10:19,76.289,61.3,1421.2,72.869
8/12/19 10:19,76.289,61.3,1423.7,72.869
8/12/19 10:19,76.289,61.3,1421.2,72.869
8/12/19 10:19,76.289,61.3,1423.7,72.869
8/12/19 10:19,76.289,61.2,1421.2,72.869
8/12/19 10:19,76.289,61.1,1423.7,72.869
8/12/19 10:19,76.289,61.1,1423.7,72.869
8/12/19 10:19,76.289,61,1426.2,72.869
8/12/19 10:19,76.246,61,1426.2,72.869
8/12/19 10:20,76.246,61,1426.2,72.869
8/12/19 10:20,76.246,60.9,1426.2,72.869
8/12/19 10:20,76.246,60.8,1426.2,72.869
8/12/19 10:20,76.246,60.8,1426.2,72.869
8/12/19 10:20,76.246,60.7,1426.2,72.869
8/12/19 10:20,76.246,60.8,1426.2,72.869
8/12/19 10:20,76.246,60.7,1426.2,72.869
8/12/19 10:20,76.246,60.7,1428.7,72.869
8/12/19 10:20,76.246,60.6,1426.2,72.869
8/12/19 10:20,76.203,60.5,1428.7,72.869
8/12/19 10:20,76.203,60.5,1428.7,72.912
8/12/19 10:20,76.203,60.4,1428.7,72.869
8/12/19 10:20,76.203,60.4,1426.2,72.869
8/12/19 10:20,76.158,60.3,1428.7,72.869
8/12/19 10:20,76.158,60.3,1428.7,72.869
8/12/19 10:20,76.158,60.2,1428.7,72.869
8/12/19 10:20,76.158,60.1,1428.7,72.869
8/12/19 10:20,76.158,60,1426.2,72.869
8/12/19 10:20,76.114,59.9,1428.7,72.912
8/12/19 10:20,76.114,59.8,1428.7,72.869
8/12/19 10:20,76.114,59.8,1428.7,72.869
8/12/19 10:20,76.114,59.8,1431.2,72.869
8/12/19 10:20,76.071,59.7,1428.7,72.869
8/12/19 10:20,76.071,59.8,1428.7,72.912
8/12/19 10:20,76.071,59.8,1428.7,72.912
8/12/19 10:20,76.071,59.9,1428.7,72.912
8/12/19 10:20,76.028,60,1431.2,72.869
8/12/19 10:20,76.028,60.1,1431.2,72.912
8/12/19 10:20,76.028,60.2,1428.7,72.912
8/12/19 10:20,76.028,60.3,1431.2,72.869
8/12/19 10:20,76.028,60.4,1431.2,72.869
8/12/19 10:20,75.985,60.5,1431.2,72.869
8/12/19 10:20,75.985,60.6,1431.2,72.912
8/12/19 10:20,75.985,60.6,1431.2,72.869
8/12/19 10:20,75.985,60.6,1431.2,72.869
8/12/19 10:20,75.985,60.6,1433.7,72.869
8/12/19 10:20,75.985,60.6,1431.2,72.912
8/12/19 10:20,75.985,60.6,1433.7,72.869
8/12/19 10:20,75.985,60.6,1433.7,72.869
8/12/19 10:20,75.985,60.7,1433.7,72.869
8/12/19 10:20,75.985,60.7,1433.7,72.869
8/12/19 10:20,75.942,60.7,1433.7,72.869
8/12/19 10:20,75.942,60.7,1433.7,72.869
8/12/19 10:20,75.985,60.7,1433.7,72.912
8/12/19 10:20,75.942,60.7,1433.7,72.869
8/12/19 10:20,75.942,60.7,1433.7,72.912
8/12/19 10:20,75.942,60.6,1433.7,72.869
8/12/19 10:20,75.942,60.7,1433.7,72.912
8/12/19 10:20,75.942,60.7,1436.2,72.869
8/12/19 10:20,75.942,60.7,1433.7,72.869
8/12/19 10:20,75.942,60.7,1433.7,72.869
8/12/19 10:20,75.898,60.7,1433.7,72.869
8/12/19 10:20,75.898,60.7,1433.7,72.912
8/12/19 10:20,75.898,60.8,1436.2,72.912
8/12/19 10:20,75.898,60.7,1436.2,72.912
8/12/19 10:20,75.898,60.7,1436.2,72.869
8/12/19 10:20,75.898,60.7,1433.7,72.912
8/12/19 10:20,75.853,60.7,1433.7,72.869
8/12/19 10:20,75.853,60.7,1433.7,72.912
8/12/19 10:20,75.853,60.7,1436.2,72.912
8/12/19 10:21,75.853,60.7,1436.2,72.912
8/12/19 10:21,75.853,60.6,1433.7,72.912
8/12/19 10:21,75.853,60.7,1436.2,72.869
8/12/19 10:21,75.81,60.7,1433.7,72.912
8/12/19 10:21,75.81,60.7,1436.2,72.869
8/12/19 10:21,75.81,60.7,1433.7,72.869
8/12/19 10:21,75.81,60.8,1436.2,72.869
8/12/19 10:21,75.81,60.9,1433.7,72.869
8/12/19 10:21,75.81,60.9,1433.7,72.912
8/12/19 10:21,75.767,60.9,1433.7,72.912
8/12/19 10:21,75.767,60.9,1433.7,72.869
8/12/19 10:21,75.767,60.9,1433.7,72.869
8/12/19 10:21,75.767,60.9,1433.7,72.869
8/12/19 10:21,75.767,60.9,1433.7,72.912
8/12/19 10:21,75.767,60.8,1433.7,72.869
8/12/19 10:21,75.724,60.8,1433.7,72.869
8/12/19 10:21,75.724,60.7,1436.2,72.912
8/12/19 10:21,75.724,60.7,1433.7,72.869
8/12/19 10:21,75.724,60.6,1433.7,72.912
8/12/19 10:21,75.724,60.6,1436.2,72.869
8/12/19 10:21,75.724,60.6,1436.2,72.869
8/12/19 10:21,75.681,60.7,1436.2,72.869
8/12/19 10:21,75.681,60.7,1433.7,72.869
8/12/19 10:21,75.681,60.6,1433.7,72.912
8/12/19 10:21,75.681,60.6,1433.7,72.869
8/12/19 10:21,75.681,60.6,1433.7,72.912
8/12/19 10:21,75.681,60.6,1433.7,72.869
8/12/19 10:21,75.637,60.5,1436.2,72.869
8/12/19 10:21,75.637,60.5,1433.7,72.869
8/12/19 10:21,75.637,60.5,1436.2,72.869
8/12/19 10:21,75.637,60.6,1436.2,72.912
8/12/19 10:21,75.594,60.6,1436.2,72.912
8/12/19 10:21,75.594,60.6,1433.7,72.869
8/12/19 10:21,75.594,60.6,1436.2,72.869
8/12/19 10:21,75.594,60.7,1438.7,72.869
8/12/19 10:21,75.594,60.7,1436.2,72.912
8/12/19 10:21,75.551,60.7,1433.7,72.912
8/12/19 10:21,75.551,60.7,1436.2,72.869
8/12/19 10:21,75.551,60.8,1436.2,72.869
8/12/19 10:21,75.551,60.9,1436.2,72.869
8/12/19 10:21,75.551,60.9,1433.7,72.869
8/12/19 10:21,75.551,60.9,1436.2,72.869
8/12/19 10:21,75.508,60.9,1436.2,72.869
8/12/19 10:21,75.508,61,1438.7,72.869
8/12/19 10:21,75.508,61,1436.2,72.869
8/12/19 10:21,75.508,61,1436.2,72.869
8/12/19 10:21,75.508,61.1,1438.7,72.869
8/12/19 10:21,75.508,61.2,1436.2,72.869
8/12/19 10:21,75.508,61.2,1438.7,72.869
8/12/19 10:21,75.508,61.3,1436.2,72.869
8/12/19 10:21,75.508,61.3,1436.2,72.869
8/12/19 10:21,75.508,61.5,1436.2,72.869
8/12/19 10:21,75.508,61.5,1436.2,72.869
8/12/19 10:21,75.508,61.6,1436.2,72.869
8/12/19 10:21,75.508,61.6,1436.2,72.869
8/12/19 10:21,75.508,61.6,1436.2,72.869
8/12/19 10:21,75.508,61.7,1436.2,72.869
8/12/19 10:21,75.508,61.7,1433.7,72.869
8/12/19 10:21,75.508,61.7,1436.2,72.869
8/12/19 10:21,75.508,61.6,1436.2,72.869
8/12/19 10:22,75.508,61.6,1438.7,72.869
8/12/19 10:22,75.508,61.7,1441.2,72.869
8/12/19 10:22,75.508,61.7,1436.2,72.869
8/12/19 10:22,75.508,61.8,1436.2,72.869
8/12/19 10:22,75.551,61.9,1436.2,72.869
8/12/19 10:22,75.551,61.9,1438.7,72.869
8/12/19 10:22,75.551,61.9,1441.2,72.869
8/12/19 10:22,75.551,62,1438.7,72.869
8/12/19 10:22,75.551,62.1,1438.7,72.869
8/12/19 10:22,75.551,62.2,1438.7,72.869
8/12/19 10:22,75.551,62.3,1436.2,72.869
8/12/19 10:22,75.551,62.4,1436.2,72.869
8/12/19 10:22,75.594,62.5,1436.2,72.869
8/12/19 10:22,75.594,62.5,1436.2,72.869
8/12/19 10:22,75.594,62.5,1438.7,72.869
8/12/19 10:22,75.594,62.6,1438.7,72.869
8/12/19 10:22,75.594,62.6,1436.2,72.869
8/12/19 10:22,75.594,62.6,1438.7,72.869
8/12/19 10:22,75.637,62.7,1438.7,72.869
8/12/19 10:22,75.637,62.7,1438.7,72.869
8/12/19 10:22,75.637,62.7,1438.7,72.869
8/12/19 10:22,75.637,62.7,1438.7,72.869
8/12/19 10:22,75.637,62.7,1438.7,72.869
8/12/19 10:22,75.681,62.7,1436.2,72.869
8/12/19 10:22,75.681,62.7,1441.2,72.869
8/12/19 10:22,75.681,62.7,1438.7,72.869
8/12/19 10:22,75.681,62.7,1438.7,72.869
8/12/19 10:22,75.681,62.8,1436.2,72.869
8/12/19 10:22,75.681,62.8,1438.7,72.869
8/12/19 10:22,75.724,62.7,1436.2,72.869
8/12/19 10:22,75.724,62.7,1438.7,72.869
8/12/19 10:22,75.724,62.7,1436.2,72.869
8/12/19 10:22,75.724,62.6,1436.2,72.869
8/12/19 10:22,75.724,62.6,1436.2,72.869
8/12/19 10:22,75.724,62.5,1438.7,72.869
8/12/19 10:22,75.724,62.5,1436.2,72.869
8/12/19 10:22,75.724,62.3,1438.7,72.869
8/12/19 10:22,75.767,62.1,1438.7,72.869
8/12/19 10:22,75.767,62.1,1436.2,72.869
8/12/19 10:22,75.767,61.9,1438.7,72.869
8/12/19 10:22,75.724,61.8,1441.2,72.869
8/12/19 10:22,75.724,61.7,1441.2,72.869
8/12/19 10:22,75.767,61.7,1438.7,72.869
8/12/19 10:22,75.767,61.6,1438.7,72.869
8/12/19 10:22,75.767,61.5,1438.7,72.869
8/12/19 10:22,75.724,61.3,1438.7,72.869
8/12/19 10:22,75.724,61.2,1438.7,72.869
8/12/19 10:22,75.724,61.1,1436.2,72.869
8/12/19 10:22,75.724,61.2,1438.7,72.869
8/12/19 10:22,75.724,61.2,1441.2,72.869
8/12/19 10:22,75.724,61.2,1436.2,72.869
8/12/19 10:22,75.724,61.2,1441.2,72.869
8/12/19 10:22,75.724,61.1,1438.7,72.869
8/12/19 10:22,75.681,61.2,1441.2,72.869
8/12/19 10:22,75.681,61.2,1441.2,72.869
8/12/19 10:22,75.681,61.3,1441.2,72.869
8/12/19 10:22,75.681,61.4,1441.2,72.869
8/12/19 10:22,75.681,61.5,1441.2,72.869
8/12/19 10:22,75.681,61.5,1441.2,72.869
8/12/19 10:22,75.681,61.5,1438.7,72.869
8/12/19 10:23,75.681,61.5,1441.2,72.869
8/12/19 10:23,75.681,61.6,1441.2,72.869
8/12/19 10:23,75.637,61.6,1438.7,72.869
8/12/19 10:23,75.637,61.7,1443.7,72.869
8/12/19 10:23,75.637,61.6,1441.2,72.869
8/12/19 10:23,75.637,61.7,1438.7,72.869
8/12/19 10:23,75.637,61.8,1443.7,72.869
8/12/19 10:23,75.637,61.8,1448.7,72.869
8/12/19 10:23,75.637,61.8,1446.2,72.869
8/12/19 10:23,75.637,61.8,1446.2,72.869
8/12/19 10:23,75.637,61.8,1446.2,72.869
8/12/19 10:23,75.637,61.8,1446.2,72.869
8/12/19 10:23,75.637,61.9,1451.2,72.869
8/12/19 10:23,75.637,61.9,1451.2,72.869
8/12/19 10:23,75.637,62,1456.2,72.869
8/12/19 10:23,75.637,62,1458.7,72.869
8/12/19 10:23,75.637,62,1461.2,72.869
8/12/19 10:23,75.637,62,1461.2,72.869
8/12/19 10:23,75.637,62,1456.2,72.869
8/12/19 10:23,75.637,61.9,1416.2,72.869
8/12/19 10:23,75.637,61.9,1353.7,72.869
8/12/19 10:23,75.637,61.9,1321.2,72.869
8/12/19 10:23,75.637,61.9,1306.2,72.869
8/12/19 10:23,75.637,61.8,1288.7,72.869
8/12/19 10:23,75.637,61.8,1301.2,72.869
8/12/19 10:23,75.637,61.7,1318.7,72.869
8/12/19 10:23,75.594,61.6,1341.2,72.869
8/12/19 10:23,75.594,61.7,1356.2,72.869
8/12/19 10:23,75.594,61.7,1363.7,72.869
8/12/19 10:23,75.594,61.7,1368.7,72.869
8/12/19 10:23,75.594,61.7,1383.7,72.869
8/12/19 10:23,75.594,61.7,1398.7,72.869
8/12/19 10:23,75.594,61.6,1406.2,72.869
8/12/19 10:23,75.594,61.6,1401.2,72.869
8/12/19 10:23,75.594,61.5,1378.7,72.869
8/12/19 10:23,75.594,61.5,1388.7,72.869
8/12/19 10:23,75.551,61.5,1416.2,72.869
8/12/19 10:23,75.551,61.4,1433.7,72.912
8/12/19 10:23,75.551,61.3,1436.2,72.869
8/12/19 10:23,75.551,61.3,1428.7,72.912
8/12/19 10:23,75.551,61.2,1421.2,72.869
8/12/19 10:23,75.551,61.2,1423.7,72.869
8/12/19 10:23,75.551,61.2,1426.2,72.869
8/12/19 10:23,75.551,61.2,1433.7,72.869
8/12/19 10:23,75.551,61.2,1436.2,72.912
8/12/19 10:23,75.508,61.2,1438.7,72.869
8/12/19 10:23,75.508,61.3,1438.7,72.869
8/12/19 10:23,75.508,61.3,1433.7,72.869
8/12/19 10:23,75.508,61.4,1436.2,72.912
8/12/19 10:23,75.508,61.5,1438.7,72.869
8/12/19 10:23,75.508,61.6,1441.2,72.869
8/12/19 10:23,75.508,61.6,1441.2,72.912
8/12/19 10:23,75.508,61.7,1443.7,72.869
8/12/19 10:23,75.508,61.6,1441.2,72.912
8/12/19 10:23,75.463,61.6,1438.7,72.869
8/12/19 10:23,75.463,61.7,1438.7,72.912
8/12/19 10:23,75.463,61.7,1436.2,72.912
8/12/19 10:23,75.463,61.7,1436.2,72.912
8/12/19 10:23,75.463,61.7,1436.2,72.912
8/12/19 10:23,75.463,61.7,1436.2,72.869
8/12/19 10:24,75.463,61.7,1438.7,72.869
8/12/19 10:24,75.463,61.7,1436.2,72.912
8/12/19 10:24,75.463,61.8,1436.2,72.912
8/12/19 10:24,75.463,61.8,1438.7,72.912
8/12/19 10:24,75.463,61.9,1433.7,72.912
8/12/19 10:24,75.463,61.9,1436.2,72.912
8/12/19 10:24,75.463,62,1436.2,72.912
8/12/19 10:24,75.463,62.1,1436.2,72.912
8/12/19 10:24,75.463,62.1,1438.7,72.912
8/12/19 10:24,75.463,62.2,1438.7,72.912
8/12/19 10:24,75.463,62.2,1438.7,72.912
8/12/19 10:24,75.463,62.1,1438.7,72.912
8/12/19 10:24,75.463,62.2,1436.2,72.912
8/12/19 10:24,75.463,62.1,1438.7,72.912
8/12/19 10:24,75.463,62.1,1438.7,72.912
8/12/19 10:24,75.463,62,1436.2,72.912
8/12/19 10:24,75.463,62,1438.7,72.912
8/12/19 10:24,75.463,61.9,1436.2,72.912
8/12/19 10:24,75.463,61.9,1436.2,72.912
8/12/19 10:24,75.463,61.9,1436.2,72.912
8/12/19 10:24,75.463,61.8,1436.2,72.912
8/12/19 10:24,75.463,61.8,1438.7,72.912
8/12/19 10:24,75.463,61.7,1438.7,72.912
8/12/19 10:24,75.463,61.7,1436.2,72.912
8/12/19 10:24,75.42,61.6,1436.2,72.912
8/12/19 10:24,75.463,61.7,1436.2,72.912
8/12/19 10:24,75.42,61.7,1438.7,72.912
8/12/19 10:24,75.463,61.7,1438.7,72.912
8/12/19 10:24,75.463,61.6,1438.7,72.912
8/12/19 10:24,75.42,61.6,1438.7,72.912
8/12/19 10:24,75.42,61.5,1438.7,72.912
8/12/19 10:24,75.42,61.4,1438.7,72.912
8/12/19 10:24,75.42,61.3,1438.7,72.912
8/12/19 10:24,75.42,61.3,1438.7,72.912
8/12/19 10:24,75.42,61.2,1436.2,72.912
8/12/19 10:24,75.42,61.2,1438.7,72.912
8/12/19 10:24,75.42,61.1,1438.7,72.912
8/12/19 10:24,75.42,61.1,1438.7,72.912
8/12/19 10:24,75.42,61.1,1441.2,72.912
8/12/19 10:24,75.42,61.2,1438.7,72.912
8/12/19 10:24,75.42,61.2,1438.7,72.912
8/12/19 10:24,75.42,61.2,1438.7,72.912
8/12/19 10:24,75.376,61.3,1438.7,72.912
8/12/19 10:24,75.42,61.3,1438.7,72.912
8/12/19 10:24,75.376,61.4,1436.2,72.912
8/12/19 10:24,75.376,61.5,1438.7,72.912
8/12/19 10:24,75.376,61.5,1438.7,72.912
8/12/19 10:24,75.376,61.6,1441.2,72.912
8/12/19 10:24,75.376,61.6,1438.7,72.912
8/12/19 10:24,75.42,61.7,1441.2,72.912
8/12/19 10:24,75.376,61.7,1436.2,72.912
8/12/19 10:24,75.376,61.7,1438.7,72.912
8/12/19 10:24,75.42,61.7,1441.2,72.912
8/12/19 10:24,75.42,61.8,1438.7,72.912
8/12/19 10:24,75.42,61.8,1438.7,72.912
8/12/19 10:24,75.42,61.9,1441.2,72.912
8/12/19 10:24,75.42,61.9,1438.7,72.912
8/12/19 10:24,75.42,61.8,1441.2,72.912
8/12/19 10:24,75.42,61.8,1441.2,72.912
8/12/19 10:24,75.42,61.7,1438.7,72.912
8/12/19 10:25,75.42,61.7,1441.2,72.912
8/12/19 10:25,75.42,61.6,1441.2,72.912
8/12/19 10:25,75.42,61.6,1438.7,72.912
8/12/19 10:25,75.463,61.5,1441.2,72.912
8/12/19 10:25,75.463,61.4,1441.2,72.912
8/12/19 10:25,75.42,61.4,1441.2,72.912
8/12/19 10:25,75.463,61.3,1441.2,72.912
8/12/19 10:25,75.463,61.3,1441.2,72.912
8/12/19 10:25,75.463,61.3,1441.2,72.912
8/12/19 10:25,75.463,61.3,1438.7,72.912
8/12/19 10:25,75.463,61.3,1441.2,72.912
8/12/19 10:25,75.463,61.4,1441.2,72.912
8/12/19 10:25,75.463,61.4,1441.2,72.912
8/12/19 10:25,75.463,61.5,1441.2,72.912
8/12/19 10:25,75.463,61.5,1441.2,72.912
8/12/19 10:25,75.463,61.5,1438.7,72.912
8/12/19 10:25,75.463,61.5,1441.2,72.912
8/12/19 10:25,75.463,61.5,1441.2,72.912
8/12/19 10:25,75.508,61.5,1441.2,72.912
8/12/19 10:25,75.508,61.4,1441.2,72.912
8/12/19 10:25,75.508,61.4,1441.2,72.912
8/12/19 10:25,75.508,61.4,1438.7,72.912
8/12/19 10:25,75.508,61.3,1441.2,72.912
8/12/19 10:25,75.508,61.3,1441.2,72.912
8/12/19 10:25,75.508,61.3,1441.2,72.912
8/12/19 10:25,75.508,61.4,1441.2,72.912
8/12/19 10:25,75.508,61.4,1441.2,72.912
8/12/19 10:25,75.508,61.5,1441.2,72.912
8/12/19 10:25,75.508,61.5,1438.7,72.912
8/12/19 10:25,75.508,61.6,1441.2,72.912
8/12/19 10:25,75.551,61.6,1438.7,72.912
8/12/19 10:25,75.551,61.7,1438.7,72.912
8/12/19 10:25,75.551,61.7,1438.7,72.912
8/12/19 10:25,75.551,61.6,1438.7,72.912
8/12/19 10:25,75.551,61.7,1441.2,72.912
8/12/19 10:25,75.551,61.7,1441.2,72.912
8/12/19 10:25,75.551,61.7,1441.2,72.912
8/12/19 10:25,75.551,61.8,1441.2,72.912
8/12/19 10:25,75.551,61.8,1443.7,72.912
8/12/19 10:25,75.551,61.9,1441.2,72.912
8/12/19 10:25,75.551,62,1441.2,72.912
8/12/19 10:25,75.594,62.1,1441.2,72.912
8/12/19 10:25,75.551,62.2,1441.2,72.912
8/12/19 10:25,75.594,62.2,1441.2,72.912
8/12/19 10:25,75.594,62.2,1443.7,72.912
8/12/19 10:25,75.594,62.3,1443.7,72.912
8/12/19 10:25,75.594,62.4,1441.2,72.912
8/12/19 10:25,75.594,62.4,1443.7,72.912
8/12/19 10:25,75.594,62.4,1446.2,72.912
8/12/19 10:25,75.594,62.3,1443.7,72.912
8/12/19 10:25,75.637,62.3,1443.7,72.912
8/12/19 10:25,75.594,62.2,1446.2,72.912
8/12/19 10:25,75.637,62.2,1443.7,72.912
8/12/19 10:25,75.637,62.2,1443.7,72.912
8/12/19 10:25,75.637,62.2,1446.2,72.912
8/12/19 10:25,75.637,62.2,1446.2,72.955
8/12/19 10:25,75.637,62.2,1446.2,72.955
8/12/19 10:25,75.637,62.2,1446.2,72.912
8/12/19 10:25,75.637,62.2,1443.7,72.912
8/12/19 10:25,75.637,62.2,1446.2,72.912
8/12/19 10:26,75.681,62.2,1446.2,72.912
8/12/19 10:26,75.681,62.3,1446.2,72.955
8/12/19 10:26,75.681,62.4,1446.2,72.955
8/12/19 10:26,75.681,62.5,1446.2,72.955
8/12/19 10:26,75.681,62.6,1446.2,72.955
8/12/19 10:26,75.681,62.7,1446.2,72.955
8/12/19 10:26,75.681,62.7,1446.2,72.955
8/12/19 10:26,75.724,62.7,1443.7,72.955
8/12/19 10:26,75.724,62.7,1448.7,72.955
8/12/19 10:26,75.724,62.7,1446.2,72.955
8/12/19 10:26,75.724,62.6,1446.2,72.955
8/12/19 10:26,75.724,62.5,1446.2,72.955
8/12/19 10:26,75.724,62.4,1448.7,72.955
8/12/19 10:26,75.767,62.2,1446.2,72.955
8/12/19 10:26,75.767,62.2,1446.2,72.955
8/12/19 10:26,75.767,62.1,1446.2,72.955
8/12/19 10:26,75.767,62,1448.7,72.955
8/12/19 10:26,75.767,61.9,1448.7,72.955
8/12/19 10:26,75.81,61.8,1448.7,72.955
8/12/19 10:26,75.81,61.8,1451.2,72.955
8/12/19 10:26,75.81,61.7,1448.7,72.955
8/12/19 10:26,75.81,61.6,1451.2,72.955
8/12/19 10:26,75.81,61.6,1446.2,72.955
8/12/19 10:26,75.81,61.6,1448.7,72.955
8/12/19 10:26,75.81,61.6,1446.2,72.955
8/12/19 10:26,75.81,61.6,1448.7,72.955
8/12/19 10:26,75.81,61.6,1451.2,72.955
8/12/19 10:26,75.81,61.7,1451.2,72.955
8/12/19 10:26,75.81,61.8,1448.7,72.955
8/12/19 10:26,75.81,61.9,1448.7,72.955
8/12/19 10:26,75.853,62,1448.7,72.955
8/12/19 10:26,75.853,62.1,1448.7,72.955
8/12/19 10:26,75.853,62.1,1451.2,72.955
8/12/19 10:26,75.853,62.2,1448.7,72.955
8/12/19 10:26,75.898,62.1,1451.2,72.955
8/12/19 10:26,75.898,62.2,1448.7,72.955
8/12/19 10:26,75.898,62.3,1451.2,72.955
8/12/19 10:26,75.898,62.4,1451.2,72.955
8/12/19 10:26,75.898,62.4,1453.7,72.955
8/12/19 10:26,75.898,62.5,1451.2,72.955
8/12/19 10:26,75.898,62.6,1451.2,72.955
8/12/19 10:26,75.942,62.7,1451.2,72.955
8/12/19 10:26,75.942,62.7,1451.2,72.955
8/12/19 10:26,75.942,62.7,1451.2,72.955
8/12/19 10:26,75.942,62.8,1451.2,72.955
8/12/19 10:26,75.985,62.9,1451.2,72.955
8/12/19 10:26,75.985,63,1453.7,72.955
8/12/19 10:26,75.985,63.1,1453.7,72.955
8/12/19 10:26,75.985,63.2,1453.7,72.955
8/12/19 10:26,76.028,63.2,1451.2,72.955
8/12/19 10:26,76.028,63.2,1451.2,72.955
8/12/19 10:26,76.028,63.2,1451.2,72.955
8/12/19 10:26,76.028,63.3,1451.2,72.955
8/12/19 10:26,76.071,63.3,1453.7,72.955
8/12/19 10:26,76.071,63.2,1451.2,72.955
8/12/19 10:26,76.114,63.3,1453.7,72.955
8/12/19 10:26,76.114,63.2,1453.7,72.955
8/12/19 10:26,76.114,63.2,1451.2,72.955
8/12/19 10:26,76.158,63,1451.2,72.955
8/12/19 10:26,76.158,62.8,1451.2,72.955
8/12/19 10:27,76.158,62.8,1451.2,72.955
8/12/19 10:27,76.158,62.7,1451.2,72.955
8/12/19 10:27,76.158,62.5,1451.2,72.955
8/12/19 10:27,76.203,62.4,1453.7,72.955
8/12/19 10:27,76.203,62.3,1453.7,72.955
8/12/19 10:27,76.203,62.3,1453.7,72.955
8/12/19 10:27,76.203,62.2,1451.2,72.997
8/12/19 10:27,76.203,62.1,1453.7,72.997
8/12/19 10:27,76.203,62,1451.2,72.997
8/12/19 10:27,76.203,61.9,1451.2,72.997
8/12/19 10:27,76.203,61.8,1448.7,72.955
8/12/19 10:27,76.246,61.7,1451.2,72.955
8/12/19 10:27,76.246,61.8,1451.2,72.997
8/12/19 10:27,76.246,61.7,1451.2,72.955
8/12/19 10:27,76.246,61.6,1451.2,72.997
8/12/19 10:27,76.246,61.5,1453.7,72.997
8/12/19 10:27,76.246,61.4,1451.2,72.997
8/12/19 10:27,76.246,61.3,1451.2,72.997
8/12/19 10:27,76.246,61.3,1451.2,72.997
8/12/19 10:27,76.246,61.2,1453.7,72.997
8/12/19 10:27,76.246,61.2,1451.2,72.997
8/12/19 10:27,76.246,61.1,1456.2,72.997
8/12/19 10:27,76.246,61.1,1456.2,72.997
8/12/19 10:27,76.246,61,1451.2,72.997
8/12/19 10:27,76.246,61,1456.2,72.997
8/12/19 10:27,76.246,60.9,1456.2,72.997
8/12/19 10:27,76.246,60.9,1451.2,72.997
8/12/19 10:27,76.246,60.9,1453.7,72.997
8/12/19 10:27,76.246,60.9,1451.2,72.997
8/12/19 10:27,76.246,61,1453.7,72.997
8/12/19 10:27,76.246,61,1453.7,72.997
8/12/19 10:27,76.246,61.1,1451.2,72.997
8/12/19 10:27,76.246,61.1,1453.7,72.997
8/12/19 10:27,76.246,61.1,1456.2,72.997
8/12/19 10:27,76.246,61.2,1453.7,72.997
8/12/19 10:27,76.246,61.3,1453.7,72.997
8/12/19 10:27,76.246,61.3,1453.7,72.997
8/12/19 10:27,76.246,61.2,1453.7,72.997
8/12/19 10:27,76.246,61.3,1451.2,72.997
8/12/19 10:27,76.289,61.4,1456.2,72.997
8/12/19 10:27,76.289,61.4,1453.7,72.997
8/12/19 10:27,76.289,61.5,1453.7,72.997
8/12/19 10:27,76.289,61.6,1456.2,72.997
8/12/19 10:27,76.289,61.7,1453.7,72.997
8/12/19 10:27,76.289,61.7,1456.2,72.997
8/12/19 10:27,76.332,61.8,1453.7,72.997
8/12/19 10:27,76.332,61.8,1456.2,72.997
8/12/19 10:27,76.332,61.7,1456.2,73.04
8/12/19 10:27,76.332,61.8,1456.2,72.997
8/12/19 10:27,76.332,61.8,1456.2,72.997
8/12/19 10:27,76.375,61.9,1453.7,72.997
8/12/19 10:27,76.375,62,1456.2,72.997
8/12/19 10:27,76.375,62,1456.2,72.997
8/12/19 10:27,76.375,62.1,1456.2,72.997
8/12/19 10:27,76.419,62.2,1456.2,72.997
8/12/19 10:27,76.419,62.3,1456.2,73.04
8/12/19 10:27,76.419,62.2,1456.2,73.04
8/12/19 10:27,76.419,62.3,1456.2,73.04
8/12/19 10:27,76.464,62.5,1456.2,73.04
8/12/19 10:27,76.464,62.5,1458.7,73.04
8/12/19 10:28,76.464,62.6,1456.2,73.04
8/12/19 10:28,76.464,62.6,1456.2,73.04
8/12/19 10:28,76.464,62.6,1458.7,73.04
8/12/19 10:28,76.507,62.6,1458.7,73.04
8/12/19 10:28,76.507,62.6,1456.2,73.04
8/12/19 10:28,76.507,62.7,1456.2,73.04
8/12/19 10:28,76.55,62.7,1456.2,73.04
8/12/19 10:28,76.55,62.8,1456.2,73.04
8/12/19 10:28,76.55,62.8,1453.7,73.04
8/12/19 10:28,76.55,62.8,1458.7,73.04
8/12/19 10:28,76.55,62.9,1458.7,73.04
8/12/19 10:28,76.593,63,1458.7,73.04
8/12/19 10:28,76.593,63.2,1456.2,73.04
8/12/19 10:28,76.593,63.3,1458.7,73.04
8/12/19 10:28,76.593,63.4,1453.7,73.04
8/12/19 10:28,76.636,63.4,1458.7,73.04
8/12/19 10:28,76.636,63.5,1458.7,73.04
8/12/19 10:28,76.636,63.5,1461.2,73.04
8/12/19 10:28,76.636,63.4,1458.7,73.04
8/12/19 10:28,76.681,63.4,1463.7,73.04
8/12/19 10:28,76.681,63.4,1458.7,73.04
8/12/19 10:28,76.681,63.4,1458.7,73.04
8/12/19 10:28,76.725,63.4,1458.7,73.04
8/12/19 10:28,76.725,63.4,1458.7,73.04
8/12/19 10:28,76.768,63.4,1456.2,73.04
8/12/19 10:28,76.768,63.4,1456.2,73.04
8/12/19 10:28,76.768,63.4,1461.2,73.04
8/12/19 10:28,76.768,63.5,1458.7,73.04
8/12/19 10:28,76.768,63.4,1458.7,73.04
8/12/19 10:28,76.811,63.4,1461.2,73.04
8/12/19 10:28,76.811,63.4,1458.7,73.04
8/12/19 10:28,76.811,63.3,1461.2,73.04
8/12/19 10:28,76.854,63.3,1458.7,73.04
8/12/19 10:28,76.854,63.2,1456.2,73.04
8/12/19 10:28,76.854,63.3,1456.2,73.04
8/12/19 10:28,76.854,63.2,1458.7,73.04
8/12/19 10:28,76.899,63.2,1458.7,73.04
8/12/19 10:28,76.899,63.1,1458.7,73.083
8/12/19 10:28,76.899,63.1,1461.2,73.04
8/12/19 10:28,76.899,63,1461.2,73.083
8/12/19 10:28,76.899,63,1458.7,73.04
8/12/19 10:28,76.942,63,1461.2,73.04
8/12/19 10:28,76.942,62.9,1458.7,73.083
8/12/19 10:28,76.942,62.9,1463.7,73.083
8/12/19 10:28,76.942,62.8,1463.7,73.083
8/12/19 10:28,76.942,62.8,1461.2,73.083
8/12/19 10:28,76.942,62.8,1461.2,73.083
8/12/19 10:28,76.986,62.7,1463.7,73.083
8/12/19 10:28,76.986,62.8,1461.2,73.083
8/12/19 10:28,76.986,62.7,1463.7,73.083
8/12/19 10:28,76.986,62.7,1463.7,73.083
8/12/19 10:28,76.986,62.7,1461.2,73.083
8/12/19 10:28,76.986,62.6,1463.7,73.083
8/12/19 10:28,76.986,62.6,1461.2,73.083
8/12/19 10:28,76.986,62.6,1461.2,73.083
8/12/19 10:28,76.986,62.6,1463.7,73.083
8/12/19 10:28,77.029,62.6,1463.7,73.083
8/12/19 10:28,77.029,62.7,1463.7,73.083
8/12/19 10:28,77.029,62.6,1463.7,73.083
8/12/19 10:28,77.029,62.6,1463.7,73.083
8/12/19 10:29,77.029,62.6,1461.2,73.083
8/12/19 10:29,77.029,62.4,1463.7,73.083
8/12/19 10:29,77.029,62.3,1463.7,73.083
8/12/19 10:29,77.029,62.3,1463.7,73.083
8/12/19 10:29,77.029,62.2,1463.7,73.083
8/12/19 10:29,77.029,62.1,1463.7,73.083
8/12/19 10:29,77.029,62,1461.2,73.083
8/12/19 10:29,77.029,62,1463.7,73.083
8/12/19 10:29,77.029,61.9,1466.2,73.083
8/12/19 10:29,77.029,61.9,1463.7,73.083
8/12/19 10:29,77.029,61.8,1463.7,73.083
8/12/19 10:29,77.029,61.8,1463.7,73.083
8/12/19 10:29,77.029,61.8,1466.2,73.083
8/12/19 10:29,77.029,61.8,1463.7,73.083
8/12/19 10:29,77.029,61.8,1463.7,73.083
8/12/19 10:29,77.029,61.8,1463.7,73.083
8/12/19 10:29,77.029,61.7,1463.7,73.083
8/12/19 10:29,76.986,61.8,1463.7,73.126
8/12/19 10:29,76.986,61.9,1466.2,73.126
8/12/19 10:29,77.029,61.8,1463.7,73.126
8/12/19 10:29,77.029,61.8,1463.7,73.126
8/12/19 10:29,76.986,61.7,1463.7,73.126
8/12/19 10:29,76.986,61.5,1463.7,73.083
8/12/19 10:29,76.986,61.4,1463.7,73.126
8/12/19 10:29,76.986,61.3,1463.7,73.126
8/12/19 10:29,76.986,61.1,1463.7,73.126
8/12/19 10:29,76.986,60.9,1463.7,73.126
8/12/19 10:29,76.986,60.7,1463.7,73.126
8/12/19 10:29,76.986,60.8,1463.7,73.126
8/12/19 10:29,76.986,60.7,1463.7,73.126
8/12/19 10:29,76.942,60.7,1466.2,73.126
8/12/19 10:29,76.942,60.7,1463.7,73.126
8/12/19 10:29,76.942,60.7,1463.7,73.126
8/12/19 10:29,76.942,60.7,1466.2,73.126
8/12/19 10:29,76.942,60.5,1463.7,73.126
8/12/19 10:29,76.942,60.4,1463.7,73.126
8/12/19 10:29,76.899,60.3,1466.2,73.126
8/12/19 10:29,76.899,60.3,1466.2,73.126
8/12/19 10:29,76.899,60.2,1463.7,73.126
8/12/19 10:29,76.899,60.2,1463.7,73.126
8/12/19 10:29,76.899,60.2,1466.2,73.126
8/12/19 10:29,76.899,60.1,1463.7,73.126
8/12/19 10:29,76.854,60.1,1463.7,73.126
8/12/19 10:29,76.854,60.1,1466.2,73.126
8/12/19 10:29,76.854,60,1463.7,73.126
8/12/19 10:29,76.854,59.9,1466.2,73.126
8/12/19 10:29,76.854,59.8,1463.7,73.126
8/12/19 10:29,76.811,59.8,1466.2,73.126
8/12/19 10:29,76.811,59.7,1466.2,73.126
8/12/19 10:29,76.811,59.7,1466.2,73.126
8/12/19 10:29,76.811,59.7,1466.2,73.126
8/12/19 10:29,76.768,59.7,1466.2,73.126
8/12/19 10:29,76.768,59.7,1466.2,73.126
8/12/19 10:29,76.768,59.8,1466.2,73.126
8/12/19 10:29,76.768,59.7,1466.2,73.126
8/12/19 10:29,76.768,59.7,1466.2,73.126
8/12/19 10:29,76.725,59.7,1466.2,73.126
8/12/19 10:29,76.725,59.7,1466.2,73.126
8/12/19 10:29,76.725,59.7,1466.2,73.126
8/12/19 10:29,76.725,59.7,1468.7,73.126
8/12/19 10:30,76.681,59.8,1466.2,73.126
8/12/19 10:30,76.681,59.7,1466.2,73.126
8/12/19 10:30,76.681,59.7,1466.2,73.126
8/12/19 10:30,76.681,59.7,1466.2,73.126
8/12/19 10:30,76.681,59.8,1466.2,73.126
8/12/19 10:30,76.636,59.8,1466.2,73.126
8/12/19 10:30,76.636,59.8,1466.2,73.126
8/12/19 10:30,76.636,59.8,1466.2,73.126
8/12/19 10:30,76.636,59.8,1463.7,73.17
8/12/19 10:30,76.636,59.8,1468.7,73.126
8/12/19 10:30,76.636,59.8,1466.2,73.17
8/12/19 10:30,76.636,59.9,1471.2,73.126
8/12/19 10:30,76.636,60,1468.7,73.17
8/12/19 10:30,76.636,60.1,1466.2,73.126
8/12/19 10:30,76.593,60.2,1468.7,73.17
8/12/19 10:30,76.593,60.3,1468.7,73.17
8/12/19 10:30,76.593,60.3,1468.7,73.126
8/12/19 10:30,76.593,60.3,1468.7,73.17
8/12/19 10:30,76.593,60.3,1466.2,73.17
8/12/19 10:30,76.593,60.2,1468.7,73.17
8/12/19 10:30,76.593,60.3,1468.7,73.17
8/12/19 10:30,76.593,60.2,1468.7,73.17
8/12/19 10:30,76.593,60.2,1468.7,73.17
8/12/19 10:30,76.593,60.3,1466.2,73.17
8/12/19 10:30,76.593,60.2,1468.7,73.17
8/12/19 10:30,76.593,60.2,1466.2,73.17
8/12/19 10:30,76.55,60.2,1468.7,73.17
8/12/19 10:30,76.593,60.1,1468.7,73.17
8/12/19 10:30,76.55,59.9,1466.2,73.17
8/12/19 10:30,76.55,59.8,1468.7,73.17
8/12/19 10:30,76.55,59.7,1466.2,73.17
8/12/19 10:30,76.55,59.8,1468.7,73.17
8/12/19 10:30,76.55,59.7,1468.7,73.17
8/12/19 10:30,76.507,59.7,1468.7,73.17
8/12/19 10:30,76.507,59.7,1466.2,73.17
8/12/19 10:30,76.507,59.7,1466.2,73.17
8/12/19 10:30,76.507,59.8,1468.7,73.17
8/12/19 10:30,76.507,59.7,1468.7,73.17
8/12/19 10:30,76.507,59.7,1468.7,73.17
8/12/19 10:30,76.507,59.7,1468.7,73.17
8/12/19 10:30,76.507,59.7,1466.2,73.17
8/12/19 10:30,76.464,59.7,1466.2,73.17
8/12/19 10:30,76.507,59.7,1466.2,73.17
8/12/19 10:30,76.464,59.7,1466.2,73.17
8/12/19 10:30,76.464,59.7,1466.2,73.17
8/12/19 10:30,76.464,59.7,1468.7,73.17
8/12/19 10:30,76.464,59.7,1468.7,73.17
8/12/19 10:30,76.464,59.8,1468.7,73.17
8/12/19 10:30,76.464,59.8,1468.7,73.17
8/12/19 10:30,76.464,59.9,1466.2,73.17
8/12/19 10:30,76.464,59.9,1468.7,73.213
8/12/19 10:30,76.419,60,1468.7,73.17
8/12/19 10:30,76.464,60.1,1468.7,73.17
8/12/19 10:30,76.419,60.2,1468.7,73.213
8/12/19 10:30,76.419,60.3,1468.7,73.17
8/12/19 10:30,76.419,60.3,1471.2,73.17
8/12/19 10:30,76.419,60.4,1468.7,73.17
8/12/19 10:30,76.419,60.5,1466.2,73.213
8/12/19 10:30,76.419,60.5,1466.2,73.213
8/12/19 10:30,76.419,60.6,1466.2,73.213
8/12/19 10:31,76.419,60.7,1468.7,73.213
8/12/19 10:31,76.419,60.8,1468.7,73.213
8/12/19 10:31,76.419,60.8,1468.7,73.213
8/12/19 10:31,76.419,60.8,1471.2,73.213
8/12/19 10:31,76.464,60.9,1468.7,73.213
8/12/19 10:31,76.419,61,1468.7,73.213
8/12/19 10:31,76.464,61,1471.2,73.213
8/12/19 10:31,76.464,61.1,1468.7,73.213
8/12/19 10:31,76.464,61.1,1471.2,73.213
8/12/19 10:31,76.464,61.2,1468.7,73.213
8/12/19 10:31,76.464,61.2,1471.2,73.213
8/12/19 10:31,76.464,61.3,1471.2,73.213
8/12/19 10:31,76.464,61.3,1471.2,73.213
8/12/19 10:31,76.464,61.2,1468.7,73.213
8/12/19 10:31,76.464,61.3,1471.2,73.213
8/12/19 10:31,76.464,61.3,1471.2,73.213
8/12/19 10:31,76.507,61.4,1471.2,73.213
8/12/19 10:31,76.507,61.4,1471.2,73.213
8/12/19 10:31,76.507,61.4,1471.2,73.213
8/12/19 10:31,76.507,61.3,1471.2,73.213
8/12/19 10:31,76.507,61.2,1471.2,73.213
8/12/19 10:31,76.507,61.3,1471.2,73.213
8/12/19 10:31,76.507,61.1,1471.2,73.213
8/12/19 10:31,76.55,61,1471.2,73.213
8/12/19 10:31,76.507,60.9,1471.2,73.213
8/12/19 10:31,76.507,60.8,1471.2,73.213
8/12/19 10:31,76.507,60.8,1471.2,73.213
8/12/19 10:31,76.507,60.8,1471.2,73.213
8/12/19 10:31,76.507,60.7,1473.7,73.213
8/12/19 10:31,76.507,60.7,1471.2,73.213
8/12/19 10:31,76.507,60.7,1471.2,73.213
8/12/19 10:31,76.507,60.5,1471.2,73.213
8/12/19 10:31,76.507,60.4,1471.2,73.213
8/12/19 10:31,76.507,60.3,1471.2,73.213
8/12/19 10:31,76.507,60.2,1471.2,73.213
8/12/19 10:31,76.507,60.2,1473.7,73.213
8/12/19 10:31,76.507,60.2,1473.7,73.213
8/12/19 10:31,76.507,60.2,1471.2,73.213
8/12/19 10:31,76.507,60.2,1471.2,73.213
8/12/19 10:31,76.507,60.2,1473.7,73.213
8/12/19 10:31,76.507,60.2,1473.7,73.213
8/12/19 10:31,76.507,60.2,1471.2,73.213
8/12/19 10:31,76.507,60.2,1471.2,73.256
8/12/19 10:31,76.507,60.2,1473.7,73.256
8/12/19 10:31,76.507,60.2,1473.7,73.213
8/12/19 10:31,76.507,60.2,1471.2,73.213
8/12/19 10:31,76.464,60.1,1471.2,73.256
8/12/19 10:31,76.464,60.1,1471.2,73.256
8/12/19 10:31,76.464,60.1,1471.2,73.256
8/12/19 10:31,76.464,60.1,1473.7,73.256
8/12/19 10:31,76.464,60.2,1473.7,73.256
8/12/19 10:31,76.464,60.2,1473.7,73.256
8/12/19 10:31,76.464,60.3,1473.7,73.256
8/12/19 10:31,76.464,60.3,1473.7,73.256
8/12/19 10:31,76.464,60.3,1471.2,73.256
8/12/19 10:31,76.464,60.3,1471.2,73.256
8/12/19 10:31,76.464,60.3,1473.7,73.256
8/12/19 10:31,76.464,60.4,1473.7,73.256
8/12/19 10:31,76.419,60.3,1471.2,73.256
8/12/19 10:31,76.464,60.2,1473.7,73.256
8/12/19 10:32,76.419,60.2,1471.2,73.256
8/12/19 10:32,76.464,60.1,1473.7,73.256
8/12/19 10:32,76.464,60.1,1471.2,73.256
8/12/19 10:32,76.419,60,1471.2,73.256
8/12/19 10:32,76.419,60,1471.2,73.256
8/12/19 10:32,76.419,59.9,1471.2,73.256
8/12/19 10:32,76.419,59.9,1471.2,73.256
8/12/19 10:32,76.419,59.9,1471.2,73.256
8/12/19 10:32,76.419,59.9,1471.2,73.256
8/12/19 10:32,76.419,59.9,1471.2,73.256
8/12/19 10:32,76.419,59.9,1473.7,73.256
8/12/19 10:32,76.419,59.9,1473.7,73.256
8/12/19 10:32,76.375,59.8,1473.7,73.256
8/12/19 10:32,76.375,59.7,1473.7,73.256
8/12/19 10:32,76.375,59.6,1473.7,73.256
8/12/19 10:32,76.375,59.4,1471.2,73.256
8/12/19 10:32,76.375,59.3,1473.7,73.256
8/12/19 10:32,76.375,59.3,1471.2,73.256
8/12/19 10:32,76.375,59.2,1471.2,73.256
8/12/19 10:32,76.375,59.2,1471.2,73.256
8/12/19 10:32,76.332,59.2,1473.7,73.256
8/12/19 10:32,76.332,59.1,1473.7,73.256
8/12/19 10:32,76.332,59.1,1473.7,73.256
8/12/19 10:32,76.332,59.1,1473.7,73.256
8/12/19 10:32,76.332,59.2,1473.7,73.256
8/12/19 10:32,76.332,59.2,1473.7,73.256
8/12/19 10:32,76.332,59.2,1471.2,73.256
8/12/19 10:32,76.332,59.1,1473.7,73.256
8/12/19 10:32,76.289,59.2,1473.7,73.256
8/12/19 10:32,76.289,59.2,1473.7,73.256
8/12/19 10:32,76.289,59.1,1473.7,73.256
8/12/19 10:32,76.289,59.1,1473.7,73.256
8/12/19 10:32,76.289,59.1,1473.7,73.256
8/12/19 10:32,76.289,59.1,1473.7,73.256
8/12/19 10:32,76.289,59.1,1473.7,73.256
8/12/19 10:32,76.289,59.2,1473.7,73.256
8/12/19 10:32,76.246,59.2,1476.2,73.256
8/12/19 10:32,76.246,59.1,1476.2,73.256
8/12/19 10:32,76.246,59.2,1476.2,73.256
8/12/19 10:32,76.246,59.2,1476.2,73.256
8/12/19 10:32,76.246,59.2,1473.7,73.256
8/12/19 10:32,76.246,59.2,1473.7,73.256
8/12/19 10:32,76.246,59.3,1478.7,73.256
8/12/19 10:32,76.203,59.3,1476.2,73.256
8/12/19 10:32,76.203,59.4,1473.7,73.256
8/12/19 10:32,76.203,59.5,1471.2,73.299
8/12/19 10:32,76.203,59.6,1473.7,73.299
8/12/19 10:32,76.203,59.6,1476.2,73.299
8/12/19 10:32,76.203,59.7,1476.2,73.256
8/12/19 10:32,76.203,59.7,1478.7,73.299
8/12/19 10:32,76.203,59.6,1476.2,73.299
8/12/19 10:32,76.203,59.6,1476.2,73.299
8/12/19 10:32,76.203,59.6,1473.7,73.299
8/12/19 10:32,76.203,59.7,1476.2,73.299
8/12/19 10:32,76.203,59.8,1476.2,73.299
8/12/19 10:32,76.203,59.7,1476.2,73.299
8/12/19 10:32,76.203,59.8,1476.2,73.299
8/12/19 10:32,76.203,59.9,1473.7,73.299
8/12/19 10:32,76.203,60,1476.2,73.299
8/12/19 10:32,76.203,60,1476.2,73.299
8/12/19 10:33,76.203,60,1476.2,73.299
8/12/19 10:33,76.203,60,1476.2,73.299
8/12/19 10:33,76.203,60,1476.2,73.299
8/12/19 10:33,76.203,60,1476.2,73.299
8/12/19 10:33,76.203,60,1476.2,73.299
8/12/19 10:33,76.203,59.9,1476.2,73.299
8/12/19 10:33,76.203,59.9,1476.2,73.299
8/12/19 10:33,76.203,59.9,1476.2,73.299
8/12/19 10:33,76.203,59.9,1478.7,73.299
8/12/19 10:33,76.203,59.8,1476.2,73.299
8/12/19 10:33,76.203,59.8,1473.7,73.299
8/12/19 10:33,76.203,59.8,1476.2,73.299
8/12/19 10:33,76.203,59.7,1476.2,73.299
8/12/19 10:33,76.203,59.7,1476.2,73.299
8/12/19 10:33,76.203,59.8,1473.7,73.299
8/12/19 10:33,76.203,59.8,1476.2,73.299
8/12/19 10:33,76.203,59.8,1476.2,73.299
8/12/19 10:33,76.203,59.9,1478.7,73.299
8/12/19 10:33,76.203,59.9,1478.7,73.299
8/12/19 10:33,76.203,59.9,1473.7,73.299
8/12/19 10:33,76.246,60,1476.2,73.299
8/12/19 10:33,76.246,60,1476.2,73.299
8/12/19 10:33,76.246,60,1478.7,73.299
8/12/19 10:33,76.246,60,1478.7,73.299
8/12/19 10:33,76.246,59.9,1476.2,73.299
8/12/19 10:33,76.246,59.9,1478.7,73.299
8/12/19 10:33,76.246,59.8,1476.2,73.299
8/12/19 10:33,76.246,59.8,1478.7,73.299
8/12/19 10:33,76.246,59.8,1476.2,73.299
8/12/19 10:33,76.246,59.8,1476.2,73.299
8/12/19 10:33,76.246,59.8,1476.2,73.299
8/12/19 10:33,76.246,59.7,1476.2,73.299
8/12/19 10:33,76.246,59.7,1478.7,73.299
8/12/19 10:33,76.246,59.6,1476.2,73.299
8/12/19 10:33,76.246,59.5,1478.7,73.299
8/12/19 10:33,76.246,59.3,1478.7,73.299
8/12/19 10:33,76.246,59.2,1478.7,73.299
8/12/19 10:33,76.246,59.2,1478.7,73.299
8/12/19 10:33,76.203,59.1,1481.2,73.299
8/12/19 10:33,76.203,59.1,1478.7,73.299
8/12/19 10:33,76.203,59,1478.7,73.299
8/12/19 10:33,76.203,59.1,1478.7,73.299
8/12/19 10:33,76.203,59,1478.7,73.342
8/12/19 10:33,76.203,59,1476.2,73.299
8/12/19 10:33,76.203,58.9,1478.7,73.299
8/12/19 10:33,76.203,58.9,1478.7,73.299
8/12/19 10:33,76.203,58.8,1478.7,73.299
8/12/19 10:33,76.158,58.8,1478.7,73.299
8/12/19 10:33,76.158,58.8,1478.7,73.299
8/12/19 10:33,76.158,58.7,1481.2,73.299
8/12/19 10:33,76.158,58.6,1478.7,73.299
8/12/19 10:33,76.158,58.6,1478.7,73.342
8/12/19 10:33,76.158,58.7,1478.7,73.342
8/12/19 10:33,76.158,58.7,1481.2,73.342
8/12/19 10:33,76.158,58.7,1481.2,73.342
8/12/19 10:33,76.158,58.8,1481.2,73.342
8/12/19 10:33,76.114,58.8,1481.2,73.342
8/12/19 10:33,76.114,58.9,1481.2,73.342
8/12/19 10:33,76.114,58.9,1478.7,73.342
8/12/19 10:33,76.114,59,1478.7,73.342
8/12/19 10:34,76.114,59,1481.2,73.342
8/12/19 10:34,76.114,59.2,1481.2,73.342
8/12/19 10:34,76.114,59.1,1481.2,73.342
8/12/19 10:34,76.114,59.2,1483.7,73.342
8/12/19 10:34,76.114,59.4,1483.7,73.342
8/12/19 10:34,76.114,59.5,1481.2,73.342
8/12/19 10:34,76.114,59.6,1486.2,73.342
8/12/19 10:34,76.114,59.7,1483.7,73.342
8/12/19 10:34,76.114,59.8,1481.2,73.342
8/12/19 10:34,76.114,59.9,1481.2,73.342
8/12/19 10:34,76.114,60.1,1483.7,73.342
8/12/19 10:34,76.158,60.1,1483.7,73.342
8/12/19 10:34,76.158,60.1,1478.7,73.342
8/12/19 10:34,76.158,60.2,1481.2,73.342
8/12/19 10:34,76.158,60.2,1483.7,73.342
8/12/19 10:34,76.158,60.3,1483.7,73.342
8/12/19 10:34,76.158,60.3,1481.2,73.342
8/12/19 10:34,76.158,60.3,1483.7,73.342
8/12/19 10:34,76.158,60.3,1481.2,73.342
8/12/19 10:34,76.203,60.4,1483.7,73.342
8/12/19 10:34,76.203,60.5,1483.7,73.342
8/12/19 10:34,76.203,60.5,1483.7,73.342
8/12/19 10:34,76.203,60.6,1483.7,73.342
8/12/19 10:34,76.203,60.6,1481.2,73.342
8/12/19 10:34,76.203,60.5,1481.2,73.342
8/12/19 10:34,76.203,60.4,1483.7,73.342
8/12/19 10:34,76.203,60.3,1486.2,73.342
8/12/19 10:34,76.203,60.3,1481.2,73.342
8/12/19 10:34,76.246,60.1,1478.7,73.342
8/12/19 10:34,76.246,60,1488.7,73.342
8/12/19 10:34,76.246,59.9,1483.7,73.342
8/12/19 10:34,76.246,59.8,1483.7,73.342
8/12/19 10:34,76.246,59.7,1486.2,73.342
8/12/19 10:34,76.246,59.6,1486.2,73.342
8/12/19 10:34,76.246,59.6,1483.7,73.342
8/12/19 10:34,76.246,59.5,1483.7,73.342
8/12/19 10:34,76.246,59.5,1481.2,73.342
8/12/19 10:34,76.246,59.5,1486.2,73.342
8/12/19 10:34,76.246,59.5,1486.2,73.342
8/12/19 10:34,76.246,59.5,1486.2,73.386
8/12/19 10:34,76.246,59.5,1483.7,73.342
8/12/19 10:34,76.246,59.5,1486.2,73.386
8/12/19 10:34,76.203,59.6,1486.2,73.386
8/12/19 10:34,76.203,59.6,1486.2,73.386
8/12/19 10:34,76.203,59.6,1483.7,73.386
8/12/19 10:34,76.203,59.6,1483.7,73.386
8/12/19 10:34,76.203,59.7,1486.2,73.386
8/12/19 10:34,76.203,59.7,1486.2,73.386
8/12/19 10:34,76.203,59.8,1486.2,73.386
8/12/19 10:34,76.203,59.9,1486.2,73.386
8/12/19 10:34,76.203,59.9,1486.2,73.386
8/12/19 10:34,76.203,59.9,1486.2,73.386
8/12/19 10:34,76.203,59.9,1483.7,73.386
8/12/19 10:34,76.203,59.9,1486.2,73.386
8/12/19 10:34,76.203,59.8,1488.7,73.386
8/12/19 10:34,76.203,59.8,1488.7,73.386
8/12/19 10:34,76.203,59.8,1488.7,73.386
8/12/19 10:34,76.203,59.8,1486.2,73.386
8/12/19 10:34,76.203,59.9,1486.2,73.386
8/12/19 10:34,76.203,59.9,1488.7,73.386
8/12/19 10:35,76.203,60.1,1486.2,73.386
8/12/19 10:35,76.203,60.2,1486.2,73.386
8/12/19 10:35,76.203,60.2,1486.2,73.386
8/12/19 10:35,76.203,60.2,1486.2,73.386
8/12/19 10:35,76.203,60.3,1486.2,73.386
8/12/19 10:35,76.246,60.3,1486.2,73.386
8/12/19 10:35,76.246,60.3,1488.7,73.386
8/12/19 10:35,76.246,60.4,1488.7,73.386
8/12/19 10:35,76.246,60.5,1486.2,73.386
8/12/19 10:35,76.246,60.5,1493.7,73.386
8/12/19 10:35,76.246,60.7,1491.2,73.386
8/12/19 10:35,76.246,60.7,1488.7,73.386
8/12/19 10:35,76.289,60.8,1486.2,73.386
8/12/19 10:35,76.289,60.8,1486.2,73.386
8/12/19 10:35,76.289,60.7,1486.2,73.386
8/12/19 10:35,76.289,60.7,1488.7,73.386
8/12/19 10:35,76.332,60.8,1486.2,73.386
8/12/19 10:35,76.332,60.8,1488.7,73.386
8/12/19 10:35,76.332,60.8,1488.7,73.386
8/12/19 10:35,76.332,60.7,1486.2,73.386
8/12/19 10:35,76.332,60.7,1488.7,73.386
8/12/19 10:35,76.375,60.7,1488.7,73.386
8/12/19 10:35,76.375,60.7,1488.7,73.386
8/12/19 10:35,76.375,60.6,1488.7,73.429
8/12/19 10:35,76.375,60.6,1491.2,73.429
8/12/19 10:35,76.419,60.7,1491.2,73.429
8/12/19 10:35,76.419,60.7,1488.7,73.429
8/12/19 10:35,76.419,60.8,1491.2,73.429
8/12/19 10:35,76.464,60.8,1488.7,73.429
8/12/19 10:35,76.464,60.8,1488.7,73.429
8/12/19 10:35,76.464,60.9,1488.7,73.429
8/12/19 10:35,76.464,61,1491.2,73.386
8/12/19 10:35,76.507,61.1,1488.7,73.429
8/12/19 10:35,76.507,61.2,1488.7,73.429
8/12/19 10:35,76.507,61.2,1488.7,73.429
8/12/19 10:35,76.55,61.2,1491.2,73.429
8/12/19 10:35,76.55,61.2,1488.7,73.429
8/12/19 10:35,76.55,61.2,1488.7,73.429
8/12/19 10:35,76.55,61.2,1491.2,73.429
8/12/19 10:35,76.593,61.2,1491.2,73.429
8/12/19 10:35,76.593,61.2,1491.2,73.429
8/12/19 10:35,76.593,61.2,1486.2,73.429
8/12/19 10:35,76.636,61.3,1491.2,73.429
8/12/19 10:35,76.636,61.3,1488.7,73.429
8/12/19 10:35,76.636,61.3,1491.2,73.429
8/12/19 10:35,76.681,61.4,1488.7,73.429
8/12/19 10:35,76.681,61.5,1491.2,73.429
8/12/19 10:35,76.681,61.5,1491.2,73.429
8/12/19 10:35,76.681,61.6,1488.7,73.429
8/12/19 10:35,76.725,61.7,1488.7,73.429
8/12/19 10:35,76.725,61.7,1488.7,73.429
8/12/19 10:35,76.768,61.7,1488.7,73.429
8/12/19 10:35,76.768,61.7,1488.7,73.429
8/12/19 10:35,76.768,61.7,1491.2,73.429
8/12/19 10:35,76.811,61.6,1491.2,73.429
8/12/19 10:35,76.811,61.5,1486.2,73.429
8/12/19 10:35,76.811,61.4,1491.2,73.429
8/12/19 10:35,76.854,61.4,1488.7,73.429
8/12/19 10:35,76.854,61.3,1491.2,73.429
8/12/19 10:35,76.854,61.3,1488.7,73.472
8/12/19 10:36,76.899,61.1,1488.7,73.472
8/12/19 10:36,76.899,61,1491.2,73.472
8/12/19 10:36,76.899,60.9,1491.2,73.472
8/12/19 10:36,76.899,60.9,1491.2,73.472
8/12/19 10:36,76.899,60.8,1491.2,73.472
8/12/19 10:36,76.899,60.7,1491.2,73.472
8/12/19 10:36,76.942,60.8,1493.7,73.472
8/12/19 10:36,76.942,60.7,1491.2,73.472
8/12/19 10:36,76.942,60.6,1493.7,73.472
8/12/19 10:36,76.942,60.5,1493.7,73.472
8/12/19 10:36,76.942,60.4,1491.2,73.472
8/12/19 10:36,76.942,60.3,1491.2,73.472
8/12/19 10:36,76.986,60.3,1491.2,73.472
8/12/19 10:36,76.986,60.3,1491.2,73.472
8/12/19 10:36,76.986,60.1,1491.2,73.472
8/12/19 10:36,76.986,60,1493.7,73.472
8/12/19 10:36,76.986,59.9,1493.7,73.472
8/12/19 10:36,76.986,59.7,1493.7,73.472
8/12/19 10:36,76.986,59.7,1493.7,73.472
8/12/19 10:36,76.986,59.6,1493.7,73.472
8/12/19 10:36,76.986,59.4,1491.2,73.472
8/12/19 10:36,76.986,59.4,1493.7,73.472
8/12/19 10:36,76.986,59.2,1493.7,73.472
8/12/19 10:36,76.986,59.2,1493.7,73.472
8/12/19 10:36,76.986,59.2,1493.7,73.472
8/12/19 10:36,76.986,59.1,1493.7,73.472
8/12/19 10:36,76.986,59.1,1493.7,73.472
8/12/19 10:36,76.986,59.1,1493.7,73.472
8/12/19 10:36,76.986,59.1,1493.7,73.472
8/12/19 10:36,76.986,59.2,1493.7,73.472
8/12/19 10:36,76.986,59.2,1493.7,73.472
8/12/19 10:36,76.986,59.2,1493.7,73.472
8/12/19 10:36,76.986,59.1,1493.7,73.472
8/12/19 10:36,76.986,59.1,1493.7,73.472
8/12/19 10:36,76.986,59,1493.7,73.472
8/12/19 10:36,76.986,59,1493.7,73.472
8/12/19 10:36,76.986,59,1493.7,73.472
8/12/19 10:36,76.986,59,1496.2,73.472
8/12/19 10:36,76.986,59,1493.7,73.515
8/12/19 10:36,76.986,59,1493.7,73.515
8/12/19 10:36,76.986,59,1493.7,73.472
8/12/19 10:36,76.986,59,1496.2,73.515
8/12/19 10:36,76.986,59,1493.7,73.515
8/12/19 10:36,76.986,59,1491.2,73.515
8/12/19 10:36,76.986,58.9,1496.2,73.515
8/12/19 10:36,76.986,58.9,1493.7,73.515
8/12/19 10:36,76.986,58.9,1493.7,73.515
8/12/19 10:36,76.986,58.9,1493.7,73.515
8/12/19 10:36,76.986,58.9,1491.2,73.515
8/12/19 10:36,76.986,58.9,1496.2,73.515
8/12/19 10:36,76.986,58.8,1496.2,73.515
8/12/19 10:36,76.986,58.7,1496.2,73.515
8/12/19 10:36,76.986,58.7,1493.7,73.515
8/12/19 10:36,76.986,58.5,1493.7,73.515
8/12/19 10:36,76.986,58.4,1491.2,73.515
8/12/19 10:36,76.986,58.3,1496.2,73.515
8/12/19 10:36,77.029,58.2,1491.2,73.515
8/12/19 10:36,77.029,58.1,1496.2,73.515
8/12/19 10:36,77.029,58.1,1496.2,73.515
8/12/19 10:36,77.029,58.1,1493.7,73.515
8/12/19 10:37,77.029,58,1493.7,73.515
8/12/19 10:37,76.986,58,1493.7,73.515
8/12/19 10:37,77.029,58,1493.7,73.515
8/12/19 10:37,77.029,58,1496.2,73.515
8/12/19 10:37,76.986,58,1496.2,73.515
8/12/19 10:37,76.986,58.1,1493.7,73.515
8/12/19 10:37,76.986,58.1,1493.7,73.515
8/12/19 10:37,77.029,58.1,1493.7,73.515
8/12/19 10:37,77.029,58.2,1496.2,73.558
8/12/19 10:37,76.986,58.3,1496.2,73.515
8/12/19 10:37,77.029,58.4,1496.2,73.515
8/12/19 10:37,77.029,58.4,1493.7,73.558
8/12/19 10:37,77.029,58.3,1493.7,73.558
8/12/19 10:37,77.029,58.3,1493.7,73.558
8/12/19 10:37,77.029,58.2,1496.2,73.558
8/12/19 10:37,77.029,58.2,1496.2,73.558
8/12/19 10:37,77.029,58.2,1496.2,73.558
8/12/19 10:37,76.986,58.2,1496.2,73.558
8/12/19 10:37,77.029,58.2,1496.2,73.558
8/12/19 10:37,77.029,58.2,1496.2,73.558
8/12/19 10:37,77.029,58.1,1493.7,73.558
8/12/19 10:37,77.029,58.1,1496.2,73.558
8/12/19 10:37,77.029,58.1,1496.2,73.558
8/12/19 10:37,76.986,58.1,1496.2,73.558
8/12/19 10:37,76.986,58,1496.2,73.558
8/12/19 10:37,76.986,58,1493.7,73.558
8/12/19 10:37,76.986,57.9,1496.2,73.558
8/12/19 10:37,76.986,57.8,1496.2,73.558
8/12/19 10:37,76.986,57.7,1496.2,73.558
8/12/19 10:37,76.986,57.6,1496.2,73.558
8/12/19 10:37,76.986,57.6,1496.2,73.558
8/12/19 10:37,76.986,57.5,1496.2,73.558
8/12/19 10:37,76.986,57.4,1498.7,73.558
8/12/19 10:37,76.986,57.4,1496.2,73.558
8/12/19 10:37,76.986,57.3,1496.2,73.558
8/12/19 10:37,76.942,57.3,1498.7,73.558
8/12/19 10:37,76.942,57.3,1496.2,73.558
8/12/19 10:37,76.942,57.3,1496.2,73.558
8/12/19 10:37,76.942,57.3,1498.7,73.558
8/12/19 10:37,76.899,57.4,1496.2,73.558
8/12/19 10:37,76.899,57.5,1496.2,73.558
8/12/19 10:37,76.899,57.6,1498.7,73.558
8/12/19 10:37,76.899,57.6,1498.7,73.558
8/12/19 10:37,76.899,57.7,1498.7,73.558
8/12/19 10:37,76.899,57.8,1496.2,73.558
8/12/19 10:37,76.899,57.9,1498.7,73.558
8/12/19 10:37,76.899,57.9,1496.2,73.558
8/12/19 10:37,76.899,57.9,1498.7,73.558
8/12/19 10:37,76.899,57.9,1496.2,73.558
8/12/19 10:37,76.899,57.9,1498.7,73.602
8/12/19 10:37,76.899,58,1496.2,73.558
8/12/19 10:37,76.899,58,1501.2,73.558
8/12/19 10:37,76.899,58,1498.7,73.558
8/12/19 10:37,76.899,58.1,1501.2,73.602
8/12/19 10:37,76.899,58.1,1498.7,73.602
8/12/19 10:37,76.899,58.1,1498.7,73.602
8/12/19 10:37,76.899,58.2,1498.7,73.602
8/12/19 10:37,76.899,58.3,1498.7,73.602
8/12/19 10:37,76.899,58.3,1498.7,73.602
8/12/19 10:37,76.899,58.5,1498.7,73.602
8/12/19 10:38,76.899,58.5,1501.2,73.602
8/12/19 10:38,76.899,58.6,1501.2,73.602
8/12/19 10:38,76.899,58.6,1498.7,73.602
8/12/19 10:38,76.899,58.6,1498.7,73.602
8/12/19 10:38,76.899,58.6,1501.2,73.602
8/12/19 10:38,76.942,58.6,1498.7,73.602
8/12/19 10:38,76.942,58.5,1501.2,73.602
8/12/19 10:38,76.942,58.5,1498.7,73.602
8/12/19 10:38,76.942,58.5,1503.7,73.602
8/12/19 10:38,76.942,58.4,1498.7,73.602
8/12/19 10:38,76.942,58.4,1498.7,73.602
8/12/19 10:38,76.942,58.5,1498.7,73.602
8/12/19 10:38,76.942,58.5,1498.7,73.602
8/12/19 10:38,76.942,58.6,1501.2,73.602
8/12/19 10:38,76.942,58.6,1498.7,73.602
8/12/19 10:38,76.942,58.8,1501.2,73.602
8/12/19 10:38,76.942,58.9,1503.7,73.602
8/12/19 10:38,76.942,58.9,1498.7,73.602
8/12/19 10:38,76.942,59,1501.2,73.602
8/12/19 10:38,76.942,59.1,1506.2,73.645
8/12/19 10:38,76.942,59.2,1503.7,73.602
8/12/19 10:38,76.986,59.2,1503.7,73.602
8/12/19 10:38,76.986,59.2,1498.7,73.602
8/12/19 10:38,76.986,59.4,1503.7,73.602
8/12/19 10:38,76.986,59.4,1498.7,73.602
8/12/19 10:38,76.986,59.4,1503.7,73.602
8/12/19 10:38,76.986,59.4,1501.2,73.602
8/12/19 10:38,76.986,59.4,1503.7,73.602
8/12/19 10:38,76.986,59.4,1501.2,73.645
8/12/19 10:38,76.986,59.4,1498.7,73.602
8/12/19 10:38,77.029,59.3,1501.2,73.645
8/12/19 10:38,76.986,59.2,1503.7,73.645
8/12/19 10:38,77.029,59.2,1498.7,73.645
8/12/19 10:38,77.029,59.2,1503.7,73.645
8/12/19 10:38,77.029,59.1,1496.2,73.645
8/12/19 10:38,77.029,59.2,1501.2,73.645
8/12/19 10:38,77.029,59.1,1498.7,73.645
8/12/19 10:38,77.029,59.1,1501.2,73.645
8/12/19 10:38,77.029,59.1,1501.2,73.645
8/12/19 10:38,77.029,59.1,1503.7,73.645
8/12/19 10:38,77.029,59.2,1498.7,73.645
8/12/19 10:38,77.029,59.2,1503.7,73.645
8/12/19 10:38,77.029,59.2,1501.2,73.645
8/12/19 10:38,77.029,59.1,1498.7,73.645
8/12/19 10:38,77.072,59.2,1501.2,73.645
8/12/19 10:38,77.072,59.2,1501.2,73.645
8/12/19 10:38,77.072,59.3,1501.2,73.645
8/12/19 10:38,77.072,59.4,1501.2,73.645
8/12/19 10:38,77.072,59.5,1496.2,73.645
8/12/19 10:38,77.072,59.6,1498.7,73.645
8/12/19 10:38,77.072,59.8,1498.7,73.645
8/12/19 10:38,77.072,59.9,1501.2,73.645
8/12/19 10:38,77.072,59.9,1501.2,73.645
8/12/19 10:38,77.072,60.1,1498.7,73.645
8/12/19 10:38,77.117,60.2,1496.2,73.645
8/12/19 10:38,77.117,60.3,1501.2,73.645
8/12/19 10:38,77.117,60.3,1501.2,73.645
8/12/19 10:38,77.117,60.4,1498.7,73.645
8/12/19 10:38,77.117,60.5,1498.7,73.645
8/12/19 10:38,77.16,60.6,1501.2,73.645
8/12/19 10:39,77.16,60.7,1501.2,73.645
8/12/19 10:39,77.16,60.7,1503.7,73.688
8/12/19 10:39,77.16,60.8,1503.7,73.688
8/12/19 10:39,77.16,60.8,1501.2,73.645
8/12/19 10:39,77.203,60.7,1501.2,73.688
8/12/19 10:39,77.203,60.6,1498.7,73.645
8/12/19 10:39,77.203,60.5,1501.2,73.688
8/12/19 10:39,77.203,60.5,1503.7,73.688
8/12/19 10:39,77.203,60.4,1498.7,73.688
8/12/19 10:39,77.203,60.4,1501.2,73.688
8/12/19 10:39,77.247,60.4,1498.7,73.688
8/12/19 10:39,77.247,60.4,1501.2,73.688
8/12/19 10:39,77.247,60.4,1503.7,73.688
8/12/19 10:39,77.247,60.4,1501.2,73.688
8/12/19 10:39,77.247,60.4,1498.7,73.688
8/12/19 10:39,77.292,60.4,1498.7,73.688
8/12/19 10:39,77.292,60.4,1501.2,73.688
8/12/19 10:39,77.292,60.5,1503.7,73.688
8/12/19 10:39,77.292,60.5,1501.2,73.688
8/12/19 10:39,77.292,60.5,1501.2,73.688
8/12/19 10:39,77.292,60.5,1501.2,73.688
8/12/19 10:39,77.335,60.5,1503.7,73.688
8/12/19 10:39,77.292,60.4,1498.7,73.688
8/12/19 10:39,77.335,60.4,1501.2,73.688
8/12/19 10:39,77.335,60.4,1503.7,73.731
8/12/19 10:39,77.335,60.4,1501.2,73.688
8/12/19 10:39,77.335,60.4,1503.7,73.688
8/12/19 10:39,77.335,60.4,1501.2,73.731
8/12/19 10:39,77.378,60.4,1503.7,73.731
8/12/19 10:39,77.378,60.4,1503.7,73.731
8/12/19 10:39,77.378,60.3,1501.2,73.731
8/12/19 10:39,77.378,60.3,1503.7,73.731
8/12/19 10:39,77.378,60.3,1498.7,73.731
8/12/19 10:39,77.378,60.3,1503.7,73.731
8/12/19 10:39,77.378,60.3,1501.2,73.731
8/12/19 10:39,77.378,60.3,1503.7,73.731
8/12/19 10:39,77.421,60.3,1498.7,73.731
8/12/19 10:39,77.421,60.3,1503.7,73.731
8/12/19 10:39,77.421,60.3,1501.2,73.731
8/12/19 10:39,77.421,60.3,1503.7,73.731
8/12/19 10:39,77.421,60.3,1501.2,73.731
8/12/19 10:39,77.421,60.4,1501.2,73.731
8/12/19 10:39,77.421,60.3,1501.2,73.731
8/12/19 10:39,77.421,60.4,1498.7,73.731
8/12/19 10:39,77.464,60.4,1501.2,73.731
8/12/19 10:39,77.464,60.5,1503.7,73.731
8/12/19 10:39,77.464,60.5,1503.7,73.731
8/12/19 10:39,77.464,60.5,1503.7,73.731
8/12/19 10:39,77.464,60.5,1503.7,73.731
8/12/19 10:39,77.509,60.5,1503.7,73.731
8/12/19 10:39,77.509,60.5,1503.7,73.731
8/12/19 10:39,77.509,60.5,1503.7,73.731
8/12/19 10:39,77.509,60.5,1503.7,73.731
8/12/19 10:39,77.509,60.5,1503.7,73.731
8/12/19 10:39,77.509,60.5,1503.7,73.731
8/12/19 10:39,77.509,60.4,1503.7,73.731
8/12/19 10:39,77.553,60.4,1503.7,73.731
8/12/19 10:39,77.553,60.4,1503.7,73.774
8/12/19 10:39,77.553,60.4,1503.7,73.774
8/12/19 10:39,77.553,60.3,1503.7,73.774
8/12/19 10:40,77.596,60.2,1503.7,73.774
8/12/19 10:40,77.596,60,1506.2,73.774
8/12/19 10:40,77.596,59.9,1501.2,73.774
8/12/19 10:40,77.596,59.8,1501.2,73.774
8/12/19 10:40,77.596,59.8,1508.7,73.774
8/12/19 10:40,77.596,59.8,1501.2,73.774
8/12/19 10:40,77.596,59.8,1503.7,73.774
8/12/19 10:40,77.596,59.8,1503.7,73.774
8/12/19 10:40,77.596,59.8,1506.2,73.774
8/12/19 10:40,77.639,59.8,1506.2,73.774
8/12/19 10:40,77.639,59.9,1503.7,73.774
8/12/19 10:40,77.639,59.9,1503.7,73.774
8/12/19 10:40,77.639,59.8,1503.7,73.774
8/12/19 10:40,77.639,59.7,1503.7,73.774
8/12/19 10:40,77.639,59.6,1503.7,73.774
8/12/19 10:40,77.639,59.6,1503.7,73.774
8/12/19 10:40,77.639,59.5,1503.7,73.774
8/12/19 10:40,77.684,59.5,1506.2,73.774
8/12/19 10:40,77.639,59.5,1503.7,73.774
8/12/19 10:40,77.684,59.5,1506.2,73.774
8/12/19 10:40,77.684,59.5,1503.7,73.818
8/12/19 10:40,77.684,59.5,1503.7,73.818
8/12/19 10:40,77.684,59.5,1503.7,73.774
8/12/19 10:40,77.684,59.5,1506.2,73.774
8/12/19 10:40,77.684,59.5,1506.2,73.818
8/12/19 10:40,77.684,59.4,1503.7,73.818
8/12/19 10:40,77.684,59.3,1506.2,73.818
8/12/19 10:40,77.684,59.3,1503.7,73.818
8/12/19 10:40,77.684,59.3,1503.7,73.818
8/12/19 10:40,77.684,59.2,1503.7,73.818
8/12/19 10:40,77.684,59.3,1506.2,73.818
8/12/19 10:40,77.684,59.2,1506.2,73.818
8/12/19 10:40,77.684,59.3,1506.2,73.818
8/12/19 10:40,77.684,59.3,1506.2,73.818
8/12/19 10:40,77.684,59.4,1506.2,73.818
8/12/19 10:40,77.684,59.5,1506.2,73.818
8/12/19 10:40,77.684,59.5,1506.2,73.818
8/12/19 10:40,77.684,59.6,1506.2,73.818
8/12/19 10:40,77.684,59.6,1506.2,73.818
8/12/19 10:40,77.684,59.7,1506.2,73.818
8/12/19 10:40,77.684,59.8,1508.7,73.818
8/12/19 10:40,77.684,59.8,1506.2,73.818
8/12/19 10:40,77.727,59.9,1508.7,73.818
8/12/19 10:40,77.727,60,1506.2,73.818
8/12/19 10:40,77.727,60.1,1506.2,73.818
8/12/19 10:40,77.727,60.1,1508.7,73.818
8/12/19 10:40,77.727,60.2,1506.2,73.818
8/12/19 10:40,77.727,60.2,1506.2,73.818
8/12/19 10:40,77.727,60.2,1508.7,73.818
8/12/19 10:40,77.77,60.2,1508.7,73.818
8/12/19 10:40,77.77,60.2,1508.7,73.818
8/12/19 10:40,77.77,60.2,1506.2,73.861
8/12/19 10:40,77.77,60.1,1511.2,73.861
8/12/19 10:40,77.77,60.1,1506.2,73.861
8/12/19 10:40,77.77,60.1,1508.7,73.818
8/12/19 10:40,77.815,60.1,1508.7,73.861
8/12/19 10:40,77.815,60.1,1508.7,73.861
8/12/19 10:40,77.815,60.1,1508.7,73.861
8/12/19 10:40,77.815,60,1508.7,73.861
8/12/19 10:40,77.815,60,1508.7,73.861
8/12/19 10:41,77.815,59.9,1508.7,73.861
8/12/19 10:41,77.815,59.8,1511.2,73.861
8/12/19 10:41,77.815,59.8,1508.7,73.861
8/12/19 10:41,77.815,59.7,1508.7,73.861
8/12/19 10:41,77.815,59.7,1503.7,73.861
8/12/19 10:41,77.815,59.6,1506.2,73.861
8/12/19 10:41,77.815,59.6,1508.7,73.861
8/12/19 10:41,77.815,59.6,1508.7,73.861
8/12/19 10:41,77.815,59.6,1511.2,73.861
8/12/19 10:41,77.815,59.6,1508.7,73.861
8/12/19 10:41,77.815,59.6,1508.7,73.861
8/12/19 10:41,77.815,59.6,1511.2,73.861
8/12/19 10:41,77.815,59.6,1511.2,73.861
8/12/19 10:41,77.815,59.6,1511.2,73.861
8/12/19 10:41,77.815,59.6,1508.7,73.861
8/12/19 10:41,77.815,59.6,1511.2,73.861
8/12/19 10:41,77.815,59.6,1511.2,73.861
8/12/19 10:41,77.815,59.6,1511.2,73.904
8/12/19 10:41,77.815,59.6,1511.2,73.904
8/12/19 10:41,77.815,59.7,1511.2,73.904
8/12/19 10:41,77.815,59.7,1508.7,73.904
8/12/19 10:41,77.815,59.7,1511.2,73.861
8/12/19 10:41,77.815,59.8,1511.2,73.904
8/12/19 10:41,77.815,59.8,1511.2,73.904
8/12/19 10:41,77.815,59.9,1513.7,73.904
8/12/19 10:41,77.859,60,1511.2,73.904
8/12/19 10:41,77.859,60,1511.2,73.904
8/12/19 10:41,77.859,60.1,1511.2,73.904
8/12/19 10:41,77.859,60.1,1511.2,73.904
8/12/19 10:41,77.859,60.1,1508.7,73.904
8/12/19 10:41,77.859,60.2,1511.2,73.904
8/12/19 10:41,77.859,60.2,1511.2,73.904
8/12/19 10:41,77.902,60.2,1513.7,73.904
8/12/19 10:41,77.902,60.2,1511.2,73.904
8/12/19 10:41,77.902,60.2,1508.7,73.904
8/12/19 10:41,77.902,60.2,1511.2,73.904
8/12/19 10:41,77.902,60.2,1513.7,73.904
8/12/19 10:41,77.902,60.3,1513.7,73.904
8/12/19 10:41,77.902,60.3,1508.7,73.904
8/12/19 10:41,77.902,60.3,1513.7,73.904
8/12/19 10:41,77.945,60.3,1511.2,73.904
8/12/19 10:41,77.945,60.3,1513.7,73.904
8/12/19 10:41,77.945,60.4,1511.2,73.904
8/12/19 10:41,77.945,60.4,1508.7,73.904
8/12/19 10:41,77.945,60.4,1508.7,73.904
8/12/19 10:41,77.945,60.4,1513.7,73.904
8/12/19 10:41,77.99,60.4,1511.2,73.947
8/12/19 10:41,77.99,60.4,1513.7,73.904
8/12/19 10:41,77.99,60.4,1513.7,73.904
8/12/19 10:41,77.99,60.4,1511.2,73.947
8/12/19 10:41,77.99,60.4,1511.2,73.947
8/12/19 10:41,77.99,60.5,1513.7,73.947
8/12/19 10:41,78.033,60.5,1518.7,73.947
8/12/19 10:41,78.033,60.6,1516.2,73.947
8/12/19 10:41,78.033,60.6,1513.7,73.947
8/12/19 10:41,78.033,60.7,1513.7,73.947
8/12/19 10:41,78.033,60.8,1513.7,73.904
8/12/19 10:41,78.076,60.8,1511.2,73.947
8/12/19 10:41,78.076,60.9,1518.7,73.947
8/12/19 10:41,78.076,60.8,1513.7,73.947
8/12/19 10:42,78.076,60.8,1516.2,73.947
8/12/19 10:42,78.121,60.8,1513.7,73.947
8/12/19 10:42,78.121,60.9,1513.7,73.947
8/12/19 10:42,78.121,60.8,1516.2,73.947
8/12/19 10:42,78.121,60.9,1516.2,73.947
8/12/19 10:42,78.121,60.9,1513.7,73.947
8/12/19 10:42,78.165,60.9,1513.7,73.947
8/12/19 10:42,78.165,60.9,1513.7,73.947
8/12/19 10:42,78.165,60.9,1513.7,73.947
8/12/19 10:42,78.165,60.8,1513.7,73.947
8/12/19 10:42,78.165,60.9,1513.7,73.947
8/12/19 10:42,78.165,60.9,1513.7,73.947
8/12/19 10:42,78.208,61,1516.2,73.99
8/12/19 10:42,78.208,61.1,1513.7,73.99
8/12/19 10:42,78.208,61.2,1513.7,73.947
8/12/19 10:42,78.208,61.4,1513.7,73.99
8/12/19 10:42,78.208,61.3,1516.2,73.99
8/12/19 10:42,78.251,61.4,1513.7,73.947
8/12/19 10:42,78.251,61.5,1513.7,73.99
8/12/19 10:42,78.251,61.5,1513.7,73.99
8/12/19 10:42,78.251,61.5,1511.2,73.99
8/12/19 10:42,78.251,61.4,1513.7,73.99
8/12/19 10:42,78.251,61.4,1516.2,73.99
8/12/19 10:42,78.296,61.4,1516.2,73.99
8/12/19 10:42,78.296,61.4,1513.7,73.99
8/12/19 10:42,78.296,61.3,1513.7,73.99
8/12/19 10:42,78.296,61.2,1516.2,73.99
8/12/19 10:42,78.296,61,1508.7,73.99
8/12/19 10:42,78.339,60.7,1516.2,73.99
8/12/19 10:42,78.339,60.5,1521.2,73.99
8/12/19 10:42,78.339,60.3,1516.2,73.99
8/12/19 10:42,78.339,60.1,1513.7,73.99
8/12/19 10:42,78.339,60,1516.2,73.99
8/12/19 10:42,78.339,59.9,1513.7,73.99
8/12/19 10:42,78.339,59.8,1516.2,73.99
8/12/19 10:42,78.339,59.6,1516.2,73.99
8/12/19 10:42,78.339,59.5,1516.2,73.99
8/12/19 10:42,78.339,59.4,1518.7,73.99
8/12/19 10:42,78.339,59.1,1516.2,73.99
8/12/19 10:42,78.339,58.9,1516.2,73.99
8/12/19 10:42,78.339,58.7,1516.2,73.99
8/12/19 10:42,78.339,58.5,1516.2,73.99
8/12/19 10:42,78.339,58.3,1513.7,73.99
8/12/19 10:42,78.339,58.2,1513.7,74.034
8/12/19 10:42,78.339,58.1,1516.2,74.034
8/12/19 10:42,78.339,58,1516.2,74.034
8/12/19 10:42,78.339,57.8,1516.2,74.034
8/12/19 10:42,78.339,57.8,1513.7,74.034
8/12/19 10:42,78.339,57.9,1516.2,74.034
8/12/19 10:42,78.339,57.9,1516.2,74.034
8/12/19 10:42,78.339,58,1518.7,74.034
8/12/19 10:42,78.339,58,1518.7,74.034
8/12/19 10:42,78.339,58,1513.7,74.034
8/12/19 10:42,78.296,58.1,1516.2,74.034
8/12/19 10:42,78.296,58.2,1516.2,74.034
8/12/19 10:42,78.296,58.3,1516.2,74.034
8/12/19 10:42,78.296,58.3,1513.7,74.034
8/12/19 10:42,78.296,58.3,1516.2,74.034
8/12/19 10:42,78.296,58.3,1516.2,74.034
8/12/19 10:42,78.296,58.3,1518.7,74.034
8/12/19 10:43,78.296,58.4,1518.7,74.034
8/12/19 10:43,78.296,58.4,1516.2,74.034
8/12/19 10:43,78.339,58.5,1516.2,74.034
8/12/19 10:43,78.339,58.6,1516.2,74.034
8/12/19 10:43,78.339,58.7,1516.2,74.034
8/12/19 10:43,78.339,58.7,1516.2,74.034
8/12/19 10:43,78.339,58.7,1516.2,74.034
8/12/19 10:43,78.339,58.7,1513.7,74.034
8/12/19 10:43,78.339,58.8,1516.2,74.034
8/12/19 10:43,78.339,58.8,1516.2,74.034
8/12/19 10:43,78.339,58.9,1518.7,74.034
8/12/19 10:43,78.339,58.8,1516.2,74.034
8/12/19 10:43,78.339,58.7,1516.2,74.077
8/12/19 10:43,78.382,58.6,1516.2,74.034
8/12/19 10:43,78.382,58.4,1516.2,74.077
8/12/19 10:43,78.339,58.2,1518.7,74.077
8/12/19 10:43,78.382,57.9,1516.2,74.077
8/12/19 10:43,78.382,57.7,1516.2,74.077
8/12/19 10:43,78.339,57.5,1516.2,74.077
8/12/19 10:43,78.339,57.2,1516.2,74.077
8/12/19 10:43,78.339,57.2,1516.2,74.077
8/12/19 10:43,78.339,57,1516.2,74.077
8/12/19 10:43,78.339,56.9,1516.2,74.077
8/12/19 10:43,78.296,56.9,1518.7,74.077
8/12/19 10:43,78.296,56.8,1513.7,74.077
8/12/19 10:43,78.296,56.8,1516.2,74.077
8/12/19 10:43,78.251,56.8,1521.2,74.077
8/12/19 10:43,78.251,56.9,1513.7,74.077
8/12/19 10:43,78.251,57,1518.7,74.077
8/12/19 10:43,78.251,57.1,1516.2,74.077
8/12/19 10:43,78.208,57.1,1516.2,74.077
8/12/19 10:43,78.208,57.1,1518.7,74.077
8/12/19 10:43,78.208,57.1,1518.7,74.077
8/12/19 10:43,78.165,57.1,1513.7,74.077
8/12/19 10:43,78.165,57.1,1516.2,74.077
8/12/19 10:43,78.165,57.1,1518.7,74.077
8/12/19 10:43,78.165,57,1518.7,74.077
8/12/19 10:43,78.165,57,1516.2,74.077
8/12/19 10:43,78.121,57,1513.7,74.077
8/12/19 10:43,78.121,57.1,1518.7,74.077
8/12/19 10:43,78.121,57.1,1516.2,74.077
8/12/19 10:43,78.121,57.2,1518.7,74.077
8/12/19 10:43,78.076,57.2,1518.7,74.12
8/12/19 10:43,78.076,57.3,1516.2,74.077
8/12/19 10:43,78.076,57.3,1513.7,74.12
8/12/19 10:43,78.076,57.4,1516.2,74.12
8/12/19 10:43,78.076,57.5,1516.2,74.12
8/12/19 10:43,78.033,57.6,1516.2,74.12
8/12/19 10:43,78.033,57.6,1513.7,74.12
8/12/19 10:43,78.033,57.8,1518.7,74.12
8/12/19 10:43,78.033,57.8,1513.7,74.12
8/12/19 10:43,78.033,58,1513.7,74.12
8/12/19 10:43,78.033,58,1516.2,74.12
8/12/19 10:43,78.033,58,1513.7,74.12
8/12/19 10:43,78.033,58.1,1513.7,74.12
8/12/19 10:43,78.033,58.2,1513.7,74.12
8/12/19 10:43,78.033,58.2,1516.2,74.12
8/12/19 10:43,78.033,58.2,1516.2,74.12
8/12/19 10:43,78.033,58.2,1516.2,74.12
8/12/19 10:43,78.033,58.2,1516.2,74.12
8/12/19 10:44,78.033,58.2,1516.2,74.12
8/12/19 10:44,78.033,58.2,1516.2,74.12
8/12/19 10:44,78.033,58.2,1516.2,74.12
8/12/19 10:44,78.033,58.1,1516.2,74.12
8/12/19 10:44,78.033,58,1516.2,74.12
8/12/19 10:44,77.99,57.9,1516.2,74.12
8/12/19 10:44,77.99,57.8,1518.7,74.12
8/12/19 10:44,77.99,57.7,1516.2,74.12
8/12/19 10:44,77.99,57.7,1516.2,74.12
8/12/19 10:44,77.99,57.7,1516.2,74.12
8/12/19 10:44,77.99,57.7,1513.7,74.12
8/12/19 10:44,77.99,57.7,1518.7,74.12
8/12/19 10:44,77.945,57.7,1516.2,74.163
8/12/19 10:44,77.945,57.8,1516.2,74.163
8/12/19 10:44,77.945,57.9,1516.2,74.163
8/12/19 10:44,77.945,57.9,1516.2,74.163
8/12/19 10:44,77.945,57.9,1518.7,74.163
8/12/19 10:44,77.945,57.8,1516.2,74.163
8/12/19 10:44,77.902,57.7,1516.2,74.163
8/12/19 10:44,77.902,57.7,1516.2,74.163
8/12/19 10:44,77.902,57.6,1518.7,74.163
8/12/19 10:44,77.902,57.6,1516.2,74.163
8/12/19 10:44,77.859,57.5,1518.7,74.163
8/12/19 10:44,77.859,57.5,1518.7,74.163
8/12/19 10:44,77.859,57.4,1513.7,74.163
8/12/19 10:44,77.859,57.4,1518.7,74.163
8/12/19 10:44,77.815,57.4,1516.2,74.163
8/12/19 10:44,77.815,57.4,1518.7,74.163
8/12/19 10:44,77.815,57.5,1518.7,74.163
8/12/19 10:44,77.815,57.5,1516.2,74.163
8/12/19 10:44,77.77,57.5,1521.2,74.163
8/12/19 10:44,77.77,57.5,1518.7,74.163
8/12/19 10:44,77.77,57.5,1516.2,74.163
8/12/19 10:44,77.77,57.5,1521.2,74.163
8/12/19 10:44,77.77,57.5,1521.2,74.163
8/12/19 10:44,77.77,57.5,1518.7,74.163
8/12/19 10:44,77.727,57.5,1516.2,74.163
8/12/19 10:44,77.727,57.5,1521.2,74.163
8/12/19 10:44,77.727,57.4,1518.7,74.163
8/12/19 10:44,77.727,57.4,1518.7,74.163
8/12/19 10:44,77.727,57.4,1518.7,74.163
8/12/19 10:44,77.727,57.3,1521.2,74.163
8/12/19 10:44,77.727,57.3,1521.2,74.163
8/12/19 10:44,77.684,57.3,1518.7,74.163
8/12/19 10:44,77.684,57.3,1521.2,74.163
8/12/19 10:44,77.684,57.2,1521.2,74.163
8/12/19 10:44,77.684,57.1,1521.2,74.206
8/12/19 10:44,77.684,57.1,1518.7,74.206
8/12/19 10:44,77.639,57.1,1518.7,74.206
8/12/19 10:44,77.639,57,1521.2,74.206
8/12/19 10:44,77.639,57,1521.2,74.206
8/12/19 10:44,77.639,57,1521.2,74.206
8/12/19 10:44,77.639,57.1,1518.7,74.206
8/12/19 10:44,77.639,57.1,1521.2,74.206
8/12/19 10:44,77.639,57.1,1521.2,74.206
8/12/19 10:44,77.639,57.1,1521.2,74.206
8/12/19 10:44,77.596,57.1,1521.2,74.206
8/12/19 10:44,77.596,57.1,1521.2,74.206
8/12/19 10:44,77.596,57.1,1523.7,74.206
8/12/19 10:44,77.596,57,1521.2,74.206
8/12/19 10:45,77.596,56.9,1521.2,74.206
8/12/19 10:45,77.596,56.9,1521.2,74.206
8/12/19 10:45,77.596,56.8,1521.2,74.206
8/12/19 10:45,77.553,56.7,1523.7,74.206
8/12/19 10:45,77.553,56.7,1521.2,74.206
8/12/19 10:45,77.553,56.6,1523.7,74.206
8/12/19 10:45,77.553,56.6,1523.7,74.206
8/12/19 10:45,77.553,56.6,1523.7,74.25
8/12/19 10:45,77.509,56.5,1523.7,74.25
8/12/19 10:45,77.509,56.5,1523.7,74.25
8/12/19 10:45,77.509,56.6,1523.7,74.25
8/12/19 10:45,77.509,56.5,1523.7,74.25
8/12/19 10:45,77.509,56.5,1521.2,74.25
8/12/19 10:45,77.464,56.5,1523.7,74.25
8/12/19 10:45,77.464,56.5,1521.2,74.25
8/12/19 10:45,77.464,56.5,1523.7,74.25
8/12/19 10:45,77.464,56.5,1523.7,74.25
8/12/19 10:45,77.421,56.5,1523.7,74.25
8/12/19 10:45,77.421,56.5,1526.2,74.25
8/12/19 10:45,77.421,56.6,1523.7,74.25
8/12/19 10:45,77.421,56.5,1523.7,74.25
8/12/19 10:45,77.378,56.5,1523.7,74.25
8/12/19 10:45,77.378,56.6,1526.2,74.25
8/12/19 10:45,77.378,56.5,1526.2,74.25
8/12/19 10:45,77.378,56.5,1523.7,74.25
8/12/19 10:45,77.335,56.5,1526.2,74.25
8/12/19 10:45,77.335,56.5,1526.2,74.25
8/12/19 10:45,77.335,56.6,1526.2,74.25
8/12/19 10:45,77.335,56.5,1523.7,74.25
8/12/19 10:45,77.335,56.6,1526.2,74.25
8/12/19 10:45,77.292,56.7,1526.2,74.25
8/12/19 10:45,77.292,56.9,1528.7,74.25
8/12/19 10:45,77.292,56.9,1523.7,74.25
8/12/19 10:45,77.292,57.1,1526.2,74.25
8/12/19 10:45,77.292,57.1,1526.2,74.25
8/12/19 10:45,77.247,57.2,1526.2,74.25
8/12/19 10:45,77.247,57.2,1523.7,74.25
8/12/19 10:45,77.247,57.2,1526.2,74.295
8/12/19 10:45,77.247,57.2,1526.2,74.295
8/12/19 10:45,77.247,57.1,1526.2,74.295
8/12/19 10:45,77.247,57.1,1526.2,74.295
8/12/19 10:45,77.247,57.1,1526.2,74.295
8/12/19 10:45,77.203,57.1,1526.2,74.295
8/12/19 10:45,77.203,57.1,1523.7,74.295
8/12/19 10:45,77.203,57.1,1523.7,74.295
8/12/19 10:45,77.203,57.1,1526.2,74.295
8/12/19 10:45,77.203,57.1,1526.2,74.295
8/12/19 10:45,77.203,57.2,1526.2,74.295
8/12/19 10:45,77.16,57.3,1528.7,74.295
8/12/19 10:45,77.16,57.4,1523.7,74.295
8/12/19 10:45,77.16,57.6,1526.2,74.295
8/12/19 10:45,77.16,57.7,1526.2,74.295
8/12/19 10:45,77.16,57.7,1526.2,74.295
8/12/19 10:45,77.16,57.6,1526.2,74.295
8/12/19 10:45,77.16,57.7,1526.2,74.295
8/12/19 10:45,77.117,57.7,1526.2,74.295
8/12/19 10:45,77.117,57.6,1526.2,74.295
8/12/19 10:45,77.117,57.5,1528.7,74.295
8/12/19 10:45,77.117,57.4,1526.2,74.295
8/12/19 10:45,77.117,57.4,1526.2,74.295
8/12/19 10:46,77.117,57.3,1528.7,74.295
8/12/19 10:46,77.117,57.2,1528.7,74.295
8/12/19 10:46,77.117,57.2,1526.2,74.295
8/12/19 10:46,77.117,57.1,1526.2,74.295
8/12/19 10:46,77.117,57.1,1526.2,74.295
8/12/19 10:46,77.072,57.1,1528.7,74.338
8/12/19 10:46,77.072,57.1,1526.2,74.338
8/12/19 10:46,77.072,57.1,1526.2,74.338
8/12/19 10:46,77.072,57.1,1526.2,74.338
8/12/19 10:46,77.072,57.1,1528.7,74.338
8/12/19 10:46,77.072,57.1,1526.2,74.338
8/12/19 10:46,77.029,57.1,1523.7,74.338
8/12/19 10:46,77.029,57.1,1528.7,74.338
8/12/19 10:46,77.029,57.1,1526.2,74.338
8/12/19 10:46,77.029,57.1,1528.7,74.338
8/12/19 10:46,77.029,57,1526.2,74.338
8/12/19 10:46,77.029,57,1526.2,74.338
8/12/19 10:46,77.029,57,1526.2,74.338
8/12/19 10:46,77.029,57,1528.7,74.338
8/12/19 10:46,77.029,57,1526.2,74.338
8/12/19 10:46,77.029,57,1526.2,74.338
8/12/19 10:46,77.029,57,1526.2,74.338
8/12/19 10:46,76.986,57,1526.2,74.338
8/12/19 10:46,77.029,57,1528.7,74.338
8/12/19 10:46,77.029,57,1526.2,74.338
8/12/19 10:46,76.986,57,1526.2,74.338
8/12/19 10:46,76.986,56.9,1528.7,74.338
8/12/19 10:46,76.986,56.9,1526.2,74.338
8/12/19 10:46,76.986,56.9,1526.2,74.338
8/12/19 10:46,76.986,56.9,1526.2,74.338
8/12/19 10:46,76.986,56.9,1526.2,74.338
8/12/19 10:46,76.986,56.9,1526.2,74.338
8/12/19 10:46,76.986,57,1528.7,74.338
8/12/19 10:46,76.986,57,1526.2,74.338
8/12/19 10:46,76.986,57,1526.2,74.338
8/12/19 10:46,76.986,57,1526.2,74.338
8/12/19 10:46,76.986,57.1,1526.2,74.338
8/12/19 10:46,76.986,57.1,1526.2,74.381
8/12/19 10:46,76.986,57.2,1526.2,74.381
8/12/19 10:46,76.986,57.3,1528.7,74.381
8/12/19 10:46,76.986,57.3,1526.2,74.381
8/12/19 10:46,76.986,57.4,1526.2,74.381
8/12/19 10:46,76.986,57.6,1526.2,74.381
8/12/19 10:46,76.986,57.6,1523.7,74.381
8/12/19 10:46,76.986,57.8,1523.7,74.381
8/12/19 10:46,76.986,57.9,1526.2,74.381
8/12/19 10:46,76.986,58.1,1523.7,74.381
8/12/19 10:46,76.986,58.1,1526.2,74.381
8/12/19 10:46,77.029,58.2,1521.2,74.381
8/12/19 10:46,77.029,58.3,1523.7,74.381
8/12/19 10:46,77.029,58.4,1526.2,74.381
8/12/19 10:46,77.029,58.4,1526.2,74.381
8/12/19 10:46,77.029,58.3,1526.2,74.381
8/12/19 10:46,77.029,58.3,1526.2,74.381
8/12/19 10:46,77.029,58.2,1523.7,74.381
8/12/19 10:46,77.072,58.2,1526.2,74.381
8/12/19 10:46,77.072,58.2,1526.2,74.381
8/12/19 10:46,77.072,58.1,1523.7,74.381
8/12/19 10:46,77.072,58,1526.2,74.381
8/12/19 10:46,77.072,57.9,1526.2,74.381
8/12/19 10:47,77.072,57.8,1523.7,74.381
8/12/19 10:47,77.072,57.7,1526.2,74.424
8/12/19 10:47,77.072,57.7,1526.2,74.424
8/12/19 10:47,77.072,57.9,1526.2,74.424
8/12/19 10:47,77.072,57.7,1526.2,74.424
8/12/19 10:47,77.072,57.8,1526.2,74.424
8/12/19 10:47,77.072,57.7,1526.2,74.424
8/12/19 10:47,77.072,57.7,1526.2,74.424
8/12/19 10:47,77.072,57.7,1523.7,74.424
8/12/19 10:47,77.072,57.8,1523.7,74.424
8/12/19 10:47,77.072,57.7,1526.2,74.424
8/12/19 10:47,77.072,57.7,1523.7,74.424
8/12/19 10:47,77.072,57.7,1526.2,74.424
8/12/19 10:47,77.072,57.8,1526.2,74.424
8/12/19 10:47,77.072,57.8,1526.2,74.424
8/12/19 10:47,77.072,58,1526.2,74.424
8/12/19 10:47,77.072,58.1,1528.7,74.424
8/12/19 10:47,77.072,58,1526.2,74.424
8/12/19 10:47,77.072,58,1526.2,74.424
8/12/19 10:47,77.072,58.1,1523.7,74.424
8/12/19 10:47,77.072,58.1,1526.2,74.424
8/12/19 10:47,77.072,58.2,1526.2,74.424
8/12/19 10:47,77.072,58.2,1528.7,74.424
8/12/19 10:47,77.072,58.3,1528.7,74.424
8/12/19 10:47,77.117,58.3,1526.2,74.424
8/12/19 10:47,77.117,58.3,1526.2,74.424
8/12/19 10:47,77.117,58.3,1526.2,74.424
8/12/19 10:47,77.117,58.5,1526.2,74.467
8/12/19 10:47,77.117,58.6,1526.2,74.467
8/12/19 10:47,77.117,58.7,1528.7,74.424
8/12/19 10:47,77.117,58.7,1523.7,74.424
8/12/19 10:47,77.16,58.7,1526.2,74.467
8/12/19 10:47,77.16,58.8,1528.7,74.424
8/12/19 10:47,77.16,58.9,1528.7,74.467
8/12/19 10:47,77.16,59,1526.2,74.467
8/12/19 10:47,77.16,59,1526.2,74.467
8/12/19 10:47,77.203,59.1,1526.2,74.467
8/12/19 10:47,77.203,59.1,1528.7,74.467
8/12/19 10:47,77.203,59,1528.7,74.467
8/12/19 10:47,77.247,58.9,1528.7,74.467
8/12/19 10:47,77.247,58.7,1526.2,74.467
8/12/19 10:47,77.247,58.6,1526.2,74.467
8/12/19 10:47,77.247,58.4,1528.7,74.467
8/12/19 10:47,77.247,58.2,1528.7,74.467
8/12/19 10:47,77.247,58.1,1528.7,74.467
8/12/19 10:47,77.247,57.9,1528.7,74.467
8/12/19 10:47,77.247,57.7,1528.7,74.467
8/12/19 10:47,77.247,57.6,1528.7,74.467
8/12/19 10:47,77.247,57.6,1528.7,74.467
8/12/19 10:47,77.247,57.5,1528.7,74.467
8/12/19 10:47,77.247,57.5,1528.7,74.467
8/12/19 10:47,77.247,57.4,1526.2,74.467
8/12/19 10:47,77.247,57.4,1526.2,74.467
8/12/19 10:47,77.247,57.3,1528.7,74.511
8/12/19 10:47,77.247,57.3,1528.7,74.467
8/12/19 10:47,77.247,57.3,1528.7,74.467
8/12/19 10:47,77.247,57.3,1531.2,74.467
8/12/19 10:47,77.247,57.4,1528.7,74.511
8/12/19 10:47,77.247,57.5,1528.7,74.511
8/12/19 10:47,77.247,57.5,1531.2,74.511
8/12/19 10:48,77.247,57.6,1531.2,74.511
8/12/19 10:48,77.247,57.7,1528.7,74.511
8/12/19 10:48,77.247,57.7,1528.7,74.511
8/12/19 10:48,77.247,57.8,1531.2,74.511
8/12/19 10:48,77.247,58,1531.2,74.511
8/12/19 10:48,77.247,58.2,1531.2,74.511
8/12/19 10:48,77.247,58.2,1531.2,74.511
8/12/19 10:48,77.247,58.4,1531.2,74.511
8/12/19 10:48,77.247,58.5,1531.2,74.511
8/12/19 10:48,77.247,58.5,1531.2,74.511
8/12/19 10:48,77.247,58.6,1531.2,74.511
8/12/19 10:48,77.292,58.5,1531.2,74.511
8/12/19 10:48,77.292,58.5,1531.2,74.511
8/12/19 10:48,77.292,58.5,1528.7,74.511
8/12/19 10:48,77.292,58.5,1531.2,74.511
8/12/19 10:48,77.292,58.5,1533.7,74.511
8/12/19 10:48,77.292,58.5,1533.7,74.511
8/12/19 10:48,77.292,58.5,1533.7,74.511
8/12/19 10:48,77.292,58.4,1533.7,74.511
8/12/19 10:48,77.292,58.3,1533.7,74.511
8/12/19 10:48,77.292,58.3,1533.7,74.511
8/12/19 10:48,77.335,58.2,1531.2,74.511
8/12/19 10:48,77.335,58.2,1533.7,74.511
8/12/19 10:48,77.335,58.2,1536.2,74.511
8/12/19 10:48,77.335,58.2,1533.7,74.511
8/12/19 10:48,77.335,58.2,1533.7,74.511
8/12/19 10:48,77.335,58.2,1533.7,74.511
8/12/19 10:48,77.335,58.2,1533.7,74.554
8/12/19 10:48,77.335,58.2,1533.7,74.554
8/12/19 10:48,77.335,58.2,1533.7,74.554
8/12/19 10:48,77.335,58.2,1533.7,74.554
8/12/19 10:48,77.335,58.2,1533.7,74.554
8/12/19 10:48,77.335,58.2,1533.7,74.554
8/12/19 10:48,77.335,58.1,1533.7,74.554
8/12/19 10:48,77.335,58,1533.7,74.554
8/12/19 10:48,77.335,58,1533.7,74.554
8/12/19 10:48,77.335,57.8,1536.2,74.554
8/12/19 10:48,77.335,57.7,1533.7,74.554
8/12/19 10:48,77.335,57.7,1536.2,74.554
8/12/19 10:48,77.335,57.5,1536.2,74.554
8/12/19 10:48,77.292,57.4,1533.7,74.554
8/12/19 10:48,77.292,57.3,1533.7,74.554
8/12/19 10:48,77.292,57.2,1533.7,74.554
8/12/19 10:48,77.292,57.2,1533.7,74.554
8/12/19 10:48,77.292,57.3,1533.7,74.554
8/12/19 10:48,77.292,57.4,1536.2,74.554
8/12/19 10:48,77.292,57.5,1536.2,74.554
8/12/19 10:48,77.247,57.7,1536.2,74.554
8/12/19 10:48,77.247,57.7,1533.7,74.597
8/12/19 10:48,77.247,57.8,1536.2,74.554
8/12/19 10:48,77.247,57.9,1538.7,74.597
8/12/19 10:48,77.247,58,1536.2,74.597
8/12/19 10:48,77.247,58.1,1541.2,74.597
8/12/19 10:48,77.247,58.2,1538.7,74.597
8/12/19 10:48,77.247,58.2,1538.7,74.597
8/12/19 10:48,77.247,58.3,1536.2,74.597
8/12/19 10:48,77.247,58.4,1536.2,74.597
8/12/19 10:48,77.292,58.4,1538.7,74.597
8/12/19 10:48,77.292,58.5,1536.2,74.597
8/12/19 10:48,77.292,58.6,1536.2,74.597
8/12/19 10:49,77.292,58.6,1538.7,74.597
8/12/19 10:49,77.292,58.6,1538.7,74.597
8/12/19 10:49,77.292,58.7,1538.7,74.597
8/12/19 10:49,77.292,58.7,1541.2,74.597
8/12/19 10:49,77.292,58.7,1541.2,74.597
8/12/19 10:49,77.335,58.7,1538.7,74.597
8/12/19 10:49,77.335,58.7,1538.7,74.597
8/12/19 10:49,77.335,58.7,1538.7,74.597
8/12/19 10:49,77.335,58.7,1538.7,74.597
8/12/19 10:49,77.335,58.7,1538.7,74.597
8/12/19 10:49,77.335,58.7,1541.2,74.597
8/12/19 10:49,77.335,58.6,1538.7,74.597
8/12/19 10:49,77.335,58.6,1538.7,74.597
8/12/19 10:49,77.378,58.5,1538.7,74.597
8/12/19 10:49,77.378,58.5,1538.7,74.597
8/12/19 10:49,77.378,58.5,1538.7,74.64
8/12/19 10:49,77.378,58.5,1538.7,74.64
8/12/19 10:49,77.378,58.5,1541.2,74.64
8/12/19 10:49,77.378,58.5,1541.2,74.64
8/12/19 10:49,77.378,58.6,1538.7,74.64
8/12/19 10:49,77.378,58.6,1538.7,74.64
8/12/19 10:49,77.378,58.7,1543.7,74.64
8/12/19 10:49,77.421,58.8,1541.2,74.64
8/12/19 10:49,77.421,58.7,1541.2,74.64
8/12/19 10:49,77.421,58.8,1538.7,74.64
8/12/19 10:49,77.421,58.9,1541.2,74.64
8/12/19 10:49,77.421,58.9,1541.2,74.64
8/12/19 10:49,77.421,58.9,1541.2,74.64
8/12/19 10:49,77.421,58.9,1538.7,74.64
8/12/19 10:49,77.421,58.8,1541.2,74.64
8/12/19 10:49,77.421,58.8,1536.2,74.64
8/12/19 10:49,77.464,58.7,1538.7,74.64
8/12/19 10:49,77.421,58.8,1538.7,74.64
8/12/19 10:49,77.464,58.7,1538.7,74.64
8/12/19 10:49,77.464,58.7,1541.2,74.64
8/12/19 10:49,77.464,58.7,1541.2,74.64
8/12/19 10:49,77.464,58.7,1541.2,74.64
8/12/19 10:49,77.464,58.7,1541.2,74.683
8/12/19 10:49,77.464,58.7,1541.2,74.683
8/12/19 10:49,77.464,58.6,1541.2,74.683
8/12/19 10:49,77.509,58.6,1541.2,74.683
8/12/19 10:49,77.509,58.6,1541.2,74.683
8/12/19 10:49,77.509,58.5,1538.7,74.683
8/12/19 10:49,77.509,58.5,1541.2,74.683
8/12/19 10:49,77.509,58.5,1543.7,74.683
8/12/19 10:49,77.509,58.5,1541.2,74.683
8/12/19 10:49,77.509,58.5,1541.2,74.683
8/12/19 10:49,77.509,58.5,1541.2,74.683
8/12/19 10:49,77.553,58.5,1543.7,74.683
8/12/19 10:49,77.553,58.5,1543.7,74.683
8/12/19 10:49,77.553,58.4,1541.2,74.683
8/12/19 10:49,77.553,58.4,1541.2,74.683
8/12/19 10:49,77.553,58.4,1541.2,74.683
8/12/19 10:49,77.553,58.4,1541.2,74.683
8/12/19 10:49,77.553,58.4,1543.7,74.683
8/12/19 10:49,77.553,58.4,1541.2,74.683
8/12/19 10:49,77.553,58.4,1543.7,74.683
8/12/19 10:49,77.596,58.5,1541.2,74.683
8/12/19 10:49,77.553,58.6,1541.2,74.683
8/12/19 10:49,77.596,58.6,1541.2,74.683
8/12/19 10:50,77.596,58.7,1541.2,74.683
8/12/19 10:50,77.596,58.7,1541.2,74.683
8/12/19 10:50,77.596,58.7,1541.2,74.683
8/12/19 10:50,77.596,58.7,1543.7,74.727
8/12/19 10:50,77.639,58.8,1543.7,74.727
8/12/19 10:50,77.639,58.7,1538.7,74.727
8/12/19 10:50,77.639,58.7,1538.7,74.727
8/12/19 10:50,77.639,58.8,1538.7,74.727
8/12/19 10:50,77.639,58.9,1538.7,74.727
8/12/19 10:50,77.684,58.9,1541.2,74.727
8/12/19 10:50,77.684,59,1538.7,74.727
8/12/19 10:50,77.684,59,1538.7,74.727
8/12/19 10:50,77.684,59.1,1538.7,74.727
8/12/19 10:50,77.684,59.1,1538.7,74.727
8/12/19 10:50,77.684,59.1,1538.7,74.727
8/12/19 10:50,77.727,59.1,1541.2,74.727
8/12/19 10:50,77.727,59.1,1541.2,74.727
8/12/19 10:50,77.727,59.1,1541.2,74.727
8/12/19 10:50,77.727,59.1,1543.7,74.727
8/12/19 10:50,77.727,59.1,1541.2,74.727
8/12/19 10:50,77.77,59.1,1543.7,74.727
8/12/19 10:50,77.77,59.1,1541.2,74.727
8/12/19 10:50,77.77,59.1,1541.2,74.727
8/12/19 10:50,77.77,59,1541.2,74.727
8/12/19 10:50,77.77,58.9,1541.2,74.727
8/12/19 10:50,77.815,58.7,1541.2,74.77
8/12/19 10:50,77.815,58.7,1541.2,74.727
8/12/19 10:50,77.815,58.6,1541.2,74.77
8/12/19 10:50,77.815,58.4,1541.2,74.77
8/12/19 10:50,77.815,58.3,1541.2,74.77
8/12/19 10:50,77.815,58.2,1541.2,74.77
8/12/19 10:50,77.815,58.1,1541.2,74.77
8/12/19 10:50,77.815,57.9,1543.7,74.77
8/12/19 10:50,77.815,57.8,1541.2,74.77
8/12/19 10:50,77.815,57.8,1541.2,74.77
8/12/19 10:50,77.815,57.8,1541.2,74.77
8/12/19 10:50,77.815,57.8,1541.2,74.77
8/12/19 10:50,77.815,57.9,1541.2,74.77
8/12/19 10:50,77.815,57.9,1541.2,74.77
8/12/19 10:50,77.815,57.9,1541.2,74.77
8/12/19 10:50,77.815,57.8,1541.2,74.77
8/12/19 10:50,77.815,57.8,1541.2,74.77
8/12/19 10:50,77.815,57.7,1543.7,74.77
8/12/19 10:50,77.815,57.7,1541.2,74.77
8/12/19 10:50,77.77,57.6,1543.7,74.77
8/12/19 10:50,77.77,57.6,1543.7,74.77
8/12/19 10:50,77.77,57.6,1541.2,74.77
8/12/19 10:50,77.77,57.6,1541.2,74.77
8/12/19 10:50,77.77,57.6,1543.7,74.77
8/12/19 10:50,77.77,57.6,1543.7,74.77
8/12/19 10:50,77.77,57.7,1546.2,74.77
8/12/19 10:50,77.77,57.8,1543.7,74.77
8/12/19 10:50,77.77,57.8,1543.7,74.813
8/12/19 10:50,77.77,57.9,1541.2,74.813
8/12/19 10:50,77.77,57.9,1541.2,74.813
8/12/19 10:50,77.77,58,1543.7,74.813
8/12/19 10:50,77.727,58.1,1541.2,74.813
8/12/19 10:50,77.727,58.1,1543.7,74.813
8/12/19 10:50,77.77,58.2,1541.2,74.813
8/12/19 10:50,77.727,58.2,1543.7,74.813
8/12/19 10:51,77.727,58.1,1543.7,74.813
8/12/19 10:51,77.727,57.9,1543.7,74.813
8/12/19 10:51,77.727,57.7,1541.2,74.813
8/12/19 10:51,77.727,57.6,1543.7,74.813
8/12/19 10:51,77.727,57.6,1541.2,74.813
8/12/19 10:51,77.727,57.5,1541.2,74.813
8/12/19 10:51,77.727,57.4,1541.2,74.813
8/12/19 10:51,77.727,57.3,1541.2,74.813
8/12/19 10:51,77.684,57.2,1543.7,74.813
8/12/19 10:51,77.684,57.2,1543.7,74.856
8/12/19 10:51,77.684,57.1,1541.2,74.856
8/12/19 10:51,77.684,57.1,1541.2,74.856
8/12/19 10:51,77.684,56.9,1541.2,74.856
8/12/19 10:51,77.639,56.8,1541.2,74.856
8/12/19 10:51,77.639,56.6,1541.2,74.856
8/12/19 10:51,77.639,56.5,1541.2,74.856
8/12/19 10:51,77.639,56.5,1541.2,74.856
8/12/19 10:51,77.596,56.5,1543.7,74.856
8/12/19 10:51,77.596,56.5,1541.2,74.856
8/12/19 10:51,77.596,56.5,1543.7,74.856
8/12/19 10:51,77.596,56.5,1543.7,74.856
8/12/19 10:51,77.553,56.5,1543.7,74.856
8/12/19 10:51,77.553,56.5,1546.2,74.856
8/12/19 10:51,77.553,56.6,1546.2,74.856
8/12/19 10:51,77.509,56.8,1543.7,74.856
8/12/19 10:51,77.509,57,1543.7,74.856
8/12/19 10:51,77.509,57.1,1541.2,74.856
8/12/19 10:51,77.464,57.4,1543.7,74.856
8/12/19 10:51,77.464,57.6,1543.7,74.856
8/12/19 10:51,77.464,57.7,1543.7,74.856
8/12/19 10:51,77.464,57.9,1546.2,74.856
8/12/19 10:51,77.464,58.1,1543.7,74.856
8/12/19 10:51,77.464,58.2,1546.2,74.856
8/12/19 10:51,77.421,58.2,1543.7,74.856
8/12/19 10:51,77.464,58.2,1546.2,74.856
8/12/19 10:51,77.421,58.2,1546.2,74.899
8/12/19 10:51,77.421,58.2,1543.7,74.856
8/12/19 10:51,77.421,58.2,1543.7,74.856
8/12/19 10:51,77.421,58.2,1546.2,74.899
8/12/19 10:51,77.421,58.3,1541.2,74.899
8/12/19 10:51,77.421,58.3,1546.2,74.899
8/12/19 10:51,77.421,58.4,1543.7,74.899
8/12/19 10:51,77.421,58.5,1543.7,74.899
8/12/19 10:51,77.421,58.6,1543.7,74.899
8/12/19 10:51,77.464,58.6,1541.2,74.899
8/12/19 10:51,77.464,58.6,1541.2,74.899
8/12/19 10:51,77.464,58.5,1543.7,74.899
8/12/19 10:51,77.464,58.4,1543.7,74.899
8/12/19 10:51,77.464,58.2,1543.7,74.899
8/12/19 10:51,77.464,58.2,1546.2,74.899
8/12/19 10:51,77.464,58.1,1543.7,74.899
8/12/19 10:51,77.464,58,1546.2,74.899
8/12/19 10:51,77.464,57.9,1543.7,74.899
8/12/19 10:51,77.464,57.8,1546.2,74.899
8/12/19 10:51,77.464,57.7,1546.2,74.943
8/12/19 10:51,77.464,57.7,1546.2,74.943
8/12/19 10:51,77.464,57.7,1546.2,74.943
8/12/19 10:51,77.464,57.7,1546.2,74.899
8/12/19 10:51,77.464,57.7,1548.7,74.943
8/12/19 10:51,77.464,57.7,1546.2,74.899
8/12/19 10:52,77.464,57.7,1548.7,74.943
8/12/19 10:52,77.464,57.7,1546.2,74.943
8/12/19 10:52,77.464,57.7,1548.7,74.943
8/12/19 10:52,77.464,57.7,1548.7,74.943
8/12/19 10:52,77.464,57.7,1546.2,74.943
8/12/19 10:52,77.464,57.7,1548.7,74.943
8/12/19 10:52,77.464,57.7,1551.2,74.943
8/12/19 10:52,77.464,57.7,1548.7,74.943
8/12/19 10:52,77.464,57.7,1548.7,74.943
8/12/19 10:52,77.464,57.7,1548.7,74.943
8/12/19 10:52,77.464,57.6,1548.7,74.943
8/12/19 10:52,77.464,57.5,1548.7,74.943
8/12/19 10:52,77.464,57.5,1548.7,74.943
8/12/19 10:52,77.464,57.4,1548.7,74.943
8/12/19 10:52,77.464,57.4,1548.7,74.943
8/12/19 10:52,77.464,57.4,1546.2,74.943
8/12/19 10:52,77.464,57.4,1548.7,74.943
8/12/19 10:52,77.464,57.4,1548.7,74.943
8/12/19 10:52,77.464,57.4,1548.7,74.943
8/12/19 10:52,77.464,57.5,1548.7,74.943
8/12/19 10:52,77.464,57.6,1548.7,74.943
8/12/19 10:52,77.464,57.7,1548.7,74.986
8/12/19 10:52,77.464,57.6,1546.2,74.943
8/12/19 10:52,77.464,57.7,1548.7,74.986
8/12/19 10:52,77.421,57.8,1546.2,74.986
8/12/19 10:52,77.464,58,1548.7,74.986
8/12/19 10:52,77.464,58.1,1548.7,74.986
8/12/19 10:52,77.464,58.2,1546.2,74.986
8/12/19 10:52,77.421,58.2,1551.2,74.986
8/12/19 10:52,77.464,58.3,1548.7,74.986
8/12/19 10:52,77.464,58.4,1548.7,74.986
8/12/19 10:52,77.464,58.5,1548.7,74.986
8/12/19 10:52,77.464,58.6,1548.7,74.986
8/12/19 10:52,77.464,58.7,1546.2,74.986
8/12/19 10:52,77.464,58.7,1548.7,74.986
8/12/19 10:52,77.464,58.7,1548.7,74.986
8/12/19 10:52,77.464,58.8,1548.7,74.986
8/12/19 10:52,77.464,58.8,1551.2,74.986
8/12/19 10:52,77.464,58.7,1551.2,74.986
8/12/19 10:52,77.464,58.7,1546.2,74.986
8/12/19 10:52,77.464,58.6,1546.2,74.986
8/12/19 10:52,77.509,58.5,1548.7,75.029
8/12/19 10:52,77.509,58.4,1548.7,75.029
8/12/19 10:52,77.509,58.4,1546.2,75.029
8/12/19 10:52,77.509,58.4,1548.7,74.986
8/12/19 10:52,77.509,58.5,1548.7,75.029
8/12/19 10:52,77.509,58.6,1548.7,75.029
8/12/19 10:52,77.509,58.6,1551.2,75.029
8/12/19 10:52,77.509,58.7,1548.7,75.029
8/12/19 10:52,77.509,58.8,1551.2,75.029
8/12/19 10:52,77.509,58.7,1548.7,75.029
8/12/19 10:52,77.509,58.6,1546.2,75.029
8/12/19 10:52,77.509,58.4,1548.7,75.029
8/12/19 10:52,77.509,58.3,1551.2,75.029
8/12/19 10:52,77.509,58.2,1548.7,75.029
8/12/19 10:52,77.553,58.1,1551.2,75.029
8/12/19 10:52,77.509,57.9,1546.2,75.029
8/12/19 10:52,77.509,57.7,1546.2,75.029
8/12/19 10:52,77.509,57.7,1551.2,75.029
8/12/19 10:52,77.509,57.5,1548.7,75.029
8/12/19 10:53,77.509,57.4,1551.2,75.029
8/12/19 10:53,77.509,57.2,1551.2,75.029
8/12/19 10:53,77.509,57.2,1548.7,75.029
8/12/19 10:53,77.509,57.1,1551.2,75.029
8/12/19 10:53,77.509,57.2,1551.2,75.029
8/12/19 10:53,77.509,57.2,1551.2,75.029
8/12/19 10:53,77.509,57.4,1551.2,75.029
8/12/19 10:53,77.509,57.4,1551.2,75.029
8/12/19 10:53,77.509,57.5,1551.2,75.029
8/12/19 10:53,77.509,57.6,1551.2,75.074
8/12/19 10:53,77.509,57.6,1551.2,75.074
8/12/19 10:53,77.509,57.7,1551.2,75.074
8/12/19 10:53,77.509,57.8,1548.7,75.074
8/12/19 10:53,77.509,57.8,1551.2,75.074
8/12/19 10:53,77.509,57.9,1553.7,75.074
8/12/19 10:53,77.509,58,1553.7,75.074
8/12/19 10:53,77.509,58.1,1553.7,75.074
8/12/19 10:53,77.509,58.2,1553.7,75.074
8/12/19 10:53,77.509,58.2,1551.2,75.074
8/12/19 10:53,77.509,58.3,1551.2,75.074
8/12/19 10:53,77.509,58.3,1548.7,75.074
8/12/19 10:53,77.509,58.2,1548.7,75.074
8/12/19 10:53,77.509,58.2,1548.7,75.074
8/12/19 10:53,77.553,58.2,1551.2,75.074
8/12/19 10:53,77.553,58.1,1548.7,75.074
8/12/19 10:53,77.553,58,1546.2,75.074
8/12/19 10:53,77.553,57.9,1546.2,75.074
8/12/19 10:53,77.553,57.8,1546.2,75.074
8/12/19 10:53,77.553,57.7,1546.2,75.074
8/12/19 10:53,77.553,57.7,1543.7,75.074
8/12/19 10:53,77.553,57.5,1548.7,75.074
8/12/19 10:53,77.553,57.5,1546.2,75.117
8/12/19 10:53,77.596,57.4,1546.2,75.117
8/12/19 10:53,77.553,57.4,1548.7,75.117
8/12/19 10:53,77.553,57.3,1546.2,75.117
8/12/19 10:53,77.553,57.2,1548.7,75.117
8/12/19 10:53,77.553,57.3,1551.2,75.117
8/12/19 10:53,77.553,57.3,1551.2,75.117
8/12/19 10:53,77.596,57.3,1548.7,75.117
8/12/19 10:53,77.553,57.4,1548.7,75.117
8/12/19 10:53,77.553,57.4,1551.2,75.117
8/12/19 10:53,77.553,57.5,1551.2,75.117
8/12/19 10:53,77.553,57.5,1553.7,75.117
8/12/19 10:53,77.596,57.4,1551.2,75.117
8/12/19 10:53,77.553,57.4,1551.2,75.117
8/12/19 10:53,77.553,57.3,1551.2,75.117
8/12/19 10:53,77.596,57.2,1548.7,75.117
8/12/19 10:53,77.596,57.1,1553.7,75.117
8/12/19 10:53,77.596,57.1,1553.7,75.117
8/12/19 10:53,77.596,57.1,1553.7,75.117
8/12/19 10:53,77.596,57.1,1553.7,75.117
8/12/19 10:53,77.596,57,1553.7,75.117
8/12/19 10:53,77.596,56.9,1556.2,75.16
8/12/19 10:53,77.596,56.8,1553.7,75.117
8/12/19 10:53,77.596,56.8,1553.7,75.16
8/12/19 10:53,77.596,56.6,1553.7,75.16
8/12/19 10:53,77.596,56.6,1553.7,75.16
8/12/19 10:53,77.553,56.5,1553.7,75.16
8/12/19 10:53,77.553,56.6,1553.7,75.16
8/12/19 10:53,77.553,56.5,1556.2,75.16
8/12/19 10:54,77.596,56.6,1556.2,75.16
8/12/19 10:54,77.553,56.6,1556.2,75.16
8/12/19 10:54,77.553,56.5,1553.7,75.16
8/12/19 10:54,77.553,56.6,1556.2,75.16
8/12/19 10:54,77.553,56.6,1556.2,75.16
8/12/19 10:54,77.553,56.7,1558.7,75.16
8/12/19 10:54,77.553,56.8,1558.7,75.16
8/12/19 10:54,77.553,56.9,1558.7,75.16
8/12/19 10:54,77.553,57,1551.2,75.16
8/12/19 10:54,77.553,57.1,1556.2,75.16
8/12/19 10:54,77.553,57.1,1558.7,75.16
8/12/19 10:54,77.553,57.2,1558.7,75.16
8/12/19 10:54,77.553,57.4,1556.2,75.16
8/12/19 10:54,77.553,57.5,1556.2,75.204
8/12/19 10:54,77.553,57.7,1556.2,75.16
8/12/19 10:54,77.553,57.7,1556.2,75.204
8/12/19 10:54,77.553,57.8,1558.7,75.204
8/12/19 10:54,77.596,57.9,1561.2,75.204
8/12/19 10:54,77.596,58,1558.7,75.16
8/12/19 10:54,77.596,58.2,1558.7,75.204
8/12/19 10:54,77.596,58.3,1558.7,75.204
8/12/19 10:54,77.596,58.4,1556.2,75.204
8/12/19 10:54,77.596,58.4,1556.2,75.204
8/12/19 10:54,77.596,58.6,1558.7,75.204
8/12/19 10:54,77.639,58.6,1556.2,75.204
8/12/19 10:54,77.639,58.7,1558.7,75.204
8/12/19 10:54,77.639,58.8,1553.7,75.204
8/12/19 10:54,77.639,58.7,1558.7,75.204
8/12/19 10:54,77.684,58.8,1556.2,75.204
8/12/19 10:54,77.684,58.8,1553.7,75.204
8/12/19 10:54,77.684,58.8,1553.7,75.204
8/12/19 10:54,77.727,58.7,1558.7,75.204
8/12/19 10:54,77.727,58.6,1558.7,75.204
8/12/19 10:54,77.727,58.3,1558.7,75.204
8/12/19 10:54,77.77,58.2,1558.7,75.204
8/12/19 10:54,77.77,58,1558.7,75.204
8/12/19 10:54,77.77,57.8,1558.7,75.204
8/12/19 10:54,77.77,57.7,1558.7,75.204
8/12/19 10:54,77.77,57.5,1556.2,75.204
8/12/19 10:54,77.815,57.3,1558.7,75.204
8/12/19 10:54,77.815,57.1,1558.7,75.204
8/12/19 10:54,77.815,57.1,1556.2,75.247
8/12/19 10:54,77.815,56.9,1558.7,75.247
8/12/19 10:54,77.815,56.8,1558.7,75.247
8/12/19 10:54,77.815,56.8,1556.2,75.247
8/12/19 10:54,77.815,56.8,1558.7,75.247
8/12/19 10:54,77.815,56.8,1556.2,75.247
8/12/19 10:54,77.815,56.8,1556.2,75.247
8/12/19 10:54,77.815,56.8,1558.7,75.247
8/12/19 10:54,77.815,56.8,1556.2,75.247
8/12/19 10:54,77.815,56.9,1558.7,75.247
8/12/19 10:54,77.815,56.9,1558.7,75.247
8/12/19 10:54,77.815,57,1556.2,75.247
8/12/19 10:54,77.815,57.1,1558.7,75.247
8/12/19 10:54,77.815,57.1,1556.2,75.247
8/12/19 10:54,77.815,57.1,1553.7,75.247
8/12/19 10:54,77.815,57.1,1558.7,75.247
8/12/19 10:54,77.815,57.1,1558.7,75.247
8/12/19 10:54,77.815,57.1,1553.7,75.247
8/12/19 10:54,77.815,57,1558.7,75.247
8/12/19 10:55,77.815,57.1,1556.2,75.247
8/12/19 10:55,77.815,57.1,1553.7,75.247
8/12/19 10:55,77.859,57.1,1553.7,75.247
8/12/19 10:55,77.859,57.1,1551.2,75.29
8/12/19 10:55,77.859,57.1,1558.7,75.29
8/12/19 10:55,77.859,57.1,1553.7,75.29
8/12/19 10:55,77.859,57.1,1556.2,75.29
8/12/19 10:55,77.859,57.1,1556.2,75.29
8/12/19 10:55,77.859,57,1561.2,75.29
8/12/19 10:55,77.859,57,1556.2,75.29
8/12/19 10:55,77.859,57.1,1558.7,75.29
8/12/19 10:55,77.902,57.1,1558.7,75.29
8/12/19 10:55,77.902,57.1,1556.2,75.29
8/12/19 10:55,77.902,57.1,1556.2,75.29
8/12/19 10:55,77.902,57.1,1553.7,75.29
8/12/19 10:55,77.902,57.3,1558.7,75.29
8/12/19 10:55,77.902,57.4,1556.2,75.29
8/12/19 10:55,77.902,57.5,1556.2,75.29
8/12/19 10:55,77.902,57.5,1556.2,75.29
8/12/19 10:55,77.902,57.5,1561.2,75.29
8/12/19 10:55,77.945,57.4,1558.7,75.29
8/12/19 10:55,77.945,57.3,1558.7,75.29
8/12/19 10:55,77.945,57.2,1556.2,75.29
8/12/19 10:55,77.945,57.1,1556.2,75.29
8/12/19 10:55,77.945,57.1,1558.7,75.333
8/12/19 10:55,77.945,57,1558.7,75.29
8/12/19 10:55,77.945,56.9,1558.7,75.29
8/12/19 10:55,77.945,56.8,1556.2,75.333
8/12/19 10:55,77.945,56.8,1558.7,75.333
8/12/19 10:55,77.99,56.7,1558.7,75.333
8/12/19 10:55,77.945,56.6,1553.7,75.333
8/12/19 10:55,77.945,56.6,1556.2,75.333
8/12/19 10:55,77.945,56.5,1553.7,75.333
8/12/19 10:55,77.945,56.5,1553.7,75.333
8/12/19 10:55,77.945,56.5,1558.7,75.333
8/12/19 10:55,77.945,56.5,1553.7,75.333
8/12/19 10:55,77.945,56.5,1556.2,75.333
8/12/19 10:55,77.945,56.6,1558.7,75.333
8/12/19 10:55,77.945,56.6,1558.7,75.333
8/12/19 10:55,77.945,56.5,1556.2,75.333
8/12/19 10:55,77.945,56.5,1558.7,75.333
8/12/19 10:55,77.945,56.5,1558.7,75.333
8/12/19 10:55,77.945,56.5,1561.2,75.333
8/12/19 10:55,77.945,56.5,1558.7,75.333
8/12/19 10:55,77.945,56.5,1558.7,75.333
8/12/19 10:55,77.945,56.6,1558.7,75.376
8/12/19 10:55,77.945,56.6,1558.7,75.333
8/12/19 10:55,77.945,56.6,1558.7,75.333
8/12/19 10:55,77.945,56.7,1558.7,75.376
8/12/19 10:55,77.902,56.7,1558.7,75.376
8/12/19 10:55,77.902,56.8,1561.2,75.376
8/12/19 10:55,77.902,56.8,1556.2,75.376
8/12/19 10:55,77.902,56.9,1558.7,75.376
8/12/19 10:55,77.902,56.9,1561.2,75.376
8/12/19 10:55,77.945,57,1563.7,75.376
8/12/19 10:55,77.945,57.1,1558.7,75.376
8/12/19 10:55,77.945,57.1,1558.7,75.376
8/12/19 10:55,77.945,57.1,1558.7,75.376
8/12/19 10:55,77.945,57.1,1561.2,75.376
8/12/19 10:55,77.945,57.2,1556.2,75.376
8/12/19 10:56,77.945,57.2,1558.7,75.376
8/12/19 10:56,77.945,57.2,1553.7,75.376
8/12/19 10:56,77.945,57.2,1556.2,75.376
8/12/19 10:56,77.945,57.4,1558.7,75.376
8/12/19 10:56,77.945,57.5,1556.2,75.376
8/12/19 10:56,77.99,57.5,1556.2,75.376
8/12/19 10:56,77.99,57.6,1558.7,75.376
8/12/19 10:56,77.99,57.6,1558.7,75.376
8/12/19 10:56,77.99,57.6,1558.7,75.376
8/12/19 10:56,77.99,57.6,1556.2,75.376
8/12/19 10:56,78.033,57.6,1558.7,75.376
8/12/19 10:56,78.033,57.6,1558.7,75.376
8/12/19 10:56,78.033,57.5,1556.2,75.42
8/12/19 10:56,78.033,57.5,1556.2,75.42
8/12/19 10:56,78.033,57.5,1556.2,75.42
8/12/19 10:56,78.033,57.5,1553.7,75.42
8/12/19 10:56,78.076,57.4,1556.2,75.42
8/12/19 10:56,78.076,57.4,1551.2,75.42
8/12/19 10:56,78.076,57.5,1556.2,75.42
8/12/19 10:56,78.076,57.5,1558.7,75.42
8/12/19 10:56,78.076,57.5,1558.7,75.42
8/12/19 10:56,78.121,57.5,1553.7,75.42
8/12/19 10:56,78.121,57.5,1553.7,75.42
8/12/19 10:56,78.121,57.5,1553.7,75.42
8/12/19 10:56,78.121,57.5,1553.7,75.42
8/12/19 10:56,78.121,57.5,1553.7,75.42
8/12/19 10:56,78.121,57.4,1558.7,75.42
8/12/19 10:56,78.121,57.4,1556.2,75.42
8/12/19 10:56,78.165,57.2,1558.7,75.42
8/12/19 10:56,78.165,57.2,1556.2,75.42
8/12/19 10:56,78.165,57.2,1556.2,75.42
8/12/19 10:56,78.165,57.1,1558.7,75.42
8/12/19 10:56,78.165,57.1,1553.7,75.42
8/12/19 10:56,78.165,57.1,1558.7,75.463
8/12/19 10:56,78.165,57.1,1561.2,75.463
8/12/19 10:56,78.208,57.1,1558.7,75.42
8/12/19 10:56,78.208,57.1,1558.7,75.463
8/12/19 10:56,78.208,57.1,1561.2,75.463
8/12/19 10:56,78.208,57.1,1561.2,75.463
8/12/19 10:56,78.208,57.1,1561.2,75.463
8/12/19 10:56,78.208,57.1,1561.2,75.463
8/12/19 10:56,78.208,57.1,1558.7,75.463
8/12/19 10:56,78.208,57.1,1558.7,75.463
8/12/19 10:56,78.208,57.1,1558.7,75.463
8/12/19 10:56,78.208,57.1,1558.7,75.463
8/12/19 10:56,78.208,57.1,1561.2,75.463
8/12/19 10:56,78.251,57.1,1561.2,75.463
8/12/19 10:56,78.251,57.1,1563.7,75.463
8/12/19 10:56,78.251,57.2,1558.7,75.463
8/12/19 10:56,78.251,57.3,1556.2,75.463
8/12/19 10:56,78.251,57.4,441.2,75.463
8/12/19 10:56,78.251,57.5,1486.2,75.463
8/12/19 10:56,78.251,57.6,1561.2,75.463
8/12/19 10:56,78.251,57.6,1558.7,75.463
8/12/19 10:56,78.296,57.8,1561.2,75.463
8/12/19 10:56,78.296,57.9,1561.2,75.508
8/12/19 10:56,78.296,58.1,1561.2,75.508
8/12/19 10:56,78.296,58.1,1561.2,75.463
8/12/19 10:56,78.296,58.1,1561.2,75.463
8/12/19 10:56,78.296,57.9,1561.2,75.508
8/12/19 10:57,78.339,57.8,1563.7,75.508
8/12/19 10:57,78.339,57.5,1561.2,75.508
8/12/19 10:57,78.339,57.5,1563.7,75.508
8/12/19 10:57,78.339,57.2,1561.2,75.508
8/12/19 10:57,78.339,57.2,1563.7,75.508
8/12/19 10:57,78.339,57,1563.7,75.508
8/12/19 10:57,78.339,56.8,1563.7,75.508
8/12/19 10:57,78.339,56.7,1563.7,75.508
8/12/19 10:57,78.339,56.6,1566.2,75.508
8/12/19 10:57,78.339,56.5,1563.7,75.508
8/12/19 10:57,78.339,56.4,1563.7,75.508
8/12/19 10:57,78.339,56.2,1563.7,75.508
8/12/19 10:57,78.339,56.2,1563.7,75.508
8/12/19 10:57,78.339,56,1563.7,75.508
8/12/19 10:57,78.339,56,1563.7,75.508
8/12/19 10:57,78.339,56,1566.2,75.508
8/12/19 10:57,78.339,56,1566.2,75.508
8/12/19 10:57,78.339,56,1566.2,75.508
8/12/19 10:57,78.339,56,1566.2,75.551
8/12/19 10:57,78.296,56.1,1563.7,75.551
8/12/19 10:57,78.296,56.1,1563.7,75.551
8/12/19 10:57,78.296,56.2,1563.7,75.551
8/12/19 10:57,78.296,56.3,1566.2,75.551
8/12/19 10:57,78.296,56.4,1563.7,75.551
8/12/19 10:57,78.296,56.5,1568.7,75.551
8/12/19 10:57,78.296,56.5,1566.2,75.551
8/12/19 10:57,78.296,56.5,1566.2,75.551
8/12/19 10:57,78.296,56.7,1568.7,75.551
8/12/19 10:57,78.296,56.8,1566.2,75.551
8/12/19 10:57,78.296,56.7,1566.2,75.551
8/12/19 10:57,78.296,56.8,1566.2,75.551
8/12/19 10:57,78.296,56.8,1568.7,75.551
8/12/19 10:57,78.296,56.7,1568.7,75.551
8/12/19 10:57,78.296,56.7,1568.7,75.551
8/12/19 10:57,78.296,56.5,1568.7,75.551
8/12/19 10:57,78.296,56.6,1568.7,75.551
8/12/19 10:57,78.296,56.3,1568.7,75.551
8/12/19 10:57,78.296,56.3,1566.2,75.551
8/12/19 10:57,78.296,56.2,1568.7,75.551
8/12/19 10:57,78.296,56.2,1566.2,75.551
8/12/19 10:57,78.296,56.1,1568.7,75.551
8/12/19 10:57,78.296,56.2,1563.7,75.551
8/12/19 10:57,78.296,56,1571.2,75.594
8/12/19 10:57,78.296,56.2,1566.2,75.551
8/12/19 10:57,78.296,56.1,1571.2,75.594
8/12/19 10:57,78.296,56.1,1568.7,75.594
8/12/19 10:57,78.296,56.2,1571.2,75.594
8/12/19 10:57,78.296,56.2,1568.7,75.594
8/12/19 10:57,78.296,56.3,1568.7,75.594
8/12/19 10:57,78.296,56.4,1571.2,75.594
8/12/19 10:57,78.251,56.4,1573.7,75.594
8/12/19 10:57,78.296,56.2,1571.2,75.594
8/12/19 10:57,78.251,56.2,1568.7,75.594
8/12/19 10:57,78.251,56.2,1568.7,75.594
8/12/19 10:57,78.251,56.2,1571.2,75.594
8/12/19 10:57,78.251,56.2,1568.7,75.594
8/12/19 10:57,78.251,56.2,1571.2,75.594
8/12/19 10:57,78.251,56.2,1571.2,75.594
8/12/19 10:57,78.251,56.1,1571.2,75.594
8/12/19 10:57,78.251,56.1,1571.2,75.637
8/12/19 10:58,78.251,55.9,1571.2,75.594
8/12/19 10:58,78.251,56,1571.2,75.594
8/12/19 10:58,78.251,55.9,1571.2,75.637
8/12/19 10:58,78.208,55.7,1571.2,75.594
8/12/19 10:58,78.208,55.7,1571.2,75.637
8/12/19 10:58,78.208,55.6,1571.2,75.637
8/12/19 10:58,78.208,55.6,1571.2,75.637
8/12/19 10:58,78.208,55.6,1571.2,75.637
8/12/19 10:58,78.165,55.6,1571.2,75.637
8/12/19 10:58,78.165,55.6,1571.2,75.637
8/12/19 10:58,78.165,55.6,1568.7,75.637
8/12/19 10:58,78.121,55.6,1571.2,75.637
8/12/19 10:58,78.121,55.7,1571.2,75.637
8/12/19 10:58,78.121,55.6,1571.2,75.637
8/12/19 10:58,78.076,55.6,1571.2,75.637
8/12/19 10:58,78.076,55.6,1571.2,75.637
8/12/19 10:58,78.076,55.6,1571.2,75.637
8/12/19 10:58,78.076,55.6,1571.2,75.637
8/12/19 10:58,78.033,55.6,1571.2,75.637
8/12/19 10:58,78.033,55.5,1571.2,75.637
8/12/19 10:58,78.033,55.5,1571.2,75.637
8/12/19 10:58,77.99,55.5,1571.2,75.637
8/12/19 10:58,77.99,55.5,1571.2,75.637
8/12/19 10:58,77.99,55.6,1571.2,75.637
8/12/19 10:58,77.945,55.7,1571.2,75.681
8/12/19 10:58,77.945,55.7,1571.2,75.637
8/12/19 10:58,77.945,55.7,1571.2,75.637
8/12/19 10:58,77.902,55.8,1573.7,75.681
8/12/19 10:58,77.902,55.8,1573.7,75.637
8/12/19 10:58,77.902,55.9,1571.2,75.637
8/12/19 10:58,77.859,55.9,1571.2,75.681
8/12/19 10:58,77.859,55.9,1571.2,75.681
8/12/19 10:58,77.859,55.9,1571.2,75.681
8/12/19 10:58,77.859,55.9,1573.7,75.681
8/12/19 10:58,77.859,55.9,1573.7,75.681
8/12/19 10:58,77.815,55.9,1571.2,75.681
8/12/19 10:58,77.815,55.9,1571.2,75.681
8/12/19 10:58,77.815,55.8,1573.7,75.681
8/12/19 10:58,77.815,55.8,1573.7,75.681
8/12/19 10:58,77.815,55.8,1573.7,75.681
8/12/19 10:58,77.815,55.7,1571.2,75.681
8/12/19 10:58,77.77,55.7,1571.2,75.681
8/12/19 10:58,77.77,55.7,1571.2,75.681
8/12/19 10:58,77.77,55.7,1573.7,75.681
8/12/19 10:58,77.77,55.6,1571.2,75.681
8/12/19 10:58,77.727,55.6,1571.2,75.681
8/12/19 10:58,77.727,55.6,1573.7,75.681
8/12/19 10:58,77.727,55.7,1571.2,75.681
8/12/19 10:58,77.727,55.7,1573.7,75.681
8/12/19 10:58,77.727,55.7,1571.2,75.681
8/12/19 10:58,77.684,55.7,1571.2,75.681
8/12/19 10:58,77.684,55.7,1571.2,75.681
8/12/19 10:58,77.684,55.8,1571.2,75.681
8/12/19 10:58,77.684,55.9,1573.7,75.724
8/12/19 10:58,77.684,55.9,1571.2,75.681
8/12/19 10:58,77.639,55.9,1571.2,75.681
8/12/19 10:58,77.639,56,1571.2,75.724
8/12/19 10:58,77.639,56,1573.7,75.724
8/12/19 10:58,77.639,56,1573.7,75.724
8/12/19 10:58,77.639,56,1571.2,75.724
8/12/19 10:59,77.639,56,1571.2,75.724
8/12/19 10:59,77.639,56,1573.7,75.724
8/12/19 10:59,77.639,56.1,1571.2,75.724
8/12/19 10:59,77.639,56.1,1573.7,75.724
8/12/19 10:59,77.596,56.2,1576.2,75.724
8/12/19 10:59,77.596,56.2,1571.2,75.724
8/12/19 10:59,77.596,56.3,1573.7,75.724
8/12/19 10:59,77.596,56.3,1571.2,75.724
8/12/19 10:59,77.596,56.3,1571.2,75.724
8/12/19 10:59,77.596,56.4,1571.2,75.724
8/12/19 10:59,77.596,56.4,1573.7,75.724
8/12/19 10:59,77.596,56.5,1571.2,75.724
8/12/19 10:59,77.596,56.5,1571.2,75.724
8/12/19 10:59,77.596,56.5,1573.7,75.724
8/12/19 10:59,77.639,56.5,1573.7,75.724
8/12/19 10:59,77.639,56.6,1573.7,75.724
8/12/19 10:59,77.639,56.6,1573.7,75.724
8/12/19 10:59,77.639,56.7,1573.7,75.724
8/12/19 10:59,77.639,56.7,1568.7,75.724
8/12/19 10:59,77.639,56.7,1573.7,75.724
8/12/19 10:59,77.639,56.8,1573.7,75.724
8/12/19 10:59,77.639,56.9,1573.7,75.724
8/12/19 10:59,77.639,56.9,1573.7,75.724
8/12/19 10:59,77.639,57.1,1571.2,75.767
8/12/19 10:59,77.639,57.1,1573.7,75.767
8/12/19 10:59,77.639,57.1,1573.7,75.767
8/12/19 10:59,77.639,57.1,1573.7,75.767
8/12/19 10:59,77.639,57.2,1573.7,75.767
8/12/19 10:59,77.639,57.2,1576.2,75.767
8/12/19 10:59,77.639,57.2,1571.2,75.767
8/12/19 10:59,77.639,57.2,1573.7,75.767
8/12/19 10:59,77.639,57.3,1573.7,75.767
8/12/19 10:59,77.639,57.3,1573.7,75.767
8/12/19 10:59,77.639,57.4,1573.7,75.767
8/12/19 10:59,77.639,57.4,1573.7,75.767
8/12/19 10:59,77.639,57.4,1576.2,75.767
8/12/19 10:59,77.684,57.5,1573.7,75.767
8/12/19 10:59,77.684,57.5,1571.2,75.767
8/12/19 10:59,77.684,57.6,1576.2,75.767
8/12/19 10:59,77.684,57.6,1573.7,75.767
8/12/19 10:59,77.684,57.7,1573.7,75.767
8/12/19 10:59,77.684,57.6,1573.7,75.767
8/12/19 10:59,77.684,57.7,1573.7,75.767
8/12/19 10:59,77.727,57.7,1573.7,75.81
8/12/19 10:59,77.727,57.7,1576.2,75.81
8/12/19 10:59,77.727,57.7,1571.2,75.81
8/12/19 10:59,77.727,57.7,1571.2,75.81
8/12/19 10:59,77.727,57.7,1573.7,75.81
8/12/19 10:59,77.727,57.7,1576.2,75.81
8/12/19 10:59,77.77,57.8,1576.2,75.81
8/12/19 10:59,77.77,57.9,1573.7,75.81
8/12/19 10:59,77.77,58,1571.2,75.81
8/12/19 10:59,77.77,58,1573.7,75.81
8/12/19 10:59,77.77,58.1,1573.7,75.81
8/12/19 10:59,77.815,58.1,1576.2,75.81
8/12/19 10:59,77.815,58.2,1573.7,75.81
8/12/19 10:59,77.815,58.2,1573.7,75.81
8/12/19 10:59,77.815,58.2,1573.7,75.81
8/12/19 10:59,77.815,58.3,1571.2,75.81
8/12/19 10:59,77.859,58.3,1576.2,75.81
8/12/19 11:00,77.859,58.4,1571.2,75.81
8/12/19 11:00,77.859,58.5,1571.2,75.81
8/12/19 11:00,77.859,58.6,1573.7,75.81
8/12/19 11:00,77.859,58.7,1571.2,75.81
8/12/19 11:00,77.902,58.8,1571.2,75.81
8/12/19 11:00,77.902,58.8,1571.2,75.81
8/12/19 11:00,77.902,58.9,1571.2,75.81
8/12/19 11:00,77.902,58.9,1573.7,75.81
8/12/19 11:00,77.945,58.9,1573.7,75.81
8/12/19 11:00,77.945,58.7,1571.2,75.853
8/12/19 11:00,77.945,58.7,1571.2,75.853
8/12/19 11:00,77.945,58.8,1573.7,75.853
8/12/19 11:00,77.99,58.8,1573.7,75.853
8/12/19 11:00,77.99,58.7,1571.2,75.853
8/12/19 11:00,77.99,58.6,1573.7,75.853
8/12/19 11:00,77.99,58.5,1571.2,75.853
8/12/19 11:00,77.99,58.4,1571.2,75.853
8/12/19 11:00,77.99,58.3,1576.2,75.853
8/12/19 11:00,77.99,58.3,1571.2,75.853
8/12/19 11:00,78.033,58.3,1571.2,75.853
8/12/19 11:00,78.033,58.3,1571.2,75.853
8/12/19 11:00,78.033,58.4,1571.2,75.853
8/12/19 11:00,78.033,58.5,1571.2,75.853
8/12/19 11:00,78.033,58.6,1573.7,75.853
8/12/19 11:00,78.033,58.6,1573.7,75.853
8/12/19 11:00,78.033,58.7,1573.7,75.853
8/12/19 11:00,78.033,58.7,1573.7,75.853
8/12/19 11:00,78.033,58.7,1571.2,75.853
8/12/19 11:00,78.076,58.6,1571.2,75.853
8/12/19 11:00,78.076,58.5,1573.7,75.898
8/12/19 11:00,78.076,58.4,1573.7,75.898
8/12/19 11:00,78.076,58.3,1573.7,75.898
8/12/19 11:00,78.076,58.2,1573.7,75.898
8/12/19 11:00,78.076,58.1,1573.7,75.898
8/12/19 11:00,78.076,58.1,1571.2,75.898
8/12/19 11:00,78.076,58,1573.7,75.898
8/12/19 11:00,78.076,58,1573.7,75.898
8/12/19 11:00,78.076,57.9,1573.7,75.898
8/12/19 11:00,78.076,57.9,1573.7,75.898
8/12/19 11:00,78.076,57.9,1573.7,75.898
8/12/19 11:00,78.121,57.9,1573.7,75.898
8/12/19 11:00,78.121,57.8,1573.7,75.898
8/12/19 11:00,78.076,57.8,1573.7,75.898
8/12/19 11:00,78.076,57.7,1573.7,75.898
8/12/19 11:00,78.076,57.7,1573.7,75.898
8/12/19 11:00,78.121,57.6,1573.7,75.898
8/12/19 11:00,78.076,57.7,1573.7,75.898
8/12/19 11:00,78.076,57.6,1573.7,75.898
8/12/19 11:00,78.076,57.5,1573.7,75.898
8/12/19 11:00,78.076,57.5,1573.7,75.898
8/12/19 11:00,78.076,57.5,1573.7,75.898
8/12/19 11:00,78.076,57.5,1573.7,75.898
8/12/19 11:00,78.076,57.5,1571.2,75.898
8/12/19 11:00,78.076,57.5,1576.2,75.898
8/12/19 11:00,78.076,57.5,1573.7,75.898
8/12/19 11:00,78.076,57.5,1576.2,75.898
8/12/19 11:00,78.076,57.5,1573.7,75.942
8/12/19 11:00,78.076,57.6,1578.7,75.942
8/12/19 11:00,78.076,57.6,1571.2,75.942
8/12/19 11:00,78.076,57.7,1576.2,75.942
8/12/19 11:01,78.076,57.7,1573.7,75.942
8/12/19 11:01,78.076,57.8,1576.2,75.942
8/12/19 11:01,78.033,58,1571.2,75.942
8/12/19 11:01,78.033,58.1,1576.2,75.942
8/12/19 11:01,78.033,58.2,1573.7,75.942
8/12/19 11:01,78.033,58.2,1573.7,75.942
8/12/19 11:01,78.033,58.1,1576.2,75.942
8/12/19 11:01,78.033,58.1,1571.2,75.942
8/12/19 11:01,78.033,58.1,1573.7,75.942
8/12/19 11:01,78.033,58,1573.7,75.942
8/12/19 11:01,78.033,58,1573.7,75.942
8/12/19 11:01,78.033,58,1573.7,75.942
8/12/19 11:01,78.076,58,1573.7,75.942
8/12/19 11:01,78.076,58,1573.7,75.942
8/12/19 11:01,78.076,57.9,1576.2,75.942
8/12/19 11:01,78.033,57.8,1576.2,75.985
8/12/19 11:01,78.033,57.8,1573.7,75.985
8/12/19 11:01,78.033,57.8,1573.7,75.985
8/12/19 11:01,78.076,57.7,1573.7,75.985
8/12/19 11:01,78.033,57.6,1573.7,75.942
8/12/19 11:01,78.033,57.7,1573.7,75.985
8/12/19 11:01,78.033,57.6,1573.7,75.985
8/12/19 11:01,78.076,57.5,1573.7,75.985
8/12/19 11:01,78.076,57.5,1571.2,75.985
8/12/19 11:01,78.033,57.5,1573.7,75.985
8/12/19 11:01,78.033,57.6,1573.7,75.985
8/12/19 11:01,78.033,57.6,1573.7,75.985
8/12/19 11:01,78.033,57.7,1573.7,75.985
8/12/19 11:01,78.076,57.6,1576.2,75.985
8/12/19 11:01,78.076,57.6,1573.7,75.985
8/12/19 11:01,78.076,57.6,1573.7,75.985
8/12/19 11:01,78.076,57.7,1573.7,75.985
8/12/19 11:01,78.076,57.7,1573.7,75.985
8/12/19 11:01,78.076,57.6,1573.7,75.985
8/12/19 11:01,78.076,57.6,1573.7,75.985
8/12/19 11:01,78.076,57.6,1576.2,75.985
8/12/19 11:01,78.076,57.6,1576.2,75.985
8/12/19 11:01,78.076,57.6,1576.2,75.985
8/12/19 11:01,78.076,57.6,1576.2,75.985
8/12/19 11:01,78.076,57.6,1578.7,75.985
8/12/19 11:01,78.076,57.7,1573.7,75.985
8/12/19 11:01,78.076,57.6,1576.2,75.985
8/12/19 11:01,78.076,57.6,1573.7,76.028
8/12/19 11:01,78.076,57.6,1578.7,75.985
8/12/19 11:01,78.076,57.6,1578.7,76.028
8/12/19 11:01,78.076,57.6,1573.7,76.028
8/12/19 11:01,78.076,57.7,1578.7,76.028
8/12/19 11:01,78.076,57.6,1573.7,76.028
8/12/19 11:01,78.121,57.7,1576.2,76.028
8/12/19 11:01,78.121,57.8,1576.2,76.028
8/12/19 11:01,78.121,57.8,1573.7,76.028
8/12/19 11:01,78.121,57.9,1573.7,76.028
8/12/19 11:01,78.121,57.9,1573.7,76.028
8/12/19 11:01,78.165,57.9,1578.7,76.028
8/12/19 11:01,78.165,58,1578.7,76.028
8/12/19 11:01,78.165,58,1581.2,76.028
8/12/19 11:01,78.165,58,1576.2,76.028
8/12/19 11:01,78.165,58,1578.7,76.028
8/12/19 11:01,78.165,58,1578.7,76.028
8/12/19 11:01,78.165,58,1578.7,76.071
8/12/19 11:02,78.208,58,1578.7,76.028
8/12/19 11:02,78.208,58,1578.7,76.071
8/12/19 11:02,78.208,58,1578.7,76.071
8/12/19 11:02,78.208,58,1581.2,76.071
8/12/19 11:02,78.208,58,1578.7,76.028
8/12/19 11:02,78.251,58,1576.2,76.071
8/12/19 11:02,78.251,58,1578.7,76.071
8/12/19 11:02,78.251,58,1578.7,76.071
8/12/19 11:02,78.251,58,1578.7,76.071
8/12/19 11:02,78.251,58,1583.7,76.071
8/12/19 11:02,78.251,58,1581.2,76.071
8/12/19 11:02,78.296,57.9,1581.2,76.071
8/12/19 11:02,78.296,57.8,1581.2,76.071
8/12/19 11:02,78.296,57.8,1578.7,76.071
8/12/19 11:02,78.296,57.7,1583.7,76.071
8/12/19 11:02,78.296,57.6,1581.2,76.071
8/12/19 11:02,78.296,57.8,1581.2,76.071
8/12/19 11:02,78.339,57.6,1583.7,76.071
8/12/19 11:02,78.339,57.6,1583.7,76.071
8/12/19 11:02,78.339,57.6,1583.7,76.071
8/12/19 11:02,78.339,57.5,1581.2,76.071
8/12/19 11:02,78.339,57.6,1581.2,76.071
8/12/19 11:02,78.339,57.6,1581.2,76.071
8/12/19 11:02,78.339,57.5,1581.2,76.071
8/12/19 11:02,78.339,57.6,1583.7,76.071
8/12/19 11:02,78.339,57.7,1583.7,76.071
8/12/19 11:02,78.339,57.7,1581.2,76.071
8/12/19 11:02,78.339,57.8,1583.7,76.114
8/12/19 11:02,78.339,57.8,1581.2,76.114
8/12/19 11:02,78.339,57.8,1581.2,76.114
8/12/19 11:02,78.339,58,1581.2,76.114
8/12/19 11:02,78.339,58.1,1581.2,76.114
8/12/19 11:02,78.382,58.2,1581.2,76.114
8/12/19 11:02,78.382,58.3,1578.7,76.114
8/12/19 11:02,78.382,58.3,1581.2,76.114
8/12/19 11:02,78.382,58.5,1583.7,76.114
8/12/19 11:02,78.382,58.7,1581.2,76.114
8/12/19 11:02,78.382,58.8,1581.2,76.114
8/12/19 11:02,78.382,58.9,1583.7,76.114
8/12/19 11:02,78.382,59.1,1578.7,76.114
8/12/19 11:02,78.427,59.2,1583.7,76.114
8/12/19 11:02,78.427,59.4,1583.7,76.114
8/12/19 11:02,78.427,59.3,1581.2,76.114
8/12/19 11:02,78.427,59.3,1583.7,76.114
8/12/19 11:02,78.471,59.3,1583.7,76.158
8/12/19 11:02,78.471,59.4,1581.2,76.158
8/12/19 11:02,78.471,59.2,1583.7,76.158
8/12/19 11:02,78.471,59.1,1581.2,76.158
8/12/19 11:02,78.514,58.9,1586.2,76.158
8/12/19 11:02,78.514,58.9,1583.7,76.158
8/12/19 11:02,78.514,58.7,1586.2,76.158
8/12/19 11:02,78.514,58.6,1583.7,76.158
8/12/19 11:02,78.514,58.5,1583.7,76.158
8/12/19 11:02,78.514,58.5,1583.7,76.158
8/12/19 11:02,78.514,58.4,1583.7,76.158
8/12/19 11:02,78.514,58.3,1583.7,76.158
8/12/19 11:02,78.559,58.3,1586.2,76.158
8/12/19 11:02,78.559,58.3,1586.2,76.158
8/12/19 11:02,78.559,58.3,1583.7,76.158
8/12/19 11:02,78.559,58.3,1583.7,76.158
8/12/19 11:03,78.559,58.3,1586.2,76.158
8/12/19 11:03,78.559,58.3,1586.2,76.158
8/12/19 11:03,78.559,58.3,1581.2,76.158
8/12/19 11:03,78.559,58.2,1583.7,76.158
8/12/19 11:03,78.559,58.2,1586.2,76.203
8/12/19 11:03,78.559,58.1,1586.2,76.158
8/12/19 11:03,78.602,58,1586.2,76.203
8/12/19 11:03,78.559,57.9,1586.2,76.203
8/12/19 11:03,78.559,57.9,1586.2,76.203
8/12/19 11:03,78.559,57.9,1586.2,76.203
8/12/19 11:03,78.559,57.8,1588.7,76.203
8/12/19 11:03,78.602,57.8,1586.2,76.203
8/12/19 11:03,78.602,57.8,1588.7,76.203
8/12/19 11:03,78.602,57.8,1586.2,76.203
8/12/19 11:03,78.602,57.8,1586.2,76.203
8/12/19 11:03,78.602,57.8,1586.2,76.203
8/12/19 11:03,78.602,57.8,1586.2,76.203
8/12/19 11:03,78.602,57.9,1586.2,76.203
8/12/19 11:03,78.602,57.9,1586.2,76.203
8/12/19 11:03,78.602,57.9,1586.2,76.203
8/12/19 11:03,78.602,57.9,1588.7,76.203
8/12/19 11:03,78.602,58,1586.2,76.203
8/12/19 11:03,78.602,58,1586.2,76.203
8/12/19 11:03,78.602,58,1583.7,76.203
8/12/19 11:03,78.602,57.9,1583.7,76.203
8/12/19 11:03,78.602,57.9,1583.7,76.203
8/12/19 11:03,78.602,57.9,1586.2,76.203
8/12/19 11:03,78.602,57.8,1583.7,76.203
8/12/19 11:03,78.645,57.8,1586.2,76.246
8/12/19 11:03,78.602,57.8,1583.7,76.203
8/12/19 11:03,78.602,57.8,1588.7,76.246
8/12/19 11:03,78.645,57.9,1588.7,76.246
8/12/19 11:03,78.645,57.9,1583.7,76.246
8/12/19 11:03,78.645,58,1588.7,76.246
8/12/19 11:03,78.645,58.1,1586.2,76.246
8/12/19 11:03,78.645,58.1,1586.2,76.246
8/12/19 11:03,78.645,58.2,1586.2,76.246
8/12/19 11:03,78.645,58.2,1583.7,76.246
8/12/19 11:03,78.645,58.2,1586.2,76.246
8/12/19 11:03,78.645,58.2,1586.2,76.246
8/12/19 11:03,78.645,58.2,1583.7,76.246
8/12/19 11:03,78.645,58.2,1591.2,76.246
8/12/19 11:03,78.645,58.1,1588.7,76.246
8/12/19 11:03,78.645,58.1,1581.2,76.246
8/12/19 11:03,78.645,58.2,1583.7,76.246
8/12/19 11:03,78.645,58.3,1586.2,76.246
8/12/19 11:03,78.645,58.3,1586.2,76.246
8/12/19 11:03,78.645,58.4,1586.2,76.246
8/12/19 11:03,78.645,58.4,1588.7,76.246
8/12/19 11:03,78.69,58.3,1586.2,76.246
8/12/19 11:03,78.69,58.3,1586.2,76.246
8/12/19 11:03,78.69,58.3,1588.7,76.246
8/12/19 11:03,78.69,58.2,1586.2,76.246
8/12/19 11:03,78.69,58.1,1588.7,76.246
8/12/19 11:03,78.69,58,1586.2,76.246
8/12/19 11:03,78.69,57.9,1586.2,76.289
8/12/19 11:03,78.69,57.9,1586.2,76.289
8/12/19 11:03,78.69,57.8,1586.2,76.289
8/12/19 11:03,78.69,57.7,1586.2,76.289
8/12/19 11:03,78.69,57.5,1586.2,76.289
8/12/19 11:04,78.69,57.3,1586.2,76.289
8/12/19 11:04,78.69,57.2,1586.2,76.289
8/12/19 11:04,78.69,57.2,1586.2,76.289
8/12/19 11:04,78.69,57.2,1586.2,76.289
8/12/19 11:04,78.69,57.2,1586.2,76.289
8/12/19 11:04,78.69,57.2,1586.2,76.289
8/12/19 11:04,78.69,57.2,1586.2,76.289
8/12/19 11:04,78.69,57.2,1588.7,76.289
8/12/19 11:04,78.69,57.2,1586.2,76.289
8/12/19 11:04,78.645,57.2,1586.2,76.289
8/12/19 11:04,78.645,57.2,1586.2,76.332
8/12/19 11:04,78.645,57.1,1586.2,76.289
8/12/19 11:04,78.645,57,1586.2,76.332
8/12/19 11:04,78.645,57,1588.7,76.332
8/12/19 11:04,78.645,57,1586.2,76.289
8/12/19 11:04,78.645,56.9,1586.2,76.332
8/12/19 11:04,78.645,56.9,1586.2,76.332
8/12/19 11:04,78.645,56.8,1586.2,76.332
8/12/19 11:04,78.645,56.7,1588.7,76.332
8/12/19 11:04,78.645,56.7,1586.2,76.332
8/12/19 11:04,78.645,56.6,1588.7,76.332
8/12/19 11:04,78.602,56.6,1586.2,76.332
8/12/19 11:04,78.602,56.6,1588.7,76.332
8/12/19 11:04,78.602,56.6,1586.2,76.332
8/12/19 11:04,78.602,56.5,1586.2,76.332
8/12/19 11:04,78.602,56.5,1586.2,76.332
8/12/19 11:04,78.602,56.4,1586.2,76.332
8/12/19 11:04,78.559,56.4,1588.7,76.332
8/12/19 11:04,78.559,56.4,1586.2,76.332
8/12/19 11:04,78.559,56.3,1588.7,76.332
8/12/19 11:04,78.559,56.2,1586.2,76.332
8/12/19 11:04,78.559,56.1,1586.2,76.332
8/12/19 11:04,78.514,56.1,1586.2,76.332
8/12/19 11:04,78.514,56,1586.2,76.332
8/12/19 11:04,78.514,56,1586.2,76.332
8/12/19 11:04,78.514,55.9,1583.7,76.332
8/12/19 11:04,78.471,55.8,1586.2,76.332
8/12/19 11:04,78.471,55.8,1586.2,76.332
8/12/19 11:04,78.471,55.8,1583.7,76.332
8/12/19 11:04,78.471,55.8,1586.2,76.332
8/12/19 11:04,78.427,55.8,1588.7,76.375
8/12/19 11:04,78.427,55.8,1588.7,76.332
8/12/19 11:04,78.427,55.8,1586.2,76.375
8/12/19 11:04,78.427,55.8,1586.2,76.375
8/12/19 11:04,78.382,55.8,1588.7,76.375
8/12/19 11:04,78.382,55.8,1588.7,76.375
8/12/19 11:04,78.382,55.9,1586.2,76.375
8/12/19 11:04,78.382,55.9,1588.7,76.375
8/12/19 11:04,78.339,56,1588.7,76.375
8/12/19 11:04,78.339,56.1,1588.7,76.375
8/12/19 11:04,78.339,56.1,1586.2,76.375
8/12/19 11:04,78.339,56.2,1591.2,76.375
8/12/19 11:04,78.296,56.3,1591.2,76.375
8/12/19 11:04,78.296,56.4,1588.7,76.375
8/12/19 11:04,78.296,56.6,1591.2,76.375
8/12/19 11:04,78.296,56.7,1588.7,76.375
8/12/19 11:04,78.296,56.9,1591.2,76.375
8/12/19 11:04,78.296,57,1591.2,76.375
8/12/19 11:04,78.296,57.2,1588.7,76.375
8/12/19 11:04,78.296,57.2,1588.7,76.375
8/12/19 11:05,78.296,57.2,1591.2,76.375
8/12/19 11:05,78.296,57.2,1588.7,76.375
8/12/19 11:05,78.251,57.2,1591.2,76.375
8/12/19 11:05,78.251,57.2,1591.2,76.375
8/12/19 11:05,78.251,57.2,1593.7,76.375
8/12/19 11:05,78.296,57.2,1591.2,76.375
8/12/19 11:05,78.296,57.2,1593.7,76.375
8/12/19 11:05,78.251,57.2,1591.2,76.375
8/12/19 11:05,78.251,57.1,1591.2,76.419
8/12/19 11:05,78.251,57,1593.7,76.375
8/12/19 11:05,78.251,56.8,1591.2,76.419
8/12/19 11:05,78.251,56.9,1591.2,76.419
8/12/19 11:05,78.251,56.9,1593.7,76.419
8/12/19 11:05,78.251,56.8,1593.7,76.419
8/12/19 11:05,78.251,56.8,1591.2,76.419
8/12/19 11:05,78.251,56.8,1596.2,76.419
8/12/19 11:05,78.251,56.9,1593.7,76.419
8/12/19 11:05,78.251,57,1593.7,76.419
8/12/19 11:05,78.208,57.1,1593.7,76.419
8/12/19 11:05,78.208,57.2,1593.7,76.419
8/12/19 11:05,78.208,57.4,1593.7,76.419
8/12/19 11:05,78.208,57.5,1593.7,76.419
8/12/19 11:05,78.208,57.6,1593.7,76.419
8/12/19 11:05,78.208,57.6,1593.7,76.419
8/12/19 11:05,78.208,57.8,1593.7,76.419
8/12/19 11:05,78.208,57.8,1591.2,76.419
8/12/19 11:05,78.208,58,1593.7,76.419
8/12/19 11:05,78.208,58,1593.7,76.419
8/12/19 11:05,78.208,58.1,1593.7,76.419
8/12/19 11:05,78.208,58.1,1593.7,76.419
8/12/19 11:05,78.208,58.1,1591.2,76.419
8/12/19 11:05,78.208,58.1,1591.2,76.419
8/12/19 11:05,78.208,58.1,1591.2,76.419
8/12/19 11:05,78.208,58.1,1593.7,76.419
8/12/19 11:05,78.208,58,1593.7,76.419
8/12/19 11:05,78.208,58.1,1593.7,76.419
8/12/19 11:05,78.208,58,1588.7,76.419
8/12/19 11:05,78.208,58.1,1591.2,76.419
8/12/19 11:05,78.208,58.1,1591.2,76.419
8/12/19 11:05,78.208,58.1,1593.7,76.464
8/12/19 11:05,78.208,58.1,1593.7,76.464
8/12/19 11:05,78.208,58.1,1593.7,76.419
8/12/19 11:05,78.251,58.2,1593.7,76.464
8/12/19 11:05,78.251,58,1593.7,76.419
8/12/19 11:05,78.251,57.9,1591.2,76.464
8/12/19 11:05,78.251,57.7,1593.7,76.464
8/12/19 11:05,78.251,57.6,1596.2,76.464
8/12/19 11:05,78.251,57.5,1596.2,76.464
8/12/19 11:05,78.251,57.5,1596.2,76.464
8/12/19 11:05,78.251,57.3,1598.7,76.464
8/12/19 11:05,78.251,57.3,1598.7,76.464
8/12/19 11:05,78.251,57.2,1596.2,76.464
8/12/19 11:05,78.251,57.2,1596.2,76.464
8/12/19 11:05,78.251,57.1,1596.2,76.464
8/12/19 11:05,78.251,57,1598.7,76.464
8/12/19 11:05,78.251,56.9,1598.7,76.464
8/12/19 11:05,78.251,57,1596.2,76.464
8/12/19 11:05,78.251,56.9,1598.7,76.464
8/12/19 11:05,78.251,56.8,1598.7,76.464
8/12/19 11:05,78.251,56.7,1598.7,76.464
8/12/19 11:06,78.251,56.6,1598.7,76.464
8/12/19 11:06,78.251,56.7,1598.7,76.464
8/12/19 11:06,78.251,56.5,1596.2,76.464
8/12/19 11:06,78.251,56.5,1596.2,76.507
8/12/19 11:06,78.251,56.5,1598.7,76.464
8/12/19 11:06,78.208,56.5,1596.2,76.464
8/12/19 11:06,78.208,56.5,1601.2,76.464
8/12/19 11:06,78.208,56.6,1598.7,76.507
8/12/19 11:06,78.208,56.6,1598.7,76.507
8/12/19 11:06,78.208,56.8,1598.7,76.507
8/12/19 11:06,78.208,56.9,1601.2,76.507
8/12/19 11:06,78.208,56.9,1601.2,76.507
8/12/19 11:06,78.165,56.9,1601.2,76.507
8/12/19 11:06,78.208,56.9,1601.2,76.507
8/12/19 11:06,78.165,56.8,1601.2,76.507
8/12/19 11:06,78.165,56.8,1601.2,76.507
8/12/19 11:06,78.165,56.8,1598.7,76.507
8/12/19 11:06,78.165,56.8,1601.2,76.507
8/12/19 11:06,78.165,56.8,1601.2,76.507
8/12/19 11:06,78.165,56.7,1601.2,76.507
8/12/19 11:06,78.165,56.6,1601.2,76.507
8/12/19 11:06,78.165,56.5,1601.2,76.507
8/12/19 11:06,78.165,56.6,1601.2,76.507
8/12/19 11:06,78.165,56.5,1601.2,76.507
8/12/19 11:06,78.165,56.5,1601.2,76.507
8/12/19 11:06,78.165,56.5,1601.2,76.507
8/12/19 11:06,78.121,56.6,1598.7,76.507
8/12/19 11:06,78.121,56.6,1601.2,76.507
8/12/19 11:06,78.121,56.8,1601.2,76.507
8/12/19 11:06,78.121,56.9,1601.2,76.507
8/12/19 11:06,78.121,57,1601.2,76.507
8/12/19 11:06,78.121,57,1601.2,76.55
8/12/19 11:06,78.121,57.1,1601.2,76.507
8/12/19 11:06,78.121,57.1,1603.7,76.55
8/12/19 11:06,78.121,57.1,1601.2,76.55
8/12/19 11:06,78.121,57.2,1601.2,76.55
8/12/19 11:06,78.076,57.2,1601.2,76.55
8/12/19 11:06,78.121,57.3,1601.2,76.55
8/12/19 11:06,78.076,57.4,1603.7,76.55
8/12/19 11:06,78.076,57.5,1603.7,76.55
8/12/19 11:06,78.121,57.6,1603.7,76.55
8/12/19 11:06,78.076,57.6,1603.7,76.55
8/12/19 11:06,78.076,57.7,1601.2,76.55
8/12/19 11:06,78.076,57.6,1603.7,76.55
8/12/19 11:06,78.076,57.7,1606.2,76.55
8/12/19 11:06,78.076,57.7,1603.7,76.55
8/12/19 11:06,78.076,57.8,1603.7,76.55
8/12/19 11:06,78.076,57.8,1603.7,76.55
8/12/19 11:06,78.121,57.9,1603.7,76.55
8/12/19 11:06,78.121,58,1603.7,76.55
8/12/19 11:06,78.121,58,1606.2,76.55
8/12/19 11:06,78.121,58,1603.7,76.55
8/12/19 11:06,78.121,58,1606.2,76.55
8/12/19 11:06,78.121,57.9,1603.7,76.55
8/12/19 11:06,78.121,57.9,1606.2,76.55
8/12/19 11:06,78.121,57.9,1603.7,76.55
8/12/19 11:06,78.121,57.9,1603.7,76.55
8/12/19 11:06,78.121,57.9,1601.2,76.55
8/12/19 11:06,78.121,57.8,1606.2,76.55
8/12/19 11:06,78.121,57.8,1606.2,76.55
8/12/19 11:07,78.121,57.7,1608.7,76.55
8/12/19 11:07,78.121,57.6,1606.2,76.593
8/12/19 11:07,78.121,57.6,1603.7,76.55
8/12/19 11:07,78.121,57.7,1606.2,76.593
8/12/19 11:07,78.121,57.7,1606.2,76.593
8/12/19 11:07,78.121,57.6,1603.7,76.593
8/12/19 11:07,78.121,57.7,1606.2,76.593
8/12/19 11:07,78.121,57.7,1603.7,76.593
8/12/19 11:07,78.121,57.7,1606.2,76.593
8/12/19 11:07,78.121,57.8,1608.7,76.593
8/12/19 11:07,78.121,57.8,1606.2,76.593
8/12/19 11:07,78.121,57.8,1608.7,76.593
8/12/19 11:07,78.121,57.8,1606.2,76.593
8/12/19 11:07,78.121,57.8,1608.7,76.593
8/12/19 11:07,78.121,57.8,1601.2,76.593
8/12/19 11:07,78.165,57.9,1606.2,76.593
8/12/19 11:07,78.121,58,1603.7,76.593
8/12/19 11:07,78.165,58.1,1606.2,76.593
8/12/19 11:07,78.165,58.2,1606.2,76.593
8/12/19 11:07,78.165,58.2,1606.2,76.593
8/12/19 11:07,78.165,58.2,1606.2,76.593
8/12/19 11:07,78.165,58.2,1608.7,76.593
8/12/19 11:07,78.208,58.3,1606.2,76.593
8/12/19 11:07,78.208,58.3,1608.7,76.593
8/12/19 11:07,78.208,58.3,1608.7,76.593
8/12/19 11:07,78.208,58.3,1608.7,76.593
8/12/19 11:07,78.208,58.4,1606.2,76.593
8/12/19 11:07,78.208,58.4,1606.2,76.593
8/12/19 11:07,78.208,58.6,1608.7,76.593
8/12/19 11:07,78.251,58.7,1606.2,76.593
8/12/19 11:07,78.251,58.8,1608.7,76.593
8/12/19 11:07,78.251,58.8,1606.2,76.593
8/12/19 11:07,78.296,58.9,1608.7,76.593
8/12/19 11:07,78.296,58.9,1608.7,76.593
8/12/19 11:07,78.296,58.8,1606.2,76.636
8/12/19 11:07,78.296,58.8,1608.7,76.593
8/12/19 11:07,78.296,58.7,1606.2,76.593
8/12/19 11:07,78.339,58.6,1608.7,76.636
8/12/19 11:07,78.339,58.5,1608.7,76.636
8/12/19 11:07,78.339,58.4,1608.7,76.636
8/12/19 11:07,78.339,58.3,1603.7,76.636
8/12/19 11:07,78.382,58.3,1606.2,76.636
8/12/19 11:07,78.382,58.3,1603.7,76.636
8/12/19 11:07,78.382,58.4,1606.2,76.636
8/12/19 11:07,78.382,58.5,1608.7,76.636
8/12/19 11:07,78.382,58.5,1606.2,76.636
8/12/19 11:07,78.427,58.6,1608.7,76.636
8/12/19 11:07,78.427,58.6,1603.7,76.636
8/12/19 11:07,78.427,58.6,1606.2,76.636
8/12/19 11:07,78.427,58.5,1608.7,76.636
8/12/19 11:07,78.471,58.5,1606.2,76.636
8/12/19 11:07,78.471,58.5,1603.7,76.636
8/12/19 11:07,78.471,58.5,1601.2,76.636
8/12/19 11:07,78.471,58.5,1606.2,76.636
8/12/19 11:07,78.514,58.5,1603.7,76.681
8/12/19 11:07,78.514,58.6,1603.7,76.636
8/12/19 11:07,78.514,58.5,1606.2,76.636
8/12/19 11:07,78.514,58.5,1603.7,76.636
8/12/19 11:07,78.559,58.5,1608.7,76.681
8/12/19 11:07,78.559,58.6,1608.7,76.681
8/12/19 11:08,78.559,58.7,1606.2,76.681
8/12/19 11:08,78.559,58.7,1606.2,76.681
8/12/19 11:08,78.602,58.8,1606.2,76.681
8/12/19 11:08,78.602,58.8,1608.7,76.681
8/12/19 11:08,78.602,58.7,1608.7,76.681
8/12/19 11:08,78.602,58.5,1608.7,76.681
8/12/19 11:08,78.645,58.4,1611.2,76.681
8/12/19 11:08,78.645,58.3,1611.2,76.681
8/12/19 11:08,78.645,58.2,1613.7,76.681
8/12/19 11:08,78.645,57.9,1616.2,76.681
8/12/19 11:08,78.69,57.8,1616.2,76.681
8/12/19 11:08,78.69,57.5,1616.2,76.681
8/12/19 11:08,78.69,57.3,1611.2,76.681
8/12/19 11:08,78.69,57.2,1606.2,76.681
8/12/19 11:08,78.69,57.1,1596.2,76.681
8/12/19 11:08,78.69,57,1586.2,76.681
8/12/19 11:08,78.69,57,1571.2,76.681
8/12/19 11:08,78.69,57,1556.2,76.681
8/12/19 11:08,78.69,57,1543.7,76.681
8/12/19 11:08,78.69,56.9,1526.2,76.681
8/12/19 11:08,78.69,56.8,1511.2,76.681
8/12/19 11:08,78.69,56.7,1501.2,76.725
8/12/19 11:08,78.69,56.6,1491.2,76.681
8/12/19 11:08,78.69,56.6,1491.2,76.725
8/12/19 11:08,78.69,56.6,1498.7,76.725
8/12/19 11:08,78.69,56.6,1498.7,76.725
8/12/19 11:08,78.69,56.6,1498.7,76.725
8/12/19 11:08,78.69,56.5,1511.2,76.725
8/12/19 11:08,78.69,56.4,1523.7,76.725
8/12/19 11:08,78.69,56.4,1531.2,76.725
8/12/19 11:08,78.645,56.3,1531.2,76.725
8/12/19 11:08,78.645,56.3,1528.7,76.725
8/12/19 11:08,78.645,56.3,1528.7,76.725
8/12/19 11:08,78.645,56.3,1526.2,76.725
8/12/19 11:08,78.645,56.3,1521.2,76.725
8/12/19 11:08,78.645,56.3,1526.2,76.725
8/12/19 11:08,78.645,56.3,1531.2,76.725
8/12/19 11:08,78.645,56.4,1533.7,76.725
8/12/19 11:08,78.645,56.4,1531.2,76.725
8/12/19 11:08,78.645,56.4,1533.7,76.725
8/12/19 11:08,78.602,56.4,1538.7,76.725
8/12/19 11:08,78.602,56.4,1543.7,76.725
8/12/19 11:08,78.602,56.4,1538.7,76.768
8/12/19 11:08,78.602,56.5,1536.2,76.725
8/12/19 11:08,78.602,56.5,1536.2,76.768
8/12/19 11:08,78.602,56.5,1541.2,76.768
8/12/19 11:08,78.602,56.5,1548.7,76.768
8/12/19 11:08,78.602,56.5,1553.7,76.768
8/12/19 11:08,78.602,56.5,1558.7,76.768
8/12/19 11:08,78.602,56.5,1556.2,76.768
8/12/19 11:08,78.602,56.5,1556.2,76.768
8/12/19 11:08,78.602,56.6,1556.2,76.768
8/12/19 11:08,78.602,56.6,1558.7,76.768
8/12/19 11:08,78.559,56.6,1556.2,76.768
8/12/19 11:08,78.559,56.7,1561.2,76.768
8/12/19 11:08,78.559,56.6,1563.7,76.768
8/12/19 11:08,78.559,56.6,1558.7,76.768
8/12/19 11:08,78.559,56.7,1553.7,76.768
8/12/19 11:08,78.559,56.6,1546.2,76.768
8/12/19 11:08,78.559,56.6,1538.7,76.768
8/12/19 11:09,78.559,56.6,1526.2,76.768
8/12/19 11:09,78.559,56.6,1521.2,76.768
8/12/19 11:09,78.559,56.6,1521.2,76.768
8/12/19 11:09,78.559,56.6,1533.7,76.768
8/12/19 11:09,78.559,56.6,1546.2,76.768
8/12/19 11:09,78.559,56.7,1553.7,76.811
8/12/19 11:09,78.559,56.7,1558.7,76.768
8/12/19 11:09,78.559,56.7,1551.2,76.768
8/12/19 11:09,78.559,56.8,1546.2,76.768
8/12/19 11:09,78.559,56.8,1541.2,76.811
8/12/19 11:09,78.559,56.9,1528.7,76.811
8/12/19 11:09,78.559,56.9,1528.7,76.811
8/12/19 11:09,78.559,56.8,1543.7,76.811
8/12/19 11:09,78.559,56.8,1556.2,76.768
8/12/19 11:09,78.559,56.7,1561.2,76.811
8/12/19 11:09,78.559,56.8,1563.7,76.811
8/12/19 11:09,78.559,56.8,1563.7,76.811
8/12/19 11:09,78.559,56.8,1558.7,76.811
8/12/19 11:09,78.559,56.8,1556.2,76.811
8/12/19 11:09,78.559,56.8,1553.7,76.811
8/12/19 11:09,78.559,56.9,1543.7,76.811
8/12/19 11:09,78.559,56.9,1538.7,76.811
8/12/19 11:09,78.559,57,1533.7,76.811
8/12/19 11:09,78.559,57,1531.2,76.811
8/12/19 11:09,78.559,57,1528.7,76.811
8/12/19 11:09,78.514,57,1528.7,76.811
8/12/19 11:09,78.559,57,1533.7,76.811
8/12/19 11:09,78.514,57,1541.2,76.811
8/12/19 11:09,78.514,57,1548.7,76.811
8/12/19 11:09,78.514,57,1556.2,76.811
8/12/19 11:09,78.514,57,1546.2,76.811
8/12/19 11:09,78.514,57,1533.7,76.854
8/12/19 11:09,78.514,57,1523.7,76.854
8/12/19 11:09,78.514,57.2,1516.2,76.854
8/12/19 11:09,78.514,57.2,1513.7,76.854
8/12/19 11:09,78.514,57.3,1516.2,76.854
8/12/19 11:09,78.514,57.4,1521.2,76.854
8/12/19 11:09,78.514,57.5,1533.7,76.854
8/12/19 11:09,78.514,57.6,1543.7,76.854
8/12/19 11:09,78.514,57.6,1546.2,76.854
8/12/19 11:09,78.514,57.8,1541.2,76.854
8/12/19 11:09,78.471,57.7,1533.7,76.854
8/12/19 11:09,78.514,57.9,1536.2,76.854
8/12/19 11:09,78.514,58,1543.7,76.854
8/12/19 11:09,78.514,58.1,1546.2,76.854
8/12/19 11:09,78.514,58.2,1553.7,76.854
8/12/19 11:09,78.514,58.3,1563.7,76.854
8/12/19 11:09,78.514,58.3,1578.7,76.854
8/12/19 11:09,78.514,58.3,1573.7,76.854
8/12/19 11:09,78.514,58.3,1573.7,76.854
8/12/19 11:09,78.514,58.3,1583.7,76.854
8/12/19 11:09,78.514,58.3,1596.2,76.854
8/12/19 11:09,78.559,58.3,1601.2,76.854
8/12/19 11:09,78.559,58.3,1603.7,76.854
8/12/19 11:09,78.559,58.3,1608.7,76.854
8/12/19 11:09,78.559,58.3,1608.7,76.854
8/12/19 11:09,78.559,58.3,1608.7,76.854
8/12/19 11:09,78.559,58.4,1608.7,76.854
8/12/19 11:09,78.602,58.4,1608.7,76.854
8/12/19 11:09,78.602,58.3,1608.7,76.899
8/12/19 11:10,78.602,58.3,1606.2,76.854
8/12/19 11:10,78.602,58.3,1608.7,76.899
8/12/19 11:10,78.602,58.2,1608.7,76.899
8/12/19 11:10,78.602,58.1,1608.7,76.899
8/12/19 11:10,78.602,57.9,1608.7,76.899
8/12/19 11:10,78.645,57.8,1611.2,76.899
8/12/19 11:10,78.645,57.8,1611.2,76.899
8/12/19 11:10,78.645,57.6,1611.2,76.899
8/12/19 11:10,78.645,57.5,1611.2,76.899
8/12/19 11:10,78.645,57.3,1613.7,76.899
8/12/19 11:10,78.645,57.2,1611.2,76.899
8/12/19 11:10,78.645,57.2,1613.7,76.899
8/12/19 11:10,78.645,57,1613.7,76.899
8/12/19 11:10,78.645,56.9,1611.2,76.899
8/12/19 11:10,78.645,56.8,1616.2,76.899
8/12/19 11:10,78.645,56.7,1608.7,76.899
8/12/19 11:10,78.645,56.6,1608.7,76.899
8/12/19 11:10,78.645,56.7,1606.2,76.899
8/12/19 11:10,78.645,56.6,1606.2,76.942
8/12/19 11:10,78.645,56.6,1603.7,76.899
8/12/19 11:10,78.645,56.6,1603.7,76.899
8/12/19 11:10,78.645,56.6,1608.7,76.899
8/12/19 11:10,78.645,56.6,1611.2,76.942
8/12/19 11:10,78.645,56.7,1611.2,76.942
8/12/19 11:10,78.645,56.6,1611.2,76.942
8/12/19 11:10,78.645,56.6,1616.2,76.942
8/12/19 11:10,78.602,56.6,1616.2,76.942
8/12/19 11:10,78.602,56.6,1616.2,76.942
8/12/19 11:10,78.602,56.6,1616.2,76.942
8/12/19 11:10,78.602,56.6,1616.2,76.942
8/12/19 11:10,78.602,56.6,1616.2,76.942
8/12/19 11:10,78.602,56.7,1616.2,76.942
8/12/19 11:10,78.602,56.8,1616.2,76.942
8/12/19 11:10,78.602,56.8,1616.2,76.942
8/12/19 11:10,78.602,56.9,1613.7,76.942
8/12/19 11:10,78.602,57,1616.2,76.942
8/12/19 11:10,78.602,57.2,1618.7,76.942
8/12/19 11:10,78.602,57.2,1616.2,76.942
8/12/19 11:10,78.602,57.3,1618.7,76.942
8/12/19 11:10,78.602,57.3,1618.7,76.942
8/12/19 11:10,78.602,57.4,1618.7,76.942
8/12/19 11:10,78.602,57.5,1618.7,76.942
8/12/19 11:10,78.602,57.5,1618.7,76.942
8/12/19 11:10,78.645,57.4,1618.7,76.942
8/12/19 11:10,78.645,57.4,1616.2,76.942
8/12/19 11:10,78.645,57.5,1616.2,76.942
8/12/19 11:10,78.645,57.5,1618.7,76.942
8/12/19 11:10,78.645,57.6,1613.7,76.942
8/12/19 11:10,78.645,57.7,1616.2,76.942
8/12/19 11:10,78.645,57.8,1611.2,76.942
8/12/19 11:10,78.645,57.7,1611.2,76.942
8/12/19 11:10,78.645,57.8,1611.2,76.942
8/12/19 11:10,78.645,57.9,1611.2,76.942
8/12/19 11:10,78.645,58,1611.2,76.986
8/12/19 11:10,78.645,58.1,1613.7,76.986
8/12/19 11:10,78.69,58.2,1616.2,76.986
8/12/19 11:10,78.69,58.3,1616.2,76.986
8/12/19 11:10,78.69,58.3,1618.7,76.986
8/12/19 11:10,78.69,58.3,1618.7,76.986
8/12/19 11:10,78.69,58.3,1621.2,76.986
8/12/19 11:11,78.69,58.3,1618.7,76.986
8/12/19 11:11,78.69,58.3,1623.7,76.986
8/12/19 11:11,78.69,58.3,1618.7,76.986
8/12/19 11:11,78.733,58.3,1618.7,76.986
8/12/19 11:11,78.733,58.3,1618.7,76.986
8/12/19 11:11,78.733,58.3,1621.2,76.986
8/12/19 11:11,78.733,58.3,1621.2,76.986
8/12/19 11:11,78.733,58.3,1621.2,76.986
8/12/19 11:11,78.733,58.4,1621.2,76.986
8/12/19 11:11,78.777,58.3,1621.2,76.986
8/12/19 11:11,78.777,58.3,1621.2,77.029
8/12/19 11:11,78.777,58.2,1621.2,76.986
8/12/19 11:11,78.777,58.1,1623.7,77.029
8/12/19 11:11,78.777,57.9,1623.7,77.029
8/12/19 11:11,78.777,57.8,1621.2,77.029
8/12/19 11:11,78.822,57.8,1621.2,77.029
8/12/19 11:11,78.822,57.6,1623.7,77.029
8/12/19 11:11,78.822,57.5,1621.2,77.029
8/12/19 11:11,78.822,57.3,1621.2,77.029
8/12/19 11:11,78.822,57.2,1623.7,77.029
8/12/19 11:11,78.822,57.2,1623.7,77.029
8/12/19 11:11,78.822,57,1623.7,77.029
8/12/19 11:11,78.822,56.9,1623.7,77.029
8/12/19 11:11,78.822,56.6,1623.7,77.029
8/12/19 11:11,78.822,56.5,1623.7,77.029
8/12/19 11:11,78.777,56.3,1626.2,77.029
8/12/19 11:11,78.777,56.1,1626.2,77.029
8/12/19 11:11,78.777,56.1,1626.2,77.029
8/12/19 11:11,78.777,56.1,1623.7,77.029
8/12/19 11:11,78.777,56,1626.2,77.029
8/12/19 11:11,78.777,56.1,1623.7,77.029
8/12/19 11:11,78.733,56,1626.2,77.029
8/12/19 11:11,78.733,56,1626.2,77.029
8/12/19 11:11,78.733,56,1626.2,77.029
8/12/19 11:11,78.733,56.1,1626.2,77.029
8/12/19 11:11,78.733,56,1623.7,77.029
8/12/19 11:11,78.69,56,1628.7,77.072
8/12/19 11:11,78.69,55.9,1626.2,77.072
8/12/19 11:11,78.69,56,1623.7,77.072
8/12/19 11:11,78.645,56,1626.2,77.072
8/12/19 11:11,78.645,56,1626.2,77.072
8/12/19 11:11,78.645,56,1626.2,77.072
8/12/19 11:11,78.645,56,1623.7,77.072
8/12/19 11:11,78.645,56,1626.2,77.072
8/12/19 11:11,78.645,56,1626.2,77.072
8/12/19 11:11,78.645,56,1623.7,77.072
8/12/19 11:11,78.602,56,1628.7,77.072
8/12/19 11:11,78.602,56,1628.7,77.072
8/12/19 11:11,78.602,56.1,1628.7,77.072
8/12/19 11:11,78.602,56.1,1628.7,77.072
8/12/19 11:11,78.602,56,1623.7,77.072
8/12/19 11:11,78.602,56.1,1626.2,77.072
8/12/19 11:11,78.559,56.2,1628.7,77.072
8/12/19 11:11,78.559,56.2,1628.7,77.072
8/12/19 11:11,78.559,56.3,1626.2,77.072
8/12/19 11:11,78.559,56.3,1628.7,77.072
8/12/19 11:11,78.559,56.4,1631.2,77.072
8/12/19 11:11,78.559,56.4,1628.7,77.072
8/12/19 11:11,78.559,56.5,1628.7,77.117
8/12/19 11:11,78.559,56.6,1628.7,77.117
8/12/19 11:12,78.559,56.6,1628.7,77.117
8/12/19 11:12,78.559,56.6,1631.2,77.117
8/12/19 11:12,78.559,56.7,1631.2,77.117
8/12/19 11:12,78.559,56.8,1631.2,77.117
8/12/19 11:12,78.559,56.9,1631.2,77.117
8/12/19 11:12,78.559,57,1631.2,77.117
8/12/19 11:12,78.559,57,1631.2,77.117
8/12/19 11:12,78.559,57.1,1631.2,77.117
8/12/19 11:12,78.602,57.1,1633.7,77.117
8/12/19 11:12,78.602,57.1,1633.7,77.117
8/12/19 11:12,78.602,57.1,1633.7,77.117
8/12/19 11:12,78.602,57,1633.7,77.117
8/12/19 11:12,78.602,57,1633.7,77.117
8/12/19 11:12,78.602,56.9,1633.7,77.117
8/12/19 11:12,78.602,56.8,1633.7,77.117
8/12/19 11:12,78.645,56.7,1636.2,77.117
8/12/19 11:12,78.645,56.6,1636.2,77.117
8/12/19 11:12,78.645,56.5,1633.7,77.117
8/12/19 11:12,78.645,56.4,1631.2,77.117
8/12/19 11:12,78.645,56.3,1633.7,77.117
8/12/19 11:12,78.645,56.2,1633.7,77.117
8/12/19 11:12,78.645,56.1,1633.7,77.117
8/12/19 11:12,78.645,56.1,1633.7,77.117
8/12/19 11:12,78.645,56,1636.2,77.117
8/12/19 11:12,78.645,56,1636.2,77.117
8/12/19 11:12,78.645,56,1638.7,77.117
8/12/19 11:12,78.645,56,1636.2,77.16
8/12/19 11:12,78.645,56.1,1638.7,77.117
8/12/19 11:12,78.645,56.1,1636.2,77.117
8/12/19 11:12,78.645,56.2,1636.2,77.16
8/12/19 11:12,78.645,56.2,1638.7,77.16
8/12/19 11:12,78.645,56.2,1641.2,77.16
8/12/19 11:12,78.645,56.1,1638.7,77.16
8/12/19 11:12,78.645,56.1,1641.2,77.16
8/12/19 11:12,78.69,56.1,1643.7,77.16
8/12/19 11:12,78.69,56,1643.7,77.16
8/12/19 11:12,78.69,56.1,1643.7,77.16
8/12/19 11:12,78.69,56.1,1643.7,77.16
8/12/19 11:12,78.69,56.1,1643.7,77.16
8/12/19 11:12,78.69,56.1,1648.7,77.16
8/12/19 11:12,78.645,56.1,1651.2,77.16
8/12/19 11:12,78.69,56,1653.7,77.16
8/12/19 11:12,78.69,56,1653.7,77.16
8/12/19 11:12,78.69,56.1,1653.7,77.203
8/12/19 11:12,78.69,56.2,1658.7,77.16
8/12/19 11:12,78.645,56.3,1663.7,77.16
8/12/19 11:12,78.645,56.4,1663.7,77.16
8/12/19 11:12,78.645,56.5,1668.7,77.16
8/12/19 11:12,78.69,56.6,1666.2,77.16
8/12/19 11:12,78.645,56.6,1643.7,77.203
8/12/19 11:12,78.645,56.7,1586.2,77.203
8/12/19 11:12,78.645,56.9,1516.2,77.203
8/12/19 11:12,78.645,56.9,1476.2,77.203
8/12/19 11:12,78.645,57,1461.2,77.203
8/12/19 11:12,78.645,57,1456.2,77.203
8/12/19 11:12,78.69,57.1,1443.7,77.203
8/12/19 11:12,78.69,57.1,1438.7,77.203
8/12/19 11:12,78.645,57.1,1438.7,77.203
8/12/19 11:12,78.645,57.1,1451.2,77.203
8/12/19 11:12,78.69,57,1451.2,77.203
8/12/19 11:13,78.69,56.9,1418.7,77.203
8/12/19 11:13,78.645,56.8,1388.7,77.203
8/12/19 11:13,78.69,56.7,1356.2,77.203
8/12/19 11:13,78.645,56.7,1321.2,77.203
8/12/19 11:13,78.645,56.7,1276.2,77.203
8/12/19 11:13,78.645,56.6,1236.2,77.203
8/12/19 11:13,78.645,56.4,1193.7,77.203
8/12/19 11:13,78.645,56.3,1151.2,77.203
8/12/19 11:13,78.645,56.3,1093.7,77.203
8/12/19 11:13,78.645,56.2,1048.7,77.203
8/12/19 11:13,78.645,56.2,1053.7,77.203
8/12/19 11:13,78.602,56.1,1106.2,77.203
8/12/19 11:13,78.602,56.1,1186.2,77.203
8/12/19 11:13,78.602,56,1256.2,77.203
8/12/19 11:13,78.602,55.9,1321.2,77.247
8/12/19 11:13,78.559,55.8,1403.7,77.247
8/12/19 11:13,78.602,55.8,1498.7,77.247
8/12/19 11:13,78.559,55.7,1616.2,77.247
8/12/19 11:13,78.559,55.7,1693.7,77.247
8/12/19 11:13,78.559,55.7,1701.2,77.247
8/12/19 11:13,78.514,55.7,1696.2,77.247
8/12/19 11:13,78.514,55.7,1688.7,77.247
8/12/19 11:13,78.514,55.7,1683.7,77.247
8/12/19 11:13,78.514,55.7,1678.7,77.247
8/12/19 11:13,78.514,55.8,1676.2,77.247
8/12/19 11:13,78.471,55.8,1668.7,77.247
8/12/19 11:13,78.471,55.8,1666.2,77.247
8/12/19 11:13,78.471,55.8,1663.7,77.247
8/12/19 11:13,78.427,55.9,1658.7,77.247
8/12/19 11:13,78.427,55.9,1658.7,77.247
8/12/19 11:13,78.427,56,1656.2,77.247
8/12/19 11:13,78.427,56.1,1653.7,77.247
8/12/19 11:13,78.427,56,1648.7,77.247
8/12/19 11:13,78.427,56.1,1648.7,77.247
8/12/19 11:13,78.427,56.2,1648.7,77.247
8/12/19 11:13,78.382,56.2,1643.7,77.247
8/12/19 11:13,78.382,56.3,1646.2,77.292
8/12/19 11:13,78.382,56.4,1643.7,77.292
8/12/19 11:13,78.382,56.6,1643.7,77.247
8/12/19 11:13,78.382,56.6,1643.7,77.247
8/12/19 11:13,78.382,56.7,1641.2,77.292
8/12/19 11:13,78.382,56.8,1641.2,77.292
8/12/19 11:13,78.382,56.8,1641.2,77.292
8/12/19 11:13,78.382,56.8,1638.7,77.292
8/12/19 11:13,78.382,56.9,1641.2,77.292
8/12/19 11:13,78.382,57,1638.7,77.292
8/12/19 11:13,78.382,57.2,1638.7,77.292
8/12/19 11:13,78.382,57.2,1641.2,77.292
8/12/19 11:13,78.382,57.4,1638.7,77.292
8/12/19 11:13,78.382,57.6,1633.7,77.292
8/12/19 11:13,78.382,57.8,1638.7,77.292
8/12/19 11:13,78.382,57.8,1636.2,77.292
8/12/19 11:13,78.382,57.8,1636.2,77.292
8/12/19 11:13,78.382,57.8,1636.2,77.292
8/12/19 11:13,78.382,57.8,1636.2,77.292
8/12/19 11:13,78.382,57.6,1636.2,77.292
8/12/19 11:13,78.382,57.5,1636.2,77.292
8/12/19 11:13,78.382,57.4,1636.2,77.292
8/12/19 11:13,78.382,57.3,1636.2,77.292
8/12/19 11:13,78.382,57.3,1636.2,77.292
8/12/19 11:14,78.382,57.2,1636.2,77.292
8/12/19 11:14,78.427,57.2,1636.2,77.292
8/12/19 11:14,78.427,57.2,1631.2,77.292
8/12/19 11:14,78.427,57.2,1636.2,77.292
8/12/19 11:14,78.427,57.2,1633.7,77.292
8/12/19 11:14,78.427,57.2,1636.2,77.292
8/12/19 11:14,78.427,57.2,1633.7,77.292
8/12/19 11:14,78.427,57.2,1636.2,77.292
8/12/19 11:14,78.427,57.2,1636.2,77.292
8/12/19 11:14,78.427,57.2,1636.2,77.292
8/12/19 11:14,78.427,57.2,1633.7,77.292
8/12/19 11:14,78.427,57.2,1633.7,77.292
8/12/19 11:14,78.427,57.2,1636.2,77.335
8/12/19 11:14,78.427,57.2,1631.2,77.335
8/12/19 11:14,78.427,57.3,1633.7,77.335
8/12/19 11:14,78.427,57.4,1633.7,77.335
8/12/19 11:14,78.427,57.5,1636.2,77.335
8/12/19 11:14,78.427,57.7,1636.2,77.335
8/12/19 11:14,78.427,57.8,1631.2,77.335
8/12/19 11:14,78.427,57.8,1636.2,77.335
8/12/19 11:14,78.427,57.9,1633.7,77.335
8/12/19 11:14,78.427,57.9,1633.7,77.335
8/12/19 11:14,78.427,57.9,1631.2,77.335
8/12/19 11:14,78.471,57.9,1628.7,77.335
8/12/19 11:14,78.471,58,1633.7,77.335
8/12/19 11:14,78.471,58,1633.7,77.335
8/12/19 11:14,78.471,58,1633.7,77.335
8/12/19 11:14,78.471,58,1633.7,77.335
8/12/19 11:14,78.514,57.9,1631.2,77.335
8/12/19 11:14,78.471,57.9,1636.2,77.335
8/12/19 11:14,78.514,57.9,1631.2,77.335
8/12/19 11:14,78.514,57.9,1633.7,77.335
8/12/19 11:14,78.514,57.8,1631.2,77.335
8/12/19 11:14,78.514,57.9,1631.2,77.378
8/12/19 11:14,78.514,57.9,1631.2,77.378
8/12/19 11:14,78.514,57.9,1631.2,77.378
8/12/19 11:14,78.514,57.9,1633.7,77.378
8/12/19 11:14,78.559,57.9,1633.7,77.378
8/12/19 11:14,78.559,57.9,1631.2,77.378
8/12/19 11:14,78.559,57.9,1636.2,77.378
8/12/19 11:14,78.559,57.8,1631.2,77.378
8/12/19 11:14,78.559,57.7,1633.7,77.378
8/12/19 11:14,78.559,57.7,1633.7,77.378
8/12/19 11:14,78.602,57.6,1633.7,77.378
8/12/19 11:14,78.602,57.6,1633.7,77.378
8/12/19 11:14,78.602,57.6,1633.7,77.378
8/12/19 11:14,78.602,57.5,1633.7,77.378
8/12/19 11:14,78.602,57.4,1633.7,77.378
8/12/19 11:14,78.602,57.3,1633.7,77.378
8/12/19 11:14,78.602,57.2,1633.7,77.378
8/12/19 11:14,78.602,57.2,1633.7,77.378
8/12/19 11:14,78.602,57.1,1633.7,77.378
8/12/19 11:14,78.602,57,1636.2,77.378
8/12/19 11:14,78.602,56.8,1633.7,77.378
8/12/19 11:14,78.602,56.7,1636.2,77.378
8/12/19 11:14,78.602,56.6,1633.7,77.421
8/12/19 11:14,78.602,56.6,1636.2,77.421
8/12/19 11:14,78.602,56.5,1636.2,77.378
8/12/19 11:14,78.602,56.4,1633.7,77.421
8/12/19 11:14,78.602,56.4,1631.2,77.421
8/12/19 11:15,78.602,56.4,1636.2,77.421
8/12/19 11:15,78.602,56.4,1636.2,77.421
8/12/19 11:15,78.602,56.4,1636.2,77.421
8/12/19 11:15,78.602,56.5,1636.2,77.421
8/12/19 11:15,78.602,56.6,1631.2,77.421
8/12/19 11:15,78.602,56.6,1638.7,77.421
8/12/19 11:15,78.602,56.7,1636.2,77.421
8/12/19 11:15,78.602,56.6,1636.2,77.421
8/12/19 11:15,78.602,56.7,1636.2,77.421
8/12/19 11:15,78.602,56.7,1633.7,77.421
8/12/19 11:15,78.602,56.7,1638.7,77.421
8/12/19 11:15,78.602,56.8,1638.7,77.421
8/12/19 11:15,78.602,56.9,1636.2,77.421
8/12/19 11:15,78.602,56.9,1636.2,77.421
8/12/19 11:15,78.602,56.9,1636.2,77.421
8/12/19 11:15,78.602,57,1638.7,77.421
8/12/19 11:15,78.602,57.1,1638.7,77.421
8/12/19 11:15,78.602,57.2,1638.7,77.421
8/12/19 11:15,78.645,57.2,1636.2,77.421
8/12/19 11:15,78.645,57.2,1638.7,77.421
8/12/19 11:15,78.645,57.2,1638.7,77.421
8/12/19 11:15,78.645,57.2,1636.2,77.464
8/12/19 11:15,78.645,57.2,1638.7,77.464
8/12/19 11:15,78.645,57.2,1638.7,77.464
8/12/19 11:15,78.645,57.3,1638.7,77.464
8/12/19 11:15,78.645,57.3,1636.2,77.464
8/12/19 11:15,78.69,57.3,1638.7,77.464
8/12/19 11:15,78.69,57.2,1638.7,77.464
8/12/19 11:15,78.69,57.2,1638.7,77.464
8/12/19 11:15,78.69,57.2,1638.7,77.464
8/12/19 11:15,78.69,57,1636.2,77.464
8/12/19 11:15,78.69,56.9,1636.2,77.464
8/12/19 11:15,78.69,56.7,1636.2,77.464
8/12/19 11:15,78.69,56.6,1636.2,77.464
8/12/19 11:15,78.69,56.6,1636.2,77.464
8/12/19 11:15,78.69,56.4,1638.7,77.464
8/12/19 11:15,78.69,56.3,1638.7,77.464
8/12/19 11:15,78.69,56.2,1636.2,77.464
8/12/19 11:15,78.69,56.1,1636.2,77.464
8/12/19 11:15,78.69,56,1636.2,77.464
8/12/19 11:15,78.69,56,1638.7,77.464
8/12/19 11:15,78.69,55.9,1636.2,77.464
8/12/19 11:15,78.69,55.8,1636.2,77.464
8/12/19 11:15,78.69,55.8,1638.7,77.464
8/12/19 11:15,78.69,55.8,1638.7,77.464
8/12/19 11:15,78.645,55.7,1638.7,77.464
8/12/19 11:15,78.645,55.7,1636.2,77.464
8/12/19 11:15,78.645,55.6,1636.2,77.509
8/12/19 11:15,78.645,55.6,1636.2,77.509
8/12/19 11:15,78.645,55.6,1636.2,77.509
8/12/19 11:15,78.602,55.7,1636.2,77.509
8/12/19 11:15,78.602,55.7,1636.2,77.509
8/12/19 11:15,78.602,55.7,1636.2,77.509
8/12/19 11:15,78.602,55.8,1636.2,77.509
8/12/19 11:15,78.602,55.8,1636.2,77.509
8/12/19 11:15,78.602,55.8,1638.7,77.509
8/12/19 11:15,78.559,55.9,1638.7,77.509
8/12/19 11:15,78.559,55.9,1636.2,77.509
8/12/19 11:15,78.559,56,1636.2,77.509
8/12/19 11:15,78.559,56,1638.7,77.509
8/12/19 11:16,78.559,56,1638.7,77.509
8/12/19 11:16,78.559,56.1,1636.2,77.509
8/12/19 11:16,78.559,56.1,1636.2,77.509
8/12/19 11:16,78.514,56,1638.7,77.509
8/12/19 11:16,78.514,56.1,1636.2,77.509
8/12/19 11:16,78.514,56.1,1636.2,77.509
8/12/19 11:16,78.514,56,1636.2,77.509
8/12/19 11:16,78.514,56,1641.2,77.509
8/12/19 11:16,78.514,56,1636.2,77.509
8/12/19 11:16,78.514,56,1638.7,77.509
8/12/19 11:16,78.514,56,1638.7,77.509
8/12/19 11:16,78.514,56,1636.2,77.509
8/12/19 11:16,78.514,56,1636.2,77.509
8/12/19 11:16,78.471,56,1638.7,77.509
8/12/19 11:16,78.471,56,1636.2,77.553
8/12/19 11:16,78.471,56,1638.7,77.553
8/12/19 11:16,78.471,56,1636.2,77.553
8/12/19 11:16,78.471,56,1638.7,77.553
8/12/19 11:16,78.471,56.1,1638.7,77.553
8/12/19 11:16,78.471,56.1,1638.7,77.553
8/12/19 11:16,78.471,56.2,1638.7,77.553
8/12/19 11:16,78.471,56.3,1636.2,77.553
8/12/19 11:16,78.471,56.4,1636.2,77.553
8/12/19 11:16,78.471,56.4,1636.2,77.553
8/12/19 11:16,78.471,56.5,1633.7,77.553
8/12/19 11:16,78.514,56.5,1636.2,77.553
8/12/19 11:16,78.514,56.5,1636.2,77.553
8/12/19 11:16,78.514,56.5,1636.2,77.553
8/12/19 11:16,78.514,56.5,1638.7,77.553
8/12/19 11:16,78.514,56.6,1636.2,77.553
8/12/19 11:16,78.514,56.6,1636.2,77.553
8/12/19 11:16,78.514,56.6,1633.7,77.553
8/12/19 11:16,78.514,56.6,1636.2,77.553
8/12/19 11:16,78.514,56.7,1636.2,77.553
8/12/19 11:16,78.514,56.7,1631.2,77.553
8/12/19 11:16,78.514,56.8,1636.2,77.553
8/12/19 11:16,78.514,56.9,1636.2,77.553
8/12/19 11:16,78.559,57,1636.2,77.596
8/12/19 11:16,78.559,57.1,1636.2,77.596
8/12/19 11:16,78.559,57.2,1636.2,77.553
8/12/19 11:16,78.559,57.3,1636.2,77.553
8/12/19 11:16,78.559,57.4,1636.2,77.596
8/12/19 11:16,78.602,57.5,1631.2,77.596
8/12/19 11:16,78.602,57.6,1633.7,77.596
8/12/19 11:16,78.602,57.7,1633.7,77.596
8/12/19 11:16,78.602,57.8,1636.2,77.596
8/12/19 11:16,78.602,57.8,1633.7,77.596
8/12/19 11:16,78.602,57.8,1636.2,77.596
8/12/19 11:16,78.645,57.8,1636.2,77.596
8/12/19 11:16,78.645,57.9,1636.2,77.596
8/12/19 11:16,78.645,57.9,1633.7,77.596
8/12/19 11:16,78.69,58,1638.7,77.596
8/12/19 11:16,78.69,58,1638.7,77.596
8/12/19 11:16,78.69,58.1,1631.2,77.596
8/12/19 11:16,78.69,58.1,1633.7,77.596
8/12/19 11:16,78.733,58.1,1638.7,77.596
8/12/19 11:16,78.733,58,1636.2,77.596
8/12/19 11:16,78.733,58,1631.2,77.596
8/12/19 11:16,78.733,58,1633.7,77.596
8/12/19 11:16,78.777,58,1633.7,77.596
8/12/19 11:17,78.777,58,1636.2,77.596
8/12/19 11:17,78.777,58,1636.2,77.596
8/12/19 11:17,78.822,58,1636.2,77.596
8/12/19 11:17,78.822,58,1633.7,77.639
8/12/19 11:17,78.822,58,1636.2,77.639
8/12/19 11:17,78.822,58,1636.2,77.639
8/12/19 11:17,78.865,58,1636.2,77.639
8/12/19 11:17,78.865,58.1,1633.7,77.639
8/12/19 11:17,78.865,58.1,1636.2,77.639
8/12/19 11:17,78.865,58.2,1638.7,77.639
8/12/19 11:17,78.91,58.2,1636.2,77.639
8/12/19 11:17,78.91,58.3,1633.7,77.639
8/12/19 11:17,78.91,58.3,1633.7,77.639
8/12/19 11:17,78.953,58.4,1641.2,77.639
8/12/19 11:17,78.953,58.4,1638.7,77.639
8/12/19 11:17,78.953,58.4,1636.2,77.639
8/12/19 11:17,78.953,58.5,1633.7,77.639
8/12/19 11:17,78.996,58.5,1636.2,77.639
8/12/19 11:17,78.996,58.5,1636.2,77.639
8/12/19 11:17,79.041,58.5,1631.2,77.639
8/12/19 11:17,79.041,58.5,1636.2,77.639
8/12/19 11:17,79.041,58.5,1631.2,77.639
8/12/19 11:17,79.084,58.4,1633.7,77.639
8/12/19 11:17,79.084,58.4,1633.7,77.639
8/12/19 11:17,79.084,58.4,1631.2,77.639
8/12/19 11:17,79.128,58.4,1631.2,77.639
8/12/19 11:17,79.128,58.4,1628.7,77.639
8/12/19 11:17,79.128,58.4,1631.2,77.639
8/12/19 11:17,79.128,58.4,1628.7,77.684
8/12/19 11:17,79.173,58.5,1631.2,77.684
8/12/19 11:17,79.173,58.6,1631.2,77.684
8/12/19 11:17,79.216,58.6,1631.2,77.684
8/12/19 11:17,79.216,58.7,1633.7,77.684
8/12/19 11:17,79.216,58.8,1631.2,77.684
8/12/19 11:17,79.261,58.8,1636.2,77.684
8/12/19 11:17,79.261,58.8,1631.2,77.684
8/12/19 11:17,79.261,58.9,1631.2,77.684
8/12/19 11:17,79.304,59,1633.7,77.684
8/12/19 11:17,79.304,59.1,1631.2,77.684
8/12/19 11:17,79.304,59.2,1631.2,77.684
8/12/19 11:17,79.347,59.4,1631.2,77.684
8/12/19 11:17,79.347,59.4,1628.7,77.684
8/12/19 11:17,79.392,59.4,1628.7,77.684
8/12/19 11:17,79.392,59.3,1631.2,77.684
8/12/19 11:17,79.435,59.2,1631.2,77.684
8/12/19 11:17,79.435,59.1,1628.7,77.684
8/12/19 11:17,79.435,58.9,1628.7,77.727
8/12/19 11:17,79.48,58.6,1626.2,77.727
8/12/19 11:17,79.48,58.4,1626.2,77.727
8/12/19 11:17,79.524,58.3,1628.7,77.727
8/12/19 11:17,79.524,58.1,1626.2,77.727
8/12/19 11:17,79.524,58,1626.2,77.727
8/12/19 11:17,79.524,58,1626.2,77.727
8/12/19 11:17,79.567,58,1626.2,77.727
8/12/19 11:17,79.567,58,1623.7,77.727
8/12/19 11:17,79.567,58,1628.7,77.727
8/12/19 11:17,79.567,58,1628.7,77.727
8/12/19 11:17,79.567,58,1626.2,77.727
8/12/19 11:17,79.612,57.9,1623.7,77.727
8/12/19 11:17,79.612,57.9,1621.2,77.727
8/12/19 11:18,79.612,57.9,1618.7,77.727
8/12/19 11:18,79.612,57.9,1621.2,77.727
8/12/19 11:18,79.655,57.8,1621.2,77.727
8/12/19 11:18,79.655,57.8,1623.7,77.727
8/12/19 11:18,79.655,57.7,1621.2,77.727
8/12/19 11:18,79.655,57.7,1623.7,77.727
8/12/19 11:18,79.655,57.8,1618.7,77.727
8/12/19 11:18,79.7,57.7,1613.7,77.727
8/12/19 11:18,79.7,57.7,1613.7,77.727
8/12/19 11:18,79.7,57.6,1613.7,77.727
8/12/19 11:18,79.7,57.6,1613.7,77.77
8/12/19 11:18,79.743,57.6,1608.7,77.727
8/12/19 11:18,79.743,57.6,1611.2,77.77
8/12/19 11:18,79.743,57.6,1608.7,77.77
8/12/19 11:18,79.743,57.7,1613.7,77.77
8/12/19 11:18,79.743,57.7,1613.7,77.77
8/12/19 11:18,79.788,57.8,1616.2,77.77
8/12/19 11:18,79.788,57.9,1618.7,77.77
8/12/19 11:18,79.788,57.8,1616.2,77.77
8/12/19 11:18,79.788,57.8,1616.2,77.77
8/12/19 11:18,79.788,57.8,1616.2,77.77
8/12/19 11:18,79.831,57.9,1616.2,77.77
8/12/19 11:18,79.831,57.8,1616.2,77.77
8/12/19 11:18,79.831,57.7,1616.2,77.77
8/12/19 11:18,79.876,57.5,1618.7,77.77
8/12/19 11:18,79.876,57.3,1613.7,77.77
8/12/19 11:18,79.876,57.2,1616.2,77.77
8/12/19 11:18,79.92,57.1,1618.7,77.77
8/12/19 11:18,79.92,57,1618.7,77.77
8/12/19 11:18,79.92,56.9,1616.2,77.77
8/12/19 11:18,79.92,56.8,1613.7,77.815
8/12/19 11:18,79.92,56.8,1613.7,77.815
8/12/19 11:18,79.92,56.8,1611.2,77.815
8/12/19 11:18,79.92,56.8,1613.7,77.815
8/12/19 11:18,79.92,56.8,1616.2,77.815
8/12/19 11:18,79.963,56.8,1616.2,77.815
8/12/19 11:18,79.963,56.7,1616.2,77.815
8/12/19 11:18,79.963,56.7,1616.2,77.815
8/12/19 11:18,79.963,56.8,1616.2,77.815
8/12/19 11:18,79.963,56.8,1618.7,77.815
8/12/19 11:18,79.963,56.7,1618.7,77.815
8/12/19 11:18,79.963,56.7,1618.7,77.815
8/12/19 11:18,80.008,56.7,1616.2,77.815
8/12/19 11:18,80.008,56.7,1611.2,77.815
8/12/19 11:18,80.008,56.7,1611.2,77.815
8/12/19 11:18,80.008,56.7,1611.2,77.815
8/12/19 11:18,80.008,56.7,1608.7,77.815
8/12/19 11:18,80.008,56.6,1611.2,77.815
8/12/19 11:18,80.008,56.6,1611.2,77.815
8/12/19 11:18,80.008,56.5,1611.2,77.815
8/12/19 11:18,80.008,56.4,1608.7,77.859
8/12/19 11:18,80.051,56.4,1611.2,77.815
8/12/19 11:18,80.051,56.4,1616.2,77.859
8/12/19 11:18,80.051,56.4,1611.2,77.859
8/12/19 11:18,80.051,56.3,1613.7,77.859
8/12/19 11:18,80.051,56.3,1613.7,77.859
8/12/19 11:18,80.051,56.3,1613.7,77.859
8/12/19 11:18,80.096,56.3,1616.2,77.859
8/12/19 11:18,80.096,56.3,1613.7,77.859
8/12/19 11:18,80.096,56.2,1613.7,77.859
8/12/19 11:19,80.096,56.3,1616.2,77.859
8/12/19 11:19,80.096,56.3,1611.2,77.859
8/12/19 11:19,80.096,56.3,1611.2,77.859
8/12/19 11:19,80.139,56.3,1613.7,77.859
8/12/19 11:19,80.139,56.3,1613.7,77.859
8/12/19 11:19,80.139,56.3,1613.7,77.859
8/12/19 11:19,80.139,56.2,1618.7,77.859
8/12/19 11:19,80.139,56.1,1616.2,77.859
8/12/19 11:19,80.184,56.2,1616.2,77.859
8/12/19 11:19,80.184,56.1,1613.7,77.859
8/12/19 11:19,80.184,56,1616.2,77.902
8/12/19 11:19,80.184,56,1616.2,77.902
8/12/19 11:19,80.184,56,1611.2,77.902
8/12/19 11:19,80.184,55.9,1618.7,77.902
8/12/19 11:19,80.227,55.9,1613.7,77.902
8/12/19 11:19,80.227,56,1616.2,77.902
8/12/19 11:19,80.227,56,1616.2,77.902
8/12/19 11:19,80.227,56.1,1611.2,77.902
8/12/19 11:19,80.227,56.1,1613.7,77.902
8/12/19 11:19,80.227,56.2,1608.7,77.902
8/12/19 11:19,80.227,56.1,1608.7,77.902
8/12/19 11:19,80.227,56.2,1608.7,77.902
8/12/19 11:19,80.227,56.1,1611.2,77.902
8/12/19 11:19,80.227,56,1611.2,77.902
8/12/19 11:19,80.272,55.9,1608.7,77.902
8/12/19 11:19,80.272,55.8,1611.2,77.902
8/12/19 11:19,80.272,55.6,1611.2,77.902
8/12/19 11:19,80.272,55.6,1611.2,77.902
8/12/19 11:19,80.272,55.5,1611.2,77.945
8/12/19 11:19,80.272,55.4,1611.2,77.945
8/12/19 11:19,80.272,55.4,1611.2,77.945
8/12/19 11:19,80.272,55.3,1611.2,77.945
8/12/19 11:19,80.272,55.2,1611.2,77.945
8/12/19 11:19,80.227,55.2,1611.2,77.945
8/12/19 11:19,80.227,55.1,1613.7,77.945
8/12/19 11:19,80.272,55.1,1616.2,77.945
8/12/19 11:19,80.227,55,1621.2,77.945
8/12/19 11:19,80.227,55,1618.7,77.945
8/12/19 11:19,80.227,55,1623.7,77.945
8/12/19 11:19,80.227,55,1621.2,77.945
8/12/19 11:19,80.227,55,1626.2,77.945
8/12/19 11:19,80.227,55,1621.2,77.945
8/12/19 11:19,80.184,55,1623.7,77.945
8/12/19 11:19,80.184,55,1623.7,77.945
8/12/19 11:19,80.184,55,1626.2,77.945
8/12/19 11:19,80.184,55.1,1623.7,77.945
8/12/19 11:19,80.184,55.1,1623.7,77.945
8/12/19 11:19,80.184,55.2,1623.7,77.99
8/12/19 11:19,80.184,55.3,1628.7,77.99
8/12/19 11:19,80.184,55.4,1631.2,77.945
8/12/19 11:19,80.184,55.5,1628.7,77.99
8/12/19 11:19,80.139,55.5,1628.7,77.99
8/12/19 11:19,80.139,55.6,1623.7,77.99
8/12/19 11:19,80.139,55.6,1628.7,77.99
8/12/19 11:19,80.139,55.7,1623.7,77.99
8/12/19 11:19,80.139,55.8,1626.2,77.99
8/12/19 11:19,80.139,55.9,1628.7,77.99
8/12/19 11:19,80.139,56,1623.7,77.99
8/12/19 11:19,80.139,56.1,1623.7,77.99
8/12/19 11:19,80.139,56.1,1623.7,77.99
8/12/19 11:20,80.139,56.3,1628.7,77.99
8/12/19 11:20,80.139,56.4,1628.7,77.99
8/12/19 11:20,80.139,56.4,1631.2,77.99
8/12/19 11:20,80.184,56.4,1631.2,77.99
8/12/19 11:20,80.184,56.4,1628.7,77.99
8/12/19 11:20,80.184,56.3,1631.2,77.99
8/12/19 11:20,80.184,56.3,1628.7,77.99
8/12/19 11:20,80.184,56.2,1631.2,77.99
8/12/19 11:20,80.184,56.2,1631.2,77.99
8/12/19 11:20,80.184,56.1,1633.7,78.033
8/12/19 11:20,80.184,56,1631.2,78.033
8/12/19 11:20,80.184,55.9,1633.7,78.033
8/12/19 11:20,80.184,55.9,1636.2,78.033
8/12/19 11:20,80.184,55.9,1633.7,78.033
8/12/19 11:20,80.184,55.9,1633.7,78.033
8/12/19 11:20,80.184,55.9,1636.2,78.033
8/12/19 11:20,80.184,55.9,1636.2,78.033
8/12/19 11:20,80.184,55.9,1638.7,78.033
8/12/19 11:20,80.184,56,1638.7,78.033
8/12/19 11:20,80.184,56,1641.2,78.033
8/12/19 11:20,80.184,56.1,1641.2,78.033
8/12/19 11:20,80.184,56.1,1638.7,78.033
8/12/19 11:20,80.184,56.1,1636.2,78.033
8/12/19 11:20,80.184,56.2,1641.2,78.033
8/12/19 11:20,80.184,56.2,1638.7,78.033
8/12/19 11:20,80.184,56.1,1636.2,78.033
8/12/19 11:20,80.184,56.1,1641.2,78.033
8/12/19 11:20,80.184,56.1,1636.2,78.033
8/12/19 11:20,80.184,56.1,1638.7,78.033
8/12/19 11:20,80.184,56.1,1638.7,78.076
8/12/19 11:20,80.184,56.1,1636.2,78.076
8/12/19 11:20,80.184,56.1,1633.7,78.076
8/12/19 11:20,80.184,56.1,1638.7,78.076
8/12/19 11:20,80.184,56.1,1638.7,78.076
8/12/19 11:20,80.184,56.1,1636.2,78.076
8/12/19 11:20,80.184,56.2,1636.2,78.076
8/12/19 11:20,80.184,56.1,1643.7,78.076
8/12/19 11:20,80.184,56.2,1636.2,78.076
8/12/19 11:20,80.184,56.3,1638.7,78.076
8/12/19 11:20,80.184,56.4,1636.2,78.076
8/12/19 11:20,80.184,56.4,1636.2,78.076
8/12/19 11:20,80.227,56.3,1636.2,78.076
8/12/19 11:20,80.184,56.3,1638.7,78.076
8/12/19 11:20,80.227,56.2,1633.7,78.076
8/12/19 11:20,80.227,56.2,1638.7,78.076
8/12/19 11:20,80.227,56.2,1636.2,78.076
8/12/19 11:20,80.227,56.3,1636.2,78.076
8/12/19 11:20,80.227,56.3,1641.2,78.076
8/12/19 11:20,80.227,56.3,1636.2,78.076
8/12/19 11:20,80.227,56.3,1636.2,78.076
8/12/19 11:20,80.227,56.2,1636.2,78.076
8/12/19 11:20,80.227,56.2,1638.7,78.121
8/12/19 11:20,80.227,56.2,1638.7,78.121
8/12/19 11:20,80.227,56.1,1638.7,78.121
8/12/19 11:20,80.227,56.1,1638.7,78.121
8/12/19 11:20,80.184,56,1641.2,78.121
8/12/19 11:20,80.227,55.9,1641.2,78.121
8/12/19 11:20,80.227,55.9,1643.7,78.121
8/12/19 11:20,80.227,56,1638.7,78.121
8/12/19 11:20,80.227,56.1,1638.7,78.121
8/12/19 11:21,80.227,56.1,1638.7,78.121
8/12/19 11:21,80.227,56.2,1641.2,78.121
8/12/19 11:21,80.227,56.2,1641.2,78.121
8/12/19 11:21,80.227,56.3,1641.2,78.121
8/12/19 11:21,80.227,56.3,1641.2,78.121
8/12/19 11:21,80.227,56.4,1638.7,78.121
8/12/19 11:21,80.227,56.4,1636.2,78.121
8/12/19 11:21,80.227,56.5,1638.7,78.121
8/12/19 11:21,80.227,56.6,1641.2,78.121
8/12/19 11:21,80.227,56.7,1641.2,78.121
8/12/19 11:21,80.227,56.7,1636.2,78.121
8/12/19 11:21,80.227,56.8,1641.2,78.121
8/12/19 11:21,80.227,56.9,1641.2,78.121
8/12/19 11:21,80.227,57,1638.7,78.121
8/12/19 11:21,80.227,57,1643.7,78.165
8/12/19 11:21,80.272,57,1641.2,78.121
8/12/19 11:21,80.272,56.9,1646.2,78.165
8/12/19 11:21,80.272,56.9,1641.2,78.165
8/12/19 11:21,80.272,56.9,1641.2,78.165
8/12/19 11:21,80.272,56.9,1641.2,78.165
8/12/19 11:21,80.272,56.9,1643.7,78.165
8/12/19 11:21,80.316,56.9,1643.7,78.165
8/12/19 11:21,80.316,57,1641.2,78.165
8/12/19 11:21,80.316,57,1643.7,78.165
8/12/19 11:21,80.316,57.1,1641.2,78.165
8/12/19 11:21,80.316,57.1,1641.2,78.165
8/12/19 11:21,80.316,57.2,1641.2,78.165
8/12/19 11:21,80.316,57.2,1641.2,78.165
8/12/19 11:21,80.361,57.3,1643.7,78.165
8/12/19 11:21,80.361,57.3,1643.7,78.165
8/12/19 11:21,80.361,57.3,1646.2,78.165
8/12/19 11:21,80.361,57.4,1643.7,78.165
8/12/19 11:21,80.361,57.5,1641.2,78.165
8/12/19 11:21,80.404,57.6,1641.2,78.165
8/12/19 11:21,80.404,57.6,1643.7,78.165
8/12/19 11:21,80.404,57.5,1646.2,78.165
8/12/19 11:21,80.404,57.4,1641.2,78.165
8/12/19 11:21,80.449,57.4,1643.7,78.165
8/12/19 11:21,80.449,57.3,1643.7,78.165
8/12/19 11:21,80.449,57.3,1646.2,78.165
8/12/19 11:21,80.449,57.3,1643.7,78.165
8/12/19 11:21,80.449,57.3,1643.7,78.208
8/12/19 11:21,80.492,57.3,1643.7,78.208
8/12/19 11:21,80.492,57.1,1643.7,78.208
8/12/19 11:21,80.492,57,1643.7,78.208
8/12/19 11:21,80.492,56.8,1646.2,78.208
8/12/19 11:21,80.492,56.7,1641.2,78.208
8/12/19 11:21,80.492,56.6,1643.7,78.208
8/12/19 11:21,80.537,56.5,1643.7,78.208
8/12/19 11:21,80.537,56.4,1643.7,78.208
8/12/19 11:21,80.537,56.3,1641.2,78.208
8/12/19 11:21,80.537,56.3,1643.7,78.208
8/12/19 11:21,80.537,56.1,1646.2,78.208
8/12/19 11:21,80.537,56.2,1646.2,78.208
8/12/19 11:21,80.537,56.1,1643.7,78.208
8/12/19 11:21,80.537,56,1641.2,78.208
8/12/19 11:21,80.537,55.9,1646.2,78.208
8/12/19 11:21,80.58,55.8,1646.2,78.208
8/12/19 11:21,80.58,55.8,1646.2,78.208
8/12/19 11:21,80.58,55.7,1646.2,78.208
8/12/19 11:22,80.58,55.7,1643.7,78.208
8/12/19 11:22,80.58,55.7,1643.7,78.251
8/12/19 11:22,80.58,55.7,1643.7,78.251
8/12/19 11:22,80.58,55.8,1643.7,78.208
8/12/19 11:22,80.58,55.8,1646.2,78.208
8/12/19 11:22,80.58,55.8,1646.2,78.251
8/12/19 11:22,80.58,55.9,1646.2,78.251
8/12/19 11:22,80.58,55.9,1646.2,78.251
8/12/19 11:22,80.58,55.9,1646.2,78.251
8/12/19 11:22,80.58,55.9,1646.2,78.251
8/12/19 11:22,80.58,55.9,1646.2,78.251
8/12/19 11:22,80.58,55.8,1646.2,78.251
8/12/19 11:22,80.58,55.6,1643.7,78.251
8/12/19 11:22,80.625,55.5,1646.2,78.251
8/12/19 11:22,80.625,55.4,1646.2,78.251
8/12/19 11:22,80.625,55.2,1643.7,78.251
8/12/19 11:22,80.625,55.1,1643.7,78.251
8/12/19 11:22,80.58,55,1643.7,78.251
8/12/19 11:22,80.625,55,1646.2,78.251
8/12/19 11:22,80.58,55,1643.7,78.251
8/12/19 11:22,80.58,55,1643.7,78.251
8/12/19 11:22,80.58,55,1643.7,78.251
8/12/19 11:22,80.58,55,1643.7,78.251
8/12/19 11:22,80.58,55,1646.2,78.251
8/12/19 11:22,80.58,55,1643.7,78.296
8/12/19 11:22,80.58,55.1,1646.2,78.296
8/12/19 11:22,80.58,55.1,1646.2,78.296
8/12/19 11:22,80.58,55.2,1646.2,78.296
8/12/19 11:22,80.58,55.2,1643.7,78.296
8/12/19 11:22,80.58,55.3,1646.2,78.296
8/12/19 11:22,80.58,55.4,1646.2,78.296
8/12/19 11:22,80.58,55.5,1643.7,78.296
8/12/19 11:22,80.537,55.5,1643.7,78.296
8/12/19 11:22,80.537,55.5,1643.7,78.296
8/12/19 11:22,80.537,55.6,1646.2,78.296
8/12/19 11:22,80.537,55.5,1643.7,78.296
8/12/19 11:22,80.537,55.7,1646.2,78.296
8/12/19 11:22,80.537,55.8,1643.7,78.296
8/12/19 11:22,80.537,55.8,1643.7,78.296
8/12/19 11:22,80.537,55.9,1643.7,78.296
8/12/19 11:22,80.537,55.8,1643.7,78.296
8/12/19 11:22,80.537,55.7,1643.7,78.339
8/12/19 11:22,80.537,55.6,1646.2,78.296
8/12/19 11:22,80.537,55.5,1643.7,78.296
8/12/19 11:22,80.537,55.6,1646.2,78.339
8/12/19 11:22,80.537,55.5,1646.2,78.296
8/12/19 11:22,80.537,55.5,1646.2,78.339
8/12/19 11:22,80.492,55.4,1646.2,78.339
8/12/19 11:22,80.492,55.3,1641.2,78.339
8/12/19 11:22,80.492,55.3,1648.7,78.339
8/12/19 11:22,80.492,55.2,1648.7,78.339
8/12/19 11:22,80.492,55.2,1648.7,78.339
8/12/19 11:22,80.492,55.2,1646.2,78.339
8/12/19 11:22,80.492,55.2,1646.2,78.339
8/12/19 11:22,80.492,55.2,1646.2,78.339
8/12/19 11:22,80.492,55.2,1643.7,78.339
8/12/19 11:22,80.492,55.2,1643.7,78.339
8/12/19 11:22,80.492,55.1,1643.7,78.339
8/12/19 11:22,80.492,55,1646.2,78.339
8/12/19 11:22,80.492,55,1646.2,78.339
8/12/19 11:23,80.492,54.9,1643.7,78.339
8/12/19 11:23,80.492,54.8,1646.2,78.339
8/12/19 11:23,80.449,54.7,1643.7,78.339
8/12/19 11:23,80.449,54.6,1646.2,78.339
8/12/19 11:23,80.449,54.6,1646.2,78.339
8/12/19 11:23,80.449,54.7,1646.2,78.339
8/12/19 11:23,80.449,54.8,1646.2,78.339
8/12/19 11:23,80.449,54.9,1646.2,78.339
8/12/19 11:23,80.449,55,1646.2,78.339
8/12/19 11:23,80.449,55,1643.7,78.339
8/12/19 11:23,80.449,55,1646.2,78.382
8/12/19 11:23,80.404,54.9,1643.7,78.382
8/12/19 11:23,80.404,54.8,1646.2,78.382
8/12/19 11:23,80.404,54.8,1641.2,78.382
8/12/19 11:23,80.404,54.7,1643.7,78.382
8/12/19 11:23,80.404,54.7,1646.2,78.382
8/12/19 11:23,80.404,54.6,1646.2,78.382
8/12/19 11:23,80.404,54.7,1646.2,78.382
8/12/19 11:23,80.404,54.7,1646.2,78.382
8/12/19 11:23,80.404,54.8,1643.7,78.382
8/12/19 11:23,80.361,54.9,1646.2,78.382
8/12/19 11:23,80.361,55,1641.2,78.382
8/12/19 11:23,80.361,55,1641.2,78.382
8/12/19 11:23,80.361,55,1643.7,78.382
8/12/19 11:23,80.361,55,1643.7,78.382
8/12/19 11:23,80.361,55,1643.7,78.382
8/12/19 11:23,80.361,55,1646.2,78.427
8/12/19 11:23,80.361,54.9,1646.2,78.382
8/12/19 11:23,80.361,54.9,1646.2,78.427
8/12/19 11:23,80.361,54.8,1646.2,78.427
8/12/19 11:23,80.316,54.6,1646.2,78.427
8/12/19 11:23,80.316,54.5,1646.2,78.427
8/12/19 11:23,80.361,54.4,1648.7,78.427
8/12/19 11:23,80.316,54.5,1646.2,78.427
8/12/19 11:23,80.316,54.4,1648.7,78.427
8/12/19 11:23,80.316,54.4,1646.2,78.427
8/12/19 11:23,80.316,54.5,1646.2,78.427
8/12/19 11:23,80.316,54.4,1646.2,78.427
8/12/19 11:23,80.316,54.4,1643.7,78.427
8/12/19 11:23,80.316,54.3,1646.2,78.427
8/12/19 11:23,80.316,54.2,1646.2,78.427
8/12/19 11:23,80.316,54.1,1643.7,78.427
8/12/19 11:23,80.272,54.1,1643.7,78.427
8/12/19 11:23,80.272,54,1646.2,78.427
8/12/19 11:23,80.272,54,1646.2,78.427
8/12/19 11:23,80.272,54,1646.2,78.427
8/12/19 11:23,80.272,54,1643.7,78.427
8/12/19 11:23,80.272,54,1643.7,78.427
8/12/19 11:23,80.272,54,1643.7,78.427
8/12/19 11:23,80.272,54,1643.7,78.427
8/12/19 11:23,80.227,53.9,1641.2,78.471
8/12/19 11:23,80.227,53.9,1643.7,78.471
8/12/19 11:23,80.227,53.9,1643.7,78.471
8/12/19 11:23,80.227,53.9,1643.7,78.471
8/12/19 11:23,80.227,54,1641.2,78.471
8/12/19 11:23,80.227,54,1643.7,78.471
8/12/19 11:23,80.227,54.2,1646.2,78.471
8/12/19 11:23,80.184,54.3,1643.7,78.471
8/12/19 11:23,80.227,54.3,1643.7,78.471
8/12/19 11:23,80.184,54.5,1638.7,78.471
8/12/19 11:24,80.184,54.5,1643.7,78.471
8/12/19 11:24,80.184,54.5,1643.7,78.471
8/12/19 11:24,80.184,54.6,1643.7,78.471
8/12/19 11:24,80.184,54.8,1641.2,78.471
8/12/19 11:24,80.184,54.9,1643.7,78.471
8/12/19 11:24,80.184,55,1646.2,78.471
8/12/19 11:24,80.184,55,1643.7,78.471
8/12/19 11:24,80.184,55,1643.7,78.471
8/12/19 11:24,80.184,54.9,1643.7,78.471
8/12/19 11:24,80.184,54.9,1643.7,78.471
8/12/19 11:24,80.184,54.8,1643.7,78.514
8/12/19 11:24,80.184,54.7,1643.7,78.514
8/12/19 11:24,80.184,54.6,1643.7,78.514
8/12/19 11:24,80.184,54.6,1643.7,78.514
8/12/19 11:24,80.184,54.5,1643.7,78.514
8/12/19 11:24,80.184,54.5,1643.7,78.514
8/12/19 11:24,80.184,54.4,1641.2,78.514
8/12/19 11:24,80.184,54.4,1643.7,78.514
8/12/19 11:24,80.184,54.4,1646.2,78.514
8/12/19 11:24,80.184,54.5,1643.7,78.514
8/12/19 11:24,80.184,54.5,1643.7,78.514
8/12/19 11:24,80.184,54.5,1643.7,78.514
8/12/19 11:24,80.184,54.6,1641.2,78.514
8/12/19 11:24,80.184,54.6,1643.7,78.514
8/12/19 11:24,80.184,54.6,1643.7,78.514
8/12/19 11:24,80.184,54.6,1643.7,78.514
8/12/19 11:24,80.184,54.6,1641.2,78.514
8/12/19 11:24,80.184,54.7,1646.2,78.514
8/12/19 11:24,80.184,54.6,1643.7,78.514
8/12/19 11:24,80.184,54.6,1646.2,78.514
8/12/19 11:24,80.184,54.6,1643.7,78.514
8/12/19 11:24,80.139,54.7,1643.7,78.514
8/12/19 11:24,80.139,54.6,1643.7,78.514
8/12/19 11:24,80.139,54.6,1643.7,78.514
8/12/19 11:24,80.139,54.5,1646.2,78.514
8/12/19 11:24,80.139,54.5,1646.2,78.514
8/12/19 11:24,80.139,54.3,1643.7,78.559
8/12/19 11:24,80.139,54.2,1643.7,78.559
8/12/19 11:24,80.139,54.1,1646.2,78.559
8/12/19 11:24,80.139,54.1,1648.7,78.559
8/12/19 11:24,80.139,54,1646.2,78.559
8/12/19 11:24,80.139,54,1643.7,78.559
8/12/19 11:24,80.139,54.1,1646.2,78.559
8/12/19 11:24,80.139,54.1,1646.2,78.559
8/12/19 11:24,80.096,54.2,1648.7,78.559
8/12/19 11:24,80.096,54.2,1646.2,78.559
8/12/19 11:24,80.096,54.3,1646.2,78.559
8/12/19 11:24,80.096,54.4,1653.7,78.559
8/12/19 11:24,80.096,54.4,1648.7,78.559
8/12/19 11:24,80.096,54.5,1648.7,78.559
8/12/19 11:24,80.096,54.5,1648.7,78.559
8/12/19 11:24,80.096,54.6,1646.2,78.559
8/12/19 11:24,80.096,54.7,1648.7,78.559
8/12/19 11:24,80.096,54.9,1646.2,78.559
8/12/19 11:24,80.096,55,1648.7,78.559
8/12/19 11:24,80.096,55,1648.7,78.602
8/12/19 11:24,80.096,55.1,1648.7,78.559
8/12/19 11:24,80.096,55.1,1648.7,78.602
8/12/19 11:24,80.096,55.2,1648.7,78.559
8/12/19 11:24,80.096,55.2,1648.7,78.602
8/12/19 11:25,80.096,55.2,1651.2,78.602
8/12/19 11:25,80.096,55.1,1648.7,78.602
8/12/19 11:25,80.096,55,1651.2,78.602
8/12/19 11:25,80.096,55,1648.7,78.602
8/12/19 11:25,80.139,54.9,1651.2,78.602
8/12/19 11:25,80.139,54.8,1648.7,78.602
8/12/19 11:25,80.139,54.7,1648.7,78.602
8/12/19 11:25,80.139,54.6,1648.7,78.602
8/12/19 11:25,80.139,54.6,1651.2,78.602
8/12/19 11:25,80.139,54.5,1651.2,78.602
8/12/19 11:25,80.139,54.6,1653.7,78.602
8/12/19 11:25,80.096,54.6,1651.2,78.602
8/12/19 11:25,80.139,54.7,1653.7,78.602
8/12/19 11:25,80.096,54.8,1653.7,78.602
8/12/19 11:25,80.096,54.9,1653.7,78.602
8/12/19 11:25,80.096,54.9,1653.7,78.602
8/12/19 11:25,80.096,54.9,1653.7,78.602
8/12/19 11:25,80.096,54.8,1651.2,78.602
8/12/19 11:25,80.096,54.6,1653.7,78.602
8/12/19 11:25,80.096,54.4,1653.7,78.602
8/12/19 11:25,80.096,54.3,1653.7,78.602
8/12/19 11:25,80.096,54.1,1653.7,78.602
8/12/19 11:25,80.096,53.9,1653.7,78.645
8/12/19 11:25,80.096,53.8,1653.7,78.645
8/12/19 11:25,80.096,53.7,1656.2,78.602
8/12/19 11:25,80.096,53.6,1656.2,78.645
8/12/19 11:25,80.096,53.6,1656.2,78.645
8/12/19 11:25,80.051,53.5,1653.7,78.645
8/12/19 11:25,80.051,53.5,1653.7,78.645
8/12/19 11:25,80.051,53.5,1653.7,78.645
8/12/19 11:25,80.051,53.5,1653.7,78.645
8/12/19 11:25,80.051,53.6,1653.7,78.645
8/12/19 11:25,80.008,53.6,1653.7,78.645
8/12/19 11:25,80.008,53.7,1656.2,78.645
8/12/19 11:25,80.008,53.7,1653.7,78.645
8/12/19 11:25,80.008,53.8,1656.2,78.645
8/12/19 11:25,80.008,53.8,1656.2,78.645
8/12/19 11:25,80.008,53.9,1653.7,78.645
8/12/19 11:25,80.008,54,1656.2,78.645
8/12/19 11:25,80.008,54.1,1653.7,78.645
8/12/19 11:25,79.963,54.2,1653.7,78.645
8/12/19 11:25,79.963,54.3,1653.7,78.645
8/12/19 11:25,79.963,54.4,1653.7,78.645
8/12/19 11:25,79.963,54.4,1653.7,78.645
8/12/19 11:25,79.963,54.5,1653.7,78.645
8/12/19 11:25,79.963,54.6,1653.7,78.645
8/12/19 11:25,79.963,54.7,1653.7,78.69
8/12/19 11:25,80.008,54.8,1656.2,78.645
8/12/19 11:25,79.963,54.8,1653.7,78.69
8/12/19 11:25,80.008,54.9,1656.2,78.69
8/12/19 11:25,80.008,55,1653.7,78.69
8/12/19 11:25,80.008,55,1656.2,78.69
8/12/19 11:25,80.008,55,1653.7,78.69
8/12/19 11:25,80.008,55.1,1651.2,78.69
8/12/19 11:25,80.008,55.2,1653.7,78.69
8/12/19 11:25,80.051,55.2,1656.2,78.69
8/12/19 11:25,80.051,55.3,1653.7,78.69
8/12/19 11:25,80.051,55.2,1653.7,78.69
8/12/19 11:25,80.051,55.3,1653.7,78.69
8/12/19 11:25,80.051,55.3,1658.7,78.69
8/12/19 11:26,80.096,55.3,1653.7,78.69
8/12/19 11:26,80.096,55.3,1653.7,78.69
8/12/19 11:26,80.096,55.3,1656.2,78.69
8/12/19 11:26,80.096,55.3,1653.7,78.69
8/12/19 11:26,80.096,55.1,1656.2,78.69
8/12/19 11:26,80.139,55,1656.2,78.69
8/12/19 11:26,80.139,54.8,1653.7,78.69
8/12/19 11:26,80.139,54.6,1656.2,78.69
8/12/19 11:26,80.139,54.5,1656.2,78.69
8/12/19 11:26,80.139,54.4,1656.2,78.69
8/12/19 11:26,80.139,54.4,1656.2,78.69
8/12/19 11:26,80.139,54.4,1656.2,78.69
8/12/19 11:26,80.139,54.4,1656.2,78.733
8/12/19 11:26,80.139,54.3,1656.2,78.733
8/12/19 11:26,80.139,54.3,1656.2,78.733
8/12/19 11:26,80.139,54.1,1656.2,78.69
8/12/19 11:26,80.139,54,1656.2,78.733
8/12/19 11:26,80.139,53.8,1656.2,78.733
8/12/19 11:26,80.139,53.8,1656.2,78.733
8/12/19 11:26,80.139,53.7,1658.7,78.733
8/12/19 11:26,80.139,53.6,1658.7,78.733
8/12/19 11:26,80.139,53.6,1656.2,78.733
8/12/19 11:26,80.139,53.6,1656.2,78.733
8/12/19 11:26,80.139,53.6,1658.7,78.733
8/12/19 11:26,80.139,53.7,1658.7,78.733
8/12/19 11:26,80.139,53.7,1656.2,78.733
8/12/19 11:26,80.139,53.7,1658.7,78.733
8/12/19 11:26,80.139,53.7,1656.2,78.733
8/12/19 11:26,80.139,53.7,1656.2,78.733
8/12/19 11:26,80.139,53.8,1658.7,78.733
8/12/19 11:26,80.139,53.8,1658.7,78.733
8/12/19 11:26,80.139,53.8,1658.7,78.777
8/12/19 11:26,80.139,53.8,1658.7,78.777
8/12/19 11:26,80.139,53.8,1658.7,78.777
8/12/19 11:26,80.096,53.7,1658.7,78.777
8/12/19 11:26,80.139,53.7,1658.7,78.777
8/12/19 11:26,80.096,53.7,1658.7,78.777
8/12/19 11:26,80.096,53.6,1658.7,78.777
8/12/19 11:26,80.096,53.5,1658.7,78.777
8/12/19 11:26,80.096,53.4,1658.7,78.777
8/12/19 11:26,80.096,53.3,1658.7,78.777
8/12/19 11:26,80.096,53.2,1661.2,78.777
8/12/19 11:26,80.096,53.2,1658.7,78.777
8/12/19 11:26,80.096,53.2,1658.7,78.777
8/12/19 11:26,80.096,53.2,1658.7,78.777
8/12/19 11:26,80.096,53.2,1658.7,78.777
8/12/19 11:26,80.096,53.2,1658.7,78.777
8/12/19 11:26,80.096,53.2,1661.2,78.777
8/12/19 11:26,80.096,53.2,1658.7,78.777
8/12/19 11:26,80.096,53.2,1661.2,78.777
8/12/19 11:26,80.096,53.2,1661.2,78.777
8/12/19 11:26,80.096,53.2,1661.2,78.777
8/12/19 11:26,80.096,53.2,1661.2,78.777
8/12/19 11:26,80.096,53.2,1658.7,78.822
8/12/19 11:26,80.096,53.1,1661.2,78.822
8/12/19 11:26,80.096,53,1661.2,78.822
8/12/19 11:26,80.051,52.9,1658.7,78.822
8/12/19 11:26,80.051,52.9,1658.7,78.822
8/12/19 11:26,80.051,52.9,1661.2,78.822
8/12/19 11:26,80.051,52.7,1661.2,78.822
8/12/19 11:27,80.051,52.7,1661.2,78.822
8/12/19 11:27,80.051,52.6,1658.7,78.822
8/12/19 11:27,80.051,52.6,1658.7,78.822
8/12/19 11:27,80.051,52.6,1661.2,78.822
8/12/19 11:27,80.051,52.6,1663.7,78.822
8/12/19 11:27,80.051,52.5,1661.2,78.822
8/12/19 11:27,80.051,52.5,1663.7,78.822
8/12/19 11:27,80.051,52.5,1658.7,78.822
8/12/19 11:27,80.051,52.6,1661.2,78.822
8/12/19 11:27,80.008,52.6,1661.2,78.822
8/12/19 11:27,80.008,52.6,1661.2,78.822
8/12/19 11:27,80.008,52.6,1661.2,78.822
8/12/19 11:27,80.008,52.6,1658.7,78.865
8/12/19 11:27,80.008,52.7,1661.2,78.865
8/12/19 11:27,80.008,52.7,1658.7,78.822
8/12/19 11:27,80.008,52.8,1661.2,78.865
8/12/19 11:27,80.008,52.8,1661.2,78.865
8/12/19 11:27,80.008,52.9,1661.2,78.865
8/12/19 11:27,79.963,52.9,1661.2,78.865
8/12/19 11:27,79.963,52.9,1663.7,78.865
8/12/19 11:27,79.963,52.9,1661.2,78.865
8/12/19 11:27,79.963,53,1661.2,78.865
8/12/19 11:27,79.963,53,1661.2,78.865
8/12/19 11:27,79.963,53,1661.2,78.865
8/12/19 11:27,79.963,53,1661.2,78.865
8/12/19 11:27,79.963,53,1661.2,78.865
8/12/19 11:27,79.963,53.1,1658.7,78.865
8/12/19 11:27,79.963,53.1,1663.7,78.865
8/12/19 11:27,79.963,53.1,1663.7,78.865
8/12/19 11:27,79.963,53.1,1661.2,78.865
8/12/19 11:27,79.963,53.2,1658.7,78.865
8/12/19 11:27,79.963,53.2,1661.2,78.865
8/12/19 11:27,79.963,53.2,1663.7,78.865
8/12/19 11:27,79.963,53.2,1663.7,78.91
8/12/19 11:27,79.963,53.2,1661.2,78.91
8/12/19 11:27,79.963,53.2,1663.7,78.91
8/12/19 11:27,79.963,53.2,1661.2,78.91
8/12/19 11:27,79.963,53.2,1661.2,78.91
8/12/19 11:27,79.963,53.2,1663.7,78.91
8/12/19 11:27,79.963,53.2,1663.7,78.91
8/12/19 11:27,79.963,53.2,1661.2,78.91
8/12/19 11:27,79.963,53.2,1661.2,78.91
8/12/19 11:27,79.963,53.2,1661.2,78.91
8/12/19 11:27,79.963,53.2,1661.2,78.91
8/12/19 11:27,79.963,53.2,1661.2,78.91
8/12/19 11:27,79.963,53.3,1663.7,78.91
8/12/19 11:27,79.963,53.4,1658.7,78.91
8/12/19 11:27,79.963,53.5,1666.2,78.91
8/12/19 11:27,79.963,53.5,1661.2,78.91
8/12/19 11:27,79.963,53.5,1661.2,78.91
8/12/19 11:27,79.963,53.6,1666.2,78.91
8/12/19 11:27,79.963,53.6,1661.2,78.953
8/12/19 11:27,79.963,53.6,1661.2,78.91
8/12/19 11:27,79.963,53.7,1661.2,78.953
8/12/19 11:27,79.963,53.7,1663.7,78.953
8/12/19 11:27,79.963,53.8,1663.7,78.953
8/12/19 11:27,79.963,53.8,1663.7,78.953
8/12/19 11:27,79.963,53.9,1663.7,78.953
8/12/19 11:27,79.963,53.8,1663.7,78.953
8/12/19 11:27,79.963,53.8,1663.7,78.953
8/12/19 11:28,79.963,53.9,1663.7,78.953
8/12/19 11:28,80.008,54,1666.2,78.953
8/12/19 11:28,80.008,54,1668.7,78.953
8/12/19 11:28,80.008,54,1666.2,78.953
8/12/19 11:28,80.008,54,1666.2,78.953
8/12/19 11:28,80.008,54.1,1663.7,78.953
8/12/19 11:28,80.008,54.1,1661.2,78.953
8/12/19 11:28,80.008,54.2,1666.2,78.953
8/12/19 11:28,80.008,54.2,1666.2,78.953
8/12/19 11:28,80.008,54.3,1666.2,78.953
8/12/19 11:28,80.008,54.4,1666.2,78.953
8/12/19 11:28,80.008,54.4,1666.2,78.996
8/12/19 11:28,80.008,54.5,1663.7,78.996
8/12/19 11:28,80.008,54.5,1663.7,78.996
8/12/19 11:28,80.051,54.6,1666.2,78.996
8/12/19 11:28,80.051,54.6,1663.7,78.996
8/12/19 11:28,80.051,54.6,1668.7,78.996
8/12/19 11:28,80.051,54.7,1666.2,78.996
8/12/19 11:28,80.051,54.7,1666.2,78.996
8/12/19 11:28,80.051,54.7,1663.7,78.996
8/12/19 11:28,80.051,54.8,1666.2,78.996
8/12/19 11:28,80.051,54.9,1668.7,78.996
8/12/19 11:28,80.051,54.9,1666.2,78.996
8/12/19 11:28,80.051,55,1666.2,78.996
8/12/19 11:28,80.051,55,1666.2,78.996
8/12/19 11:28,80.051,55,1666.2,78.996
8/12/19 11:28,80.051,55,1663.7,78.996
8/12/19 11:28,80.051,55,1666.2,78.996
8/12/19 11:28,80.051,55,1668.7,78.996
8/12/19 11:28,80.051,55,1666.2,78.996
8/12/19 11:28,80.051,55,1666.2,78.996
8/12/19 11:28,80.096,55,1663.7,79.041
8/12/19 11:28,80.096,55,1663.7,78.996
8/12/19 11:28,80.096,55,1666.2,79.041
8/12/19 11:28,80.096,55,1666.2,79.041
8/12/19 11:28,80.096,55,1663.7,79.041
8/12/19 11:28,80.096,55,1666.2,79.041
8/12/19 11:28,80.096,55,1663.7,79.041
8/12/19 11:28,80.096,55.1,1666.2,79.041
8/12/19 11:28,80.096,55.1,1666.2,79.041
8/12/19 11:28,80.096,55.1,1663.7,79.041
8/12/19 11:28,80.096,55.1,1668.7,79.041
8/12/19 11:28,80.096,55.1,1663.7,79.041
8/12/19 11:28,80.096,55.1,1668.7,79.041
8/12/19 11:28,80.139,55.1,1663.7,79.041
8/12/19 11:28,80.139,55,1663.7,79.041
8/12/19 11:28,80.139,55,1663.7,79.041
8/12/19 11:28,80.139,55,1666.2,79.041
8/12/19 11:28,80.139,55,1663.7,79.041
8/12/19 11:28,80.139,55.1,1668.7,79.041
8/12/19 11:28,80.139,55,1663.7,79.041
8/12/19 11:28,80.139,55.1,1663.7,79.041
8/12/19 11:28,80.139,55.1,1666.2,79.041
8/12/19 11:28,80.139,55.1,1663.7,79.041
8/12/19 11:28,80.139,55.1,1663.7,79.041
8/12/19 11:28,80.184,55.2,1663.7,79.084
8/12/19 11:28,80.184,55.2,1663.7,79.084
8/12/19 11:28,80.184,55.2,1666.2,79.084
8/12/19 11:28,80.184,55.3,1666.2,79.084
8/12/19 11:28,80.184,55.5,1666.2,79.084
8/12/19 11:29,80.184,55.6,1666.2,79.084
8/12/19 11:29,80.184,55.7,1666.2,79.084
8/12/19 11:29,80.227,55.7,1666.2,79.084
8/12/19 11:29,80.227,55.8,1666.2,79.084
8/12/19 11:29,80.227,55.9,1666.2,79.084
8/12/19 11:29,80.227,56,1671.2,79.084
8/12/19 11:29,80.227,56.2,1666.2,79.084
8/12/19 11:29,80.272,56.2,1668.7,79.084
8/12/19 11:29,80.272,56.3,1666.2,79.084
8/12/19 11:29,80.272,56.4,1666.2,79.084
8/12/19 11:29,80.272,56.4,1666.2,79.084
8/12/19 11:29,80.316,56.5,1666.2,79.084
8/12/19 11:29,80.316,56.5,1666.2,79.128
8/12/19 11:29,80.316,56.6,1663.7,79.128
8/12/19 11:29,80.361,56.6,1666.2,79.128
8/12/19 11:29,80.361,56.7,1666.2,79.128
8/12/19 11:29,80.361,56.7,1666.2,79.128
8/12/19 11:29,80.361,56.6,1666.2,79.128
8/12/19 11:29,80.404,56.6,1666.2,79.128
8/12/19 11:29,80.404,56.6,1668.7,79.128
8/12/19 11:29,80.404,56.5,1663.7,79.128
8/12/19 11:29,80.449,56.4,1666.2,79.128
8/12/19 11:29,80.449,56.3,1668.7,79.128
8/12/19 11:29,80.449,56.2,1663.7,79.128
8/12/19 11:29,80.449,56,1666.2,79.128
8/12/19 11:29,80.449,55.9,1666.2,79.128
8/12/19 11:29,80.492,55.7,1666.2,79.128
8/12/19 11:29,80.492,55.6,1666.2,79.128
8/12/19 11:29,80.492,55.5,1666.2,79.128
8/12/19 11:29,80.492,55.3,1666.2,79.128
8/12/19 11:29,80.492,55.1,1666.2,79.128
8/12/19 11:29,80.492,55,1666.2,79.128
8/12/19 11:29,80.492,55,1666.2,79.173
8/12/19 11:29,80.492,54.8,1663.7,79.173
8/12/19 11:29,80.492,54.8,1666.2,79.173
8/12/19 11:29,80.492,54.7,1666.2,79.173
8/12/19 11:29,80.492,54.6,1666.2,79.173
8/12/19 11:29,80.492,54.5,1663.7,79.173
8/12/19 11:29,80.492,54.5,1666.2,79.173
8/12/19 11:29,80.492,54.5,1663.7,79.173
8/12/19 11:29,80.492,54.4,1666.2,79.173
8/12/19 11:29,80.492,54.4,1666.2,79.173
8/12/19 11:29,80.492,54.4,1663.7,79.173
8/12/19 11:29,80.492,54.5,1663.7,79.173
8/12/19 11:29,80.492,54.5,1663.7,79.173
8/12/19 11:29,80.492,54.5,1663.7,79.173
8/12/19 11:29,80.492,54.6,1663.7,79.173
8/12/19 11:29,80.492,54.6,1666.2,79.173
8/12/19 11:29,80.492,54.6,1661.2,79.173
8/12/19 11:29,80.492,54.6,1661.2,79.173
8/12/19 11:29,80.492,54.7,1663.7,79.173
8/12/19 11:29,80.537,54.8,1663.7,79.216
8/12/19 11:29,80.537,54.8,1663.7,79.173
8/12/19 11:29,80.537,54.9,1661.2,79.216
8/12/19 11:29,80.537,54.9,1668.7,79.216
8/12/19 11:29,80.537,55,1658.7,79.216
8/12/19 11:29,80.58,55,1663.7,79.216
8/12/19 11:29,80.58,55.1,1666.2,79.216
8/12/19 11:29,80.58,55.2,1663.7,79.216
8/12/19 11:29,80.58,55.2,1661.2,79.216
8/12/19 11:30,80.625,55.3,1663.7,79.216
8/12/19 11:30,80.625,55.4,1663.7,79.216
8/12/19 11:30,80.625,55.5,1661.2,79.216
8/12/19 11:30,80.625,55.6,1663.7,79.216
8/12/19 11:30,80.668,55.6,1661.2,79.216
8/12/19 11:30,80.668,55.7,1663.7,79.216
8/12/19 11:30,80.668,55.8,1666.2,79.216
8/12/19 11:30,80.713,55.8,1663.7,79.216
8/12/19 11:30,80.713,55.9,1658.7,79.216
8/12/19 11:30,80.713,55.9,1666.2,79.216
8/12/19 11:30,80.757,55.9,1666.2,79.261
8/12/19 11:30,80.757,56,1668.7,79.261
8/12/19 11:30,80.757,56,1663.7,79.261
8/12/19 11:30,80.757,55.9,1666.2,79.261
8/12/19 11:30,80.802,56,1666.2,79.261
8/12/19 11:30,80.802,55.9,1663.7,79.261
8/12/19 11:30,80.802,55.8,1666.2,79.261
8/12/19 11:30,80.845,55.8,1666.2,79.261
8/12/19 11:30,80.845,55.7,1663.7,79.261
8/12/19 11:30,80.845,55.7,1666.2,79.261
8/12/19 11:30,80.89,55.6,1663.7,79.261
8/12/19 11:30,80.89,55.6,1663.7,79.261
8/12/19 11:30,80.89,55.5,1663.7,79.261
8/12/19 11:30,80.89,55.5,1666.2,79.261
8/12/19 11:30,80.935,55.4,1671.2,79.261
8/12/19 11:30,80.935,55.4,1668.7,79.261
8/12/19 11:30,80.935,55.4,1668.7,79.304
8/12/19 11:30,80.978,55.4,1666.2,79.304
8/12/19 11:30,80.978,55.3,1666.2,79.304
8/12/19 11:30,80.978,55.3,1666.2,79.304
8/12/19 11:30,80.978,55.3,1666.2,79.304
8/12/19 11:30,81.023,55.4,1666.2,79.304
8/12/19 11:30,81.023,55.4,1663.7,79.304
8/12/19 11:30,81.023,55.4,1663.7,79.304
8/12/19 11:30,81.023,55.4,1671.2,79.304
8/12/19 11:30,81.066,55.5,1661.2,79.304
8/12/19 11:30,81.066,55.5,1666.2,79.304
8/12/19 11:30,81.066,55.5,1666.2,79.304
8/12/19 11:30,81.111,55.5,1668.7,79.304
8/12/19 11:30,81.111,55.5,1666.2,79.304
8/12/19 11:30,81.111,55.5,1663.7,79.304
8/12/19 11:30,81.111,55.5,1661.2,79.304
8/12/19 11:30,81.154,55.4,1661.2,79.304
8/12/19 11:30,81.154,55.4,1663.7,79.304
8/12/19 11:30,81.154,55.4,1661.2,79.304
8/12/19 11:30,81.154,55.3,1663.7,79.304
8/12/19 11:30,81.199,55.3,1661.2,79.347
8/12/19 11:30,81.199,55.3,1661.2,79.304
8/12/19 11:30,81.199,55.2,1661.2,79.347
8/12/19 11:30,81.244,55.2,1663.7,79.347
8/12/19 11:30,81.244,55.2,1663.7,79.347
8/12/19 11:30,81.244,55.2,1663.7,79.347
8/12/19 11:30,81.244,55.3,1661.2,79.347
8/12/19 11:30,81.288,55.3,1663.7,79.347
8/12/19 11:30,81.288,55.3,1666.2,79.347
8/12/19 11:30,81.288,55.3,1663.7,79.347
8/12/19 11:30,81.333,55.3,1663.7,79.347
8/12/19 11:30,81.333,55.3,1663.7,79.347
8/12/19 11:30,81.333,55.3,1666.2,79.347
8/12/19 11:30,81.376,55.3,1666.2,79.347
8/12/19 11:31,81.376,55.3,1668.7,79.347
8/12/19 11:31,81.376,55.3,1666.2,79.347
8/12/19 11:31,81.421,55.3,1663.7,79.347
8/12/19 11:31,81.421,55.3,1663.7,79.347
8/12/19 11:31,81.421,55.3,1663.7,79.392
8/12/19 11:31,81.466,55.3,1666.2,79.392
8/12/19 11:31,81.466,55.4,1666.2,79.392
8/12/19 11:31,81.466,55.4,1668.7,79.392
8/12/19 11:31,81.509,55.4,1668.7,79.392
8/12/19 11:31,81.509,55.4,1668.7,79.392
8/12/19 11:31,81.509,55.3,1668.7,79.392
8/12/19 11:31,81.554,55.3,1666.2,79.392
8/12/19 11:31,81.554,55.3,1663.7,79.392
8/12/19 11:31,81.554,55.3,1666.2,79.392
8/12/19 11:31,81.597,55.3,1661.2,79.392
8/12/19 11:31,81.597,55.3,1661.2,79.392
8/12/19 11:31,81.597,55.3,1668.7,79.392
8/12/19 11:31,81.642,55.3,1666.2,79.392
8/12/19 11:31,81.642,55.3,1666.2,79.392
8/12/19 11:31,81.642,55.3,1666.2,79.392
8/12/19 11:31,81.687,55.3,1666.2,79.392
8/12/19 11:31,81.687,55.3,1666.2,79.392
8/12/19 11:31,81.73,55.4,1663.7,79.392
8/12/19 11:31,81.73,55.4,1668.7,79.435
8/12/19 11:31,81.73,55.4,1666.2,79.392
8/12/19 11:31,81.775,55.4,1666.2,79.435
8/12/19 11:31,81.775,55.4,1663.7,79.435
8/12/19 11:31,81.775,55.5,1666.2,79.435
8/12/19 11:31,81.775,55.5,1668.7,79.435
8/12/19 11:31,81.819,55.5,1666.2,79.435
8/12/19 11:31,81.819,55.5,1663.7,79.435
8/12/19 11:31,81.864,55.5,1668.7,79.435
8/12/19 11:31,81.864,55.5,1663.7,79.435
8/12/19 11:31,81.864,55.3,1666.2,79.435
8/12/19 11:31,81.909,55.3,1668.7,79.435
8/12/19 11:31,81.909,55.2,1666.2,79.435
8/12/19 11:31,81.909,55.2,1668.7,79.435
8/12/19 11:31,81.952,55.2,1666.2,79.435
8/12/19 11:31,81.952,55.1,1666.2,79.435
8/12/19 11:31,81.952,55,1666.2,79.48
8/12/19 11:31,81.997,54.8,1666.2,79.48
8/12/19 11:31,81.997,54.6,1668.7,79.48
8/12/19 11:31,81.997,54.4,1666.2,79.48
8/12/19 11:31,81.997,54.2,1666.2,79.48
8/12/19 11:31,81.997,54,1671.2,79.48
8/12/19 11:31,82.042,53.9,1668.7,79.48
8/12/19 11:31,82.042,53.7,1668.7,79.48
8/12/19 11:31,82.042,53.6,1668.7,79.48
8/12/19 11:31,82.042,53.5,1668.7,79.48
8/12/19 11:31,82.042,53.4,1668.7,79.48
8/12/19 11:31,82.042,53.4,1666.2,79.48
8/12/19 11:31,82.042,53.4,1668.7,79.48
8/12/19 11:31,82.042,53.3,1666.2,79.48
8/12/19 11:31,82.042,53.3,1668.7,79.48
8/12/19 11:31,82.042,53.2,1668.7,79.48
8/12/19 11:31,82.042,53.1,1668.7,79.48
8/12/19 11:31,82.042,53.1,1666.2,79.48
8/12/19 11:31,82.042,53,1668.7,79.48
8/12/19 11:31,81.997,53,1666.2,79.524
8/12/19 11:31,81.997,53,1666.2,79.524
8/12/19 11:32,81.997,53,1668.7,79.524
8/12/19 11:32,81.997,53,1668.7,79.524
8/12/19 11:32,81.997,53,1671.2,79.524
8/12/19 11:32,81.997,52.9,1668.7,79.524
8/12/19 11:32,81.997,52.8,1666.2,79.524
8/12/19 11:32,81.952,52.8,1663.7,79.524
8/12/19 11:32,81.952,52.8,1666.2,79.524
8/12/19 11:32,81.952,52.8,1668.7,79.524
8/12/19 11:32,81.952,52.8,1668.7,79.524
8/12/19 11:32,81.952,52.7,1666.2,79.524
8/12/19 11:32,81.952,52.7,1668.7,79.524
8/12/19 11:32,81.952,52.7,1666.2,79.524
8/12/19 11:32,81.952,52.7,1668.7,79.524
8/12/19 11:32,81.909,52.7,1671.2,79.524
8/12/19 11:32,81.909,52.8,1666.2,79.567
8/12/19 11:32,81.909,52.9,1666.2,79.524
8/12/19 11:32,81.909,53,1663.7,79.567
8/12/19 11:32,81.909,53,1668.7,79.567
8/12/19 11:32,81.909,53.1,1668.7,79.567
8/12/19 11:32,81.909,53.1,1668.7,79.567
8/12/19 11:32,81.909,53,1668.7,79.567
8/12/19 11:32,81.864,53.1,1668.7,79.567
8/12/19 11:32,81.864,53.1,1668.7,79.567
8/12/19 11:32,81.864,53.2,1668.7,79.567
8/12/19 11:32,81.864,53.2,1671.2,79.567
8/12/19 11:32,81.864,53.2,1668.7,79.567
8/12/19 11:32,81.864,53.2,1668.7,79.567
8/12/19 11:32,81.864,53.2,1671.2,79.567
8/12/19 11:32,81.864,53.3,1668.7,79.567
8/12/19 11:32,81.864,53.3,1671.2,79.567
8/12/19 11:32,81.864,53.3,1671.2,79.567
8/12/19 11:32,81.864,53.4,1671.2,79.567
8/12/19 11:32,81.864,53.4,1671.2,79.567
8/12/19 11:32,81.864,53.3,1671.2,79.567
8/12/19 11:32,81.864,53.3,1671.2,79.567
8/12/19 11:32,81.819,53.3,1673.7,79.567
8/12/19 11:32,81.819,53.3,1673.7,79.567
8/12/19 11:32,81.819,53.3,1668.7,79.567
8/12/19 11:32,81.819,53.3,1673.7,79.567
8/12/19 11:32,81.819,53.4,1673.7,79.612
8/12/19 11:32,81.819,53.4,1666.2,79.612
8/12/19 11:32,81.819,53.5,1666.2,79.567
8/12/19 11:32,81.819,53.6,1673.7,79.612
8/12/19 11:32,81.819,53.7,1668.7,79.612
8/12/19 11:32,81.819,53.7,1671.2,79.612
8/12/19 11:32,81.819,53.7,1668.7,79.612
8/12/19 11:32,81.819,53.7,1671.2,79.612
8/12/19 11:32,81.819,53.6,1668.7,79.612
8/12/19 11:32,81.819,53.4,1668.7,79.612
8/12/19 11:32,81.819,53.3,1671.2,79.612
8/12/19 11:32,81.819,53.3,1668.7,79.612
8/12/19 11:32,81.819,53.3,1668.7,79.612
8/12/19 11:32,81.819,53.3,1671.2,79.612
8/12/19 11:32,81.819,53.2,1668.7,79.612
8/12/19 11:32,81.819,53.2,1671.2,79.612
8/12/19 11:32,81.819,53.2,1668.7,79.612
8/12/19 11:32,81.819,53.3,1668.7,79.612
8/12/19 11:32,81.819,53.3,1671.2,79.655
8/12/19 11:32,81.775,53.3,1673.7,79.612
8/12/19 11:32,81.775,53.2,1671.2,79.612
8/12/19 11:33,81.775,53.1,1668.7,79.655
8/12/19 11:33,81.775,53.1,1668.7,79.655
8/12/19 11:33,81.775,53.1,1676.2,79.655
8/12/19 11:33,81.775,53.1,1668.7,79.655
8/12/19 11:33,81.775,53.1,1671.2,79.655
8/12/19 11:33,81.775,53,1673.7,79.655
8/12/19 11:33,81.775,53,1673.7,79.655
8/12/19 11:33,81.775,52.9,1671.2,79.655
8/12/19 11:33,81.775,52.8,1671.2,79.655
8/12/19 11:33,81.775,52.7,1671.2,79.655
8/12/19 11:33,81.775,52.6,1671.2,79.655
8/12/19 11:33,81.73,52.5,1671.2,79.655
8/12/19 11:33,81.73,52.4,1671.2,79.655
8/12/19 11:33,81.73,52.3,1673.7,79.655
8/12/19 11:33,81.73,52.2,1671.2,79.655
8/12/19 11:33,81.687,52.1,1671.2,79.655
8/12/19 11:33,81.687,52,1673.7,79.655
8/12/19 11:33,81.687,51.9,1671.2,79.655
8/12/19 11:33,81.687,51.8,1673.7,79.7
8/12/19 11:33,81.642,51.7,1673.7,79.655
8/12/19 11:33,81.642,51.7,1673.7,79.7
8/12/19 11:33,81.642,51.6,1673.7,79.7
8/12/19 11:33,81.597,51.6,1671.2,79.7
8/12/19 11:33,81.597,51.5,1671.2,79.7
8/12/19 11:33,81.554,51.5,1676.2,79.7
8/12/19 11:33,81.554,51.5,1673.7,79.7
8/12/19 11:33,81.509,51.4,1671.2,79.7
8/12/19 11:33,81.509,51.3,1673.7,79.7
8/12/19 11:33,81.509,51.3,1673.7,79.7
8/12/19 11:33,81.466,51.3,1671.2,79.7
8/12/19 11:33,81.466,51.3,1673.7,79.7
8/12/19 11:33,81.421,51.3,1673.7,79.7
8/12/19 11:33,81.421,51.4,1673.7,79.7
8/12/19 11:33,81.376,51.4,1673.7,79.7
8/12/19 11:33,81.376,51.4,1676.2,79.7
8/12/19 11:33,81.333,51.4,1673.7,79.7
8/12/19 11:33,81.333,51.4,1673.7,79.7
8/12/19 11:33,81.288,51.4,1676.2,79.7
8/12/19 11:33,81.288,51.4,1673.7,79.7
8/12/19 11:33,81.288,51.4,1673.7,79.7
8/12/19 11:33,81.244,51.4,1673.7,79.7
8/12/19 11:33,81.244,51.4,1671.2,79.743
8/12/19 11:33,81.199,51.4,1673.7,79.7
8/12/19 11:33,81.199,51.5,1676.2,79.7
8/12/19 11:33,81.199,51.6,1668.7,79.743
8/12/19 11:33,81.199,51.6,1671.2,79.743
8/12/19 11:33,81.154,51.7,1671.2,79.743
8/12/19 11:33,81.154,51.8,1666.2,79.743
8/12/19 11:33,81.111,51.9,1676.2,79.743
8/12/19 11:33,81.111,52,1673.7,79.743
8/12/19 11:33,81.111,52.2,1676.2,79.743
8/12/19 11:33,81.066,52.3,1673.7,79.743
8/12/19 11:33,81.066,52.4,1673.7,79.743
8/12/19 11:33,81.066,52.4,1676.2,79.743
8/12/19 11:33,81.066,52.4,1676.2,79.743
8/12/19 11:33,81.023,52.4,1676.2,79.743
8/12/19 11:33,81.023,52.3,1673.7,79.743
8/12/19 11:33,81.023,52.4,1673.7,79.743
8/12/19 11:33,80.978,52.4,1673.7,79.743
8/12/19 11:33,80.978,52.5,1673.7,79.743
8/12/19 11:34,80.978,52.5,1676.2,79.743
8/12/19 11:34,80.978,52.5,1676.2,79.743
8/12/19 11:34,80.978,52.4,1676.2,79.743
8/12/19 11:34,80.935,52.4,1676.2,79.743
8/12/19 11:34,80.935,52.3,1676.2,79.743
8/12/19 11:34,80.935,52.3,1676.2,79.743
8/12/19 11:34,80.935,52.2,1673.7,79.743
8/12/19 11:34,80.935,52.2,1676.2,79.743
8/12/19 11:34,80.89,52.1,1673.7,79.743
8/12/19 11:34,80.89,52.1,1676.2,79.788
8/12/19 11:34,80.89,52,1676.2,79.743
8/12/19 11:34,80.89,52,1676.2,79.788
8/12/19 11:34,80.845,52,1676.2,79.788
8/12/19 11:34,80.845,51.9,1678.7,79.788
8/12/19 11:34,80.845,51.9,1676.2,79.788
8/12/19 11:34,80.845,52,1673.7,79.788
8/12/19 11:34,80.802,52,1673.7,79.788
8/12/19 11:34,80.802,52,1676.2,79.788
8/12/19 11:34,80.802,52.1,1676.2,79.788
8/12/19 11:34,80.802,52.1,1673.7,79.788
8/12/19 11:34,80.802,52.1,1678.7,79.788
8/12/19 11:34,80.757,52.1,1678.7,79.788
8/12/19 11:34,80.757,52.2,1676.2,79.788
8/12/19 11:34,80.757,52.3,1678.7,79.788
8/12/19 11:34,80.713,52.4,1676.2,79.788
8/12/19 11:34,80.713,52.5,1678.7,79.788
8/12/19 11:34,80.713,52.6,1681.2,79.788
8/12/19 11:34,80.713,52.7,1678.7,79.788
8/12/19 11:34,80.713,52.8,1676.2,79.831
8/12/19 11:34,80.668,52.9,1676.2,79.831
8/12/19 11:34,80.668,53,1678.7,79.831
8/12/19 11:34,80.668,53.1,1678.7,79.831
8/12/19 11:34,80.668,53.2,1678.7,79.831
8/12/19 11:34,80.668,53.3,1678.7,79.831
8/12/19 11:34,80.668,53.5,1678.7,79.831
8/12/19 11:34,80.625,53.6,1676.2,79.831
8/12/19 11:34,80.625,53.7,1678.7,79.831
8/12/19 11:34,80.625,53.8,1678.7,79.831
8/12/19 11:34,80.625,53.8,1681.2,79.831
8/12/19 11:34,80.625,53.9,1678.7,79.831
8/12/19 11:34,80.625,53.9,1681.2,79.831
8/12/19 11:34,80.625,54,1678.7,79.831
8/12/19 11:34,80.625,54,1681.2,79.831
8/12/19 11:34,80.58,54,1681.2,79.831
8/12/19 11:34,80.625,54.1,1678.7,79.831
8/12/19 11:34,80.58,54.1,1681.2,79.831
8/12/19 11:34,80.58,54,1681.2,79.831
8/12/19 11:34,80.58,54,1678.7,79.831
8/12/19 11:34,80.58,54,1681.2,79.831
8/12/19 11:34,80.58,54,1676.2,79.831
8/12/19 11:34,80.58,54,1681.2,79.876
8/12/19 11:34,80.58,54.1,1681.2,79.831
8/12/19 11:34,80.58,54.2,1681.2,79.831
8/12/19 11:34,80.58,54.3,1681.2,79.831
8/12/19 11:34,80.58,54.3,1678.7,79.876
8/12/19 11:34,80.58,54.5,1681.2,79.876
8/12/19 11:34,80.58,54.5,1683.7,79.876
8/12/19 11:34,80.58,54.6,1681.2,79.876
8/12/19 11:34,80.537,54.7,1678.7,79.876
8/12/19 11:34,80.537,54.8,1678.7,79.876
8/12/19 11:35,80.537,54.8,1681.2,79.876
8/12/19 11:35,80.58,54.9,1678.7,79.876
8/12/19 11:35,80.537,55,1681.2,79.876
8/12/19 11:35,80.537,55,1681.2,79.876
8/12/19 11:35,80.58,55.1,1683.7,79.876
8/12/19 11:35,80.537,55.1,1681.2,79.876
8/12/19 11:35,80.58,55.2,1678.7,79.876
8/12/19 11:35,80.58,55.2,1678.7,79.876
8/12/19 11:35,80.58,55.2,1678.7,79.876
8/12/19 11:35,80.58,55.2,1681.2,79.876
8/12/19 11:35,80.58,55.1,1678.7,79.876
8/12/19 11:35,80.58,55.1,1683.7,79.876
8/12/19 11:35,80.58,55.1,1681.2,79.876
8/12/19 11:35,80.58,55.1,1683.7,79.876
8/12/19 11:35,80.58,55.1,1681.2,79.92
8/12/19 11:35,80.625,55.1,1681.2,79.92
8/12/19 11:35,80.625,55.1,1681.2,79.92
8/12/19 11:35,80.625,55,1681.2,79.92
8/12/19 11:35,80.625,55,1678.7,79.92
8/12/19 11:35,80.625,55,1681.2,79.92
8/12/19 11:35,80.625,55,1681.2,79.92
8/12/19 11:35,80.625,54.9,1681.2,79.92
8/12/19 11:35,80.625,54.8,1681.2,79.92
8/12/19 11:35,80.625,54.6,1681.2,79.92
8/12/19 11:35,80.625,54.5,1681.2,79.92
8/12/19 11:35,80.625,54.4,1681.2,79.92
8/12/19 11:35,80.625,54.4,1681.2,79.92
8/12/19 11:35,80.668,54.3,1678.7,79.92
8/12/19 11:35,80.668,54.2,1681.2,79.92
8/12/19 11:35,80.668,54.2,1681.2,79.92
8/12/19 11:35,80.668,54,1678.7,79.92
8/12/19 11:35,80.668,54,1681.2,79.92
8/12/19 11:35,80.668,53.9,1681.2,79.92
8/12/19 11:35,80.668,53.8,1683.7,79.92
8/12/19 11:35,80.668,53.8,1683.7,79.92
8/12/19 11:35,80.668,53.8,1683.7,79.92
8/12/19 11:35,80.668,53.8,1681.2,79.92
8/12/19 11:35,80.668,53.8,1683.7,79.92
8/12/19 11:35,80.668,53.8,1683.7,79.963
8/12/19 11:35,80.668,53.9,1681.2,79.963
8/12/19 11:35,80.668,54,1678.7,79.963
8/12/19 11:35,80.668,54,1681.2,79.963
8/12/19 11:35,80.668,54.1,1681.2,79.963
8/12/19 11:35,80.668,54.1,1681.2,79.963
8/12/19 11:35,80.668,54.1,1681.2,79.963
8/12/19 11:35,80.668,54,1681.2,79.963
8/12/19 11:35,80.668,54,1681.2,79.963
8/12/19 11:35,80.668,53.9,1681.2,79.963
8/12/19 11:35,80.668,53.9,1678.7,79.963
8/12/19 11:35,80.668,53.8,1681.2,79.963
8/12/19 11:35,80.668,53.7,1678.7,79.963
8/12/19 11:35,80.668,53.7,1678.7,79.963
8/12/19 11:35,80.668,53.6,1681.2,79.963
8/12/19 11:35,80.668,53.6,1681.2,79.963
8/12/19 11:35,80.668,53.6,1681.2,79.963
8/12/19 11:35,80.668,53.6,1681.2,79.963
8/12/19 11:35,80.668,53.7,1681.2,80.008
8/12/19 11:35,80.668,53.8,1681.2,79.963
8/12/19 11:35,80.668,53.8,1681.2,80.008
8/12/19 11:35,80.668,53.9,1676.2,80.008
8/12/19 11:36,80.668,54,1681.2,80.008
8/12/19 11:36,80.668,54.1,1681.2,80.008
8/12/19 11:36,80.668,54.2,1691.2,80.008
8/12/19 11:36,80.668,54.3,1681.2,80.008
8/12/19 11:36,80.668,54.4,1683.7,80.008
8/12/19 11:36,80.668,54.4,1681.2,80.008
8/12/19 11:36,80.668,54.4,1683.7,80.008
8/12/19 11:36,80.668,54.5,1678.7,80.008
8/12/19 11:36,80.668,54.5,1683.7,80.008
8/12/19 11:36,80.713,54.5,1681.2,80.008
8/12/19 11:36,80.668,54.6,1681.2,80.008
8/12/19 11:36,80.713,54.7,1681.2,80.008
8/12/19 11:36,80.713,54.8,1678.7,80.008
8/12/19 11:36,80.713,54.8,1681.2,80.008
8/12/19 11:36,80.713,54.9,1683.7,80.008
8/12/19 11:36,80.713,55,1678.7,80.008
8/12/19 11:36,80.757,55,1683.7,80.008
8/12/19 11:36,80.757,55.1,1681.2,80.008
8/12/19 11:36,80.757,55.2,1683.7,80.008
8/12/19 11:36,80.757,55.4,1681.2,80.008
8/12/19 11:36,80.802,55.4,1681.2,80.051
8/12/19 11:36,80.802,55.4,1681.2,80.051
8/12/19 11:36,80.802,55.4,1681.2,80.051
8/12/19 11:36,80.802,55.4,1681.2,80.051
8/12/19 11:36,80.845,55.2,1678.7,80.051
8/12/19 11:36,80.845,55.1,1681.2,80.051
8/12/19 11:36,80.845,55,1678.7,80.051
8/12/19 11:36,80.845,54.8,1683.7,80.051
8/12/19 11:36,80.845,54.6,1681.2,80.051
8/12/19 11:36,80.845,54.4,1681.2,80.051
8/12/19 11:36,80.89,54.2,1681.2,80.051
8/12/19 11:36,80.89,54,1678.7,80.051
8/12/19 11:36,80.89,54,1681.2,80.051
8/12/19 11:36,80.89,53.9,1681.2,80.051
8/12/19 11:36,80.89,53.7,1681.2,80.051
8/12/19 11:36,80.89,53.7,1681.2,80.051
8/12/19 11:36,80.89,53.6,1678.7,80.051
8/12/19 11:36,80.89,53.6,1681.2,80.051
8/12/19 11:36,80.89,53.6,1678.7,80.051
8/12/19 11:36,80.89,53.7,1678.7,80.051
8/12/19 11:36,80.89,53.8,1681.2,80.096
8/12/19 11:36,80.89,53.8,1678.7,80.096
8/12/19 11:36,80.845,53.9,1678.7,80.096
8/12/19 11:36,80.89,54,1676.2,80.096
8/12/19 11:36,80.89,54.1,1678.7,80.096
8/12/19 11:36,80.845,54,1678.7,80.096
8/12/19 11:36,80.89,54.1,1681.2,80.096
8/12/19 11:36,80.845,54.2,1676.2,80.096
8/12/19 11:36,80.845,54.2,1678.7,80.096
8/12/19 11:36,80.89,54.4,1678.7,80.096
8/12/19 11:36,80.845,54.3,1681.2,80.096
8/12/19 11:36,80.89,54.5,1673.7,80.096
8/12/19 11:36,80.89,54.6,1678.7,80.096
8/12/19 11:36,80.89,54.6,1676.2,80.096
8/12/19 11:36,80.89,54.8,1676.2,80.096
8/12/19 11:36,80.89,55,1681.2,80.096
8/12/19 11:36,80.89,55,1678.7,80.096
8/12/19 11:36,80.89,55.1,1681.2,80.096
8/12/19 11:36,80.89,55.1,1678.7,80.096
8/12/19 11:36,80.89,55.1,1681.2,80.096
8/12/19 11:37,80.89,55.1,1681.2,80.096
8/12/19 11:37,80.935,55.2,1678.7,80.096
8/12/19 11:37,80.935,55.3,1676.2,80.096
8/12/19 11:37,80.935,55.3,1676.2,80.096
8/12/19 11:37,80.935,55.5,1681.2,80.139
8/12/19 11:37,80.935,55.5,1678.7,80.139
8/12/19 11:37,80.935,55.6,1678.7,80.139
8/12/19 11:37,80.935,55.6,1681.2,80.139
8/12/19 11:37,80.935,55.7,1678.7,80.139
8/12/19 11:37,80.978,55.7,1676.2,80.139
8/12/19 11:37,80.978,55.7,1678.7,80.139
8/12/19 11:37,80.978,55.7,1681.2,80.139
8/12/19 11:37,80.978,55.7,1676.2,80.139
8/12/19 11:37,80.978,55.7,1678.7,80.139
8/12/19 11:37,80.978,55.7,1678.7,80.139
8/12/19 11:37,80.978,55.7,1681.2,80.139
8/12/19 11:37,81.023,55.7,1681.2,80.139
8/12/19 11:37,81.023,55.7,1678.7,80.139
8/12/19 11:37,81.023,55.7,1676.2,80.139
8/12/19 11:37,81.023,55.6,1678.7,80.184
8/12/19 11:37,81.023,55.6,1681.2,80.139
8/12/19 11:37,81.023,55.7,1678.7,80.139
8/12/19 11:37,81.023,55.6,1678.7,80.184
8/12/19 11:37,81.023,55.5,1681.2,80.184
8/12/19 11:37,81.023,55.3,1678.7,80.184
8/12/19 11:37,81.023,55.2,1678.7,80.184
8/12/19 11:37,81.023,55.1,1681.2,80.184
8/12/19 11:37,81.023,54.8,1683.7,80.184
8/12/19 11:37,81.066,54.5,1678.7,80.184
8/12/19 11:37,81.023,54.3,1681.2,80.184
8/12/19 11:37,81.023,54,1683.7,80.184
8/12/19 11:37,81.023,53.8,1681.2,80.184
8/12/19 11:37,81.066,53.6,1681.2,80.184
8/12/19 11:37,81.023,53.4,1681.2,80.184
8/12/19 11:37,81.023,53.3,1681.2,80.184
8/12/19 11:37,81.023,53.3,1681.2,80.184
8/12/19 11:37,81.023,53.1,1681.2,80.184
8/12/19 11:37,81.023,53.1,1681.2,80.184
8/12/19 11:37,81.023,53.1,1681.2,80.184
8/12/19 11:37,81.023,53.1,1683.7,80.184
8/12/19 11:37,80.978,53.1,1681.2,80.184
8/12/19 11:37,80.978,53.2,1681.2,80.227
8/12/19 11:37,80.978,53.3,1678.7,80.184
8/12/19 11:37,80.978,53.3,1681.2,80.184
8/12/19 11:37,80.978,53.3,1681.2,80.227
8/12/19 11:37,80.978,53.3,1678.7,80.227
8/12/19 11:37,80.935,53.2,1681.2,80.227
8/12/19 11:37,80.935,53.1,1681.2,80.227
8/12/19 11:37,80.935,53.1,1681.2,80.227
8/12/19 11:37,80.935,53.1,1683.7,80.227
8/12/19 11:37,80.935,53.2,1681.2,80.227
8/12/19 11:37,80.935,53.3,1683.7,80.227
8/12/19 11:37,80.935,53.3,1681.2,80.227
8/12/19 11:37,80.935,53.1,1683.7,80.227
8/12/19 11:37,80.935,53,1683.7,80.227
8/12/19 11:37,80.935,52.8,1681.2,80.227
8/12/19 11:37,80.935,52.6,1686.2,80.227
8/12/19 11:37,80.935,52.6,1683.7,80.227
8/12/19 11:37,80.935,52.6,1681.2,80.227
8/12/19 11:37,80.89,52.6,1683.7,80.227
8/12/19 11:38,80.89,52.6,1683.7,80.272
8/12/19 11:38,80.89,52.6,1683.7,80.272
8/12/19 11:38,80.89,52.5,1683.7,80.227
8/12/19 11:38,80.89,52.4,1683.7,80.272
8/12/19 11:38,80.89,52.3,1683.7,80.272
8/12/19 11:38,80.89,52.1,1683.7,80.272
8/12/19 11:38,80.89,51.9,1683.7,80.272
8/12/19 11:38,80.845,51.9,1683.7,80.272
8/12/19 11:38,80.845,51.7,1686.2,80.272
8/12/19 11:38,80.845,51.7,1683.7,80.272
8/12/19 11:38,80.845,51.6,1683.7,80.272
8/12/19 11:38,80.845,51.6,1683.7,80.272
8/12/19 11:38,80.802,51.6,1683.7,80.272
8/12/19 11:38,80.802,51.6,1683.7,80.272
8/12/19 11:38,80.802,51.7,1688.7,80.272
8/12/19 11:38,80.802,51.8,1683.7,80.272
8/12/19 11:38,80.802,51.9,1683.7,80.272
8/12/19 11:38,80.757,52,1686.2,80.272
8/12/19 11:38,80.757,52,1686.2,80.272
8/12/19 11:38,80.757,52,1683.7,80.272
8/12/19 11:38,80.757,52.1,1683.7,80.272
8/12/19 11:38,80.757,52.1,1691.2,80.272
8/12/19 11:38,80.713,52.2,1688.7,80.272
8/12/19 11:38,80.713,52.3,1686.2,80.272
8/12/19 11:38,80.713,52.4,1686.2,80.316
8/12/19 11:38,80.713,52.6,1686.2,80.316
8/12/19 11:38,80.713,52.6,1686.2,80.316
8/12/19 11:38,80.713,52.6,1686.2,80.316
8/12/19 11:38,80.713,52.6,1686.2,80.316
8/12/19 11:38,80.713,52.7,1686.2,80.316
8/12/19 11:38,80.713,52.7,1686.2,80.316
8/12/19 11:38,80.713,52.6,1686.2,80.316
8/12/19 11:38,80.713,52.6,1683.7,80.316
8/12/19 11:38,80.713,52.6,1683.7,80.316
8/12/19 11:38,80.713,52.6,1686.2,80.316
8/12/19 11:38,80.713,52.6,1686.2,80.316
8/12/19 11:38,80.713,52.6,1688.7,80.316
8/12/19 11:38,80.713,52.6,1688.7,80.316
8/12/19 11:38,80.713,52.6,1686.2,80.316
8/12/19 11:38,80.713,52.6,1686.2,80.316
8/12/19 11:38,80.713,52.7,1688.7,80.316
8/12/19 11:38,80.713,52.7,1688.7,80.316
8/12/19 11:38,80.713,52.8,1683.7,80.316
8/12/19 11:38,80.713,52.8,1683.7,80.361
8/12/19 11:38,80.713,52.9,1678.7,80.316
8/12/19 11:38,80.713,52.9,1686.2,80.361
8/12/19 11:38,80.713,53,1688.7,80.316
8/12/19 11:38,80.713,53.1,1686.2,80.361
8/12/19 11:38,80.713,53.1,1683.7,80.361
8/12/19 11:38,80.713,53.2,1686.2,80.316
8/12/19 11:38,80.757,53.2,1686.2,80.361
8/12/19 11:38,80.757,53.3,1688.7,80.361
8/12/19 11:38,80.757,53.3,1688.7,80.361
8/12/19 11:38,80.757,53.5,1683.7,80.361
8/12/19 11:38,80.757,53.5,1683.7,80.361
8/12/19 11:38,80.757,53.6,1686.2,80.361
8/12/19 11:38,80.802,53.7,1688.7,80.361
8/12/19 11:38,80.802,53.8,1686.2,80.361
8/12/19 11:38,80.802,53.8,1686.2,80.361
8/12/19 11:38,80.802,53.9,1683.7,80.361
8/12/19 11:39,80.802,54,1686.2,80.361
8/12/19 11:39,80.845,54.1,1686.2,80.361
8/12/19 11:39,80.845,54.2,1688.7,80.361
8/12/19 11:39,80.845,54.2,1686.2,80.361
8/12/19 11:39,80.89,54.2,1688.7,80.361
8/12/19 11:39,80.89,54.2,1686.2,80.361
8/12/19 11:39,80.89,54.2,1686.2,80.361
8/12/19 11:39,80.89,54.2,1686.2,80.361
8/12/19 11:39,80.935,54.2,1683.7,80.404
8/12/19 11:39,80.935,54.3,1686.2,80.404
8/12/19 11:39,80.935,54.3,1688.7,80.404
8/12/19 11:39,80.935,54.3,1683.7,80.404
8/12/19 11:39,80.978,54.3,1686.2,80.404
8/12/19 11:39,80.978,54.4,1686.2,80.404
8/12/19 11:39,81.023,54.4,1686.2,80.404
8/12/19 11:39,81.023,54.5,1691.2,80.404
8/12/19 11:39,81.023,54.5,1688.7,80.404
8/12/19 11:39,81.023,54.6,1686.2,80.404
8/12/19 11:39,81.066,54.6,1686.2,80.404
8/12/19 11:39,81.066,54.7,1688.7,80.404
8/12/19 11:39,81.066,54.7,1686.2,80.404
8/12/19 11:39,81.066,54.6,1686.2,80.404
8/12/19 11:39,81.111,54.6,1691.2,80.404
8/12/19 11:39,81.111,54.5,1686.2,80.404
8/12/19 11:39,81.111,54.5,1686.2,80.404
8/12/19 11:39,81.154,54.6,1686.2,80.404
8/12/19 11:39,81.154,54.6,1686.2,80.449
8/12/19 11:39,81.154,54.6,1686.2,80.449
8/12/19 11:39,81.154,54.5,1683.7,80.449
8/12/19 11:39,81.199,54.3,1683.7,80.449
8/12/19 11:39,81.199,54,1686.2,80.449
8/12/19 11:39,81.199,53.9,1683.7,80.449
8/12/19 11:39,81.199,53.6,1683.7,80.449
8/12/19 11:39,81.244,53.4,1688.7,80.449
8/12/19 11:39,81.244,53.2,1686.2,80.449
8/12/19 11:39,81.244,53.1,1686.2,80.449
8/12/19 11:39,81.244,53,1686.2,80.449
8/12/19 11:39,81.244,52.9,1686.2,80.449
8/12/19 11:39,81.244,52.8,1686.2,80.449
8/12/19 11:39,81.244,52.8,1688.7,80.449
8/12/19 11:39,81.244,52.7,1683.7,80.449
8/12/19 11:39,81.244,52.7,1683.7,80.449
8/12/19 11:39,81.244,52.5,1686.2,80.449
8/12/19 11:39,81.244,52.4,1686.2,80.449
8/12/19 11:39,81.244,52.3,1686.2,80.449
8/12/19 11:39,81.244,52.2,1686.2,80.449
8/12/19 11:39,81.244,52.1,1683.7,80.449
8/12/19 11:39,81.244,52.1,1683.7,80.449
8/12/19 11:39,81.244,52.1,1686.2,80.449
8/12/19 11:39,81.244,52.1,1686.2,80.492
8/12/19 11:39,81.288,52.1,1686.2,80.492
8/12/19 11:39,81.244,52.1,1686.2,80.492
8/12/19 11:39,81.288,52.1,1686.2,80.492
8/12/19 11:39,81.288,52.2,1686.2,80.492
8/12/19 11:39,81.288,52.2,1686.2,80.492
8/12/19 11:39,81.288,52.2,1688.7,80.492
8/12/19 11:39,81.288,52.2,1686.2,80.492
8/12/19 11:39,81.288,52.3,1691.2,80.492
8/12/19 11:39,81.288,52.4,1686.2,80.492
8/12/19 11:39,81.288,52.4,1686.2,80.492
8/12/19 11:40,81.288,52.5,1686.2,80.492
8/12/19 11:40,81.288,52.6,1686.2,80.492
8/12/19 11:40,81.288,52.6,1683.7,80.492
8/12/19 11:40,81.333,52.7,1683.7,80.492
8/12/19 11:40,81.333,52.7,1686.2,80.537
8/12/19 11:40,81.333,52.6,1686.2,80.492
8/12/19 11:40,81.333,52.5,1686.2,80.537
8/12/19 11:40,81.333,52.4,1686.2,80.537
8/12/19 11:40,81.333,52.4,1683.7,80.537
8/12/19 11:40,81.333,52.3,1686.2,80.537
8/12/19 11:40,81.333,52.2,1686.2,80.537
8/12/19 11:40,81.333,52.2,1691.2,80.537
8/12/19 11:40,81.333,52.1,1686.2,80.537
8/12/19 11:40,81.333,52,1686.2,80.537
8/12/19 11:40,81.333,52.1,1683.7,80.537
8/12/19 11:40,81.376,52.1,1688.7,80.537
8/12/19 11:40,81.333,52,1686.2,80.537
8/12/19 11:40,81.333,51.9,1686.2,80.537
8/12/19 11:40,81.333,51.9,1686.2,80.537
8/12/19 11:40,81.333,51.8,1686.2,80.537
8/12/19 11:40,81.333,51.8,1688.7,80.537
8/12/19 11:40,81.333,51.7,1686.2,80.537
8/12/19 11:40,81.333,51.7,1683.7,80.58
8/12/19 11:40,81.333,51.6,1686.2,80.537
8/12/19 11:40,81.333,51.6,1686.2,80.58
8/12/19 11:40,81.333,51.6,1688.7,80.58
8/12/19 11:40,81.288,51.6,1686.2,80.58
8/12/19 11:40,81.288,51.7,1688.7,80.58
8/12/19 11:40,81.288,51.7,1686.2,80.58
8/12/19 11:40,81.288,51.7,1686.2,80.58
8/12/19 11:40,81.288,51.7,1683.7,80.58
8/12/19 11:40,81.288,51.7,1686.2,80.58
8/12/19 11:40,81.288,51.7,1691.2,80.58
8/12/19 11:40,81.244,51.6,1683.7,80.58
8/12/19 11:40,81.244,51.5,1686.2,80.58
8/12/19 11:40,81.244,51.5,1686.2,80.58
8/12/19 11:40,81.244,51.5,1686.2,80.58
8/12/19 11:40,81.244,51.5,1683.7,80.58
8/12/19 11:40,81.244,51.5,1686.2,80.58
8/12/19 11:40,81.199,51.5,1688.7,80.58
8/12/19 11:40,81.199,51.5,1686.2,80.625
8/12/19 11:40,81.199,51.6,1686.2,80.625
8/12/19 11:40,81.199,51.6,1688.7,80.625
8/12/19 11:40,81.199,51.7,1691.2,80.625
8/12/19 11:40,81.199,51.7,1686.2,80.625
8/12/19 11:40,81.199,51.7,1688.7,80.625
8/12/19 11:40,81.199,51.8,1686.2,80.625
8/12/19 11:40,81.199,51.8,1686.2,80.625
8/12/19 11:40,81.199,51.9,1683.7,80.625
8/12/19 11:40,81.199,51.9,1688.7,80.625
8/12/19 11:40,81.199,52,1686.2,80.625
8/12/19 11:40,81.199,52.1,1688.7,80.625
8/12/19 11:40,81.199,52.1,1686.2,80.625
8/12/19 11:40,81.199,52.1,1686.2,80.625
8/12/19 11:40,81.199,52,1686.2,80.625
8/12/19 11:40,81.199,51.9,1688.7,80.625
8/12/19 11:40,81.199,51.8,1686.2,80.625
8/12/19 11:40,81.199,51.8,1688.7,80.625
8/12/19 11:40,81.199,51.7,1686.2,80.625
8/12/19 11:40,81.199,51.7,1686.2,80.625
8/12/19 11:41,81.199,51.6,1688.7,80.625
8/12/19 11:41,81.199,51.6,1691.2,80.625
8/12/19 11:41,81.199,51.5,1688.7,80.625
8/12/19 11:41,81.199,51.5,1691.2,80.625
8/12/19 11:41,81.199,51.5,1688.7,80.668
8/12/19 11:41,81.199,51.5,1686.2,80.668
8/12/19 11:41,81.199,51.5,1688.7,80.668
8/12/19 11:41,81.199,51.5,1686.2,80.668
8/12/19 11:41,81.199,51.5,1686.2,80.668
8/12/19 11:41,81.199,51.5,1686.2,80.668
8/12/19 11:41,81.199,51.5,1688.7,80.668
8/12/19 11:41,81.199,51.6,1688.7,80.668
8/12/19 11:41,81.199,51.7,1688.7,80.668
8/12/19 11:41,81.199,51.7,1688.7,80.668
8/12/19 11:41,81.199,51.8,1688.7,80.668
8/12/19 11:41,81.199,51.8,1688.7,80.668
8/12/19 11:41,81.199,51.9,1688.7,80.668
8/12/19 11:41,81.154,51.9,1688.7,80.668
8/12/19 11:41,81.154,52,1686.2,80.668
8/12/19 11:41,81.199,52.1,1688.7,80.668
8/12/19 11:41,81.199,52,1688.7,80.668
8/12/19 11:41,81.199,52.1,1693.7,80.668
8/12/19 11:41,81.199,52.2,1688.7,80.668
8/12/19 11:41,81.154,52.2,1693.7,80.713
8/12/19 11:41,81.154,52.4,1688.7,80.668
8/12/19 11:41,81.199,52.5,1688.7,80.713
8/12/19 11:41,81.154,52.6,1691.2,80.713
8/12/19 11:41,81.199,52.7,1693.7,80.713
8/12/19 11:41,81.154,52.9,1696.2,80.713
8/12/19 11:41,81.154,53,1691.2,80.713
8/12/19 11:41,81.154,53.2,1691.2,80.713
8/12/19 11:41,81.199,53.4,1693.7,80.713
8/12/19 11:41,81.199,53.5,1691.2,80.713
8/12/19 11:41,81.199,53.6,1691.2,80.713
8/12/19 11:41,81.199,53.7,1688.7,80.713
8/12/19 11:41,81.199,53.7,1688.7,80.713
8/12/19 11:41,81.199,53.8,1693.7,80.713
8/12/19 11:41,81.199,53.9,1691.2,80.713
8/12/19 11:41,81.199,53.9,1691.2,80.713
8/12/19 11:41,81.199,54.1,1688.7,80.713
8/12/19 11:41,81.199,54.2,1688.7,80.713
8/12/19 11:41,81.244,54.3,1691.2,80.713
8/12/19 11:41,81.244,54.3,1691.2,80.713
8/12/19 11:41,81.244,54.4,1691.2,80.713
8/12/19 11:41,81.244,54.4,1693.7,80.713
8/12/19 11:41,81.244,54.4,1693.7,80.713
8/12/19 11:41,81.244,54.5,1693.7,80.713
8/12/19 11:41,81.244,54.5,1688.7,80.713
8/12/19 11:41,81.244,54.5,1688.7,80.757
8/12/19 11:41,81.288,54.6,1691.2,80.713
8/12/19 11:41,81.288,54.7,1691.2,80.757
8/12/19 11:41,81.288,54.6,1691.2,80.757
8/12/19 11:41,81.288,54.5,1693.7,80.757
8/12/19 11:41,81.288,54.5,1693.7,80.757
8/12/19 11:41,81.288,54.3,1691.2,80.757
8/12/19 11:41,81.333,54,1691.2,80.757
8/12/19 11:41,81.333,53.9,1688.7,80.757
8/12/19 11:41,81.333,53.6,1688.7,80.757
8/12/19 11:41,81.333,53.4,1691.2,80.757
8/12/19 11:41,81.333,53.3,1691.2,80.757
8/12/19 11:42,81.333,53.2,1691.2,80.757
8/12/19 11:42,81.333,53.1,1691.2,80.757
8/12/19 11:42,81.333,53.1,1691.2,80.757
8/12/19 11:42,81.333,53,1691.2,80.757
8/12/19 11:42,81.333,53,1691.2,80.757
8/12/19 11:42,81.333,53,1691.2,80.757
8/12/19 11:42,81.333,53,1688.7,80.757
8/12/19 11:42,81.376,53,1691.2,80.757
8/12/19 11:42,81.333,53,1691.2,80.757
8/12/19 11:42,81.333,53,1691.2,80.757
8/12/19 11:42,81.333,53,1693.7,80.802
8/12/19 11:42,81.333,53,1693.7,80.757
8/12/19 11:42,81.333,53.1,1693.7,80.802
8/12/19 11:42,81.333,53.1,1696.2,80.757
8/12/19 11:42,81.376,53.1,1691.2,80.802
8/12/19 11:42,81.376,53.1,1693.7,80.802
8/12/19 11:42,81.376,53.1,1691.2,80.802
8/12/19 11:42,81.376,53.2,1693.7,80.802
8/12/19 11:42,81.376,53.2,1691.2,80.802
8/12/19 11:42,81.376,53.2,1691.2,80.802
8/12/19 11:42,81.376,53.2,1693.7,80.802
8/12/19 11:42,81.376,53.1,1693.7,80.802
8/12/19 11:42,81.376,53.1,1691.2,80.802
8/12/19 11:42,81.376,53.1,1688.7,80.802
8/12/19 11:42,81.376,53.1,1688.7,80.802
8/12/19 11:42,81.421,53.2,1691.2,80.802
8/12/19 11:42,81.421,53.2,1688.7,80.802
8/12/19 11:42,81.421,53.2,1693.7,80.802
8/12/19 11:42,81.421,53.3,1693.7,80.802
8/12/19 11:42,81.421,53.3,1691.2,80.802
8/12/19 11:42,81.421,53.4,1691.2,80.802
8/12/19 11:42,81.421,53.5,1691.2,80.802
8/12/19 11:42,81.421,53.6,1693.7,80.802
8/12/19 11:42,81.466,53.7,1691.2,80.802
8/12/19 11:42,81.466,53.7,1691.2,80.802
8/12/19 11:42,81.466,53.6,1691.2,80.845
8/12/19 11:42,81.466,53.6,1691.2,80.802
8/12/19 11:42,81.509,53.5,1688.7,80.845
8/12/19 11:42,81.509,53.4,1696.2,80.845
8/12/19 11:42,81.509,53.4,1688.7,80.845
8/12/19 11:42,81.509,53.3,1688.7,80.845
8/12/19 11:42,81.509,53.3,1691.2,80.845
8/12/19 11:42,81.509,53.3,1688.7,80.845
8/12/19 11:42,81.509,53.3,1696.2,80.845
8/12/19 11:42,81.554,53.4,1686.2,80.845
8/12/19 11:42,81.554,53.4,1693.7,80.845
8/12/19 11:42,81.554,53.4,1688.7,80.845
8/12/19 11:42,81.554,53.4,1693.7,80.845
8/12/19 11:42,81.554,53.4,1691.2,80.845
8/12/19 11:42,81.554,53.4,1693.7,80.845
8/12/19 11:42,81.554,53.5,1693.7,80.845
8/12/19 11:42,81.554,53.6,1691.2,80.845
8/12/19 11:42,81.554,53.7,1693.7,80.845
8/12/19 11:42,81.597,53.7,1693.7,80.845
8/12/19 11:42,81.597,53.7,1696.2,80.845
8/12/19 11:42,81.597,53.7,1696.2,80.89
8/12/19 11:42,81.597,53.7,1693.7,80.89
8/12/19 11:42,81.597,53.6,1686.2,80.89
8/12/19 11:42,81.597,53.6,1693.7,80.89
8/12/19 11:42,81.597,53.6,1693.7,80.89
8/12/19 11:43,81.597,53.6,1693.7,80.89
8/12/19 11:43,81.597,53.7,1696.2,80.89
8/12/19 11:43,81.597,53.8,1693.7,80.89
8/12/19 11:43,81.642,53.8,1693.7,80.89
8/12/19 11:43,81.642,53.9,1693.7,80.89
8/12/19 11:43,81.642,53.9,1691.2,80.89
8/12/19 11:43,81.642,53.8,1696.2,80.89
8/12/19 11:43,81.642,53.8,1693.7,80.89
8/12/19 11:43,81.642,53.7,1693.7,80.89
8/12/19 11:43,81.642,53.7,1696.2,80.89
8/12/19 11:43,81.642,53.6,1696.2,80.89
8/12/19 11:43,81.642,53.4,1696.2,80.89
8/12/19 11:43,81.687,53.3,1693.7,80.89
8/12/19 11:43,81.687,53.1,1693.7,80.935
8/12/19 11:43,81.687,53,1693.7,80.935
8/12/19 11:43,81.687,52.7,1693.7,80.935
8/12/19 11:43,81.687,52.6,1691.2,80.935
8/12/19 11:43,81.687,52.4,1691.2,80.935
8/12/19 11:43,81.687,52.2,1693.7,80.935
8/12/19 11:43,81.642,52.1,1691.2,80.935
8/12/19 11:43,81.642,52.1,1696.2,80.935
8/12/19 11:43,81.642,52,1688.7,80.935
8/12/19 11:43,81.642,51.9,1696.2,80.935
8/12/19 11:43,81.642,51.9,1693.7,80.935
8/12/19 11:43,81.642,51.9,1696.2,80.935
8/12/19 11:43,81.642,52,1688.7,80.935
8/12/19 11:43,81.642,52.1,1693.7,80.935
8/12/19 11:43,81.597,52,1693.7,80.935
8/12/19 11:43,81.597,52.1,1693.7,80.935
8/12/19 11:43,81.597,52.2,1701.2,80.935
8/12/19 11:43,81.597,52.2,1696.2,80.935
8/12/19 11:43,81.597,52.3,1693.7,80.935
8/12/19 11:43,81.554,52.4,1691.2,80.935
8/12/19 11:43,81.554,52.5,1693.7,80.978
8/12/19 11:43,81.554,52.6,1693.7,80.935
8/12/19 11:43,81.554,52.7,1693.7,80.978
8/12/19 11:43,81.554,52.7,1693.7,80.978
8/12/19 11:43,81.554,52.7,1696.2,80.978
8/12/19 11:43,81.554,52.5,1698.7,80.978
8/12/19 11:43,81.554,52.5,1696.2,80.978
8/12/19 11:43,81.554,52.4,1693.7,80.978
8/12/19 11:43,81.554,52.4,1696.2,80.978
8/12/19 11:43,81.554,52.5,1693.7,80.978
8/12/19 11:43,81.554,52.6,1696.2,80.978
8/12/19 11:43,81.509,52.7,1696.2,80.978
8/12/19 11:43,81.509,52.7,1698.7,80.978
8/12/19 11:43,81.509,52.7,1698.7,80.978
8/12/19 11:43,81.509,52.7,1698.7,80.978
8/12/19 11:43,81.509,52.7,1696.2,80.978
8/12/19 11:43,81.509,52.7,1696.2,80.978
8/12/19 11:43,81.509,52.7,1698.7,80.978
8/12/19 11:43,81.509,52.7,1696.2,80.978
8/12/19 11:43,81.509,52.7,1696.2,80.978
8/12/19 11:43,81.509,52.7,1698.7,80.978
8/12/19 11:43,81.509,52.7,1691.2,80.978
8/12/19 11:43,81.466,52.6,1696.2,80.978
8/12/19 11:43,81.466,52.6,1696.2,80.978
8/12/19 11:43,81.466,52.6,1693.7,80.978
8/12/19 11:43,81.466,52.6,1696.2,81.023
8/12/19 11:43,81.466,52.5,1698.7,81.023
8/12/19 11:44,81.466,52.4,1693.7,81.023
8/12/19 11:44,81.466,52.3,1696.2,81.023
8/12/19 11:44,81.466,52.2,1698.7,81.023
8/12/19 11:44,81.466,52.1,1698.7,81.023
8/12/19 11:44,81.466,52,1698.7,81.023
8/12/19 11:44,81.466,52,1696.2,81.023
8/12/19 11:44,81.466,52,1698.7,81.023
8/12/19 11:44,81.421,52,1696.2,81.023
8/12/19 11:44,81.421,52.1,1698.7,81.023
8/12/19 11:44,81.421,52.1,1696.2,81.023
8/12/19 11:44,81.421,52.2,1701.2,81.023
8/12/19 11:44,81.421,52.2,1698.7,81.023
8/12/19 11:44,81.421,52.1,1698.7,81.023
8/12/19 11:44,81.421,52.1,1696.2,81.023
8/12/19 11:44,81.376,52.1,1693.7,81.023
8/12/19 11:44,81.376,52.1,1691.2,81.023
8/12/19 11:44,81.376,52.1,1701.2,81.066
8/12/19 11:44,81.376,52.1,1696.2,81.066
8/12/19 11:44,81.376,52,1698.7,81.023
8/12/19 11:44,81.376,52.1,1698.7,81.066
8/12/19 11:44,81.376,52.2,1696.2,81.066
8/12/19 11:44,81.376,52.3,1701.2,81.066
8/12/19 11:44,81.376,52.5,1698.7,81.066
8/12/19 11:44,81.376,52.5,1701.2,81.066
8/12/19 11:44,81.376,52.5,1698.7,81.066
8/12/19 11:44,81.333,52.4,1701.2,81.066
8/12/19 11:44,81.333,52.4,1698.7,81.066
8/12/19 11:44,81.333,52.3,1698.7,81.066
8/12/19 11:44,81.333,52.3,1698.7,81.066
8/12/19 11:44,81.333,52.3,1701.2,81.066
8/12/19 11:44,81.333,52.3,1701.2,81.066
8/12/19 11:44,81.333,52.3,1701.2,81.066
8/12/19 11:44,81.333,52.4,1701.2,81.066
8/12/19 11:44,81.333,52.4,1701.2,81.066
8/12/19 11:44,81.333,52.5,1701.2,81.066
8/12/19 11:44,81.333,52.5,1701.2,81.066
8/12/19 11:44,81.333,52.6,1698.7,81.066
8/12/19 11:44,81.333,52.7,1701.2,81.066
8/12/19 11:44,81.333,52.7,1701.2,81.066
8/12/19 11:44,81.333,52.7,1701.2,81.066
8/12/19 11:44,81.333,52.7,1701.2,81.066
8/12/19 11:44,81.333,52.8,1703.7,81.111
8/12/19 11:44,81.376,53,1701.2,81.111
8/12/19 11:44,81.376,53,1703.7,81.066
8/12/19 11:44,81.376,53.1,1701.2,81.111
8/12/19 11:44,81.376,53.2,1703.7,81.111
8/12/19 11:44,81.376,53.2,1701.2,81.111
8/12/19 11:44,81.376,53.2,1706.2,81.111
8/12/19 11:44,81.376,53.2,1703.7,81.111
8/12/19 11:44,81.376,53.3,1701.2,81.111
8/12/19 11:44,81.376,53.3,1701.2,81.111
8/12/19 11:44,81.421,53.3,1701.2,81.111
8/12/19 11:44,81.421,53.4,1701.2,81.111
8/12/19 11:44,81.421,53.6,1703.7,81.111
8/12/19 11:44,81.421,53.7,1703.7,81.111
8/12/19 11:44,81.421,53.7,1701.2,81.111
8/12/19 11:44,81.421,53.8,1701.2,81.111
8/12/19 11:44,81.421,53.8,1698.7,81.111
8/12/19 11:44,81.466,53.9,1703.7,81.111
8/12/19 11:44,81.466,53.9,1701.2,81.111
8/12/19 11:45,81.466,53.9,1701.2,81.111
8/12/19 11:45,81.466,53.8,1701.2,81.111
8/12/19 11:45,81.509,53.8,1703.7,81.111
8/12/19 11:45,81.466,53.7,1703.7,81.111
8/12/19 11:45,81.509,53.6,1703.7,81.111
8/12/19 11:45,81.509,53.4,1703.7,81.111
8/12/19 11:45,81.509,53.3,1703.7,81.154
8/12/19 11:45,81.509,53.2,1703.7,81.154
8/12/19 11:45,81.509,53,1703.7,81.154
8/12/19 11:45,81.509,52.8,1703.7,81.154
8/12/19 11:45,81.509,52.7,1703.7,81.154
8/12/19 11:45,81.509,52.5,1703.7,81.154
8/12/19 11:45,81.509,52.4,1703.7,81.154
8/12/19 11:45,81.509,52.2,1706.2,81.154
8/12/19 11:45,81.509,52.2,1703.7,81.154
8/12/19 11:45,81.509,52.2,1703.7,81.154
8/12/19 11:45,81.509,52.1,1701.2,81.154
8/12/19 11:45,81.509,52.2,1703.7,81.154
8/12/19 11:45,81.509,52.1,1703.7,81.154
8/12/19 11:45,81.466,52.1,1703.7,81.154
8/12/19 11:45,81.466,52.1,1703.7,81.154
8/12/19 11:45,81.466,52.1,1703.7,81.154
8/12/19 11:45,81.466,52,1703.7,81.154
8/12/19 11:45,81.466,52.1,1703.7,81.154
8/12/19 11:45,81.466,52.1,1703.7,81.154
8/12/19 11:45,81.421,52,1703.7,81.154
8/12/19 11:45,81.421,51.9,1703.7,81.154
8/12/19 11:45,81.421,51.9,1703.7,81.154
8/12/19 11:45,81.421,51.9,1703.7,81.154
8/12/19 11:45,81.421,51.9,1706.2,81.154
8/12/19 11:45,81.376,51.9,1706.2,81.154
8/12/19 11:45,81.376,51.9,1703.7,81.154
8/12/19 11:45,81.376,51.9,1706.2,81.199
8/12/19 11:45,81.376,51.9,1706.2,81.154
8/12/19 11:45,81.376,52,1703.7,81.199
8/12/19 11:45,81.333,52,1703.7,81.199
8/12/19 11:45,81.333,52.1,1703.7,81.199
8/12/19 11:45,81.333,52.1,1703.7,81.199
8/12/19 11:45,81.333,52.2,1711.2,81.199
8/12/19 11:45,81.333,52.2,1703.7,81.199
8/12/19 11:45,81.333,52.3,1706.2,81.199
8/12/19 11:45,81.333,52.4,1701.2,81.199
8/12/19 11:45,81.333,52.4,1706.2,81.199
8/12/19 11:45,81.288,52.4,1706.2,81.199
8/12/19 11:45,81.288,52.4,1703.7,81.199
8/12/19 11:45,81.288,52.4,1708.7,81.199
8/12/19 11:45,81.288,52.4,1706.2,81.199
8/12/19 11:45,81.288,52.4,1706.2,81.199
8/12/19 11:45,81.288,52.3,1703.7,81.199
8/12/19 11:45,81.288,52.3,1701.2,81.199
8/12/19 11:45,81.244,52.3,1703.7,81.199
8/12/19 11:45,81.244,52.3,1706.2,81.244
8/12/19 11:45,81.244,52.3,1706.2,81.199
8/12/19 11:45,81.244,52.4,1703.7,81.244
8/12/19 11:45,81.244,52.4,1701.2,81.244
8/12/19 11:45,81.244,52.5,1703.7,81.244
8/12/19 11:45,81.244,52.5,1706.2,81.244
8/12/19 11:45,81.244,52.6,1703.7,81.244
8/12/19 11:45,81.244,52.7,1706.2,81.244
8/12/19 11:45,81.199,52.8,1703.7,81.244
8/12/19 11:46,81.244,53,1703.7,81.244
8/12/19 11:46,81.244,53.1,1706.2,81.244
8/12/19 11:46,81.199,53.2,1701.2,81.244
8/12/19 11:46,81.199,53.3,1703.7,81.244
8/12/19 11:46,81.199,53.3,1703.7,81.244
8/12/19 11:46,81.244,53.4,1703.7,81.244
8/12/19 11:46,81.244,53.5,1701.2,81.244
8/12/19 11:46,81.244,53.6,1703.7,81.244
8/12/19 11:46,81.244,53.7,1703.7,81.244
8/12/19 11:46,81.244,53.7,1703.7,81.244
8/12/19 11:46,81.244,53.7,1703.7,81.244
8/12/19 11:46,81.244,53.7,1703.7,81.244
8/12/19 11:46,81.244,53.7,1703.7,81.244
8/12/19 11:46,81.244,53.8,1703.7,81.244
8/12/19 11:46,81.244,53.8,1703.7,81.288
8/12/19 11:46,81.244,53.8,1703.7,81.244
8/12/19 11:46,81.288,53.8,1701.2,81.288
8/12/19 11:46,81.288,53.8,1703.7,81.288
8/12/19 11:46,81.288,53.7,1703.7,81.288
8/12/19 11:46,81.288,53.7,1703.7,81.288
8/12/19 11:46,81.288,53.7,1703.7,81.288
8/12/19 11:46,81.288,53.7,1703.7,81.288
8/12/19 11:46,81.288,53.7,1706.2,81.288
8/12/19 11:46,81.288,53.8,1701.2,81.288
8/12/19 11:46,81.288,53.8,1703.7,81.288
8/12/19 11:46,81.288,53.9,1703.7,81.288
8/12/19 11:46,81.288,53.9,1703.7,81.288
8/12/19 11:46,81.288,53.9,1703.7,81.288
8/12/19 11:46,81.288,53.9,1703.7,81.288
8/12/19 11:46,81.288,53.9,1703.7,81.288
8/12/19 11:46,81.288,53.9,1706.2,81.288
8/12/19 11:46,81.333,53.8,1708.7,81.288
8/12/19 11:46,81.288,53.8,1703.7,81.288
8/12/19 11:46,81.288,53.7,1703.7,81.288
8/12/19 11:46,81.333,53.7,1706.2,81.288
8/12/19 11:46,81.333,53.6,1706.2,81.333
8/12/19 11:46,81.333,53.6,1706.2,81.288
8/12/19 11:46,81.333,53.6,1706.2,81.333
8/12/19 11:46,81.333,53.6,1706.2,81.333
8/12/19 11:46,81.333,53.6,1706.2,81.333
8/12/19 11:46,81.333,53.6,1703.7,81.333
8/12/19 11:46,81.333,53.6,1703.7,81.333
8/12/19 11:46,81.333,53.6,1706.2,81.333
8/12/19 11:46,81.333,53.5,1706.2,81.333
8/12/19 11:46,81.333,53.5,1703.7,81.333
8/12/19 11:46,81.333,53.5,1703.7,81.333
8/12/19 11:46,81.333,53.4,1706.2,81.333
8/12/19 11:46,81.333,53.4,1703.7,81.333
8/12/19 11:46,81.333,53.4,1703.7,81.333
8/12/19 11:46,81.333,53.4,1706.2,81.333
8/12/19 11:46,81.333,53.4,1703.7,81.333
8/12/19 11:46,81.333,53.4,1703.7,81.333
8/12/19 11:46,81.333,53.4,1701.2,81.333
8/12/19 11:46,81.333,53.4,1706.2,81.333
8/12/19 11:46,81.333,53.5,1706.2,81.333
8/12/19 11:46,81.333,53.5,1703.7,81.333
8/12/19 11:46,81.333,53.6,1703.7,81.333
8/12/19 11:46,81.333,53.6,1706.2,81.333
8/12/19 11:46,81.333,53.7,1701.2,81.333
8/12/19 11:46,81.376,53.8,1703.7,81.333
8/12/19 11:47,81.376,53.9,1706.2,81.333
8/12/19 11:47,81.376,54,1706.2,81.333
8/12/19 11:47,81.376,53.9,1703.7,81.376
8/12/19 11:47,81.376,53.9,1701.2,81.333
8/12/19 11:47,81.376,54,1703.7,81.333
8/12/19 11:47,81.376,54.1,1701.2,81.376
8/12/19 11:47,81.376,54.1,1703.7,81.376
8/12/19 11:47,81.376,54.2,1703.7,81.376
8/12/19 11:47,81.421,54.2,1703.7,81.376
8/12/19 11:47,81.421,54.2,1701.2,81.376
8/12/19 11:47,81.421,54.1,1701.2,81.376
8/12/19 11:47,81.421,54.1,1701.2,81.376
8/12/19 11:47,81.421,54,1701.2,81.376
8/12/19 11:47,81.421,53.9,1703.7,81.376
8/12/19 11:47,81.421,53.9,1706.2,81.376
8/12/19 11:47,81.421,53.9,1703.7,81.376
8/12/19 11:47,81.421,53.9,1701.2,81.376
8/12/19 11:47,81.466,54,1703.7,81.376
8/12/19 11:47,81.466,54,1703.7,81.376
8/12/19 11:47,81.466,54,1703.7,81.421
8/12/19 11:47,81.466,54,1706.2,81.376
8/12/19 11:47,81.466,54.1,1703.7,81.421
8/12/19 11:47,81.466,54.1,1703.7,81.421
8/12/19 11:47,81.466,54.1,1701.2,81.421
8/12/19 11:47,81.466,54.2,1701.2,81.421
8/12/19 11:47,81.466,54.2,1701.2,81.421
8/12/19 11:47,81.509,54.3,1701.2,81.421
8/12/19 11:47,81.509,54.4,1701.2,81.421
8/12/19 11:47,81.509,54.4,1701.2,81.421
8/12/19 11:47,81.509,54.6,1703.7,81.421
8/12/19 11:47,81.509,54.6,1701.2,81.421
8/12/19 11:47,81.554,54.5,1703.7,81.421
8/12/19 11:47,81.554,54.5,1706.2,81.421
8/12/19 11:47,81.554,54.6,1701.2,81.421
8/12/19 11:47,81.554,54.6,1706.2,81.421
8/12/19 11:47,81.554,54.6,1703.7,81.421
8/12/19 11:47,81.554,54.5,1706.2,81.421
8/12/19 11:47,81.597,54.5,1706.2,81.421
8/12/19 11:47,81.597,54.3,1706.2,81.421
8/12/19 11:47,81.597,54.1,1703.7,81.421
8/12/19 11:47,81.597,54,1703.7,81.466
8/12/19 11:47,81.597,53.8,1706.2,81.466
8/12/19 11:47,81.597,53.6,1703.7,81.466
8/12/19 11:47,81.597,53.5,1703.7,81.466
8/12/19 11:47,81.597,53.4,1703.7,81.466
8/12/19 11:47,81.597,53.3,1706.2,81.466
8/12/19 11:47,81.597,53.3,1703.7,81.466
8/12/19 11:47,81.597,53.3,1703.7,81.466
8/12/19 11:47,81.597,53.3,1703.7,81.466
8/12/19 11:47,81.597,53.2,1706.2,81.466
8/12/19 11:47,81.597,53.2,1701.2,81.466
8/12/19 11:47,81.597,53.1,1701.2,81.466
8/12/19 11:47,81.597,53.1,1701.2,81.466
8/12/19 11:47,81.597,53.1,1703.7,81.466
8/12/19 11:47,81.597,53,1701.2,81.466
8/12/19 11:47,81.597,53,1706.2,81.466
8/12/19 11:47,81.597,53,1706.2,81.466
8/12/19 11:47,81.597,53.1,1706.2,81.466
8/12/19 11:47,81.597,53.1,1706.2,81.466
8/12/19 11:47,81.597,53.2,1703.7,81.509
8/12/19 11:48,81.597,53.2,1701.2,81.466
8/12/19 11:48,81.597,53.2,1706.2,81.466
8/12/19 11:48,81.597,53.3,1703.7,81.509
8/12/19 11:48,81.597,53.2,1703.7,81.509
8/12/19 11:48,81.597,53.2,1708.7,81.509
8/12/19 11:48,81.597,53.2,1706.2,81.509
8/12/19 11:48,81.597,53.2,1703.7,81.509
8/12/19 11:48,81.597,53.3,1703.7,81.509
8/12/19 11:48,81.597,53.3,1703.7,81.509
8/12/19 11:48,81.597,53.3,1703.7,81.509
8/12/19 11:48,81.597,53.3,1703.7,81.509
8/12/19 11:48,81.597,53.3,1703.7,81.509
8/12/19 11:48,81.597,53.2,1701.2,81.509
8/12/19 11:48,81.597,53.1,1703.7,81.509
8/12/19 11:48,81.597,53,1703.7,81.509
8/12/19 11:48,81.597,52.8,1703.7,81.509
8/12/19 11:48,81.597,52.7,1703.7,81.509
8/12/19 11:48,81.597,52.7,1703.7,81.509
8/12/19 11:48,81.597,52.7,1703.7,81.509
8/12/19 11:48,81.597,52.7,1706.2,81.509
8/12/19 11:48,81.597,52.7,1706.2,81.509
8/12/19 11:48,81.597,52.7,1703.7,81.509
8/12/19 11:48,81.597,52.7,1708.7,81.509
8/12/19 11:48,81.597,52.7,1708.7,81.554
8/12/19 11:48,81.554,52.7,1708.7,81.554
8/12/19 11:48,81.554,52.7,1706.2,81.554
8/12/19 11:48,81.554,52.7,1701.2,81.554
8/12/19 11:48,81.554,52.6,1703.7,81.554
8/12/19 11:48,81.554,52.5,1701.2,81.554
8/12/19 11:48,81.554,52.4,1703.7,81.554
8/12/19 11:48,81.554,52.3,1706.2,81.554
8/12/19 11:48,81.509,52.2,1706.2,81.554
8/12/19 11:48,81.509,52.2,1706.2,81.554
8/12/19 11:48,81.509,52.2,1706.2,81.554
8/12/19 11:48,81.509,52.3,1706.2,81.554
8/12/19 11:48,81.509,52.4,1701.2,81.554
8/12/19 11:48,81.509,52.5,1706.2,81.554
8/12/19 11:48,81.466,52.7,1706.2,81.554
8/12/19 11:48,81.466,52.7,1701.2,81.554
8/12/19 11:48,81.466,52.8,1706.2,81.554
8/12/19 11:48,81.466,52.8,1706.2,81.554
8/12/19 11:48,81.466,52.9,1703.7,81.554
8/12/19 11:48,81.466,53,1703.7,81.554
8/12/19 11:48,81.466,53,1703.7,81.597
8/12/19 11:48,81.466,53.1,1706.2,81.554
8/12/19 11:48,81.466,53.1,1708.7,81.554
8/12/19 11:48,81.466,53.1,1711.2,81.597
8/12/19 11:48,81.466,53.2,1706.2,81.597
8/12/19 11:48,81.466,53.3,1706.2,81.597
8/12/19 11:48,81.466,53.3,1706.2,81.597
8/12/19 11:48,81.466,53.3,1708.7,81.597
8/12/19 11:48,81.466,53.2,1708.7,81.597
8/12/19 11:48,81.466,53,1706.2,81.597
8/12/19 11:48,81.466,52.9,1708.7,81.597
8/12/19 11:48,81.466,52.8,1706.2,81.597
8/12/19 11:48,81.466,52.8,1701.2,81.597
8/12/19 11:48,81.466,52.8,1708.7,81.597
8/12/19 11:48,81.466,52.8,1706.2,81.597
8/12/19 11:48,81.466,52.7,1713.7,81.597
8/12/19 11:48,81.466,52.8,1703.7,81.597
8/12/19 11:49,81.509,52.8,1701.2,81.597
8/12/19 11:49,81.466,52.9,1706.2,81.597
8/12/19 11:49,81.509,53,1706.2,81.597
8/12/19 11:49,81.509,53.1,1706.2,81.597
8/12/19 11:49,81.509,53.1,1706.2,81.597
8/12/19 11:49,81.509,53.2,1711.2,81.597
8/12/19 11:49,81.509,53.2,1708.7,81.597
8/12/19 11:49,81.509,53.3,1706.2,81.597
8/12/19 11:49,81.509,53.3,1711.2,81.597
8/12/19 11:49,81.509,53.4,1706.2,81.642
8/12/19 11:49,81.554,53.6,1708.7,81.642
8/12/19 11:49,81.554,53.7,1706.2,81.642
8/12/19 11:49,81.554,53.8,1711.2,81.642
8/12/19 11:49,81.554,54,1706.2,81.642
8/12/19 11:49,81.554,53.9,1711.2,81.642
8/12/19 11:49,81.554,54,1706.2,81.642
8/12/19 11:49,81.554,53.9,1708.7,81.642
8/12/19 11:49,81.597,53.9,1711.2,81.642
8/12/19 11:49,81.597,53.7,1706.2,81.642
8/12/19 11:49,81.597,53.5,1706.2,81.642
8/12/19 11:49,81.597,53.3,1711.2,81.642
8/12/19 11:49,81.597,53.1,1708.7,81.642
8/12/19 11:49,81.597,52.9,1706.2,81.642
8/12/19 11:49,81.597,52.7,1708.7,81.642
8/12/19 11:49,81.597,52.7,1708.7,81.642
8/12/19 11:49,81.597,52.6,1711.2,81.642
8/12/19 11:49,81.597,52.5,1711.2,81.642
8/12/19 11:49,81.597,52.5,1708.7,81.642
8/12/19 11:49,81.597,52.4,1711.2,81.642
8/12/19 11:49,81.597,52.4,1713.7,81.642
8/12/19 11:49,81.597,52.3,1711.2,81.642
8/12/19 11:49,81.597,52.3,1711.2,81.687
8/12/19 11:49,81.597,52.3,1708.7,81.642
8/12/19 11:49,81.597,52.3,1708.7,81.687
8/12/19 11:49,81.597,52.3,1708.7,81.642
8/12/19 11:49,81.554,52.2,1711.2,81.687
8/12/19 11:49,81.554,52.1,1713.7,81.687
8/12/19 11:49,81.554,52,1711.2,81.687
8/12/19 11:49,81.554,52,1711.2,81.687
8/12/19 11:49,81.554,52.1,1711.2,81.687
8/12/19 11:49,81.554,52.1,1713.7,81.687
8/12/19 11:49,81.554,52,1713.7,81.687
8/12/19 11:49,81.509,51.9,1711.2,81.687
8/12/19 11:49,81.509,51.8,1711.2,81.687
8/12/19 11:49,81.509,51.6,1711.2,81.687
8/12/19 11:49,81.509,51.5,1713.7,81.687
8/12/19 11:49,81.509,51.4,1713.7,81.687
8/12/19 11:49,81.466,51.3,1713.7,81.687
8/12/19 11:49,81.466,51.2,1708.7,81.687
8/12/19 11:49,81.466,51.2,1711.2,81.687
8/12/19 11:49,81.466,51.2,1713.7,81.687
8/12/19 11:49,81.421,51.2,1711.2,81.687
8/12/19 11:49,81.421,51.2,1713.7,81.687
8/12/19 11:49,81.421,51.2,1713.7,81.687
8/12/19 11:49,81.376,51.2,1711.2,81.687
8/12/19 11:49,81.376,51.3,1711.2,81.687
8/12/19 11:49,81.376,51.3,1713.7,81.687
8/12/19 11:49,81.333,51.3,1713.7,81.687
8/12/19 11:49,81.333,51.3,1711.2,81.687
8/12/19 11:49,81.333,51.3,1711.2,81.687
8/12/19 11:50,81.288,51.3,1713.7,81.687
8/12/19 11:50,81.288,51.3,1711.2,81.687
8/12/19 11:50,81.288,51.3,1711.2,81.687
8/12/19 11:50,81.288,51.3,1713.7,81.687
8/12/19 11:50,81.244,51.3,1711.2,81.73
8/12/19 11:50,81.244,51.4,1711.2,81.73
8/12/19 11:50,81.244,51.5,1713.7,81.73
8/12/19 11:50,81.199,51.6,1713.7,81.73
8/12/19 11:50,81.199,51.8,1716.2,81.73
8/12/19 11:50,81.199,51.9,1711.2,81.73
8/12/19 11:50,81.199,52,1716.2,81.73
8/12/19 11:50,81.154,52,1716.2,81.73
8/12/19 11:50,81.154,52.1,1711.2,81.73
8/12/19 11:50,81.154,52.2,1713.7,81.73
8/12/19 11:50,81.154,52.4,1711.2,81.73
8/12/19 11:50,81.154,52.5,1711.2,81.73
8/12/19 11:50,81.154,52.7,1716.2,81.73
8/12/19 11:50,81.154,52.7,1711.2,81.73
8/12/19 11:50,81.154,52.9,1713.7,81.73
8/12/19 11:50,81.154,53,1716.2,81.73
8/12/19 11:50,81.154,53,1711.2,81.73
8/12/19 11:50,81.154,53.1,1716.2,81.73
8/12/19 11:50,81.154,53.1,1713.7,81.73
8/12/19 11:50,81.154,53.1,1716.2,81.73
8/12/19 11:50,81.154,53.2,1713.7,81.73
8/12/19 11:50,81.154,53.2,1716.2,81.73
8/12/19 11:50,81.154,53.3,1713.7,81.73
8/12/19 11:50,81.154,53.3,1716.2,81.73
8/12/19 11:50,81.154,53.3,1718.7,81.73
8/12/19 11:50,81.199,53.3,1718.7,81.73
8/12/19 11:50,81.199,53.4,1716.2,81.73
8/12/19 11:50,81.199,53.4,1713.7,81.775
8/12/19 11:50,81.199,53.4,1711.2,81.775
8/12/19 11:50,81.199,53.5,1716.2,81.775
8/12/19 11:50,81.244,53.5,1716.2,81.775
8/12/19 11:50,81.244,53.5,1716.2,81.775
8/12/19 11:50,81.244,53.5,1716.2,81.775
8/12/19 11:50,81.244,53.5,1716.2,81.775
8/12/19 11:50,81.244,53.5,1716.2,81.775
8/12/19 11:50,81.288,53.6,1718.7,81.775
8/12/19 11:50,81.288,53.6,1713.7,81.775
8/12/19 11:50,81.288,53.6,1718.7,81.775
8/12/19 11:50,81.288,53.7,1716.2,81.775
8/12/19 11:50,81.288,53.7,1716.2,81.775
8/12/19 11:50,81.333,53.8,1716.2,81.775
8/12/19 11:50,81.333,54,1716.2,81.775
8/12/19 11:50,81.333,54,1721.2,81.775
8/12/19 11:50,81.376,54.1,1716.2,81.775
8/12/19 11:50,81.376,54.3,1716.2,81.775
8/12/19 11:50,81.376,54.4,1716.2,81.775
8/12/19 11:50,81.421,54.5,1716.2,81.775
8/12/19 11:50,81.421,54.5,1716.2,81.775
8/12/19 11:50,81.421,54.4,1716.2,81.775
8/12/19 11:50,81.466,54.4,1713.7,81.775
8/12/19 11:50,81.466,54.2,1718.7,81.775
8/12/19 11:50,81.466,54.1,1713.7,81.775
8/12/19 11:50,81.466,54,1716.2,81.819
8/12/19 11:50,81.509,53.9,1713.7,81.775
8/12/19 11:50,81.509,53.8,1716.2,81.775
8/12/19 11:50,81.509,53.7,1718.7,81.819
8/12/19 11:51,81.554,53.6,1718.7,81.819
8/12/19 11:51,81.554,53.4,1718.7,81.819
8/12/19 11:51,81.554,53.2,1718.7,81.819
8/12/19 11:51,81.597,53.1,1718.7,81.819
8/12/19 11:51,81.597,52.9,1718.7,81.819
8/12/19 11:51,81.597,52.8,1718.7,81.819
8/12/19 11:51,81.597,52.7,1718.7,81.819
8/12/19 11:51,81.597,52.6,1718.7,81.819
8/12/19 11:51,81.642,52.5,1718.7,81.819
8/12/19 11:51,81.642,52.4,1718.7,81.819
8/12/19 11:51,81.642,52.3,1718.7,81.819
8/12/19 11:51,81.642,52.1,1721.2,81.819
8/12/19 11:51,81.642,52,1718.7,81.819
8/12/19 11:51,81.642,51.8,1718.7,81.819
8/12/19 11:51,81.642,51.7,1718.7,81.819
8/12/19 11:51,81.642,51.6,1718.7,81.819
8/12/19 11:51,81.687,51.5,1718.7,81.819
8/12/19 11:51,81.687,51.5,1721.2,81.819
8/12/19 11:51,81.642,51.5,1721.2,81.864
8/12/19 11:51,81.687,51.5,1718.7,81.864
8/12/19 11:51,81.687,51.5,1718.7,81.819
8/12/19 11:51,81.687,51.5,1718.7,81.864
8/12/19 11:51,81.687,51.5,1721.2,81.864
8/12/19 11:51,81.687,51.5,1721.2,81.864
8/12/19 11:51,81.687,51.5,1721.2,81.864
8/12/19 11:51,81.642,51.5,1721.2,81.864
8/12/19 11:51,81.687,51.6,1721.2,81.864
8/12/19 11:51,81.687,51.6,1726.2,81.864
8/12/19 11:51,81.687,51.7,1721.2,81.864
8/12/19 11:51,81.687,51.8,1721.2,81.864
8/12/19 11:51,81.687,51.9,1721.2,81.864
8/12/19 11:51,81.687,52,1718.7,81.864
8/12/19 11:51,81.687,52.1,1721.2,81.864
8/12/19 11:51,81.687,52.1,1721.2,81.864
8/12/19 11:51,81.687,52.1,1716.2,81.864
8/12/19 11:51,81.687,52.2,1721.2,81.864
8/12/19 11:51,81.687,52.2,1721.2,81.864
8/12/19 11:51,81.687,52.3,1721.2,81.864
8/12/19 11:51,81.687,52.3,1723.7,81.864
8/12/19 11:51,81.687,52.4,1718.7,81.864
8/12/19 11:51,81.687,52.5,1721.2,81.864
8/12/19 11:51,81.687,52.6,1723.7,81.864
8/12/19 11:51,81.687,52.6,1716.2,81.864
8/12/19 11:51,81.687,52.7,1718.7,81.909
8/12/19 11:51,81.687,52.7,1718.7,81.909
8/12/19 11:51,81.687,52.6,1718.7,81.909
8/12/19 11:51,81.73,52.6,1718.7,81.909
8/12/19 11:51,81.73,52.7,1721.2,81.909
8/12/19 11:51,81.73,52.7,1721.2,81.909
8/12/19 11:51,81.73,52.7,1721.2,81.909
8/12/19 11:51,81.73,52.5,1721.2,81.909
8/12/19 11:51,81.73,52.5,1721.2,81.909
8/12/19 11:51,81.73,52.4,1718.7,81.909
8/12/19 11:51,81.73,52.3,1721.2,81.909
8/12/19 11:51,81.73,52.3,1718.7,81.909
8/12/19 11:51,81.73,52.2,1721.2,81.909
8/12/19 11:51,81.73,52.2,1721.2,81.909
8/12/19 11:51,81.73,52.2,1718.7,81.909
8/12/19 11:51,81.73,52.2,1718.7,81.909
8/12/19 11:51,81.73,52.3,1716.2,81.909
8/12/19 11:52,81.73,52.3,1721.2,81.952
8/12/19 11:52,81.73,52.2,1716.2,81.952
8/12/19 11:52,81.73,52.2,1721.2,81.909
8/12/19 11:52,81.73,52.2,1718.7,81.952
8/12/19 11:52,81.73,52.1,1721.2,81.952
8/12/19 11:52,81.775,52,1723.7,81.952
8/12/19 11:52,81.775,52,1058.7,81.952
8/12/19 11:52,81.775,52.1,1426.2,81.952
8/12/19 11:52,81.775,52.1,651.2,81.952
8/12/19 11:52,81.775,52.1,1668.7,81.952
8/12/19 11:52,81.73,52.2,1591.2,81.952
8/12/19 11:52,81.73,52.2,1056.2,81.952
8/12/19 11:52,81.73,52.2,1243.7,81.952
8/12/19 11:52,81.775,52.2,933.7,81.952
8/12/19 11:52,81.775,52.3,1291.2,81.952
8/12/19 11:52,81.775,52.3,1723.7,81.952
8/12/19 11:52,81.775,52.3,1718.7,81.952
8/12/19 11:52,81.775,52.2,1721.2,81.952
8/12/19 11:52,81.775,52.2,1723.7,81.997
8/12/19 11:52,81.775,52.2,1718.7,81.952
8/12/19 11:52,81.775,52.2,1718.7,81.952
8/12/19 11:52,81.775,52.2,1721.2,81.952
8/12/19 11:52,81.775,52.2,1721.2,81.997
8/12/19 11:52,81.775,52.2,1721.2,81.997
8/12/19 11:52,81.775,52.2,1723.7,81.997
8/12/19 11:52,81.775,52.2,1718.7,81.997
8/12/19 11:52,81.775,52.2,1721.2,81.997
8/12/19 11:52,81.775,52.3,1723.7,81.997
8/12/19 11:52,81.775,52.3,1726.2,81.997
8/12/19 11:52,81.775,52.3,1721.2,81.997
8/12/19 11:52,81.775,52.3,1721.2,81.997
8/12/19 11:52,81.775,52.4,1721.2,81.997
8/12/19 11:52,81.775,52.4,1723.7,81.997
8/12/19 11:52,81.819,52.5,1723.7,81.997
8/12/19 11:52,81.819,52.5,1726.2,81.997
8/12/19 11:52,81.819,52.6,1726.2,81.997
8/12/19 11:52,81.819,52.6,1723.7,81.997
8/12/19 11:52,81.819,52.7,1726.2,81.997
8/12/19 11:52,81.819,52.7,1726.2,81.997
8/12/19 11:52,81.819,52.6,1718.7,81.997
8/12/19 11:52,81.819,52.5,1721.2,81.997
8/12/19 11:52,81.819,52.4,1723.7,82.042
8/12/19 11:52,81.819,52.2,1723.7,82.042
8/12/19 11:52,81.864,52.1,1723.7,82.042
8/12/19 11:52,81.819,52,1726.2,82.042
8/12/19 11:52,81.819,52.1,1726.2,82.042
8/12/19 11:52,81.864,52,1728.7,82.042
8/12/19 11:52,81.864,52,1723.7,82.042
8/12/19 11:52,81.864,52,1721.2,82.042
8/12/19 11:52,81.864,52,1723.7,82.042
8/12/19 11:52,81.864,52.1,1723.7,82.042
8/12/19 11:52,81.864,52,1723.7,82.042
8/12/19 11:52,81.864,52.1,1723.7,82.042
8/12/19 11:52,81.864,52.2,1723.7,82.042
8/12/19 11:52,81.864,52.2,1723.7,82.042
8/12/19 11:52,81.819,52.2,1723.7,82.042
8/12/19 11:52,81.819,52.3,1723.7,82.042
8/12/19 11:52,81.864,52.3,1723.7,82.042
8/12/19 11:52,81.864,52.2,1723.7,82.042
8/12/19 11:52,81.864,52.2,836.2,82.042
8/12/19 11:53,81.864,52.1,888.7,82.042
8/12/19 11:53,81.864,52.1,1671.2,82.042
8/12/19 11:53,81.864,52,1496.2,82.042
8/12/19 11:53,81.864,52.1,1188.7,82.042
8/12/19 11:53,81.864,52,1411.2,82.042
8/12/19 11:53,81.864,52,701.2,82.042
8/12/19 11:53,81.864,51.9,716.2,82.085
8/12/19 11:53,81.864,51.7,641.2,82.042
8/12/19 11:53,81.864,51.6,1233.7,82.042
8/12/19 11:53,81.864,51.4,1648.7,82.085
8/12/19 11:53,81.864,51.4,1726.2,82.085
8/12/19 11:53,81.864,51.2,1728.7,82.085
8/12/19 11:53,81.864,51.1,1726.2,82.085
8/12/19 11:53,81.864,51,1728.7,82.085
8/12/19 11:53,81.864,50.9,1723.7,82.085
8/12/19 11:53,81.864,50.8,1723.7,82.085
8/12/19 11:53,81.864,50.8,1723.7,82.085
8/12/19 11:53,81.864,50.8,1731.2,82.085
8/12/19 11:53,81.864,50.8,1728.7,82.085
8/12/19 11:53,81.864,50.9,1723.7,82.085
8/12/19 11:53,81.864,50.9,1726.2,82.085
8/12/19 11:53,81.864,51,1723.7,82.085
8/12/19 11:53,81.864,51,1726.2,82.085
8/12/19 11:53,81.864,51.1,1726.2,82.085
8/12/19 11:53,81.864,51.1,1723.7,82.085
8/12/19 11:53,81.864,51.1,1723.7,82.085
8/12/19 11:53,81.864,51.1,1728.7,82.085
8/12/19 11:53,81.864,51.1,1731.2,82.085
8/12/19 11:53,81.864,51.1,1726.2,82.13
8/12/19 11:53,81.864,51.1,1726.2,82.13
8/12/19 11:53,81.864,51,1723.7,82.13
8/12/19 11:53,81.864,50.9,1726.2,82.13
8/12/19 11:53,81.864,50.8,1726.2,82.13
8/12/19 11:53,81.864,50.8,1726.2,82.13
8/12/19 11:53,81.864,50.6,1728.7,82.13
8/12/19 11:53,81.864,50.6,1728.7,82.13
8/12/19 11:53,81.864,50.6,1726.2,82.13
8/12/19 11:53,81.864,50.6,1721.2,82.13
8/12/19 11:53,81.864,50.6,1723.7,82.13
8/12/19 11:53,81.864,50.6,1728.7,82.13
8/12/19 11:53,81.864,50.6,1731.2,82.13
8/12/19 11:53,81.864,50.7,1728.7,82.13
8/12/19 11:53,81.864,50.8,1726.2,82.13
8/12/19 11:53,81.864,50.8,1731.2,82.13
8/12/19 11:53,81.819,50.8,1726.2,82.13
8/12/19 11:53,81.864,50.8,1726.2,82.13
8/12/19 11:53,81.819,50.9,1726.2,82.13
8/12/19 11:53,81.819,51.1,1726.2,82.13
8/12/19 11:53,81.819,51.2,1701.2,82.13
8/12/19 11:53,81.864,51.2,688.7,82.175
8/12/19 11:53,81.864,51.2,1206.2,82.175
8/12/19 11:53,81.819,51.2,1673.7,82.175
8/12/19 11:53,81.819,51.1,1726.2,82.175
8/12/19 11:53,81.864,51.1,1728.7,82.175
8/12/19 11:53,81.864,51,1726.2,82.175
8/12/19 11:53,81.864,51,1728.7,82.175
8/12/19 11:53,81.864,51,711.2,82.175
8/12/19 11:53,81.864,51,1726.2,82.175
8/12/19 11:53,81.864,51,1726.2,82.175
8/12/19 11:53,81.864,51,1728.7,82.175
8/12/19 11:54,81.864,51.1,1723.7,82.175
8/12/19 11:54,81.864,51.2,1726.2,82.175
8/12/19 11:54,81.864,51.3,1726.2,82.175
8/12/19 11:54,81.864,51.4,1726.2,82.175
8/12/19 11:54,81.864,51.4,1731.2,82.175
8/12/19 11:54,81.864,51.5,1723.7,82.218
8/12/19 11:54,81.864,51.6,1723.7,82.218
8/12/19 11:54,81.864,51.7,1728.7,82.175
8/12/19 11:54,81.864,51.7,1728.7,82.218
8/12/19 11:54,81.864,51.7,1726.2,82.218
8/12/19 11:54,81.864,51.7,1726.2,82.218
8/12/19 11:54,81.864,51.7,1731.2,82.218
8/12/19 11:54,81.909,51.7,1726.2,82.218
8/12/19 11:54,81.909,51.7,1728.7,82.218
8/12/19 11:54,81.909,51.8,1723.7,82.218
8/12/19 11:54,81.909,51.8,1726.2,82.218
8/12/19 11:54,81.909,51.8,1733.7,82.218
8/12/19 11:54,81.909,51.8,1726.2,82.218
8/12/19 11:54,81.909,51.8,1726.2,82.218
8/12/19 11:54,81.909,51.9,1733.7,82.218
8/12/19 11:54,81.909,52,1723.7,82.218
8/12/19 11:54,81.909,52.1,1731.2,82.218
8/12/19 11:54,81.909,52.1,1723.7,82.218
8/12/19 11:54,81.909,52,1726.2,82.218
8/12/19 11:54,81.909,52.1,1726.2,82.218
8/12/19 11:54,81.909,52.1,1728.7,82.218
8/12/19 11:54,81.909,52.1,1726.2,82.263
8/12/19 11:54,81.952,52,1728.7,82.218
8/12/19 11:54,81.952,51.9,1728.7,82.263
8/12/19 11:54,81.952,51.8,1726.2,82.263
8/12/19 11:54,81.952,51.7,1728.7,82.263
8/12/19 11:54,81.952,51.5,1726.2,82.263
8/12/19 11:54,81.952,51.4,1726.2,82.263
8/12/19 11:54,81.952,51.5,1726.2,82.263
8/12/19 11:54,81.952,51.4,1726.2,82.263
8/12/19 11:54,81.952,51.3,1731.2,82.263
8/12/19 11:54,81.952,51.1,1726.2,82.263
8/12/19 11:54,81.952,51,1726.2,82.263
8/12/19 11:54,81.952,50.8,1728.7,82.263
8/12/19 11:54,81.952,50.8,1728.7,82.263
8/12/19 11:54,81.952,50.7,1728.7,82.263
8/12/19 11:54,81.909,50.6,1728.7,82.263
8/12/19 11:54,81.909,50.5,1726.2,82.263
8/12/19 11:54,81.909,50.5,1728.7,82.308
8/12/19 11:54,81.909,50.4,1728.7,82.308
8/12/19 11:54,81.909,50.3,1728.7,82.308
8/12/19 11:54,81.864,50.3,1728.7,82.308
8/12/19 11:54,81.864,50.3,1726.2,82.308
8/12/19 11:54,81.864,50.3,1728.7,82.308
8/12/19 11:54,81.819,50.3,1728.7,82.308
8/12/19 11:54,81.819,50.3,1726.2,82.308
8/12/19 11:54,81.819,50.3,1726.2,82.308
8/12/19 11:54,81.775,50.3,1728.7,82.308
8/12/19 11:54,81.775,50.3,1728.7,82.308
8/12/19 11:54,81.775,50.3,1726.2,82.308
8/12/19 11:54,81.775,50.3,1726.2,82.308
8/12/19 11:54,81.73,50.2,1728.7,82.308
8/12/19 11:54,81.73,50.2,1723.7,82.308
8/12/19 11:54,81.687,50.2,1726.2,82.308
8/12/19 11:54,81.687,50.2,1728.7,82.308
8/12/19 11:55,81.687,50.2,1728.7,82.353
8/12/19 11:55,81.687,50.2,1723.7,82.308
8/12/19 11:55,81.642,50.2,1726.2,82.308
8/12/19 11:55,81.642,50.2,1726.2,82.353
8/12/19 11:55,81.597,50.2,1726.2,82.353
8/12/19 11:55,81.597,50.1,1728.7,82.353
8/12/19 11:55,81.597,50.1,1726.2,82.353
8/12/19 11:55,81.597,50.1,1726.2,82.353
8/12/19 11:55,81.554,50.1,1726.2,82.353
8/12/19 11:55,81.554,50.1,1726.2,82.353
8/12/19 11:55,81.554,50.1,1723.7,82.353
8/12/19 11:55,81.509,50.2,1723.7,82.353
8/12/19 11:55,81.509,50.2,1723.7,82.353
8/12/19 11:55,81.509,50.2,1726.2,82.353
8/12/19 11:55,81.466,50.3,1726.2,82.353
8/12/19 11:55,81.466,50.3,1723.7,82.353
8/12/19 11:55,81.466,50.4,1723.7,82.353
8/12/19 11:55,81.466,50.4,1723.7,82.353
8/12/19 11:55,81.466,50.4,1726.2,82.353
8/12/19 11:55,81.421,50.4,1723.7,82.353
8/12/19 11:55,81.421,50.4,1726.2,82.353
8/12/19 11:55,81.421,50.4,1723.7,82.353
8/12/19 11:55,81.421,50.4,1726.2,82.353
8/12/19 11:55,81.376,50.3,1726.2,82.353
8/12/19 11:55,81.376,50.3,1726.2,82.353
8/12/19 11:55,81.376,50.3,1726.2,82.353
8/12/19 11:55,81.376,50.3,1726.2,82.396
8/12/19 11:55,81.376,50.4,1726.2,82.353
8/12/19 11:55,81.376,50.4,1723.7,82.396
8/12/19 11:55,81.376,50.4,1726.2,82.396
8/12/19 11:55,81.333,50.5,1726.2,82.396
8/12/19 11:55,81.333,50.6,1726.2,82.396
8/12/19 11:55,81.333,50.6,1723.7,82.396
8/12/19 11:55,81.333,50.7,1721.2,82.396
8/12/19 11:55,81.333,50.8,1726.2,82.396
8/12/19 11:55,81.333,50.8,1723.7,82.396
8/12/19 11:55,81.333,50.8,1723.7,82.396
8/12/19 11:55,81.288,50.8,1723.7,82.396
8/12/19 11:55,81.288,50.9,1723.7,82.396
8/12/19 11:55,81.288,51,1726.2,82.396
8/12/19 11:55,81.288,51.1,1726.2,82.396
8/12/19 11:55,81.288,51.2,1726.2,82.396
8/12/19 11:55,81.288,51.3,1726.2,82.396
8/12/19 11:55,81.288,51.4,1728.7,82.396
8/12/19 11:55,81.288,51.5,1726.2,82.396
8/12/19 11:55,81.288,51.6,1723.7,82.396
8/12/19 11:55,81.288,51.7,1723.7,82.396
8/12/19 11:55,81.288,51.8,1726.2,82.396
8/12/19 11:55,81.288,51.9,1726.2,82.396
8/12/19 11:55,81.288,52,1723.7,82.396
8/12/19 11:55,81.288,52.1,1721.2,82.441
8/12/19 11:55,81.288,52.1,1726.2,82.396
8/12/19 11:55,81.288,52.1,1723.7,82.441
8/12/19 11:55,81.288,52.2,1728.7,82.441
8/12/19 11:55,81.288,52.3,1723.7,82.441
8/12/19 11:55,81.288,52.3,1723.7,82.441
8/12/19 11:55,81.288,52.4,1723.7,82.441
8/12/19 11:55,81.333,52.5,1721.2,82.441
8/12/19 11:55,81.333,52.5,1726.2,82.441
8/12/19 11:55,81.333,52.6,1723.7,82.441
8/12/19 11:56,81.333,52.7,1723.7,82.441
8/12/19 11:56,81.333,52.7,1723.7,82.441
8/12/19 11:56,81.333,52.7,1723.7,82.441
8/12/19 11:56,81.333,52.8,1726.2,82.441
8/12/19 11:56,81.376,52.9,1723.7,82.441
8/12/19 11:56,81.376,52.9,1726.2,82.441
8/12/19 11:56,81.376,52.8,1723.7,82.441
8/12/19 11:56,81.376,52.7,1723.7,82.441
8/12/19 11:56,81.376,52.7,1726.2,82.441
8/12/19 11:56,81.376,52.6,1723.7,82.441
8/12/19 11:56,81.376,52.5,1726.2,82.486
8/12/19 11:56,81.376,52.5,1726.2,82.486
8/12/19 11:56,81.376,52.5,1726.2,82.441
8/12/19 11:56,81.421,52.4,1721.2,82.486
8/12/19 11:56,81.421,52.5,1723.7,82.486
8/12/19 11:56,81.421,52.5,1723.7,82.486
8/12/19 11:56,81.421,52.5,1723.7,82.486
8/12/19 11:56,81.421,52.6,1723.7,82.486
8/12/19 11:56,81.421,52.6,1721.2,82.486
8/12/19 11:56,81.421,52.7,1723.7,82.486
8/12/19 11:56,81.421,52.7,1718.7,82.486
8/12/19 11:56,81.421,52.7,1721.2,82.486
8/12/19 11:56,81.421,52.7,1726.2,82.486
8/12/19 11:56,81.466,52.7,1723.7,82.486
8/12/19 11:56,81.466,52.8,1721.2,82.486
8/12/19 11:56,81.466,52.9,1723.7,82.486
8/12/19 11:56,81.466,53,1718.7,82.486
8/12/19 11:56,81.466,53,1721.2,82.486
8/12/19 11:56,81.466,53,1721.2,82.486
8/12/19 11:56,81.466,53.1,1718.7,82.486
8/12/19 11:56,81.509,53.1,1726.2,82.486
8/12/19 11:56,81.509,53,1723.7,82.486
8/12/19 11:56,81.509,53,1723.7,82.486
8/12/19 11:56,81.509,53,1723.7,82.486
8/12/19 11:56,81.509,53,1723.7,82.486
8/12/19 11:56,81.509,53,1718.7,82.486
8/12/19 11:56,81.509,53.1,1716.2,82.53
8/12/19 11:56,81.554,53.1,1716.2,82.53
8/12/19 11:56,81.554,53.1,1721.2,82.53
8/12/19 11:56,81.554,53.1,1718.7,82.53
8/12/19 11:56,81.554,53,1718.7,82.53
8/12/19 11:56,81.554,53,1718.7,82.53
8/12/19 11:56,81.554,53,1713.7,82.53
8/12/19 11:56,81.597,53,1718.7,82.53
8/12/19 11:56,81.597,53.1,1716.2,82.53
8/12/19 11:56,81.597,53.1,1716.2,82.53
8/12/19 11:56,81.597,53.1,1723.7,82.53
8/12/19 11:56,81.597,53,1718.7,82.53
8/12/19 11:56,81.597,53.1,1718.7,82.53
8/12/19 11:56,81.597,53.1,1718.7,82.53
8/12/19 11:56,81.642,53.2,1721.2,82.53
8/12/19 11:56,81.642,53.2,1721.2,82.53
8/12/19 11:56,81.642,53.2,1718.7,82.53
8/12/19 11:56,81.642,53.2,1721.2,82.53
8/12/19 11:56,81.687,53,1723.7,82.53
8/12/19 11:56,81.642,52.8,1723.7,82.53
8/12/19 11:56,81.687,52.7,1728.7,82.53
8/12/19 11:56,81.687,52.5,1728.7,82.53
8/12/19 11:56,81.687,52.3,1733.7,82.575
8/12/19 11:56,81.687,52.2,1728.7,82.53
8/12/19 11:57,81.687,52.1,1726.2,82.53
8/12/19 11:57,81.687,52,1723.7,82.575
8/12/19 11:57,81.687,52,1726.2,82.575
8/12/19 11:57,81.687,52,1723.7,82.575
8/12/19 11:57,81.687,51.9,1731.2,82.575
8/12/19 11:57,81.687,51.9,1726.2,82.575
8/12/19 11:57,81.687,51.9,1731.2,82.575
8/12/19 11:57,81.687,52,1728.7,82.575
8/12/19 11:57,81.687,52.1,1733.7,82.575
8/12/19 11:57,81.687,52,1731.2,82.575
8/12/19 11:57,81.687,52.1,1731.2,82.575
8/12/19 11:57,81.687,52.2,1731.2,82.575
8/12/19 11:57,81.687,52.2,1733.7,82.575
8/12/19 11:57,81.687,52.3,1733.7,82.575
8/12/19 11:57,81.73,52.3,1733.7,82.575
8/12/19 11:57,81.73,52.3,1733.7,82.575
8/12/19 11:57,81.73,52.3,1736.2,82.575
8/12/19 11:57,81.73,52.2,1736.2,82.575
8/12/19 11:57,81.73,52.2,1736.2,82.575
8/12/19 11:57,81.73,52.2,1736.2,82.575
8/12/19 11:57,81.73,52.1,1736.2,82.575
8/12/19 11:57,81.73,52.1,1738.7,82.575
8/12/19 11:57,81.73,52.1,1736.2,82.575
8/12/19 11:57,81.73,52.1,1736.2,82.575
8/12/19 11:57,81.73,52,1738.7,82.575
8/12/19 11:57,81.73,52,1738.7,82.62
8/12/19 11:57,81.73,52,1738.7,82.62
8/12/19 11:57,81.73,52,1738.7,82.62
8/12/19 11:57,81.73,52,1738.7,82.62
8/12/19 11:57,81.73,52.1,1741.2,82.62
8/12/19 11:57,81.73,52.1,1746.2,82.62
8/12/19 11:57,81.73,52,1743.7,82.62
8/12/19 11:57,81.73,52.1,1741.2,82.62
8/12/19 11:57,81.73,52.1,1741.2,82.62
8/12/19 11:57,81.73,52.1,1741.2,82.62
8/12/19 11:57,81.73,52.2,1741.2,82.62
8/12/19 11:57,81.73,52.3,1738.7,82.62
8/12/19 11:57,81.73,52.4,1743.7,82.62
8/12/19 11:57,81.73,52.5,1743.7,82.62
8/12/19 11:57,81.73,52.6,1743.7,82.62
8/12/19 11:57,81.73,52.7,1743.7,82.62
8/12/19 11:57,81.73,52.7,1743.7,82.62
8/12/19 11:57,81.73,52.8,1741.2,82.62
8/12/19 11:57,81.73,53,1746.2,82.62
8/12/19 11:57,81.73,53,1743.7,82.62
8/12/19 11:57,81.775,53.1,1741.2,82.665
8/12/19 11:57,81.73,53.1,1741.2,82.665
8/12/19 11:57,81.775,53.1,1746.2,82.665
8/12/19 11:57,81.775,53.1,1743.7,82.665
8/12/19 11:57,81.775,53.1,1743.7,82.665
8/12/19 11:57,81.775,53.1,1738.7,82.665
8/12/19 11:57,81.775,53.1,1738.7,82.665
8/12/19 11:57,81.775,53.1,1736.2,82.665
8/12/19 11:57,81.819,53.1,1741.2,82.665
8/12/19 11:57,81.819,53.1,1741.2,82.665
8/12/19 11:57,81.819,53.2,1741.2,82.665
8/12/19 11:57,81.819,53.2,1741.2,82.665
8/12/19 11:57,81.819,53.2,1743.7,82.665
8/12/19 11:57,81.864,53.3,1746.2,82.665
8/12/19 11:57,81.864,53.3,1741.2,82.665
8/12/19 11:58,81.864,53.3,1746.2,82.665
8/12/19 11:58,81.864,53.3,1746.2,82.665
8/12/19 11:58,81.864,53.3,1748.7,82.665
8/12/19 11:58,81.909,53.2,1751.2,82.665
8/12/19 11:58,81.909,53.1,1751.2,82.665
8/12/19 11:58,81.909,52.9,1748.7,82.665
8/12/19 11:58,81.909,52.7,1748.7,82.665
8/12/19 11:58,81.909,52.7,1748.7,82.665
8/12/19 11:58,81.909,52.5,1748.7,82.665
8/12/19 11:58,81.909,52.4,1748.7,82.665
8/12/19 11:58,81.909,52.2,1746.2,82.665
8/12/19 11:58,81.952,52.1,1748.7,82.665
8/12/19 11:58,81.952,52,1748.7,82.665
8/12/19 11:58,81.952,51.9,1751.2,82.708
8/12/19 11:58,81.909,51.7,1751.2,82.708
8/12/19 11:58,81.952,51.5,1751.2,82.708
8/12/19 11:58,81.909,51.4,1751.2,82.708
8/12/19 11:58,81.909,51.3,1746.2,82.708
8/12/19 11:58,81.909,51.2,1736.2,82.708
8/12/19 11:58,81.909,51.1,1723.7,82.708
8/12/19 11:58,81.909,51.1,1726.2,82.708
8/12/19 11:58,81.909,51.1,1736.2,82.708
8/12/19 11:58,81.909,51.1,1743.7,82.708
8/12/19 11:58,81.909,51,1743.7,82.708
8/12/19 11:58,81.909,51,1741.2,82.708
8/12/19 11:58,81.909,50.9,1738.7,82.708
8/12/19 11:58,81.909,50.9,1741.2,82.708
8/12/19 11:58,81.909,50.8,1743.7,82.708
8/12/19 11:58,81.909,50.8,1746.2,82.708
8/12/19 11:58,81.909,50.8,1746.2,82.708
8/12/19 11:58,81.909,50.8,1748.7,82.708
8/12/19 11:58,81.909,50.8,1751.2,82.753
8/12/19 11:58,81.909,50.8,1751.2,82.708
8/12/19 11:58,81.864,50.9,1753.7,82.753
8/12/19 11:58,81.909,50.9,1751.2,82.708
8/12/19 11:58,81.909,51,1751.2,82.753
8/12/19 11:58,81.909,51,1751.2,82.753
8/12/19 11:58,81.864,51,1746.2,82.753
8/12/19 11:58,81.864,51.1,1748.7,82.753
8/12/19 11:58,81.864,51.1,1751.2,82.753
8/12/19 11:58,81.864,51.1,1658.7,82.753
8/12/19 11:58,81.864,51.2,1676.2,82.753
8/12/19 11:58,81.909,51.3,1723.7,82.753
8/12/19 11:58,81.909,51.5,1751.2,82.753
8/12/19 11:58,81.909,51.5,1753.7,82.753
8/12/19 11:58,81.909,51.5,1753.7,82.753
8/12/19 11:58,81.909,51.6,1753.7,82.753
8/12/19 11:58,81.909,51.5,1758.7,82.753
8/12/19 11:58,81.909,51.5,1763.7,82.753
8/12/19 11:58,81.909,51.4,1761.2,82.753
8/12/19 11:58,81.909,51.4,1763.7,82.753
8/12/19 11:58,81.909,51.4,1763.7,82.753
8/12/19 11:58,81.909,51.3,1763.7,82.753
8/12/19 11:58,81.909,51.3,1763.7,82.753
8/12/19 11:58,81.909,51.3,1763.7,82.753
8/12/19 11:58,81.909,51.3,1761.2,82.753
8/12/19 11:58,81.909,51.3,1761.2,82.798
8/12/19 11:58,81.909,51.3,1766.2,82.798
8/12/19 11:58,81.909,51.2,1763.7,82.798
8/12/19 11:58,81.864,51.2,1761.2,82.798
8/12/19 11:59,81.864,51.1,1756.2,82.798
8/12/19 11:59,81.864,51,1751.2,82.798
8/12/19 11:59,81.864,50.8,1751.2,82.798
8/12/19 11:59,81.864,50.7,1748.7,82.798
8/12/19 11:59,81.864,50.6,1756.2,82.798
8/12/19 11:59,81.864,50.4,1751.2,82.798
8/12/19 11:59,81.819,50.3,1751.2,82.798
8/12/19 11:59,81.819,50.3,1753.7,82.798
8/12/19 11:59,81.819,50.3,1753.7,82.798
8/12/19 11:59,81.819,50.3,1751.2,82.798
8/12/19 11:59,81.775,50.4,1751.2,82.798
8/12/19 11:59,81.775,50.5,1751.2,82.798
8/12/19 11:59,81.775,50.6,1756.2,82.798
8/12/19 11:59,81.775,50.6,1763.7,82.798
8/12/19 11:59,81.73,50.6,1763.7,82.798
8/12/19 11:59,81.73,50.6,1763.7,82.798
8/12/19 11:59,81.73,50.7,1763.7,82.798
8/12/19 11:59,81.687,50.8,1763.7,82.798
8/12/19 11:59,81.687,50.8,1771.2,82.798
8/12/19 11:59,81.687,50.8,1773.7,82.841
8/12/19 11:59,81.687,50.9,1778.7,82.798
8/12/19 11:59,81.687,51.1,1778.7,82.841
8/12/19 11:59,81.642,51.1,1778.7,82.841
8/12/19 11:59,81.642,51.2,1776.2,82.841
8/12/19 11:59,81.642,51.3,1778.7,82.841
8/12/19 11:59,81.642,51.4,1776.2,82.841
8/12/19 11:59,81.642,51.5,1781.2,82.841
8/12/19 11:59,81.642,51.4,1786.2,82.841
8/12/19 11:59,81.642,51.4,1788.7,82.841
8/12/19 11:59,81.642,51.5,1786.2,82.841
8/12/19 11:59,81.642,51.5,1791.2,82.841
8/12/19 11:59,81.642,51.5,1793.7,82.841
8/12/19 11:59,81.642,51.4,1788.7,82.841
8/12/19 11:59,81.597,51.5,1788.7,82.841
8/12/19 11:59,81.642,51.5,1788.7,82.841
8/12/19 11:59,81.597,51.5,1793.7,82.841
8/12/19 11:59,81.597,51.5,1793.7,82.841
8/12/19 11:59,81.642,51.5,1796.2,82.841
8/12/19 11:59,81.642,51.5,1796.2,82.841
8/12/19 11:59,81.642,51.5,1796.2,82.841
8/12/19 11:59,81.597,51.4,1793.7,82.841
8/12/19 11:59,81.597,51.5,1788.7,82.841
8/12/19 11:59,81.597,51.5,1793.7,82.841
8/12/19 11:59,81.597,51.6,1788.7,82.841
8/12/19 11:59,81.642,51.7,1788.7,82.841
8/12/19 11:59,81.642,51.8,1788.7,82.841
8/12/19 11:59,81.597,51.8,1788.7,82.886
8/12/19 11:59,81.597,51.8,1788.7,82.886
8/12/19 11:59,81.597,51.8,1786.2,82.886
8/12/19 11:59,81.597,51.6,1781.2,82.886
8/12/19 11:59,81.597,51.4,1778.7,82.886
8/12/19 11:59,81.597,51.3,1778.7,82.886
8/12/19 11:59,81.597,51.1,1778.7,82.886
8/12/19 11:59,81.597,50.9,1773.7,82.886
8/12/19 11:59,81.597,50.8,1763.7,82.886
8/12/19 11:59,81.597,50.7,1756.2,82.886
8/12/19 11:59,81.597,50.6,1753.7,82.886
8/12/19 11:59,81.597,50.5,1751.2,82.886
8/12/19 11:59,81.597,50.5,1748.7,82.886
8/12/19 11:59,81.597,50.4,1741.2,82.886
8/12/19 12:00,81.597,50.4,1736.2,82.886
8/12/19 12:00,81.554,50.4,1736.2,82.886
8/12/19 12:00,81.554,50.5,1738.7,82.886
8/12/19 12:00,81.554,50.5,1741.2,82.886
8/12/19 12:00,81.554,50.5,1748.7,82.886
8/12/19 12:00,81.554,50.6,1756.2,82.886
8/12/19 12:00,81.554,50.6,1761.2,82.886
8/12/19 12:00,81.509,50.7,1761.2,82.886
8/12/19 12:00,81.509,50.8,1761.2,82.886
8/12/19 12:00,81.509,50.8,1768.7,82.931
8/12/19 12:00,81.509,50.8,1776.2,82.931
8/12/19 12:00,81.509,50.8,1773.7,82.931
8/12/19 12:00,81.509,50.9,1776.2,82.931
8/12/19 12:00,81.466,51.1,1768.7,82.931
8/12/19 12:00,81.466,51.2,1766.2,82.931
8/12/19 12:00,81.466,51.3,1763.7,82.931
8/12/19 12:00,81.466,51.4,1761.2,82.931
8/12/19 12:00,81.466,51.4,1768.7,82.931
8/12/19 12:00,81.466,51.5,1768.7,82.931
8/12/19 12:00,81.466,51.7,1766.2,82.931
8/12/19 12:00,81.466,51.8,1758.7,82.931
8/12/19 12:00,81.466,51.9,1758.7,82.931
8/12/19 12:00,81.466,52,1761.2,82.931
8/12/19 12:00,81.466,52.1,1761.2,82.931
8/12/19 12:00,81.466,52,1763.7,82.931
8/12/19 12:00,81.466,52.1,1766.2,82.931
8/12/19 12:00,81.466,52.1,1766.2,82.931
8/12/19 12:00,81.466,52.1,1756.2,82.931
8/12/19 12:00,81.466,52,1758.7,82.931
8/12/19 12:00,81.509,52,1753.7,82.931
8/12/19 12:00,81.509,52,1761.2,82.931
8/12/19 12:00,81.509,52.1,1761.2,82.931
8/12/19 12:00,81.509,52.2,1768.7,82.931
8/12/19 12:00,81.509,52.4,1768.7,82.931
8/12/19 12:00,81.509,52.5,1763.7,82.931
8/12/19 12:00,81.509,52.6,1761.2,82.931
8/12/19 12:00,81.509,52.7,1768.7,82.931
8/12/19 12:00,81.509,52.8,1776.2,82.931
8/12/19 12:00,81.509,52.9,1773.7,82.931
8/12/19 12:00,81.509,53,1768.7,82.976
8/12/19 12:00,81.509,53,1763.7,82.976
8/12/19 12:00,81.509,52.8,1771.2,82.976
8/12/19 12:00,81.509,52.7,1778.7,82.976
8/12/19 12:00,81.509,52.6,1781.2,82.976
8/12/19 12:00,81.554,52.4,1778.7,82.976
8/12/19 12:00,81.554,52.2,1776.2,82.976
8/12/19 12:00,81.554,52.1,1781.2,82.976
8/12/19 12:00,81.554,52.1,1786.2,82.976
8/12/19 12:00,81.554,52,1786.2,82.976
8/12/19 12:00,81.554,52,1788.7,82.976
8/12/19 12:00,81.554,51.9,1793.7,82.976
8/12/19 12:00,81.554,51.8,1796.2,82.976
8/12/19 12:00,81.509,51.8,1798.7,82.976
8/12/19 12:00,81.509,51.8,1803.7,82.976
8/12/19 12:00,81.509,51.7,1806.2,82.976
8/12/19 12:00,81.509,51.7,1801.2,82.976
8/12/19 12:00,81.509,51.6,1803.7,82.976
8/12/19 12:00,81.509,51.5,1798.7,82.976
8/12/19 12:00,81.509,51.5,1798.7,82.976
8/12/19 12:00,81.466,51.5,1798.7,82.976
8/12/19 12:01,81.466,51.5,1798.7,82.976
8/12/19 12:01,81.466,51.4,1796.2,83.021
8/12/19 12:01,81.466,51.4,1791.2,83.021
8/12/19 12:01,81.421,51.4,1796.2,83.021
8/12/19 12:01,81.421,51.4,1796.2,83.021
8/12/19 12:01,81.421,51.5,1793.7,83.021
8/12/19 12:01,81.421,51.5,1793.7,83.021
8/12/19 12:01,81.376,51.5,1798.7,83.021
8/12/19 12:01,81.376,51.5,1803.7,83.021
8/12/19 12:01,81.376,51.5,1533.7,83.021
8/12/19 12:01,81.333,51.4,1193.7,83.021
8/12/19 12:01,81.333,51.4,1433.7,83.021
8/12/19 12:01,81.333,51.4,1153.7,83.021
8/12/19 12:01,81.333,51.4,1076.2,83.021
8/12/19 12:01,81.333,51.5,966.2,83.021
8/12/19 12:01,81.288,51.5,1431.2,83.021
8/12/19 12:01,81.288,51.5,1756.2,83.021
8/12/19 12:01,81.288,51.5,1646.2,83.021
8/12/19 12:01,81.288,51.4,1831.2,83.021
8/12/19 12:01,81.288,51.5,1826.2,83.021
8/12/19 12:01,81.288,51.5,1828.7,83.021
8/12/19 12:01,81.244,51.4,1826.2,83.021
8/12/19 12:01,81.244,51.5,1826.2,83.021
8/12/19 12:01,81.244,51.4,1828.7,83.021
8/12/19 12:01,81.244,51.5,1826.2,83.021
8/12/19 12:01,81.244,51.5,1828.7,83.021
8/12/19 12:01,81.244,51.7,1831.2,83.021
8/12/19 12:01,81.244,51.7,1833.7,83.021
8/12/19 12:01,81.244,51.7,1836.2,83.021
8/12/19 12:01,81.244,51.7,1836.2,83.064
8/12/19 12:01,81.244,51.8,1838.7,83.064
8/12/19 12:01,81.244,51.8,1838.7,83.064
8/12/19 12:01,81.244,51.8,1836.2,83.064
8/12/19 12:01,81.199,51.8,1836.2,83.064
8/12/19 12:01,81.244,51.8,1838.7,83.064
8/12/19 12:01,81.244,51.8,1841.2,83.064
8/12/19 12:01,81.199,51.8,1841.2,83.064
8/12/19 12:01,81.244,51.8,1841.2,83.064
8/12/19 12:01,81.199,51.9,1838.7,83.064
8/12/19 12:01,81.199,51.9,1838.7,83.064
8/12/19 12:01,81.199,51.9,1841.2,83.064
8/12/19 12:01,81.199,52,1838.7,83.064
8/12/19 12:01,81.199,51.9,1833.7,83.064
8/12/19 12:01,81.199,51.8,1833.7,83.064
8/12/19 12:01,81.199,51.8,1833.7,83.064
8/12/19 12:01,81.199,51.8,1831.2,83.064
8/12/19 12:01,81.199,51.8,1831.2,83.064
8/12/19 12:01,81.199,51.7,1833.7,83.064
8/12/19 12:01,81.199,51.7,1836.2,83.064
8/12/19 12:01,81.199,51.7,1836.2,83.064
8/12/19 12:01,81.199,51.7,1838.7,83.064
8/12/19 12:01,81.199,51.7,1838.7,83.064
8/12/19 12:01,81.154,51.8,1838.7,83.064
8/12/19 12:01,81.154,51.8,1838.7,83.109
8/12/19 12:01,81.154,51.8,1841.2,83.064
8/12/19 12:01,81.154,51.8,1841.2,83.064
8/12/19 12:01,81.154,51.9,1838.7,83.109
8/12/19 12:01,81.154,51.9,1838.7,83.109
8/12/19 12:01,81.154,51.9,1838.7,83.064
8/12/19 12:01,81.154,51.8,1836.2,83.064
8/12/19 12:02,81.111,51.8,1836.2,83.109
8/12/19 12:02,81.111,51.7,1836.2,83.109
8/12/19 12:02,81.111,51.7,1833.7,83.109
8/12/19 12:02,81.111,51.6,1836.2,83.109
8/12/19 12:02,81.111,51.6,1833.7,83.109
8/12/19 12:02,81.111,51.6,1836.2,83.109
8/12/19 12:02,81.111,51.6,1833.7,83.109
8/12/19 12:02,81.066,51.7,1833.7,83.109
8/12/19 12:02,81.066,51.8,1833.7,83.109
8/12/19 12:02,81.066,51.7,1836.2,83.109
8/12/19 12:02,81.066,51.9,1836.2,83.109
8/12/19 12:02,81.066,52,1836.2,83.109
8/12/19 12:02,81.023,51.9,1836.2,83.109
8/12/19 12:02,81.023,52.1,1836.2,83.109
8/12/19 12:02,81.023,52.2,1833.7,83.109
8/12/19 12:02,81.023,52.1,1836.2,83.109
8/12/19 12:02,81.023,52.3,1833.7,83.109
8/12/19 12:02,81.023,52.3,1833.7,83.109
8/12/19 12:02,81.023,52.3,1833.7,83.109
8/12/19 12:02,81.023,52.4,1836.2,83.109
8/12/19 12:02,81.023,52.5,1836.2,83.109
8/12/19 12:02,81.023,52.6,1833.7,83.109
8/12/19 12:02,81.023,52.6,1833.7,83.109
8/12/19 12:02,81.023,52.7,1831.2,83.109
8/12/19 12:02,81.023,52.9,1828.7,83.109
8/12/19 12:02,81.023,52.9,1831.2,83.109
8/12/19 12:02,81.023,53.1,1828.7,83.109
8/12/19 12:02,81.023,53.2,1826.2,83.109
8/12/19 12:02,81.066,53.2,1828.7,83.109
8/12/19 12:02,81.066,53.2,1821.2,83.109
8/12/19 12:02,81.066,53.2,1826.2,83.154
8/12/19 12:02,81.066,53.1,1828.7,83.154
8/12/19 12:02,81.066,53.1,1826.2,83.154
8/12/19 12:02,81.066,53,1826.2,83.154
8/12/19 12:02,81.066,53,1826.2,83.154
8/12/19 12:02,81.066,53,1823.7,83.154
8/12/19 12:02,81.066,53,1818.7,83.154
8/12/19 12:02,81.111,53,1818.7,83.154
8/12/19 12:02,81.066,53.1,1821.2,83.154
8/12/19 12:02,81.111,53.1,1818.7,83.154
8/12/19 12:02,81.111,53.1,1816.2,83.154
8/12/19 12:02,81.111,53.1,1816.2,83.154
8/12/19 12:02,81.111,53.1,1816.2,83.154
8/12/19 12:02,81.111,53.2,1813.7,83.154
8/12/19 12:02,81.111,53.2,1816.2,83.154
8/12/19 12:02,81.111,53.2,1813.7,83.154
8/12/19 12:02,81.111,53.1,1813.7,83.154
8/12/19 12:02,81.111,53,1811.2,83.154
8/12/19 12:02,81.111,53,1811.2,83.154
8/12/19 12:02,81.154,52.9,1811.2,83.154
8/12/19 12:02,81.154,52.9,1808.7,83.154
8/12/19 12:02,81.154,52.8,1806.2,83.199
8/12/19 12:02,81.154,52.8,1808.7,83.154
8/12/19 12:02,81.154,52.8,1806.2,83.154
8/12/19 12:02,81.154,52.7,1806.2,83.154
8/12/19 12:02,81.154,52.7,1806.2,83.154
8/12/19 12:02,81.154,52.7,1808.7,83.199
8/12/19 12:02,81.154,52.7,1806.2,83.199
8/12/19 12:02,81.154,52.8,1806.2,83.199
8/12/19 12:02,81.154,52.8,1803.7,83.199
8/12/19 12:03,81.154,52.9,1803.7,83.199
8/12/19 12:03,81.154,52.9,1801.2,83.199
8/12/19 12:03,81.154,52.9,1801.2,83.199
8/12/19 12:03,81.154,52.8,1801.2,83.199
8/12/19 12:03,81.199,52.7,1801.2,83.199
8/12/19 12:03,81.199,52.6,1801.2,83.199
8/12/19 12:03,81.154,52.4,1798.7,83.199
8/12/19 12:03,81.199,52.3,1801.2,83.199
8/12/19 12:03,81.199,52.2,1798.7,83.199
8/12/19 12:03,81.154,52.1,1798.7,83.199
8/12/19 12:03,81.154,52.1,1796.2,83.199
8/12/19 12:03,81.154,51.9,1796.2,83.199
8/12/19 12:03,81.154,51.9,1793.7,83.199
8/12/19 12:03,81.154,51.8,1793.7,83.199
8/12/19 12:03,81.154,51.7,1793.7,83.199
8/12/19 12:03,81.154,51.7,1793.7,83.199
8/12/19 12:03,81.154,51.7,1791.2,83.199
8/12/19 12:03,81.154,51.7,1791.2,83.199
8/12/19 12:03,81.154,51.6,1791.2,83.199
8/12/19 12:03,81.111,51.6,1788.7,83.199
8/12/19 12:03,81.111,51.7,1788.7,83.199
8/12/19 12:03,81.111,51.7,1786.2,83.242
8/12/19 12:03,81.111,51.8,1786.2,83.242
8/12/19 12:03,81.111,51.9,1786.2,83.242
8/12/19 12:03,81.111,52,1786.2,83.242
8/12/19 12:03,81.066,52.1,1783.7,83.242
8/12/19 12:03,81.066,52.1,1781.2,83.242
8/12/19 12:03,81.066,52.2,1781.2,83.242
8/12/19 12:03,81.066,52.2,1781.2,83.242
8/12/19 12:03,81.066,52.2,1781.2,83.242
8/12/19 12:03,81.066,52.2,1778.7,83.242
8/12/19 12:03,81.066,52.1,1776.2,83.242
8/12/19 12:03,81.066,52.1,1781.2,83.242
8/12/19 12:03,81.066,52,1778.7,83.242
8/12/19 12:03,81.023,51.8,1778.7,83.242
8/12/19 12:03,81.023,51.7,1778.7,83.242
8/12/19 12:03,81.023,51.6,1776.2,83.242
8/12/19 12:03,81.023,51.6,1778.7,83.242
8/12/19 12:03,81.023,51.5,1776.2,83.242
8/12/19 12:03,81.023,51.5,1778.7,83.242
8/12/19 12:03,81.023,51.5,1778.7,83.242
8/12/19 12:03,80.978,51.5,1771.2,83.287
8/12/19 12:03,80.978,51.5,1771.2,83.287
8/12/19 12:03,80.978,51.6,1763.7,83.287
8/12/19 12:03,80.978,51.6,1771.2,83.287
8/12/19 12:03,80.978,51.7,1768.7,83.287
8/12/19 12:03,80.935,51.9,1766.2,83.287
8/12/19 12:03,80.935,52,1766.2,83.287
8/12/19 12:03,80.935,52.1,1763.7,83.287
8/12/19 12:03,80.935,52.3,1766.2,83.287
8/12/19 12:03,80.935,52.5,1763.7,83.287
8/12/19 12:03,80.935,52.6,1761.2,83.287
8/12/19 12:03,80.935,52.6,1761.2,83.287
8/12/19 12:03,80.935,52.6,1758.7,83.287
8/12/19 12:03,80.935,52.6,1758.7,83.287
8/12/19 12:03,80.935,52.6,1758.7,83.287
8/12/19 12:03,80.935,52.4,1758.7,83.287
8/12/19 12:03,80.935,52.3,1758.7,83.287
8/12/19 12:03,80.935,52.1,1756.2,83.287
8/12/19 12:03,80.935,52,1756.2,83.287
8/12/19 12:04,80.935,52,1758.7,83.287
8/12/19 12:04,80.935,51.8,1758.7,83.287
8/12/19 12:04,80.89,51.7,1758.7,83.287
8/12/19 12:04,80.89,51.6,1761.2,83.287
8/12/19 12:04,80.89,51.6,1758.7,83.287
8/12/19 12:04,80.89,51.6,1758.7,83.287
8/12/19 12:04,80.89,51.6,1758.7,83.287
8/12/19 12:04,80.89,51.6,1756.2,83.287
8/12/19 12:04,80.89,51.5,1756.2,83.287
8/12/19 12:04,80.845,51.5,1758.7,83.287
8/12/19 12:04,80.845,51.5,1756.2,83.332
8/12/19 12:04,80.845,51.6,1756.2,83.332
8/12/19 12:04,80.845,51.6,1758.7,83.332
8/12/19 12:04,80.845,51.7,1761.2,83.332
8/12/19 12:04,80.802,51.8,1761.2,83.332
8/12/19 12:04,80.802,51.9,1761.2,83.332
8/12/19 12:04,80.802,51.9,1761.2,83.332
8/12/19 12:04,80.802,52,1758.7,83.332
8/12/19 12:04,80.802,52,1761.2,83.332
8/12/19 12:04,80.802,52,1763.7,83.332
8/12/19 12:04,80.802,52,1763.7,83.332
8/12/19 12:04,80.802,51.9,1763.7,83.332
8/12/19 12:04,80.802,51.9,1761.2,83.332
8/12/19 12:04,80.802,51.9,1761.2,83.332
8/12/19 12:04,80.802,51.9,1763.7,83.332
8/12/19 12:04,80.802,52,1768.7,83.332
8/12/19 12:04,80.802,52,1768.7,83.332
8/12/19 12:04,80.802,52.1,1766.2,83.332
8/12/19 12:04,80.802,52.2,1766.2,83.332
8/12/19 12:04,80.802,52.3,1763.7,83.332
8/12/19 12:04,80.802,52.4,1763.7,83.377
8/12/19 12:04,80.802,52.6,1766.2,83.377
8/12/19 12:04,80.802,52.6,1763.7,83.377
8/12/19 12:04,80.802,52.6,1761.2,83.377
8/12/19 12:04,80.802,52.6,1766.2,83.377
8/12/19 12:04,80.802,52.7,1763.7,83.377
8/12/19 12:04,80.802,52.7,1766.2,83.377
8/12/19 12:04,80.802,52.6,1761.2,83.377
8/12/19 12:04,80.802,52.6,1763.7,83.377
8/12/19 12:04,80.845,52.4,1761.2,83.377
8/12/19 12:04,80.845,52.3,1763.7,83.377
8/12/19 12:04,80.845,52.1,1766.2,83.377
8/12/19 12:04,80.845,52,1766.2,83.377
8/12/19 12:04,80.845,51.8,1763.7,83.377
8/12/19 12:04,80.845,51.7,1763.7,83.377
8/12/19 12:04,80.845,51.6,1763.7,83.377
8/12/19 12:04,80.845,51.6,1761.2,83.377
8/12/19 12:04,80.845,51.6,1763.7,83.377
8/12/19 12:04,80.845,51.5,1761.2,83.377
8/12/19 12:04,80.845,51.4,1761.2,83.377
8/12/19 12:04,80.845,51.4,1761.2,83.377
8/12/19 12:04,80.845,51.4,1758.7,83.377
8/12/19 12:04,80.845,51.5,1758.7,83.377
8/12/19 12:04,80.802,51.5,1758.7,83.377
8/12/19 12:04,80.802,51.6,1758.7,83.377
8/12/19 12:04,80.802,51.6,1758.7,83.377
8/12/19 12:04,80.802,51.6,1758.7,83.377
8/12/19 12:04,80.802,51.6,1758.7,83.377
8/12/19 12:04,80.802,51.6,1761.2,83.377
8/12/19 12:04,80.802,51.6,1758.7,83.422
8/12/19 12:05,80.802,51.6,1761.2,83.422
8/12/19 12:05,80.802,51.5,1758.7,83.422
8/12/19 12:05,80.802,51.4,1756.2,83.422
8/12/19 12:05,80.802,51.4,1756.2,83.422
8/12/19 12:05,80.802,51.4,1758.7,83.422
8/12/19 12:05,80.802,51.3,1756.2,83.422
8/12/19 12:05,80.802,51.3,1758.7,83.422
8/12/19 12:05,80.802,51.3,1761.2,83.422
8/12/19 12:05,80.757,51.3,1758.7,83.422
8/12/19 12:05,80.757,51.3,1758.7,83.422
8/12/19 12:05,80.757,51.2,1758.7,83.422
8/12/19 12:05,80.757,51.2,1761.2,83.422
8/12/19 12:05,80.757,51.2,1758.7,83.422
8/12/19 12:05,80.757,51.2,1758.7,83.422
8/12/19 12:05,80.757,51.2,1758.7,83.422
8/12/19 12:05,80.757,51.2,1761.2,83.422
8/12/19 12:05,80.757,51.2,1758.7,83.422
8/12/19 12:05,80.757,51.2,1758.7,83.467
8/12/19 12:05,80.757,51.2,1756.2,83.467
8/12/19 12:05,80.757,51.3,1758.7,83.422
8/12/19 12:05,80.713,51.4,1756.2,83.467
8/12/19 12:05,80.713,51.3,1756.2,83.467
8/12/19 12:05,80.713,51.4,1756.2,83.467
8/12/19 12:05,80.713,51.4,1756.2,83.467
8/12/19 12:05,80.713,51.4,1756.2,83.467
8/12/19 12:05,80.713,51.5,1756.2,83.467
8/12/19 12:05,80.713,51.5,1756.2,83.467
8/12/19 12:05,80.713,51.6,1758.7,83.467
8/12/19 12:05,80.757,51.7,1758.7,83.467
8/12/19 12:05,80.757,51.7,1756.2,83.467
8/12/19 12:05,80.757,51.8,1756.2,83.467
8/12/19 12:05,80.757,51.8,1753.7,83.467
8/12/19 12:05,80.757,51.9,1756.2,83.467
8/12/19 12:05,80.757,52,1756.2,83.467
8/12/19 12:05,80.802,51.9,1753.7,83.467
8/12/19 12:05,80.802,52,1756.2,83.467
8/12/19 12:05,80.802,52,1756.2,83.467
8/12/19 12:05,80.802,52.1,1756.2,83.467
8/12/19 12:05,80.845,52.2,1753.7,83.467
8/12/19 12:05,80.845,52.3,1758.7,83.467
8/12/19 12:05,80.845,52.4,1753.7,83.467
8/12/19 12:05,80.845,52.4,1753.7,83.467
8/12/19 12:05,80.89,52.4,1753.7,83.467
8/12/19 12:05,80.89,52.4,1753.7,83.467
8/12/19 12:05,80.89,52.4,1753.7,83.467
8/12/19 12:05,80.89,52.4,1753.7,83.511
8/12/19 12:05,80.935,52.3,1753.7,83.511
8/12/19 12:05,80.935,52.3,1753.7,83.511
8/12/19 12:05,80.935,52.3,1753.7,83.511
8/12/19 12:05,80.935,52.3,1753.7,83.511
8/12/19 12:05,80.978,52.3,1753.7,83.511
8/12/19 12:05,80.978,52.3,1751.2,83.511
8/12/19 12:05,80.978,52.4,1753.7,83.511
8/12/19 12:05,80.978,52.4,1751.2,83.511
8/12/19 12:05,80.978,52.4,1746.2,83.511
8/12/19 12:05,81.023,52.3,1751.2,83.511
8/12/19 12:05,81.023,52.3,1753.7,83.511
8/12/19 12:05,81.023,52.3,1751.2,83.511
8/12/19 12:05,81.023,52.4,1751.2,83.511
8/12/19 12:05,81.023,52.4,1751.2,83.556
8/12/19 12:06,81.023,52.4,1753.7,83.511
8/12/19 12:06,81.066,52.5,1748.7,83.511
8/12/19 12:06,81.066,52.4,1753.7,83.556
8/12/19 12:06,81.066,52.3,1748.7,83.511
8/12/19 12:06,81.066,52.2,1751.2,83.556
8/12/19 12:06,81.066,52.1,1748.7,83.556
8/12/19 12:06,81.111,52.1,1751.2,83.556
8/12/19 12:06,81.111,51.9,1753.7,83.556
8/12/19 12:06,81.111,52,1751.2,83.556
8/12/19 12:06,81.111,51.8,1751.2,83.556
8/12/19 12:06,81.111,51.7,1751.2,83.556
8/12/19 12:06,81.111,51.7,1751.2,83.556
8/12/19 12:06,81.111,51.6,1746.2,83.556
8/12/19 12:06,81.111,51.6,1751.2,83.556
8/12/19 12:06,81.111,51.6,1751.2,83.556
8/12/19 12:06,81.154,51.6,1751.2,83.556
8/12/19 12:06,81.154,51.6,1748.7,83.556
8/12/19 12:06,81.154,51.7,1748.7,83.556
8/12/19 12:06,81.154,51.8,1748.7,83.556
8/12/19 12:06,81.154,51.9,1746.2,83.556
8/12/19 12:06,81.154,51.9,1748.7,83.556
8/12/19 12:06,81.154,52,1743.7,83.556
8/12/19 12:06,81.154,52,1748.7,83.601
8/12/19 12:06,81.154,52.1,1743.7,83.556
8/12/19 12:06,81.154,52.1,1743.7,83.601
8/12/19 12:06,81.154,52,1743.7,83.601
8/12/19 12:06,81.154,52.1,1748.7,83.601
8/12/19 12:06,81.199,52.1,1748.7,83.601
8/12/19 12:06,81.199,52.2,1741.2,83.601
8/12/19 12:06,81.199,52.2,1748.7,83.601
8/12/19 12:06,81.199,52.2,1746.2,83.601
8/12/19 12:06,81.199,52.1,1746.2,83.601
8/12/19 12:06,81.199,52.1,1743.7,83.601
8/12/19 12:06,81.244,52.1,1743.7,83.601
8/12/19 12:06,81.244,52,1748.7,83.601
8/12/19 12:06,81.244,52,1741.2,83.601
8/12/19 12:06,81.244,51.9,1741.2,83.601
8/12/19 12:06,81.244,51.9,1738.7,83.601
8/12/19 12:06,81.244,51.9,1741.2,83.646
8/12/19 12:06,81.244,51.9,1741.2,83.601
8/12/19 12:06,81.244,51.9,1743.7,83.601
8/12/19 12:06,81.288,51.8,1748.7,83.601
8/12/19 12:06,81.288,51.8,1741.2,83.646
8/12/19 12:06,81.288,51.7,1743.7,83.646
8/12/19 12:06,81.288,51.7,1741.2,83.646
8/12/19 12:06,81.288,51.6,1736.2,83.646
8/12/19 12:06,81.288,51.5,1748.7,83.646
8/12/19 12:06,81.288,51.5,1733.7,83.646
8/12/19 12:06,81.288,51.4,1741.2,83.646
8/12/19 12:06,81.288,51.4,1736.2,83.646
8/12/19 12:06,81.333,51.4,1736.2,83.646
8/12/19 12:06,81.288,51.5,1741.2,83.646
8/12/19 12:06,81.333,51.5,1738.7,83.646
8/12/19 12:06,81.333,51.7,1741.2,83.646
8/12/19 12:06,81.333,51.8,1738.7,83.646
8/12/19 12:06,81.333,52,1741.2,83.646
8/12/19 12:06,81.333,52,1741.2,83.646
8/12/19 12:06,81.333,52.2,1741.2,83.646
8/12/19 12:06,81.333,52.3,1741.2,83.646
8/12/19 12:06,81.333,52.4,1741.2,83.646
8/12/19 12:07,81.333,52.5,1741.2,83.646
8/12/19 12:07,81.376,52.6,1741.2,83.691
8/12/19 12:07,81.376,52.6,1743.7,83.646
8/12/19 12:07,81.376,52.7,1741.2,83.691
8/12/19 12:07,81.376,52.7,1743.7,83.691
8/12/19 12:07,81.376,52.7,1741.2,83.691
8/12/19 12:07,81.421,52.7,1746.2,83.691
8/12/19 12:07,81.421,52.6,1741.2,83.691
8/12/19 12:07,81.421,52.5,1743.7,83.691
8/12/19 12:07,81.421,52.4,1743.7,83.691
8/12/19 12:07,81.421,52.3,1741.2,83.691
8/12/19 12:07,81.421,52.2,1746.2,83.691
8/12/19 12:07,81.466,52,1743.7,83.691
8/12/19 12:07,81.466,52.1,1748.7,83.691
8/12/19 12:07,81.466,52,1741.2,83.691
8/12/19 12:07,81.466,52.1,1746.2,83.691
8/12/19 12:07,81.466,52.1,1748.7,83.691
8/12/19 12:07,81.509,52,1746.2,83.691
8/12/19 12:07,81.509,52.1,1748.7,83.691
8/12/19 12:07,81.509,52.1,1748.7,83.736
8/12/19 12:07,81.509,52.1,1748.7,83.691
8/12/19 12:07,81.509,52.2,1746.2,83.691
8/12/19 12:07,81.509,52.1,1748.7,83.736
8/12/19 12:07,81.509,52.1,1746.2,83.736
8/12/19 12:07,81.554,52.1,1748.7,83.736
8/12/19 12:07,81.554,52,1746.2,83.736
8/12/19 12:07,81.554,52,1743.7,83.736
8/12/19 12:07,81.554,52,1748.7,83.736
8/12/19 12:07,81.554,52.1,1748.7,83.736
8/12/19 12:07,81.554,52.1,1751.2,83.736
8/12/19 12:07,81.554,52,1748.7,83.736
8/12/19 12:07,81.554,51.9,1746.2,83.736
8/12/19 12:07,81.554,51.9,1746.2,83.736
8/12/19 12:07,81.554,51.9,1743.7,83.736
8/12/19 12:07,81.554,51.8,1748.7,83.736
8/12/19 12:07,81.597,51.8,1746.2,83.736
8/12/19 12:07,81.554,51.8,1746.2,83.736
8/12/19 12:07,81.597,51.8,1743.7,83.736
8/12/19 12:07,81.597,51.8,1743.7,83.736
8/12/19 12:07,81.597,51.9,1746.2,83.736
8/12/19 12:07,81.597,51.9,1743.7,83.736
8/12/19 12:07,81.597,51.9,1743.7,83.779
8/12/19 12:07,81.597,51.9,1746.2,83.736
8/12/19 12:07,81.597,51.9,1741.2,83.779
8/12/19 12:07,81.597,51.9,1743.7,83.779
8/12/19 12:07,81.597,51.9,1741.2,83.779
8/12/19 12:07,81.642,52,1746.2,83.779
8/12/19 12:07,81.642,52,1743.7,83.779
8/12/19 12:07,81.642,52,1743.7,83.779
8/12/19 12:07,81.642,52.1,1738.7,83.779
8/12/19 12:07,81.642,52.1,1741.2,83.779
8/12/19 12:07,81.642,52,1741.2,83.779
8/12/19 12:07,81.642,52.1,1738.7,83.779
8/12/19 12:07,81.687,52.2,1741.2,83.779
8/12/19 12:07,81.687,52.2,1741.2,83.779
8/12/19 12:07,81.687,52.2,1738.7,83.779
8/12/19 12:07,81.687,52.2,1741.2,83.779
8/12/19 12:07,81.687,52.2,1736.2,83.779
8/12/19 12:07,81.73,52.2,1741.2,83.779
8/12/19 12:07,81.73,52.1,1741.2,83.824
8/12/19 12:08,81.73,52.1,1741.2,83.824
8/12/19 12:08,81.73,52.1,1746.2,83.824
8/12/19 12:08,81.73,52.2,1741.2,83.824
8/12/19 12:08,81.775,52.2,1743.7,83.824
8/12/19 12:08,81.775,52.2,1741.2,83.824
8/12/19 12:08,81.775,52.1,1741.2,83.824
8/12/19 12:08,81.775,52.1,1741.2,83.824
8/12/19 12:08,81.775,52.1,1736.2,83.824
8/12/19 12:08,81.775,52,1733.7,83.824
8/12/19 12:08,81.819,52.1,1736.2,83.824
8/12/19 12:08,81.819,52.1,1733.7,83.824
8/12/19 12:08,81.819,52.1,1736.2,83.824
8/12/19 12:08,81.819,52.1,1736.2,83.824
8/12/19 12:08,81.819,52.1,1731.2,83.824
8/12/19 12:08,81.864,52.1,1738.7,83.824
8/12/19 12:08,81.864,52.1,1738.7,83.824
8/12/19 12:08,81.864,52.1,1736.2,83.824
8/12/19 12:08,81.864,52,1738.7,83.824
8/12/19 12:08,81.909,52,1733.7,83.824
8/12/19 12:08,81.909,52.1,1733.7,83.824
8/12/19 12:08,81.909,52.1,1741.2,83.824
8/12/19 12:08,81.909,52.1,1741.2,83.824
8/12/19 12:08,81.909,52.2,1748.7,83.824
8/12/19 12:08,81.952,52.2,1741.2,83.824
8/12/19 12:08,81.952,52.3,1743.7,83.869
8/12/19 12:08,81.952,52.3,1743.7,83.869
8/12/19 12:08,81.997,52.4,1743.7,83.869
8/12/19 12:08,81.997,52.4,1743.7,83.869
8/12/19 12:08,81.997,52.4,1748.7,83.869
8/12/19 12:08,81.997,52.5,1743.7,83.869
8/12/19 12:08,82.042,52.5,1743.7,83.869
8/12/19 12:08,82.042,52.5,1743.7,83.869
8/12/19 12:08,82.042,52.6,1743.7,83.869
8/12/19 12:08,82.042,52.6,1743.7,83.869
8/12/19 12:08,82.085,52.7,1743.7,83.869
8/12/19 12:08,82.085,52.7,1743.7,83.869
8/12/19 12:08,82.085,52.7,1743.7,83.914
8/12/19 12:08,82.13,52.8,1743.7,83.869
8/12/19 12:08,82.13,52.7,1743.7,83.914
8/12/19 12:08,82.13,52.6,1741.2,83.914
8/12/19 12:08,82.175,52.5,1741.2,83.914
8/12/19 12:08,82.175,52.3,1743.7,83.914
8/12/19 12:08,82.175,52.2,1743.7,83.914
8/12/19 12:08,82.218,52.2,1746.2,83.914
8/12/19 12:08,82.218,52.2,1743.7,83.914
8/12/19 12:08,82.218,52.2,1748.7,83.914
8/12/19 12:08,82.263,52.2,1751.2,83.914
8/12/19 12:08,82.263,52.2,1748.7,83.914
8/12/19 12:08,82.263,52.2,1751.2,83.914
8/12/19 12:08,82.263,52.2,1746.2,83.914
8/12/19 12:08,82.263,52.3,1748.7,83.914
8/12/19 12:08,82.308,52.3,1748.7,83.914
8/12/19 12:08,82.308,52.3,1743.7,83.914
8/12/19 12:08,82.308,52.4,1743.7,83.914
8/12/19 12:08,82.308,52.4,1743.7,83.914
8/12/19 12:08,82.353,52.4,1741.2,83.959
8/12/19 12:08,82.353,52.5,1741.2,83.959
8/12/19 12:08,82.353,52.6,1741.2,83.959
8/12/19 12:08,82.396,52.7,1741.2,83.959
8/12/19 12:08,82.396,52.7,1738.7,83.959
8/12/19 12:09,82.396,52.6,1741.2,83.959
8/12/19 12:09,82.396,52.5,1743.7,83.959
8/12/19 12:09,82.441,52.4,1741.2,83.959
8/12/19 12:09,82.441,52.2,1738.7,83.959
8/12/19 12:09,82.441,52.1,1741.2,83.959
8/12/19 12:09,82.486,52,1738.7,83.959
8/12/19 12:09,82.486,52,1741.2,83.959
8/12/19 12:09,82.486,51.9,1741.2,83.959
8/12/19 12:09,82.486,51.9,1741.2,83.959
8/12/19 12:09,82.486,51.9,1741.2,83.959
8/12/19 12:09,82.53,51.9,1738.7,83.959
8/12/19 12:09,82.53,52,1743.7,83.959
8/12/19 12:09,82.53,52,1741.2,84.004
8/12/19 12:09,82.53,52,1738.7,84.004
8/12/19 12:09,82.53,52,1743.7,84.004
8/12/19 12:09,82.575,52,1743.7,84.004
8/12/19 12:09,82.575,52,1743.7,84.004
8/12/19 12:09,82.575,52,1743.7,84.004
8/12/19 12:09,82.575,52.1,1743.7,84.004
8/12/19 12:09,82.575,52.1,1743.7,84.004
8/12/19 12:09,82.575,52.1,1748.7,84.004
8/12/19 12:09,82.62,52.1,1743.7,84.004
8/12/19 12:09,82.62,52.1,1746.2,84.004
8/12/19 12:09,82.62,52.1,1748.7,84.004
8/12/19 12:09,82.62,52,1746.2,84.004
8/12/19 12:09,82.665,51.9,1748.7,84.004
8/12/19 12:09,82.665,51.6,1746.2,84.004
8/12/19 12:09,82.665,51.5,1743.7,84.004
8/12/19 12:09,82.665,51.2,1743.7,84.004
8/12/19 12:09,82.665,51.2,1746.2,84.004
8/12/19 12:09,82.665,51.1,1748.7,84.004
8/12/19 12:09,82.708,50.9,1748.7,84.004
8/12/19 12:09,82.708,50.9,1748.7,84.004
8/12/19 12:09,82.708,50.9,1751.2,84.049
8/12/19 12:09,82.708,50.8,1751.2,84.049
8/12/19 12:09,82.708,50.7,1751.2,84.049
8/12/19 12:09,82.708,50.7,1751.2,84.049
8/12/19 12:09,82.708,50.7,1753.7,84.049
8/12/19 12:09,82.708,50.7,1753.7,84.049
8/12/19 12:09,82.708,50.6,1756.2,84.049
8/12/19 12:09,82.708,50.6,1756.2,84.049
8/12/19 12:09,82.708,50.6,1753.7,84.049
8/12/19 12:09,82.708,50.6,1713.7,84.049
8/12/19 12:09,82.708,50.6,848.7,84.049
8/12/19 12:09,82.708,50.6,1506.2,84.049
8/12/19 12:09,82.708,50.7,1263.7,84.049
8/12/19 12:09,82.708,50.7,1316.2,84.049
8/12/19 12:09,82.708,50.7,1388.7,84.049
8/12/19 12:09,82.708,50.8,1451.2,84.094
8/12/19 12:09,82.708,50.8,896.2,84.049
8/12/19 12:09,82.708,50.8,1756.2,84.049
8/12/19 12:09,82.708,50.8,1753.7,84.094
8/12/19 12:09,82.708,50.8,1756.2,84.094
8/12/19 12:09,82.708,50.8,1753.7,84.094
8/12/19 12:09,82.708,50.8,1756.2,84.094
8/12/19 12:09,82.753,50.8,1756.2,84.094
8/12/19 12:09,82.708,50.8,1753.7,84.094
8/12/19 12:09,82.753,50.8,1753.7,84.094
8/12/19 12:09,82.753,50.8,1756.2,84.094
8/12/19 12:09,82.753,50.8,1756.2,84.094
8/12/19 12:10,82.753,50.9,1756.2,84.094
8/12/19 12:10,82.753,50.9,1756.2,84.094
8/12/19 12:10,82.753,50.9,1756.2,84.094
8/12/19 12:10,82.753,50.8,1756.2,84.094
8/12/19 12:10,82.798,50.9,1756.2,84.094
8/12/19 12:10,82.798,50.9,1756.2,84.094
8/12/19 12:10,82.798,50.9,1758.7,84.094
8/12/19 12:10,82.798,50.8,1758.7,84.094
8/12/19 12:10,82.798,50.8,1758.7,84.094
8/12/19 12:10,82.798,50.9,1756.2,84.094
8/12/19 12:10,82.841,50.9,1756.2,84.094
8/12/19 12:10,82.841,50.9,1758.7,84.137
8/12/19 12:10,82.841,50.9,1756.2,84.094
8/12/19 12:10,82.841,50.8,1758.7,84.137
8/12/19 12:10,82.841,50.8,1758.7,84.137
8/12/19 12:10,82.841,50.7,1761.2,84.137
8/12/19 12:10,82.886,50.7,1758.7,84.137
8/12/19 12:10,82.886,50.7,1758.7,84.137
8/12/19 12:10,82.886,50.6,1758.7,84.137
8/12/19 12:10,82.886,50.6,1758.7,84.137
8/12/19 12:10,82.886,50.4,1761.2,84.137
8/12/19 12:10,82.886,50.3,1756.2,84.137
8/12/19 12:10,82.886,50.2,1756.2,84.137
8/12/19 12:10,82.886,50.2,1758.7,84.137
8/12/19 12:10,82.886,50.1,1758.7,84.137
8/12/19 12:10,82.886,50.1,1761.2,84.137
8/12/19 12:10,82.886,50,1758.7,84.137
8/12/19 12:10,82.886,50.1,1763.7,84.137
8/12/19 12:10,82.886,50.2,1761.2,84.137
8/12/19 12:10,82.886,50.2,1761.2,84.137
8/12/19 12:10,82.886,50.3,1758.7,84.182
8/12/19 12:10,82.886,50.5,1758.7,84.182
8/12/19 12:10,82.886,50.6,1758.7,84.182
8/12/19 12:10,82.886,50.8,1758.7,84.182
8/12/19 12:10,82.886,50.9,1758.7,84.182
8/12/19 12:10,82.886,50.9,1758.7,84.182
8/12/19 12:10,82.886,51,1758.7,84.182
8/12/19 12:10,82.886,51,1758.7,84.182
8/12/19 12:10,82.886,50.9,1758.7,84.182
8/12/19 12:10,82.886,50.9,1758.7,84.182
8/12/19 12:10,82.931,50.8,1758.7,84.182
8/12/19 12:10,82.931,50.7,1758.7,84.182
8/12/19 12:10,82.931,50.6,1758.7,84.182
8/12/19 12:10,82.931,50.5,1758.7,84.182
8/12/19 12:10,82.931,50.4,1758.7,84.182
8/12/19 12:10,82.931,50.4,1758.7,84.182
8/12/19 12:10,82.886,50.4,1758.7,84.182
8/12/19 12:10,82.931,50.4,1756.2,84.182
8/12/19 12:10,82.886,50.4,1758.7,84.182
8/12/19 12:10,82.931,50.4,1758.7,84.182
8/12/19 12:10,82.886,50.3,1758.7,84.182
8/12/19 12:10,82.886,50.2,1758.7,84.182
8/12/19 12:10,82.886,50.2,1756.2,84.182
8/12/19 12:10,82.886,50.1,1758.7,84.227
8/12/19 12:10,82.886,50,1758.7,84.182
8/12/19 12:10,82.886,50,1758.7,84.227
8/12/19 12:10,82.886,49.9,1756.2,84.227
8/12/19 12:10,82.886,49.9,1758.7,84.227
8/12/19 12:10,82.886,49.9,1758.7,84.227
8/12/19 12:10,82.886,49.9,1758.7,84.227
8/12/19 12:11,82.886,49.9,1756.2,84.227
8/12/19 12:11,82.886,49.9,1758.7,84.227
8/12/19 12:11,82.886,49.9,1758.7,84.227
8/12/19 12:11,82.886,49.7,1756.2,84.227
8/12/19 12:11,82.841,49.7,1758.7,84.227
8/12/19 12:11,82.841,49.6,1758.7,84.227
8/12/19 12:11,82.841,49.5,1758.7,84.227
8/12/19 12:11,82.841,49.6,1758.7,84.227
8/12/19 12:11,82.841,49.5,1756.2,84.227
8/12/19 12:11,82.841,49.4,1758.7,84.227
8/12/19 12:11,82.841,49.4,1758.7,84.227
8/12/19 12:11,82.841,49.4,1756.2,84.227
8/12/19 12:11,82.841,49.3,1756.2,84.227
8/12/19 12:11,82.798,49.3,1758.7,84.272
8/12/19 12:11,82.798,49.3,1758.7,84.227
8/12/19 12:11,82.798,49.2,1756.2,84.272
8/12/19 12:11,82.798,49.1,1756.2,84.272
8/12/19 12:11,82.798,49.1,1756.2,84.272
8/12/19 12:11,82.798,48.9,1758.7,84.272
8/12/19 12:11,82.798,49,1756.2,84.272
8/12/19 12:11,82.753,48.9,1758.7,84.272
8/12/19 12:11,82.753,48.8,1758.7,84.272
8/12/19 12:11,82.753,48.8,1758.7,84.272
8/12/19 12:11,82.753,48.9,1758.7,84.272
8/12/19 12:11,82.753,48.8,1761.2,84.272
8/12/19 12:11,82.753,48.9,1756.2,84.272
8/12/19 12:11,82.708,48.9,1756.2,84.272
8/12/19 12:11,82.708,48.9,1758.7,84.272
8/12/19 12:11,82.708,48.9,1756.2,84.272
8/12/19 12:11,82.708,49,1758.7,84.272
8/12/19 12:11,82.708,49,1751.2,84.272
8/12/19 12:11,82.708,49.1,1756.2,84.272
8/12/19 12:11,82.665,49.2,1758.7,84.272
8/12/19 12:11,82.665,49.2,1753.7,84.272
8/12/19 12:11,82.665,49.3,1756.2,84.317
8/12/19 12:11,82.665,49.4,1763.7,84.272
8/12/19 12:11,82.665,49.5,1756.2,84.317
8/12/19 12:11,82.665,49.5,1753.7,84.317
8/12/19 12:11,82.665,49.8,1756.2,84.317
8/12/19 12:11,82.665,49.9,1758.7,84.317
8/12/19 12:11,82.665,50,1756.2,84.317
8/12/19 12:11,82.665,50,1756.2,84.317
8/12/19 12:11,82.665,50,1756.2,84.317
8/12/19 12:11,82.665,50,1753.7,84.317
8/12/19 12:11,82.665,50,1756.2,84.317
8/12/19 12:11,82.665,49.9,1756.2,84.317
8/12/19 12:11,82.665,49.9,1756.2,84.317
8/12/19 12:11,82.665,49.9,1756.2,84.317
8/12/19 12:11,82.665,49.9,1753.7,84.317
8/12/19 12:11,82.665,49.9,1756.2,84.317
8/12/19 12:11,82.708,49.9,1756.2,84.317
8/12/19 12:11,82.665,49.9,1756.2,84.317
8/12/19 12:11,82.708,49.8,1756.2,84.317
8/12/19 12:11,82.665,49.7,1753.7,84.317
8/12/19 12:11,82.665,49.5,1756.2,84.362
8/12/19 12:11,82.665,49.5,1756.2,84.317
8/12/19 12:11,82.665,49.4,1753.7,84.362
8/12/19 12:11,82.665,49.3,1753.7,84.362
8/12/19 12:11,82.665,49.2,1753.7,84.362
8/12/19 12:11,82.665,49.1,1753.7,84.362
8/12/19 12:12,82.665,49,1751.2,84.362
8/12/19 12:12,82.665,48.9,1751.2,84.362
8/12/19 12:12,82.62,48.8,1751.2,84.362
8/12/19 12:12,82.62,48.8,1751.2,84.362
8/12/19 12:12,82.62,48.8,1751.2,84.362
8/12/19 12:12,82.575,48.8,1751.2,84.362
8/12/19 12:12,82.575,48.8,1753.7,84.362
8/12/19 12:12,82.575,48.9,1751.2,84.362
8/12/19 12:12,82.53,49,1748.7,84.362
8/12/19 12:12,82.53,49.1,1748.7,84.362
8/12/19 12:12,82.53,49.2,1746.2,84.362
8/12/19 12:12,82.486,49.3,1751.2,84.362
8/12/19 12:12,82.486,49.4,1751.2,84.362
8/12/19 12:12,82.486,49.5,1751.2,84.362
8/12/19 12:12,82.441,49.4,1751.2,84.362
8/12/19 12:12,82.441,49.5,1751.2,84.362
8/12/19 12:12,82.441,49.5,1751.2,84.362
8/12/19 12:12,82.396,49.5,1753.7,84.362
8/12/19 12:12,82.396,49.6,1751.2,84.407
8/12/19 12:12,82.396,49.6,1748.7,84.407
8/12/19 12:12,82.353,49.8,1753.7,84.407
8/12/19 12:12,82.353,49.9,1748.7,84.407
8/12/19 12:12,82.353,50,1751.2,84.407
8/12/19 12:12,82.353,50.1,1753.7,84.407
8/12/19 12:12,82.308,50.1,1751.2,84.407
8/12/19 12:12,82.308,50.3,1751.2,84.407
8/12/19 12:12,82.308,50.4,1753.7,84.407
8/12/19 12:12,82.308,50.5,1751.2,84.407
8/12/19 12:12,82.308,50.6,1751.2,84.407
8/12/19 12:12,82.308,50.7,1751.2,84.407
8/12/19 12:12,82.308,50.7,1753.7,84.407
8/12/19 12:12,82.263,50.6,1756.2,84.407
8/12/19 12:12,82.263,50.6,1756.2,84.407
8/12/19 12:12,82.263,50.6,1756.2,84.407
8/12/19 12:12,82.263,50.6,1756.2,84.407
8/12/19 12:12,82.263,50.5,1758.7,84.407
8/12/19 12:12,82.263,50.4,1756.2,84.407
8/12/19 12:12,82.263,50.3,1758.7,84.407
8/12/19 12:12,82.263,50.2,1758.7,84.407
8/12/19 12:12,82.263,50.1,1758.7,84.407
8/12/19 12:12,82.263,50.1,1758.7,84.407
8/12/19 12:12,82.263,50.1,1761.2,84.452
8/12/19 12:12,82.218,50,1763.7,84.452
8/12/19 12:12,82.218,50,1758.7,84.452
8/12/19 12:12,82.218,50,1761.2,84.452
8/12/19 12:12,82.218,50,1761.2,84.452
8/12/19 12:12,82.218,50,1761.2,84.452
8/12/19 12:12,82.218,50,1761.2,84.452
8/12/19 12:12,82.218,50,1761.2,84.452
8/12/19 12:12,82.175,50,1763.7,84.452
8/12/19 12:12,82.175,49.9,1761.2,84.452
8/12/19 12:12,82.175,49.8,1763.7,84.452
8/12/19 12:12,82.175,49.8,1761.2,84.452
8/12/19 12:12,82.175,49.7,1761.2,84.452
8/12/19 12:12,82.175,49.7,1758.7,84.452
8/12/19 12:12,82.13,49.6,1761.2,84.452
8/12/19 12:12,82.13,49.6,1761.2,84.452
8/12/19 12:12,82.13,49.6,1761.2,84.452
8/12/19 12:12,82.13,49.6,1758.7,84.452
8/12/19 12:12,82.13,49.7,1758.7,84.452
8/12/19 12:13,82.085,49.8,1758.7,84.452
8/12/19 12:13,82.085,49.9,1758.7,84.452
8/12/19 12:13,82.085,49.9,1761.2,84.452
8/12/19 12:13,82.085,49.9,1758.7,84.452
8/12/19 12:13,82.085,49.9,1761.2,84.452
8/12/19 12:13,82.042,49.9,1758.7,84.452
8/12/19 12:13,82.042,49.9,1758.7,84.497
8/12/19 12:13,82.042,49.9,1758.7,84.497
8/12/19 12:13,82.042,49.9,1758.7,84.452
8/12/19 12:13,82.042,50,1761.2,84.497
8/12/19 12:13,82.042,50,1758.7,84.452
8/12/19 12:13,81.997,50.2,1761.2,84.497
8/12/19 12:13,81.997,50.2,1761.2,84.497
8/12/19 12:13,81.997,50.3,1756.2,84.497
8/12/19 12:13,81.997,50.4,1756.2,84.497
8/12/19 12:13,81.997,50.5,1758.7,84.497
8/12/19 12:13,81.997,50.6,1756.2,84.497
8/12/19 12:13,81.997,50.7,1756.2,84.497
8/12/19 12:13,81.997,50.8,1756.2,84.497
8/12/19 12:13,81.997,50.8,1761.2,84.497
8/12/19 12:13,81.997,50.7,1758.7,84.497
8/12/19 12:13,81.997,50.7,1756.2,84.497
8/12/19 12:13,81.997,50.7,1756.2,84.497
8/12/19 12:13,81.997,50.8,1758.7,84.497
8/12/19 12:13,81.997,50.8,1761.2,84.497
8/12/19 12:13,81.997,50.8,1758.7,84.497
8/12/19 12:13,81.997,50.8,1758.7,84.497
8/12/19 12:13,81.997,50.7,1758.7,84.497
8/12/19 12:13,81.997,50.8,1758.7,84.497
8/12/19 12:13,81.997,50.7,1761.2,84.497
8/12/19 12:13,81.997,50.6,1758.7,84.497
8/12/19 12:13,81.997,50.5,1758.7,84.497
8/12/19 12:13,81.997,50.5,1761.2,84.542
8/12/19 12:13,81.997,50.5,1761.2,84.542
8/12/19 12:13,81.997,50.4,1763.7,84.542
8/12/19 12:13,81.997,50.5,1758.7,84.542
8/12/19 12:13,81.997,50.5,1761.2,84.542
8/12/19 12:13,81.997,50.6,1761.2,84.542
8/12/19 12:13,81.997,50.6,1761.2,84.542
8/12/19 12:13,81.997,50.7,1761.2,84.542
8/12/19 12:13,81.997,50.7,1761.2,84.542
8/12/19 12:13,81.997,50.7,1761.2,84.542
8/12/19 12:13,81.997,50.8,1761.2,84.542
8/12/19 12:13,81.997,50.8,1761.2,84.542
8/12/19 12:13,81.997,50.8,1761.2,84.542
8/12/19 12:13,81.997,50.8,1761.2,84.542
8/12/19 12:13,81.997,50.9,1761.2,84.542
8/12/19 12:13,81.997,51,1758.7,84.542
8/12/19 12:13,81.952,51.1,1761.2,84.542
8/12/19 12:13,81.997,51,1761.2,84.542
8/12/19 12:13,81.997,51,1758.7,84.542
8/12/19 12:13,81.952,50.9,1763.7,84.542
8/12/19 12:13,81.952,50.8,1761.2,84.542
8/12/19 12:13,81.952,50.8,1761.2,84.542
8/12/19 12:13,81.952,50.8,1761.2,84.542
8/12/19 12:13,81.952,50.8,1761.2,84.542
8/12/19 12:13,81.952,50.8,1761.2,84.542
8/12/19 12:13,81.952,50.8,1758.7,84.587
8/12/19 12:13,81.952,50.9,1761.2,84.542
8/12/19 12:13,81.952,51,1761.2,84.542
8/12/19 12:14,81.952,51.1,1761.2,84.587
8/12/19 12:14,81.952,51.2,1763.7,84.587
8/12/19 12:14,81.952,51.3,1763.7,84.587
8/12/19 12:14,81.952,51.3,1761.2,84.587
8/12/19 12:14,81.997,51.3,1763.7,84.587
8/12/19 12:14,81.952,51.2,1761.2,84.587
8/12/19 12:14,81.997,51.1,1763.7,84.587
8/12/19 12:14,81.997,51,1766.2,84.587
8/12/19 12:14,81.997,51,1766.2,84.587
8/12/19 12:14,81.997,50.9,1763.7,84.587
8/12/19 12:14,81.997,50.9,1763.7,84.587
8/12/19 12:14,81.997,50.9,1766.2,84.587
8/12/19 12:14,81.997,50.9,1766.2,84.587
8/12/19 12:14,81.997,50.9,1771.2,84.587
8/12/19 12:14,81.997,50.9,1768.7,84.587
8/12/19 12:14,81.997,50.8,1766.2,84.587
8/12/19 12:14,81.997,50.8,1766.2,84.587
8/12/19 12:14,81.997,50.7,1766.2,84.587
8/12/19 12:14,81.997,50.7,1766.2,84.587
8/12/19 12:14,81.997,50.6,1766.2,84.632
8/12/19 12:14,81.997,50.6,1766.2,84.587
8/12/19 12:14,81.997,50.5,1766.2,84.632
8/12/19 12:14,81.997,50.4,1763.7,84.632
8/12/19 12:14,81.997,50.3,1768.7,84.632
8/12/19 12:14,81.997,50.3,1768.7,84.632
8/12/19 12:14,81.997,50.4,1768.7,84.632
8/12/19 12:14,81.997,50.4,1766.2,84.632
8/12/19 12:14,81.997,50.4,1768.7,84.632
8/12/19 12:14,81.997,50.5,1766.2,84.632
8/12/19 12:14,81.997,50.6,1766.2,84.632
8/12/19 12:14,81.997,50.6,1766.2,84.632
8/12/19 12:14,81.997,50.7,1766.2,84.632
8/12/19 12:14,81.997,50.8,1763.7,84.632
8/12/19 12:14,81.997,50.8,1763.7,84.632
8/12/19 12:14,81.997,50.8,1768.7,84.632
8/12/19 12:14,81.997,51,1768.7,84.632
8/12/19 12:14,81.997,51.1,1768.7,84.632
8/12/19 12:14,81.997,51.2,1768.7,84.632
8/12/19 12:14,82.042,51.3,1766.2,84.632
8/12/19 12:14,82.042,51.4,1768.7,84.632
8/12/19 12:14,82.042,51.4,1771.2,84.632
8/12/19 12:14,82.042,51.4,1768.7,84.677
8/12/19 12:14,82.042,51.4,1768.7,84.632
8/12/19 12:14,82.042,51.4,1771.2,84.677
8/12/19 12:14,82.042,51.4,1771.2,84.632
8/12/19 12:14,82.042,51.4,1771.2,84.677
8/12/19 12:14,82.085,51.4,1768.7,84.677
8/12/19 12:14,82.085,51.4,1771.2,84.677
8/12/19 12:14,82.085,51.4,1771.2,84.677
8/12/19 12:14,82.085,51.5,1771.2,84.677
8/12/19 12:14,82.085,51.5,1768.7,84.677
8/12/19 12:14,82.085,51.5,1768.7,84.677
8/12/19 12:14,82.13,51.5,1771.2,84.677
8/12/19 12:14,82.13,51.6,1771.2,84.677
8/12/19 12:14,82.13,51.6,1771.2,84.677
8/12/19 12:14,82.13,51.6,1771.2,84.677
8/12/19 12:14,82.13,51.5,1771.2,84.677
8/12/19 12:14,82.13,51.5,1771.2,84.677
8/12/19 12:14,82.175,51.6,1773.7,84.677
8/12/19 12:14,82.175,51.7,1771.2,84.677
8/12/19 12:15,82.175,51.8,1768.7,84.677
8/12/19 12:15,82.175,51.9,1771.2,84.677
8/12/19 12:15,82.218,51.9,1768.7,84.722
8/12/19 12:15,82.218,51.9,1771.2,84.677
8/12/19 12:15,82.218,52,1771.2,84.722
8/12/19 12:15,82.218,52,1771.2,84.722
8/12/19 12:15,82.218,52,1771.2,84.722
8/12/19 12:15,82.263,52.1,1771.2,84.722
8/12/19 12:15,82.263,52.1,1771.2,84.722
8/12/19 12:15,82.263,52.1,1771.2,84.722
8/12/19 12:15,82.263,52.1,1766.2,84.722
8/12/19 12:15,82.308,52.1,908.7,84.722
8/12/19 12:15,82.308,52.1,1711.2,84.722
8/12/19 12:15,82.308,52.1,1693.7,84.722
8/12/19 12:15,82.308,52.2,1771.2,84.722
8/12/19 12:15,82.353,52.2,1771.2,84.722
8/12/19 12:15,82.308,52.4,1773.7,84.722
8/12/19 12:15,82.353,52.2,1773.7,84.722
8/12/19 12:15,82.353,52.2,1766.2,84.722
8/12/19 12:15,82.353,52.2,1761.2,84.722
8/12/19 12:15,82.353,52,1763.7,84.722
8/12/19 12:15,82.353,51.8,1766.2,84.722
8/12/19 12:15,82.353,51.5,1768.7,84.767
8/12/19 12:15,82.396,51.4,1768.7,84.767
8/12/19 12:15,82.396,51.3,1768.7,84.767
8/12/19 12:15,82.396,51.3,1776.2,84.767
8/12/19 12:15,82.396,51.2,1771.2,84.767
8/12/19 12:15,82.396,51.2,1773.7,84.767
8/12/19 12:15,82.396,51.2,1776.2,84.767
8/12/19 12:15,82.396,51.2,1768.7,84.767
8/12/19 12:15,82.396,51.2,1768.7,84.767
8/12/19 12:15,82.396,51.2,1773.7,84.767
8/12/19 12:15,82.396,51.3,1771.2,84.767
8/12/19 12:15,82.396,51.3,1768.7,84.767
8/12/19 12:15,82.396,51.4,1773.7,84.767
8/12/19 12:15,82.396,51.4,1773.7,84.767
8/12/19 12:15,82.396,51.5,1773.7,84.767
8/12/19 12:15,82.396,51.4,1773.7,84.767
8/12/19 12:15,82.396,51.5,1768.7,84.812
8/12/19 12:15,82.396,51.6,1773.7,84.812
8/12/19 12:15,82.396,51.6,1771.2,84.812
8/12/19 12:15,82.396,51.5,1771.2,84.812
8/12/19 12:15,82.396,51.5,1773.7,84.812
8/12/19 12:15,82.396,51.4,1773.7,84.812
8/12/19 12:15,82.396,51.4,1773.7,84.812
8/12/19 12:15,82.441,51.5,1773.7,84.812
8/12/19 12:15,82.441,51.4,1773.7,84.812
8/12/19 12:15,82.441,51.4,1773.7,84.812
8/12/19 12:15,82.441,51.3,1776.2,84.812
8/12/19 12:15,82.441,51.2,1773.7,84.812
8/12/19 12:15,82.441,51.1,1773.7,84.812
8/12/19 12:15,82.486,50.9,1776.2,84.812
8/12/19 12:15,82.486,50.9,1776.2,84.812
8/12/19 12:15,82.486,51,1776.2,84.812
8/12/19 12:15,82.486,51.1,1776.2,84.812
8/12/19 12:15,82.486,51.2,1778.7,84.812
8/12/19 12:15,82.486,51.3,1778.7,84.812
8/12/19 12:15,82.486,51.5,1778.7,84.857
8/12/19 12:15,82.486,51.4,1778.7,84.812
8/12/19 12:15,82.486,51.4,1781.2,84.857
8/12/19 12:16,82.53,51.4,1776.2,84.857
8/12/19 12:16,82.53,51.4,1778.7,84.857
8/12/19 12:16,82.53,51.4,1778.7,84.857
8/12/19 12:16,82.53,51.4,1778.7,84.857
8/12/19 12:16,82.53,51.4,1778.7,84.857
8/12/19 12:16,82.53,51.5,1778.7,84.857
8/12/19 12:16,82.575,51.5,1778.7,84.857
8/12/19 12:16,82.575,51.5,1781.2,84.857
8/12/19 12:16,82.575,51.4,1778.7,84.857
8/12/19 12:16,82.575,51.3,1781.2,84.857
8/12/19 12:16,82.575,51.2,1781.2,84.9
8/12/19 12:16,82.575,51,1781.2,84.857
8/12/19 12:16,82.62,50.9,1781.2,84.857
8/12/19 12:16,82.62,50.7,1781.2,84.9
8/12/19 12:16,82.62,50.6,1781.2,84.9
8/12/19 12:16,82.62,50.4,1783.7,84.9
8/12/19 12:16,82.62,50.3,1783.7,84.9
8/12/19 12:16,82.62,50.2,1781.2,84.9
8/12/19 12:16,82.62,50.3,1783.7,84.9
8/12/19 12:16,82.62,50.2,1781.2,84.9
8/12/19 12:16,82.62,50.2,1781.2,84.9
8/12/19 12:16,82.62,50.1,1783.7,84.9
8/12/19 12:16,82.62,50,1783.7,84.9
8/12/19 12:16,82.62,49.9,1783.7,84.9
8/12/19 12:16,82.62,49.9,1783.7,84.9
8/12/19 12:16,82.62,49.8,1783.7,84.9
8/12/19 12:16,82.62,49.8,1783.7,84.9
8/12/19 12:16,82.62,49.6,1783.7,84.9
8/12/19 12:16,82.575,49.5,1783.7,84.9
8/12/19 12:16,82.575,49.4,1783.7,84.9
8/12/19 12:16,82.575,49.4,1781.2,84.9
8/12/19 12:16,82.575,49.4,1783.7,84.9
8/12/19 12:16,82.575,49.3,1783.7,84.9
8/12/19 12:16,82.575,49.3,1783.7,84.945
8/12/19 12:16,82.575,49.2,1786.2,84.945
8/12/19 12:16,82.53,49,1786.2,84.945
8/12/19 12:16,82.53,48.9,1786.2,84.945
8/12/19 12:16,82.53,48.9,1786.2,84.945
8/12/19 12:16,82.53,48.8,1783.7,84.945
8/12/19 12:16,82.53,48.8,1786.2,84.945
8/12/19 12:16,82.486,48.8,1781.2,84.945
8/12/19 12:16,82.486,48.8,1786.2,84.945
8/12/19 12:16,82.486,48.8,1783.7,84.945
8/12/19 12:16,82.486,48.8,1786.2,84.945
8/12/19 12:16,82.486,48.9,1786.2,84.945
8/12/19 12:16,82.441,48.9,1788.7,84.945
8/12/19 12:16,82.441,49,1791.2,84.945
8/12/19 12:16,82.441,49,1786.2,84.945
8/12/19 12:16,82.441,49.1,1788.7,84.945
8/12/19 12:16,82.441,49.2,1788.7,84.99
8/12/19 12:16,82.441,49.3,1786.2,84.99
8/12/19 12:16,82.396,49.3,1786.2,84.945
8/12/19 12:16,82.396,49.4,1788.7,84.945
8/12/19 12:16,82.396,49.4,1783.7,84.99
8/12/19 12:16,82.396,49.4,1786.2,84.99
8/12/19 12:16,82.396,49.4,1786.2,84.99
8/12/19 12:16,82.396,49.4,1788.7,84.99
8/12/19 12:16,82.396,49.4,1788.7,84.99
8/12/19 12:16,82.396,49.4,1788.7,84.99
8/12/19 12:16,82.396,49.5,1786.2,84.99
8/12/19 12:17,82.396,49.4,1788.7,84.99
8/12/19 12:17,82.396,49.5,1788.7,84.99
8/12/19 12:17,82.396,49.5,1788.7,84.99
8/12/19 12:17,82.396,49.5,1788.7,84.99
8/12/19 12:17,82.396,49.5,1788.7,84.99
8/12/19 12:17,82.353,49.5,1788.7,84.99
8/12/19 12:17,82.396,49.5,1788.7,84.99
8/12/19 12:17,82.353,49.5,1788.7,84.99
8/12/19 12:17,82.353,49.4,1788.7,84.99
8/12/19 12:17,82.353,49.4,1788.7,84.99
8/12/19 12:17,82.353,49.3,1788.7,84.99
8/12/19 12:17,82.353,49.2,1788.7,84.99
8/12/19 12:17,82.353,49.1,1788.7,85.035
8/12/19 12:17,82.353,49,1788.7,84.99
8/12/19 12:17,82.353,48.9,1788.7,84.99
8/12/19 12:17,82.353,48.8,1788.7,85.035
8/12/19 12:17,82.353,48.8,1786.2,85.035
8/12/19 12:17,82.353,48.8,1788.7,85.035
8/12/19 12:17,82.353,48.8,1791.2,85.035
8/12/19 12:17,82.353,48.8,1788.7,85.035
8/12/19 12:17,82.353,48.8,1793.7,85.035
8/12/19 12:17,82.353,48.8,1791.2,85.035
8/12/19 12:17,82.308,48.9,1791.2,85.035
8/12/19 12:17,82.308,48.9,1788.7,85.035
8/12/19 12:17,82.308,49,1786.2,85.035
8/12/19 12:17,82.308,49,1788.7,85.035
8/12/19 12:17,82.308,49.1,1788.7,85.035
8/12/19 12:17,82.308,49.2,1793.7,85.035
8/12/19 12:17,82.308,49.2,1791.2,85.035
8/12/19 12:17,82.308,49.3,1793.7,85.035
8/12/19 12:17,82.308,49.3,1793.7,85.035
8/12/19 12:17,82.308,49.4,1793.7,85.035
8/12/19 12:17,82.308,49.4,1796.2,85.035
8/12/19 12:17,82.308,49.5,1796.2,85.082
8/12/19 12:17,82.308,49.5,1788.7,85.035
8/12/19 12:17,82.308,49.6,1788.7,85.082
8/12/19 12:17,82.308,49.7,1791.2,85.082
8/12/19 12:17,82.308,49.9,1791.2,85.082
8/12/19 12:17,82.308,50,1791.2,85.082
8/12/19 12:17,82.308,50.1,1793.7,85.082
8/12/19 12:17,82.308,50.1,1793.7,85.082
8/12/19 12:17,82.353,50.1,1793.7,85.082
8/12/19 12:17,82.353,50.2,1793.7,85.082
8/12/19 12:17,82.353,50.3,1788.7,85.082
8/12/19 12:17,82.353,50.3,1793.7,85.082
8/12/19 12:17,82.353,50.4,1793.7,85.082
8/12/19 12:17,82.353,50.4,1793.7,85.082
8/12/19 12:17,82.353,50.5,1791.2,85.082
8/12/19 12:17,82.396,50.5,1796.2,85.082
8/12/19 12:17,82.396,50.5,1798.7,85.082
8/12/19 12:17,82.396,50.5,1796.2,85.082
8/12/19 12:17,82.396,50.6,1796.2,85.082
8/12/19 12:17,82.396,50.6,1796.2,85.082
8/12/19 12:17,82.441,50.6,1796.2,85.082
8/12/19 12:17,82.441,50.5,1796.2,85.082
8/12/19 12:17,82.441,50.6,1796.2,85.127
8/12/19 12:17,82.441,50.6,1796.2,85.127
8/12/19 12:17,82.486,50.6,1793.7,85.127
8/12/19 12:17,82.486,50.5,1796.2,85.127
8/12/19 12:17,82.486,50.3,1798.7,85.127
8/12/19 12:18,82.486,50.2,1798.7,85.127
8/12/19 12:18,82.486,50.2,1791.2,85.127
8/12/19 12:18,82.53,50,1798.7,85.127
8/12/19 12:18,82.53,49.9,1796.2,85.127
8/12/19 12:18,82.53,49.8,1798.7,85.127
8/12/19 12:18,82.53,49.8,1793.7,85.127
8/12/19 12:18,82.53,49.8,1803.7,85.127
8/12/19 12:18,82.53,49.8,1798.7,85.127
8/12/19 12:18,82.53,49.8,1798.7,85.127
8/12/19 12:18,82.575,49.8,1796.2,85.127
8/12/19 12:18,82.575,49.8,1798.7,85.127
8/12/19 12:18,82.575,49.9,1801.2,85.127
8/12/19 12:18,82.575,49.9,1798.7,85.172
8/12/19 12:18,82.575,50,1801.2,85.172
8/12/19 12:18,82.575,50,1798.7,85.172
8/12/19 12:18,82.575,49.9,1798.7,85.172
8/12/19 12:18,82.575,49.8,1798.7,85.172
8/12/19 12:18,82.575,49.9,1796.2,85.172
8/12/19 12:18,82.62,49.8,1798.7,85.172
8/12/19 12:18,82.575,49.7,1801.2,85.172
8/12/19 12:18,82.62,49.7,1798.7,85.172
8/12/19 12:18,82.62,49.5,1801.2,85.172
8/12/19 12:18,82.62,49.4,1801.2,85.172
8/12/19 12:18,82.62,49.4,1798.7,85.172
8/12/19 12:18,82.62,49.4,1798.7,85.172
8/12/19 12:18,82.62,49.4,1796.2,85.172
8/12/19 12:18,82.62,49.4,1798.7,85.172
8/12/19 12:18,82.62,49.4,1801.2,85.172
8/12/19 12:18,82.62,49.4,1798.7,85.172
8/12/19 12:18,82.62,49.4,1801.2,85.172
8/12/19 12:18,82.62,49.4,1801.2,85.172
8/12/19 12:18,82.62,49.5,1798.7,85.172
8/12/19 12:18,82.62,49.5,1798.7,85.217
8/12/19 12:18,82.62,49.5,1796.2,85.217
8/12/19 12:18,82.62,49.5,1798.7,85.217
8/12/19 12:18,82.62,49.5,1796.2,85.217
8/12/19 12:18,82.665,49.5,1796.2,85.217
8/12/19 12:18,82.665,49.7,1793.7,85.217
8/12/19 12:18,82.665,49.7,1791.2,85.217
8/12/19 12:18,82.665,49.7,1786.2,85.217
8/12/19 12:18,82.665,49.9,1781.2,85.217
8/12/19 12:18,82.665,49.9,1778.7,85.217
8/12/19 12:18,82.665,50,1778.7,85.217
8/12/19 12:18,82.665,50.1,1783.7,85.217
8/12/19 12:18,82.708,50.3,1786.2,85.217
8/12/19 12:18,82.708,50.3,1788.7,85.217
8/12/19 12:18,82.708,50.4,1783.7,85.217
8/12/19 12:18,82.708,50.6,1783.7,85.217
8/12/19 12:18,82.708,50.7,1778.7,85.262
8/12/19 12:18,82.753,50.7,1786.2,85.262
8/12/19 12:18,82.753,50.8,1781.2,85.262
8/12/19 12:18,82.753,50.9,1778.7,85.262
8/12/19 12:18,82.798,50.9,1776.2,85.262
8/12/19 12:18,82.798,50.9,1776.2,85.262
8/12/19 12:18,82.798,51,1773.7,85.262
8/12/19 12:18,82.841,51.1,1773.7,85.262
8/12/19 12:18,82.841,51,1781.2,85.262
8/12/19 12:18,82.841,50.9,1781.2,85.262
8/12/19 12:18,82.841,50.9,1781.2,85.262
8/12/19 12:18,82.886,50.7,1781.2,85.262
8/12/19 12:19,82.886,50.5,1773.7,85.262
8/12/19 12:19,82.886,50.4,1768.7,85.262
8/12/19 12:19,82.931,50.2,1763.7,85.262
8/12/19 12:19,82.931,50.2,1761.2,85.262
8/12/19 12:19,82.931,50.1,1753.7,85.262
8/12/19 12:19,82.931,50,1748.7,85.262
8/12/19 12:19,82.931,50,1746.2,85.262
8/12/19 12:19,82.976,49.9,1746.2,85.307
8/12/19 12:19,82.976,49.8,1746.2,85.307
8/12/19 12:19,82.976,49.8,1748.7,85.307
8/12/19 12:19,82.976,49.7,1748.7,85.307
8/12/19 12:19,82.976,49.7,1751.2,85.307
8/12/19 12:19,82.976,49.7,1751.2,85.307
8/12/19 12:19,82.976,49.6,1753.7,85.307
8/12/19 12:19,82.976,49.6,1761.2,85.307
8/12/19 12:19,82.976,49.6,1776.2,85.307
8/12/19 12:19,82.976,49.5,1786.2,85.307
8/12/19 12:19,82.976,49.5,1793.7,85.307
8/12/19 12:19,83.021,49.4,1798.7,85.307
8/12/19 12:19,82.976,49.4,1801.2,85.307
8/12/19 12:19,82.976,49.3,1811.2,85.307
8/12/19 12:19,82.976,49.3,1808.7,85.307
8/12/19 12:19,82.976,49.2,1808.7,85.307
8/12/19 12:19,83.021,49.2,1806.2,85.307
8/12/19 12:19,82.976,49.1,1811.2,85.352
8/12/19 12:19,83.021,49.1,1808.7,85.352
8/12/19 12:19,82.976,49,1811.2,85.352
8/12/19 12:19,82.976,49,1813.7,85.352
8/12/19 12:19,82.976,49.1,1813.7,85.352
8/12/19 12:19,82.976,49.1,1813.7,85.352
8/12/19 12:19,82.976,49.2,1813.7,85.352
8/12/19 12:19,82.976,49.2,1813.7,85.352
8/12/19 12:19,82.976,49.1,1813.7,85.352
8/12/19 12:19,82.976,49.1,1816.2,85.352
8/12/19 12:19,82.976,49,1818.7,85.352
8/12/19 12:19,82.976,49,1818.7,85.352
8/12/19 12:19,82.976,48.9,1821.2,85.352
8/12/19 12:19,82.976,48.9,1828.7,85.352
8/12/19 12:19,82.931,48.9,1831.2,85.352
8/12/19 12:19,82.976,48.9,1833.7,85.352
8/12/19 12:19,82.931,48.9,1836.2,85.352
8/12/19 12:19,82.931,48.9,1838.7,85.352
8/12/19 12:19,82.931,48.9,1838.7,85.352
8/12/19 12:19,82.931,48.9,1843.7,85.352
8/12/19 12:19,82.931,48.9,1843.7,85.397
8/12/19 12:19,82.931,48.9,1841.2,85.397
8/12/19 12:19,82.931,49,1843.7,85.397
8/12/19 12:19,82.931,49,1846.2,85.397
8/12/19 12:19,82.886,49,1851.2,85.397
8/12/19 12:19,82.931,49,1848.7,85.397
8/12/19 12:19,82.886,49,1851.2,85.397
8/12/19 12:19,82.886,49.1,1853.7,85.397
8/12/19 12:19,82.886,49.1,1851.2,85.397
8/12/19 12:19,82.886,49.2,1853.7,85.397
8/12/19 12:19,82.886,49.3,1853.7,85.397
8/12/19 12:19,82.886,49.3,1856.2,85.397
8/12/19 12:19,82.886,49.3,1856.2,85.397
8/12/19 12:19,82.886,49.4,1858.7,85.397
8/12/19 12:19,82.886,49.5,1861.2,85.397
8/12/19 12:19,82.886,49.5,1866.2,85.397
8/12/19 12:20,82.886,49.6,1863.7,85.397
8/12/19 12:20,82.931,49.6,1863.7,85.397
8/12/19 12:20,82.886,49.7,1868.7,85.442
8/12/19 12:20,82.931,49.8,1866.2,85.442
8/12/19 12:20,82.931,49.9,1868.7,85.442
8/12/19 12:20,82.931,49.8,1871.2,85.442
8/12/19 12:20,82.931,49.7,1871.2,85.442
8/12/19 12:20,82.931,49.6,1876.2,85.442
8/12/19 12:20,82.931,49.6,1876.2,85.442
8/12/19 12:20,82.931,49.5,1876.2,85.442
8/12/19 12:20,82.931,49.6,1881.2,85.442
8/12/19 12:20,82.931,49.7,1878.7,85.442
8/12/19 12:20,82.931,49.7,1883.7,85.442
8/12/19 12:20,82.931,49.8,1886.2,85.442
8/12/19 12:20,82.931,49.9,1881.2,85.442
8/12/19 12:20,82.931,49.9,1886.2,85.442
8/12/19 12:20,82.931,50,1881.2,85.442
8/12/19 12:20,82.931,50,1886.2,85.442
8/12/19 12:20,82.931,49.9,1891.2,85.442
8/12/19 12:20,82.931,49.9,1886.2,85.442
8/12/19 12:20,82.976,49.7,1891.2,85.442
8/12/19 12:20,82.976,49.7,1893.7,85.442
8/12/19 12:20,82.976,49.6,1888.7,85.442
8/12/19 12:20,82.976,49.6,1896.2,85.442
8/12/19 12:20,82.976,49.5,1896.2,85.442
8/12/19 12:20,82.976,49.5,1896.2,85.487
8/12/19 12:20,82.976,49.6,1901.2,85.487
8/12/19 12:20,82.976,49.6,1901.2,85.487
8/12/19 12:20,82.976,49.6,1901.2,85.487
8/12/19 12:20,82.976,49.7,1901.2,85.487
8/12/19 12:20,82.976,49.7,1903.7,85.487
8/12/19 12:20,83.021,49.7,1906.2,85.487
8/12/19 12:20,83.021,49.7,1906.2,85.487
8/12/19 12:20,83.021,49.6,1906.2,85.487
8/12/19 12:20,83.021,49.6,1908.7,85.487
8/12/19 12:20,83.021,49.6,1911.2,85.487
8/12/19 12:20,83.021,49.5,1911.2,85.487
8/12/19 12:20,83.021,49.5,1911.2,85.487
8/12/19 12:20,83.021,49.4,1913.7,85.487
8/12/19 12:20,83.021,49.4,1916.2,85.487
8/12/19 12:20,83.064,49.3,1916.2,85.532
8/12/19 12:20,83.021,49.2,1913.7,85.532
8/12/19 12:20,83.064,49.1,1918.7,85.532
8/12/19 12:20,83.064,49.1,1921.2,85.532
8/12/19 12:20,83.064,49,1921.2,85.532
8/12/19 12:20,83.064,48.9,1921.2,85.532
8/12/19 12:20,83.064,48.9,1923.7,85.532
8/12/19 12:20,83.064,48.9,1921.2,85.532
8/12/19 12:20,83.064,48.9,1921.2,85.532
8/12/19 12:20,83.064,48.9,1923.7,85.532
8/12/19 12:20,83.064,48.9,1928.7,85.532
8/12/19 12:20,83.064,48.9,1928.7,85.532
8/12/19 12:20,83.064,48.9,1926.2,85.532
8/12/19 12:20,83.064,48.9,1926.2,85.532
8/12/19 12:20,83.064,48.9,1923.7,85.532
8/12/19 12:20,83.064,48.9,1926.2,85.532
8/12/19 12:20,83.064,48.9,1923.7,85.532
8/12/19 12:20,83.064,48.9,1918.7,85.532
8/12/19 12:20,83.064,48.9,1916.2,85.577
8/12/19 12:20,83.109,48.9,1918.7,85.532
8/12/19 12:21,83.109,48.9,1926.2,85.532
8/12/19 12:21,83.109,48.9,1928.7,85.532
8/12/19 12:21,83.109,48.9,1928.7,85.577
8/12/19 12:21,83.109,48.9,1936.2,85.577
8/12/19 12:21,83.109,48.9,1928.7,85.577
8/12/19 12:21,83.109,49,1926.2,85.577
8/12/19 12:21,83.154,49,1923.7,85.577
8/12/19 12:21,83.154,49.1,1928.7,85.577
8/12/19 12:21,83.154,49.1,1931.2,85.577
8/12/19 12:21,83.154,49.2,1928.7,85.577
8/12/19 12:21,83.154,49.3,1926.2,85.577
8/12/19 12:21,83.154,49.3,1933.7,85.577
8/12/19 12:21,83.199,49.4,1928.7,85.577
8/12/19 12:21,83.199,49.4,1926.2,85.577
8/12/19 12:21,83.199,49.5,1921.2,85.577
8/12/19 12:21,83.199,49.5,1921.2,85.577
8/12/19 12:21,83.199,49.6,1923.7,85.577
8/12/19 12:21,83.242,49.6,1931.2,85.577
8/12/19 12:21,83.242,49.6,1933.7,85.577
8/12/19 12:21,83.242,49.6,1933.7,85.622
8/12/19 12:21,83.242,49.6,1933.7,85.622
8/12/19 12:21,83.287,49.6,1933.7,85.622
8/12/19 12:21,83.287,49.6,1933.7,85.622
8/12/19 12:21,83.287,49.6,1923.7,85.622
8/12/19 12:21,83.287,49.5,1913.7,85.622
8/12/19 12:21,83.332,49.5,1908.7,85.622
8/12/19 12:21,83.332,49.4,1906.2,85.622
8/12/19 12:21,83.332,49.3,1898.7,85.622
8/12/19 12:21,83.332,49.3,1901.2,85.622
8/12/19 12:21,83.332,49.2,1876.2,85.622
8/12/19 12:21,83.377,49.1,1851.2,85.622
8/12/19 12:21,83.377,49.1,1833.7,85.622
8/12/19 12:21,83.377,49,1828.7,85.622
8/12/19 12:21,83.377,49,1826.2,85.622
8/12/19 12:21,83.377,49,1813.7,85.622
8/12/19 12:21,83.377,49,1816.2,85.622
8/12/19 12:21,83.377,49,1821.2,85.622
8/12/19 12:21,83.377,49,1813.7,85.622
8/12/19 12:21,83.377,49,1796.2,85.667
8/12/19 12:21,83.377,49,1798.7,85.667
8/12/19 12:21,83.422,48.9,1801.2,85.667
8/12/19 12:21,83.422,48.9,1813.7,85.667
8/12/19 12:21,83.422,49,1818.7,85.667
8/12/19 12:21,83.422,49,1806.2,85.667
8/12/19 12:21,83.422,49.1,1788.7,85.667
8/12/19 12:21,83.422,49.1,1771.2,85.667
8/12/19 12:21,83.422,49.2,1756.2,85.667
8/12/19 12:21,83.422,49.3,1741.2,85.667
8/12/19 12:21,83.422,49.4,1726.2,85.667
8/12/19 12:21,83.467,49.5,1711.2,85.667
8/12/19 12:21,83.467,49.5,1696.2,85.667
8/12/19 12:21,83.467,49.7,1703.7,85.667
8/12/19 12:21,83.467,49.8,1731.2,85.667
8/12/19 12:21,83.467,50,1743.7,85.667
8/12/19 12:21,83.467,50,1738.7,85.667
8/12/19 12:21,83.467,50,1728.7,85.712
8/12/19 12:21,83.467,50.1,1728.7,85.712
8/12/19 12:21,83.511,50,1751.2,85.712
8/12/19 12:21,83.511,49.8,1778.7,85.712
8/12/19 12:21,83.511,49.6,1808.7,85.712
8/12/19 12:22,83.511,49.4,1831.2,85.712
8/12/19 12:22,83.511,49.3,1831.2,85.712
8/12/19 12:22,83.511,49.3,1823.7,85.712
8/12/19 12:22,83.556,49.2,1831.2,85.712
8/12/19 12:22,83.556,49.1,1856.2,85.712
8/12/19 12:22,83.556,49,1873.7,85.712
8/12/19 12:22,83.556,48.9,1886.2,85.712
8/12/19 12:22,83.556,48.8,1896.2,85.712
8/12/19 12:22,83.556,48.6,1918.7,85.712
8/12/19 12:22,83.556,48.4,1971.2,85.712
8/12/19 12:22,83.556,48.3,2021.2,85.712
8/12/19 12:22,83.556,48.2,2038.7,85.712
8/12/19 12:22,83.556,48.1,2043.7,85.712
8/12/19 12:22,83.556,47.9,2041.2,85.712
8/12/19 12:22,83.556,47.8,2043.7,85.712
8/12/19 12:22,83.556,47.7,2046.2,85.712
8/12/19 12:22,83.556,47.7,2048.7,85.757
8/12/19 12:22,83.511,47.7,2036.2,85.757
8/12/19 12:22,83.511,47.7,2046.2,85.757
8/12/19 12:22,83.511,47.8,2063.7,85.757
8/12/19 12:22,83.511,47.8,2076.2,85.757
8/12/19 12:22,83.511,48,2078.7,85.757
8/12/19 12:22,83.511,48.1,2078.7,85.757
8/12/19 12:22,83.467,48.1,2086.2,85.757
8/12/19 12:22,83.467,48.1,2086.2,85.757
8/12/19 12:22,83.467,48.1,2091.2,85.757
8/12/19 12:22,83.467,48.1,2093.7,85.757
8/12/19 12:22,83.467,48.2,2091.2,85.757
8/12/19 12:22,83.467,48.2,2093.7,85.757
8/12/19 12:22,83.467,48.2,2096.2,85.757
8/12/19 12:22,83.467,48.2,2091.2,85.757
8/12/19 12:22,83.467,48.2,2098.7,85.802
8/12/19 12:22,83.467,48.3,2098.7,85.802
8/12/19 12:22,83.467,48.3,2103.7,85.802
8/12/19 12:22,83.467,48.4,2103.7,85.802
8/12/19 12:22,83.467,48.4,2103.7,85.802
8/12/19 12:22,83.467,48.4,2106.2,85.802
8/12/19 12:22,83.467,48.5,2111.2,85.802
8/12/19 12:22,83.467,48.5,2113.7,85.802
8/12/19 12:22,83.467,48.4,2116.2,85.802
8/12/19 12:22,83.467,48.3,2116.2,85.802
8/12/19 12:22,83.467,48.2,2116.2,85.802
8/12/19 12:22,83.467,48.2,2121.2,85.802
8/12/19 12:22,83.467,48.1,2118.7,85.802
8/12/19 12:22,83.467,48.1,2121.2,85.802
8/12/19 12:22,83.467,48.2,2126.2,85.802
8/12/19 12:22,83.467,48.2,2123.7,85.802
8/12/19 12:22,83.467,48.2,2126.2,85.802
8/12/19 12:22,83.467,48.2,2126.2,85.802
8/12/19 12:22,83.467,48.2,2128.7,85.802
8/12/19 12:22,83.467,48.2,2133.7,85.802
8/12/19 12:22,83.467,48.2,2131.2,85.802
8/12/19 12:22,83.467,48.2,2133.7,85.802
8/12/19 12:22,83.467,48.1,2136.2,85.802
8/12/19 12:22,83.467,48,2136.2,85.802
8/12/19 12:22,83.467,48,2138.7,85.802
8/12/19 12:22,83.511,47.8,2138.7,85.849
8/12/19 12:22,83.511,47.7,2141.2,85.849
8/12/19 12:22,83.467,47.7,2141.2,85.849
8/12/19 12:22,83.467,47.6,2141.2,85.849
8/12/19 12:23,83.511,47.6,2148.7,85.849
8/12/19 12:23,83.467,47.7,2146.2,85.849
8/12/19 12:23,83.467,47.7,2143.7,85.849
8/12/19 12:23,83.511,47.8,2148.7,85.849
8/12/19 12:23,83.467,47.9,2151.2,85.849
8/12/19 12:23,83.467,48,2151.2,85.849
8/12/19 12:23,83.467,48.2,2148.7,85.849
8/12/19 12:23,83.467,48.2,2148.7,85.849
8/12/19 12:23,83.467,48.2,2153.7,85.849
8/12/19 12:23,83.467,48.3,2151.2,85.849
8/12/19 12:23,83.511,48.3,2153.7,85.849
8/12/19 12:23,83.467,48.3,2153.7,85.894
8/12/19 12:23,83.511,48.3,2156.2,85.894
8/12/19 12:23,83.511,48.3,2158.7,85.894
8/12/19 12:23,83.511,48.3,2156.2,85.894
8/12/19 12:23,83.511,48.2,2156.2,85.894
8/12/19 12:23,83.511,48.2,2161.2,85.894
8/12/19 12:23,83.511,48.3,2158.7,85.894
8/12/19 12:23,83.511,48.3,2158.7,85.894
8/12/19 12:23,83.511,48.3,2161.2,85.894
8/12/19 12:23,83.511,48.2,2161.2,85.894
8/12/19 12:23,83.511,48.2,2158.7,85.894
8/12/19 12:23,83.511,48.1,2163.7,85.894
8/12/19 12:23,83.511,47.9,2161.2,85.894
8/12/19 12:23,83.556,47.8,2161.2,85.894
8/12/19 12:23,83.556,47.7,2161.2,85.894
8/12/19 12:23,83.556,47.6,2163.7,85.894
8/12/19 12:23,83.556,47.5,2163.7,85.939
8/12/19 12:23,83.556,47.5,2163.7,85.894
8/12/19 12:23,83.556,47.5,2161.2,85.894
8/12/19 12:23,83.556,47.5,2161.2,85.894
8/12/19 12:23,83.556,47.5,2161.2,85.894
8/12/19 12:23,83.556,47.5,2158.7,85.939
8/12/19 12:23,83.556,47.6,2158.7,85.939
8/12/19 12:23,83.556,47.7,2156.2,85.939
8/12/19 12:23,83.556,47.7,2158.7,85.939
8/12/19 12:23,83.556,47.7,2163.7,85.939
8/12/19 12:23,83.556,47.8,2161.2,85.939
8/12/19 12:23,83.556,47.8,2168.7,85.939
8/12/19 12:23,83.556,47.8,2161.2,85.939
8/12/19 12:23,83.601,47.8,2163.7,85.939
8/12/19 12:23,83.556,47.8,2161.2,85.939
8/12/19 12:23,83.601,47.8,2158.7,85.939
8/12/19 12:23,83.601,47.8,2156.2,85.939
8/12/19 12:23,83.601,47.8,2151.2,85.939
8/12/19 12:23,83.601,47.8,2151.2,85.939
8/12/19 12:23,83.601,47.8,2148.7,85.939
8/12/19 12:23,83.601,47.8,2156.2,85.984
8/12/19 12:23,83.601,47.9,2163.7,85.984
8/12/19 12:23,83.601,47.9,2171.2,85.984
8/12/19 12:23,83.601,47.9,2176.2,85.984
8/12/19 12:23,83.601,47.9,2178.7,85.984
8/12/19 12:23,83.601,47.9,2181.2,85.984
8/12/19 12:23,83.601,48,2178.7,85.984
8/12/19 12:23,83.601,48,2181.2,85.984
8/12/19 12:23,83.601,48,2173.7,85.984
8/12/19 12:23,83.601,48.1,2178.7,85.984
8/12/19 12:23,83.601,48.1,2176.2,85.984
8/12/19 12:23,83.646,48.2,2176.2,85.984
8/12/19 12:23,83.646,48.2,2176.2,85.984
8/12/19 12:24,83.646,48.3,2178.7,85.984
8/12/19 12:24,83.646,48.4,2178.7,85.984
8/12/19 12:24,83.646,48.5,2181.2,85.984
8/12/19 12:24,83.646,48.7,2188.7,85.984
8/12/19 12:24,83.646,48.8,2188.7,85.984
8/12/19 12:24,83.691,48.9,2186.2,85.984
8/12/19 12:24,83.691,48.9,2193.7,86.029
8/12/19 12:24,83.691,49,2193.7,86.029
8/12/19 12:24,83.691,49.1,2196.2,86.029
8/12/19 12:24,83.691,49.2,2198.7,86.029
8/12/19 12:24,83.736,49.3,2203.7,86.029
8/12/19 12:24,83.736,49.5,2201.2,86.029
8/12/19 12:24,83.736,49.5,2203.7,86.029
8/12/19 12:24,83.736,49.7,2201.2,86.029
8/12/19 12:24,83.736,49.8,2203.7,86.029
8/12/19 12:24,83.779,49.9,2203.7,86.029
8/12/19 12:24,83.779,49.9,2208.7,86.029
8/12/19 12:24,83.779,49.9,2203.7,86.029
8/12/19 12:24,83.779,49.8,2208.7,86.029
8/12/19 12:24,83.824,49.7,2208.7,86.029
8/12/19 12:24,83.824,49.6,2213.7,86.029
8/12/19 12:24,83.824,49.5,2213.7,86.029
8/12/19 12:24,83.824,49.6,2211.2,86.029
8/12/19 12:24,83.824,49.5,2213.7,86.074
8/12/19 12:24,83.824,49.4,2216.2,86.074
8/12/19 12:24,83.824,49.2,2221.2,86.074
8/12/19 12:24,83.824,49,2223.7,86.074
8/12/19 12:24,83.869,48.9,2223.7,86.074
8/12/19 12:24,83.869,48.7,2226.2,86.074
8/12/19 12:24,83.869,48.5,2228.7,86.074
8/12/19 12:24,83.824,48.4,2221.2,86.074
8/12/19 12:24,83.869,48.4,2218.7,86.074
8/12/19 12:24,83.824,48.4,2223.7,86.074
8/12/19 12:24,83.824,48.5,2228.7,86.074
8/12/19 12:24,83.824,48.7,2233.7,86.074
8/12/19 12:24,83.824,48.7,2233.7,86.074
8/12/19 12:24,83.824,48.7,2238.7,86.074
8/12/19 12:24,83.824,48.7,2238.7,86.074
8/12/19 12:24,83.824,48.7,2243.7,86.074
8/12/19 12:24,83.824,48.6,2238.7,86.074
8/12/19 12:24,83.824,48.6,2236.2,86.119
8/12/19 12:24,83.824,48.6,2231.2,86.119
8/12/19 12:24,83.824,48.6,2233.7,86.119
8/12/19 12:24,83.824,48.6,2238.7,86.119
8/12/19 12:24,83.824,48.6,2228.7,86.119
8/12/19 12:24,83.824,48.6,2181.2,86.119
8/12/19 12:24,83.824,48.7,2113.7,86.119
8/12/19 12:24,83.824,48.7,2076.2,86.119
8/12/19 12:24,83.824,48.7,2073.7,86.119
8/12/19 12:24,83.824,48.8,2101.2,86.119
8/12/19 12:24,83.824,48.9,2091.2,86.119
8/12/19 12:24,83.869,48.9,2073.7,86.119
8/12/19 12:24,83.869,49.1,2086.2,86.119
8/12/19 12:24,83.869,49.2,2118.7,86.119
8/12/19 12:24,83.869,49.4,2131.2,86.119
8/12/19 12:24,83.869,49.5,2118.7,86.119
8/12/19 12:24,83.869,49.6,2101.2,86.119
8/12/19 12:24,83.869,49.7,2071.2,86.119
8/12/19 12:24,83.914,49.8,2001.2,86.164
8/12/19 12:24,83.914,50,1938.7,86.164
8/12/19 12:25,83.914,50,1908.7,86.164
8/12/19 12:25,83.914,50,1858.7,86.164
8/12/19 12:25,83.914,50,1801.2,86.164
8/12/19 12:25,83.959,50,1708.7,86.164
8/12/19 12:25,83.959,50.1,1723.7,86.164
8/12/19 12:25,83.959,50.1,1851.2,86.164
8/12/19 12:25,83.959,50.1,2016.2,86.164
8/12/19 12:25,84.004,50.3,2123.7,86.164
8/12/19 12:25,84.004,50.3,2106.2,86.164
8/12/19 12:25,84.004,50.3,1946.2,86.164
8/12/19 12:25,84.004,50.3,1773.7,86.164
8/12/19 12:25,84.004,50.2,1668.7,86.164
8/12/19 12:25,84.004,50.2,1656.2,86.164
8/12/19 12:25,84.049,50.1,1668.7,86.164
8/12/19 12:25,84.049,49.9,1626.2,86.164
8/12/19 12:25,84.049,49.8,1508.7,86.164
8/12/19 12:25,84.049,49.6,1441.2,86.164
8/12/19 12:25,84.094,49.4,1453.7,86.164
8/12/19 12:25,84.094,49.1,1456.2,86.211
8/12/19 12:25,84.094,48.9,1373.7,86.211
8/12/19 12:25,84.094,48.6,1296.2,86.211
8/12/19 12:25,84.094,48.4,1316.2,86.211
8/12/19 12:25,84.094,48.3,1401.2,86.211
8/12/19 12:25,84.094,48.2,1446.2,86.211
8/12/19 12:25,84.094,48.1,1431.2,86.211
8/12/19 12:25,84.094,48,1368.7,86.211
8/12/19 12:25,84.094,47.8,1293.7,86.211
8/12/19 12:25,84.094,47.6,1248.7,86.211
8/12/19 12:25,84.094,47.5,1236.2,86.211
8/12/19 12:25,84.094,47.5,1273.7,86.211
8/12/19 12:25,84.094,47.4,1371.2,86.211
8/12/19 12:25,84.049,47.4,1466.2,86.256
8/12/19 12:25,84.049,47.3,1458.7,86.256
8/12/19 12:25,84.049,47.2,1366.2,86.256
8/12/19 12:25,84.049,47.1,1293.7,86.256
8/12/19 12:25,84.004,47,1226.2,86.256
8/12/19 12:25,84.004,46.9,1151.2,86.256
8/12/19 12:25,84.004,46.9,1106.2,86.256
8/12/19 12:25,84.004,47,1066.2,86.256
8/12/19 12:25,84.004,47.1,1033.7,86.256
8/12/19 12:25,83.959,47.2,1018.7,86.256
8/12/19 12:25,83.959,47.4,1013.7,86.256
8/12/19 12:25,83.959,47.4,1008.7,86.256
8/12/19 12:25,83.914,47.5,1001.2,86.256
8/12/19 12:25,83.914,47.5,1001.2,86.256
8/12/19 12:25,83.914,47.6,1008.7,86.256
8/12/19 12:25,83.914,47.7,1018.7,86.256
8/12/19 12:25,83.869,47.8,1026.2,86.256
8/12/19 12:25,83.869,47.8,1036.2,86.256
8/12/19 12:25,83.869,47.8,1066.2,86.256
8/12/19 12:25,83.869,47.8,1103.7,86.256
8/12/19 12:25,83.824,47.9,1151.2,86.256
8/12/19 12:25,83.869,48,1253.7,86.256
8/12/19 12:25,83.824,47.9,1383.7,86.256
8/12/19 12:25,83.824,47.9,1521.2,86.256
8/12/19 12:25,83.824,47.8,1493.7,86.256
8/12/19 12:25,83.824,47.7,1376.2,86.256
8/12/19 12:25,83.779,47.6,1258.7,86.256
8/12/19 12:25,83.779,47.6,1221.2,86.256
8/12/19 12:25,83.779,47.5,1188.7,86.256
8/12/19 12:26,83.779,47.5,1153.7,86.301
8/12/19 12:26,83.779,47.4,1123.7,86.256
8/12/19 12:26,83.779,47.3,1106.2,86.301
8/12/19 12:26,83.779,47.2,1083.7,86.301
8/12/19 12:26,83.736,47.1,1071.2,86.301
8/12/19 12:26,83.736,47,1068.7,86.301
8/12/19 12:26,83.736,46.9,1061.2,86.256
8/12/19 12:26,83.736,46.9,1036.2,86.301
8/12/19 12:26,83.736,47,1013.7,86.301
8/12/19 12:26,83.736,47,998.7,86.301
8/12/19 12:26,83.691,47.1,988.7,86.301
8/12/19 12:26,83.691,47.1,983.7,86.301
8/12/19 12:26,83.691,47,983.7,86.301
8/12/19 12:26,83.691,46.9,983.7,86.301
8/12/19 12:26,83.691,46.9,981.2,86.301
8/12/19 12:26,83.691,46.8,973.7,86.301
8/12/19 12:26,83.646,46.8,966.2,86.301
8/12/19 12:26,83.646,46.8,966.2,86.301
8/12/19 12:26,83.646,46.8,966.2,86.301
8/12/19 12:26,83.646,46.8,966.2,86.301
8/12/19 12:26,83.646,46.8,968.7,86.301
8/12/19 12:26,83.646,46.8,966.2,86.301
8/12/19 12:26,83.601,46.9,966.2,86.301
8/12/19 12:26,83.601,46.9,966.2,86.301
8/12/19 12:26,83.601,47,968.7,86.301
8/12/19 12:26,83.601,47,971.2,86.301
8/12/19 12:26,83.601,47.1,973.7,86.301
8/12/19 12:26,83.601,47.1,973.7,86.301
8/12/19 12:26,83.556,47.1,971.2,86.301
8/12/19 12:26,83.556,47.1,971.2,86.301
8/12/19 12:26,83.556,47.1,1026.2,86.301
8/12/19 12:26,83.556,47.2,1123.7,86.301
8/12/19 12:26,83.556,47.3,1201.2,86.301
8/12/19 12:26,83.511,47.4,1193.7,86.301
8/12/19 12:26,83.511,47.5,1146.2,86.301
8/12/19 12:26,83.511,47.5,1078.7,86.301
8/12/19 12:26,83.511,47.5,1046.2,86.301
8/12/19 12:26,83.511,47.5,1033.7,86.301
8/12/19 12:26,83.511,47.5,1048.7,86.301
8/12/19 12:26,83.511,47.5,1083.7,86.301
8/12/19 12:26,83.511,47.5,1126.2,86.301
8/12/19 12:26,83.467,47.5,1181.2,86.301
8/12/19 12:26,83.467,47.5,1221.2,86.301
8/12/19 12:26,83.467,47.6,1206.2,86.301
8/12/19 12:26,83.467,47.7,1226.2,86.301
8/12/19 12:26,83.467,47.7,1291.2,86.301
8/12/19 12:26,83.467,47.6,1293.7,86.301
8/12/19 12:26,83.467,47.5,1231.2,86.301
8/12/19 12:26,83.422,47.5,1211.2,86.301
8/12/19 12:26,83.422,47.4,1201.2,86.301
8/12/19 12:26,83.422,47.2,1153.7,86.301
8/12/19 12:26,83.422,47.1,1091.2,86.301
8/12/19 12:26,83.422,46.8,1056.2,86.301
8/12/19 12:26,83.422,46.7,1046.2,86.301
8/12/19 12:26,83.422,46.6,1053.7,86.301
8/12/19 12:26,83.377,46.5,1076.2,86.301
8/12/19 12:26,83.377,46.4,1103.7,86.301
8/12/19 12:26,83.377,46.3,1116.2,86.301
8/12/19 12:26,83.377,46.3,1133.7,86.301
8/12/19 12:26,83.377,46.3,1151.2,86.301
8/12/19 12:27,83.332,46.4,1148.7,86.301
8/12/19 12:27,83.332,46.4,1213.7,86.301
8/12/19 12:27,83.332,46.5,1508.7,86.301
8/12/19 12:27,83.287,46.6,1746.2,86.301
8/12/19 12:27,83.287,46.7,1738.7,86.301
8/12/19 12:27,83.287,46.7,1523.7,86.301
8/12/19 12:27,83.287,46.7,1366.2,86.301
8/12/19 12:27,83.287,46.7,1261.2,86.301
8/12/19 12:27,83.242,46.6,1298.7,86.301
8/12/19 12:27,83.242,46.6,1438.7,86.301
8/12/19 12:27,83.242,46.6,1511.2,86.301
8/12/19 12:27,83.242,46.6,1451.2,86.301
8/12/19 12:27,83.242,46.6,1356.2,86.301
8/12/19 12:27,83.242,46.6,1281.2,86.301
8/12/19 12:27,83.199,46.6,1241.2,86.301
8/12/19 12:27,83.199,46.6,1248.7,86.301
8/12/19 12:27,83.199,46.6,1246.2,86.301
8/12/19 12:27,83.199,46.7,1213.7,86.301
8/12/19 12:27,83.199,46.8,1173.7,86.301
8/12/19 12:27,83.199,46.8,1131.2,86.301
8/12/19 12:27,83.199,46.8,1103.7,86.301
8/12/19 12:27,83.199,46.8,1093.7,86.301
8/12/19 12:27,83.154,46.7,978.7,86.301
8/12/19 12:27,83.154,46.7,468.7,86.301
8/12/19 12:27,83.154,46.8,693.7,86.301
8/12/19 12:27,83.154,46.8,1046.2,86.301
8/12/19 12:27,83.154,46.8,1083.7,86.301
8/12/19 12:27,83.154,46.8,561.2,86.301
8/12/19 12:27,83.109,46.8,1096.2,86.301
8/12/19 12:27,83.109,46.9,1091.2,86.301
8/12/19 12:27,83.109,47,1126.2,86.301
8/12/19 12:27,83.109,47,1188.7,86.301
8/12/19 12:27,83.109,47.1,1266.2,86.301
8/12/19 12:27,83.109,47.2,1333.7,86.301
8/12/19 12:27,83.109,47.2,1336.2,86.301
8/12/19 12:27,83.109,47.2,1283.7,86.301
8/12/19 12:27,83.064,47.1,1231.2,86.301
8/12/19 12:27,83.064,47.1,1163.7,86.301
8/12/19 12:27,83.064,47.1,1081.2,86.301
8/12/19 12:27,83.064,47,1016.2,86.301
8/12/19 12:27,83.064,47,983.7,86.301
8/12/19 12:27,83.064,47.1,966.2,86.301
8/12/19 12:27,83.064,47.1,956.2,86.301
8/12/19 12:27,83.064,47.2,956.2,86.301
8/12/19 12:27,83.021,47.3,966.2,86.301
8/12/19 12:27,83.021,47.4,971.2,86.301
8/12/19 12:27,83.021,47.4,958.7,86.301
8/12/19 12:27,83.021,47.4,951.2,86.301
8/12/19 12:27,83.021,47.4,953.7,86.301
8/12/19 12:27,83.021,47.4,953.7,86.301
8/12/19 12:27,83.021,47.4,948.7,86.301
8/12/19 12:27,83.021,47.4,941.2,86.301
8/12/19 12:27,83.021,47.4,936.2,86.301
8/12/19 12:27,83.021,47.4,933.7,86.301
8/12/19 12:27,82.976,47.5,938.7,86.346
8/12/19 12:27,82.976,47.5,936.2,86.301
8/12/19 12:27,82.976,47.5,931.2,86.301
8/12/19 12:27,82.976,47.5,936.2,86.346
8/12/19 12:27,82.976,47.4,938.7,86.301
8/12/19 12:27,82.976,47.4,936.2,86.346
8/12/19 12:28,82.976,47.4,928.7,86.346
8/12/19 12:28,82.976,47.4,921.2,86.301
8/12/19 12:28,82.976,47.4,906.2,86.346
8/12/19 12:28,82.976,47.4,896.2,86.301
8/12/19 12:28,82.976,47.4,903.7,86.346
8/12/19 12:28,82.976,47.4,926.2,86.346
8/12/19 12:28,82.976,47.4,953.7,86.346
8/12/19 12:28,82.976,47.4,966.2,86.346
8/12/19 12:28,82.976,47.4,963.7,86.346
8/12/19 12:28,82.976,47.4,938.7,86.346
8/12/19 12:28,82.976,47.4,906.2,86.346
8/12/19 12:28,82.931,47.4,871.2,86.346
8/12/19 12:28,82.931,47.4,841.2,86.346
8/12/19 12:28,82.931,47.3,826.2,86.346
8/12/19 12:28,82.931,47.2,828.7,86.346
8/12/19 12:28,82.931,47.2,823.7,86.346
8/12/19 12:28,82.931,47.1,816.2,86.346
8/12/19 12:28,82.931,47,806.2,86.346
8/12/19 12:28,82.931,47,803.7,86.346
8/12/19 12:28,82.931,47,803.7,86.346
8/12/19 12:28,82.931,47,803.7,86.346
8/12/19 12:28,82.931,46.9,803.7,86.346
8/12/19 12:28,82.931,46.9,803.7,86.346
8/12/19 12:28,82.886,46.8,801.2,86.346
8/12/19 12:28,82.886,46.9,806.2,86.346
8/12/19 12:28,82.886,46.8,816.2,86.346
8/12/19 12:28,82.886,46.9,811.2,86.346
8/12/19 12:28,82.886,47,796.2,86.346
8/12/19 12:28,82.886,47,788.7,86.346
8/12/19 12:28,82.886,47.1,773.7,86.346
8/12/19 12:28,82.886,47.1,778.7,86.346
8/12/19 12:28,82.886,47.3,776.2,86.346
8/12/19 12:28,82.886,47.4,773.7,86.346
8/12/19 12:28,82.841,47.4,768.7,86.346
8/12/19 12:28,82.841,47.6,766.2,86.346
8/12/19 12:28,82.841,47.7,761.2,86.346
8/12/19 12:28,82.841,47.9,756.2,86.346
8/12/19 12:28,82.841,48,753.7,86.346
8/12/19 12:28,82.841,48,751.2,86.346
8/12/19 12:28,82.841,48,748.7,86.346
8/12/19 12:28,82.841,48,746.2,86.346
8/12/19 12:28,82.841,48,743.7,86.346
8/12/19 12:28,82.841,48,741.2,86.346
8/12/19 12:28,82.841,47.9,736.2,86.346
8/12/19 12:28,82.841,47.9,736.2,86.346
8/12/19 12:28,82.841,47.7,736.2,86.346
8/12/19 12:28,82.841,47.7,733.7,86.346
8/12/19 12:28,82.841,47.6,731.2,86.346
8/12/19 12:28,82.841,47.7,731.2,86.346
8/12/19 12:28,82.798,47.8,728.7,86.346
8/12/19 12:28,82.798,48,728.7,86.346
8/12/19 12:28,82.798,48.1,728.7,86.346
8/12/19 12:28,82.798,48.3,726.2,86.346
8/12/19 12:28,82.798,48.4,726.2,86.346
8/12/19 12:28,82.798,48.6,726.2,86.346
8/12/19 12:28,82.753,48.8,726.2,86.346
8/12/19 12:28,82.753,48.9,726.2,86.346
8/12/19 12:28,82.753,49,726.2,86.346
8/12/19 12:28,82.753,49.2,723.7,86.346
8/12/19 12:28,82.753,49.3,723.7,86.346
8/12/19 12:29,82.753,49.4,723.7,86.346
8/12/19 12:29,82.753,49.5,723.7,86.346
8/12/19 12:29,82.708,49.5,723.7,86.346
8/12/19 12:29,82.753,49.6,723.7,86.346
8/12/19 12:29,82.708,49.6,723.7,86.346
8/12/19 12:29,82.708,49.5,723.7,86.346
8/12/19 12:29,82.708,49.5,723.7,86.346
8/12/19 12:29,82.708,49.3,723.7,86.346
8/12/19 12:29,82.708,49.2,723.7,86.346
8/12/19 12:29,82.708,49.1,723.7,86.346
8/12/19 12:29,82.708,49,723.7,86.346
8/12/19 12:29,82.708,48.9,721.2,86.346
8/12/19 12:29,82.708,48.9,721.2,86.346
8/12/19 12:29,82.708,48.8,721.2,86.346
8/12/19 12:29,82.665,48.8,721.2,86.346
8/12/19 12:29,82.665,48.6,718.7,86.346
8/12/19 12:29,82.665,48.4,718.7,86.346
8/12/19 12:29,82.665,48.3,718.7,86.346
8/12/19 12:29,82.665,48.2,718.7,86.346
8/12/19 12:29,82.665,48,716.2,86.346
8/12/19 12:29,82.665,47.7,716.2,86.346
8/12/19 12:29,82.62,47.5,716.2,86.346
8/12/19 12:29,82.62,47.4,716.2,86.346
8/12/19 12:29,82.62,47.3,716.2,86.346
8/12/19 12:29,82.62,47.1,713.7,86.346
8/12/19 12:29,82.575,47,713.7,86.346
8/12/19 12:29,82.575,46.9,713.7,86.346
8/12/19 12:29,82.575,46.8,713.7,86.346
8/12/19 12:29,82.53,46.8,713.7,86.346
8/12/19 12:29,82.53,46.8,713.7,86.346
8/12/19 12:29,82.53,46.7,713.7,86.346
8/12/19 12:29,82.486,46.8,711.2,86.346
8/12/19 12:29,82.486,46.8,711.2,86.346
8/12/19 12:29,82.486,46.9,711.2,86.346
8/12/19 12:29,82.441,46.9,711.2,86.346
8/12/19 12:29,82.441,46.9,711.2,86.346
8/12/19 12:29,82.441,47,711.2,86.346
8/12/19 12:29,82.441,47,713.7,86.346
8/12/19 12:29,82.396,46.9,713.7,86.346
8/12/19 12:29,82.396,46.9,713.7,86.346
8/12/19 12:29,82.396,46.9,713.7,86.346
8/12/19 12:29,82.396,46.9,713.7,86.346
8/12/19 12:29,82.353,46.9,713.7,86.346
8/12/19 12:29,82.353,46.9,713.7,86.346
8/12/19 12:29,82.353,46.9,713.7,86.346
8/12/19 12:29,82.308,47,716.2,86.346
8/12/19 12:29,82.308,47,716.2,86.346
8/12/19 12:29,82.308,47.1,716.2,86.346
8/12/19 12:29,82.308,47.2,716.2,86.346
8/12/19 12:29,82.263,47.3,716.2,86.346
8/12/19 12:29,82.263,47.4,718.7,86.346
8/12/19 12:29,82.263,47.4,718.7,86.346
8/12/19 12:29,82.218,47.5,718.7,86.346
8/12/19 12:29,82.218,47.7,721.2,86.346
8/12/19 12:29,82.218,47.8,721.2,86.346
8/12/19 12:29,82.218,47.9,723.7,86.346
8/12/19 12:29,82.218,48,726.2,86.346
8/12/19 12:29,82.175,48.1,726.2,86.346
8/12/19 12:29,82.175,48.1,728.7,86.346
8/12/19 12:29,82.175,48.1,731.2,86.346
8/12/19 12:30,82.175,48.2,736.2,86.346
8/12/19 12:30,82.175,48.2,738.7,86.346
8/12/19 12:30,82.13,48.3,741.2,86.346
8/12/19 12:30,82.13,48.3,746.2,86.346
8/12/19 12:30,82.13,48.2,753.7,86.346
8/12/19 12:30,82.13,48.2,766.2,86.346
8/12/19 12:30,82.13,48.2,771.2,86.346
8/12/19 12:30,82.13,48.2,768.7,86.346
8/12/19 12:30,82.085,48.2,781.2,86.346
8/12/19 12:30,82.085,48.2,796.2,86.346
8/12/19 12:30,82.085,48.2,788.7,86.346
8/12/19 12:30,82.085,48.2,763.7,86.346
8/12/19 12:30,82.085,48.2,751.2,86.346
8/12/19 12:30,82.085,48.2,746.2,86.346
8/12/19 12:30,82.085,48.2,743.7,86.346
8/12/19 12:30,82.042,48.2,741.2,86.346
8/12/19 12:30,82.042,48.3,736.2,86.346
8/12/19 12:30,82.042,48.4,733.7,86.346
8/12/19 12:30,82.042,48.5,731.2,86.346
8/12/19 12:30,82.042,48.6,728.7,86.346
8/12/19 12:30,82.042,48.6,726.2,86.346
8/12/19 12:30,82.042,48.7,723.7,86.346
8/12/19 12:30,82.042,48.7,723.7,86.346
8/12/19 12:30,82.042,48.8,721.2,86.346
8/12/19 12:30,81.997,48.8,718.7,86.346
8/12/19 12:30,82.042,48.8,716.2,86.346
8/12/19 12:30,81.997,48.9,716.2,86.346
8/12/19 12:30,81.997,48.9,716.2,86.346
8/12/19 12:30,81.997,49,713.7,86.346
8/12/19 12:30,81.997,49.1,713.7,86.346
8/12/19 12:30,81.997,49.2,711.2,86.346
8/12/19 12:30,81.997,49.2,711.2,86.346
8/12/19 12:30,81.997,49.2,711.2,86.346
8/12/19 12:30,81.952,49.2,708.7,86.346
8/12/19 12:30,81.952,49.3,708.7,86.346
8/12/19 12:30,81.952,49.4,708.7,86.346
8/12/19 12:30,81.952,49.3,708.7,86.346
8/12/19 12:30,81.952,49.2,708.7,86.346
8/12/19 12:30,81.952,49,708.7,86.346
8/12/19 12:30,81.909,48.9,708.7,86.346
8/12/19 12:30,81.909,48.8,708.7,86.346
8/12/19 12:30,81.909,48.7,708.7,86.346
8/12/19 12:30,81.909,48.5,708.7,86.346
8/12/19 12:30,81.909,48.4,708.7,86.346
8/12/19 12:30,81.909,48.2,708.7,86.346
8/12/19 12:30,81.864,48.1,708.7,86.346
8/12/19 12:30,81.864,48.1,708.7,86.346
8/12/19 12:30,81.864,47.9,708.7,86.346
8/12/19 12:30,81.819,47.8,708.7,86.346
8/12/19 12:30,81.819,47.7,708.7,86.346
8/12/19 12:30,81.819,47.7,708.7,86.346
8/12/19 12:30,81.775,47.7,708.7,86.346
8/12/19 12:30,81.775,47.7,708.7,86.346
8/12/19 12:30,81.775,47.7,708.7,86.346
8/12/19 12:30,81.775,47.7,708.7,86.301
8/12/19 12:30,81.73,47.7,708.7,86.346
8/12/19 12:30,81.73,47.7,708.7,86.346
8/12/19 12:30,81.73,47.7,708.7,86.346
8/12/19 12:30,81.687,47.7,708.7,86.346
8/12/19 12:30,81.687,47.7,708.7,86.346
8/12/19 12:31,81.687,47.8,708.7,86.346
8/12/19 12:31,81.642,47.8,711.2,86.301
8/12/19 12:31,81.642,47.9,711.2,86.346
8/12/19 12:31,81.642,48,711.2,86.346
8/12/19 12:31,81.642,48,711.2,86.346
8/12/19 12:31,81.597,48,713.7,86.346
8/12/19 12:31,81.597,48.1,713.7,86.346
8/12/19 12:31,81.597,48,713.7,86.346
8/12/19 12:31,81.597,48,716.2,86.301
8/12/19 12:31,81.554,47.9,716.2,86.301
8/12/19 12:31,81.554,47.8,716.2,86.301
8/12/19 12:31,81.554,47.7,718.7,86.346
8/12/19 12:31,81.509,47.7,718.7,86.346
8/12/19 12:31,81.509,47.6,721.2,86.346
8/12/19 12:31,81.509,47.6,723.7,86.346
8/12/19 12:31,81.509,47.6,726.2,86.301
8/12/19 12:31,81.466,47.5,726.2,86.301
8/12/19 12:31,81.466,47.4,728.7,86.346
8/12/19 12:31,81.466,47.4,731.2,86.346
8/12/19 12:31,81.466,47.4,736.2,86.346
8/12/19 12:31,81.421,47.4,738.7,86.301
8/12/19 12:31,81.421,47.4,743.7,86.301
8/12/19 12:31,81.421,47.4,746.2,86.346
8/12/19 12:31,81.421,47.4,751.2,86.301
8/12/19 12:31,81.421,47.4,756.2,86.301
8/12/19 12:31,81.376,47.4,763.7,86.346
8/12/19 12:31,81.376,47.5,771.2,86.301
8/12/19 12:31,81.376,47.6,781.2,86.301
8/12/19 12:31,81.376,47.6,786.2,86.346
8/12/19 12:31,81.333,47.7,791.2,86.301
8/12/19 12:31,81.333,47.7,798.7,86.301
8/12/19 12:31,81.333,47.8,806.2,86.301
8/12/19 12:31,81.333,47.8,813.7,86.346
8/12/19 12:31,81.333,47.9,823.7,86.301
8/12/19 12:31,81.333,47.9,833.7,86.301
8/12/19 12:31,81.333,47.9,848.7,86.301
8/12/19 12:31,81.333,48,861.2,86.301
8/12/19 12:31,81.288,48,873.7,86.301
8/12/19 12:31,81.288,48.1,921.2,86.301
8/12/19 12:31,81.288,48.1,1086.2,86.346
8/12/19 12:31,81.288,48.1,1308.7,86.301
8/12/19 12:31,81.288,48.2,1503.7,86.301
8/12/19 12:31,81.288,48.2,1586.2,86.301
8/12/19 12:31,81.288,48.3,1546.2,86.301
8/12/19 12:31,81.288,48.3,1393.7,86.346
8/12/19 12:31,81.288,48.4,1236.2,86.301
8/12/19 12:31,81.288,48.6,1171.2,86.346
8/12/19 12:31,81.288,48.7,1138.7,86.301
8/12/19 12:31,81.288,48.8,1051.2,86.301
8/12/19 12:31,81.244,48.9,953.7,86.346
8/12/19 12:31,81.288,49,906.2,86.301
8/12/19 12:31,81.288,49.1,871.2,86.301
8/12/19 12:31,81.288,49.2,851.2,86.301
8/12/19 12:31,81.244,49.3,841.2,86.301
8/12/19 12:31,81.288,49.4,828.7,86.301
8/12/19 12:31,81.288,49.4,811.2,86.346
8/12/19 12:31,81.288,49.5,803.7,86.301
8/12/19 12:31,81.288,49.5,793.7,86.301
8/12/19 12:31,81.244,49.6,788.7,86.346
8/12/19 12:31,81.288,49.7,781.2,86.346
8/12/19 12:32,81.288,49.8,776.2,86.346
8/12/19 12:32,81.288,49.9,771.2,86.301
8/12/19 12:32,81.288,50,768.7,86.301
8/12/19 12:32,81.288,50.1,766.2,86.301
8/12/19 12:32,81.288,50.1,763.7,86.346
8/12/19 12:32,81.244,50.2,761.2,86.301
8/12/19 12:32,81.288,50.1,761.2,86.301
8/12/19 12:32,81.288,50.2,758.7,86.301
8/12/19 12:32,81.244,50.2,758.7,86.301
8/12/19 12:32,81.244,50.2,758.7,86.346
8/12/19 12:32,81.288,50.1,758.7,86.346
8/12/19 12:32,81.244,50.1,761.2,86.301
8/12/19 12:32,81.244,50,761.2,86.346
8/12/19 12:32,81.244,49.9,763.7,86.346
8/12/19 12:32,81.288,49.8,763.7,86.346
8/12/19 12:32,81.244,49.7,766.2,86.346
8/12/19 12:32,81.244,49.7,768.7,86.346
8/12/19 12:32,81.244,49.6,771.2,86.346
8/12/19 12:32,81.244,49.7,773.7,86.346
8/12/19 12:32,81.244,49.7,776.2,86.346
8/12/19 12:32,81.244,49.8,781.2,86.346
8/12/19 12:32,81.244,49.9,786.2,86.346
8/12/19 12:32,81.244,49.9,793.7,86.346
8/12/19 12:32,81.244,50,803.7,86.346
8/12/19 12:32,81.199,50,826.2,86.346
8/12/19 12:32,81.199,50.1,853.7,86.346
8/12/19 12:32,81.199,50.1,861.2,86.346
8/12/19 12:32,81.199,50.2,841.2,86.346
8/12/19 12:32,81.199,50.3,813.7,86.346
8/12/19 12:32,81.199,50.5,801.2,86.346
8/12/19 12:32,81.199,50.6,801.2,86.346
8/12/19 12:32,81.199,50.7,803.7,86.346
8/12/19 12:32,81.199,50.8,803.7,86.346
8/12/19 12:32,81.199,50.9,806.2,86.346
8/12/19 12:32,81.199,51,808.7,86.346
8/12/19 12:32,81.199,51.1,811.2,86.346
8/12/19 12:32,81.199,51.3,818.7,86.346
8/12/19 12:32,81.199,51.3,823.7,86.346
8/12/19 12:32,81.199,51.4,826.2,86.346
8/12/19 12:32,81.199,51.4,826.2,86.346
8/12/19 12:32,81.199,51.4,831.2,86.346
8/12/19 12:32,81.199,51.3,836.2,86.346
8/12/19 12:32,81.199,51.3,836.2,86.346
8/12/19 12:32,81.199,51.3,833.7,86.346
8/12/19 12:32,81.199,51.3,831.2,86.346
8/12/19 12:32,81.199,51.3,831.2,86.346
8/12/19 12:32,81.199,51.4,833.7,86.346
8/12/19 12:32,81.199,51.4,838.7,86.346
8/12/19 12:32,81.199,51.5,843.7,86.346
8/12/19 12:32,81.199,51.4,851.2,86.346
8/12/19 12:32,81.199,51.4,858.7,86.346
8/12/19 12:32,81.199,51.5,863.7,86.346
8/12/19 12:32,81.199,51.5,871.2,86.346
8/12/19 12:32,81.199,51.5,878.7,86.346
8/12/19 12:32,81.199,51.7,886.2,86.346
8/12/19 12:32,81.199,51.7,893.7,86.346
8/12/19 12:32,81.199,51.8,901.2,86.346
8/12/19 12:32,81.199,51.9,916.2,86.346
8/12/19 12:32,81.199,52,933.7,86.346
8/12/19 12:32,81.199,52,956.2,86.346
8/12/19 12:33,81.199,51.9,986.2,86.346
8/12/19 12:33,81.199,51.9,1013.7,86.346
8/12/19 12:33,81.199,51.8,1053.7,86.346
8/12/19 12:33,81.199,51.8,1086.2,86.346
8/12/19 12:33,81.199,51.9,1073.7,86.346
8/12/19 12:33,81.199,51.9,1081.2,86.346
8/12/19 12:33,81.244,51.9,1183.7,86.346
8/12/19 12:33,81.244,51.9,1373.7,86.346
8/12/19 12:33,81.244,51.9,1533.7,86.346
8/12/19 12:33,81.244,51.9,1618.7,86.346
8/12/19 12:33,81.244,51.8,1683.7,86.346
8/12/19 12:33,81.244,51.8,1873.7,86.346
8/12/19 12:33,81.244,51.7,2053.7,86.346
8/12/19 12:33,81.244,51.6,2201.2,86.346
8/12/19 12:33,81.244,51.5,2256.2,86.346
8/12/19 12:33,81.244,51.5,2301.2,86.346
8/12/19 12:33,81.244,51.3,2313.7,86.346
8/12/19 12:33,81.244,51.2,2308.7,86.346
8/12/19 12:33,81.244,51.2,2291.2,86.346
8/12/19 12:33,81.244,51.1,2266.2,86.346
8/12/19 12:33,81.244,51.1,2198.7,86.346
8/12/19 12:33,81.244,51,2143.7,86.346
8/12/19 12:33,81.244,50.9,2053.7,86.346
8/12/19 12:33,81.244,50.9,1906.2,86.346
8/12/19 12:33,81.244,50.9,1733.7,86.346
8/12/19 12:33,81.244,51,1611.2,86.346
8/12/19 12:33,81.199,51.1,1536.2,86.346
8/12/19 12:33,81.199,51.1,1503.7,86.346
8/12/19 12:33,81.199,51,1553.7,86.346
8/12/19 12:33,81.199,50.9,1673.7,86.346
8/12/19 12:33,81.199,50.9,1821.2,86.346
8/12/19 12:33,81.199,50.9,1953.7,86.346
8/12/19 12:33,81.199,50.9,2046.2,86.346
8/12/19 12:33,81.199,50.8,2051.2,86.346
8/12/19 12:33,81.199,50.8,1983.7,86.346
8/12/19 12:33,81.199,50.8,1931.2,86.346
8/12/19 12:33,81.199,50.8,1858.7,86.346
8/12/19 12:33,81.199,50.8,1821.2,86.346
8/12/19 12:33,81.199,50.8,1853.7,86.346
8/12/19 12:33,81.199,50.8,1951.2,86.346
8/12/19 12:33,81.199,50.8,2018.7,86.346
8/12/19 12:33,81.199,50.7,2076.2,86.346
8/12/19 12:33,81.199,50.7,2116.2,86.346
8/12/19 12:33,81.199,50.6,2091.2,86.346
8/12/19 12:33,81.199,50.6,2031.2,86.346
8/12/19 12:33,81.199,50.6,1886.2,86.346
8/12/19 12:33,81.199,50.6,1683.7,86.346
8/12/19 12:33,81.199,50.6,1518.7,86.346
8/12/19 12:33,81.199,50.6,1571.2,86.346
8/12/19 12:33,81.199,50.6,1688.7,86.346
8/12/19 12:33,81.199,50.5,1701.2,86.346
8/12/19 12:33,81.199,50.4,1566.2,86.346
8/12/19 12:33,81.244,50.3,1368.7,86.346
8/12/19 12:33,81.199,50.1,1193.7,86.346
8/12/19 12:33,81.199,50.1,1076.2,86.346
8/12/19 12:33,81.199,50.1,1031.2,86.346
8/12/19 12:33,81.244,50.1,1033.7,86.346
8/12/19 12:33,81.199,50.1,1023.7,86.346
8/12/19 12:33,81.199,50.1,986.2,86.346
8/12/19 12:33,81.199,50.2,951.2,86.346
8/12/19 12:34,81.244,50.2,946.2,86.346
8/12/19 12:34,81.199,50.1,951.2,86.346
8/12/19 12:34,81.244,50.1,918.7,86.346
8/12/19 12:34,81.199,50.2,873.7,86.346
8/12/19 12:34,81.199,50.2,848.7,86.391
8/12/19 12:34,81.199,50.3,833.7,86.346
8/12/19 12:34,81.199,50.3,826.2,86.346
8/12/19 12:34,81.199,50.4,823.7,86.346
8/12/19 12:34,81.199,50.4,823.7,86.391
8/12/19 12:34,81.199,50.4,818.7,86.391
8/12/19 12:34,81.244,50.3,811.2,86.391
8/12/19 12:34,81.199,50.3,806.2,86.391
8/12/19 12:34,81.199,50.3,806.2,86.391
8/12/19 12:34,81.199,50.3,811.2,86.391
8/12/19 12:34,81.199,50.2,818.7,86.391
8/12/19 12:34,81.199,50.2,823.7,86.391
8/12/19 12:34,81.199,50.2,826.2,86.391
8/12/19 12:34,81.199,50.2,833.7,86.391
8/12/19 12:34,81.199,50.2,856.2,86.391
8/12/19 12:34,81.199,50.2,878.7,86.391
8/12/19 12:34,81.199,50.2,896.2,86.391
8/12/19 12:34,81.199,50.2,926.2,86.391
8/12/19 12:34,81.199,50.1,963.7,86.391
8/12/19 12:34,81.199,50.1,988.7,86.391
8/12/19 12:34,81.199,50.1,1003.7,86.391
8/12/19 12:34,81.199,50.1,1006.2,86.391
8/12/19 12:34,81.199,50.2,1011.2,86.391
8/12/19 12:34,81.199,50.1,1031.2,86.391
8/12/19 12:34,81.199,50.1,1111.2,86.391
8/12/19 12:34,81.199,50.1,1216.2,86.391
8/12/19 12:34,81.199,50.1,1276.2,86.391
8/12/19 12:34,81.199,50.2,1281.2,86.391
8/12/19 12:34,81.199,50.2,1268.7,86.391
8/12/19 12:34,81.199,50.3,1248.7,86.391
8/12/19 12:34,81.199,50.3,1251.2,86.391
8/12/19 12:34,81.199,50.4,1253.7,86.391
8/12/19 12:34,81.199,50.4,1211.2,86.391
8/12/19 12:34,81.199,50.4,1168.7,86.391
8/12/19 12:34,81.199,50.3,1138.7,86.391
8/12/19 12:34,81.199,50.3,1123.7,86.391
8/12/19 12:34,81.199,50.2,1091.2,86.391
8/12/19 12:34,81.199,50,1078.7,86.391
8/12/19 12:34,81.199,50.1,1076.2,86.391
8/12/19 12:34,81.199,50,1111.2,86.391
8/12/19 12:34,81.199,49.9,1168.7,86.391
8/12/19 12:34,81.199,49.8,1213.7,86.391
8/12/19 12:34,81.199,49.7,1263.7,86.391
8/12/19 12:34,81.199,49.6,1361.2,86.391
8/12/19 12:34,81.199,49.5,1476.2,86.391
8/12/19 12:34,81.199,49.5,1586.2,86.391
8/12/19 12:34,81.154,49.4,1643.7,86.391
8/12/19 12:34,81.199,49.4,1653.7,86.391
8/12/19 12:34,81.199,49.5,1593.7,86.391
8/12/19 12:34,81.154,49.5,1433.7,86.391
8/12/19 12:34,81.154,49.6,1238.7,86.391
8/12/19 12:34,81.154,49.6,1146.2,86.391
8/12/19 12:34,81.154,49.7,1173.7,86.391
8/12/19 12:34,81.154,49.8,1151.2,86.391
8/12/19 12:34,81.154,49.9,1161.2,86.391
8/12/19 12:34,81.154,49.9,1186.2,86.391
8/12/19 12:35,81.154,50,1176.2,86.391
8/12/19 12:35,81.154,50,1173.7,86.391
8/12/19 12:35,81.154,50,1193.7,86.437
8/12/19 12:35,81.154,50.1,1181.2,86.437
8/12/19 12:35,81.154,50.2,1148.7,86.391
8/12/19 12:35,81.154,50.1,1131.2,86.437
8/12/19 12:35,81.154,50.2,1136.2,86.391
8/12/19 12:35,81.154,50.2,1103.7,86.391
8/12/19 12:35,81.154,50.3,1028.7,86.437
8/12/19 12:35,81.154,50.3,978.7,86.437
8/12/19 12:35,81.154,50.4,958.7,86.391
8/12/19 12:35,81.199,50.5,963.7,86.437
8/12/19 12:35,81.154,50.5,998.7,86.391
8/12/19 12:35,81.199,50.5,1038.7,86.437
8/12/19 12:35,81.199,50.5,1043.7,86.391
8/12/19 12:35,81.199,50.5,1053.7,86.437
8/12/19 12:35,81.199,50.5,1108.7,86.437
8/12/19 12:35,81.199,50.6,1181.2,86.437
8/12/19 12:35,81.199,50.6,1246.2,86.437
8/12/19 12:35,81.199,50.6,1271.2,86.437
8/12/19 12:35,81.199,50.7,1248.7,86.437
8/12/19 12:35,81.199,50.8,1201.2,86.437
8/12/19 12:35,81.199,50.9,1221.2,86.437
8/12/19 12:35,81.199,50.9,1261.2,86.437
8/12/19 12:35,81.199,50.9,1298.7,86.437
8/12/19 12:35,81.199,50.9,1323.7,86.437
8/12/19 12:35,81.244,50.9,1321.2,86.437
8/12/19 12:35,81.199,50.9,1296.2,86.437
8/12/19 12:35,81.199,50.9,1288.7,86.437
8/12/19 12:35,81.244,50.9,1281.2,86.437
8/12/19 12:35,81.244,50.8,1218.7,86.437
8/12/19 12:35,81.244,50.8,1151.2,86.437
8/12/19 12:35,81.244,50.8,1083.7,86.437
8/12/19 12:35,81.244,50.8,1028.7,86.437
8/12/19 12:35,81.244,50.7,978.7,86.437
8/12/19 12:35,81.244,50.6,938.7,86.437
8/12/19 12:35,81.244,50.6,903.7,86.437
8/12/19 12:35,81.244,50.6,881.2,86.437
8/12/19 12:35,81.244,50.5,871.2,86.437
8/12/19 12:35,81.244,50.5,876.2,86.437
8/12/19 12:35,81.244,50.5,878.7,86.437
8/12/19 12:35,81.244,50.6,876.2,86.437
8/12/19 12:35,81.244,50.6,883.7,86.437
8/12/19 12:35,81.244,50.6,888.7,86.437
8/12/19 12:35,81.244,50.7,891.2,86.437
8/12/19 12:35,81.244,50.8,888.7,86.437
8/12/19 12:35,81.244,50.8,881.2,86.437
8/12/19 12:35,81.244,50.8,868.7,86.437
8/12/19 12:35,81.244,50.9,858.7,86.437
8/12/19 12:35,81.244,50.9,866.2,86.437
8/12/19 12:35,81.244,51,888.7,86.437
8/12/19 12:35,81.244,51,913.7,86.437
8/12/19 12:35,81.244,51.1,928.7,86.437
8/12/19 12:35,81.244,51.1,928.7,86.437
8/12/19 12:35,81.244,51.2,911.2,86.437
8/12/19 12:35,81.288,51.2,896.2,86.437
8/12/19 12:35,81.288,51.2,898.7,86.437
8/12/19 12:35,81.288,51.2,916.2,86.437
8/12/19 12:35,81.288,51.2,941.2,86.437
8/12/19 12:35,81.288,51.2,956.2,86.437
8/12/19 12:36,81.288,51.2,958.7,86.437
8/12/19 12:36,81.288,51.1,966.2,86.437
8/12/19 12:36,81.288,51.1,983.7,86.437
8/12/19 12:36,81.288,51.1,1018.7,86.437
8/12/19 12:36,81.288,51.1,1096.2,86.437
8/12/19 12:36,81.288,51,1186.2,86.437
8/12/19 12:36,81.288,50.9,1256.2,86.437
8/12/19 12:36,81.288,50.9,1281.2,86.437
8/12/19 12:36,81.288,50.8,1261.2,86.437
8/12/19 12:36,81.288,50.8,1226.2,86.437
8/12/19 12:36,81.333,50.8,1211.2,86.437
8/12/19 12:36,81.333,50.8,1251.2,86.437
8/12/19 12:36,81.288,50.8,1308.7,86.437
8/12/19 12:36,81.333,50.8,1406.2,86.437
8/12/19 12:36,81.333,50.9,1436.2,86.437
8/12/19 12:36,81.333,50.9,1403.7,86.437
8/12/19 12:36,81.333,50.9,1348.7,86.437
8/12/19 12:36,81.333,50.9,1303.7,86.437
8/12/19 12:36,81.333,51,1238.7,86.437
8/12/19 12:36,81.333,51,1151.2,86.437
8/12/19 12:36,81.376,51,1078.7,86.437
8/12/19 12:36,81.376,51,1031.2,86.437
8/12/19 12:36,81.376,51,1003.7,86.437
8/12/19 12:36,81.376,51,1011.2,86.437
8/12/19 12:36,81.376,51,1031.2,86.437
8/12/19 12:36,81.376,51.1,1056.2,86.437
8/12/19 12:36,81.376,51.2,1096.2,86.437
8/12/19 12:36,81.376,51.2,1151.2,86.437
8/12/19 12:36,81.376,51.3,1206.2,86.437
8/12/19 12:36,81.421,51.3,1246.2,86.437
8/12/19 12:36,81.421,51.3,1273.7,86.437
8/12/19 12:36,81.421,51.3,1288.7,86.437
8/12/19 12:36,81.421,51.3,1316.2,86.437
8/12/19 12:36,81.421,51.3,1396.2,86.437
8/12/19 12:36,81.421,51.3,1476.2,86.437
8/12/19 12:36,81.466,51.4,1518.7,86.437
8/12/19 12:36,81.466,51.4,1543.7,86.437
8/12/19 12:36,81.466,51.5,1568.7,86.437
8/12/19 12:36,81.466,51.4,1586.2,86.437
8/12/19 12:36,81.466,51.4,1568.7,86.437
8/12/19 12:36,81.466,51.4,1566.2,86.437
8/12/19 12:36,81.466,51.5,1611.2,86.437
8/12/19 12:36,81.466,51.5,1676.2,86.391
8/12/19 12:36,81.466,51.6,1741.2,86.437
8/12/19 12:36,81.466,51.7,1748.7,86.437
8/12/19 12:36,81.509,51.7,1706.2,86.437
8/12/19 12:36,81.509,51.8,1686.2,86.437
8/12/19 12:36,81.509,51.8,1756.2,86.437
8/12/19 12:36,81.509,51.9,1858.7,86.437
8/12/19 12:36,81.509,51.9,1936.2,86.437
8/12/19 12:36,81.509,52,1951.2,86.391
8/12/19 12:36,81.509,52,1946.2,86.437
8/12/19 12:36,81.554,52.1,1946.2,86.391
8/12/19 12:36,81.554,52.2,1928.7,86.437
8/12/19 12:36,81.554,52.4,1896.2,86.437
8/12/19 12:36,81.554,52.4,1876.2,86.391
8/12/19 12:36,81.554,52.5,1886.2,86.391
8/12/19 12:36,81.597,52.6,1903.7,86.391
8/12/19 12:36,81.597,52.6,1913.7,86.437
8/12/19 12:36,81.597,52.7,1913.7,86.437
8/12/19 12:37,81.597,52.7,1913.7,86.437
8/12/19 12:37,81.642,52.7,1908.7,86.437
8/12/19 12:37,81.642,52.7,1906.2,86.437
8/12/19 12:37,81.642,52.6,1903.7,86.437
8/12/19 12:37,81.642,52.4,1901.2,86.437
8/12/19 12:37,81.687,52.2,1898.7,86.437
8/12/19 12:37,81.687,52.1,1893.7,86.437
8/12/19 12:37,81.687,52,1893.7,86.437
8/12/19 12:37,81.687,52,1891.2,86.437
8/12/19 12:37,81.687,51.9,1883.7,86.437
8/12/19 12:37,81.73,51.8,1881.2,86.437
8/12/19 12:37,81.73,51.7,1878.7,86.437
8/12/19 12:37,81.73,51.7,1881.2,86.437
8/12/19 12:37,81.73,51.7,1883.7,86.437
8/12/19 12:37,81.73,51.7,1883.7,86.437
8/12/19 12:37,81.775,51.7,1881.2,86.437
8/12/19 12:37,81.775,51.6,1881.2,86.437
8/12/19 12:37,81.775,51.5,1881.2,86.437
8/12/19 12:37,81.775,51.5,1878.7,86.437
8/12/19 12:37,81.775,51.4,1881.2,86.437
8/12/19 12:37,81.775,51.4,1876.2,86.437
8/12/19 12:37,81.775,51.4,1878.7,86.437
8/12/19 12:37,81.775,51.4,1876.2,86.437
8/12/19 12:37,81.775,51.5,1876.2,86.437
8/12/19 12:37,81.819,51.5,1876.2,86.437
8/12/19 12:37,81.819,51.6,1873.7,86.437
8/12/19 12:37,81.819,51.6,1873.7,86.437
8/12/19 12:37,81.819,51.6,1873.7,86.437
8/12/19 12:37,81.819,51.5,1868.7,86.437
8/12/19 12:37,81.819,51.5,1871.2,86.437
8/12/19 12:37,81.819,51.4,1871.2,86.437
8/12/19 12:37,81.864,51.4,1868.7,86.437
8/12/19 12:37,81.864,51.4,1868.7,86.437
8/12/19 12:37,81.864,51.4,1868.7,86.437
8/12/19 12:37,81.864,51.5,1871.2,86.437
8/12/19 12:37,81.864,51.4,1866.2,86.437
8/12/19 12:37,81.864,51.4,1866.2,86.437
8/12/19 12:37,81.864,51.5,1866.2,86.437
8/12/19 12:37,81.909,51.5,1866.2,86.437
8/12/19 12:37,81.909,51.7,1863.7,86.437
8/12/19 12:37,81.909,51.8,1863.7,86.437
8/12/19 12:37,81.909,51.9,1866.2,86.437
8/12/19 12:37,81.909,52,1863.7,86.437
8/12/19 12:37,81.909,52.1,1861.2,86.437
8/12/19 12:37,81.909,52.1,1861.2,86.437
8/12/19 12:37,81.952,52.2,1858.7,86.437
8/12/19 12:37,81.952,52.3,1861.2,86.437
8/12/19 12:37,81.952,52.4,1858.7,86.437
8/12/19 12:37,81.952,52.5,1858.7,86.437
8/12/19 12:37,81.952,52.6,1856.2,86.482
8/12/19 12:37,81.952,52.7,1858.7,86.437
8/12/19 12:37,81.997,52.7,1856.2,86.437
8/12/19 12:37,81.997,52.7,1856.2,86.482
8/12/19 12:37,81.997,52.7,1856.2,86.437
8/12/19 12:37,81.997,52.7,1858.7,86.437
8/12/19 12:37,82.042,52.7,1856.2,86.482
8/12/19 12:37,82.042,52.8,1853.7,86.482
8/12/19 12:37,82.042,52.8,1853.7,86.482
8/12/19 12:37,82.042,52.9,1853.7,86.482
8/12/19 12:37,82.085,53,1851.2,86.482
8/12/19 12:38,82.085,53.1,1851.2,86.482
8/12/19 12:38,82.085,53.1,1848.7,86.482
8/12/19 12:38,82.085,53,1851.2,86.482
8/12/19 12:38,82.13,52.9,1848.7,86.482
8/12/19 12:38,82.13,52.8,1848.7,86.482
8/12/19 12:38,82.13,52.7,1846.2,86.482
8/12/19 12:38,82.13,52.5,1846.2,86.482
8/12/19 12:38,82.175,52.2,1846.2,86.482
8/12/19 12:38,82.175,52.1,1843.7,86.482
8/12/19 12:38,82.175,52.1,1841.2,86.482
8/12/19 12:38,82.218,52,1841.2,86.482
8/12/19 12:38,82.218,51.9,1838.7,86.482
8/12/19 12:38,82.218,51.8,1833.7,86.482
8/12/19 12:38,82.218,51.8,1833.7,86.482
8/12/19 12:38,82.218,51.8,1831.2,86.482
8/12/19 12:38,82.218,51.8,1828.7,86.482
8/12/19 12:38,82.263,51.9,1828.7,86.482
8/12/19 12:38,82.263,52,1826.2,86.482
8/12/19 12:38,82.263,52,1823.7,86.482
8/12/19 12:38,82.308,52.1,1823.7,86.482
8/12/19 12:38,82.308,52.2,1823.7,86.527
8/12/19 12:38,82.308,52.4,1818.7,86.527
8/12/19 12:38,82.308,52.6,1818.7,86.527
8/12/19 12:38,82.353,52.6,1813.7,86.527
8/12/19 12:38,82.353,52.5,1816.2,86.527
8/12/19 12:38,82.353,52.3,1816.2,86.527
8/12/19 12:38,82.353,52.2,1813.7,86.527
8/12/19 12:38,82.396,52.2,1813.7,86.527
8/12/19 12:38,82.396,52.1,1811.2,86.527
8/12/19 12:38,82.396,52,1808.7,86.527
8/12/19 12:38,82.396,52,1808.7,86.527
8/12/19 12:38,82.441,51.9,1808.7,86.527
8/12/19 12:38,82.441,51.9,1808.7,86.527
8/12/19 12:38,82.441,51.8,1808.7,86.527
8/12/19 12:38,82.441,51.7,1808.7,86.527
8/12/19 12:38,82.441,51.7,1813.7,86.527
8/12/19 12:38,82.486,51.7,1811.2,86.527
8/12/19 12:38,82.486,51.6,1813.7,86.527
8/12/19 12:38,82.486,51.7,1813.7,86.527
8/12/19 12:38,82.486,51.8,1813.7,86.527
8/12/19 12:38,82.486,51.9,1813.7,86.527
8/12/19 12:38,82.486,52,1811.2,86.527
8/12/19 12:38,82.53,52.1,1816.2,86.527
8/12/19 12:38,82.53,52.1,1813.7,86.527
8/12/19 12:38,82.53,52.2,1816.2,86.527
8/12/19 12:38,82.53,52.3,1818.7,86.527
8/12/19 12:38,82.53,52.3,1818.7,86.527
8/12/19 12:38,82.53,52.3,1818.7,86.527
8/12/19 12:38,82.575,52.3,1818.7,86.527
8/12/19 12:38,82.575,52.3,1816.2,86.527
8/12/19 12:38,82.575,52.3,1816.2,86.572
8/12/19 12:38,82.575,52.4,1813.7,86.527
8/12/19 12:38,82.575,52.5,1816.2,86.572
8/12/19 12:38,82.62,52.6,1818.7,86.572
8/12/19 12:38,82.62,52.6,1818.7,86.572
8/12/19 12:38,82.62,52.5,1816.2,86.572
8/12/19 12:38,82.62,52.5,1818.7,86.572
8/12/19 12:38,82.62,52.6,1818.7,86.572
8/12/19 12:38,82.62,52.6,1813.7,86.572
8/12/19 12:38,82.665,52.5,1818.7,86.572
8/12/19 12:39,82.665,52.5,1818.7,86.572
8/12/19 12:39,82.665,52.5,1818.7,86.572
8/12/19 12:39,82.665,52.5,1816.2,86.572
8/12/19 12:39,82.665,52.6,1816.2,86.572
8/12/19 12:39,82.665,52.6,1816.2,86.572
8/12/19 12:39,82.665,52.6,1816.2,86.572
8/12/19 12:39,82.708,52.5,1813.7,86.572
8/12/19 12:39,82.708,52.4,1813.7,86.572
8/12/19 12:39,82.708,52.4,1816.2,86.572
8/12/19 12:39,82.708,52.3,1816.2,86.572
8/12/19 12:39,82.708,52.1,1818.7,86.572
8/12/19 12:39,82.708,52.2,1818.7,86.572
8/12/19 12:39,82.708,52.1,1818.7,86.572
8/12/19 12:39,82.708,52.1,1818.7,86.572
8/12/19 12:39,82.753,52.2,1818.7,86.572
8/12/19 12:39,82.753,52.2,1818.7,86.572
8/12/19 12:39,82.753,52.2,1818.7,86.572
8/12/19 12:39,82.753,52.1,1818.7,86.572
8/12/19 12:39,82.753,52,1821.2,86.572
8/12/19 12:39,82.753,51.8,1818.7,86.572
8/12/19 12:39,82.753,51.7,1821.2,86.572
8/12/19 12:39,82.753,51.6,1821.2,86.572
8/12/19 12:39,82.753,51.6,1821.2,86.617
8/12/19 12:39,82.753,51.6,1818.7,86.572
8/12/19 12:39,82.753,51.6,1821.2,86.617
8/12/19 12:39,82.753,51.6,1821.2,86.617
8/12/19 12:39,82.753,51.6,1818.7,86.617
8/12/19 12:39,82.753,51.4,1818.7,86.617
8/12/19 12:39,82.753,51.3,1818.7,86.617
8/12/19 12:39,82.753,51.2,1818.7,86.617
8/12/19 12:39,82.753,51.2,1818.7,86.617
8/12/19 12:39,82.753,51.1,1818.7,86.617
8/12/19 12:39,82.753,51.1,1818.7,86.617
8/12/19 12:39,82.753,51.1,1818.7,86.617
8/12/19 12:39,82.753,51.1,1818.7,86.617
8/12/19 12:39,82.753,51,1818.7,86.617
8/12/19 12:39,82.753,51,1821.2,86.617
8/12/19 12:39,82.753,51,1818.7,86.617
8/12/19 12:39,82.753,51,1818.7,86.617
8/12/19 12:39,82.753,51.1,1818.7,86.617
8/12/19 12:39,82.708,51.1,1818.7,86.617
8/12/19 12:39,82.708,51.1,1818.7,86.617
8/12/19 12:39,82.708,51,1818.7,86.617
8/12/19 12:39,82.708,51,1816.2,86.617
8/12/19 12:39,82.708,51.1,1821.2,86.617
8/12/19 12:39,82.708,51.2,1818.7,86.617
8/12/19 12:39,82.708,51.2,1818.7,86.617
8/12/19 12:39,82.708,51.3,1816.2,86.617
8/12/19 12:39,82.708,51.3,1818.7,86.617
8/12/19 12:39,82.708,51.3,1818.7,86.617
8/12/19 12:39,82.665,51.3,1818.7,86.617
8/12/19 12:39,82.708,51.4,1818.7,86.617
8/12/19 12:39,82.708,51.5,1818.7,86.617
8/12/19 12:39,82.665,51.5,1816.2,86.617
8/12/19 12:39,82.708,51.5,1816.2,86.617
8/12/19 12:39,82.665,51.5,1816.2,86.617
8/12/19 12:39,82.708,51.6,1816.2,86.617
8/12/19 12:39,82.708,51.5,1813.7,86.617
8/12/19 12:39,82.708,51.5,1813.7,86.617
8/12/19 12:39,82.708,51.6,1813.7,86.617
8/12/19 12:40,82.708,51.7,1813.7,86.664
8/12/19 12:40,82.708,51.9,1813.7,86.617
8/12/19 12:40,82.708,52,1816.2,86.664
8/12/19 12:40,82.708,52,1813.7,86.664
8/12/19 12:40,82.708,52,1816.2,86.617
8/12/19 12:40,82.708,51.9,1816.2,86.664
8/12/19 12:40,82.708,51.8,1813.7,86.617
8/12/19 12:40,82.708,51.7,1811.2,86.664
8/12/19 12:40,82.753,51.6,1813.7,86.664
8/12/19 12:40,82.753,51.6,1813.7,86.664
8/12/19 12:40,82.753,51.5,1811.2,86.664
8/12/19 12:40,82.753,51.4,1811.2,86.664
8/12/19 12:40,82.753,51.3,1811.2,86.664
8/12/19 12:40,82.753,51.1,1811.2,86.664
8/12/19 12:40,82.753,50.9,1808.7,86.664
8/12/19 12:40,82.753,50.8,1811.2,86.664
8/12/19 12:40,82.753,50.6,1808.7,86.664
8/12/19 12:40,82.753,50.4,1811.2,86.664
8/12/19 12:40,82.753,50.2,1811.2,86.664
8/12/19 12:40,82.753,50.1,1811.2,86.664
8/12/19 12:40,82.753,50,1808.7,86.664
8/12/19 12:40,82.753,50,1811.2,86.664
8/12/19 12:40,82.753,49.9,1808.7,86.664
8/12/19 12:40,82.753,49.9,1811.2,86.664
8/12/19 12:40,82.708,49.9,1808.7,86.664
8/12/19 12:40,82.708,49.9,1806.2,86.664
8/12/19 12:40,82.708,49.9,1808.7,86.664
8/12/19 12:40,82.708,49.9,1813.7,86.664
8/12/19 12:40,82.708,49.9,1808.7,86.664
8/12/19 12:40,82.708,50,1808.7,86.664
8/12/19 12:40,82.665,50,1808.7,86.664
8/12/19 12:40,82.665,50.1,1806.2,86.664
8/12/19 12:40,82.665,50.1,1806.2,86.664
8/12/19 12:40,82.665,50.1,1808.7,86.664
8/12/19 12:40,82.665,50.2,1806.2,86.664
8/12/19 12:40,82.665,50.2,1806.2,86.664
8/12/19 12:40,82.665,50.3,1808.7,86.664
8/12/19 12:40,82.665,50.4,1806.2,86.664
8/12/19 12:40,82.665,50.5,1806.2,86.664
8/12/19 12:40,82.665,50.6,1808.7,86.664
8/12/19 12:40,82.665,50.7,1808.7,86.664
8/12/19 12:40,82.665,50.8,1808.7,86.664
8/12/19 12:40,82.665,50.9,1806.2,86.664
8/12/19 12:40,82.665,50.9,1808.7,86.664
8/12/19 12:40,82.665,50.9,1806.2,86.664
8/12/19 12:40,82.665,50.9,1806.2,86.664
8/12/19 12:40,82.665,50.9,1808.7,86.664
8/12/19 12:40,82.665,50.8,1806.2,86.664
8/12/19 12:40,82.665,50.8,1808.7,86.664
8/12/19 12:40,82.665,50.8,1803.7,86.709
8/12/19 12:40,82.665,50.7,1808.7,86.664
8/12/19 12:40,82.665,50.7,1806.2,86.664
8/12/19 12:40,82.665,50.7,1806.2,86.709
8/12/19 12:40,82.665,50.9,1801.2,86.664
8/12/19 12:40,82.665,51,1801.2,86.664
8/12/19 12:40,82.665,51.2,1801.2,86.709
8/12/19 12:40,82.665,51.4,1798.7,86.664
8/12/19 12:40,82.665,51.6,1801.2,86.664
8/12/19 12:40,82.665,51.9,1801.2,86.709
8/12/19 12:40,82.665,52,1801.2,86.709
8/12/19 12:41,82.665,52.2,1801.2,86.709
8/12/19 12:41,82.665,52.1,1801.2,86.709
8/12/19 12:41,82.665,52.2,1801.2,86.709
8/12/19 12:41,82.665,52.2,1803.7,86.709
8/12/19 12:41,82.665,52.1,1806.2,86.709
8/12/19 12:41,82.665,52.2,1803.7,86.709
8/12/19 12:41,82.665,52.2,1801.2,86.709
8/12/19 12:41,82.665,52.1,1803.7,86.709
8/12/19 12:41,82.665,52.2,1803.7,86.709
8/12/19 12:41,82.708,52.2,1808.7,86.709
8/12/19 12:41,82.708,52.2,1803.7,86.709
8/12/19 12:41,82.708,52.2,1801.2,86.709
8/12/19 12:41,82.708,52.1,1801.2,86.709
8/12/19 12:41,82.708,52.1,1801.2,86.709
8/12/19 12:41,82.708,52.2,1801.2,86.709
8/12/19 12:41,82.708,52.1,1801.2,86.709
8/12/19 12:41,82.708,52.1,1801.2,86.709
8/12/19 12:41,82.708,52.1,1803.7,86.709
8/12/19 12:41,82.708,52.1,1801.2,86.709
8/12/19 12:41,82.708,52.1,1798.7,86.709
8/12/19 12:41,82.753,52,1798.7,86.709
8/12/19 12:41,82.753,51.9,1796.2,86.709
8/12/19 12:41,82.753,51.9,1798.7,86.709
8/12/19 12:41,82.753,51.9,1798.7,86.709
8/12/19 12:41,82.753,51.9,1793.7,86.709
8/12/19 12:41,82.753,52,1798.7,86.709
8/12/19 12:41,82.753,52.1,1798.7,86.709
8/12/19 12:41,82.753,52.1,1793.7,86.709
8/12/19 12:41,82.753,52.2,1796.2,86.709
8/12/19 12:41,82.798,52.1,1793.7,86.709
8/12/19 12:41,82.798,52.2,1796.2,86.709
8/12/19 12:41,82.798,52.3,1793.7,86.709
8/12/19 12:41,82.798,52.4,1793.7,86.709
8/12/19 12:41,82.798,52.6,1793.7,86.709
8/12/19 12:41,82.798,52.8,1791.2,86.709
8/12/19 12:41,82.798,52.8,1793.7,86.709
8/12/19 12:41,82.798,52.9,1793.7,86.709
8/12/19 12:41,82.841,52.8,1796.2,86.709
8/12/19 12:41,82.841,52.8,1793.7,86.709
8/12/19 12:41,82.841,52.7,1796.2,86.709
8/12/19 12:41,82.841,52.6,1796.2,86.709
8/12/19 12:41,82.841,52.5,1796.2,86.709
8/12/19 12:41,82.841,52.3,1796.2,86.754
8/12/19 12:41,82.886,52.2,1798.7,86.754
8/12/19 12:41,82.886,52.1,1798.7,86.754
8/12/19 12:41,82.886,52,1796.2,86.754
8/12/19 12:41,82.886,51.9,1796.2,86.754
8/12/19 12:41,82.886,51.6,1793.7,86.754
8/12/19 12:41,82.886,51.6,1796.2,86.754
8/12/19 12:41,82.931,51.3,1796.2,86.754
8/12/19 12:41,82.931,51.2,1793.7,86.754
8/12/19 12:41,82.931,51,1793.7,86.754
8/12/19 12:41,82.931,50.9,1796.2,86.754
8/12/19 12:41,82.931,50.8,1793.7,86.754
8/12/19 12:41,82.931,50.7,1796.2,86.754
8/12/19 12:41,82.931,50.6,1793.7,86.754
8/12/19 12:41,82.931,50.5,1788.7,86.754
8/12/19 12:41,82.931,50.5,1788.7,86.754
8/12/19 12:41,82.931,50.5,1786.2,86.754
8/12/19 12:41,82.931,50.6,1786.2,86.754
8/12/19 12:42,82.931,50.6,1786.2,86.754
8/12/19 12:42,82.931,50.7,1786.2,86.754
8/12/19 12:42,82.931,50.7,1783.7,86.754
8/12/19 12:42,82.931,50.9,1786.2,86.754
8/12/19 12:42,82.931,50.9,1786.2,86.754
8/12/19 12:42,82.931,51,1778.7,86.754
8/12/19 12:42,82.931,51.1,1776.2,86.754
8/12/19 12:42,82.931,51.3,1773.7,86.754
8/12/19 12:42,82.931,51.4,1768.7,86.754
8/12/19 12:42,82.931,51.5,1768.7,86.754
8/12/19 12:42,82.931,51.5,1771.2,86.754
8/12/19 12:42,82.931,51.5,1771.2,86.754
8/12/19 12:42,82.931,51.6,1771.2,86.754
8/12/19 12:42,82.931,51.6,1773.7,86.754
8/12/19 12:42,82.931,51.7,1776.2,86.754
8/12/19 12:42,82.931,51.8,1778.7,86.754
8/12/19 12:42,82.931,51.8,1781.2,86.754
8/12/19 12:42,82.931,51.8,1781.2,86.754
8/12/19 12:42,82.976,51.8,1778.7,86.754
8/12/19 12:42,82.976,51.6,1783.7,86.754
8/12/19 12:42,82.976,51.5,1786.2,86.799
8/12/19 12:42,82.976,51.5,1786.2,86.799
8/12/19 12:42,82.976,51.4,1788.7,86.754
8/12/19 12:42,82.976,51.4,1791.2,86.754
8/12/19 12:42,82.976,51.4,1793.7,86.799
8/12/19 12:42,83.021,51.4,1793.7,86.799
8/12/19 12:42,83.021,51.4,1793.7,86.799
8/12/19 12:42,83.021,51.4,1793.7,86.799
8/12/19 12:42,83.021,51.5,1796.2,86.799
8/12/19 12:42,83.021,51.6,1798.7,86.799
8/12/19 12:42,83.021,51.6,1798.7,86.799
8/12/19 12:42,83.021,51.5,1796.2,86.799
8/12/19 12:42,83.021,51.4,1798.7,86.799
8/12/19 12:42,83.021,51.2,1798.7,86.799
8/12/19 12:42,83.064,51.1,1801.2,86.799
8/12/19 12:42,83.064,50.9,1801.2,86.799
8/12/19 12:42,83.064,50.7,1801.2,86.799
8/12/19 12:42,83.064,50.5,1803.7,86.799
8/12/19 12:42,83.064,50.3,1806.2,86.799
8/12/19 12:42,83.064,50.2,1806.2,86.799
8/12/19 12:42,83.064,50.3,1806.2,86.799
8/12/19 12:42,83.064,50.2,1808.7,86.799
8/12/19 12:42,83.064,50.3,1808.7,86.799
8/12/19 12:42,83.064,50.3,1806.2,86.799
8/12/19 12:42,83.064,50.3,1811.2,86.799
8/12/19 12:42,83.064,50.4,1813.7,86.799
8/12/19 12:42,83.064,50.5,1811.2,86.799
8/12/19 12:42,83.064,50.6,1816.2,86.799
8/12/19 12:42,83.064,50.6,1811.2,86.799
8/12/19 12:42,83.064,50.7,1811.2,86.799
8/12/19 12:42,83.064,50.9,1813.7,86.799
8/12/19 12:42,83.064,50.9,1811.2,86.799
8/12/19 12:42,83.064,50.9,1811.2,86.799
8/12/19 12:42,83.064,50.9,1811.2,86.799
8/12/19 12:42,83.064,50.9,1811.2,86.799
8/12/19 12:42,83.064,50.9,1808.7,86.799
8/12/19 12:42,83.064,50.8,1811.2,86.799
8/12/19 12:42,83.064,50.6,1808.7,86.799
8/12/19 12:42,83.064,50.3,1808.7,86.799
8/12/19 12:42,83.064,50.2,1808.7,86.844
8/12/19 12:43,83.064,50,1808.7,86.844
8/12/19 12:43,83.064,49.8,1811.2,86.799
8/12/19 12:43,83.064,49.7,1808.7,86.844
8/12/19 12:43,83.064,49.7,1808.7,86.844
8/12/19 12:43,83.064,49.6,1811.2,86.844
8/12/19 12:43,83.064,49.5,1813.7,86.844
8/12/19 12:43,83.064,49.5,1811.2,86.844
8/12/19 12:43,83.021,49.6,1806.2,86.844
8/12/19 12:43,83.021,49.7,1808.7,86.844
8/12/19 12:43,83.021,49.8,1808.7,86.844
8/12/19 12:43,83.021,50,1808.7,86.844
8/12/19 12:43,83.021,50.1,1808.7,86.844
8/12/19 12:43,83.021,50.1,1806.2,86.844
8/12/19 12:43,83.021,50,1808.7,86.844
8/12/19 12:43,83.021,49.9,1806.2,86.844
8/12/19 12:43,83.021,49.7,1806.2,86.844
8/12/19 12:43,83.021,49.6,1803.7,86.844
8/12/19 12:43,83.021,49.5,1806.2,86.844
8/12/19 12:43,83.021,49.5,1806.2,86.844
8/12/19 12:43,83.021,49.4,1801.2,86.844
8/12/19 12:43,83.021,49.3,1808.7,86.844
8/12/19 12:43,83.021,49.3,1808.7,86.844
8/12/19 12:43,83.021,49.2,1808.7,86.844
8/12/19 12:43,83.021,49.1,1811.2,86.844
8/12/19 12:43,83.021,49.2,1811.2,86.844
8/12/19 12:43,83.021,49.3,1808.7,86.844
8/12/19 12:43,82.976,49.4,1808.7,86.844
8/12/19 12:43,82.976,49.5,1808.7,86.844
8/12/19 12:43,82.976,49.5,1808.7,86.844
8/12/19 12:43,82.976,49.6,1811.2,86.844
8/12/19 12:43,82.976,49.7,1811.2,86.844
8/12/19 12:43,82.976,49.9,1808.7,86.891
8/12/19 12:43,82.976,49.9,1811.2,86.891
8/12/19 12:43,82.976,50,1808.7,86.891
8/12/19 12:43,82.976,50,1811.2,86.844
8/12/19 12:43,82.976,50,1813.7,86.891
8/12/19 12:43,82.976,50.1,1808.7,86.891
8/12/19 12:43,82.976,50.3,1813.7,86.891
8/12/19 12:43,83.021,50.3,1813.7,86.891
8/12/19 12:43,83.021,50.4,1811.2,86.891
8/12/19 12:43,83.021,50.6,1813.7,86.891
8/12/19 12:43,83.021,50.7,1813.7,86.891
8/12/19 12:43,83.021,50.8,1813.7,86.891
8/12/19 12:43,83.021,50.8,1813.7,86.891
8/12/19 12:43,83.021,50.8,1818.7,86.891
8/12/19 12:43,83.021,50.8,1813.7,86.891
8/12/19 12:43,83.021,50.9,1816.2,86.891
8/12/19 12:43,83.064,50.9,1816.2,86.891
8/12/19 12:43,83.064,50.9,1816.2,86.891
8/12/19 12:43,83.064,50.9,1816.2,86.891
8/12/19 12:43,83.064,50.9,1818.7,86.891
8/12/19 12:43,83.064,50.8,1816.2,86.891
8/12/19 12:43,83.064,50.6,1818.7,86.891
8/12/19 12:43,83.064,50.4,1816.2,86.891
8/12/19 12:43,83.064,50.3,1818.7,86.891
8/12/19 12:43,83.064,50.1,1816.2,86.891
8/12/19 12:43,83.064,50,1816.2,86.891
8/12/19 12:43,83.064,50,1818.7,86.891
8/12/19 12:43,83.064,50,1816.2,86.891
8/12/19 12:43,83.064,50.1,1816.2,86.891
8/12/19 12:44,83.064,50.1,1816.2,86.891
8/12/19 12:44,83.064,50,1816.2,86.891
8/12/19 12:44,83.064,49.8,1816.2,86.891
8/12/19 12:44,83.064,49.7,1816.2,86.891
8/12/19 12:44,83.064,49.6,1816.2,86.891
8/12/19 12:44,83.064,49.5,1813.7,86.891
8/12/19 12:44,83.064,49.4,1811.2,86.891
8/12/19 12:44,83.064,49.3,1813.7,86.891
8/12/19 12:44,83.064,49.3,1813.7,86.891
8/12/19 12:44,83.064,49.2,1813.7,86.891
8/12/19 12:44,83.021,49.2,1811.2,86.891
8/12/19 12:44,83.021,49.2,1813.7,86.891
8/12/19 12:44,83.021,49.2,1813.7,86.891
8/12/19 12:44,83.021,49.3,1813.7,86.891
8/12/19 12:44,83.021,49.3,1816.2,86.891
8/12/19 12:44,82.976,49.4,1816.2,86.936
8/12/19 12:44,82.976,49.4,1818.7,86.936
8/12/19 12:44,82.976,49.5,1818.7,86.936
8/12/19 12:44,82.976,49.6,1821.2,86.891
8/12/19 12:44,82.976,49.7,1821.2,86.936
8/12/19 12:44,82.931,49.9,1821.2,86.936
8/12/19 12:44,82.931,50,1821.2,86.936
8/12/19 12:44,82.931,50.1,1818.7,86.936
8/12/19 12:44,82.931,50.2,1818.7,86.936
8/12/19 12:44,82.931,50.2,1826.2,86.936
8/12/19 12:44,82.931,50.4,1826.2,86.936
8/12/19 12:44,82.931,50.5,1823.7,86.936
8/12/19 12:44,82.931,50.7,1823.7,86.936
8/12/19 12:44,82.931,50.7,1826.2,86.936
8/12/19 12:44,82.931,50.7,1826.2,86.936
8/12/19 12:44,82.931,50.7,1826.2,86.936
8/12/19 12:44,82.931,50.7,1821.2,86.936
8/12/19 12:44,82.931,50.6,1826.2,86.936
8/12/19 12:44,82.931,50.6,1826.2,86.936
8/12/19 12:44,82.931,50.6,1826.2,86.936
8/12/19 12:44,82.931,50.7,1826.2,86.936
8/12/19 12:44,82.931,50.7,1826.2,86.936
8/12/19 12:44,82.931,50.6,1826.2,86.936
8/12/19 12:44,82.931,50.6,1823.7,86.936
8/12/19 12:44,82.931,50.6,1821.2,86.936
8/12/19 12:44,82.931,50.6,1826.2,86.981
8/12/19 12:44,82.931,50.6,1823.7,86.936
8/12/19 12:44,82.931,50.7,1828.7,86.981
8/12/19 12:44,82.931,50.7,1823.7,86.981
8/12/19 12:44,82.931,50.8,1826.2,86.981
8/12/19 12:44,82.931,50.9,1828.7,86.981
8/12/19 12:44,82.931,50.9,1826.2,86.981
8/12/19 12:44,82.976,50.9,1828.7,86.981
8/12/19 12:44,82.976,51,1823.7,86.981
8/12/19 12:44,82.976,51.1,1826.2,86.981
8/12/19 12:44,82.976,51.1,1823.7,86.981
8/12/19 12:44,82.976,51.2,1828.7,86.981
8/12/19 12:44,82.976,51.3,1826.2,86.981
8/12/19 12:44,82.976,51.4,1823.7,86.981
8/12/19 12:44,82.976,51.4,1823.7,86.981
8/12/19 12:44,82.976,51.5,1826.2,86.981
8/12/19 12:44,82.976,51.5,1826.2,86.981
8/12/19 12:44,82.976,51.5,1826.2,86.981
8/12/19 12:44,82.976,51.5,1818.7,86.981
8/12/19 12:44,83.021,51.4,1821.2,86.981
8/12/19 12:45,83.021,51.4,1821.2,86.981
8/12/19 12:45,83.021,51.3,1821.2,86.981
8/12/19 12:45,83.021,51.3,1823.7,86.981
8/12/19 12:45,83.021,51.2,1818.7,86.981
8/12/19 12:45,83.021,51.2,1821.2,86.981
8/12/19 12:45,83.021,51.1,1818.7,86.981
8/12/19 12:45,83.064,51,1821.2,86.981
8/12/19 12:45,83.064,51,1756.2,86.981
8/12/19 12:45,83.064,51,1773.7,86.981
8/12/19 12:45,83.064,51,866.2,86.981
8/12/19 12:45,83.064,51.2,791.2,86.981
8/12/19 12:45,83.064,51.2,1823.7,86.981
8/12/19 12:45,83.109,51.2,1818.7,86.981
8/12/19 12:45,83.109,51.2,1818.7,86.981
8/12/19 12:45,83.109,51.2,1818.7,87.028
8/12/19 12:45,83.109,51.1,1821.2,87.028
8/12/19 12:45,83.109,51.1,1818.7,87.028
8/12/19 12:45,83.109,51.1,1818.7,87.028
8/12/19 12:45,83.154,51.1,1818.7,86.981
8/12/19 12:45,83.154,51.1,1818.7,87.028
8/12/19 12:45,83.154,51.1,1821.2,87.028
8/12/19 12:45,83.154,51.2,1821.2,87.028
8/12/19 12:45,83.154,51.2,1821.2,87.028
8/12/19 12:45,83.199,51.2,1826.2,87.028
8/12/19 12:45,83.199,51.2,1826.2,87.028
8/12/19 12:45,83.199,51.2,1826.2,87.028
8/12/19 12:45,83.199,51.1,1826.2,87.028
8/12/19 12:45,83.199,51,1826.2,87.028
8/12/19 12:45,83.242,50.9,1826.2,87.028
8/12/19 12:45,83.242,50.9,1828.7,87.028
8/12/19 12:45,83.242,50.9,1831.2,87.028
8/12/19 12:45,83.242,50.9,1833.7,87.028
8/12/19 12:45,83.242,50.9,1833.7,87.028
8/12/19 12:45,83.242,50.7,1838.7,87.028
8/12/19 12:45,83.242,50.6,1836.2,87.028
8/12/19 12:45,83.242,50.4,1836.2,87.028
8/12/19 12:45,83.242,50.3,1836.2,87.028
8/12/19 12:45,83.287,50.1,1836.2,87.073
8/12/19 12:45,83.287,50.1,1836.2,87.073
8/12/19 12:45,83.287,50,1836.2,87.073
8/12/19 12:45,83.242,49.8,1838.7,87.073
8/12/19 12:45,83.242,49.6,1838.7,87.028
8/12/19 12:45,83.287,49.5,1838.7,87.073
8/12/19 12:45,83.242,49.3,1838.7,87.073
8/12/19 12:45,83.242,49.2,1838.7,87.073
8/12/19 12:45,83.242,49.1,1841.2,87.073
8/12/19 12:45,83.242,49,1841.2,87.073
8/12/19 12:45,83.242,48.9,1843.7,87.073
8/12/19 12:45,83.242,48.8,1841.2,87.073
8/12/19 12:45,83.242,48.7,1841.2,87.073
8/12/19 12:45,83.242,48.7,1846.2,87.073
8/12/19 12:45,83.242,48.6,1843.7,87.073
8/12/19 12:45,83.199,48.6,1843.7,87.073
8/12/19 12:45,83.199,48.7,1846.2,87.073
8/12/19 12:45,83.199,48.7,1846.2,87.073
8/12/19 12:45,83.199,48.7,1848.7,87.073
8/12/19 12:45,83.199,48.8,1846.2,87.073
8/12/19 12:45,83.154,48.9,1846.2,87.073
8/12/19 12:45,83.154,48.9,1846.2,87.073
8/12/19 12:45,83.154,49,1848.7,87.073
8/12/19 12:46,83.154,49.1,1848.7,87.073
8/12/19 12:46,83.154,49.3,1848.7,87.073
8/12/19 12:46,83.154,49.3,1851.2,87.073
8/12/19 12:46,83.154,49.4,1851.2,87.073
8/12/19 12:46,83.154,49.4,1853.7,87.073
8/12/19 12:46,83.154,49.3,1856.2,87.073
8/12/19 12:46,83.154,49.3,1856.2,87.073
8/12/19 12:46,83.154,49.3,1853.7,87.118
8/12/19 12:46,83.154,49.3,1856.2,87.118
8/12/19 12:46,83.154,49.2,1856.2,87.118
8/12/19 12:46,83.154,49.2,1858.7,87.118
8/12/19 12:46,83.154,49.1,1861.2,87.118
8/12/19 12:46,83.154,49.1,1861.2,87.118
8/12/19 12:46,83.154,49,1861.2,87.118
8/12/19 12:46,83.154,49,1861.2,87.118
8/12/19 12:46,83.199,49,1863.7,87.118
8/12/19 12:46,83.154,49,1866.2,87.118
8/12/19 12:46,83.154,49,1863.7,87.118
8/12/19 12:46,83.154,49,1863.7,87.118
8/12/19 12:46,83.154,49,1866.2,87.118
8/12/19 12:46,83.154,49,1868.7,87.118
8/12/19 12:46,83.154,49.1,1868.7,87.118
8/12/19 12:46,83.154,49.2,1866.2,87.118
8/12/19 12:46,83.199,49.3,1866.2,87.118
8/12/19 12:46,83.199,49.3,1871.2,87.118
8/12/19 12:46,83.199,49.3,1871.2,87.118
8/12/19 12:46,83.199,49.3,1868.7,87.118
8/12/19 12:46,83.199,49.3,1866.2,87.118
8/12/19 12:46,83.199,49.3,1871.2,87.118
8/12/19 12:46,83.199,49.4,1873.7,87.118
8/12/19 12:46,83.199,49.5,1873.7,87.163
8/12/19 12:46,83.199,49.5,1873.7,87.163
8/12/19 12:46,83.242,49.6,1876.2,87.163
8/12/19 12:46,83.242,49.7,1873.7,87.163
8/12/19 12:46,83.242,49.9,1876.2,87.163
8/12/19 12:46,83.242,49.9,1873.7,87.163
8/12/19 12:46,83.242,50,1873.7,87.163
8/12/19 12:46,83.242,50,1873.7,87.163
8/12/19 12:46,83.242,50,1873.7,87.163
8/12/19 12:46,83.287,50.1,1876.2,87.163
8/12/19 12:46,83.287,50.1,1873.7,87.163
8/12/19 12:46,83.287,50.2,1873.7,87.163
8/12/19 12:46,83.287,50.3,1873.7,87.163
8/12/19 12:46,83.287,50.2,1876.2,87.163
8/12/19 12:46,83.287,50.3,1876.2,87.163
8/12/19 12:46,83.287,50.3,1881.2,87.163
8/12/19 12:46,83.332,50.4,1881.2,87.163
8/12/19 12:46,83.332,50.4,1876.2,87.163
8/12/19 12:46,83.332,50.6,1883.7,87.163
8/12/19 12:46,83.332,50.7,1883.7,87.163
8/12/19 12:46,83.377,50.7,1883.7,87.163
8/12/19 12:46,83.377,50.6,1883.7,87.21
8/12/19 12:46,83.377,50.5,1883.7,87.21
8/12/19 12:46,83.377,50.4,1886.2,87.163
8/12/19 12:46,83.377,50.4,1886.2,87.21
8/12/19 12:46,83.422,50.3,1883.7,87.21
8/12/19 12:46,83.422,50.2,1886.2,87.21
8/12/19 12:46,83.422,50.2,1886.2,87.21
8/12/19 12:46,83.422,50,1886.2,87.21
8/12/19 12:46,83.422,49.7,1886.2,87.21
8/12/19 12:47,83.467,49.5,1886.2,87.21
8/12/19 12:47,83.467,49.5,1888.7,87.21
8/12/19 12:47,83.467,49.3,1886.2,87.21
8/12/19 12:47,83.467,49.3,1886.2,87.21
8/12/19 12:47,83.467,49.2,1888.7,87.21
8/12/19 12:47,83.467,49.2,1886.2,87.21
8/12/19 12:47,83.467,49.2,1888.7,87.21
8/12/19 12:47,83.467,49.2,1886.2,87.21
8/12/19 12:47,83.467,49.3,1886.2,87.21
8/12/19 12:47,83.467,49.4,1886.2,87.21
8/12/19 12:47,83.467,49.5,1886.2,87.21
8/12/19 12:47,83.467,49.5,1886.2,87.255
8/12/19 12:47,83.467,49.5,1886.2,87.21
8/12/19 12:47,83.511,49.6,1886.2,87.255
8/12/19 12:47,83.467,49.6,1886.2,87.255
8/12/19 12:47,83.511,49.7,1886.2,87.255
8/12/19 12:47,83.511,49.7,1888.7,87.255
8/12/19 12:47,83.511,49.7,1888.7,87.255
8/12/19 12:47,83.511,49.8,1886.2,87.255
8/12/19 12:47,83.511,49.9,1886.2,87.255
8/12/19 12:47,83.511,50,1888.7,87.255
8/12/19 12:47,83.511,50,1888.7,87.255
8/12/19 12:47,83.511,50.1,1886.2,87.255
8/12/19 12:47,83.511,50,1886.2,87.255
8/12/19 12:47,83.511,50,1886.2,87.255
8/12/19 12:47,83.511,50.1,1886.2,87.255
8/12/19 12:47,83.556,50.2,1886.2,87.255
8/12/19 12:47,83.556,50.2,1888.7,87.255
8/12/19 12:47,83.556,50.2,1888.7,87.255
8/12/19 12:47,83.556,50.2,1888.7,87.255
8/12/19 12:47,83.556,50.3,1888.7,87.255
8/12/19 12:47,83.556,50.2,1888.7,87.255
8/12/19 12:47,83.556,50.2,1891.2,87.255
8/12/19 12:47,83.556,50.3,1893.7,87.255
8/12/19 12:47,83.556,50.2,1896.2,87.255
8/12/19 12:47,83.556,50.1,1893.7,87.255
8/12/19 12:47,83.556,50.1,1896.2,87.255
8/12/19 12:47,83.556,50,1893.7,87.255
8/12/19 12:47,83.556,49.9,1891.2,87.255
8/12/19 12:47,83.556,49.7,1896.2,87.3
8/12/19 12:47,83.556,49.6,1893.7,87.255
8/12/19 12:47,83.556,49.6,1896.2,87.3
8/12/19 12:47,83.556,49.7,1893.7,87.3
8/12/19 12:47,83.556,49.7,1896.2,87.3
8/12/19 12:47,83.556,49.7,1888.7,87.3
8/12/19 12:47,83.556,49.9,1891.2,87.3
8/12/19 12:47,83.511,49.9,1891.2,87.3
8/12/19 12:47,83.511,49.9,1886.2,87.3
8/12/19 12:47,83.511,49.9,1886.2,87.3
8/12/19 12:47,83.556,49.9,1891.2,87.3
8/12/19 12:47,83.511,49.8,1888.7,87.3
8/12/19 12:47,83.511,49.6,1891.2,87.3
8/12/19 12:47,83.511,49.5,1893.7,87.3
8/12/19 12:47,83.511,49.4,1891.2,87.3
8/12/19 12:47,83.511,49.4,1888.7,87.3
8/12/19 12:47,83.511,49.4,1893.7,87.3
8/12/19 12:47,83.511,49.3,1893.7,87.3
8/12/19 12:47,83.511,49.3,1891.2,87.3
8/12/19 12:47,83.511,49.2,1893.7,87.3
8/12/19 12:47,83.511,49,1893.7,87.3
8/12/19 12:48,83.511,48.9,1893.7,87.3
8/12/19 12:48,83.511,48.9,1893.7,87.346
8/12/19 12:48,83.511,48.8,1891.2,87.3
8/12/19 12:48,83.467,48.8,1891.2,87.346
8/12/19 12:48,83.467,48.8,1888.7,87.346
8/12/19 12:48,83.467,48.7,1886.2,87.346
8/12/19 12:48,83.467,48.6,1886.2,87.346
8/12/19 12:48,83.467,48.5,1883.7,87.346
8/12/19 12:48,83.467,48.4,1878.7,87.3
8/12/19 12:48,83.467,48.5,1878.7,87.346
8/12/19 12:48,83.467,48.5,1883.7,87.346
8/12/19 12:48,83.422,48.5,1886.2,87.346
8/12/19 12:48,83.422,48.6,1886.2,87.346
8/12/19 12:48,83.422,48.7,1886.2,87.346
8/12/19 12:48,83.422,48.8,1886.2,87.346
8/12/19 12:48,83.422,48.9,1891.2,87.346
8/12/19 12:48,83.422,49,1888.7,87.346
8/12/19 12:48,83.377,49,1888.7,87.346
8/12/19 12:48,83.377,49,1881.2,87.346
8/12/19 12:48,83.377,49,1881.2,87.346
8/12/19 12:48,83.377,49,1878.7,87.346
8/12/19 12:48,83.377,49,1873.7,87.346
8/12/19 12:48,83.377,49,1873.7,87.346
8/12/19 12:48,83.377,49,1878.7,87.346
8/12/19 12:48,83.332,49,1883.7,87.346
8/12/19 12:48,83.332,48.9,1888.7,87.346
8/12/19 12:48,83.332,48.9,1891.2,87.346
8/12/19 12:48,83.332,48.9,1891.2,87.346
8/12/19 12:48,83.332,48.9,1893.7,87.346
8/12/19 12:48,83.332,48.9,1886.2,87.346
8/12/19 12:48,83.332,48.9,1871.2,87.346
8/12/19 12:48,83.287,48.9,1873.7,87.346
8/12/19 12:48,83.287,48.8,1868.7,87.346
8/12/19 12:48,83.287,48.5,1838.7,87.346
8/12/19 12:48,83.287,48.4,1801.2,87.346
8/12/19 12:48,83.287,48.3,1811.2,87.391
8/12/19 12:48,83.287,48.2,1818.7,87.391
8/12/19 12:48,83.287,48.2,1831.2,87.391
8/12/19 12:48,83.242,48.2,1866.2,87.391
8/12/19 12:48,83.242,48.1,1886.2,87.391
8/12/19 12:48,83.242,48.1,1896.2,87.391
8/12/19 12:48,83.242,48.2,1901.2,87.391
8/12/19 12:48,83.199,48.2,1906.2,87.391
8/12/19 12:48,83.199,48.2,1913.7,87.391
8/12/19 12:48,83.199,48.1,1913.7,87.391
8/12/19 12:48,83.199,48.1,1921.2,87.391
8/12/19 12:48,83.199,48.1,1923.7,87.391
8/12/19 12:48,83.154,48.2,1923.7,87.391
8/12/19 12:48,83.154,48.2,1926.2,87.391
8/12/19 12:48,83.154,48.3,1921.2,87.391
8/12/19 12:48,83.154,48.4,1923.7,87.391
8/12/19 12:48,83.154,48.5,1926.2,87.391
8/12/19 12:48,83.154,48.7,1923.7,87.391
8/12/19 12:48,83.109,48.8,1923.7,87.391
8/12/19 12:48,83.109,48.9,1926.2,87.391
8/12/19 12:48,83.109,48.9,1926.2,87.391
8/12/19 12:48,83.109,48.9,1928.7,87.391
8/12/19 12:48,83.109,48.8,1931.2,87.391
8/12/19 12:48,83.109,48.6,1931.2,87.391
8/12/19 12:48,83.109,48.5,1928.7,87.391
8/12/19 12:49,83.109,48.4,1928.7,87.391
8/12/19 12:49,83.109,48.3,1926.2,87.391
8/12/19 12:49,83.064,48.2,1923.7,87.391
8/12/19 12:49,83.064,48.2,1923.7,87.391
8/12/19 12:49,83.064,48.2,1921.2,87.391
8/12/19 12:49,83.064,48.2,1921.2,87.391
8/12/19 12:49,83.064,48.2,1921.2,87.391
8/12/19 12:49,83.064,48.2,1918.7,87.391
8/12/19 12:49,83.064,48.3,1921.2,87.391
8/12/19 12:49,83.064,48.4,1921.2,87.391
8/12/19 12:49,83.064,48.5,1921.2,87.391
8/12/19 12:49,83.021,48.5,1923.7,87.391
8/12/19 12:49,83.021,48.6,1921.2,87.391
8/12/19 12:49,83.021,48.7,1918.7,87.436
8/12/19 12:49,83.021,48.8,1918.7,87.391
8/12/19 12:49,83.021,48.9,1913.7,87.436
8/12/19 12:49,83.021,49,1906.2,87.436
8/12/19 12:49,83.021,49.2,1906.2,87.436
8/12/19 12:49,83.021,49.3,1901.2,87.436
8/12/19 12:49,83.021,49.3,1903.7,87.436
8/12/19 12:49,83.021,49.3,1921.2,87.436
8/12/19 12:49,83.021,49.5,1926.2,87.436
8/12/19 12:49,83.021,49.6,1933.7,87.436
8/12/19 12:49,83.021,49.7,1938.7,87.436
8/12/19 12:49,83.021,49.7,1943.7,87.436
8/12/19 12:49,83.021,49.7,1948.7,87.436
8/12/19 12:49,83.021,49.7,1948.7,87.436
8/12/19 12:49,83.021,49.7,1948.7,87.436
8/12/19 12:49,83.021,49.7,1948.7,87.436
8/12/19 12:49,83.021,49.7,1953.7,87.436
8/12/19 12:49,83.064,49.6,1956.2,87.436
8/12/19 12:49,83.064,49.5,1956.2,87.436
8/12/19 12:49,83.064,49.5,1961.2,87.436
8/12/19 12:49,83.064,49.6,1961.2,87.436
8/12/19 12:49,83.064,49.7,1963.7,87.436
8/12/19 12:49,83.064,49.8,1963.7,87.436
8/12/19 12:49,83.064,49.8,1966.2,87.436
8/12/19 12:49,83.064,49.8,1966.2,87.436
8/12/19 12:49,83.064,49.9,1968.7,87.436
8/12/19 12:49,83.064,49.9,1971.2,87.436
8/12/19 12:49,83.064,49.8,1971.2,87.436
8/12/19 12:49,83.109,49.8,1973.7,87.436
8/12/19 12:49,83.109,49.6,1973.7,87.436
8/12/19 12:49,83.109,49.5,1976.2,87.436
8/12/19 12:49,83.109,49.4,1978.7,87.436
8/12/19 12:49,83.109,49.2,1981.2,87.436
8/12/19 12:49,83.109,49.1,1978.7,87.436
8/12/19 12:49,83.109,49,1978.7,87.436
8/12/19 12:49,83.109,48.9,1981.2,87.436
8/12/19 12:49,83.109,48.9,1978.7,87.436
8/12/19 12:49,83.109,48.9,1978.7,87.436
8/12/19 12:49,83.109,48.9,1983.7,87.483
8/12/19 12:49,83.109,48.9,1981.2,87.436
8/12/19 12:49,83.109,48.9,1983.7,87.483
8/12/19 12:49,83.109,48.9,1986.2,87.483
8/12/19 12:49,83.109,48.8,1983.7,87.483
8/12/19 12:49,83.109,48.7,1986.2,87.483
8/12/19 12:49,83.109,48.5,1986.2,87.483
8/12/19 12:49,83.109,48.3,1988.7,87.483
8/12/19 12:49,83.109,48.2,1988.7,87.483
8/12/19 12:50,83.109,48.2,1988.7,87.483
8/12/19 12:50,83.064,48.3,1991.2,87.483
8/12/19 12:50,83.064,48.3,1991.2,87.483
8/12/19 12:50,83.064,48.3,1993.7,87.483
8/12/19 12:50,83.064,48.2,1993.7,87.483
8/12/19 12:50,83.064,48.2,1996.2,87.483
8/12/19 12:50,83.064,48.2,1998.7,87.483
8/12/19 12:50,83.064,48.1,1998.7,87.483
8/12/19 12:50,83.021,48.1,2001.2,87.483
8/12/19 12:50,83.021,48.1,2001.2,87.483
8/12/19 12:50,83.021,48.1,2001.2,87.483
8/12/19 12:50,83.021,48.1,2001.2,87.483
8/12/19 12:50,83.021,48.1,2001.2,87.483
8/12/19 12:50,83.021,48.1,2001.2,87.483
8/12/19 12:50,83.021,48.1,2001.2,87.483
8/12/19 12:50,83.021,48.1,2003.7,87.483
8/12/19 12:50,83.021,48,2006.2,87.483
8/12/19 12:50,83.021,48,2008.7,87.483
8/12/19 12:50,83.021,48,2008.7,87.483
8/12/19 12:50,83.021,48,2008.7,87.483
8/12/19 12:50,83.021,48,2008.7,87.528
8/12/19 12:50,83.021,48,2011.2,87.528
8/12/19 12:50,83.021,48.1,2011.2,87.528
8/12/19 12:50,83.021,48.1,2008.7,87.528
8/12/19 12:50,83.021,48.1,2016.2,87.528
8/12/19 12:50,83.021,48.1,2013.7,87.528
8/12/19 12:50,83.021,48.1,2018.7,87.528
8/12/19 12:50,83.021,48.2,2016.2,87.528
8/12/19 12:50,83.021,48.2,2016.2,87.528
8/12/19 12:50,82.976,48.2,2018.7,87.528
8/12/19 12:50,83.021,48.2,2016.2,87.528
8/12/19 12:50,83.021,48.3,2016.2,87.528
8/12/19 12:50,83.021,48.4,2016.2,87.528
8/12/19 12:50,83.021,48.5,2016.2,87.528
8/12/19 12:50,83.021,48.6,2011.2,87.528
8/12/19 12:50,83.021,48.7,2013.7,87.528
8/12/19 12:50,83.021,48.8,2013.7,87.528
8/12/19 12:50,83.021,48.9,2006.2,87.528
8/12/19 12:50,83.021,48.9,2011.2,87.528
8/12/19 12:50,83.021,49.1,2006.2,87.528
8/12/19 12:50,83.021,49.3,2006.2,87.528
8/12/19 12:50,83.021,49.4,2008.7,87.528
8/12/19 12:50,83.021,49.5,2006.2,87.528
8/12/19 12:50,83.064,49.5,2006.2,87.528
8/12/19 12:50,83.021,49.5,2003.7,87.528
8/12/19 12:50,83.064,49.7,2006.2,87.573
8/12/19 12:50,83.064,49.8,2006.2,87.528
8/12/19 12:50,83.064,49.9,2003.7,87.573
8/12/19 12:50,83.109,50,2003.7,87.573
8/12/19 12:50,83.109,49.9,2006.2,87.573
8/12/19 12:50,83.109,49.8,2001.2,87.573
8/12/19 12:50,83.109,49.7,2003.7,87.573
8/12/19 12:50,83.154,49.7,2003.7,87.573
8/12/19 12:50,83.154,49.7,2001.2,87.573
8/12/19 12:50,83.154,49.6,2001.2,87.573
8/12/19 12:50,83.154,49.5,2001.2,87.573
8/12/19 12:50,83.199,49.4,1998.7,87.573
8/12/19 12:50,83.199,49.3,1998.7,87.573
8/12/19 12:50,83.199,49.1,1998.7,87.573
8/12/19 12:50,83.199,49.1,1996.2,87.573
8/12/19 12:51,83.199,49.1,1996.2,87.573
8/12/19 12:51,83.199,49.2,1993.7,87.573
8/12/19 12:51,83.242,49.3,1991.2,87.573
8/12/19 12:51,83.242,49.2,1991.2,87.573
8/12/19 12:51,83.242,49.2,1996.2,87.573
8/12/19 12:51,83.242,49.1,1996.2,87.573
8/12/19 12:51,83.242,49,1996.2,87.573
8/12/19 12:51,83.242,48.9,1993.7,87.62
8/12/19 12:51,83.242,48.8,1996.2,87.62
8/12/19 12:51,83.242,48.7,1996.2,87.62
8/12/19 12:51,83.242,48.6,1996.2,87.62
8/12/19 12:51,83.242,48.5,1993.7,87.62
8/12/19 12:51,83.242,48.6,1993.7,87.62
8/12/19 12:51,83.242,48.6,1996.2,87.62
8/12/19 12:51,83.242,48.7,2001.2,87.62
8/12/19 12:51,83.242,48.7,1998.7,87.62
8/12/19 12:51,83.242,48.8,1998.7,87.62
8/12/19 12:51,83.242,48.8,2001.2,87.62
8/12/19 12:51,83.242,48.9,1998.7,87.62
8/12/19 12:51,83.242,48.9,1996.2,87.62
8/12/19 12:51,83.242,48.9,1996.2,87.62
8/12/19 12:51,83.242,48.9,1996.2,87.62
8/12/19 12:51,83.242,48.9,1993.7,87.62
8/12/19 12:51,83.242,48.9,1993.7,87.62
8/12/19 12:51,83.242,48.9,1991.2,87.62
8/12/19 12:51,83.242,48.9,1988.7,87.62
8/12/19 12:51,83.242,48.9,1986.2,87.62
8/12/19 12:51,83.242,48.9,1988.7,87.62
8/12/19 12:51,83.242,48.8,1986.2,87.665
8/12/19 12:51,83.242,48.8,1983.7,87.665
8/12/19 12:51,83.242,48.8,1978.7,87.665
8/12/19 12:51,83.242,48.7,1981.2,87.665
8/12/19 12:51,83.287,48.7,1983.7,87.62
8/12/19 12:51,83.287,48.7,1986.2,87.665
8/12/19 12:51,83.242,48.7,1986.2,87.665
8/12/19 12:51,83.287,48.7,1986.2,87.665
8/12/19 12:51,83.287,48.7,1986.2,87.665
8/12/19 12:51,83.287,48.7,1988.7,87.665
8/12/19 12:51,83.287,48.7,1988.7,87.665
8/12/19 12:51,83.287,48.8,1988.7,87.665
8/12/19 12:51,83.287,48.8,1988.7,87.665
8/12/19 12:51,83.287,48.9,1988.7,87.665
8/12/19 12:51,83.287,48.9,1988.7,87.665
8/12/19 12:51,83.287,48.9,1991.2,87.665
8/12/19 12:51,83.287,49,1991.2,87.665
8/12/19 12:51,83.287,49,1991.2,87.665
8/12/19 12:51,83.287,49,1991.2,87.665
8/12/19 12:51,83.332,49.1,1991.2,87.665
8/12/19 12:51,83.287,49.1,1993.7,87.71
8/12/19 12:51,83.287,49.2,1991.2,87.71
8/12/19 12:51,83.332,49.3,1988.7,87.71
8/12/19 12:51,83.332,49.3,1988.7,87.71
8/12/19 12:51,83.332,49.3,1986.2,87.71
8/12/19 12:51,83.332,49.3,1986.2,87.71
8/12/19 12:51,83.332,49.4,1983.7,87.71
8/12/19 12:51,83.332,49.4,1981.2,87.71
8/12/19 12:51,83.332,49.5,1981.2,87.71
8/12/19 12:51,83.377,49.5,1981.2,87.71
8/12/19 12:51,83.377,49.6,1986.2,87.71
8/12/19 12:51,83.377,49.8,1986.2,87.71
8/12/19 12:52,83.377,49.9,1981.2,87.71
8/12/19 12:52,83.377,50,1983.7,87.71
8/12/19 12:52,83.377,50.2,1983.7,87.71
8/12/19 12:52,83.422,50.3,1976.2,87.71
8/12/19 12:52,83.422,50.3,1981.2,87.71
8/12/19 12:52,83.422,50.4,1981.2,87.71
8/12/19 12:52,83.422,50.6,1976.2,87.71
8/12/19 12:52,83.467,50.8,1978.7,87.71
8/12/19 12:52,83.467,50.9,1968.7,87.71
8/12/19 12:52,83.467,51,1971.2,87.757
8/12/19 12:52,83.511,51,1976.2,87.757
8/12/19 12:52,83.511,51.1,1983.7,87.71
8/12/19 12:52,83.511,51.2,1981.2,87.757
8/12/19 12:52,83.556,51.2,1986.2,87.757
8/12/19 12:52,83.556,51.2,1988.7,87.757
8/12/19 12:52,83.601,51.2,1991.2,87.757
8/12/19 12:52,83.601,51.1,1996.2,87.757
8/12/19 12:52,83.646,51,2001.2,87.757
8/12/19 12:52,83.646,50.9,2006.2,87.757
8/12/19 12:52,83.691,50.9,2001.2,87.757
8/12/19 12:52,83.691,50.8,2003.7,87.757
8/12/19 12:52,83.691,50.8,1998.7,87.757
8/12/19 12:52,83.736,50.7,2001.2,87.757
8/12/19 12:52,83.736,50.6,1996.2,87.757
8/12/19 12:52,83.779,50.5,1996.2,87.757
8/12/19 12:52,83.779,50.4,2001.2,87.757
8/12/19 12:52,83.779,50.3,2006.2,87.757
8/12/19 12:52,83.824,50.1,2003.7,87.802
8/12/19 12:52,83.824,50,2003.7,87.802
8/12/19 12:52,83.824,49.9,2006.2,87.802
8/12/19 12:52,83.869,49.9,2001.2,87.802
8/12/19 12:52,83.869,49.8,2006.2,87.802
8/12/19 12:52,83.869,49.8,2011.2,87.802
8/12/19 12:52,83.914,49.7,2018.7,87.802
8/12/19 12:52,83.914,49.6,2018.7,87.802
8/12/19 12:52,83.914,49.5,2018.7,87.802
8/12/19 12:52,83.959,49.5,2018.7,87.802
8/12/19 12:52,83.959,49.4,2021.2,87.802
8/12/19 12:52,83.959,49.4,2021.2,87.802
8/12/19 12:52,83.959,49.3,2021.2,87.802
8/12/19 12:52,84.004,49.3,2021.2,87.802
8/12/19 12:52,84.004,49.3,2023.7,87.802
8/12/19 12:52,84.004,49.3,2023.7,87.802
8/12/19 12:52,84.004,49.3,2023.7,87.802
8/12/19 12:52,84.049,49.4,2026.2,87.802
8/12/19 12:52,84.049,49.4,2028.7,87.802
8/12/19 12:52,84.049,49.5,2033.7,87.847
8/12/19 12:52,84.049,49.5,2033.7,87.847
8/12/19 12:52,84.049,49.4,2036.2,87.847
8/12/19 12:52,84.094,49.5,2036.2,87.847
8/12/19 12:52,84.094,49.3,2038.7,87.847
8/12/19 12:52,84.094,49.1,2036.2,87.847
8/12/19 12:52,84.094,48.9,2036.2,87.847
8/12/19 12:52,84.094,48.7,2033.7,87.847
8/12/19 12:52,84.094,48.5,2031.2,87.847
8/12/19 12:52,84.137,48.3,2036.2,87.847
8/12/19 12:52,84.137,48.2,2033.7,87.847
8/12/19 12:52,84.137,48.2,2038.7,87.847
8/12/19 12:52,84.137,48.2,2041.2,87.847
8/12/19 12:52,84.137,48.3,2041.2,87.894
8/12/19 12:53,84.137,48.4,2041.2,87.894
8/12/19 12:53,84.137,48.4,2041.2,87.847
8/12/19 12:53,84.137,48.4,2041.2,87.847
8/12/19 12:53,84.094,48.5,2038.7,87.894
8/12/19 12:53,84.137,48.5,2036.2,87.894
8/12/19 12:53,84.094,48.4,2031.2,87.894
8/12/19 12:53,84.094,48.4,2031.2,87.894
8/12/19 12:53,84.137,48.3,2033.7,87.894
8/12/19 12:53,84.094,48.3,2041.2,87.894
8/12/19 12:53,84.094,48.3,2043.7,87.894
8/12/19 12:53,84.094,48.3,2041.2,87.894
8/12/19 12:53,84.094,48.3,2036.2,87.894
8/12/19 12:53,84.094,48.3,2031.2,87.894
8/12/19 12:53,84.094,48.4,2021.2,87.894
8/12/19 12:53,84.094,48.3,2021.2,87.894
8/12/19 12:53,84.094,48.2,2023.7,87.894
8/12/19 12:53,84.094,48.1,2021.2,87.894
8/12/19 12:53,84.094,47.9,2018.7,87.894
8/12/19 12:53,84.094,47.8,2016.2,87.894
8/12/19 12:53,84.094,47.6,2008.7,87.939
8/12/19 12:53,84.094,47.5,2013.7,87.939
8/12/19 12:53,84.094,47.5,2023.7,87.939
8/12/19 12:53,84.094,47.5,2036.2,87.939
8/12/19 12:53,84.094,47.4,2041.2,87.939
8/12/19 12:53,84.094,47.4,2041.2,87.939
8/12/19 12:53,84.094,47.4,2041.2,87.939
8/12/19 12:53,84.049,47.4,2038.7,87.939
8/12/19 12:53,84.049,47.5,2038.7,87.939
8/12/19 12:53,84.049,47.5,2038.7,87.939
8/12/19 12:53,84.049,47.5,2038.7,87.939
8/12/19 12:53,84.004,47.5,2041.2,87.939
8/12/19 12:53,84.004,47.5,2041.2,87.939
8/12/19 12:53,84.004,47.5,2041.2,87.939
8/12/19 12:53,84.004,47.6,2038.7,87.985
8/12/19 12:53,84.004,47.6,2038.7,87.939
8/12/19 12:53,84.004,47.7,2038.7,87.985
8/12/19 12:53,84.004,47.7,2036.2,87.985
8/12/19 12:53,84.004,47.7,2036.2,87.985
8/12/19 12:53,84.004,47.8,2038.7,87.985
8/12/19 12:53,84.004,47.8,2041.2,87.985
8/12/19 12:53,84.004,47.8,2038.7,87.985
8/12/19 12:53,84.004,47.8,2038.7,87.985
8/12/19 12:53,84.004,47.9,2033.7,87.985
8/12/19 12:53,84.004,47.9,2036.2,87.985
8/12/19 12:53,84.004,47.9,2031.2,87.985
8/12/19 12:53,84.004,47.9,2036.2,87.985
8/12/19 12:53,84.004,48,2033.7,87.985
8/12/19 12:53,84.004,48,2036.2,87.985
8/12/19 12:53,84.004,48,2036.2,87.985
8/12/19 12:53,84.004,48,2036.2,87.985
8/12/19 12:53,84.004,48.1,2028.7,87.985
8/12/19 12:53,84.004,48.1,2021.2,87.985
8/12/19 12:53,84.004,48.1,2023.7,87.985
8/12/19 12:53,84.004,48.1,2021.2,87.985
8/12/19 12:53,84.049,48.2,2021.2,88.03
8/12/19 12:53,84.049,48.2,2021.2,87.985
8/12/19 12:53,84.049,48.2,2016.2,88.03
8/12/19 12:53,84.049,48.3,2013.7,88.03
8/12/19 12:53,84.049,48.4,2008.7,88.03
8/12/19 12:53,84.049,48.5,2011.2,88.03
8/12/19 12:54,84.094,48.6,2018.7,88.03
8/12/19 12:54,84.094,48.5,2021.2,88.03
8/12/19 12:54,84.094,48.5,2021.2,88.03
8/12/19 12:54,84.137,48.4,2026.2,88.03
8/12/19 12:54,84.137,48.4,2021.2,88.03
8/12/19 12:54,84.137,48.3,2018.7,88.03
8/12/19 12:54,84.137,48.2,2013.7,88.03
8/12/19 12:54,84.137,48.2,2016.2,88.03
8/12/19 12:54,84.137,48.2,2011.2,88.03
8/12/19 12:54,84.182,48.2,2008.7,88.075
8/12/19 12:54,84.182,48.2,2018.7,88.03
8/12/19 12:54,84.182,48.2,2018.7,88.075
8/12/19 12:54,84.182,48.3,2018.7,88.075
8/12/19 12:54,84.182,48.3,2013.7,88.075
8/12/19 12:54,84.227,48.3,2026.2,88.075
8/12/19 12:54,84.227,48.3,2026.2,88.075
8/12/19 12:54,84.227,48.3,2023.7,88.075
8/12/19 12:54,84.227,48.2,2028.7,88.075
8/12/19 12:54,84.227,48.2,2028.7,88.075
8/12/19 12:54,84.272,48.2,2026.2,88.075
8/12/19 12:54,84.272,48.2,2026.2,88.075
8/12/19 12:54,84.272,48.2,2021.2,88.075
8/12/19 12:54,84.272,48.2,2028.7,88.075
8/12/19 12:54,84.272,48.1,2031.2,88.075
8/12/19 12:54,84.272,48.2,2036.2,88.075
8/12/19 12:54,84.272,48.2,2036.2,88.122
8/12/19 12:54,84.317,48.2,2043.7,88.122
8/12/19 12:54,84.317,48.3,2038.7,88.122
8/12/19 12:54,84.317,48.3,2038.7,88.122
8/12/19 12:54,84.317,48.4,2033.7,88.122
8/12/19 12:54,84.317,48.5,1971.2,88.122
8/12/19 12:54,84.317,48.6,1958.7,88.122
8/12/19 12:54,84.362,48.6,2001.2,88.122
8/12/19 12:54,84.362,48.7,1986.2,88.122
8/12/19 12:54,84.362,48.8,2003.7,88.122
8/12/19 12:54,84.362,48.9,2033.7,88.122
8/12/19 12:54,84.362,48.9,2031.2,88.122
8/12/19 12:54,84.362,48.9,2028.7,88.122
8/12/19 12:54,84.362,48.9,2026.2,88.122
8/12/19 12:54,84.407,48.8,2026.2,88.167
8/12/19 12:54,84.407,48.8,2023.7,88.122
8/12/19 12:54,84.407,48.8,2021.2,88.167
8/12/19 12:54,84.407,48.7,2013.7,88.167
8/12/19 12:54,84.407,48.6,1981.2,88.167
8/12/19 12:54,84.452,48.5,1938.7,88.167
8/12/19 12:54,84.452,48.4,1923.7,88.167
8/12/19 12:54,84.452,48.4,1963.7,88.167
8/12/19 12:54,84.452,48.4,2011.2,88.167
8/12/19 12:54,84.452,48.4,1993.7,88.167
8/12/19 12:54,84.452,48.4,1958.7,88.167
8/12/19 12:54,84.452,48.5,1988.7,88.167
8/12/19 12:54,84.452,48.6,2048.7,88.167
8/12/19 12:54,84.452,48.6,2001.2,88.167
8/12/19 12:54,84.497,48.7,1733.7,88.167
8/12/19 12:54,84.497,48.8,1248.7,88.167
8/12/19 12:54,84.497,48.8,966.2,88.167
8/12/19 12:54,84.497,48.8,871.2,88.167
8/12/19 12:54,84.497,48.8,891.2,88.167
8/12/19 12:54,84.497,48.9,998.7,88.214
8/12/19 12:54,84.497,48.9,1051.2,88.214
8/12/19 12:55,84.497,49,1211.2,88.214
8/12/19 12:55,84.497,49,1496.2,88.214
8/12/19 12:55,84.542,49.1,1678.7,88.214
8/12/19 12:55,84.542,49.1,1841.2,88.214
8/12/19 12:55,84.542,49.1,1926.2,88.214
8/12/19 12:55,84.542,49.1,1971.2,88.214
8/12/19 12:55,84.542,49,1996.2,88.214
8/12/19 12:55,84.542,49,1958.7,88.214
8/12/19 12:55,84.542,48.9,1933.7,88.214
8/12/19 12:55,84.542,48.8,1896.2,88.214
8/12/19 12:55,84.587,48.6,1866.2,88.214
8/12/19 12:55,84.587,48.6,1743.7,88.214
8/12/19 12:55,84.587,48.6,1646.2,88.214
8/12/19 12:55,84.587,48.6,1306.2,88.259
8/12/19 12:55,84.587,48.7,876.2,88.259
8/12/19 12:55,84.587,48.8,733.7,88.214
8/12/19 12:55,84.587,48.9,683.7,88.259
8/12/19 12:55,84.632,48.9,668.7,88.259
8/12/19 12:55,84.632,49,733.7,88.259
8/12/19 12:55,84.632,49,878.7,88.259
8/12/19 12:55,84.632,49,971.2,88.259
8/12/19 12:55,84.632,49,951.2,88.259
8/12/19 12:55,84.632,49.1,858.7,88.259
8/12/19 12:55,84.632,49.1,988.7,88.259
8/12/19 12:55,84.632,49.1,1306.2,88.259
8/12/19 12:55,84.632,49.2,1363.7,88.259
8/12/19 12:55,84.632,49.3,1341.2,88.259
8/12/19 12:55,84.632,49.3,1491.2,88.259
8/12/19 12:55,84.677,49.4,1753.7,88.259
8/12/19 12:55,84.677,49.4,1838.7,88.259
8/12/19 12:55,84.677,49.4,1643.7,88.259
8/12/19 12:55,84.677,49.4,1286.2,88.259
8/12/19 12:55,84.677,49.4,1221.2,88.259
8/12/19 12:55,84.677,49.4,1463.7,88.259
8/12/19 12:55,84.722,49.5,1556.2,88.259
8/12/19 12:55,84.722,49.5,1496.2,88.259
8/12/19 12:55,84.722,49.5,1396.2,88.306
8/12/19 12:55,84.722,49.5,1218.7,88.306
8/12/19 12:55,84.722,49.6,1003.7,88.306
8/12/19 12:55,84.722,49.5,883.7,88.306
8/12/19 12:55,84.767,49.4,871.2,88.306
8/12/19 12:55,84.767,49.3,896.2,88.306
8/12/19 12:55,84.767,49.2,938.7,88.306
8/12/19 12:55,84.767,49.1,991.2,88.306
8/12/19 12:55,84.767,49.1,1068.7,88.306
8/12/19 12:55,84.767,49.1,1178.7,88.306
8/12/19 12:55,84.767,49.1,1293.7,88.306
8/12/19 12:55,84.767,49.1,1338.7,88.306
8/12/19 12:55,84.767,49.1,1413.7,88.306
8/12/19 12:55,84.812,49.1,1526.2,88.306
8/12/19 12:55,84.812,49.1,1691.2,88.306
8/12/19 12:55,84.812,49.1,1873.7,88.306
8/12/19 12:55,84.812,49.1,1978.7,88.306
8/12/19 12:55,84.812,49.2,2011.2,88.306
8/12/19 12:55,84.812,49.2,2016.2,88.306
8/12/19 12:55,84.812,49.2,2008.7,88.306
8/12/19 12:55,84.812,49.3,1038.7,88.306
8/12/19 12:55,84.857,49.3,1166.2,88.306
8/12/19 12:55,84.857,49.4,1301.2,88.306
8/12/19 12:55,84.857,49.5,1261.2,88.306
8/12/19 12:56,84.857,49.6,863.7,88.306
8/12/19 12:56,84.857,49.6,863.7,88.306
8/12/19 12:56,84.857,49.7,1918.7,88.306
8/12/19 12:56,84.9,49.8,1931.2,88.351
8/12/19 12:56,84.9,49.8,1953.7,88.306
8/12/19 12:56,84.9,49.8,1941.2,88.351
8/12/19 12:56,84.9,49.8,1906.2,88.351
8/12/19 12:56,84.9,49.9,1863.7,88.351
8/12/19 12:56,84.945,49.9,1873.7,88.351
8/12/19 12:56,84.945,49.9,1898.7,88.351
8/12/19 12:56,84.945,49.9,1876.2,88.351
8/12/19 12:56,84.945,49.9,1838.7,88.351
8/12/19 12:56,84.945,49.9,1723.7,88.351
8/12/19 12:56,84.945,49.9,1628.7,88.351
8/12/19 12:56,84.99,50,1698.7,88.351
8/12/19 12:56,84.99,50,1821.2,88.351
8/12/19 12:56,84.99,50.1,1876.2,88.351
8/12/19 12:56,84.99,50.2,1861.2,88.351
8/12/19 12:56,84.99,50.3,1871.2,88.351
8/12/19 12:56,84.99,50.3,1896.2,88.351
8/12/19 12:56,84.99,50.4,1858.7,88.351
8/12/19 12:56,84.99,50.3,1768.7,88.351
8/12/19 12:56,84.99,50.4,1763.7,88.351
8/12/19 12:56,84.99,50.4,1743.7,88.351
8/12/19 12:56,85.035,50.4,1676.2,88.351
8/12/19 12:56,85.035,50.3,1753.7,88.351
8/12/19 12:56,85.035,50.3,1853.7,88.351
8/12/19 12:56,85.035,50.2,1888.7,88.351
8/12/19 12:56,85.035,50.1,1906.2,88.351
8/12/19 12:56,85.035,49.8,1941.2,88.351
8/12/19 12:56,85.035,49.6,1958.7,88.351
8/12/19 12:56,85.035,49.3,1963.7,88.351
8/12/19 12:56,85.035,49.1,1958.7,88.351
8/12/19 12:56,85.035,49,1951.2,88.351
8/12/19 12:56,85.035,48.9,1928.7,88.351
8/12/19 12:56,85.035,48.7,1896.2,88.351
8/12/19 12:56,84.99,48.6,1888.7,88.351
8/12/19 12:56,84.99,48.5,1921.2,88.351
8/12/19 12:56,84.99,48.4,1963.7,88.351
8/12/19 12:56,84.99,48.3,1973.7,88.351
8/12/19 12:56,84.945,48.3,1971.2,88.351
8/12/19 12:56,84.945,48.2,1968.7,88.351
8/12/19 12:56,84.945,48.2,1966.2,88.351
8/12/19 12:56,84.9,48.2,1963.7,88.351
8/12/19 12:56,84.9,48.3,1961.2,88.351
8/12/19 12:56,84.9,48.3,1958.7,88.351
8/12/19 12:56,84.857,48.3,1953.7,88.351
8/12/19 12:56,84.857,48.3,1953.7,88.351
8/12/19 12:56,84.857,48.3,1951.2,88.351
8/12/19 12:56,84.812,48.3,1943.7,88.351
8/12/19 12:56,84.812,48.2,1928.7,88.351
8/12/19 12:56,84.812,48.3,1888.7,88.351
8/12/19 12:56,84.767,48.3,1891.2,88.351
8/12/19 12:56,84.767,48.3,1928.7,88.351
8/12/19 12:56,84.722,48.3,1938.7,88.351
8/12/19 12:56,84.722,48.2,1933.7,88.351
8/12/19 12:56,84.722,48.2,1928.7,88.351
8/12/19 12:56,84.677,48.2,1931.2,88.351
8/12/19 12:56,84.677,48.3,1938.7,88.351
8/12/19 12:56,84.632,48.3,1943.7,88.351
8/12/19 12:57,84.632,48.3,1936.2,88.351
8/12/19 12:57,84.632,48.4,1911.2,88.351
8/12/19 12:57,84.587,48.5,1876.2,88.351
8/12/19 12:57,84.587,48.5,1863.7,88.351
8/12/19 12:57,84.587,48.6,1853.7,88.351
8/12/19 12:57,84.542,48.6,1866.2,88.351
8/12/19 12:57,84.542,48.6,1891.2,88.351
8/12/19 12:57,84.542,48.7,1911.2,88.351
8/12/19 12:57,84.542,48.7,1916.2,88.351
8/12/19 12:57,84.497,48.6,1916.2,88.351
8/12/19 12:57,84.497,48.7,1913.7,88.351
8/12/19 12:57,84.497,48.7,1916.2,88.351
8/12/19 12:57,84.452,48.8,1918.7,88.351
8/12/19 12:57,84.452,48.8,1923.7,88.351
8/12/19 12:57,84.452,48.9,1923.7,88.351
8/12/19 12:57,84.452,49,1933.7,88.351
8/12/19 12:57,84.452,49.1,1941.2,88.351
8/12/19 12:57,84.452,49.2,1941.2,88.351
8/12/19 12:57,84.452,49.3,1948.7,88.351
8/12/19 12:57,84.452,49.4,1946.2,88.351
8/12/19 12:57,84.407,49.5,1943.7,88.351
8/12/19 12:57,84.407,49.6,1943.7,88.351
8/12/19 12:57,84.407,49.7,1943.7,88.351
8/12/19 12:57,84.407,49.6,1936.2,88.351
8/12/19 12:57,84.407,49.7,1908.7,88.351
8/12/19 12:57,84.452,49.8,1828.7,88.351
8/12/19 12:57,84.452,49.8,1786.2,88.351
8/12/19 12:57,84.452,49.8,1826.2,88.396
8/12/19 12:57,84.452,49.9,1818.7,88.351
8/12/19 12:57,84.452,50,1686.2,88.396
8/12/19 12:57,84.452,50,1538.7,88.396
8/12/19 12:57,84.452,50.1,1478.7,88.396
8/12/19 12:57,84.452,50.1,1481.2,88.396
8/12/19 12:57,84.497,50.1,1451.2,88.396
8/12/19 12:57,84.497,50.2,1406.2,88.396
8/12/19 12:57,84.497,50.2,1321.2,88.396
8/12/19 12:57,84.497,50.2,1221.2,88.396
8/12/19 12:57,84.497,50.3,1188.7,88.396
8/12/19 12:57,84.497,50.3,1233.7,88.396
8/12/19 12:57,84.542,50.4,1218.7,88.396
8/12/19 12:57,84.542,50.3,1051.2,88.396
8/12/19 12:57,84.542,50.3,1133.7,88.396
8/12/19 12:57,84.587,50.3,1368.7,88.396
8/12/19 12:57,84.587,50.4,1436.2,88.396
8/12/19 12:57,84.587,50.4,1513.7,88.396
8/12/19 12:57,84.587,50.3,1491.2,88.396
8/12/19 12:57,84.587,50.3,1418.7,88.396
8/12/19 12:57,84.587,50.2,1313.7,88.443
8/12/19 12:57,84.632,50.1,1053.7,88.443
8/12/19 12:57,84.632,50,1096.2,88.443
8/12/19 12:57,84.632,50,1378.7,88.443
8/12/19 12:57,84.632,49.9,1606.2,88.443
8/12/19 12:57,84.632,49.9,1758.7,88.443
8/12/19 12:57,84.677,50,1843.7,88.443
8/12/19 12:57,84.677,50,1853.7,88.443
8/12/19 12:57,84.677,50,1861.2,88.443
8/12/19 12:57,84.677,50,1858.7,88.443
8/12/19 12:57,84.677,49.9,1823.7,88.443
8/12/19 12:57,84.677,49.9,1803.7,88.443
8/12/19 12:57,84.722,49.9,1846.2,88.443
8/12/19 12:58,84.722,49.8,1886.2,88.443
8/12/19 12:58,84.722,49.8,1888.7,88.443
8/12/19 12:58,84.722,49.7,1896.2,88.443
8/12/19 12:58,84.722,49.6,1901.2,88.443
8/12/19 12:58,84.767,49.4,1901.2,88.443
8/12/19 12:58,84.722,49.3,1901.2,88.443
8/12/19 12:58,84.767,49.2,1906.2,88.443
8/12/19 12:58,84.767,49.1,1911.2,88.443
8/12/19 12:58,84.767,49.1,1921.2,88.443
8/12/19 12:58,84.767,49.1,1923.7,88.443
8/12/19 12:58,84.767,49.1,1926.2,88.443
8/12/19 12:58,84.767,49.1,1926.2,88.488
8/12/19 12:58,84.767,49.1,1928.7,88.488
8/12/19 12:58,84.767,49.1,1933.7,88.443
8/12/19 12:58,84.767,49.1,1926.2,88.488
8/12/19 12:58,84.767,49.2,1921.2,88.488
8/12/19 12:58,84.812,49.2,1916.2,88.488
8/12/19 12:58,84.812,49.3,1926.2,88.488
8/12/19 12:58,84.812,49.4,1931.2,88.488
8/12/19 12:58,84.812,49.4,1933.7,88.488
8/12/19 12:58,84.812,49.5,1926.2,88.488
8/12/19 12:58,84.812,49.6,1933.7,88.488
8/12/19 12:58,84.812,49.6,1931.2,88.488
8/12/19 12:58,84.857,49.6,1936.2,88.488
8/12/19 12:58,84.857,49.7,1943.7,88.488
8/12/19 12:58,84.857,49.7,1941.2,88.488
8/12/19 12:58,84.857,49.6,1941.2,88.488
8/12/19 12:58,84.857,49.5,1943.7,88.488
8/12/19 12:58,84.9,49.5,1941.2,88.488
8/12/19 12:58,84.9,49.5,1943.7,88.488
8/12/19 12:58,84.9,49.4,1936.2,88.488
8/12/19 12:58,84.9,49.3,1923.7,88.534
8/12/19 12:58,84.9,49.3,1878.7,88.534
8/12/19 12:58,84.9,49.2,1846.2,88.534
8/12/19 12:58,84.9,49.2,1836.2,88.534
8/12/19 12:58,84.9,49.2,1873.7,88.534
8/12/19 12:58,84.945,49.2,1891.2,88.534
8/12/19 12:58,84.945,49.1,1898.7,88.534
8/12/19 12:58,84.945,49.1,1908.7,88.534
8/12/19 12:58,84.945,49.1,1931.2,88.534
8/12/19 12:58,84.945,49.1,1941.2,88.534
8/12/19 12:58,84.945,49,1943.7,88.534
8/12/19 12:58,84.945,49,1943.7,88.534
8/12/19 12:58,84.9,49,1958.7,88.534
8/12/19 12:58,84.945,49,1963.7,88.534
8/12/19 12:58,84.945,49,1966.2,88.534
8/12/19 12:58,84.9,48.9,1968.7,88.534
8/12/19 12:58,84.9,48.9,1971.2,88.534
8/12/19 12:58,84.9,48.8,1971.2,88.534
8/12/19 12:58,84.9,48.9,1976.2,88.534
8/12/19 12:58,84.9,48.9,1978.7,88.534
8/12/19 12:58,84.9,48.8,1976.2,88.534
8/12/19 12:58,84.9,48.8,1976.2,88.534
8/12/19 12:58,84.9,48.7,1973.7,88.534
8/12/19 12:58,84.9,48.8,1976.2,88.579
8/12/19 12:58,84.9,48.8,1981.2,88.579
8/12/19 12:58,84.9,48.9,1983.7,88.579
8/12/19 12:58,84.9,48.9,1986.2,88.579
8/12/19 12:58,84.857,49,1988.7,88.579
8/12/19 12:58,84.857,49,1988.7,88.579
8/12/19 12:59,84.857,49.1,1986.2,88.579
8/12/19 12:59,84.857,49.1,1983.7,88.579
8/12/19 12:59,84.857,49.3,1983.7,88.579
8/12/19 12:59,84.857,49.4,1981.2,88.579
8/12/19 12:59,84.857,49.5,1986.2,88.579
8/12/19 12:59,84.857,49.6,1983.7,88.579
8/12/19 12:59,84.857,49.6,1983.7,88.579
8/12/19 12:59,84.857,49.6,1978.7,88.579
8/12/19 12:59,84.857,49.6,1978.7,88.579
8/12/19 12:59,84.857,49.6,1978.7,88.579
8/12/19 12:59,84.857,49.6,1976.2,88.579
8/12/19 12:59,84.857,49.6,1971.2,88.579
8/12/19 12:59,84.9,49.5,1976.2,88.579
8/12/19 12:59,84.857,49.5,1983.7,88.626
8/12/19 12:59,84.9,49.5,1986.2,88.626
8/12/19 12:59,84.9,49.5,1991.2,88.626
8/12/19 12:59,84.9,49.5,1996.2,88.626
8/12/19 12:59,84.9,49.6,1998.7,88.626
8/12/19 12:59,84.9,49.6,1993.7,88.626
8/12/19 12:59,84.9,49.6,1993.7,88.626
8/12/19 12:59,84.9,49.5,1996.2,88.626
8/12/19 12:59,84.9,49.5,1998.7,88.626
8/12/19 12:59,84.945,49.5,1983.7,88.626
8/12/19 12:59,84.945,49.5,1976.2,88.626
8/12/19 12:59,84.945,49.5,1963.7,88.626
8/12/19 12:59,84.945,49.4,1953.7,88.626
8/12/19 12:59,84.945,49.4,1953.7,88.626
8/12/19 12:59,84.945,49.3,1911.2,88.626
8/12/19 12:59,84.945,49.1,1898.7,88.626
8/12/19 12:59,84.945,49.1,1953.7,88.626
8/12/19 12:59,84.945,49,1981.2,88.626
8/12/19 12:59,84.945,49,1983.7,88.626
8/12/19 12:59,84.945,49,1996.2,88.626
8/12/19 12:59,84.945,48.9,2001.2,88.626
8/12/19 12:59,84.945,48.9,2003.7,88.626
8/12/19 12:59,84.945,48.9,2001.2,88.626
8/12/19 12:59,84.945,48.8,2006.2,88.626
8/12/19 12:59,84.99,48.8,2006.2,88.671
8/12/19 12:59,84.945,48.8,2006.2,88.671
8/12/19 12:59,84.945,48.9,2008.7,88.671
8/12/19 12:59,84.99,48.9,2011.2,88.671
8/12/19 12:59,84.945,48.9,2008.7,88.671
8/12/19 12:59,84.945,49,2008.7,88.671
8/12/19 12:59,84.945,49,2011.2,88.671
8/12/19 12:59,84.945,49,2008.7,88.671
8/12/19 12:59,84.945,49,2008.7,88.671
8/12/19 12:59,84.945,49,2011.2,88.671
8/12/19 12:59,84.945,49,2008.7,88.671
8/12/19 12:59,84.945,49,2011.2,88.671
8/12/19 12:59,84.945,49.1,2011.2,88.671
8/12/19 12:59,84.945,49.2,2016.2,88.671
8/12/19 12:59,84.99,49.3,2008.7,88.671
8/12/19 12:59,84.99,49.3,2008.7,88.671
8/12/19 12:59,84.99,49.2,2011.2,88.671
8/12/19 12:59,84.99,49.1,2011.2,88.671
8/12/19 12:59,84.99,49.1,2013.7,88.671
8/12/19 12:59,84.99,49,2016.2,88.671
8/12/19 12:59,84.99,49,2016.2,88.671
8/12/19 12:59,84.99,49,2018.7,88.671
8/12/19 12:59,84.99,49,2018.7,88.718
8/12/19 13:00,84.99,49,2018.7,88.718
8/12/19 13:00,84.99,49.1,2016.2,88.718
8/12/19 13:00,84.99,49.1,2021.2,88.718
8/12/19 13:00,84.99,49.1,2023.7,88.718
8/12/19 13:00,84.99,49.2,2023.7,88.718
8/12/19 13:00,84.99,49.2,2018.7,88.718
8/12/19 13:00,84.99,49.3,2021.2,88.718
8/12/19 13:00,84.99,49.4,2021.2,88.718
8/12/19 13:00,84.99,49.4,2023.7,88.718
8/12/19 13:00,84.99,49.5,2021.2,88.718
8/12/19 13:00,84.99,49.5,2021.2,88.718
8/12/19 13:00,84.99,49.6,2023.7,88.718
8/12/19 13:00,85.035,49.5,2023.7,88.718
8/12/19 13:00,85.035,49.5,2026.2,88.718
8/12/19 13:00,85.035,49.5,2021.2,88.718
8/12/19 13:00,85.035,49.5,2021.2,88.718
8/12/19 13:00,85.035,49.5,2023.7,88.718
8/12/19 13:00,85.035,49.4,2021.2,88.718
8/12/19 13:00,85.035,49.3,2018.7,88.718
8/12/19 13:00,85.035,49.2,2018.7,88.718
8/12/19 13:00,85.035,49.1,2023.7,88.718
8/12/19 13:00,85.035,49,2023.7,88.763
8/12/19 13:00,85.082,49,2021.2,88.718
8/12/19 13:00,85.082,49,2023.7,88.763
8/12/19 13:00,85.082,49,2021.2,88.763
8/12/19 13:00,85.082,49,2023.7,88.763
8/12/19 13:00,85.082,49,2021.2,88.763
8/12/19 13:00,85.082,49,2021.2,88.763
8/12/19 13:00,85.082,49.1,2018.7,88.763
8/12/19 13:00,85.082,49.1,2018.7,88.763
8/12/19 13:00,85.082,49.2,2021.2,88.763
8/12/19 13:00,85.082,49.2,2018.7,88.763
8/12/19 13:00,85.082,49.3,2018.7,88.763
8/12/19 13:00,85.082,49.4,2021.2,88.763
8/12/19 13:00,85.082,49.4,2018.7,88.763
8/12/19 13:00,85.082,49.3,2018.7,88.763
8/12/19 13:00,85.082,49.2,2018.7,88.763
8/12/19 13:00,85.082,49.2,2018.7,88.763
8/12/19 13:00,85.082,49.1,2018.7,88.81
8/12/19 13:00,85.082,49.1,2016.2,88.81
8/12/19 13:00,85.082,49.1,2018.7,88.81
8/12/19 13:00,85.082,49,2018.7,88.81
8/12/19 13:00,85.082,48.9,2018.7,88.81
8/12/19 13:00,85.082,48.7,2018.7,88.81
8/12/19 13:00,85.082,48.6,2018.7,88.81
8/12/19 13:00,85.082,48.4,2018.7,88.81
8/12/19 13:00,85.082,48.4,2018.7,88.81
8/12/19 13:00,85.082,48.3,2018.7,88.81
8/12/19 13:00,85.082,48.2,2018.7,88.81
8/12/19 13:00,85.082,48.1,2018.7,88.81
8/12/19 13:00,85.035,48.1,2021.2,88.81
8/12/19 13:00,85.035,48,2023.7,88.81
8/12/19 13:00,85.035,48,2023.7,88.81
8/12/19 13:00,85.035,48.1,2023.7,88.81
8/12/19 13:00,84.99,48.2,2028.7,88.81
8/12/19 13:00,84.99,48.2,2023.7,88.81
8/12/19 13:00,84.99,48.2,2028.7,88.81
8/12/19 13:00,84.945,48.2,2028.7,88.855
8/12/19 13:00,84.945,48.3,2028.7,88.855
8/12/19 13:00,84.945,48.3,2026.2,88.81
8/12/19 13:01,84.9,48.4,2026.2,88.855
8/12/19 13:01,84.9,48.4,2026.2,88.81
8/12/19 13:01,84.9,48.5,2028.7,88.855
8/12/19 13:01,84.857,48.6,2026.2,88.855
8/12/19 13:01,84.857,48.7,2026.2,88.855
8/12/19 13:01,84.857,48.8,2028.7,88.855
8/12/19 13:01,84.857,48.9,2031.2,88.855
8/12/19 13:01,84.857,49,2036.2,88.855
8/12/19 13:01,84.812,49,2038.7,88.855
8/12/19 13:01,84.812,49.1,2036.2,88.855
8/12/19 13:01,84.812,49.2,2036.2,88.855
8/12/19 13:01,84.812,49.3,2038.7,88.855
8/12/19 13:01,84.812,49.3,2036.2,88.855
8/12/19 13:01,84.812,49.3,2041.2,88.855
8/12/19 13:01,84.812,49.2,2041.2,88.855
8/12/19 13:01,84.812,49,2036.2,88.855
8/12/19 13:01,84.812,48.9,1991.2,88.855
8/12/19 13:01,84.812,48.8,1903.7,88.855
8/12/19 13:01,84.812,48.6,1823.7,88.855
8/12/19 13:01,84.812,48.4,1921.2,88.855
8/12/19 13:01,84.812,48.4,2033.7,88.902
8/12/19 13:01,84.812,48.3,2056.2,88.855
8/12/19 13:01,84.812,48.3,2058.7,88.902
8/12/19 13:01,84.767,48.4,2058.7,88.902
8/12/19 13:01,84.767,48.4,2058.7,88.902
8/12/19 13:01,84.767,48.4,2063.7,88.902
8/12/19 13:01,84.767,48.4,2066.2,88.902
8/12/19 13:01,84.767,48.5,2068.7,88.902
8/12/19 13:01,84.767,48.5,2071.2,88.902
8/12/19 13:01,84.722,48.5,2061.2,88.902
8/12/19 13:01,84.722,48.4,2063.7,88.902
8/12/19 13:01,84.722,48.4,2028.7,88.902
8/12/19 13:01,84.722,48.4,1968.7,88.902
8/12/19 13:01,84.722,48.3,1923.7,88.902
8/12/19 13:01,84.722,48.3,1906.2,88.902
8/12/19 13:01,84.677,48.3,1893.7,88.902
8/12/19 13:01,84.677,48.3,1901.2,88.902
8/12/19 13:01,84.677,48.3,1953.7,88.902
8/12/19 13:01,84.677,48.4,1953.7,88.902
8/12/19 13:01,84.677,48.5,2006.2,88.902
8/12/19 13:01,84.677,48.6,2048.7,88.902
8/12/19 13:01,84.677,48.7,2048.7,88.902
8/12/19 13:01,84.632,48.9,2041.2,88.947
8/12/19 13:01,84.632,49,2013.7,88.902
8/12/19 13:01,84.632,49,2006.2,88.947
8/12/19 13:01,84.632,49.1,1983.7,88.947
8/12/19 13:01,84.632,49.2,1931.2,88.947
8/12/19 13:01,84.632,49.2,1888.7,88.947
8/12/19 13:01,84.632,49.2,1888.7,88.947
8/12/19 13:01,84.632,49.2,1901.2,88.947
8/12/19 13:01,84.632,49.2,1941.2,88.947
8/12/19 13:01,84.632,49.1,2006.2,88.947
8/12/19 13:01,84.632,49.1,2028.7,88.947
8/12/19 13:01,84.632,49.1,2023.7,88.947
8/12/19 13:01,84.632,49,2006.2,88.947
8/12/19 13:01,84.632,49,1998.7,88.947
8/12/19 13:01,84.632,48.9,1983.7,88.947
8/12/19 13:01,84.632,49,1898.7,88.947
8/12/19 13:01,84.632,49,1876.2,88.947
8/12/19 13:01,84.632,49,1621.2,88.993
8/12/19 13:02,84.632,49,1198.7,88.947
8/12/19 13:02,84.632,49.1,903.7,88.947
8/12/19 13:02,84.632,49.1,883.7,88.993
8/12/19 13:02,84.632,49.2,1016.2,88.993
8/12/19 13:02,84.632,49.3,946.2,88.993
8/12/19 13:02,84.632,49.4,1098.7,88.993
8/12/19 13:02,84.632,49.5,1191.2,88.993
8/12/19 13:02,84.587,49.4,1021.2,88.993
8/12/19 13:02,84.587,49.4,1103.7,88.993
8/12/19 13:02,84.587,49.3,1281.2,88.993
8/12/19 13:02,84.587,49.3,1393.7,88.993
8/12/19 13:02,84.587,49.3,1328.7,88.993
8/12/19 13:02,84.587,49.3,1163.7,88.993
8/12/19 13:02,84.587,49.4,1053.7,88.993
8/12/19 13:02,84.587,49.4,996.2,88.993
8/12/19 13:02,84.587,49.2,941.2,88.993
8/12/19 13:02,84.587,49.1,1018.7,88.993
8/12/19 13:02,84.587,49,1096.2,88.993
8/12/19 13:02,84.542,48.9,1071.2,88.993
8/12/19 13:02,84.542,48.8,1093.7,88.993
8/12/19 13:02,84.542,48.6,1041.2,88.993
8/12/19 13:02,84.542,48.6,896.2,88.993
8/12/19 13:02,84.542,48.6,788.7,88.993
8/12/19 13:02,84.497,48.6,776.2,88.993
8/12/19 13:02,84.497,48.6,823.7,88.993
8/12/19 13:02,84.497,48.6,841.2,88.993
8/12/19 13:02,84.497,48.6,848.7,88.993
8/12/19 13:02,84.497,48.6,853.7,89.04
8/12/19 13:02,84.452,48.6,876.2,89.04
8/12/19 13:02,84.452,48.6,901.2,89.04
8/12/19 13:02,84.452,48.7,996.2,88.993
8/12/19 13:02,84.452,48.7,1033.7,89.04
8/12/19 13:02,84.407,48.8,918.7,89.04
8/12/19 13:02,84.407,48.9,863.7,89.04
8/12/19 13:02,84.407,48.9,878.7,89.04
8/12/19 13:02,84.362,49,916.2,89.04
8/12/19 13:02,84.362,49.1,906.2,89.04
8/12/19 13:02,84.362,49.2,791.2,89.04
8/12/19 13:02,84.362,49.3,738.7,89.04
8/12/19 13:02,84.362,49.5,788.7,89.04
8/12/19 13:02,84.362,49.6,1336.2,89.04
8/12/19 13:02,84.362,49.7,1931.2,89.04
8/12/19 13:02,84.362,49.7,2011.2,89.04
8/12/19 13:02,84.317,49.7,2033.7,89.04
8/12/19 13:02,84.317,49.8,2076.2,89.04
8/12/19 13:02,84.317,49.9,1993.7,89.04
8/12/19 13:02,84.317,50,1858.7,89.04
8/12/19 13:02,84.317,50.1,1788.7,89.04
8/12/19 13:02,84.317,50.1,1756.2,89.04
8/12/19 13:02,84.317,50.1,1711.2,89.04
8/12/19 13:02,84.317,50,1643.7,89.04
8/12/19 13:02,84.317,49.8,1498.7,89.04
8/12/19 13:02,84.317,49.8,1351.2,89.04
8/12/19 13:02,84.317,49.7,1258.7,89.085
8/12/19 13:02,84.317,49.7,1248.7,89.04
8/12/19 13:02,84.317,49.7,1333.7,89.04
8/12/19 13:02,84.317,49.7,1208.7,89.04
8/12/19 13:02,84.317,49.8,1083.7,89.04
8/12/19 13:02,84.317,49.8,1231.2,89.04
8/12/19 13:02,84.317,49.9,1351.2,89.085
8/12/19 13:03,84.272,50,1248.7,89.085
8/12/19 13:03,84.272,50.1,1231.2,89.04
8/12/19 13:03,84.272,50.2,1286.2,89.085
8/12/19 13:03,84.272,50.2,1281.2,89.085
8/12/19 13:03,84.272,50.3,1293.7,89.04
8/12/19 13:03,84.272,50.3,1226.2,89.085
8/12/19 13:03,84.272,50.4,1228.7,89.085
8/12/19 13:03,84.272,50.3,1206.2,89.085
8/12/19 13:03,84.272,50.2,1098.7,89.085
8/12/19 13:03,84.272,50.2,1076.2,89.085
8/12/19 13:03,84.272,50.1,1153.7,89.085
8/12/19 13:03,84.272,50.1,1298.7,89.085
8/12/19 13:03,84.227,50,1466.2,89.085
8/12/19 13:03,84.227,50,1573.7,89.085
8/12/19 13:03,84.227,50,1556.2,89.085
8/12/19 13:03,84.227,49.9,1451.2,89.085
8/12/19 13:03,84.227,49.7,1393.7,89.085
8/12/19 13:03,84.227,49.6,1376.2,89.085
8/12/19 13:03,84.182,49.4,1231.2,89.085
8/12/19 13:03,84.182,49.2,991.2,89.085
8/12/19 13:03,84.182,49.1,916.2,89.085
8/12/19 13:03,84.182,49,898.7,89.085
8/12/19 13:03,84.137,49,831.2,89.085
8/12/19 13:03,84.137,49,813.7,89.085
8/12/19 13:03,84.137,49,883.7,89.085
8/12/19 13:03,84.094,49,941.2,89.085
8/12/19 13:03,84.094,49,893.7,89.085
8/12/19 13:03,84.094,48.9,798.7,89.085
8/12/19 13:03,84.049,48.9,813.7,89.085
8/12/19 13:03,84.049,48.9,956.2,89.085
8/12/19 13:03,84.049,48.9,1136.2,89.085
8/12/19 13:03,84.004,49,1198.7,89.085
8/12/19 13:03,84.004,49,1236.2,89.085
8/12/19 13:03,83.959,49.1,1216.2,89.085
8/12/19 13:03,83.959,49.2,1116.2,89.085
8/12/19 13:03,83.959,49.3,1016.2,89.085
8/12/19 13:03,83.959,49.4,961.2,89.085
8/12/19 13:03,83.914,49.4,993.7,89.085
8/12/19 13:03,83.914,49.5,1113.7,89.085
8/12/19 13:03,83.914,49.5,1283.7,89.085
8/12/19 13:03,83.914,49.5,1518.7,89.085
8/12/19 13:03,83.914,49.5,1736.2,89.085
8/12/19 13:03,83.869,49.5,1901.2,89.085
8/12/19 13:03,83.869,49.5,1983.7,89.085
8/12/19 13:03,83.869,49.5,2028.7,89.085
8/12/19 13:03,83.869,49.5,2046.2,89.085
8/12/19 13:03,83.869,49.3,2048.7,89.085
8/12/19 13:03,83.869,49.2,2043.7,89.085
8/12/19 13:03,83.824,49,2038.7,89.085
8/12/19 13:03,83.824,48.9,2036.2,89.085
8/12/19 13:03,83.824,48.9,2038.7,89.085
8/12/19 13:03,83.824,48.9,2033.7,89.085
8/12/19 13:03,83.824,48.8,2031.2,89.085
8/12/19 13:03,83.779,48.8,2026.2,89.085
8/12/19 13:03,83.779,48.8,2023.7,89.085
8/12/19 13:03,83.779,48.8,2021.2,89.085
8/12/19 13:03,83.779,48.8,2018.7,89.085
8/12/19 13:03,83.779,48.9,2016.2,89.085
8/12/19 13:03,83.736,48.9,2013.7,89.085
8/12/19 13:03,83.736,48.9,2006.2,89.085
8/12/19 13:04,83.736,49,2003.7,89.085
8/12/19 13:04,83.691,49,2006.2,89.085
8/12/19 13:04,83.691,49,2006.2,89.085
8/12/19 13:04,83.691,49.1,2001.2,89.085
8/12/19 13:04,83.691,49.1,2003.7,89.132
8/12/19 13:04,83.691,49.1,1998.7,89.085
8/12/19 13:04,83.691,49,1998.7,89.085
8/12/19 13:04,83.646,49,1998.7,89.085
8/12/19 13:04,83.646,48.9,1998.7,89.085
8/12/19 13:04,83.646,48.9,1996.2,89.132
8/12/19 13:04,83.646,48.9,1991.2,89.085
8/12/19 13:04,83.646,48.9,1991.2,89.085
8/12/19 13:04,83.646,48.9,1991.2,89.132
8/12/19 13:04,83.601,49,1986.2,89.132
8/12/19 13:04,83.601,49,1981.2,89.132
8/12/19 13:04,83.601,49.1,1976.2,89.132
8/12/19 13:04,83.601,49.2,1973.7,89.132
8/12/19 13:04,83.601,49.3,1976.2,89.132
8/12/19 13:04,83.601,49.3,1971.2,89.132
8/12/19 13:04,83.601,49.4,1966.2,89.132
8/12/19 13:04,83.556,49.5,1963.7,89.132
8/12/19 13:04,83.601,49.5,1966.2,89.132
8/12/19 13:04,83.556,49.5,1968.7,89.132
8/12/19 13:04,83.556,49.5,1968.7,89.132
8/12/19 13:04,83.556,49.6,1966.2,89.132
8/12/19 13:04,83.556,49.5,1963.7,89.132
8/12/19 13:04,83.556,49.7,1963.7,89.132
8/12/19 13:04,83.556,49.7,1963.7,89.132
8/12/19 13:04,83.556,49.9,1961.2,89.132
8/12/19 13:04,83.556,50,1958.7,89.132
8/12/19 13:04,83.556,50.1,1953.7,89.132
8/12/19 13:04,83.556,50.1,1953.7,89.132
8/12/19 13:04,83.556,50.1,1953.7,89.132
8/12/19 13:04,83.556,50.2,1951.2,89.132
8/12/19 13:04,83.601,50.1,1948.7,89.132
8/12/19 13:04,83.601,50.1,1948.7,89.132
8/12/19 13:04,83.601,50.2,1948.7,89.132
8/12/19 13:04,83.601,50.2,1946.2,89.132
8/12/19 13:04,83.601,50.2,1941.2,89.132
8/12/19 13:04,83.601,50.2,1943.7,89.132
8/12/19 13:04,83.601,50.1,1946.2,89.132
8/12/19 13:04,83.601,50.1,1941.2,89.132
8/12/19 13:04,83.601,50.1,1943.7,89.132
8/12/19 13:04,83.646,50.2,1948.7,89.177
8/12/19 13:04,83.646,50.2,1948.7,89.177
8/12/19 13:04,83.646,50.2,1951.2,89.177
8/12/19 13:04,83.646,50.3,1953.7,89.177
8/12/19 13:04,83.646,50.3,1953.7,89.177
8/12/19 13:04,83.646,50.2,1928.7,89.177
8/12/19 13:04,83.646,50.3,1831.2,89.177
8/12/19 13:04,83.646,50.2,1591.2,89.177
8/12/19 13:04,83.646,50.1,1383.7,89.177
8/12/19 13:04,83.646,50.1,1351.2,89.177
8/12/19 13:04,83.691,50.1,1368.7,89.177
8/12/19 13:04,83.691,50,1211.2,89.177
8/12/19 13:04,83.691,50,973.7,89.177
8/12/19 13:04,83.691,50,936.2,89.177
8/12/19 13:04,83.691,49.9,1088.7,89.177
8/12/19 13:04,83.691,49.9,1426.2,89.177
8/12/19 13:04,83.691,49.9,1753.7,89.177
8/12/19 13:05,83.691,50,1911.2,89.177
8/12/19 13:05,83.691,50,1941.2,89.177
8/12/19 13:05,83.691,50.1,1948.7,89.177
8/12/19 13:05,83.691,50.2,1941.2,89.177
8/12/19 13:05,83.691,50.2,1938.7,89.177
8/12/19 13:05,83.691,50.2,1938.7,89.177
8/12/19 13:05,83.736,50.1,1931.2,89.177
8/12/19 13:05,83.736,50.1,1931.2,89.177
8/12/19 13:05,83.736,50.1,1933.7,89.224
8/12/19 13:05,83.736,50.1,1931.2,89.224
8/12/19 13:05,83.736,50.1,1928.7,89.177
8/12/19 13:05,83.736,50.1,1928.7,89.224
8/12/19 13:05,83.736,50.1,1926.2,89.224
8/12/19 13:05,83.736,50.1,1926.2,89.224
8/12/19 13:05,83.736,50.2,1921.2,89.224
8/12/19 13:05,83.736,50.3,1918.7,89.224
8/12/19 13:05,83.736,50.3,1918.7,89.224
8/12/19 13:05,83.736,50.4,1916.2,89.224
8/12/19 13:05,83.736,50.6,1916.2,89.224
8/12/19 13:05,83.736,50.8,1913.7,89.224
8/12/19 13:05,83.779,50.9,1913.7,89.224
8/12/19 13:05,83.779,50.9,1908.7,89.224
8/12/19 13:05,83.779,50.9,1911.2,89.224
8/12/19 13:05,83.779,51.1,1908.7,89.224
8/12/19 13:05,83.779,51.2,1911.2,89.224
8/12/19 13:05,83.824,51.2,1903.7,89.224
8/12/19 13:05,83.824,51.3,1903.7,89.224
8/12/19 13:05,83.824,51.3,1898.7,89.224
8/12/19 13:05,83.824,51.4,1901.2,89.224
8/12/19 13:05,83.869,51.3,1898.7,89.224
8/12/19 13:05,83.869,51.3,1891.2,89.224
8/12/19 13:05,83.869,51.3,491.2,89.224
8/12/19 13:05,83.869,51.3,1893.7,89.224
8/12/19 13:05,83.914,51.3,1891.2,89.224
8/12/19 13:05,83.914,51.3,1888.7,89.269
8/12/19 13:05,83.914,51.3,1888.7,89.269
8/12/19 13:05,83.914,51.3,1888.7,89.269
8/12/19 13:05,83.959,51.4,1893.7,89.269
8/12/19 13:05,83.959,51.5,1893.7,89.269
8/12/19 13:05,83.959,51.5,1891.2,89.269
8/12/19 13:05,84.004,51.5,1893.7,89.269
8/12/19 13:05,84.004,51.3,1893.7,89.269
8/12/19 13:05,84.004,51.2,1893.7,89.269
8/12/19 13:05,84.004,51.1,1898.7,89.269
8/12/19 13:05,84.049,51,1896.2,89.269
8/12/19 13:05,84.049,51,1896.2,89.269
8/12/19 13:05,84.049,50.9,1898.7,89.269
8/12/19 13:05,84.094,50.8,1898.7,89.269
8/12/19 13:05,84.094,50.8,1898.7,89.269
8/12/19 13:05,84.094,50.8,1901.2,89.269
8/12/19 13:05,84.094,50.9,588.7,89.269
8/12/19 13:05,84.137,50.9,1843.7,89.269
8/12/19 13:05,84.137,51,1466.2,89.269
8/12/19 13:05,84.137,51,1566.2,89.269
8/12/19 13:05,84.137,51,786.2,89.269
8/12/19 13:05,84.182,51,1208.7,89.269
8/12/19 13:05,84.182,51.1,723.7,89.269
8/12/19 13:05,84.182,51.1,898.7,89.269
8/12/19 13:05,84.182,51.1,1251.2,89.269
8/12/19 13:05,84.227,51.1,1023.7,89.269
8/12/19 13:06,84.227,51.1,1896.2,89.269
8/12/19 13:06,84.227,51.1,1896.2,89.316
8/12/19 13:06,84.272,51.1,1888.7,89.316
8/12/19 13:06,84.272,51,1896.2,89.316
8/12/19 13:06,84.272,51,1891.2,89.316
8/12/19 13:06,84.317,50.9,1888.7,89.316
8/12/19 13:06,84.317,50.7,1893.7,89.316
8/12/19 13:06,84.317,50.5,1893.7,89.316
8/12/19 13:06,84.317,50.4,1893.7,89.316
8/12/19 13:06,84.362,50.1,1891.2,89.316
8/12/19 13:06,84.362,49.8,1891.2,89.316
8/12/19 13:06,84.362,49.6,1888.7,89.316
8/12/19 13:06,84.362,49.4,1886.2,89.316
8/12/19 13:06,84.362,49.3,1886.2,89.316
8/12/19 13:06,84.362,49.2,1888.7,89.316
8/12/19 13:06,84.362,49.3,1886.2,89.316
8/12/19 13:06,84.362,49.4,1886.2,89.316
8/12/19 13:06,84.362,49.4,1883.7,89.316
8/12/19 13:06,84.362,49.4,1881.2,89.316
8/12/19 13:06,84.362,49.4,1883.7,89.316
8/12/19 13:06,84.362,49.4,1883.7,89.316
8/12/19 13:06,84.362,49.5,1881.2,89.362
8/12/19 13:06,84.362,49.5,1886.2,89.362
8/12/19 13:06,84.362,49.5,1888.7,89.362
8/12/19 13:06,84.362,49.6,1888.7,89.362
8/12/19 13:06,84.362,49.6,1891.2,89.362
8/12/19 13:06,84.362,49.6,1891.2,89.362
8/12/19 13:06,84.362,49.6,1893.7,89.362
8/12/19 13:06,84.362,49.4,1893.7,89.362
8/12/19 13:06,84.362,49.2,1896.2,89.362
8/12/19 13:06,84.362,49.1,1896.2,89.362
8/12/19 13:06,84.362,49,1896.2,89.362
8/12/19 13:06,84.362,49,1896.2,89.362
8/12/19 13:06,84.362,48.9,1898.7,89.362
8/12/19 13:06,84.362,48.8,1896.2,89.362
8/12/19 13:06,84.362,48.8,1896.2,89.362
8/12/19 13:06,84.362,48.8,1896.2,89.362
8/12/19 13:06,84.362,48.7,1896.2,89.362
8/12/19 13:06,84.362,48.6,1896.2,89.362
8/12/19 13:06,84.317,48.6,1896.2,89.362
8/12/19 13:06,84.317,48.5,1896.2,89.362
8/12/19 13:06,84.317,48.4,1893.7,89.362
8/12/19 13:06,84.317,48.4,1896.2,89.362
8/12/19 13:06,84.317,48.3,1893.7,89.362
8/12/19 13:06,84.272,48.3,1898.7,89.362
8/12/19 13:06,84.272,48.3,1896.2,89.362
8/12/19 13:06,84.272,48.3,1896.2,89.362
8/12/19 13:06,84.272,48.3,1898.7,89.362
8/12/19 13:06,84.272,48.2,1901.2,89.407
8/12/19 13:06,84.227,48.2,1898.7,89.407
8/12/19 13:06,84.227,48.2,1901.2,89.362
8/12/19 13:06,84.227,48.2,1901.2,89.362
8/12/19 13:06,84.182,48.2,1896.2,89.407
8/12/19 13:06,84.182,48.2,1901.2,89.407
8/12/19 13:06,84.182,48.2,1898.7,89.407
8/12/19 13:06,84.137,48.3,1901.2,89.407
8/12/19 13:06,84.137,48.4,1903.7,89.407
8/12/19 13:06,84.137,48.4,1903.7,89.407
8/12/19 13:06,84.137,48.4,1906.2,89.407
8/12/19 13:06,84.094,48.4,1903.7,89.407
8/12/19 13:07,84.094,48.4,1906.2,89.407
8/12/19 13:07,84.094,48.3,1903.7,89.407
8/12/19 13:07,84.094,48.3,1903.7,89.407
8/12/19 13:07,84.049,48.3,1903.7,89.407
8/12/19 13:07,84.049,48.4,1898.7,89.407
8/12/19 13:07,84.049,48.4,1901.2,89.407
8/12/19 13:07,84.049,48.5,1901.2,89.407
8/12/19 13:07,84.004,48.5,1898.7,89.407
8/12/19 13:07,84.004,48.5,1898.7,89.407
8/12/19 13:07,84.004,48.5,1901.2,89.407
8/12/19 13:07,84.004,48.6,1896.2,89.407
8/12/19 13:07,84.004,48.6,1898.7,89.407
8/12/19 13:07,84.004,48.7,1898.7,89.407
8/12/19 13:07,83.959,48.7,1901.2,89.407
8/12/19 13:07,83.959,48.8,1896.2,89.407
8/12/19 13:07,83.959,48.8,1901.2,89.407
8/12/19 13:07,83.959,48.9,1901.2,89.454
8/12/19 13:07,83.959,49,1898.7,89.407
8/12/19 13:07,83.959,49.1,1898.7,89.407
8/12/19 13:07,83.959,49.2,1893.7,89.407
8/12/19 13:07,83.959,49.4,1896.2,89.454
8/12/19 13:07,83.959,49.5,1896.2,89.454
8/12/19 13:07,83.959,49.6,1898.7,89.454
8/12/19 13:07,83.959,49.6,1898.7,89.454
8/12/19 13:07,83.959,49.6,1896.2,89.454
8/12/19 13:07,83.959,49.7,1898.7,89.454
8/12/19 13:07,83.959,49.6,1893.7,89.454
8/12/19 13:07,83.959,49.6,1896.2,89.454
8/12/19 13:07,83.959,49.5,1893.7,89.454
8/12/19 13:07,84.004,49.5,1891.2,89.454
8/12/19 13:07,84.004,49.5,1891.2,89.454
8/12/19 13:07,84.004,49.5,1893.7,89.454
8/12/19 13:07,84.004,49.5,1891.2,89.454
8/12/19 13:07,84.004,49.6,1888.7,89.454
8/12/19 13:07,84.004,49.6,1883.7,89.454
8/12/19 13:07,84.004,49.6,1888.7,89.454
8/12/19 13:07,84.049,49.6,1221.2,89.454
8/12/19 13:07,84.049,49.5,1811.2,89.454
8/12/19 13:07,84.049,49.4,1846.2,89.454
8/12/19 13:07,84.049,49.2,1793.7,89.454
8/12/19 13:07,84.049,49.1,1266.2,89.454
8/12/19 13:07,84.049,49.1,1791.2,89.454
8/12/19 13:07,84.094,49.1,1756.2,89.454
8/12/19 13:07,84.094,49.3,1763.7,89.454
8/12/19 13:07,84.094,49.3,1893.7,89.454
8/12/19 13:07,84.094,49.4,1891.2,89.454
8/12/19 13:07,84.094,49.5,1893.7,89.454
8/12/19 13:07,84.094,49.6,1891.2,89.454
8/12/19 13:07,84.094,49.7,1891.2,89.454
8/12/19 13:07,84.094,49.8,1891.2,89.454
8/12/19 13:07,84.137,50,1893.7,89.454
8/12/19 13:07,84.137,50.1,1898.7,89.454
8/12/19 13:07,84.137,50.2,1896.2,89.454
8/12/19 13:07,84.137,50.2,1898.7,89.454
8/12/19 13:07,84.137,50.3,1896.2,89.454
8/12/19 13:07,84.182,50.3,1901.2,89.454
8/12/19 13:07,84.182,50.3,1898.7,89.454
8/12/19 13:07,84.182,50.2,1903.7,89.454
8/12/19 13:07,84.182,50.2,1903.7,89.454
8/12/19 13:07,84.227,50.1,1906.2,89.454
8/12/19 13:08,84.227,50,1901.2,89.454
8/12/19 13:08,84.227,49.9,1901.2,89.454
8/12/19 13:08,84.227,49.8,1898.7,89.499
8/12/19 13:08,84.272,49.8,1898.7,89.499
8/12/19 13:08,84.272,49.7,1901.2,89.499
8/12/19 13:08,84.272,49.7,1901.2,89.499
8/12/19 13:08,84.272,49.6,1901.2,89.499
8/12/19 13:08,84.272,49.7,1903.7,89.499
8/12/19 13:08,84.317,49.7,1901.2,89.499
8/12/19 13:08,84.317,49.6,1901.2,89.499
8/12/19 13:08,84.317,49.7,1898.7,89.499
8/12/19 13:08,84.317,49.6,1901.2,89.499
8/12/19 13:08,84.317,49.6,1898.7,89.499
8/12/19 13:08,84.317,49.7,1896.2,89.499
8/12/19 13:08,84.362,49.6,1898.7,89.499
8/12/19 13:08,84.362,49.6,1896.2,89.499
8/12/19 13:08,84.362,49.6,1896.2,89.499
8/12/19 13:08,84.362,49.6,1891.2,89.499
8/12/19 13:08,84.362,49.7,1891.2,89.499
8/12/19 13:08,84.362,49.7,1893.7,89.499
8/12/19 13:08,84.362,49.7,1893.7,89.499
8/12/19 13:08,84.407,49.6,1891.2,89.499
8/12/19 13:08,84.407,49.7,1891.2,89.499
8/12/19 13:08,84.407,49.6,1891.2,89.499
8/12/19 13:08,84.407,49.5,1893.7,89.499
8/12/19 13:08,84.407,49.5,1896.2,89.499
8/12/19 13:08,84.452,49.4,1893.7,89.499
8/12/19 13:08,84.452,49.4,1896.2,89.546
8/12/19 13:08,84.452,49.3,1898.7,89.499
8/12/19 13:08,84.452,49.2,1901.2,89.546
8/12/19 13:08,84.452,49.2,1901.2,89.546
8/12/19 13:08,84.452,49.1,1901.2,89.546
8/12/19 13:08,84.452,49,1896.2,89.546
8/12/19 13:08,84.452,49,1898.7,89.546
8/12/19 13:08,84.452,49,1901.2,89.546
8/12/19 13:08,84.452,49,1901.2,89.546
8/12/19 13:08,84.452,49,1898.7,89.546
8/12/19 13:08,84.452,49,1898.7,89.546
8/12/19 13:08,84.452,49,1901.2,89.546
8/12/19 13:08,84.452,49,1903.7,89.546
8/12/19 13:08,84.452,49,1903.7,89.546
8/12/19 13:08,84.497,49,1903.7,89.546
8/12/19 13:08,84.452,49,1906.2,89.546
8/12/19 13:08,84.452,49,1903.7,89.546
8/12/19 13:08,84.452,49,1903.7,89.546
8/12/19 13:08,84.497,49,1903.7,89.546
8/12/19 13:08,84.452,49,1903.7,89.546
8/12/19 13:08,84.452,49.1,1901.2,89.546
8/12/19 13:08,84.452,49.1,1903.7,89.546
8/12/19 13:08,84.452,49.2,1901.2,89.546
8/12/19 13:08,84.452,49.1,1901.2,89.546
8/12/19 13:08,84.452,49.1,1901.2,89.546
8/12/19 13:08,84.452,49,1901.2,89.546
8/12/19 13:08,84.452,49,1898.7,89.546
8/12/19 13:08,84.452,49,1896.2,89.546
8/12/19 13:08,84.452,49,1893.7,89.546
8/12/19 13:08,84.452,48.9,1898.7,89.546
8/12/19 13:08,84.452,48.7,1896.2,89.546
8/12/19 13:08,84.452,48.6,1896.2,89.546
8/12/19 13:08,84.452,48.5,1896.2,89.546
8/12/19 13:09,84.452,48.5,1893.7,89.546
8/12/19 13:09,84.452,48.6,1896.2,89.593
8/12/19 13:09,84.452,48.6,1893.7,89.593
8/12/19 13:09,84.452,48.6,1891.2,89.593
8/12/19 13:09,84.452,48.7,1891.2,89.593
8/12/19 13:09,84.407,48.8,1893.7,89.593
8/12/19 13:09,84.407,48.8,1566.2,89.593
8/12/19 13:09,84.407,48.9,1101.2,89.593
8/12/19 13:09,84.407,48.9,1073.7,89.593
8/12/19 13:09,84.407,49,1078.7,89.593
8/12/19 13:09,84.407,49,1078.7,89.593
8/12/19 13:09,84.407,49,1083.7,89.593
8/12/19 13:09,84.407,49,1078.7,89.593
8/12/19 13:09,84.407,49,1048.7,89.593
8/12/19 13:09,84.407,48.9,1061.2,89.593
8/12/19 13:09,84.407,48.8,1173.7,89.593
8/12/19 13:09,84.407,48.6,1171.2,89.593
8/12/19 13:09,84.362,48.5,1176.2,89.593
8/12/19 13:09,84.362,48.3,1166.2,89.593
8/12/19 13:09,84.362,48.3,1168.7,89.593
8/12/19 13:09,84.362,48.3,1268.7,89.593
8/12/19 13:09,84.362,48.3,1091.2,89.593
8/12/19 13:09,84.362,48.3,1088.7,89.593
8/12/19 13:09,84.317,48.3,1088.7,89.593
8/12/19 13:09,84.317,48.2,1086.2,89.593
8/12/19 13:09,84.317,48.1,1086.2,89.593
8/12/19 13:09,84.317,48.1,1086.2,89.593
8/12/19 13:09,84.317,48,1106.2,89.593
8/12/19 13:09,84.272,48,1063.7,89.593
8/12/19 13:09,84.272,47.9,1053.7,89.638
8/12/19 13:09,84.272,47.8,1091.2,89.638
8/12/19 13:09,84.272,47.7,1103.7,89.593
8/12/19 13:09,84.272,47.7,1103.7,89.638
8/12/19 13:09,84.227,47.7,1098.7,89.593
8/12/19 13:09,84.227,47.8,1096.2,89.638
8/12/19 13:09,84.227,47.9,1093.7,89.638
8/12/19 13:09,84.182,48.1,1068.7,89.638
8/12/19 13:09,84.182,48.2,1888.7,89.638
8/12/19 13:09,84.182,48.3,1893.7,89.638
8/12/19 13:09,84.182,48.4,1891.2,89.638
8/12/19 13:09,84.182,48.5,1893.7,89.638
8/12/19 13:09,84.137,48.5,1893.7,89.638
8/12/19 13:09,84.137,48.6,1893.7,89.638
8/12/19 13:09,84.137,48.6,1896.2,89.638
8/12/19 13:09,84.137,48.7,1896.2,89.638
8/12/19 13:09,84.137,48.7,1896.2,89.638
8/12/19 13:09,84.137,48.7,1898.7,89.638
8/12/19 13:09,84.137,48.7,1898.7,89.638
8/12/19 13:09,84.137,48.5,1901.2,89.638
8/12/19 13:09,84.137,48.4,1901.2,89.638
8/12/19 13:09,84.094,48.4,1901.2,89.638
8/12/19 13:09,84.094,48.3,1901.2,89.638
8/12/19 13:09,84.094,48.3,1901.2,89.638
8/12/19 13:09,84.094,48.3,1898.7,89.638
8/12/19 13:09,84.094,48.3,1903.7,89.638
8/12/19 13:09,84.094,48.4,1898.7,89.638
8/12/19 13:09,84.094,48.5,1898.7,89.638
8/12/19 13:09,84.049,48.6,1898.7,89.638
8/12/19 13:09,84.049,48.7,1903.7,89.638
8/12/19 13:09,84.049,48.7,1901.2,89.638
8/12/19 13:10,84.049,48.7,1898.7,89.638
8/12/19 13:10,84.049,48.5,1901.2,89.638
8/12/19 13:10,84.049,48.5,1901.2,89.638
8/12/19 13:10,84.049,48.3,1901.2,89.638
8/12/19 13:10,84.049,48.3,1903.7,89.638
8/12/19 13:10,84.049,48.2,1901.2,89.685
8/12/19 13:10,84.004,48.2,1898.7,89.638
8/12/19 13:10,84.049,48.2,1901.2,89.638
8/12/19 13:10,84.004,48.2,1898.7,89.685
8/12/19 13:10,84.004,48.2,1898.7,89.638
8/12/19 13:10,84.004,48.2,1898.7,89.685
8/12/19 13:10,84.004,48.3,1901.2,89.685
8/12/19 13:10,84.004,48.4,1898.7,89.685
8/12/19 13:10,84.004,48.5,1901.2,89.685
8/12/19 13:10,84.004,48.6,1898.7,89.685
8/12/19 13:10,83.959,48.7,1898.7,89.685
8/12/19 13:10,83.959,48.7,1898.7,89.685
8/12/19 13:10,83.959,48.8,1896.2,89.685
8/12/19 13:10,83.959,48.8,1898.7,89.685
8/12/19 13:10,83.959,48.9,1898.7,89.685
8/12/19 13:10,83.959,48.9,1898.7,89.685
8/12/19 13:10,83.959,48.9,1896.2,89.685
8/12/19 13:10,83.959,48.9,1898.7,89.685
8/12/19 13:10,83.959,49,1893.7,89.685
8/12/19 13:10,83.959,49,1896.2,89.685
8/12/19 13:10,83.959,49.1,1893.7,89.685
8/12/19 13:10,83.959,49.1,1106.2,89.685
8/12/19 13:10,83.959,49.2,1788.7,89.685
8/12/19 13:10,83.959,49.3,606.2,89.685
8/12/19 13:10,83.959,49.5,1893.7,89.685
8/12/19 13:10,83.959,49.6,1896.2,89.685
8/12/19 13:10,83.959,49.6,1893.7,89.685
8/12/19 13:10,83.959,49.7,1891.2,89.685
8/12/19 13:10,83.959,49.8,1891.2,89.685
8/12/19 13:10,83.959,49.8,1888.7,89.685
8/12/19 13:10,83.959,49.7,1891.2,89.685
8/12/19 13:10,84.004,49.7,1891.2,89.731
8/12/19 13:10,84.004,49.7,1891.2,89.685
8/12/19 13:10,84.004,49.6,1891.2,89.731
8/12/19 13:10,84.004,49.5,1891.2,89.731
8/12/19 13:10,84.004,49.5,1888.7,89.731
8/12/19 13:10,84.004,49.5,1891.2,89.731
8/12/19 13:10,84.004,49.5,1886.2,89.731
8/12/19 13:10,84.004,49.5,1888.7,89.731
8/12/19 13:10,84.049,49.5,1891.2,89.731
8/12/19 13:10,84.049,49.5,1886.2,89.731
8/12/19 13:10,84.049,49.5,1886.2,89.731
8/12/19 13:10,84.049,49.5,1888.7,89.731
8/12/19 13:10,84.049,49.5,1888.7,89.731
8/12/19 13:10,84.049,49.4,1886.2,89.731
8/12/19 13:10,84.049,49.3,1883.7,89.731
8/12/19 13:10,84.049,49.1,1883.7,89.731
8/12/19 13:10,84.094,49,1886.2,89.731
8/12/19 13:10,84.094,49,1883.7,89.731
8/12/19 13:10,84.094,49,1883.7,89.731
8/12/19 13:10,84.094,49,1881.2,89.731
8/12/19 13:10,84.094,49,1881.2,89.731
8/12/19 13:10,84.094,49.1,1878.7,89.731
8/12/19 13:10,84.094,49.1,1881.2,89.731
8/12/19 13:10,84.094,49,1876.2,89.731
8/12/19 13:11,84.094,49,1883.7,89.731
8/12/19 13:11,84.094,49,1876.2,89.731
8/12/19 13:11,84.094,49,1881.2,89.731
8/12/19 13:11,84.094,49,1878.7,89.731
8/12/19 13:11,84.094,49,1876.2,89.731
8/12/19 13:11,84.094,49,1878.7,89.776
8/12/19 13:11,84.094,49,1878.7,89.731
8/12/19 13:11,84.094,49,1878.7,89.776
8/12/19 13:11,84.094,49,1881.2,89.776
8/12/19 13:11,84.094,49,1881.2,89.776
8/12/19 13:11,84.094,49,1883.7,89.776
8/12/19 13:11,84.094,49,1881.2,89.776
8/12/19 13:11,84.094,49,1883.7,89.776
8/12/19 13:11,84.094,49,1878.7,89.776
8/12/19 13:11,84.094,48.9,1878.7,89.776
8/12/19 13:11,84.094,48.9,1878.7,89.776
8/12/19 13:11,84.094,48.9,1881.2,89.776
8/12/19 13:11,84.094,48.9,1881.2,89.776
8/12/19 13:11,84.094,48.9,1878.7,89.776
8/12/19 13:11,84.094,48.9,1878.7,89.776
8/12/19 13:11,84.094,48.9,1876.2,89.776
8/12/19 13:11,84.094,48.9,1876.2,89.776
8/12/19 13:11,84.094,48.9,1876.2,89.776
8/12/19 13:11,84.094,48.9,1878.7,89.776
8/12/19 13:11,84.094,48.9,1878.7,89.776
8/12/19 13:11,84.094,48.9,1883.7,89.776
8/12/19 13:11,84.094,48.9,1873.7,89.776
8/12/19 13:11,84.094,48.9,1876.2,89.776
8/12/19 13:11,84.094,48.9,1871.2,89.823
8/12/19 13:11,84.049,48.9,1873.7,89.776
8/12/19 13:11,84.094,48.9,1873.7,89.776
8/12/19 13:11,84.049,49,1873.7,89.823
8/12/19 13:11,84.049,49,1871.2,89.823
8/12/19 13:11,84.049,49.2,1876.2,89.823
8/12/19 13:11,84.049,49.4,1873.7,89.823
8/12/19 13:11,84.049,49.5,1873.7,89.823
8/12/19 13:11,84.049,49.5,1878.7,89.823
8/12/19 13:11,84.049,49.6,1876.2,89.823
8/12/19 13:11,84.049,49.7,1876.2,89.823
8/12/19 13:11,84.049,49.7,1873.7,89.823
8/12/19 13:11,84.049,49.8,1873.7,89.823
8/12/19 13:11,84.094,49.9,1873.7,89.823
8/12/19 13:11,84.094,50,1871.2,89.823
8/12/19 13:11,84.094,50.1,1873.7,89.823
8/12/19 13:11,84.094,50.1,1871.2,89.823
8/12/19 13:11,84.094,50.1,1866.2,89.823
8/12/19 13:11,84.094,50.1,1871.2,89.823
8/12/19 13:11,84.094,50.1,1868.7,89.823
8/12/19 13:11,84.137,50.1,1868.7,89.823
8/12/19 13:11,84.137,50.1,1868.7,89.823
8/12/19 13:11,84.137,49.8,1868.7,89.823
8/12/19 13:11,84.137,49.7,1868.7,89.823
8/12/19 13:11,84.137,49.6,1868.7,89.823
8/12/19 13:11,84.137,49.5,1868.7,89.823
8/12/19 13:11,84.137,49.5,1868.7,89.823
8/12/19 13:11,84.137,49.4,1868.7,89.823
8/12/19 13:11,84.137,49.4,1868.7,89.823
8/12/19 13:11,84.137,49.5,1871.2,89.823
8/12/19 13:11,84.137,49.6,1868.7,89.823
8/12/19 13:11,84.137,49.6,1871.2,89.823
8/12/19 13:12,84.137,49.7,1871.2,89.87
8/12/19 13:12,84.137,49.6,1871.2,89.87
8/12/19 13:12,84.137,49.7,1868.7,89.823
8/12/19 13:12,84.137,49.7,1868.7,89.87
8/12/19 13:12,84.094,49.6,1868.7,89.87
8/12/19 13:12,84.094,49.6,1868.7,89.87
8/12/19 13:12,84.094,49.6,1868.7,89.87
8/12/19 13:12,84.094,49.6,1868.7,89.87
8/12/19 13:12,84.094,49.6,1866.2,89.87
8/12/19 13:12,84.094,49.5,1866.2,89.87
8/12/19 13:12,84.094,49.5,1866.2,89.87
8/12/19 13:12,84.094,49.3,1866.2,89.87
8/12/19 13:12,84.049,49.2,1866.2,89.87
8/12/19 13:12,84.049,49.1,1866.2,89.87
8/12/19 13:12,84.049,49.1,1866.2,89.87
8/12/19 13:12,84.049,49,1866.2,89.87
8/12/19 13:12,84.049,48.9,1866.2,89.87
8/12/19 13:12,84.049,48.9,1866.2,89.87
8/12/19 13:12,84.004,48.9,1866.2,89.87
8/12/19 13:12,84.004,48.8,1866.2,89.87
8/12/19 13:12,84.004,48.8,1863.7,89.87
8/12/19 13:12,84.004,48.8,1863.7,89.87
8/12/19 13:12,84.004,48.7,1866.2,89.87
8/12/19 13:12,83.959,48.7,1863.7,89.87
8/12/19 13:12,83.959,48.7,1863.7,89.87
8/12/19 13:12,83.959,48.8,1863.7,89.87
8/12/19 13:12,83.959,48.9,1863.7,89.87
8/12/19 13:12,83.959,48.9,1858.7,89.87
8/12/19 13:12,83.959,49,1861.2,89.87
8/12/19 13:12,83.914,49,1858.7,89.87
8/12/19 13:12,83.914,49.1,1856.2,89.915
8/12/19 13:12,83.914,49.2,1858.7,89.915
8/12/19 13:12,83.914,49.4,1858.7,89.915
8/12/19 13:12,83.869,49.5,1858.7,89.915
8/12/19 13:12,83.869,49.6,1856.2,89.915
8/12/19 13:12,83.869,49.5,1856.2,89.915
8/12/19 13:12,83.869,49.4,1856.2,89.915
8/12/19 13:12,83.869,49.4,1856.2,89.915
8/12/19 13:12,83.869,49.3,1853.7,89.915
8/12/19 13:12,83.869,49.3,1853.7,89.915
8/12/19 13:12,83.869,49.4,1856.2,89.915
8/12/19 13:12,83.869,49.5,1851.2,89.915
8/12/19 13:12,83.869,49.5,1856.2,89.915
8/12/19 13:12,83.869,49.6,1853.7,89.915
8/12/19 13:12,83.869,49.6,1851.2,89.915
8/12/19 13:12,83.869,49.7,1848.7,89.915
8/12/19 13:12,83.869,49.7,1853.7,89.915
8/12/19 13:12,83.869,49.7,1853.7,89.915
8/12/19 13:12,83.869,49.8,1848.7,89.915
8/12/19 13:12,83.869,49.8,1848.7,89.915
8/12/19 13:12,83.869,49.9,1848.7,89.915
8/12/19 13:12,83.869,49.9,1851.2,89.915
8/12/19 13:12,83.869,50,1848.7,89.915
8/12/19 13:12,83.869,50.1,1851.2,89.915
8/12/19 13:12,83.869,50.2,1846.2,89.915
8/12/19 13:12,83.869,50.2,1848.7,89.915
8/12/19 13:12,83.869,50.2,1848.7,89.915
8/12/19 13:12,83.869,50.3,1848.7,89.915
8/12/19 13:12,83.869,50.2,1848.7,89.915
8/12/19 13:12,83.869,50.2,1846.2,89.915
8/12/19 13:13,83.869,50.2,1848.7,89.915
8/12/19 13:13,83.869,50.3,1848.7,89.915
8/12/19 13:13,83.869,50.2,1851.2,89.915
8/12/19 13:13,83.869,50.2,1846.2,89.962
8/12/19 13:13,83.869,50.2,1846.2,89.962
8/12/19 13:13,83.869,50.2,1846.2,89.962
8/12/19 13:13,83.869,50.3,1846.2,89.962
8/12/19 13:13,83.869,50.4,1846.2,89.962
8/12/19 13:13,83.869,50.4,1836.2,89.962
8/12/19 13:13,83.869,50.4,1271.2,89.962
8/12/19 13:13,83.869,50.4,1413.7,89.962
8/12/19 13:13,83.869,50.4,1691.2,89.962
8/12/19 13:13,83.869,50.3,1838.7,89.962
8/12/19 13:13,83.914,50.3,1838.7,89.962
8/12/19 13:13,83.914,50.1,1838.7,89.962
8/12/19 13:13,83.869,50,1838.7,89.962
8/12/19 13:13,83.914,49.8,1838.7,89.962
8/12/19 13:13,83.914,49.8,1838.7,89.962
8/12/19 13:13,83.914,49.7,1843.7,89.962
8/12/19 13:13,83.914,49.8,1836.2,89.962
8/12/19 13:13,83.914,49.9,1838.7,89.962
8/12/19 13:13,83.914,50,1836.2,89.962
8/12/19 13:13,83.914,50,1836.2,89.962
8/12/19 13:13,83.914,50,1836.2,89.962
8/12/19 13:13,83.914,50.1,1833.7,89.962
8/12/19 13:13,83.914,50.1,1836.2,89.962
8/12/19 13:13,83.869,50.2,1833.7,89.962
8/12/19 13:13,83.914,50.2,1833.7,89.962
8/12/19 13:13,83.914,50.3,1833.7,89.962
8/12/19 13:13,83.914,50.2,1831.2,89.962
8/12/19 13:13,83.914,50.2,1836.2,89.962
8/12/19 13:13,83.914,50.2,1833.7,90.009
8/12/19 13:13,83.914,50.3,1833.7,90.009
8/12/19 13:13,83.914,50.4,1828.7,89.962
8/12/19 13:13,83.914,50.4,1833.7,90.009
8/12/19 13:13,83.914,50.4,1831.2,90.009
8/12/19 13:13,83.914,50.4,1831.2,90.009
8/12/19 13:13,83.914,50.5,1831.2,90.009
8/12/19 13:13,83.914,50.4,1828.7,90.009
8/12/19 13:13,83.959,50.4,1831.2,90.009
8/12/19 13:13,83.914,50.3,1828.7,90.009
8/12/19 13:13,83.959,50.3,1828.7,90.009
8/12/19 13:13,83.959,50.3,1828.7,90.009
8/12/19 13:13,83.959,50.4,1831.2,90.009
8/12/19 13:13,83.959,50.3,1831.2,90.009
8/12/19 13:13,83.959,50.3,1828.7,90.009
8/12/19 13:13,83.959,50.4,1828.7,90.009
8/12/19 13:13,83.959,50.5,1826.2,90.009
8/12/19 13:13,83.959,50.6,1826.2,90.009
8/12/19 13:13,83.959,50.7,1826.2,90.009
8/12/19 13:13,83.959,50.5,1828.7,90.009
8/12/19 13:13,83.959,50.4,1826.2,90.009
8/12/19 13:13,83.959,50.2,1823.7,90.009
8/12/19 13:13,83.959,50.3,1826.2,90.009
8/12/19 13:13,83.959,50.4,1823.7,90.009
8/12/19 13:13,83.959,50.3,1826.2,90.009
8/12/19 13:13,83.959,50.4,1821.2,90.009
8/12/19 13:13,83.959,50.5,1823.7,90.055
8/12/19 13:13,83.959,50.6,1821.2,90.055
8/12/19 13:13,83.959,50.6,1821.2,90.055
8/12/19 13:14,83.959,50.8,1821.2,90.055
8/12/19 13:14,83.959,50.9,1821.2,90.055
8/12/19 13:14,83.959,51,1826.2,90.055
8/12/19 13:14,83.959,51,1821.2,90.055
8/12/19 13:14,84.004,51,1826.2,90.055
8/12/19 13:14,83.959,51,1818.7,90.055
8/12/19 13:14,84.004,51,1821.2,90.055
8/12/19 13:14,84.004,51,1818.7,90.055
8/12/19 13:14,84.004,51,1821.2,90.055
8/12/19 13:14,84.004,51,1821.2,90.055
8/12/19 13:14,84.004,51,1818.7,90.055
8/12/19 13:14,84.049,51,1818.7,90.055
8/12/19 13:14,84.049,51,1818.7,90.055
8/12/19 13:14,84.049,51,1816.2,90.055
8/12/19 13:14,84.049,50.8,1816.2,90.055
8/12/19 13:14,84.049,50.5,1813.7,90.055
8/12/19 13:14,84.049,50.3,1813.7,90.055
8/12/19 13:14,84.094,50,1813.7,90.055
8/12/19 13:14,84.049,49.8,1813.7,90.055
8/12/19 13:14,84.094,49.6,1813.7,90.055
8/12/19 13:14,84.094,49.3,1811.2,90.1
8/12/19 13:14,84.094,49,1811.2,90.055
8/12/19 13:14,84.049,48.9,1811.2,90.055
8/12/19 13:14,84.049,48.9,1811.2,90.1
8/12/19 13:14,84.049,48.8,1811.2,90.1
8/12/19 13:14,84.049,48.7,1813.7,90.055
8/12/19 13:14,84.049,48.6,1811.2,90.1
8/12/19 13:14,84.049,48.6,1808.7,90.1
8/12/19 13:14,84.049,48.5,1811.2,90.1
8/12/19 13:14,84.049,48.5,1808.7,90.1
8/12/19 13:14,84.049,48.5,1808.7,90.1
8/12/19 13:14,84.004,48.5,1806.2,90.1
8/12/19 13:14,84.004,48.5,1806.2,90.1
8/12/19 13:14,84.004,48.5,1808.7,90.1
8/12/19 13:14,84.004,48.6,1803.7,90.1
8/12/19 13:14,84.004,48.6,1808.7,90.1
8/12/19 13:14,84.004,48.7,1806.2,90.1
8/12/19 13:14,84.004,48.7,1806.2,90.1
8/12/19 13:14,83.959,48.8,1806.2,90.1
8/12/19 13:14,83.959,48.9,1806.2,90.1
8/12/19 13:14,83.959,48.9,1808.7,90.1
8/12/19 13:14,83.959,49,1808.7,90.1
8/12/19 13:14,83.959,49,1808.7,90.1
8/12/19 13:14,83.959,49,1808.7,90.1
8/12/19 13:14,83.959,49,1808.7,90.1
8/12/19 13:14,83.959,49,1811.2,90.1
8/12/19 13:14,83.959,48.9,1808.7,90.147
8/12/19 13:14,83.959,48.8,1811.2,90.1
8/12/19 13:14,83.959,48.7,1811.2,90.147
8/12/19 13:14,83.959,48.5,1811.2,90.147
8/12/19 13:14,83.959,48.4,1811.2,90.1
8/12/19 13:14,83.914,48.3,1811.2,90.147
8/12/19 13:14,83.914,48.2,1811.2,90.147
8/12/19 13:14,83.914,48.1,1808.7,90.147
8/12/19 13:14,83.914,48.1,1806.2,90.147
8/12/19 13:14,83.914,48.1,1808.7,90.147
8/12/19 13:14,83.869,48.1,1808.7,90.147
8/12/19 13:14,83.869,48.2,1808.7,90.147
8/12/19 13:14,83.869,48.2,1808.7,90.147
8/12/19 13:14,83.824,48.2,1806.2,90.147
8/12/19 13:15,83.824,48.3,1806.2,90.147
8/12/19 13:15,83.824,48.4,1806.2,90.147
8/12/19 13:15,83.779,48.4,1806.2,90.147
8/12/19 13:15,83.779,48.3,1806.2,90.147
8/12/19 13:15,83.779,48.3,1806.2,90.147
8/12/19 13:15,83.736,48.2,1808.7,90.147
8/12/19 13:15,83.736,48.2,1808.7,90.147
8/12/19 13:15,83.691,48.1,1811.2,90.147
8/12/19 13:15,83.691,48.1,1808.7,90.147
8/12/19 13:15,83.691,48.1,1811.2,90.147
8/12/19 13:15,83.691,48.1,1811.2,90.147
8/12/19 13:15,83.646,48.1,1811.2,90.194
8/12/19 13:15,83.646,48.1,1811.2,90.147
8/12/19 13:15,83.646,48.2,1808.7,90.194
8/12/19 13:15,83.601,48.2,1811.2,90.194
8/12/19 13:15,83.601,48.2,1811.2,90.194
8/12/19 13:15,83.601,48.3,1811.2,90.194
8/12/19 13:15,83.556,48.3,1813.7,90.194
8/12/19 13:15,83.556,48.4,1808.7,90.194
8/12/19 13:15,83.556,48.5,1808.7,90.194
8/12/19 13:15,83.556,48.6,1811.2,90.194
8/12/19 13:15,83.511,48.7,1811.2,90.194
8/12/19 13:15,83.511,48.9,1808.7,90.194
8/12/19 13:15,83.511,49,1808.7,90.194
8/12/19 13:15,83.511,49.1,1808.7,90.194
8/12/19 13:15,83.511,49.2,1808.7,90.194
8/12/19 13:15,83.511,49.3,1808.7,90.194
8/12/19 13:15,83.511,49.4,1811.2,90.194
8/12/19 13:15,83.467,49.5,1808.7,90.194
8/12/19 13:15,83.511,49.6,1806.2,90.194
8/12/19 13:15,83.467,49.7,1811.2,90.194
8/12/19 13:15,83.467,49.7,1808.7,90.194
8/12/19 13:15,83.467,49.8,1806.2,90.194
8/12/19 13:15,83.511,49.9,1806.2,90.194
8/12/19 13:15,83.511,49.9,1806.2,90.194
8/12/19 13:15,83.511,50,1808.7,90.194
8/12/19 13:15,83.511,50,1808.7,90.194
8/12/19 13:15,83.511,50.1,1811.2,90.194
8/12/19 13:15,83.511,50.2,1813.7,90.194
8/12/19 13:15,83.511,50.3,1806.2,90.194
8/12/19 13:15,83.511,50.2,1811.2,90.194
8/12/19 13:15,83.511,50.2,1808.7,90.194
8/12/19 13:15,83.511,50.3,1808.7,90.194
8/12/19 13:15,83.511,50.3,1806.2,90.239
8/12/19 13:15,83.511,50.4,1808.7,90.239
8/12/19 13:15,83.511,50.4,1808.7,90.239
8/12/19 13:15,83.511,50.5,1808.7,90.239
8/12/19 13:15,83.511,50.6,1811.2,90.239
8/12/19 13:15,83.556,50.6,1808.7,90.239
8/12/19 13:15,83.556,50.6,1813.7,90.239
8/12/19 13:15,83.556,50.6,1811.2,90.239
8/12/19 13:15,83.556,50.6,1811.2,90.239
8/12/19 13:15,83.556,50.7,1801.2,90.239
8/12/19 13:15,83.556,50.7,1313.7,90.239
8/12/19 13:15,83.556,50.8,1808.7,90.239
8/12/19 13:15,83.556,50.9,1811.2,90.239
8/12/19 13:15,83.601,50.8,1806.2,90.239
8/12/19 13:15,83.601,50.7,1808.7,90.239
8/12/19 13:15,83.601,50.6,1806.2,90.239
8/12/19 13:15,83.646,50.4,1811.2,90.239
8/12/19 13:16,83.646,50.4,1811.2,90.239
8/12/19 13:16,83.646,50.3,1811.2,90.239
8/12/19 13:16,83.646,50.3,1808.7,90.239
8/12/19 13:16,83.646,50.2,1803.7,90.239
8/12/19 13:16,83.646,50.2,1808.7,90.286
8/12/19 13:16,83.646,50.1,1808.7,90.239
8/12/19 13:16,83.691,50,1808.7,90.286
8/12/19 13:16,83.691,50,1811.2,90.239
8/12/19 13:16,83.691,49.9,1813.7,90.239
8/12/19 13:16,83.691,49.8,1808.7,90.286
8/12/19 13:16,83.691,49.7,1811.2,90.286
8/12/19 13:16,83.691,49.5,1811.2,90.286
8/12/19 13:16,83.691,49.5,1813.7,90.286
8/12/19 13:16,83.691,49.5,1811.2,90.286
8/12/19 13:16,83.691,49.5,1813.7,90.286
8/12/19 13:16,83.691,49.4,1811.2,90.286
8/12/19 13:16,83.691,49.4,1811.2,90.286
8/12/19 13:16,83.691,49.4,1811.2,90.286
8/12/19 13:16,83.691,49.4,1813.7,90.286
8/12/19 13:16,83.691,49.4,1808.7,90.286
8/12/19 13:16,83.691,49.4,1813.7,90.286
8/12/19 13:16,83.691,49.4,1811.2,90.286
8/12/19 13:16,83.691,49.5,1808.7,90.286
8/12/19 13:16,83.691,49.5,1816.2,90.286
8/12/19 13:16,83.646,49.6,1813.7,90.286
8/12/19 13:16,83.646,49.6,1808.7,90.286
8/12/19 13:16,83.646,49.6,1811.2,90.286
8/12/19 13:16,83.646,49.7,1811.2,90.286
8/12/19 13:16,83.646,49.7,1811.2,90.286
8/12/19 13:16,83.646,49.7,1811.2,90.286
8/12/19 13:16,83.646,49.8,1808.7,90.286
8/12/19 13:16,83.646,49.9,1808.7,90.286
8/12/19 13:16,83.646,50,1811.2,90.286
8/12/19 13:16,83.646,50,1808.7,90.286
8/12/19 13:16,83.646,50,1811.2,90.286
8/12/19 13:16,83.646,50,1811.2,90.286
8/12/19 13:16,83.646,50,1806.2,90.286
8/12/19 13:16,83.646,50.1,1808.7,90.286
8/12/19 13:16,83.646,50.1,1811.2,90.333
8/12/19 13:16,83.646,50.2,1808.7,90.333
8/12/19 13:16,83.646,50.3,1811.2,90.333
8/12/19 13:16,83.646,50.2,1811.2,90.333
8/12/19 13:16,83.646,50.3,1811.2,90.333
8/12/19 13:16,83.691,50.4,1806.2,90.333
8/12/19 13:16,83.691,50.4,1813.7,90.333
8/12/19 13:16,83.691,50.3,1813.7,90.333
8/12/19 13:16,83.691,50.3,1808.7,90.333
8/12/19 13:16,83.691,50.3,1811.2,90.333
8/12/19 13:16,83.691,50.3,1811.2,90.333
8/12/19 13:16,83.736,50.3,1808.7,90.333
8/12/19 13:16,83.736,50.2,1811.2,90.333
8/12/19 13:16,83.736,50.3,1811.2,90.333
8/12/19 13:16,83.736,50.2,1813.7,90.333
8/12/19 13:16,83.736,50.2,1813.7,90.333
8/12/19 13:16,83.736,50.3,1813.7,90.333
8/12/19 13:16,83.779,50.3,1811.2,90.333
8/12/19 13:16,83.779,50.3,1813.7,90.333
8/12/19 13:16,83.779,50.3,1813.7,90.333
8/12/19 13:16,83.779,50.3,1813.7,90.333
8/12/19 13:16,83.779,50.3,1813.7,90.333
8/12/19 13:17,83.824,50.2,1813.7,90.379
8/12/19 13:17,83.824,50.2,1813.7,90.333
8/12/19 13:17,83.824,50.1,1813.7,90.333
8/12/19 13:17,83.824,50,1816.2,90.379
8/12/19 13:17,83.869,50,1816.2,90.379
8/12/19 13:17,83.869,49.9,1816.2,90.379
8/12/19 13:17,83.869,49.9,1818.7,90.379
8/12/19 13:17,83.869,49.9,1818.7,90.379
8/12/19 13:17,83.869,49.7,1816.2,90.379
8/12/19 13:17,83.869,49.6,1818.7,90.379
8/12/19 13:17,83.869,49.6,1818.7,90.379
8/12/19 13:17,83.914,49.6,1818.7,90.379
8/12/19 13:17,83.914,49.5,1818.7,90.379
8/12/19 13:17,83.914,49.5,1821.2,90.379
8/12/19 13:17,83.914,49.4,1821.2,90.379
8/12/19 13:17,83.914,49.3,1816.2,90.379
8/12/19 13:17,83.914,49.2,1818.7,90.379
8/12/19 13:17,83.914,49.2,1816.2,90.379
8/12/19 13:17,83.914,49.2,1816.2,90.379
8/12/19 13:17,83.914,49.3,1821.2,90.379
8/12/19 13:17,83.914,49.3,1818.7,90.379
8/12/19 13:17,83.914,49.3,1818.7,90.379
8/12/19 13:17,83.914,49.3,1818.7,90.379
8/12/19 13:17,83.914,49.3,1818.7,90.379
8/12/19 13:17,83.914,49.3,1818.7,90.379
8/12/19 13:17,83.914,49.2,1818.7,90.379
8/12/19 13:17,83.914,49.2,1818.7,90.379
8/12/19 13:17,83.914,49.2,1818.7,90.379
8/12/19 13:17,83.914,49.1,1818.7,90.379
8/12/19 13:17,83.914,49,1818.7,90.379
8/12/19 13:17,83.914,49,1818.7,90.379
8/12/19 13:17,83.914,48.9,1818.7,90.379
8/12/19 13:17,83.914,48.9,1818.7,90.379
8/12/19 13:17,83.914,48.9,1818.7,90.379
8/12/19 13:17,83.869,48.9,1818.7,90.379
8/12/19 13:17,83.914,48.9,1818.7,90.379
8/12/19 13:17,83.869,49,1823.7,90.379
8/12/19 13:17,83.914,49,1821.2,90.379
8/12/19 13:17,83.869,49,1818.7,90.379
8/12/19 13:17,83.869,49.1,1821.2,90.424
8/12/19 13:17,83.869,49.1,1823.7,90.424
8/12/19 13:17,83.869,49.2,1821.2,90.424
8/12/19 13:17,83.869,49.3,1823.7,90.424
8/12/19 13:17,83.869,49.3,1823.7,90.424
8/12/19 13:17,83.869,49.4,1821.2,90.424
8/12/19 13:17,83.869,49.4,1823.7,90.424
8/12/19 13:17,83.869,49.3,1821.2,90.424
8/12/19 13:17,83.869,49.3,1821.2,90.424
8/12/19 13:17,83.869,49.2,1826.2,90.424
8/12/19 13:17,83.869,49.2,1823.7,90.424
8/12/19 13:17,83.869,49.1,1818.7,90.424
8/12/19 13:17,83.869,49.1,1821.2,90.424
8/12/19 13:17,83.869,49.1,1818.7,90.424
8/12/19 13:17,83.869,49.2,1821.2,90.424
8/12/19 13:17,83.869,49.3,1821.2,90.424
8/12/19 13:17,83.869,49.4,1823.7,90.424
8/12/19 13:17,83.869,49.5,1818.7,90.424
8/12/19 13:17,83.869,49.5,1818.7,90.424
8/12/19 13:17,83.869,49.5,1821.2,90.424
8/12/19 13:17,83.869,49.5,1818.7,90.424
8/12/19 13:18,83.869,49.5,1821.2,90.424
8/12/19 13:18,83.869,49.5,1821.2,90.424
8/12/19 13:18,83.914,49.5,1818.7,90.424
8/12/19 13:18,83.914,49.5,1818.7,90.424
8/12/19 13:18,83.914,49.6,1821.2,90.424
8/12/19 13:18,83.914,49.7,1823.7,90.424
8/12/19 13:18,83.914,49.8,1821.2,90.424
8/12/19 13:18,83.914,50,1823.7,90.424
8/12/19 13:18,83.914,50.1,1816.2,90.424
8/12/19 13:18,83.914,50.2,1816.2,90.471
8/12/19 13:18,83.914,50.3,1816.2,90.424
8/12/19 13:18,83.914,50.3,1813.7,90.471
8/12/19 13:18,83.959,50.3,1813.7,90.471
8/12/19 13:18,83.959,50.4,1816.2,90.471
8/12/19 13:18,83.959,50.4,1813.7,90.471
8/12/19 13:18,83.959,50.5,1818.7,90.471
8/12/19 13:18,83.959,50.5,1818.7,90.471
8/12/19 13:18,83.959,50.6,1813.7,90.471
8/12/19 13:18,83.959,50.6,1818.7,90.471
8/12/19 13:18,84.004,50.5,1816.2,90.471
8/12/19 13:18,84.004,50.5,1816.2,90.471
8/12/19 13:18,84.004,50.5,1816.2,90.471
8/12/19 13:18,84.004,50.4,1816.2,90.471
8/12/19 13:18,84.049,50.4,1816.2,90.471
8/12/19 13:18,84.049,50.4,1818.7,90.471
8/12/19 13:18,84.049,50.5,1816.2,90.471
8/12/19 13:18,84.049,50.5,1816.2,90.471
8/12/19 13:18,84.049,50.4,1816.2,90.471
8/12/19 13:18,84.094,50.4,1813.7,90.471
8/12/19 13:18,84.094,50.4,1818.7,90.471
8/12/19 13:18,84.094,50.2,1818.7,90.471
8/12/19 13:18,84.094,50.1,1813.7,90.471
8/12/19 13:18,84.094,50.1,1816.2,90.471
8/12/19 13:18,84.137,50,1811.2,90.471
8/12/19 13:18,84.137,50,1818.7,90.471
8/12/19 13:18,84.137,50,1813.7,90.471
8/12/19 13:18,84.137,49.9,1813.7,90.471
8/12/19 13:18,84.137,49.9,1816.2,90.471
8/12/19 13:18,84.182,49.9,1816.2,90.471
8/12/19 13:18,84.182,49.9,1816.2,90.471
8/12/19 13:18,84.182,49.8,1816.2,90.471
8/12/19 13:18,84.182,49.8,1813.7,90.471
8/12/19 13:18,84.182,49.8,1816.2,90.518
8/12/19 13:18,84.182,49.9,1818.7,90.471
8/12/19 13:18,84.182,50,1818.7,90.471
8/12/19 13:18,84.227,49.9,1816.2,90.518
8/12/19 13:18,84.227,49.8,1818.7,90.518
8/12/19 13:18,84.227,49.7,1818.7,90.518
8/12/19 13:18,84.227,49.7,1816.2,90.518
8/12/19 13:18,84.227,49.6,1818.7,90.518
8/12/19 13:18,84.227,49.5,1818.7,90.518
8/12/19 13:18,84.227,49.4,1816.2,90.518
8/12/19 13:18,84.272,49.2,1818.7,90.518
8/12/19 13:18,84.272,49.2,1813.7,90.518
8/12/19 13:18,84.272,49.2,1816.2,90.518
8/12/19 13:18,84.272,49.2,1821.2,90.518
8/12/19 13:18,84.272,49.2,1818.7,90.518
8/12/19 13:18,84.272,49.2,1818.7,90.518
8/12/19 13:18,84.272,49.4,1818.7,90.518
8/12/19 13:18,84.272,49.4,1818.7,90.518
8/12/19 13:19,84.272,49.4,1821.2,90.518
8/12/19 13:19,84.272,49.4,1818.7,90.518
8/12/19 13:19,84.272,49.3,1818.7,90.518
8/12/19 13:19,84.272,49.2,1818.7,90.518
8/12/19 13:19,84.272,49.1,1818.7,90.518
8/12/19 13:19,84.272,49.1,1818.7,90.518
8/12/19 13:19,84.272,49.1,1818.7,90.518
8/12/19 13:19,84.272,49.1,1816.2,90.518
8/12/19 13:19,84.272,49.1,1818.7,90.518
8/12/19 13:19,84.272,49.1,1821.2,90.518
8/12/19 13:19,84.272,49.1,1818.7,90.518
8/12/19 13:19,84.272,49,1813.7,90.518
8/12/19 13:19,84.272,49.1,1818.7,90.518
8/12/19 13:19,84.272,49.1,1823.7,90.565
8/12/19 13:19,84.272,49.2,1821.2,90.565
8/12/19 13:19,84.272,49.4,1816.2,90.565
8/12/19 13:19,84.272,49.5,1821.2,90.565
8/12/19 13:19,84.272,49.7,1818.7,90.565
8/12/19 13:19,84.272,49.7,1818.7,90.565
8/12/19 13:19,84.272,49.8,1818.7,90.565
8/12/19 13:19,84.272,49.7,1818.7,90.565
8/12/19 13:19,84.272,49.7,1821.2,90.565
8/12/19 13:19,84.272,49.7,1816.2,90.565
8/12/19 13:19,84.272,49.7,1818.7,90.565
8/12/19 13:19,84.272,49.7,1818.7,90.565
8/12/19 13:19,84.227,49.6,1818.7,90.565
8/12/19 13:19,84.272,49.6,1821.2,90.565
8/12/19 13:19,84.272,49.5,1821.2,90.565
8/12/19 13:19,84.272,49.5,1818.7,90.565
8/12/19 13:19,84.227,49.4,1821.2,90.565
8/12/19 13:19,84.227,49.4,1818.7,90.565
8/12/19 13:19,84.227,49.2,1818.7,90.565
8/12/19 13:19,84.227,49.2,1821.2,90.565
8/12/19 13:19,84.227,49.2,1821.2,90.565
8/12/19 13:19,84.227,49.2,1821.2,90.565
8/12/19 13:19,84.227,49.2,1818.7,90.565
8/12/19 13:19,84.182,49.2,1818.7,90.565
8/12/19 13:19,84.182,49.2,1821.2,90.565
8/12/19 13:19,84.182,49.2,1818.7,90.565
8/12/19 13:19,84.182,49.1,1818.7,90.565
8/12/19 13:19,84.182,49.1,1821.2,90.565
8/12/19 13:19,84.182,49,1821.2,90.565
8/12/19 13:19,84.137,49,1821.2,90.565
8/12/19 13:19,84.137,49,1818.7,90.565
8/12/19 13:19,84.137,49,1818.7,90.612
8/12/19 13:19,84.137,49.1,1818.7,90.565
8/12/19 13:19,84.137,49,1821.2,90.612
8/12/19 13:19,84.094,49.1,1818.7,90.612
8/12/19 13:19,84.094,49.1,1818.7,90.612
8/12/19 13:19,84.094,49.1,1816.2,90.612
8/12/19 13:19,84.094,49.2,1821.2,90.612
8/12/19 13:19,84.094,49.1,1821.2,90.612
8/12/19 13:19,84.094,49.2,1821.2,90.612
8/12/19 13:19,84.094,49.4,1821.2,90.612
8/12/19 13:19,84.094,49.5,1818.7,90.612
8/12/19 13:19,84.049,49.5,1816.2,90.612
8/12/19 13:19,84.049,49.6,1818.7,90.612
8/12/19 13:19,84.049,49.6,1816.2,90.612
8/12/19 13:19,84.049,49.7,1818.7,90.612
8/12/19 13:19,84.049,49.7,1816.2,90.612
8/12/19 13:20,84.049,49.8,1818.7,90.612
8/12/19 13:20,84.049,49.9,1816.2,90.612
8/12/19 13:20,84.049,50,1816.2,90.612
8/12/19 13:20,84.049,50.1,1816.2,90.612
8/12/19 13:20,84.049,50.1,1816.2,90.612
8/12/19 13:20,84.049,50.1,1816.2,90.612
8/12/19 13:20,84.049,50.1,1816.2,90.612
8/12/19 13:20,84.049,50,1816.2,90.612
8/12/19 13:20,84.049,49.8,1816.2,90.612
8/12/19 13:20,84.049,49.8,1816.2,90.612
8/12/19 13:20,84.049,49.7,1816.2,90.612
8/12/19 13:20,84.094,49.6,1816.2,90.612
8/12/19 13:20,84.094,49.6,1813.7,90.612
8/12/19 13:20,84.094,49.5,1813.7,90.612
8/12/19 13:20,84.049,49.4,1816.2,90.612
8/12/19 13:20,84.049,49.3,1816.2,90.657
8/12/19 13:20,84.049,49.2,1816.2,90.612
8/12/19 13:20,84.049,49.2,1816.2,90.612
8/12/19 13:20,84.049,49.2,1813.7,90.612
8/12/19 13:20,84.049,49.3,1811.2,90.657
8/12/19 13:20,84.049,49.4,1818.7,90.657
8/12/19 13:20,84.049,49.5,1816.2,90.657
8/12/19 13:20,84.049,49.6,1813.7,90.657
8/12/19 13:20,84.049,49.6,1813.7,90.657
8/12/19 13:20,84.049,49.7,1813.7,90.657
8/12/19 13:20,84.049,49.8,1811.2,90.657
8/12/19 13:20,84.049,50,1813.7,90.657
8/12/19 13:20,84.049,50.1,1813.7,90.657
8/12/19 13:20,84.004,50.1,1813.7,90.657
8/12/19 13:20,84.049,50.2,1813.7,90.657
8/12/19 13:20,84.049,50.2,1811.2,90.657
8/12/19 13:20,84.049,50.2,1811.2,90.657
8/12/19 13:20,84.049,50.2,1813.7,90.657
8/12/19 13:20,84.049,50.2,1811.2,90.657
8/12/19 13:20,84.049,50.2,1813.7,90.657
8/12/19 13:20,84.049,50.1,1813.7,90.657
8/12/19 13:20,84.049,50,1811.2,90.657
8/12/19 13:20,84.049,49.8,1811.2,90.657
8/12/19 13:20,84.049,49.7,1816.2,90.657
8/12/19 13:20,84.094,49.7,1811.2,90.657
8/12/19 13:20,84.094,49.7,1811.2,90.657
8/12/19 13:20,84.094,49.8,1813.7,90.657
8/12/19 13:20,84.094,49.8,1813.7,90.657
8/12/19 13:20,84.094,49.9,1813.7,90.657
8/12/19 13:20,84.094,50.1,1811.2,90.657
8/12/19 13:20,84.094,50.2,1813.7,90.657
8/12/19 13:20,84.094,50.4,1813.7,90.657
8/12/19 13:20,84.094,50.3,1811.2,90.657
8/12/19 13:20,84.094,50.4,1813.7,90.657
8/12/19 13:20,84.094,50.4,1808.7,90.657
8/12/19 13:20,84.094,50.3,1816.2,90.703
8/12/19 13:20,84.094,50.4,1811.2,90.657
8/12/19 13:20,84.094,50.2,1811.2,90.703
8/12/19 13:20,84.094,50.1,1806.2,90.703
8/12/19 13:20,84.094,50,1813.7,90.703
8/12/19 13:20,84.094,49.9,1811.2,90.703
8/12/19 13:20,84.094,49.9,1813.7,90.703
8/12/19 13:20,84.094,49.8,1816.2,90.703
8/12/19 13:20,84.137,49.8,1813.7,90.703
8/12/19 13:20,84.137,49.8,1811.2,90.703
8/12/19 13:21,84.137,49.8,1811.2,90.703
8/12/19 13:21,84.137,49.8,1813.7,90.703
8/12/19 13:21,84.094,49.8,1811.2,90.703
8/12/19 13:21,84.137,49.9,1811.2,90.703
8/12/19 13:21,84.137,49.9,1811.2,90.703
8/12/19 13:21,84.137,49.9,1353.7,90.703
8/12/19 13:21,84.137,49.9,1181.2,90.703
8/12/19 13:21,84.094,49.9,821.2,90.703
8/12/19 13:21,84.137,50,1643.7,90.703
8/12/19 13:21,84.137,50.1,776.2,90.703
8/12/19 13:21,84.137,50.1,813.7,90.703
8/12/19 13:21,84.137,50.1,1668.7,90.703
8/12/19 13:21,84.137,50.2,1238.7,90.703
8/12/19 13:21,84.137,50.1,638.7,90.703
8/12/19 13:21,84.137,50.1,676.2,90.703
8/12/19 13:21,84.137,50.2,1808.7,90.703
8/12/19 13:21,84.137,50.2,1813.7,90.703
8/12/19 13:21,84.137,50.3,1811.2,90.703
8/12/19 13:21,84.182,50.3,1811.2,90.703
8/12/19 13:21,84.182,50.4,1808.7,90.75
8/12/19 13:21,84.182,50.4,1808.7,90.75
8/12/19 13:21,84.182,50.5,1811.2,90.75
8/12/19 13:21,84.182,50.6,1811.2,90.75
8/12/19 13:21,84.182,50.7,1808.7,90.75
8/12/19 13:21,84.182,50.8,1806.2,90.75
8/12/19 13:21,84.227,50.9,1813.7,90.75
8/12/19 13:21,84.227,51,1808.7,90.75
8/12/19 13:21,84.227,50.9,1808.7,90.75
8/12/19 13:21,84.227,50.9,1806.2,90.75
8/12/19 13:21,84.227,50.9,1808.7,90.75
8/12/19 13:21,84.272,50.9,1808.7,90.75
8/12/19 13:21,84.272,50.9,1806.2,90.75
8/12/19 13:21,84.272,50.9,1803.7,90.75
8/12/19 13:21,84.272,50.9,1803.7,90.75
8/12/19 13:21,84.272,50.9,1803.7,90.75
8/12/19 13:21,84.272,50.8,1808.7,90.75
8/12/19 13:21,84.317,50.7,1806.2,90.75
8/12/19 13:21,84.317,50.7,1806.2,90.75
8/12/19 13:21,84.317,50.6,1803.7,90.75
8/12/19 13:21,84.317,50.5,1803.7,90.75
8/12/19 13:21,84.362,50.5,1806.2,90.75
8/12/19 13:21,84.317,50.5,1803.7,90.75
8/12/19 13:21,84.362,50.5,1803.7,90.75
8/12/19 13:21,84.362,50.5,1801.2,90.75
8/12/19 13:21,84.362,50.6,1806.2,90.75
8/12/19 13:21,84.362,50.7,1806.2,90.75
8/12/19 13:21,84.362,50.7,1806.2,90.75
8/12/19 13:21,84.362,50.5,1806.2,90.75
8/12/19 13:21,84.362,50.4,1808.7,90.797
8/12/19 13:21,84.362,50.4,1808.7,90.797
8/12/19 13:21,84.407,50.2,1808.7,90.797
8/12/19 13:21,84.407,50.1,1808.7,90.797
8/12/19 13:21,84.407,50.1,1808.7,90.797
8/12/19 13:21,84.407,50,1808.7,90.75
8/12/19 13:21,84.407,49.9,1808.7,90.797
8/12/19 13:21,84.407,49.7,1808.7,90.797
8/12/19 13:21,84.407,49.7,1808.7,90.797
8/12/19 13:21,84.407,49.6,1808.7,90.797
8/12/19 13:21,84.407,49.5,1811.2,90.797
8/12/19 13:21,84.407,49.5,1808.7,90.797
8/12/19 13:22,84.407,49.4,1811.2,90.797
8/12/19 13:22,84.407,49.4,1808.7,90.797
8/12/19 13:22,84.362,49.4,1808.7,90.797
8/12/19 13:22,84.362,49.3,1808.7,90.797
8/12/19 13:22,84.362,49.2,1808.7,90.797
8/12/19 13:22,84.362,49.2,1808.7,90.797
8/12/19 13:22,84.362,49.2,1808.7,90.797
8/12/19 13:22,84.317,49.3,1811.2,90.797
8/12/19 13:22,84.317,49.4,1806.2,90.797
8/12/19 13:22,84.317,49.4,1803.7,90.797
8/12/19 13:22,84.317,49.4,1808.7,90.797
8/12/19 13:22,84.317,49.5,1808.7,90.797
8/12/19 13:22,84.272,49.6,1808.7,90.797
8/12/19 13:22,84.272,49.7,1806.2,90.797
8/12/19 13:22,84.272,49.6,1806.2,90.797
8/12/19 13:22,84.272,49.7,1808.7,90.797
8/12/19 13:22,84.272,49.8,1806.2,90.797
8/12/19 13:22,84.272,49.8,1806.2,90.844
8/12/19 13:22,84.272,50,1803.7,90.797
8/12/19 13:22,84.272,50,1806.2,90.797
8/12/19 13:22,84.272,50,1803.7,90.797
8/12/19 13:22,84.272,50.1,1808.7,90.797
8/12/19 13:22,84.272,50,1808.7,90.797
8/12/19 13:22,84.272,50,1811.2,90.844
8/12/19 13:22,84.272,49.8,1806.2,90.797
8/12/19 13:22,84.272,49.7,1811.2,90.844
8/12/19 13:22,84.272,49.6,1808.7,90.797
8/12/19 13:22,84.272,49.4,1808.7,90.844
8/12/19 13:22,84.272,49.4,1811.2,90.844
8/12/19 13:22,84.272,49.4,1808.7,90.844
8/12/19 13:22,84.272,49.4,1811.2,90.844
8/12/19 13:22,84.272,49.4,1811.2,90.844
8/12/19 13:22,84.272,49.5,1813.7,90.844
8/12/19 13:22,84.272,49.6,1808.7,90.844
8/12/19 13:22,84.227,49.6,1808.7,90.844
8/12/19 13:22,84.227,49.7,1806.2,90.844
8/12/19 13:22,84.227,49.8,1806.2,90.844
8/12/19 13:22,84.227,50,1808.7,90.844
8/12/19 13:22,84.227,50.1,1808.7,90.844
8/12/19 13:22,84.227,50.2,1808.7,90.844
8/12/19 13:22,84.227,50.2,1808.7,90.844
8/12/19 13:22,84.227,50.4,1806.2,90.844
8/12/19 13:22,84.227,50.4,1806.2,90.844
8/12/19 13:22,84.227,50.4,1803.7,90.844
8/12/19 13:22,84.227,50.4,1803.7,90.844
8/12/19 13:22,84.227,50.3,1806.2,90.844
8/12/19 13:22,84.272,50.3,1801.2,90.844
8/12/19 13:22,84.272,50.4,1808.7,90.844
8/12/19 13:22,84.272,50.4,1803.7,90.844
8/12/19 13:22,84.272,50.4,1803.7,90.844
8/12/19 13:22,84.272,50.4,1801.2,90.844
8/12/19 13:22,84.272,50.3,1803.7,90.844
8/12/19 13:22,84.272,50.3,1803.7,90.844
8/12/19 13:22,84.272,50.4,1803.7,90.844
8/12/19 13:22,84.317,50.1,1801.2,90.844
8/12/19 13:22,84.317,49.9,1803.7,90.844
8/12/19 13:22,84.317,49.7,1801.2,90.844
8/12/19 13:22,84.317,49.5,1803.7,90.844
8/12/19 13:22,84.317,49.4,1801.2,90.844
8/12/19 13:22,84.317,49.4,1806.2,90.844
8/12/19 13:23,84.317,49.4,1801.2,90.844
8/12/19 13:23,84.317,49.4,1801.2,90.844
8/12/19 13:23,84.317,49.5,1798.7,90.844
8/12/19 13:23,84.317,49.6,1801.2,90.844
8/12/19 13:23,84.317,49.6,1803.7,90.844
8/12/19 13:23,84.317,49.7,1801.2,90.891
8/12/19 13:23,84.317,49.7,1801.2,90.844
8/12/19 13:23,84.317,49.8,1798.7,90.844
8/12/19 13:23,84.317,49.9,1798.7,90.891
8/12/19 13:23,84.317,50,1801.2,90.891
8/12/19 13:23,84.317,50.1,1798.7,90.891
8/12/19 13:23,84.317,50,1796.2,90.844
8/12/19 13:23,84.317,49.9,1791.2,90.891
8/12/19 13:23,84.317,49.8,1798.7,90.891
8/12/19 13:23,84.317,49.8,1793.7,90.891
8/12/19 13:23,84.317,49.8,1798.7,90.891
8/12/19 13:23,84.317,49.8,1798.7,90.891
8/12/19 13:23,84.317,49.9,1798.7,90.891
8/12/19 13:23,84.317,49.9,1798.7,90.891
8/12/19 13:23,84.317,50,1801.2,90.891
8/12/19 13:23,84.317,50.1,1796.2,90.891
8/12/19 13:23,84.317,50.1,1798.7,90.891
8/12/19 13:23,84.317,50.2,1796.2,90.891
8/12/19 13:23,84.317,50.2,1796.2,90.891
8/12/19 13:23,84.317,50.2,1796.2,90.891
8/12/19 13:23,84.317,50.2,1796.2,90.891
8/12/19 13:23,84.362,50.2,1796.2,90.891
8/12/19 13:23,84.317,50.2,1796.2,90.891
8/12/19 13:23,84.362,50.1,1798.7,90.891
8/12/19 13:23,84.362,50.1,1793.7,90.891
8/12/19 13:23,84.362,50.2,1798.7,90.891
8/12/19 13:23,84.362,50.3,1793.7,90.891
8/12/19 13:23,84.362,50.4,1793.7,90.891
8/12/19 13:23,84.362,50.3,1793.7,90.891
8/12/19 13:23,84.362,50.4,1793.7,90.891
8/12/19 13:23,84.362,50.4,1796.2,90.891
8/12/19 13:23,84.362,50.4,1796.2,90.891
8/12/19 13:23,84.407,50.4,1793.7,90.891
8/12/19 13:23,84.407,50.4,1798.7,90.891
8/12/19 13:23,84.407,50.2,1796.2,90.936
8/12/19 13:23,84.407,50.2,1798.7,90.891
8/12/19 13:23,84.407,50.1,1798.7,90.891
8/12/19 13:23,84.407,50.1,1796.2,90.891
8/12/19 13:23,84.407,50.1,1798.7,90.936
8/12/19 13:23,84.452,50.1,1798.7,90.936
8/12/19 13:23,84.452,50.1,1796.2,90.936
8/12/19 13:23,84.452,50.1,1796.2,90.936
8/12/19 13:23,84.452,50.1,1801.2,90.936
8/12/19 13:23,84.452,50.2,1796.2,90.936
8/12/19 13:23,84.452,50.2,1796.2,90.936
8/12/19 13:23,84.452,50.1,1796.2,90.936
8/12/19 13:23,84.497,50,1798.7,90.936
8/12/19 13:23,84.497,49.9,1796.2,90.936
8/12/19 13:23,84.497,49.8,1798.7,90.936
8/12/19 13:23,84.497,49.8,1796.2,90.936
8/12/19 13:23,84.542,49.8,1796.2,90.936
8/12/19 13:23,84.542,49.8,1796.2,90.936
8/12/19 13:23,84.542,49.8,1796.2,90.936
8/12/19 13:23,84.542,49.9,1796.2,90.936
8/12/19 13:23,84.542,50,1798.7,90.936
8/12/19 13:24,84.542,50,1796.2,90.936
8/12/19 13:24,84.542,50,1796.2,90.936
8/12/19 13:24,84.587,50.1,1796.2,90.936
8/12/19 13:24,84.587,50.1,1798.7,90.936
8/12/19 13:24,84.587,50.1,1793.7,90.936
8/12/19 13:24,84.587,50.1,1793.7,90.936
8/12/19 13:24,84.587,50.1,1793.7,90.936
8/12/19 13:24,84.587,50.2,1796.2,90.936
8/12/19 13:24,84.587,50.3,1793.7,90.936
8/12/19 13:24,84.632,50.3,1793.7,90.936
8/12/19 13:24,84.632,50.4,1793.7,90.936
8/12/19 13:24,84.632,50.5,1793.7,90.936
8/12/19 13:24,84.632,50.7,1793.7,90.936
8/12/19 13:24,84.632,50.8,1793.7,90.936
8/12/19 13:24,84.677,50.9,1791.2,90.936
8/12/19 13:24,84.677,51,1796.2,90.936
8/12/19 13:24,84.677,51,1793.7,90.936
8/12/19 13:24,84.677,51,1796.2,90.982
8/12/19 13:24,84.722,51,1796.2,90.936
8/12/19 13:24,84.722,50.9,1793.7,90.982
8/12/19 13:24,84.722,50.8,1793.7,90.982
8/12/19 13:24,84.767,50.6,1793.7,90.982
8/12/19 13:24,84.767,50.5,1793.7,90.982
8/12/19 13:24,84.767,50.4,1793.7,90.982
8/12/19 13:24,84.767,50.3,1793.7,90.982
8/12/19 13:24,84.812,50.1,1793.7,90.982
8/12/19 13:24,84.812,49.8,1791.2,90.982
8/12/19 13:24,84.812,49.6,1793.7,90.982
8/12/19 13:24,84.812,49.6,1793.7,90.982
8/12/19 13:24,84.812,49.6,1791.2,90.982
8/12/19 13:24,84.812,49.5,1793.7,90.982
8/12/19 13:24,84.812,49.4,1791.2,90.982
8/12/19 13:24,84.812,49.4,1793.7,90.982
8/12/19 13:24,84.767,49.4,1791.2,90.982
8/12/19 13:24,84.767,49.5,1796.2,90.982
8/12/19 13:24,84.767,49.5,1793.7,90.982
8/12/19 13:24,84.767,49.5,1793.7,90.982
8/12/19 13:24,84.767,49.6,1793.7,90.982
8/12/19 13:24,84.767,49.6,1791.2,90.982
8/12/19 13:24,84.767,49.6,1793.7,90.982
8/12/19 13:24,84.767,49.6,1793.7,90.982
8/12/19 13:24,84.767,49.6,1793.7,90.982
8/12/19 13:24,84.767,49.7,1791.2,90.982
8/12/19 13:24,84.767,49.7,1793.7,90.982
8/12/19 13:24,84.767,49.8,1791.2,90.982
8/12/19 13:24,84.767,49.9,1796.2,90.982
8/12/19 13:24,84.767,50,1791.2,91.029
8/12/19 13:24,84.767,50.1,1793.7,90.982
8/12/19 13:24,84.767,50.1,1793.7,90.982
8/12/19 13:24,84.767,50.2,1793.7,90.982
8/12/19 13:24,84.767,50.2,1791.2,90.982
8/12/19 13:24,84.767,50.3,1786.2,90.982
8/12/19 13:24,84.767,50.4,1791.2,91.029
8/12/19 13:24,84.767,50.4,1788.7,91.029
8/12/19 13:24,84.767,50.5,1788.7,91.029
8/12/19 13:24,84.812,50.5,1788.7,91.029
8/12/19 13:24,84.812,50.5,1788.7,91.029
8/12/19 13:24,84.812,50.5,1788.7,91.029
8/12/19 13:24,84.812,50.4,1788.7,91.029
8/12/19 13:24,84.812,50.5,1788.7,91.029
8/12/19 13:25,84.812,50.5,1788.7,91.029
8/12/19 13:25,84.812,50.5,1788.7,91.029
8/12/19 13:25,84.812,50.5,1788.7,91.029
8/12/19 13:25,84.857,50.4,1788.7,91.029
8/12/19 13:25,84.857,50.3,1791.2,91.029
8/12/19 13:25,84.857,50.3,1788.7,91.029
8/12/19 13:25,84.857,50.4,1786.2,91.029
8/12/19 13:25,84.857,50.3,1788.7,91.029
8/12/19 13:25,84.9,50.3,1788.7,91.029
8/12/19 13:25,84.9,50.4,1788.7,91.029
8/12/19 13:25,84.9,50.3,1791.2,91.029
8/12/19 13:25,84.9,50.4,1788.7,91.029
8/12/19 13:25,84.9,50.2,1788.7,91.029
8/12/19 13:25,84.9,49.9,1788.7,91.029
8/12/19 13:25,84.945,49.6,1788.7,91.029
8/12/19 13:25,84.945,49.5,1788.7,91.029
8/12/19 13:25,84.945,49.3,1788.7,91.029
8/12/19 13:25,84.945,49.1,1788.7,91.029
8/12/19 13:25,84.945,49,1788.7,91.029
8/12/19 13:25,84.945,49,1788.7,91.029
8/12/19 13:25,84.945,48.9,1786.2,91.029
8/12/19 13:25,84.945,48.9,1786.2,91.029
8/12/19 13:25,84.945,48.9,1788.7,91.029
8/12/19 13:25,84.945,49,1786.2,91.029
8/12/19 13:25,84.9,49,1788.7,91.029
8/12/19 13:25,84.9,49.1,1791.2,91.076
8/12/19 13:25,84.9,49.1,1788.7,91.029
8/12/19 13:25,84.9,49.1,1788.7,91.076
8/12/19 13:25,84.9,49.1,1788.7,91.076
8/12/19 13:25,84.9,49.1,1788.7,91.076
8/12/19 13:25,84.9,49.1,1788.7,91.076
8/12/19 13:25,84.9,49,1791.2,91.076
8/12/19 13:25,84.9,49,1788.7,91.076
8/12/19 13:25,84.9,49,1788.7,91.076
8/12/19 13:25,84.9,49,1786.2,91.076
8/12/19 13:25,84.9,49,1788.7,91.076
8/12/19 13:25,84.9,49,1788.7,91.076
8/12/19 13:25,84.9,49,1788.7,91.076
8/12/19 13:25,84.9,49,1788.7,91.076
8/12/19 13:25,84.9,49,1786.2,91.076
8/12/19 13:25,84.857,49,1788.7,91.076
8/12/19 13:25,84.857,49,1788.7,91.076
8/12/19 13:25,84.9,48.9,1788.7,91.076
8/12/19 13:25,84.857,48.9,1788.7,91.076
8/12/19 13:25,84.857,48.8,1788.7,91.076
8/12/19 13:25,84.857,48.8,1786.2,91.076
8/12/19 13:25,84.857,48.7,1788.7,91.076
8/12/19 13:25,84.857,48.7,1788.7,91.076
8/12/19 13:25,84.857,48.6,1788.7,91.076
8/12/19 13:25,84.857,48.6,1788.7,91.076
8/12/19 13:25,84.857,48.6,1788.7,91.123
8/12/19 13:25,84.857,48.5,1786.2,91.076
8/12/19 13:25,84.857,48.5,1788.7,91.123
8/12/19 13:25,84.857,48.5,1788.7,91.076
8/12/19 13:25,84.857,48.5,1786.2,91.123
8/12/19 13:25,84.857,48.5,1786.2,91.123
8/12/19 13:25,84.812,48.4,1786.2,91.123
8/12/19 13:25,84.812,48.3,1786.2,91.123
8/12/19 13:25,84.812,48.2,1786.2,91.123
8/12/19 13:25,84.812,48,1788.7,91.123
8/12/19 13:26,84.812,47.9,1788.7,91.123
8/12/19 13:26,84.767,47.8,1786.2,91.123
8/12/19 13:26,84.767,47.8,1786.2,91.123
8/12/19 13:26,84.767,47.7,1786.2,91.123
8/12/19 13:26,84.767,47.7,1788.7,91.123
8/12/19 13:26,84.722,47.8,1786.2,91.123
8/12/19 13:26,84.722,47.8,1786.2,91.123
8/12/19 13:26,84.722,47.9,1781.2,91.123
8/12/19 13:26,84.677,47.9,1786.2,91.123
8/12/19 13:26,84.677,48.1,1783.7,91.123
8/12/19 13:26,84.677,48.2,1786.2,91.123
8/12/19 13:26,84.632,48.2,1783.7,91.123
8/12/19 13:26,84.632,48.2,1786.2,91.123
8/12/19 13:26,84.632,48.2,1786.2,91.123
8/12/19 13:26,84.632,48.3,1783.7,91.123
8/12/19 13:26,84.587,48.3,1783.7,91.123
8/12/19 13:26,84.587,48.3,1783.7,91.123
8/12/19 13:26,84.587,48.3,1786.2,91.123
8/12/19 13:26,84.587,48.3,1783.7,91.123
8/12/19 13:26,84.587,48.2,1781.2,91.123
8/12/19 13:26,84.587,48.2,1783.7,91.123
8/12/19 13:26,84.542,48.1,1781.2,91.123
8/12/19 13:26,84.542,48.1,1783.7,91.123
8/12/19 13:26,84.542,47.9,1783.7,91.123
8/12/19 13:26,84.542,47.9,1786.2,91.123
8/12/19 13:26,84.542,47.8,1783.7,91.123
8/12/19 13:26,84.497,47.7,1786.2,91.123
8/12/19 13:26,84.497,47.6,1781.2,91.123
8/12/19 13:26,84.497,47.6,1783.7,91.123
8/12/19 13:26,84.452,47.6,1781.2,91.123
8/12/19 13:26,84.452,47.6,1781.2,91.123
8/12/19 13:26,84.452,47.5,1781.2,91.123
8/12/19 13:26,84.452,47.5,1783.7,91.123
8/12/19 13:26,84.407,47.4,1781.2,91.123
8/12/19 13:26,84.407,47.4,1778.7,91.123
8/12/19 13:26,84.407,47.4,1781.2,91.123
8/12/19 13:26,84.362,47.4,1781.2,91.123
8/12/19 13:26,84.362,47.5,1781.2,91.123
8/12/19 13:26,84.362,47.5,1778.7,91.123
8/12/19 13:26,84.362,47.5,1781.2,91.123
8/12/19 13:26,84.317,47.5,1778.7,91.123
8/12/19 13:26,84.317,47.5,1778.7,91.123
8/12/19 13:26,84.317,47.5,1778.7,91.123
8/12/19 13:26,84.317,47.5,1778.7,91.123
8/12/19 13:26,84.272,47.4,1776.2,91.123
8/12/19 13:26,84.272,47.6,1778.7,91.123
8/12/19 13:26,84.272,47.6,1778.7,91.123
8/12/19 13:26,84.272,47.8,1781.2,91.123
8/12/19 13:26,84.227,47.9,1778.7,91.123
8/12/19 13:26,84.227,48,1781.2,91.123
8/12/19 13:26,84.227,48.1,1783.7,91.123
8/12/19 13:26,84.227,48.1,1783.7,91.123
8/12/19 13:26,84.227,48.1,1781.2,91.123
8/12/19 13:26,84.182,48,1783.7,91.123
8/12/19 13:26,84.182,48.1,1783.7,91.17
8/12/19 13:26,84.182,48.1,1781.2,91.17
8/12/19 13:26,84.182,48.1,1783.7,91.17
8/12/19 13:26,84.182,48.1,1781.2,91.123
8/12/19 13:26,84.137,48.1,1781.2,91.17
8/12/19 13:26,84.137,48.2,1783.7,91.123
8/12/19 13:27,84.137,48.3,1786.2,91.123
8/12/19 13:27,84.137,48.3,1788.7,91.17
8/12/19 13:27,84.094,48.4,1788.7,91.17
8/12/19 13:27,84.094,48.3,1786.2,91.17
8/12/19 13:27,84.094,48.4,1786.2,91.17
8/12/19 13:27,84.094,48.5,1786.2,91.17
8/12/19 13:27,84.094,48.5,1786.2,91.17
8/12/19 13:27,84.094,48.5,1783.7,91.17
8/12/19 13:27,84.094,48.5,1783.7,91.17
8/12/19 13:27,84.049,48.5,1786.2,91.17
8/12/19 13:27,84.049,48.5,1783.7,91.17
8/12/19 13:27,84.049,48.4,1786.2,91.17
8/12/19 13:27,84.049,48.5,1786.2,91.17
8/12/19 13:27,84.049,48.4,1786.2,91.17
8/12/19 13:27,84.004,48.4,1786.2,91.17
8/12/19 13:27,84.049,48.4,1786.2,91.17
8/12/19 13:27,84.004,48.5,1786.2,91.17
8/12/19 13:27,84.004,48.5,1786.2,91.17
8/12/19 13:27,84.004,48.5,1786.2,91.17
8/12/19 13:27,84.004,48.6,1788.7,91.17
8/12/19 13:27,84.004,48.7,1781.2,91.17
8/12/19 13:27,84.004,48.7,1786.2,91.17
8/12/19 13:27,84.004,48.8,1783.7,91.17
8/12/19 13:27,84.004,48.9,1786.2,91.17
8/12/19 13:27,84.004,49,1786.2,91.17
8/12/19 13:27,84.004,49.1,1786.2,91.17
8/12/19 13:27,84.004,49.4,1786.2,91.216
8/12/19 13:27,84.004,49.5,1786.2,91.17
8/12/19 13:27,84.004,49.5,1786.2,91.17
8/12/19 13:27,84.004,49.5,1786.2,91.216
8/12/19 13:27,84.004,49.5,1786.2,91.17
8/12/19 13:27,84.004,49.5,1786.2,91.17
8/12/19 13:27,84.004,49.4,1786.2,91.17
8/12/19 13:27,84.004,49.3,1783.7,91.17
8/12/19 13:27,84.004,49.2,1788.7,91.216
8/12/19 13:27,84.004,49.2,1786.2,91.17
8/12/19 13:27,84.004,49.1,1786.2,91.17
8/12/19 13:27,84.004,49.1,1783.7,91.216
8/12/19 13:27,84.004,49,1786.2,91.216
8/12/19 13:27,84.004,49,1786.2,91.216
8/12/19 13:27,84.004,49,1783.7,91.216
8/12/19 13:27,84.004,49.1,1786.2,91.216
8/12/19 13:27,84.004,49.1,1783.7,91.216
8/12/19 13:27,84.004,49.2,1786.2,91.216
8/12/19 13:27,84.004,49.3,1783.7,91.216
8/12/19 13:27,84.004,49.4,1783.7,91.216
8/12/19 13:27,84.004,49.5,1781.2,91.216
8/12/19 13:27,84.004,49.6,1781.2,91.216
8/12/19 13:27,84.004,49.6,1781.2,91.216
8/12/19 13:27,84.004,49.7,1778.7,91.216
8/12/19 13:27,84.004,49.7,1781.2,91.216
8/12/19 13:27,84.004,49.7,1781.2,91.216
8/12/19 13:27,84.004,49.7,1781.2,91.216
8/12/19 13:27,84.004,49.6,1778.7,91.216
8/12/19 13:27,84.004,49.6,1778.7,91.216
8/12/19 13:27,84.004,49.6,1778.7,91.216
8/12/19 13:27,84.004,49.7,1778.7,91.216
8/12/19 13:27,84.004,49.8,1778.7,91.216
8/12/19 13:27,84.004,49.8,1773.7,91.216
8/12/19 13:27,84.004,49.8,1776.2,91.216
8/12/19 13:28,84.004,49.7,1771.2,91.216
8/12/19 13:28,84.004,49.8,1766.2,91.216
8/12/19 13:28,84.004,49.8,1768.7,91.216
8/12/19 13:28,84.004,49.8,1773.7,91.216
8/12/19 13:28,84.004,49.8,1781.2,91.216
8/12/19 13:28,84.004,49.9,1781.2,91.216
8/12/19 13:28,84.004,49.9,1778.7,91.216
8/12/19 13:28,84.004,49.8,1781.2,91.216
8/12/19 13:28,84.004,49.8,1786.2,91.216
8/12/19 13:28,84.004,49.8,1776.2,91.216
8/12/19 13:28,84.004,49.7,1741.2,91.216
8/12/19 13:28,84.004,49.7,1716.2,91.216
8/12/19 13:28,84.004,49.7,1706.2,91.216
8/12/19 13:28,84.049,49.6,1696.2,91.216
8/12/19 13:28,84.049,49.6,1666.2,91.216
8/12/19 13:28,84.004,49.6,1623.7,91.216
8/12/19 13:28,84.049,49.6,1588.7,91.216
8/12/19 13:28,84.049,49.6,1573.7,91.263
8/12/19 13:28,84.049,49.6,1568.7,91.216
8/12/19 13:28,84.049,49.5,1553.7,91.263
8/12/19 13:28,84.049,49.3,1541.2,91.216
8/12/19 13:28,84.049,49.1,1516.2,91.216
8/12/19 13:28,84.049,49,1486.2,91.263
8/12/19 13:28,84.049,49,1468.7,91.263
8/12/19 13:28,84.049,48.9,1463.7,91.263
8/12/19 13:28,84.049,49,1473.7,91.263
8/12/19 13:28,84.049,49,1478.7,91.263
8/12/19 13:28,84.049,48.9,1468.7,91.263
8/12/19 13:28,84.049,49,1433.7,91.263
8/12/19 13:28,84.049,49,1396.2,91.263
8/12/19 13:28,84.004,49,1378.7,91.263
8/12/19 13:28,84.004,49,1383.7,91.263
8/12/19 13:28,84.049,49,1378.7,91.263
8/12/19 13:28,84.004,49,1351.2,91.263
8/12/19 13:28,84.049,49.1,1328.7,91.263
8/12/19 13:28,84.004,49.1,1343.7,91.263
8/12/19 13:28,84.004,49.2,1406.2,91.263
8/12/19 13:28,84.004,49.2,1481.2,91.263
8/12/19 13:28,84.004,49.3,1541.2,91.263
8/12/19 13:28,84.049,49.4,1588.7,91.263
8/12/19 13:28,84.049,49.5,1631.2,91.263
8/12/19 13:28,84.049,49.5,1688.7,91.263
8/12/19 13:28,84.049,49.6,1746.2,91.263
8/12/19 13:28,84.049,49.6,1771.2,91.263
8/12/19 13:28,84.049,49.6,1783.7,91.263
8/12/19 13:28,84.049,49.7,1788.7,91.263
8/12/19 13:28,84.049,49.7,1803.7,91.263
8/12/19 13:28,84.049,49.7,1813.7,91.263
8/12/19 13:28,84.094,49.7,1811.2,91.263
8/12/19 13:28,84.094,49.6,1801.2,91.263
8/12/19 13:28,84.094,49.6,1796.2,91.263
8/12/19 13:28,84.094,49.6,1796.2,91.263
8/12/19 13:28,84.094,49.5,1801.2,91.263
8/12/19 13:28,84.094,49.4,1793.7,91.308
8/12/19 13:28,84.094,49.4,1791.2,91.263
8/12/19 13:28,84.094,49.4,1796.2,91.308
8/12/19 13:28,84.094,49.3,1788.7,91.308
8/12/19 13:28,84.094,49.4,1781.2,91.308
8/12/19 13:28,84.094,49.4,1776.2,91.308
8/12/19 13:28,84.137,49.4,1763.7,91.308
8/12/19 13:29,84.137,49.5,1728.7,91.308
8/12/19 13:29,84.137,49.5,1683.7,91.308
8/12/19 13:29,84.137,49.5,1643.7,91.308
8/12/19 13:29,84.137,49.5,1623.7,91.308
8/12/19 13:29,84.137,49.6,1626.2,91.308
8/12/19 13:29,84.137,49.6,1626.2,91.308
8/12/19 13:29,84.137,49.6,1623.7,91.308
8/12/19 13:29,84.137,49.7,1621.2,91.308
8/12/19 13:29,84.137,49.6,1621.2,91.308
8/12/19 13:29,84.137,49.7,1606.2,91.308
8/12/19 13:29,84.137,49.6,1581.2,91.308
8/12/19 13:29,84.182,49.6,1568.7,91.308
8/12/19 13:29,84.182,49.5,1563.7,91.308
8/12/19 13:29,84.137,49.4,1543.7,91.308
8/12/19 13:29,84.182,49.4,1513.7,91.308
8/12/19 13:29,84.182,49.4,1498.7,91.308
8/12/19 13:29,84.182,49.4,1488.7,91.308
8/12/19 13:29,84.182,49.4,1478.7,91.308
8/12/19 13:29,84.182,49.5,1466.2,91.308
8/12/19 13:29,84.182,49.5,1461.2,91.308
8/12/19 13:29,84.182,49.5,1463.7,91.308
8/12/19 13:29,84.182,49.6,1468.7,91.308
8/12/19 13:29,84.182,49.6,1471.2,91.308
8/12/19 13:29,84.182,49.6,1466.2,91.308
8/12/19 13:29,84.182,49.6,1456.2,91.308
8/12/19 13:29,84.182,49.6,1458.7,91.308
8/12/19 13:29,84.182,49.6,1466.2,91.308
8/12/19 13:29,84.182,49.5,1481.2,91.308
8/12/19 13:29,84.182,49.5,1491.2,91.308
8/12/19 13:29,84.182,49.5,1496.2,91.308
8/12/19 13:29,84.182,49.5,1496.2,91.308
8/12/19 13:29,84.182,49.5,1493.7,91.308
8/12/19 13:29,84.182,49.5,1486.2,91.308
8/12/19 13:29,84.182,49.5,1466.2,91.308
8/12/19 13:29,84.182,49.5,1438.7,91.308
8/12/19 13:29,84.182,49.5,1426.2,91.308
8/12/19 13:29,84.137,49.6,1416.2,91.308
8/12/19 13:29,84.137,49.6,1411.2,91.308
8/12/19 13:29,84.137,49.6,1418.7,91.308
8/12/19 13:29,84.137,49.6,1433.7,91.308
8/12/19 13:29,84.182,49.7,1456.2,91.308
8/12/19 13:29,84.137,49.7,1473.7,91.355
8/12/19 13:29,84.137,49.7,1473.7,91.308
8/12/19 13:29,84.182,49.6,1463.7,91.355
8/12/19 13:29,84.182,49.6,1448.7,91.355
8/12/19 13:29,84.182,49.6,1456.2,91.355
8/12/19 13:29,84.182,49.5,1486.2,91.355
8/12/19 13:29,84.182,49.5,1528.7,91.355
8/12/19 13:29,84.182,49.6,1543.7,91.355
8/12/19 13:29,84.182,49.6,1538.7,91.355
8/12/19 13:29,84.182,49.6,1518.7,91.355
8/12/19 13:29,84.182,49.7,1491.2,91.355
8/12/19 13:29,84.182,49.8,1466.2,91.355
8/12/19 13:29,84.182,49.9,1433.7,91.355
8/12/19 13:29,84.182,50,1401.2,91.355
8/12/19 13:29,84.182,50.1,1403.7,91.355
8/12/19 13:29,84.182,50.2,1433.7,91.355
8/12/19 13:29,84.182,50.2,1456.2,91.355
8/12/19 13:29,84.182,50.3,1456.2,91.355
8/12/19 13:29,84.182,50.4,1453.7,91.355
8/12/19 13:30,84.182,50.3,1448.7,91.355
8/12/19 13:30,84.227,50.3,1441.2,91.355
8/12/19 13:30,84.227,50.4,1463.7,91.355
8/12/19 13:30,84.227,50.5,1493.7,91.355
8/12/19 13:30,84.227,50.5,1521.2,91.355
8/12/19 13:30,84.227,50.6,1533.7,91.355
8/12/19 13:30,84.227,50.7,1546.2,91.355
8/12/19 13:30,84.227,50.8,1573.7,91.355
8/12/19 13:30,84.272,50.8,1608.7,91.355
8/12/19 13:30,84.272,50.7,1626.2,91.355
8/12/19 13:30,84.272,50.5,1623.7,91.402
8/12/19 13:30,84.272,50.4,1613.7,91.402
8/12/19 13:30,84.272,50.2,1616.2,91.355
8/12/19 13:30,84.272,50,1626.2,91.402
8/12/19 13:30,84.317,49.9,1643.7,91.402
8/12/19 13:30,84.317,49.8,1656.2,91.402
8/12/19 13:30,84.317,49.8,1648.7,91.355
8/12/19 13:30,84.317,49.8,1638.7,91.402
8/12/19 13:30,84.317,49.8,1631.2,91.355
8/12/19 13:30,84.317,49.8,1638.7,91.402
8/12/19 13:30,84.317,49.8,1641.2,91.402
8/12/19 13:30,84.317,49.7,1643.7,91.402
8/12/19 13:30,84.362,49.7,1641.2,91.402
8/12/19 13:30,84.317,49.6,1648.7,91.402
8/12/19 13:30,84.362,49.5,1656.2,91.402
8/12/19 13:30,84.362,49.5,1663.7,91.402
8/12/19 13:30,84.362,49.5,1663.7,91.402
8/12/19 13:30,84.362,49.5,1661.2,91.402
8/12/19 13:30,84.362,49.5,1643.7,91.402
8/12/19 13:30,84.362,49.6,1601.2,91.402
8/12/19 13:30,84.362,49.6,1541.2,91.402
8/12/19 13:30,84.362,49.7,1466.2,91.402
8/12/19 13:30,84.362,49.7,1391.2,91.402
8/12/19 13:30,84.362,49.7,1328.7,91.402
8/12/19 13:30,84.362,49.7,1268.7,91.402
8/12/19 13:30,84.362,49.6,1203.7,91.402
8/12/19 13:30,84.362,49.6,1166.2,91.402
8/12/19 13:30,84.362,49.7,1143.7,91.402
8/12/19 13:30,84.362,49.7,1116.2,91.402
8/12/19 13:30,84.362,49.8,1096.2,91.402
8/12/19 13:30,84.362,49.9,1091.2,91.402
8/12/19 13:30,84.362,50,1071.2,91.402
8/12/19 13:30,84.362,50.1,1036.2,91.402
8/12/19 13:30,84.362,50.2,1013.7,91.402
8/12/19 13:30,84.362,50.3,996.2,91.402
8/12/19 13:30,84.362,50.4,978.7,91.402
8/12/19 13:30,84.362,50.3,966.2,91.402
8/12/19 13:30,84.362,50.4,958.7,91.402
8/12/19 13:30,84.362,50.4,943.7,91.402
8/12/19 13:30,84.362,50.4,921.2,91.402
8/12/19 13:30,84.362,50.3,898.7,91.402
8/12/19 13:30,84.407,50.1,881.2,91.402
8/12/19 13:30,84.407,50,863.7,91.402
8/12/19 13:30,84.407,49.9,838.7,91.402
8/12/19 13:30,84.407,49.8,823.7,91.402
8/12/19 13:30,84.407,49.7,818.7,91.402
8/12/19 13:30,84.407,49.7,833.7,91.402
8/12/19 13:30,84.407,49.7,866.2,91.402
8/12/19 13:30,84.407,49.6,913.7,91.402
8/12/19 13:30,84.407,49.6,953.7,91.402
8/12/19 13:31,84.362,49.6,988.7,91.402
8/12/19 13:31,84.362,49.6,1013.7,91.402
8/12/19 13:31,84.362,49.7,1041.2,91.402
8/12/19 13:31,84.362,49.8,1083.7,91.402
8/12/19 13:31,84.362,49.8,1121.2,91.402
8/12/19 13:31,84.362,49.8,1168.7,91.402
8/12/19 13:31,84.362,49.8,1243.7,91.402
8/12/19 13:31,84.362,49.9,1336.2,91.402
8/12/19 13:31,84.362,50,1421.2,91.402
8/12/19 13:31,84.362,50.1,1478.7,91.449
8/12/19 13:31,84.362,50.2,1521.2,91.402
8/12/19 13:31,84.317,50.3,1576.2,91.402
8/12/19 13:31,84.317,50.4,1638.7,91.402
8/12/19 13:31,84.317,50.4,1696.2,91.402
8/12/19 13:31,84.317,50.3,1733.7,91.449
8/12/19 13:31,84.317,50.4,1776.2,91.402
8/12/19 13:31,84.317,50.4,1828.7,91.402
8/12/19 13:31,84.317,50.3,1861.2,91.402
8/12/19 13:31,84.317,50.4,1881.2,91.402
8/12/19 13:31,84.317,50.3,1896.2,91.449
8/12/19 13:31,84.317,50.2,1901.2,91.402
8/12/19 13:31,84.317,50.1,1903.7,91.402
8/12/19 13:31,84.317,50.1,1906.2,91.402
8/12/19 13:31,84.317,50,1901.2,91.449
8/12/19 13:31,84.317,49.9,1896.2,91.402
8/12/19 13:31,84.317,49.8,1891.2,91.402
8/12/19 13:31,84.317,49.6,1888.7,91.402
8/12/19 13:31,84.317,49.5,1886.2,91.402
8/12/19 13:31,84.317,49.4,1886.2,91.402
8/12/19 13:31,84.317,49.2,1883.7,91.402
8/12/19 13:31,84.317,49.1,1878.7,91.402
8/12/19 13:31,84.317,49,1876.2,91.402
8/12/19 13:31,84.317,49,1873.7,91.449
8/12/19 13:31,84.317,48.9,1871.2,91.402
8/12/19 13:31,84.272,48.8,1868.7,91.449
8/12/19 13:31,84.272,48.8,1866.2,91.449
8/12/19 13:31,84.272,48.7,1863.7,91.402
8/12/19 13:31,84.272,48.7,1861.2,91.449
8/12/19 13:31,84.272,48.6,1858.7,91.449
8/12/19 13:31,84.227,48.5,1858.7,91.449
8/12/19 13:31,84.227,48.4,1858.7,91.449
8/12/19 13:31,84.227,48.3,1856.2,91.402
8/12/19 13:31,84.227,48.3,1853.7,91.449
8/12/19 13:31,84.182,48.2,1853.7,91.449
8/12/19 13:31,84.182,48.2,1851.2,91.402
8/12/19 13:31,84.182,48.1,1851.2,91.402
8/12/19 13:31,84.182,48.1,1851.2,91.449
8/12/19 13:31,84.137,48,1851.2,91.402
8/12/19 13:31,84.137,48,1851.2,91.402
8/12/19 13:31,84.094,48,1851.2,91.402
8/12/19 13:31,84.094,48.1,1846.2,91.402
8/12/19 13:31,84.094,48.1,1848.7,91.402
8/12/19 13:31,84.049,48.2,1846.2,91.402
8/12/19 13:31,84.049,48.3,1843.7,91.402
8/12/19 13:31,84.049,48.2,1846.2,91.402
8/12/19 13:31,84.049,48.3,1846.2,91.402
8/12/19 13:31,84.004,48.4,1846.2,91.402
8/12/19 13:31,84.004,48.5,1843.7,91.402
8/12/19 13:31,84.004,48.5,1838.7,91.402
8/12/19 13:31,84.004,48.6,1838.7,91.402
8/12/19 13:32,83.959,48.7,1838.7,91.402
8/12/19 13:32,83.959,48.8,1836.2,91.402
8/12/19 13:32,83.959,48.9,1838.7,91.402
8/12/19 13:32,83.959,48.9,1836.2,91.402
8/12/19 13:32,83.959,49,1836.2,91.402
8/12/19 13:32,83.959,49.1,1833.7,91.402
8/12/19 13:32,83.959,49.1,1836.2,91.402
8/12/19 13:32,83.914,49.2,1833.7,91.402
8/12/19 13:32,83.914,49.3,1833.7,91.402
8/12/19 13:32,83.914,49.5,1833.7,91.402
8/12/19 13:32,83.959,49.4,1833.7,91.402
8/12/19 13:32,83.914,49.4,1833.7,91.402
8/12/19 13:32,83.914,49.2,1831.2,91.402
8/12/19 13:32,83.914,49.2,1833.7,91.402
8/12/19 13:32,83.914,49.2,1828.7,91.449
8/12/19 13:32,83.914,49.1,1828.7,91.402
8/12/19 13:32,83.914,49.1,1828.7,91.402
8/12/19 13:32,83.914,49.1,1826.2,91.449
8/12/19 13:32,83.914,49.1,1831.2,91.402
8/12/19 13:32,83.914,49,1826.2,91.402
8/12/19 13:32,83.914,49,1828.7,91.402
8/12/19 13:32,83.914,49,1826.2,91.449
8/12/19 13:32,83.914,49,1821.2,91.402
8/12/19 13:32,83.914,49.1,1821.2,91.449
8/12/19 13:32,83.914,49.1,1821.2,91.402
8/12/19 13:32,83.914,49.2,1826.2,91.449
8/12/19 13:32,83.914,49.3,1818.7,91.449
8/12/19 13:32,83.914,49.4,1091.2,91.449
8/12/19 13:32,83.914,49.5,1753.7,91.449
8/12/19 13:32,83.914,49.6,776.2,91.449
8/12/19 13:32,83.914,49.5,1093.7,91.449
8/12/19 13:32,83.914,49.7,1816.2,91.449
8/12/19 13:32,83.914,49.6,1813.7,91.449
8/12/19 13:32,83.914,49.8,1818.7,91.449
8/12/19 13:32,83.914,49.9,1813.7,91.449
8/12/19 13:32,83.914,49.9,1813.7,91.449
8/12/19 13:32,83.914,49.9,1811.2,91.449
8/12/19 13:32,83.914,50,1808.7,91.449
8/12/19 13:32,83.914,50,1808.7,91.449
8/12/19 13:32,83.959,50.1,1808.7,91.449
8/12/19 13:32,83.959,50.2,1806.2,91.449
8/12/19 13:32,83.959,50.3,1806.2,91.449
8/12/19 13:32,83.959,50.4,1803.7,91.449
8/12/19 13:32,83.959,50.3,1808.7,91.449
8/12/19 13:32,83.959,50.2,1811.2,91.449
8/12/19 13:32,84.004,50.2,1811.2,91.449
8/12/19 13:32,84.004,50.1,1811.2,91.449
8/12/19 13:32,84.004,50,1811.2,91.449
8/12/19 13:32,84.004,49.8,1813.7,91.449
8/12/19 13:32,84.049,49.6,1811.2,91.449
8/12/19 13:32,84.049,49.5,1808.7,91.449
8/12/19 13:32,84.049,49.4,1808.7,91.449
8/12/19 13:32,84.049,49.2,1808.7,91.449
8/12/19 13:32,84.049,49,1806.2,91.449
8/12/19 13:32,84.049,48.9,1806.2,91.449
8/12/19 13:32,84.049,48.9,1806.2,91.449
8/12/19 13:32,84.049,48.9,1806.2,91.449
8/12/19 13:32,84.049,48.8,1808.7,91.449
8/12/19 13:32,84.094,48.8,1806.2,91.449
8/12/19 13:32,84.094,48.8,1798.7,91.449
8/12/19 13:33,84.094,48.9,1796.2,91.449
8/12/19 13:33,84.094,48.9,1798.7,91.449
8/12/19 13:33,84.094,48.9,1796.2,91.449
8/12/19 13:33,84.049,49,1793.7,91.449
8/12/19 13:33,84.049,49,1793.7,91.449
8/12/19 13:33,84.094,49,1793.7,91.449
8/12/19 13:33,84.049,48.9,1793.7,91.449
8/12/19 13:33,84.094,48.8,1796.2,91.449
8/12/19 13:33,84.094,48.7,1793.7,91.449
8/12/19 13:33,84.049,48.6,1791.2,91.449
8/12/19 13:33,84.049,48.5,1791.2,91.449
8/12/19 13:33,84.049,48.5,1791.2,91.449
8/12/19 13:33,84.049,48.5,1791.2,91.449
8/12/19 13:33,84.094,48.5,1781.2,91.449
8/12/19 13:33,84.049,48.6,1783.7,91.449
8/12/19 13:33,84.049,48.7,1783.7,91.449
8/12/19 13:33,84.049,48.8,1783.7,91.495
8/12/19 13:33,84.049,48.8,1781.2,91.495
8/12/19 13:33,84.049,48.9,1781.2,91.495
8/12/19 13:33,84.049,48.9,1776.2,91.449
8/12/19 13:33,84.049,49,1778.7,91.495
8/12/19 13:33,84.049,49,1773.7,91.449
8/12/19 13:33,84.049,49,1776.2,91.495
8/12/19 13:33,84.049,49,1763.7,91.495
8/12/19 13:33,84.094,49,1753.7,91.495
8/12/19 13:33,84.094,49,1748.7,91.495
8/12/19 13:33,84.094,49.2,1743.7,91.495
8/12/19 13:33,84.094,49.1,1738.7,91.495
8/12/19 13:33,84.094,49.3,1738.7,91.495
8/12/19 13:33,84.094,49.3,1741.2,91.495
8/12/19 13:33,84.094,49.4,1748.7,91.495
8/12/19 13:33,84.094,49.6,1751.2,91.495
8/12/19 13:33,84.094,49.6,1758.7,91.495
8/12/19 13:33,84.094,49.7,1758.7,91.495
8/12/19 13:33,84.094,49.7,1746.2,91.495
8/12/19 13:33,84.094,49.8,1736.2,91.495
8/12/19 13:33,84.094,49.9,1743.7,91.495
8/12/19 13:33,84.137,49.9,1751.2,91.495
8/12/19 13:33,84.137,50,1753.7,91.495
8/12/19 13:33,84.137,50,1761.2,91.495
8/12/19 13:33,84.137,50,1771.2,91.495
8/12/19 13:33,84.137,50,1773.7,91.495
8/12/19 13:33,84.137,49.9,1773.7,91.495
8/12/19 13:33,84.182,49.9,1768.7,91.495
8/12/19 13:33,84.182,50,1763.7,91.495
8/12/19 13:33,84.182,49.9,1771.2,91.495
8/12/19 13:33,84.182,49.8,1771.2,91.495
8/12/19 13:33,84.182,49.8,1773.7,91.495
8/12/19 13:33,84.227,49.8,1771.2,91.495
8/12/19 13:33,84.227,49.7,1763.7,91.495
8/12/19 13:33,84.227,49.7,1766.2,91.495
8/12/19 13:33,84.227,49.6,1768.7,91.495
8/12/19 13:33,84.227,49.6,1771.2,91.495
8/12/19 13:33,84.227,49.6,1773.7,91.495
8/12/19 13:33,84.272,49.7,1776.2,91.495
8/12/19 13:33,84.272,49.7,1778.7,91.495
8/12/19 13:33,84.272,49.7,1771.2,91.495
8/12/19 13:33,84.272,49.8,1773.7,91.495
8/12/19 13:33,84.317,49.8,1768.7,91.495
8/12/19 13:33,84.317,49.8,1771.2,91.495
8/12/19 13:34,84.317,49.9,1763.7,91.495
8/12/19 13:34,84.317,49.9,1763.7,91.495
8/12/19 13:34,84.317,49.9,1761.2,91.495
8/12/19 13:34,84.362,50,1758.7,91.542
8/12/19 13:34,84.362,50,1761.2,91.495
8/12/19 13:34,84.362,50,1766.2,91.495
8/12/19 13:34,84.362,50,1766.2,91.495
8/12/19 13:34,84.362,49.9,1771.2,91.495
8/12/19 13:34,84.407,49.7,1776.2,91.495
8/12/19 13:34,84.407,49.6,1778.7,91.542
8/12/19 13:34,84.407,49.4,1778.7,91.542
8/12/19 13:34,84.407,49.4,1778.7,91.495
8/12/19 13:34,84.452,49.2,1776.2,91.542
8/12/19 13:34,84.452,49.3,1776.2,91.542
8/12/19 13:34,84.452,49.3,1773.7,91.542
8/12/19 13:34,84.452,49.3,1766.2,91.542
8/12/19 13:34,84.452,49.3,1768.7,91.542
8/12/19 13:34,84.452,49.3,1761.2,91.542
8/12/19 13:34,84.452,49.3,1763.7,91.542
8/12/19 13:34,84.452,49.4,1763.7,91.542
8/12/19 13:34,84.452,49.5,1771.2,91.542
8/12/19 13:34,84.452,49.5,1776.2,91.542
8/12/19 13:34,84.497,49.4,1773.7,91.542
8/12/19 13:34,84.497,49.2,1773.7,91.542
8/12/19 13:34,84.497,49.1,1778.7,91.542
8/12/19 13:34,84.497,49.1,1781.2,91.542
8/12/19 13:34,84.497,49,1781.2,91.542
8/12/19 13:34,84.497,49,1781.2,91.542
8/12/19 13:34,84.497,48.9,1781.2,91.542
8/12/19 13:34,84.497,48.8,1778.7,91.542
8/12/19 13:34,84.497,48.8,1778.7,91.542
8/12/19 13:34,84.497,48.8,1778.7,91.542
8/12/19 13:34,84.497,48.8,1778.7,91.542
8/12/19 13:34,84.497,48.9,1781.2,91.542
8/12/19 13:34,84.497,48.9,1781.2,91.542
8/12/19 13:34,84.497,48.9,1778.7,91.542
8/12/19 13:34,84.497,49,1778.7,91.542
8/12/19 13:34,84.452,49,1778.7,91.542
8/12/19 13:34,84.497,49,1778.7,91.542
8/12/19 13:34,84.497,49,1781.2,91.542
8/12/19 13:34,84.497,49.1,1786.2,91.542
8/12/19 13:34,84.497,49.1,1781.2,91.542
8/12/19 13:34,84.497,49.1,1781.2,91.542
8/12/19 13:34,84.497,49.1,1791.2,91.542
8/12/19 13:34,84.497,49.1,1783.7,91.542
8/12/19 13:34,84.497,49,1781.2,91.589
8/12/19 13:34,84.497,49,1781.2,91.542
8/12/19 13:34,84.497,48.9,1781.2,91.589
8/12/19 13:34,84.497,48.9,1783.7,91.589
8/12/19 13:34,84.497,48.9,1783.7,91.589
8/12/19 13:34,84.497,48.9,1786.2,91.589
8/12/19 13:34,84.497,48.9,1781.2,91.589
8/12/19 13:34,84.497,48.9,1781.2,91.589
8/12/19 13:34,84.497,49,1781.2,91.589
8/12/19 13:34,84.542,49,1781.2,91.589
8/12/19 13:34,84.542,49,1783.7,91.589
8/12/19 13:34,84.542,49,1781.2,91.589
8/12/19 13:34,84.542,49,1783.7,91.589
8/12/19 13:34,84.542,49,1783.7,91.589
8/12/19 13:34,84.542,49,1783.7,91.589
8/12/19 13:35,84.542,49,1783.7,91.589
8/12/19 13:35,84.542,48.9,1781.2,91.589
8/12/19 13:35,84.542,48.9,1786.2,91.589
8/12/19 13:35,84.542,48.8,1781.2,91.589
8/12/19 13:35,84.542,48.8,1781.2,91.589
8/12/19 13:35,84.542,48.8,1781.2,91.589
8/12/19 13:35,84.542,48.8,1781.2,91.589
8/12/19 13:35,84.542,48.7,1783.7,91.589
8/12/19 13:35,84.542,48.6,1786.2,91.589
8/12/19 13:35,84.587,48.6,1786.2,91.589
8/12/19 13:35,84.587,48.6,1783.7,91.589
8/12/19 13:35,84.587,48.5,1786.2,91.589
8/12/19 13:35,84.587,48.5,1721.2,91.589
8/12/19 13:35,84.587,48.5,1771.2,91.589
8/12/19 13:35,84.587,48.6,598.7,91.589
8/12/19 13:35,84.587,48.6,666.2,91.589
8/12/19 13:35,84.587,48.6,776.2,91.589
8/12/19 13:35,84.587,48.7,691.2,91.589
8/12/19 13:35,84.587,48.7,1678.7,91.589
8/12/19 13:35,84.587,48.7,1788.7,91.589
8/12/19 13:35,84.587,48.8,1788.7,91.589
8/12/19 13:35,84.587,48.8,1788.7,91.589
8/12/19 13:35,84.587,48.7,1788.7,91.589
8/12/19 13:35,84.587,48.6,1788.7,91.589
8/12/19 13:35,84.587,48.5,1786.2,91.589
8/12/19 13:35,84.587,48.5,1788.7,91.589
8/12/19 13:35,84.632,48.5,1788.7,91.589
8/12/19 13:35,84.632,48.5,1788.7,91.589
8/12/19 13:35,84.632,48.4,1788.7,91.589
8/12/19 13:35,84.632,48.4,1788.7,91.589
8/12/19 13:35,84.632,48.5,1791.2,91.589
8/12/19 13:35,84.632,48.4,1791.2,91.589
8/12/19 13:35,84.632,48.5,1791.2,91.589
8/12/19 13:35,84.632,48.5,1786.2,91.589
8/12/19 13:35,84.632,48.5,1791.2,91.589
8/12/19 13:35,84.632,48.5,1791.2,91.589
8/12/19 13:35,84.632,48.4,1791.2,91.589
8/12/19 13:35,84.632,48.4,1786.2,91.589
8/12/19 13:35,84.632,48.5,1788.7,91.589
8/12/19 13:35,84.632,48.5,1788.7,91.589
8/12/19 13:35,84.632,48.5,1791.2,91.589
8/12/19 13:35,84.632,48.6,1791.2,91.636
8/12/19 13:35,84.632,48.6,1791.2,91.589
8/12/19 13:35,84.632,48.6,1788.7,91.589
8/12/19 13:35,84.587,48.6,1791.2,91.636
8/12/19 13:35,84.587,48.6,1786.2,91.636
8/12/19 13:35,84.587,48.6,1788.7,91.636
8/12/19 13:35,84.632,48.6,1791.2,91.636
8/12/19 13:35,84.587,48.6,1788.7,91.636
8/12/19 13:35,84.587,48.6,1786.2,91.636
8/12/19 13:35,84.587,48.6,1786.2,91.636
8/12/19 13:35,84.587,48.5,1788.7,91.636
8/12/19 13:35,84.587,48.5,1791.2,91.636
8/12/19 13:35,84.587,48.5,1791.2,91.636
8/12/19 13:35,84.587,48.5,1791.2,91.636
8/12/19 13:35,84.587,48.5,1791.2,91.636
8/12/19 13:35,84.587,48.5,1788.7,91.636
8/12/19 13:35,84.587,48.6,1791.2,91.636
8/12/19 13:35,84.587,48.5,1788.7,91.636
8/12/19 13:35,84.587,48.6,1788.7,91.636
8/12/19 13:36,84.587,48.6,1788.7,91.636
8/12/19 13:36,84.587,48.5,1788.7,91.636
8/12/19 13:36,84.587,48.5,1786.2,91.636
8/12/19 13:36,84.587,48.5,1788.7,91.636
8/12/19 13:36,84.587,48.5,1786.2,91.636
8/12/19 13:36,84.587,48.5,1786.2,91.636
8/12/19 13:36,84.587,48.4,1791.2,91.636
8/12/19 13:36,84.587,48.3,1788.7,91.636
8/12/19 13:36,84.587,48.3,1793.7,91.636
8/12/19 13:36,84.587,48.3,1788.7,91.636
8/12/19 13:36,84.542,48.3,1793.7,91.636
8/12/19 13:36,84.542,48.4,1788.7,91.636
8/12/19 13:36,84.542,48.4,1791.2,91.636
8/12/19 13:36,84.542,48.5,1786.2,91.636
8/12/19 13:36,84.542,48.6,1788.7,91.636
8/12/19 13:36,84.542,48.6,1788.7,91.636
8/12/19 13:36,84.542,48.6,1788.7,91.636
8/12/19 13:36,84.542,48.5,1791.2,91.636
8/12/19 13:36,84.542,48.6,1791.2,91.636
8/12/19 13:36,84.542,48.5,1786.2,91.636
8/12/19 13:36,84.542,48.6,1786.2,91.636
8/12/19 13:36,84.542,48.6,1786.2,91.636
8/12/19 13:36,84.542,48.6,1786.2,91.636
8/12/19 13:36,84.542,48.6,1781.2,91.636
8/12/19 13:36,84.542,48.7,1781.2,91.636
8/12/19 13:36,84.542,48.7,1781.2,91.683
8/12/19 13:36,84.542,48.8,1783.7,91.683
8/12/19 13:36,84.542,48.7,1781.2,91.636
8/12/19 13:36,84.542,48.8,1783.7,91.683
8/12/19 13:36,84.542,48.7,1781.2,91.636
8/12/19 13:36,84.542,48.7,1781.2,91.683
8/12/19 13:36,84.542,48.7,1778.7,91.683
8/12/19 13:36,84.542,48.6,1778.7,91.636
8/12/19 13:36,84.542,48.6,1778.7,91.683
8/12/19 13:36,84.542,48.6,1778.7,91.683
8/12/19 13:36,84.542,48.6,1778.7,91.683
8/12/19 13:36,84.542,48.6,1778.7,91.683
8/12/19 13:36,84.542,48.6,1778.7,91.683
8/12/19 13:36,84.542,48.7,1776.2,91.683
8/12/19 13:36,84.542,48.7,1773.7,91.683
8/12/19 13:36,84.542,48.8,1778.7,91.683
8/12/19 13:36,84.542,48.9,1776.2,91.683
8/12/19 13:36,84.542,48.9,1776.2,91.683
8/12/19 13:36,84.542,48.9,1776.2,91.683
8/12/19 13:36,84.587,49,1778.7,91.683
8/12/19 13:36,84.587,49,1776.2,91.683
8/12/19 13:36,84.587,49,1776.2,91.683
8/12/19 13:36,84.587,49,1776.2,91.683
8/12/19 13:36,84.587,49.1,1776.2,91.683
8/12/19 13:36,84.587,49.1,1776.2,91.683
8/12/19 13:36,84.587,49.1,1776.2,91.683
8/12/19 13:36,84.587,49,1776.2,91.683
8/12/19 13:36,84.632,49,1776.2,91.683
8/12/19 13:36,84.587,49,1776.2,91.683
8/12/19 13:36,84.632,49,1773.7,91.683
8/12/19 13:36,84.632,49,1778.7,91.683
8/12/19 13:36,84.632,49,1778.7,91.683
8/12/19 13:36,84.632,49,1776.2,91.683
8/12/19 13:36,84.632,49,1776.2,91.683
8/12/19 13:36,84.632,49,1778.7,91.683
8/12/19 13:37,84.632,48.9,1776.2,91.683
8/12/19 13:37,84.632,48.8,1776.2,91.683
8/12/19 13:37,84.632,48.7,1776.2,91.683
8/12/19 13:37,84.632,48.6,1776.2,91.683
8/12/19 13:37,84.632,48.5,1778.7,91.683
8/12/19 13:37,84.677,48.4,1773.7,91.683
8/12/19 13:37,84.632,48.5,1776.2,91.683
8/12/19 13:37,84.632,48.5,1773.7,91.683
8/12/19 13:37,84.632,48.5,1776.2,91.683
8/12/19 13:37,84.632,48.5,1781.2,91.683
8/12/19 13:37,84.632,48.6,1776.2,91.683
8/12/19 13:37,84.632,48.6,1776.2,91.683
8/12/19 13:37,84.632,48.7,1776.2,91.683
8/12/19 13:37,84.632,48.8,1776.2,91.683
8/12/19 13:37,84.632,48.8,1778.7,91.683
8/12/19 13:37,84.632,48.6,1778.7,91.683
8/12/19 13:37,84.632,48.5,1778.7,91.729
8/12/19 13:37,84.632,48.4,1778.7,91.729
8/12/19 13:37,84.632,48.3,1778.7,91.729
8/12/19 13:37,84.632,48.2,1776.2,91.729
8/12/19 13:37,84.632,48,1778.7,91.729
8/12/19 13:37,84.587,47.9,1776.2,91.729
8/12/19 13:37,84.587,47.9,1778.7,91.729
8/12/19 13:37,84.587,47.9,1778.7,91.729
8/12/19 13:37,84.587,47.9,1776.2,91.729
8/12/19 13:37,84.542,48,1773.7,91.729
8/12/19 13:37,84.542,48.1,1778.7,91.729
8/12/19 13:37,84.542,48.2,1776.2,91.729
8/12/19 13:37,84.542,48.2,1778.7,91.729
8/12/19 13:37,84.542,48.3,1778.7,91.729
8/12/19 13:37,84.497,48.3,1778.7,91.729
8/12/19 13:37,84.497,48.4,1781.2,91.729
8/12/19 13:37,84.497,48.5,1781.2,91.729
8/12/19 13:37,84.497,48.6,1781.2,91.729
8/12/19 13:37,84.452,48.7,1781.2,91.729
8/12/19 13:37,84.452,48.8,1778.7,91.729
8/12/19 13:37,84.452,48.8,1778.7,91.729
8/12/19 13:37,84.452,48.8,1778.7,91.729
8/12/19 13:37,84.452,48.8,1781.2,91.776
8/12/19 13:37,84.452,48.9,1781.2,91.729
8/12/19 13:37,84.452,48.9,1776.2,91.729
8/12/19 13:37,84.452,49,1778.7,91.729
8/12/19 13:37,84.452,49,1778.7,91.729
8/12/19 13:37,84.452,49,1786.2,91.729
8/12/19 13:37,84.452,49,1778.7,91.776
8/12/19 13:37,84.452,49,1781.2,91.776
8/12/19 13:37,84.452,49.1,1778.7,91.776
8/12/19 13:37,84.452,49,1778.7,91.776
8/12/19 13:37,84.452,49,1778.7,91.776
8/12/19 13:37,84.452,48.8,1778.7,91.776
8/12/19 13:37,84.452,48.6,1773.7,91.776
8/12/19 13:37,84.452,48.4,1776.2,91.776
8/12/19 13:37,84.452,48.3,1778.7,91.776
8/12/19 13:37,84.452,48.3,1776.2,91.776
8/12/19 13:37,84.452,48.2,1776.2,91.776
8/12/19 13:37,84.452,48.2,1776.2,91.776
8/12/19 13:37,84.452,48.1,1776.2,91.776
8/12/19 13:37,84.452,48.1,1776.2,91.776
8/12/19 13:37,84.452,48,1773.7,91.776
8/12/19 13:37,84.407,47.9,1773.7,91.776
8/12/19 13:38,84.407,47.9,1773.7,91.776
8/12/19 13:38,84.407,47.9,1773.7,91.776
8/12/19 13:38,84.407,48,1771.2,91.776
8/12/19 13:38,84.407,48.1,1771.2,91.776
8/12/19 13:38,84.407,48.1,1773.7,91.776
8/12/19 13:38,84.407,48.2,1771.2,91.776
8/12/19 13:38,84.407,48.2,1771.2,91.776
8/12/19 13:38,84.362,48.2,1773.7,91.776
8/12/19 13:38,84.362,48.2,1773.7,91.776
8/12/19 13:38,84.362,48.2,1773.7,91.776
8/12/19 13:38,84.362,48.3,1771.2,91.776
8/12/19 13:38,84.362,48.3,1771.2,91.776
8/12/19 13:38,84.362,48.3,1768.7,91.776
8/12/19 13:38,84.362,48.4,1768.7,91.776
8/12/19 13:38,84.317,48.4,1771.2,91.776
8/12/19 13:38,84.362,48.4,1768.7,91.776
8/12/19 13:38,84.317,48.3,1768.7,91.776
8/12/19 13:38,84.317,48.4,1771.2,91.776
8/12/19 13:38,84.317,48.4,1768.7,91.776
8/12/19 13:38,84.317,48.4,1771.2,91.776
8/12/19 13:38,84.317,48.4,1771.2,91.776
8/12/19 13:38,84.317,48.4,1771.2,91.776
8/12/19 13:38,84.317,48.4,1768.7,91.776
8/12/19 13:38,84.317,48.5,1771.2,91.776
8/12/19 13:38,84.317,48.5,1768.7,91.776
8/12/19 13:38,84.317,48.5,1768.7,91.776
8/12/19 13:38,84.317,48.5,1768.7,91.776
8/12/19 13:38,84.317,48.5,1766.2,91.776
8/12/19 13:38,84.317,48.5,1771.2,91.823
8/12/19 13:38,84.317,48.5,1768.7,91.776
8/12/19 13:38,84.317,48.5,1768.7,91.776
8/12/19 13:38,84.317,48.6,1771.2,91.776
8/12/19 13:38,84.272,48.6,1768.7,91.776
8/12/19 13:38,84.317,48.7,1771.2,91.823
8/12/19 13:38,84.272,48.8,1771.2,91.823
8/12/19 13:38,84.272,48.8,1773.7,91.823
8/12/19 13:38,84.317,48.8,1771.2,91.823
8/12/19 13:38,84.317,48.9,1771.2,91.823
8/12/19 13:38,84.272,48.9,1771.2,91.823
8/12/19 13:38,84.317,48.8,1773.7,91.823
8/12/19 13:38,84.272,48.9,1768.7,91.823
8/12/19 13:38,84.272,48.9,1768.7,91.823
8/12/19 13:38,84.272,49,1773.7,91.823
8/12/19 13:38,84.272,49,1773.7,91.823
8/12/19 13:38,84.317,49.1,1771.2,91.823
8/12/19 13:38,84.317,49.2,1771.2,91.823
8/12/19 13:38,84.317,49.4,1773.7,91.823
8/12/19 13:38,84.317,49.5,1771.2,91.823
8/12/19 13:38,84.317,49.6,1773.7,91.823
8/12/19 13:38,84.317,49.6,1773.7,91.823
8/12/19 13:38,84.317,49.6,1771.2,91.823
8/12/19 13:38,84.317,49.6,1773.7,91.823
8/12/19 13:38,84.317,49.4,1773.7,91.823
8/12/19 13:38,84.317,49.3,1773.7,91.823
8/12/19 13:38,84.317,49.1,1776.2,91.823
8/12/19 13:38,84.362,49.1,1773.7,91.823
8/12/19 13:38,84.362,49,1776.2,91.823
8/12/19 13:38,84.362,49,1773.7,91.823
8/12/19 13:38,84.362,48.9,1776.2,91.823
8/12/19 13:38,84.362,48.9,1776.2,91.823
8/12/19 13:39,84.362,48.9,1776.2,91.823
8/12/19 13:39,84.362,48.7,1776.2,91.823
8/12/19 13:39,84.362,48.6,1778.7,91.823
8/12/19 13:39,84.362,48.4,1778.7,91.823
8/12/19 13:39,84.362,48.3,1778.7,91.823
8/12/19 13:39,84.362,48.3,1778.7,91.823
8/12/19 13:39,84.362,48.3,1778.7,91.823
8/12/19 13:39,84.362,48.2,1781.2,91.823
8/12/19 13:39,84.317,48.1,1778.7,91.823
8/12/19 13:39,84.317,47.9,1781.2,91.823
8/12/19 13:39,84.317,47.8,1778.7,91.823
8/12/19 13:39,84.317,47.7,1778.7,91.823
8/12/19 13:39,84.317,47.7,1778.7,91.823
8/12/19 13:39,84.272,47.7,1778.7,91.823
8/12/19 13:39,84.272,47.7,1778.7,91.823
8/12/19 13:39,84.272,47.7,1778.7,91.823
8/12/19 13:39,84.272,47.7,1778.7,91.823
8/12/19 13:39,84.272,47.8,1781.2,91.87
8/12/19 13:39,84.227,47.8,1778.7,91.87
8/12/19 13:39,84.227,47.8,1778.7,91.87
8/12/19 13:39,84.227,47.9,1778.7,91.87
8/12/19 13:39,84.227,48,1781.2,91.823
8/12/19 13:39,84.182,48,1778.7,91.87
8/12/19 13:39,84.182,48.1,1778.7,91.87
8/12/19 13:39,84.182,48.2,1778.7,91.87
8/12/19 13:39,84.182,48.2,1778.7,91.87
8/12/19 13:39,84.182,48.3,1778.7,91.87
8/12/19 13:39,84.182,48.3,1781.2,91.87
8/12/19 13:39,84.182,48.4,1778.7,91.87
8/12/19 13:39,84.182,48.4,1781.2,91.87
8/12/19 13:39,84.182,48.5,1781.2,91.87
8/12/19 13:39,84.182,48.5,1781.2,91.87
8/12/19 13:39,84.182,48.5,1781.2,91.87
8/12/19 13:39,84.182,48.6,1781.2,91.87
8/12/19 13:39,84.137,48.6,1781.2,91.87
8/12/19 13:39,84.182,48.7,1781.2,91.87
8/12/19 13:39,84.137,48.7,1781.2,91.87
8/12/19 13:39,84.137,48.8,1781.2,91.87
8/12/19 13:39,84.182,48.8,1781.2,91.87
8/12/19 13:39,84.182,48.8,1781.2,91.87
8/12/19 13:39,84.182,48.8,1778.7,91.87
8/12/19 13:39,84.182,48.8,1781.2,91.87
8/12/19 13:39,84.182,48.8,1781.2,91.87
8/12/19 13:39,84.182,48.8,1781.2,91.87
8/12/19 13:39,84.182,48.7,1778.7,91.87
8/12/19 13:39,84.182,48.6,1778.7,91.87
8/12/19 13:39,84.182,48.6,1778.7,91.87
8/12/19 13:39,84.182,48.6,1778.7,91.87
8/12/19 13:39,84.182,48.7,1781.2,91.87
8/12/19 13:39,84.182,48.8,1778.7,91.87
8/12/19 13:39,84.182,48.9,1781.2,91.87
8/12/19 13:39,84.182,49,1778.7,91.87
8/12/19 13:39,84.182,49,1781.2,91.87
8/12/19 13:39,84.182,49.1,1783.7,91.87
8/12/19 13:39,84.182,49.1,1781.2,91.87
8/12/19 13:39,84.182,49.1,1781.2,91.87
8/12/19 13:39,84.182,49.1,1781.2,91.87
8/12/19 13:39,84.182,49.2,1781.2,91.87
8/12/19 13:39,84.182,49.2,1781.2,91.87
8/12/19 13:39,84.182,49.3,1781.2,91.87
8/12/19 13:40,84.182,49.3,1783.7,91.87
8/12/19 13:40,84.182,49.2,1783.7,91.87
8/12/19 13:40,84.182,49.1,1783.7,91.87
8/12/19 13:40,84.182,49,1781.2,91.87
8/12/19 13:40,84.182,49,1781.2,91.87
8/12/19 13:40,84.182,48.9,1781.2,91.87
8/12/19 13:40,84.182,48.8,1778.7,91.87
8/12/19 13:40,84.182,48.6,1781.2,91.87
8/12/19 13:40,84.182,48.6,1781.2,91.87
8/12/19 13:40,84.182,48.5,1778.7,91.87
8/12/19 13:40,84.182,48.4,1781.2,91.87
8/12/19 13:40,84.182,48.4,1781.2,91.87
8/12/19 13:40,84.182,48.4,1781.2,91.87
8/12/19 13:40,84.182,48.5,1778.7,91.87
8/12/19 13:40,84.182,48.6,1781.2,91.87
8/12/19 13:40,84.182,48.7,1781.2,91.87
8/12/19 13:40,84.182,48.9,1781.2,91.87
8/12/19 13:40,84.182,49,1781.2,91.87
8/12/19 13:40,84.182,49.1,1778.7,91.87
8/12/19 13:40,84.137,49.3,1781.2,91.87
8/12/19 13:40,84.137,49.5,1778.7,91.87
8/12/19 13:40,84.137,49.6,1781.2,91.87
8/12/19 13:40,84.137,49.8,1778.7,91.87
8/12/19 13:40,84.137,49.9,1778.7,91.87
8/12/19 13:40,84.182,50.1,1776.2,91.87
8/12/19 13:40,84.182,50.2,1778.7,91.87
8/12/19 13:40,84.182,50.3,1776.2,91.87
8/12/19 13:40,84.182,50.3,1778.7,91.87
8/12/19 13:40,84.182,50.4,1778.7,91.87
8/12/19 13:40,84.182,50.4,1778.7,91.87
8/12/19 13:40,84.227,50.3,1778.7,91.87
8/12/19 13:40,84.227,50.3,1778.7,91.87
8/12/19 13:40,84.227,50.1,1778.7,91.87
8/12/19 13:40,84.227,50.1,1781.2,91.87
8/12/19 13:40,84.272,50,1781.2,91.87
8/12/19 13:40,84.272,49.9,1778.7,91.917
8/12/19 13:40,84.272,49.8,1778.7,91.87
8/12/19 13:40,84.272,49.8,1773.7,91.917
8/12/19 13:40,84.272,49.7,1778.7,91.917
8/12/19 13:40,84.317,49.7,1776.2,91.917
8/12/19 13:40,84.317,49.7,1781.2,91.917
8/12/19 13:40,84.317,49.6,1778.7,91.917
8/12/19 13:40,84.317,49.6,1778.7,91.917
8/12/19 13:40,84.317,49.6,1778.7,91.917
8/12/19 13:40,84.317,49.6,1778.7,91.917
8/12/19 13:40,84.317,49.5,1781.2,91.917
8/12/19 13:40,84.317,49.4,1778.7,91.917
8/12/19 13:40,84.362,49.4,1781.2,91.917
8/12/19 13:40,84.362,49.4,1781.2,91.917
8/12/19 13:40,84.362,49.4,1778.7,91.917
8/12/19 13:40,84.362,49.2,1781.2,91.917
8/12/19 13:40,84.362,49.1,1778.7,91.917
8/12/19 13:40,84.362,49,1778.7,91.917
8/12/19 13:40,84.362,49,1778.7,91.917
8/12/19 13:40,84.362,49,1781.2,91.917
8/12/19 13:40,84.362,49,1778.7,91.917
8/12/19 13:40,84.362,48.9,1781.2,91.917
8/12/19 13:40,84.362,48.7,1778.7,91.917
8/12/19 13:40,84.362,48.5,1781.2,91.917
8/12/19 13:40,84.362,48.4,1783.7,91.917
8/12/19 13:41,84.362,48.3,1778.7,91.917
8/12/19 13:41,84.362,48.3,1783.7,91.917
8/12/19 13:41,84.317,48.3,1783.7,91.917
8/12/19 13:41,84.317,48.2,1781.2,91.917
8/12/19 13:41,84.317,48.2,1781.2,91.917
8/12/19 13:41,84.317,48.2,1786.2,91.917
8/12/19 13:41,84.317,48.2,1783.7,91.917
8/12/19 13:41,84.317,48.2,1783.7,91.963
8/12/19 13:41,84.317,48.2,1781.2,91.917
8/12/19 13:41,84.272,48.1,1786.2,91.917
8/12/19 13:41,84.272,48,1783.7,91.963
8/12/19 13:41,84.272,47.9,1781.2,91.963
8/12/19 13:41,84.272,47.8,1783.7,91.917
8/12/19 13:41,84.272,47.9,1786.2,91.917
8/12/19 13:41,84.272,47.8,1781.2,91.963
8/12/19 13:41,84.227,47.9,1783.7,91.963
8/12/19 13:41,84.227,48,1786.2,91.917
8/12/19 13:41,84.227,48.1,1786.2,91.963
8/12/19 13:41,84.227,48.1,1786.2,91.963
8/12/19 13:41,84.227,48.2,1788.7,91.963
8/12/19 13:41,84.227,48.2,1786.2,91.963
8/12/19 13:41,84.182,48.2,1786.2,91.963
8/12/19 13:41,84.182,48.2,1788.7,91.963
8/12/19 13:41,84.182,48.2,1786.2,91.963
8/12/19 13:41,84.182,48.3,1786.2,91.963
8/12/19 13:41,84.182,48.3,1786.2,91.963
8/12/19 13:41,84.182,48.3,1786.2,91.963
8/12/19 13:41,84.182,48.3,1786.2,91.963
8/12/19 13:41,84.182,48.3,1783.7,91.963
8/12/19 13:41,84.182,48.2,1783.7,91.963
8/12/19 13:41,84.182,48.2,1786.2,91.963
8/12/19 13:41,84.137,48.3,1786.2,91.963
8/12/19 13:41,84.182,48.3,1786.2,91.963
8/12/19 13:41,84.137,48.3,1786.2,91.963
8/12/19 13:41,84.137,48.3,1788.7,91.963
8/12/19 13:41,84.137,48.3,1786.2,91.963
8/12/19 13:41,84.137,48.3,1786.2,91.963
8/12/19 13:41,84.137,48.3,1786.2,91.963
8/12/19 13:41,84.137,48.3,1788.7,91.963
8/12/19 13:41,84.137,48.2,1786.2,91.963
8/12/19 13:41,84.137,48.1,1786.2,91.963
8/12/19 13:41,84.137,48.1,1786.2,91.963
8/12/19 13:41,84.137,48,1786.2,91.963
8/12/19 13:41,84.137,48.1,1786.2,91.963
8/12/19 13:41,84.137,48.1,1788.7,91.963
8/12/19 13:41,84.137,48.1,1788.7,91.963
8/12/19 13:41,84.094,48.2,1788.7,91.963
8/12/19 13:41,84.094,48.2,1788.7,91.963
8/12/19 13:41,84.094,48.3,1788.7,91.963
8/12/19 13:41,84.094,48.3,1786.2,91.963
8/12/19 13:41,84.094,48.4,1788.7,91.963
8/12/19 13:41,84.094,48.4,1791.2,91.963
8/12/19 13:41,84.094,48.4,1788.7,91.963
8/12/19 13:41,84.094,48.5,1791.2,91.963
8/12/19 13:41,84.094,48.5,1788.7,91.963
8/12/19 13:41,84.094,48.5,1788.7,91.963
8/12/19 13:41,84.094,48.5,1788.7,91.963
8/12/19 13:41,84.094,48.5,1786.2,91.963
8/12/19 13:41,84.094,48.5,1788.7,91.963
8/12/19 13:41,84.094,48.5,1788.7,91.963
8/12/19 13:42,84.094,48.5,1791.2,91.963
8/12/19 13:42,84.094,48.5,1791.2,91.963
8/12/19 13:42,84.094,48.5,1791.2,91.963
8/12/19 13:42,84.094,48.5,1788.7,91.963
8/12/19 13:42,84.094,48.5,1791.2,91.963
8/12/19 13:42,84.094,48.5,1788.7,91.963
8/12/19 13:42,84.094,48.4,1791.2,91.963
8/12/19 13:42,84.094,48.4,1791.2,91.963
8/12/19 13:42,84.094,48.3,1796.2,91.963
8/12/19 13:42,84.094,48.4,1788.7,91.963
8/12/19 13:42,84.094,48.4,1791.2,91.963
8/12/19 13:42,84.094,48.3,1791.2,91.963
8/12/19 13:42,84.094,48.4,1793.7,91.963
8/12/19 13:42,84.094,48.4,1788.7,91.963
8/12/19 13:42,84.094,48.4,1788.7,91.963
8/12/19 13:42,84.094,48.3,1788.7,91.963
8/12/19 13:42,84.094,48.4,1788.7,91.963
8/12/19 13:42,84.094,48.4,1791.2,91.963
8/12/19 13:42,84.094,48.4,1788.7,91.963
8/12/19 13:42,84.094,48.5,1793.7,91.963
8/12/19 13:42,84.094,48.5,1788.7,91.963
8/12/19 13:42,84.094,48.4,1791.2,91.963
8/12/19 13:42,84.094,48.3,1791.2,91.963
8/12/19 13:42,84.094,48.2,1791.2,91.963
8/12/19 13:42,84.094,48.2,1791.2,91.963
8/12/19 13:42,84.094,48.2,1788.7,91.963
8/12/19 13:42,84.094,48.3,1791.2,91.963
8/12/19 13:42,84.094,48.2,1791.2,91.963
8/12/19 13:42,84.049,48.3,1793.7,91.963
8/12/19 13:42,84.049,48.1,1791.2,91.963
8/12/19 13:42,84.049,48.1,1791.2,91.963
8/12/19 13:42,84.049,48.1,1791.2,91.963
8/12/19 13:42,84.049,48.1,1791.2,91.963
8/12/19 13:42,84.049,48.2,1793.7,91.963
8/12/19 13:42,84.049,48.2,1793.7,91.963
8/12/19 13:42,84.049,48.2,1796.2,91.963
8/12/19 13:42,84.049,48.3,1791.2,91.963
8/12/19 13:42,84.049,48.4,1791.2,91.963
8/12/19 13:42,84.004,48.4,1791.2,91.963
8/12/19 13:42,84.004,48.4,1791.2,91.963
8/12/19 13:42,84.004,48.4,1788.7,91.963
8/12/19 13:42,84.004,48.3,1791.2,91.963
8/12/19 13:42,84.004,48.3,1793.7,91.963
8/12/19 13:42,84.004,48.3,1788.7,91.963
8/12/19 13:42,84.004,48.3,1788.7,91.963
8/12/19 13:42,84.004,48.3,1791.2,91.963
8/12/19 13:42,84.004,48.3,1786.2,91.963
8/12/19 13:42,84.004,48.3,1786.2,91.963
8/12/19 13:42,83.959,48.3,1788.7,91.963
8/12/19 13:42,84.004,48.3,1786.2,91.963
8/12/19 13:42,83.959,48.3,1788.7,91.963
8/12/19 13:42,83.959,48.4,1788.7,91.963
8/12/19 13:42,83.959,48.5,1786.2,92.01
8/12/19 13:42,83.959,48.5,1788.7,91.963
8/12/19 13:42,83.959,48.7,1788.7,91.963
8/12/19 13:42,83.959,48.8,1786.2,91.963
8/12/19 13:42,83.959,48.9,1786.2,91.963
8/12/19 13:42,83.959,48.9,1786.2,92.01
8/12/19 13:42,83.959,48.9,1791.2,91.963
8/12/19 13:42,83.959,49,1788.7,91.963
8/12/19 13:43,83.959,49.1,1788.7,92.01
8/12/19 13:43,83.959,49.2,1783.7,92.01
8/12/19 13:43,83.959,49.4,1788.7,92.01
8/12/19 13:43,83.959,49.4,1786.2,92.01
8/12/19 13:43,83.959,49.3,1786.2,92.01
8/12/19 13:43,83.959,49.3,1786.2,92.01
8/12/19 13:43,83.959,49.4,1788.7,92.01
8/12/19 13:43,84.004,49.2,1788.7,92.01
8/12/19 13:43,84.004,49.1,1788.7,92.01
8/12/19 13:43,84.004,49,1788.7,92.01
8/12/19 13:43,84.004,48.9,1788.7,92.01
8/12/19 13:43,84.004,48.9,1791.2,92.01
8/12/19 13:43,84.004,48.9,1788.7,92.01
8/12/19 13:43,84.004,48.8,1788.7,92.01
8/12/19 13:43,84.004,48.8,1788.7,92.01
8/12/19 13:43,84.004,48.7,1788.7,92.01
8/12/19 13:43,84.004,48.5,1788.7,92.01
8/12/19 13:43,84.049,48.4,1788.7,92.01
8/12/19 13:43,84.004,48.3,1788.7,92.01
8/12/19 13:43,84.004,48.2,1791.2,92.01
8/12/19 13:43,84.004,48.2,1786.2,92.01
8/12/19 13:43,84.004,48.2,1791.2,92.01
8/12/19 13:43,84.004,48.2,1791.2,92.01
8/12/19 13:43,84.004,48.2,1791.2,92.01
8/12/19 13:43,84.004,48.2,1788.7,92.01
8/12/19 13:43,84.004,48.3,1791.2,92.01
8/12/19 13:43,84.004,48.3,1791.2,92.01
8/12/19 13:43,84.004,48.4,1791.2,92.01
8/12/19 13:43,83.959,48.4,1788.7,92.01
8/12/19 13:43,83.959,48.4,1791.2,92.01
8/12/19 13:43,83.959,48.5,1791.2,92.057
8/12/19 13:43,83.959,48.5,1791.2,92.057
8/12/19 13:43,83.959,48.5,1791.2,92.057
8/12/19 13:43,83.959,48.5,1791.2,92.057
8/12/19 13:43,83.959,48.5,1791.2,92.057
8/12/19 13:43,83.959,48.5,1788.7,92.057
8/12/19 13:43,83.959,48.6,1788.7,92.057
8/12/19 13:43,83.959,48.7,1788.7,92.01
8/12/19 13:43,83.959,48.8,1786.2,92.057
8/12/19 13:43,83.959,48.9,1788.7,92.057
8/12/19 13:43,83.959,48.9,1788.7,92.057
8/12/19 13:43,83.914,49,1791.2,92.057
8/12/19 13:43,83.959,49.1,1791.2,92.057
8/12/19 13:43,83.959,49.2,1793.7,92.057
8/12/19 13:43,83.914,49.2,1788.7,92.057
8/12/19 13:43,83.914,49.3,1791.2,92.057
8/12/19 13:43,83.959,49.5,1791.2,92.057
8/12/19 13:43,83.959,49.5,1791.2,92.057
8/12/19 13:43,83.959,49.6,1791.2,92.057
8/12/19 13:43,83.959,49.6,1791.2,92.057
8/12/19 13:43,83.959,49.6,1793.7,92.057
8/12/19 13:43,83.959,49.3,1793.7,92.057
8/12/19 13:43,83.959,49.1,1793.7,92.057
8/12/19 13:43,84.004,48.9,1788.7,92.057
8/12/19 13:43,83.959,48.7,1788.7,92.057
8/12/19 13:43,84.004,48.6,1788.7,92.057
8/12/19 13:43,84.004,48.5,1791.2,92.057
8/12/19 13:43,84.004,48.5,1793.7,92.057
8/12/19 13:43,84.004,48.5,1791.2,92.057
8/12/19 13:43,84.004,48.5,1788.7,92.057
8/12/19 13:44,83.959,48.5,1791.2,92.057
8/12/19 13:44,84.004,48.4,1788.7,92.057
8/12/19 13:44,83.959,48.3,1788.7,92.057
8/12/19 13:44,83.959,48.3,1791.2,92.057
8/12/19 13:44,83.959,48.3,1791.2,92.057
8/12/19 13:44,83.959,48.3,1788.7,92.057
8/12/19 13:44,83.959,48.4,1791.2,92.057
8/12/19 13:44,83.959,48.4,1791.2,92.057
8/12/19 13:44,83.959,48.5,1788.7,92.057
8/12/19 13:44,83.959,48.5,1793.7,92.057
8/12/19 13:44,83.959,48.6,1791.2,92.057
8/12/19 13:44,83.914,48.7,1791.2,92.057
8/12/19 13:44,83.914,48.8,1793.7,92.057
8/12/19 13:44,83.914,48.8,1793.7,92.057
8/12/19 13:44,83.914,48.8,1793.7,92.057
8/12/19 13:44,83.914,48.8,1793.7,92.057
8/12/19 13:44,83.914,48.8,1793.7,92.057
8/12/19 13:44,83.914,48.8,1798.7,92.057
8/12/19 13:44,83.914,48.8,1796.2,92.057
8/12/19 13:44,83.914,48.8,1798.7,92.057
8/12/19 13:44,83.914,48.8,1798.7,92.057
8/12/19 13:44,83.914,48.8,1798.7,92.057
8/12/19 13:44,83.914,48.8,1801.2,92.057
8/12/19 13:44,83.914,48.8,1801.2,92.057
8/12/19 13:44,83.914,48.8,1801.2,92.057
8/12/19 13:44,83.914,48.8,1798.7,92.057
8/12/19 13:44,83.914,48.8,1801.2,92.057
8/12/19 13:44,83.914,48.8,1798.7,92.057
8/12/19 13:44,83.914,48.8,1798.7,92.057
8/12/19 13:44,83.914,48.7,1803.7,92.057
8/12/19 13:44,83.959,48.7,1798.7,92.057
8/12/19 13:44,83.959,48.6,1798.7,92.057
8/12/19 13:44,83.959,48.5,1796.2,92.057
8/12/19 13:44,83.959,48.5,1798.7,92.057
8/12/19 13:44,83.959,48.5,1801.2,92.057
8/12/19 13:44,83.959,48.5,1801.2,92.057
8/12/19 13:44,83.959,48.5,1801.2,92.057
8/12/19 13:44,83.959,48.6,1801.2,92.057
8/12/19 13:44,83.959,48.7,1801.2,92.057
8/12/19 13:44,83.959,48.8,1801.2,92.057
8/12/19 13:44,83.959,48.7,1801.2,92.057
8/12/19 13:44,83.959,48.7,1801.2,92.057
8/12/19 13:44,83.959,48.6,1801.2,92.057
8/12/19 13:44,83.959,48.5,1801.2,92.057
8/12/19 13:44,83.959,48.5,1801.2,92.057
8/12/19 13:44,84.004,48.5,1801.2,92.057
8/12/19 13:44,84.004,48.4,1801.2,92.057
8/12/19 13:44,84.004,48.4,1798.7,92.057
8/12/19 13:44,84.004,48.4,1801.2,92.057
8/12/19 13:44,84.004,48.3,1798.7,92.057
8/12/19 13:44,84.004,48.3,1798.7,92.057
8/12/19 13:44,84.004,48.2,1718.7,92.104
8/12/19 13:44,84.004,48.2,1636.2,92.057
8/12/19 13:44,84.004,48.2,1718.7,92.057
8/12/19 13:44,84.004,48.2,1731.2,92.057
8/12/19 13:44,84.004,48.2,1723.7,92.057
8/12/19 13:44,84.004,48.2,903.7,92.104
8/12/19 13:44,84.004,48.2,1801.2,92.057
8/12/19 13:44,84.004,48.1,1798.7,92.057
8/12/19 13:44,84.004,48.1,1798.7,92.057
8/12/19 13:45,84.004,48,1798.7,92.104
8/12/19 13:45,84.049,48.1,1796.2,92.104
8/12/19 13:45,84.004,48.1,1798.7,92.104
8/12/19 13:45,84.049,48.1,1803.7,92.057
8/12/19 13:45,84.049,48.1,1803.7,92.104
8/12/19 13:45,84.049,48.2,1806.2,92.104
8/12/19 13:45,84.049,48.2,1806.2,92.104
8/12/19 13:45,84.049,48.2,1801.2,92.104
8/12/19 13:45,84.049,48.2,1801.2,92.057
8/12/19 13:45,84.049,48.2,1803.7,92.104
8/12/19 13:45,84.049,48.4,1803.7,92.104
8/12/19 13:45,84.049,48.3,1803.7,92.104
8/12/19 13:45,84.049,48.4,1801.2,92.104
8/12/19 13:45,84.049,48.3,1806.2,92.104
8/12/19 13:45,84.049,48.5,1801.2,92.104
8/12/19 13:45,84.049,48.7,1798.7,92.104
8/12/19 13:45,84.049,48.8,1798.7,92.104
8/12/19 13:45,84.094,48.9,1796.2,92.104
8/12/19 13:45,84.094,49,1798.7,92.104
8/12/19 13:45,84.094,49,1801.2,92.104
8/12/19 13:45,84.094,49,1801.2,92.104
8/12/19 13:45,84.094,48.9,1796.2,92.104
8/12/19 13:45,84.094,48.9,1801.2,92.104
8/12/19 13:45,84.094,48.8,1798.7,92.104
8/12/19 13:45,84.137,48.8,1796.2,92.104
8/12/19 13:45,84.137,48.7,1796.2,92.104
8/12/19 13:45,84.137,48.6,1793.7,92.104
8/12/19 13:45,84.137,48.6,1796.2,92.104
8/12/19 13:45,84.137,48.6,1798.7,92.104
8/12/19 13:45,84.137,48.7,1793.7,92.104
8/12/19 13:45,84.137,48.8,1791.2,92.104
8/12/19 13:45,84.137,48.9,1786.2,92.104
8/12/19 13:45,84.137,48.9,1781.2,92.104
8/12/19 13:45,84.182,49,1783.7,92.104
8/12/19 13:45,84.182,49,1778.7,92.104
8/12/19 13:45,84.182,49,1778.7,92.104
8/12/19 13:45,84.182,49,1776.2,92.104
8/12/19 13:45,84.182,48.9,1771.2,92.104
8/12/19 13:45,84.182,48.9,1771.2,92.104
8/12/19 13:45,84.182,48.9,1761.2,92.104
8/12/19 13:45,84.182,48.9,1756.2,92.104
8/12/19 13:45,84.227,48.9,1748.7,92.104
8/12/19 13:45,84.227,48.9,1751.2,92.104
8/12/19 13:45,84.227,48.9,1746.2,92.104
8/12/19 13:45,84.227,48.9,1743.7,92.104
8/12/19 13:45,84.227,48.9,1751.2,92.104
8/12/19 13:45,84.227,48.9,1751.2,92.104
8/12/19 13:45,84.227,48.8,1746.2,92.104
8/12/19 13:45,84.227,48.8,1746.2,92.151
8/12/19 13:45,84.272,48.7,1743.7,92.104
8/12/19 13:45,84.272,48.7,1738.7,92.151
8/12/19 13:45,84.272,48.6,1731.2,92.151
8/12/19 13:45,84.272,48.6,1721.2,92.104
8/12/19 13:45,84.272,48.6,1711.2,92.151
8/12/19 13:45,84.272,48.6,1706.2,92.151
8/12/19 13:45,84.272,48.6,1708.7,92.151
8/12/19 13:45,84.272,48.6,1696.2,92.151
8/12/19 13:45,84.272,48.6,1671.2,92.151
8/12/19 13:45,84.272,48.7,1651.2,92.151
8/12/19 13:45,84.317,48.8,1628.7,92.151
8/12/19 13:46,84.317,48.8,1618.7,92.151
8/12/19 13:46,84.317,48.9,1608.7,92.151
8/12/19 13:46,84.317,48.9,1598.7,92.151
8/12/19 13:46,84.317,48.8,1606.2,92.151
8/12/19 13:46,84.317,48.6,1628.7,92.151
8/12/19 13:46,84.317,48.6,1623.7,92.151
8/12/19 13:46,84.317,48.5,1603.7,92.151
8/12/19 13:46,84.317,48.5,1593.7,92.151
8/12/19 13:46,84.317,48.5,1598.7,92.151
8/12/19 13:46,84.317,48.5,1606.2,92.151
8/12/19 13:46,84.317,48.5,1603.7,92.151
8/12/19 13:46,84.317,48.4,1603.7,92.151
8/12/19 13:46,84.362,48.4,1611.2,92.151
8/12/19 13:46,84.317,48.4,1608.7,92.151
8/12/19 13:46,84.317,48.4,1606.2,92.151
8/12/19 13:46,84.362,48.4,1601.2,92.151
8/12/19 13:46,84.317,48.5,1588.7,92.151
8/12/19 13:46,84.362,48.5,1588.7,92.151
8/12/19 13:46,84.362,48.5,1593.7,92.151
8/12/19 13:46,84.362,48.4,1593.7,92.151
8/12/19 13:46,84.362,48.4,1593.7,92.151
8/12/19 13:46,84.362,48.4,1601.2,92.151
8/12/19 13:46,84.362,48.4,1613.7,92.151
8/12/19 13:46,84.362,48.3,1626.2,92.151
8/12/19 13:46,84.362,48.3,1631.2,92.151
8/12/19 13:46,84.317,48.2,1623.7,92.151
8/12/19 13:46,84.362,48.2,1611.2,92.151
8/12/19 13:46,84.362,48.2,1603.7,92.151
8/12/19 13:46,84.362,48.3,1588.7,92.151
8/12/19 13:46,84.317,48.3,1571.2,92.151
8/12/19 13:46,84.362,48.3,1538.7,92.151
8/12/19 13:46,84.317,48.4,1501.2,92.151
8/12/19 13:46,84.362,48.4,1483.7,92.151
8/12/19 13:46,84.317,48.4,1476.2,92.151
8/12/19 13:46,84.317,48.5,1488.7,92.151
8/12/19 13:46,84.362,48.6,1493.7,92.151
8/12/19 13:46,84.362,48.7,1483.7,92.151
8/12/19 13:46,84.362,48.8,1453.7,92.197
8/12/19 13:46,84.362,48.8,1423.7,92.151
8/12/19 13:46,84.317,48.8,1406.2,92.197
8/12/19 13:46,84.362,48.8,1398.7,92.151
8/12/19 13:46,84.362,48.8,1386.2,92.151
8/12/19 13:46,84.362,48.7,1361.2,92.151
8/12/19 13:46,84.362,48.6,1353.7,92.151
8/12/19 13:46,84.362,48.5,1363.7,92.197
8/12/19 13:46,84.362,48.5,1358.7,92.197
8/12/19 13:46,84.362,48.4,1351.2,92.197
8/12/19 13:46,84.362,48.4,1341.2,92.197
8/12/19 13:46,84.362,48.5,1341.2,92.197
8/12/19 13:46,84.362,48.5,1326.2,92.197
8/12/19 13:46,84.362,48.6,1291.2,92.197
8/12/19 13:46,84.362,48.7,1231.2,92.197
8/12/19 13:46,84.362,48.8,1168.7,92.197
8/12/19 13:46,84.362,48.9,1136.2,92.197
8/12/19 13:46,84.362,48.9,1143.7,92.197
8/12/19 13:46,84.362,48.9,1196.2,92.197
8/12/19 13:46,84.362,48.9,1228.7,92.197
8/12/19 13:46,84.362,48.9,1228.7,92.197
8/12/19 13:46,84.362,48.8,1228.7,92.197
8/12/19 13:46,84.362,48.8,1223.7,92.197
8/12/19 13:47,84.362,48.8,1208.7,92.197
8/12/19 13:47,84.362,48.7,1196.2,92.197
8/12/19 13:47,84.362,48.7,1213.7,92.197
8/12/19 13:47,84.362,48.7,1228.7,92.197
8/12/19 13:47,84.362,48.7,1243.7,92.197
8/12/19 13:47,84.362,48.7,1276.2,92.197
8/12/19 13:47,84.362,48.8,1283.7,92.197
8/12/19 13:47,84.362,48.8,1271.2,92.197
8/12/19 13:47,84.362,48.9,1263.7,92.197
8/12/19 13:47,84.362,49,1251.2,92.197
8/12/19 13:47,84.362,49,1176.2,92.197
8/12/19 13:47,84.362,49,1123.7,92.197
8/12/19 13:47,84.362,49,1173.7,92.197
8/12/19 13:47,84.362,49.1,1246.2,92.197
8/12/19 13:47,84.362,49.1,1281.2,92.197
8/12/19 13:47,84.362,49.1,1276.2,92.197
8/12/19 13:47,84.362,49.2,1268.7,92.197
8/12/19 13:47,84.362,49.3,1273.7,92.197
8/12/19 13:47,84.362,49.4,1301.2,92.197
8/12/19 13:47,84.362,49.4,1363.7,92.197
8/12/19 13:47,84.362,49.4,1421.2,92.197
8/12/19 13:47,84.407,49.5,1441.2,92.197
8/12/19 13:47,84.407,49.6,1443.7,92.197
8/12/19 13:47,84.407,49.6,1448.7,92.197
8/12/19 13:47,84.407,49.7,1428.7,92.197
8/12/19 13:47,84.407,49.7,1421.2,92.197
8/12/19 13:47,84.407,49.7,1423.7,92.197
8/12/19 13:47,84.407,49.7,1393.7,92.197
8/12/19 13:47,84.407,49.7,1308.7,92.197
8/12/19 13:47,84.407,49.7,1253.7,92.197
8/12/19 13:47,84.407,49.7,1266.2,92.197
8/12/19 13:47,84.452,49.8,1283.7,92.197
8/12/19 13:47,84.452,49.7,1303.7,92.197
8/12/19 13:47,84.452,49.7,1293.7,92.197
8/12/19 13:47,84.452,49.7,1266.2,92.197
8/12/19 13:47,84.452,49.6,1261.2,92.197
8/12/19 13:47,84.452,49.6,1266.2,92.197
8/12/19 13:47,84.452,49.5,1243.7,92.197
8/12/19 13:47,84.497,49.5,1216.2,92.197
8/12/19 13:47,84.497,49.4,1216.2,92.197
8/12/19 13:47,84.497,49.4,1246.2,92.197
8/12/19 13:47,84.497,49.4,1278.7,92.197
8/12/19 13:47,84.497,49.4,1303.7,92.197
8/12/19 13:47,84.497,49.4,1333.7,92.197
8/12/19 13:47,84.497,49.3,1363.7,92.197
8/12/19 13:47,84.497,49.3,1386.2,92.197
8/12/19 13:47,84.542,49.2,1436.2,92.197
8/12/19 13:47,84.542,49.2,1493.7,92.197
8/12/19 13:47,84.542,49.1,1513.7,92.197
8/12/19 13:47,84.542,49.1,1518.7,92.197
8/12/19 13:47,84.542,49.1,1526.2,92.197
8/12/19 13:47,84.542,49.1,1526.2,92.197
8/12/19 13:47,84.542,49.1,1546.2,92.197
8/12/19 13:47,84.542,49,1571.2,92.197
8/12/19 13:47,84.542,49,1556.2,92.197
8/12/19 13:47,84.587,49,1498.7,92.197
8/12/19 13:47,84.587,49,1453.7,92.197
8/12/19 13:47,84.587,49,1426.2,92.197
8/12/19 13:47,84.587,49,1418.7,92.197
8/12/19 13:47,84.587,49,1441.2,92.197
8/12/19 13:48,84.587,48.9,1468.7,92.197
8/12/19 13:48,84.587,49,1493.7,92.197
8/12/19 13:48,84.587,48.9,1511.2,92.197
8/12/19 13:48,84.587,49,1516.2,92.197
8/12/19 13:48,84.587,49,1533.7,92.197
8/12/19 13:48,84.587,49,1546.2,92.197
8/12/19 13:48,84.587,49,1536.2,92.197
8/12/19 13:48,84.587,49,1506.2,92.197
8/12/19 13:48,84.587,49,1486.2,92.197
8/12/19 13:48,84.587,49,1483.7,92.197
8/12/19 13:48,84.587,49,1478.7,92.197
8/12/19 13:48,84.632,49,1471.2,92.197
8/12/19 13:48,84.587,49,1446.2,92.197
8/12/19 13:48,84.632,48.9,1401.2,92.197
8/12/19 13:48,84.632,48.9,1391.2,92.197
8/12/19 13:48,84.632,48.8,1398.7,92.197
8/12/19 13:48,84.632,48.8,1411.2,92.197
8/12/19 13:48,84.632,48.8,1456.2,92.197
8/12/19 13:48,84.632,48.9,1451.2,92.197
8/12/19 13:48,84.632,48.9,1413.7,92.197
8/12/19 13:48,84.632,48.9,1393.7,92.197
8/12/19 13:48,84.632,48.8,1383.7,92.197
8/12/19 13:48,84.632,48.8,1373.7,92.197
8/12/19 13:48,84.632,48.9,1378.7,92.197
8/12/19 13:48,84.632,48.9,1391.2,92.197
8/12/19 13:48,84.632,49,1391.2,92.197
8/12/19 13:48,84.632,49,1346.2,92.197
8/12/19 13:48,84.632,49,1296.2,92.197
8/12/19 13:48,84.632,49,1286.2,92.197
8/12/19 13:48,84.677,49.1,1313.7,92.197
8/12/19 13:48,84.677,49.2,1346.2,92.197
8/12/19 13:48,84.677,49.2,1376.2,92.197
8/12/19 13:48,84.677,49.2,1356.2,92.197
8/12/19 13:48,84.677,49.2,1283.7,92.197
8/12/19 13:48,84.677,49.2,1251.2,92.197
8/12/19 13:48,84.677,49.3,1301.2,92.197
8/12/19 13:48,84.677,49.4,1368.7,92.197
8/12/19 13:48,84.677,49.4,1451.2,92.197
8/12/19 13:48,84.677,49.3,1526.2,92.197
8/12/19 13:48,84.677,49.2,1543.7,92.197
8/12/19 13:48,84.722,49.1,1551.2,92.197
8/12/19 13:48,84.722,49,1531.2,92.244
8/12/19 13:48,84.722,49,1523.7,92.197
8/12/19 13:48,84.722,48.9,1548.7,92.197
8/12/19 13:48,84.722,48.9,1586.2,92.197
8/12/19 13:48,84.722,48.9,1606.2,92.197
8/12/19 13:48,84.722,49,1596.2,92.197
8/12/19 13:48,84.722,49,1611.2,92.197
8/12/19 13:48,84.722,49.1,1631.2,92.197
8/12/19 13:48,84.722,49.2,1658.7,92.197
8/12/19 13:48,84.722,49.3,1676.2,92.197
8/12/19 13:48,84.722,49.4,1663.7,92.197
8/12/19 13:48,84.722,49.4,1656.2,92.197
8/12/19 13:48,84.722,49.5,1638.7,92.197
8/12/19 13:48,84.767,49.5,1628.7,92.244
8/12/19 13:48,84.767,49.6,1648.7,92.244
8/12/19 13:48,84.767,49.6,1681.2,92.244
8/12/19 13:48,84.767,49.6,1723.7,92.244
8/12/19 13:48,84.767,49.6,1738.7,92.244
8/12/19 13:48,84.767,49.6,1756.2,92.244
8/12/19 13:49,84.767,49.6,1756.2,92.244
8/12/19 13:49,84.767,49.7,1743.7,92.244
8/12/19 13:49,84.767,49.7,1751.2,92.244
8/12/19 13:49,84.812,49.7,1756.2,92.244
8/12/19 13:49,84.812,49.8,1758.7,92.244
8/12/19 13:49,84.812,49.8,1753.7,92.244
8/12/19 13:49,84.812,49.8,1753.7,92.244
8/12/19 13:49,84.812,49.8,1756.2,92.244
8/12/19 13:49,84.812,49.8,1761.2,92.244
8/12/19 13:49,84.812,49.9,1763.7,92.244
8/12/19 13:49,84.857,49.9,1766.2,92.244
8/12/19 13:49,84.857,49.9,1756.2,92.244
8/12/19 13:49,84.857,50,1753.7,92.244
8/12/19 13:49,84.857,50,1746.2,92.244
8/12/19 13:49,84.857,50.1,1746.2,92.244
8/12/19 13:49,84.9,50.1,1738.7,92.244
8/12/19 13:49,84.9,50.2,1741.2,92.244
8/12/19 13:49,84.9,50.2,1736.2,92.244
8/12/19 13:49,84.9,50.3,1738.7,92.244
8/12/19 13:49,84.945,50.4,1743.7,92.244
8/12/19 13:49,84.945,50.3,1743.7,92.244
8/12/19 13:49,84.945,50.3,1733.7,92.244
8/12/19 13:49,84.945,50.4,1713.7,92.244
8/12/19 13:49,84.945,50.4,1696.2,92.244
8/12/19 13:49,84.99,50.4,1713.7,92.244
8/12/19 13:49,84.99,50.5,1733.7,92.244
8/12/19 13:49,84.99,50.5,1721.2,92.244
8/12/19 13:49,85.035,50.5,1706.2,92.244
8/12/19 13:49,85.035,50.4,1691.2,92.244
8/12/19 13:49,85.035,50.4,1703.7,92.244
8/12/19 13:49,85.082,50.2,1723.7,92.244
8/12/19 13:49,85.082,50,1726.2,92.244
8/12/19 13:49,85.082,49.8,1698.7,92.244
8/12/19 13:49,85.082,49.7,1661.2,92.244
8/12/19 13:49,85.082,49.5,1633.7,92.244
8/12/19 13:49,85.127,49.4,1658.7,92.244
8/12/19 13:49,85.127,49.4,1686.2,92.244
8/12/19 13:49,85.127,49.4,1673.7,92.244
8/12/19 13:49,85.127,49.4,1646.2,92.244
8/12/19 13:49,85.127,49.4,1626.2,92.244
8/12/19 13:49,85.127,49.4,1633.7,92.244
8/12/19 13:49,85.172,49.5,1646.2,92.244
8/12/19 13:49,85.172,49.6,1656.2,92.244
8/12/19 13:49,85.172,49.6,1626.2,92.244
8/12/19 13:49,85.172,49.6,1591.2,92.244
8/12/19 13:49,85.172,49.6,1583.7,92.244
8/12/19 13:49,85.172,49.6,1571.2,92.244
8/12/19 13:49,85.172,49.7,1516.2,92.291
8/12/19 13:49,85.217,49.7,1456.2,92.291
8/12/19 13:49,85.217,49.7,1481.2,92.291
8/12/19 13:49,85.217,49.7,1541.2,92.291
8/12/19 13:49,85.217,49.6,1578.7,92.244
8/12/19 13:49,85.217,49.7,1611.2,92.291
8/12/19 13:49,85.217,49.6,1593.7,92.291
8/12/19 13:49,85.217,49.6,1596.2,92.291
8/12/19 13:49,85.262,49.4,1616.2,92.291
8/12/19 13:49,85.262,49.3,1573.7,92.291
8/12/19 13:49,85.262,49.2,1501.2,92.291
8/12/19 13:49,85.262,49.1,1511.2,92.291
8/12/19 13:49,85.262,49,1531.2,92.291
8/12/19 13:50,85.262,48.9,1521.2,92.291
8/12/19 13:50,85.262,48.9,1493.7,92.291
8/12/19 13:50,85.262,48.8,1486.2,92.291
8/12/19 13:50,85.262,48.8,1506.2,92.291
8/12/19 13:50,85.262,48.9,1536.2,92.291
8/12/19 13:50,85.262,48.9,1548.7,92.291
8/12/19 13:50,85.262,48.9,1536.2,92.291
8/12/19 13:50,85.262,48.9,1503.7,92.291
8/12/19 13:50,85.262,48.9,1501.2,92.291
8/12/19 13:50,85.262,48.9,1551.2,92.291
8/12/19 13:50,85.262,48.9,1578.7,92.291
8/12/19 13:50,85.262,49,1553.7,92.291
8/12/19 13:50,85.262,49,1501.2,92.291
8/12/19 13:50,85.262,49.1,1461.2,92.291
8/12/19 13:50,85.217,49.2,1448.7,92.291
8/12/19 13:50,85.262,49.4,1466.2,92.291
8/12/19 13:50,85.217,49.5,1521.2,92.291
8/12/19 13:50,85.217,49.6,1558.7,92.291
8/12/19 13:50,85.217,49.7,1531.2,92.291
8/12/19 13:50,85.217,49.8,1476.2,92.291
8/12/19 13:50,85.217,50,1446.2,92.291
8/12/19 13:50,85.217,50.1,1478.7,92.291
8/12/19 13:50,85.217,50.2,1511.2,92.291
8/12/19 13:50,85.217,50.3,1538.7,92.291
8/12/19 13:50,85.217,50.2,1583.7,92.338
8/12/19 13:50,85.262,49.9,1606.2,92.291
8/12/19 13:50,85.262,49.7,1613.7,92.291
8/12/19 13:50,85.262,49.4,1613.7,92.291
8/12/19 13:50,85.262,49.2,1591.2,92.338
8/12/19 13:50,85.262,49.1,1573.7,92.291
8/12/19 13:50,85.262,49,1578.7,92.338
8/12/19 13:50,85.262,48.9,1581.2,92.338
8/12/19 13:50,85.262,48.8,1581.2,92.338
8/12/19 13:50,85.262,48.7,1581.2,92.338
8/12/19 13:50,85.262,48.7,1583.7,92.291
8/12/19 13:50,85.262,48.6,1581.2,92.338
8/12/19 13:50,85.262,48.6,1576.2,92.338
8/12/19 13:50,85.262,48.5,1578.7,92.338
8/12/19 13:50,85.262,48.4,1581.2,92.338
8/12/19 13:50,85.262,48.3,1571.2,92.338
8/12/19 13:50,85.262,48.2,1553.7,92.338
8/12/19 13:50,85.262,48.2,1543.7,92.338
8/12/19 13:50,85.262,48.1,1551.2,92.338
8/12/19 13:50,85.262,48.1,1578.7,92.338
8/12/19 13:50,85.217,48.1,1598.7,92.338
8/12/19 13:50,85.217,48.2,1621.2,92.338
8/12/19 13:50,85.217,48.1,1641.2,92.338
8/12/19 13:50,85.217,48.1,1638.7,92.338
8/12/19 13:50,85.217,48,1616.2,92.338
8/12/19 13:50,85.217,47.8,1611.2,92.338
8/12/19 13:50,85.217,47.7,1621.2,92.338
8/12/19 13:50,85.217,47.6,1628.7,92.338
8/12/19 13:50,85.217,47.5,1641.2,92.338
8/12/19 13:50,85.172,47.3,1653.7,92.338
8/12/19 13:50,85.172,47.2,1646.2,92.338
8/12/19 13:50,85.172,47.2,1633.7,92.338
8/12/19 13:50,85.172,47.1,1628.7,92.338
8/12/19 13:50,85.127,47,1643.7,92.338
8/12/19 13:50,85.127,46.9,1641.2,92.338
8/12/19 13:50,85.127,46.9,1621.2,92.338
8/12/19 13:51,85.082,47,1606.2,92.338
8/12/19 13:51,85.082,47,1613.7,92.338
8/12/19 13:51,85.082,47.1,1616.2,92.338
8/12/19 13:51,85.082,47.2,1616.2,92.338
8/12/19 13:51,85.035,47.4,1611.2,92.338
8/12/19 13:51,85.035,47.5,1616.2,92.338
8/12/19 13:51,84.99,47.6,1626.2,92.338
8/12/19 13:51,84.99,47.6,1641.2,92.338
8/12/19 13:51,84.99,47.6,1646.2,92.338
8/12/19 13:51,84.99,47.6,1643.7,92.338
8/12/19 13:51,84.99,47.6,1626.2,92.338
8/12/19 13:51,84.945,47.6,1601.2,92.338
8/12/19 13:51,84.945,47.5,1586.2,92.338
8/12/19 13:51,84.945,47.3,1586.2,92.338
8/12/19 13:51,84.9,47.2,1581.2,92.338
8/12/19 13:51,84.9,47.1,1563.7,92.338
8/12/19 13:51,84.9,46.9,1551.2,92.338
8/12/19 13:51,84.9,46.9,1551.2,92.338
8/12/19 13:51,84.857,46.8,1563.7,92.338
8/12/19 13:51,84.857,46.8,1588.7,92.338
8/12/19 13:51,84.812,46.7,1598.7,92.338
8/12/19 13:51,84.812,46.7,1591.2,92.338
8/12/19 13:51,84.812,46.7,1598.7,92.338
8/12/19 13:51,84.767,46.8,1608.7,92.338
8/12/19 13:51,84.767,46.8,1623.7,92.338
8/12/19 13:51,84.722,46.9,1646.2,92.338
8/12/19 13:51,84.722,46.9,1666.2,92.338
8/12/19 13:51,84.722,47,1676.2,92.338
8/12/19 13:51,84.677,47,1693.7,92.338
8/12/19 13:51,84.677,47.1,1708.7,92.338
8/12/19 13:51,84.632,47.1,1718.7,92.338
8/12/19 13:51,84.632,47.1,1708.7,92.338
8/12/19 13:51,84.587,47.1,1696.2,92.338
8/12/19 13:51,84.587,47.1,1683.7,92.338
8/12/19 13:51,84.587,47.1,1678.7,92.338
8/12/19 13:51,84.542,47.2,1676.2,92.338
8/12/19 13:51,84.542,47.2,1673.7,92.338
8/12/19 13:51,84.497,47.3,1688.7,92.386
8/12/19 13:51,84.497,47.4,1716.2,92.338
8/12/19 13:51,84.497,47.4,1723.7,92.386
8/12/19 13:51,84.452,47.4,1721.2,92.338
8/12/19 13:51,84.452,47.5,1723.7,92.386
8/12/19 13:51,84.452,47.5,1723.7,92.338
8/12/19 13:51,84.407,47.5,1708.7,92.338
8/12/19 13:51,84.407,47.6,1708.7,92.386
8/12/19 13:51,84.407,47.6,1718.7,92.386
8/12/19 13:51,84.407,47.7,1723.7,92.386
8/12/19 13:51,84.362,47.8,1721.2,92.386
8/12/19 13:51,84.362,47.9,1713.7,92.386
8/12/19 13:51,84.362,47.9,1716.2,92.386
8/12/19 13:51,84.362,47.8,1718.7,92.386
8/12/19 13:51,84.362,47.8,1728.7,92.386
8/12/19 13:51,84.317,47.8,1731.2,92.386
8/12/19 13:51,84.317,47.8,1733.7,92.386
8/12/19 13:51,84.317,47.8,1733.7,92.386
8/12/19 13:51,84.317,47.8,1736.2,92.386
8/12/19 13:51,84.317,47.8,1738.7,92.386
8/12/19 13:51,84.272,47.8,1726.2,92.386
8/12/19 13:51,84.272,47.8,1656.2,92.386
8/12/19 13:51,84.272,47.7,528.7,92.386
8/12/19 13:52,84.272,47.7,1743.7,92.386
8/12/19 13:52,84.272,47.8,1746.2,92.386
8/12/19 13:52,84.227,47.9,1743.7,92.386
8/12/19 13:52,84.227,48,1751.2,92.386
8/12/19 13:52,84.227,48.1,1758.7,92.386
8/12/19 13:52,84.227,48.2,1766.2,92.386
8/12/19 13:52,84.227,48.3,1773.7,92.386
8/12/19 13:52,84.227,48.4,1771.2,92.386
8/12/19 13:52,84.227,48.4,1766.2,92.386
8/12/19 13:52,84.227,48.5,1751.2,92.386
8/12/19 13:52,84.182,48.6,1741.2,92.386
8/12/19 13:52,84.182,48.7,1751.2,92.386
8/12/19 13:52,84.182,48.7,1761.2,92.386
8/12/19 13:52,84.182,48.7,1768.7,92.386
8/12/19 13:52,84.182,48.6,1778.7,92.386
8/12/19 13:52,84.182,48.6,1781.2,92.386
8/12/19 13:52,84.182,48.5,1778.7,92.386
8/12/19 13:52,84.182,48.4,1791.2,92.386
8/12/19 13:52,84.182,48.3,1798.7,92.386
8/12/19 13:52,84.182,48.3,1808.7,92.386
8/12/19 13:52,84.182,48.3,1816.2,92.386
8/12/19 13:52,84.182,48.3,1821.2,92.386
8/12/19 13:52,84.182,48.3,1823.7,92.386
8/12/19 13:52,84.182,48.3,1823.7,92.386
8/12/19 13:52,84.182,48.3,1826.2,92.386
8/12/19 13:52,84.182,48.3,1828.7,92.386
8/12/19 13:52,84.182,48.3,1823.7,92.386
8/12/19 13:52,84.182,48.3,1826.2,92.386
8/12/19 13:52,84.182,48.3,1841.2,92.386
8/12/19 13:52,84.182,48.2,1848.7,92.386
8/12/19 13:52,84.182,48.1,1846.2,92.386
8/12/19 13:52,84.182,48,1841.2,92.386
8/12/19 13:52,84.182,47.8,1841.2,92.386
8/12/19 13:52,84.182,47.7,1838.7,92.386
8/12/19 13:52,84.182,47.7,1843.7,92.386
8/12/19 13:52,84.182,47.6,1846.2,92.386
8/12/19 13:52,84.182,47.6,1846.2,92.386
8/12/19 13:52,84.182,47.6,1846.2,92.386
8/12/19 13:52,84.182,47.7,1841.2,92.386
8/12/19 13:52,84.182,47.7,1836.2,92.386
8/12/19 13:52,84.182,47.7,1833.7,92.386
8/12/19 13:52,84.182,47.7,1833.7,92.386
8/12/19 13:52,84.182,47.7,1828.7,92.386
8/12/19 13:52,84.137,47.7,1826.2,92.433
8/12/19 13:52,84.137,47.8,1831.2,92.433
8/12/19 13:52,84.137,47.9,1828.7,92.386
8/12/19 13:52,84.137,48,1823.7,92.433
8/12/19 13:52,84.137,48.1,1816.2,92.433
8/12/19 13:52,84.137,48.1,1811.2,92.386
8/12/19 13:52,84.137,48.1,1811.2,92.433
8/12/19 13:52,84.137,48.2,1811.2,92.433
8/12/19 13:52,84.137,48.2,1816.2,92.433
8/12/19 13:52,84.137,48.2,1816.2,92.433
8/12/19 13:52,84.137,48.3,1818.7,92.433
8/12/19 13:52,84.094,48.4,1826.2,92.433
8/12/19 13:52,84.094,48.5,1838.7,92.433
8/12/19 13:52,84.094,48.6,1846.2,92.433
8/12/19 13:52,84.094,48.6,1843.7,92.433
8/12/19 13:52,84.094,48.7,1843.7,92.433
8/12/19 13:52,84.094,48.8,1841.2,92.433
8/12/19 13:53,84.094,48.7,1838.7,92.433
8/12/19 13:53,84.094,48.8,1823.7,92.433
8/12/19 13:53,84.094,48.9,1806.2,92.433
8/12/19 13:53,84.094,48.8,1798.7,92.433
8/12/19 13:53,84.094,49,1811.2,92.433
8/12/19 13:53,84.094,49,1816.2,92.433
8/12/19 13:53,84.094,49.1,1811.2,92.433
8/12/19 13:53,84.094,49.1,1808.7,92.433
8/12/19 13:53,84.094,49.2,1806.2,92.433
8/12/19 13:53,84.094,49.3,1801.2,92.433
8/12/19 13:53,84.094,49.3,1801.2,92.433
8/12/19 13:53,84.094,49.3,1796.2,92.433
8/12/19 13:53,84.094,49.2,1786.2,92.433
8/12/19 13:53,84.137,49.1,1753.7,92.433
8/12/19 13:53,84.094,49,1716.2,92.433
8/12/19 13:53,84.137,48.9,1706.2,92.433
8/12/19 13:53,84.137,48.8,1733.7,92.433
8/12/19 13:53,84.137,48.7,1753.7,92.433
8/12/19 13:53,84.137,48.6,1756.2,92.433
8/12/19 13:53,84.137,48.5,1751.2,92.433
8/12/19 13:53,84.137,48.5,1738.7,92.433
8/12/19 13:53,84.137,48.4,1721.2,92.433
8/12/19 13:53,84.137,48.4,1703.7,92.433
8/12/19 13:53,84.137,48.4,1686.2,92.433
8/12/19 13:53,84.094,48.3,1671.2,92.433
8/12/19 13:53,84.094,48.4,1666.2,92.433
8/12/19 13:53,84.094,48.3,1663.7,92.433
8/12/19 13:53,84.094,48.4,1656.2,92.433
8/12/19 13:53,84.094,48.4,1646.2,92.433
8/12/19 13:53,84.094,48.2,1643.7,92.433
8/12/19 13:53,84.094,48.2,1646.2,92.433
8/12/19 13:53,84.094,48.2,1636.2,92.433
8/12/19 13:53,84.094,48.3,1623.7,92.48
8/12/19 13:53,84.094,48.3,1611.2,92.433
8/12/19 13:53,84.094,48.4,1603.7,92.48
8/12/19 13:53,84.094,48.4,1588.7,92.48
8/12/19 13:53,84.094,48.4,1571.2,92.48
8/12/19 13:53,84.094,48.5,1573.7,92.48
8/12/19 13:53,84.094,48.5,1586.2,92.48
8/12/19 13:53,84.094,48.5,1586.2,92.48
8/12/19 13:53,84.094,48.5,1593.7,92.48
8/12/19 13:53,84.094,48.5,1598.7,92.48
8/12/19 13:53,84.094,48.4,1601.2,92.48
8/12/19 13:53,84.094,48.4,1601.2,92.48
8/12/19 13:53,84.094,48.4,1591.2,92.48
8/12/19 13:53,84.049,48.4,1593.7,92.48
8/12/19 13:53,84.094,48.5,1608.7,92.48
8/12/19 13:53,84.049,48.5,1621.2,92.48
8/12/19 13:53,84.049,48.5,1636.2,92.48
8/12/19 13:53,84.049,48.5,1646.2,92.48
8/12/19 13:53,84.049,48.6,1646.2,92.48
8/12/19 13:53,84.094,48.6,1636.2,92.48
8/12/19 13:53,84.094,48.7,1628.7,92.48
8/12/19 13:53,84.049,48.8,1626.2,92.48
8/12/19 13:53,84.094,48.9,1631.2,92.48
8/12/19 13:53,84.094,48.9,1631.2,92.48
8/12/19 13:53,84.094,49.1,1628.7,92.48
8/12/19 13:53,84.094,49.1,1626.2,92.48
8/12/19 13:53,84.094,49.2,1618.7,92.48
8/12/19 13:53,84.094,49.4,1601.2,92.48
8/12/19 13:54,84.094,49.5,1596.2,92.48
8/12/19 13:54,84.094,49.6,1598.7,92.48
8/12/19 13:54,84.137,49.7,1603.7,92.48
8/12/19 13:54,84.137,49.7,1601.2,92.48
8/12/19 13:54,84.137,49.7,1593.7,92.48
8/12/19 13:54,84.137,49.8,1606.2,92.48
8/12/19 13:54,84.137,49.8,1621.2,92.48
8/12/19 13:54,84.137,49.7,1623.7,92.48
8/12/19 13:54,84.182,49.7,1621.2,92.48
8/12/19 13:54,84.182,49.7,1613.7,92.527
8/12/19 13:54,84.182,49.7,1608.7,92.527
8/12/19 13:54,84.182,49.7,1611.2,92.48
8/12/19 13:54,84.182,49.9,1616.2,92.527
8/12/19 13:54,84.227,50,1618.7,92.48
8/12/19 13:54,84.227,50.1,1613.7,92.527
8/12/19 13:54,84.227,50.2,1616.2,92.527
8/12/19 13:54,84.227,50.2,1611.2,92.527
8/12/19 13:54,84.227,50.1,1598.7,92.527
8/12/19 13:54,84.227,50,1608.7,92.527
8/12/19 13:54,84.272,49.9,1623.7,92.527
8/12/19 13:54,84.272,49.8,1623.7,92.527
8/12/19 13:54,84.272,49.8,1616.2,92.527
8/12/19 13:54,84.272,49.8,1598.7,92.527
8/12/19 13:54,84.272,49.8,1586.2,92.527
8/12/19 13:54,84.272,49.8,1586.2,92.527
8/12/19 13:54,84.272,49.9,1608.7,92.527
8/12/19 13:54,84.317,50,1623.7,92.527
8/12/19 13:54,84.317,50.1,1618.7,92.527
8/12/19 13:54,84.317,50.1,1611.2,92.527
8/12/19 13:54,84.317,50.2,1616.2,92.527
8/12/19 13:54,84.317,50.2,1616.2,92.527
8/12/19 13:54,84.317,50.4,1608.7,92.527
8/12/19 13:54,84.317,50.3,1593.7,92.527
8/12/19 13:54,84.317,50.4,1566.2,92.527
8/12/19 13:54,84.317,50.5,1541.2,92.527
8/12/19 13:54,84.362,50.5,1541.2,92.527
8/12/19 13:54,84.362,50.7,1553.7,92.527
8/12/19 13:54,84.362,50.8,1566.2,92.527
8/12/19 13:54,84.362,50.8,1558.7,92.527
8/12/19 13:54,84.362,51,1543.7,92.527
8/12/19 13:54,84.362,51,1551.2,92.527
8/12/19 13:54,84.407,51,1566.2,92.527
8/12/19 13:54,84.407,51,1556.2,92.527
8/12/19 13:54,84.407,51,1533.7,92.527
8/12/19 13:54,84.407,50.8,1518.7,92.527
8/12/19 13:54,84.452,50.5,1511.2,92.527
8/12/19 13:54,84.452,50.3,1488.7,92.527
8/12/19 13:54,84.452,50.1,1466.2,92.527
8/12/19 13:54,84.452,50,1471.2,92.527
8/12/19 13:54,84.452,49.9,1486.2,92.527
8/12/19 13:54,84.497,49.8,1493.7,92.574
8/12/19 13:54,84.452,49.8,1493.7,92.527
8/12/19 13:54,84.497,49.8,1473.7,92.574
8/12/19 13:54,84.497,49.7,1448.7,92.527
8/12/19 13:54,84.497,49.7,1436.2,92.574
8/12/19 13:54,84.497,49.6,1441.2,92.574
8/12/19 13:54,84.497,49.5,1468.7,92.574
8/12/19 13:54,84.497,49.3,1488.7,92.574
8/12/19 13:54,84.497,49.2,1511.2,92.574
8/12/19 13:54,84.497,49.1,1536.2,92.574
8/12/19 13:55,84.497,49,1546.2,92.574
8/12/19 13:55,84.497,49,1548.7,92.574
8/12/19 13:55,84.497,49,1553.7,92.574
8/12/19 13:55,84.497,49.1,1566.2,92.574
8/12/19 13:55,84.497,49.1,1561.2,92.574
8/12/19 13:55,84.497,49.2,1568.7,92.574
8/12/19 13:55,84.497,49.3,1586.2,92.574
8/12/19 13:55,84.497,49.4,1601.2,92.574
8/12/19 13:55,84.497,49.4,1603.7,92.574
8/12/19 13:55,84.497,49.5,1603.7,92.574
8/12/19 13:55,84.497,49.5,1603.7,92.574
8/12/19 13:55,84.497,49.6,1608.7,92.574
8/12/19 13:55,84.497,49.6,1631.2,92.574
8/12/19 13:55,84.497,49.7,1673.7,92.574
8/12/19 13:55,84.497,49.6,1688.7,92.574
8/12/19 13:55,84.497,49.6,1638.7,92.574
8/12/19 13:55,84.497,49.7,1561.2,92.574
8/12/19 13:55,84.497,49.7,1513.7,92.574
8/12/19 13:55,84.497,49.8,1536.2,92.574
8/12/19 13:55,84.497,49.8,1601.2,92.574
8/12/19 13:55,84.497,49.8,1636.2,92.574
8/12/19 13:55,84.497,49.9,1631.2,92.574
8/12/19 13:55,84.497,49.9,1583.7,92.574
8/12/19 13:55,84.497,49.9,1546.2,92.574
8/12/19 13:55,84.497,50,1548.7,92.574
8/12/19 13:55,84.542,50,1583.7,92.574
8/12/19 13:55,84.542,50,1608.7,92.574
8/12/19 13:55,84.542,49.9,1583.7,92.574
8/12/19 13:55,84.542,49.8,1561.2,92.574
8/12/19 13:55,84.542,49.7,1578.7,92.574
8/12/19 13:55,84.542,49.7,1628.7,92.574
8/12/19 13:55,84.542,49.6,1658.7,92.574
8/12/19 13:55,84.542,49.6,1661.2,92.574
8/12/19 13:55,84.542,49.6,1646.2,92.574
8/12/19 13:55,84.542,49.6,1631.2,92.574
8/12/19 13:55,84.542,49.7,1613.7,92.574
8/12/19 13:55,84.542,49.7,1598.7,92.574
8/12/19 13:55,84.542,49.6,1606.2,92.574
8/12/19 13:55,84.542,49.6,1631.2,92.574
8/12/19 13:55,84.542,49.5,1646.2,92.574
8/12/19 13:55,84.542,49.4,1653.7,92.574
8/12/19 13:55,84.542,49.4,1651.2,92.574
8/12/19 13:55,84.542,49.3,1648.7,92.574
8/12/19 13:55,84.542,49.2,1656.2,92.574
8/12/19 13:55,84.542,49.2,1663.7,92.574
8/12/19 13:55,84.542,49.2,1673.7,92.574
8/12/19 13:55,84.542,49.3,1686.2,92.574
8/12/19 13:55,84.542,49.4,1686.2,92.574
8/12/19 13:55,84.542,49.4,1691.2,92.574
8/12/19 13:55,84.542,49.4,1686.2,92.574
8/12/19 13:55,84.542,49.3,1678.7,92.574
8/12/19 13:55,84.542,49.1,1671.2,92.574
8/12/19 13:55,84.542,49,1676.2,92.574
8/12/19 13:55,84.542,49,1688.7,92.574
8/12/19 13:55,84.542,48.9,1701.2,92.574
8/12/19 13:55,84.542,48.9,1706.2,92.574
8/12/19 13:55,84.542,48.8,1716.2,92.574
8/12/19 13:55,84.542,48.9,1726.2,92.574
8/12/19 13:55,84.542,48.9,1733.7,92.574
8/12/19 13:55,84.542,49,1738.7,92.574
8/12/19 13:56,84.542,49,1738.7,92.574
8/12/19 13:56,84.542,49.1,1743.7,92.574
8/12/19 13:56,84.497,49.2,1741.2,92.574
8/12/19 13:56,84.497,49.2,1738.7,92.574
8/12/19 13:56,84.497,49.3,1731.2,92.574
8/12/19 13:56,84.497,49.3,1726.2,92.62
8/12/19 13:56,84.497,49.3,1721.2,92.574
8/12/19 13:56,84.497,49.2,1716.2,92.574
8/12/19 13:56,84.497,49.1,1708.7,92.574
8/12/19 13:56,84.497,49.1,1701.2,92.574
8/12/19 13:56,84.497,49,1701.2,92.574
8/12/19 13:56,84.497,49,1698.7,92.574
8/12/19 13:56,84.497,49,1691.2,92.62
8/12/19 13:56,84.497,48.8,1696.2,92.574
8/12/19 13:56,84.497,48.7,1721.2,92.62
8/12/19 13:56,84.497,48.6,1736.2,92.62
8/12/19 13:56,84.497,48.6,1731.2,92.574
8/12/19 13:56,84.497,48.5,1721.2,92.62
8/12/19 13:56,84.497,48.5,1711.2,92.62
8/12/19 13:56,84.452,48.5,1711.2,92.62
8/12/19 13:56,84.452,48.5,1711.2,92.62
8/12/19 13:56,84.452,48.5,1713.7,92.62
8/12/19 13:56,84.452,48.6,1711.2,92.574
8/12/19 13:56,84.452,48.6,1703.7,92.62
8/12/19 13:56,84.452,48.7,1693.7,92.574
8/12/19 13:56,84.407,48.8,1681.2,92.574
8/12/19 13:56,84.407,48.9,1676.2,92.62
8/12/19 13:56,84.407,49,1678.7,92.62
8/12/19 13:56,84.407,49,1688.7,92.62
8/12/19 13:56,84.407,49.1,1688.7,92.62
8/12/19 13:56,84.407,49.1,1683.7,92.62
8/12/19 13:56,84.407,49,1693.7,92.62
8/12/19 13:56,84.407,48.9,1703.7,92.574
8/12/19 13:56,84.407,48.9,1706.2,92.574
8/12/19 13:56,84.407,48.8,1718.7,92.62
8/12/19 13:56,84.407,48.7,1733.7,92.62
8/12/19 13:56,84.362,48.6,1743.7,92.574
8/12/19 13:56,84.362,48.6,1743.7,92.62
8/12/19 13:56,84.362,48.6,1743.7,92.574
8/12/19 13:56,84.362,48.6,1748.7,92.574
8/12/19 13:56,84.362,48.6,1753.7,92.62
8/12/19 13:56,84.362,48.6,1751.2,92.574
8/12/19 13:56,84.362,48.5,1743.7,92.574
8/12/19 13:56,84.362,48.5,1746.2,92.574
8/12/19 13:56,84.317,48.5,1753.7,92.62
8/12/19 13:56,84.317,48.5,1756.2,92.574
8/12/19 13:56,84.317,48.5,1756.2,92.574
8/12/19 13:56,84.317,48.4,1763.7,92.62
8/12/19 13:56,84.317,48.3,1768.7,92.62
8/12/19 13:56,84.317,48.3,1771.2,92.574
8/12/19 13:56,84.317,48.3,1771.2,92.574
8/12/19 13:56,84.272,48.2,1768.7,92.62
8/12/19 13:56,84.272,48.2,1773.7,92.574
8/12/19 13:56,84.272,48.1,1781.2,92.574
8/12/19 13:56,84.272,48.1,1781.2,92.574
8/12/19 13:56,84.272,48.1,1783.7,92.574
8/12/19 13:56,84.272,48.1,1776.2,92.574
8/12/19 13:56,84.227,48.1,1776.2,92.574
8/12/19 13:56,84.227,48.2,1776.2,92.62
8/12/19 13:56,84.227,48.3,1776.2,92.574
8/12/19 13:57,84.227,48.3,1781.2,92.574
8/12/19 13:57,84.227,48.3,1781.2,92.574
8/12/19 13:57,84.227,48.4,1781.2,92.574
8/12/19 13:57,84.182,48.5,1786.2,92.574
8/12/19 13:57,84.227,48.6,1793.7,92.574
8/12/19 13:57,84.182,48.7,1798.7,92.574
8/12/19 13:57,84.182,48.8,1798.7,92.62
8/12/19 13:57,84.182,48.9,1798.7,92.574
8/12/19 13:57,84.182,49,1803.7,92.574
8/12/19 13:57,84.182,49.1,1808.7,92.574
8/12/19 13:57,84.182,49.2,1808.7,92.574
8/12/19 13:57,84.182,49.3,1806.2,92.574
8/12/19 13:57,84.182,49.4,1808.7,92.574
8/12/19 13:57,84.182,49.4,1808.7,92.574
8/12/19 13:57,84.182,49.4,1808.7,92.574
8/12/19 13:57,84.182,49.2,1808.7,92.574
8/12/19 13:57,84.182,49.1,1806.2,92.574
8/12/19 13:57,84.182,49,1806.2,92.62
8/12/19 13:57,84.182,48.9,1803.7,92.574
8/12/19 13:57,84.182,48.8,1803.7,92.574
8/12/19 13:57,84.182,48.7,1806.2,92.574
8/12/19 13:57,84.182,48.7,1811.2,92.574
8/12/19 13:57,84.182,48.7,1811.2,92.574
8/12/19 13:57,84.182,48.7,1813.7,92.574
8/12/19 13:57,84.182,48.8,1811.2,92.574
8/12/19 13:57,84.182,48.9,1813.7,92.574
8/12/19 13:57,84.182,48.9,1813.7,92.574
8/12/19 13:57,84.182,49,1813.7,92.574
8/12/19 13:57,84.182,49,1813.7,92.574
8/12/19 13:57,84.182,49,1816.2,92.574
8/12/19 13:57,84.182,49,1816.2,92.62
8/12/19 13:57,84.137,49,1816.2,92.574
8/12/19 13:57,84.182,49.1,1816.2,92.574
8/12/19 13:57,84.137,49.1,1813.7,92.62
8/12/19 13:57,84.182,49.2,1813.7,92.574
8/12/19 13:57,84.137,49.2,1813.7,92.62
8/12/19 13:57,84.182,49.2,1811.2,92.574
8/12/19 13:57,84.182,49.2,1808.7,92.62
8/12/19 13:57,84.182,49.2,1808.7,92.574
8/12/19 13:57,84.182,49.3,1808.7,92.574
8/12/19 13:57,84.182,49.3,1808.7,92.62
8/12/19 13:57,84.182,49.4,1808.7,92.62
8/12/19 13:57,84.182,49.4,1811.2,92.62
8/12/19 13:57,84.182,49.4,1811.2,92.62
8/12/19 13:57,84.182,49.4,1808.7,92.62
8/12/19 13:57,84.182,49.4,1811.2,92.62
8/12/19 13:57,84.182,49.5,1813.7,92.62
8/12/19 13:57,84.182,49.6,1811.2,92.62
8/12/19 13:57,84.182,49.6,1811.2,92.62
8/12/19 13:57,84.182,49.5,1811.2,92.62
8/12/19 13:57,84.182,49.4,1811.2,92.62
8/12/19 13:57,84.182,49.4,1808.7,92.62
8/12/19 13:57,84.182,49.2,1811.2,92.62
8/12/19 13:57,84.182,49.1,1811.2,92.62
8/12/19 13:57,84.182,49,1813.7,92.62
8/12/19 13:57,84.182,49,1811.2,92.62
8/12/19 13:57,84.182,49,1808.7,92.62
8/12/19 13:57,84.182,48.9,1808.7,92.62
8/12/19 13:57,84.182,48.9,1808.7,92.62
8/12/19 13:57,84.182,48.9,1808.7,92.62
8/12/19 13:58,84.182,49,1808.7,92.62
8/12/19 13:58,84.182,49,1808.7,92.62
8/12/19 13:58,84.182,49,1808.7,92.62
8/12/19 13:58,84.182,49.1,1806.2,92.62
8/12/19 13:58,84.182,49.2,1806.2,92.62
8/12/19 13:58,84.182,49.2,1803.7,92.62
8/12/19 13:58,84.182,49.4,1803.7,92.62
8/12/19 13:58,84.182,49.5,1808.7,92.62
8/12/19 13:58,84.182,49.5,1808.7,92.62
8/12/19 13:58,84.182,49.6,1808.7,92.62
8/12/19 13:58,84.137,49.7,1806.2,92.62
8/12/19 13:58,84.182,49.8,1808.7,92.62
8/12/19 13:58,84.182,49.8,1806.2,92.62
8/12/19 13:58,84.137,49.9,1808.7,92.62
8/12/19 13:58,84.182,50,1806.2,92.62
8/12/19 13:58,84.182,50,1808.7,92.62
8/12/19 13:58,84.182,50,1806.2,92.62
8/12/19 13:58,84.182,50.1,1808.7,92.62
8/12/19 13:58,84.182,50.1,1806.2,92.62
8/12/19 13:58,84.182,50.1,1803.7,92.62
8/12/19 13:58,84.182,50.2,1806.2,92.62
8/12/19 13:58,84.182,50.2,1808.7,92.62
8/12/19 13:58,84.182,50.3,1806.2,92.62
8/12/19 13:58,84.227,50.3,1806.2,92.62
8/12/19 13:58,84.227,50.5,1806.2,92.62
8/12/19 13:58,84.227,50.6,1806.2,92.62
8/12/19 13:58,84.227,50.7,1803.7,92.62
8/12/19 13:58,84.227,50.6,1803.7,92.62
8/12/19 13:58,84.227,50.5,1803.7,92.62
8/12/19 13:58,84.272,50.5,1806.2,92.62
8/12/19 13:58,84.272,50.3,1801.2,92.62
8/12/19 13:58,84.272,50.2,1803.7,92.62
8/12/19 13:58,84.317,50.1,1801.2,92.62
8/12/19 13:58,84.317,49.8,1801.2,92.62
8/12/19 13:58,84.317,49.7,1801.2,92.62
8/12/19 13:58,84.317,49.6,1801.2,92.62
8/12/19 13:58,84.317,49.4,1803.7,92.62
8/12/19 13:58,84.317,49.3,1801.2,92.62
8/12/19 13:58,84.317,49.2,1801.2,92.62
8/12/19 13:58,84.317,49.1,1798.7,92.62
8/12/19 13:58,84.317,49.1,1801.2,92.62
8/12/19 13:58,84.362,49.1,1801.2,92.667
8/12/19 13:58,84.362,49,1801.2,92.62
8/12/19 13:58,84.362,49,1801.2,92.667
8/12/19 13:58,84.362,49,1798.7,92.667
8/12/19 13:58,84.362,49,1801.2,92.667
8/12/19 13:58,84.362,49,1798.7,92.667
8/12/19 13:58,84.362,49.1,1798.7,92.667
8/12/19 13:58,84.362,49.1,1801.2,92.667
8/12/19 13:58,84.317,49.2,1798.7,92.667
8/12/19 13:58,84.362,49.4,1798.7,92.667
8/12/19 13:58,84.317,49.5,1798.7,92.667
8/12/19 13:58,84.362,49.7,1798.7,92.667
8/12/19 13:58,84.317,49.7,1801.2,92.667
8/12/19 13:58,84.317,49.8,1798.7,92.667
8/12/19 13:58,84.317,49.8,1798.7,92.667
8/12/19 13:58,84.362,49.8,1801.2,92.667
8/12/19 13:58,84.362,49.9,1801.2,92.667
8/12/19 13:58,84.362,49.9,1798.7,92.667
8/12/19 13:58,84.362,49.9,1801.2,92.667
8/12/19 13:59,84.362,50,1798.7,92.667
8/12/19 13:59,84.362,50,1803.7,92.667
8/12/19 13:59,84.362,50,1801.2,92.667
8/12/19 13:59,84.362,50,1801.2,92.667
8/12/19 13:59,84.362,50.1,1798.7,92.667
8/12/19 13:59,84.362,50,1798.7,92.667
8/12/19 13:59,84.362,50,1798.7,92.667
8/12/19 13:59,84.362,49.9,1801.2,92.667
8/12/19 13:59,84.407,49.9,1798.7,92.667
8/12/19 13:59,84.407,49.9,1798.7,92.667
8/12/19 13:59,84.407,49.9,1798.7,92.667
8/12/19 13:59,84.407,49.9,1801.2,92.667
8/12/19 13:59,84.407,49.9,1798.7,92.667
8/12/19 13:59,84.407,49.9,1801.2,92.667
8/12/19 13:59,84.407,49.9,1801.2,92.667
8/12/19 13:59,84.407,49.9,1798.7,92.667
8/12/19 13:59,84.407,49.9,1801.2,92.714
8/12/19 13:59,84.407,49.9,1798.7,92.714
8/12/19 13:59,84.407,49.9,1798.7,92.667
8/12/19 13:59,84.407,49.9,1801.2,92.714
8/12/19 13:59,84.407,49.9,1798.7,92.714
8/12/19 13:59,84.407,49.8,1796.2,92.714
8/12/19 13:59,84.407,49.8,1796.2,92.714
8/12/19 13:59,84.407,49.8,1793.7,92.714
8/12/19 13:59,84.407,49.7,1793.7,92.714
8/12/19 13:59,84.407,49.6,1793.7,92.714
8/12/19 13:59,84.407,49.6,1793.7,92.714
8/12/19 13:59,84.407,49.5,1793.7,92.714
8/12/19 13:59,84.407,49.4,1793.7,92.714
8/12/19 13:59,84.407,49.3,1798.7,92.714
8/12/19 13:59,84.407,49.2,1796.2,92.714
8/12/19 13:59,84.407,49.2,1796.2,92.714
8/12/19 13:59,84.407,49.2,1796.2,92.714
8/12/19 13:59,84.407,49.2,1796.2,92.714
8/12/19 13:59,84.407,49.2,1796.2,92.714
8/12/19 13:59,84.407,49.2,1796.2,92.714
8/12/19 13:59,84.407,49.2,1793.7,92.714
8/12/19 13:59,84.407,49.3,1791.2,92.714
8/12/19 13:59,84.407,49.4,1793.7,92.714
8/12/19 13:59,84.407,49.4,1791.2,92.714
8/12/19 13:59,84.407,49.4,1793.7,92.714
8/12/19 13:59,84.407,49.5,1788.7,92.714
8/12/19 13:59,84.407,49.6,1791.2,92.714
8/12/19 13:59,84.407,49.6,1786.2,92.714
8/12/19 13:59,84.452,49.7,1788.7,92.714
8/12/19 13:59,84.452,49.7,1783.7,92.714
8/12/19 13:59,84.452,49.8,1781.2,92.714
8/12/19 13:59,84.452,50,1781.2,92.714
8/12/19 13:59,84.452,50.2,1778.7,92.714
8/12/19 13:59,84.452,50.4,1778.7,92.714
8/12/19 13:59,84.452,50.4,1778.7,92.714
8/12/19 13:59,84.497,50.5,1778.7,92.714
8/12/19 13:59,84.497,50.5,1778.7,92.714
8/12/19 13:59,84.497,50.4,1778.7,92.714
8/12/19 13:59,84.497,50.3,1781.2,92.714
8/12/19 13:59,84.497,50.4,1786.2,92.714
8/12/19 13:59,84.542,50.3,1788.7,92.714
8/12/19 13:59,84.542,50.3,1788.7,92.714
8/12/19 13:59,84.542,50.3,1788.7,92.714
8/12/19 13:59,84.542,50.3,1781.2,92.714
8/12/19 14:00,84.542,50.3,1783.7,92.714
8/12/19 14:00,84.587,50.4,1788.7,92.714
8/12/19 14:00,84.587,50.5,1783.7,92.714
8/12/19 14:00,84.587,50.5,1783.7,92.714
8/12/19 14:00,84.587,50.4,1791.2,92.714
8/12/19 14:00,84.587,50.4,1786.2,92.763
8/12/19 14:00,84.632,50.3,1788.7,92.763
8/12/19 14:00,84.632,50.2,1786.2,92.763
8/12/19 14:00,84.632,50,1781.2,92.763
8/12/19 14:00,84.632,49.9,1778.7,92.763
8/12/19 14:00,84.632,49.8,1778.7,92.763
8/12/19 14:00,84.632,49.8,1778.7,92.763
8/12/19 14:00,84.677,49.8,1776.2,92.763
8/12/19 14:00,84.677,49.8,1776.2,92.763
8/12/19 14:00,84.677,49.6,1771.2,92.763
8/12/19 14:00,84.677,49.5,1768.7,92.763
8/12/19 14:00,84.677,49.2,1771.2,92.763
8/12/19 14:00,84.677,49,1771.2,92.763
8/12/19 14:00,84.722,48.9,1771.2,92.763
8/12/19 14:00,84.722,48.9,1768.7,92.763
8/12/19 14:00,84.722,48.8,1771.2,92.763
8/12/19 14:00,84.722,48.8,1776.2,92.763
8/12/19 14:00,84.722,48.8,1778.7,92.763
8/12/19 14:00,84.722,48.8,1776.2,92.763
8/12/19 14:00,84.722,48.8,1776.2,92.763
8/12/19 14:00,84.722,48.8,1778.7,92.763
8/12/19 14:00,84.722,48.7,1783.7,92.763
8/12/19 14:00,84.722,48.6,1781.2,92.763
8/12/19 14:00,84.722,48.6,1786.2,92.763
8/12/19 14:00,84.722,48.5,1786.2,92.763
8/12/19 14:00,84.722,48.5,1786.2,92.763
8/12/19 14:00,84.722,48.4,1781.2,92.763
8/12/19 14:00,84.722,48.3,1781.2,92.763
8/12/19 14:00,84.722,48.3,1781.2,92.763
8/12/19 14:00,84.722,48.3,1781.2,92.763
8/12/19 14:00,84.722,48.3,1778.7,92.763
8/12/19 14:00,84.722,48.3,1781.2,92.763
8/12/19 14:00,84.722,48.3,1781.2,92.763
8/12/19 14:00,84.722,48.3,1776.2,92.763
8/12/19 14:00,84.722,48.3,1781.2,92.763
8/12/19 14:00,84.722,48.4,1773.7,92.763
8/12/19 14:00,84.677,48.4,1776.2,92.763
8/12/19 14:00,84.677,48.5,1778.7,92.763
8/12/19 14:00,84.722,48.6,1778.7,92.763
8/12/19 14:00,84.677,48.8,1771.2,92.763
8/12/19 14:00,84.677,48.9,1763.7,92.763
8/12/19 14:00,84.677,49,1763.7,92.763
8/12/19 14:00,84.677,49,1763.7,92.763
8/12/19 14:00,84.722,49.2,1751.2,92.763
8/12/19 14:00,84.677,49.3,1748.7,92.763
8/12/19 14:00,84.722,49.5,1756.2,92.763
8/12/19 14:00,84.722,49.6,1763.7,92.763
8/12/19 14:00,84.722,49.7,1768.7,92.763
8/12/19 14:00,84.722,49.6,1768.7,92.763
8/12/19 14:00,84.722,49.6,1768.7,92.763
8/12/19 14:00,84.722,49.5,1768.7,92.763
8/12/19 14:00,84.767,49.5,1776.2,92.763
8/12/19 14:00,84.767,49.5,1768.7,92.763
8/12/19 14:00,84.767,49.5,1773.7,92.763
8/12/19 14:00,84.767,49.6,1776.2,92.763
8/12/19 14:01,84.767,49.5,1778.7,92.809
8/12/19 14:01,84.812,49.5,1781.2,92.763
8/12/19 14:01,84.812,49.5,1783.7,92.763
8/12/19 14:01,84.812,49.6,1786.2,92.809
8/12/19 14:01,84.812,49.6,1788.7,92.809
8/12/19 14:01,84.812,49.6,1786.2,92.809
8/12/19 14:01,84.857,49.6,1788.7,92.763
8/12/19 14:01,84.857,49.7,1788.7,92.763
8/12/19 14:01,84.857,49.7,1791.2,92.809
8/12/19 14:01,84.857,49.7,1791.2,92.763
8/12/19 14:01,84.9,49.7,1793.7,92.809
8/12/19 14:01,84.9,49.8,1796.2,92.763
8/12/19 14:01,84.9,49.8,1798.7,92.809
8/12/19 14:01,84.945,49.8,1798.7,92.809
8/12/19 14:01,84.945,49.8,1798.7,92.763
8/12/19 14:01,84.945,49.7,1798.7,92.809
8/12/19 14:01,84.99,49.7,1798.7,92.809
8/12/19 14:01,84.99,49.4,1796.2,92.809
8/12/19 14:01,84.99,49.2,1793.7,92.763
8/12/19 14:01,84.99,49,1793.7,92.809
8/12/19 14:01,85.035,48.9,1796.2,92.809
8/12/19 14:01,85.035,48.6,1796.2,92.809
8/12/19 14:01,85.035,48.4,1801.2,92.809
8/12/19 14:01,85.035,48.3,1801.2,92.809
8/12/19 14:01,85.082,48.2,1801.2,92.809
8/12/19 14:01,85.082,48.2,1801.2,92.809
8/12/19 14:01,85.082,48.1,1803.7,92.809
8/12/19 14:01,85.082,48,1803.7,92.809
8/12/19 14:01,85.082,47.9,1803.7,92.809
8/12/19 14:01,85.082,47.8,1803.7,92.809
8/12/19 14:01,85.082,47.7,1801.2,92.809
8/12/19 14:01,85.082,47.7,1801.2,92.809
8/12/19 14:01,85.082,47.6,1801.2,92.809
8/12/19 14:01,85.082,47.6,1798.7,92.809
8/12/19 14:01,85.082,47.6,1798.7,92.809
8/12/19 14:01,85.082,47.6,1801.2,92.809
8/12/19 14:01,85.082,47.6,1801.2,92.809
8/12/19 14:01,85.082,47.6,1808.7,92.809
8/12/19 14:01,85.082,47.6,1808.7,92.809
8/12/19 14:01,85.082,47.6,1808.7,92.809
8/12/19 14:01,85.082,47.6,1806.2,92.809
8/12/19 14:01,85.082,47.7,1798.7,92.809
8/12/19 14:01,85.082,47.8,1798.7,92.809
8/12/19 14:01,85.082,47.9,1796.2,92.809
8/12/19 14:01,85.082,48,1796.2,92.809
8/12/19 14:01,85.082,48.1,1793.7,92.809
8/12/19 14:01,85.082,48.3,1788.7,92.809
8/12/19 14:01,85.082,48.3,1783.7,92.809
8/12/19 14:01,85.082,48.4,1786.2,92.809
8/12/19 14:01,85.082,48.4,1786.2,92.809
8/12/19 14:01,85.082,48.5,1788.7,92.809
8/12/19 14:01,85.082,48.5,1783.7,92.809
8/12/19 14:01,85.082,48.5,1783.7,92.809
8/12/19 14:01,85.082,48.5,1786.2,92.809
8/12/19 14:01,85.082,48.4,1786.2,92.809
8/12/19 14:01,85.082,48.4,1788.7,92.809
8/12/19 14:01,85.082,48.4,1791.2,92.809
8/12/19 14:01,85.082,48.4,1798.7,92.809
8/12/19 14:01,85.082,48.4,1801.2,92.809
8/12/19 14:01,85.082,48.4,1806.2,92.809
8/12/19 14:02,85.082,48.5,1806.2,92.809
8/12/19 14:02,85.082,48.5,1801.2,92.809
8/12/19 14:02,85.127,48.6,1808.7,92.809
8/12/19 14:02,85.127,48.7,1808.7,92.809
8/12/19 14:02,85.127,48.8,1808.7,92.809
8/12/19 14:02,85.127,48.9,1813.7,92.809
8/12/19 14:02,85.127,49,1818.7,92.809
8/12/19 14:02,85.127,49,1816.2,92.809
8/12/19 14:02,85.127,49,1813.7,92.809
8/12/19 14:02,85.127,49,1813.7,92.809
8/12/19 14:02,85.172,49,1813.7,92.809
8/12/19 14:02,85.172,49,1813.7,92.809
8/12/19 14:02,85.172,49,1818.7,92.809
8/12/19 14:02,85.172,49,1813.7,92.809
8/12/19 14:02,85.172,49,1816.2,92.809
8/12/19 14:02,85.172,49,1816.2,92.809
8/12/19 14:02,85.217,49,1818.7,92.809
8/12/19 14:02,85.217,49,1818.7,92.809
8/12/19 14:02,85.217,49,1818.7,92.856
8/12/19 14:02,85.217,49,1818.7,92.856
8/12/19 14:02,85.262,49,1821.2,92.856
8/12/19 14:02,85.262,49,1821.2,92.809
8/12/19 14:02,85.262,49,1823.7,92.856
8/12/19 14:02,85.262,49,1818.7,92.856
8/12/19 14:02,85.262,49.1,1821.2,92.856
8/12/19 14:02,85.262,49.1,1821.2,92.856
8/12/19 14:02,85.307,49.1,1826.2,92.856
8/12/19 14:02,85.307,49.2,1821.2,92.856
8/12/19 14:02,85.307,49.4,1826.2,92.856
8/12/19 14:02,85.307,49.4,1821.2,92.856
8/12/19 14:02,85.352,49.4,1818.7,92.856
8/12/19 14:02,85.352,49.5,1823.7,92.856
8/12/19 14:02,85.352,49.5,1818.7,92.856
8/12/19 14:02,85.352,49.5,1816.2,92.856
8/12/19 14:02,85.352,49.6,1818.7,92.856
8/12/19 14:02,85.397,49.6,1821.2,92.856
8/12/19 14:02,85.397,49.7,1821.2,92.856
8/12/19 14:02,85.397,49.6,1818.7,92.856
8/12/19 14:02,85.442,49.5,1821.2,92.856
8/12/19 14:02,85.442,49.3,1821.2,92.856
8/12/19 14:02,85.442,49,1818.7,92.856
8/12/19 14:02,85.442,48.9,1821.2,92.856
8/12/19 14:02,85.487,48.6,1823.7,92.856
8/12/19 14:02,85.487,48.4,1821.2,92.856
8/12/19 14:02,85.487,48.3,1821.2,92.856
8/12/19 14:02,85.487,48.2,1818.7,92.856
8/12/19 14:02,85.487,48.1,1818.7,92.856
8/12/19 14:02,85.487,48,1818.7,92.856
8/12/19 14:02,85.532,47.9,1818.7,92.856
8/12/19 14:02,85.487,47.9,1821.2,92.856
8/12/19 14:02,85.532,47.9,1818.7,92.856
8/12/19 14:02,85.532,47.9,1813.7,92.856
8/12/19 14:02,85.532,48,1811.2,92.856
8/12/19 14:02,85.532,48.1,1808.7,92.903
8/12/19 14:02,85.532,48.2,1806.2,92.856
8/12/19 14:02,85.532,48.3,1806.2,92.903
8/12/19 14:02,85.532,48.3,1801.2,92.856
8/12/19 14:02,85.487,48.3,1796.2,92.856
8/12/19 14:02,85.532,48.2,1791.2,92.903
8/12/19 14:02,85.487,48.1,1781.2,92.903
8/12/19 14:03,85.487,47.9,1771.2,92.903
8/12/19 14:03,85.487,47.8,1763.7,92.903
8/12/19 14:03,85.487,47.7,1763.7,92.903
8/12/19 14:03,85.487,47.6,1763.7,92.903
8/12/19 14:03,85.487,47.5,1761.2,92.903
8/12/19 14:03,85.487,47.4,1756.2,92.903
8/12/19 14:03,85.487,47.2,1756.2,92.903
8/12/19 14:03,85.487,47.2,1761.2,92.903
8/12/19 14:03,85.442,47.2,1763.7,92.903
8/12/19 14:03,85.442,47.2,1763.7,92.903
8/12/19 14:03,85.442,47.2,1756.2,92.903
8/12/19 14:03,85.442,47.3,1751.2,92.903
8/12/19 14:03,85.397,47.4,1751.2,92.903
8/12/19 14:03,85.397,47.5,1753.7,92.903
8/12/19 14:03,85.397,47.5,1748.7,92.903
8/12/19 14:03,85.352,47.6,1746.2,92.903
8/12/19 14:03,85.352,47.6,1748.7,92.903
8/12/19 14:03,85.352,47.6,1748.7,92.903
8/12/19 14:03,85.352,47.6,1741.2,92.903
8/12/19 14:03,85.352,47.6,1741.2,92.903
8/12/19 14:03,85.352,47.6,1751.2,92.903
8/12/19 14:03,85.307,47.7,1748.7,92.903
8/12/19 14:03,85.307,47.7,1746.2,92.903
8/12/19 14:03,85.307,47.8,1741.2,92.903
8/12/19 14:03,85.307,47.8,1733.7,92.903
8/12/19 14:03,85.307,47.8,1718.7,92.903
8/12/19 14:03,85.307,47.8,1713.7,92.903
8/12/19 14:03,85.262,47.8,1706.2,92.903
8/12/19 14:03,85.307,47.8,1698.7,92.903
8/12/19 14:03,85.262,47.8,1701.2,92.903
8/12/19 14:03,85.262,47.8,1703.7,92.903
8/12/19 14:03,85.262,47.8,1701.2,92.903
8/12/19 14:03,85.262,47.9,1703.7,92.903
8/12/19 14:03,85.262,47.9,1706.2,92.903
8/12/19 14:03,85.262,47.9,1696.2,92.903
8/12/19 14:03,85.262,47.9,1678.7,92.903
8/12/19 14:03,85.262,47.9,1658.7,92.903
8/12/19 14:03,85.262,47.9,1643.7,92.903
8/12/19 14:03,85.262,47.8,1631.2,92.903
8/12/19 14:03,85.262,47.8,1631.2,92.903
8/12/19 14:03,85.262,47.8,1638.7,92.903
8/12/19 14:03,85.262,47.8,1636.2,92.903
8/12/19 14:03,85.262,47.8,1638.7,92.903
8/12/19 14:03,85.217,47.8,1641.2,92.903
8/12/19 14:03,85.262,47.8,1628.7,92.903
8/12/19 14:03,85.217,47.9,1618.7,92.903
8/12/19 14:03,85.217,48,1618.7,92.903
8/12/19 14:03,85.217,48.1,1611.2,92.903
8/12/19 14:03,85.217,48.2,1613.7,92.903
8/12/19 14:03,85.217,48.1,1613.7,92.903
8/12/19 14:03,85.217,48.1,1621.2,92.903
8/12/19 14:03,85.217,48.1,1621.2,92.903
8/12/19 14:03,85.217,48.1,1616.2,92.903
8/12/19 14:03,85.217,48.1,1613.7,92.903
8/12/19 14:03,85.217,48.1,1618.7,92.903
8/12/19 14:03,85.217,48,1616.2,92.903
8/12/19 14:03,85.217,48,1608.7,92.95
8/12/19 14:03,85.217,47.9,1606.2,92.903
8/12/19 14:03,85.217,47.9,1608.7,92.903
8/12/19 14:03,85.217,47.9,1608.7,92.95
8/12/19 14:04,85.217,47.9,1608.7,92.903
8/12/19 14:04,85.217,47.9,1603.7,92.903
8/12/19 14:04,85.217,48,1603.7,92.95
8/12/19 14:04,85.217,48.2,1598.7,92.95
8/12/19 14:04,85.217,48.2,1583.7,92.903
8/12/19 14:04,85.217,48.3,1573.7,92.95
8/12/19 14:04,85.217,48.4,1576.2,92.95
8/12/19 14:04,85.217,48.5,1578.7,92.903
8/12/19 14:04,85.217,48.5,1571.2,92.95
8/12/19 14:04,85.217,48.5,1563.7,92.903
8/12/19 14:04,85.217,48.4,1563.7,92.95
8/12/19 14:04,85.217,48.4,1561.2,92.95
8/12/19 14:04,85.217,48.4,1561.2,92.95
8/12/19 14:04,85.217,48.4,1548.7,92.95
8/12/19 14:04,85.217,48.5,1551.2,92.95
8/12/19 14:04,85.217,48.5,1563.7,92.95
8/12/19 14:04,85.217,48.5,1568.7,92.95
8/12/19 14:04,85.217,48.6,1556.2,92.95
8/12/19 14:04,85.217,48.6,1546.2,92.95
8/12/19 14:04,85.217,48.6,1543.7,92.95
8/12/19 14:04,85.217,48.7,1536.2,92.95
8/12/19 14:04,85.217,48.8,1533.7,92.95
8/12/19 14:04,85.217,48.8,1531.2,92.95
8/12/19 14:04,85.217,48.9,1528.7,92.95
8/12/19 14:04,85.217,49,1528.7,92.95
8/12/19 14:04,85.217,49,1513.7,92.95
8/12/19 14:04,85.262,49.1,1511.2,92.95
8/12/19 14:04,85.262,49.2,1528.7,92.95
8/12/19 14:04,85.262,49.3,1531.2,92.95
8/12/19 14:04,85.262,49.4,1531.2,92.95
8/12/19 14:04,85.262,49.4,1541.2,92.95
8/12/19 14:04,85.262,49.3,1558.7,92.95
8/12/19 14:04,85.262,49.1,1563.7,92.95
8/12/19 14:04,85.307,49,1558.7,92.95
8/12/19 14:04,85.307,49,1551.2,92.95
8/12/19 14:04,85.307,48.9,1551.2,92.95
8/12/19 14:04,85.307,48.8,1556.2,92.95
8/12/19 14:04,85.307,48.8,1568.7,92.95
8/12/19 14:04,85.307,48.7,1573.7,92.95
8/12/19 14:04,85.307,48.7,1563.7,92.95
8/12/19 14:04,85.307,48.7,1553.7,92.95
8/12/19 14:04,85.307,48.6,1561.2,92.95
8/12/19 14:04,85.307,48.6,1588.7,92.95
8/12/19 14:04,85.307,48.6,1603.7,92.95
8/12/19 14:04,85.307,48.5,1588.7,92.95
8/12/19 14:04,85.307,48.5,1571.2,92.95
8/12/19 14:04,85.307,48.5,1566.2,92.95
8/12/19 14:04,85.352,48.5,1563.7,92.95
8/12/19 14:04,85.352,48.6,1566.2,92.95
8/12/19 14:04,85.307,48.6,1561.2,92.95
8/12/19 14:04,85.352,48.7,1558.7,92.95
8/12/19 14:04,85.352,48.8,1568.7,92.95
8/12/19 14:04,85.307,48.9,1591.2,92.95
8/12/19 14:04,85.352,49,1606.2,92.95
8/12/19 14:04,85.352,49,1608.7,92.95
8/12/19 14:04,85.352,49.1,1606.2,92.95
8/12/19 14:04,85.352,49.2,1623.7,92.95
8/12/19 14:04,85.352,49.4,1653.7,92.95
8/12/19 14:04,85.352,49.4,1661.2,92.95
8/12/19 14:04,85.352,49.5,1653.7,92.95
8/12/19 14:05,85.352,49.5,1628.7,92.95
8/12/19 14:05,85.352,49.5,1603.7,92.95
8/12/19 14:05,85.352,49.4,1583.7,92.95
8/12/19 14:05,85.352,49.4,1563.7,92.95
8/12/19 14:05,85.397,49.4,1543.7,92.95
8/12/19 14:05,85.397,49.4,1543.7,92.95
8/12/19 14:05,85.397,49.5,1551.2,92.95
8/12/19 14:05,85.397,49.5,1553.7,92.95
8/12/19 14:05,85.397,49.5,1571.2,92.95
8/12/19 14:05,85.397,49.4,1596.2,92.95
8/12/19 14:05,85.397,49.2,1603.7,92.95
8/12/19 14:05,85.397,49.2,1611.2,92.95
8/12/19 14:05,85.397,49.1,1618.7,92.95
8/12/19 14:05,85.397,49.1,1621.2,92.95
8/12/19 14:05,85.397,49.3,1616.2,92.95
8/12/19 14:05,85.397,49.1,1591.2,92.95
8/12/19 14:05,85.397,49,1578.7,92.95
8/12/19 14:05,85.397,49,1583.7,92.95
8/12/19 14:05,85.397,48.9,1556.2,92.95
8/12/19 14:05,85.397,48.8,1576.2,92.95
8/12/19 14:05,85.397,48.8,1608.7,92.95
8/12/19 14:05,85.397,48.7,1621.2,92.95
8/12/19 14:05,85.397,48.6,1631.2,92.95
8/12/19 14:05,85.397,48.5,1633.7,92.95
8/12/19 14:05,85.397,48.4,1641.2,92.95
8/12/19 14:05,85.397,48.3,1646.2,92.95
8/12/19 14:05,85.397,48.3,1638.7,92.95
8/12/19 14:05,85.352,48.3,1638.7,92.95
8/12/19 14:05,85.352,48.2,1636.2,92.95
8/12/19 14:05,85.352,48.2,1643.7,92.95
8/12/19 14:05,85.352,48.3,1636.2,92.95
8/12/19 14:05,85.352,48.3,1626.2,92.95
8/12/19 14:05,85.352,48.3,1621.2,92.95
8/12/19 14:05,85.307,48.3,1618.7,92.95
8/12/19 14:05,85.307,48.3,1626.2,92.95
8/12/19 14:05,85.307,48.3,1628.7,92.95
8/12/19 14:05,85.307,48.3,1618.7,92.95
8/12/19 14:05,85.307,48.2,1618.7,92.95
8/12/19 14:05,85.307,48.2,1628.7,92.95
8/12/19 14:05,85.307,48.2,1618.7,92.95
8/12/19 14:05,85.262,48.1,1621.2,92.95
8/12/19 14:05,85.262,48.1,1631.2,92.95
8/12/19 14:05,85.262,48.1,1636.2,92.95
8/12/19 14:05,85.262,48,1638.7,92.95
8/12/19 14:05,85.262,48.1,1646.2,92.95
8/12/19 14:05,85.262,48.1,1653.7,92.95
8/12/19 14:05,85.262,48.2,1646.2,92.95
8/12/19 14:05,85.262,48.3,1636.2,92.95
8/12/19 14:05,85.262,48.3,1636.2,92.95
8/12/19 14:05,85.217,48.4,1656.2,92.95
8/12/19 14:05,85.217,48.4,1671.2,92.95
8/12/19 14:05,85.217,48.5,1668.7,92.95
8/12/19 14:05,85.217,48.5,1673.7,92.95
8/12/19 14:05,85.217,48.6,1676.2,92.95
8/12/19 14:05,85.217,48.6,1666.2,92.95
8/12/19 14:05,85.217,48.7,1661.2,92.95
8/12/19 14:05,85.217,48.7,1656.2,92.95
8/12/19 14:05,85.217,48.7,1643.7,92.95
8/12/19 14:05,85.217,48.8,1653.7,92.95
8/12/19 14:05,85.217,48.8,1666.2,92.95
8/12/19 14:06,85.217,48.8,1663.7,92.95
8/12/19 14:06,85.217,48.9,1658.7,92.95
8/12/19 14:06,85.217,48.9,1661.2,92.95
8/12/19 14:06,85.262,49,1661.2,92.95
8/12/19 14:06,85.217,49,1656.2,92.95
8/12/19 14:06,85.262,49,1648.7,92.95
8/12/19 14:06,85.262,49,1643.7,92.95
8/12/19 14:06,85.262,49,1648.7,92.95
8/12/19 14:06,85.262,49,1661.2,92.95
8/12/19 14:06,85.262,49,1676.2,92.95
8/12/19 14:06,85.262,48.9,1676.2,92.95
8/12/19 14:06,85.262,48.9,1683.7,92.95
8/12/19 14:06,85.262,48.8,1696.2,92.95
8/12/19 14:06,85.262,48.7,1703.7,92.95
8/12/19 14:06,85.262,48.6,1716.2,92.95
8/12/19 14:06,85.262,48.5,1731.2,92.95
8/12/19 14:06,85.262,48.4,1743.7,92.95
8/12/19 14:06,85.262,48.4,1741.2,92.95
8/12/19 14:06,85.262,48.4,1731.2,92.95
8/12/19 14:06,85.262,48.5,1731.2,92.95
8/12/19 14:06,85.262,48.5,1738.7,92.95
8/12/19 14:06,85.262,48.5,1731.2,92.95
8/12/19 14:06,85.262,48.5,1726.2,92.95
8/12/19 14:06,85.262,48.5,1723.7,92.95
8/12/19 14:06,85.262,48.5,1721.2,92.95
8/12/19 14:06,85.262,48.5,1718.7,92.95
8/12/19 14:06,85.217,48.5,1708.7,92.95
8/12/19 14:06,85.262,48.6,1678.7,92.95
8/12/19 14:06,85.217,48.7,1643.7,92.95
8/12/19 14:06,85.217,48.7,1636.2,92.95
8/12/19 14:06,85.217,48.6,1663.7,92.95
8/12/19 14:06,85.217,48.4,1683.7,92.95
8/12/19 14:06,85.217,48.3,1683.7,92.95
8/12/19 14:06,85.217,48.1,1673.7,92.95
8/12/19 14:06,85.217,47.9,1658.7,92.95
8/12/19 14:06,85.217,47.7,1626.2,92.95
8/12/19 14:06,85.217,47.6,1606.2,92.95
8/12/19 14:06,85.172,47.6,1608.7,92.997
8/12/19 14:06,85.172,47.6,1603.7,92.95
8/12/19 14:06,85.172,47.6,1578.7,92.95
8/12/19 14:06,85.172,47.6,1568.7,92.95
8/12/19 14:06,85.127,47.6,1603.7,92.95
8/12/19 14:06,85.127,47.6,1648.7,92.95
8/12/19 14:06,85.127,47.6,1671.2,92.997
8/12/19 14:06,85.127,47.7,1676.2,92.997
8/12/19 14:06,85.082,47.8,1666.2,92.95
8/12/19 14:06,85.082,47.9,1661.2,92.95
8/12/19 14:06,85.082,48,1666.2,92.95
8/12/19 14:06,85.082,48.1,1671.2,92.95
8/12/19 14:06,85.035,48.1,1671.2,92.95
8/12/19 14:06,85.035,48.1,1673.7,92.997
8/12/19 14:06,85.035,48,1678.7,92.95
8/12/19 14:06,85.035,48,1691.2,92.95
8/12/19 14:06,84.99,48,1698.7,92.997
8/12/19 14:06,84.99,48,1696.2,92.997
8/12/19 14:06,84.99,48,1693.7,92.997
8/12/19 14:06,84.99,48,1688.7,92.997
8/12/19 14:06,84.945,47.9,1688.7,92.95
8/12/19 14:06,84.945,48,1691.2,92.997
8/12/19 14:06,84.945,48.1,1698.7,92.997
8/12/19 14:07,84.945,48.2,1698.7,92.997
8/12/19 14:07,84.945,48.3,1693.7,92.95
8/12/19 14:07,84.945,48.4,1676.2,92.997
8/12/19 14:07,84.9,48.5,1666.2,92.997
8/12/19 14:07,84.9,48.5,1668.7,92.95
8/12/19 14:07,84.9,48.6,1661.2,92.997
8/12/19 14:07,84.9,48.6,1658.7,92.997
8/12/19 14:07,84.9,48.7,1663.7,92.997
8/12/19 14:07,84.9,48.8,1666.2,92.997
8/12/19 14:07,84.9,48.8,1663.7,92.997
8/12/19 14:07,84.9,48.9,1651.2,92.997
8/12/19 14:07,84.9,48.9,1641.2,92.997
8/12/19 14:07,84.9,48.9,1648.7,92.997
8/12/19 14:07,84.9,49,1658.7,92.997
8/12/19 14:07,84.9,49,1653.7,92.997
8/12/19 14:07,84.9,49,1656.2,92.997
8/12/19 14:07,84.9,49.1,1673.7,92.997
8/12/19 14:07,84.945,49.2,1686.2,92.997
8/12/19 14:07,84.945,49.4,1691.2,92.997
8/12/19 14:07,84.945,49.5,1708.7,92.997
8/12/19 14:07,84.945,49.6,1726.2,92.997
8/12/19 14:07,84.945,49.7,1736.2,92.997
8/12/19 14:07,84.945,49.8,1726.2,92.997
8/12/19 14:07,84.945,49.8,1713.7,92.997
8/12/19 14:07,84.99,49.9,1716.2,92.997
8/12/19 14:07,84.99,49.9,1718.7,92.997
8/12/19 14:07,84.99,49.9,1708.7,92.997
8/12/19 14:07,85.035,49.9,1568.7,92.997
8/12/19 14:07,85.035,49.8,1273.7,92.997
8/12/19 14:07,85.035,49.8,1056.2,92.997
8/12/19 14:07,85.035,49.7,1113.7,92.997
8/12/19 14:07,85.082,49.6,1381.2,92.997
8/12/19 14:07,85.082,49.6,1613.7,92.997
8/12/19 14:07,85.082,49.6,1703.7,92.997
8/12/19 14:07,85.082,49.7,1733.7,92.997
8/12/19 14:07,85.082,49.6,1731.2,92.997
8/12/19 14:07,85.127,49.6,1746.2,92.997
8/12/19 14:07,85.127,49.6,1753.7,92.997
8/12/19 14:07,85.127,49.5,1743.7,92.997
8/12/19 14:07,85.127,49.5,1741.2,92.997
8/12/19 14:07,85.127,49.5,1748.7,92.997
8/12/19 14:07,85.127,49.5,1758.7,92.997
8/12/19 14:07,85.127,49.3,1766.2,92.997
8/12/19 14:07,85.172,49.2,1773.7,92.997
8/12/19 14:07,85.127,49,1778.7,92.997
8/12/19 14:07,85.172,48.9,1781.2,92.997
8/12/19 14:07,85.172,48.8,1786.2,92.997
8/12/19 14:07,85.172,48.8,1796.2,92.997
8/12/19 14:07,85.172,48.7,1803.7,92.997
8/12/19 14:07,85.172,48.6,1811.2,92.997
8/12/19 14:07,85.172,48.6,1813.7,92.997
8/12/19 14:07,85.172,48.6,1808.7,92.997
8/12/19 14:07,85.127,48.6,1806.2,92.997
8/12/19 14:07,85.172,48.6,1806.2,92.997
8/12/19 14:07,85.127,48.6,1808.7,92.997
8/12/19 14:07,85.127,48.6,1818.7,92.997
8/12/19 14:07,85.127,48.6,1826.2,92.997
8/12/19 14:07,85.127,48.8,1828.7,92.997
8/12/19 14:07,85.127,48.9,1833.7,92.997
8/12/19 14:07,85.127,49,1831.2,92.997
8/12/19 14:08,85.127,49.1,1828.7,92.997
8/12/19 14:08,85.127,49.3,1816.2,92.997
8/12/19 14:08,85.127,49.5,1813.7,92.997
8/12/19 14:08,85.127,49.6,1816.2,92.997
8/12/19 14:08,85.127,49.6,1816.2,92.997
8/12/19 14:08,85.127,49.6,1806.2,92.997
8/12/19 14:08,85.127,49.6,1798.7,92.997
8/12/19 14:08,85.127,49.6,1798.7,92.997
8/12/19 14:08,85.127,49.7,1793.7,92.997
8/12/19 14:08,85.127,49.7,1781.2,92.997
8/12/19 14:08,85.127,49.8,1773.7,92.997
8/12/19 14:08,85.127,49.8,1766.2,92.997
8/12/19 14:08,85.127,49.9,1761.2,92.997
8/12/19 14:08,85.172,50,1758.7,92.997
8/12/19 14:08,85.172,50.1,1756.2,92.997
8/12/19 14:08,85.172,50.1,1756.2,92.997
8/12/19 14:08,85.172,50.2,1758.7,92.997
8/12/19 14:08,85.217,50.2,1756.2,92.997
8/12/19 14:08,85.217,50.2,1758.7,92.997
8/12/19 14:08,85.217,50.1,1753.7,92.997
8/12/19 14:08,85.217,49.9,1751.2,92.997
8/12/19 14:08,85.262,49.7,1753.7,92.997
8/12/19 14:08,85.262,49.5,1753.7,92.997
8/12/19 14:08,85.262,49.4,1761.2,92.997
8/12/19 14:08,85.262,49.3,1766.2,92.997
8/12/19 14:08,85.307,49.2,1766.2,92.997
8/12/19 14:08,85.307,49.2,1781.2,92.997
8/12/19 14:08,85.307,49.3,1793.7,92.997
8/12/19 14:08,85.307,49.3,1793.7,92.997
8/12/19 14:08,85.307,49.3,1793.7,92.997
8/12/19 14:08,85.352,49.2,1791.2,92.997
8/12/19 14:08,85.352,49.2,1796.2,92.997
8/12/19 14:08,85.352,49.1,1803.7,92.997
8/12/19 14:08,85.352,49,1808.7,92.997
8/12/19 14:08,85.352,49,1808.7,92.997
8/12/19 14:08,85.352,49,1811.2,92.997
8/12/19 14:08,85.352,49,1811.2,92.997
8/12/19 14:08,85.352,49,1811.2,92.997
8/12/19 14:08,85.352,49,1813.7,92.997
8/12/19 14:08,85.397,49,1821.2,92.997
8/12/19 14:08,85.397,49,1831.2,92.997
8/12/19 14:08,85.397,49,1836.2,92.997
8/12/19 14:08,85.397,48.9,1838.7,92.997
8/12/19 14:08,85.397,49,1841.2,92.997
8/12/19 14:08,85.397,49,1846.2,92.997
8/12/19 14:08,85.397,49,1848.7,92.997
8/12/19 14:08,85.397,49,1853.7,92.997
8/12/19 14:08,85.397,49.2,1858.7,92.997
8/12/19 14:08,85.397,49.2,1858.7,92.997
8/12/19 14:08,85.397,49.2,1853.7,92.997
8/12/19 14:08,85.397,49.2,1838.7,92.997
8/12/19 14:08,85.397,49.2,1823.7,92.997
8/12/19 14:08,85.442,49.2,1811.2,92.997
8/12/19 14:08,85.442,49.2,1801.2,92.997
8/12/19 14:08,85.442,49.2,1796.2,92.997
8/12/19 14:08,85.442,49,1791.2,92.997
8/12/19 14:08,85.442,49,1783.7,92.997
8/12/19 14:08,85.442,48.9,1773.7,92.997
8/12/19 14:08,85.442,48.9,1761.2,92.997
8/12/19 14:08,85.442,48.8,1758.7,92.997
8/12/19 14:09,85.442,48.6,1751.2,92.997
8/12/19 14:09,85.487,48.4,1738.7,92.997
8/12/19 14:09,85.487,48.4,1721.2,92.997
8/12/19 14:09,85.487,48.3,1701.2,92.997
8/12/19 14:09,85.487,48.4,1683.7,92.997
8/12/19 14:09,85.487,48.3,1666.2,92.997
8/12/19 14:09,85.487,48.3,1656.2,92.997
8/12/19 14:09,85.487,48.3,1656.2,92.997
8/12/19 14:09,85.487,48.3,1663.7,92.997
8/12/19 14:09,85.487,48.3,1666.2,92.997
8/12/19 14:09,85.487,48.3,1666.2,92.997
8/12/19 14:09,85.487,48.3,1666.2,92.997
8/12/19 14:09,85.487,48.2,1676.2,92.997
8/12/19 14:09,85.487,48.1,1693.7,92.997
8/12/19 14:09,85.487,48.1,1711.2,92.997
8/12/19 14:09,85.487,48.1,1728.7,92.997
8/12/19 14:09,85.487,48.1,1733.7,92.997
8/12/19 14:09,85.487,48.1,1731.2,92.997
8/12/19 14:09,85.487,48.1,1733.7,92.997
8/12/19 14:09,85.487,48.2,1728.7,92.997
8/12/19 14:09,85.487,48.2,1723.7,92.997
8/12/19 14:09,85.487,48.1,1718.7,92.997
8/12/19 14:09,85.487,48.1,1718.7,92.997
8/12/19 14:09,85.487,48,1721.2,92.997
8/12/19 14:09,85.487,48,1731.2,92.997
8/12/19 14:09,85.487,48,1736.2,92.997
8/12/19 14:09,85.487,47.9,1748.7,92.997
8/12/19 14:09,85.487,48,1751.2,92.997
8/12/19 14:09,85.487,48,1743.7,93.045
8/12/19 14:09,85.487,47.9,1733.7,92.997
8/12/19 14:09,85.487,47.9,1728.7,93.045
8/12/19 14:09,85.487,47.8,1726.2,93.045
8/12/19 14:09,85.487,47.8,1726.2,93.045
8/12/19 14:09,85.487,47.8,1733.7,92.997
8/12/19 14:09,85.487,47.9,1736.2,92.997
8/12/19 14:09,85.487,47.9,1741.2,93.045
8/12/19 14:09,85.487,48,1751.2,93.045
8/12/19 14:09,85.487,48.1,1751.2,93.045
8/12/19 14:09,85.487,48.1,1751.2,93.045
8/12/19 14:09,85.487,48.2,1743.7,93.045
8/12/19 14:09,85.487,48.2,1743.7,93.045
8/12/19 14:09,85.487,48.1,1753.7,93.045
8/12/19 14:09,85.487,48.1,1758.7,93.045
8/12/19 14:09,85.487,48,1766.2,93.045
8/12/19 14:09,85.487,48,1756.2,93.045
8/12/19 14:09,85.487,48.1,1756.2,93.045
8/12/19 14:09,85.487,48.1,1756.2,93.045
8/12/19 14:09,85.487,48.1,1756.2,93.045
8/12/19 14:09,85.487,48.2,1766.2,93.045
8/12/19 14:09,85.487,48.1,1781.2,93.045
8/12/19 14:09,85.532,48.1,1783.7,93.045
8/12/19 14:09,85.487,48.1,1788.7,93.045
8/12/19 14:09,85.532,48,1791.2,93.045
8/12/19 14:09,85.532,48.1,1793.7,93.045
8/12/19 14:09,85.532,48.2,1798.7,93.045
8/12/19 14:09,85.532,48.2,1803.7,93.045
8/12/19 14:09,85.532,48.2,1801.2,93.045
8/12/19 14:09,85.532,48.3,1798.7,93.045
8/12/19 14:09,85.532,48.3,1796.2,93.045
8/12/19 14:09,85.532,48.4,1798.7,93.045
8/12/19 14:10,85.532,48.4,1806.2,93.045
8/12/19 14:10,85.532,48.4,1801.2,93.045
8/12/19 14:10,85.532,48.5,1793.7,93.045
8/12/19 14:10,85.577,48.5,1786.2,93.045
8/12/19 14:10,85.577,48.4,1778.7,93.045
8/12/19 14:10,85.577,48.3,1768.7,93.045
8/12/19 14:10,85.577,48.3,1763.7,93.045
8/12/19 14:10,85.577,48.3,1768.7,93.045
8/12/19 14:10,85.577,48.3,1773.7,93.045
8/12/19 14:10,85.577,48.2,1781.2,93.045
8/12/19 14:10,85.577,48.2,1778.7,93.045
8/12/19 14:10,85.577,48.1,1778.7,93.045
8/12/19 14:10,85.622,48.1,1776.2,93.045
8/12/19 14:10,85.577,48.1,1763.7,93.045
8/12/19 14:10,85.622,48,1753.7,93.045
8/12/19 14:10,85.622,47.9,1753.7,93.045
8/12/19 14:10,85.622,47.9,1743.7,93.045
8/12/19 14:10,85.622,47.9,1718.7,93.045
8/12/19 14:10,85.622,47.9,1708.7,93.045
8/12/19 14:10,85.622,48,1701.2,93.045
8/12/19 14:10,85.622,47.9,1686.2,93.045
8/12/19 14:10,85.622,47.9,1678.7,93.045
8/12/19 14:10,85.622,47.9,1663.7,93.045
8/12/19 14:10,85.622,47.9,1636.2,93.045
8/12/19 14:10,85.622,47.9,1621.2,93.045
8/12/19 14:10,85.622,48,1608.7,93.045
8/12/19 14:10,85.622,48.1,1611.2,93.045
8/12/19 14:10,85.622,48.1,1623.7,93.045
8/12/19 14:10,85.622,48,1626.2,93.045
8/12/19 14:10,85.622,47.9,1631.2,93.045
8/12/19 14:10,85.622,47.8,1638.7,93.045
8/12/19 14:10,85.622,47.7,1641.2,93.045
8/12/19 14:10,85.577,47.6,1641.2,93.045
8/12/19 14:10,85.577,47.6,1641.2,93.045
8/12/19 14:10,85.577,47.6,1628.7,93.045
8/12/19 14:10,85.577,47.6,1613.7,93.045
8/12/19 14:10,85.577,47.6,1618.7,93.045
8/12/19 14:10,85.577,47.6,1633.7,93.045
8/12/19 14:10,85.577,47.6,1641.2,93.045
8/12/19 14:10,85.577,47.6,1648.7,93.045
8/12/19 14:10,85.577,47.6,1656.2,93.045
8/12/19 14:10,85.577,47.7,1666.2,93.045
8/12/19 14:10,85.577,47.8,1673.7,93.045
8/12/19 14:10,85.577,47.8,1688.7,93.045
8/12/19 14:10,85.577,48,1701.2,93.045
8/12/19 14:10,85.532,48.1,1706.2,93.045
8/12/19 14:10,85.532,48.1,1703.7,93.045
8/12/19 14:10,85.577,48.1,1703.7,93.045
8/12/19 14:10,85.532,48.1,1701.2,93.045
8/12/19 14:10,85.532,48.1,1693.7,93.045
8/12/19 14:10,85.532,48.1,1688.7,93.045
8/12/19 14:10,85.532,48.1,1683.7,93.045
8/12/19 14:10,85.532,48.2,1686.2,93.045
8/12/19 14:10,85.532,48.2,1688.7,93.045
8/12/19 14:10,85.532,48.2,1678.7,93.045
8/12/19 14:10,85.532,48.2,1666.2,93.045
8/12/19 14:10,85.532,48.2,1668.7,93.045
8/12/19 14:10,85.532,48.1,1673.7,93.045
8/12/19 14:10,85.532,48.2,1676.2,93.045
8/12/19 14:10,85.532,48.4,1681.2,93.045
8/12/19 14:11,85.532,48.5,1676.2,93.045
8/12/19 14:11,85.487,48.6,1678.7,93.045
8/12/19 14:11,85.487,48.6,1703.7,93.045
8/12/19 14:11,85.487,48.6,1736.2,93.045
8/12/19 14:11,85.487,48.8,1741.2,93.045
8/12/19 14:11,85.487,48.7,1758.7,93.045
8/12/19 14:11,85.487,48.7,1776.2,93.045
8/12/19 14:11,85.487,48.7,1776.2,93.045
8/12/19 14:11,85.532,48.7,1766.2,93.045
8/12/19 14:11,85.487,48.7,1758.7,93.045
8/12/19 14:11,85.532,48.6,1758.7,93.045
8/12/19 14:11,85.532,48.6,1773.7,93.045
8/12/19 14:11,85.532,48.7,1781.2,93.045
8/12/19 14:11,85.532,48.7,1783.7,93.045
8/12/19 14:11,85.532,48.6,1786.2,93.045
8/12/19 14:11,85.532,48.6,1788.7,93.045
8/12/19 14:11,85.532,48.5,1793.7,93.045
8/12/19 14:11,85.532,48.4,1793.7,93.045
8/12/19 14:11,85.532,48.4,1786.2,93.045
8/12/19 14:11,85.532,48.3,1763.7,93.045
8/12/19 14:11,85.532,48.2,1731.2,93.045
8/12/19 14:11,85.532,48.1,1711.2,93.045
8/12/19 14:11,85.532,48.1,1711.2,93.045
8/12/19 14:11,85.532,48.1,1713.7,93.045
8/12/19 14:11,85.532,48.2,1716.2,93.045
8/12/19 14:11,85.532,48.2,1718.7,93.045
8/12/19 14:11,85.532,48.3,1726.2,93.045
8/12/19 14:11,85.532,48.3,1741.2,93.045
8/12/19 14:11,85.532,48.4,1761.2,93.045
8/12/19 14:11,85.532,48.5,1781.2,93.045
8/12/19 14:11,85.532,48.5,1788.7,93.045
8/12/19 14:11,85.577,48.5,1793.7,93.045
8/12/19 14:11,85.577,48.4,1791.2,93.045
8/12/19 14:11,85.577,48.4,1788.7,93.045
8/12/19 14:11,85.577,48.4,1781.2,93.045
8/12/19 14:11,85.577,48.3,1783.7,93.045
8/12/19 14:11,85.577,48.2,1776.2,93.045
8/12/19 14:11,85.577,48.2,1763.7,93.045
8/12/19 14:11,85.577,48,1761.2,93.045
8/12/19 14:11,85.577,47.9,1743.7,93.045
8/12/19 14:11,85.577,48,1723.7,93.045
8/12/19 14:11,85.577,48.1,1711.2,93.045
8/12/19 14:11,85.577,48,1703.7,93.045
8/12/19 14:11,85.577,47.9,1693.7,93.045
8/12/19 14:11,85.577,47.8,1686.2,93.045
8/12/19 14:11,85.577,47.7,1686.2,93.045
8/12/19 14:11,85.577,47.6,1673.7,93.045
8/12/19 14:11,85.577,47.6,1658.7,93.045
8/12/19 14:11,85.577,47.6,1661.2,93.045
8/12/19 14:11,85.577,47.5,1666.2,93.045
8/12/19 14:11,85.577,47.5,1668.7,93.045
8/12/19 14:11,85.577,47.4,1663.7,93.045
8/12/19 14:11,85.532,47.3,1661.2,93.045
8/12/19 14:11,85.532,47.3,1653.7,93.045
8/12/19 14:11,85.532,47.4,1663.7,93.045
8/12/19 14:11,85.532,47.4,1671.2,93.045
8/12/19 14:11,85.532,47.4,1658.7,93.045
8/12/19 14:11,85.532,47.5,1646.2,93.045
8/12/19 14:11,85.532,47.5,1643.7,93.045
8/12/19 14:11,85.532,47.5,1651.2,93.045
8/12/19 14:12,85.532,47.5,1656.2,93.045
8/12/19 14:12,85.487,47.4,1651.2,93.045
8/12/19 14:12,85.487,47.3,1643.7,93.045
8/12/19 14:12,85.487,47.2,1633.7,93.045
8/12/19 14:12,85.487,47.1,1636.2,93.045
8/12/19 14:12,85.487,46.9,1628.7,93.045
8/12/19 14:12,85.487,46.9,1638.7,93.045
8/12/19 14:12,85.487,46.8,1663.7,93.045
8/12/19 14:12,85.487,46.7,1683.7,93.045
8/12/19 14:12,85.442,46.7,1703.7,93.045
8/12/19 14:12,85.442,46.7,1726.2,93.045
8/12/19 14:12,85.442,46.7,1738.7,93.045
8/12/19 14:12,85.442,46.7,1736.2,93.045
8/12/19 14:12,85.397,46.7,1736.2,93.045
8/12/19 14:12,85.397,46.8,1733.7,93.045
8/12/19 14:12,85.397,46.9,1736.2,93.045
8/12/19 14:12,85.397,46.9,1738.7,93.045
8/12/19 14:12,85.352,47,1738.7,93.045
8/12/19 14:12,85.352,47.1,1748.7,93.045
8/12/19 14:12,85.352,47.2,1761.2,93.045
8/12/19 14:12,85.307,47.3,1768.7,93.045
8/12/19 14:12,85.307,47.5,1771.2,93.045
8/12/19 14:12,85.307,47.6,1778.7,93.045
8/12/19 14:12,85.307,47.6,1781.2,93.045
8/12/19 14:12,85.307,47.7,1783.7,93.045
8/12/19 14:12,85.307,47.8,1781.2,93.045
8/12/19 14:12,85.262,48,1781.2,93.045
8/12/19 14:12,85.262,48.1,1781.2,93.045
8/12/19 14:12,85.262,48.1,1791.2,93.045
8/12/19 14:12,85.262,48.2,1801.2,93.045
8/12/19 14:12,85.262,48.2,1801.2,93.045
8/12/19 14:12,85.262,48.1,1803.7,93.045
8/12/19 14:12,85.262,48,1803.7,93.045
8/12/19 14:12,85.262,47.9,1803.7,93.045
8/12/19 14:12,85.262,47.7,1806.2,93.045
8/12/19 14:12,85.262,47.6,1808.7,93.045
8/12/19 14:12,85.262,47.6,1808.7,93.045
8/12/19 14:12,85.262,47.5,1808.7,93.045
8/12/19 14:12,85.262,47.6,1811.2,93.045
8/12/19 14:12,85.262,47.6,1813.7,93.045
8/12/19 14:12,85.262,47.6,1813.7,93.045
8/12/19 14:12,85.262,47.6,1811.2,93.045
8/12/19 14:12,85.217,47.8,1811.2,93.045
8/12/19 14:12,85.217,47.9,1803.7,93.045
8/12/19 14:12,85.217,48.1,1796.2,93.045
8/12/19 14:12,85.217,48.2,1791.2,93.045
8/12/19 14:12,85.217,48.2,1791.2,93.045
8/12/19 14:12,85.217,48.1,1786.2,93.045
8/12/19 14:12,85.217,47.9,1763.7,93.045
8/12/19 14:12,85.217,47.9,1746.2,93.045
8/12/19 14:12,85.217,47.8,1711.2,93.045
8/12/19 14:12,85.217,47.9,1688.7,93.045
8/12/19 14:12,85.217,48,1656.2,93.045
8/12/19 14:12,85.217,48.1,1621.2,93.045
8/12/19 14:12,85.217,48.2,1603.7,93.045
8/12/19 14:12,85.217,48.2,1573.7,93.045
8/12/19 14:12,85.217,48.3,1538.7,93.045
8/12/19 14:12,85.217,48.3,1528.7,93.045
8/12/19 14:12,85.217,48.4,1523.7,93.045
8/12/19 14:12,85.217,48.4,1508.7,93.045
8/12/19 14:13,85.217,48.3,1503.7,93.045
8/12/19 14:13,85.217,48.3,1498.7,93.045
8/12/19 14:13,85.217,48.2,1486.2,93.045
8/12/19 14:13,85.217,48.1,1473.7,93.045
8/12/19 14:13,85.217,47.9,1501.2,93.045
8/12/19 14:13,85.217,47.7,1541.2,93.045
8/12/19 14:13,85.217,47.6,1568.7,93.045
8/12/19 14:13,85.217,47.5,1598.7,93.045
8/12/19 14:13,85.217,47.3,1631.2,93.045
8/12/19 14:13,85.217,47.3,1648.7,93.045
8/12/19 14:13,85.217,47.3,1641.2,93.045
8/12/19 14:13,85.217,47.3,1623.7,93.045
8/12/19 14:13,85.217,47.3,1618.7,93.045
8/12/19 14:13,85.217,47.3,1638.7,93.045
8/12/19 14:13,85.172,47.2,1661.2,93.045
8/12/19 14:13,85.172,47.2,1661.2,93.045
8/12/19 14:13,85.172,47.2,1631.2,93.092
8/12/19 14:13,85.172,47.1,1603.7,93.045
8/12/19 14:13,85.127,47.1,1588.7,93.092
8/12/19 14:13,85.127,47,1578.7,93.092
8/12/19 14:13,85.127,46.9,1586.2,93.045
8/12/19 14:13,85.127,46.9,1603.7,93.092
8/12/19 14:13,85.127,46.9,1623.7,93.092
8/12/19 14:13,85.082,46.9,1646.2,93.092
8/12/19 14:13,85.082,46.9,1658.7,93.045
8/12/19 14:13,85.082,46.9,1666.2,93.045
8/12/19 14:13,85.082,46.9,1683.7,93.045
8/12/19 14:13,85.035,46.9,1701.2,93.092
8/12/19 14:13,85.035,46.9,1711.2,93.092
8/12/19 14:13,85.035,46.9,1718.7,93.045
8/12/19 14:13,85.035,46.9,1718.7,93.045
8/12/19 14:13,84.99,47,1711.2,93.092
8/12/19 14:13,84.99,47.1,1708.7,93.092
8/12/19 14:13,84.99,47.1,1731.2,93.092
8/12/19 14:13,84.99,47.2,1768.7,93.092
8/12/19 14:13,84.945,47.2,1788.7,93.092
8/12/19 14:13,84.945,47.2,1778.7,93.092
8/12/19 14:13,84.945,47.3,1746.2,93.045
8/12/19 14:13,84.945,47.4,1713.7,93.045
8/12/19 14:13,84.945,47.4,1701.2,93.045
8/12/19 14:13,84.945,47.5,1686.2,93.092
8/12/19 14:13,84.9,47.5,1656.2,93.045
8/12/19 14:13,84.9,47.5,1611.2,93.092
8/12/19 14:13,84.9,47.5,1568.7,93.045
8/12/19 14:13,84.9,47.5,1558.7,93.045
8/12/19 14:13,84.9,47.5,1568.7,93.092
8/12/19 14:13,84.9,47.5,1596.2,93.045
8/12/19 14:13,84.9,47.6,1633.7,93.045
8/12/19 14:13,84.9,47.6,1658.7,93.092
8/12/19 14:13,84.9,47.6,1658.7,93.045
8/12/19 14:13,84.9,47.6,1663.7,93.045
8/12/19 14:13,84.857,47.6,1676.2,93.045
8/12/19 14:13,84.9,47.7,1673.7,93.045
8/12/19 14:13,84.9,47.7,1661.2,93.045
8/12/19 14:13,84.857,47.7,1656.2,93.045
8/12/19 14:13,84.857,47.7,1653.7,93.045
8/12/19 14:13,84.857,47.8,1661.2,93.092
8/12/19 14:13,84.857,47.8,1696.2,93.045
8/12/19 14:13,84.857,47.8,1723.7,93.045
8/12/19 14:13,84.857,47.9,1728.7,93.045
8/12/19 14:14,84.857,48,1738.7,93.045
8/12/19 14:14,84.857,48.1,1743.7,93.045
8/12/19 14:14,84.857,48.3,1756.2,93.045
8/12/19 14:14,84.857,48.4,1771.2,93.045
8/12/19 14:14,84.857,48.6,1781.2,93.045
8/12/19 14:14,84.857,48.8,1786.2,93.045
8/12/19 14:14,84.857,48.9,1776.2,93.045
8/12/19 14:14,84.857,49,1756.2,93.045
8/12/19 14:14,84.857,48.9,1743.7,93.045
8/12/19 14:14,84.857,48.9,1741.2,93.045
8/12/19 14:14,84.857,48.8,1741.2,93.045
8/12/19 14:14,84.857,48.6,1751.2,93.045
8/12/19 14:14,84.857,48.4,1758.7,93.045
8/12/19 14:14,84.857,48.3,1756.2,93.045
8/12/19 14:14,84.857,48.3,1733.7,93.045
8/12/19 14:14,84.857,48.3,1708.7,93.045
8/12/19 14:14,84.857,48.3,1688.7,93.045
8/12/19 14:14,84.857,48.3,1668.7,93.045
8/12/19 14:14,84.857,48.2,1663.7,93.045
8/12/19 14:14,84.857,48,1668.7,93.045
8/12/19 14:14,84.857,47.8,1676.2,93.045
8/12/19 14:14,84.9,47.6,1688.7,93.045
8/12/19 14:14,84.857,47.5,1701.2,93.045
8/12/19 14:14,84.9,47.4,1703.7,93.045
8/12/19 14:14,84.857,47.3,1711.2,93.045
8/12/19 14:14,84.857,47.2,1718.7,93.045
8/12/19 14:14,84.857,47.2,1723.7,93.045
8/12/19 14:14,84.857,47.1,1736.2,93.045
8/12/19 14:14,84.857,47.2,1748.7,93.045
8/12/19 14:14,84.857,47.2,1756.2,93.045
8/12/19 14:14,84.857,47.2,1758.7,93.045
8/12/19 14:14,84.812,47.3,1756.2,93.045
8/12/19 14:14,84.812,47.3,1758.7,93.045
8/12/19 14:14,84.812,47.3,1758.7,93.045
8/12/19 14:14,84.812,47.3,1756.2,93.045
8/12/19 14:14,84.812,47.2,1763.7,93.045
8/12/19 14:14,84.767,47.2,1761.2,93.045
8/12/19 14:14,84.767,47.2,1736.2,93.045
8/12/19 14:14,84.767,47.2,1713.7,93.045
8/12/19 14:14,84.767,47.2,1711.2,93.045
8/12/19 14:14,84.722,47.2,1708.7,93.045
8/12/19 14:14,84.722,47.2,1711.2,93.045
8/12/19 14:14,84.722,47.1,1681.2,93.045
8/12/19 14:14,84.722,47.1,1643.7,93.045
8/12/19 14:14,84.722,47.1,1616.2,93.045
8/12/19 14:14,84.677,47,1598.7,93.045
8/12/19 14:14,84.677,47.1,1586.2,93.045
8/12/19 14:14,84.677,47.1,1598.7,93.045
8/12/19 14:14,84.632,47.2,1606.2,93.045
8/12/19 14:14,84.632,47.2,1638.7,93.045
8/12/19 14:14,84.632,47.3,1686.2,93.045
8/12/19 14:14,84.587,47.4,1708.7,93.045
8/12/19 14:14,84.632,47.5,1738.7,93.045
8/12/19 14:14,84.587,47.6,1768.7,93.045
8/12/19 14:14,84.587,47.6,1788.7,93.045
8/12/19 14:14,84.587,47.7,1788.7,93.045
8/12/19 14:14,84.587,47.8,1788.7,93.045
8/12/19 14:14,84.587,48,1791.2,93.045
8/12/19 14:14,84.542,48.2,1791.2,93.045
8/12/19 14:14,84.542,48.3,1788.7,93.045
8/12/19 14:15,84.542,48.3,1786.2,93.045
8/12/19 14:15,84.542,48.4,1776.2,93.045
8/12/19 14:15,84.542,48.5,1778.7,93.045
8/12/19 14:15,84.542,48.6,1786.2,93.045
8/12/19 14:15,84.542,48.7,1786.2,93.045
8/12/19 14:15,84.542,48.6,1783.7,93.045
8/12/19 14:15,84.542,48.6,1778.7,93.045
8/12/19 14:15,84.542,48.6,1783.7,93.045
8/12/19 14:15,84.542,48.6,1786.2,93.045
8/12/19 14:15,84.542,48.5,1798.7,93.045
8/12/19 14:15,84.542,48.5,1821.2,93.045
8/12/19 14:15,84.542,48.4,1828.7,93.045
8/12/19 14:15,84.542,48.4,1818.7,93.045
8/12/19 14:15,84.542,48.4,1808.7,93.045
8/12/19 14:15,84.542,48.3,1793.7,93.045
8/12/19 14:15,84.542,48.3,1791.2,93.045
8/12/19 14:15,84.542,48.3,1798.7,93.045
8/12/19 14:15,84.542,48.3,1793.7,93.045
8/12/19 14:15,84.542,48.2,1793.7,93.045
8/12/19 14:15,84.542,48.1,1783.7,93.045
8/12/19 14:15,84.542,48.1,1768.7,93.045
8/12/19 14:15,84.542,48.1,1751.2,93.045
8/12/19 14:15,84.587,48,1751.2,93.045
8/12/19 14:15,84.542,48,1753.7,93.045
8/12/19 14:15,84.587,48.1,1736.2,93.045
8/12/19 14:15,84.587,48.1,1721.2,93.045
8/12/19 14:15,84.587,48.2,1718.7,93.045
8/12/19 14:15,84.587,48.3,1696.2,93.045
8/12/19 14:15,84.542,48.4,1678.7,93.045
8/12/19 14:15,84.542,48.4,1678.7,93.045
8/12/19 14:15,84.542,48.4,1698.7,93.045
8/12/19 14:15,84.542,48.5,1726.2,93.045
8/12/19 14:15,84.542,48.5,1728.7,93.045
8/12/19 14:15,84.542,48.6,1716.2,93.045
8/12/19 14:15,84.542,48.6,1731.2,93.045
8/12/19 14:15,84.542,48.6,1758.7,93.045
8/12/19 14:15,84.542,48.6,1776.2,93.045
8/12/19 14:15,84.542,48.5,1791.2,93.045
8/12/19 14:15,84.542,48.5,1793.7,93.045
8/12/19 14:15,84.542,48.5,1796.2,93.045
8/12/19 14:15,84.542,48.5,1798.7,93.045
8/12/19 14:15,84.542,48.6,1806.2,93.045
8/12/19 14:15,84.542,48.6,1808.7,92.997
8/12/19 14:15,84.542,48.7,1806.2,93.045
8/12/19 14:15,84.542,48.9,1803.7,92.997
8/12/19 14:15,84.542,48.9,1808.7,93.045
8/12/19 14:15,84.542,49,1816.2,92.997
8/12/19 14:15,84.542,49.1,1813.7,92.997
8/12/19 14:15,84.542,49.1,1813.7,93.045
8/12/19 14:15,84.542,49.1,1811.2,93.045
8/12/19 14:15,84.542,49.1,1813.7,93.045
8/12/19 14:15,84.542,49.1,1818.7,93.045
8/12/19 14:15,84.542,49.1,1826.2,92.997
8/12/19 14:15,84.542,49.1,1816.2,92.997
8/12/19 14:15,84.542,49.1,1806.2,92.997
8/12/19 14:15,84.542,49.1,1803.7,92.997
8/12/19 14:15,84.542,49.1,1791.2,92.997
8/12/19 14:15,84.542,49.1,1781.2,92.997
8/12/19 14:15,84.587,49,1778.7,92.997
8/12/19 14:15,84.587,49,1778.7,93.045
8/12/19 14:16,84.587,49,1781.2,92.997
8/12/19 14:16,84.587,48.9,1788.7,92.997
8/12/19 14:16,84.587,48.9,1791.2,92.997
8/12/19 14:16,84.587,48.8,1793.7,92.997
8/12/19 14:16,84.587,48.7,1778.7,92.997
8/12/19 14:16,84.587,48.6,1763.7,92.997
8/12/19 14:16,84.587,48.6,1756.2,93.045
8/12/19 14:16,84.587,48.6,1738.7,92.997
8/12/19 14:16,84.587,48.6,1718.7,92.997
8/12/19 14:16,84.632,48.7,1718.7,92.997
8/12/19 14:16,84.632,48.7,1711.2,92.997
8/12/19 14:16,84.632,48.8,1686.2,92.997
8/12/19 14:16,84.632,48.8,1666.2,92.997
8/12/19 14:16,84.632,48.8,1663.7,92.997
8/12/19 14:16,84.632,48.7,1671.2,92.997
8/12/19 14:16,84.632,48.6,1673.7,92.997
8/12/19 14:16,84.632,48.6,1681.2,92.997
8/12/19 14:16,84.632,48.5,1671.2,92.997
8/12/19 14:16,84.632,48.5,1643.7,92.997
8/12/19 14:16,84.632,48.4,1613.7,92.997
8/12/19 14:16,84.632,48.4,1603.7,92.997
8/12/19 14:16,84.632,48.4,1583.7,92.997
8/12/19 14:16,84.632,48.4,1568.7,92.997
8/12/19 14:16,84.632,48.4,1576.2,92.997
8/12/19 14:16,84.677,48.4,1558.7,92.997
8/12/19 14:16,84.677,48.4,1533.7,92.997
8/12/19 14:16,84.677,48.3,1508.7,92.997
8/12/19 14:16,84.677,48.4,1468.7,92.997
8/12/19 14:16,84.632,48.4,1441.2,92.997
8/12/19 14:16,84.632,48.4,1463.7,93.045
8/12/19 14:16,84.632,48.5,1521.2,92.997
8/12/19 14:16,84.632,48.6,1576.2,92.997
8/12/19 14:16,84.677,48.7,1616.2,92.997
8/12/19 14:16,84.677,48.8,1646.2,92.997
8/12/19 14:16,84.632,48.8,1668.7,92.997
8/12/19 14:16,84.632,48.9,1666.2,92.997
8/12/19 14:16,84.677,49,1658.7,92.997
8/12/19 14:16,84.677,49,1653.7,92.997
8/12/19 14:16,84.677,49.1,1651.2,92.997
8/12/19 14:16,84.677,49.2,1671.2,92.997
8/12/19 14:16,84.677,49.3,1713.7,92.997
8/12/19 14:16,84.677,49.4,1763.7,92.997
8/12/19 14:16,84.677,49.5,1791.2,92.997
8/12/19 14:16,84.677,49.6,1791.2,92.997
8/12/19 14:16,84.722,49.6,1788.7,92.997
8/12/19 14:16,84.722,49.7,1788.7,92.997
8/12/19 14:16,84.722,49.8,1786.2,92.997
8/12/19 14:16,84.722,49.8,1771.2,92.997
8/12/19 14:16,84.722,49.9,1743.7,92.997
8/12/19 14:16,84.767,49.9,1716.2,92.997
8/12/19 14:16,84.767,49.9,1688.7,92.997
8/12/19 14:16,84.767,49.9,1698.7,92.997
8/12/19 14:16,84.767,49.9,1718.7,92.997
8/12/19 14:16,84.767,49.9,1726.2,92.997
8/12/19 14:16,84.812,49.9,1736.2,92.997
8/12/19 14:16,84.812,50,1728.7,92.997
8/12/19 14:16,84.812,50,1723.7,92.997
8/12/19 14:16,84.812,50,1718.7,92.997
8/12/19 14:16,84.812,49.9,1686.2,92.997
8/12/19 14:16,84.857,49.9,1668.7,92.997
8/12/19 14:17,84.857,49.8,1641.2,92.997
8/12/19 14:17,84.857,49.8,1591.2,92.997
8/12/19 14:17,84.857,49.7,1551.2,92.997
8/12/19 14:17,84.857,49.6,1541.2,92.997
8/12/19 14:17,84.857,49.6,1553.7,92.997
8/12/19 14:17,84.9,49.5,1556.2,92.997
8/12/19 14:17,84.9,49.3,1553.7,92.997
8/12/19 14:17,84.9,49.1,1553.7,92.997
8/12/19 14:17,84.9,49,1551.2,92.997
8/12/19 14:17,84.9,48.9,1578.7,92.997
8/12/19 14:17,84.9,48.8,1563.7,92.997
8/12/19 14:17,84.9,48.7,1526.2,92.997
8/12/19 14:17,84.9,48.7,1511.2,92.997
8/12/19 14:17,84.9,48.6,1493.7,92.997
8/12/19 14:17,84.9,48.6,1468.7,92.997
8/12/19 14:17,84.9,48.5,1448.7,92.997
8/12/19 14:17,84.9,48.4,1436.2,92.997
8/12/19 14:17,84.9,48.3,1478.7,92.997
8/12/19 14:17,84.9,48.3,1546.2,92.997
8/12/19 14:17,84.9,48.2,1578.7,92.997
8/12/19 14:17,84.9,47.9,1606.2,92.997
8/12/19 14:17,84.9,47.8,1666.2,92.997
8/12/19 14:17,84.857,47.7,1726.2,92.997
8/12/19 14:17,84.857,47.6,1726.2,92.997
8/12/19 14:17,84.857,47.6,1663.7,92.997
8/12/19 14:17,84.857,47.6,1608.7,92.997
8/12/19 14:17,84.857,47.6,1616.2,92.997
8/12/19 14:17,84.812,47.6,1628.7,92.997
8/12/19 14:17,84.812,47.8,1608.7,92.997
8/12/19 14:17,84.812,47.9,1568.7,92.997
8/12/19 14:17,84.767,48,1521.2,92.997
8/12/19 14:17,84.767,48.1,1491.2,92.997
8/12/19 14:17,84.767,48.3,1493.7,92.997
8/12/19 14:17,84.767,48.4,1503.7,92.997
8/12/19 14:17,84.722,48.5,1506.2,92.997
8/12/19 14:17,84.722,48.7,1503.7,92.997
8/12/19 14:17,84.722,48.8,1508.7,92.997
8/12/19 14:17,84.722,49,1533.7,92.997
8/12/19 14:17,84.722,49,1536.2,92.997
8/12/19 14:17,84.722,49.2,1538.7,92.997
8/12/19 14:17,84.677,49.3,1546.2,92.997
8/12/19 14:17,84.677,49.5,1546.2,92.997
8/12/19 14:17,84.677,49.6,1543.7,92.997
8/12/19 14:17,84.677,49.6,1566.2,92.997
8/12/19 14:17,84.677,49.7,1593.7,92.997
8/12/19 14:17,84.677,49.6,1603.7,92.997
8/12/19 14:17,84.677,49.6,1631.2,92.997
8/12/19 14:17,84.677,49.5,1648.7,92.997
8/12/19 14:17,84.677,49.3,1653.7,92.997
8/12/19 14:17,84.677,49.1,1633.7,92.997
8/12/19 14:17,84.722,49,1603.7,92.997
8/12/19 14:17,84.677,49,1586.2,92.997
8/12/19 14:17,84.677,49,1571.2,92.997
8/12/19 14:17,84.677,48.9,1556.2,92.95
8/12/19 14:17,84.677,48.9,1573.7,92.997
8/12/19 14:17,84.677,48.9,1603.7,92.997
8/12/19 14:17,84.677,48.9,1603.7,92.95
8/12/19 14:17,84.677,48.9,1598.7,92.997
8/12/19 14:17,84.677,48.9,1611.2,92.95
8/12/19 14:17,84.677,48.9,1628.7,92.95
8/12/19 14:18,84.677,48.9,1636.2,92.95
8/12/19 14:18,84.677,48.9,1636.2,92.95
8/12/19 14:18,84.677,49,1636.2,92.95
8/12/19 14:18,84.677,49,1628.7,92.95
8/12/19 14:18,84.677,49.1,1628.7,92.95
8/12/19 14:18,84.677,49.1,1648.7,92.95
8/12/19 14:18,84.677,49,1668.7,92.95
8/12/19 14:18,84.677,49,1671.2,92.95
8/12/19 14:18,84.677,48.8,1678.7,92.95
8/12/19 14:18,84.677,48.6,1696.2,92.95
8/12/19 14:18,84.632,48.6,1706.2,92.95
8/12/19 14:18,84.632,48.5,1716.2,92.95
8/12/19 14:18,84.632,48.5,1726.2,92.95
8/12/19 14:18,84.632,48.5,1731.2,92.95
8/12/19 14:18,84.632,48.4,1728.7,92.95
8/12/19 14:18,84.632,48.4,1726.2,92.95
8/12/19 14:18,84.632,48.4,1716.2,92.95
8/12/19 14:18,84.632,48.5,1708.7,92.95
8/12/19 14:18,84.632,48.5,1703.7,92.95
8/12/19 14:18,84.632,48.5,1693.7,92.95
8/12/19 14:18,84.632,48.6,1683.7,92.95
8/12/19 14:18,84.587,48.5,1676.2,92.95
8/12/19 14:18,84.587,48.5,1666.2,92.95
8/12/19 14:18,84.587,48.5,1671.2,92.95
8/12/19 14:18,84.587,48.5,1668.7,92.95
8/12/19 14:18,84.587,48.5,1656.2,92.95
8/12/19 14:18,84.587,48.5,1648.7,92.95
8/12/19 14:18,84.587,48.5,1651.2,92.95
8/12/19 14:18,84.587,48.5,1643.7,92.95
8/12/19 14:18,84.587,48.5,1616.2,92.95
8/12/19 14:18,84.587,48.5,1588.7,92.95
8/12/19 14:18,84.587,48.6,1573.7,92.95
8/12/19 14:18,84.587,48.6,1581.2,92.95
8/12/19 14:18,84.587,48.7,1598.7,92.95
8/12/19 14:18,84.587,48.8,1621.2,92.95
8/12/19 14:18,84.587,48.8,1648.7,92.95
8/12/19 14:18,84.587,48.8,1658.7,92.95
8/12/19 14:18,84.587,48.7,1661.2,92.95
8/12/19 14:18,84.587,48.6,1663.7,92.95
8/12/19 14:18,84.587,48.6,1661.2,92.95
8/12/19 14:18,84.587,48.6,1633.7,92.95
8/12/19 14:18,84.587,48.6,1601.2,92.95
8/12/19 14:18,84.587,48.8,1576.2,92.95
8/12/19 14:18,84.587,48.9,1563.7,92.95
8/12/19 14:18,84.587,48.9,1571.2,92.95
8/12/19 14:18,84.587,49,1566.2,92.95
8/12/19 14:18,84.587,49,1546.2,92.95
8/12/19 14:18,84.587,49,1531.2,92.95
8/12/19 14:18,84.632,49,1508.7,92.95
8/12/19 14:18,84.632,49,1483.7,92.95
8/12/19 14:18,84.632,48.9,1486.2,92.95
8/12/19 14:18,84.632,48.9,1503.7,92.95
8/12/19 14:18,84.632,48.9,1516.2,92.95
8/12/19 14:18,84.632,48.9,1536.2,92.95
8/12/19 14:18,84.632,48.9,1558.7,92.95
8/12/19 14:18,84.677,48.9,1581.2,92.95
8/12/19 14:18,84.677,48.9,1598.7,92.95
8/12/19 14:18,84.677,49,1616.2,92.95
8/12/19 14:18,84.677,49,1593.7,92.95
8/12/19 14:18,84.677,49,1531.2,92.95
8/12/19 14:19,84.677,49,1466.2,92.95
8/12/19 14:19,84.677,49,1476.2,92.95
8/12/19 14:19,84.677,49.1,1503.7,92.95
8/12/19 14:19,84.722,49.1,1513.7,92.95
8/12/19 14:19,84.722,49.2,1541.2,92.95
8/12/19 14:19,84.722,49.3,1548.7,92.95
8/12/19 14:19,84.722,49.4,1531.2,92.95
8/12/19 14:19,84.722,49.4,1491.2,92.903
8/12/19 14:19,84.767,49.5,1438.7,92.903
8/12/19 14:19,84.767,49.6,1396.2,92.95
8/12/19 14:19,84.767,49.7,1403.7,92.903
8/12/19 14:19,84.767,49.7,1491.2,92.903
8/12/19 14:19,84.812,49.8,1558.7,92.95
8/12/19 14:19,84.812,49.9,1583.7,92.903
8/12/19 14:19,84.812,50,1603.7,92.903
8/12/19 14:19,84.812,50.1,1568.7,92.903
8/12/19 14:19,84.857,50.1,1523.7,92.903
8/12/19 14:19,84.857,50.1,1508.7,92.903
8/12/19 14:19,84.857,50.2,1523.7,92.95
8/12/19 14:19,84.9,50.2,1543.7,92.903
8/12/19 14:19,84.9,50.2,1538.7,92.903
8/12/19 14:19,84.9,50.2,1531.2,92.903
8/12/19 14:19,84.945,50.1,1528.7,92.903
8/12/19 14:19,84.945,50,1523.7,92.903
8/12/19 14:19,84.945,49.8,1486.2,92.903
8/12/19 14:19,84.945,49.7,1441.2,92.903
8/12/19 14:19,84.99,49.6,1418.7,92.903
8/12/19 14:19,84.99,49.4,1413.7,92.903
8/12/19 14:19,84.99,49.2,1398.7,92.903
8/12/19 14:19,84.99,49,1358.7,92.903
8/12/19 14:19,85.035,48.9,1313.7,92.903
8/12/19 14:19,85.035,48.8,1266.2,92.903
8/12/19 14:19,85.035,48.7,1248.7,92.903
8/12/19 14:19,85.035,48.6,1228.7,92.903
8/12/19 14:19,85.035,48.5,1233.7,92.903
8/12/19 14:19,85.035,48.4,1281.2,92.903
8/12/19 14:19,85.035,48.3,1308.7,92.903
8/12/19 14:19,85.035,48.2,1278.7,92.903
8/12/19 14:19,85.035,48.2,1173.7,92.903
8/12/19 14:19,85.035,48.1,1061.2,92.903
8/12/19 14:19,85.035,48,1031.2,92.903
8/12/19 14:19,85.035,48,1056.2,92.903
8/12/19 14:19,85.035,48,1053.7,92.903
8/12/19 14:19,85.035,48,1031.2,92.903
8/12/19 14:19,85.035,48,1051.2,92.903
8/12/19 14:19,85.035,48,1088.7,92.903
8/12/19 14:19,85.035,48,1106.2,92.903
8/12/19 14:19,85.035,48,1158.7,92.903
8/12/19 14:19,85.035,48,1258.7,92.903
8/12/19 14:19,85.035,48,1321.2,92.903
8/12/19 14:19,85.035,47.9,1286.2,92.903
8/12/19 14:19,85.035,47.9,1241.2,92.903
8/12/19 14:19,84.99,47.9,1226.2,92.903
8/12/19 14:19,84.99,47.9,1223.7,92.903
8/12/19 14:19,84.99,47.8,1243.7,92.903
8/12/19 14:19,84.99,47.9,1266.2,92.903
8/12/19 14:19,84.99,47.9,1233.7,92.903
8/12/19 14:19,84.945,48,1208.7,92.903
8/12/19 14:19,84.945,48.1,1223.7,92.903
8/12/19 14:19,84.945,48.1,1213.7,92.903
8/12/19 14:20,84.945,48.2,1188.7,92.903
8/12/19 14:20,84.9,48.3,1218.7,92.903
8/12/19 14:20,84.9,48.4,1336.2,92.903
8/12/19 14:20,84.9,48.5,1486.2,92.903
8/12/19 14:20,84.9,48.6,1556.2,92.903
8/12/19 14:20,84.9,48.7,1553.7,92.903
8/12/19 14:20,84.9,48.8,1586.2,92.903
8/12/19 14:20,84.857,48.9,1661.2,92.903
8/12/19 14:20,84.857,49,1731.2,92.903
8/12/19 14:20,84.857,49,1743.7,92.903
8/12/19 14:20,84.857,49.1,1718.7,92.903
8/12/19 14:20,84.857,49.2,1713.7,92.903
8/12/19 14:20,84.857,49.3,1721.2,92.903
8/12/19 14:20,84.857,49.4,1748.7,92.903
8/12/19 14:20,84.857,49.5,1778.7,92.903
8/12/19 14:20,84.857,49.6,1793.7,92.903
8/12/19 14:20,84.857,49.7,1791.2,92.903
8/12/19 14:20,84.857,49.7,1783.7,92.903
8/12/19 14:20,84.857,49.7,1776.2,92.903
8/12/19 14:20,84.857,49.7,1773.7,92.903
8/12/19 14:20,84.857,49.8,1778.7,92.903
8/12/19 14:20,84.857,49.8,1793.7,92.903
8/12/19 14:20,84.9,49.8,1798.7,92.903
8/12/19 14:20,84.9,49.8,1796.2,92.903
8/12/19 14:20,84.9,49.8,1798.7,92.903
8/12/19 14:20,84.9,49.8,1806.2,92.903
8/12/19 14:20,84.9,49.8,1806.2,92.856
8/12/19 14:20,84.9,50,1801.2,92.903
8/12/19 14:20,84.9,50.1,1788.7,92.856
8/12/19 14:20,84.945,50.2,1778.7,92.856
8/12/19 14:20,84.945,50.2,1768.7,92.903
8/12/19 14:20,84.945,50.3,1763.7,92.856
8/12/19 14:20,84.945,50.3,1763.7,92.856
8/12/19 14:20,84.945,50.4,1758.7,92.856
8/12/19 14:20,84.945,50.3,1761.2,92.856
8/12/19 14:20,84.99,50.3,1766.2,92.856
8/12/19 14:20,84.99,50.3,1753.7,92.856
8/12/19 14:20,84.99,50.4,1731.2,92.856
8/12/19 14:20,84.99,50.3,1723.7,92.856
8/12/19 14:20,85.035,50.3,1723.7,92.856
8/12/19 14:20,85.035,50.2,1718.7,92.856
8/12/19 14:20,85.035,50.1,1723.7,92.856
8/12/19 14:20,85.035,50,1723.7,92.856
8/12/19 14:20,85.035,50,1731.2,92.856
8/12/19 14:20,85.082,50,1738.7,92.856
8/12/19 14:20,85.082,50,1743.7,92.856
8/12/19 14:20,85.082,50,1751.2,92.856
8/12/19 14:20,85.082,50.1,1766.2,92.856
8/12/19 14:20,85.082,50.1,1776.2,92.856
8/12/19 14:20,85.127,50.1,1778.7,92.856
8/12/19 14:20,85.127,50.1,1771.2,92.856
8/12/19 14:20,85.127,50.1,1763.7,92.856
8/12/19 14:20,85.127,50.1,1761.2,92.856
8/12/19 14:20,85.127,50.1,1758.7,92.856
8/12/19 14:20,85.172,50,1751.2,92.856
8/12/19 14:20,85.172,49.9,1763.7,92.856
8/12/19 14:20,85.172,49.8,1776.2,92.856
8/12/19 14:20,85.217,49.8,1771.2,92.856
8/12/19 14:20,85.217,49.8,1763.7,92.856
8/12/19 14:20,85.217,49.7,1763.7,92.856
8/12/19 14:21,85.217,49.6,1771.2,92.856
8/12/19 14:21,85.217,49.6,1788.7,92.856
8/12/19 14:21,85.262,49.5,1796.2,92.856
8/12/19 14:21,85.262,49.4,1798.7,92.856
8/12/19 14:21,85.262,49.2,1801.2,92.856
8/12/19 14:21,85.262,49.2,1798.7,92.856
8/12/19 14:21,85.262,49.1,1796.2,92.856
8/12/19 14:21,85.307,49.1,1796.2,92.856
8/12/19 14:21,85.307,49.1,1806.2,92.856
8/12/19 14:21,85.307,49.1,1811.2,92.856
8/12/19 14:21,85.307,49,1818.7,92.856
8/12/19 14:21,85.307,49,1816.2,92.856
8/12/19 14:21,85.307,49,1811.2,92.856
8/12/19 14:21,85.307,49,1806.2,92.856
8/12/19 14:21,85.307,49,1806.2,92.809
8/12/19 14:21,85.307,49,1808.7,92.856
8/12/19 14:21,85.307,48.9,1803.7,92.856
8/12/19 14:21,85.307,48.8,1806.2,92.809
8/12/19 14:21,85.352,48.6,1803.7,92.809
8/12/19 14:21,85.352,48.5,1803.7,92.856
8/12/19 14:21,85.352,48.4,1801.2,92.856
8/12/19 14:21,85.352,48.3,1798.7,92.856
8/12/19 14:21,85.352,48.2,1798.7,92.809
8/12/19 14:21,85.352,48.1,1801.2,92.809
8/12/19 14:21,85.352,47.9,1778.7,92.856
8/12/19 14:21,85.307,47.9,1746.2,92.856
8/12/19 14:21,85.307,47.9,1741.2,92.856
8/12/19 14:21,85.307,47.9,1761.2,92.856
8/12/19 14:21,85.307,48,1783.7,92.856
8/12/19 14:21,85.307,48,1796.2,92.856
8/12/19 14:21,85.307,47.9,1801.2,92.856
8/12/19 14:21,85.262,47.9,1793.7,92.856
8/12/19 14:21,85.262,47.9,1781.2,92.856
8/12/19 14:21,85.262,47.9,1773.7,92.856
8/12/19 14:21,85.262,47.9,1758.7,92.856
8/12/19 14:21,85.262,47.8,1743.7,92.856
8/12/19 14:21,85.217,47.7,1716.2,92.809
8/12/19 14:21,85.217,47.6,1696.2,92.856
8/12/19 14:21,85.217,47.6,1693.7,92.856
8/12/19 14:21,85.217,47.4,1693.7,92.856
8/12/19 14:21,85.172,47.3,1701.2,92.856
8/12/19 14:21,85.172,47.2,1708.7,92.856
8/12/19 14:21,85.172,47.2,1703.7,92.856
8/12/19 14:21,85.127,47.1,1711.2,92.856
8/12/19 14:21,85.127,46.9,1706.2,92.856
8/12/19 14:21,85.127,46.9,1683.7,92.856
8/12/19 14:21,85.082,46.8,1663.7,92.856
8/12/19 14:21,85.082,46.7,1656.2,92.856
8/12/19 14:21,85.082,46.7,1638.7,92.809
8/12/19 14:21,85.035,46.7,1616.2,92.809
8/12/19 14:21,85.035,46.7,1598.7,92.856
8/12/19 14:21,85.035,46.7,1606.2,92.856
8/12/19 14:21,84.99,46.8,1633.7,92.809
8/12/19 14:21,84.99,46.9,1656.2,92.809
8/12/19 14:21,84.99,46.9,1651.2,92.809
8/12/19 14:21,84.945,46.9,1621.2,92.809
8/12/19 14:21,84.945,46.9,1586.2,92.809
8/12/19 14:21,84.945,47,1563.7,92.809
8/12/19 14:21,84.9,47.1,1563.7,92.809
8/12/19 14:21,84.9,47.2,1566.2,92.809
8/12/19 14:22,84.9,47.3,1561.2,92.809
8/12/19 14:22,84.9,47.3,1576.2,92.809
8/12/19 14:22,84.857,47.4,1608.7,92.809
8/12/19 14:22,84.857,47.4,1633.7,92.809
8/12/19 14:22,84.857,47.5,1666.2,92.809
8/12/19 14:22,84.857,47.5,1696.2,92.809
8/12/19 14:22,84.812,47.5,1691.2,92.809
8/12/19 14:22,84.812,47.6,1666.2,92.809
8/12/19 14:22,84.812,47.6,1661.2,92.809
8/12/19 14:22,84.812,47.8,1676.2,92.809
8/12/19 14:22,84.767,47.9,1706.2,92.809
8/12/19 14:22,84.767,48.1,1723.7,92.809
8/12/19 14:22,84.767,48.2,1738.7,92.809
8/12/19 14:22,84.767,48.3,1756.2,92.809
8/12/19 14:22,84.767,48.3,1756.2,92.809
8/12/19 14:22,84.767,48.4,1743.7,92.809
8/12/19 14:22,84.722,48.4,1743.7,92.809
8/12/19 14:22,84.722,48.4,1751.2,92.809
8/12/19 14:22,84.722,48.5,1753.7,92.809
8/12/19 14:22,84.722,48.6,1748.7,92.809
8/12/19 14:22,84.722,48.5,1746.2,92.809
8/12/19 14:22,84.722,48.4,1741.2,92.809
8/12/19 14:22,84.722,48.4,1738.7,92.809
8/12/19 14:22,84.722,48.3,1731.2,92.809
8/12/19 14:22,84.722,48.1,1723.7,92.809
8/12/19 14:22,84.722,47.9,1731.2,92.809
8/12/19 14:22,84.722,47.8,1738.7,92.809
8/12/19 14:22,84.722,47.7,1751.2,92.809
8/12/19 14:22,84.722,47.7,1753.7,92.809
8/12/19 14:22,84.722,47.6,1751.2,92.809
8/12/19 14:22,84.722,47.6,1751.2,92.809
8/12/19 14:22,84.722,47.5,1753.7,92.809
8/12/19 14:22,84.722,47.3,1756.2,92.809
8/12/19 14:22,84.722,47.2,1753.7,92.809
8/12/19 14:22,84.722,47.1,1746.2,92.809
8/12/19 14:22,84.722,47.1,1723.7,92.809
8/12/19 14:22,84.677,47,1703.7,92.809
8/12/19 14:22,84.677,47,1686.2,92.809
8/12/19 14:22,84.677,47,1676.2,92.809
8/12/19 14:22,84.677,47,1671.2,92.809
8/12/19 14:22,84.677,47.1,1668.7,92.809
8/12/19 14:22,84.677,47.1,1668.7,92.809
8/12/19 14:22,84.677,47.1,1671.2,92.809
8/12/19 14:22,84.632,47.2,1671.2,92.809
8/12/19 14:22,84.632,47.2,1676.2,92.809
8/12/19 14:22,84.632,47.1,1683.7,92.809
8/12/19 14:22,84.632,47,1693.7,92.809
8/12/19 14:22,84.632,46.9,1703.7,92.809
8/12/19 14:22,84.632,46.9,1721.2,92.809
8/12/19 14:22,84.632,46.9,1726.2,92.809
8/12/19 14:22,84.632,47,1711.2,92.809
8/12/19 14:22,84.587,47.1,1701.2,92.809
8/12/19 14:22,84.587,47.2,1711.2,92.809
8/12/19 14:22,84.587,47.2,1721.2,92.809
8/12/19 14:22,84.587,47.3,1716.2,92.809
8/12/19 14:22,84.587,47.3,1711.2,92.809
8/12/19 14:22,84.587,47.3,1716.2,92.809
8/12/19 14:22,84.587,47.4,1726.2,92.809
8/12/19 14:22,84.587,47.4,1731.2,92.809
8/12/19 14:22,84.587,47.4,1741.2,92.809
8/12/19 14:23,84.587,47.4,1763.7,92.809
8/12/19 14:23,84.542,47.5,1778.7,92.809
8/12/19 14:23,84.542,47.5,1786.2,92.809
8/12/19 14:23,84.542,47.6,1786.2,92.809
8/12/19 14:23,84.542,47.6,1776.2,92.809
8/12/19 14:23,84.542,47.6,1768.7,92.809
8/12/19 14:23,84.542,47.6,1771.2,92.809
8/12/19 14:23,84.542,47.6,1776.2,92.809
8/12/19 14:23,84.542,47.5,1776.2,92.809
8/12/19 14:23,84.542,47.5,1776.2,92.809
8/12/19 14:23,84.542,47.5,1778.7,92.809
8/12/19 14:23,84.542,47.5,1778.7,92.809
8/12/19 14:23,84.542,47.5,1786.2,92.809
8/12/19 14:23,84.542,47.4,1791.2,92.809
8/12/19 14:23,84.542,47.4,1788.7,92.809
8/12/19 14:23,84.542,47.4,1776.2,92.809
8/12/19 14:23,84.542,47.3,1748.7,92.809
8/12/19 14:23,84.542,47.3,1743.7,92.809
8/12/19 14:23,84.497,47.3,1763.7,92.763
8/12/19 14:23,84.497,47.3,1768.7,92.763
8/12/19 14:23,84.497,47.3,1756.2,92.809
8/12/19 14:23,84.497,47.3,1751.2,92.763
8/12/19 14:23,84.497,47.4,1756.2,92.763
8/12/19 14:23,84.497,47.5,1741.2,92.763
8/12/19 14:23,84.497,47.6,1706.2,92.763
8/12/19 14:23,84.497,47.6,1676.2,92.763
8/12/19 14:23,84.497,47.6,1663.7,92.763
8/12/19 14:23,84.497,47.6,1673.7,92.763
8/12/19 14:23,84.497,47.6,1693.7,92.763
8/12/19 14:23,84.497,47.6,1701.2,92.763
8/12/19 14:23,84.497,47.7,1713.7,92.763
8/12/19 14:23,84.497,47.8,1726.2,92.763
8/12/19 14:23,84.497,47.9,1741.2,92.763
8/12/19 14:23,84.497,48,1753.7,92.763
8/12/19 14:23,84.497,48.1,1746.2,92.763
8/12/19 14:23,84.497,48.2,1721.2,92.763
8/12/19 14:23,84.542,48.2,1696.2,92.763
8/12/19 14:23,84.542,48.3,1668.7,92.763
8/12/19 14:23,84.542,48.3,1663.7,92.763
8/12/19 14:23,84.542,48.3,1691.2,92.763
8/12/19 14:23,84.542,48.3,1723.7,92.763
8/12/19 14:23,84.542,48.3,1736.2,92.763
8/12/19 14:23,84.542,48.3,1731.2,92.763
8/12/19 14:23,84.542,48.4,1718.7,92.763
8/12/19 14:23,84.587,48.4,1701.2,92.763
8/12/19 14:23,84.587,48.4,1711.2,92.763
8/12/19 14:23,84.587,48.4,1733.7,92.763
8/12/19 14:23,84.587,48.4,1738.7,92.763
8/12/19 14:23,84.587,48.3,1723.7,92.763
8/12/19 14:23,84.587,48.4,1713.7,92.763
8/12/19 14:23,84.587,48.4,1718.7,92.763
8/12/19 14:23,84.632,48.5,1726.2,92.763
8/12/19 14:23,84.632,48.6,1726.2,92.763
8/12/19 14:23,84.632,48.7,1721.2,92.763
8/12/19 14:23,84.632,48.8,1711.2,92.763
8/12/19 14:23,84.632,48.8,1713.7,92.763
8/12/19 14:23,84.632,48.8,1713.7,92.763
8/12/19 14:23,84.632,48.8,1696.2,92.763
8/12/19 14:23,84.677,48.7,1683.7,92.763
8/12/19 14:23,84.677,48.6,1686.2,92.763
8/12/19 14:24,84.677,48.5,1698.7,92.763
8/12/19 14:24,84.677,48.5,1706.2,92.714
8/12/19 14:24,84.677,48.6,1711.2,92.763
8/12/19 14:24,84.677,48.6,1723.7,92.763
8/12/19 14:24,84.677,48.7,1738.7,92.714
8/12/19 14:24,84.722,48.7,1743.7,92.763
8/12/19 14:24,84.722,48.6,1738.7,92.763
8/12/19 14:24,84.722,48.5,1733.7,92.763
8/12/19 14:24,84.722,48.5,1741.2,92.763
8/12/19 14:24,84.722,48.4,1753.7,92.714
8/12/19 14:24,84.722,48.3,1753.7,92.714
8/12/19 14:24,84.767,48.3,1758.7,92.714
8/12/19 14:24,84.767,48.2,1756.2,92.714
8/12/19 14:24,84.767,48.1,1756.2,92.714
8/12/19 14:24,84.767,48,1763.7,92.714
8/12/19 14:24,84.767,47.8,1763.7,92.763
8/12/19 14:24,84.767,47.7,1751.2,92.714
8/12/19 14:24,84.767,47.6,1748.7,92.714
8/12/19 14:24,84.767,47.5,1748.7,92.714
8/12/19 14:24,84.767,47.4,1733.7,92.714
8/12/19 14:24,84.767,47.3,1716.2,92.714
8/12/19 14:24,84.812,47.3,1716.2,92.714
8/12/19 14:24,84.767,47.3,1718.7,92.714
8/12/19 14:24,84.767,47.3,1726.2,92.714
8/12/19 14:24,84.767,47.3,1726.2,92.714
8/12/19 14:24,84.767,47.3,1703.7,92.714
8/12/19 14:24,84.767,47.3,1681.2,92.714
8/12/19 14:24,84.767,47.3,1673.7,92.714
8/12/19 14:24,84.767,47.2,1686.2,92.714
8/12/19 14:24,84.767,47.1,1716.2,92.714
8/12/19 14:24,84.767,47.1,1741.2,92.714
8/12/19 14:24,84.767,47.2,1756.2,92.714
8/12/19 14:24,84.767,47.2,1758.7,92.714
8/12/19 14:24,84.767,47.3,1763.7,92.714
8/12/19 14:24,84.767,47.3,1773.7,92.714
8/12/19 14:24,84.767,47.3,1778.7,92.714
8/12/19 14:24,84.767,47.4,1778.7,92.714
8/12/19 14:24,84.767,47.3,1781.2,92.714
8/12/19 14:24,84.767,47.3,1783.7,92.714
8/12/19 14:24,84.767,47.2,1791.2,92.714
8/12/19 14:24,84.767,47.2,1793.7,92.714
8/12/19 14:24,84.767,47.2,1796.2,92.714
8/12/19 14:24,84.767,47.3,1773.7,92.714
8/12/19 14:24,84.767,47.3,1743.7,92.714
8/12/19 14:24,84.767,47.3,1723.7,92.714
8/12/19 14:24,84.767,47.4,1698.7,92.714
8/12/19 14:24,84.767,47.4,1673.7,92.714
8/12/19 14:24,84.767,47.5,1651.2,92.714
8/12/19 14:24,84.767,47.6,1666.2,92.714
8/12/19 14:24,84.767,47.6,1706.2,92.714
8/12/19 14:24,84.767,47.6,1736.2,92.714
8/12/19 14:24,84.767,47.7,1743.7,92.714
8/12/19 14:24,84.767,47.7,1738.7,92.714
8/12/19 14:24,84.767,47.6,1728.7,92.714
8/12/19 14:24,84.767,47.7,1731.2,92.714
8/12/19 14:24,84.767,47.7,1731.2,92.714
8/12/19 14:24,84.767,47.6,1728.7,92.714
8/12/19 14:24,84.767,47.6,1733.7,92.714
8/12/19 14:24,84.767,47.6,1736.2,92.714
8/12/19 14:24,84.767,47.7,1731.2,92.714
8/12/19 14:25,84.767,47.7,1708.7,92.714
8/12/19 14:25,84.767,47.7,1681.2,92.714
8/12/19 14:25,84.767,47.6,1658.7,92.714
8/12/19 14:25,84.767,47.6,1636.2,92.714
8/12/19 14:25,84.767,47.6,1618.7,92.714
8/12/19 14:25,84.767,47.6,1616.2,92.714
8/12/19 14:25,84.767,47.5,1621.2,92.714
8/12/19 14:25,84.767,47.4,1631.2,92.714
8/12/19 14:25,84.767,47.3,1646.2,92.714
8/12/19 14:25,84.767,47.2,1676.2,92.714
8/12/19 14:25,84.767,47.1,1711.2,92.714
8/12/19 14:25,84.767,47,1731.2,92.714
8/12/19 14:25,84.767,46.9,1728.7,92.714
8/12/19 14:25,84.767,46.9,1723.7,92.714
8/12/19 14:25,84.767,46.9,1726.2,92.714
8/12/19 14:25,84.767,46.9,1731.2,92.714
8/12/19 14:25,84.767,46.9,1733.7,92.714
8/12/19 14:25,84.767,46.8,1726.2,92.667
8/12/19 14:25,84.767,46.7,1716.2,92.714
8/12/19 14:25,84.767,46.7,1711.2,92.667
8/12/19 14:25,84.767,46.6,1701.2,92.667
8/12/19 14:25,84.767,46.6,1673.7,92.714
8/12/19 14:25,84.767,46.5,1621.2,92.667
8/12/19 14:25,84.722,46.6,1573.7,92.667
8/12/19 14:25,84.722,46.6,1576.2,92.667
8/12/19 14:25,84.722,46.6,1576.2,92.667
8/12/19 14:25,84.722,46.7,1573.7,92.667
8/12/19 14:25,84.722,46.7,1603.7,92.667
8/12/19 14:25,84.722,46.9,1631.2,92.667
8/12/19 14:25,84.722,46.9,1628.7,92.667
8/12/19 14:25,84.677,46.9,1628.7,92.667
8/12/19 14:25,84.677,46.9,1608.7,92.667
8/12/19 14:25,84.677,47,1578.7,92.667
8/12/19 14:25,84.677,47,1558.7,92.667
8/12/19 14:25,84.677,47.1,1558.7,92.667
8/12/19 14:25,84.677,47.2,1571.2,92.667
8/12/19 14:25,84.677,47.2,1581.2,92.667
8/12/19 14:25,84.677,47.2,1586.2,92.667
8/12/19 14:25,84.677,47.2,1586.2,92.667
8/12/19 14:25,84.677,47.3,1586.2,92.667
8/12/19 14:25,84.677,47.4,1603.7,92.667
8/12/19 14:25,84.677,47.5,1631.2,92.667
8/12/19 14:25,84.677,47.6,1641.2,92.667
8/12/19 14:25,84.677,47.6,1626.2,92.667
8/12/19 14:25,84.677,47.8,1606.2,92.667
8/12/19 14:25,84.677,47.9,1591.2,92.667
8/12/19 14:25,84.677,47.9,1586.2,92.667
8/12/19 14:25,84.677,47.9,1591.2,92.667
8/12/19 14:25,84.677,48,1588.7,92.667
8/12/19 14:25,84.677,48,1588.7,92.667
8/12/19 14:25,84.677,48.1,1578.7,92.667
8/12/19 14:25,84.722,48.1,1573.7,92.667
8/12/19 14:25,84.722,48.1,1563.7,92.667
8/12/19 14:25,84.722,48.2,1533.7,92.667
8/12/19 14:25,84.722,48.2,1501.2,92.667
8/12/19 14:25,84.722,48.2,1478.7,92.667
8/12/19 14:25,84.722,48.3,1468.7,92.667
8/12/19 14:25,84.767,48.3,1466.2,92.667
8/12/19 14:25,84.767,48.3,1471.2,92.667
8/12/19 14:25,84.767,48.3,1461.2,92.667
8/12/19 14:26,84.767,48.3,1451.2,92.667
8/12/19 14:26,84.812,48.2,1466.2,92.667
8/12/19 14:26,84.812,48.1,1473.7,92.667
8/12/19 14:26,84.812,48,1473.7,92.667
8/12/19 14:26,84.812,47.8,1481.2,92.667
8/12/19 14:26,84.812,47.8,1493.7,92.62
8/12/19 14:26,84.857,47.6,1501.2,92.62
8/12/19 14:26,84.857,47.6,1508.7,92.62
8/12/19 14:26,84.857,47.6,1503.7,92.667
8/12/19 14:26,84.857,47.6,1503.7,92.667
8/12/19 14:26,84.857,47.7,1511.2,92.62
8/12/19 14:26,84.9,47.8,1506.2,92.62
8/12/19 14:26,84.857,47.8,1498.7,92.62
8/12/19 14:26,84.857,47.7,1503.7,92.62
8/12/19 14:26,84.9,47.7,1511.2,92.62
8/12/19 14:26,84.9,47.7,1521.2,92.62
8/12/19 14:26,84.9,47.7,1521.2,92.62
8/12/19 14:26,84.9,47.8,1528.7,92.62
8/12/19 14:26,84.9,47.9,1538.7,92.62
8/12/19 14:26,84.9,47.9,1528.7,92.62
8/12/19 14:26,84.9,48,1516.2,92.62
8/12/19 14:26,84.9,48.1,1498.7,92.62
8/12/19 14:26,84.9,48,1508.7,92.62
8/12/19 14:26,84.9,48,1543.7,92.62
8/12/19 14:26,84.9,47.9,1578.7,92.62
8/12/19 14:26,84.9,47.9,1591.2,92.62
8/12/19 14:26,84.9,47.8,1591.2,92.62
8/12/19 14:26,84.9,47.8,1578.7,92.62
8/12/19 14:26,84.9,47.8,1568.7,92.62
8/12/19 14:26,84.9,47.8,1563.7,92.62
8/12/19 14:26,84.9,47.8,1563.7,92.62
8/12/19 14:26,84.9,47.9,1558.7,92.62
8/12/19 14:26,84.9,47.9,1548.7,92.62
8/12/19 14:26,84.945,48,1543.7,92.62
8/12/19 14:26,84.945,48.1,1546.2,92.62
8/12/19 14:26,84.945,48.2,1546.2,92.62
8/12/19 14:26,84.945,48.2,1543.7,92.62
8/12/19 14:26,84.945,48.3,1543.7,92.62
8/12/19 14:26,84.945,48.3,1561.2,92.62
8/12/19 14:26,84.945,48.4,1581.2,92.62
8/12/19 14:26,84.945,48.5,1586.2,92.62
8/12/19 14:26,84.945,48.5,1596.2,92.62
8/12/19 14:26,84.945,48.5,1603.7,92.62
8/12/19 14:26,84.945,48.4,1601.2,92.62
8/12/19 14:26,84.945,48.4,1591.2,92.62
8/12/19 14:26,84.99,48.3,1591.2,92.62
8/12/19 14:26,84.99,48.3,1593.7,92.62
8/12/19 14:26,84.99,48.2,1591.2,92.62
8/12/19 14:26,84.99,48.1,1593.7,92.574
8/12/19 14:26,84.99,48,1598.7,92.574
8/12/19 14:26,84.99,48,1601.2,92.62
8/12/19 14:26,84.99,48,1611.2,92.62
8/12/19 14:26,84.99,48,1618.7,92.574
8/12/19 14:26,84.99,48.1,1621.2,92.574
8/12/19 14:26,84.99,48.1,1626.2,92.574
8/12/19 14:26,84.99,48.2,1638.7,92.574
8/12/19 14:26,85.035,48.2,1651.2,92.574
8/12/19 14:26,85.035,48.2,1658.7,92.574
8/12/19 14:26,85.035,48.1,1648.7,92.574
8/12/19 14:26,85.035,48.1,1623.7,92.574
8/12/19 14:27,85.035,48.1,1603.7,92.574
8/12/19 14:27,85.035,48.2,1593.7,92.574
8/12/19 14:27,85.035,48.2,1596.2,92.574
8/12/19 14:27,85.035,48.2,1603.7,92.574
8/12/19 14:27,85.035,48.3,1603.7,92.574
8/12/19 14:27,85.035,48.3,1586.2,92.574
8/12/19 14:27,85.035,48.3,1586.2,92.574
8/12/19 14:27,85.035,48.4,1603.7,92.574
8/12/19 14:27,85.035,48.4,1621.2,92.574
8/12/19 14:27,85.035,48.4,1626.2,92.574
8/12/19 14:27,85.035,48.4,1611.2,92.574
8/12/19 14:27,85.035,48.5,1593.7,92.574
8/12/19 14:27,85.082,48.5,1588.7,92.574
8/12/19 14:27,85.035,48.5,1591.2,92.574
8/12/19 14:27,85.082,48.6,1611.2,92.574
8/12/19 14:27,85.082,48.6,1628.7,92.574
8/12/19 14:27,85.082,48.6,1631.2,92.574
8/12/19 14:27,85.082,48.6,1648.7,92.574
8/12/19 14:27,85.082,48.5,1666.2,92.574
8/12/19 14:27,85.082,48.5,1673.7,92.574
8/12/19 14:27,85.082,48.4,1686.2,92.574
8/12/19 14:27,85.082,48.4,1698.7,92.574
8/12/19 14:27,85.082,48.4,1691.2,92.574
8/12/19 14:27,85.127,48.4,1676.2,92.574
8/12/19 14:27,85.127,48.4,1666.2,92.574
8/12/19 14:27,85.127,48.4,1676.2,92.574
8/12/19 14:27,85.127,48.5,1681.2,92.574
8/12/19 14:27,85.127,48.5,1683.7,92.574
8/12/19 14:27,85.127,48.6,1691.2,92.574
8/12/19 14:27,85.127,48.6,1701.2,92.574
8/12/19 14:27,85.127,48.6,1713.7,92.574
8/12/19 14:27,85.172,48.5,1713.7,92.574
8/12/19 14:27,85.172,48.4,1711.2,92.574
8/12/19 14:27,85.172,48.4,1703.7,92.574
8/12/19 14:27,85.172,48.3,1686.2,92.574
8/12/19 14:27,85.172,48.3,1673.7,92.574
8/12/19 14:27,85.172,48.3,1683.7,92.574
8/12/19 14:27,85.172,48.3,1713.7,92.574
8/12/19 14:27,85.217,48.3,1726.2,92.574
8/12/19 14:27,85.217,48.4,1731.2,92.527
8/12/19 14:27,85.217,48.4,1733.7,92.574
8/12/19 14:27,85.217,48.4,1731.2,92.527
8/12/19 14:27,85.217,48.5,1723.7,92.527
8/12/19 14:27,85.217,48.4,1711.2,92.527
8/12/19 14:27,85.217,48.5,1691.2,92.527
8/12/19 14:27,85.262,48.5,1676.2,92.527
8/12/19 14:27,85.262,48.5,1661.2,92.527
8/12/19 14:27,85.262,48.5,1648.7,92.527
8/12/19 14:27,85.262,48.5,1648.7,92.574
8/12/19 14:27,85.307,48.4,1648.7,92.527
8/12/19 14:27,85.307,48.4,1653.7,92.527
8/12/19 14:27,85.307,48.4,1653.7,92.527
8/12/19 14:27,85.307,48.3,1656.2,92.527
8/12/19 14:27,85.307,48.3,1658.7,92.527
8/12/19 14:27,85.307,48.3,1653.7,92.527
8/12/19 14:27,85.307,48.2,1638.7,92.527
8/12/19 14:27,85.352,48.2,1621.2,92.527
8/12/19 14:27,85.352,48.2,1606.2,92.527
8/12/19 14:27,85.352,48.2,1603.7,92.527
8/12/19 14:27,85.352,48.2,1606.2,92.527
8/12/19 14:28,85.352,48.2,1593.7,92.527
8/12/19 14:28,85.352,48.1,1581.2,92.527
8/12/19 14:28,85.397,48.1,1573.7,92.527
8/12/19 14:28,85.397,48.1,1566.2,92.527
8/12/19 14:28,85.397,48.1,1568.7,92.527
8/12/19 14:28,85.397,48,1573.7,92.527
8/12/19 14:28,85.397,48.1,1573.7,92.527
8/12/19 14:28,85.397,48.1,1558.7,92.527
8/12/19 14:28,85.397,48.2,1543.7,92.527
8/12/19 14:28,85.397,48.2,1533.7,92.527
8/12/19 14:28,85.442,48.2,1526.2,92.527
8/12/19 14:28,85.442,48.3,1531.2,92.527
8/12/19 14:28,85.442,48.3,1548.7,92.527
8/12/19 14:28,85.442,48.3,1561.2,92.527
8/12/19 14:28,85.442,48.3,1561.2,92.527
8/12/19 14:28,85.442,48.3,1553.7,92.527
8/12/19 14:28,85.442,48.3,1558.7,92.527
8/12/19 14:28,85.442,48.3,1558.7,92.527
8/12/19 14:28,85.442,48.3,1568.7,92.527
8/12/19 14:28,85.442,48.3,1566.2,92.527
8/12/19 14:28,85.442,48.3,1551.2,92.527
8/12/19 14:28,85.442,48.3,1543.7,92.527
8/12/19 14:28,85.442,48.3,1538.7,92.527
8/12/19 14:28,85.442,48.4,1536.2,92.527
8/12/19 14:28,85.442,48.5,1543.7,92.527
8/12/19 14:28,85.442,48.5,1548.7,92.527
8/12/19 14:28,85.487,48.6,1551.2,92.527
8/12/19 14:28,85.487,48.7,1553.7,92.527
8/12/19 14:28,85.487,48.8,1561.2,92.527
8/12/19 14:28,85.487,48.8,1566.2,92.527
8/12/19 14:28,85.487,48.8,1551.2,92.527
8/12/19 14:28,85.487,48.8,1531.2,92.527
8/12/19 14:28,85.487,48.7,1521.2,92.527
8/12/19 14:28,85.487,48.6,1508.7,92.527
8/12/19 14:28,85.487,48.5,1498.7,92.527
8/12/19 14:28,85.487,48.5,1491.2,92.527
8/12/19 14:28,85.532,48.5,1473.7,92.527
8/12/19 14:28,85.532,48.5,1463.7,92.527
8/12/19 14:28,85.532,48.4,1456.2,92.527
8/12/19 14:28,85.532,48.5,1446.2,92.527
8/12/19 14:28,85.532,48.5,1453.7,92.527
8/12/19 14:28,85.532,48.5,1466.2,92.527
8/12/19 14:28,85.532,48.5,1468.7,92.527
8/12/19 14:28,85.532,48.4,1468.7,92.527
8/12/19 14:28,85.532,48.4,1473.7,92.527
8/12/19 14:28,85.577,48.4,1481.2,92.527
8/12/19 14:28,85.577,48.3,1496.2,92.527
8/12/19 14:28,85.577,48,1493.7,92.527
8/12/19 14:28,85.577,47.7,1473.7,92.527
8/12/19 14:28,85.577,47.6,1463.7,92.527
8/12/19 14:28,85.577,47.5,1461.2,92.527
8/12/19 14:28,85.577,47.4,1446.2,92.527
8/12/19 14:28,85.577,47.4,1468.7,92.527
8/12/19 14:28,85.577,47.3,1473.7,92.527
8/12/19 14:28,85.577,47.4,1448.7,92.527
8/12/19 14:28,85.577,47.3,1448.7,92.527
8/12/19 14:28,85.577,47.3,1458.7,92.527
8/12/19 14:28,85.577,47.2,1466.2,92.527
8/12/19 14:28,85.577,47.2,1463.7,92.48
8/12/19 14:28,85.577,47.2,1456.2,92.527
8/12/19 14:29,85.577,47.1,1431.2,92.527
8/12/19 14:29,85.577,47,1416.2,92.527
8/12/19 14:29,85.577,46.9,1383.7,92.48
8/12/19 14:29,85.577,46.9,1361.2,92.48
8/12/19 14:29,85.577,46.9,1361.2,92.48
8/12/19 14:29,85.532,47,1406.2,92.48
8/12/19 14:29,85.532,47,1441.2,92.48
8/12/19 14:29,85.532,46.9,1466.2,92.527
8/12/19 14:29,85.532,46.9,1496.2,92.48
8/12/19 14:29,85.532,46.8,1526.2,92.48
8/12/19 14:29,85.532,46.7,1543.7,92.48
8/12/19 14:29,85.532,46.6,1543.7,92.48
8/12/19 14:29,85.532,46.5,1543.7,92.48
8/12/19 14:29,85.487,46.5,1553.7,92.48
8/12/19 14:29,85.487,46.4,1553.7,92.48
8/12/19 14:29,85.487,46.3,1546.2,92.527
8/12/19 14:29,85.487,46.3,1541.2,92.48
8/12/19 14:29,85.487,46.2,1546.2,92.48
8/12/19 14:29,85.487,46.2,1551.2,92.48
8/12/19 14:29,85.442,46.2,1543.7,92.48
8/12/19 14:29,85.442,46.2,1531.2,92.48
8/12/19 14:29,85.442,46.2,1533.7,92.48
8/12/19 14:29,85.442,46.2,1546.2,92.48
8/12/19 14:29,85.442,46.2,1551.2,92.48
8/12/19 14:29,85.397,46.1,1558.7,92.48
8/12/19 14:29,85.397,46.1,1566.2,92.48
8/12/19 14:29,85.397,46,1566.2,92.48
8/12/19 14:29,85.397,46,1551.2,92.48
8/12/19 14:29,85.352,46.1,1531.2,92.48
8/12/19 14:29,85.352,46.1,1523.7,92.48
8/12/19 14:29,85.352,46.1,1528.7,92.48
8/12/19 14:29,85.352,46.2,1526.2,92.48
8/12/19 14:29,85.307,46.3,1528.7,92.48
8/12/19 14:29,85.307,46.4,1548.7,92.48
8/12/19 14:29,85.307,46.4,1561.2,92.48
8/12/19 14:29,85.307,46.4,1551.2,92.48
8/12/19 14:29,85.262,46.5,1543.7,92.48
8/12/19 14:29,85.262,46.5,1553.7,92.48
8/12/19 14:29,85.262,46.6,1563.7,92.48
8/12/19 14:29,85.262,46.7,1573.7,92.48
8/12/19 14:29,85.262,46.8,1571.2,92.48
8/12/19 14:29,85.262,46.8,1563.7,92.48
8/12/19 14:29,85.217,46.8,1538.7,92.48
8/12/19 14:29,85.217,46.8,1493.7,92.48
8/12/19 14:29,85.217,46.8,1461.2,92.48
8/12/19 14:29,85.217,46.7,1463.7,92.48
8/12/19 14:29,85.217,46.7,1473.7,92.48
8/12/19 14:29,85.217,46.7,1488.7,92.48
8/12/19 14:29,85.217,46.7,1498.7,92.48
8/12/19 14:29,85.217,46.8,1506.2,92.48
8/12/19 14:29,85.217,46.8,1498.7,92.48
8/12/19 14:29,85.172,46.8,1491.2,92.48
8/12/19 14:29,85.172,46.8,1496.2,92.48
8/12/19 14:29,85.172,46.8,1516.2,92.48
8/12/19 14:29,85.172,46.8,1538.7,92.48
8/12/19 14:29,85.172,46.8,1541.2,92.48
8/12/19 14:29,85.172,46.8,1528.7,92.48
8/12/19 14:29,85.172,46.8,1508.7,92.48
8/12/19 14:29,85.172,46.8,1478.7,92.48
8/12/19 14:29,85.172,46.8,1453.7,92.48
8/12/19 14:30,85.172,46.7,1433.7,92.48
8/12/19 14:30,85.172,46.7,1411.2,92.48
8/12/19 14:30,85.172,46.6,1391.2,92.48
8/12/19 14:30,85.172,46.5,1368.7,92.48
8/12/19 14:30,85.127,46.5,1348.7,92.48
8/12/19 14:30,85.172,46.5,1331.2,92.48
8/12/19 14:30,85.172,46.5,1321.2,92.48
8/12/19 14:30,85.127,46.5,1326.2,92.48
8/12/19 14:30,85.127,46.6,1351.2,92.48
8/12/19 14:30,85.127,46.7,1368.7,92.433
8/12/19 14:30,85.127,46.7,1358.7,92.433
8/12/19 14:30,85.127,46.9,1336.2,92.433
8/12/19 14:30,85.082,46.9,1318.7,92.433
8/12/19 14:30,85.082,46.9,1293.7,92.433
8/12/19 14:30,85.082,46.9,1268.7,92.433
8/12/19 14:30,85.082,46.9,1251.2,92.433
8/12/19 14:30,85.082,46.9,1246.2,92.433
8/12/19 14:30,85.082,46.9,1266.2,92.433
8/12/19 14:30,85.082,46.9,1291.2,92.433
8/12/19 14:30,85.082,46.9,1286.2,92.433
8/12/19 14:30,85.082,46.9,1266.2,92.433
8/12/19 14:30,85.035,46.9,1246.2,92.433
8/12/19 14:30,85.035,47,1241.2,92.433
8/12/19 14:30,85.035,47.1,1248.7,92.433
8/12/19 14:30,85.035,47.1,1258.7,92.433
8/12/19 14:30,85.035,47.2,1271.2,92.433
8/12/19 14:30,85.035,47.3,1298.7,92.433
8/12/19 14:30,85.035,47.4,1343.7,92.433
8/12/19 14:30,84.99,47.4,1383.7,92.433
8/12/19 14:30,84.99,47.5,1403.7,92.433
8/12/19 14:30,84.99,47.5,1403.7,92.433
8/12/19 14:30,84.99,47.5,1403.7,92.433
8/12/19 14:30,84.99,47.5,1396.2,92.433
8/12/19 14:30,84.99,47.5,1391.2,92.433
8/12/19 14:30,84.99,47.5,1381.2,92.433
8/12/19 14:30,84.99,47.5,1383.7,92.433
8/12/19 14:30,84.99,47.5,1388.7,92.433
8/12/19 14:30,84.99,47.3,1388.7,92.433
8/12/19 14:30,84.99,47.2,1391.2,92.433
8/12/19 14:30,84.99,47.2,1396.2,92.433
8/12/19 14:30,84.945,47.1,1398.7,92.433
8/12/19 14:30,84.945,47,1393.7,92.433
8/12/19 14:30,84.945,46.9,1388.7,92.433
8/12/19 14:30,84.945,46.9,1393.7,92.433
8/12/19 14:30,84.945,47,1401.2,92.433
8/12/19 14:30,84.945,47,1396.2,92.433
8/12/19 14:30,84.945,47,1391.2,92.433
8/12/19 14:30,84.945,47.1,1398.7,92.433
8/12/19 14:30,84.945,47.2,1408.7,92.433
8/12/19 14:30,84.945,47.3,1391.2,92.433
8/12/19 14:30,84.945,47.4,1386.2,92.433
8/12/19 14:30,84.945,47.5,1391.2,92.386
8/12/19 14:30,84.9,47.6,1383.7,92.386
8/12/19 14:30,84.9,47.6,1371.2,92.433
8/12/19 14:30,84.9,47.7,1363.7,92.386
8/12/19 14:30,84.9,47.8,1361.2,92.433
8/12/19 14:30,84.9,47.9,1383.7,92.386
8/12/19 14:30,84.9,47.9,1408.7,92.386
8/12/19 14:30,84.9,48,1396.2,92.386
8/12/19 14:30,84.9,48.1,1388.7,92.386
8/12/19 14:31,84.9,48.2,1413.7,92.386
8/12/19 14:31,84.9,48.3,1466.2,92.386
8/12/19 14:31,84.9,48.3,1501.2,92.386
8/12/19 14:31,84.9,48.4,1533.7,92.386
8/12/19 14:31,84.9,48.4,1556.2,92.386
8/12/19 14:31,84.9,48.5,1556.2,92.386
8/12/19 14:31,84.9,48.6,1538.7,92.386
8/12/19 14:31,84.9,48.6,1518.7,92.386
8/12/19 14:31,84.9,48.6,1523.7,92.386
8/12/19 14:31,84.9,48.6,1533.7,92.386
8/12/19 14:31,84.9,48.5,1523.7,92.386
8/12/19 14:31,84.9,48.4,1503.7,92.386
8/12/19 14:31,84.9,48.3,1468.7,92.386
8/12/19 14:31,84.9,48.3,1451.2,92.386
8/12/19 14:31,84.9,48.2,1468.7,92.386
8/12/19 14:31,84.9,48,1483.7,92.386
8/12/19 14:31,84.9,48,1503.7,92.386
8/12/19 14:31,84.9,47.9,1526.2,92.386
8/12/19 14:31,84.9,48,1533.7,92.386
8/12/19 14:31,84.945,48,1516.2,92.386
8/12/19 14:31,84.945,48.1,1488.7,92.386
8/12/19 14:31,84.9,48,1471.2,92.386
8/12/19 14:31,84.945,47.8,1463.7,92.386
8/12/19 14:31,84.945,47.6,1481.2,92.386
8/12/19 14:31,84.945,47.5,1511.2,92.386
8/12/19 14:31,84.945,47.4,1528.7,92.386
8/12/19 14:31,84.945,47.3,1528.7,92.386
8/12/19 14:31,84.9,47.3,1523.7,92.386
8/12/19 14:31,84.945,47.3,1506.2,92.386
8/12/19 14:31,84.9,47.3,1516.2,92.386
8/12/19 14:31,84.9,47.3,1548.7,92.386
8/12/19 14:31,84.9,47.3,1561.2,92.338
8/12/19 14:31,84.9,47.3,1548.7,92.338
8/12/19 14:31,84.9,47.4,1526.2,92.386
8/12/19 14:31,84.9,47.5,1503.7,92.338
8/12/19 14:31,84.9,47.4,1486.2,92.338
8/12/19 14:31,84.9,47.3,1493.7,92.338
8/12/19 14:31,84.9,47.3,1503.7,92.338
8/12/19 14:31,84.9,47.4,1503.7,92.338
8/12/19 14:31,84.857,47.5,1516.2,92.338
8/12/19 14:31,84.857,47.6,1536.2,92.338
8/12/19 14:31,84.857,47.6,1551.2,92.338
8/12/19 14:31,84.857,47.6,1558.7,92.338
8/12/19 14:31,84.857,47.6,1566.2,92.338
8/12/19 14:31,84.857,47.6,1573.7,92.338
8/12/19 14:31,84.857,47.6,1576.2,92.338
8/12/19 14:31,84.857,47.6,1568.7,92.338
8/12/19 14:31,84.857,47.6,1566.2,92.338
8/12/19 14:31,84.857,47.5,1578.7,92.338
8/12/19 14:31,84.857,47.5,1596.2,92.338
8/12/19 14:31,84.857,47.5,1598.7,92.338
8/12/19 14:31,84.812,47.5,1601.2,92.338
8/12/19 14:31,84.812,47.5,1591.2,92.338
8/12/19 14:31,84.812,47.5,1581.2,92.338
8/12/19 14:31,84.812,47.4,1586.2,92.338
8/12/19 14:31,84.812,47.4,1598.7,92.338
8/12/19 14:31,84.812,47.3,1598.7,92.338
8/12/19 14:31,84.812,47.3,1588.7,92.338
8/12/19 14:31,84.812,47.4,1593.7,92.338
8/12/19 14:31,84.767,47.5,1603.7,92.338
8/12/19 14:32,84.767,47.5,1606.2,92.338
8/12/19 14:32,84.767,47.5,1608.7,92.338
8/12/19 14:32,84.767,47.6,1608.7,92.338
8/12/19 14:32,84.767,47.6,1583.7,92.338
8/12/19 14:32,84.767,47.6,1561.2,92.338
8/12/19 14:32,84.767,47.6,1558.7,92.338
8/12/19 14:32,84.767,47.6,1586.2,92.338
8/12/19 14:32,84.767,47.6,1616.2,92.338
8/12/19 14:32,84.767,47.6,1626.2,92.338
8/12/19 14:32,84.767,47.6,1633.7,92.338
8/12/19 14:32,84.767,47.6,1638.7,92.338
8/12/19 14:32,84.767,47.7,1636.2,92.338
8/12/19 14:32,84.767,47.8,1626.2,92.338
8/12/19 14:32,84.767,47.8,1621.2,92.338
8/12/19 14:32,84.767,47.8,1611.2,92.338
8/12/19 14:32,84.767,47.7,1601.2,92.338
8/12/19 14:32,84.767,47.6,1591.2,92.338
8/12/19 14:32,84.767,47.6,1583.7,92.338
8/12/19 14:32,84.767,47.5,1591.2,92.338
8/12/19 14:32,84.767,47.5,1603.7,92.338
8/12/19 14:32,84.767,47.4,1608.7,92.338
8/12/19 14:32,84.767,47.4,1603.7,92.291
8/12/19 14:32,84.767,47.4,1608.7,92.291
8/12/19 14:32,84.767,47.4,1611.2,92.291
8/12/19 14:32,84.767,47.3,1606.2,92.338
8/12/19 14:32,84.767,47.3,1606.2,92.338
8/12/19 14:32,84.767,47.3,1608.7,92.291
8/12/19 14:32,84.767,47.2,1613.7,92.338
8/12/19 14:32,84.767,47.2,1621.2,92.291
8/12/19 14:32,84.767,47.1,1638.7,92.338
8/12/19 14:32,84.767,47,1651.2,92.291
8/12/19 14:32,84.767,46.9,1656.2,92.291
8/12/19 14:32,84.722,46.9,1641.2,92.291
8/12/19 14:32,84.722,46.7,1628.7,92.291
8/12/19 14:32,84.722,46.6,1641.2,92.291
8/12/19 14:32,84.722,46.5,1661.2,92.291
8/12/19 14:32,84.722,46.4,1668.7,92.291
8/12/19 14:32,84.722,46.4,1668.7,92.291
8/12/19 14:32,84.677,46.3,1668.7,92.291
8/12/19 14:32,84.677,46.3,1671.2,92.291
8/12/19 14:32,84.677,46.3,1673.7,92.291
8/12/19 14:32,84.677,46.4,1676.2,92.291
8/12/19 14:32,84.677,46.5,1676.2,92.291
8/12/19 14:32,84.632,46.5,1671.2,92.291
8/12/19 14:32,84.632,46.5,1663.7,92.291
8/12/19 14:32,84.632,46.6,1663.7,92.291
8/12/19 14:32,84.632,46.7,1661.2,92.291
8/12/19 14:32,84.587,46.7,1653.7,92.291
8/12/19 14:32,84.587,46.7,1658.7,92.291
8/12/19 14:32,84.587,46.7,1666.2,92.291
8/12/19 14:32,84.587,46.7,1668.7,92.291
8/12/19 14:32,84.587,46.8,1668.7,92.291
8/12/19 14:32,84.587,46.9,1668.7,92.291
8/12/19 14:32,84.542,46.9,1666.2,92.291
8/12/19 14:32,84.542,46.9,1661.2,92.291
8/12/19 14:32,84.542,47,1631.2,92.291
8/12/19 14:32,84.542,47.1,1576.2,92.291
8/12/19 14:32,84.542,47.1,1521.2,92.291
8/12/19 14:32,84.542,47.1,1473.7,92.291
8/12/19 14:32,84.542,47.2,1438.7,92.291
8/12/19 14:33,84.542,47.2,1418.7,92.338
8/12/19 14:33,84.542,47.2,1411.2,92.338
8/12/19 14:33,84.542,47.3,1411.2,92.338
8/12/19 14:33,84.542,47.3,1418.7,92.338
8/12/19 14:33,84.497,47.4,1416.2,92.338
8/12/19 14:33,84.542,47.5,1433.7,92.338
8/12/19 14:33,84.497,47.6,1463.7,92.338
8/12/19 14:33,84.542,47.6,1496.2,92.338
8/12/19 14:33,84.542,47.8,1528.7,92.338
8/12/19 14:33,84.542,47.9,1546.2,92.338
8/12/19 14:33,84.542,48,1551.2,92.338
8/12/19 14:33,84.542,48.1,1556.2,92.338
8/12/19 14:33,84.542,48.2,1561.2,92.386
8/12/19 14:33,84.542,48.3,1568.7,92.338
8/12/19 14:33,84.542,48.3,1578.7,92.386
8/12/19 14:33,84.542,48.4,1596.2,92.338
8/12/19 14:33,84.542,48.5,1601.2,92.386
8/12/19 14:33,84.542,48.6,1593.7,92.386
8/12/19 14:33,84.542,48.6,1591.2,92.386
8/12/19 14:33,84.542,48.7,1583.7,92.386
8/12/19 14:33,84.542,48.8,1578.7,92.386
8/12/19 14:33,84.587,48.8,1576.2,92.386
8/12/19 14:33,84.587,48.9,1583.7,92.386
8/12/19 14:33,84.587,48.9,1588.7,92.386
8/12/19 14:33,84.587,48.9,1588.7,92.386
8/12/19 14:33,84.632,48.9,1586.2,92.386
8/12/19 14:33,84.632,48.8,1588.7,92.386
8/12/19 14:33,84.632,48.6,1598.7,92.386
8/12/19 14:33,84.677,48.5,1608.7,92.386
8/12/19 14:33,84.677,48.3,1613.7,92.386
8/12/19 14:33,84.677,48.1,1616.2,92.386
8/12/19 14:33,84.677,47.8,1603.7,92.386
8/12/19 14:33,84.677,47.6,1573.7,92.386
8/12/19 14:33,84.677,47.6,1533.7,92.386
8/12/19 14:33,84.677,47.4,1511.2,92.386
8/12/19 14:33,84.677,47.3,1503.7,92.386
8/12/19 14:33,84.722,47.2,1491.2,92.386
8/12/19 14:33,84.722,47,1483.7,92.386
8/12/19 14:33,84.722,46.9,1491.2,92.386
8/12/19 14:33,84.722,46.9,1503.7,92.386
8/12/19 14:33,84.722,46.9,1506.2,92.386
8/12/19 14:33,84.722,46.9,1506.2,92.386
8/12/19 14:33,84.722,46.9,1501.2,92.386
8/12/19 14:33,84.722,46.9,1496.2,92.386
8/12/19 14:33,84.722,46.9,1498.7,92.386
8/12/19 14:33,84.722,46.9,1496.2,92.386
8/12/19 14:33,84.722,46.9,1493.7,92.386
8/12/19 14:33,84.722,46.9,1491.2,92.386
8/12/19 14:33,84.722,46.9,1501.2,92.386
8/12/19 14:33,84.722,46.9,1528.7,92.386
8/12/19 14:33,84.722,46.9,1561.2,92.386
8/12/19 14:33,84.722,46.9,1593.7,92.386
8/12/19 14:33,84.722,46.9,1626.2,92.386
8/12/19 14:33,84.677,46.9,1648.7,92.386
8/12/19 14:33,84.677,47,1663.7,92.386
8/12/19 14:33,84.677,47.1,1668.7,92.386
8/12/19 14:33,84.677,47.1,1676.2,92.386
8/12/19 14:33,84.677,47,1681.2,92.386
8/12/19 14:33,84.677,46.9,1681.2,92.386
8/12/19 14:33,84.677,46.9,1671.2,92.386
8/12/19 14:34,84.677,46.9,1668.7,92.386
8/12/19 14:34,84.677,46.9,1668.7,92.386
8/12/19 14:34,84.677,46.8,1666.2,92.386
8/12/19 14:34,84.677,46.8,1666.2,92.338
8/12/19 14:34,84.632,46.7,1671.2,92.386
8/12/19 14:34,84.632,46.7,1671.2,92.338
8/12/19 14:34,84.632,46.7,1658.7,92.338
8/12/19 14:34,84.632,46.8,1643.7,92.338
8/12/19 14:34,84.632,46.9,1626.2,92.338
8/12/19 14:34,84.632,46.9,1608.7,92.338
8/12/19 14:34,84.632,46.9,1593.7,92.338
8/12/19 14:34,84.587,46.9,1576.2,92.338
8/12/19 14:34,84.587,46.9,1553.7,92.338
8/12/19 14:34,84.587,46.9,1526.2,92.338
8/12/19 14:34,84.587,46.9,1503.7,92.338
8/12/19 14:34,84.587,46.9,1496.2,92.338
8/12/19 14:34,84.587,46.9,1491.2,92.338
8/12/19 14:34,84.587,46.9,1473.7,92.338
8/12/19 14:34,84.587,46.9,1441.2,92.338
8/12/19 14:34,84.542,46.9,1418.7,92.338
8/12/19 14:34,84.587,46.9,1406.2,92.338
8/12/19 14:34,84.542,46.9,1391.2,92.338
8/12/19 14:34,84.542,47,1368.7,92.338
8/12/19 14:34,84.542,47,1336.2,92.338
8/12/19 14:34,84.542,47.1,1318.7,92.338
8/12/19 14:34,84.542,47.1,1328.7,92.338
8/12/19 14:34,84.542,47.2,1336.2,92.338
8/12/19 14:34,84.542,47.3,1353.7,92.338
8/12/19 14:34,84.542,47.5,1381.2,92.338
8/12/19 14:34,84.542,47.6,1408.7,92.338
8/12/19 14:34,84.542,47.6,1418.7,92.338
8/12/19 14:34,84.542,47.8,1423.7,92.338
8/12/19 14:34,84.542,47.9,1418.7,92.338
8/12/19 14:34,84.542,48.1,1413.7,92.338
8/12/19 14:34,84.542,48.2,1418.7,92.291
8/12/19 14:34,84.542,48.3,1441.2,92.338
8/12/19 14:34,84.542,48.3,1468.7,92.291
8/12/19 14:34,84.542,48.4,1483.7,92.291
8/12/19 14:34,84.542,48.4,1486.2,92.291
8/12/19 14:34,84.542,48.5,1488.7,92.291
8/12/19 14:34,84.542,48.6,1496.2,92.291
8/12/19 14:34,84.542,48.7,1506.2,92.291
8/12/19 14:34,84.587,48.8,1518.7,92.291
8/12/19 14:34,84.587,48.9,1526.2,92.291
8/12/19 14:34,84.587,48.9,1526.2,92.291
8/12/19 14:34,84.587,49,1531.2,92.291
8/12/19 14:34,84.587,49,1533.7,92.291
8/12/19 14:34,84.632,49.1,1521.2,92.291
8/12/19 14:34,84.632,49.1,1498.7,92.291
8/12/19 14:34,84.632,49.2,1458.7,92.291
8/12/19 14:34,84.632,49.3,1433.7,92.291
8/12/19 14:34,84.677,49.4,1426.2,92.291
8/12/19 14:34,84.677,49.4,1441.2,92.291
8/12/19 14:34,84.677,49.4,1483.7,92.291
8/12/19 14:34,84.677,49.4,1511.2,92.291
8/12/19 14:34,84.722,49.3,1506.2,92.291
8/12/19 14:34,84.722,49.2,1493.7,92.291
8/12/19 14:34,84.722,49.2,1491.2,92.291
8/12/19 14:34,84.722,49.2,1503.7,92.291
8/12/19 14:34,84.767,49.2,1506.2,92.291
8/12/19 14:35,84.767,49.2,1481.2,92.291
8/12/19 14:35,84.767,49.3,1453.7,92.291
8/12/19 14:35,84.767,49.3,1441.2,92.291
8/12/19 14:35,84.812,49.4,1438.7,92.291
8/12/19 14:35,84.812,49.5,1441.2,92.291
8/12/19 14:35,84.812,49.6,1446.2,92.291
8/12/19 14:35,84.812,49.6,1438.7,92.291
8/12/19 14:35,84.857,49.7,1438.7,92.291
8/12/19 14:35,84.857,49.7,1451.2,92.291
8/12/19 14:35,84.857,49.8,1473.7,92.291
8/12/19 14:35,84.857,49.8,1503.7,92.291
8/12/19 14:35,84.9,49.8,1541.2,92.291
8/12/19 14:35,84.9,49.8,1591.2,92.291
8/12/19 14:35,84.9,49.7,1651.2,92.291
8/12/19 14:35,84.945,49.7,1693.7,92.291
8/12/19 14:35,84.945,49.6,1708.7,92.291
8/12/19 14:35,84.945,49.6,1726.2,92.291
8/12/19 14:35,84.99,49.6,1746.2,92.291
8/12/19 14:35,84.99,49.6,1748.7,92.291
8/12/19 14:35,84.99,49.6,1743.7,92.291
8/12/19 14:35,84.99,49.6,1738.7,92.291
8/12/19 14:35,85.035,49.5,1736.2,92.291
8/12/19 14:35,85.035,49.4,1736.2,92.291
8/12/19 14:35,85.035,49.3,1726.2,92.291
8/12/19 14:35,85.082,49.2,1726.2,92.291
8/12/19 14:35,85.082,49.1,1733.7,92.291
8/12/19 14:35,85.082,49,1736.2,92.244
8/12/19 14:35,85.127,48.9,1741.2,92.291
8/12/19 14:35,85.127,48.9,1756.2,92.244
8/12/19 14:35,85.127,48.9,1758.7,92.244
8/12/19 14:35,85.127,48.9,1741.2,92.291
8/12/19 14:35,85.127,48.9,1721.2,92.291
8/12/19 14:35,85.172,48.9,1703.7,92.291
8/12/19 14:35,85.172,48.9,1701.2,92.291
8/12/19 14:35,85.172,48.9,1716.2,92.291
8/12/19 14:35,85.172,48.9,1726.2,92.291
8/12/19 14:35,85.172,48.9,1728.7,92.244
8/12/19 14:35,85.217,48.9,1736.2,92.244
8/12/19 14:35,85.217,48.9,1741.2,92.244
8/12/19 14:35,85.217,48.9,1741.2,92.291
8/12/19 14:35,85.217,49,1733.7,92.291
8/12/19 14:35,85.217,49,1736.2,92.244
8/12/19 14:35,85.262,49,1738.7,92.291
8/12/19 14:35,85.262,49.1,1731.2,92.291
8/12/19 14:35,85.262,49.1,1211.2,92.244
8/12/19 14:35,85.262,49.1,1586.2,92.244
8/12/19 14:35,85.307,49,1373.7,92.244
8/12/19 14:35,85.307,48.9,1608.7,92.244
8/12/19 14:35,85.307,48.6,1281.2,92.291
8/12/19 14:35,85.307,48.4,1603.7,92.291
8/12/19 14:35,85.352,48.3,1546.2,92.244
8/12/19 14:35,85.352,48.2,1556.2,92.291
8/12/19 14:35,85.352,47.9,1558.7,92.244
8/12/19 14:35,85.352,47.8,1438.7,92.244
8/12/19 14:35,85.352,47.6,1516.2,92.291
8/12/19 14:35,85.352,47.6,1671.2,92.291
8/12/19 14:35,85.352,47.5,1276.2,92.291
8/12/19 14:35,85.352,47.5,1236.2,92.244
8/12/19 14:35,85.352,47.5,1248.7,92.291
8/12/19 14:35,85.352,47.5,1248.7,92.244
8/12/19 14:36,85.352,47.5,1188.7,92.244
8/12/19 14:36,85.397,47.5,1251.2,92.291
8/12/19 14:36,85.352,47.5,1248.7,92.291
8/12/19 14:36,85.352,47.6,1241.2,92.244
8/12/19 14:36,85.352,47.6,1221.2,92.244
8/12/19 14:36,85.352,47.6,1243.7,92.291
8/12/19 14:36,85.352,47.6,1223.7,92.291
8/12/19 14:36,85.352,47.6,1226.2,92.244
8/12/19 14:36,85.352,47.6,1238.7,92.244
8/12/19 14:36,85.352,47.6,1251.2,92.291
8/12/19 14:36,85.352,47.6,1253.7,92.244
8/12/19 14:36,85.352,47.6,1248.7,92.244
8/12/19 14:36,85.397,47.6,1261.2,92.244
8/12/19 14:36,85.352,47.6,1661.2,92.244
8/12/19 14:36,85.352,47.6,1398.7,92.244
8/12/19 14:36,85.352,47.6,1538.7,92.244
8/12/19 14:36,85.352,47.6,1431.2,92.244
8/12/19 14:36,85.352,47.6,1363.7,92.244
8/12/19 14:36,85.352,47.6,1361.2,92.244
8/12/19 14:36,85.352,47.6,1361.2,92.244
8/12/19 14:36,85.352,47.6,1343.7,92.244
8/12/19 14:36,85.352,47.6,1668.7,92.244
8/12/19 14:36,85.352,47.6,1638.7,92.244
8/12/19 14:36,85.352,47.6,1611.2,92.244
8/12/19 14:36,85.352,47.6,1603.7,92.244
8/12/19 14:36,85.352,47.6,1618.7,92.244
8/12/19 14:36,85.397,47.6,1628.7,92.244
8/12/19 14:36,85.397,47.6,1626.2,92.244
8/12/19 14:36,85.397,47.6,1638.7,92.244
8/12/19 14:36,85.397,47.6,1656.2,92.244
8/12/19 14:36,85.397,47.6,1661.2,92.244
8/12/19 14:36,85.397,47.6,1663.7,92.244
8/12/19 14:36,85.397,47.6,1673.7,92.244
8/12/19 14:36,85.397,47.6,1678.7,92.244
8/12/19 14:36,85.397,47.6,1678.7,92.244
8/12/19 14:36,85.397,47.6,1686.2,92.244
8/12/19 14:36,85.397,47.6,1706.2,92.244
8/12/19 14:36,85.397,47.6,1713.7,92.244
8/12/19 14:36,85.442,47.5,1711.2,92.244
8/12/19 14:36,85.442,47.6,1708.7,92.244
8/12/19 14:36,85.442,47.6,1711.2,92.244
8/12/19 14:36,85.442,47.6,1708.7,92.244
8/12/19 14:36,85.442,47.6,1713.7,92.244
8/12/19 14:36,85.442,47.6,1721.2,92.244
8/12/19 14:36,85.442,47.7,1728.7,92.244
8/12/19 14:36,85.442,47.8,1733.7,92.244
8/12/19 14:36,85.442,47.9,1736.2,92.244
8/12/19 14:36,85.442,48,1736.2,92.244
8/12/19 14:36,85.442,48,576.2,92.244
8/12/19 14:36,85.442,48.1,638.7,92.244
8/12/19 14:36,85.442,48.1,1438.7,92.244
8/12/19 14:36,85.487,48.1,1411.2,92.244
8/12/19 14:36,85.487,48,1461.2,92.244
8/12/19 14:36,85.487,47.9,1513.7,92.244
8/12/19 14:36,85.487,47.9,1571.2,92.244
8/12/19 14:36,85.487,47.9,1728.7,92.244
8/12/19 14:36,85.487,47.9,1736.2,92.244
8/12/19 14:36,85.532,47.9,1733.7,92.244
8/12/19 14:36,85.532,47.9,1731.2,92.197
8/12/19 14:36,85.532,47.9,1741.2,92.244
8/12/19 14:37,85.532,47.8,1748.7,92.244
8/12/19 14:37,85.532,47.7,1741.2,92.244
8/12/19 14:37,85.532,47.6,1733.7,92.244
8/12/19 14:37,85.577,47.6,1726.2,92.197
8/12/19 14:37,85.577,47.5,1721.2,92.197
8/12/19 14:37,85.577,47.3,1716.2,92.244
8/12/19 14:37,85.577,47.3,1711.2,92.197
8/12/19 14:37,85.577,47.3,1703.7,92.244
8/12/19 14:37,85.577,47.3,1698.7,92.197
8/12/19 14:37,85.577,47.3,1681.2,92.197
8/12/19 14:37,85.622,47.3,1663.7,92.197
8/12/19 14:37,85.622,47.3,1661.2,92.197
8/12/19 14:37,85.622,47.2,1641.2,92.197
8/12/19 14:37,85.622,47.1,1613.7,92.197
8/12/19 14:37,85.622,47,1603.7,92.197
8/12/19 14:37,85.622,46.9,1591.2,92.197
8/12/19 14:37,85.622,46.8,1571.2,92.244
8/12/19 14:37,85.622,46.7,1551.2,92.244
8/12/19 14:37,85.622,46.5,1546.2,92.244
8/12/19 14:37,85.622,46.5,1538.7,92.244
8/12/19 14:37,85.622,46.4,1533.7,92.244
8/12/19 14:37,85.622,46.3,1541.2,92.244
8/12/19 14:37,85.622,46.3,1558.7,92.244
8/12/19 14:37,85.622,46.3,1571.2,92.244
8/12/19 14:37,85.622,46.3,1581.2,92.244
8/12/19 14:37,85.622,46.3,1571.2,92.244
8/12/19 14:37,85.622,46.3,1556.2,92.244
8/12/19 14:37,85.622,46.4,1556.2,92.244
8/12/19 14:37,85.622,46.5,1566.2,92.244
8/12/19 14:37,85.577,46.5,1551.2,92.244
8/12/19 14:37,85.577,46.4,1521.2,92.244
8/12/19 14:37,85.577,46.4,1501.2,92.244
8/12/19 14:37,85.577,46.3,1496.2,92.244
8/12/19 14:37,85.577,46.3,1496.2,92.244
8/12/19 14:37,85.577,46.3,1493.7,92.244
8/12/19 14:37,85.577,46.3,1471.2,92.244
8/12/19 14:37,85.577,46.3,1436.2,92.244
8/12/19 14:37,85.532,46.3,1416.2,92.244
8/12/19 14:37,85.532,46.4,1398.7,92.244
8/12/19 14:37,85.532,46.4,1391.2,92.244
8/12/19 14:37,85.532,46.5,1391.2,92.244
8/12/19 14:37,85.532,46.5,1401.2,92.244
8/12/19 14:37,85.532,46.6,1403.7,92.244
8/12/19 14:37,85.532,46.6,1403.7,92.244
8/12/19 14:37,85.532,46.6,1413.7,92.244
8/12/19 14:37,85.532,46.5,1428.7,92.244
8/12/19 14:37,85.532,46.5,1433.7,92.244
8/12/19 14:37,85.532,46.5,1438.7,92.244
8/12/19 14:37,85.532,46.5,1448.7,92.244
8/12/19 14:37,85.487,46.4,1463.7,92.244
8/12/19 14:37,85.532,46.3,1483.7,92.244
8/12/19 14:37,85.532,46.3,1496.2,92.244
8/12/19 14:37,85.487,46.3,1513.7,92.244
8/12/19 14:37,85.487,46.3,1528.7,92.244
8/12/19 14:37,85.487,46.3,1533.7,92.244
8/12/19 14:37,85.487,46.3,1526.2,92.244
8/12/19 14:37,85.487,46.2,1528.7,92.244
8/12/19 14:37,85.487,46.2,1526.2,92.244
8/12/19 14:37,85.487,46.3,1523.7,92.244
8/12/19 14:37,85.487,46.3,1523.7,92.244
8/12/19 14:38,85.487,46.4,1526.2,92.244
8/12/19 14:38,85.487,46.5,1543.7,92.244
8/12/19 14:38,85.487,46.6,1551.2,92.244
8/12/19 14:38,85.487,46.7,1561.2,92.197
8/12/19 14:38,85.487,46.7,1568.7,92.244
8/12/19 14:38,85.487,46.7,1576.2,92.244
8/12/19 14:38,85.487,46.8,1581.2,92.197
8/12/19 14:38,85.487,46.9,1586.2,92.197
8/12/19 14:38,85.487,46.9,1588.7,92.244
8/12/19 14:38,85.487,46.9,1588.7,92.197
8/12/19 14:38,85.487,46.9,1588.7,92.197
8/12/19 14:38,85.487,47,1593.7,92.197
8/12/19 14:38,85.487,47.1,1591.2,92.197
8/12/19 14:38,85.487,47.1,1593.7,92.197
8/12/19 14:38,85.487,47.2,1601.2,92.197
8/12/19 14:38,85.487,47.2,1016.2,92.197
8/12/19 14:38,85.532,47.3,1101.2,92.197
8/12/19 14:38,85.487,47.5,693.7,92.197
8/12/19 14:38,85.532,47.6,1253.7,92.197
8/12/19 14:38,85.532,47.6,1396.2,92.197
8/12/19 14:38,85.532,47.8,1051.2,92.197
8/12/19 14:38,85.532,47.9,1558.7,92.197
8/12/19 14:38,85.532,48,1541.2,92.197
8/12/19 14:38,85.532,48.2,1526.2,92.197
8/12/19 14:38,85.532,48.3,1513.7,92.197
8/12/19 14:38,85.577,48.3,1503.7,92.197
8/12/19 14:38,85.577,48.3,1501.2,92.197
8/12/19 14:38,85.577,48.3,1503.7,92.197
8/12/19 14:38,85.577,48.3,1506.2,92.197
8/12/19 14:38,85.577,48.3,1498.7,92.197
8/12/19 14:38,85.577,48.3,1478.7,92.197
8/12/19 14:38,85.622,48.3,1473.7,92.197
8/12/19 14:38,85.622,48.2,1471.2,92.197
8/12/19 14:38,85.622,48.2,1453.7,92.197
8/12/19 14:38,85.622,48.2,1451.2,92.197
8/12/19 14:38,85.622,48.2,1468.7,92.244
8/12/19 14:38,85.622,48.2,1483.7,92.244
8/12/19 14:38,85.622,48.3,1483.7,92.244
8/12/19 14:38,85.667,48.3,1486.2,92.244
8/12/19 14:38,85.667,48.4,1488.7,92.244
8/12/19 14:38,85.667,48.4,1486.2,92.244
8/12/19 14:38,85.667,48.5,1488.7,92.244
8/12/19 14:38,85.667,48.5,1503.7,92.244
8/12/19 14:38,85.667,48.5,1528.7,92.244
8/12/19 14:38,85.667,48.4,1563.7,92.244
8/12/19 14:38,85.712,48.4,1601.2,92.244
8/12/19 14:38,85.712,48.4,1628.7,92.244
8/12/19 14:38,85.712,48.3,1646.2,92.244
8/12/19 14:38,85.712,48.3,1643.7,92.244
8/12/19 14:38,85.712,48.2,1643.7,92.244
8/12/19 14:38,85.712,48.2,1638.7,92.244
8/12/19 14:38,85.712,48.2,1623.7,92.244
8/12/19 14:38,85.712,48.3,1608.7,92.244
8/12/19 14:38,85.712,48.2,1611.2,92.244
8/12/19 14:38,85.712,48.2,1628.7,92.197
8/12/19 14:38,85.757,48.2,1641.2,92.244
8/12/19 14:38,85.757,48.1,1651.2,92.197
8/12/19 14:38,85.757,48,1638.7,92.244
8/12/19 14:38,85.757,47.8,1616.2,92.244
8/12/19 14:38,85.757,47.8,1596.2,92.197
8/12/19 14:39,85.757,47.9,1588.7,92.244
8/12/19 14:39,85.757,47.9,1588.7,92.244
8/12/19 14:39,85.757,48,1583.7,92.244
8/12/19 14:39,85.757,48,1581.2,92.197
8/12/19 14:39,85.757,48,1586.2,92.197
8/12/19 14:39,85.757,47.7,1596.2,92.197
8/12/19 14:39,85.757,47.6,1606.2,92.197
8/12/19 14:39,85.757,47.3,1608.7,92.244
8/12/19 14:39,85.757,47.1,1616.2,92.197
8/12/19 14:39,85.757,47,1618.7,92.197
8/12/19 14:39,85.757,47,1628.7,92.197
8/12/19 14:39,85.757,46.8,1628.7,92.197
8/12/19 14:39,85.757,46.7,1621.2,92.197
8/12/19 14:39,85.712,46.7,1618.7,92.197
8/12/19 14:39,85.712,46.7,1621.2,92.197
8/12/19 14:39,85.712,46.7,1621.2,92.197
8/12/19 14:39,85.712,46.7,1623.7,92.197
8/12/19 14:39,85.712,46.7,1621.2,92.197
8/12/19 14:39,85.712,46.7,1613.7,92.197
8/12/19 14:39,85.712,46.8,1613.7,92.197
8/12/19 14:39,85.712,46.9,1618.7,92.197
8/12/19 14:39,85.712,46.9,1626.2,92.197
8/12/19 14:39,85.712,46.9,1636.2,92.197
8/12/19 14:39,85.667,46.8,1646.2,92.197
8/12/19 14:39,85.667,46.8,1651.2,92.197
8/12/19 14:39,85.667,46.7,1643.7,92.197
8/12/19 14:39,85.667,46.7,1651.2,92.197
8/12/19 14:39,85.667,46.7,1663.7,92.197
8/12/19 14:39,85.667,46.8,1678.7,92.197
8/12/19 14:39,85.667,46.8,1688.7,92.197
8/12/19 14:39,85.667,46.8,1698.7,92.197
8/12/19 14:39,85.667,46.8,1698.7,92.197
8/12/19 14:39,85.667,46.9,1693.7,92.197
8/12/19 14:39,85.622,46.9,1696.2,92.197
8/12/19 14:39,85.622,46.9,1698.7,92.197
8/12/19 14:39,85.622,46.9,1706.2,92.197
8/12/19 14:39,85.622,47,1708.7,92.197
8/12/19 14:39,85.622,47,1701.2,92.197
8/12/19 14:39,85.622,47.1,1691.2,92.197
8/12/19 14:39,85.622,47.2,1696.2,92.197
8/12/19 14:39,85.622,47.2,1711.2,92.197
8/12/19 14:39,85.622,47.2,1718.7,92.197
8/12/19 14:39,85.622,47.3,1706.2,92.197
8/12/19 14:39,85.622,47.4,1701.2,92.197
8/12/19 14:39,85.622,47.4,1703.7,92.197
8/12/19 14:39,85.622,47.4,1708.7,92.197
8/12/19 14:39,85.622,47.5,1713.7,92.197
8/12/19 14:39,85.622,47.6,1716.2,92.197
8/12/19 14:39,85.622,47.6,1711.2,92.197
8/12/19 14:39,85.622,47.6,1721.2,92.197
8/12/19 14:39,85.622,47.6,1738.7,92.197
8/12/19 14:39,85.622,47.6,1741.2,92.197
8/12/19 14:39,85.622,47.6,1733.7,92.197
8/12/19 14:39,85.622,47.6,1731.2,92.197
8/12/19 14:39,85.622,47.6,1721.2,92.197
8/12/19 14:39,85.622,47.6,1716.2,92.197
8/12/19 14:39,85.622,47.6,1713.7,92.197
8/12/19 14:39,85.622,47.6,1701.2,92.197
8/12/19 14:39,85.667,47.6,1686.2,92.197
8/12/19 14:39,85.667,47.6,1686.2,92.197
8/12/19 14:40,85.667,47.6,1693.7,92.197
8/12/19 14:40,85.667,47.6,1706.2,92.197
8/12/19 14:40,85.667,47.6,1718.7,92.197
8/12/19 14:40,85.667,47.6,1713.7,92.197
8/12/19 14:40,85.667,47.6,1703.7,92.197
8/12/19 14:40,85.667,47.6,1701.2,92.197
8/12/19 14:40,85.667,47.6,1701.2,92.197
8/12/19 14:40,85.667,47.5,1703.7,92.197
8/12/19 14:40,85.667,47.5,1701.2,92.197
8/12/19 14:40,85.667,47.5,1701.2,92.197
8/12/19 14:40,85.667,47.5,1708.7,92.197
8/12/19 14:40,85.667,47.6,1711.2,92.151
8/12/19 14:40,85.667,47.6,1706.2,92.197
8/12/19 14:40,85.667,47.6,1718.7,92.197
8/12/19 14:40,85.667,47.7,1723.7,92.151
8/12/19 14:40,85.667,47.9,1721.2,92.197
8/12/19 14:40,85.667,48.1,1718.7,92.197
8/12/19 14:40,85.667,48.1,1716.2,92.151
8/12/19 14:40,85.667,48.1,1711.2,92.151
8/12/19 14:40,85.667,48.1,1718.7,92.151
8/12/19 14:40,85.667,48.1,1716.2,92.151
8/12/19 14:40,85.667,48.1,1708.7,92.151
8/12/19 14:40,85.712,48.1,1701.2,92.151
8/12/19 14:40,85.712,48.2,1691.2,92.197
8/12/19 14:40,85.712,48.2,1681.2,92.151
8/12/19 14:40,85.712,48.2,1688.7,92.151
8/12/19 14:40,85.712,48.3,1678.7,92.151
8/12/19 14:40,85.712,48.4,1663.7,92.151
8/12/19 14:40,85.712,48.4,1636.2,92.197
8/12/19 14:40,85.712,48.3,1611.2,92.151
8/12/19 14:40,85.712,48.3,1593.7,92.151
8/12/19 14:40,85.712,48.2,1588.7,92.151
8/12/19 14:40,85.757,48,1606.2,92.151
8/12/19 14:40,85.757,47.7,1613.7,92.151
8/12/19 14:40,85.757,47.7,1618.7,92.151
8/12/19 14:40,85.757,47.5,1641.2,92.197
8/12/19 14:40,85.757,47.4,1648.7,92.197
8/12/19 14:40,85.757,47.3,1626.2,92.197
8/12/19 14:40,85.757,47.2,1603.7,92.197
8/12/19 14:40,85.757,46.9,1598.7,92.197
8/12/19 14:40,85.757,46.9,1606.2,92.197
8/12/19 14:40,85.757,46.7,1608.7,92.197
8/12/19 14:40,85.757,46.6,1586.2,92.197
8/12/19 14:40,85.757,46.5,1558.7,92.197
8/12/19 14:40,85.757,46.4,1543.7,92.197
8/12/19 14:40,85.757,46.3,1536.2,92.197
8/12/19 14:40,85.757,46.2,1526.2,92.197
8/12/19 14:40,85.757,46.2,1528.7,92.197
8/12/19 14:40,85.712,46.2,1538.7,92.197
8/12/19 14:40,85.712,46.2,1546.2,92.197
8/12/19 14:40,85.712,46.2,1548.7,92.197
8/12/19 14:40,85.712,46.2,1541.2,92.197
8/12/19 14:40,85.712,46.2,1518.7,92.197
8/12/19 14:40,85.712,46.2,1498.7,92.197
8/12/19 14:40,85.712,46.3,1493.7,92.197
8/12/19 14:40,85.712,46.3,1496.2,92.197
8/12/19 14:40,85.667,46.4,1506.2,92.197
8/12/19 14:40,85.667,46.5,1528.7,92.151
8/12/19 14:40,85.667,46.6,1561.2,92.197
8/12/19 14:40,85.667,46.7,1563.7,92.151
8/12/19 14:41,85.667,46.8,1531.2,92.197
8/12/19 14:41,85.667,46.9,1506.2,92.197
8/12/19 14:41,85.667,46.9,1511.2,92.197
8/12/19 14:41,85.667,47,1521.2,92.197
8/12/19 14:41,85.667,47.1,1521.2,92.197
8/12/19 14:41,85.667,47.1,1526.2,92.197
8/12/19 14:41,85.667,47.1,1541.2,92.151
8/12/19 14:41,85.667,47,1536.2,92.197
8/12/19 14:41,85.667,46.9,1498.7,92.197
8/12/19 14:41,85.667,46.9,1471.2,92.197
8/12/19 14:41,85.667,46.9,1466.2,92.197
8/12/19 14:41,85.667,46.9,1463.7,92.197
8/12/19 14:41,85.667,46.9,1466.2,92.197
8/12/19 14:41,85.667,46.9,1468.7,92.151
8/12/19 14:41,85.667,46.9,1471.2,92.197
8/12/19 14:41,85.667,47,1448.7,92.197
8/12/19 14:41,85.667,47.1,1413.7,92.151
8/12/19 14:41,85.667,47.2,1361.2,92.197
8/12/19 14:41,85.667,47.3,1316.2,92.197
8/12/19 14:41,85.667,47.4,1321.2,92.151
8/12/19 14:41,85.667,47.5,1368.7,92.197
8/12/19 14:41,85.667,47.6,1406.2,92.151
8/12/19 14:41,85.667,47.6,1413.7,92.151
8/12/19 14:41,85.712,47.6,1393.7,92.151
8/12/19 14:41,85.712,47.7,1373.7,92.151
8/12/19 14:41,85.712,47.9,1383.7,92.151
8/12/19 14:41,85.712,48.2,1426.2,92.151
8/12/19 14:41,85.712,48.3,1471.2,92.151
8/12/19 14:41,85.712,48.4,1506.2,92.151
8/12/19 14:41,85.712,48.3,1541.2,92.197
8/12/19 14:41,85.757,48,1563.7,92.197
8/12/19 14:41,85.712,47.7,1566.2,92.197
8/12/19 14:41,85.712,47.6,1568.7,92.197
8/12/19 14:41,85.712,47.4,1598.7,92.197
8/12/19 14:41,85.712,47.2,1618.7,92.197
8/12/19 14:41,85.712,47.1,1616.2,92.197
8/12/19 14:41,85.712,47,1586.2,92.197
8/12/19 14:41,85.712,46.9,1566.2,92.197
8/12/19 14:41,85.712,46.9,1561.2,92.197
8/12/19 14:41,85.712,46.9,1561.2,92.197
8/12/19 14:41,85.712,46.9,1546.2,92.197
8/12/19 14:41,85.712,46.9,1521.2,92.197
8/12/19 14:41,85.712,46.9,1508.7,92.197
8/12/19 14:41,85.667,46.9,1521.2,92.197
8/12/19 14:41,85.667,46.9,1546.2,92.197
8/12/19 14:41,85.667,46.9,1548.7,92.197
8/12/19 14:41,85.667,46.8,1538.7,92.197
8/12/19 14:41,85.667,46.7,1523.7,92.197
8/12/19 14:41,85.667,46.6,1493.7,92.197
8/12/19 14:41,85.622,46.5,1466.2,92.197
8/12/19 14:41,85.622,46.5,1451.2,92.197
8/12/19 14:41,85.622,46.5,1443.7,92.197
8/12/19 14:41,85.622,46.5,1441.2,92.197
8/12/19 14:41,85.577,46.6,1446.2,92.197
8/12/19 14:41,85.577,46.6,1448.7,92.197
8/12/19 14:41,85.577,46.6,1453.7,92.197
8/12/19 14:41,85.577,46.7,1458.7,92.197
8/12/19 14:41,85.532,46.7,1458.7,92.197
8/12/19 14:41,85.532,46.9,1453.7,92.197
8/12/19 14:41,85.532,46.9,1446.2,92.151
8/12/19 14:42,85.532,46.9,1433.7,92.197
8/12/19 14:42,85.532,46.9,1436.2,92.151
8/12/19 14:42,85.487,46.9,1451.2,92.197
8/12/19 14:42,85.487,46.9,1461.2,92.151
8/12/19 14:42,85.487,46.9,1456.2,92.151
8/12/19 14:42,85.487,46.9,1446.2,92.151
8/12/19 14:42,85.487,46.8,1431.2,92.151
8/12/19 14:42,85.442,46.7,1403.7,92.151
8/12/19 14:42,85.442,46.6,1388.7,92.151
8/12/19 14:42,85.442,46.5,1386.2,92.151
8/12/19 14:42,85.442,46.5,1381.2,92.151
8/12/19 14:42,85.442,46.5,1381.2,92.151
8/12/19 14:42,85.442,46.5,1386.2,92.151
8/12/19 14:42,85.442,46.4,1376.2,92.151
8/12/19 14:42,85.397,46.4,1361.2,92.151
8/12/19 14:42,85.397,46.4,1366.2,92.151
8/12/19 14:42,85.397,46.3,1391.2,92.151
8/12/19 14:42,85.397,46.3,1413.7,92.151
8/12/19 14:42,85.397,46.4,1411.2,92.151
8/12/19 14:42,85.352,46.5,1393.7,92.151
8/12/19 14:42,85.352,46.6,1376.2,92.151
8/12/19 14:42,85.352,46.7,1348.7,92.151
8/12/19 14:42,85.352,46.8,1313.7,92.151
8/12/19 14:42,85.352,46.9,1316.2,92.151
8/12/19 14:42,85.307,46.9,1338.7,92.151
8/12/19 14:42,85.307,47,1373.7,92.151
8/12/19 14:42,85.307,47.1,1398.7,92.151
8/12/19 14:42,85.307,47.2,1421.2,92.151
8/12/19 14:42,85.307,47.3,1471.2,92.151
8/12/19 14:42,85.307,47.4,1498.7,92.151
8/12/19 14:42,85.307,47.5,1491.2,92.151
8/12/19 14:42,85.307,47.6,1476.2,92.151
8/12/19 14:42,85.307,47.6,1468.7,92.151
8/12/19 14:42,85.307,47.8,1476.2,92.151
8/12/19 14:42,85.307,47.9,1488.7,92.151
8/12/19 14:42,85.307,47.9,1508.7,92.151
8/12/19 14:42,85.307,47.9,1508.7,92.151
8/12/19 14:42,85.307,47.9,1483.7,92.151
8/12/19 14:42,85.307,47.9,1453.7,92.151
8/12/19 14:42,85.307,48,1446.2,92.151
8/12/19 14:42,85.307,48,1456.2,92.151
8/12/19 14:42,85.307,48.1,1471.2,92.151
8/12/19 14:42,85.307,48.1,1488.7,92.151
8/12/19 14:42,85.307,48,1506.2,92.151
8/12/19 14:42,85.307,48,1523.7,92.151
8/12/19 14:42,85.307,48,1531.2,92.151
8/12/19 14:42,85.352,47.9,1511.2,92.151
8/12/19 14:42,85.307,47.9,1486.2,92.151
8/12/19 14:42,85.307,47.9,1466.2,92.151
8/12/19 14:42,85.307,48,1453.7,92.151
8/12/19 14:42,85.307,48.1,1456.2,92.151
8/12/19 14:42,85.352,48.2,1451.2,92.151
8/12/19 14:42,85.352,48.3,1421.2,92.151
8/12/19 14:42,85.352,48.3,1388.7,92.151
8/12/19 14:42,85.352,48.4,1388.7,92.151
8/12/19 14:42,85.352,48.4,1388.7,92.151
8/12/19 14:42,85.352,48.3,1371.2,92.104
8/12/19 14:42,85.352,48.4,1363.7,92.151
8/12/19 14:42,85.352,48.3,1361.2,92.151
8/12/19 14:42,85.352,48.3,1363.7,92.151
8/12/19 14:43,85.352,48.2,1378.7,92.151
8/12/19 14:43,85.352,48.1,1398.7,92.151
8/12/19 14:43,85.352,47.9,1416.2,92.151
8/12/19 14:43,85.352,47.8,1433.7,92.151
8/12/19 14:43,85.397,47.7,1456.2,92.151
8/12/19 14:43,85.352,47.7,1458.7,92.151
8/12/19 14:43,85.397,47.7,1446.2,92.151
8/12/19 14:43,85.397,47.8,1433.7,92.151
8/12/19 14:43,85.397,47.8,1416.2,92.151
8/12/19 14:43,85.397,47.9,1388.7,92.104
8/12/19 14:43,85.352,47.8,1371.2,92.151
8/12/19 14:43,85.397,47.8,1361.2,92.151
8/12/19 14:43,85.397,47.7,1348.7,92.104
8/12/19 14:43,85.397,47.7,1326.2,92.104
8/12/19 14:43,85.397,47.7,1308.7,92.151
8/12/19 14:43,85.397,47.7,1293.7,92.104
8/12/19 14:43,85.397,47.7,1298.7,92.151
8/12/19 14:43,85.397,47.8,1318.7,92.104
8/12/19 14:43,85.397,47.8,1343.7,92.151
8/12/19 14:43,85.397,47.9,1356.2,92.104
8/12/19 14:43,85.397,48,1356.2,92.104
8/12/19 14:43,85.397,48.1,1341.2,92.104
8/12/19 14:43,85.397,48.1,1333.7,92.104
8/12/19 14:43,85.397,48.2,1336.2,92.104
8/12/19 14:43,85.397,48.3,1348.7,92.104
8/12/19 14:43,85.397,48.3,1356.2,92.104
8/12/19 14:43,85.397,48.3,1356.2,92.104
8/12/19 14:43,85.442,48.3,1366.2,92.104
8/12/19 14:43,85.442,48.4,1378.7,92.104
8/12/19 14:43,85.442,48.3,1388.7,92.104
8/12/19 14:43,85.442,48.4,1403.7,92.104
8/12/19 14:43,85.442,48.4,1431.2,92.104
8/12/19 14:43,85.442,48.3,1443.7,92.104
8/12/19 14:43,85.442,48.3,1443.7,92.104
8/12/19 14:43,85.487,48.2,1446.2,92.104
8/12/19 14:43,85.487,48.2,1463.7,92.104
8/12/19 14:43,85.487,48.1,1486.2,92.104
8/12/19 14:43,85.487,48.1,1491.2,92.104
8/12/19 14:43,85.487,47.9,1478.7,92.104
8/12/19 14:43,85.487,47.9,1481.2,92.104
8/12/19 14:43,85.487,47.8,1493.7,92.104
8/12/19 14:43,85.532,47.8,1486.2,92.104
8/12/19 14:43,85.532,47.8,1456.2,92.104
8/12/19 14:43,85.532,47.8,1433.7,92.104
8/12/19 14:43,85.532,47.8,1423.7,92.104
8/12/19 14:43,85.532,47.8,1428.7,92.104
8/12/19 14:43,85.532,47.8,1436.2,92.104
8/12/19 14:43,85.532,47.8,1436.2,92.104
8/12/19 14:43,85.577,47.8,1418.7,92.104
8/12/19 14:43,85.577,47.9,1408.7,92.104
8/12/19 14:43,85.577,47.9,1403.7,92.104
8/12/19 14:43,85.577,48,1418.7,92.104
8/12/19 14:43,85.577,48,891.2,92.104
8/12/19 14:43,85.577,47.9,1446.2,92.104
8/12/19 14:43,85.577,47.8,1438.7,92.104
8/12/19 14:43,85.622,47.6,1423.7,92.104
8/12/19 14:43,85.622,47.6,1408.7,92.104
8/12/19 14:43,85.622,47.5,1388.7,92.104
8/12/19 14:43,85.622,47.4,1368.7,92.104
8/12/19 14:43,85.622,47.3,1363.7,92.104
8/12/19 14:44,85.622,47.2,1373.7,92.104
8/12/19 14:44,85.622,47.2,1388.7,92.104
8/12/19 14:44,85.622,47.2,1396.2,92.104
8/12/19 14:44,85.622,47.2,1401.2,92.104
8/12/19 14:44,85.622,47.2,1408.7,92.104
8/12/19 14:44,85.622,47.2,1408.7,92.104
8/12/19 14:44,85.622,47.2,1396.2,92.104
8/12/19 14:44,85.622,47.2,1383.7,92.104
8/12/19 14:44,85.622,47.2,1376.2,92.104
8/12/19 14:44,85.622,47.2,1376.2,92.104
8/12/19 14:44,85.622,47.2,1368.7,92.104
8/12/19 14:44,85.622,47.2,1358.7,92.104
8/12/19 14:44,85.622,47.2,1353.7,92.104
8/12/19 14:44,85.622,47.2,1358.7,92.104
8/12/19 14:44,85.622,47.2,1371.2,92.104
8/12/19 14:44,85.622,47.2,1386.2,92.104
8/12/19 14:44,85.622,47.3,1396.2,92.104
8/12/19 14:44,85.622,47.3,1398.7,92.104
8/12/19 14:44,85.622,47.3,1396.2,92.104
8/12/19 14:44,85.622,47.3,1381.2,92.104
8/12/19 14:44,85.622,47.3,1366.2,92.104
8/12/19 14:44,85.622,47.4,1381.2,92.104
8/12/19 14:44,85.622,47.4,1408.7,92.104
8/12/19 14:44,85.622,47.4,1433.7,92.104
8/12/19 14:44,85.622,47.4,1456.2,92.104
8/12/19 14:44,85.622,47.4,1471.2,92.104
8/12/19 14:44,85.622,47.3,1478.7,92.104
8/12/19 14:44,85.622,47.4,1503.7,92.104
8/12/19 14:44,85.622,47.4,1533.7,92.104
8/12/19 14:44,85.622,47.5,1538.7,92.104
8/12/19 14:44,85.622,47.5,1531.2,92.104
8/12/19 14:44,85.622,47.6,1531.2,92.104
8/12/19 14:44,85.622,47.6,1533.7,92.104
8/12/19 14:44,85.622,47.6,1523.7,92.104
8/12/19 14:44,85.622,47.6,1523.7,92.104
8/12/19 14:44,85.622,47.6,1531.2,92.104
8/12/19 14:44,85.622,47.7,1546.2,92.104
8/12/19 14:44,85.622,47.8,1566.2,92.104
8/12/19 14:44,85.622,48,1568.7,92.104
8/12/19 14:44,85.622,48.2,1568.7,92.104
8/12/19 14:44,85.622,48.3,1561.2,92.104
8/12/19 14:44,85.622,48.4,1566.2,92.104
8/12/19 14:44,85.622,48.4,1581.2,92.104
8/12/19 14:44,85.622,48.5,1588.7,92.104
8/12/19 14:44,85.622,48.6,1596.2,92.104
8/12/19 14:44,85.622,48.6,1606.2,92.104
8/12/19 14:44,85.622,48.7,1626.2,92.104
8/12/19 14:44,85.622,48.9,1641.2,92.104
8/12/19 14:44,85.622,49,1648.7,92.104
8/12/19 14:44,85.667,49.2,1648.7,92.104
8/12/19 14:44,85.667,49.5,1651.2,92.104
8/12/19 14:44,85.667,49.6,1658.7,92.104
8/12/19 14:44,85.667,49.6,1653.7,92.104
8/12/19 14:44,85.667,49.5,1636.2,92.104
8/12/19 14:44,85.667,49.3,1641.2,92.104
8/12/19 14:44,85.667,49.1,1661.2,92.104
8/12/19 14:44,85.712,49,1668.7,92.104
8/12/19 14:44,85.712,49,1678.7,92.104
8/12/19 14:44,85.712,49,1676.2,92.104
8/12/19 14:44,85.712,49,1658.7,92.104
8/12/19 14:45,85.712,49,1661.2,92.104
8/12/19 14:45,85.712,49.1,1673.7,92.104
8/12/19 14:45,85.712,49.1,1683.7,92.104
8/12/19 14:45,85.712,49.2,1686.2,92.104
8/12/19 14:45,85.712,49.3,1693.7,92.104
8/12/19 14:45,85.712,49.3,1696.2,92.104
8/12/19 14:45,85.757,49.2,1696.2,92.104
8/12/19 14:45,85.757,49.1,1696.2,92.104
8/12/19 14:45,85.757,49.1,1688.7,92.104
8/12/19 14:45,85.757,49,1676.2,92.104
8/12/19 14:45,85.757,49,1676.2,92.104
8/12/19 14:45,85.757,49,1678.7,92.104
8/12/19 14:45,85.757,48.9,1666.2,92.104
8/12/19 14:45,85.757,48.9,1653.7,92.104
8/12/19 14:45,85.802,48.8,1643.7,92.104
8/12/19 14:45,85.802,48.7,1636.2,92.104
8/12/19 14:45,85.802,48.7,1623.7,92.104
8/12/19 14:45,85.802,48.8,1618.7,92.104
8/12/19 14:45,85.802,48.8,1613.7,92.104
8/12/19 14:45,85.802,48.9,1603.7,92.104
8/12/19 14:45,85.802,48.8,1583.7,92.104
8/12/19 14:45,85.802,48.9,1566.2,92.104
8/12/19 14:45,85.802,48.9,1561.2,92.104
8/12/19 14:45,85.802,48.8,1563.7,92.104
8/12/19 14:45,85.849,48.7,1576.2,92.104
8/12/19 14:45,85.849,48.7,1221.2,92.104
8/12/19 14:45,85.849,48.7,1361.2,92.104
8/12/19 14:45,85.849,48.8,1471.2,92.104
8/12/19 14:45,85.849,48.9,1506.2,92.104
8/12/19 14:45,85.849,49,1486.2,92.104
8/12/19 14:45,85.849,49.1,1163.7,92.104
8/12/19 14:45,85.894,49.1,1333.7,92.104
8/12/19 14:45,85.894,49.1,1238.7,92.104
8/12/19 14:45,85.894,49.1,1231.2,92.104
8/12/19 14:45,85.894,49.1,1226.2,92.104
8/12/19 14:45,85.894,49.1,1271.2,92.104
8/12/19 14:45,85.894,49.1,1371.2,92.104
8/12/19 14:45,85.939,49,1371.2,92.104
8/12/19 14:45,85.939,49,1116.2,92.104
8/12/19 14:45,85.939,49,1491.2,92.104
8/12/19 14:45,85.939,49,1366.2,92.104
8/12/19 14:45,85.939,49,1481.2,92.104
8/12/19 14:45,85.984,49,1521.2,92.104
8/12/19 14:45,85.984,48.9,1518.7,92.104
8/12/19 14:45,85.984,48.7,866.2,92.104
8/12/19 14:45,85.984,48.7,846.2,92.104
8/12/19 14:45,85.984,48.6,961.2,92.104
8/12/19 14:45,86.029,48.5,1643.7,92.104
8/12/19 14:45,86.029,48.5,1638.7,92.104
8/12/19 14:45,86.029,48.4,1638.7,92.104
8/12/19 14:45,86.029,48.4,1641.2,92.104
8/12/19 14:45,86.029,48.4,1643.7,92.104
8/12/19 14:45,86.029,48.3,1651.2,92.104
8/12/19 14:45,86.074,48.2,1658.7,92.104
8/12/19 14:45,86.074,48,1661.2,92.104
8/12/19 14:45,86.074,47.8,1661.2,92.104
8/12/19 14:45,86.074,47.6,1666.2,92.104
8/12/19 14:45,86.074,47.4,1668.7,92.104
8/12/19 14:45,86.074,47.3,1671.2,92.104
8/12/19 14:45,86.074,47.2,1676.2,92.104
8/12/19 14:46,86.074,47,1688.7,92.104
8/12/19 14:46,86.119,47,1701.2,92.104
8/12/19 14:46,86.119,47,1706.2,92.104
8/12/19 14:46,86.119,47,1711.2,92.104
8/12/19 14:46,86.119,47,1713.7,92.104
8/12/19 14:46,86.074,47,1711.2,92.104
8/12/19 14:46,86.119,47,1708.7,92.104
8/12/19 14:46,86.119,47,1716.2,92.104
8/12/19 14:46,86.119,47,1718.7,92.104
8/12/19 14:46,86.074,47,1713.7,92.104
8/12/19 14:46,86.119,47.1,1713.7,92.104
8/12/19 14:46,86.119,47.2,1711.2,92.104
8/12/19 14:46,86.119,47.3,1718.7,92.104
8/12/19 14:46,86.119,47.4,1718.7,92.104
8/12/19 14:46,86.119,47.5,1718.7,92.104
8/12/19 14:46,86.119,47.5,1713.7,92.104
8/12/19 14:46,86.119,47.5,1708.7,92.104
8/12/19 14:46,86.119,47.4,1706.2,92.104
8/12/19 14:46,86.119,47.3,1693.7,92.104
8/12/19 14:46,86.119,47,1696.2,92.104
8/12/19 14:46,86.119,47,1701.2,92.151
8/12/19 14:46,86.119,46.8,1703.7,92.151
8/12/19 14:46,86.119,46.7,1703.7,92.151
8/12/19 14:46,86.119,46.6,1696.2,92.151
8/12/19 14:46,86.119,46.5,1681.2,92.151
8/12/19 14:46,86.119,46.4,1671.2,92.151
8/12/19 14:46,86.119,46.3,1666.2,92.151
8/12/19 14:46,86.119,46.3,1656.2,92.151
8/12/19 14:46,86.119,46.3,1656.2,92.151
8/12/19 14:46,86.119,46.2,1653.7,92.151
8/12/19 14:46,86.119,46.1,1658.7,92.151
8/12/19 14:46,86.119,46.1,1308.7,92.151
8/12/19 14:46,86.119,46.2,588.7,92.151
8/12/19 14:46,86.074,46.2,601.2,92.151
8/12/19 14:46,86.074,46.2,571.2,92.151
8/12/19 14:46,86.074,46.2,566.2,92.151
8/12/19 14:46,86.074,46.1,581.2,92.151
8/12/19 14:46,86.074,46.1,586.2,92.151
8/12/19 14:46,86.074,46.1,591.2,92.151
8/12/19 14:46,86.029,46.1,596.2,92.151
8/12/19 14:46,86.029,46.2,598.7,92.151
8/12/19 14:46,86.029,46.2,603.7,92.151
8/12/19 14:46,86.029,46.2,606.2,92.151
8/12/19 14:46,86.029,46.2,606.2,92.151
8/12/19 14:46,86.029,46.2,608.7,92.151
8/12/19 14:46,85.984,46.2,611.2,92.151
8/12/19 14:46,85.984,46.2,611.2,92.151
8/12/19 14:46,85.984,46.2,616.2,92.151
8/12/19 14:46,85.984,46.2,613.7,92.151
8/12/19 14:46,85.984,46.2,626.2,92.151
8/12/19 14:46,85.939,46.3,773.7,92.151
8/12/19 14:46,85.939,46.2,801.2,92.151
8/12/19 14:46,85.939,46.3,688.7,92.151
8/12/19 14:46,85.939,46.3,1226.2,92.151
8/12/19 14:46,85.939,46.3,1338.7,92.151
8/12/19 14:46,85.939,46.3,1321.2,92.151
8/12/19 14:46,85.939,46.3,1243.7,92.151
8/12/19 14:46,85.894,46.3,1201.2,92.151
8/12/19 14:46,85.894,46.3,1138.7,92.151
8/12/19 14:46,85.894,46.1,1178.7,92.151
8/12/19 14:47,85.894,46.2,636.2,92.151
8/12/19 14:47,85.894,46.1,1663.7,92.151
8/12/19 14:47,85.894,46.2,1663.7,92.151
8/12/19 14:47,85.849,46.1,1663.7,92.151
8/12/19 14:47,85.849,46.2,1663.7,92.151
8/12/19 14:47,85.849,46.2,1668.7,92.151
8/12/19 14:47,85.849,46.2,1673.7,92.151
8/12/19 14:47,85.849,46.2,1676.2,92.151
8/12/19 14:47,85.849,46.2,1681.2,92.104
8/12/19 14:47,85.849,46.2,1678.7,92.151
8/12/19 14:47,85.849,46.1,1683.7,92.151
8/12/19 14:47,85.849,46.2,1681.2,92.104
8/12/19 14:47,85.849,46.2,1681.2,92.151
8/12/19 14:47,85.849,46.1,1681.2,92.104
8/12/19 14:47,85.849,46.1,1686.2,92.151
8/12/19 14:47,85.802,46.1,1688.7,92.151
8/12/19 14:47,85.802,46.1,1691.2,92.151
8/12/19 14:47,85.802,46.2,1691.2,92.151
8/12/19 14:47,85.802,46.3,1693.7,92.104
8/12/19 14:47,85.802,46.3,1693.7,92.104
8/12/19 14:47,85.802,46.3,1696.2,92.151
8/12/19 14:47,85.757,46.3,1698.7,92.104
8/12/19 14:47,85.757,46.3,1696.2,92.104
8/12/19 14:47,85.757,46.5,1693.7,92.104
8/12/19 14:47,85.757,46.5,1693.7,92.104
8/12/19 14:47,85.757,46.5,1693.7,92.104
8/12/19 14:47,85.757,46.5,1696.2,92.104
8/12/19 14:47,85.757,46.5,1696.2,92.104
8/12/19 14:47,85.757,46.6,1688.7,92.104
8/12/19 14:47,85.757,46.6,1686.2,92.104
8/12/19 14:47,85.757,46.7,1686.2,92.104
8/12/19 14:47,85.712,46.6,1688.7,92.104
8/12/19 14:47,85.712,46.6,1686.2,92.104
8/12/19 14:47,85.712,46.6,1688.7,92.104
8/12/19 14:47,85.712,46.5,1688.7,92.104
8/12/19 14:47,85.712,46.4,1683.7,92.104
8/12/19 14:47,85.712,46.3,1681.2,92.104
8/12/19 14:47,85.712,46.2,1683.7,92.104
8/12/19 14:47,85.712,46.2,1683.7,92.104
8/12/19 14:47,85.712,46.1,1688.7,92.104
8/12/19 14:47,85.667,46.1,1691.2,92.104
8/12/19 14:47,85.712,46.1,1688.7,92.104
8/12/19 14:47,85.712,46,1683.7,92.104
8/12/19 14:47,85.667,46.1,1688.7,92.104
8/12/19 14:47,85.667,46.2,1693.7,92.104
8/12/19 14:47,85.667,46.2,1693.7,92.104
8/12/19 14:47,85.667,46.2,1696.2,92.104
8/12/19 14:47,85.667,46.3,1688.7,92.104
8/12/19 14:47,85.667,46.3,1686.2,92.104
8/12/19 14:47,85.667,46.5,1688.7,92.104
8/12/19 14:47,85.667,46.6,1693.7,92.104
8/12/19 14:47,85.622,46.7,1701.2,92.104
8/12/19 14:47,85.622,46.9,1711.2,92.104
8/12/19 14:47,85.622,46.9,1718.7,92.104
8/12/19 14:47,85.622,46.9,1718.7,92.104
8/12/19 14:47,85.622,46.9,1711.2,92.104
8/12/19 14:47,85.622,46.9,1703.7,92.104
8/12/19 14:47,85.622,47,1703.7,92.104
8/12/19 14:47,85.622,47.1,1701.2,92.104
8/12/19 14:47,85.622,47.1,1698.7,92.104
8/12/19 14:48,85.622,47.2,1693.7,92.104
8/12/19 14:48,85.622,47.2,1683.7,92.104
8/12/19 14:48,85.622,47.3,841.2,92.104
8/12/19 14:48,85.622,47.4,808.7,92.104
8/12/19 14:48,85.622,47.4,711.2,92.104
8/12/19 14:48,85.622,47.5,848.7,92.104
8/12/19 14:48,85.622,47.5,588.7,92.104
8/12/19 14:48,85.622,47.6,918.7,92.104
8/12/19 14:48,85.622,47.6,431.2,92.104
8/12/19 14:48,85.622,47.6,711.2,92.104
8/12/19 14:48,85.667,47.6,591.2,92.104
8/12/19 14:48,85.667,47.6,808.7,92.104
8/12/19 14:48,85.667,47.4,496.2,92.104
8/12/19 14:48,85.667,47.3,598.7,92.104
8/12/19 14:48,85.667,47.2,578.7,92.104
8/12/19 14:48,85.667,47.1,516.2,92.104
8/12/19 14:48,85.667,47.1,523.7,92.104
8/12/19 14:48,85.667,47.1,516.2,92.104
8/12/19 14:48,85.667,47.1,518.7,92.104
8/12/19 14:48,85.667,47.1,523.7,92.104
8/12/19 14:48,85.667,47.2,518.7,92.104
8/12/19 14:48,85.667,47.2,501.2,92.104
8/12/19 14:48,85.622,47.3,508.7,92.104
8/12/19 14:48,85.622,47.2,516.2,92.104
8/12/19 14:48,85.667,47.2,508.7,92.104
8/12/19 14:48,85.622,47.2,511.2,92.104
8/12/19 14:48,85.622,47.1,516.2,92.104
8/12/19 14:48,85.622,47.1,568.7,92.104
8/12/19 14:48,85.622,47,531.2,92.104
8/12/19 14:48,85.622,47,688.7,92.104
8/12/19 14:48,85.622,47.1,771.2,92.104
8/12/19 14:48,85.622,47.1,963.7,92.104
8/12/19 14:48,85.622,47.1,723.7,92.104
8/12/19 14:48,85.622,47.1,433.7,92.104
8/12/19 14:48,85.622,47,368.7,92.104
8/12/19 14:48,85.622,46.9,396.2,92.104
8/12/19 14:48,85.622,46.9,408.7,92.104
8/12/19 14:48,85.622,46.7,418.7,92.104
8/12/19 14:48,85.577,46.7,423.7,92.104
8/12/19 14:48,85.577,46.6,426.2,92.104
8/12/19 14:48,85.577,46.5,421.2,92.104
8/12/19 14:48,85.577,46.5,421.2,92.104
8/12/19 14:48,85.577,46.5,453.7,92.104
8/12/19 14:48,85.577,46.5,411.2,92.104
8/12/19 14:48,85.577,46.5,418.7,92.104
8/12/19 14:48,85.532,46.6,413.7,92.104
8/12/19 14:48,85.532,46.6,408.7,92.104
8/12/19 14:48,85.532,46.7,563.7,92.104
8/12/19 14:48,85.532,46.8,1343.7,92.104
8/12/19 14:48,85.532,46.9,1683.7,92.104
8/12/19 14:48,85.532,47,1686.2,92.104
8/12/19 14:48,85.487,47.1,1691.2,92.104
8/12/19 14:48,85.487,47.1,1691.2,92.104
8/12/19 14:48,85.487,47.1,1691.2,92.104
8/12/19 14:48,85.487,47.2,1693.7,92.104
8/12/19 14:48,85.487,47.3,1691.2,92.104
8/12/19 14:48,85.487,47.5,1696.2,92.104
8/12/19 14:48,85.487,47.6,1703.7,92.104
8/12/19 14:48,85.487,47.6,1706.2,92.104
8/12/19 14:48,85.487,47.7,1708.7,92.104
8/12/19 14:49,85.487,47.9,1703.7,92.104
8/12/19 14:49,85.487,48,1698.7,92.104
8/12/19 14:49,85.487,48.1,1693.7,92.104
8/12/19 14:49,85.487,48.3,1696.2,92.104
8/12/19 14:49,85.487,48.2,1691.2,92.104
8/12/19 14:49,85.487,48.4,1688.7,92.104
8/12/19 14:49,85.487,48.4,1698.7,92.104
8/12/19 14:49,85.487,48.3,1706.2,92.104
8/12/19 14:49,85.487,48.5,1706.2,92.104
8/12/19 14:49,85.487,48.5,1701.2,92.104
8/12/19 14:49,85.487,48.4,1698.7,92.104
8/12/19 14:49,85.487,48.4,1706.2,92.104
8/12/19 14:49,85.487,48.4,1713.7,92.104
8/12/19 14:49,85.532,48.4,1713.7,92.104
8/12/19 14:49,85.532,48.4,1711.2,92.104
8/12/19 14:49,85.532,48.4,1703.7,92.104
8/12/19 14:49,85.532,48.5,1696.2,92.104
8/12/19 14:49,85.532,48.5,1696.2,92.104
8/12/19 14:49,85.532,48.6,1691.2,92.104
8/12/19 14:49,85.532,48.7,1676.2,92.104
8/12/19 14:49,85.532,48.7,1661.2,92.104
8/12/19 14:49,85.532,48.7,1656.2,92.104
8/12/19 14:49,85.577,48.7,1628.7,92.104
8/12/19 14:49,85.577,48.7,1581.2,92.104
8/12/19 14:49,85.577,48.7,1513.7,92.104
8/12/19 14:49,85.577,48.8,1433.7,92.104
8/12/19 14:49,85.577,48.8,1368.7,92.104
8/12/19 14:49,85.577,48.7,1348.7,92.104
8/12/19 14:49,85.577,48.7,1363.7,92.104
8/12/19 14:49,85.577,48.6,1366.2,92.104
8/12/19 14:49,85.577,48.6,1358.7,92.104
8/12/19 14:49,85.577,48.7,1361.2,92.104
8/12/19 14:49,85.577,48.7,1363.7,92.104
8/12/19 14:49,85.622,48.7,1361.2,92.104
8/12/19 14:49,85.622,48.7,1353.7,92.104
8/12/19 14:49,85.622,48.9,1351.2,92.104
8/12/19 14:49,85.622,48.9,1351.2,92.104
8/12/19 14:49,85.622,48.9,1358.7,92.104
8/12/19 14:49,85.622,49,1348.7,92.104
8/12/19 14:49,85.622,49.1,1336.2,92.104
8/12/19 14:49,85.622,49.1,1313.7,92.104
8/12/19 14:49,85.622,49.1,1288.7,92.104
8/12/19 14:49,85.622,49.2,1286.2,92.104
8/12/19 14:49,85.622,49.2,1308.7,92.104
8/12/19 14:49,85.667,49.2,1333.7,92.104
8/12/19 14:49,85.667,49.3,1358.7,92.104
8/12/19 14:49,85.667,49.3,1381.2,92.104
8/12/19 14:49,85.667,49.3,1403.7,92.104
8/12/19 14:49,85.667,49.4,1436.2,92.104
8/12/19 14:49,85.667,49.4,1461.2,92.104
8/12/19 14:49,85.712,49.5,1481.2,92.104
8/12/19 14:49,85.712,49.6,1498.7,92.104
8/12/19 14:49,85.712,49.7,1506.2,92.104
8/12/19 14:49,85.712,49.8,1518.7,92.104
8/12/19 14:49,85.712,49.7,1531.2,92.104
8/12/19 14:49,85.757,49.8,1538.7,92.104
8/12/19 14:49,85.757,49.7,1546.2,92.104
8/12/19 14:49,85.757,49.7,1558.7,92.104
8/12/19 14:49,85.757,49.8,1566.2,92.104
8/12/19 14:49,85.802,49.8,1576.2,92.104
8/12/19 14:50,85.802,49.7,1588.7,92.104
8/12/19 14:50,85.802,49.6,1601.2,92.104
8/12/19 14:50,85.849,49.5,1613.7,92.104
8/12/19 14:50,85.849,49.2,1628.7,92.104
8/12/19 14:50,85.849,49.1,1638.7,92.104
8/12/19 14:50,85.849,49.1,1643.7,92.104
8/12/19 14:50,85.849,49,1631.2,92.104
8/12/19 14:50,85.894,49,1621.2,92.104
8/12/19 14:50,85.894,48.9,1616.2,92.104
8/12/19 14:50,85.894,48.9,1606.2,92.104
8/12/19 14:50,85.894,48.7,1606.2,92.104
8/12/19 14:50,85.894,48.7,1616.2,92.104
8/12/19 14:50,85.939,48.6,1633.7,92.104
8/12/19 14:50,85.939,48.6,1646.2,92.151
8/12/19 14:50,85.939,48.6,1651.2,92.104
8/12/19 14:50,85.939,48.6,1653.7,92.104
8/12/19 14:50,85.939,48.6,1656.2,92.104
8/12/19 14:50,85.939,48.6,1651.2,92.151
8/12/19 14:50,85.939,48.6,1651.2,92.104
8/12/19 14:50,85.939,48.5,1646.2,92.104
8/12/19 14:50,85.939,48.5,1628.7,92.104
8/12/19 14:50,85.939,48.5,1608.7,92.104
8/12/19 14:50,85.939,48.4,1596.2,92.151
8/12/19 14:50,85.939,48.3,1593.7,92.104
8/12/19 14:50,85.984,48,1593.7,92.104
8/12/19 14:50,85.984,47.8,1586.2,92.151
8/12/19 14:50,85.984,47.7,1573.7,92.104
8/12/19 14:50,85.939,47.6,1573.7,92.151
8/12/19 14:50,85.939,47.4,1586.2,92.151
8/12/19 14:50,85.939,47.3,1598.7,92.151
8/12/19 14:50,85.939,47.3,1608.7,92.151
8/12/19 14:50,85.939,47.2,1628.7,92.104
8/12/19 14:50,85.939,47.2,1633.7,92.151
8/12/19 14:50,85.939,47.1,1633.7,92.151
8/12/19 14:50,85.939,47.2,1621.2,92.151
8/12/19 14:50,85.939,47.1,1596.2,92.104
8/12/19 14:50,85.894,47.2,1571.2,92.151
8/12/19 14:50,85.894,47.3,1566.2,92.151
8/12/19 14:50,85.894,47.5,1573.7,92.151
8/12/19 14:50,85.894,47.7,1598.7,92.151
8/12/19 14:50,85.894,47.7,1626.2,92.151
8/12/19 14:50,85.894,47.8,1651.2,92.151
8/12/19 14:50,85.894,47.8,1663.7,92.151
8/12/19 14:50,85.849,47.8,1668.7,92.151
8/12/19 14:50,85.849,47.7,1681.2,92.151
8/12/19 14:50,85.849,47.7,1686.2,92.151
8/12/19 14:50,85.849,47.7,1686.2,92.104
8/12/19 14:50,85.849,47.6,1688.7,92.151
8/12/19 14:50,85.849,47.6,1698.7,92.151
8/12/19 14:50,85.849,47.6,1713.7,92.151
8/12/19 14:50,85.849,47.6,1721.2,92.104
8/12/19 14:50,85.849,47.6,1723.7,92.151
8/12/19 14:50,85.802,47.6,1726.2,92.151
8/12/19 14:50,85.802,47.6,1726.2,92.151
8/12/19 14:50,85.802,47.7,1723.7,92.151
8/12/19 14:50,85.802,47.7,1721.2,92.151
8/12/19 14:50,85.802,47.7,1721.2,92.151
8/12/19 14:50,85.802,47.7,1721.2,92.151
8/12/19 14:50,85.802,47.6,1713.7,92.151
8/12/19 14:50,85.802,47.4,1706.2,92.151
8/12/19 14:51,85.802,47.3,1701.2,92.151
8/12/19 14:51,85.802,47.1,1706.2,92.151
8/12/19 14:51,85.802,47,1706.2,92.151
8/12/19 14:51,85.802,47,1706.2,92.151
8/12/19 14:51,85.757,46.8,1708.7,92.151
8/12/19 14:51,85.757,46.7,1711.2,92.151
8/12/19 14:51,85.757,46.6,1708.7,92.151
8/12/19 14:51,85.757,46.6,1693.7,92.151
8/12/19 14:51,85.757,46.6,1673.7,92.151
8/12/19 14:51,85.712,46.7,1648.7,92.151
8/12/19 14:51,85.712,46.8,1643.7,92.151
8/12/19 14:51,85.712,47,1653.7,92.151
8/12/19 14:51,85.712,46.9,1656.2,92.151
8/12/19 14:51,85.712,47,1656.2,92.151
8/12/19 14:51,85.667,47.1,1661.2,92.151
8/12/19 14:51,85.667,47.2,1661.2,92.151
8/12/19 14:51,85.667,47.3,1653.7,92.151
8/12/19 14:51,85.667,47.3,1638.7,92.151
8/12/19 14:51,85.667,47.4,1631.2,92.151
8/12/19 14:51,85.667,47.4,1631.2,92.151
8/12/19 14:51,85.667,47.4,1636.2,92.151
8/12/19 14:51,85.667,47.4,1638.7,92.104
8/12/19 14:51,85.622,47.3,1638.7,92.151
8/12/19 14:51,85.622,47.2,1628.7,92.151
8/12/19 14:51,85.622,47.1,1606.2,92.151
8/12/19 14:51,85.622,46.9,1586.2,92.151
8/12/19 14:51,85.622,46.9,1571.2,92.151
8/12/19 14:51,85.622,46.7,1566.2,92.151
8/12/19 14:51,85.622,46.6,1563.7,92.151
8/12/19 14:51,85.622,46.5,1551.2,92.151
8/12/19 14:51,85.622,46.4,1543.7,92.151
8/12/19 14:51,85.622,46.3,1551.2,92.151
8/12/19 14:51,85.622,46.3,1561.2,92.151
8/12/19 14:51,85.622,46.2,1563.7,92.151
8/12/19 14:51,85.622,46.2,1551.2,92.151
8/12/19 14:51,85.622,46.2,1541.2,92.151
8/12/19 14:51,85.622,46.2,1536.2,92.151
8/12/19 14:51,85.577,46.1,1533.7,92.151
8/12/19 14:51,85.577,46.1,1521.2,92.151
8/12/19 14:51,85.577,46.1,1511.2,92.151
8/12/19 14:51,85.577,46,1506.2,92.151
8/12/19 14:51,85.577,46,1493.7,92.151
8/12/19 14:51,85.577,46,1488.7,92.151
8/12/19 14:51,85.577,46,1486.2,92.151
8/12/19 14:51,85.532,46,1478.7,92.151
8/12/19 14:51,85.532,46,1471.2,92.151
8/12/19 14:51,85.532,46.1,1473.7,92.151
8/12/19 14:51,85.532,46.1,1476.2,92.151
8/12/19 14:51,85.487,46.1,1471.2,92.151
8/12/19 14:51,85.487,46.2,1463.7,92.151
8/12/19 14:51,85.487,46.2,1466.2,92.151
8/12/19 14:51,85.487,46.2,1471.2,92.151
8/12/19 14:51,85.487,46.2,1466.2,92.151
8/12/19 14:51,85.487,46.2,1458.7,92.151
8/12/19 14:51,85.442,46.1,1461.2,92.151
8/12/19 14:51,85.442,46.2,1456.2,92.151
8/12/19 14:51,85.442,46.2,1448.7,92.151
8/12/19 14:51,85.442,46.3,1443.7,92.151
8/12/19 14:51,85.442,46.4,1443.7,92.151
8/12/19 14:51,85.442,46.5,1441.2,92.151
8/12/19 14:52,85.397,46.6,1438.7,92.151
8/12/19 14:52,85.442,46.6,1438.7,92.151
8/12/19 14:52,85.397,46.7,1441.2,92.151
8/12/19 14:52,85.397,46.8,1441.2,92.151
8/12/19 14:52,85.397,46.9,1446.2,92.151
8/12/19 14:52,85.397,46.9,1448.7,92.151
8/12/19 14:52,85.397,47,1453.7,92.151
8/12/19 14:52,85.397,47,1466.2,92.151
8/12/19 14:52,85.397,47.1,1478.7,92.151
8/12/19 14:52,85.397,47.2,1491.2,92.151
8/12/19 14:52,85.397,47.2,1501.2,92.151
8/12/19 14:52,85.352,47.2,1511.2,92.151
8/12/19 14:52,85.397,47.3,1521.2,92.151
8/12/19 14:52,85.397,47.3,1531.2,92.151
8/12/19 14:52,85.352,47.4,1546.2,92.151
8/12/19 14:52,85.397,47.5,1571.2,92.151
8/12/19 14:52,85.397,47.6,1591.2,92.151
8/12/19 14:52,85.397,47.6,1598.7,92.151
8/12/19 14:52,85.397,47.6,1601.2,92.151
8/12/19 14:52,85.397,47.6,1601.2,92.151
8/12/19 14:52,85.397,47.6,1591.2,92.151
8/12/19 14:52,85.397,47.7,1566.2,92.151
8/12/19 14:52,85.397,47.7,1546.2,92.151
8/12/19 14:52,85.397,47.8,1531.2,92.151
8/12/19 14:52,85.397,47.8,1523.7,92.151
8/12/19 14:52,85.397,47.8,1523.7,92.151
8/12/19 14:52,85.442,47.8,1523.7,92.151
8/12/19 14:52,85.397,47.8,1528.7,92.151
8/12/19 14:52,85.442,47.8,1538.7,92.151
8/12/19 14:52,85.442,47.8,1551.2,92.151
8/12/19 14:52,85.442,47.8,1558.7,92.151
8/12/19 14:52,85.442,47.9,1561.2,92.151
8/12/19 14:52,85.442,47.9,1563.7,92.151
8/12/19 14:52,85.442,47.9,1571.2,92.151
8/12/19 14:52,85.442,47.8,1586.2,92.151
8/12/19 14:52,85.442,47.8,1601.2,92.151
8/12/19 14:52,85.487,47.8,1596.2,92.151
8/12/19 14:52,85.487,47.9,1601.2,92.151
8/12/19 14:52,85.487,47.9,1616.2,92.151
8/12/19 14:52,85.487,47.9,1621.2,92.151
8/12/19 14:52,85.487,47.9,1621.2,92.151
8/12/19 14:52,85.487,48,1616.2,92.151
8/12/19 14:52,85.487,48,1613.7,92.151
8/12/19 14:52,85.487,48.1,1623.7,92.151
8/12/19 14:52,85.487,48.3,1638.7,92.151
8/12/19 14:52,85.532,48.4,1641.2,92.151
8/12/19 14:52,85.532,48.4,1641.2,92.151
8/12/19 14:52,85.532,48.5,1633.7,92.151
8/12/19 14:52,85.532,48.6,1623.7,92.151
8/12/19 14:52,85.532,48.6,1621.2,92.151
8/12/19 14:52,85.577,48.7,1616.2,92.151
8/12/19 14:52,85.577,48.8,1603.7,92.151
8/12/19 14:52,85.577,48.9,1586.2,92.151
8/12/19 14:52,85.577,48.9,1568.7,92.151
8/12/19 14:52,85.622,48.9,1551.2,92.151
8/12/19 14:52,85.622,49,1553.7,92.151
8/12/19 14:52,85.622,49,1576.2,92.151
8/12/19 14:52,85.622,49.1,1603.7,92.151
8/12/19 14:52,85.622,49.1,1611.2,92.151
8/12/19 14:52,85.667,49.1,1603.7,92.151
8/12/19 14:53,85.667,49.1,1601.2,92.151
8/12/19 14:53,85.667,49.1,1606.2,92.151
8/12/19 14:53,85.712,49.1,1608.7,92.151
8/12/19 14:53,85.712,49,1601.2,92.151
8/12/19 14:53,85.712,49.1,1576.2,92.151
8/12/19 14:53,85.712,49,1558.7,92.151
8/12/19 14:53,85.757,49,1556.2,92.151
8/12/19 14:53,85.757,48.8,1548.7,92.151
8/12/19 14:53,85.757,48.5,1541.2,92.151
8/12/19 14:53,85.757,48.4,1538.7,92.151
8/12/19 14:53,85.802,48.2,1533.7,92.151
8/12/19 14:53,85.802,48,1523.7,92.151
8/12/19 14:53,85.802,47.8,913.7,92.151
8/12/19 14:53,85.802,47.7,1063.7,92.151
8/12/19 14:53,85.802,47.7,888.7,92.151
8/12/19 14:53,85.802,47.6,846.2,92.151
8/12/19 14:53,85.802,47.6,838.7,92.151
8/12/19 14:53,85.802,47.6,828.7,92.151
8/12/19 14:53,85.802,47.5,841.2,92.151
8/12/19 14:53,85.802,47.4,838.7,92.151
8/12/19 14:53,85.802,47.3,828.7,92.151
8/12/19 14:53,85.802,47.4,838.7,92.151
8/12/19 14:53,85.802,47.4,838.7,92.151
8/12/19 14:53,85.802,47.5,846.2,92.151
8/12/19 14:53,85.802,47.5,856.2,92.151
8/12/19 14:53,85.802,47.6,861.2,92.151
8/12/19 14:53,85.802,47.7,993.7,92.151
8/12/19 14:53,85.802,47.7,973.7,92.151
8/12/19 14:53,85.802,47.7,958.7,92.151
8/12/19 14:53,85.802,47.8,956.2,92.151
8/12/19 14:53,85.802,47.9,958.7,92.151
8/12/19 14:53,85.802,48,1568.7,92.151
8/12/19 14:53,85.802,48,1573.7,92.151
8/12/19 14:53,85.802,48,1576.2,92.151
8/12/19 14:53,85.802,47.9,1578.7,92.151
8/12/19 14:53,85.802,47.9,1578.7,92.151
8/12/19 14:53,85.802,47.8,1568.7,92.151
8/12/19 14:53,85.802,47.8,1548.7,92.151
8/12/19 14:53,85.802,47.7,1541.2,92.151
8/12/19 14:53,85.802,47.7,1541.2,92.151
8/12/19 14:53,85.802,47.7,1543.7,92.151
8/12/19 14:53,85.849,47.6,1551.2,92.151
8/12/19 14:53,85.849,47.5,1568.7,92.151
8/12/19 14:53,85.849,47.3,1586.2,92.151
8/12/19 14:53,85.849,47.2,1598.7,92.151
8/12/19 14:53,85.849,47.1,1601.2,92.151
8/12/19 14:53,85.849,47.1,1593.7,92.151
8/12/19 14:53,85.849,47.1,1596.2,92.151
8/12/19 14:53,85.849,47,1601.2,92.151
8/12/19 14:53,85.849,47.1,1603.7,92.151
8/12/19 14:53,85.849,47.1,1588.7,92.151
8/12/19 14:53,85.849,47,1553.7,92.151
8/12/19 14:53,85.849,47,1521.2,92.151
8/12/19 14:53,85.849,47,1508.7,92.151
8/12/19 14:53,85.849,47,1488.7,92.151
8/12/19 14:53,85.849,47,1463.7,92.151
8/12/19 14:53,85.849,47,1458.7,92.151
8/12/19 14:53,85.849,47,1473.7,92.151
8/12/19 14:53,85.849,47,1483.7,92.151
8/12/19 14:53,85.849,47,1478.7,92.151
8/12/19 14:54,85.849,47,1458.7,92.151
8/12/19 14:54,85.849,46.8,1433.7,92.151
8/12/19 14:54,85.849,46.8,1418.7,92.151
8/12/19 14:54,85.849,46.8,1418.7,92.151
8/12/19 14:54,85.849,46.8,1431.2,92.151
8/12/19 14:54,85.849,47,1453.7,92.151
8/12/19 14:54,85.849,47,1483.7,92.151
8/12/19 14:54,85.849,47,1501.2,92.151
8/12/19 14:54,85.849,47.1,1526.2,92.151
8/12/19 14:54,85.849,47.1,1536.2,92.151
8/12/19 14:54,85.849,47.2,1518.7,92.151
8/12/19 14:54,85.849,47.2,1498.7,92.151
8/12/19 14:54,85.849,47.3,1498.7,92.151
8/12/19 14:54,85.849,47.3,911.2,92.151
8/12/19 14:54,85.849,47.5,628.7,92.151
8/12/19 14:54,85.849,47.6,678.7,92.151
8/12/19 14:54,85.849,47.7,771.2,92.151
8/12/19 14:54,85.849,47.7,658.7,92.151
8/12/19 14:54,85.849,47.7,646.2,92.151
8/12/19 14:54,85.849,47.7,656.2,92.151
8/12/19 14:54,85.849,47.7,653.7,92.151
8/12/19 14:54,85.849,47.8,653.7,92.151
8/12/19 14:54,85.849,47.8,658.7,92.151
8/12/19 14:54,85.849,48,621.2,92.151
8/12/19 14:54,85.849,48,618.7,92.151
8/12/19 14:54,85.849,48.1,613.7,92.151
8/12/19 14:54,85.849,48.1,621.2,92.151
8/12/19 14:54,85.849,48.1,626.2,92.151
8/12/19 14:54,85.849,47.9,633.7,92.151
8/12/19 14:54,85.849,47.7,633.7,92.151
8/12/19 14:54,85.849,47.6,633.7,92.151
8/12/19 14:54,85.849,47.5,641.2,92.151
8/12/19 14:54,85.802,47.4,636.2,92.151
8/12/19 14:54,85.849,47.4,626.2,92.151
8/12/19 14:54,85.849,47.3,618.7,92.151
8/12/19 14:54,85.802,47.4,626.2,92.151
8/12/19 14:54,85.802,47.4,631.2,92.151
8/12/19 14:54,85.802,47.4,638.7,92.151
8/12/19 14:54,85.802,47.4,653.7,92.151
8/12/19 14:54,85.802,47.2,646.2,92.151
8/12/19 14:54,85.802,47.1,638.7,92.151
8/12/19 14:54,85.802,47,641.2,92.151
8/12/19 14:54,85.757,47,643.7,92.151
8/12/19 14:54,85.757,47,646.2,92.151
8/12/19 14:54,85.757,47,656.2,92.151
8/12/19 14:54,85.757,47,663.7,92.151
8/12/19 14:54,85.712,47.1,663.7,92.151
8/12/19 14:54,85.712,47,723.7,92.151
8/12/19 14:54,85.712,47.1,568.7,92.151
8/12/19 14:54,85.712,47.2,951.2,92.151
8/12/19 14:54,85.712,47.5,591.2,92.151
8/12/19 14:54,85.712,47.4,556.2,92.151
8/12/19 14:54,85.712,47.4,581.2,92.151
8/12/19 14:54,85.712,47.4,546.2,92.151
8/12/19 14:54,85.712,47.3,543.7,92.151
8/12/19 14:54,85.667,47.3,1588.7,92.151
8/12/19 14:54,85.667,47.4,1586.2,92.151
8/12/19 14:54,85.667,47.5,1581.2,92.151
8/12/19 14:54,85.667,47.5,1558.7,92.151
8/12/19 14:54,85.667,47.5,1523.7,92.151
8/12/19 14:55,85.667,47.5,1511.2,92.151
8/12/19 14:55,85.667,47.5,1516.2,92.151
8/12/19 14:55,85.667,47.7,1526.2,92.151
8/12/19 14:55,85.667,47.6,1521.2,92.151
8/12/19 14:55,85.667,47.6,1498.7,92.151
8/12/19 14:55,85.667,47.6,1471.2,92.151
8/12/19 14:55,85.667,47.7,1463.7,92.151
8/12/19 14:55,85.667,47.6,1466.2,92.151
8/12/19 14:55,85.667,47.6,1478.7,92.151
8/12/19 14:55,85.667,47.5,1496.2,92.151
8/12/19 14:55,85.667,47.3,1501.2,92.151
8/12/19 14:55,85.667,47.2,1493.7,92.151
8/12/19 14:55,85.667,47,1478.7,92.151
8/12/19 14:55,85.667,46.8,1463.7,92.151
8/12/19 14:55,85.667,46.7,1456.2,92.151
8/12/19 14:55,85.667,46.6,1453.7,92.151
8/12/19 14:55,85.667,46.5,1458.7,92.151
8/12/19 14:55,85.667,46.5,1453.7,92.151
8/12/19 14:55,85.667,46.4,1448.7,92.151
8/12/19 14:55,85.667,46.4,1446.2,92.151
8/12/19 14:55,85.667,46.3,1448.7,92.151
8/12/19 14:55,85.667,46.2,1446.2,92.151
8/12/19 14:55,85.622,46.2,1441.2,92.151
8/12/19 14:55,85.622,46.2,1426.2,92.151
8/12/19 14:55,85.622,46.2,1418.7,92.151
8/12/19 14:55,85.622,46.2,1413.7,92.151
8/12/19 14:55,85.622,46.2,1388.7,92.151
8/12/19 14:55,85.622,46.2,1361.2,92.151
8/12/19 14:55,85.622,46.2,1343.7,92.151
8/12/19 14:55,85.577,46.2,1336.2,92.151
8/12/19 14:55,85.577,46.2,1341.2,92.151
8/12/19 14:55,85.577,46.3,1358.7,92.151
8/12/19 14:55,85.577,46.2,1373.7,92.151
8/12/19 14:55,85.577,46.2,1378.7,92.151
8/12/19 14:55,85.532,46.2,1368.7,92.151
8/12/19 14:55,85.532,46.2,1353.7,92.151
8/12/19 14:55,85.532,46.1,1341.2,92.151
8/12/19 14:55,85.532,46.1,1338.7,92.151
8/12/19 14:55,85.532,46.2,1343.7,92.151
8/12/19 14:55,85.487,46.1,1346.2,92.151
8/12/19 14:55,85.487,46.2,1341.2,92.151
8/12/19 14:55,85.487,46.2,1341.2,92.151
8/12/19 14:55,85.487,46.2,1348.7,92.151
8/12/19 14:55,85.487,46.2,1361.2,92.151
8/12/19 14:55,85.487,46.2,1373.7,92.151
8/12/19 14:55,85.442,46.2,1388.7,92.151
8/12/19 14:55,85.442,46.2,1411.2,92.151
8/12/19 14:55,85.442,46.2,1426.2,92.151
8/12/19 14:55,85.442,46.2,1438.7,92.151
8/12/19 14:55,85.442,46.2,1458.7,92.151
8/12/19 14:55,85.397,46.2,1481.2,92.151
8/12/19 14:55,85.397,46.2,1491.2,92.151
8/12/19 14:55,85.397,46.2,1498.7,92.151
8/12/19 14:55,85.397,46.2,1491.2,92.151
8/12/19 14:55,85.397,46.2,1491.2,92.151
8/12/19 14:55,85.352,46.4,1491.2,92.151
8/12/19 14:55,85.352,46.5,1498.7,92.151
8/12/19 14:55,85.352,46.5,1513.7,92.151
8/12/19 14:55,85.352,46.6,1523.7,92.151
8/12/19 14:55,85.352,46.6,1531.2,92.151
8/12/19 14:56,85.307,46.6,1536.2,92.151
8/12/19 14:56,85.307,46.6,1536.2,92.151
8/12/19 14:56,85.307,46.6,1543.7,92.151
8/12/19 14:56,85.262,46.6,1548.7,92.151
8/12/19 14:56,85.262,46.6,1553.7,92.151
8/12/19 14:56,85.262,46.6,1551.2,92.151
8/12/19 14:56,85.262,46.6,1538.7,92.151
8/12/19 14:56,85.262,46.7,1528.7,92.151
8/12/19 14:56,85.262,46.7,1521.2,92.151
8/12/19 14:56,85.217,46.7,1523.7,92.151
8/12/19 14:56,85.217,46.7,1526.2,92.151
8/12/19 14:56,85.217,46.8,1531.2,92.104
8/12/19 14:56,85.217,46.9,1533.7,92.104
8/12/19 14:56,85.217,46.9,1543.7,92.104
8/12/19 14:56,85.217,47.1,1561.2,92.104
8/12/19 14:56,85.217,47.1,1568.7,92.104
8/12/19 14:56,85.172,47.2,1566.2,92.104
8/12/19 14:56,85.217,47.2,1563.7,92.104
8/12/19 14:56,85.172,47.3,1568.7,92.104
8/12/19 14:56,85.217,47.4,1578.7,92.104
8/12/19 14:56,85.172,47.4,1583.7,92.104
8/12/19 14:56,85.172,47.5,1588.7,92.104
8/12/19 14:56,85.172,47.5,1593.7,92.104
8/12/19 14:56,85.172,47.6,1608.7,92.104
8/12/19 14:56,85.172,47.6,1621.2,92.104
8/12/19 14:56,85.172,47.6,1631.2,92.104
8/12/19 14:56,85.172,47.7,1636.2,92.104
8/12/19 14:56,85.217,47.8,1641.2,92.104
8/12/19 14:56,85.217,47.9,1643.7,92.104
8/12/19 14:56,85.172,47.9,1646.2,92.104
8/12/19 14:56,85.217,48,1633.7,92.104
8/12/19 14:56,85.217,48.1,1621.2,92.104
8/12/19 14:56,85.217,48.2,1618.7,92.104
8/12/19 14:56,85.217,48.3,1621.2,92.104
8/12/19 14:56,85.217,48.3,1623.7,92.104
8/12/19 14:56,85.217,48.3,1623.7,92.104
8/12/19 14:56,85.217,48.3,1626.2,92.104
8/12/19 14:56,85.217,48.4,1626.2,92.104
8/12/19 14:56,85.217,48.4,1633.7,92.104
8/12/19 14:56,85.262,48.5,1636.2,92.104
8/12/19 14:56,85.262,48.5,1628.7,92.104
8/12/19 14:56,85.262,48.6,1618.7,92.104
8/12/19 14:56,85.262,48.7,1626.2,92.104
8/12/19 14:56,85.262,48.8,1638.7,92.104
8/12/19 14:56,85.262,48.9,1643.7,92.104
8/12/19 14:56,85.262,48.9,1641.2,92.104
8/12/19 14:56,85.307,49,1641.2,92.104
8/12/19 14:56,85.307,49,1638.7,92.104
8/12/19 14:56,85.307,49,1633.7,92.104
8/12/19 14:56,85.307,49,1621.2,92.104
8/12/19 14:56,85.307,49,1608.7,92.104
8/12/19 14:56,85.307,49,1603.7,92.104
8/12/19 14:56,85.352,49,1606.2,92.104
8/12/19 14:56,85.352,49,1616.2,92.104
8/12/19 14:56,85.352,48.9,1623.7,92.104
8/12/19 14:56,85.352,48.9,1631.2,92.104
8/12/19 14:56,85.352,48.8,1643.7,92.104
8/12/19 14:56,85.352,48.8,1653.7,92.104
8/12/19 14:56,85.397,48.7,1661.2,92.104
8/12/19 14:56,85.397,48.7,1663.7,92.104
8/12/19 14:57,85.397,48.7,1673.7,92.104
8/12/19 14:57,85.397,48.6,1673.7,92.104
8/12/19 14:57,85.397,48.6,1681.2,92.104
8/12/19 14:57,85.442,48.6,1683.7,92.104
8/12/19 14:57,85.442,48.6,1691.2,92.104
8/12/19 14:57,85.442,48.6,1691.2,92.104
8/12/19 14:57,85.442,48.5,1696.2,92.104
8/12/19 14:57,85.442,48.4,1701.2,92.104
8/12/19 14:57,85.442,48.3,1708.7,92.104
8/12/19 14:57,85.487,48.4,1708.7,92.104
8/12/19 14:57,85.487,48.2,1706.2,92.104
8/12/19 14:57,85.487,48.2,1703.7,92.104
8/12/19 14:57,85.487,48,1706.2,92.104
8/12/19 14:57,85.487,47.9,1711.2,92.104
8/12/19 14:57,85.487,47.7,1716.2,92.104
8/12/19 14:57,85.487,47.6,1718.7,92.104
8/12/19 14:57,85.487,47.6,1718.7,92.104
8/12/19 14:57,85.487,47.6,1723.7,92.104
8/12/19 14:57,85.487,47.6,1723.7,92.104
8/12/19 14:57,85.487,47.6,1731.2,92.104
8/12/19 14:57,85.487,47.7,1731.2,92.104
8/12/19 14:57,85.487,47.7,1731.2,92.104
8/12/19 14:57,85.487,47.8,1728.7,92.104
8/12/19 14:57,85.487,47.8,1726.2,92.104
8/12/19 14:57,85.487,47.8,1726.2,92.104
8/12/19 14:57,85.487,48,1723.7,92.104
8/12/19 14:57,85.487,48,1723.7,92.104
8/12/19 14:57,85.487,48.1,1716.2,92.104
8/12/19 14:57,85.487,48.2,1706.2,92.104
8/12/19 14:57,85.487,48.2,1693.7,92.104
8/12/19 14:57,85.487,48.3,1691.2,92.104
8/12/19 14:57,85.487,48.3,1691.2,92.104
8/12/19 14:57,85.487,48.4,1686.2,92.104
8/12/19 14:57,85.487,48.4,1668.7,92.104
8/12/19 14:57,85.532,48.3,1661.2,92.104
8/12/19 14:57,85.532,48.3,1656.2,92.104
8/12/19 14:57,85.532,48.2,1656.2,92.104
8/12/19 14:57,85.532,48.2,1643.7,92.104
8/12/19 14:57,85.532,48.1,1636.2,92.104
8/12/19 14:57,85.532,47.9,1631.2,92.104
8/12/19 14:57,85.532,47.9,1636.2,92.104
8/12/19 14:57,85.532,47.9,1636.2,92.104
8/12/19 14:57,85.577,47.8,1653.7,92.104
8/12/19 14:57,85.577,47.8,1671.2,92.104
8/12/19 14:57,85.577,47.8,1676.2,92.104
8/12/19 14:57,85.577,47.8,1681.2,92.104
8/12/19 14:57,85.577,47.9,1688.7,92.104
8/12/19 14:57,85.622,48,1696.2,92.104
8/12/19 14:57,85.622,48,1698.7,92.104
8/12/19 14:57,85.622,48,1696.2,92.104
8/12/19 14:57,85.622,48,1693.7,92.104
8/12/19 14:57,85.667,48.1,1696.2,92.104
8/12/19 14:57,85.667,48.2,1708.7,92.104
8/12/19 14:57,85.667,48.2,1713.7,92.104
8/12/19 14:57,85.667,48.2,1718.7,92.104
8/12/19 14:57,85.667,48.2,1718.7,92.104
8/12/19 14:57,85.712,48.2,1726.2,92.104
8/12/19 14:57,85.712,48.2,1726.2,92.104
8/12/19 14:57,85.712,48.2,1731.2,92.104
8/12/19 14:57,85.757,48.2,1736.2,92.104
8/12/19 14:58,85.757,48.1,1741.2,92.104
8/12/19 14:58,85.757,48,1748.7,92.104
8/12/19 14:58,85.757,47.8,1748.7,92.104
8/12/19 14:58,85.802,47.7,1748.7,92.104
8/12/19 14:58,85.802,47.6,1751.2,92.104
8/12/19 14:58,85.802,47.4,1751.2,92.104
8/12/19 14:58,85.802,47.3,1738.7,92.104
8/12/19 14:58,85.849,47.2,1728.7,92.151
8/12/19 14:58,85.849,47.1,1718.7,92.104
8/12/19 14:58,85.849,47.2,1706.2,92.151
8/12/19 14:58,85.849,47.2,1688.7,92.151
8/12/19 14:58,85.849,47.3,1663.7,92.151
8/12/19 14:58,85.849,47.3,1646.2,92.151
8/12/19 14:58,85.849,47.3,1638.7,92.151
8/12/19 14:58,85.894,47.4,1626.2,92.151
8/12/19 14:58,85.894,47.5,1616.2,92.151
8/12/19 14:58,85.894,47.6,1608.7,92.151
8/12/19 14:58,85.894,47.6,1611.2,92.151
8/12/19 14:58,85.894,47.7,1628.7,92.151
8/12/19 14:58,85.894,47.7,1651.2,92.151
8/12/19 14:58,85.894,47.7,1658.7,92.151
8/12/19 14:58,85.939,47.7,1658.7,92.151
8/12/19 14:58,85.939,47.8,1658.7,92.151
8/12/19 14:58,85.939,47.9,1673.7,92.151
8/12/19 14:58,85.939,48,1696.2,92.151
8/12/19 14:58,85.939,48.1,1713.7,92.151
8/12/19 14:58,85.939,48.2,1721.2,92.151
8/12/19 14:58,85.984,48.3,1731.2,92.151
8/12/19 14:58,85.984,48.4,1741.2,92.151
8/12/19 14:58,85.984,48.4,1748.7,92.151
8/12/19 14:58,85.984,48.5,1756.2,92.151
8/12/19 14:58,85.984,48.4,1756.2,92.151
8/12/19 14:58,85.984,48.4,1733.7,92.151
8/12/19 14:58,86.029,48.3,1703.7,92.151
8/12/19 14:58,86.029,48.3,1686.2,92.151
8/12/19 14:58,86.029,48.2,1678.7,92.151
8/12/19 14:58,86.029,48.1,1651.2,92.151
8/12/19 14:58,86.029,48.1,1621.2,92.151
8/12/19 14:58,86.029,48,1601.2,92.151
8/12/19 14:58,86.029,48,1583.7,92.151
8/12/19 14:58,86.029,48.1,1581.2,92.151
8/12/19 14:58,86.029,48.1,1581.2,92.151
8/12/19 14:58,86.029,48.2,1553.7,92.151
8/12/19 14:58,86.074,48.2,1528.7,92.151
8/12/19 14:58,86.074,48.2,1531.2,92.151
8/12/19 14:58,86.074,48.2,1541.2,92.151
8/12/19 14:58,86.074,48.2,1561.2,92.151
8/12/19 14:58,86.074,48.2,1568.7,92.151
8/12/19 14:58,86.074,48.3,1558.7,92.151
8/12/19 14:58,86.074,48.2,1546.2,92.151
8/12/19 14:58,86.074,48.2,1543.7,92.151
8/12/19 14:58,86.074,48,1548.7,92.151
8/12/19 14:58,86.074,47.8,1558.7,92.151
8/12/19 14:58,86.074,47.7,1576.2,92.151
8/12/19 14:58,86.074,47.6,1586.2,92.151
8/12/19 14:58,86.074,47.4,1578.7,92.151
8/12/19 14:58,86.074,47.2,1578.7,92.151
8/12/19 14:58,86.074,47.1,1591.2,92.151
8/12/19 14:58,86.074,47,1598.7,92.197
8/12/19 14:58,86.074,46.9,1586.2,92.151
8/12/19 14:59,86.074,46.8,1568.7,92.151
8/12/19 14:59,86.074,46.7,1566.2,92.151
8/12/19 14:59,86.074,46.8,1568.7,92.151
8/12/19 14:59,86.074,46.7,1573.7,92.151
8/12/19 14:59,86.029,46.7,1586.2,92.197
8/12/19 14:59,86.029,46.7,1588.7,92.151
8/12/19 14:59,86.029,46.7,1601.2,92.197
8/12/19 14:59,86.029,46.7,1618.7,92.151
8/12/19 14:59,86.029,46.7,1628.7,92.197
8/12/19 14:59,85.984,46.7,1626.2,92.151
8/12/19 14:59,85.984,46.7,1616.2,92.197
8/12/19 14:59,85.984,46.6,1608.7,92.197
8/12/19 14:59,85.984,46.6,1608.7,92.197
8/12/19 14:59,85.939,46.6,1611.2,92.151
8/12/19 14:59,85.939,46.6,1618.7,92.151
8/12/19 14:59,85.939,46.5,1643.7,92.151
8/12/19 14:59,85.939,46.6,1666.2,92.151
8/12/19 14:59,85.894,46.6,1686.2,92.151
8/12/19 14:59,85.894,46.6,1703.7,92.151
8/12/19 14:59,85.894,46.6,1716.2,92.151
8/12/19 14:59,85.894,46.5,1718.7,92.197
8/12/19 14:59,85.894,46.7,1716.2,92.151
8/12/19 14:59,85.849,46.8,1711.2,92.151
8/12/19 14:59,85.849,47,1703.7,92.197
8/12/19 14:59,85.849,47,1698.7,92.151
8/12/19 14:59,85.849,47.2,1686.2,92.151
8/12/19 14:59,85.849,47.4,1678.7,92.151
8/12/19 14:59,85.849,47.5,1671.2,92.151
8/12/19 14:59,85.849,47.6,1671.2,92.197
8/12/19 14:59,85.849,47.7,1668.7,92.151
8/12/19 14:59,85.802,47.7,1666.2,92.151
8/12/19 14:59,85.802,47.8,1658.7,92.151
8/12/19 14:59,85.802,47.8,1651.2,92.151
8/12/19 14:59,85.802,47.9,1636.2,92.151
8/12/19 14:59,85.802,48,836.2,92.151
8/12/19 14:59,85.802,48.2,928.7,92.151
8/12/19 14:59,85.802,48.3,781.2,92.151
8/12/19 14:59,85.802,48.4,733.7,92.151
8/12/19 14:59,85.802,48.3,771.2,92.151
8/12/19 14:59,85.849,48.2,676.2,92.197
8/12/19 14:59,85.849,48.1,686.2,92.151
8/12/19 14:59,85.849,48.1,466.2,92.197
8/12/19 14:59,85.849,48.1,498.7,92.197
8/12/19 14:59,85.849,48.1,528.7,92.151
8/12/19 14:59,85.849,48.1,1576.2,92.151
8/12/19 14:59,85.849,48.1,1558.7,92.151
8/12/19 14:59,85.849,48.1,1546.2,92.151
8/12/19 14:59,85.849,48,1536.2,92.151
8/12/19 14:59,85.849,47.9,1526.2,92.151
8/12/19 14:59,85.849,47.9,1513.7,92.151
8/12/19 14:59,85.849,47.8,1491.2,92.197
8/12/19 14:59,85.894,47.8,1451.2,92.151
8/12/19 14:59,85.894,47.8,1426.2,92.151
8/12/19 14:59,85.894,47.9,1426.2,92.151
8/12/19 14:59,85.894,48,1428.7,92.151
8/12/19 14:59,85.894,48,1416.2,92.197
8/12/19 14:59,85.894,47.9,1403.7,92.151
8/12/19 14:59,85.894,47.8,1398.7,92.151
8/12/19 14:59,85.894,47.7,1401.2,92.151
8/12/19 14:59,85.894,47.7,1406.2,92.151
8/12/19 15:00,85.894,47.7,1411.2,92.151
8/12/19 15:00,85.894,47.6,1421.2,92.151
8/12/19 15:00,85.894,47.6,1428.7,92.151
8/12/19 15:00,85.894,47.6,1418.7,92.151
8/12/19 15:00,85.894,47.6,1401.2,92.151
8/12/19 15:00,85.939,47.6,1383.7,92.151
8/12/19 15:00,85.894,47.6,1363.7,92.151
8/12/19 15:00,85.939,47.6,1338.7,92.151
8/12/19 15:00,85.939,47.7,1323.7,92.151
8/12/19 15:00,85.939,47.7,1318.7,92.151
8/12/19 15:00,85.939,47.7,1326.2,92.197
8/12/19 15:00,85.939,47.8,1331.2,92.151
8/12/19 15:00,85.939,47.9,1338.7,92.151
8/12/19 15:00,85.939,47.9,1348.7,92.197
8/12/19 15:00,85.939,48,1341.2,92.151
8/12/19 15:00,85.939,48.1,1336.2,92.151
8/12/19 15:00,85.939,48.3,1326.2,92.151
8/12/19 15:00,85.939,48.4,1313.7,92.151
8/12/19 15:00,85.984,48.5,1296.2,92.151
8/12/19 15:00,85.984,48.6,1283.7,92.151
8/12/19 15:00,85.984,48.7,1268.7,92.151
8/12/19 15:00,85.984,48.8,1256.2,92.151
8/12/19 15:00,85.984,48.9,1253.7,92.151
8/12/19 15:00,85.984,49,1256.2,92.151
8/12/19 15:00,86.029,49,1253.7,92.151
8/12/19 15:00,86.029,49,1248.7,92.151
8/12/19 15:00,86.029,49,1246.2,92.197
8/12/19 15:00,86.029,48.9,1241.2,92.151
8/12/19 15:00,86.029,48.8,1228.7,92.197
8/12/19 15:00,86.029,48.7,1208.7,92.151
8/12/19 15:00,86.029,48.7,1193.7,92.151
8/12/19 15:00,86.029,48.6,1183.7,92.151
8/12/19 15:00,86.029,48.6,1181.2,92.197
8/12/19 15:00,86.029,48.5,1183.7,92.151
8/12/19 15:00,86.029,48.5,1188.7,92.151
8/12/19 15:00,86.029,48.5,1196.2,92.151
8/12/19 15:00,86.029,48.4,1193.7,92.151
8/12/19 15:00,86.029,48.4,1176.2,92.197
8/12/19 15:00,86.029,48.4,1166.2,92.151
8/12/19 15:00,86.029,48.5,1173.7,92.151
8/12/19 15:00,86.029,48.5,1183.7,92.197
8/12/19 15:00,86.029,48.5,1196.2,92.197
8/12/19 15:00,86.029,48.5,1211.2,92.151
8/12/19 15:00,86.029,48.5,1221.2,92.151
8/12/19 15:00,86.029,48.4,1221.2,92.197
8/12/19 15:00,86.029,48.3,1228.7,92.197
8/12/19 15:00,86.029,48,1231.2,92.151
8/12/19 15:00,86.029,47.9,1228.7,92.151
8/12/19 15:00,85.984,47.7,1238.7,92.151
8/12/19 15:00,85.984,47.7,1261.2,92.197
8/12/19 15:00,85.984,47.7,1276.2,92.151
8/12/19 15:00,85.984,47.7,1283.7,92.197
8/12/19 15:00,85.984,47.7,1296.2,92.151
8/12/19 15:00,85.984,47.7,1311.2,92.151
8/12/19 15:00,85.984,47.7,1318.7,92.151
8/12/19 15:00,85.939,47.7,1316.2,92.151
8/12/19 15:00,85.939,47.9,1308.7,92.151
8/12/19 15:00,85.939,48,1293.7,92.151
8/12/19 15:00,85.939,48,1298.7,92.151
8/12/19 15:00,85.939,48,1313.7,92.151
8/12/19 15:01,85.939,48,1321.2,92.151
8/12/19 15:01,85.894,47.9,1313.7,92.151
8/12/19 15:01,85.894,47.9,1303.7,92.151
8/12/19 15:01,85.894,47.9,1298.7,92.151
8/12/19 15:01,85.894,47.9,1303.7,92.151
8/12/19 15:01,85.894,47.9,1316.2,92.151
8/12/19 15:01,85.894,48,1331.2,92.151
8/12/19 15:01,85.894,48,1338.7,92.151
8/12/19 15:01,85.894,48.1,1328.7,92.151
8/12/19 15:01,85.894,48.2,1313.7,92.151
8/12/19 15:01,85.894,48.3,1316.2,92.151
8/12/19 15:01,85.849,48.3,1336.2,92.151
8/12/19 15:01,85.849,48.3,1361.2,92.151
8/12/19 15:01,85.849,48.3,1376.2,92.151
8/12/19 15:01,85.849,48.2,1376.2,92.151
8/12/19 15:01,85.849,48,1378.7,92.151
8/12/19 15:01,85.849,47.9,1383.7,92.151
8/12/19 15:01,85.849,47.8,1396.2,92.151
8/12/19 15:01,85.849,47.7,1408.7,92.151
8/12/19 15:01,85.849,47.7,1413.7,92.151
8/12/19 15:01,85.849,47.7,1421.2,92.151
8/12/19 15:01,85.849,47.7,1423.7,92.151
8/12/19 15:01,85.849,47.7,1423.7,92.151
8/12/19 15:01,85.849,47.7,1418.7,92.151
8/12/19 15:01,85.849,47.7,1426.2,92.151
8/12/19 15:01,85.849,47.7,1421.2,92.151
8/12/19 15:01,85.849,47.7,1418.7,92.151
8/12/19 15:01,85.802,47.7,1426.2,92.151
8/12/19 15:01,85.802,47.7,1438.7,92.151
8/12/19 15:01,85.802,47.7,1448.7,92.151
8/12/19 15:01,85.802,47.7,1451.2,92.151
8/12/19 15:01,85.802,47.7,1446.2,92.151
8/12/19 15:01,85.802,47.7,1438.7,92.151
8/12/19 15:01,85.802,47.7,1451.2,92.151
8/12/19 15:01,85.802,47.7,1468.7,92.151
8/12/19 15:01,85.802,47.7,1483.7,92.151
8/12/19 15:01,85.802,47.8,1483.7,92.151
8/12/19 15:01,85.802,47.8,1483.7,92.151
8/12/19 15:01,85.802,47.8,1483.7,92.151
8/12/19 15:01,85.757,47.7,1488.7,92.151
8/12/19 15:01,85.757,47.7,1508.7,92.151
8/12/19 15:01,85.757,47.7,1523.7,92.151
8/12/19 15:01,85.757,47.7,1523.7,92.151
8/12/19 15:01,85.757,47.7,1516.2,92.151
8/12/19 15:01,85.757,47.7,1516.2,92.151
8/12/19 15:01,85.757,47.7,1521.2,92.151
8/12/19 15:01,85.757,47.7,1523.7,92.151
8/12/19 15:01,85.757,47.8,1523.7,92.151
8/12/19 15:01,85.757,47.9,1523.7,92.151
8/12/19 15:01,85.757,48,1528.7,92.151
8/12/19 15:01,85.712,48.1,1546.2,92.151
8/12/19 15:01,85.712,48.2,1571.2,92.151
8/12/19 15:01,85.712,48.3,1588.7,92.151
8/12/19 15:01,85.712,48.4,1586.2,92.151
8/12/19 15:01,85.712,48.4,1573.7,92.151
8/12/19 15:01,85.712,48.4,1561.2,92.151
8/12/19 15:01,85.712,48.5,1548.7,92.151
8/12/19 15:01,85.712,48.4,1551.2,92.151
8/12/19 15:01,85.712,48.4,1561.2,92.151
8/12/19 15:01,85.712,48.4,1563.7,92.151
8/12/19 15:02,85.712,48.3,1563.7,92.151
8/12/19 15:02,85.667,48.2,1566.2,92.104
8/12/19 15:02,85.712,48.1,1586.2,92.151
8/12/19 15:02,85.712,47.9,1591.2,92.151
8/12/19 15:02,85.667,47.8,1573.7,92.104
8/12/19 15:02,85.667,47.7,1566.2,92.104
8/12/19 15:02,85.667,47.7,1586.2,92.151
8/12/19 15:02,85.667,47.6,1626.2,92.104
8/12/19 15:02,85.667,47.6,1656.2,92.151
8/12/19 15:02,85.667,47.6,1663.7,92.104
8/12/19 15:02,85.667,47.6,1658.7,92.151
8/12/19 15:02,85.667,47.5,1651.2,92.151
8/12/19 15:02,85.667,47.5,1648.7,92.104
8/12/19 15:02,85.622,47.4,1651.2,92.104
8/12/19 15:02,85.622,47.4,1653.7,92.104
8/12/19 15:02,85.622,47.5,1648.7,92.104
8/12/19 15:02,85.622,47.5,1648.7,92.104
8/12/19 15:02,85.622,47.5,1638.7,92.104
8/12/19 15:02,85.622,47.5,1618.7,92.104
8/12/19 15:02,85.622,47.6,1603.7,92.151
8/12/19 15:02,85.622,47.6,1598.7,92.104
8/12/19 15:02,85.622,47.7,1591.2,92.104
8/12/19 15:02,85.622,47.8,1591.2,92.104
8/12/19 15:02,85.622,47.8,1586.2,92.104
8/12/19 15:02,85.622,47.9,1578.7,92.104
8/12/19 15:02,85.622,47.9,1583.7,92.104
8/12/19 15:02,85.577,47.8,1598.7,92.104
8/12/19 15:02,85.622,47.7,1608.7,92.104
8/12/19 15:02,85.622,47.6,1613.7,92.104
8/12/19 15:02,85.622,47.6,1613.7,92.104
8/12/19 15:02,85.622,47.6,1611.2,92.104
8/12/19 15:02,85.622,47.5,1601.2,92.104
8/12/19 15:02,85.622,47.5,1598.7,92.104
8/12/19 15:02,85.622,47.6,1603.7,92.104
8/12/19 15:02,85.622,47.6,1616.2,92.104
8/12/19 15:02,85.622,47.7,1621.2,92.104
8/12/19 15:02,85.622,47.8,1623.7,92.104
8/12/19 15:02,85.622,47.9,1621.2,92.104
8/12/19 15:02,85.622,47.9,1613.7,92.104
8/12/19 15:02,85.622,47.9,1603.7,92.104
8/12/19 15:02,85.622,47.8,1596.2,92.104
8/12/19 15:02,85.622,47.9,1593.7,92.104
8/12/19 15:02,85.667,47.9,1586.2,92.104
8/12/19 15:02,85.667,47.9,1581.2,92.104
8/12/19 15:02,85.667,47.9,1581.2,92.104
8/12/19 15:02,85.667,47.9,1578.7,92.104
8/12/19 15:02,85.667,48.1,1561.2,92.104
8/12/19 15:02,85.667,48.1,1541.2,92.104
8/12/19 15:02,85.667,48.2,1523.7,92.104
8/12/19 15:02,85.667,48.2,1498.7,92.104
8/12/19 15:02,85.712,48.3,1476.2,92.104
8/12/19 15:02,85.712,48.3,1456.2,92.104
8/12/19 15:02,85.712,48.3,1441.2,92.104
8/12/19 15:02,85.712,48.3,1428.7,92.104
8/12/19 15:02,85.712,48.4,1428.7,92.104
8/12/19 15:02,85.712,48.4,1413.7,92.104
8/12/19 15:02,85.712,48.4,1396.2,92.104
8/12/19 15:02,85.712,48.5,1381.2,92.104
8/12/19 15:02,85.712,48.5,1373.7,92.104
8/12/19 15:02,85.757,48.6,1371.2,92.104
8/12/19 15:03,85.757,48.6,1358.7,92.104
8/12/19 15:03,85.757,48.6,1348.7,92.104
8/12/19 15:03,85.757,48.6,1353.7,92.104
8/12/19 15:03,85.757,48.6,1361.2,92.104
8/12/19 15:03,85.757,48.7,1373.7,92.104
8/12/19 15:03,85.757,48.6,1376.2,92.104
8/12/19 15:03,85.757,48.6,1373.7,92.104
8/12/19 15:03,85.757,48.6,1361.2,92.104
8/12/19 15:03,85.757,48.6,1353.7,92.104
8/12/19 15:03,85.757,48.6,1346.2,92.104
8/12/19 15:03,85.757,48.7,1346.2,92.104
8/12/19 15:03,85.802,48.7,1353.7,92.104
8/12/19 15:03,85.757,48.8,1343.7,92.104
8/12/19 15:03,85.802,48.9,1333.7,92.104
8/12/19 15:03,85.802,49,1323.7,92.104
8/12/19 15:03,85.802,49,1323.7,92.104
8/12/19 15:03,85.802,49,1313.7,92.104
8/12/19 15:03,85.802,48.9,1296.2,92.104
8/12/19 15:03,85.802,48.8,1286.2,92.104
8/12/19 15:03,85.802,48.7,1298.7,92.104
8/12/19 15:03,85.802,48.6,1318.7,92.104
8/12/19 15:03,85.802,48.5,1346.2,92.104
8/12/19 15:03,85.802,48.4,1363.7,92.104
8/12/19 15:03,85.849,48.4,1371.2,92.104
8/12/19 15:03,85.849,48.4,1376.2,92.104
8/12/19 15:03,85.849,48.4,1391.2,92.104
8/12/19 15:03,85.849,48.4,1411.2,92.104
8/12/19 15:03,85.849,48.5,1416.2,92.104
8/12/19 15:03,85.849,48.6,1411.2,92.104
8/12/19 15:03,85.849,48.7,1401.2,92.104
8/12/19 15:03,85.849,48.7,1393.7,92.104
8/12/19 15:03,85.849,48.8,1403.7,92.104
8/12/19 15:03,85.849,48.8,1408.7,92.104
8/12/19 15:03,85.849,48.8,1413.7,92.104
8/12/19 15:03,85.849,48.8,1436.2,92.104
8/12/19 15:03,85.894,48.9,1451.2,92.104
8/12/19 15:03,85.894,48.9,1456.2,92.104
8/12/19 15:03,85.894,48.9,1456.2,92.104
8/12/19 15:03,85.894,48.9,1461.2,92.104
8/12/19 15:03,85.894,49,1483.7,92.104
8/12/19 15:03,85.894,49,1518.7,92.104
8/12/19 15:03,85.894,49,1543.7,92.104
8/12/19 15:03,85.894,49,1551.2,92.104
8/12/19 15:03,85.894,49.1,1531.2,92.104
8/12/19 15:03,85.894,49.1,1503.7,92.104
8/12/19 15:03,85.894,49.1,1491.2,92.104
8/12/19 15:03,85.939,49.1,1493.7,92.104
8/12/19 15:03,85.939,49.1,1483.7,92.104
8/12/19 15:03,85.939,49.1,1458.7,92.104
8/12/19 15:03,85.939,49,1441.2,92.104
8/12/19 15:03,85.939,49,1446.2,92.104
8/12/19 15:03,85.939,49,1458.7,92.104
8/12/19 15:03,85.939,49,1476.2,92.104
8/12/19 15:03,85.939,49,1493.7,92.104
8/12/19 15:03,85.984,49,1501.2,92.104
8/12/19 15:03,85.984,49,1508.7,92.104
8/12/19 15:03,85.984,49,1516.2,92.104
8/12/19 15:03,85.984,49.1,1531.2,92.104
8/12/19 15:03,85.984,49.1,1546.2,92.104
8/12/19 15:03,85.984,49,1561.2,92.104
8/12/19 15:04,85.984,48.9,1563.7,92.104
8/12/19 15:04,85.984,48.7,1561.2,92.104
8/12/19 15:04,86.029,48.7,1558.7,92.104
8/12/19 15:04,86.029,48.7,1553.7,92.104
8/12/19 15:04,86.029,48.6,1553.7,92.104
8/12/19 15:04,86.029,48.6,1561.2,92.104
8/12/19 15:04,86.029,48.6,1561.2,92.104
8/12/19 15:04,86.029,48.6,1568.7,92.104
8/12/19 15:04,86.029,48.7,1573.7,92.104
8/12/19 15:04,86.029,48.7,1571.2,92.104
8/12/19 15:04,86.029,48.7,1573.7,92.104
8/12/19 15:04,86.029,48.7,1581.2,92.057
8/12/19 15:04,86.029,48.6,1578.7,92.104
8/12/19 15:04,86.029,48.6,1571.2,92.104
8/12/19 15:04,86.029,48.5,1563.7,92.057
8/12/19 15:04,86.029,48.5,1558.7,92.057
8/12/19 15:04,86.074,48.4,1548.7,92.104
8/12/19 15:04,86.074,48.4,1538.7,92.104
8/12/19 15:04,86.074,48.3,1536.2,92.104
8/12/19 15:04,86.074,48.1,1536.2,92.104
8/12/19 15:04,86.074,48,1536.2,92.104
8/12/19 15:04,86.074,47.9,1528.7,92.104
8/12/19 15:04,86.074,47.9,1513.7,92.104
8/12/19 15:04,86.074,47.7,1493.7,92.104
8/12/19 15:04,86.074,47.7,1486.2,92.104
8/12/19 15:04,86.074,47.7,1488.7,92.104
8/12/19 15:04,86.074,47.6,1486.2,92.057
8/12/19 15:04,86.074,47.5,1473.7,92.104
8/12/19 15:04,86.074,47.5,1451.2,92.104
8/12/19 15:04,86.119,47.4,1433.7,92.104
8/12/19 15:04,86.074,47.4,1421.2,92.104
8/12/19 15:04,86.074,47.4,1421.2,92.104
8/12/19 15:04,86.074,47.4,1426.2,92.104
8/12/19 15:04,86.074,47.4,1418.7,92.104
8/12/19 15:04,86.119,47.4,1403.7,92.104
8/12/19 15:04,86.074,47.4,1383.7,92.057
8/12/19 15:04,86.074,47.3,1356.2,92.104
8/12/19 15:04,86.119,47.4,1326.2,92.104
8/12/19 15:04,86.119,47.4,1288.7,92.104
8/12/19 15:04,86.074,47.4,1261.2,92.104
8/12/19 15:04,86.074,47.5,1236.2,92.104
8/12/19 15:04,86.074,47.5,1211.2,92.104
8/12/19 15:04,86.074,47.5,1186.2,92.104
8/12/19 15:04,86.074,47.3,1161.2,92.104
8/12/19 15:04,86.074,47.2,1133.7,92.104
8/12/19 15:04,86.074,47,1108.7,92.104
8/12/19 15:04,86.074,47,1093.7,92.104
8/12/19 15:04,86.074,46.9,1086.2,92.104
8/12/19 15:04,86.074,46.8,1083.7,92.104
8/12/19 15:04,86.074,46.8,1076.2,92.104
8/12/19 15:04,86.074,46.8,1071.2,92.104
8/12/19 15:04,86.074,46.8,1066.2,92.104
8/12/19 15:04,86.074,46.7,1066.2,92.104
8/12/19 15:04,86.074,46.7,1073.7,92.104
8/12/19 15:04,86.074,46.6,1083.7,92.104
8/12/19 15:04,86.074,46.5,1091.2,92.104
8/12/19 15:04,86.074,46.4,1091.2,92.104
8/12/19 15:04,86.029,46.4,1093.7,92.104
8/12/19 15:04,86.029,46.3,1098.7,92.104
8/12/19 15:04,86.029,46.3,1108.7,92.104
8/12/19 15:05,86.029,46.3,1128.7,92.104
8/12/19 15:05,86.029,46.2,1156.2,92.104
8/12/19 15:05,86.029,46.2,1171.2,92.104
8/12/19 15:05,86.029,46.2,1176.2,92.104
8/12/19 15:05,85.984,46.2,1178.7,92.104
8/12/19 15:05,85.984,46.2,1176.2,92.104
8/12/19 15:05,85.984,46.3,1168.7,92.104
8/12/19 15:05,85.984,46.4,1153.7,92.104
8/12/19 15:05,85.984,46.4,1136.2,92.104
8/12/19 15:05,85.984,46.5,1116.2,92.104
8/12/19 15:05,85.939,46.5,1106.2,92.104
8/12/19 15:05,85.939,46.5,1116.2,92.104
8/12/19 15:05,85.939,46.5,1133.7,92.104
8/12/19 15:05,85.939,46.5,1146.2,92.104
8/12/19 15:05,85.939,46.5,1153.7,92.104
8/12/19 15:05,85.939,46.5,1156.2,92.104
8/12/19 15:05,85.939,46.6,1146.2,92.104
8/12/19 15:05,85.939,46.5,1133.7,92.104
8/12/19 15:05,85.939,46.5,1136.2,92.104
8/12/19 15:05,85.894,46.6,1151.2,92.104
8/12/19 15:05,85.894,46.6,1173.7,92.104
8/12/19 15:05,85.894,46.6,1196.2,92.104
8/12/19 15:05,85.894,46.6,1218.7,92.104
8/12/19 15:05,85.894,46.6,1226.2,92.104
8/12/19 15:05,85.894,46.7,1236.2,92.104
8/12/19 15:05,85.894,46.7,1246.2,92.104
8/12/19 15:05,85.894,46.8,1253.7,92.104
8/12/19 15:05,85.894,46.9,1256.2,92.104
8/12/19 15:05,85.849,47,1251.2,92.104
8/12/19 15:05,85.894,47,1243.7,92.104
8/12/19 15:05,85.849,47,1226.2,92.104
8/12/19 15:05,85.849,47.1,1208.7,92.057
8/12/19 15:05,85.849,47,1201.2,92.057
8/12/19 15:05,85.849,47.1,1203.7,92.104
8/12/19 15:05,85.849,47.1,1211.2,92.057
8/12/19 15:05,85.849,47.2,1221.2,92.057
8/12/19 15:05,85.849,47.2,1223.7,92.057
8/12/19 15:05,85.849,47.1,1228.7,92.057
8/12/19 15:05,85.849,47.1,1236.2,92.057
8/12/19 15:05,85.849,47.1,1243.7,92.057
8/12/19 15:05,85.849,47.1,1246.2,92.057
8/12/19 15:05,85.802,47.1,1243.7,92.057
8/12/19 15:05,85.802,47,1231.2,92.057
8/12/19 15:05,85.802,47,1213.7,92.057
8/12/19 15:05,85.802,47,1211.2,92.057
8/12/19 15:05,85.802,47,1218.7,92.057
8/12/19 15:05,85.802,47,1226.2,92.057
8/12/19 15:05,85.802,47.1,1233.7,92.057
8/12/19 15:05,85.802,47.2,1228.7,92.057
8/12/19 15:05,85.757,47.2,1221.2,92.057
8/12/19 15:05,85.757,47.2,1208.7,92.057
8/12/19 15:05,85.757,47.1,1193.7,92.057
8/12/19 15:05,85.757,47,1186.2,92.057
8/12/19 15:05,85.757,47,1183.7,92.057
8/12/19 15:05,85.712,47,1186.2,92.057
8/12/19 15:05,85.712,46.8,1186.2,92.057
8/12/19 15:05,85.712,46.7,1196.2,92.057
8/12/19 15:05,85.712,46.8,1211.2,92.057
8/12/19 15:05,85.712,46.8,1223.7,92.057
8/12/19 15:05,85.667,46.9,1228.7,92.057
8/12/19 15:06,85.667,47,1236.2,92.057
8/12/19 15:06,85.667,47,1253.7,92.057
8/12/19 15:06,85.667,47,1273.7,92.057
8/12/19 15:06,85.667,47,1281.2,92.057
8/12/19 15:06,85.622,47,1281.2,92.057
8/12/19 15:06,85.622,47,1281.2,92.057
8/12/19 15:06,85.622,47.1,1276.2,92.01
8/12/19 15:06,85.622,47.2,1273.7,92.057
8/12/19 15:06,85.622,47.2,1276.2,92.01
8/12/19 15:06,85.622,47.3,1276.2,92.01
8/12/19 15:06,85.577,47.4,1281.2,92.057
8/12/19 15:06,85.577,47.5,1301.2,92.057
8/12/19 15:06,85.577,47.5,1321.2,92.01
8/12/19 15:06,85.577,47.5,1323.7,92.01
8/12/19 15:06,85.577,47.4,1321.2,92.01
8/12/19 15:06,85.577,47.4,1316.2,92.01
8/12/19 15:06,85.577,47.4,1316.2,92.01
8/12/19 15:06,85.532,47.3,1311.2,92.01
8/12/19 15:06,85.532,47.3,1293.7,92.01
8/12/19 15:06,85.532,47.3,1273.7,92.01
8/12/19 15:06,85.532,47.3,1271.2,92.01
8/12/19 15:06,85.532,47.3,1278.7,92.01
8/12/19 15:06,85.532,47.4,1293.7,92.01
8/12/19 15:06,85.532,47.3,1308.7,92.01
8/12/19 15:06,85.532,47.2,1321.2,92.01
8/12/19 15:06,85.487,47.2,1333.7,92.01
8/12/19 15:06,85.487,47.1,1341.2,92.01
8/12/19 15:06,85.487,47,1348.7,92.01
8/12/19 15:06,85.487,46.9,1363.7,92.01
8/12/19 15:06,85.487,46.9,1381.2,92.01
8/12/19 15:06,85.442,46.9,1378.7,92.01
8/12/19 15:06,85.442,46.9,1371.2,92.01
8/12/19 15:06,85.442,46.9,1368.7,92.01
8/12/19 15:06,85.442,46.8,1371.2,92.01
8/12/19 15:06,85.442,46.8,1368.7,92.01
8/12/19 15:06,85.397,46.8,1373.7,92.01
8/12/19 15:06,85.397,46.7,1391.2,92.01
8/12/19 15:06,85.397,46.5,1406.2,91.963
8/12/19 15:06,85.397,46.4,1408.7,91.963
8/12/19 15:06,85.352,46.3,1401.2,91.963
8/12/19 15:06,85.352,46.2,1398.7,91.963
8/12/19 15:06,85.352,46.2,1398.7,91.963
8/12/19 15:06,85.352,46.2,1401.2,91.963
8/12/19 15:06,85.307,46.3,1416.2,91.963
8/12/19 15:06,85.307,46.3,1443.7,91.963
8/12/19 15:06,85.307,46.3,1468.7,91.963
8/12/19 15:06,85.307,46.4,1473.7,91.963
8/12/19 15:06,85.262,46.4,1483.7,91.963
8/12/19 15:06,85.262,46.5,1506.2,91.963
8/12/19 15:06,85.262,46.5,1533.7,91.963
8/12/19 15:06,85.262,46.5,1556.2,91.963
8/12/19 15:06,85.262,46.5,1563.7,91.963
8/12/19 15:06,85.217,46.6,1546.2,91.963
8/12/19 15:06,85.217,46.7,1521.2,91.963
8/12/19 15:06,85.217,46.8,1508.7,91.963
8/12/19 15:06,85.217,46.9,1518.7,91.963
8/12/19 15:06,85.217,46.9,1528.7,91.963
8/12/19 15:06,85.217,46.9,1538.7,91.963
8/12/19 15:06,85.217,46.9,1548.7,91.963
8/12/19 15:06,85.217,46.9,1553.7,91.963
8/12/19 15:07,85.217,46.9,1553.7,91.963
8/12/19 15:07,85.217,46.9,1551.2,91.963
8/12/19 15:07,85.217,46.9,1556.2,91.963
8/12/19 15:07,85.217,46.9,1568.7,91.917
8/12/19 15:07,85.217,46.9,1568.7,91.917
8/12/19 15:07,85.217,46.9,1553.7,91.963
8/12/19 15:07,85.217,46.9,1543.7,91.917
8/12/19 15:07,85.172,46.9,1541.2,91.917
8/12/19 15:07,85.217,46.9,1523.7,91.917
8/12/19 15:07,85.217,46.9,1498.7,91.917
8/12/19 15:07,85.172,47,1471.2,91.917
8/12/19 15:07,85.172,46.9,1448.7,91.917
8/12/19 15:07,85.172,46.9,1423.7,91.917
8/12/19 15:07,85.172,46.9,1396.2,91.917
8/12/19 15:07,85.217,46.9,1366.2,91.917
8/12/19 15:07,85.172,46.9,1338.7,91.917
8/12/19 15:07,85.172,46.9,1321.2,91.917
8/12/19 15:07,85.172,46.9,1311.2,91.917
8/12/19 15:07,85.172,46.9,1303.7,91.917
8/12/19 15:07,85.172,46.9,1293.7,91.917
8/12/19 15:07,85.172,47.1,1278.7,91.917
8/12/19 15:07,85.172,47.1,1266.2,91.917
8/12/19 15:07,85.172,47.1,1266.2,91.917
8/12/19 15:07,85.172,47.2,1278.7,91.917
8/12/19 15:07,85.172,47.2,1286.2,91.917
8/12/19 15:07,85.172,47.2,1286.2,91.917
8/12/19 15:07,85.172,47.2,1293.7,91.917
8/12/19 15:07,85.172,47.2,1311.2,91.917
8/12/19 15:07,85.172,47.2,1333.7,91.917
8/12/19 15:07,85.172,47.2,1353.7,91.917
8/12/19 15:07,85.172,47.2,1376.2,91.917
8/12/19 15:07,85.172,47.2,1398.7,91.917
8/12/19 15:07,85.172,47.2,1428.7,91.917
8/12/19 15:07,85.172,47.1,1438.7,91.917
8/12/19 15:07,85.172,47.1,1436.2,91.87
8/12/19 15:07,85.172,47.2,1443.7,91.917
8/12/19 15:07,85.172,47.3,1473.7,91.917
8/12/19 15:07,85.172,47.4,1493.7,91.87
8/12/19 15:07,85.172,47.5,1493.7,91.917
8/12/19 15:07,85.172,47.6,1498.7,91.917
8/12/19 15:07,85.172,47.6,1506.2,91.917
8/12/19 15:07,85.172,47.7,1511.2,91.87
8/12/19 15:07,85.172,47.8,1508.7,91.87
8/12/19 15:07,85.172,47.8,1491.2,91.917
8/12/19 15:07,85.172,47.8,1481.2,91.87
8/12/19 15:07,85.172,47.9,1471.2,91.87
8/12/19 15:07,85.172,47.9,1461.2,91.87
8/12/19 15:07,85.172,47.9,1456.2,91.87
8/12/19 15:07,85.172,47.9,1446.2,91.87
8/12/19 15:07,85.172,47.9,1436.2,91.87
8/12/19 15:07,85.172,48,1436.2,91.87
8/12/19 15:07,85.172,48.1,1431.2,91.87
8/12/19 15:07,85.172,48.2,1418.7,91.87
8/12/19 15:07,85.172,48.3,1406.2,91.87
8/12/19 15:07,85.172,48.3,1388.7,91.87
8/12/19 15:07,85.172,48.3,1351.2,91.87
8/12/19 15:07,85.172,48.4,1313.7,91.87
8/12/19 15:07,85.217,48.5,1278.7,91.87
8/12/19 15:07,85.217,48.5,1256.2,91.87
8/12/19 15:07,85.217,48.6,1243.7,91.87
8/12/19 15:08,85.217,48.7,1246.2,91.87
8/12/19 15:08,85.217,48.8,1263.7,91.87
8/12/19 15:08,85.217,48.8,1291.2,91.87
8/12/19 15:08,85.217,48.8,1323.7,91.87
8/12/19 15:08,85.262,48.8,1361.2,91.87
8/12/19 15:08,85.262,48.8,1396.2,91.87
8/12/19 15:08,85.262,48.8,1416.2,91.87
8/12/19 15:08,85.262,48.8,1421.2,91.87
8/12/19 15:08,85.262,48.7,1413.7,91.87
8/12/19 15:08,85.262,48.7,1403.7,91.87
8/12/19 15:08,85.307,48.7,1408.7,91.87
8/12/19 15:08,85.307,48.8,1418.7,91.87
8/12/19 15:08,85.307,48.9,1436.2,91.87
8/12/19 15:08,85.307,48.9,1451.2,91.87
8/12/19 15:08,85.307,49,1461.2,91.87
8/12/19 15:08,85.307,49,1478.7,91.87
8/12/19 15:08,85.352,49.2,1496.2,91.87
8/12/19 15:08,85.352,49.2,1506.2,91.87
8/12/19 15:08,85.352,49.2,1516.2,91.87
8/12/19 15:08,85.352,49.2,1526.2,91.87
8/12/19 15:08,85.352,49.2,1536.2,91.87
8/12/19 15:08,85.397,49.2,1548.7,91.87
8/12/19 15:08,85.397,49.2,1558.7,91.87
8/12/19 15:08,85.397,49.3,1566.2,91.87
8/12/19 15:08,85.397,49.3,1571.2,91.87
8/12/19 15:08,85.397,49.3,1551.2,91.87
8/12/19 15:08,85.397,49.4,1521.2,91.87
8/12/19 15:08,85.442,49.3,1511.2,91.87
8/12/19 15:08,85.442,49.2,1503.7,91.87
8/12/19 15:08,85.442,49,1506.2,91.823
8/12/19 15:08,85.442,48.9,1503.7,91.87
8/12/19 15:08,85.442,48.9,1503.7,91.87
8/12/19 15:08,85.442,48.8,1493.7,91.823
8/12/19 15:08,85.442,48.7,1473.7,91.823
8/12/19 15:08,85.487,48.7,1458.7,91.823
8/12/19 15:08,85.487,48.7,1466.2,91.823
8/12/19 15:08,85.487,48.9,1463.7,91.823
8/12/19 15:08,85.487,48.9,1426.2,91.823
8/12/19 15:08,85.487,48.9,1396.2,91.823
8/12/19 15:08,85.487,49.1,1388.7,91.823
8/12/19 15:08,85.487,49.1,1411.2,91.823
8/12/19 15:08,85.487,49.2,1451.2,91.823
8/12/19 15:08,85.487,49.3,1476.2,91.823
8/12/19 15:08,85.487,49.5,1473.7,91.823
8/12/19 15:08,85.487,49.6,1458.7,91.823
8/12/19 15:08,85.532,49.6,1443.7,91.823
8/12/19 15:08,85.532,49.7,1428.7,91.823
8/12/19 15:08,85.532,49.7,1411.2,91.823
8/12/19 15:08,85.577,49.8,1408.7,91.823
8/12/19 15:08,85.577,49.8,1426.2,91.823
8/12/19 15:08,85.577,49.6,1443.7,91.823
8/12/19 15:08,85.577,49.5,1448.7,91.823
8/12/19 15:08,85.577,49.2,1443.7,91.823
8/12/19 15:08,85.577,49.1,1441.2,91.823
8/12/19 15:08,85.577,49,1438.7,91.823
8/12/19 15:08,85.622,48.9,1438.7,91.823
8/12/19 15:08,85.622,48.8,1441.2,91.823
8/12/19 15:08,85.622,48.7,1453.7,91.823
8/12/19 15:08,85.622,48.6,1456.2,91.823
8/12/19 15:08,85.622,48.5,1453.7,91.823
8/12/19 15:09,85.622,48.5,1446.2,91.823
8/12/19 15:09,85.622,48.4,1451.2,91.823
8/12/19 15:09,85.622,48.3,1451.2,91.823
8/12/19 15:09,85.622,48.2,1443.7,91.823
8/12/19 15:09,85.622,47.8,1438.7,91.823
8/12/19 15:09,85.622,47.6,1436.2,91.823
8/12/19 15:09,85.622,47.4,1433.7,91.823
8/12/19 15:09,85.622,47.2,1438.7,91.823
8/12/19 15:09,85.622,47,1446.2,91.823
8/12/19 15:09,85.622,46.9,1448.7,91.823
8/12/19 15:09,85.622,46.8,1461.2,91.823
8/12/19 15:09,85.622,46.8,1476.2,91.823
8/12/19 15:09,85.622,46.8,1498.7,91.823
8/12/19 15:09,85.622,46.9,1511.2,91.823
8/12/19 15:09,85.622,46.9,1511.2,91.823
8/12/19 15:09,85.622,46.9,1511.2,91.823
8/12/19 15:09,85.622,46.8,1518.7,91.823
8/12/19 15:09,85.577,46.8,1528.7,91.823
8/12/19 15:09,85.622,46.8,1536.2,91.823
8/12/19 15:09,85.577,46.9,1541.2,91.823
8/12/19 15:09,85.577,46.9,1543.7,91.823
8/12/19 15:09,85.577,46.9,1553.7,91.823
8/12/19 15:09,85.577,46.9,1558.7,91.823
8/12/19 15:09,85.577,46.9,1558.7,91.823
8/12/19 15:09,85.577,46.9,1556.2,91.823
8/12/19 15:09,85.577,46.9,1561.2,91.823
8/12/19 15:09,85.577,46.9,1566.2,91.823
8/12/19 15:09,85.577,46.9,1568.7,91.823
8/12/19 15:09,85.532,46.9,1576.2,91.823
8/12/19 15:09,85.532,46.9,1578.7,91.823
8/12/19 15:09,85.532,46.7,1578.7,91.823
8/12/19 15:09,85.532,46.7,1578.7,91.823
8/12/19 15:09,85.532,46.7,1571.2,91.776
8/12/19 15:09,85.532,46.7,1563.7,91.823
8/12/19 15:09,85.532,46.7,1558.7,91.823
8/12/19 15:09,85.532,46.7,1556.2,91.823
8/12/19 15:09,85.532,46.7,1548.7,91.776
8/12/19 15:09,85.532,46.7,1541.2,91.823
8/12/19 15:09,85.532,46.8,1548.7,91.823
8/12/19 15:09,85.487,46.8,1573.7,91.823
8/12/19 15:09,85.487,46.9,1596.2,91.823
8/12/19 15:09,85.487,46.9,1611.2,91.823
8/12/19 15:09,85.487,46.8,1608.7,91.823
8/12/19 15:09,85.487,46.8,1598.7,91.823
8/12/19 15:09,85.487,46.7,1591.2,91.823
8/12/19 15:09,85.487,46.7,1583.7,91.823
8/12/19 15:09,85.442,46.7,1578.7,91.823
8/12/19 15:09,85.442,46.6,1571.2,91.823
8/12/19 15:09,85.442,46.5,1556.2,91.823
8/12/19 15:09,85.442,46.4,1541.2,91.823
8/12/19 15:09,85.442,46.4,1541.2,91.823
8/12/19 15:09,85.397,46.4,1556.2,91.823
8/12/19 15:09,85.397,46.4,1566.2,91.823
8/12/19 15:09,85.397,46.5,1561.2,91.823
8/12/19 15:09,85.397,46.5,1553.7,91.823
8/12/19 15:09,85.397,46.5,1546.2,91.823
8/12/19 15:09,85.352,46.5,1543.7,91.823
8/12/19 15:09,85.352,46.5,1531.2,91.776
8/12/19 15:09,85.352,46.6,1508.7,91.776
8/12/19 15:09,85.352,46.6,1488.7,91.776
8/12/19 15:10,85.352,46.7,1473.7,91.776
8/12/19 15:10,85.352,46.9,1463.7,91.776
8/12/19 15:10,85.307,46.9,1451.2,91.776
8/12/19 15:10,85.307,46.9,1438.7,91.776
8/12/19 15:10,85.307,46.8,1431.2,91.776
8/12/19 15:10,85.307,46.7,1431.2,91.776
8/12/19 15:10,85.307,46.7,1433.7,91.776
8/12/19 15:10,85.307,46.7,1446.2,91.776
8/12/19 15:10,85.307,46.7,1456.2,91.776
8/12/19 15:10,85.307,46.7,1448.7,91.776
8/12/19 15:10,85.307,46.7,1433.7,91.776
8/12/19 15:10,85.262,46.7,1418.7,91.776
8/12/19 15:10,85.262,46.7,1408.7,91.776
8/12/19 15:10,85.262,46.7,1401.2,91.776
8/12/19 15:10,85.262,46.7,1393.7,91.776
8/12/19 15:10,85.262,46.8,1388.7,91.776
8/12/19 15:10,85.262,46.8,1391.2,91.776
8/12/19 15:10,85.262,46.9,1398.7,91.776
8/12/19 15:10,85.262,46.9,1418.7,91.776
8/12/19 15:10,85.262,46.9,1436.2,91.776
8/12/19 15:10,85.262,47,1456.2,91.729
8/12/19 15:10,85.262,46.9,1473.7,91.729
8/12/19 15:10,85.262,46.9,1483.7,91.776
8/12/19 15:10,85.307,46.9,1493.7,91.729
8/12/19 15:10,85.262,46.9,1503.7,91.729
8/12/19 15:10,85.307,46.9,1513.7,91.729
8/12/19 15:10,85.307,46.9,1518.7,91.729
8/12/19 15:10,85.307,46.9,1516.2,91.729
8/12/19 15:10,85.307,46.9,1503.7,91.729
8/12/19 15:10,85.307,46.8,1488.7,91.729
8/12/19 15:10,85.307,46.9,1471.2,91.729
8/12/19 15:10,85.307,46.9,1463.7,91.729
8/12/19 15:10,85.307,46.9,1458.7,91.729
8/12/19 15:10,85.307,46.9,1463.7,91.729
8/12/19 15:10,85.307,46.9,1468.7,91.729
8/12/19 15:10,85.307,47,1473.7,91.729
8/12/19 15:10,85.307,47.1,1468.7,91.729
8/12/19 15:10,85.307,47.2,1458.7,91.729
8/12/19 15:10,85.307,47.4,1451.2,91.729
8/12/19 15:10,85.307,47.5,1446.2,91.729
8/12/19 15:10,85.307,47.6,1456.2,91.729
8/12/19 15:10,85.307,47.6,1471.2,91.729
8/12/19 15:10,85.352,47.6,1471.2,91.729
8/12/19 15:10,85.352,47.6,1471.2,91.729
8/12/19 15:10,85.352,47.7,1476.2,91.729
8/12/19 15:10,85.352,47.7,1476.2,91.729
8/12/19 15:10,85.352,47.6,1463.7,91.729
8/12/19 15:10,85.352,47.6,1441.2,91.729
8/12/19 15:10,85.397,47.5,1418.7,91.729
8/12/19 15:10,85.397,47.4,1403.7,91.729
8/12/19 15:10,85.397,47.2,1406.2,91.729
8/12/19 15:10,85.397,46.9,1413.7,91.729
8/12/19 15:10,85.397,46.9,1416.2,91.729
8/12/19 15:10,85.397,46.7,1411.2,91.729
8/12/19 15:10,85.442,46.6,1408.7,91.683
8/12/19 15:10,85.397,46.5,1401.2,91.729
8/12/19 15:10,85.442,46.5,1393.7,91.729
8/12/19 15:10,85.442,46.5,1388.7,91.729
8/12/19 15:10,85.442,46.4,1398.7,91.683
8/12/19 15:10,85.442,46.5,1413.7,91.683
8/12/19 15:11,85.442,46.5,1418.7,91.683
8/12/19 15:11,85.442,46.5,1416.2,91.683
8/12/19 15:11,85.442,46.6,1403.7,91.683
8/12/19 15:11,85.442,46.7,1396.2,91.683
8/12/19 15:11,85.442,46.8,1403.7,91.683
8/12/19 15:11,85.442,46.9,1408.7,91.683
8/12/19 15:11,85.442,46.9,1411.2,91.683
8/12/19 15:11,85.442,46.9,1416.2,91.683
8/12/19 15:11,85.397,46.9,1426.2,91.683
8/12/19 15:11,85.442,47,1428.7,91.683
8/12/19 15:11,85.442,47.1,1421.2,91.683
8/12/19 15:11,85.442,47.2,1413.7,91.683
8/12/19 15:11,85.442,47.3,1408.7,91.683
8/12/19 15:11,85.442,47.4,1411.2,91.683
8/12/19 15:11,85.442,47.5,1413.7,91.683
8/12/19 15:11,85.442,47.6,1418.7,91.683
8/12/19 15:11,85.442,47.6,1428.7,91.683
8/12/19 15:11,85.442,47.6,1441.2,91.683
8/12/19 15:11,85.442,47.6,1443.7,91.683
8/12/19 15:11,85.442,47.7,1446.2,91.683
8/12/19 15:11,85.442,47.7,1443.7,91.683
8/12/19 15:11,85.442,47.8,1443.7,91.683
8/12/19 15:11,85.487,47.8,1438.7,91.683
8/12/19 15:11,85.487,47.8,1428.7,91.683
8/12/19 15:11,85.487,47.8,1413.7,91.683
8/12/19 15:11,85.487,47.8,1408.7,91.683
8/12/19 15:11,85.487,47.9,1406.2,91.683
8/12/19 15:11,85.487,48,1408.7,91.683
8/12/19 15:11,85.487,48.1,1413.7,91.683
8/12/19 15:11,85.487,48.1,1416.2,91.683
8/12/19 15:11,85.487,48.1,1411.2,91.683
8/12/19 15:11,85.487,48.3,1406.2,91.683
8/12/19 15:11,85.532,48.2,1411.2,91.683
8/12/19 15:11,85.532,48.3,1423.7,91.683
8/12/19 15:11,85.532,48.4,1428.7,91.683
8/12/19 15:11,85.532,48.4,1428.7,91.683
8/12/19 15:11,85.532,48.4,1428.7,91.683
8/12/19 15:11,85.532,48.4,1431.2,91.683
8/12/19 15:11,85.532,48.5,1436.2,91.683
8/12/19 15:11,85.532,48.6,1438.7,91.683
8/12/19 15:11,85.532,48.7,1438.7,91.683
8/12/19 15:11,85.532,48.8,1441.2,91.636
8/12/19 15:11,85.532,48.9,1448.7,91.683
8/12/19 15:11,85.532,49,1448.7,91.636
8/12/19 15:11,85.577,49,1446.2,91.636
8/12/19 15:11,85.577,49.1,1448.7,91.636
8/12/19 15:11,85.577,49,1441.2,91.636
8/12/19 15:11,85.577,49,1441.2,91.636
8/12/19 15:11,85.577,49,1451.2,91.636
8/12/19 15:11,85.577,48.9,1458.7,91.636
8/12/19 15:11,85.622,48.9,1463.7,91.636
8/12/19 15:11,85.622,48.9,1473.7,91.636
8/12/19 15:11,85.622,48.7,1491.2,91.636
8/12/19 15:11,85.622,48.6,1498.7,91.636
8/12/19 15:11,85.622,48.4,1493.7,91.636
8/12/19 15:11,85.667,48.2,1486.2,91.636
8/12/19 15:11,85.667,47.7,1481.2,91.636
8/12/19 15:11,85.667,47.5,1478.7,91.636
8/12/19 15:11,85.667,47.3,1471.2,91.636
8/12/19 15:11,85.667,47.1,1456.2,91.636
8/12/19 15:12,85.667,47,1446.2,91.636
8/12/19 15:12,85.667,46.9,1448.7,91.636
8/12/19 15:12,85.667,46.9,1456.2,91.636
8/12/19 15:12,85.667,46.8,1456.2,91.636
8/12/19 15:12,85.667,46.8,1448.7,91.636
8/12/19 15:12,85.667,46.9,1451.2,91.636
8/12/19 15:12,85.712,46.9,1463.7,91.636
8/12/19 15:12,85.667,46.9,1471.2,91.636
8/12/19 15:12,85.667,46.9,1473.7,91.636
8/12/19 15:12,85.667,46.9,1473.7,91.636
8/12/19 15:12,85.667,46.8,1488.7,91.636
8/12/19 15:12,85.667,46.8,1503.7,91.636
8/12/19 15:12,85.667,46.8,1513.7,91.636
8/12/19 15:12,85.667,46.9,1511.2,91.636
8/12/19 15:12,85.667,46.9,1501.2,91.636
8/12/19 15:12,85.667,46.9,1493.7,91.636
8/12/19 15:12,85.667,46.9,1491.2,91.636
8/12/19 15:12,85.667,46.9,1483.7,91.636
8/12/19 15:12,85.667,46.9,1471.2,91.636
8/12/19 15:12,85.667,46.8,1456.2,91.636
8/12/19 15:12,85.667,46.8,1448.7,91.636
8/12/19 15:12,85.667,46.7,1451.2,91.636
8/12/19 15:12,85.667,46.6,1451.2,91.636
8/12/19 15:12,85.667,46.6,1453.7,91.636
8/12/19 15:12,85.667,46.6,1451.2,91.636
8/12/19 15:12,85.667,46.6,1448.7,91.636
8/12/19 15:12,85.667,46.5,1441.2,91.589
8/12/19 15:12,85.667,46.4,1438.7,91.589
8/12/19 15:12,85.622,46.3,1431.2,91.589
8/12/19 15:12,85.622,46.2,1423.7,91.589
8/12/19 15:12,85.622,46.2,1416.2,91.589
8/12/19 15:12,85.622,46.2,1416.2,91.589
8/12/19 15:12,85.622,46.2,1418.7,91.589
8/12/19 15:12,85.622,46.2,1411.2,91.589
8/12/19 15:12,85.622,46.1,1391.2,91.589
8/12/19 15:12,85.622,46.1,1376.2,91.589
8/12/19 15:12,85.622,46.1,1376.2,91.589
8/12/19 15:12,85.622,46.1,1388.7,91.589
8/12/19 15:12,85.577,46.2,1406.2,91.589
8/12/19 15:12,85.577,46.2,1431.2,91.589
8/12/19 15:12,85.577,46.2,1448.7,91.589
8/12/19 15:12,85.577,46.2,1453.7,91.589
8/12/19 15:12,85.577,46,1466.2,91.589
8/12/19 15:12,85.577,45.9,1481.2,91.589
8/12/19 15:12,85.577,45.8,1483.7,91.589
8/12/19 15:12,85.577,45.7,1473.7,91.589
8/12/19 15:12,85.577,45.6,1476.2,91.589
8/12/19 15:12,85.577,45.5,1486.2,91.589
8/12/19 15:12,85.532,45.5,1486.2,91.589
8/12/19 15:12,85.532,45.5,1478.7,91.589
8/12/19 15:12,85.532,45.5,1468.7,91.589
8/12/19 15:12,85.532,45.5,1476.2,91.589
8/12/19 15:12,85.532,45.6,1491.2,91.589
8/12/19 15:12,85.532,45.6,1511.2,91.589
8/12/19 15:12,85.532,45.6,1526.2,91.589
8/12/19 15:12,85.532,45.6,1536.2,91.589
8/12/19 15:12,85.532,45.6,1538.7,91.589
8/12/19 15:12,85.487,45.6,1538.7,91.589
8/12/19 15:12,85.487,45.6,1543.7,91.589
8/12/19 15:12,85.487,45.6,1556.2,91.589
8/12/19 15:13,85.487,45.6,1561.2,91.589
8/12/19 15:13,85.487,45.7,1561.2,91.589
8/12/19 15:13,85.487,45.6,1558.7,91.589
8/12/19 15:13,85.487,45.6,1553.7,91.589
8/12/19 15:13,85.487,45.5,1548.7,91.589
8/12/19 15:13,85.442,45.4,1551.2,91.589
8/12/19 15:13,85.487,45.4,1546.2,91.589
8/12/19 15:13,85.442,45.4,1523.7,91.542
8/12/19 15:13,85.442,45.4,1496.2,91.589
8/12/19 15:13,85.442,45.5,1501.2,91.589
8/12/19 15:13,85.442,45.5,1528.7,91.542
8/12/19 15:13,85.442,45.6,1558.7,91.589
8/12/19 15:13,85.442,45.7,1581.2,91.589
8/12/19 15:13,85.442,45.7,1601.2,91.542
8/12/19 15:13,85.442,45.7,1621.2,91.589
8/12/19 15:13,85.442,45.7,1628.7,91.589
8/12/19 15:13,85.442,45.8,1633.7,91.542
8/12/19 15:13,85.442,45.9,1641.2,91.542
8/12/19 15:13,85.442,46,1653.7,91.542
8/12/19 15:13,85.442,46,1658.7,91.542
8/12/19 15:13,85.442,46,1661.2,91.542
8/12/19 15:13,85.442,46.1,1661.2,91.542
8/12/19 15:13,85.397,46,1658.7,91.542
8/12/19 15:13,85.442,46,1653.7,91.542
8/12/19 15:13,85.442,45.9,1643.7,91.542
8/12/19 15:13,85.442,45.7,1631.2,91.542
8/12/19 15:13,85.442,45.6,1621.2,91.542
8/12/19 15:13,85.442,45.5,1611.2,91.542
8/12/19 15:13,85.442,45.4,1606.2,91.542
8/12/19 15:13,85.442,45.4,1608.7,91.542
8/12/19 15:13,85.442,45.4,1613.7,91.542
8/12/19 15:13,85.442,45.4,1618.7,91.542
8/12/19 15:13,85.442,45.5,1621.2,91.542
8/12/19 15:13,85.442,45.5,1618.7,91.542
8/12/19 15:13,85.442,45.5,1618.7,91.542
8/12/19 15:13,85.442,45.5,1623.7,91.542
8/12/19 15:13,85.442,45.5,1631.2,91.495
8/12/19 15:13,85.442,45.5,1641.2,91.542
8/12/19 15:13,85.442,45.5,1648.7,91.495
8/12/19 15:13,85.442,45.6,1653.7,91.495
8/12/19 15:13,85.442,45.6,1661.2,91.542
8/12/19 15:13,85.442,45.6,1663.7,91.495
8/12/19 15:13,85.397,45.6,1666.2,91.495
8/12/19 15:13,85.397,45.6,1668.7,91.542
8/12/19 15:13,85.397,45.7,1668.7,91.495
8/12/19 15:13,85.397,45.9,1663.7,91.495
8/12/19 15:13,85.397,46,1648.7,91.495
8/12/19 15:13,85.397,46,1646.2,91.495
8/12/19 15:13,85.397,46,1643.7,91.495
8/12/19 15:13,85.397,46,1643.7,91.495
8/12/19 15:13,85.397,45.9,1638.7,91.495
8/12/19 15:13,85.397,45.7,1638.7,91.495
8/12/19 15:13,85.397,45.6,1643.7,91.495
8/12/19 15:13,85.397,45.4,1648.7,91.495
8/12/19 15:13,85.397,45.4,1651.2,91.495
8/12/19 15:13,85.397,45.3,1648.7,91.495
8/12/19 15:13,85.397,45.2,1651.2,91.495
8/12/19 15:13,85.397,45.2,1641.2,91.495
8/12/19 15:13,85.397,45.2,1628.7,91.495
8/12/19 15:13,85.397,45.2,1613.7,91.495
8/12/19 15:14,85.397,45.2,1628.7,91.495
8/12/19 15:14,85.397,45.2,1656.2,91.495
8/12/19 15:14,85.352,45.1,1673.7,91.495
8/12/19 15:14,85.352,45.1,1631.2,91.495
8/12/19 15:14,85.352,45,1521.2,91.495
8/12/19 15:14,85.352,45,1391.2,91.495
8/12/19 15:14,85.352,45,1258.7,91.495
8/12/19 15:14,85.352,45,1113.7,91.495
8/12/19 15:14,85.352,44.9,948.7,91.495
8/12/19 15:14,85.352,44.9,813.7,91.495
8/12/19 15:14,85.307,45,761.2,91.495
8/12/19 15:14,85.307,45,768.7,91.495
8/12/19 15:14,85.307,45.1,791.2,91.495
8/12/19 15:14,85.307,45.1,823.7,91.495
8/12/19 15:14,85.307,45.3,883.7,91.495
8/12/19 15:14,85.307,45.3,996.2,91.495
8/12/19 15:14,85.307,45.4,1146.2,91.449
8/12/19 15:14,85.262,45.4,1278.7,91.495
8/12/19 15:14,85.262,45.4,1313.7,91.449
8/12/19 15:14,85.262,45.5,1308.7,91.495
8/12/19 15:14,85.262,45.6,1296.2,91.449
8/12/19 15:14,85.262,45.7,1278.7,91.449
8/12/19 15:14,85.262,45.7,1198.7,91.449
8/12/19 15:14,85.262,45.9,1126.2,91.449
8/12/19 15:14,85.262,46,1098.7,91.495
8/12/19 15:14,85.262,46.1,1133.7,91.495
8/12/19 15:14,85.262,46.1,1198.7,91.449
8/12/19 15:14,85.217,46.2,1306.2,91.495
8/12/19 15:14,85.217,46.3,1443.7,91.449
8/12/19 15:14,85.217,46.4,1561.2,91.449
8/12/19 15:14,85.217,46.4,1593.7,91.449
8/12/19 15:14,85.217,46.3,1548.7,91.449
8/12/19 15:14,85.217,46.3,1471.2,91.449
8/12/19 15:14,85.217,46.2,1411.2,91.449
8/12/19 15:14,85.217,46.2,1421.2,91.449
8/12/19 15:14,85.217,46.2,1498.7,91.449
8/12/19 15:14,85.217,46.2,1568.7,91.449
8/12/19 15:14,85.217,46.2,1596.2,91.449
8/12/19 15:14,85.217,46.2,1608.7,91.449
8/12/19 15:14,85.217,46.2,1608.7,91.449
8/12/19 15:14,85.217,46.2,1606.2,91.449
8/12/19 15:14,85.217,46.2,1616.2,91.449
8/12/19 15:14,85.217,46.1,1621.2,91.449
8/12/19 15:14,85.217,46,1631.2,91.449
8/12/19 15:14,85.217,45.9,1636.2,91.449
8/12/19 15:14,85.217,45.8,1621.2,91.449
8/12/19 15:14,85.217,45.7,1593.7,91.449
8/12/19 15:14,85.217,45.7,1546.2,91.449
8/12/19 15:14,85.217,45.7,1486.2,91.449
8/12/19 15:14,85.217,45.8,1451.2,91.449
8/12/19 15:14,85.217,45.9,1408.7,91.449
8/12/19 15:14,85.217,46.1,1378.7,91.449
8/12/19 15:14,85.217,46.2,1363.7,91.449
8/12/19 15:14,85.217,46.3,1348.7,91.449
8/12/19 15:14,85.172,46.4,1346.2,91.449
8/12/19 15:14,85.172,46.5,1368.7,91.402
8/12/19 15:14,85.172,46.6,1358.7,91.449
8/12/19 15:14,85.172,46.6,1338.7,91.402
8/12/19 15:14,85.172,46.6,1356.2,91.402
8/12/19 15:14,85.172,46.6,1438.7,91.402
8/12/19 15:15,85.172,46.6,1541.2,91.402
8/12/19 15:15,85.172,46.5,1616.2,91.402
8/12/19 15:15,85.172,46.5,1643.7,91.402
8/12/19 15:15,85.172,46.5,1668.7,91.402
8/12/19 15:15,85.172,46.6,1671.2,91.402
8/12/19 15:15,85.172,46.6,1663.7,91.402
8/12/19 15:15,85.172,46.7,1661.2,91.402
8/12/19 15:15,85.172,46.8,1663.7,91.402
8/12/19 15:15,85.172,46.8,1673.7,91.402
8/12/19 15:15,85.172,46.9,1688.7,91.402
8/12/19 15:15,85.172,46.9,1701.2,91.402
8/12/19 15:15,85.172,46.9,1713.7,91.402
8/12/19 15:15,85.127,46.9,1718.7,91.402
8/12/19 15:15,85.172,46.9,1718.7,91.402
8/12/19 15:15,85.172,46.9,1721.2,91.402
8/12/19 15:15,85.172,46.9,1721.2,91.402
8/12/19 15:15,85.127,46.9,1726.2,91.402
8/12/19 15:15,85.172,46.9,1726.2,91.402
8/12/19 15:15,85.172,46.9,1726.2,91.402
8/12/19 15:15,85.172,46.9,1728.7,91.402
8/12/19 15:15,85.172,47,1731.2,91.402
8/12/19 15:15,85.172,47,1731.2,91.402
8/12/19 15:15,85.172,47,1733.7,91.402
8/12/19 15:15,85.172,47.1,1731.2,91.402
8/12/19 15:15,85.172,47.1,1718.7,91.355
8/12/19 15:15,85.172,47.2,1713.7,91.355
8/12/19 15:15,85.172,47.2,1713.7,91.355
8/12/19 15:15,85.172,47.2,1713.7,91.355
8/12/19 15:15,85.172,47.2,1713.7,91.355
8/12/19 15:15,85.172,47.2,1721.2,91.355
8/12/19 15:15,85.172,47.3,1721.2,91.355
8/12/19 15:15,85.172,47.3,1718.7,91.355
8/12/19 15:15,85.172,47.3,1718.7,91.355
8/12/19 15:15,85.217,47.3,1716.2,91.355
8/12/19 15:15,85.217,47.4,1716.2,91.355
8/12/19 15:15,85.217,47.4,1711.2,91.355
8/12/19 15:15,85.217,47.5,1708.7,91.355
8/12/19 15:15,85.217,47.5,1708.7,91.355
8/12/19 15:15,85.217,47.6,1708.7,91.355
8/12/19 15:15,85.217,47.6,1706.2,91.355
8/12/19 15:15,85.217,47.6,1701.2,91.355
8/12/19 15:15,85.217,47.8,1703.7,91.355
8/12/19 15:15,85.262,47.9,1701.2,91.355
8/12/19 15:15,85.262,48,1701.2,91.355
8/12/19 15:15,85.262,48.1,1701.2,91.355
8/12/19 15:15,85.262,48.1,1693.7,91.355
8/12/19 15:15,85.262,48,1703.7,91.355
8/12/19 15:15,85.262,47.9,1703.7,91.355
8/12/19 15:15,85.307,47.9,1698.7,91.355
8/12/19 15:15,85.307,47.9,1696.2,91.355
8/12/19 15:15,85.307,47.8,1691.2,91.355
8/12/19 15:15,85.307,47.6,1681.2,91.308
8/12/19 15:15,85.352,47.6,1668.7,91.355
8/12/19 15:15,85.352,47.5,1656.2,91.308
8/12/19 15:15,85.352,47.5,1636.2,91.355
8/12/19 15:15,85.352,47.5,1616.2,91.355
8/12/19 15:15,85.352,47.6,1606.2,91.355
8/12/19 15:15,85.397,47.7,1608.7,91.308
8/12/19 15:15,85.397,47.8,1606.2,91.308
8/12/19 15:15,85.397,47.9,1601.2,91.308
8/12/19 15:16,85.442,48.1,1598.7,91.308
8/12/19 15:16,85.442,48.2,1603.7,91.308
8/12/19 15:16,85.442,48.2,1611.2,91.308
8/12/19 15:16,85.487,48.4,1616.2,91.308
8/12/19 15:16,85.487,48.4,1608.7,91.308
8/12/19 15:16,85.487,48.4,1593.7,91.308
8/12/19 15:16,85.532,48.3,1583.7,91.308
8/12/19 15:16,85.532,48.2,1576.2,91.308
8/12/19 15:16,85.532,47.9,1568.7,91.308
8/12/19 15:16,85.532,47.7,1558.7,91.308
8/12/19 15:16,85.577,47.6,1536.2,91.308
8/12/19 15:16,85.577,47.5,1521.2,91.308
8/12/19 15:16,85.577,47.5,1511.2,91.308
8/12/19 15:16,85.577,47.5,1508.7,91.308
8/12/19 15:16,85.622,47.4,1501.2,91.308
8/12/19 15:16,85.622,47.2,1491.2,91.308
8/12/19 15:16,85.622,47.1,1481.2,91.308
8/12/19 15:16,85.622,47.1,1471.2,91.308
8/12/19 15:16,85.622,47,1443.7,91.308
8/12/19 15:16,85.667,47.1,1401.2,91.308
8/12/19 15:16,85.667,47.1,1403.7,91.308
8/12/19 15:16,85.667,47.2,1446.2,91.308
8/12/19 15:16,85.667,47.2,1486.2,91.308
8/12/19 15:16,85.667,47.2,1493.7,91.308
8/12/19 15:16,85.667,47.2,1496.2,91.308
8/12/19 15:16,85.667,47.2,1493.7,91.308
8/12/19 15:16,85.667,47.2,1488.7,91.308
8/12/19 15:16,85.667,47.2,1491.2,91.308
8/12/19 15:16,85.667,47.3,1503.7,91.308
8/12/19 15:16,85.667,47.3,1513.7,91.308
8/12/19 15:16,85.712,47.3,1516.2,91.308
8/12/19 15:16,85.712,47.3,1523.7,91.308
8/12/19 15:16,85.712,47.3,1543.7,91.308
8/12/19 15:16,85.712,47.3,1558.7,91.308
8/12/19 15:16,85.712,47.3,1556.2,91.308
8/12/19 15:16,85.712,47.3,1548.7,91.308
8/12/19 15:16,85.712,47.3,1531.2,91.308
8/12/19 15:16,85.757,47.2,1508.7,91.308
8/12/19 15:16,85.757,47.3,1503.7,91.308
8/12/19 15:16,85.757,47.2,1508.7,91.308
8/12/19 15:16,85.757,47.3,1516.2,91.308
8/12/19 15:16,85.757,47.3,1523.7,91.308
8/12/19 15:16,85.757,47.3,1528.7,91.308
8/12/19 15:16,85.757,47.3,1536.2,91.308
8/12/19 15:16,85.802,47.2,1546.2,91.308
8/12/19 15:16,85.802,47.1,1553.7,91.308
8/12/19 15:16,85.802,47,1556.2,91.308
8/12/19 15:16,85.802,47,1553.7,91.308
8/12/19 15:16,85.802,46.8,1553.7,91.308
8/12/19 15:16,85.802,47,1558.7,91.308
8/12/19 15:16,85.802,47,1566.2,91.308
8/12/19 15:16,85.802,47,1573.7,91.308
8/12/19 15:16,85.802,47,1576.2,91.308
8/12/19 15:16,85.802,47,1573.7,91.308
8/12/19 15:16,85.849,47,1573.7,91.308
8/12/19 15:16,85.849,46.8,1576.2,91.308
8/12/19 15:16,85.849,46.8,1578.7,91.308
8/12/19 15:16,85.849,46.7,1581.2,91.308
8/12/19 15:16,85.849,46.7,1591.2,91.308
8/12/19 15:16,85.849,46.7,1596.2,91.308
8/12/19 15:17,85.849,46.7,1596.2,91.308
8/12/19 15:17,85.849,46.7,1598.7,91.308
8/12/19 15:17,85.849,46.7,1593.7,91.308
8/12/19 15:17,85.849,46.8,1593.7,91.308
8/12/19 15:17,85.849,46.7,1246.2,91.308
8/12/19 15:17,85.849,46.7,766.2,91.263
8/12/19 15:17,85.849,46.5,726.2,91.263
8/12/19 15:17,85.849,46.5,713.7,91.263
8/12/19 15:17,85.849,46.4,776.2,91.308
8/12/19 15:17,85.849,46.4,856.2,91.263
8/12/19 15:17,85.849,46.5,888.7,91.263
8/12/19 15:17,85.849,46.4,833.7,91.263
8/12/19 15:17,85.849,46.5,821.2,91.263
8/12/19 15:17,85.849,46.4,823.7,91.263
8/12/19 15:17,85.849,46.3,838.7,91.263
8/12/19 15:17,85.849,46.3,871.2,91.263
8/12/19 15:17,85.849,46.3,863.7,91.263
8/12/19 15:17,85.849,46.3,858.7,91.263
8/12/19 15:17,85.849,46.3,866.2,91.263
8/12/19 15:17,85.849,46.3,876.2,91.263
8/12/19 15:17,85.849,46.3,883.7,91.263
8/12/19 15:17,85.849,46.3,883.7,91.263
8/12/19 15:17,85.849,46.3,873.7,91.263
8/12/19 15:17,85.849,46.3,866.2,91.263
8/12/19 15:17,85.849,46.3,831.2,91.263
8/12/19 15:17,85.849,46.3,1508.7,91.263
8/12/19 15:17,85.849,46.4,1498.7,91.263
8/12/19 15:17,85.849,46.4,1491.2,91.263
8/12/19 15:17,85.849,46.5,1488.7,91.263
8/12/19 15:17,85.849,46.5,1491.2,91.263
8/12/19 15:17,85.849,46.6,1491.2,91.263
8/12/19 15:17,85.849,46.7,1486.2,91.263
8/12/19 15:17,85.849,46.9,1471.2,91.263
8/12/19 15:17,85.849,47,1458.7,91.263
8/12/19 15:17,85.849,47.1,1448.7,91.263
8/12/19 15:17,85.849,47.2,1443.7,91.263
8/12/19 15:17,85.849,47.3,1438.7,91.216
8/12/19 15:17,85.849,47.3,1426.2,91.216
8/12/19 15:17,85.849,47.3,1428.7,91.216
8/12/19 15:17,85.849,47.2,1443.7,91.263
8/12/19 15:17,85.849,47.1,1451.2,91.216
8/12/19 15:17,85.849,47.1,1453.7,91.263
8/12/19 15:17,85.849,47.1,1453.7,91.216
8/12/19 15:17,85.849,47,1453.7,91.263
8/12/19 15:17,85.849,47,1448.7,91.263
8/12/19 15:17,85.894,47,1436.2,91.216
8/12/19 15:17,85.894,47,1423.7,91.216
8/12/19 15:17,85.894,47,1418.7,91.216
8/12/19 15:17,85.894,47,1421.2,91.216
8/12/19 15:17,85.894,47,1423.7,91.216
8/12/19 15:17,85.894,47.2,1423.7,91.216
8/12/19 15:17,85.894,47.2,1421.2,91.263
8/12/19 15:17,85.894,47.3,1416.2,91.216
8/12/19 15:17,85.894,47.3,1408.7,91.216
8/12/19 15:17,85.894,47.4,1396.2,91.216
8/12/19 15:17,85.894,47.6,1383.7,91.216
8/12/19 15:17,85.894,47.6,1376.2,91.216
8/12/19 15:17,85.894,47.7,1363.7,91.216
8/12/19 15:17,85.894,47.7,1351.2,91.216
8/12/19 15:17,85.894,47.7,1348.7,91.216
8/12/19 15:18,85.894,47.7,1348.7,91.216
8/12/19 15:18,85.894,47.6,1353.7,91.216
8/12/19 15:18,85.894,47.6,1358.7,91.216
8/12/19 15:18,85.894,47.6,1366.2,91.216
8/12/19 15:18,85.894,47.7,1371.2,91.216
8/12/19 15:18,85.939,47.7,1378.7,91.216
8/12/19 15:18,85.894,47.7,1393.7,91.216
8/12/19 15:18,85.939,47.7,1411.2,91.216
8/12/19 15:18,85.939,47.7,1423.7,91.216
8/12/19 15:18,85.939,47.7,1438.7,91.216
8/12/19 15:18,85.939,47.7,1451.2,91.216
8/12/19 15:18,85.939,47.7,1456.2,91.216
8/12/19 15:18,85.939,47.7,1451.2,91.216
8/12/19 15:18,85.939,47.7,1438.7,91.216
8/12/19 15:18,85.939,47.7,1431.2,91.216
8/12/19 15:18,85.939,47.7,1428.7,91.216
8/12/19 15:18,85.939,47.7,1428.7,91.216
8/12/19 15:18,85.939,47.8,1431.2,91.216
8/12/19 15:18,85.939,47.9,1441.2,91.216
8/12/19 15:18,85.939,47.9,1453.7,91.216
8/12/19 15:18,85.939,48,1456.2,91.216
8/12/19 15:18,85.939,48.1,1446.2,91.216
8/12/19 15:18,85.939,48.2,1433.7,91.216
8/12/19 15:18,85.939,48.3,1426.2,91.216
8/12/19 15:18,85.939,48.2,1418.7,91.216
8/12/19 15:18,85.939,48.1,1418.7,91.216
8/12/19 15:18,85.939,48,1413.7,91.17
8/12/19 15:18,85.984,47.7,1408.7,91.17
8/12/19 15:18,85.984,47.6,1398.7,91.17
8/12/19 15:18,85.984,47.3,1391.2,91.17
8/12/19 15:18,85.984,47.1,1388.7,91.17
8/12/19 15:18,85.984,47,1398.7,91.17
8/12/19 15:18,85.984,46.9,1408.7,91.17
8/12/19 15:18,85.984,46.8,1403.7,91.17
8/12/19 15:18,85.984,46.7,1381.2,91.17
8/12/19 15:18,85.984,46.5,1356.2,91.17
8/12/19 15:18,85.984,46.3,1336.2,91.17
8/12/19 15:18,85.984,46.2,1311.2,91.17
8/12/19 15:18,85.939,46,1283.7,91.17
8/12/19 15:18,85.939,45.9,1263.7,91.17
8/12/19 15:18,85.939,45.9,1256.2,91.17
8/12/19 15:18,85.939,45.8,1251.2,91.17
8/12/19 15:18,85.939,45.8,1248.7,91.17
8/12/19 15:18,85.939,45.9,1241.2,91.17
8/12/19 15:18,85.939,45.9,1226.2,91.17
8/12/19 15:18,85.939,45.8,1208.7,91.17
8/12/19 15:18,85.939,45.7,1206.2,91.17
8/12/19 15:18,85.894,45.7,1208.7,91.17
8/12/19 15:18,85.894,45.6,1208.7,91.17
8/12/19 15:18,85.894,45.6,1198.7,91.17
8/12/19 15:18,85.894,45.6,1193.7,91.17
8/12/19 15:18,85.894,45.6,1203.7,91.17
8/12/19 15:18,85.894,45.6,1216.2,91.17
8/12/19 15:18,85.894,45.7,1226.2,91.17
8/12/19 15:18,85.894,45.7,1236.2,91.17
8/12/19 15:18,85.849,45.8,1238.7,91.17
8/12/19 15:18,85.849,46,1236.2,91.17
8/12/19 15:18,85.849,46.1,1221.2,91.17
8/12/19 15:18,85.849,46.2,1216.2,91.17
8/12/19 15:18,85.849,46.1,1211.2,91.17
8/12/19 15:19,85.802,46.2,1211.2,91.17
8/12/19 15:19,85.802,46.2,1216.2,91.123
8/12/19 15:19,85.802,46.2,1238.7,91.17
8/12/19 15:19,85.802,46.2,1261.2,91.17
8/12/19 15:19,85.802,46.2,1286.2,91.17
8/12/19 15:19,85.802,46.2,1298.7,91.17
8/12/19 15:19,85.802,46.2,1296.2,91.17
8/12/19 15:19,85.802,46.1,1293.7,91.123
8/12/19 15:19,85.757,46.2,1286.2,91.17
8/12/19 15:19,85.757,46.1,1283.7,91.123
8/12/19 15:19,85.757,46.1,1293.7,91.123
8/12/19 15:19,85.757,46.1,1301.2,91.123
8/12/19 15:19,85.757,46.1,1306.2,91.123
8/12/19 15:19,85.757,46,1311.2,91.123
8/12/19 15:19,85.712,46,1318.7,91.17
8/12/19 15:19,85.712,46,1326.2,91.123
8/12/19 15:19,85.712,46,1331.2,91.123
8/12/19 15:19,85.712,46,1336.2,91.123
8/12/19 15:19,85.712,46,1343.7,91.123
8/12/19 15:19,85.712,46.1,1353.7,91.123
8/12/19 15:19,85.667,46.1,1353.7,91.123
8/12/19 15:19,85.667,46.2,1351.2,91.123
8/12/19 15:19,85.667,46.3,1356.2,91.123
8/12/19 15:19,85.667,46.3,1361.2,91.123
8/12/19 15:19,85.622,46.3,1363.7,91.123
8/12/19 15:19,85.622,46.3,1371.2,91.123
8/12/19 15:19,85.622,46.3,1383.7,91.123
8/12/19 15:19,85.622,46.2,1398.7,91.123
8/12/19 15:19,85.622,46.2,1418.7,91.123
8/12/19 15:19,85.622,46.3,1426.2,91.123
8/12/19 15:19,85.622,46.4,1421.2,91.123
8/12/19 15:19,85.577,46.5,1426.2,91.123
8/12/19 15:19,85.577,46.5,1438.7,91.123
8/12/19 15:19,85.577,46.5,1456.2,91.123
8/12/19 15:19,85.577,46.5,1468.7,91.123
8/12/19 15:19,85.577,46.5,1473.7,91.123
8/12/19 15:19,85.577,46.6,1476.2,91.123
8/12/19 15:19,85.577,46.6,1466.2,91.123
8/12/19 15:19,85.577,46.7,1441.2,91.123
8/12/19 15:19,85.577,46.7,1413.7,91.123
8/12/19 15:19,85.577,46.7,1396.2,91.123
8/12/19 15:19,85.577,46.7,1403.7,91.123
8/12/19 15:19,85.577,46.7,1403.7,91.076
8/12/19 15:19,85.577,46.7,1383.7,91.076
8/12/19 15:19,85.577,46.7,1358.7,91.076
8/12/19 15:19,85.577,46.7,1353.7,91.076
8/12/19 15:19,85.577,46.8,1341.2,91.076
8/12/19 15:19,85.577,46.8,1326.2,91.076
8/12/19 15:19,85.577,46.7,1321.2,91.076
8/12/19 15:19,85.577,46.6,1336.2,91.076
8/12/19 15:19,85.577,46.5,1356.2,91.076
8/12/19 15:19,85.577,46.5,1361.2,91.076
8/12/19 15:19,85.577,46.5,1353.7,91.076
8/12/19 15:19,85.577,46.4,1353.7,91.076
8/12/19 15:19,85.577,46.5,1361.2,91.076
8/12/19 15:19,85.577,46.5,1371.2,91.076
8/12/19 15:19,85.577,46.6,1376.2,91.076
8/12/19 15:19,85.577,46.7,1383.7,91.076
8/12/19 15:19,85.577,46.8,1396.2,91.076
8/12/19 15:19,85.577,46.9,1408.7,91.076
8/12/19 15:20,85.577,46.9,1423.7,91.076
8/12/19 15:20,85.577,47.1,1436.2,91.076
8/12/19 15:20,85.577,47.2,1451.2,91.076
8/12/19 15:20,85.577,47.2,1458.7,91.076
8/12/19 15:20,85.577,47.3,1448.7,91.076
8/12/19 15:20,85.577,47.3,1433.7,91.076
8/12/19 15:20,85.577,47.3,1418.7,91.076
8/12/19 15:20,85.622,47.3,1416.2,91.076
8/12/19 15:20,85.622,47.3,1416.2,91.076
8/12/19 15:20,85.622,47.3,1416.2,91.076
8/12/19 15:20,85.622,47.3,1411.2,91.076
8/12/19 15:20,85.622,47.3,1406.2,91.076
8/12/19 15:20,85.622,47.4,1391.2,91.076
8/12/19 15:20,85.622,47.3,1371.2,91.029
8/12/19 15:20,85.622,47.2,1351.2,91.029
8/12/19 15:20,85.622,47.2,1346.2,91.076
8/12/19 15:20,85.667,47.1,1351.2,91.029
8/12/19 15:20,85.667,47.1,1356.2,91.029
8/12/19 15:20,85.667,47.1,1358.7,91.029
8/12/19 15:20,85.667,46.9,1368.7,91.076
8/12/19 15:20,85.667,46.9,1383.7,91.029
8/12/19 15:20,85.667,46.7,1401.2,91.076
8/12/19 15:20,85.667,46.5,1428.7,91.029
8/12/19 15:20,85.667,46.2,1451.2,91.029
8/12/19 15:20,85.667,46.2,1468.7,91.029
8/12/19 15:20,85.667,46,1471.2,91.029
8/12/19 15:20,85.667,46,1466.2,91.029
8/12/19 15:20,85.667,45.9,1456.2,91.029
8/12/19 15:20,85.667,45.8,1446.2,91.029
8/12/19 15:20,85.667,45.8,1436.2,91.029
8/12/19 15:20,85.667,45.8,1431.2,91.029
8/12/19 15:20,85.667,45.8,1428.7,91.029
8/12/19 15:20,85.667,45.8,1433.7,91.029
8/12/19 15:20,85.622,45.7,1438.7,91.029
8/12/19 15:20,85.622,45.7,1441.2,91.029
8/12/19 15:20,85.622,45.7,1436.2,91.029
8/12/19 15:20,85.622,45.7,1436.2,91.029
8/12/19 15:20,85.622,45.8,1441.2,91.029
8/12/19 15:20,85.622,45.8,1436.2,91.029
8/12/19 15:20,85.622,45.9,1418.7,91.029
8/12/19 15:20,85.577,45.9,1401.2,91.029
8/12/19 15:20,85.577,45.8,1386.2,91.029
8/12/19 15:20,85.577,45.7,1368.7,91.029
8/12/19 15:20,85.577,45.5,1351.2,91.029
8/12/19 15:20,85.577,45.5,1338.7,91.029
8/12/19 15:20,85.577,45.4,1338.7,91.029
8/12/19 15:20,85.577,45.3,1351.2,91.029
8/12/19 15:20,85.532,45.2,1371.2,91.029
8/12/19 15:20,85.532,45.1,1378.7,91.029
8/12/19 15:20,85.532,45.1,1376.2,91.029
8/12/19 15:20,85.532,45.1,1351.2,91.029
8/12/19 15:20,85.487,45.1,1331.2,91.029
8/12/19 15:20,85.487,45.1,1323.7,91.029
8/12/19 15:20,85.487,45.1,1336.2,91.029
8/12/19 15:20,85.487,45.2,1346.2,91.029
8/12/19 15:20,85.442,45.3,1361.2,91.029
8/12/19 15:20,85.442,45.3,1371.2,91.029
8/12/19 15:20,85.442,45.3,1391.2,91.029
8/12/19 15:20,85.442,45.2,1416.2,91.029
8/12/19 15:20,85.397,45.2,1443.7,91.029
8/12/19 15:21,85.397,45.1,1458.7,91.029
8/12/19 15:21,85.397,45,1453.7,91.029
8/12/19 15:21,85.397,44.9,1438.7,90.982
8/12/19 15:21,85.397,44.8,1418.7,90.982
8/12/19 15:21,85.352,44.7,1403.7,90.982
8/12/19 15:21,85.352,44.8,1398.7,90.982
8/12/19 15:21,85.352,44.8,1401.2,90.982
8/12/19 15:21,85.352,44.9,1401.2,90.982
8/12/19 15:21,85.307,45,1398.7,90.982
8/12/19 15:21,85.307,45.2,1396.2,90.982
8/12/19 15:21,85.307,45.3,1401.2,90.982
8/12/19 15:21,85.307,45.4,1413.7,90.982
8/12/19 15:21,85.262,45.4,1428.7,90.982
8/12/19 15:21,85.262,45.5,1433.7,90.982
8/12/19 15:21,85.262,45.5,1426.2,90.982
8/12/19 15:21,85.262,45.5,1413.7,90.982
8/12/19 15:21,85.262,45.5,1403.7,90.936
8/12/19 15:21,85.262,45.4,1398.7,90.936
8/12/19 15:21,85.262,45.4,1391.2,90.936
8/12/19 15:21,85.217,45.4,1383.7,90.982
8/12/19 15:21,85.217,45.4,1388.7,90.936
8/12/19 15:21,85.217,45.5,1393.7,90.936
8/12/19 15:21,85.217,45.5,1403.7,90.936
8/12/19 15:21,85.217,45.6,1411.2,90.936
8/12/19 15:21,85.217,45.6,1406.2,90.936
8/12/19 15:21,85.217,45.6,1398.7,90.936
8/12/19 15:21,85.217,45.7,1396.2,90.936
8/12/19 15:21,85.217,45.7,1393.7,90.936
8/12/19 15:21,85.217,45.8,1388.7,90.936
8/12/19 15:21,85.217,45.8,1388.7,90.936
8/12/19 15:21,85.217,45.8,1391.2,90.936
8/12/19 15:21,85.217,45.8,1383.7,90.936
8/12/19 15:21,85.217,45.8,1366.2,90.936
8/12/19 15:21,85.217,45.9,1348.7,90.936
8/12/19 15:21,85.217,46,1336.2,90.936
8/12/19 15:21,85.217,46.1,1328.7,90.936
8/12/19 15:21,85.217,46.1,1316.2,90.936
8/12/19 15:21,85.217,46.2,1296.2,90.936
8/12/19 15:21,85.217,46.2,1281.2,90.936
8/12/19 15:21,85.217,46.2,1286.2,90.936
8/12/19 15:21,85.217,46.2,1303.7,90.936
8/12/19 15:21,85.217,46.2,1321.2,90.936
8/12/19 15:21,85.217,46.2,1326.2,90.936
8/12/19 15:21,85.217,46.2,1333.7,90.936
8/12/19 15:21,85.217,46.2,1353.7,90.936
8/12/19 15:21,85.217,46.3,1378.7,90.891
8/12/19 15:21,85.217,46.3,1406.2,90.891
8/12/19 15:21,85.217,46.4,1418.7,90.936
8/12/19 15:21,85.217,46.5,1413.7,90.891
8/12/19 15:21,85.217,46.5,1396.2,90.891
8/12/19 15:21,85.217,46.5,1386.2,90.891
8/12/19 15:21,85.217,46.6,1391.2,90.891
8/12/19 15:21,85.217,46.7,1401.2,90.891
8/12/19 15:21,85.217,46.7,1398.7,90.891
8/12/19 15:21,85.217,46.8,1393.7,90.891
8/12/19 15:21,85.217,46.9,1388.7,90.891
8/12/19 15:21,85.217,46.9,1381.2,90.891
8/12/19 15:21,85.217,46.9,1361.2,90.891
8/12/19 15:21,85.217,46.9,1338.7,90.891
8/12/19 15:21,85.217,47,1321.2,90.891
8/12/19 15:22,85.217,47.2,1313.7,90.891
8/12/19 15:22,85.217,47.2,1316.2,90.891
8/12/19 15:22,85.217,47.2,1323.7,90.891
8/12/19 15:22,85.217,47.1,1338.7,90.891
8/12/19 15:22,85.217,47,1348.7,90.891
8/12/19 15:22,85.217,46.9,1343.7,90.891
8/12/19 15:22,85.262,46.9,1303.7,90.891
8/12/19 15:22,85.262,46.9,1201.2,90.891
8/12/19 15:22,85.262,46.9,1031.2,90.891
8/12/19 15:22,85.262,46.9,843.7,90.891
8/12/19 15:22,85.262,47,706.2,90.891
8/12/19 15:22,85.217,47,658.7,90.891
8/12/19 15:22,85.262,47.1,653.7,90.891
8/12/19 15:22,85.262,47.2,678.7,90.891
8/12/19 15:22,85.217,47.2,696.2,90.891
8/12/19 15:22,85.262,47.3,701.2,90.891
8/12/19 15:22,85.262,47.3,711.2,90.891
8/12/19 15:22,85.217,47.3,736.2,90.891
8/12/19 15:22,85.262,47.3,753.7,90.891
8/12/19 15:22,85.217,47.3,756.2,90.891
8/12/19 15:22,85.262,47.3,726.2,90.891
8/12/19 15:22,85.262,47.2,671.2,90.891
8/12/19 15:22,85.217,47.2,623.7,90.891
8/12/19 15:22,85.262,47.2,603.7,90.844
8/12/19 15:22,85.217,47.2,593.7,90.844
8/12/19 15:22,85.262,47.2,593.7,90.844
8/12/19 15:22,85.262,47.2,598.7,90.891
8/12/19 15:22,85.217,47.1,603.7,90.844
8/12/19 15:22,85.217,47,598.7,90.844
8/12/19 15:22,85.217,46.9,591.2,90.844
8/12/19 15:22,85.217,46.9,586.2,90.844
8/12/19 15:22,85.217,46.9,583.7,90.844
8/12/19 15:22,85.217,47,583.7,90.844
8/12/19 15:22,85.217,47.1,586.2,90.844
8/12/19 15:22,85.217,47.1,588.7,90.844
8/12/19 15:22,85.217,47.1,591.2,90.844
8/12/19 15:22,85.217,47.2,596.2,90.844
8/12/19 15:22,85.217,47.2,608.7,90.844
8/12/19 15:22,85.217,47.2,633.7,90.844
8/12/19 15:22,85.217,47.2,653.7,90.844
8/12/19 15:22,85.217,47.2,651.2,90.844
8/12/19 15:22,85.217,47.2,638.7,90.844
8/12/19 15:22,85.217,47.2,623.7,90.844
8/12/19 15:22,85.172,47.2,618.7,90.844
8/12/19 15:22,85.217,47.3,616.2,90.844
8/12/19 15:22,85.172,47.3,613.7,90.844
8/12/19 15:22,85.172,47.2,616.2,90.844
8/12/19 15:22,85.172,47.2,623.7,90.844
8/12/19 15:22,85.172,47.2,631.2,90.844
8/12/19 15:22,85.172,47.1,638.7,90.844
8/12/19 15:22,85.172,47.1,638.7,90.844
8/12/19 15:22,85.172,46.9,633.7,90.844
8/12/19 15:22,85.172,46.9,631.2,90.797
8/12/19 15:22,85.172,46.9,636.2,90.797
8/12/19 15:22,85.172,46.9,648.7,90.797
8/12/19 15:22,85.172,46.9,643.7,90.797
8/12/19 15:22,85.172,46.9,633.7,90.797
8/12/19 15:22,85.172,46.9,626.2,90.797
8/12/19 15:22,85.172,46.7,636.2,90.797
8/12/19 15:22,85.127,46.7,643.7,90.797
8/12/19 15:23,85.127,46.5,641.2,90.797
8/12/19 15:23,85.127,46.5,628.7,90.797
8/12/19 15:23,85.127,46.4,621.2,90.797
8/12/19 15:23,85.127,46.3,613.7,90.797
8/12/19 15:23,85.127,46.2,606.2,90.797
8/12/19 15:23,85.127,46.2,603.7,90.797
8/12/19 15:23,85.127,46.1,603.7,90.797
8/12/19 15:23,85.127,46.1,606.2,90.797
8/12/19 15:23,85.082,46.1,608.7,90.797
8/12/19 15:23,85.082,46.1,608.7,90.797
8/12/19 15:23,85.082,46.2,613.7,90.797
8/12/19 15:23,85.082,46.1,618.7,90.797
8/12/19 15:23,85.082,46.2,623.7,90.797
8/12/19 15:23,85.035,46.3,623.7,90.797
8/12/19 15:23,85.035,46.3,623.7,90.797
8/12/19 15:23,85.035,46.4,626.2,90.797
8/12/19 15:23,85.035,46.4,636.2,90.75
8/12/19 15:23,85.035,46.4,641.2,90.75
8/12/19 15:23,85.035,46.3,638.7,90.797
8/12/19 15:23,84.99,46.2,638.7,90.75
8/12/19 15:23,84.99,46.2,643.7,90.797
8/12/19 15:23,84.99,46.2,641.2,90.75
8/12/19 15:23,84.99,46.2,636.2,90.75
8/12/19 15:23,84.99,46.2,631.2,90.75
8/12/19 15:23,84.99,46.2,621.2,90.75
8/12/19 15:23,84.99,46.1,616.2,90.75
8/12/19 15:23,84.945,46.2,613.7,90.75
8/12/19 15:23,84.945,46.1,611.2,90.75
8/12/19 15:23,84.945,46.1,608.7,90.75
8/12/19 15:23,84.945,46,606.2,90.75
8/12/19 15:23,84.945,46,603.7,90.75
8/12/19 15:23,84.945,46,603.7,90.75
8/12/19 15:23,84.9,45.9,601.2,90.75
8/12/19 15:23,84.9,45.9,598.7,90.75
8/12/19 15:23,84.9,46,598.7,90.75
8/12/19 15:23,84.9,46.1,598.7,90.75
8/12/19 15:23,84.857,46.2,598.7,90.75
8/12/19 15:23,84.857,46.2,598.7,90.75
8/12/19 15:23,84.857,46.2,596.2,90.75
8/12/19 15:23,84.857,46.3,596.2,90.75
8/12/19 15:23,84.857,46.4,596.2,90.703
8/12/19 15:23,84.857,46.4,593.7,90.75
8/12/19 15:23,84.857,46.5,593.7,90.75
8/12/19 15:23,84.812,46.5,593.7,90.75
8/12/19 15:23,84.812,46.5,591.2,90.75
8/12/19 15:23,84.812,46.6,588.7,90.703
8/12/19 15:23,84.812,46.6,586.2,90.703
8/12/19 15:23,84.812,46.6,586.2,90.703
8/12/19 15:23,84.812,46.6,583.7,90.703
8/12/19 15:23,84.812,46.6,583.7,90.703
8/12/19 15:23,84.767,46.6,583.7,90.703
8/12/19 15:23,84.767,46.6,583.7,90.703
8/12/19 15:23,84.767,46.7,583.7,90.703
8/12/19 15:23,84.767,46.7,583.7,90.703
8/12/19 15:23,84.767,46.7,298.7,90.703
8/12/19 15:23,84.767,46.8,258.7,90.703
8/12/19 15:23,84.767,46.8,306.2,90.703
8/12/19 15:23,84.767,46.8,258.7,90.703
8/12/19 15:23,84.722,46.9,261.2,90.703
8/12/19 15:23,84.722,46.9,308.7,90.703
8/12/19 15:24,84.722,46.9,291.2,90.703
8/12/19 15:24,84.722,46.9,291.2,90.703
8/12/19 15:24,84.722,46.9,291.2,90.703
8/12/19 15:24,84.722,46.9,288.7,90.703
8/12/19 15:24,84.722,46.8,288.7,90.703
8/12/19 15:24,84.722,46.8,288.7,90.657
8/12/19 15:24,84.722,46.7,291.2,90.657
8/12/19 15:24,84.722,46.7,291.2,90.657
8/12/19 15:24,84.722,46.7,288.7,90.657
8/12/19 15:24,84.722,46.6,291.2,90.657
8/12/19 15:24,84.722,46.5,291.2,90.657
8/12/19 15:24,84.722,46.5,291.2,90.657
8/12/19 15:24,84.677,46.4,296.2,90.657
8/12/19 15:24,84.677,46.3,291.2,90.657
8/12/19 15:24,84.722,46.3,293.7,90.657
8/12/19 15:24,84.677,46.2,293.7,90.657
8/12/19 15:24,84.677,46.2,291.2,90.657
8/12/19 15:24,84.677,46.2,291.2,90.657
8/12/19 15:24,84.677,46.2,288.7,90.657
8/12/19 15:24,84.677,46.2,288.7,90.657
8/12/19 15:24,84.677,46.3,288.7,90.657
8/12/19 15:24,84.677,46.3,288.7,90.657
8/12/19 15:24,84.632,46.4,288.7,90.657
8/12/19 15:24,84.632,46.5,288.7,90.657
8/12/19 15:24,84.632,46.5,288.7,90.657
8/12/19 15:24,84.632,46.5,291.2,90.657
8/12/19 15:24,84.632,46.5,293.7,90.657
8/12/19 15:24,84.632,46.5,296.2,90.657
8/12/19 15:24,84.632,46.5,296.2,90.657
8/12/19 15:24,84.632,46.5,296.2,90.657
8/12/19 15:24,84.587,46.5,298.7,90.657
8/12/19 15:24,84.587,46.5,298.7,90.657
8/12/19 15:24,84.587,46.5,301.2,90.657
8/12/19 15:24,84.587,46.5,303.7,90.657
8/12/19 15:24,84.587,46.5,306.2,90.657
8/12/19 15:24,84.587,46.5,311.2,90.657
8/12/19 15:24,84.587,46.5,316.2,90.657
8/12/19 15:24,84.542,46.6,328.7,90.612
8/12/19 15:24,84.587,46.6,346.2,90.612
8/12/19 15:24,84.542,46.7,366.2,90.612
8/12/19 15:24,84.542,46.7,381.2,90.612
8/12/19 15:24,84.542,46.7,373.7,90.612
8/12/19 15:24,84.542,46.7,371.2,90.612
8/12/19 15:24,84.542,46.7,381.2,90.612
8/12/19 15:24,84.542,46.6,383.7,90.612
8/12/19 15:24,84.497,46.6,386.2,90.612
8/12/19 15:24,84.497,46.7,388.7,90.612
8/12/19 15:24,84.497,46.7,406.2,90.612
8/12/19 15:24,84.497,46.8,416.2,90.612
8/12/19 15:24,84.497,46.9,426.2,90.612
8/12/19 15:24,84.497,46.9,446.2,90.612
8/12/19 15:24,84.497,46.9,481.2,90.612
8/12/19 15:24,84.497,46.9,508.7,90.612
8/12/19 15:24,84.452,47,533.7,90.612
8/12/19 15:24,84.452,47,551.2,90.612
8/12/19 15:24,84.452,47.1,553.7,90.612
8/12/19 15:24,84.452,47.2,538.7,90.612
8/12/19 15:24,84.452,47.2,521.2,90.565
8/12/19 15:24,84.452,47.2,526.2,90.565
8/12/19 15:24,84.452,47.3,551.2,90.565
8/12/19 15:25,84.452,47.3,576.2,90.565
8/12/19 15:25,84.452,47.3,581.2,90.565
8/12/19 15:25,84.452,47.4,581.2,90.565
8/12/19 15:25,84.452,47.4,573.7,90.565
8/12/19 15:25,84.452,47.4,573.7,90.565
8/12/19 15:25,84.452,47.4,576.2,90.565
8/12/19 15:25,84.452,47.3,576.2,90.565
8/12/19 15:25,84.452,47.3,566.2,90.565
8/12/19 15:25,84.452,47.2,551.2,90.565
8/12/19 15:25,84.452,47.2,518.7,90.565
8/12/19 15:25,84.452,47.1,466.2,90.565
8/12/19 15:25,84.452,47.1,413.7,90.565
8/12/19 15:25,84.452,47.1,368.7,90.565
8/12/19 15:25,84.452,47.1,341.2,90.565
8/12/19 15:25,84.452,47.1,318.7,90.565
8/12/19 15:25,84.452,47.1,311.2,90.565
8/12/19 15:25,84.452,47.1,316.2,90.565
8/12/19 15:25,84.452,47.1,323.7,90.565
8/12/19 15:25,84.452,47.1,333.7,90.565
8/12/19 15:25,84.452,47.1,348.7,90.565
8/12/19 15:25,84.452,47.1,371.2,90.565
8/12/19 15:25,84.452,47.1,666.2,90.565
8/12/19 15:25,84.452,47,701.2,90.565
8/12/19 15:25,84.452,46.9,653.7,90.565
8/12/19 15:25,84.452,46.8,693.7,90.565
8/12/19 15:25,84.452,46.6,571.2,90.565
8/12/19 15:25,84.452,46.5,638.7,90.565
8/12/19 15:25,84.452,46.5,583.7,90.565
8/12/19 15:25,84.452,46.4,563.7,90.565
8/12/19 15:25,84.452,46.4,546.2,90.565
8/12/19 15:25,84.452,46.4,533.7,90.565
8/12/19 15:25,84.452,46.3,528.7,90.565
8/12/19 15:25,84.452,46.3,526.2,90.565
8/12/19 15:25,84.452,46.2,526.2,90.565
8/12/19 15:25,84.407,46.2,528.7,90.565
8/12/19 15:25,84.452,46.2,531.2,90.518
8/12/19 15:25,84.407,46.1,521.2,90.518
8/12/19 15:25,84.407,46.1,503.7,90.565
8/12/19 15:25,84.407,46.1,486.2,90.518
8/12/19 15:25,84.407,46.1,483.7,90.518
8/12/19 15:25,84.407,46.1,478.7,90.518
8/12/19 15:25,84.407,46.1,491.2,90.518
8/12/19 15:25,84.407,46.1,506.2,90.518
8/12/19 15:25,84.407,46.1,516.2,90.518
8/12/19 15:25,84.407,46.2,513.7,90.518
8/12/19 15:25,84.362,46.2,511.2,90.518
8/12/19 15:25,84.362,46.2,516.2,90.518
8/12/19 15:25,84.362,46.3,538.7,90.518
8/12/19 15:25,84.362,46.2,581.2,90.518
8/12/19 15:25,84.362,46.3,638.7,90.518
8/12/19 15:25,84.362,46.3,688.7,90.518
8/12/19 15:25,84.362,46.4,728.7,90.518
8/12/19 15:25,84.317,46.4,723.7,90.518
8/12/19 15:25,84.317,46.2,668.7,90.518
8/12/19 15:25,84.317,46.1,596.2,90.518
8/12/19 15:25,84.317,46.1,558.7,90.518
8/12/19 15:25,84.317,46.2,543.7,90.518
8/12/19 15:25,84.317,46.1,541.2,90.518
8/12/19 15:25,84.317,46,538.7,90.518
8/12/19 15:25,84.272,46,528.7,90.518
8/12/19 15:26,84.272,46,513.7,90.518
8/12/19 15:26,84.272,46,501.2,90.518
8/12/19 15:26,84.272,46.1,501.2,90.518
8/12/19 15:26,84.272,46.1,503.7,90.518
8/12/19 15:26,84.272,46.1,506.2,90.518
8/12/19 15:26,84.272,46.2,513.7,90.518
8/12/19 15:26,84.227,46.2,521.2,90.518
8/12/19 15:26,84.227,46.3,526.2,90.518
8/12/19 15:26,84.227,46.4,521.2,90.518
8/12/19 15:26,84.227,46.4,511.2,90.518
8/12/19 15:26,84.227,46.5,503.7,90.471
8/12/19 15:26,84.182,46.6,503.7,90.471
8/12/19 15:26,84.182,46.7,506.2,90.471
8/12/19 15:26,84.182,46.7,511.2,90.471
8/12/19 15:26,84.182,46.7,518.7,90.471
8/12/19 15:26,84.182,46.7,523.7,90.471
8/12/19 15:26,84.182,46.7,531.2,90.471
8/12/19 15:26,84.137,46.7,551.2,90.471
8/12/19 15:26,84.137,46.6,591.2,90.471
8/12/19 15:26,84.137,46.6,651.2,90.471
8/12/19 15:26,84.137,46.6,716.2,90.471
8/12/19 15:26,84.137,46.7,766.2,90.471
8/12/19 15:26,84.137,46.7,801.2,90.471
8/12/19 15:26,84.137,46.8,828.7,90.471
8/12/19 15:26,84.137,46.8,871.2,90.471
8/12/19 15:26,84.094,46.8,923.7,90.471
8/12/19 15:26,84.094,46.8,943.7,90.471
8/12/19 15:26,84.094,46.8,893.7,90.471
8/12/19 15:26,84.094,46.8,783.7,90.471
8/12/19 15:26,84.094,46.8,686.2,90.471
8/12/19 15:26,84.094,46.7,648.7,90.471
8/12/19 15:26,84.049,46.6,643.7,90.471
8/12/19 15:26,84.049,46.6,658.7,90.471
8/12/19 15:26,84.049,46.6,656.2,90.471
8/12/19 15:26,84.049,46.6,636.2,90.471
8/12/19 15:26,84.049,46.6,601.2,90.471
8/12/19 15:26,84.049,46.7,583.7,90.471
8/12/19 15:26,84.049,46.7,578.7,90.471
8/12/19 15:26,84.049,46.8,586.2,90.471
8/12/19 15:26,84.049,46.8,603.7,90.471
8/12/19 15:26,84.004,46.7,641.2,90.424
8/12/19 15:26,84.004,46.6,716.2,90.471
8/12/19 15:26,84.004,46.6,986.2,90.518
8/12/19 15:26,84.004,46.6,1111.2,90.565
8/12/19 15:26,84.004,46.6,1173.7,90.565
8/12/19 15:26,84.004,46.8,1183.7,90.565
8/12/19 15:26,84.004,46.8,1196.2,90.518
8/12/19 15:26,84.004,46.8,1221.2,90.518
8/12/19 15:26,84.004,46.8,1256.2,90.471
8/12/19 15:26,83.959,47,1313.7,90.471
8/12/19 15:26,83.959,47,1383.7,90.424
8/12/19 15:26,83.959,47.1,1431.2,90.379
8/12/19 15:26,83.959,47.1,1438.7,90.333
8/12/19 15:26,83.959,47.2,1431.2,90.239
8/12/19 15:26,83.959,47.2,1421.2,90.194
8/12/19 15:26,83.959,47.4,1421.2,90.147
8/12/19 15:26,83.959,47.4,1426.2,90.1
8/12/19 15:26,83.959,47.4,1428.7,90.009
8/12/19 15:26,83.959,47.4,1438.7,89.962
8/12/19 15:26,83.959,47.4,1446.2,89.87
8/12/19 15:27,83.959,47.4,1448.7,89.823
8/12/19 15:27,83.959,47.5,1453.7,89.731
8/12/19 15:27,83.959,47.5,1463.7,89.638
8/12/19 15:27,83.959,47.4,1476.2,89.546
8/12/19 15:27,83.959,47.4,1481.2,89.499
8/12/19 15:27,83.959,47.4,1513.7,89.454
8/12/19 15:27,83.959,47.4,1568.7,89.362
8/12/19 15:27,83.959,47.5,1041.2,89.316
8/12/19 15:27,83.959,47.5,656.2,89.269
8/12/19 15:27,83.959,47.5,581.2,89.132
8/12/19 15:27,83.959,47.4,1156.2,89.04
8/12/19 15:27,83.959,47.3,1293.7,88.902
8/12/19 15:27,83.959,47.3,436.2,88.81
8/12/19 15:27,83.959,47.2,783.7,88.718
8/12/19 15:27,83.959,47.2,36.2,88.718
8/12/19 15:27,83.959,47.2,43.7,88.671
8/12/19 15:27,83.959,47.2,61.2,88.671
8/12/19 15:27,83.959,47.2,81.2,88.671
8/12/19 15:27,83.959,47.2,68.7,88.671
8/12/19 15:27,83.959,47.2,71.2,88.671
8/12/19 15:27,83.959,47.2,71.2,88.671
8/12/19 15:27,83.959,47.3,68.7,88.671
8/12/19 15:27,84.004,47.3,68.7,88.671
8/12/19 15:27,84.004,47.3,71.2,88.671
8/12/19 15:27,84.004,47.3,96.2,88.671
8/12/19 15:27,84.004,47.3,106.2,88.671
8/12/19 15:27,84.004,47.4,113.7,88.671
8/12/19 15:27,84.004,47.4,116.2,88.671
8/12/19 15:27,84.004,47.4,116.2,88.671
8/12/19 15:27,84.049,47.4,116.2,88.671
8/12/19 15:27,84.049,47.4,116.2,88.671
8/12/19 15:27,84.049,47.4,116.2,88.671
8/12/19 15:27,84.049,47.4,113.7,88.671
8/12/19 15:27,84.049,47.4,106.2,88.718
8/12/19 15:27,84.049,47.4,88.7,88.671
8/12/19 15:27,84.049,47.4,88.7,88.671
8/12/19 15:27,84.094,47.4,91.2,88.671
8/12/19 15:27,84.094,47.4,101.2,88.671
8/12/19 15:27,84.094,47.5,91.2,88.671
8/12/19 15:27,84.094,47.5,83.7,88.671
8/12/19 15:27,84.094,47.5,81.2,88.671
8/12/19 15:27,84.137,47.5,83.7,88.671
8/12/19 15:27,84.137,47.5,86.2,88.671
8/12/19 15:27,84.137,47.5,101.2,88.671
8/12/19 15:27,84.137,47.5,91.2,88.671
8/12/19 15:27,84.137,47.5,96.2,88.671
8/12/19 15:27,84.137,47.5,96.2,88.671
8/12/19 15:27,84.182,47.5,93.7,88.671
8/12/19 15:27,84.182,47.5,93.7,88.671
8/12/19 15:27,84.182,47.5,93.7,88.671
8/12/19 15:27,84.182,47.5,93.7,88.671
8/12/19 15:27,84.182,47.5,93.7,88.671
8/12/19 15:27,84.182,47.5,93.7,88.671
8/12/19 15:27,84.182,47.5,93.7,88.671
8/12/19 15:27,84.227,47.5,98.7,88.671
8/12/19 15:27,84.227,47.5,83.7,88.671
8/12/19 15:27,84.227,47.5,91.2,88.671
8/12/19 15:27,84.227,47.5,56.2,88.671
8/12/19 15:27,84.227,47.5,31.2,88.671
8/12/19 15:27,84.227,47.5,16.2,88.671
8/12/19 15:28,84.227,47.5,11.2,88.671
8/12/19 15:28,84.272,47.5,6.2,88.671
8/12/19 15:28,84.272,47.5,3.7,88.626
8/12/19 15:28,84.272,47.5,3.7,88.626
8/12/19 15:28,84.272,47.5,3.7,88.626
8/12/19 15:28,84.272,47.5,3.7,88.626
8/12/19 15:28,84.272,47.5,3.7,88.626
8/12/19 15:28,84.272,47.5,3.7,88.626
8/12/19 15:28,84.272,47.5,3.7,88.626
8/12/19 15:28,84.272,47.5,3.7,88.626
8/12/19 15:28,84.317,47.5,3.7,88.626
8/12/19 15:28,84.317,47.5,3.7,88.626
8/12/19 15:28,84.317,47.5,3.7,88.626
8/12/19 15:28,84.317,47.5,3.7,88.626
8/12/19 15:28,84.317,47.5,3.7,88.626
8/12/19 15:28,84.317,47.5,3.7,88.579
8/12/19 15:28,84.317,47.5,3.7,88.579
8/12/19 15:28,84.317,47.5,3.7,88.579
8/12/19 15:28,84.317,47.5,3.7,88.579
8/12/19 15:28,84.317,47.5,3.7,88.579
8/12/19 15:28,84.317,47.5,3.7,88.579
8/12/19 15:28,84.362,47.5,3.7,88.579
8/12/19 15:28,84.362,47.5,3.7,88.579
8/12/19 15:28,84.362,47.5,3.7,88.534
8/12/19 15:28,84.362,47.5,3.7,88.534
8/12/19 15:28,84.362,47.5,3.7,88.534
8/12/19 15:28,84.362,47.5,3.7,88.534
8/12/19 15:28,84.362,47.6,3.7,88.534
8/12/19 15:28,84.362,47.6,3.7,88.534
8/12/19 15:28,84.362,47.6,3.7,88.534
8/12/19 15:28,84.407,47.5,3.7,88.534
8/12/19 15:28,84.407,47.6,3.7,88.534
8/12/19 15:28,84.407,47.6,3.7,88.534
8/12/19 15:28,84.407,47.5,3.7,88.534
8/12/19 15:28,84.407,47.6,3.7,88.534
8/12/19 15:28,84.407,47.6,3.7,88.488
8/12/19 15:28,84.407,47.6,3.7,88.488
8/12/19 15:28,84.407,47.6,3.7,88.488
8/12/19 15:28,84.407,47.6,3.7,88.488
8/12/19 15:28,84.407,47.6,3.7,88.488
8/12/19 15:28,84.407,47.6,3.7,88.488
8/12/19 15:28,84.452,47.6,3.7,88.488
8/12/19 15:28,84.452,47.6,3.7,88.488
8/12/19 15:28,84.452,47.6,3.7,88.488
8/12/19 15:28,84.452,47.6,3.7,88.443
8/12/19 15:28,84.452,47.6,3.7,88.443
8/12/19 15:28,84.452,47.6,3.7,88.443
8/12/19 15:28,84.452,47.6,3.7,88.443
8/12/19 15:28,84.452,47.6,3.7,88.443
8/12/19 15:28,84.497,47.6,3.7,88.443
8/12/19 15:28,84.452,47.6,3.7,88.443
8/12/19 15:28,84.497,47.6,3.7,88.443
8/12/19 15:28,84.497,47.6,3.7,88.443
8/12/19 15:28,84.497,47.6,6.2,88.443
8/12/19 15:28,84.497,47.6,6.2,88.443
8/12/19 15:28,84.497,47.6,6.2,88.443
8/12/19 15:28,84.542,47.6,93.7,88.396
8/12/19 15:28,84.542,47.6,106.2,88.396
8/12/19 15:28,84.542,47.6,118.7,88.396
8/12/19 15:28,84.542,47.7,123.7,88.396
8/12/19 15:29,84.542,47.6,138.7,88.351
8/12/19 15:29,84.587,47.7,156.2,88.351
8/12/19 15:29,84.587,47.7,163.7,88.351
8/12/19 15:29,84.587,47.7,161.2,88.351
8/12/19 15:29,84.587,47.7,143.7,88.306
8/12/19 15:29,84.632,47.6,128.7,88.306
8/12/19 15:29,84.632,47.7,126.2,88.306
8/12/19 15:29,84.632,47.7,123.7,88.259
8/12/19 15:29,84.632,47.7,121.2,88.259
8/12/19 15:29,84.677,47.7,91.2,88.214
8/12/19 15:29,84.677,47.7,48.7,88.214
8/12/19 15:29,84.677,47.7,6.2,88.167
8/12/19 15:29,84.677,47.6,3.7,88.167
8/12/19 15:29,84.677,47.7,3.7,88.167
8/12/19 15:29,84.722,47.6,3.7,88.122
8/12/19 15:29,84.722,47.7,3.7,88.075
8/12/19 15:29,84.722,47.6,3.7,88.075
8/12/19 15:29,84.722,47.6,6.2,88.075
8/12/19 15:29,84.722,47.6,6.2,88.03
8/12/19 15:29,84.767,47.6,6.2,88.03
8/12/19 15:29,84.767,47.6,6.2,87.985
8/12/19 15:29,84.767,47.6,3.7,87.985
8/12/19 15:29,84.767,47.6,6.2,87.985
8/12/19 15:29,84.812,47.6,6.2,87.939
8/12/19 15:29,84.812,47.6,6.2,87.939
8/12/19 15:29,84.812,47.6,6.2,87.939
8/12/19 15:29,84.812,47.6,6.2,87.894
8/12/19 15:29,84.812,47.6,6.2,87.894
8/12/19 15:29,84.812,47.6,6.2,87.894
8/12/19 15:29,84.857,47.6,6.2,87.894
8/12/19 15:29,84.857,47.6,3.7,87.894
8/12/19 15:29,84.857,47.6,3.7,87.847
8/12/19 15:29,84.857,47.6,3.7,87.847
8/12/19 15:29,84.9,47.6,6.2,87.847
8/12/19 15:29,84.9,47.6,6.2,87.802
8/12/19 15:29,84.9,47.6,6.2,87.802
8/12/19 15:29,84.9,47.6,3.7,87.802
8/12/19 15:29,84.9,47.6,3.7,87.802
8/12/19 15:29,84.945,47.6,3.7,87.757
8/12/19 15:29,84.945,47.6,3.7,87.757
8/12/19 15:29,84.945,47.6,3.7,87.757
8/12/19 15:29,84.945,47.6,6.2,87.757
8/12/19 15:29,84.945,47.5,6.2,87.757
8/12/19 15:29,84.99,47.6,6.2,87.71
8/12/19 15:29,84.99,47.5,6.2,87.71
8/12/19 15:29,84.99,47.5,6.2,87.71
8/12/19 15:29,84.99,47.6,6.2,87.665
8/12/19 15:29,84.99,47.5,6.2,87.665
8/12/19 15:29,85.035,47.5,6.2,87.665
8/12/19 15:29,85.035,47.5,6.2,87.665
8/12/19 15:29,85.035,47.5,6.2,87.665
8/12/19 15:29,85.035,47.5,3.7,87.62
8/12/19 15:29,85.035,47.5,3.7,87.62
8/12/19 15:29,85.082,47.5,3.7,87.62
8/12/19 15:29,85.082,47.5,3.7,87.62
8/12/19 15:29,85.082,47.5,3.7,87.573
8/12/19 15:29,85.082,47.5,1.2,87.573
8/12/19 15:29,85.082,47.5,1.2,87.573
8/12/19 15:29,85.127,47.5,1.2,87.528
8/12/19 15:29,85.127,47.5,1.2,87.528
8/12/19 15:30,85.127,47.5,1.2,87.528
8/12/19 15:30,85.127,47.5,1.2,87.528
8/12/19 15:30,85.127,47.4,1.2,87.483
8/12/19 15:30,85.172,47.4,1.2,87.483
8/12/19 15:30,85.172,47.4,1.2,87.483
8/12/19 15:30,85.172,47.4,1.2,87.436
8/12/19 15:30,85.172,47.4,1.2,87.436
8/12/19 15:30,85.172,47.4,1.2,87.436
8/12/19 15:30,85.172,47.4,1.2,87.436
8/12/19 15:30,85.217,47.4,1.2,87.391
8/12/19 15:30,85.217,47.3,1.2,87.391
8/12/19 15:30,85.217,47.3,1.2,87.391
8/12/19 15:30,85.217,47.3,3.7,87.391
8/12/19 15:30,85.217,47.3,1.2,87.391
8/12/19 15:30,85.262,47.3,3.7,87.391
8/12/19 15:30,85.262,47.3,3.7,87.346
8/12/19 15:30,85.262,47.3,1.2,87.346
8/12/19 15:30,85.262,47.3,1.2,87.346
8/12/19 15:30,85.262,47.3,1.2,87.346
8/12/19 15:30,85.307,47.3,1.2,87.3
8/12/19 15:30,85.307,47.2,1.2,87.3
8/12/19 15:30,85.307,47.2,1.2,87.3
8/12/19 15:30,85.307,47.2,1.2,87.255
8/12/19 15:30,85.307,47.2,1.2,87.255
8/12/19 15:30,85.307,47.2,1.2,87.255
8/12/19 15:30,85.307,47.2,1.2,87.255
8/12/19 15:30,85.352,47.2,1.2,87.21
8/12/19 15:30,85.352,47.1,1.2,87.21
8/12/19 15:30,85.352,47.1,1.2,87.21
8/12/19 15:30,85.352,47.1,1.2,87.163
8/12/19 15:30,85.352,47.1,1.2,87.163
8/12/19 15:30,85.352,47.1,1.2,87.163
8/12/19 15:30,85.397,47.1,1.2,87.118
8/12/19 15:30,85.397,47.1,1.2,87.118
8/12/19 15:30,85.397,47,1.2,87.118
8/12/19 15:30,85.397,47,1.2,87.073
8/12/19 15:30,85.397,47,1.2,87.073
8/12/19 15:30,85.397,46.9,1.2,87.073
8/12/19 15:30,85.397,46.9,1.2,87.028
8/12/19 15:30,85.442,46.9,1.2,87.028
8/12/19 15:30,85.442,46.9,1.2,86.981
8/12/19 15:30,85.442,46.9,1.2,86.981
8/12/19 15:30,85.442,46.9,1.2,86.981
8/12/19 15:30,85.442,46.9,1.2,86.981
8/12/19 15:30,85.442,46.9,1.2,86.936
8/12/19 15:30,85.442,46.9,1.2,86.936
8/12/19 15:30,85.442,46.9,1.2,86.891
8/12/19 15:30,85.487,46.8,1.2,86.891
8/12/19 15:30,85.487,46.8,1.2,86.891
8/12/19 15:30,85.487,46.8,1.2,86.891
8/12/19 15:30,85.487,46.8,1.2,86.844
8/12/19 15:30,85.487,46.7,1.2,86.844
8/12/19 15:30,85.487,46.7,1.2,86.844
8/12/19 15:30,85.487,46.7,1.2,86.799
8/12/19 15:30,85.487,46.7,1.2,86.799
8/12/19 15:30,85.532,46.6,1.2,86.799
8/12/19 15:30,85.532,46.6,1.2,86.799
8/12/19 15:30,85.532,46.6,1.2,86.754
8/12/19 15:30,85.532,46.6,1.2,86.754
8/12/19 15:30,85.532,46.6,1.2,86.709
8/12/19 15:31,85.532,46.5,1.2,86.709
8/12/19 15:31,85.532,46.5,1.2,86.709
8/12/19 15:31,85.532,46.5,1.2,86.709
8/12/19 15:31,85.532,46.5,1.2,86.664
8/12/19 15:31,85.532,46.4,1.2,86.617
8/12/19 15:31,85.577,46.4,1.2,86.617
8/12/19 15:31,85.577,46.4,1.2,86.617
8/12/19 15:31,85.577,46.3,1.2,86.572
8/12/19 15:31,85.577,46.3,1.2,86.572
8/12/19 15:31,85.577,46.3,1.2,86.572
8/12/19 15:31,85.577,46.2,1.2,86.527
8/12/19 15:31,85.577,46.2,1.2,86.527
8/12/19 15:31,85.577,46.2,1.2,86.527
8/12/19 15:31,85.577,46.2,1.2,86.482
8/12/19 15:31,85.577,46.2,1.2,86.482
8/12/19 15:31,85.577,46.2,1.2,86.482
8/12/19 15:31,85.622,46.2,1.2,86.482
8/12/19 15:31,85.622,46.2,1.2,86.437
8/12/19 15:31,85.622,46.1,1.2,86.437
8/12/19 15:31,85.622,46.1,1.2,86.437
8/12/19 15:31,85.622,46.1,1.2,86.437
8/12/19 15:31,85.622,46.1,1.2,86.437
8/12/19 15:31,85.622,46,1.2,86.437
8/12/19 15:31,85.622,46,1.2,86.391
8/12/19 15:31,85.622,46,1.2,86.391
8/12/19 15:31,85.622,46,1.2,86.391
8/12/19 15:31,85.622,46,1.2,86.391
8/12/19 15:31,85.667,45.9,1.2,86.346
8/12/19 15:31,85.667,45.9,1.2,86.346
8/12/19 15:31,85.667,45.9,1.2,86.346
8/12/19 15:31,85.667,45.9,1.2,86.346
8/12/19 15:31,85.667,45.9,1.2,86.301
8/12/19 15:31,85.667,45.8,1.2,86.346
8/12/19 15:31,85.667,45.8,1.2,86.346
8/12/19 15:31,85.667,45.7,1.2,86.346
8/12/19 15:31,85.667,45.6,1.2,86.346
8/12/19 15:31,85.667,45.6,1.2,86.346
8/12/19 15:31,85.667,45.6,1.2,86.346
8/12/19 15:31,85.712,45.5,1.2,86.346
8/12/19 15:31,85.712,45.5,1.2,86.346
8/12/19 15:31,85.712,45.4,1.2,86.346
8/12/19 15:31,85.712,45.4,1.2,86.346
8/12/19 15:31,85.712,45.4,1.2,86.346
8/12/19 15:31,85.712,45.4,1.2,86.346
8/12/19 15:31,85.712,45.4,1.2,86.346
8/12/19 15:31,85.712,45.3,1.2,86.346
8/12/19 15:31,85.712,45.3,1.2,86.346
8/12/19 15:31,85.757,45.3,1.2,86.346
8/12/19 15:31,85.757,45.3,1.2,86.346
8/12/19 15:31,85.757,45.2,1.2,86.346
8/12/19 15:31,85.757,45.2,1.2,86.346
8/12/19 15:31,85.757,45.2,1.2,86.346
8/12/19 15:31,85.757,45.2,1.2,86.346
8/12/19 15:31,85.757,45.1,1.2,86.346
8/12/19 15:31,85.757,45.1,1.2,86.346
8/12/19 15:31,85.757,45.1,1.2,86.346
8/12/19 15:31,85.757,45.1,1.2,86.391
8/12/19 15:31,85.757,45.1,1.2,86.391
8/12/19 15:31,85.802,45,1.2,86.391
8/12/19 15:31,85.802,45,1.2,86.391
8/12/19 15:32,85.802,45,1.2,86.391
8/12/19 15:32,85.802,45,1.2,86.391
8/12/19 15:32,85.802,45.1,1.2,86.391
8/12/19 15:32,85.802,45,1.2,86.391
8/12/19 15:32,85.802,45,1.2,86.391
8/12/19 15:32,85.849,45.1,1.2,86.437
8/12/19 15:32,85.849,45.1,1.2,86.391
8/12/19 15:32,85.849,45.1,1.2,86.391
8/12/19 15:32,85.849,45.1,1.2,86.391
8/12/19 15:32,85.849,45.1,1.2,86.391
8/12/19 15:32,85.849,45.1,1.2,86.346
8/12/19 15:32,85.849,45.1,1.2,86.346
8/12/19 15:32,85.849,45.1,1.2,86.346
8/12/19 15:32,85.849,45.1,1.2,86.346
8/12/19 15:32,85.849,45,1.2,86.301
8/12/19 15:32,85.849,45,1.2,86.301
8/12/19 15:32,85.849,45,1.2,86.256
8/12/19 15:32,85.894,45,1.2,86.256
8/12/19 15:32,85.894,45,1.2,86.211
8/12/19 15:32,85.894,45,1.2,86.164
8/12/19 15:32,85.894,45,1.2,86.164
8/12/19 15:32,85.894,45,1.2,86.119
8/12/19 15:32,85.894,44.9,1.2,86.119
8/12/19 15:32,85.894,44.9,1.2,86.074
8/12/19 15:32,85.894,44.9,1.2,86.074
8/12/19 15:32,85.894,44.9,1.2,86.029
8/12/19 15:32,85.894,44.9,1.2,86.029
8/12/19 15:32,85.894,44.9,1.2,85.984
8/12/19 15:32,85.894,44.9,1.2,85.984
8/12/19 15:32,85.894,44.9,1.2,85.939
8/12/19 15:32,85.894,44.9,1.2,85.894
8/12/19 15:32,85.894,44.8,1.2,85.849
8/12/19 15:32,85.894,44.8,1.2,85.802
8/12/19 15:32,85.894,44.7,1.2,85.757
8/12/19 15:32,85.894,44.7,1.2,85.757
8/12/19 15:32,85.894,44.7,1.2,85.712
8/12/19 15:32,85.894,44.7,1.2,85.667
8/12/19 15:32,85.894,44.6,1.2,85.622
8/12/19 15:32,85.894,44.7,1.2,85.577
8/12/19 15:32,85.894,44.7,1.2,85.577
8/12/19 15:32,85.894,44.7,1.2,85.532
8/12/19 15:32,85.849,44.6,1.2,85.487
8/12/19 15:32,85.849,44.6,1.2,85.442
8/12/19 15:32,85.849,44.6,1.2,85.442
8/12/19 15:32,85.894,44.6,1.2,85.397
8/12/19 15:32,85.849,44.5,1.2,85.352
8/12/19 15:32,85.849,44.5,1.2,85.352
8/12/19 15:32,85.849,44.4,1.2,85.307
8/12/19 15:32,85.849,44.4,1.2,85.307
8/12/19 15:32,85.849,44.4,1.2,85.307
8/12/19 15:32,85.849,44.3,1.2,85.262
8/12/19 15:32,85.849,44.3,1.2,85.217
8/12/19 15:32,85.849,44.3,1.2,85.217
8/12/19 15:32,85.849,44.3,1.2,85.172
8/12/19 15:32,85.849,44.2,1.2,85.172
8/12/19 15:32,85.849,44.2,1.2,85.172
8/12/19 15:32,85.849,44.1,1.2,85.127
8/12/19 15:32,85.849,44.1,1.2,85.082
8/12/19 15:32,85.849,44.1,1.2,85.082
8/12/19 15:32,85.849,44.1,1.2,85.035
8/12/19 15:33,85.802,44,1.2,85.035
8/12/19 15:33,85.802,44,1.2,84.99
8/12/19 15:33,85.802,44,1.2,84.945
8/12/19 15:33,85.802,44,1.2,84.945
8/12/19 15:33,85.802,43.9,1.2,84.9
8/12/19 15:33,85.802,43.9,1.2,84.857
8/12/19 15:33,85.802,43.9,1.2,84.857
8/12/19 15:33,85.802,43.9,1.2,84.812
8/12/19 15:33,85.802,43.9,1.2,84.812
8/12/19 15:33,85.802,43.8,1.2,84.767
8/12/19 15:33,85.802,43.8,1.2,84.722
8/12/19 15:33,85.802,43.8,1.2,84.722
8/12/19 15:33,85.757,43.8,1.2,84.677
8/12/19 15:33,85.757,43.7,1.2,84.677
8/12/19 15:33,85.757,43.7,1.2,84.632
8/12/19 15:33,85.757,43.6,1.2,84.632
8/12/19 15:33,85.757,43.6,1.2,84.587
8/12/19 15:33,85.757,43.6,1.2,84.587
8/12/19 15:33,85.757,43.6,1.2,84.542
8/12/19 15:33,85.757,43.5,1.2,84.542
8/12/19 15:33,85.757,43.5,1.2,84.497
8/12/19 15:33,85.757,43.5,1.2,84.497
8/12/19 15:33,85.712,43.4,1.2,84.497
8/12/19 15:33,85.712,43.4,1.2,84.452
8/12/19 15:33,85.712,43.4,1.2,84.452
8/12/19 15:33,85.712,43.4,1.2,84.452
8/12/19 15:33,85.712,43.4,1.2,84.452
8/12/19 15:33,85.712,43.3,1.2,84.407
8/12/19 15:33,85.712,43.3,1.2,84.407
8/12/19 15:33,85.712,43.3,1.2,84.407
8/12/19 15:33,85.712,43.3,1.2,84.407
8/12/19 15:33,85.712,43.3,1.2,84.362
8/12/19 15:33,85.712,43.2,1.2,84.362
8/12/19 15:33,85.712,43.2,1.2,84.362
8/12/19 15:33,85.712,43.2,1.2,84.362
8/12/19 15:33,85.712,43.1,1.2,84.317
8/12/19 15:33,85.667,43.1,1.2,84.272
8/12/19 15:33,85.667,43.1,1.2,84.272
8/12/19 15:33,85.667,43.1,1.2,84.272
8/12/19 15:33,85.667,43.1,1.2,84.227
8/12/19 15:33,85.667,43.1,1.2,84.227
8/12/19 15:33,85.667,43.1,1.2,84.182
8/12/19 15:33,85.667,43.1,1.2,84.182
8/12/19 15:33,85.667,43.1,1.2,84.182
8/12/19 15:33,85.667,43,1.2,84.137
8/12/19 15:33,85.667,43,1.2,84.137
8/12/19 15:33,85.667,42.9,1.2,84.094
8/12/19 15:33,85.667,42.9,1.2,84.049
8/12/19 15:33,85.622,42.9,1.2,84.049
8/12/19 15:33,85.622,42.8,1.2,84.004
8/12/19 15:33,85.622,42.8,1.2,83.959
8/12/19 15:33,85.622,42.8,1.2,83.959
8/12/19 15:33,85.622,42.7,1.2,83.914
8/12/19 15:33,85.622,42.7,1.2,83.914
8/12/19 15:33,85.622,42.7,1.2,83.869
8/12/19 15:33,85.622,42.6,1.2,83.869
8/12/19 15:33,85.577,42.6,1.2,83.824
8/12/19 15:33,85.577,42.6,1.2,83.824
8/12/19 15:33,85.577,42.6,1.2,83.779
8/12/19 15:33,85.577,42.6,1.2,83.779
8/12/19 15:34,85.577,42.5,1.2,83.736
8/12/19 15:34,85.577,42.5,1.2,83.736
8/12/19 15:34,85.577,42.5,1.2,83.736
8/12/19 15:34,85.532,42.4,1.2,83.691
8/12/19 15:34,85.532,42.4,1.2,83.691
8/12/19 15:34,85.532,42.4,1.2,83.646
8/12/19 15:34,85.532,42.3,1.2,83.646
8/12/19 15:34,85.532,42.3,1.2,83.601
8/12/19 15:34,85.532,42.3,1.2,83.601
8/12/19 15:34,85.487,42.3,1.2,83.556
8/12/19 15:34,85.487,42.4,1.2,83.556
8/12/19 15:34,85.487,42.4,1.2,83.556
8/12/19 15:34,85.487,42.3,1.2,83.511
8/12/19 15:34,85.487,42.3,1.2,83.467
8/12/19 15:34,85.442,42.2,1.2,83.467
8/12/19 15:34,85.442,42.2,1.2,83.467
8/12/19 15:34,85.442,42.2,1.2,83.422
8/12/19 15:34,85.442,42.2,1.2,83.422
8/12/19 15:34,85.442,42.1,1.2,83.377
8/12/19 15:34,85.442,42.1,1.2,83.377
8/12/19 15:34,85.442,42.1,1.2,83.377
8/12/19 15:34,85.397,42.1,1.2,83.332
8/12/19 15:34,85.397,42.1,1.2,83.332
8/12/19 15:34,85.397,42.1,1.2,83.332
8/12/19 15:34,85.397,42,1.2,83.287
8/12/19 15:34,85.397,42,1.2,83.287
8/12/19 15:34,85.397,42,1.2,83.287
8/12/19 15:34,85.352,42,1.2,83.242
8/12/19 15:34,85.352,41.9,1.2,83.242
8/12/19 15:34,85.352,41.9,1.2,83.199
8/12/19 15:34,85.352,41.9,1.2,83.154
8/12/19 15:34,85.352,41.9,1.2,83.154
8/12/19 15:34,85.352,41.9,1.2,83.154
8/12/19 15:34,85.307,41.8,1.2,83.109
8/12/19 15:34,85.307,41.8,1.2,83.109
8/12/19 15:34,85.307,41.8,1.2,83.064
8/12/19 15:34,85.307,41.7,1.2,83.064
8/12/19 15:34,85.262,41.7,1.2,83.064
8/12/19 15:34,85.262,41.7,1.2,83.021
8/12/19 15:34,85.262,41.7,1.2,83.021
8/12/19 15:34,85.262,41.6,1.2,83.021
8/12/19 15:34,85.262,41.6,1.2,83.021
8/12/19 15:34,85.262,41.6,1.2,82.976
8/12/19 15:34,85.217,41.6,1.2,82.976
8/12/19 15:34,85.217,41.6,1.2,82.976
8/12/19 15:34,85.217,41.6,1.2,82.976
8/12/19 15:34,85.217,41.6,1.2,82.931
8/12/19 15:34,85.217,41.6,1.2,82.931
8/12/19 15:34,85.217,41.5,1.2,82.931
8/12/19 15:34,85.172,41.5,1.2,82.886
8/12/19 15:34,85.172,41.5,1.2,82.886
8/12/19 15:34,85.172,41.5,1.2,82.841
8/12/19 15:34,85.172,41.5,1.2,82.841
8/12/19 15:34,85.172,41.5,1.2,82.841
8/12/19 15:34,85.172,41.5,1.2,82.798
8/12/19 15:34,85.127,41.5,1.2,82.798
8/12/19 15:34,85.127,41.4,1.2,82.753
8/12/19 15:34,85.127,41.4,1.2,82.753
8/12/19 15:34,85.127,41.4,1.2,82.753
8/12/19 15:34,85.127,41.4,1.2,82.753
8/12/19 15:35,85.127,41.3,1.2,82.708
8/12/19 15:35,85.082,41.3,1.2,82.708
8/12/19 15:35,85.082,41.3,1.2,82.665
8/12/19 15:35,85.082,41.3,1.2,82.665
8/12/19 15:35,85.082,41.2,1.2,82.665
8/12/19 15:35,85.082,41.2,1.2,82.665
8/12/19 15:35,85.035,41.2,1.2,82.62
8/12/19 15:35,85.035,41.2,1.2,82.62
8/12/19 15:35,85.035,41.2,1.2,82.575
8/12/19 15:35,85.035,41.1,1.2,82.575
8/12/19 15:35,84.99,41.1,1.2,82.575
8/12/19 15:35,84.99,41.1,1.2,82.575
8/12/19 15:35,84.99,41.1,1.2,82.53
8/12/19 15:35,84.99,41.1,1.2,82.53
8/12/19 15:35,84.99,41.1,1.2,82.486
8/12/19 15:35,84.99,41.1,1.2,82.486
8/12/19 15:35,84.945,41,1.2,82.486
8/12/19 15:35,84.945,41,1.2,82.441
8/12/19 15:35,84.945,41,1.2,82.441
8/12/19 15:35,84.945,41,1.2,82.441
8/12/19 15:35,84.945,40.9,1.2,82.396
8/12/19 15:35,84.945,40.9,1.2,82.396
8/12/19 15:35,84.9,40.9,1.2,82.396
8/12/19 15:35,84.9,40.9,1.2,82.396
8/12/19 15:35,84.9,40.9,1.2,82.396
8/12/19 15:35,84.9,40.8,1.2,82.353
8/12/19 15:35,84.9,40.8,1.2,82.353
8/12/19 15:35,84.9,40.8,1.2,82.353
8/12/19 15:35,84.857,40.8,1.2,82.308
8/12/19 15:35,84.857,40.8,1.2,82.308
8/12/19 15:35,84.857,40.8,1.2,82.308
8/12/19 15:35,84.857,40.8,3.7,82.263
8/12/19 15:35,84.857,40.8,3.7,82.263
8/12/19 15:35,84.812,40.7,3.7,82.218
8/12/19 15:35,84.812,40.7,11.2,82.218
8/12/19 15:35,84.812,40.7,73.7,82.218
8/12/19 15:35,84.812,40.7,108.7,82.175
8/12/19 15:35,84.812,40.5,78.7,82.175
8/12/19 15:35,84.767,40.5,11.2,82.13
8/12/19 15:35,84.767,40.5,8.7,82.13
8/12/19 15:35,84.767,40.5,103.7,82.13
8/12/19 15:35,84.767,40.6,76.2,82.085
8/12/19 15:35,84.767,40.6,43.7,82.085
8/12/19 15:35,84.767,40.6,36.2,82.042
8/12/19 15:35,84.722,40.6,33.7,82.042
8/12/19 15:35,84.722,40.5,31.2,82.042
8/12/19 15:35,84.722,40.5,33.7,81.997
8/12/19 15:35,84.722,40.5,33.7,81.997
8/12/19 15:35,84.722,40.5,33.7,81.997
8/12/19 15:35,84.722,40.5,28.7,81.997
8/12/19 15:35,84.677,40.4,26.2,81.997
8/12/19 15:35,84.677,40.4,28.7,81.997
8/12/19 15:35,84.677,40.4,28.7,81.997
8/12/19 15:35,84.677,40.4,28.7,81.997
8/12/19 15:35,84.677,40.4,28.7,81.997
8/12/19 15:35,84.632,40.4,28.7,81.952
8/12/19 15:35,84.632,40.4,28.7,81.952
8/12/19 15:35,84.632,40.3,28.7,81.952
8/12/19 15:35,84.632,40.3,31.2,81.952
8/12/19 15:35,84.632,40.3,28.7,81.909
8/12/19 15:36,84.632,40.3,31.2,81.909
8/12/19 15:36,84.587,40.3,31.2,81.909
8/12/19 15:36,84.587,40.3,31.2,81.864
8/12/19 15:36,84.587,40.3,31.2,81.864
8/12/19 15:36,84.587,40.3,28.7,81.864
8/12/19 15:36,84.587,40.3,28.7,81.864
8/12/19 15:36,84.587,40.2,28.7,81.864
8/12/19 15:36,84.542,40.2,26.2,81.864
8/12/19 15:36,84.542,40.2,26.2,81.864
8/12/19 15:36,84.542,40.2,26.2,81.864
8/12/19 15:36,84.542,40.1,16.2,81.864
8/12/19 15:36,84.542,40.1,16.2,81.864
8/12/19 15:36,84.542,40.1,18.7,81.864
8/12/19 15:36,84.542,40.1,21.2,81.909
8/12/19 15:36,84.497,40.1,21.2,81.909
8/12/19 15:36,84.497,40.1,23.7,81.909
8/12/19 15:36,84.497,40.1,23.7,81.909
8/12/19 15:36,84.497,40.1,21.2,81.909
8/12/19 15:36,84.497,40.1,13.7,81.909
8/12/19 15:36,84.497,40.1,8.7,81.952
8/12/19 15:36,84.497,40.1,33.7,81.909
8/12/19 15:36,84.497,40.1,13.7,81.909
8/12/19 15:36,84.497,40.1,1.2,81.909
8/12/19 15:36,84.452,40.1,1.2,81.909
8/12/19 15:36,84.497,40.1,1.2,81.909
8/12/19 15:36,84.452,40.1,1.2,81.909
8/12/19 15:36,84.452,40.1,1.2,81.909
8/12/19 15:36,84.452,40.1,1.2,81.909
8/12/19 15:36,84.452,40,1.2,81.952
8/12/19 15:36,84.452,40,1.2,81.952
8/12/19 15:36,84.452,40,1.2,81.952
8/12/19 15:36,84.452,40,1.2,81.952
8/12/19 15:36,84.452,40,1.2,81.997
8/12/19 15:36,84.452,40,1.2,81.997
8/12/19 15:36,84.407,40,1.2,81.997
8/12/19 15:36,84.407,40,1.2,81.997
8/12/19 15:36,84.407,39.9,33.7,81.997
8/12/19 15:36,84.407,39.9,3.7,81.997
8/12/19 15:36,84.407,39.9,1.2,81.952
8/12/19 15:36,84.407,39.9,1.2,81.952
8/12/19 15:36,84.407,39.9,1.2,81.952
8/12/19 15:36,84.407,39.9,1.2,81.952
8/12/19 15:36,84.362,39.9,1.2,81.909
8/12/19 15:36,84.407,39.8,1.2,81.909
8/12/19 15:36,84.362,39.8,1.2,81.909
8/12/19 15:36,84.362,39.8,1.2,81.909
8/12/19 15:36,84.362,39.8,1.2,81.909
8/12/19 15:36,84.362,39.8,1.2,81.909
8/12/19 15:36,84.362,39.8,1.2,81.909
8/12/19 15:36,84.362,39.8,1.2,81.909
8/12/19 15:36,84.362,39.8,1.2,81.909
8/12/19 15:36,84.317,39.7,1.2,81.909
8/12/19 15:36,84.317,39.7,1.2,81.952
8/12/19 15:36,84.317,39.8,1.2,81.952
8/12/19 15:36,84.317,39.7,1.2,81.952
8/12/19 15:36,84.317,39.7,1.2,81.952
8/12/19 15:36,84.317,39.7,1.2,81.952
8/12/19 15:36,84.317,39.7,1.2,81.997
8/12/19 15:36,84.317,39.7,1.2,81.997
8/12/19 15:36,84.317,39.7,1.2,81.997
8/12/19 15:37,84.317,39.8,1.2,81.997
8/12/19 15:37,84.272,39.7,1.2,82.042
8/12/19 15:37,84.317,39.7,1.2,82.042
8/12/19 15:37,84.272,39.7,1.2,82.042
8/12/19 15:37,84.317,39.7,1.2,82.085
8/12/19 15:37,84.317,39.8,1.2,82.085
8/12/19 15:37,84.272,39.7,1.2,82.085
8/12/19 15:37,84.272,39.7,1.2,82.13
8/12/19 15:37,84.272,39.7,1.2,82.13
8/12/19 15:37,84.272,39.8,1.2,82.13
8/12/19 15:37,84.272,39.8,1.2,82.175
8/12/19 15:37,84.272,39.8,1.2,82.175
8/12/19 15:37,84.272,39.7,1.2,82.175
8/12/19 15:37,84.272,39.8,1.2,82.175
8/12/19 15:37,84.272,39.8,1.2,82.218
8/12/19 15:37,84.272,39.8,1.2,82.218
8/12/19 15:37,84.272,39.8,1.2,82.218
8/12/19 15:37,84.272,39.8,1.2,82.263
8/12/19 15:37,84.272,39.8,1.2,82.263
8/12/19 15:37,84.272,39.8,1.2,82.308
8/12/19 15:37,84.272,39.8,1.2,82.308
8/12/19 15:37,84.272,39.8,1.2,82.353
8/12/19 15:37,84.272,39.8,1.2,82.353
8/12/19 15:37,84.272,39.8,1.2,82.353
8/12/19 15:37,84.272,39.8,1.2,82.396
8/12/19 15:37,84.272,39.9,1.2,82.396
8/12/19 15:37,84.272,39.9,1.2,82.441
8/12/19 15:37,84.317,40,1.2,82.486
8/12/19 15:37,84.317,40,1.2,82.486
8/12/19 15:37,84.317,40.1,1.2,82.53
8/12/19 15:37,84.317,40.2,1.2,82.575
8/12/19 15:37,84.317,40.3,1.2,82.575
8/12/19 15:37,84.317,40.4,1.2,82.575
8/12/19 15:37,84.317,40.5,1.2,82.62
8/12/19 15:37,84.317,40.6,1.2,82.62
8/12/19 15:37,84.317,40.5,1.2,82.665
8/12/19 15:37,84.317,40.6,1.2,82.708
8/12/19 15:37,84.317,40.7,1.2,82.708
8/12/19 15:37,84.362,40.7,1.2,82.753
8/12/19 15:37,84.362,40.8,1.2,82.753
8/12/19 15:37,84.362,40.9,1.2,82.798
8/12/19 15:37,84.362,41,1.2,82.798
8/12/19 15:37,84.362,41,1.2,82.841
8/12/19 15:37,84.362,41.1,1.2,82.886
8/12/19 15:37,84.362,41.2,1.2,82.931
8/12/19 15:37,84.362,41.2,1.2,82.931
8/12/19 15:37,84.362,41.3,1.2,82.976
8/12/19 15:37,84.407,41.3,1.2,82.976
8/12/19 15:37,84.407,41.4,1.2,83.021
8/12/19 15:37,84.407,41.4,1.2,83.021
8/12/19 15:37,84.407,41.4,1.2,83.064
8/12/19 15:37,84.407,41.5,1.2,83.064
8/12/19 15:37,84.407,41.5,1.2,83.109
8/12/19 15:37,84.407,41.5,1.2,83.109
8/12/19 15:37,84.452,41.6,1.2,83.154
8/12/19 15:37,84.452,41.7,1.2,83.154
8/12/19 15:37,84.452,41.7,1.2,83.199
8/12/19 15:37,84.452,41.7,1.2,83.199
8/12/19 15:37,84.452,41.8,1.2,83.242
8/12/19 15:37,84.452,41.9,1.2,83.242
8/12/19 15:38,84.452,41.9,1.2,83.287
8/12/19 15:38,84.497,42,1.2,83.287
8/12/19 15:38,84.497,42,1.2,83.332
8/12/19 15:38,84.497,42,1.2,83.377
8/12/19 15:38,84.497,42,1.2,83.377
8/12/19 15:38,84.497,42.1,1.2,83.422
8/12/19 15:38,84.497,42.2,1.2,83.422
8/12/19 15:38,84.542,42.2,1.2,83.467
8/12/19 15:38,84.542,42.3,1.2,83.467
8/12/19 15:38,84.542,42.2,1.2,83.511
8/12/19 15:38,84.542,42.2,1.2,83.511
8/12/19 15:38,84.542,42.3,1.2,83.556
8/12/19 15:38,84.587,42.3,1.2,83.556
8/12/19 15:38,84.587,42.4,1.2,83.601
8/12/19 15:38,84.587,42.5,1.2,83.646
8/12/19 15:38,84.587,42.5,1.2,83.646
8/12/19 15:38,84.587,42.6,1.2,83.646
8/12/19 15:38,84.587,42.6,1.2,83.691
8/12/19 15:38,84.632,42.6,1.2,83.736
8/12/19 15:38,84.632,42.7,1.2,83.736
8/12/19 15:38,84.632,42.7,1.2,83.779
8/12/19 15:38,84.632,42.7,1.2,83.779
8/12/19 15:38,84.632,42.9,1.2,83.824
8/12/19 15:38,84.632,43,1.2,83.824
8/12/19 15:38,84.677,43,1.2,83.869
8/12/19 15:38,84.677,43.1,1.2,83.869
8/12/19 15:38,84.677,43.1,1.2,83.914
8/12/19 15:38,84.677,43.1,1.2,83.914
8/12/19 15:38,84.677,43.1,1.2,83.959
8/12/19 15:38,84.722,43.2,1.2,83.959
8/12/19 15:38,84.722,43.3,1.2,84.004
8/12/19 15:38,84.722,43.3,1.2,84.004
8/12/19 15:38,84.722,43.4,1.2,84.049
8/12/19 15:38,84.722,43.4,1.2,84.094
8/12/19 15:38,84.722,43.4,1.2,84.094
8/12/19 15:38,84.722,43.5,1.2,84.137
8/12/19 15:38,84.767,43.5,1.2,84.137
8/12/19 15:38,84.767,43.5,1.2,84.182
8/12/19 15:38,84.767,43.6,1.2,84.182
8/12/19 15:38,84.767,43.6,1.2,84.182
8/12/19 15:38,84.767,43.6,1.2,84.227
8/12/19 15:38,84.767,43.6,1.2,84.227
8/12/19 15:38,84.812,43.7,1.2,84.272
8/12/19 15:38,84.812,43.7,1.2,84.272
8/12/19 15:38,84.812,43.7,1.2,84.272
8/12/19 15:38,84.812,43.7,1.2,84.317
8/12/19 15:38,84.812,43.8,1.2,84.317
8/12/19 15:38,84.857,43.8,1.2,84.362
8/12/19 15:38,84.857,43.8,1.2,84.362
8/12/19 15:38,84.857,43.8,1.2,84.362
8/12/19 15:38,84.857,43.9,1.2,84.407
8/12/19 15:38,84.857,43.9,1.2,84.407
8/12/19 15:38,84.857,43.9,1.2,84.452
8/12/19 15:38,84.9,43.9,1.2,84.452
8/12/19 15:38,84.9,43.9,1.2,84.452
8/12/19 15:38,84.9,43.9,1.2,84.497
8/12/19 15:38,84.9,43.9,1.2,84.497
8/12/19 15:38,84.9,43.9,1.2,84.542
8/12/19 15:38,84.9,44,1.2,84.542
8/12/19 15:38,84.945,44,1.2,84.542
8/12/19 15:39,84.945,44,1.2,84.587
8/12/19 15:39,84.945,44,1.2,84.587
8/12/19 15:39,84.945,44,1.2,84.632
8/12/19 15:39,84.945,44.1,1.2,84.632
8/12/19 15:39,84.945,44.1,1.2,84.632
8/12/19 15:39,84.99,44.1,1.2,84.677
8/12/19 15:39,84.99,44.1,1.2,84.677
8/12/19 15:39,84.99,44.1,1.2,84.722
8/12/19 15:39,84.99,44.2,1.2,84.722
8/12/19 15:39,84.99,44.2,1.2,84.722
8/12/19 15:39,85.035,44.2,1.2,84.722
8/12/19 15:39,85.035,44.2,1.2,84.767
8/12/19 15:39,85.035,44.3,1.2,84.767
8/12/19 15:39,85.035,44.3,1.2,84.812
8/12/19 15:39,85.035,44.3,1.2,84.812
8/12/19 15:39,85.035,44.3,1.2,84.812
8/12/19 15:39,85.082,44.3,1.2,84.857
8/12/19 15:39,85.082,44.4,1.2,84.857
8/12/19 15:39,85.082,44.4,1.2,84.857
8/12/19 15:39,85.082,44.4,1.2,84.9
8/12/19 15:39,85.082,44.4,1.2,84.9
8/12/19 15:39,85.082,44.4,1.2,84.945
8/12/19 15:39,85.127,44.5,1.2,84.945
8/12/19 15:39,85.127,44.5,1.2,84.945
8/12/19 15:39,85.127,44.5,1.2,84.99
8/12/19 15:39,85.127,44.5,1.2,84.99
8/12/19 15:39,85.127,44.6,1.2,85.035
8/12/19 15:39,85.127,44.6,1.2,85.035
8/12/19 15:39,85.172,44.6,1.2,85.035
8/12/19 15:39,85.172,44.6,1.2,85.082
8/12/19 15:39,85.172,44.6,1.2,85.082
8/12/19 15:39,85.172,44.6,1.2,85.082
8/12/19 15:39,85.172,44.6,1.2,85.082
8/12/19 15:39,85.172,44.6,1.2,85.127
8/12/19 15:39,85.217,44.7,1.2,85.127
8/12/19 15:39,85.217,44.7,1.2,85.172
8/12/19 15:39,85.217,44.7,1.2,85.172
8/12/19 15:39,85.217,44.7,1.2,85.172
8/12/19 15:39,85.217,44.7,1.2,85.217
8/12/19 15:39,85.262,44.7,1.2,85.217
8/12/19 15:39,85.262,44.7,1.2,85.217
8/12/19 15:39,85.262,44.7,1.2,85.217
8/12/19 15:39,85.262,44.7,1.2,85.262
8/12/19 15:39,85.262,44.7,1.2,85.262
8/12/19 15:39,85.262,44.7,1.2,85.262
8/12/19 15:39,85.307,44.7,1.2,85.307
8/12/19 15:39,85.307,44.7,1.2,85.307
8/12/19 15:39,85.307,44.7,1.2,85.307
8/12/19 15:39,85.307,44.8,1.2,85.352
8/12/19 15:39,85.307,44.8,1.2,85.352
8/12/19 15:39,85.307,44.8,1.2,85.352
8/12/19 15:39,85.307,44.8,1.2,85.397
8/12/19 15:39,85.352,44.9,1.2,85.397
8/12/19 15:39,85.352,44.9,1.2,85.442
8/12/19 15:39,85.352,44.9,1.2,85.442
8/12/19 15:39,85.352,44.9,1.2,85.442
8/12/19 15:39,85.352,45,1.2,85.487
8/12/19 15:39,85.397,45,1.2,85.487
8/12/19 15:39,85.397,45,1.2,85.532
8/12/19 15:39,85.397,45,1.2,85.532
8/12/19 15:40,85.397,45,1.2,85.577
8/12/19 15:40,85.397,45.1,1.2,85.577
8/12/19 15:40,85.442,45.1,1.2,85.577
8/12/19 15:40,85.442,45.1,1.2,85.622
8/12/19 15:40,85.442,45.1,1.2,85.622
8/12/19 15:40,85.442,45.2,1.2,85.622
8/12/19 15:40,85.442,45.2,1.2,85.667
8/12/19 15:40,85.487,45.2,1.2,85.667
8/12/19 15:40,85.487,45.2,1.2,85.712
8/12/19 15:40,85.487,45.2,1.2,85.712
8/12/19 15:40,85.487,45.3,1.2,85.712
8/12/19 15:40,85.532,45.3,1.2,85.712
8/12/19 15:40,85.532,45.3,1.2,85.757
8/12/19 15:40,85.532,45.3,1.2,85.757
8/12/19 15:40,85.532,45.3,1.2,85.802
8/12/19 15:40,85.532,45.3,1.2,85.802
8/12/19 15:40,85.577,45.3,1.2,85.802
8/12/19 15:40,85.577,45.3,1.2,85.849
8/12/19 15:40,85.577,45.3,1.2,85.849
8/12/19 15:40,85.577,45.4,1.2,85.849
8/12/19 15:40,85.577,45.4,1.2,85.849
8/12/19 15:40,85.577,45.4,1.2,85.894
8/12/19 15:40,85.622,45.4,1.2,85.894
8/12/19 15:40,85.622,45.4,1.2,85.894
8/12/19 15:40,85.622,45.4,1.2,85.894
8/12/19 15:40,85.622,45.4,1.2,85.939
8/12/19 15:40,85.667,45.4,1.2,85.939
8/12/19 15:40,85.667,45.4,1.2,85.984
8/12/19 15:40,85.667,45.4,1.2,85.984
8/12/19 15:40,85.667,45.4,1.2,85.984
8/12/19 15:40,85.667,45.4,1.2,85.984
8/12/19 15:40,85.667,45.4,1.2,86.029
8/12/19 15:40,85.712,45.5,1.2,86.029
8/12/19 15:40,85.712,45.5,1.2,86.029
8/12/19 15:40,85.712,45.5,1.2,86.074
8/12/19 15:40,85.712,45.5,1.2,86.074
8/12/19 15:40,85.712,45.5,1.2,86.074
8/12/19 15:40,85.757,45.5,1.2,86.074
8/12/19 15:40,85.757,45.5,1.2,86.119
8/12/19 15:40,85.757,45.5,1.2,86.119
8/12/19 15:40,85.757,45.5,1.2,86.119
8/12/19 15:40,85.757,45.5,1.2,86.164
8/12/19 15:40,85.757,45.5,1.2,86.164
8/12/19 15:40,85.802,45.6,1.2,86.164
8/12/19 15:40,85.802,45.5,1.2,86.164
8/12/19 15:40,85.802,45.6,1.2,86.211
8/12/19 15:40,85.802,45.6,1.2,86.211
8/12/19 15:40,85.802,45.6,1.2,86.211
8/12/19 15:40,85.802,45.6,1.2,86.256
8/12/19 15:40,85.849,45.6,1.2,86.256
8/12/19 15:40,85.849,45.6,1.2,86.256
8/12/19 15:40,85.849,45.6,1.2,86.301
8/12/19 15:40,85.849,45.6,1.2,86.301
8/12/19 15:40,85.894,45.7,1.2,86.301
8/12/19 15:40,85.894,45.7,1.2,86.301
8/12/19 15:40,85.894,45.7,1.2,86.346
8/12/19 15:40,85.894,45.7,1.2,86.346
8/12/19 15:40,85.894,45.7,1.2,86.346
8/12/19 15:40,85.939,45.7,1.2,86.346
8/12/19 15:40,85.939,45.8,1.2,86.391
8/12/19 15:41,85.939,45.8,1.2,86.391
8/12/19 15:41,85.939,45.8,1.2,86.391
8/12/19 15:41,85.939,45.8,1.2,86.391
8/12/19 15:41,85.984,45.9,1.2,86.437
8/12/19 15:41,85.984,45.9,1.2,86.437
8/12/19 15:41,85.984,45.9,1.2,86.437
8/12/19 15:41,85.984,45.9,1.2,86.437
8/12/19 15:41,86.029,45.9,1.2,86.482
8/12/19 15:41,86.029,45.9,1.2,86.482
8/12/19 15:41,86.029,45.9,1.2,86.482
8/12/19 15:41,86.029,45.9,1.2,86.482
8/12/19 15:41,86.029,45.9,1.2,86.527
8/12/19 15:41,86.074,45.9,1.2,86.527
8/12/19 15:41,86.074,45.9,1.2,86.527
8/12/19 15:41,86.074,45.9,1.2,86.527
8/12/19 15:41,86.074,45.9,1.2,86.527
8/12/19 15:41,86.119,45.9,1.2,86.572
8/12/19 15:41,86.119,45.9,1.2,86.572
8/12/19 15:41,86.119,46,1.2,86.572
8/12/19 15:41,86.119,45.9,1.2,86.617
8/12/19 15:41,86.119,46,1.2,86.617
8/12/19 15:41,86.164,45.9,1.2,86.617
8/12/19 15:41,86.164,45.9,1.2,86.617
8/12/19 15:41,86.164,46,1.2,86.617
8/12/19 15:41,86.164,45.9,1.2,86.617
8/12/19 15:41,86.164,46,1.2,86.664
8/12/19 15:41,86.211,46,1.2,86.664
8/12/19 15:41,86.211,46,1.2,86.664
8/12/19 15:41,86.211,46,1.2,86.664
8/12/19 15:41,86.211,45.9,1.2,86.709
8/12/19 15:41,86.256,46,1.2,86.709
8/12/19 15:41,86.256,46,1.2,86.709
8/12/19 15:41,86.256,45.9,1.2,86.709
8/12/19 15:41,86.256,46,1.2,86.754
8/12/19 15:41,86.256,46,1.2,86.754
8/12/19 15:41,86.301,46,1.2,86.754
8/12/19 15:41,86.301,46,1.2,86.754
8/12/19 15:41,86.301,46,1.2,86.754
8/12/19 15:41,86.301,46,1.2,86.799
8/12/19 15:41,86.301,46,1.2,86.799
8/12/19 15:41,86.346,46,1.2,86.799
8/12/19 15:41,86.346,46,1.2,86.799
8/12/19 15:41,86.346,46,1.2,86.799
8/12/19 15:41,86.346,46,1.2,86.844
8/12/19 15:41,86.346,46,1.2,86.844
8/12/19 15:41,86.391,46,1.2,86.844
8/12/19 15:41,86.391,46,1.2,86.891
8/12/19 15:41,86.391,46,1.2,86.891
8/12/19 15:41,86.391,46,1.2,86.891
8/12/19 15:41,86.391,46,1.2,86.891
8/12/19 15:41,86.437,46,1.2,86.936
8/12/19 15:41,86.437,46,1.2,86.936
8/12/19 15:41,86.437,46,1.2,86.936
8/12/19 15:41,86.437,46.1,1.2,86.936
8/12/19 15:41,86.437,46.1,1.2,86.981
8/12/19 15:41,86.482,46.1,1.2,86.981
8/12/19 15:41,86.482,46.1,1.2,86.981
8/12/19 15:41,86.482,46.1,1.2,86.981
8/12/19 15:41,86.482,46.1,1.2,87.028
8/12/19 15:41,86.482,46.1,1.2,87.028
8/12/19 15:42,86.482,46.1,1.2,87.028
8/12/19 15:42,86.527,46.1,1.2,87.028
8/12/19 15:42,86.527,46.1,1.2,87.073
8/12/19 15:42,86.527,46.1,1.2,87.073
8/12/19 15:42,86.527,46.1,1.2,87.073
8/12/19 15:42,86.527,46.1,1.2,87.073
8/12/19 15:42,86.572,46.1,1.2,87.073
8/12/19 15:42,86.572,46.2,1.2,87.118
8/12/19 15:42,86.572,46.2,1.2,87.118
8/12/19 15:42,86.572,46.2,1.2,87.118
8/12/19 15:42,86.572,46.2,1.2,87.118
8/12/19 15:42,86.572,46.2,1.2,87.163
8/12/19 15:42,86.617,46.2,1.2,87.163
8/12/19 15:42,86.617,46.2,1.2,87.163
8/12/19 15:42,86.617,46.2,1.2,87.163
8/12/19 15:42,86.617,46.2,1.2,87.163
8/12/19 15:42,86.617,46.2,1.2,87.163
8/12/19 15:42,86.617,46.3,1.2,87.21
8/12/19 15:42,86.664,46.3,1.2,87.21
8/12/19 15:42,86.664,46.3,1.2,87.21
8/12/19 15:42,86.664,46.3,1.2,87.21
8/12/19 15:42,86.664,46.3,1.2,87.21
8/12/19 15:42,86.664,46.3,1.2,87.255
8/12/19 15:42,86.709,46.3,1.2,87.255
8/12/19 15:42,86.709,46.2,1.2,87.255
8/12/19 15:42,86.709,46.2,1.2,87.255
8/12/19 15:42,86.709,46.2,1.2,87.3
8/12/19 15:42,86.709,46.3,1.2,87.3
8/12/19 15:42,86.709,46.3,1.2,87.3
8/12/19 15:42,86.754,46.3,1.2,87.3
8/12/19 15:42,86.754,46.3,1.2,87.3
8/12/19 15:42,86.754,46.3,1.2,87.3
8/12/19 15:42,86.754,46.3,1.2,87.346
8/12/19 15:42,86.754,46.3,1.2,87.346
8/12/19 15:42,86.754,46.3,1.2,87.346
8/12/19 15:42,86.799,46.3,1.2,87.346
8/12/19 15:42,86.799,46.3,1.2,87.391
8/12/19 15:42,86.799,46.3,1.2,87.391
8/12/19 15:42,86.799,46.3,1.2,87.391
8/12/19 15:42,86.799,46.3,1.2,87.391
8/12/19 15:42,86.799,46.3,1.2,87.391
8/12/19 15:42,86.799,46.3,1.2,87.436
8/12/19 15:42,86.844,46.3,1.2,87.436
8/12/19 15:42,86.844,46.3,1.2,87.436
8/12/19 15:42,86.844,46.4,1.2,87.436
8/12/19 15:42,86.844,46.3,1.2,87.483
8/12/19 15:42,86.891,46.4,1.2,87.483
8/12/19 15:42,86.891,46.3,1.2,87.483
8/12/19 15:42,86.891,46.3,1.2,87.483
8/12/19 15:42,86.891,46.4,1.2,87.483
8/12/19 15:42,86.891,46.4,1.2,87.528
8/12/19 15:42,86.891,46.4,1.2,87.528
8/12/19 15:42,86.891,46.4,1.2,87.528
8/12/19 15:42,86.936,46.4,1.2,87.528
8/12/19 15:42,86.936,46.4,1.2,87.528
8/12/19 15:42,86.936,46.4,1.2,87.573
8/12/19 15:42,86.936,46.4,1.2,87.573
8/12/19 15:42,86.936,46.4,1.2,87.573
8/12/19 15:42,86.981,46.4,1.2,87.573
8/12/19 15:42,86.981,46.4,1.2,87.573
8/12/19 15:43,86.981,46.4,1.2,87.62
8/12/19 15:43,86.981,46.4,1.2,87.62
8/12/19 15:43,86.981,46.4,1.2,87.62
8/12/19 15:43,86.981,46.4,1.2,87.62
8/12/19 15:43,87.028,46.4,1.2,87.62
8/12/19 15:43,87.028,46.4,1.2,87.62
8/12/19 15:43,87.028,46.4,1.2,87.665
8/12/19 15:43,87.028,46.4,1.2,87.665
8/12/19 15:43,87.028,46.4,1.2,87.665
8/12/19 15:43,87.028,46.4,1.2,87.665
8/12/19 15:43,87.073,46.4,1.2,87.665
8/12/19 15:43,87.073,46.4,1.2,87.71
8/12/19 15:43,87.073,46.4,1.2,87.71
8/12/19 15:43,87.073,46.5,1.2,87.71
8/12/19 15:43,87.073,46.4,1.2,87.71
8/12/19 15:43,87.118,46.4,1.2,87.71
8/12/19 15:43,87.118,46.4,1.2,87.757
8/12/19 15:43,87.118,46.4,1.2,87.757
8/12/19 15:43,87.118,46.4,1.2,87.757
8/12/19 15:43,87.118,46.4,1.2,87.757
8/12/19 15:43,87.118,46.4,1.2,87.757
8/12/19 15:43,87.163,46.4,1.2,87.757
8/12/19 15:43,87.163,46.4,1.2,87.802
8/12/19 15:43,87.163,46.4,1.2,87.802
8/12/19 15:43,87.163,46.4,1.2,87.802
8/12/19 15:43,87.163,46.3,1.2,87.802
8/12/19 15:43,87.21,46.3,1.2,87.802
8/12/19 15:43,87.21,46.3,1.2,87.802
8/12/19 15:43,87.21,46.3,1.2,87.847
8/12/19 15:43,87.21,46.3,1.2,87.847
8/12/19 15:43,87.255,46.3,1.2,87.847
8/12/19 15:43,87.255,46.3,1.2,87.847
8/12/19 15:43,87.255,46.3,1.2,87.847
8/12/19 15:43,87.255,46.3,1.2,87.847
8/12/19 15:43,87.255,46.2,1.2,87.894
8/12/19 15:43,87.255,46.2,1.2,87.894
8/12/19 15:43,87.255,46.2,1.2,87.894
8/12/19 15:43,87.3,46.3,1.2,87.894
8/12/19 15:43,87.3,46.3,1.2,87.894
8/12/19 15:43,87.3,46.3,1.2,87.939
8/12/19 15:43,87.3,46.2,1.2,87.939
8/12/19 15:43,87.3,46.2,1.2,87.939
8/12/19 15:43,87.346,46.2,1.2,87.939
8/12/19 15:43,87.346,46.2,1.2,87.939
8/12/19 15:43,87.346,46.2,1.2,87.985
8/12/19 15:43,87.346,46.2,1.2,87.985
8/12/19 15:43,87.346,46.2,6.2,87.985
8/12/19 15:43,87.346,46.2,23.7,87.985
8/12/19 15:43,87.391,46.2,38.7,87.985
8/12/19 15:43,87.391,46.1,46.2,87.985
8/12/19 15:43,87.391,46.1,28.7,88.03
8/12/19 15:43,87.391,46.1,26.2,88.03
8/12/19 15:43,87.391,46.1,28.7,88.03
8/12/19 15:43,87.391,46.1,28.7,88.03
8/12/19 15:43,87.436,46.1,23.7,88.075
8/12/19 15:43,87.436,46.1,23.7,88.075
8/12/19 15:43,87.436,46.1,23.7,88.075
8/12/19 15:43,87.436,46.1,26.2,88.075
8/12/19 15:43,87.483,46.1,26.2,88.075
8/12/19 15:43,87.483,46.1,23.7,88.075
8/12/19 15:44,87.483,46.1,31.2,88.075
8/12/19 15:44,87.483,46.1,28.7,88.075
8/12/19 15:44,87.483,46.1,21.2,88.075
8/12/19 15:44,87.483,46.1,23.7,88.122
8/12/19 15:44,87.528,46.1,23.7,88.122
8/12/19 15:44,87.528,46,36.2,88.122
8/12/19 15:44,87.528,46.1,41.2,88.122
8/12/19 15:44,87.528,46,41.2,88.122
8/12/19 15:44,87.528,46,41.2,88.122
8/12/19 15:44,87.528,46,41.2,88.122
8/12/19 15:44,87.573,46,41.2,88.122
8/12/19 15:44,87.573,46,41.2,88.122
8/12/19 15:44,87.573,45.9,41.2,88.122
8/12/19 15:44,87.573,45.9,41.2,88.122
8/12/19 15:44,87.573,45.9,41.2,88.122
8/12/19 15:44,87.573,45.9,41.2,88.122
8/12/19 15:44,87.573,45.8,43.7,88.122
8/12/19 15:44,87.62,45.8,43.7,88.167
8/12/19 15:44,87.62,45.8,43.7,88.167
8/12/19 15:44,87.62,45.7,43.7,88.122
8/12/19 15:44,87.62,45.7,43.7,88.167
8/12/19 15:44,87.62,45.6,43.7,88.167
8/12/19 15:44,87.62,45.7,43.7,88.167
8/12/19 15:44,87.62,45.5,43.7,88.122
8/12/19 15:44,87.665,45.5,43.7,88.122
8/12/19 15:44,87.665,45.5,43.7,88.122
8/12/19 15:44,87.665,45.5,43.7,88.122
8/12/19 15:44,87.665,45.5,43.7,88.122
8/12/19 15:44,87.665,45.5,43.7,88.122
8/12/19 15:44,87.665,45.5,43.7,88.122
8/12/19 15:44,87.665,45.4,43.7,88.122
8/12/19 15:44,87.665,45.4,43.7,88.122
8/12/19 15:44,87.665,45.3,43.7,88.122
8/12/19 15:44,87.71,45.3,43.7,88.122
8/12/19 15:44,87.71,45.2,43.7,88.122
8/12/19 15:44,87.71,45.2,43.7,88.122
8/12/19 15:44,87.71,45.2,43.7,88.122
8/12/19 15:44,87.71,45.1,43.7,88.122
8/12/19 15:44,87.71,45.1,43.7,88.122
8/12/19 15:44,87.71,45,43.7,88.122
8/12/19 15:44,87.71,45,43.7,88.122
8/12/19 15:44,87.71,45,43.7,88.122
8/12/19 15:44,87.71,45,43.7,88.122
8/12/19 15:44,87.71,44.9,43.7,88.122
8/12/19 15:44,87.71,44.9,43.7,88.122
8/12/19 15:44,87.71,44.9,43.7,88.122
8/12/19 15:44,87.71,44.9,43.7,88.122
8/12/19 15:44,87.71,44.9,43.7,88.122
8/12/19 15:44,87.71,44.9,43.7,88.122
8/12/19 15:44,87.71,44.9,43.7,88.122
8/12/19 15:44,87.71,44.9,43.7,88.122
8/12/19 15:44,87.71,44.9,43.7,88.122
8/12/19 15:44,87.757,44.9,43.7,88.122
8/12/19 15:44,87.71,44.8,43.7,88.122
8/12/19 15:44,87.757,44.8,43.7,88.122
8/12/19 15:44,87.71,44.8,43.7,88.122
8/12/19 15:44,87.757,44.8,43.7,88.122
8/12/19 15:44,87.757,44.9,43.7,88.122
8/12/19 15:44,87.757,44.9,43.7,88.122
8/12/19 15:44,87.757,44.8,43.7,88.122
8/12/19 15:45,87.757,44.8,43.7,88.122
8/12/19 15:45,87.757,44.9,43.7,88.122
8/12/19 15:45,87.757,44.9,43.7,88.122
8/12/19 15:45,87.757,44.9,46.2,88.122
8/12/19 15:45,87.757,44.9,36.2,88.075
8/12/19 15:45,87.757,44.8,21.2,88.075
8/12/19 15:45,87.757,44.8,21.2,88.075
8/12/19 15:45,87.757,44.9,21.2,88.075
8/12/19 15:45,87.757,44.9,21.2,88.075
8/12/19 15:45,87.757,44.9,18.7,88.075
8/12/19 15:45,87.757,44.9,16.2,88.075
8/12/19 15:45,87.757,44.9,16.2,88.075
8/12/19 15:45,87.757,44.9,18.7,88.075
8/12/19 15:45,87.757,44.9,21.2,88.075
8/12/19 15:45,87.757,44.9,18.7,88.075
8/12/19 15:45,87.757,45,43.7,88.075
8/12/19 15:45,87.802,45,43.7,88.075
8/12/19 15:45,87.757,45,43.7,88.075
8/12/19 15:45,87.802,45,43.7,88.075
8/12/19 15:45,87.802,45,43.7,88.075
8/12/19 15:45,87.802,45,43.7,88.075
8/12/19 15:45,87.802,45,43.7,88.075
8/12/19 15:45,87.802,45,43.7,88.075
8/12/19 15:45,87.802,45,43.7,88.075
8/12/19 15:45,87.802,45,43.7,88.075
8/12/19 15:45,87.802,45,43.7,88.075
8/12/19 15:45,87.802,45,43.7,88.075
8/12/19 15:45,87.802,45,43.7,88.075
8/12/19 15:45,87.802,45,43.7,88.075
8/12/19 15:45,87.802,44.9,43.7,88.075
8/12/19 15:45,87.802,44.9,43.7,88.075
8/12/19 15:45,87.802,44.9,43.7,88.075
8/12/19 15:45,87.802,44.9,43.7,88.075
8/12/19 15:45,87.802,44.9,43.7,88.075
8/12/19 15:45,87.802,44.9,43.7,88.075
8/12/19 15:45,87.802,44.9,43.7,88.075
8/12/19 15:45,87.802,44.9,43.7,88.075
8/12/19 15:45,87.802,44.9,43.7,88.075
8/12/19 15:45,87.802,44.9,43.7,88.075
8/12/19 15:45,87.802,44.9,43.7,88.075
8/12/19 15:45,87.847,44.9,43.7,88.075
8/12/19 15:45,87.802,44.8,43.7,88.075
8/12/19 15:45,87.802,44.8,43.7,88.075
8/12/19 15:45,87.802,44.9,43.7,88.075
8/12/19 15:45,87.802,44.9,43.7,88.075
8/12/19 15:45,87.847,44.9,43.7,88.075
8/12/19 15:45,87.802,44.9,43.7,88.075
8/12/19 15:45,87.802,44.8,43.7,88.075
8/12/19 15:45,87.847,44.8,43.7,88.075
8/12/19 15:45,87.847,44.8,43.7,88.075
8/12/19 15:45,87.847,44.8,43.7,88.075
8/12/19 15:45,87.847,44.7,43.7,88.075
8/12/19 15:45,87.847,44.7,43.7,88.075
8/12/19 15:45,87.847,44.7,43.7,88.075
8/12/19 15:45,87.847,44.6,43.7,88.075
8/12/19 15:45,87.847,44.6,43.7,88.075
8/12/19 15:45,87.847,44.6,43.7,88.03
8/12/19 15:45,87.847,44.6,43.7,88.03
8/12/19 15:45,87.847,44.6,43.7,88.03
8/12/19 15:45,87.847,44.6,43.7,88.03
8/12/19 15:46,87.847,44.5,43.7,88.03
8/12/19 15:46,87.847,44.5,43.7,88.03
8/12/19 15:46,87.847,44.5,43.7,88.03
8/12/19 15:46,87.847,44.5,43.7,88.03
8/12/19 15:46,87.847,44.4,43.7,88.03
8/12/19 15:46,87.847,44.4,43.7,88.03
8/12/19 15:46,87.847,44.4,43.7,88.03
8/12/19 15:46,87.847,44.4,43.7,88.03
8/12/19 15:46,87.847,44.4,43.7,88.03
8/12/19 15:46,87.847,44.4,43.7,88.03
8/12/19 15:46,87.847,44.3,43.7,88.03
8/12/19 15:46,87.847,44.3,43.7,87.985
8/12/19 15:46,87.847,44.3,43.7,87.985
8/12/19 15:46,87.847,44.3,43.7,87.985
8/12/19 15:46,87.847,44.3,43.7,87.985
8/12/19 15:46,87.847,44.3,43.7,87.985
8/12/19 15:46,87.802,44.3,43.7,87.985
8/12/19 15:46,87.802,44.2,43.7,87.985
8/12/19 15:46,87.802,44.2,43.7,87.985
8/12/19 15:46,87.802,44.2,43.7,87.985
8/12/19 15:46,87.802,44.2,43.7,87.985
8/12/19 15:46,87.802,44.2,43.7,87.985
8/12/19 15:46,87.802,44.2,43.7,87.985
8/12/19 15:46,87.802,44.2,43.7,87.985
8/12/19 15:46,87.802,44.2,43.7,87.985
8/12/19 15:46,87.802,44.2,43.7,87.985
8/12/19 15:46,87.802,44.1,43.7,87.985
8/12/19 15:46,87.802,44.1,43.7,87.985
8/12/19 15:46,87.802,44.1,43.7,87.985
8/12/19 15:46,87.802,44.1,43.7,87.939
8/12/19 15:46,87.802,44.1,43.7,87.985
8/12/19 15:46,87.802,44.1,43.7,87.939
8/12/19 15:46,87.802,44.1,43.7,87.939
8/12/19 15:46,87.802,44.1,43.7,87.939
8/12/19 15:46,87.802,44.1,43.7,87.939
8/12/19 15:46,87.802,44.1,43.7,87.939
8/12/19 15:46,87.802,44.1,43.7,87.939
8/12/19 15:46,87.802,44.1,43.7,87.939
8/12/19 15:46,87.802,44.1,43.7,87.939
8/12/19 15:46,87.802,44.1,43.7,87.939
8/12/19 15:46,87.802,44.1,43.7,87.939
8/12/19 15:46,87.802,44.1,43.7,87.939
8/12/19 15:46,87.802,44.1,43.7,87.939
8/12/19 15:46,87.802,44.1,43.7,87.939
8/12/19 15:46,87.802,44.1,43.7,87.939
8/12/19 15:46,87.802,44.1,41.2,87.985
8/12/19 15:46,87.802,44.1,43.7,87.939
8/12/19 15:46,87.802,44.1,41.2,87.985
8/12/19 15:46,87.802,44.1,43.7,87.985
8/12/19 15:46,87.802,44.1,43.7,87.985
8/12/19 15:46,87.802,44.1,43.7,87.985
8/12/19 15:46,87.802,44.2,43.7,87.985
8/12/19 15:46,87.802,44.3,43.7,87.985
8/12/19 15:46,87.802,44.2,43.7,87.985
8/12/19 15:46,87.802,44.2,43.7,87.985
8/12/19 15:46,87.802,44.2,43.7,87.985
8/12/19 15:46,87.802,44.2,41.2,87.985
8/12/19 15:46,87.802,44.2,43.7,87.985
8/12/19 15:46,87.802,44.2,43.7,87.985
8/12/19 15:46,87.802,44.3,43.7,87.985
8/12/19 15:47,87.802,44.3,43.7,88.03
8/12/19 15:47,87.802,44.2,43.7,88.03
8/12/19 15:47,87.802,44.3,43.7,88.03
8/12/19 15:47,87.802,44.3,43.7,88.03
8/12/19 15:47,87.802,44.4,43.7,88.03
8/12/19 15:47,87.847,44.4,43.7,88.03
8/12/19 15:47,87.847,44.4,43.7,88.03
8/12/19 15:47,87.847,44.4,43.7,88.075
8/12/19 15:47,87.847,44.4,43.7,88.075
8/12/19 15:47,87.847,44.4,43.7,88.075
8/12/19 15:47,87.847,44.4,43.7,88.075
8/12/19 15:47,87.847,44.4,43.7,88.075
8/12/19 15:47,87.847,44.4,43.7,88.075
8/12/19 15:47,87.847,44.4,43.7,88.075
8/12/19 15:47,87.847,44.4,43.7,88.075
8/12/19 15:47,87.847,44.5,43.7,88.075
8/12/19 15:47,87.847,44.5,43.7,88.122
8/12/19 15:47,87.894,44.5,43.7,88.122
8/12/19 15:47,87.894,44.5,41.2,88.122
8/12/19 15:47,87.894,44.5,41.2,88.122
8/12/19 15:47,87.894,44.5,41.2,88.122
8/12/19 15:47,87.894,44.5,41.2,88.122
8/12/19 15:47,87.894,44.5,41.2,88.167
8/12/19 15:47,87.894,44.5,41.2,88.167
8/12/19 15:47,87.894,44.5,41.2,88.167
8/12/19 15:47,87.894,44.5,41.2,88.167
8/12/19 15:47,87.894,44.5,41.2,88.167
8/12/19 15:47,87.894,44.5,46.2,88.167
8/12/19 15:47,87.894,44.5,43.7,88.167
8/12/19 15:47,87.939,44.5,43.7,88.214
8/12/19 15:47,87.894,44.6,43.7,88.214
8/12/19 15:47,87.939,44.6,43.7,88.214
8/12/19 15:47,87.939,44.6,43.7,88.214
8/12/19 15:47,87.939,44.6,41.2,88.214
8/12/19 15:47,87.939,44.6,41.2,88.259
8/12/19 15:47,87.939,44.6,41.2,88.259
8/12/19 15:47,87.939,44.6,41.2,88.259
8/12/19 15:47,87.939,44.7,41.2,88.259
8/12/19 15:47,87.939,44.7,41.2,88.259
8/12/19 15:47,87.939,44.7,41.2,88.259
8/12/19 15:47,87.939,44.7,41.2,88.306
8/12/19 15:47,87.985,44.7,41.2,88.306
8/12/19 15:47,87.985,44.7,41.2,88.306
8/12/19 15:47,87.985,44.7,41.2,88.306
8/12/19 15:47,87.985,44.7,41.2,88.306
8/12/19 15:47,87.985,44.7,41.2,88.306
8/12/19 15:47,87.985,44.8,41.2,88.306
8/12/19 15:47,87.985,44.8,41.2,88.306
8/12/19 15:47,87.985,44.8,41.2,88.351
8/12/19 15:47,87.985,44.8,41.2,88.306
8/12/19 15:47,87.985,44.8,41.2,88.351
8/12/19 15:47,87.985,44.8,41.2,88.351
8/12/19 15:47,88.03,44.8,41.2,88.351
8/12/19 15:47,88.03,44.8,41.2,88.351
8/12/19 15:47,88.03,44.8,41.2,88.351
8/12/19 15:47,88.03,44.8,41.2,88.351
8/12/19 15:47,88.03,44.8,41.2,88.351
8/12/19 15:47,88.03,44.8,41.2,88.351
8/12/19 15:47,88.03,44.8,41.2,88.351
8/12/19 15:47,88.03,44.8,43.7,88.351
8/12/19 15:48,88.03,44.9,41.2,88.351
8/12/19 15:48,88.03,44.9,41.2,88.351
8/12/19 15:48,88.03,44.9,41.2,88.351
8/12/19 15:48,88.03,44.9,41.2,88.351
8/12/19 15:48,88.03,44.9,41.2,88.396
8/12/19 15:48,88.03,44.8,41.2,88.396
8/12/19 15:48,88.075,44.8,41.2,88.396
8/12/19 15:48,88.075,44.8,41.2,88.396
8/12/19 15:48,88.075,44.8,41.2,88.396
8/12/19 15:48,88.075,44.8,41.2,88.396
8/12/19 15:48,88.075,44.9,41.2,88.351
8/12/19 15:48,88.075,44.9,41.2,88.351
8/12/19 15:48,88.075,44.9,41.2,88.351
8/12/19 15:48,88.075,44.9,41.2,88.351
8/12/19 15:48,88.075,44.9,41.2,88.351
8/12/19 15:48,88.075,44.9,41.2,88.351
8/12/19 15:48,88.075,44.9,41.2,88.351
8/12/19 15:48,88.075,44.9,41.2,88.351
8/12/19 15:48,88.075,44.9,41.2,88.351
8/12/19 15:48,88.075,44.9,41.2,88.306
8/12/19 15:48,88.075,45,41.2,88.306
8/12/19 15:48,88.075,45,41.2,88.306
8/12/19 15:48,88.122,45,41.2,88.306
8/12/19 15:48,88.075,45,41.2,88.259
8/12/19 15:48,88.122,45,41.2,88.259
8/12/19 15:48,88.122,45,41.2,88.214
8/12/19 15:48,88.122,45.1,41.2,88.214
8/12/19 15:48,88.122,45.1,41.2,88.214
8/12/19 15:48,88.122,45.1,41.2,88.214
8/12/19 15:48,88.122,45.1,41.2,88.214
8/12/19 15:48,88.122,45.1,41.2,88.214
8/12/19 15:48,88.122,45.1,41.2,88.214
8/12/19 15:48,88.122,45.1,41.2,88.214
8/12/19 15:48,88.122,45.2,41.2,88.214
8/12/19 15:48,88.122,45.1,41.2,88.214
8/12/19 15:48,88.122,45.2,41.2,88.214
8/12/19 15:48,88.122,45.2,41.2,88.214
8/12/19 15:48,88.122,45.2,41.2,88.214
8/12/19 15:48,88.122,45.2,41.2,88.214
8/12/19 15:48,88.122,45.2,41.2,88.167
8/12/19 15:48,88.122,45.2,41.2,88.167
8/12/19 15:48,88.122,45.2,41.2,88.167
8/12/19 15:48,88.122,45.3,41.2,88.167
8/12/19 15:48,88.122,45.3,41.2,88.167
8/12/19 15:48,88.122,45.3,41.2,88.167
8/12/19 15:48,88.122,45.3,41.2,88.167
8/12/19 15:48,88.122,45.3,41.2,88.167
8/12/19 15:48,88.122,45.3,41.2,88.167
8/12/19 15:48,88.122,45.3,41.2,88.167
8/12/19 15:48,88.122,45.3,41.2,88.214
8/12/19 15:48,88.122,45.3,41.2,88.214
8/12/19 15:48,88.122,45.3,41.2,88.214
8/12/19 15:48,88.122,45.3,41.2,88.214
8/12/19 15:48,88.122,45.3,41.2,88.214
8/12/19 15:48,88.122,45.3,41.2,88.214
8/12/19 15:48,88.122,45.3,41.2,88.214
8/12/19 15:48,88.122,45.3,41.2,88.214
8/12/19 15:48,88.122,45.3,41.2,88.214
8/12/19 15:48,88.122,45.3,41.2,88.214
8/12/19 15:48,88.122,45.3,41.2,88.214
8/12/19 15:49,88.122,45.3,41.2,88.214
8/12/19 15:49,88.122,45.3,41.2,88.214
8/12/19 15:49,88.122,45.2,41.2,88.214
8/12/19 15:49,88.122,45.2,41.2,88.214
8/12/19 15:49,88.122,45.2,41.2,88.214
8/12/19 15:49,88.122,45.1,41.2,88.214
8/12/19 15:49,88.122,45.1,41.2,88.214
8/12/19 15:49,88.122,45,41.2,88.214
8/12/19 15:49,88.167,45,41.2,88.214
8/12/19 15:49,88.167,44.9,41.2,88.214
8/12/19 15:49,88.167,44.9,41.2,88.214
8/12/19 15:49,88.167,44.9,41.2,88.214
8/12/19 15:49,88.167,44.9,41.2,88.214
8/12/19 15:49,88.122,44.9,41.2,88.214
8/12/19 15:49,88.167,44.9,41.2,88.214
8/12/19 15:49,88.167,44.9,41.2,88.214
8/12/19 15:49,88.167,44.9,41.2,88.214
8/12/19 15:49,88.167,44.9,41.2,88.214
8/12/19 15:49,88.167,44.9,41.2,88.259
8/12/19 15:49,88.167,44.9,41.2,88.259
8/12/19 15:49,88.167,44.9,41.2,88.259
8/12/19 15:49,88.167,44.9,41.2,88.259
8/12/19 15:49,88.122,44.9,41.2,88.259
8/12/19 15:49,88.167,44.9,41.2,88.259
8/12/19 15:49,88.167,44.9,41.2,88.259
8/12/19 15:49,88.167,44.9,41.2,88.259
8/12/19 15:49,88.167,44.9,41.2,88.259
8/12/19 15:49,88.167,44.9,41.2,88.259
8/12/19 15:49,88.167,44.9,41.2,88.259
8/12/19 15:49,88.167,44.9,41.2,88.259
8/12/19 15:49,88.167,44.9,41.2,88.259
8/12/19 15:49,88.167,44.9,41.2,88.259
8/12/19 15:49,88.167,44.9,41.2,88.259
8/12/19 15:49,88.167,44.9,41.2,88.259
8/12/19 15:49,88.167,44.9,41.2,88.259
8/12/19 15:49,88.167,44.9,41.2,88.259
8/12/19 15:49,88.167,44.9,41.2,88.306
8/12/19 15:49,88.167,44.9,41.2,88.306
8/12/19 15:49,88.167,44.9,41.2,88.306
8/12/19 15:49,88.167,44.9,41.2,88.306
8/12/19 15:49,88.167,44.9,41.2,88.306
8/12/19 15:49,88.167,44.9,41.2,88.306
8/12/19 15:49,88.167,44.8,41.2,88.306
8/12/19 15:49,88.167,44.9,41.2,88.306
8/12/19 15:49,88.167,44.9,53.7,88.306
8/12/19 15:49,88.167,44.9,46.2,88.306
8/12/19 15:49,88.167,44.9,43.7,88.306
8/12/19 15:49,88.167,44.9,41.2,88.306
8/12/19 15:49,88.167,44.8,41.2,88.259
8/12/19 15:49,88.167,44.8,41.2,88.259
8/12/19 15:49,88.167,44.8,41.2,88.259
8/12/19 15:49,88.167,44.9,41.2,88.259
8/12/19 15:49,88.214,44.9,41.2,88.259
8/12/19 15:49,88.214,44.9,41.2,88.259
8/12/19 15:49,88.214,44.9,41.2,88.259
8/12/19 15:49,88.167,44.9,41.2,88.214
8/12/19 15:49,88.214,44.9,41.2,88.214
8/12/19 15:49,88.214,44.9,41.2,88.214
8/12/19 15:49,88.214,44.9,41.2,88.214
8/12/19 15:49,88.214,44.9,41.2,88.214
8/12/19 15:50,88.214,44.9,41.2,88.214
8/12/19 15:50,88.214,44.9,41.2,88.214
8/12/19 15:50,88.214,44.9,41.2,88.214
8/12/19 15:50,88.214,44.9,41.2,88.167
8/12/19 15:50,88.167,44.9,41.2,88.167
8/12/19 15:50,88.214,44.9,41.2,88.167
8/12/19 15:50,88.214,44.9,41.2,88.167
8/12/19 15:50,88.214,44.9,41.2,88.167
8/12/19 15:50,88.214,44.9,41.2,88.167
8/12/19 15:50,88.214,44.9,41.2,88.167
8/12/19 15:50,88.214,44.9,41.2,88.167
8/12/19 15:50,88.214,44.9,41.2,88.167
8/12/19 15:50,88.214,44.9,41.2,88.167
8/12/19 15:50,88.214,44.9,41.2,88.167
8/12/19 15:50,88.214,44.9,41.2,88.214
8/12/19 15:50,88.214,44.9,41.2,88.214
8/12/19 15:50,88.214,44.9,41.2,88.214
8/12/19 15:50,88.214,44.9,41.2,88.214
8/12/19 15:50,88.214,44.8,41.2,88.214
8/12/19 15:50,88.214,44.9,41.2,88.214
8/12/19 15:50,88.214,44.9,41.2,88.214
8/12/19 15:50,88.214,44.8,41.2,88.214
8/12/19 15:50,88.214,44.8,41.2,88.214
8/12/19 15:50,88.214,44.8,41.2,88.259
8/12/19 15:50,88.214,44.9,41.2,88.214
8/12/19 15:50,88.214,44.8,41.2,88.259
8/12/19 15:50,88.214,44.8,41.2,88.259
8/12/19 15:50,88.214,44.9,41.2,88.259
8/12/19 15:50,88.214,44.9,41.2,88.259
8/12/19 15:50,88.214,44.8,41.2,88.259
8/12/19 15:50,88.214,44.9,41.2,88.259
8/12/19 15:50,88.214,44.9,41.2,88.259
8/12/19 15:50,88.259,44.9,41.2,88.259
8/12/19 15:50,88.259,44.9,41.2,88.259
8/12/19 15:50,88.259,44.9,41.2,88.259
8/12/19 15:50,88.259,44.9,41.2,88.214
8/12/19 15:50,88.259,44.9,41.2,88.214
8/12/19 15:50,88.259,44.9,41.2,88.214
8/12/19 15:50,88.259,44.9,38.7,88.214
8/12/19 15:50,88.259,44.9,38.7,88.214
8/12/19 15:50,88.259,44.9,41.2,88.214
8/12/19 15:50,88.259,44.9,41.2,88.214
8/12/19 15:50,88.259,44.9,38.7,88.214
8/12/19 15:50,88.259,44.9,38.7,88.259
8/12/19 15:50,88.259,44.9,38.7,88.259
8/12/19 15:50,88.259,44.9,38.7,88.259
8/12/19 15:50,88.259,44.9,41.2,88.259
8/12/19 15:50,88.259,45,41.2,88.259
8/12/19 15:50,88.306,45,41.2,88.259
8/12/19 15:50,88.306,45,41.2,88.306
8/12/19 15:50,88.306,45,38.7,88.306
8/12/19 15:50,88.306,45.1,38.7,88.306
8/12/19 15:50,88.306,45.1,38.7,88.306
8/12/19 15:50,88.306,45.1,41.2,88.351
8/12/19 15:50,88.306,45.1,41.2,88.351
8/12/19 15:50,88.306,45.1,41.2,88.351
8/12/19 15:50,88.306,45.1,41.2,88.351
8/12/19 15:50,88.306,45.1,41.2,88.351
8/12/19 15:50,88.306,45.2,41.2,88.351
8/12/19 15:50,88.306,45.1,41.2,88.351
8/12/19 15:51,88.306,45.2,41.2,88.396
8/12/19 15:51,88.351,45.2,41.2,88.396
8/12/19 15:51,88.351,45.2,41.2,88.396
8/12/19 15:51,88.351,45.2,41.2,88.443
8/12/19 15:51,88.351,45.2,41.2,88.443
8/12/19 15:51,88.351,45.2,41.2,88.443
8/12/19 15:51,88.351,45.2,41.2,88.443
8/12/19 15:51,88.351,45.2,41.2,88.443
8/12/19 15:51,88.351,45.3,41.2,88.488
8/12/19 15:51,88.351,45.3,41.2,88.488
8/12/19 15:51,88.396,45.3,41.2,88.488
8/12/19 15:51,88.396,45.3,41.2,88.488
8/12/19 15:51,88.396,45.3,41.2,88.534
8/12/19 15:51,88.396,45.3,41.2,88.534
8/12/19 15:51,88.396,45.3,41.2,88.534
8/12/19 15:51,88.396,45.3,41.2,88.534
8/12/19 15:51,88.396,45.3,41.2,88.534
8/12/19 15:51,88.396,45.4,41.2,88.534
8/12/19 15:51,88.396,45.4,41.2,88.534
8/12/19 15:51,88.396,45.4,41.2,88.534
8/12/19 15:51,88.396,45.4,41.2,88.579
8/12/19 15:51,88.396,45.4,41.2,88.579
8/12/19 15:51,88.396,45.4,41.2,88.579
8/12/19 15:51,88.396,45.4,41.2,88.579
8/12/19 15:51,88.443,45.4,41.2,88.579
8/12/19 15:51,88.443,45.4,41.2,88.579
8/12/19 15:51,88.396,45.4,41.2,88.626
8/12/19 15:51,88.443,45.4,41.2,88.626
8/12/19 15:51,88.443,45.4,41.2,88.626
8/12/19 15:51,88.443,45.4,41.2,88.626
8/12/19 15:51,88.443,45.4,41.2,88.626
8/12/19 15:51,88.443,45.4,41.2,88.626
8/12/19 15:51,88.443,45.3,41.2,88.626
8/12/19 15:51,88.443,45.3,41.2,88.579
8/12/19 15:51,88.443,45.3,41.2,88.579
8/12/19 15:51,88.443,45.3,41.2,88.626
8/12/19 15:51,88.443,45.3,41.2,88.626
8/12/19 15:51,88.443,45.2,41.2,88.626
8/12/19 15:51,88.443,45.2,41.2,88.579
8/12/19 15:51,88.443,45.2,41.2,88.626
8/12/19 15:51,88.443,45.2,41.2,88.626
8/12/19 15:51,88.443,45.1,41.2,88.626
8/12/19 15:51,88.443,45.1,41.2,88.579
8/12/19 15:51,88.443,45.1,41.2,88.579
8/12/19 15:51,88.443,45.1,41.2,88.626
8/12/19 15:51,88.443,45,41.2,88.626
8/12/19 15:51,88.443,45,41.2,88.626
8/12/19 15:51,88.443,45,41.2,88.579
8/12/19 15:51,88.443,45,38.7,88.626
8/12/19 15:51,88.443,45,38.7,88.626
8/12/19 15:51,88.443,45,38.7,88.626
8/12/19 15:51,88.488,44.9,38.7,88.626
8/12/19 15:51,88.488,44.9,38.7,88.626
8/12/19 15:51,88.443,44.9,38.7,88.626
8/12/19 15:51,88.488,44.8,38.7,88.626
8/12/19 15:51,88.488,44.9,38.7,88.626
8/12/19 15:51,88.488,44.9,38.7,88.626
8/12/19 15:51,88.488,44.8,33.7,88.626
8/12/19 15:51,88.488,44.8,16.2,88.626
8/12/19 15:51,88.488,44.8,13.7,88.626
8/12/19 15:52,88.488,44.8,16.2,88.626
8/12/19 15:52,88.488,44.8,16.2,88.626
8/12/19 15:52,88.488,44.8,11.2,88.626
8/12/19 15:52,88.488,44.8,31.2,88.626
8/12/19 15:52,88.488,44.8,38.7,88.626
8/12/19 15:52,88.488,44.8,41.2,88.626
8/12/19 15:52,88.488,44.8,28.7,88.626
8/12/19 15:52,88.488,44.8,8.7,88.626
8/12/19 15:52,88.488,44.8,28.7,88.626
8/12/19 15:52,88.488,44.8,618.7,88.626
8/12/19 15:52,88.488,44.7,996.2,88.626
8/12/19 15:52,88.488,44.7,611.2,88.626
8/12/19 15:52,88.488,44.7,151.2,88.579
8/12/19 15:52,88.488,44.6,141.2,88.579
8/12/19 15:52,88.488,44.6,133.7,88.579
8/12/19 15:52,88.488,44.6,131.2,88.579
8/12/19 15:52,88.488,44.6,118.7,88.579
8/12/19 15:52,88.488,44.6,98.7,88.579
8/12/19 15:52,88.488,44.5,83.7,88.626
8/12/19 15:52,88.488,44.5,86.2,88.626
8/12/19 15:52,88.488,44.5,63.7,88.626
8/12/19 15:52,88.488,44.5,291.2,88.671
8/12/19 15:52,88.488,44.6,98.7,88.671
8/12/19 15:52,88.488,44.5,36.2,88.671
8/12/19 15:52,88.488,44.6,31.2,88.671
8/12/19 15:52,88.488,44.6,28.7,88.626
8/12/19 15:52,88.488,44.5,8.7,88.626
8/12/19 15:52,88.488,44.6,1.2,88.626
8/12/19 15:52,88.488,44.6,1.2,88.579
8/12/19 15:52,88.488,44.6,3.7,88.534
8/12/19 15:52,88.488,44.5,3.7,88.534
8/12/19 15:52,88.488,44.5,1.2,88.443
8/12/19 15:52,88.488,44.5,1.2,88.351
8/12/19 15:52,88.488,44.5,1.2,88.214
8/12/19 15:52,88.443,44.4,1.2,88.075
8/12/19 15:52,88.443,44.3,1.2,87.894
8/12/19 15:52,88.443,44.2,1.2,87.757
8/12/19 15:52,88.443,44.2,1.2,87.665
8/12/19 15:52,88.443,44.1,1.2,87.573
8/12/19 15:52,88.396,44.1,1.2,87.436
8/12/19 15:52,88.396,44,1.2,87.346
8/12/19 15:52,88.396,43.9,1.2,87.21
8/12/19 15:52,88.351,43.8,1.2,87.073
8/12/19 15:52,88.351,43.8,6.2,86.936
8/12/19 15:52,88.306,43.7,1.2,86.844
8/12/19 15:52,88.306,43.6,1.2,86.709
8/12/19 15:52,88.306,43.5,1.2,86.527
8/12/19 15:52,88.259,43.5,1.2,86.346
8/12/19 15:52,88.259,43.4,1.2,86.119
8/12/19 15:52,88.214,43.3,1.2,85.984
8/12/19 15:52,88.167,43.3,1.2,85.849
8/12/19 15:52,88.167,43.3,1.2,85.757
8/12/19 15:52,88.122,43.2,1.2,85.712
8/12/19 15:52,88.122,43.2,1.2,85.622
8/12/19 15:52,88.075,43.2,1.2,85.577
8/12/19 15:52,88.03,43.1,1.2,85.487
8/12/19 15:52,87.985,43.1,1.2,85.397
8/12/19 15:52,87.985,43.1,1.2,85.262
8/12/19 15:52,87.939,43,3.7,85.127
8/12/19 15:52,87.894,43,3.7,84.945
8/12/19 15:53,87.894,42.8,6.2,84.767
8/12/19 15:53,87.847,42.7,8.7,84.587
8/12/19 15:53,87.802,42.5,11.2,84.497
8/12/19 15:53,87.757,42.5,11.2,84.407
8/12/19 15:53,87.757,42.5,8.7,84.317
8/12/19 15:53,87.71,42.4,6.2,84.227
8/12/19 15:53,87.665,42.4,8.7,84.182
8/12/19 15:53,87.62,42.5,6.2,84.094
8/12/19 15:53,87.573,42.5,11.2,84.004
8/12/19 15:53,87.528,42.5,13.7,83.959
8/12/19 15:53,87.528,42.5,16.2,83.869
8/12/19 15:53,87.483,42.5,13.7,83.779
8/12/19 15:53,87.436,42.5,16.2,83.736
8/12/19 15:53,87.391,42.5,13.7,83.646
8/12/19 15:53,87.346,42.5,13.7,83.556
8/12/19 15:53,87.3,42.4,13.7,83.511
8/12/19 15:53,87.255,42.4,13.7,83.467
8/12/19 15:53,87.255,42.4,13.7,83.377
8/12/19 15:53,87.21,42.4,13.7,83.287
8/12/19 15:53,87.163,42.4,13.7,83.199
8/12/19 15:53,87.118,42.5,13.7,83.109
8/12/19 15:53,87.073,42.5,13.7,83.021
8/12/19 15:53,87.073,42.5,13.7,82.931
8/12/19 15:53,87.028,42.5,13.7,82.886
8/12/19 15:53,86.981,42.5,13.7,82.798
8/12/19 15:53,86.981,42.6,13.7,82.753
8/12/19 15:53,86.936,42.6,13.7,82.708
8/12/19 15:53,86.891,42.6,13.7,82.665
8/12/19 15:53,86.844,42.6,13.7,82.575
8/12/19 15:53,86.844,42.6,13.7,82.53
8/12/19 15:53,86.799,42.6,13.7,82.441
8/12/19 15:53,86.754,42.6,13.7,82.396
8/12/19 15:53,86.709,42.6,13.7,82.308
8/12/19 15:53,86.664,42.6,13.7,82.218
8/12/19 15:53,86.664,42.6,13.7,82.175
8/12/19 15:53,86.617,42.7,13.7,82.13
8/12/19 15:53,86.617,42.7,13.7,82.085
8/12/19 15:53,86.572,42.7,13.7,82.042
8/12/19 15:53,86.527,42.7,13.7,81.997
8/12/19 15:53,86.527,42.7,13.7,81.997
8/12/19 15:53,86.482,42.7,13.7,81.952
8/12/19 15:53,86.437,42.7,13.7,81.952
8/12/19 15:53,86.437,42.7,13.7,81.909
8/12/19 15:53,86.391,42.7,13.7,81.864
8/12/19 15:53,86.391,42.7,13.7,81.864
8/12/19 15:53,86.346,42.7,13.7,81.864
8/12/19 15:53,86.301,42.7,13.7,81.819
8/12/19 15:53,86.301,42.7,13.7,81.775
8/12/19 15:53,86.256,42.7,13.7,81.775
8/12/19 15:53,86.211,42.7,13.7,81.73
8/12/19 15:53,86.211,42.7,13.7,81.73
8/12/19 15:53,86.164,42.7,13.7,81.687
8/12/19 15:53,86.119,42.7,13.7,81.687
8/12/19 15:53,86.119,42.7,13.7,81.642
8/12/19 15:53,86.074,42.7,13.7,81.597
8/12/19 15:53,86.029,42.7,13.7,81.554
8/12/19 15:53,86.029,42.7,13.7,81.509
8/12/19 15:53,85.984,42.7,13.7,81.466
8/12/19 15:53,85.939,42.7,13.7,81.421
8/12/19 15:53,85.939,42.7,13.7,81.376
8/12/19 15:54,85.894,42.7,13.7,81.333
8/12/19 15:54,85.849,42.7,13.7,81.288
8/12/19 15:54,85.849,42.7,13.7,81.288
8/12/19 15:54,85.802,42.6,13.7,81.244
8/12/19 15:54,85.757,42.7,13.7,81.199
8/12/19 15:54,85.757,42.6,13.7,81.154
8/12/19 15:54,85.712,42.6,13.7,81.066
8/12/19 15:54,85.712,42.6,13.7,81.023
8/12/19 15:54,85.667,42.6,11.2,80.978
8/12/19 15:54,85.622,42.6,13.7,80.935
8/12/19 15:54,85.622,42.6,13.7,80.89
8/12/19 15:54,85.577,42.6,13.7,80.845
8/12/19 15:54,85.577,42.6,13.7,80.757
8/12/19 15:54,85.532,42.6,13.7,80.713
8/12/19 15:54,85.532,42.6,13.7,80.668
8/12/19 15:54,85.487,42.6,13.7,80.625
8/12/19 15:54,85.487,42.6,13.7,80.58
8/12/19 15:54,85.442,42.6,13.7,80.537
8/12/19 15:54,85.442,42.6,13.7,80.492