datetime,airtemp_F,rh,par_umolm2sec,soiltemp_F
8/28/19 8:45,69.514,63.2,1.2,69.858
8/28/19 8:45,69.514,63.2,1.2,69.771
8/28/19 8:46,69.514,63.2,1.2,69.771
8/28/19 8:46,69.514,63.2,1.2,69.771
8/28/19 8:46,69.514,63.2,1.2,69.771
8/28/19 8:46,69.514,63.2,1.2,69.771
8/28/19 8:46,69.514,63.2,1.2,69.771
8/28/19 8:46,69.514,63.2,1.2,69.771
8/28/19 8:46,69.514,63.2,1.2,69.771
8/28/19 8:46,69.514,63.1,1.2,69.771
8/28/19 8:46,69.514,63.1,1.2,69.771
8/28/19 8:46,69.514,63.1,1.2,69.814
8/28/19 8:46,69.514,63.1,1.2,69.814
8/28/19 8:46,69.514,63.1,1.2,69.814
8/28/19 8:46,69.514,63.1,1.2,69.814
8/28/19 8:46,69.514,63.1,1.2,69.814
8/28/19 8:46,69.514,63.1,1.2,69.814
8/28/19 8:46,69.514,63.2,1.2,69.814
8/28/19 8:46,69.514,63.2,1.2,69.814
8/28/19 8:46,69.514,63.1,1.2,69.858
8/28/19 8:46,69.557,63.1,1.2,69.858
8/28/19 8:46,69.557,63.2,1.2,69.858
8/28/19 8:46,69.557,63.2,1.2,69.858
8/28/19 8:46,69.557,63.1,1.2,69.901
8/28/19 8:46,69.557,63.2,1.2,69.901
8/28/19 8:46,69.557,63.1,1.2,69.901
8/28/19 8:46,69.557,63.1,1.2,69.942
8/28/19 8:46,69.557,63.2,1.2,69.942
8/28/19 8:46,69.557,63.2,1.2,69.942
8/28/19 8:46,69.557,63.2,1.2,69.942
8/28/19 8:46,69.557,63.3,1.2,69.942
8/28/19 8:46,69.557,63.3,1.2,69.942
8/28/19 8:46,69.557,63.3,1.2,69.985
8/28/19 8:46,69.557,63.3,1.2,69.942
8/28/19 8:46,69.557,63.4,1.2,69.942
8/28/19 8:46,69.6,63.4,1.2,69.985
8/28/19 8:46,69.6,63.4,1.2,69.942
8/28/19 8:46,69.6,63.4,1.2,69.942
8/28/19 8:46,69.6,63.5,1.2,69.942
8/28/19 8:46,69.6,63.5,3.7,69.942
8/28/19 8:46,69.6,63.6,3.7,69.942
8/28/19 8:46,69.6,63.6,1.2,69.942
8/28/19 8:46,69.6,63.7,1.2,69.942
8/28/19 8:46,69.6,63.8,1.2,69.942
8/28/19 8:46,69.6,63.8,1.2,69.901
8/28/19 8:46,69.6,64,6.2,69.901
8/28/19 8:46,69.643,64.1,21.2,69.901
8/28/19 8:46,69.643,64.2,23.7,69.858
8/28/19 8:46,69.643,64.4,43.7,69.858
8/28/19 8:46,69.643,64.5,126.2,69.814
8/28/19 8:46,69.643,64.6,291.2,69.814
8/28/19 8:46,69.643,64.8,106.2,69.771
8/28/19 8:46,69.643,65,46.2,69.771
8/28/19 8:46,69.685,65.2,1.2,69.728
8/28/19 8:46,69.685,65.3,1.2,69.728
8/28/19 8:46,69.685,65.5,1.2,69.685
8/28/19 8:46,69.685,65.6,1.2,69.643
8/28/19 8:46,69.685,65.8,1.2,69.643
8/28/19 8:46,69.685,66,1.2,69.6
8/28/19 8:46,69.685,66.1,3.7,69.6
8/28/19 8:46,69.685,66.3,3.7,69.557
8/28/19 8:46,69.685,66.3,3.7,69.557
8/28/19 8:47,69.685,66.5,8.7,69.514
8/28/19 8:47,69.685,66.6,6.2,69.514
8/28/19 8:47,69.685,66.8,3.7,69.471
8/28/19 8:47,69.685,66.9,1.2,69.471
8/28/19 8:47,69.685,67,1.2,69.427
8/28/19 8:47,69.685,67.2,1.2,69.427
8/28/19 8:47,69.685,67.3,1.2,69.386
8/28/19 8:47,69.685,67.4,1.2,69.343
8/28/19 8:47,69.685,67.5,1.2,69.343
8/28/19 8:47,69.685,67.6,1.2,69.343
8/28/19 8:47,69.685,67.6,1.2,69.343
8/28/19 8:47,69.685,67.7,1.2,69.3
8/28/19 8:47,69.685,67.6,1.2,69.3
8/28/19 8:47,69.685,67.7,1.2,69.256
8/28/19 8:47,69.685,67.7,3.7,69.256
8/28/19 8:47,69.685,67.8,3.7,69.213
8/28/19 8:47,69.685,67.8,3.7,69.213
8/28/19 8:47,69.685,67.8,3.7,69.17
8/28/19 8:47,69.685,67.8,3.7,69.17
8/28/19 8:47,69.685,67.9,3.7,69.17
8/28/19 8:47,69.685,67.9,3.7,69.129
8/28/19 8:47,69.685,67.9,3.7,69.129
8/28/19 8:47,69.685,68,3.7,69.085
8/28/19 8:47,69.685,68,3.7,69.085
8/28/19 8:47,69.685,68,3.7,69.042
8/28/19 8:47,69.685,68.1,3.7,69.042
8/28/19 8:47,69.685,68.1,3.7,68.999
8/28/19 8:47,69.685,68.1,3.7,68.999
8/28/19 8:47,69.685,68.1,3.7,68.999
8/28/19 8:47,69.685,68.1,3.7,68.999
8/28/19 8:47,69.685,68.1,3.7,68.999
8/28/19 8:47,69.643,68.2,3.7,68.999
8/28/19 8:47,69.643,68.2,3.7,68.999
8/28/19 8:47,69.643,68.2,3.7,68.956
8/28/19 8:47,69.643,68.2,3.7,68.956
8/28/19 8:47,69.643,68.2,3.7,68.956
8/28/19 8:47,69.643,68.2,3.7,68.956
8/28/19 8:47,69.643,68.3,3.7,68.913
8/28/19 8:47,69.643,68.4,3.7,68.913
8/28/19 8:47,69.643,68.4,3.7,68.913
8/28/19 8:47,69.643,68.5,3.7,68.913
8/28/19 8:47,69.643,68.6,3.7,68.871
8/28/19 8:47,69.643,68.6,3.7,68.828
8/28/19 8:47,69.643,68.7,3.7,68.828
8/28/19 8:47,69.6,68.8,3.7,68.828
8/28/19 8:47,69.6,68.8,3.7,68.785
8/28/19 8:47,69.643,68.9,3.7,68.785
8/28/19 8:47,69.6,68.9,3.7,68.785
8/28/19 8:47,69.6,69,3.7,68.785
8/28/19 8:47,69.6,69,3.7,68.742
8/28/19 8:47,69.6,69,3.7,68.742
8/28/19 8:47,69.6,69,3.7,68.742
8/28/19 8:47,69.6,69,3.7,68.698
8/28/19 8:47,69.6,69.1,3.7,68.698
8/28/19 8:47,69.6,69.1,3.7,68.698
8/28/19 8:47,69.6,69.1,3.7,68.657
8/28/19 8:47,69.557,69.1,3.7,68.657
8/28/19 8:47,69.6,69.1,1.2,68.657
8/28/19 8:47,69.557,69.2,1.2,68.657
8/28/19 8:47,69.557,69.2,1.2,68.657
8/28/19 8:48,69.557,69.2,1.2,68.614
8/28/19 8:48,69.557,69.2,1.2,68.614
8/28/19 8:48,69.557,69.2,1.2,68.571
8/28/19 8:48,69.557,69.3,1.2,68.571
8/28/19 8:48,69.557,69.3,3.7,68.571
8/28/19 8:48,69.557,69.3,3.7,68.571
8/28/19 8:48,69.514,69.3,1.2,68.527
8/28/19 8:48,69.514,69.3,1.2,68.527
8/28/19 8:48,69.514,69.3,1.2,68.527
8/28/19 8:48,69.514,69.3,1.2,68.527
8/28/19 8:48,69.514,69.4,1.2,68.484
8/28/19 8:48,69.514,69.4,1.2,68.484
8/28/19 8:48,69.514,69.4,1.2,68.484
8/28/19 8:48,69.514,69.4,1.2,68.484
8/28/19 8:48,69.514,69.4,1.2,68.443
8/28/19 8:48,69.514,69.5,1.2,68.443
8/28/19 8:48,69.471,69.5,1.2,68.443
8/28/19 8:48,69.471,69.5,1.2,68.443
8/28/19 8:48,69.471,69.5,1.2,68.443
8/28/19 8:48,69.471,69.5,1.2,68.443
8/28/19 8:48,69.471,69.4,1.2,68.443
8/28/19 8:48,69.471,69.4,1.2,68.443
8/28/19 8:48,69.471,69.4,1.2,68.443
8/28/19 8:48,69.471,69.4,1.2,68.4
8/28/19 8:48,69.427,69.4,1.2,68.4
8/28/19 8:48,69.427,69.4,1.2,68.4
8/28/19 8:48,69.427,69.4,1.2,68.4
8/28/19 8:48,69.427,69.4,1.2,68.4
8/28/19 8:48,69.427,69.4,1.2,68.4
8/28/19 8:48,69.427,69.4,1.2,68.4
8/28/19 8:48,69.427,69.4,1.2,68.4
8/28/19 8:48,69.427,69.4,1.2,68.4
8/28/19 8:48,69.427,69.4,1.2,68.4
8/28/19 8:48,69.427,69.4,1.2,68.4
8/28/19 8:48,69.427,69.4,1.2,68.4
8/28/19 8:48,69.427,69.4,1.2,68.4
8/28/19 8:48,69.427,69.4,1.2,68.4
8/28/19 8:48,69.386,69.4,1.2,68.356
8/28/19 8:48,69.427,69.4,1.2,68.356
8/28/19 8:48,69.386,69.4,1.2,68.356
8/28/19 8:48,69.386,69.4,1.2,68.356
8/28/19 8:48,69.386,69.5,1.2,68.356
8/28/19 8:48,69.386,69.5,1.2,68.356
8/28/19 8:48,69.386,69.4,1.2,68.356
8/28/19 8:48,69.386,69.5,1.2,68.356
8/28/19 8:48,69.386,69.5,1.2,68.356
8/28/19 8:48,69.386,69.5,1.2,68.356
8/28/19 8:48,69.386,69.5,1.2,68.356
8/28/19 8:48,69.386,69.5,1.2,68.356
8/28/19 8:48,69.386,69.5,1.2,68.356
8/28/19 8:48,69.343,69.5,1.2,68.356
8/28/19 8:48,69.343,69.5,1.2,68.313
8/28/19 8:48,69.343,69.6,1.2,68.313
8/28/19 8:48,69.343,69.5,1.2,68.356
8/28/19 8:48,69.343,69.5,1.2,68.313
8/28/19 8:48,69.343,69.5,1.2,68.313
8/28/19 8:48,69.343,69.6,1.2,68.313
8/28/19 8:48,69.343,69.6,1.2,68.313
8/28/19 8:48,69.343,69.6,1.2,68.313
8/28/19 8:48,69.343,69.6,1.2,68.313
8/28/19 8:49,69.343,69.6,1.2,68.313
8/28/19 8:49,69.343,69.6,1.2,68.313
8/28/19 8:49,69.343,69.6,1.2,68.313
8/28/19 8:49,69.343,69.6,1.2,68.313
8/28/19 8:49,69.343,69.6,1.2,68.313
8/28/19 8:49,69.343,69.6,1.2,68.313
8/28/19 8:49,69.343,69.6,1.2,68.313
8/28/19 8:49,69.343,69.6,1.2,68.313
8/28/19 8:49,69.3,69.6,1.2,68.313
8/28/19 8:49,69.343,69.6,1.2,68.313
8/28/19 8:49,69.3,69.6,1.2,68.313
8/28/19 8:49,69.3,69.6,1.2,68.313
8/28/19 8:49,69.3,69.6,1.2,68.313
8/28/19 8:49,69.3,69.6,1.2,68.313
8/28/19 8:49,69.3,69.6,1.2,68.313
8/28/19 8:49,69.3,69.7,1.2,68.313
8/28/19 8:49,69.3,69.6,1.2,68.313
8/28/19 8:49,69.3,69.6,1.2,68.313
8/28/19 8:49,69.3,69.7,1.2,68.313
8/28/19 8:49,69.3,69.7,1.2,68.313
8/28/19 8:49,69.3,69.7,1.2,68.313
8/28/19 8:49,69.3,69.7,1.2,68.313
8/28/19 8:49,69.3,69.7,1.2,68.313
8/28/19 8:49,69.3,69.7,1.2,68.313
8/28/19 8:49,69.3,69.7,1.2,68.313
8/28/19 8:49,69.3,69.7,1.2,68.27
8/28/19 8:49,69.3,69.7,1.2,68.27
8/28/19 8:49,69.3,69.7,1.2,68.313
8/28/19 8:49,69.256,69.7,1.2,68.27
8/28/19 8:49,69.3,69.7,1.2,68.27
8/28/19 8:49,69.256,69.7,1.2,68.27
8/28/19 8:49,69.256,69.7,1.2,68.27
8/28/19 8:49,69.256,69.7,1.2,68.27
8/28/19 8:49,69.256,69.7,1.2,68.27
8/28/19 8:49,69.256,69.7,1.2,68.27
8/28/19 8:49,69.256,69.7,1.2,68.27
8/28/19 8:49,69.256,69.7,1.2,68.27
8/28/19 8:49,69.256,69.7,1.2,68.27
8/28/19 8:49,69.256,69.8,1.2,68.27
8/28/19 8:49,69.256,69.8,1.2,68.27
8/28/19 8:49,69.256,69.8,1.2,68.27
8/28/19 8:49,69.256,69.7,1.2,68.27
8/28/19 8:49,69.256,69.8,1.2,68.27
8/28/19 8:49,69.256,69.8,1.2,68.27
8/28/19 8:49,69.256,69.8,1.2,68.27
8/28/19 8:49,69.256,69.8,1.2,68.27
8/28/19 8:49,69.256,69.8,1.2,68.27
8/28/19 8:49,69.256,69.8,1.2,68.27
8/28/19 8:49,69.256,69.8,1.2,68.227
8/28/19 8:49,69.213,69.8,1.2,68.227
8/28/19 8:49,69.256,69.8,1.2,68.227
8/28/19 8:49,69.256,69.8,1.2,68.227
8/28/19 8:49,69.213,69.8,1.2,68.227
8/28/19 8:49,69.213,69.8,1.2,68.227
8/28/19 8:49,69.213,69.8,1.2,68.227
8/28/19 8:49,69.213,69.8,1.2,68.227
8/28/19 8:49,69.213,69.8,1.2,68.227
8/28/19 8:49,69.213,69.8,1.2,68.227
8/28/19 8:49,69.213,69.8,1.2,68.227
8/28/19 8:49,69.213,69.8,1.2,68.227
8/28/19 8:50,69.213,69.8,1.2,68.227
8/28/19 8:50,69.213,69.8,1.2,68.227
8/28/19 8:50,69.213,69.8,1.2,68.227
8/28/19 8:50,69.213,69.8,1.2,68.227
8/28/19 8:50,69.213,69.8,1.2,68.227
8/28/19 8:50,69.213,69.8,1.2,68.227
8/28/19 8:50,69.213,69.8,1.2,68.227
8/28/19 8:50,69.213,69.9,1.2,68.227
8/28/19 8:50,69.213,69.9,1.2,68.227
8/28/19 8:50,69.213,69.9,1.2,68.227
8/28/19 8:50,69.213,69.9,1.2,68.227
8/28/19 8:50,69.213,69.9,1.2,68.227
8/28/19 8:50,69.213,69.9,1.2,68.227
8/28/19 8:50,69.213,69.9,1.2,68.227
8/28/19 8:50,69.213,69.9,1.2,68.227
8/28/19 8:50,69.213,69.8,1.2,68.227
8/28/19 8:50,69.213,69.9,1.2,68.227
8/28/19 8:50,69.17,69.8,1.2,68.227
8/28/19 8:50,69.17,69.8,1.2,68.185
8/28/19 8:50,69.17,69.8,1.2,68.185
8/28/19 8:50,69.17,69.8,1.2,68.227
8/28/19 8:50,69.17,69.8,1.2,68.227
8/28/19 8:50,69.17,69.8,1.2,68.185
8/28/19 8:50,69.17,69.8,1.2,68.185
8/28/19 8:50,69.17,69.9,1.2,68.185
8/28/19 8:50,69.17,69.9,1.2,68.185
8/28/19 8:50,69.17,69.9,1.2,68.185
8/28/19 8:50,69.17,69.9,1.2,68.185
8/28/19 8:50,69.17,69.9,1.2,68.185
8/28/19 8:50,69.17,69.9,1.2,68.185
8/28/19 8:50,69.17,69.9,1.2,68.185
8/28/19 8:50,69.17,69.9,1.2,68.185
8/28/19 8:50,69.17,69.9,1.2,68.185
8/28/19 8:50,69.17,69.9,1.2,68.185
8/28/19 8:50,69.17,69.9,1.2,68.185
8/28/19 8:50,69.17,69.9,1.2,68.185
8/28/19 8:50,69.17,69.9,1.2,68.185
8/28/19 8:50,69.17,69.9,1.2,68.185
8/28/19 8:50,69.17,69.9,1.2,68.185
8/28/19 8:50,69.17,69.9,1.2,68.185
8/28/19 8:50,69.17,69.9,1.2,68.185
8/28/19 8:50,69.17,69.9,1.2,68.185
8/28/19 8:50,69.17,69.9,1.2,68.185
8/28/19 8:50,69.17,69.9,1.2,68.185
8/28/19 8:50,69.17,69.9,1.2,68.185
8/28/19 8:50,69.17,69.9,1.2,68.142
8/28/19 8:50,69.129,69.9,1.2,68.185
8/28/19 8:50,69.129,69.9,1.2,68.185
8/28/19 8:50,69.129,69.9,1.2,68.142
8/28/19 8:50,69.17,69.9,1.2,68.142
8/28/19 8:50,69.129,69.9,1.2,68.142
8/28/19 8:50,69.129,69.9,1.2,68.142
8/28/19 8:50,69.129,69.9,1.2,68.142
8/28/19 8:50,69.129,70,1.2,68.142
8/28/19 8:50,69.129,69.9,1.2,68.142
8/28/19 8:50,69.129,70,1.2,68.142
8/28/19 8:50,69.129,70,1.2,68.142
8/28/19 8:50,69.129,70,1.2,68.142
8/28/19 8:50,69.129,70,1.2,68.142
8/28/19 8:50,69.129,70,1.2,68.142
8/28/19 8:51,69.129,70,1.2,68.142
8/28/19 8:51,69.129,70,1.2,68.142
8/28/19 8:51,69.129,70,1.2,68.142
8/28/19 8:51,69.129,70,1.2,68.142
8/28/19 8:51,69.129,70,1.2,68.142
8/28/19 8:51,69.129,70,1.2,68.142
8/28/19 8:51,69.129,70,1.2,68.142
8/28/19 8:51,69.129,70,1.2,68.142
8/28/19 8:51,69.129,70,1.2,68.142
8/28/19 8:51,69.129,70,1.2,68.142
8/28/19 8:51,69.129,70,1.2,68.142
8/28/19 8:51,69.129,70,1.2,68.142
8/28/19 8:51,69.129,70,1.2,68.142
8/28/19 8:51,69.129,70,1.2,68.142
8/28/19 8:51,69.129,70,1.2,68.142
8/28/19 8:51,69.129,70,1.2,68.099
8/28/19 8:51,69.129,70,1.2,68.099
8/28/19 8:51,69.129,70,1.2,68.099
8/28/19 8:51,69.129,70,1.2,68.099
8/28/19 8:51,69.085,70,1.2,68.142
8/28/19 8:51,69.085,70,1.2,68.099
8/28/19 8:51,69.085,70,1.2,68.099
8/28/19 8:51,69.085,70,1.2,68.099
8/28/19 8:51,69.085,70,1.2,68.099
8/28/19 8:51,69.085,70,1.2,68.099
8/28/19 8:51,69.085,70.1,1.2,68.099
8/28/19 8:51,69.085,70,1.2,68.099
8/28/19 8:51,69.085,70.1,1.2,68.099
8/28/19 8:51,69.085,70.1,1.2,68.099
8/28/19 8:51,69.085,70.1,1.2,68.099
8/28/19 8:51,69.085,70,1.2,68.099
8/28/19 8:51,69.085,70.1,1.2,68.099
8/28/19 8:51,69.085,70,1.2,68.099
8/28/19 8:51,69.085,70.1,1.2,68.099
8/28/19 8:51,69.085,70.1,1.2,68.099
8/28/19 8:51,69.085,70.1,1.2,68.099
8/28/19 8:51,69.085,70.1,1.2,68.099
8/28/19 8:51,69.085,70.1,1.2,68.099
8/28/19 8:51,69.085,70.1,1.2,68.099
8/28/19 8:51,69.085,70.1,1.2,68.099
8/28/19 8:51,69.085,70.1,1.2,68.099
8/28/19 8:51,69.085,70.1,1.2,68.099
8/28/19 8:51,69.085,70.1,1.2,68.099
8/28/19 8:51,69.085,70.1,1.2,68.056
8/28/19 8:51,69.085,70.1,1.2,68.099
8/28/19 8:51,69.085,70.1,1.2,68.056
8/28/19 8:51,69.085,70.1,1.2,68.099
8/28/19 8:51,69.085,70.1,1.2,68.056
8/28/19 8:51,69.085,70.1,1.2,68.056
8/28/19 8:51,69.042,70.1,1.2,68.056
8/28/19 8:51,69.085,70.1,1.2,68.056
8/28/19 8:51,69.042,70.1,1.2,68.056
8/28/19 8:51,69.085,70.1,1.2,68.056
8/28/19 8:51,69.042,70.2,1.2,68.056
8/28/19 8:51,69.085,70.2,1.2,68.056
8/28/19 8:51,69.042,70.2,1.2,68.056
8/28/19 8:51,69.042,70.1,1.2,68.056
8/28/19 8:51,69.085,70.1,1.2,68.056
8/28/19 8:51,69.042,70.2,1.2,68.056
8/28/19 8:51,69.042,70.2,1.2,68.056
8/28/19 8:52,69.042,70.2,1.2,68.056
8/28/19 8:52,69.042,70.2,1.2,68.056
8/28/19 8:52,69.042,70.2,1.2,68.056
8/28/19 8:52,69.042,70.2,1.2,68.056
8/28/19 8:52,69.042,70.2,1.2,68.056
8/28/19 8:52,69.042,70.2,1.2,68.056
8/28/19 8:52,69.042,70.2,1.2,68.056
8/28/19 8:52,69.042,70.2,1.2,68.056
8/28/19 8:52,69.042,70.2,1.2,68.056
8/28/19 8:52,69.042,70.2,1.2,68.056
8/28/19 8:52,69.042,70.2,1.2,68.056
8/28/19 8:52,69.042,70.2,1.2,68.056
8/28/19 8:52,69.042,70.2,1.2,68.056
8/28/19 8:52,69.042,70.2,1.2,68.056
8/28/19 8:52,69.042,70.2,1.2,68.056
8/28/19 8:52,69.042,70.2,1.2,68.056
8/28/19 8:52,69.042,70.2,1.2,68.056
8/28/19 8:52,69.042,70.1,1.2,68.056
8/28/19 8:52,69.042,70.2,1.2,68.056
8/28/19 8:52,69.042,70.2,1.2,68.056
8/28/19 8:52,69.042,70.1,1.2,68.013
8/28/19 8:52,69.042,70.2,1.2,68.056
8/28/19 8:52,69.042,70.1,1.2,68.013
8/28/19 8:52,69.042,70.1,1.2,68.056
8/28/19 8:52,69.042,70.2,1.2,68.013
8/28/19 8:52,69.042,70.2,1.2,68.013
8/28/19 8:52,69.042,70.1,1.2,68.013
8/28/19 8:52,69.042,70.1,1.2,68.013
8/28/19 8:52,69.042,70.1,1.2,68.013
8/28/19 8:52,69.042,70.2,1.2,68.013
8/28/19 8:52,68.999,70.2,1.2,68.013
8/28/19 8:52,69.042,70.2,1.2,68.013
8/28/19 8:52,69.042,70.1,1.2,68.013
8/28/19 8:52,68.999,70.1,1.2,68.013
8/28/19 8:52,68.999,70.1,1.2,68.013
8/28/19 8:52,68.999,70.1,1.2,68.013
8/28/19 8:52,68.999,70.1,1.2,68.013
8/28/19 8:52,68.999,70.2,1.2,68.013
8/28/19 8:52,68.999,70.1,1.2,68.013
8/28/19 8:52,68.999,70.1,1.2,68.013
8/28/19 8:52,68.999,70.2,1.2,68.013
8/28/19 8:52,68.999,70.2,1.2,68.013
8/28/19 8:52,68.999,70.2,1.2,68.013
8/28/19 8:52,68.999,70.3,1.2,68.013
8/28/19 8:52,68.999,70.3,1.2,68.013
8/28/19 8:52,68.999,70.2,1.2,68.013
8/28/19 8:52,68.999,70.2,1.2,68.013
8/28/19 8:52,68.999,70.2,1.2,68.013
8/28/19 8:52,68.999,70.2,1.2,68.013
8/28/19 8:52,68.999,70.2,1.2,68.013
8/28/19 8:52,68.999,70.2,1.2,68.013
8/28/19 8:52,68.999,70.2,1.2,68.013
8/28/19 8:52,68.999,70.2,1.2,68.013
8/28/19 8:52,68.999,70.2,1.2,68.013
8/28/19 8:52,68.999,70.2,1.2,68.013
8/28/19 8:52,68.999,70.2,1.2,68.013
8/28/19 8:52,68.999,70.2,1.2,68.013
8/28/19 8:52,68.999,70.2,1.2,67.971
8/28/19 8:52,68.999,70.2,1.2,67.971
8/28/19 8:52,68.999,70.2,1.2,67.971
8/28/19 8:53,68.999,70.2,1.2,67.971
8/28/19 8:53,68.999,70.2,1.2,67.971
8/28/19 8:53,68.999,70.2,1.2,67.971
8/28/19 8:53,68.999,70.2,1.2,67.971
8/28/19 8:53,68.999,70.2,1.2,67.971
8/28/19 8:53,68.999,70.3,1.2,67.971
8/28/19 8:53,68.999,70.2,1.2,67.971
8/28/19 8:53,68.999,70.2,1.2,67.971
8/28/19 8:53,68.999,70.2,1.2,67.971
8/28/19 8:53,68.999,70.2,1.2,67.971
8/28/19 8:53,68.999,70.1,1.2,67.971
8/28/19 8:53,68.999,70.2,1.2,67.971
8/28/19 8:53,68.999,70.1,1.2,67.971
8/28/19 8:53,68.999,70.2,1.2,67.971
8/28/19 8:53,68.956,70.2,1.2,67.971
8/28/19 8:53,68.999,70.1,1.2,67.971
8/28/19 8:53,68.956,70.2,1.2,67.971
8/28/19 8:53,68.956,70.1,1.2,67.971
8/28/19 8:53,68.956,70.1,1.2,67.971
8/28/19 8:53,68.956,70.1,1.2,67.971
8/28/19 8:53,68.956,70.1,1.2,67.971
8/28/19 8:53,68.956,70.1,1.2,67.971
8/28/19 8:53,68.956,70.1,1.2,67.971
8/28/19 8:53,68.956,70.1,1.2,67.971
8/28/19 8:53,68.956,70.1,1.2,67.971
8/28/19 8:53,68.956,70.1,1.2,67.971
8/28/19 8:53,68.956,70.1,1.2,67.971
8/28/19 8:53,68.956,70.1,1.2,67.971
8/28/19 8:53,68.956,70.1,1.2,67.971
8/28/19 8:53,68.956,70.1,1.2,67.971
8/28/19 8:53,68.956,70.2,1.2,67.971
8/28/19 8:53,68.956,70.2,3.7,67.971
8/28/19 8:53,68.956,70.2,1.2,67.971
8/28/19 8:53,68.956,70.1,1.2,67.971
8/28/19 8:53,68.956,70.2,1.2,67.928
8/28/19 8:53,68.956,70.2,1.2,67.971
8/28/19 8:53,68.956,70.2,1.2,67.928
8/28/19 8:53,68.956,70.2,1.2,67.971
8/28/19 8:53,68.956,70.2,1.2,67.928
8/28/19 8:53,68.956,70.2,1.2,67.928
8/28/19 8:53,68.956,70.2,1.2,67.971
8/28/19 8:53,68.956,70.2,1.2,67.928
8/28/19 8:53,68.956,70.2,1.2,67.971
8/28/19 8:53,68.956,70.2,1.2,67.971
8/28/19 8:53,68.956,70.2,1.2,67.971
8/28/19 8:53,68.956,70.2,1.2,67.928
8/28/19 8:53,68.956,70.2,1.2,67.928
8/28/19 8:53,68.956,70.2,1.2,67.928
8/28/19 8:53,68.956,70.2,1.2,67.971
8/28/19 8:53,68.956,70.2,1.2,67.928
8/28/19 8:53,68.956,70.2,1.2,67.971
8/28/19 8:53,68.956,70.2,1.2,67.928
8/28/19 8:53,68.956,70.2,1.2,67.928
8/28/19 8:53,68.956,70.2,1.2,67.971
8/28/19 8:53,68.956,70.2,1.2,67.928
8/28/19 8:53,68.956,70.2,1.2,67.971
8/28/19 8:53,68.956,70.2,1.2,67.928
8/28/19 8:53,68.956,70.2,1.2,67.971
8/28/19 8:53,68.956,70.2,1.2,67.971
8/28/19 8:53,68.956,70.2,1.2,67.971
8/28/19 8:54,68.956,70.2,1.2,67.971
8/28/19 8:54,68.999,70.2,1.2,67.971
8/28/19 8:54,68.956,70.2,1.2,67.971
8/28/19 8:54,68.956,70.2,1.2,67.971
8/28/19 8:54,68.956,70.2,1.2,67.971
8/28/19 8:54,68.999,70.3,1.2,67.971
8/28/19 8:54,68.999,70.2,1.2,67.971
8/28/19 8:54,68.999,70.3,1.2,67.971
8/28/19 8:54,68.999,70.3,1.2,67.971
8/28/19 8:54,68.999,70.3,1.2,67.971
8/28/19 8:54,68.999,70.3,1.2,67.971
8/28/19 8:54,68.999,70.3,1.2,67.971
8/28/19 8:54,68.999,70.3,1.2,67.971
8/28/19 8:54,68.999,70.3,1.2,67.971
8/28/19 8:54,68.999,70.3,1.2,67.971
8/28/19 8:54,68.999,70.3,1.2,67.971
8/28/19 8:54,68.999,70.3,1.2,67.971
8/28/19 8:54,68.999,70.3,1.2,67.971
8/28/19 8:54,68.999,70.3,1.2,67.971
8/28/19 8:54,68.999,70.3,1.2,67.971
8/28/19 8:54,68.999,70.3,1.2,67.971
8/28/19 8:54,68.999,70.3,1.2,67.971
8/28/19 8:54,68.999,70.3,1.2,67.971
8/28/19 8:54,68.999,70.4,1.2,67.971
8/28/19 8:54,68.999,70.4,1.2,67.971
8/28/19 8:54,68.999,70.4,1.2,67.971
8/28/19 8:54,68.999,70.3,1.2,67.971
8/28/19 8:54,68.999,70.4,1.2,67.971
8/28/19 8:54,68.999,70.4,1.2,67.971
8/28/19 8:54,68.999,70.4,1.2,67.971
8/28/19 8:54,69.042,70.4,1.2,67.971
8/28/19 8:54,69.042,70.4,1.2,67.971
8/28/19 8:54,69.042,70.4,1.2,67.971
8/28/19 8:54,68.999,70.4,1.2,67.971
8/28/19 8:54,69.042,70.4,1.2,67.971
8/28/19 8:54,69.042,70.4,1.2,67.971
8/28/19 8:54,69.042,70.5,1.2,67.971
8/28/19 8:54,69.042,70.4,1.2,67.971
8/28/19 8:54,69.042,70.4,1.2,67.971
8/28/19 8:54,69.042,70.5,1.2,67.971
8/28/19 8:54,69.042,70.4,1.2,67.971
8/28/19 8:54,69.042,70.4,1.2,67.971
8/28/19 8:54,69.042,70.4,1.2,68.013
8/28/19 8:54,69.042,70.4,1.2,68.013
8/28/19 8:54,69.042,70.4,1.2,68.013
8/28/19 8:54,69.042,70.4,1.2,68.013
8/28/19 8:54,69.042,70.4,1.2,68.013
8/28/19 8:54,69.042,70.4,1.2,68.013
8/28/19 8:54,69.042,70.4,1.2,68.013
8/28/19 8:54,69.042,70.4,1.2,68.013
8/28/19 8:54,69.042,70.4,1.2,68.013
8/28/19 8:54,69.042,70.5,1.2,68.013
8/28/19 8:54,69.042,70.5,1.2,68.056
8/28/19 8:54,69.042,70.4,1.2,68.013
8/28/19 8:54,69.042,70.5,1.2,68.013
8/28/19 8:54,69.042,70.5,1.2,68.056
8/28/19 8:54,69.042,70.5,1.2,68.056
8/28/19 8:54,69.042,70.5,1.2,68.056
8/28/19 8:54,69.042,70.5,1.2,68.056
8/28/19 8:54,69.042,70.5,1.2,68.056
8/28/19 8:55,69.042,70.5,1.2,68.056
8/28/19 8:55,69.042,70.5,1.2,68.056
8/28/19 8:55,69.042,70.5,1.2,68.056
8/28/19 8:55,69.042,70.5,1.2,68.056
8/28/19 8:55,69.042,70.5,1.2,68.013
8/28/19 8:55,69.042,70.5,1.2,68.056
8/28/19 8:55,69.042,70.5,1.2,68.056
8/28/19 8:55,69.042,70.5,1.2,68.056
8/28/19 8:55,69.042,70.5,1.2,68.056
8/28/19 8:55,69.042,70.5,1.2,68.056
8/28/19 8:55,69.042,70.5,1.2,68.056
8/28/19 8:55,69.042,70.5,1.2,68.056
8/28/19 8:55,69.042,70.5,1.2,68.056
8/28/19 8:55,69.042,70.6,1.2,68.056
8/28/19 8:55,69.042,70.5,1.2,68.056
8/28/19 8:55,69.042,70.5,1.2,68.099
8/28/19 8:55,69.042,70.6,1.2,68.099
8/28/19 8:55,69.042,70.5,1.2,68.099
8/28/19 8:55,69.042,70.5,1.2,68.099
8/28/19 8:55,69.042,70.5,1.2,68.099
8/28/19 8:55,69.042,70.5,1.2,68.142
8/28/19 8:55,69.042,70.5,1.2,68.142
8/28/19 8:55,69.042,70.5,1.2,68.099
8/28/19 8:55,69.042,70.5,1.2,68.142
8/28/19 8:55,69.042,70.5,1.2,68.142
8/28/19 8:55,69.042,70.5,1.2,68.142
8/28/19 8:55,69.042,70.5,1.2,68.142
8/28/19 8:55,69.042,70.5,1.2,68.142
8/28/19 8:55,69.042,70.5,1.2,68.142
8/28/19 8:55,69.042,70.5,1.2,68.142
8/28/19 8:55,69.042,70.5,1.2,68.142
8/28/19 8:55,69.042,70.6,1.2,68.142
8/28/19 8:55,69.042,70.6,1.2,68.142
8/28/19 8:55,69.042,70.5,1.2,68.142
8/28/19 8:55,69.042,70.6,1.2,68.142
8/28/19 8:55,69.042,70.5,1.2,68.142
8/28/19 8:55,69.042,70.6,1.2,68.142
8/28/19 8:55,69.042,70.6,1.2,68.142
8/28/19 8:55,69.042,70.5,1.2,68.142
8/28/19 8:55,69.042,70.6,1.2,68.142
8/28/19 8:55,69.042,70.6,1.2,68.142
8/28/19 8:55,69.042,70.6,1.2,68.142
8/28/19 8:55,69.042,70.6,1.2,68.142
8/28/19 8:55,69.042,70.6,1.2,68.142
8/28/19 8:55,69.042,70.6,1.2,68.142
8/28/19 8:55,69.042,70.6,1.2,68.142
8/28/19 8:55,69.042,70.6,1.2,68.142
8/28/19 8:55,69.042,70.6,1.2,68.142
8/28/19 8:55,69.042,70.6,1.2,68.142
8/28/19 8:55,69.042,70.6,1.2,68.142
8/28/19 8:55,69.042,70.6,1.2,68.142
8/28/19 8:55,69.042,70.6,1.2,68.142
8/28/19 8:55,69.042,70.6,1.2,68.142
8/28/19 8:55,69.042,70.6,1.2,68.142
8/28/19 8:55,69.042,70.6,1.2,68.142
8/28/19 8:55,69.042,70.6,8.7,68.142
8/28/19 8:55,69.042,70.6,11.2,68.142
8/28/19 8:55,69.042,70.6,11.2,68.142
8/28/19 8:55,69.042,70.6,11.2,68.142
8/28/19 8:55,69.042,70.6,13.7,68.142
8/28/19 8:56,69.042,70.6,11.2,68.142
8/28/19 8:56,68.999,70.6,11.2,68.142
8/28/19 8:56,69.042,70.6,11.2,68.142
8/28/19 8:56,69.042,70.6,11.2,68.142
8/28/19 8:56,69.042,70.6,8.7,68.142
8/28/19 8:56,69.042,70.6,8.7,68.142
8/28/19 8:56,69.042,70.6,8.7,68.142
8/28/19 8:56,69.042,70.6,8.7,68.142
8/28/19 8:56,68.999,70.6,8.7,68.185
8/28/19 8:56,68.999,70.6,8.7,68.142
8/28/19 8:56,68.999,70.6,11.2,68.185
8/28/19 8:56,68.999,70.6,11.2,68.185
8/28/19 8:56,69.042,70.6,8.7,68.185
8/28/19 8:56,69.042,70.6,8.7,68.185
8/28/19 8:56,69.042,70.6,6.2,68.185
8/28/19 8:56,68.999,70.6,6.2,68.185
8/28/19 8:56,69.042,70.6,3.7,68.185
8/28/19 8:56,68.999,70.6,3.7,68.185
8/28/19 8:56,68.999,70.6,1.2,68.185
8/28/19 8:56,69.042,70.6,1.2,68.185
8/28/19 8:56,68.999,70.6,1.2,68.185
8/28/19 8:56,68.999,70.6,1.2,68.185
8/28/19 8:56,69.042,70.6,1.2,68.185
8/28/19 8:56,68.999,70.6,3.7,68.185
8/28/19 8:56,68.999,70.6,3.7,68.185
8/28/19 8:56,68.999,70.6,3.7,68.185
8/28/19 8:56,68.999,70.6,3.7,68.185
8/28/19 8:56,68.999,70.6,3.7,68.185
8/28/19 8:56,68.999,70.6,1.2,68.185
8/28/19 8:56,68.999,70.6,1.2,68.185
8/28/19 8:56,68.999,70.6,1.2,68.185
8/28/19 8:56,68.999,70.6,1.2,68.227
8/28/19 8:56,68.999,70.7,1.2,68.185
8/28/19 8:56,68.999,70.6,1.2,68.227
8/28/19 8:56,68.999,70.7,1.2,68.227
8/28/19 8:56,68.999,70.7,1.2,68.227
8/28/19 8:56,68.999,70.7,1.2,68.227
8/28/19 8:56,68.999,70.7,1.2,68.227
8/28/19 8:56,68.999,70.7,1.2,68.227
8/28/19 8:56,68.999,70.7,1.2,68.227
8/28/19 8:56,68.999,70.7,1.2,68.227
8/28/19 8:56,68.999,70.7,1.2,68.227
8/28/19 8:56,68.999,70.7,1.2,68.227
8/28/19 8:56,68.999,70.7,1.2,68.227
8/28/19 8:56,68.999,70.7,1.2,68.227
8/28/19 8:56,68.999,70.7,1.2,68.227
8/28/19 8:56,68.999,70.7,1.2,68.227
8/28/19 8:56,68.999,70.7,1.2,68.227
8/28/19 8:56,68.999,70.7,1.2,68.227
8/28/19 8:56,68.999,70.7,1.2,68.227
8/28/19 8:56,68.999,70.7,1.2,68.227
8/28/19 8:56,68.999,70.7,1.2,68.227
8/28/19 8:56,68.999,70.7,1.2,68.227
8/28/19 8:56,68.999,70.7,1.2,68.227
8/28/19 8:56,68.999,70.7,1.2,68.227
8/28/19 8:56,68.999,70.7,1.2,68.227
8/28/19 8:56,68.999,70.7,1.2,68.227
8/28/19 8:56,68.999,70.7,1.2,68.227
8/28/19 8:56,68.999,70.7,1.2,68.227
8/28/19 8:56,68.999,70.7,1.2,68.227
8/28/19 8:57,68.999,70.7,1.2,68.227
8/28/19 8:57,68.999,70.7,1.2,68.227
8/28/19 8:57,68.999,70.7,1.2,68.227
8/28/19 8:57,68.999,70.7,1.2,68.227
8/28/19 8:57,68.999,70.7,1.2,68.227
8/28/19 8:57,68.999,70.7,1.2,68.227
8/28/19 8:57,68.999,70.8,1.2,68.227
8/28/19 8:57,68.999,70.8,1.2,68.227
8/28/19 8:57,68.999,70.7,1.2,68.227
8/28/19 8:57,68.999,70.8,1.2,68.227
8/28/19 8:57,68.999,70.8,1.2,68.227
8/28/19 8:57,68.999,70.8,1.2,68.227
8/28/19 8:57,68.999,70.8,1.2,68.227
8/28/19 8:57,68.999,70.8,1.2,68.227
8/28/19 8:57,68.999,70.8,1.2,68.227
8/28/19 8:57,68.999,70.8,1.2,68.227
8/28/19 8:57,68.999,70.8,1.2,68.227
8/28/19 8:57,68.999,70.8,1.2,68.227
8/28/19 8:57,68.999,70.8,1.2,68.227
8/28/19 8:57,68.999,70.8,1.2,68.227
8/28/19 8:57,68.999,70.8,1.2,68.227
8/28/19 8:57,68.999,70.8,1.2,68.227
8/28/19 8:57,69.042,70.8,1.2,68.227
8/28/19 8:57,68.999,70.8,1.2,68.227
8/28/19 8:57,68.999,70.8,1.2,68.227
8/28/19 8:57,68.999,70.8,1.2,68.227
8/28/19 8:57,68.999,70.8,1.2,68.227
8/28/19 8:57,68.999,70.8,1.2,68.227
8/28/19 8:57,69.042,70.8,1.2,68.227
8/28/19 8:57,68.999,70.8,1.2,68.227
8/28/19 8:57,68.999,70.8,1.2,68.227
8/28/19 8:57,68.999,70.8,1.2,68.227
8/28/19 8:57,68.999,70.8,1.2,68.227
8/28/19 8:57,68.999,70.8,1.2,68.227
8/28/19 8:57,68.999,70.8,1.2,68.227
8/28/19 8:57,68.999,70.8,1.2,68.227
8/28/19 8:57,68.999,70.8,1.2,68.227
8/28/19 8:57,68.999,70.9,1.2,68.227
8/28/19 8:57,68.999,70.9,1.2,68.227
8/28/19 8:57,68.999,70.9,1.2,68.227
8/28/19 8:57,68.999,70.9,1.2,68.227
8/28/19 8:57,68.999,70.8,1.2,68.227
8/28/19 8:57,68.999,70.9,1.2,68.227
8/28/19 8:57,68.999,70.9,1.2,68.227
8/28/19 8:57,68.999,70.9,1.2,68.227
8/28/19 8:57,68.999,70.9,1.2,68.227
8/28/19 8:57,68.999,70.9,1.2,68.227
8/28/19 8:57,68.999,70.9,1.2,68.227
8/28/19 8:57,68.999,70.9,1.2,68.227
8/28/19 8:57,68.999,70.9,1.2,68.227
8/28/19 8:57,68.999,70.9,1.2,68.227
8/28/19 8:57,68.999,70.9,1.2,68.227
8/28/19 8:57,69.042,70.9,1.2,68.227
8/28/19 8:57,68.999,70.9,1.2,68.227
8/28/19 8:57,68.999,70.9,1.2,68.227
8/28/19 8:57,68.999,70.9,1.2,68.227
8/28/19 8:57,68.999,70.9,1.2,68.227
8/28/19 8:57,68.999,71,1.2,68.227
8/28/19 8:57,68.999,71,1.2,68.227
8/28/19 8:57,68.999,71,1.2,68.227
8/28/19 8:58,68.999,71,1.2,68.227
8/28/19 8:58,68.999,71,1.2,68.227
8/28/19 8:58,68.999,71,1.2,68.27
8/28/19 8:58,68.999,71,1.2,68.227
8/28/19 8:58,68.999,71,1.2,68.227
8/28/19 8:58,68.999,71,1.2,68.227
8/28/19 8:58,68.999,71,1.2,68.227
8/28/19 8:58,68.999,71,1.2,68.227
8/28/19 8:58,68.999,71,1.2,68.227
8/28/19 8:58,68.999,71,1.2,68.227
8/28/19 8:58,68.999,71,1.2,68.227
8/28/19 8:58,68.999,71,1.2,68.227
8/28/19 8:58,68.999,71,1.2,68.227
8/28/19 8:58,68.999,71,1.2,68.227
8/28/19 8:58,68.999,71,1.2,68.227
8/28/19 8:58,68.999,71,1.2,68.227
8/28/19 8:58,68.999,71,1.2,68.227
8/28/19 8:58,68.999,71,1.2,68.227
8/28/19 8:58,68.999,71,1.2,68.227
8/28/19 8:58,68.999,71,1.2,68.27
8/28/19 8:58,68.999,71,1.2,68.227
8/28/19 8:58,68.999,71,1.2,68.227
8/28/19 8:58,68.999,71,1.2,68.27
8/28/19 8:58,68.999,71,1.2,68.27
8/28/19 8:58,68.999,71,1.2,68.227
8/28/19 8:58,68.999,71,1.2,68.227
8/28/19 8:58,68.999,71,1.2,68.27
8/28/19 8:58,68.999,71,1.2,68.27
8/28/19 8:58,68.999,71.1,1.2,68.27
8/28/19 8:58,68.999,71,1.2,68.27
8/28/19 8:58,68.999,71,1.2,68.27
8/28/19 8:58,68.999,71,1.2,68.27
8/28/19 8:58,68.999,71,1.2,68.27
8/28/19 8:58,68.999,71.1,1.2,68.27
8/28/19 8:58,68.999,71.1,1.2,68.27
8/28/19 8:58,68.999,71.1,1.2,68.27
8/28/19 8:58,68.999,71.1,1.2,68.27
8/28/19 8:58,68.999,71.1,1.2,68.27
8/28/19 8:58,68.999,71.1,1.2,68.27
8/28/19 8:58,68.999,71.1,1.2,68.27
8/28/19 8:58,68.999,71,1.2,68.27
8/28/19 8:58,68.999,71.1,1.2,68.27
8/28/19 8:58,68.999,71,1.2,68.27
8/28/19 8:58,68.999,71.1,1.2,68.27
8/28/19 8:58,68.999,71,1.2,68.27
8/28/19 8:58,68.999,71,1.2,68.27
8/28/19 8:58,68.999,71,1.2,68.27
8/28/19 8:58,68.999,71,1.2,68.27
8/28/19 8:58,68.999,71,1.2,68.313
8/28/19 8:58,68.999,71,1.2,68.313
8/28/19 8:58,68.999,71,1.2,68.313
8/28/19 8:58,68.999,71,1.2,68.27
8/28/19 8:58,68.999,71,1.2,68.313
8/28/19 8:58,68.999,71,1.2,68.313
8/28/19 8:58,68.999,71,1.2,68.313
8/28/19 8:58,68.999,71,1.2,68.313
8/28/19 8:58,68.999,71,1.2,68.313
8/28/19 8:58,68.999,71,1.2,68.313
8/28/19 8:58,68.999,71,1.2,68.313
8/28/19 8:58,68.999,71,1.2,68.313
8/28/19 8:59,68.999,71,1.2,68.313
8/28/19 8:59,68.999,71,1.2,68.313
8/28/19 8:59,68.999,71.1,1.2,68.313
8/28/19 8:59,68.999,71.1,1.2,68.313
8/28/19 8:59,68.999,71,1.2,68.313
8/28/19 8:59,68.999,71.1,1.2,68.313
8/28/19 8:59,68.999,71.1,1.2,68.356
8/28/19 8:59,68.999,71.1,1.2,68.313
8/28/19 8:59,68.999,71.1,1.2,68.356
8/28/19 8:59,68.999,71.1,1.2,68.356
8/28/19 8:59,68.999,71.1,1.2,68.356
8/28/19 8:59,68.999,71.1,1.2,68.356
8/28/19 8:59,68.999,71.1,1.2,68.356
8/28/19 8:59,68.999,71.1,1.2,68.356
8/28/19 8:59,69.042,71.1,1.2,68.356
8/28/19 8:59,68.999,71.1,1.2,68.356
8/28/19 8:59,68.999,71.1,1.2,68.356
8/28/19 8:59,68.999,71.1,1.2,68.356
8/28/19 8:59,68.999,71.1,1.2,68.356
8/28/19 8:59,68.999,71.1,1.2,68.356
8/28/19 8:59,68.999,71.1,1.2,68.356
8/28/19 8:59,69.042,71.1,1.2,68.4
8/28/19 8:59,68.999,71.1,1.2,68.4
8/28/19 8:59,69.042,71.1,1.2,68.356
8/28/19 8:59,69.042,71.1,1.2,68.4
8/28/19 8:59,69.042,71.1,1.2,68.4
8/28/19 8:59,69.042,71.1,1.2,68.4
8/28/19 8:59,69.042,71.2,1.2,68.4
8/28/19 8:59,69.042,71.1,1.2,68.4
8/28/19 8:59,69.042,71.2,1.2,68.4
8/28/19 8:59,69.042,71.2,1.2,68.4
8/28/19 8:59,69.042,71.2,1.2,68.4
8/28/19 8:59,69.042,71.2,1.2,68.4
8/28/19 8:59,69.042,71.2,1.2,68.4
8/28/19 8:59,69.042,71.2,1.2,68.4
8/28/19 8:59,69.042,71.2,1.2,68.4
8/28/19 8:59,69.042,71.2,1.2,68.4
8/28/19 8:59,69.042,71.2,1.2,68.4
8/28/19 8:59,69.042,71.2,1.2,68.4
8/28/19 8:59,69.042,71.2,1.2,68.4
8/28/19 8:59,69.042,71.2,1.2,68.4
8/28/19 8:59,69.042,71.2,1.2,68.443
8/28/19 8:59,69.042,71.3,1.2,68.4
8/28/19 8:59,69.042,71.2,1.2,68.443
8/28/19 8:59,69.042,71.2,1.2,68.4
8/28/19 8:59,69.042,71.3,1.2,68.443
8/28/19 8:59,69.042,71.3,1.2,68.443
8/28/19 8:59,69.042,71.3,1.2,68.443
8/28/19 8:59,69.042,71.3,1.2,68.443
8/28/19 8:59,69.042,71.3,1.2,68.443
8/28/19 8:59,69.042,71.3,1.2,68.443
8/28/19 8:59,69.042,71.3,1.2,68.443
8/28/19 8:59,69.042,71.3,1.2,68.443
8/28/19 8:59,69.085,71.3,1.2,68.443
8/28/19 8:59,69.085,71.3,1.2,68.443
8/28/19 8:59,69.042,71.3,1.2,68.443
8/28/19 8:59,69.042,71.3,1.2,68.443
8/28/19 8:59,69.042,71.3,1.2,68.443
8/28/19 8:59,69.042,71.3,1.2,68.443
8/28/19 8:59,69.085,71.3,1.2,68.443
8/28/19 9:00,69.042,71.3,1.2,68.443
8/28/19 9:00,69.042,71.3,1.2,68.484
8/28/19 9:00,69.042,71.3,1.2,68.484
8/28/19 9:00,69.085,71.4,1.2,68.484
8/28/19 9:00,69.085,71.3,1.2,68.484
8/28/19 9:00,69.042,71.3,1.2,68.484
8/28/19 9:00,69.042,71.4,1.2,68.484
8/28/19 9:00,69.042,71.4,1.2,68.484
8/28/19 9:00,69.042,71.4,1.2,68.484
8/28/19 9:00,69.085,71.4,1.2,68.484
8/28/19 9:00,69.085,71.4,1.2,68.484
8/28/19 9:00,69.085,71.4,1.2,68.484
8/28/19 9:00,69.085,71.4,1.2,68.484
8/28/19 9:00,69.085,71.4,1.2,68.484
8/28/19 9:00,69.085,71.4,1.2,68.484
8/28/19 9:00,69.085,71.4,1.2,68.484
8/28/19 9:00,69.085,71.4,1.2,68.484
8/28/19 9:00,69.085,71.4,1.2,68.484
8/28/19 9:00,69.085,71.4,1.2,68.484
8/28/19 9:00,69.085,71.4,1.2,68.484
8/28/19 9:00,69.085,71.4,1.2,68.484
8/28/19 9:00,69.085,71.4,1.2,68.484
8/28/19 9:00,69.085,71.4,1.2,68.484
8/28/19 9:00,69.085,71.4,1.2,68.484
8/28/19 9:00,69.085,71.4,1.2,68.484
8/28/19 9:00,69.085,71.4,1.2,68.484
8/28/19 9:00,69.085,71.4,1.2,68.484
8/28/19 9:00,69.085,71.5,1.2,68.484
8/28/19 9:00,69.085,71.5,1.2,68.484
8/28/19 9:00,69.085,71.5,1.2,68.527
8/28/19 9:00,69.085,71.5,1.2,68.527
8/28/19 9:00,69.085,71.5,1.2,68.527
8/28/19 9:00,69.085,71.4,1.2,68.527
8/28/19 9:00,69.085,71.4,1.2,68.527
8/28/19 9:00,69.085,71.4,1.2,68.527
8/28/19 9:00,69.085,71.4,1.2,68.527
8/28/19 9:00,69.085,71.4,1.2,68.527
8/28/19 9:00,69.085,71.4,1.2,68.527
8/28/19 9:00,69.085,71.4,1.2,68.527
8/28/19 9:00,69.085,71.4,1.2,68.527
8/28/19 9:00,69.085,71.4,1.2,68.527
8/28/19 9:00,69.085,71.4,1.2,68.527
8/28/19 9:00,69.085,71.4,1.2,68.527
8/28/19 9:00,69.085,71.4,1.2,68.527
8/28/19 9:00,69.085,71.4,1.2,68.527
8/28/19 9:00,69.085,71.4,1.2,68.527
8/28/19 9:00,69.085,71.5,1.2,68.527
8/28/19 9:00,69.085,71.5,1.2,68.527
8/28/19 9:00,69.085,71.5,1.2,68.527
8/28/19 9:00,69.085,71.5,1.2,68.571
8/28/19 9:00,69.085,71.5,1.2,68.571
8/28/19 9:00,69.085,71.5,1.2,68.571
8/28/19 9:00,69.085,71.5,1.2,68.571
8/28/19 9:00,69.085,71.5,1.2,68.571
8/28/19 9:00,69.085,71.5,1.2,68.571
8/28/19 9:00,69.085,71.5,1.2,68.571
8/28/19 9:00,69.085,71.5,1.2,68.571
8/28/19 9:00,69.085,71.5,1.2,68.571
8/28/19 9:00,69.085,71.5,1.2,68.571
8/28/19 9:00,69.085,71.6,1.2,68.571
8/28/19 9:01,69.085,71.6,1.2,68.571
8/28/19 9:01,69.085,71.6,1.2,68.571
8/28/19 9:01,69.085,71.6,1.2,68.571
8/28/19 9:01,69.129,71.6,1.2,68.571
8/28/19 9:01,69.085,71.6,1.2,68.571
8/28/19 9:01,69.129,71.6,1.2,68.571
8/28/19 9:01,69.129,71.6,1.2,68.571
8/28/19 9:01,69.129,71.6,1.2,68.571
8/28/19 9:01,69.129,71.6,1.2,68.571
8/28/19 9:01,69.129,71.6,1.2,68.571
8/28/19 9:01,69.085,71.6,1.2,68.614
8/28/19 9:01,69.129,71.6,1.2,68.571
8/28/19 9:01,69.129,71.6,1.2,68.614
8/28/19 9:01,69.129,71.6,1.2,68.614
8/28/19 9:01,69.129,71.6,1.2,68.614
8/28/19 9:01,69.129,71.7,1.2,68.614
8/28/19 9:01,69.129,71.6,1.2,68.614
8/28/19 9:01,69.129,71.7,1.2,68.614
8/28/19 9:01,69.129,71.7,1.2,68.614
8/28/19 9:01,69.129,71.7,1.2,68.614
8/28/19 9:01,69.129,71.7,1.2,68.614
8/28/19 9:01,69.129,71.7,1.2,68.614
8/28/19 9:01,69.129,71.7,1.2,68.614
8/28/19 9:01,69.129,71.7,1.2,68.614
8/28/19 9:01,69.129,71.7,1.2,68.614
8/28/19 9:01,69.129,71.7,1.2,68.614
8/28/19 9:01,69.129,71.7,1.2,68.614
8/28/19 9:01,69.129,71.7,1.2,68.614
8/28/19 9:01,69.129,71.7,1.2,68.614
8/28/19 9:01,69.129,71.7,1.2,68.614
8/28/19 9:01,69.129,71.7,1.2,68.614
8/28/19 9:01,69.129,71.7,1.2,68.614
8/28/19 9:01,69.129,71.7,1.2,68.657
8/28/19 9:01,69.129,71.7,1.2,68.614
8/28/19 9:01,69.129,71.7,1.2,68.614
8/28/19 9:01,69.129,71.8,1.2,68.614
8/28/19 9:01,69.129,71.8,1.2,68.657
8/28/19 9:01,69.129,71.8,1.2,68.657
8/28/19 9:01,69.129,71.8,1.2,68.657
8/28/19 9:01,69.129,71.8,1.2,68.657
8/28/19 9:01,69.129,71.8,1.2,68.657
8/28/19 9:01,69.129,71.8,1.2,68.657
8/28/19 9:01,69.129,71.8,1.2,68.657
8/28/19 9:01,69.129,71.8,1.2,68.657
8/28/19 9:01,69.129,71.8,1.2,68.657
8/28/19 9:01,69.129,71.9,1.2,68.698
8/28/19 9:01,69.129,71.8,1.2,68.698
8/28/19 9:01,69.129,71.8,1.2,68.698
8/28/19 9:01,69.129,71.9,1.2,68.698
8/28/19 9:01,69.129,71.9,1.2,68.698
8/28/19 9:01,69.129,71.9,1.2,68.698
8/28/19 9:01,69.129,71.9,1.2,68.698
8/28/19 9:01,69.17,71.9,1.2,68.742
8/28/19 9:01,69.17,71.9,1.2,68.742
8/28/19 9:01,69.17,71.9,1.2,68.742
8/28/19 9:01,69.17,71.9,1.2,68.742
8/28/19 9:01,69.17,71.9,1.2,68.742
8/28/19 9:01,69.17,71.8,1.2,68.742
8/28/19 9:01,69.17,71.8,1.2,68.785
8/28/19 9:01,69.17,71.8,1.2,68.785
8/28/19 9:02,69.17,71.8,1.2,68.785
8/28/19 9:02,69.17,71.8,1.2,68.785
8/28/19 9:02,69.17,71.9,1.2,68.785
8/28/19 9:02,69.17,71.9,1.2,68.785
8/28/19 9:02,69.17,71.9,1.2,68.785
8/28/19 9:02,69.17,71.9,1.2,68.828
8/28/19 9:02,69.17,71.9,1.2,68.828
8/28/19 9:02,69.17,71.9,1.2,68.828
8/28/19 9:02,69.17,71.9,1.2,68.828
8/28/19 9:02,69.17,71.9,1.2,68.828
8/28/19 9:02,69.17,71.9,1.2,68.828
8/28/19 9:02,69.17,71.9,1.2,68.828
8/28/19 9:02,69.17,71.9,1.2,68.828
8/28/19 9:02,69.213,71.9,1.2,68.871
8/28/19 9:02,69.213,71.9,1.2,68.871
8/28/19 9:02,69.213,72,1.2,68.871
8/28/19 9:02,69.213,71.9,1.2,68.871
8/28/19 9:02,69.213,72,1.2,68.871
8/28/19 9:02,69.213,72,1.2,68.871
8/28/19 9:02,69.213,72,1.2,68.871
8/28/19 9:02,69.213,72,1.2,68.871
8/28/19 9:02,69.213,72,1.2,68.871
8/28/19 9:02,69.213,72,1.2,68.871
8/28/19 9:02,69.213,72,1.2,68.871
8/28/19 9:02,69.213,72,1.2,68.913
8/28/19 9:02,69.213,72,1.2,68.913
8/28/19 9:02,69.213,72,1.2,68.913
8/28/19 9:02,69.213,72,1.2,68.913
8/28/19 9:02,69.213,72,1.2,68.913
8/28/19 9:02,69.213,72,1.2,68.913
8/28/19 9:02,69.213,72,1.2,68.913
8/28/19 9:02,69.213,72,1.2,68.913
8/28/19 9:02,69.213,72.1,1.2,68.913
8/28/19 9:02,69.213,72,1.2,68.913
8/28/19 9:02,69.213,72.1,1.2,68.913
8/28/19 9:02,69.213,72.1,1.2,68.913
8/28/19 9:02,69.213,72.1,1.2,68.913
8/28/19 9:02,69.213,72.1,1.2,68.956
8/28/19 9:02,69.213,72.1,1.2,68.913
8/28/19 9:02,69.213,72.1,1.2,68.956
8/28/19 9:02,69.213,72.1,1.2,68.956
8/28/19 9:02,69.213,72.1,1.2,68.956
8/28/19 9:02,69.256,72.1,1.2,68.956
8/28/19 9:02,69.213,72.1,1.2,68.956
8/28/19 9:02,69.256,72.1,1.2,68.956
8/28/19 9:02,69.256,72.1,1.2,68.956
8/28/19 9:02,69.256,72.2,1.2,68.956
8/28/19 9:02,69.256,72.2,1.2,68.956
8/28/19 9:02,69.256,72.2,1.2,68.956
8/28/19 9:02,69.256,72.2,1.2,68.956
8/28/19 9:02,69.256,72.2,1.2,68.956
8/28/19 9:02,69.256,72.3,1.2,68.956
8/28/19 9:02,69.256,72.2,1.2,68.956
8/28/19 9:02,69.256,72.2,1.2,68.999
8/28/19 9:02,69.256,72.2,1.2,68.999
8/28/19 9:02,69.256,72.2,1.2,68.999
8/28/19 9:02,69.256,72.2,1.2,68.999
8/28/19 9:02,69.256,72.3,1.2,68.999
8/28/19 9:02,69.256,72.2,1.2,68.999
8/28/19 9:02,69.256,72.2,1.2,68.999
8/28/19 9:03,69.256,72.3,1.2,68.999
8/28/19 9:03,69.256,72.3,1.2,68.999
8/28/19 9:03,69.256,72.2,1.2,68.999
8/28/19 9:03,69.256,72.4,1.2,68.999
8/28/19 9:03,69.256,72.4,1.2,68.999
8/28/19 9:03,69.256,72.4,1.2,68.999
8/28/19 9:03,69.256,72.3,1.2,68.999
8/28/19 9:03,69.256,72.4,1.2,68.999
8/28/19 9:03,69.256,72.4,1.2,68.999
8/28/19 9:03,69.256,72.2,1.2,68.999
8/28/19 9:03,69.256,72.2,1.2,68.999
8/28/19 9:03,69.256,72.3,1.2,68.999
8/28/19 9:03,69.256,72.3,1.2,68.999
8/28/19 9:03,69.256,72.3,1.2,68.999
8/28/19 9:03,69.256,72.3,1.2,69.042
8/28/19 9:03,69.256,72.3,1.2,69.042
8/28/19 9:03,69.256,72.3,1.2,69.042
8/28/19 9:03,69.256,72.3,1.2,69.042
8/28/19 9:03,69.256,72.3,1.2,69.042
8/28/19 9:03,69.256,72.4,1.2,69.042
8/28/19 9:03,69.256,72.2,1.2,69.042
8/28/19 9:03,69.256,72.2,1.2,69.042
8/28/19 9:03,69.256,72.4,1.2,69.042
8/28/19 9:03,69.256,72.4,1.2,69.042
8/28/19 9:03,69.256,72.4,1.2,69.042
8/28/19 9:03,69.256,72.3,1.2,69.042
8/28/19 9:03,69.256,72.4,1.2,69.042
8/28/19 9:03,69.256,72.4,1.2,69.042
8/28/19 9:03,69.256,72.4,1.2,69.042
8/28/19 9:03,69.3,72.4,1.2,69.042
8/28/19 9:03,69.256,72.4,1.2,69.042
8/28/19 9:03,69.256,72.4,1.2,69.042
8/28/19 9:03,69.3,72.4,1.2,69.042
8/28/19 9:03,69.3,72.4,1.2,69.042
8/28/19 9:03,69.3,72.4,1.2,69.042
8/28/19 9:03,69.3,72.4,1.2,69.042
8/28/19 9:03,69.3,72.5,1.2,69.042
8/28/19 9:03,69.3,72.4,1.2,69.042
8/28/19 9:03,69.3,72.4,1.2,69.042
8/28/19 9:03,69.3,72.4,1.2,69.085
8/28/19 9:03,69.3,72.5,1.2,69.085
8/28/19 9:03,69.3,72.5,1.2,69.042
8/28/19 9:03,69.3,72.5,1.2,69.042
8/28/19 9:03,69.3,72.5,1.2,69.042
8/28/19 9:03,69.3,72.5,1.2,69.085
8/28/19 9:03,69.3,72.5,1.2,69.085
8/28/19 9:03,69.3,72.5,1.2,69.085
8/28/19 9:03,69.3,72.5,1.2,69.085
8/28/19 9:03,69.3,72.5,1.2,69.085
8/28/19 9:03,69.3,72.5,1.2,69.085
8/28/19 9:03,69.3,72.6,1.2,69.085
8/28/19 9:03,69.3,72.5,1.2,69.085
8/28/19 9:03,69.3,72.6,1.2,69.085
8/28/19 9:03,69.3,72.6,1.2,69.085
8/28/19 9:03,69.3,72.6,1.2,69.085
8/28/19 9:03,69.3,72.6,1.2,69.085
8/28/19 9:03,69.3,72.6,1.2,69.085
8/28/19 9:03,69.3,72.6,1.2,69.085
8/28/19 9:03,69.3,72.6,1.2,69.085
8/28/19 9:03,69.3,72.6,1.2,69.085
8/28/19 9:04,69.3,72.6,1.2,69.085
8/28/19 9:04,69.3,72.6,1.2,69.085
8/28/19 9:04,69.3,72.6,1.2,69.129
8/28/19 9:04,69.3,72.6,1.2,69.129
8/28/19 9:04,69.3,72.6,1.2,69.129
8/28/19 9:04,69.3,72.6,1.2,69.129
8/28/19 9:04,69.343,72.6,1.2,69.129
8/28/19 9:04,69.343,72.6,1.2,69.129
8/28/19 9:04,69.3,72.6,1.2,69.129
8/28/19 9:04,69.343,72.6,1.2,69.129
8/28/19 9:04,69.343,72.6,1.2,69.129
8/28/19 9:04,69.3,72.7,1.2,69.129
8/28/19 9:04,69.343,72.7,1.2,69.129
8/28/19 9:04,69.343,72.7,1.2,69.129
8/28/19 9:04,69.343,72.7,1.2,69.129
8/28/19 9:04,69.343,72.7,1.2,69.129
8/28/19 9:04,69.343,72.7,1.2,69.129
8/28/19 9:04,69.343,72.7,1.2,69.17
8/28/19 9:04,69.343,72.7,1.2,69.129
8/28/19 9:04,69.343,72.7,1.2,69.17
8/28/19 9:04,69.343,72.7,1.2,69.17
8/28/19 9:04,69.343,72.7,1.2,69.17
8/28/19 9:04,69.343,72.7,1.2,69.17
8/28/19 9:04,69.343,72.7,1.2,69.17
8/28/19 9:04,69.343,72.7,1.2,69.17
8/28/19 9:04,69.343,72.7,1.2,69.17
8/28/19 9:04,69.343,72.7,1.2,69.17
8/28/19 9:04,69.343,72.7,1.2,69.17
8/28/19 9:04,69.343,72.7,1.2,69.17
8/28/19 9:04,69.343,72.7,1.2,69.17
8/28/19 9:04,69.343,72.8,1.2,69.17
8/28/19 9:04,69.386,72.8,1.2,69.17
8/28/19 9:04,69.343,72.7,1.2,69.17
8/28/19 9:04,69.386,72.8,1.2,69.17
8/28/19 9:04,69.386,72.8,1.2,69.17
8/28/19 9:04,69.386,72.8,1.2,69.17
8/28/19 9:04,69.386,72.8,1.2,69.17
8/28/19 9:04,69.386,72.8,1.2,69.17
8/28/19 9:04,69.386,72.7,1.2,69.17
8/28/19 9:04,69.386,72.7,1.2,69.213
8/28/19 9:04,69.386,72.8,1.2,69.213
8/28/19 9:04,69.386,72.7,1.2,69.213
8/28/19 9:04,69.386,72.7,1.2,69.213
8/28/19 9:04,69.386,72.7,1.2,69.213
8/28/19 9:04,69.386,72.8,1.2,69.213
8/28/19 9:04,69.386,72.8,1.2,69.213
8/28/19 9:04,69.386,72.8,1.2,69.213
8/28/19 9:04,69.386,72.8,1.2,69.213
8/28/19 9:04,69.386,72.8,1.2,69.213
8/28/19 9:04,69.386,72.8,1.2,69.213
8/28/19 9:04,69.386,72.7,1.2,69.213
8/28/19 9:04,69.386,72.7,1.2,69.213
8/28/19 9:04,69.386,72.7,1.2,69.213
8/28/19 9:04,69.386,72.7,1.2,69.213
8/28/19 9:04,69.386,72.7,1.2,69.213
8/28/19 9:04,69.386,72.7,1.2,69.213
8/28/19 9:04,69.427,72.7,1.2,69.213
8/28/19 9:04,69.427,72.7,1.2,69.256
8/28/19 9:04,69.427,72.7,1.2,69.256
8/28/19 9:04,69.427,72.7,1.2,69.256
8/28/19 9:05,69.427,72.8,1.2,69.256
8/28/19 9:05,69.427,72.7,1.2,69.256
8/28/19 9:05,69.427,72.8,1.2,69.256
8/28/19 9:05,69.427,72.7,1.2,69.256
8/28/19 9:05,69.427,72.8,1.2,69.256
8/28/19 9:05,69.427,72.8,1.2,69.256
8/28/19 9:05,69.427,72.8,1.2,69.256
8/28/19 9:05,69.427,72.8,1.2,69.256
8/28/19 9:05,69.427,72.8,1.2,69.256
8/28/19 9:05,69.427,72.8,1.2,69.256
8/28/19 9:05,69.427,72.8,1.2,69.3
8/28/19 9:05,69.427,72.8,1.2,69.3
8/28/19 9:05,69.427,72.8,1.2,69.3
8/28/19 9:05,69.427,72.8,1.2,69.3
8/28/19 9:05,69.427,72.8,1.2,69.3
8/28/19 9:05,69.427,72.8,1.2,69.3
8/28/19 9:05,69.427,72.8,1.2,69.3
8/28/19 9:05,69.427,72.8,1.2,69.3
8/28/19 9:05,69.471,72.8,1.2,69.3
8/28/19 9:05,69.427,72.8,1.2,69.3
8/28/19 9:05,69.471,72.8,1.2,69.3
8/28/19 9:05,69.427,72.9,1.2,69.3
8/28/19 9:05,69.471,72.9,1.2,69.3
8/28/19 9:05,69.471,72.9,1.2,69.3
8/28/19 9:05,69.471,72.9,1.2,69.3
8/28/19 9:05,69.471,72.9,1.2,69.3
8/28/19 9:05,69.471,72.9,1.2,69.3
8/28/19 9:05,69.471,72.9,1.2,69.343
8/28/19 9:05,69.471,72.9,1.2,69.3
8/28/19 9:05,69.471,72.9,1.2,69.343
8/28/19 9:05,69.471,72.9,1.2,69.343
8/28/19 9:05,69.471,72.9,1.2,69.3
8/28/19 9:05,69.471,72.9,1.2,69.343
8/28/19 9:05,69.471,72.9,1.2,69.343
8/28/19 9:05,69.471,72.9,1.2,69.343
8/28/19 9:05,69.471,72.9,1.2,69.343
8/28/19 9:05,69.471,72.9,1.2,69.343
8/28/19 9:05,69.471,72.9,1.2,69.343
8/28/19 9:05,69.471,73,1.2,69.343
8/28/19 9:05,69.514,73,1.2,69.343
8/28/19 9:05,69.471,73,1.2,69.343
8/28/19 9:05,69.471,73,1.2,69.343
8/28/19 9:05,69.514,73,1.2,69.343
8/28/19 9:05,69.514,73,1.2,69.343
8/28/19 9:05,69.514,73,1.2,69.343
8/28/19 9:05,69.514,73,1.2,69.386
8/28/19 9:05,69.514,73,1.2,69.343
8/28/19 9:05,69.514,73,1.2,69.386
8/28/19 9:05,69.514,73,1.2,69.386
8/28/19 9:05,69.514,73,1.2,69.386
8/28/19 9:05,69.514,73,1.2,69.386
8/28/19 9:05,69.514,73.1,1.2,69.386
8/28/19 9:05,69.514,73.2,1.2,69.386
8/28/19 9:05,69.514,73.2,1.2,69.386
8/28/19 9:05,69.514,73.1,1.2,69.386
8/28/19 9:05,69.514,73.1,1.2,69.386
8/28/19 9:05,69.557,73.1,1.2,69.386
8/28/19 9:05,69.514,73.1,1.2,69.386
8/28/19 9:05,69.514,73.2,1.2,69.386
8/28/19 9:05,69.514,73.2,1.2,69.427
8/28/19 9:06,69.557,73.2,1.2,69.427
8/28/19 9:06,69.557,73.1,1.2,69.427
8/28/19 9:06,69.557,73.1,1.2,69.427
8/28/19 9:06,69.557,73.2,1.2,69.427
8/28/19 9:06,69.557,73.2,1.2,69.427
8/28/19 9:06,69.557,73.1,1.2,69.427
8/28/19 9:06,69.557,73.1,1.2,69.427
8/28/19 9:06,69.557,73.1,1.2,69.427
8/28/19 9:06,69.557,73.2,1.2,69.427
8/28/19 9:06,69.557,73.1,1.2,69.427
8/28/19 9:06,69.557,73.2,1.2,69.427
8/28/19 9:06,69.557,73.2,1.2,69.427
8/28/19 9:06,69.557,73.2,1.2,69.427
8/28/19 9:06,69.557,73.2,1.2,69.427
8/28/19 9:06,69.557,73.2,1.2,69.427
8/28/19 9:06,69.557,73.2,1.2,69.427
8/28/19 9:06,69.557,73.2,1.2,69.427
8/28/19 9:06,69.557,73.2,1.2,69.427
8/28/19 9:06,69.557,73.2,1.2,69.427
8/28/19 9:06,69.6,73.2,1.2,69.427
8/28/19 9:06,69.557,73.2,1.2,69.427
8/28/19 9:06,69.6,73.2,1.2,69.471
8/28/19 9:06,69.557,73.2,1.2,69.471
8/28/19 9:06,69.6,73.2,1.2,69.427
8/28/19 9:06,69.6,73.2,1.2,69.471
8/28/19 9:06,69.6,73.2,1.2,69.471
8/28/19 9:06,69.6,73.2,1.2,69.471
8/28/19 9:06,69.6,73.2,1.2,69.471
8/28/19 9:06,69.6,73.2,1.2,69.471
8/28/19 9:06,69.6,73.3,1.2,69.471
8/28/19 9:06,69.6,73.2,1.2,69.471
8/28/19 9:06,69.6,73.2,1.2,69.471
8/28/19 9:06,69.6,73.2,1.2,69.471
8/28/19 9:06,69.6,73.3,1.2,69.471
8/28/19 9:06,69.6,73.2,1.2,69.471
8/28/19 9:06,69.6,73.3,1.2,69.471
8/28/19 9:06,69.6,73.3,1.2,69.471
8/28/19 9:06,69.6,73.3,1.2,69.471
8/28/19 9:06,69.6,73.3,1.2,69.471
8/28/19 9:06,69.6,73.3,1.2,69.471
8/28/19 9:06,69.6,73.3,1.2,69.471
8/28/19 9:06,69.6,73.3,1.2,69.471
8/28/19 9:06,69.6,73.3,1.2,69.471
8/28/19 9:06,69.6,73.3,1.2,69.471
8/28/19 9:06,69.643,73.3,1.2,69.514
8/28/19 9:06,69.6,73.3,1.2,69.471
8/28/19 9:06,69.6,73.3,1.2,69.471
8/28/19 9:06,69.6,73.3,1.2,69.514
8/28/19 9:06,69.643,73.3,1.2,69.514
8/28/19 9:06,69.6,73.3,1.2,69.514
8/28/19 9:06,69.643,73.3,1.2,69.514
8/28/19 9:06,69.643,73.4,1.2,69.514
8/28/19 9:06,69.643,73.3,1.2,69.514
8/28/19 9:06,69.643,73.4,1.2,69.514
8/28/19 9:06,69.643,73.3,1.2,69.514
8/28/19 9:06,69.643,73.3,1.2,69.514
8/28/19 9:06,69.643,73.4,1.2,69.514
8/28/19 9:06,69.643,73.4,1.2,69.514
8/28/19 9:06,69.643,73.4,1.2,69.514
8/28/19 9:06,69.643,73.4,1.2,69.514
8/28/19 9:07,69.643,73.4,1.2,69.514
8/28/19 9:07,69.643,73.4,1.2,69.557
8/28/19 9:07,69.643,73.4,1.2,69.557
8/28/19 9:07,69.643,73.4,1.2,69.557
8/28/19 9:07,69.643,73.4,1.2,69.557
8/28/19 9:07,69.643,73.4,1.2,69.557
8/28/19 9:07,69.643,73.4,1.2,69.557
8/28/19 9:07,69.643,73.4,1.2,69.557
8/28/19 9:07,69.643,73.4,1.2,69.557
8/28/19 9:07,69.643,73.5,1.2,69.6
8/28/19 9:07,69.643,73.5,1.2,69.6
8/28/19 9:07,69.643,73.5,1.2,69.6
8/28/19 9:07,69.643,73.5,1.2,69.6
8/28/19 9:07,69.643,73.5,1.2,69.6
8/28/19 9:07,69.643,73.5,1.2,69.643
8/28/19 9:07,69.643,73.5,1.2,69.643
8/28/19 9:07,69.643,73.5,1.2,69.643
8/28/19 9:07,69.643,73.5,1.2,69.643
8/28/19 9:07,69.685,73.5,1.2,69.643
8/28/19 9:07,69.685,73.5,1.2,69.685
8/28/19 9:07,69.685,73.5,1.2,69.685
8/28/19 9:07,69.685,73.5,1.2,69.685
8/28/19 9:07,69.685,73.5,1.2,69.685
8/28/19 9:07,69.685,73.5,1.2,69.685
8/28/19 9:07,69.685,73.5,1.2,69.685
8/28/19 9:07,69.685,73.5,1.2,69.685
8/28/19 9:07,69.685,73.5,1.2,69.685
8/28/19 9:07,69.685,73.5,1.2,69.685
8/28/19 9:07,69.685,73.5,1.2,69.728
8/28/19 9:07,69.685,73.5,1.2,69.685
8/28/19 9:07,69.685,73.5,1.2,69.685
8/28/19 9:07,69.685,73.5,1.2,69.728
8/28/19 9:07,69.685,73.6,1.2,69.728
8/28/19 9:07,69.685,73.6,1.2,69.728
8/28/19 9:07,69.685,73.6,1.2,69.728
8/28/19 9:07,69.728,73.6,1.2,69.728
8/28/19 9:07,69.728,73.5,1.2,69.728
8/28/19 9:07,69.728,73.6,1.2,69.728
8/28/19 9:07,69.728,73.5,1.2,69.728
8/28/19 9:07,69.728,73.5,1.2,69.728
8/28/19 9:07,69.728,73.5,1.2,69.728
8/28/19 9:07,69.728,73.5,1.2,69.728
8/28/19 9:07,69.728,73.5,1.2,69.728
8/28/19 9:07,69.728,73.5,1.2,69.728
8/28/19 9:07,69.728,73.5,1.2,69.728
8/28/19 9:07,69.728,73.5,1.2,69.728
8/28/19 9:07,69.728,73.5,1.2,69.728
8/28/19 9:07,69.728,73.5,1.2,69.728
8/28/19 9:07,69.728,73.5,1.2,69.728
8/28/19 9:07,69.728,73.5,1.2,69.728
8/28/19 9:07,69.728,73.5,1.2,69.771
8/28/19 9:07,69.728,73.6,1.2,69.771
8/28/19 9:07,69.728,73.6,1.2,69.771
8/28/19 9:07,69.771,73.6,1.2,69.771
8/28/19 9:07,69.728,73.6,1.2,69.771
8/28/19 9:07,69.728,73.6,1.2,69.771
8/28/19 9:07,69.728,73.6,1.2,69.771
8/28/19 9:07,69.728,73.6,1.2,69.771
8/28/19 9:07,69.771,73.6,1.2,69.771
8/28/19 9:07,69.771,73.6,1.2,69.771
8/28/19 9:08,69.771,73.6,1.2,69.814
8/28/19 9:08,69.771,73.6,1.2,69.814
8/28/19 9:08,69.771,73.6,1.2,69.814
8/28/19 9:08,69.771,73.6,1.2,69.858
8/28/19 9:08,69.771,73.6,1.2,69.858
8/28/19 9:08,69.771,73.6,1.2,69.858
8/28/19 9:08,69.771,73.7,1.2,69.858
8/28/19 9:08,69.771,73.7,1.2,69.858
8/28/19 9:08,69.814,73.7,1.2,69.901
8/28/19 9:08,69.814,73.7,1.2,69.901
8/28/19 9:08,69.814,73.7,1.2,69.901
8/28/19 9:08,69.814,73.7,1.2,69.901
8/28/19 9:08,69.814,73.7,1.2,69.901
8/28/19 9:08,69.814,73.7,1.2,69.901
8/28/19 9:08,69.814,73.7,1.2,69.901
8/28/19 9:08,69.814,73.7,1.2,69.942
8/28/19 9:08,69.814,73.7,1.2,69.942
8/28/19 9:08,69.814,73.7,1.2,69.942
8/28/19 9:08,69.814,73.7,1.2,69.942
8/28/19 9:08,69.814,73.7,1.2,69.942
8/28/19 9:08,69.814,73.7,1.2,69.942
8/28/19 9:08,69.814,73.7,1.2,69.942
8/28/19 9:08,69.858,73.7,1.2,69.942
8/28/19 9:08,69.858,73.7,1.2,69.942
8/28/19 9:08,69.858,73.7,1.2,69.942
8/28/19 9:08,69.858,73.7,1.2,69.942
8/28/19 9:08,69.858,73.7,1.2,69.942
8/28/19 9:08,69.858,73.8,1.2,69.942
8/28/19 9:08,69.858,73.8,1.2,69.942
8/28/19 9:08,69.858,73.7,1.2,69.942
8/28/19 9:08,69.858,73.8,1.2,69.942
8/28/19 9:08,69.858,73.8,1.2,69.942
8/28/19 9:08,69.858,73.8,1.2,69.942
8/28/19 9:08,69.858,73.8,1.2,69.942
8/28/19 9:08,69.858,73.8,1.2,69.942
8/28/19 9:08,69.858,73.8,1.2,69.942
8/28/19 9:08,69.858,73.8,1.2,69.942
8/28/19 9:08,69.901,73.8,1.2,69.942
8/28/19 9:08,69.901,73.8,1.2,69.942
8/28/19 9:08,69.901,73.8,1.2,69.942
8/28/19 9:08,69.901,73.8,1.2,69.942
8/28/19 9:08,69.901,73.8,1.2,69.942
8/28/19 9:08,69.901,73.8,1.2,69.942
8/28/19 9:08,69.901,73.8,1.2,69.942
8/28/19 9:08,69.901,73.8,1.2,69.942
8/28/19 9:08,69.901,73.8,1.2,69.942
8/28/19 9:08,69.901,73.8,1.2,69.942
8/28/19 9:08,69.901,73.8,1.2,69.985
8/28/19 9:08,69.901,73.8,1.2,69.985
8/28/19 9:08,69.901,73.9,1.2,69.985
8/28/19 9:08,69.901,73.9,1.2,69.985
8/28/19 9:08,69.901,73.9,1.2,69.985
8/28/19 9:08,69.942,73.9,1.2,69.985
8/28/19 9:08,69.942,73.9,1.2,69.985
8/28/19 9:08,69.942,73.9,1.2,69.985
8/28/19 9:08,69.942,73.9,1.2,69.985
8/28/19 9:08,69.942,73.9,1.2,69.985
8/28/19 9:08,69.942,73.9,1.2,69.985
8/28/19 9:08,69.942,73.9,1.2,69.985
8/28/19 9:08,69.942,73.9,1.2,69.985
8/28/19 9:09,69.942,73.9,1.2,69.985
8/28/19 9:09,69.942,73.9,1.2,69.985
8/28/19 9:09,69.942,73.9,1.2,69.985
8/28/19 9:09,69.942,73.9,1.2,69.985
8/28/19 9:09,69.942,73.9,1.2,69.985
8/28/19 9:09,69.942,73.9,1.2,69.985
8/28/19 9:09,69.942,73.9,1.2,69.985
8/28/19 9:09,69.942,73.9,1.2,70.029
8/28/19 9:09,69.942,73.9,1.2,69.985
8/28/19 9:09,69.942,73.9,1.2,70.029
8/28/19 9:09,69.942,73.9,1.2,70.029
8/28/19 9:09,69.942,73.9,1.2,70.029
8/28/19 9:09,69.942,73.9,1.2,70.029
8/28/19 9:09,69.942,73.9,1.2,70.029
8/28/19 9:09,69.985,74,1.2,70.029
8/28/19 9:09,69.942,74,1.2,70.029
8/28/19 9:09,69.985,73.9,1.2,70.072
8/28/19 9:09,69.985,74,1.2,70.072
8/28/19 9:09,69.985,74,1.2,70.072
8/28/19 9:09,69.985,74,1.2,70.115
8/28/19 9:09,69.985,74,1.2,70.115
8/28/19 9:09,69.985,74,1.2,70.115
8/28/19 9:09,69.985,73.9,1.2,70.115
8/28/19 9:09,69.985,73.9,1.2,70.115
8/28/19 9:09,69.985,73.9,1.2,70.158
8/28/19 9:09,69.985,73.9,1.2,70.158
8/28/19 9:09,69.985,73.9,1.2,70.158
8/28/19 9:09,69.985,74,1.2,70.158
8/28/19 9:09,69.985,74,1.2,70.158
8/28/19 9:09,69.985,74,1.2,70.201
8/28/19 9:09,69.985,74,1.2,70.201
8/28/19 9:09,70.029,74,1.2,70.201
8/28/19 9:09,70.029,74,1.2,70.201
8/28/19 9:09,70.029,74,1.2,70.201
8/28/19 9:09,70.029,74,1.2,70.201
8/28/19 9:09,70.029,74,1.2,70.201
8/28/19 9:09,70.029,74,1.2,70.201
8/28/19 9:09,70.029,74,1.2,70.201
8/28/19 9:09,70.029,74,1.2,70.201
8/28/19 9:09,70.029,74,1.2,70.243
8/28/19 9:09,70.029,74,1.2,70.243
8/28/19 9:09,70.072,74,1.2,70.243
8/28/19 9:09,70.072,74,1.2,70.243
8/28/19 9:09,70.072,74,1.2,70.243
8/28/19 9:09,70.072,74,1.2,70.243
8/28/19 9:09,70.072,74,1.2,70.243
8/28/19 9:09,70.072,74.1,1.2,70.243
8/28/19 9:09,70.072,74.1,1.2,70.243
8/28/19 9:09,70.072,74.1,1.2,70.243
8/28/19 9:09,70.115,74.1,1.2,70.243
8/28/19 9:09,70.072,74.1,1.2,70.243
8/28/19 9:09,70.072,74.1,1.2,70.243
8/28/19 9:09,70.072,74.1,1.2,70.243
8/28/19 9:09,70.115,74.1,1.2,70.243
8/28/19 9:09,70.115,74.1,1.2,70.243
8/28/19 9:09,70.115,74.1,1.2,70.243
8/28/19 9:09,70.115,74.1,1.2,70.243
8/28/19 9:09,70.115,74.1,1.2,70.243
8/28/19 9:09,70.115,74.1,1.2,70.243
8/28/19 9:09,70.115,74.1,1.2,70.243
8/28/19 9:10,70.115,74.1,1.2,70.243
8/28/19 9:10,70.115,74.1,1.2,70.286
8/28/19 9:10,70.115,74.1,1.2,70.286
8/28/19 9:10,70.115,74.1,1.2,70.286
8/28/19 9:10,70.115,74.1,1.2,70.286
8/28/19 9:10,70.158,74.1,1.2,70.286
8/28/19 9:10,70.115,74.1,1.2,70.286
8/28/19 9:10,70.158,74.1,1.2,70.286
8/28/19 9:10,70.158,74.1,1.2,70.286
8/28/19 9:10,70.158,74.1,1.2,70.286
8/28/19 9:10,70.158,74.1,1.2,70.286
8/28/19 9:10,70.158,74.1,1.2,70.286
8/28/19 9:10,70.158,74.2,1.2,70.286
8/28/19 9:10,70.158,74.2,1.2,70.329
8/28/19 9:10,70.158,74.2,1.2,70.329
8/28/19 9:10,70.158,74.2,1.2,70.329
8/28/19 9:10,70.158,74.2,1.2,70.329
8/28/19 9:10,70.201,74.2,1.2,70.329
8/28/19 9:10,70.201,74.2,1.2,70.329
8/28/19 9:10,70.201,74.2,1.2,70.329
8/28/19 9:10,70.201,74.2,1.2,70.329
8/28/19 9:10,70.201,74.2,1.2,70.372
8/28/19 9:10,70.201,74.2,1.2,70.329
8/28/19 9:10,70.201,74.2,1.2,70.329
8/28/19 9:10,70.201,74.2,1.2,70.329
8/28/19 9:10,70.201,74.2,1.2,70.329
8/28/19 9:10,70.201,74.2,1.2,70.372
8/28/19 9:10,70.201,74.2,1.2,70.372
8/28/19 9:10,70.201,74.2,1.2,70.372
8/28/19 9:10,70.243,74.2,1.2,70.372
8/28/19 9:10,70.243,74.2,1.2,70.329
8/28/19 9:10,70.243,74.2,1.2,70.372
8/28/19 9:10,70.243,74.2,1.2,70.372
8/28/19 9:10,70.243,74.2,1.2,70.372
8/28/19 9:10,70.243,74.2,1.2,70.372
8/28/19 9:10,70.243,74.2,1.2,70.372
8/28/19 9:10,70.243,74.2,1.2,70.372
8/28/19 9:10,70.243,74.3,1.2,70.372
8/28/19 9:10,70.243,74.2,1.2,70.372
8/28/19 9:10,70.243,74.3,1.2,70.372
8/28/19 9:10,70.243,74.3,1.2,70.372
8/28/19 9:10,70.243,74.3,1.2,70.372
8/28/19 9:10,70.243,74.3,1.2,70.372
8/28/19 9:10,70.243,74.3,1.2,70.416
8/28/19 9:10,70.286,74.3,1.2,70.416
8/28/19 9:10,70.286,74.3,1.2,70.416
8/28/19 9:10,70.286,74.4,1.2,70.416
8/28/19 9:10,70.286,74.3,1.2,70.416
8/28/19 9:10,70.286,74.3,1.2,70.459
8/28/19 9:10,70.286,74.4,1.2,70.459
8/28/19 9:10,70.286,74.4,1.2,70.459
8/28/19 9:10,70.286,74.4,1.2,70.459
8/28/19 9:10,70.286,74.4,1.2,70.459
8/28/19 9:10,70.286,74.4,1.2,70.459
8/28/19 9:10,70.286,74.4,1.2,70.459
8/28/19 9:10,70.329,74.4,1.2,70.459
8/28/19 9:10,70.329,74.4,1.2,70.502
8/28/19 9:10,70.329,74.3,1.2,70.502
8/28/19 9:10,70.329,74.4,1.2,70.502
8/28/19 9:10,70.329,74.3,1.2,70.502
8/28/19 9:11,70.329,74.3,1.2,70.502
8/28/19 9:11,70.329,74.3,1.2,70.502
8/28/19 9:11,70.329,74.3,1.2,70.502
8/28/19 9:11,70.329,74.3,1.2,70.502
8/28/19 9:11,70.329,74.3,1.2,70.502
8/28/19 9:11,70.329,74.3,1.2,70.502
8/28/19 9:11,70.329,74.3,1.2,70.502
8/28/19 9:11,70.329,74.3,1.2,70.502
8/28/19 9:11,70.372,74.3,1.2,70.502
8/28/19 9:11,70.372,74.3,1.2,70.502
8/28/19 9:11,70.372,74.3,1.2,70.502
8/28/19 9:11,70.372,74.3,1.2,70.502
8/28/19 9:11,70.372,74.3,1.2,70.502
8/28/19 9:11,70.372,74.3,1.2,70.502
8/28/19 9:11,70.372,74.3,1.2,70.502
8/28/19 9:11,70.372,74.3,1.2,70.502
8/28/19 9:11,70.372,74.3,1.2,70.543
8/28/19 9:11,70.372,74.4,1.2,70.543
8/28/19 9:11,70.372,74.3,1.2,70.543
8/28/19 9:11,70.372,74.3,1.2,70.543
8/28/19 9:11,70.372,74.4,1.2,70.543
8/28/19 9:11,70.372,74.4,1.2,70.543
8/28/19 9:11,70.372,74.4,1.2,70.543
8/28/19 9:11,70.416,74.4,1.2,70.587
8/28/19 9:11,70.416,74.4,1.2,70.587
8/28/19 9:11,70.416,74.4,1.2,70.587
8/28/19 9:11,70.416,74.4,1.2,70.587
8/28/19 9:11,70.416,74.4,1.2,70.587
8/28/19 9:11,70.416,74.4,1.2,70.587
8/28/19 9:11,70.416,74.4,1.2,70.587
8/28/19 9:11,70.416,74.4,1.2,70.587
8/28/19 9:11,70.416,74.4,1.2,70.587
8/28/19 9:11,70.416,74.4,1.2,70.587
8/28/19 9:11,70.416,74.4,1.2,70.587
8/28/19 9:11,70.416,74.4,1.2,70.587
8/28/19 9:11,70.459,74.4,1.2,70.587
8/28/19 9:11,70.459,74.4,1.2,70.587
8/28/19 9:11,70.459,74.4,1.2,70.63
8/28/19 9:11,70.416,74.4,1.2,70.63
8/28/19 9:11,70.459,74.4,1.2,70.63
8/28/19 9:11,70.459,74.4,1.2,70.63
8/28/19 9:11,70.459,74.4,1.2,70.63
8/28/19 9:11,70.459,74.4,1.2,70.63
8/28/19 9:11,70.459,74.4,1.2,70.63
8/28/19 9:11,70.459,74.4,1.2,70.63
8/28/19 9:11,70.459,74.4,1.2,70.63
8/28/19 9:11,70.459,74.4,1.2,70.63
8/28/19 9:11,70.459,74.4,1.2,70.63
8/28/19 9:11,70.459,74.4,1.2,70.63
8/28/19 9:11,70.459,74.4,1.2,70.63
8/28/19 9:11,70.459,74.4,1.2,70.673
8/28/19 9:11,70.502,74.4,1.2,70.673
8/28/19 9:11,70.502,74.4,1.2,70.673
8/28/19 9:11,70.502,74.4,1.2,70.673
8/28/19 9:11,70.502,74.4,1.2,70.673
8/28/19 9:11,70.502,74.4,1.2,70.673
8/28/19 9:11,70.502,74.5,1.2,70.673
8/28/19 9:11,70.502,74.4,1.2,70.673
8/28/19 9:11,70.502,74.5,1.2,70.673
8/28/19 9:11,70.502,74.5,1.2,70.673
8/28/19 9:12,70.502,74.5,1.2,70.673
8/28/19 9:12,70.502,74.5,1.2,70.673
8/28/19 9:12,70.502,74.5,1.2,70.673
8/28/19 9:12,70.502,74.5,1.2,70.673
8/28/19 9:12,70.502,74.5,1.2,70.673
8/28/19 9:12,70.502,74.5,1.2,70.716
8/28/19 9:12,70.502,74.5,1.2,70.673
8/28/19 9:12,70.502,74.5,1.2,70.716
8/28/19 9:12,70.502,74.5,1.2,70.716
8/28/19 9:12,70.543,74.5,1.2,70.716
8/28/19 9:12,70.543,74.5,1.2,70.673
8/28/19 9:12,70.543,74.5,1.2,70.716
8/28/19 9:12,70.543,74.5,1.2,70.716
8/28/19 9:12,70.543,74.5,1.2,70.716
8/28/19 9:12,70.543,74.5,1.2,70.716
8/28/19 9:12,70.543,74.5,1.2,70.716
8/28/19 9:12,70.543,74.5,1.2,70.716
8/28/19 9:12,70.543,74.5,1.2,70.716
8/28/19 9:12,70.543,74.5,1.2,70.716
8/28/19 9:12,70.543,74.5,1.2,70.716
8/28/19 9:12,70.543,74.5,1.2,70.716
8/28/19 9:12,70.543,74.5,1.2,70.716
8/28/19 9:12,70.543,74.6,1.2,70.716
8/28/19 9:12,70.543,74.6,1.2,70.716
8/28/19 9:12,70.543,74.6,1.2,70.716
8/28/19 9:12,70.543,74.5,1.2,70.716
8/28/19 9:12,70.543,74.6,1.2,70.716
8/28/19 9:12,70.587,74.6,1.2,70.716
8/28/19 9:12,70.587,74.6,1.2,70.716
8/28/19 9:12,70.543,74.6,1.2,70.716
8/28/19 9:12,70.587,74.6,1.2,70.759
8/28/19 9:12,70.587,74.6,1.2,70.759
8/28/19 9:12,70.587,74.6,1.2,70.759
8/28/19 9:12,70.587,74.6,1.2,70.759
8/28/19 9:12,70.587,74.6,1.2,70.759
8/28/19 9:12,70.587,74.6,1.2,70.759
8/28/19 9:12,70.587,74.6,1.2,70.759
8/28/19 9:12,70.587,74.6,1.2,70.759
8/28/19 9:12,70.587,74.6,1.2,70.803
8/28/19 9:12,70.587,74.6,1.2,70.803
8/28/19 9:12,70.587,74.6,1.2,70.803
8/28/19 9:12,70.587,74.6,1.2,70.803
8/28/19 9:12,70.587,74.6,1.2,70.803
8/28/19 9:12,70.587,74.6,1.2,70.803
8/28/19 9:12,70.587,74.6,1.2,70.846
8/28/19 9:12,70.63,74.6,1.2,70.846
8/28/19 9:12,70.63,74.6,1.2,70.846
8/28/19 9:12,70.63,74.6,1.2,70.846
8/28/19 9:12,70.63,74.6,1.2,70.846
8/28/19 9:12,70.63,74.6,1.2,70.846
8/28/19 9:12,70.63,74.6,1.2,70.846
8/28/19 9:12,70.63,74.6,1.2,70.887
8/28/19 9:12,70.63,74.6,1.2,70.887
8/28/19 9:12,70.63,74.6,1.2,70.887
8/28/19 9:12,70.63,74.6,1.2,70.887
8/28/19 9:12,70.63,74.6,1.2,70.887
8/28/19 9:12,70.63,74.6,1.2,70.887
8/28/19 9:12,70.673,74.6,1.2,70.887
8/28/19 9:12,70.673,74.7,1.2,70.887
8/28/19 9:12,70.673,74.6,1.2,70.887
8/28/19 9:13,70.673,74.7,1.2,70.887
8/28/19 9:13,70.673,74.6,1.2,70.887
8/28/19 9:13,70.673,74.6,1.2,70.887
8/28/19 9:13,70.673,74.7,1.2,70.887
8/28/19 9:13,70.673,74.7,1.2,70.93
8/28/19 9:13,70.673,74.7,1.2,70.93
8/28/19 9:13,70.673,74.7,1.2,70.93
8/28/19 9:13,70.673,74.8,1.2,70.93
8/28/19 9:13,70.673,74.7,1.2,70.93
8/28/19 9:13,70.673,74.8,1.2,70.93
8/28/19 9:13,70.716,74.7,1.2,70.93
8/28/19 9:13,70.716,74.7,1.2,70.93
8/28/19 9:13,70.716,74.7,1.2,70.93
8/28/19 9:13,70.716,74.7,1.2,70.93
8/28/19 9:13,70.716,74.8,1.2,70.93
8/28/19 9:13,70.716,74.8,1.2,70.974
8/28/19 9:13,70.716,74.8,1.2,70.93
8/28/19 9:13,70.716,74.8,1.2,70.974
8/28/19 9:13,70.716,74.8,1.2,70.974
8/28/19 9:13,70.716,74.8,1.2,70.974
8/28/19 9:13,70.716,74.8,1.2,70.974
8/28/19 9:13,70.716,74.8,1.2,70.974
8/28/19 9:13,70.716,74.8,1.2,70.974
8/28/19 9:13,70.716,74.8,1.2,70.974
8/28/19 9:13,70.716,74.8,1.2,70.974
8/28/19 9:13,70.716,74.8,1.2,70.974
8/28/19 9:13,70.759,74.8,1.2,70.974
8/28/19 9:13,70.759,74.8,1.2,70.974
8/28/19 9:13,70.759,74.8,1.2,70.974
8/28/19 9:13,70.759,74.8,1.2,70.974
8/28/19 9:13,70.759,74.8,1.2,70.974
8/28/19 9:13,70.759,74.8,1.2,70.974
8/28/19 9:13,70.759,74.8,1.2,70.974
8/28/19 9:13,70.759,74.8,1.2,70.974
8/28/19 9:13,70.759,74.8,1.2,71.017
8/28/19 9:13,70.759,74.8,1.2,70.974
8/28/19 9:13,70.759,74.8,1.2,71.017
8/28/19 9:13,70.759,74.8,1.2,71.017
8/28/19 9:13,70.759,74.8,1.2,71.017
8/28/19 9:13,70.759,74.8,1.2,71.017
8/28/19 9:13,70.759,74.8,1.2,71.017
8/28/19 9:13,70.759,74.8,1.2,71.017
8/28/19 9:13,70.803,74.8,1.2,71.017
8/28/19 9:13,70.803,74.8,1.2,71.06
8/28/19 9:13,70.803,74.8,1.2,71.06
8/28/19 9:13,70.803,74.8,1.2,71.06
8/28/19 9:13,70.803,74.8,1.2,71.06
8/28/19 9:13,70.803,74.8,1.2,71.06
8/28/19 9:13,70.803,74.8,1.2,71.06
8/28/19 9:13,70.803,74.8,1.2,71.103
8/28/19 9:13,70.803,74.8,1.2,71.103
8/28/19 9:13,70.803,74.8,1.2,71.103
8/28/19 9:13,70.803,74.8,1.2,71.103
8/28/19 9:13,70.803,74.8,1.2,71.103
8/28/19 9:13,70.846,74.8,1.2,71.103
8/28/19 9:13,70.846,74.8,1.2,71.103
8/28/19 9:13,70.846,74.8,1.2,71.146
8/28/19 9:13,70.846,74.8,1.2,71.146
8/28/19 9:13,70.846,74.8,1.2,71.146
8/28/19 9:13,70.846,74.8,1.2,71.146
8/28/19 9:14,70.846,74.8,1.2,71.146
8/28/19 9:14,70.846,74.8,1.2,71.146
8/28/19 9:14,70.846,74.8,1.2,71.146
8/28/19 9:14,70.846,74.8,1.2,71.146
8/28/19 9:14,70.846,74.8,1.2,71.146
8/28/19 9:14,70.846,74.8,1.2,71.146
8/28/19 9:14,70.846,74.8,1.2,71.146
8/28/19 9:14,70.846,74.8,1.2,71.146
8/28/19 9:14,70.846,74.9,1.2,71.19
8/28/19 9:14,70.887,74.8,1.2,71.146
8/28/19 9:14,70.887,74.8,1.2,71.19
8/28/19 9:14,70.887,74.8,1.2,71.19
8/28/19 9:14,70.887,74.9,1.2,71.19
8/28/19 9:14,70.887,74.8,1.2,71.19
8/28/19 9:14,70.887,74.8,1.2,71.19
8/28/19 9:14,70.887,74.8,1.2,71.19
8/28/19 9:14,70.887,74.9,1.2,71.19
8/28/19 9:14,70.887,74.9,1.2,71.19
8/28/19 9:14,70.887,74.9,1.2,71.19
8/28/19 9:14,70.887,74.8,1.2,71.19
8/28/19 9:14,70.887,74.8,1.2,71.19
8/28/19 9:14,70.887,74.9,1.2,71.19
8/28/19 9:14,70.887,74.9,1.2,71.19
8/28/19 9:14,70.93,74.9,1.2,71.19
8/28/19 9:14,70.93,74.8,1.2,71.19
8/28/19 9:14,70.887,74.9,1.2,71.19
8/28/19 9:14,70.93,74.9,1.2,71.19
8/28/19 9:14,70.93,74.9,1.2,71.19
8/28/19 9:14,70.93,74.8,1.2,71.19
8/28/19 9:14,70.93,74.9,1.2,71.19
8/28/19 9:14,70.93,74.9,1.2,71.19
8/28/19 9:14,70.93,74.9,1.2,71.19
8/28/19 9:14,70.93,74.8,1.2,71.19
8/28/19 9:14,70.93,74.9,1.2,71.19
8/28/19 9:14,70.93,74.9,1.2,71.19
8/28/19 9:14,70.93,74.9,1.2,71.19
8/28/19 9:14,70.93,74.9,1.2,71.231
8/28/19 9:14,70.93,74.9,1.2,71.231
8/28/19 9:14,70.93,74.9,1.2,71.231
8/28/19 9:14,70.93,74.8,1.2,71.231
8/28/19 9:14,70.93,74.9,1.2,71.231
8/28/19 9:14,70.93,74.9,1.2,71.231
8/28/19 9:14,70.974,74.9,1.2,71.231
8/28/19 9:14,70.974,74.9,1.2,71.231
8/28/19 9:14,70.974,74.9,1.2,71.231
8/28/19 9:14,70.974,74.9,1.2,71.231
8/28/19 9:14,70.974,74.9,1.2,71.231
8/28/19 9:14,70.974,74.9,1.2,71.231
8/28/19 9:14,70.974,74.9,1.2,71.231
8/28/19 9:14,70.974,74.9,1.2,71.231
8/28/19 9:14,70.974,74.9,1.2,71.231
8/28/19 9:14,70.974,74.9,1.2,71.274
8/28/19 9:14,70.974,74.9,1.2,71.274
8/28/19 9:14,70.974,74.9,1.2,71.274
8/28/19 9:14,70.974,74.9,1.2,71.274
8/28/19 9:14,70.974,74.9,1.2,71.274
8/28/19 9:14,70.974,74.9,1.2,71.274
8/28/19 9:14,70.974,74.9,1.2,71.274
8/28/19 9:14,70.974,74.9,1.2,71.274
8/28/19 9:14,70.974,74.9,1.2,71.274
8/28/19 9:15,70.974,74.9,1.2,71.274
8/28/19 9:15,70.974,74.9,1.2,71.274
8/28/19 9:15,70.974,74.9,1.2,71.274
8/28/19 9:15,70.974,74.9,1.2,71.317
8/28/19 9:15,71.017,74.9,1.2,71.317
8/28/19 9:15,71.017,74.9,1.2,71.317
8/28/19 9:15,71.017,74.9,1.2,71.317
8/28/19 9:15,71.017,74.9,1.2,71.317
8/28/19 9:15,71.017,74.9,1.2,71.317
8/28/19 9:15,71.017,74.9,1.2,71.317
8/28/19 9:15,71.017,74.9,1.2,71.317
8/28/19 9:15,71.017,74.9,1.2,71.317
8/28/19 9:15,71.017,74.9,1.2,71.317
8/28/19 9:15,71.017,74.9,1.2,71.317
8/28/19 9:15,71.017,74.9,1.2,71.317
8/28/19 9:15,71.017,74.9,1.2,71.317
8/28/19 9:15,71.017,74.9,1.2,71.317
8/28/19 9:15,71.017,74.9,1.2,71.317
8/28/19 9:15,71.017,74.8,1.2,71.317
8/28/19 9:15,71.017,74.9,1.2,71.317
8/28/19 9:15,71.017,74.9,1.2,71.317
8/28/19 9:15,71.017,74.9,1.2,71.317
8/28/19 9:15,71.017,74.9,1.2,71.317
8/28/19 9:15,71.017,74.9,1.2,71.317
8/28/19 9:15,71.017,74.9,1.2,71.317
8/28/19 9:15,71.017,74.9,1.2,71.317
8/28/19 9:15,71.017,74.8,1.2,71.361
8/28/19 9:15,71.017,74.9,1.2,71.361
8/28/19 9:15,71.06,74.8,1.2,71.361
8/28/19 9:15,71.06,74.9,1.2,71.361
8/28/19 9:15,71.06,74.9,1.2,71.361
8/28/19 9:15,71.06,74.8,1.2,71.404
8/28/19 9:15,71.06,74.8,1.2,71.404
8/28/19 9:15,71.06,74.9,1.2,71.404
8/28/19 9:15,71.06,74.9,1.2,71.404
8/28/19 9:15,71.06,74.8,1.2,71.404
8/28/19 9:15,71.06,74.9,1.2,71.404
8/28/19 9:15,71.06,74.8,1.2,71.404
8/28/19 9:15,71.06,74.8,1.2,71.404
8/28/19 9:15,71.06,74.9,1.2,71.404
8/28/19 9:15,71.06,74.9,1.2,71.404
8/28/19 9:15,71.06,74.9,1.2,71.404
8/28/19 9:15,71.06,74.8,1.2,71.404
8/28/19 9:15,71.06,74.9,1.2,71.404
8/28/19 9:15,71.06,74.9,1.2,71.404
8/28/19 9:15,71.06,74.8,1.2,71.404
8/28/19 9:15,71.06,74.8,1.2,71.447
8/28/19 9:15,71.06,74.9,1.2,71.447
8/28/19 9:15,71.06,74.9,1.2,71.447
8/28/19 9:15,71.06,74.9,1.2,71.447
8/28/19 9:15,71.103,74.8,1.2,71.447
8/28/19 9:15,71.103,74.8,1.2,71.447
8/28/19 9:15,71.103,74.8,1.2,71.447
8/28/19 9:15,71.103,74.8,1.2,71.447
8/28/19 9:15,71.103,74.8,1.2,71.447
8/28/19 9:15,71.103,74.8,1.2,71.447
8/28/19 9:15,71.103,74.8,1.2,71.447
8/28/19 9:15,71.103,74.8,1.2,71.447
8/28/19 9:15,71.103,74.8,1.2,71.447
8/28/19 9:15,71.103,74.8,1.2,71.447
8/28/19 9:16,71.103,74.8,1.2,71.447
8/28/19 9:16,71.103,74.8,1.2,71.447
8/28/19 9:16,71.103,74.8,1.2,71.447
8/28/19 9:16,71.103,74.8,1.2,71.49
8/28/19 9:16,71.103,74.8,1.2,71.49
8/28/19 9:16,71.103,74.8,1.2,71.49
8/28/19 9:16,71.103,74.8,1.2,71.49
8/28/19 9:16,71.146,74.8,1.2,71.49
8/28/19 9:16,71.146,74.8,1.2,71.49
8/28/19 9:16,71.146,74.8,1.2,71.49
8/28/19 9:16,71.146,74.8,1.2,71.49
8/28/19 9:16,71.146,74.8,1.2,71.533
8/28/19 9:16,71.146,74.8,1.2,71.49
8/28/19 9:16,71.146,74.8,1.2,71.533
8/28/19 9:16,71.146,74.8,1.2,71.533
8/28/19 9:16,71.146,74.8,1.2,71.533
8/28/19 9:16,71.146,74.8,1.2,71.533
8/28/19 9:16,71.146,74.8,1.2,71.533
8/28/19 9:16,71.146,74.8,1.2,71.533
8/28/19 9:16,71.146,74.8,1.2,71.533
8/28/19 9:16,71.146,74.8,1.2,71.533
8/28/19 9:16,71.146,74.8,1.2,71.533
8/28/19 9:16,71.146,74.8,1.2,71.533
8/28/19 9:16,71.146,74.8,1.2,71.577
8/28/19 9:16,71.146,74.8,1.2,71.577
8/28/19 9:16,71.146,74.8,1.2,71.577
8/28/19 9:16,71.146,74.8,1.2,71.577
8/28/19 9:16,71.146,74.8,1.2,71.577
8/28/19 9:16,71.146,74.8,1.2,71.577
8/28/19 9:16,71.146,74.8,1.2,71.577
8/28/19 9:16,71.146,74.8,1.2,71.577
8/28/19 9:16,71.146,74.8,1.2,71.577
8/28/19 9:16,71.19,74.8,1.2,71.62
8/28/19 9:16,71.19,74.8,1.2,71.62
8/28/19 9:16,71.19,74.8,1.2,71.62
8/28/19 9:16,71.19,74.8,1.2,71.62
8/28/19 9:16,71.19,74.8,1.2,71.62
8/28/19 9:16,71.19,74.8,1.2,71.62
8/28/19 9:16,71.19,74.8,1.2,71.62
8/28/19 9:16,71.19,74.8,1.2,71.62
8/28/19 9:16,71.19,74.8,1.2,71.62
8/28/19 9:16,71.19,74.8,1.2,71.661
8/28/19 9:16,71.19,74.8,1.2,71.661
8/28/19 9:16,71.19,74.8,1.2,71.661
8/28/19 9:16,71.19,74.8,1.2,71.661
8/28/19 9:16,71.19,74.8,1.2,71.661
8/28/19 9:16,71.19,74.8,1.2,71.661
8/28/19 9:16,71.19,74.8,1.2,71.661
8/28/19 9:16,71.19,74.8,1.2,71.661
8/28/19 9:16,71.19,74.8,1.2,71.661
8/28/19 9:16,71.19,74.8,1.2,71.661
8/28/19 9:16,71.19,74.8,1.2,71.661
8/28/19 9:16,71.19,74.8,1.2,71.704
8/28/19 9:16,71.231,74.8,1.2,71.704
8/28/19 9:16,71.231,74.8,1.2,71.704
8/28/19 9:16,71.231,74.8,1.2,71.704
8/28/19 9:16,71.231,74.8,1.2,71.704
8/28/19 9:16,71.231,74.8,1.2,71.704
8/28/19 9:16,71.231,74.8,1.2,71.704
8/28/19 9:16,71.231,74.8,1.2,71.704
8/28/19 9:17,71.231,74.8,1.2,71.704
8/28/19 9:17,71.231,74.8,1.2,71.704
8/28/19 9:17,71.231,74.8,1.2,71.748
8/28/19 9:17,71.231,74.8,1.2,71.748
8/28/19 9:17,71.231,74.8,1.2,71.748
8/28/19 9:17,71.231,74.8,1.2,71.748
8/28/19 9:17,71.231,74.8,1.2,71.748
8/28/19 9:17,71.231,74.8,1.2,71.748
8/28/19 9:17,71.231,74.8,1.2,71.748
8/28/19 9:17,71.231,74.8,1.2,71.748
8/28/19 9:17,71.231,74.8,1.2,71.748
8/28/19 9:17,71.231,74.8,1.2,71.748
8/28/19 9:17,71.231,74.8,1.2,71.748
8/28/19 9:17,71.231,74.8,1.2,71.791
8/28/19 9:17,71.231,74.8,1.2,71.791
8/28/19 9:17,71.231,74.8,1.2,71.791
8/28/19 9:17,71.231,74.8,1.2,71.791
8/28/19 9:17,71.231,74.8,1.2,71.791
8/28/19 9:17,71.274,74.8,1.2,71.791
8/28/19 9:17,71.231,74.8,1.2,71.791
8/28/19 9:17,71.274,74.8,1.2,71.791
8/28/19 9:17,71.274,74.8,1.2,71.791
8/28/19 9:17,71.274,74.8,1.2,71.791
8/28/19 9:17,71.274,74.8,1.2,71.791
8/28/19 9:17,71.274,74.8,1.2,71.791
8/28/19 9:17,71.274,74.8,1.2,71.791
8/28/19 9:17,71.274,74.8,1.2,71.834
8/28/19 9:17,71.274,74.8,1.2,71.834
8/28/19 9:17,71.274,74.8,1.2,71.834
8/28/19 9:17,71.274,74.8,1.2,71.834
8/28/19 9:17,71.274,74.8,1.2,71.834
8/28/19 9:17,71.274,74.8,1.2,71.834
8/28/19 9:17,71.274,74.8,1.2,71.834
8/28/19 9:17,71.274,74.8,1.2,71.834
8/28/19 9:17,71.274,74.8,1.2,71.834
8/28/19 9:17,71.274,74.8,1.2,71.834
8/28/19 9:17,71.274,74.8,1.2,71.834
8/28/19 9:17,71.274,74.8,1.2,71.834
8/28/19 9:17,71.274,74.8,1.2,71.834
8/28/19 9:17,71.317,74.8,1.2,71.834
8/28/19 9:17,71.317,74.8,1.2,71.877
8/28/19 9:17,71.317,74.8,1.2,71.877
8/28/19 9:17,71.317,74.8,1.2,71.877
8/28/19 9:17,71.317,74.8,1.2,71.877
8/28/19 9:17,71.317,74.8,1.2,71.877
8/28/19 9:17,71.317,74.8,1.2,71.877
8/28/19 9:17,71.317,74.8,1.2,71.92
8/28/19 9:17,71.317,74.8,1.2,71.92
8/28/19 9:17,71.317,74.8,1.2,71.92
8/28/19 9:17,71.317,74.8,1.2,71.92
8/28/19 9:17,71.317,74.8,1.2,71.92
8/28/19 9:17,71.317,74.8,1.2,71.92
8/28/19 9:17,71.317,74.8,1.2,71.92
8/28/19 9:17,71.317,74.8,1.2,71.92
8/28/19 9:17,71.317,74.8,1.2,71.92
8/28/19 9:17,71.317,74.8,1.2,71.92
8/28/19 9:17,71.317,74.8,1.2,71.92
8/28/19 9:17,71.317,74.8,1.2,71.92
8/28/19 9:17,71.317,74.8,1.2,71.92
8/28/19 9:17,71.361,74.8,1.2,71.92
8/28/19 9:18,71.361,74.8,1.2,71.964
8/28/19 9:18,71.317,74.8,1.2,71.964
8/28/19 9:18,71.361,74.8,1.2,71.964
8/28/19 9:18,71.361,74.8,1.2,71.964
8/28/19 9:18,71.361,74.8,1.2,71.964
8/28/19 9:18,71.361,74.8,1.2,71.964
8/28/19 9:18,71.361,74.8,1.2,72.007
8/28/19 9:18,71.361,74.8,1.2,72.007
8/28/19 9:18,71.361,74.8,1.2,72.007
8/28/19 9:18,71.361,74.8,1.2,72.007
8/28/19 9:18,71.361,74.8,1.2,72.05
8/28/19 9:18,71.361,74.8,1.2,72.05
8/28/19 9:18,71.404,74.8,1.2,72.05
8/28/19 9:18,71.361,74.8,1.2,72.05
8/28/19 9:18,71.404,74.8,1.2,72.05
8/28/19 9:18,71.404,74.8,1.2,72.093
8/28/19 9:18,71.404,74.8,1.2,72.05
8/28/19 9:18,71.404,74.8,1.2,72.05
8/28/19 9:18,71.404,74.8,1.2,72.093
8/28/19 9:18,71.404,74.8,1.2,72.093
8/28/19 9:18,71.404,74.8,1.2,72.093
8/28/19 9:18,71.404,74.8,1.2,72.093
8/28/19 9:18,71.404,74.8,1.2,72.093
8/28/19 9:18,71.404,74.8,1.2,72.093
8/28/19 9:18,71.404,74.8,1.2,72.093
8/28/19 9:18,71.404,74.8,1.2,72.093
8/28/19 9:18,71.447,74.8,1.2,72.093
8/28/19 9:18,71.404,74.8,1.2,72.093
8/28/19 9:18,71.447,74.8,1.2,72.093
8/28/19 9:18,71.447,74.8,1.2,72.093
8/28/19 9:18,71.447,74.8,1.2,72.093
8/28/19 9:18,71.447,74.8,1.2,72.093
8/28/19 9:18,71.447,74.8,1.2,72.093
8/28/19 9:18,71.447,74.8,1.2,72.093
8/28/19 9:18,71.447,74.8,1.2,72.093
8/28/19 9:18,71.447,74.8,1.2,72.093
8/28/19 9:18,71.447,74.8,1.2,72.093
8/28/19 9:18,71.447,74.8,1.2,72.093
8/28/19 9:18,71.447,74.8,1.2,72.136
8/28/19 9:18,71.447,74.8,1.2,72.136
8/28/19 9:18,71.447,74.8,1.2,72.136
8/28/19 9:18,71.447,74.8,1.2,72.136
8/28/19 9:18,71.49,74.8,1.2,72.136
8/28/19 9:18,71.49,74.8,1.2,72.136
8/28/19 9:18,71.49,74.8,1.2,72.136
8/28/19 9:18,71.49,74.8,1.2,72.136
8/28/19 9:18,71.49,74.8,1.2,72.136
8/28/19 9:18,71.49,74.8,1.2,72.136
8/28/19 9:18,71.49,74.8,1.2,72.136
8/28/19 9:18,71.49,74.8,1.2,72.136
8/28/19 9:18,71.49,74.8,1.2,72.178
8/28/19 9:18,71.49,74.8,1.2,72.178
8/28/19 9:18,71.49,74.8,1.2,72.178
8/28/19 9:18,71.49,74.8,1.2,72.178
8/28/19 9:18,71.49,74.8,1.2,72.178
8/28/19 9:18,71.49,74.8,1.2,72.178
8/28/19 9:18,71.49,74.8,1.2,72.178
8/28/19 9:18,71.49,74.8,1.2,72.178
8/28/19 9:18,71.49,74.8,1.2,72.178
8/28/19 9:18,71.49,74.8,1.2,72.178
8/28/19 9:19,71.49,74.8,1.2,72.221
8/28/19 9:19,71.533,74.8,1.2,72.221
8/28/19 9:19,71.533,74.8,1.2,72.221
8/28/19 9:19,71.49,74.8,1.2,72.221
8/28/19 9:19,71.533,74.8,1.2,72.221
8/28/19 9:19,71.533,74.8,1.2,72.221
8/28/19 9:19,71.533,74.8,1.2,72.221
8/28/19 9:19,71.533,74.8,1.2,72.221
8/28/19 9:19,71.533,74.8,1.2,72.221
8/28/19 9:19,71.533,74.8,1.2,72.221
8/28/19 9:19,71.533,74.8,1.2,72.221
8/28/19 9:19,71.533,74.8,1.2,72.221
8/28/19 9:19,71.533,74.8,1.2,72.264
8/28/19 9:19,71.533,74.8,1.2,72.264
8/28/19 9:19,71.533,74.8,1.2,72.264
8/28/19 9:19,71.533,74.8,1.2,72.264
8/28/19 9:19,71.533,74.8,1.2,72.264
8/28/19 9:19,71.533,74.8,1.2,72.264
8/28/19 9:19,71.533,74.8,1.2,72.264
8/28/19 9:19,71.577,74.8,1.2,72.264
8/28/19 9:19,71.577,74.8,1.2,72.264
8/28/19 9:19,71.577,74.8,1.2,72.307
8/28/19 9:19,71.577,74.8,1.2,72.307
8/28/19 9:19,71.577,74.8,1.2,72.307
8/28/19 9:19,71.577,74.8,1.2,72.307
8/28/19 9:19,71.577,74.8,1.2,72.307
8/28/19 9:19,71.577,74.8,1.2,72.307
8/28/19 9:19,71.577,74.8,1.2,72.307
8/28/19 9:19,71.577,74.8,1.2,72.307
8/28/19 9:19,71.577,74.8,1.2,72.307
8/28/19 9:19,71.577,74.8,1.2,72.307
8/28/19 9:19,71.577,74.8,1.2,72.307
8/28/19 9:19,71.577,74.8,1.2,72.307
8/28/19 9:19,71.577,74.9,1.2,72.307
8/28/19 9:19,71.577,74.8,1.2,72.307
8/28/19 9:19,71.577,74.9,1.2,72.307
8/28/19 9:19,71.62,74.9,1.2,72.307
8/28/19 9:19,71.577,74.8,1.2,72.351
8/28/19 9:19,71.62,74.8,1.2,72.351
8/28/19 9:19,71.577,74.9,1.2,72.351
8/28/19 9:19,71.62,74.9,1.2,72.351
8/28/19 9:19,71.62,74.9,1.2,72.351
8/28/19 9:19,71.62,74.8,1.2,72.351
8/28/19 9:19,71.62,74.9,1.2,72.351
8/28/19 9:19,71.62,74.8,1.2,72.351
8/28/19 9:19,71.62,74.8,1.2,72.351
8/28/19 9:19,71.62,74.9,1.2,72.351
8/28/19 9:19,71.62,74.9,1.2,72.351
8/28/19 9:19,71.62,74.9,1.2,72.351
8/28/19 9:19,71.62,74.9,1.2,72.351
8/28/19 9:19,71.62,74.9,1.2,72.351
8/28/19 9:19,71.62,74.9,1.2,72.351
8/28/19 9:19,71.62,74.9,1.2,72.351
8/28/19 9:19,71.62,74.9,1.2,72.351
8/28/19 9:19,71.62,74.9,1.2,72.351
8/28/19 9:19,71.62,74.9,1.2,72.351
8/28/19 9:19,71.661,74.8,1.2,72.351
8/28/19 9:19,71.62,74.9,1.2,72.351
8/28/19 9:19,71.661,74.9,1.2,72.394
8/28/19 9:19,71.661,74.9,1.2,72.394
8/28/19 9:20,71.661,74.9,1.2,72.394
8/28/19 9:20,71.661,74.9,1.2,72.394
8/28/19 9:20,71.661,74.9,1.2,72.394
8/28/19 9:20,71.661,74.9,1.2,72.394
8/28/19 9:20,71.661,75,1.2,72.394
8/28/19 9:20,71.661,74.9,1.2,72.394
8/28/19 9:20,71.661,74.9,1.2,72.394
8/28/19 9:20,71.661,74.9,1.2,72.394
8/28/19 9:20,71.661,74.9,1.2,72.394
8/28/19 9:20,71.661,74.9,1.2,72.394
8/28/19 9:20,71.661,74.9,1.2,72.394
8/28/19 9:20,71.661,74.9,1.2,72.437
8/28/19 9:20,71.661,74.9,1.2,72.437
8/28/19 9:20,71.661,74.9,1.2,72.437
8/28/19 9:20,71.661,74.9,1.2,72.437
8/28/19 9:20,71.704,74.9,1.2,72.48
8/28/19 9:20,71.704,74.9,1.2,72.48
8/28/19 9:20,71.704,74.9,1.2,72.523
8/28/19 9:20,71.704,74.9,1.2,72.523
8/28/19 9:20,71.704,74.9,1.2,72.523
8/28/19 9:20,71.704,74.9,1.2,72.523
8/28/19 9:20,71.704,74.9,1.2,72.567
8/28/19 9:20,71.704,74.9,1.2,72.567
8/28/19 9:20,71.704,74.9,1.2,72.567
8/28/19 9:20,71.704,75,1.2,72.61
8/28/19 9:20,71.704,74.9,1.2,72.61
8/28/19 9:20,71.748,74.9,1.2,72.61
8/28/19 9:20,71.704,74.9,1.2,72.61
8/28/19 9:20,71.748,74.9,1.2,72.61
8/28/19 9:20,71.748,74.9,1.2,72.653
8/28/19 9:20,71.748,74.9,1.2,72.653
8/28/19 9:20,71.748,74.9,1.2,72.653
8/28/19 9:20,71.748,74.9,1.2,72.653
8/28/19 9:20,71.748,74.9,1.2,72.696
8/28/19 9:20,71.748,74.9,1.2,72.696
8/28/19 9:20,71.748,74.9,1.2,72.696
8/28/19 9:20,71.748,74.9,1.2,72.696
8/28/19 9:20,71.748,74.9,1.2,72.696
8/28/19 9:20,71.748,74.9,1.2,72.696
8/28/19 9:20,71.791,74.9,1.2,72.739
8/28/19 9:20,71.791,74.9,1.2,72.739
8/28/19 9:20,71.791,75,1.2,72.739
8/28/19 9:20,71.791,74.9,1.2,72.783
8/28/19 9:20,71.791,74.9,1.2,72.783
8/28/19 9:20,71.791,74.9,1.2,72.783
8/28/19 9:20,71.791,74.9,1.2,72.783
8/28/19 9:20,71.791,74.9,1.2,72.783
8/28/19 9:20,71.791,74.9,1.2,72.826
8/28/19 9:20,71.791,74.9,1.2,72.826
8/28/19 9:20,71.791,74.9,1.2,72.826
8/28/19 9:20,71.834,74.9,1.2,72.826
8/28/19 9:20,71.834,75,1.2,72.826
8/28/19 9:20,71.834,75,1.2,72.826
8/28/19 9:20,71.834,74.9,1.2,72.826
8/28/19 9:20,71.834,74.9,1.2,72.826
8/28/19 9:20,71.834,74.9,1.2,72.826
8/28/19 9:20,71.834,74.9,1.2,72.826
8/28/19 9:20,71.834,74.9,1.2,72.869
8/28/19 9:20,71.834,74.9,1.2,72.869
8/28/19 9:20,71.834,74.9,1.2,72.826
8/28/19 9:21,71.834,74.9,1.2,72.869
8/28/19 9:21,71.834,74.9,1.2,72.869
8/28/19 9:21,71.834,74.9,1.2,72.869
8/28/19 9:21,71.877,74.9,1.2,72.869
8/28/19 9:21,71.877,74.9,1.2,72.869
8/28/19 9:21,71.877,74.9,1.2,72.869
8/28/19 9:21,71.877,74.9,1.2,72.869
8/28/19 9:21,71.877,74.9,1.2,72.869
8/28/19 9:21,71.877,74.9,1.2,72.869
8/28/19 9:21,71.877,74.9,1.2,72.869
8/28/19 9:21,71.877,74.9,1.2,72.869
8/28/19 9:21,71.877,74.9,1.2,72.869
8/28/19 9:21,71.877,74.9,1.2,72.869
8/28/19 9:21,71.877,74.9,1.2,72.869
8/28/19 9:21,71.92,74.9,1.2,72.869
8/28/19 9:21,71.92,74.9,1.2,72.869
8/28/19 9:21,71.877,74.9,1.2,72.869
8/28/19 9:21,71.92,74.9,1.2,72.869
8/28/19 9:21,71.92,74.9,1.2,72.869
8/28/19 9:21,71.92,74.9,1.2,72.869
8/28/19 9:21,71.92,74.9,1.2,72.869
8/28/19 9:21,71.92,74.9,1.2,72.869
8/28/19 9:21,71.92,74.9,1.2,72.869
8/28/19 9:21,71.92,74.9,1.2,72.912
8/28/19 9:21,71.92,75,1.2,72.912
8/28/19 9:21,71.92,74.9,1.2,72.912
8/28/19 9:21,71.92,74.9,1.2,72.912
8/28/19 9:21,71.92,74.9,1.2,72.912
8/28/19 9:21,71.964,74.9,1.2,72.912
8/28/19 9:21,71.964,75,1.2,72.912
8/28/19 9:21,71.964,75,1.2,72.912
8/28/19 9:21,71.964,75,1.2,72.912
8/28/19 9:21,71.964,75,1.2,72.912
8/28/19 9:21,71.964,74.9,1.2,72.912
8/28/19 9:21,71.964,75,1.2,72.912
8/28/19 9:21,71.964,74.9,1.2,72.912
8/28/19 9:21,71.964,74.9,1.2,72.912
8/28/19 9:21,71.964,75,1.2,72.912
8/28/19 9:21,71.964,75,1.2,72.912
8/28/19 9:21,71.964,74.9,1.2,72.912
8/28/19 9:21,71.964,75,1.2,72.912
8/28/19 9:21,71.964,75,1.2,72.912
8/28/19 9:21,71.964,75,1.2,72.912
8/28/19 9:21,72.007,74.9,1.2,72.912
8/28/19 9:21,72.007,75,1.2,72.912
8/28/19 9:21,72.007,75,1.2,72.955
8/28/19 9:21,72.007,75,1.2,72.955
8/28/19 9:21,72.007,75,1.2,72.955
8/28/19 9:21,72.007,74.9,1.2,72.955
8/28/19 9:21,72.007,75,1.2,72.955
8/28/19 9:21,72.007,75,1.2,72.955
8/28/19 9:21,72.007,75,1.2,72.955
8/28/19 9:21,72.007,75,1.2,72.955
8/28/19 9:21,72.007,75,1.2,72.955
8/28/19 9:21,72.05,75,1.2,72.955
8/28/19 9:21,72.007,75,1.2,72.955
8/28/19 9:21,72.007,75,1.2,72.955
8/28/19 9:21,72.007,75,1.2,72.955
8/28/19 9:21,72.007,74.9,1.2,72.955
8/28/19 9:21,72.05,75,1.2,72.955
8/28/19 9:22,72.05,75,1.2,72.955
8/28/19 9:22,72.05,75,1.2,72.955
8/28/19 9:22,72.05,75,1.2,72.955
8/28/19 9:22,72.05,75,1.2,72.955
8/28/19 9:22,72.05,75,1.2,72.955
8/28/19 9:22,72.05,75,1.2,72.955
8/28/19 9:22,72.05,75,1.2,72.955
8/28/19 9:22,72.05,75,1.2,72.955
8/28/19 9:22,72.05,75,1.2,72.955
8/28/19 9:22,72.05,75,1.2,72.955
8/28/19 9:22,72.05,75,1.2,72.955
8/28/19 9:22,72.05,75,1.2,72.955
8/28/19 9:22,72.05,75,1.2,72.997
8/28/19 9:22,72.093,75,1.2,72.997
8/28/19 9:22,72.093,75,1.2,72.997
8/28/19 9:22,72.093,75,1.2,72.997
8/28/19 9:22,72.093,74.9,1.2,72.997
8/28/19 9:22,72.093,75,1.2,72.997
8/28/19 9:22,72.093,75,1.2,72.997
8/28/19 9:22,72.093,75,1.2,72.997
8/28/19 9:22,72.093,75,1.2,72.997
8/28/19 9:22,72.093,75,1.2,72.997
8/28/19 9:22,72.093,75,1.2,73.04
8/28/19 9:22,72.093,75,1.2,73.04
8/28/19 9:22,72.093,75,1.2,73.04
8/28/19 9:22,72.093,74.9,1.2,73.04
8/28/19 9:22,72.093,75,1.2,73.04
8/28/19 9:22,72.136,75,1.2,73.04
8/28/19 9:22,72.136,75,1.2,73.04
8/28/19 9:22,72.136,75,1.2,73.04
8/28/19 9:22,72.136,75,1.2,73.04
8/28/19 9:22,72.136,75,1.2,73.04
8/28/19 9:22,72.136,75,1.2,73.04
8/28/19 9:22,72.136,75,1.2,73.04
8/28/19 9:22,72.136,74.9,1.2,73.04
8/28/19 9:22,72.136,75,1.2,73.083
8/28/19 9:22,72.136,75,1.2,73.083
8/28/19 9:22,72.136,75,1.2,73.083
8/28/19 9:22,72.178,75,1.2,73.083
8/28/19 9:22,72.178,75,1.2,73.083
8/28/19 9:22,72.178,75,1.2,73.083
8/28/19 9:22,72.178,74.9,1.2,73.083
8/28/19 9:22,72.178,75,1.2,73.083
8/28/19 9:22,72.178,74.9,1.2,73.083
8/28/19 9:22,72.178,75,1.2,73.083
8/28/19 9:22,72.178,74.9,1.2,73.083
8/28/19 9:22,72.178,75,1.2,73.083
8/28/19 9:22,72.178,75,1.2,73.083
8/28/19 9:22,72.178,75,1.2,73.126
8/28/19 9:22,72.178,74.9,1.2,73.126
8/28/19 9:22,72.178,75,1.2,73.126
8/28/19 9:22,72.221,74.9,1.2,73.126
8/28/19 9:22,72.221,74.9,1.2,73.126
8/28/19 9:22,72.221,75,1.2,73.126
8/28/19 9:22,72.221,74.9,1.2,73.126
8/28/19 9:22,72.221,75,1.2,73.126
8/28/19 9:22,72.221,74.9,1.2,73.126
8/28/19 9:22,72.221,75,1.2,73.126
8/28/19 9:22,72.221,74.9,1.2,73.126
8/28/19 9:22,72.221,74.9,1.2,73.126
8/28/19 9:23,72.221,74.9,1.2,73.126
8/28/19 9:23,72.221,74.9,1.2,73.126
8/28/19 9:23,72.221,74.9,1.2,73.126
8/28/19 9:23,72.221,74.9,1.2,73.17
8/28/19 9:23,72.221,74.9,1.2,73.17
8/28/19 9:23,72.221,74.9,1.2,73.17
8/28/19 9:23,72.264,74.9,1.2,73.17
8/28/19 9:23,72.264,74.9,1.2,73.17
8/28/19 9:23,72.264,74.9,1.2,73.213
8/28/19 9:23,72.264,74.9,1.2,73.213
8/28/19 9:23,72.264,74.9,1.2,73.213
8/28/19 9:23,72.264,74.9,1.2,73.213
8/28/19 9:23,72.264,74.9,1.2,73.213
8/28/19 9:23,72.264,74.9,1.2,73.213
8/28/19 9:23,72.264,74.9,1.2,73.213
8/28/19 9:23,72.264,74.9,1.2,73.213
8/28/19 9:23,72.264,74.9,1.2,73.213
8/28/19 9:23,72.264,74.9,1.2,73.256
8/28/19 9:23,72.264,74.9,1.2,73.256
8/28/19 9:23,72.307,74.9,1.2,73.256
8/28/19 9:23,72.307,74.9,1.2,73.256
8/28/19 9:23,72.307,74.9,1.2,73.256
8/28/19 9:23,72.307,74.9,1.2,73.256
8/28/19 9:23,72.307,74.9,1.2,73.256
8/28/19 9:23,72.307,74.9,1.2,73.256
8/28/19 9:23,72.307,74.9,1.2,73.256
8/28/19 9:23,72.307,74.9,1.2,73.256
8/28/19 9:23,72.307,74.9,1.2,73.256
8/28/19 9:23,72.307,74.9,1.2,73.256
8/28/19 9:23,72.307,74.9,1.2,73.256
8/28/19 9:23,72.307,74.9,1.2,73.256
8/28/19 9:23,72.307,74.9,1.2,73.256
8/28/19 9:23,72.307,74.9,1.2,73.256
8/28/19 9:23,72.307,74.9,1.2,73.256
8/28/19 9:23,72.351,74.9,1.2,73.299
8/28/19 9:23,72.351,74.9,1.2,73.299
8/28/19 9:23,72.351,74.9,1.2,73.299
8/28/19 9:23,72.351,74.9,1.2,73.299
8/28/19 9:23,72.351,74.9,1.2,73.299
8/28/19 9:23,72.351,74.9,1.2,73.299
8/28/19 9:23,72.351,74.9,1.2,73.299
8/28/19 9:23,72.351,74.9,1.2,73.299
8/28/19 9:23,72.351,74.9,1.2,73.299
8/28/19 9:23,72.351,74.9,1.2,73.299
8/28/19 9:23,72.351,74.9,1.2,73.299
8/28/19 9:23,72.351,74.9,1.2,73.299
8/28/19 9:23,72.351,74.9,1.2,73.299
8/28/19 9:23,72.351,74.9,1.2,73.299
8/28/19 9:23,72.394,74.9,1.2,73.299
8/28/19 9:23,72.351,74.9,1.2,73.299
8/28/19 9:23,72.394,74.9,1.2,73.299
8/28/19 9:23,72.394,74.9,1.2,73.299
8/28/19 9:23,72.394,74.9,1.2,73.299
8/28/19 9:23,72.394,74.9,1.2,73.299
8/28/19 9:23,72.394,74.9,1.2,73.256
8/28/19 9:23,72.394,74.9,1.2,73.256
8/28/19 9:23,72.394,74.9,1.2,73.256
8/28/19 9:23,72.394,74.9,1.2,73.256
8/28/19 9:23,72.394,74.9,1.2,73.213
8/28/19 9:23,72.394,74.9,1.2,73.213
8/28/19 9:24,72.394,74.9,1.2,73.213
8/28/19 9:24,72.394,74.9,1.2,73.17
8/28/19 9:24,72.394,74.9,1.2,73.17
8/28/19 9:24,72.394,74.9,1.2,73.17
8/28/19 9:24,72.394,74.9,1.2,73.17
8/28/19 9:24,72.394,74.9,1.2,73.17
8/28/19 9:24,72.437,74.9,1.2,73.17
8/28/19 9:24,72.437,74.9,1.2,73.17
8/28/19 9:24,72.394,74.9,1.2,73.17
8/28/19 9:24,72.437,74.9,1.2,73.17
8/28/19 9:24,72.437,74.9,1.2,73.17
8/28/19 9:24,72.437,74.9,1.2,73.17
8/28/19 9:24,72.437,74.9,1.2,73.17
8/28/19 9:24,72.437,74.9,1.2,73.17
8/28/19 9:24,72.437,74.9,1.2,73.17
8/28/19 9:24,72.437,74.9,1.2,73.17
8/28/19 9:24,72.437,74.9,1.2,73.17
8/28/19 9:24,72.437,74.9,1.2,73.17
8/28/19 9:24,72.437,74.9,1.2,73.17
8/28/19 9:24,72.437,74.9,1.2,73.17
8/28/19 9:24,72.437,74.9,1.2,73.17
8/28/19 9:24,72.437,74.9,1.2,73.126
8/28/19 9:24,72.437,74.9,1.2,73.17
8/28/19 9:24,72.437,74.9,76.2,73.213
8/28/19 9:24,72.437,74.9,83.7,73.213
8/28/19 9:24,72.437,74.9,83.7,73.213
8/28/19 9:24,72.48,74.9,23.7,73.213
8/28/19 9:24,72.48,74.9,1871.2,73.17
8/28/19 9:24,72.48,74.9,1558.7,73.17
8/28/19 9:24,72.48,74.9,1316.2,73.126
8/28/19 9:24,72.48,74.9,791.2,73.083
8/28/19 9:24,72.48,75,1831.2,73.04
8/28/19 9:24,72.48,75,1003.7,73.04
8/28/19 9:24,72.48,75,888.7,72.997
8/28/19 9:24,72.48,74.9,1083.7,73.04
8/28/19 9:24,72.48,74.9,1121.2,73.04
8/28/19 9:24,72.48,74.9,1126.2,73.04
8/28/19 9:24,72.48,74.9,1123.7,73.04
8/28/19 9:24,72.48,74.9,1123.7,73.04
8/28/19 9:24,72.48,75,1128.7,73.04
8/28/19 9:24,72.48,74.9,1141.2,73.04
8/28/19 9:24,72.48,74.9,1126.2,73.04
8/28/19 9:24,72.48,74.9,1123.7,73.04
8/28/19 9:24,72.48,75,1128.7,72.997
8/28/19 9:24,72.48,74.9,1128.7,72.997
8/28/19 9:24,72.48,74.9,1131.2,72.997
8/28/19 9:24,72.48,74.9,1131.2,73.04
8/28/19 9:24,72.48,75,1146.2,73.04
8/28/19 9:24,72.48,75,648.7,73.04
8/28/19 9:24,72.48,75,583.7,73.04
8/28/19 9:24,72.48,75,1076.2,73.083
8/28/19 9:24,72.48,75,1106.2,73.126
8/28/19 9:24,72.48,75,1106.2,73.17
8/28/19 9:24,72.48,75,1098.7,73.17
8/28/19 9:24,72.48,74.9,1086.2,73.17
8/28/19 9:24,72.48,74.9,1088.7,73.213
8/28/19 9:24,72.48,75,1088.7,73.213
8/28/19 9:24,72.437,75,1086.2,73.256
8/28/19 9:24,72.437,74.9,1086.2,73.299
8/28/19 9:24,72.437,74.9,1086.2,73.299
8/28/19 9:25,72.437,74.9,1086.2,73.342
8/28/19 9:25,72.437,74.9,1086.2,73.386
8/28/19 9:25,72.437,74.9,1086.2,73.429
8/28/19 9:25,72.437,74.9,1086.2,73.515
8/28/19 9:25,72.437,74.9,1088.7,73.558
8/28/19 9:25,72.394,74.9,1088.7,73.558
8/28/19 9:25,72.394,74.9,1088.7,73.472
8/28/19 9:25,72.394,75,1088.7,72.997
8/28/19 9:25,72.394,74.9,1088.7,72.307
8/28/19 9:25,72.394,75,1088.7,71.577
8/28/19 9:25,72.394,75.1,1088.7,71.017
8/28/19 9:25,72.394,75.2,1088.7,70.459
8/28/19 9:25,72.394,75.2,1086.2,70.029
8/28/19 9:25,72.394,75.3,1086.2,69.6
8/28/19 9:25,72.394,75.3,1088.7,69.343
8/28/19 9:25,72.394,75.4,1088.7,69.643
8/28/19 9:25,72.394,75.4,1088.7,70.286
8/28/19 9:25,72.394,75.5,1088.7,70.716
8/28/19 9:25,72.394,75.5,1088.7,70.974
8/28/19 9:25,72.394,75.6,1088.7,71.19
8/28/19 9:25,72.394,75.7,1088.7,71.361
8/28/19 9:25,72.394,75.7,1088.7,71.49
8/28/19 9:25,72.394,75.7,1091.2,71.577
8/28/19 9:25,72.394,75.7,1091.2,71.533
8/28/19 9:25,72.394,75.7,1093.7,71.231
8/28/19 9:25,72.394,75.8,1091.2,70.759
8/28/19 9:25,72.394,75.8,1091.2,70.372
8/28/19 9:25,72.394,75.8,1093.7,69.985
8/28/19 9:25,72.394,75.8,1093.7,69.685
8/28/19 9:25,72.394,75.7,1093.7,69.343
8/28/19 9:25,72.394,75.7,1093.7,69.042
8/28/19 9:25,72.394,75.7,1091.2,68.785
8/28/19 9:25,72.394,75.7,1093.7,68.571
8/28/19 9:25,72.394,75.7,1093.7,68.4
8/28/19 9:25,72.394,75.7,1093.7,68.227
8/28/19 9:25,72.394,75.8,1091.2,68.142
8/28/19 9:25,72.351,75.8,1093.7,68.013
8/28/19 9:25,72.394,75.8,1093.7,67.971
8/28/19 9:25,72.394,75.9,1093.7,67.885
8/28/19 9:25,72.394,75.9,1096.2,67.842
8/28/19 9:25,72.351,75.9,1093.7,67.757
8/28/19 9:25,72.351,75.9,1093.7,67.714
8/28/19 9:25,72.351,75.9,1093.7,67.671
8/28/19 9:25,72.351,75.9,1096.2,67.627
8/28/19 9:25,72.351,75.9,1096.2,67.586
8/28/19 9:25,72.351,75.9,1096.2,67.543
8/28/19 9:25,72.351,75.8,1096.2,67.5
8/28/19 9:25,72.351,75.8,1096.2,67.5
8/28/19 9:25,72.351,75.7,1098.7,67.5
8/28/19 9:25,72.351,75.7,1098.7,67.456
8/28/19 9:25,72.351,75.7,1098.7,67.413
8/28/19 9:25,72.351,75.7,1098.7,67.413
8/28/19 9:25,72.351,75.7,1098.7,67.372
8/28/19 9:25,72.307,75.6,1098.7,67.372
8/28/19 9:25,72.307,75.5,1098.7,67.372
8/28/19 9:25,72.307,75.5,1103.7,67.372
8/28/19 9:25,72.307,75.5,1101.2,67.329
8/28/19 9:25,72.307,75.5,1098.7,67.329
8/28/19 9:25,72.307,75.5,1098.7,67.285
8/28/19 9:25,72.264,75.5,1098.7,67.285
8/28/19 9:26,72.264,75.5,1101.2,67.285
8/28/19 9:26,72.264,75.6,1101.2,67.285
8/28/19 9:26,72.264,75.6,1103.7,67.285
8/28/19 9:26,72.264,75.6,1103.7,67.285
8/28/19 9:26,72.264,75.6,1103.7,67.285
8/28/19 9:26,72.264,75.7,1103.7,67.242
8/28/19 9:26,72.221,75.7,1101.2,67.242
8/28/19 9:26,72.221,75.7,1103.7,67.242
8/28/19 9:26,72.221,75.7,1103.7,67.242
8/28/19 9:26,72.221,75.7,1106.2,67.242
8/28/19 9:26,72.221,75.7,1103.7,67.242
8/28/19 9:26,72.221,75.7,1096.2,67.242
8/28/19 9:26,72.221,75.7,1098.7,67.199
8/28/19 9:26,72.178,75.7,1096.2,67.199
8/28/19 9:26,72.178,75.7,1098.7,67.199
8/28/19 9:26,72.178,75.7,1096.2,67.199
8/28/19 9:26,72.178,75.7,1091.2,67.199
8/28/19 9:26,72.178,75.7,1086.2,67.199
8/28/19 9:26,72.178,75.7,1076.2,67.199
8/28/19 9:26,72.178,75.7,1068.7,67.199
8/28/19 9:26,72.136,75.7,1061.2,67.199
8/28/19 9:26,72.136,75.7,1058.7,67.199
8/28/19 9:26,72.136,75.7,1063.7,67.199
8/28/19 9:26,72.136,75.6,1068.7,67.158
8/28/19 9:26,72.136,75.6,1071.2,67.158
8/28/19 9:26,72.136,75.5,1071.2,67.158
8/28/19 9:26,72.136,75.5,1073.7,67.158
8/28/19 9:26,72.093,75.5,1073.7,67.158
8/28/19 9:26,72.093,75.5,1071.2,67.158
8/28/19 9:26,72.093,75.5,1071.2,67.158
8/28/19 9:26,72.093,75.5,1073.7,67.158
8/28/19 9:26,72.093,75.5,1081.2,67.158
8/28/19 9:26,72.093,75.4,1088.7,67.158
8/28/19 9:26,72.05,75.4,1098.7,67.158
8/28/19 9:26,72.05,75.4,1108.7,67.114
8/28/19 9:26,72.05,75.4,1116.2,67.158
8/28/19 9:26,72.05,75.4,1118.7,67.158
8/28/19 9:26,72.05,75.4,1116.2,67.114
8/28/19 9:26,72.05,75.4,1111.2,67.114
8/28/19 9:26,72.007,75.4,1108.7,67.114
8/28/19 9:26,72.007,75.5,1103.7,67.114
8/28/19 9:26,72.007,75.4,1103.7,67.114
8/28/19 9:26,72.007,75.5,1103.7,67.114
8/28/19 9:26,71.964,75.5,1108.7,67.114
8/28/19 9:26,71.964,75.5,1111.2,67.114
8/28/19 9:26,71.964,75.5,1111.2,67.114
8/28/19 9:26,71.964,75.5,1103.7,67.114
8/28/19 9:26,71.964,75.5,1093.7,67.114
8/28/19 9:26,71.964,75.5,1086.2,67.114
8/28/19 9:26,71.92,75.4,1086.2,67.114
8/28/19 9:26,71.92,75.4,1088.7,67.114
8/28/19 9:26,71.92,75.4,1093.7,67.114
8/28/19 9:26,71.92,75.3,1098.7,67.114
8/28/19 9:26,71.92,75.3,1098.7,67.071
8/28/19 9:26,71.877,75.3,1091.2,67.114
8/28/19 9:26,71.877,75.2,1073.7,67.114
8/28/19 9:26,71.877,75.2,1058.7,67.071
8/28/19 9:26,71.834,75.1,1046.2,67.071
8/28/19 9:26,71.834,75.1,1036.2,67.071
8/28/19 9:26,71.834,75.2,1028.7,67.071
8/28/19 9:27,71.834,75.2,1021.2,67.071
8/28/19 9:27,71.791,75.2,1011.2,67.071
8/28/19 9:27,71.791,75.3,1001.2,67.071
8/28/19 9:27,71.791,75.3,991.2,67.071
8/28/19 9:27,71.791,75.4,983.7,67.071
8/28/19 9:27,71.748,75.4,988.7,67.071
8/28/19 9:27,71.748,75.5,1003.7,67.071
8/28/19 9:27,71.748,75.5,1031.2,67.071
8/28/19 9:27,71.748,75.6,1056.2,67.071
8/28/19 9:27,71.748,75.7,1078.7,67.071
8/28/19 9:27,71.748,75.7,1091.2,67.071
8/28/19 9:27,71.748,75.7,1093.7,67.071
8/28/19 9:27,71.704,75.7,1086.2,67.071
8/28/19 9:27,71.704,75.7,1068.7,67.071
8/28/19 9:27,71.704,75.8,1046.2,67.028
8/28/19 9:27,71.704,75.8,1023.7,67.028
8/28/19 9:27,71.704,75.8,1003.7,67.028
8/28/19 9:27,71.704,75.8,983.7,67.028
8/28/19 9:27,71.704,75.8,966.2,67.028
8/28/19 9:27,71.704,75.8,953.7,67.028
8/28/19 9:27,71.704,75.8,938.7,67.028
8/28/19 9:27,71.704,75.8,926.2,67.028
8/28/19 9:27,71.661,75.7,916.2,67.028
8/28/19 9:27,71.661,75.7,913.7,67.028
8/28/19 9:27,71.661,75.7,921.2,67.028
8/28/19 9:27,71.661,75.7,933.7,67.028
8/28/19 9:27,71.661,75.7,951.2,67.028
8/28/19 9:27,71.661,75.6,968.7,67.028
8/28/19 9:27,71.661,75.7,986.2,67.028
8/28/19 9:27,71.62,75.7,1001.2,67.028
8/28/19 9:27,71.62,75.6,1016.2,67.028
8/28/19 9:27,71.62,75.7,1028.7,67.028
8/28/19 9:27,71.62,75.7,1038.7,67.028
8/28/19 9:27,71.62,75.7,1043.7,67.028
8/28/19 9:27,71.62,75.7,1048.7,67.028
8/28/19 9:27,71.577,75.8,1053.7,67.028
8/28/19 9:27,71.577,75.8,1056.2,67.028
8/28/19 9:27,71.577,75.9,1061.2,67.028
8/28/19 9:27,71.577,75.9,1063.7,67.028
8/28/19 9:27,71.577,75.9,1066.2,67.028
8/28/19 9:27,71.577,76,1068.7,66.985
8/28/19 9:27,71.577,76,1078.7,66.985
8/28/19 9:27,71.577,75.9,1093.7,66.985
8/28/19 9:27,71.577,75.9,1108.7,66.985
8/28/19 9:27,71.577,76,1116.2,66.985
8/28/19 9:27,71.577,76,1123.7,67.028
8/28/19 9:27,71.577,76,1128.7,66.985
8/28/19 9:27,71.577,76.1,1133.7,66.985
8/28/19 9:27,71.577,76.2,1138.7,66.985
8/28/19 9:27,71.533,76.2,1138.7,66.985
8/28/19 9:27,71.533,76.3,1138.7,66.985
8/28/19 9:27,71.533,76.3,1143.7,66.985
8/28/19 9:27,71.577,76.3,1143.7,66.985
8/28/19 9:27,71.577,76.4,1148.7,66.985
8/28/19 9:27,71.577,76.5,1153.7,66.985
8/28/19 9:27,71.577,76.5,1156.2,66.985
8/28/19 9:27,71.577,76.6,1158.7,66.985
8/28/19 9:27,71.577,76.7,1163.7,66.985
8/28/19 9:27,71.577,76.8,1163.7,66.985
8/28/19 9:27,71.577,76.7,1163.7,66.985
8/28/19 9:28,71.577,76.8,1163.7,66.985
8/28/19 9:28,71.577,76.8,1163.7,66.985
8/28/19 9:28,71.577,76.9,1163.7,66.985
8/28/19 9:28,71.62,76.9,1163.7,66.985
8/28/19 9:28,71.62,76.9,1161.2,66.985
8/28/19 9:28,71.62,76.9,1163.7,66.985
8/28/19 9:28,71.62,76.9,1163.7,66.985
8/28/19 9:28,71.62,76.9,1163.7,66.985
8/28/19 9:28,71.62,76.9,1163.7,66.985
8/28/19 9:28,71.62,76.9,1163.7,66.943
8/28/19 9:28,71.62,76.8,1163.7,66.985
8/28/19 9:28,71.661,76.8,1161.2,66.985
8/28/19 9:28,71.661,76.8,1163.7,66.943
8/28/19 9:28,71.661,76.7,1163.7,66.943
8/28/19 9:28,71.661,76.7,1163.7,66.985
8/28/19 9:28,71.661,76.7,1163.7,66.943
8/28/19 9:28,71.661,76.7,1163.7,66.943
8/28/19 9:28,71.661,76.8,1163.7,66.943
8/28/19 9:28,71.661,76.8,1163.7,66.943
8/28/19 9:28,71.661,76.8,1163.7,66.943
8/28/19 9:28,71.661,76.8,1166.2,66.943
8/28/19 9:28,71.661,76.8,1166.2,66.943
8/28/19 9:28,71.661,76.8,1166.2,66.943
8/28/19 9:28,71.661,76.8,1166.2,66.943
8/28/19 9:28,71.661,76.8,1166.2,66.943
8/28/19 9:28,71.661,76.8,1168.7,66.943
8/28/19 9:28,71.661,76.8,1168.7,66.943
8/28/19 9:28,71.661,76.7,1168.7,66.943
8/28/19 9:28,71.661,76.8,1168.7,66.943
8/28/19 9:28,71.661,76.7,1168.7,66.943
8/28/19 9:28,71.661,76.6,1171.2,66.943
8/28/19 9:28,71.661,76.6,1171.2,66.943
8/28/19 9:28,71.661,76.6,1171.2,66.943
8/28/19 9:28,71.661,76.6,1173.7,66.943
8/28/19 9:28,71.661,76.6,1173.7,66.943
8/28/19 9:28,71.661,76.6,1176.2,66.943
8/28/19 9:28,71.661,76.6,1173.7,66.943
8/28/19 9:28,71.661,76.6,1176.2,66.943
8/28/19 9:28,71.661,76.6,1178.7,66.943
8/28/19 9:28,71.661,76.6,1178.7,66.943
8/28/19 9:28,71.661,76.6,1181.2,66.943
8/28/19 9:28,71.661,76.6,1181.2,66.943
8/28/19 9:28,71.661,76.7,1181.2,66.943
8/28/19 9:28,71.661,76.8,1183.7,66.943
8/28/19 9:28,71.661,76.7,1183.7,66.943
8/28/19 9:28,71.661,76.8,1183.7,66.943
8/28/19 9:28,71.661,76.8,1183.7,66.943
8/28/19 9:28,71.661,76.8,1186.2,66.943
8/28/19 9:28,71.661,76.8,1183.7,66.943
8/28/19 9:28,71.661,76.8,1178.7,66.943
8/28/19 9:28,71.661,76.8,1168.7,66.943
8/28/19 9:28,71.661,76.8,1156.2,66.943
8/28/19 9:28,71.704,76.8,1151.2,66.943
8/28/19 9:28,71.704,76.8,1143.7,66.943
8/28/19 9:28,71.704,76.8,1141.2,66.943
8/28/19 9:28,71.704,76.8,1136.2,66.943
8/28/19 9:28,71.704,76.8,1133.7,66.943
8/28/19 9:28,71.704,76.7,1131.2,66.943
8/28/19 9:28,71.704,76.7,1128.7,66.943
8/28/19 9:28,71.704,76.7,1133.7,66.943
8/28/19 9:29,71.704,76.7,1141.2,66.943
8/28/19 9:29,71.704,76.6,1136.2,66.943
8/28/19 9:29,71.704,76.6,1131.2,66.943
8/28/19 9:29,71.704,76.6,1118.7,66.9
8/28/19 9:29,71.704,76.6,1108.7,66.943
8/28/19 9:29,71.704,76.5,1101.2,66.9
8/28/19 9:29,71.661,76.6,1093.7,66.9
8/28/19 9:29,71.704,76.5,1086.2,66.9
8/28/19 9:29,71.661,76.5,1068.7,66.9
8/28/19 9:29,71.661,76.6,1053.7,66.9
8/28/19 9:29,71.661,76.7,1036.2,66.9
8/28/19 9:29,71.661,76.8,1023.7,66.9
8/28/19 9:29,71.661,76.8,1013.7,66.9
8/28/19 9:29,71.661,76.7,1008.7,66.9
8/28/19 9:29,71.661,76.7,1003.7,66.9
8/28/19 9:29,71.661,76.8,1001.2,66.9
8/28/19 9:29,71.704,76.8,993.7,66.9
8/28/19 9:29,71.704,76.8,988.7,66.9
8/28/19 9:29,71.704,76.8,983.7,66.9
8/28/19 9:29,71.704,76.8,986.2,66.9
8/28/19 9:29,71.704,76.8,991.2,66.9
8/28/19 9:29,71.704,76.8,1001.2,66.9
8/28/19 9:29,71.704,76.9,1013.7,66.9
8/28/19 9:29,71.704,76.9,1018.7,66.9
8/28/19 9:29,71.704,76.9,1023.7,66.9
8/28/19 9:29,71.704,76.9,1028.7,66.9
8/28/19 9:29,71.704,76.9,1033.7,66.9
8/28/19 9:29,71.704,76.9,1041.2,66.9
8/28/19 9:29,71.704,77,1051.2,66.9
8/28/19 9:29,71.704,77,1058.7,66.9
8/28/19 9:29,71.704,77.1,1066.2,66.9
8/28/19 9:29,71.704,77.1,1071.2,66.9
8/28/19 9:29,71.704,77.1,1076.2,66.9
8/28/19 9:29,71.748,77.1,1078.7,66.9
8/28/19 9:29,71.704,77.2,1083.7,66.9
8/28/19 9:29,71.748,77.3,1088.7,66.9
8/28/19 9:29,71.748,77.3,1096.2,66.9
8/28/19 9:29,71.748,77.3,1106.2,66.9
8/28/19 9:29,71.748,77.4,1113.7,66.9
8/28/19 9:29,71.748,77.3,1118.7,66.9
8/28/19 9:29,71.748,77.3,1123.7,66.9
8/28/19 9:29,71.748,77.3,1126.2,66.9
8/28/19 9:29,71.748,77.3,1126.2,66.9
8/28/19 9:29,71.748,77.3,1126.2,66.9
8/28/19 9:29,71.748,77.2,1128.7,66.9
8/28/19 9:29,71.748,77.1,1131.2,66.9
8/28/19 9:29,71.748,77.1,1141.2,66.9
8/28/19 9:29,71.791,77.1,1148.7,66.9
8/28/19 9:29,71.748,77.1,1161.2,66.9
8/28/19 9:29,71.748,77,1173.7,66.9
8/28/19 9:29,71.748,76.9,1188.7,66.9
8/28/19 9:29,71.748,76.9,1198.7,66.9
8/28/19 9:29,71.748,76.8,1203.7,66.9
8/28/19 9:29,71.748,76.8,1198.7,66.9
8/28/19 9:29,71.748,76.8,1188.7,66.9
8/28/19 9:29,71.748,76.8,1173.7,66.9
8/28/19 9:29,71.748,76.8,1163.7,66.9
8/28/19 9:29,71.748,76.7,1153.7,66.9
8/28/19 9:29,71.748,76.8,1146.2,66.9
8/28/19 9:29,71.748,76.7,1138.7,66.9
8/28/19 9:30,71.704,76.6,1138.7,66.9
8/28/19 9:30,71.704,76.6,1141.2,66.9
8/28/19 9:30,71.748,76.6,1148.7,66.9
8/28/19 9:30,71.704,76.6,1161.2,66.9
8/28/19 9:30,71.704,76.6,1173.7,66.9
8/28/19 9:30,71.704,76.6,1186.2,66.9
8/28/19 9:30,71.704,76.6,1193.7,66.9
8/28/19 9:30,71.704,76.6,1201.2,66.9
8/28/19 9:30,71.704,76.6,1203.7,66.9
8/28/19 9:30,71.704,76.6,1206.2,66.9
8/28/19 9:30,71.704,76.6,1211.2,66.9
8/28/19 9:30,71.704,76.6,1216.2,66.9
8/28/19 9:30,71.704,76.6,1221.2,66.9
8/28/19 9:30,71.704,76.6,1218.7,66.9
8/28/19 9:30,71.704,76.6,1218.7,66.857
8/28/19 9:30,71.704,76.7,1211.2,66.857
8/28/19 9:30,71.704,76.7,1211.2,66.9
8/28/19 9:30,71.704,76.7,1211.2,66.857
8/28/19 9:30,71.704,76.8,1213.7,66.9
8/28/19 9:30,71.704,76.7,1218.7,66.9
8/28/19 9:30,71.704,76.7,1218.7,66.9
8/28/19 9:30,71.704,76.8,1221.2,66.857
8/28/19 9:30,71.704,76.8,1218.7,66.857
8/28/19 9:30,71.704,76.8,1218.7,66.857
8/28/19 9:30,71.704,76.8,1216.2,66.857
8/28/19 9:30,71.704,76.8,1216.2,66.857
8/28/19 9:30,71.704,76.8,1218.7,66.9
8/28/19 9:30,71.704,76.7,1218.7,66.9
8/28/19 9:30,71.704,76.7,1221.2,66.857
8/28/19 9:30,71.704,76.8,1221.2,66.857
8/28/19 9:30,71.704,76.7,1221.2,66.9
8/28/19 9:30,71.704,76.7,1221.2,66.857
8/28/19 9:30,71.704,76.6,1221.2,66.857
8/28/19 9:30,71.704,76.6,1221.2,66.857
8/28/19 9:30,71.661,76.6,1221.2,66.857
8/28/19 9:30,71.661,76.6,1223.7,66.857
8/28/19 9:30,71.661,76.6,1223.7,66.857
8/28/19 9:30,71.661,76.6,1221.2,66.857
8/28/19 9:30,71.661,76.5,1223.7,66.857
8/28/19 9:30,71.661,76.6,1221.2,66.857
8/28/19 9:30,71.661,76.6,1223.7,66.857
8/28/19 9:30,71.661,76.5,1223.7,66.857
8/28/19 9:30,71.661,76.6,1221.2,66.857
8/28/19 9:30,71.661,76.6,1221.2,66.857
8/28/19 9:30,71.661,76.6,1223.7,66.857
8/28/19 9:30,71.661,76.5,1223.7,66.857
8/28/19 9:30,71.661,76.6,1223.7,66.857
8/28/19 9:30,71.661,76.4,1223.7,66.857
8/28/19 9:30,71.661,76.4,1223.7,66.857
8/28/19 9:30,71.661,76.3,1223.7,66.857
8/28/19 9:30,71.661,76.4,1226.2,66.857
8/28/19 9:30,71.62,76.4,1223.7,66.857
8/28/19 9:30,71.62,76.3,1226.2,66.857
8/28/19 9:30,71.62,76.3,1226.2,66.857
8/28/19 9:30,71.62,76.3,1228.7,66.857
8/28/19 9:30,71.62,76.3,1226.2,66.857
8/28/19 9:30,71.62,76.3,1228.7,66.857
8/28/19 9:30,71.62,76.3,1226.2,66.857
8/28/19 9:30,71.62,76.4,1228.7,66.857
8/28/19 9:30,71.62,76.4,1228.7,66.857
8/28/19 9:31,71.62,76.4,1228.7,66.857
8/28/19 9:31,71.62,76.4,1231.2,66.857
8/28/19 9:31,71.62,76.4,1228.7,66.857
8/28/19 9:31,71.62,76.5,1228.7,66.857
8/28/19 9:31,71.577,76.6,1231.2,66.857
8/28/19 9:31,71.62,76.7,1233.7,66.857
8/28/19 9:31,71.62,76.8,1228.7,66.857
8/28/19 9:31,71.62,76.8,1231.2,66.857
8/28/19 9:31,71.62,76.8,1231.2,66.857
8/28/19 9:31,71.62,76.9,1231.2,66.857
8/28/19 9:31,71.62,77,1231.2,66.857
8/28/19 9:31,71.62,77.1,1233.7,66.857
8/28/19 9:31,71.62,77.1,1231.2,66.857
8/28/19 9:31,71.62,77.1,1233.7,66.857
8/28/19 9:31,71.661,77.2,1236.2,66.857
8/28/19 9:31,71.661,77.2,1233.7,66.857
8/28/19 9:31,71.661,77.3,1236.2,66.857
8/28/19 9:31,71.661,77.4,1233.7,66.857
8/28/19 9:31,71.661,77.4,1236.2,66.857
8/28/19 9:31,71.661,77.4,1236.2,66.857
8/28/19 9:31,71.661,77.5,1236.2,66.857
8/28/19 9:31,71.704,77.5,1238.7,66.857
8/28/19 9:31,71.704,77.5,1238.7,66.857
8/28/19 9:31,71.704,77.4,1238.7,66.857
8/28/19 9:31,71.704,77.5,1238.7,66.857
8/28/19 9:31,71.704,77.6,1238.7,66.857
8/28/19 9:31,71.704,77.6,1238.7,66.857
8/28/19 9:31,71.748,77.6,1238.7,66.857
8/28/19 9:31,71.748,77.7,1238.7,66.857
8/28/19 9:31,71.748,77.7,1238.7,66.857
8/28/19 9:31,71.748,77.7,1238.7,66.857
8/28/19 9:31,71.748,77.8,1238.7,66.857
8/28/19 9:31,71.791,77.8,1238.7,66.857
8/28/19 9:31,71.791,77.9,1238.7,66.857
8/28/19 9:31,71.791,77.9,1241.2,66.857
8/28/19 9:31,71.791,77.8,1238.7,66.857
8/28/19 9:31,71.791,77.9,1241.2,66.857
8/28/19 9:31,71.834,77.9,1241.2,66.857
8/28/19 9:31,71.834,77.9,1241.2,66.857
8/28/19 9:31,71.834,77.9,1238.7,66.857
8/28/19 9:31,71.834,77.9,1238.7,66.857
8/28/19 9:31,71.834,78,1156.2,66.857
8/28/19 9:31,71.877,78,1238.7,66.857
8/28/19 9:31,71.877,78,1238.7,66.857
8/28/19 9:31,71.877,78,1238.7,66.857
8/28/19 9:31,71.92,78.1,1241.2,66.857
8/28/19 9:31,71.92,78.1,1243.7,66.857
8/28/19 9:31,71.92,78.2,1243.7,66.857
8/28/19 9:31,71.92,78.3,1243.7,66.857
8/28/19 9:31,71.964,78.3,1243.7,66.857
8/28/19 9:31,71.964,78.3,1246.2,66.857
8/28/19 9:31,71.964,78.3,1246.2,66.857
8/28/19 9:31,72.007,78.3,1246.2,66.857
8/28/19 9:31,72.007,78.3,1243.7,66.857
8/28/19 9:31,72.007,78.3,1246.2,66.857
8/28/19 9:31,72.007,78.2,1243.7,66.857
8/28/19 9:31,72.007,78.2,1243.7,66.857
8/28/19 9:31,72.05,78.2,1243.7,66.857
8/28/19 9:31,72.05,78.1,1243.7,66.857
8/28/19 9:31,72.05,78.1,1243.7,66.857
8/28/19 9:32,72.05,78.1,1241.2,66.857
8/28/19 9:32,72.093,78.1,1241.2,66.857
8/28/19 9:32,72.093,78.1,1238.7,66.857
8/28/19 9:32,72.093,78,1241.2,66.857
8/28/19 9:32,72.093,78,1243.7,66.857
8/28/19 9:32,72.136,78,1248.7,66.857
8/28/19 9:32,72.136,78,1251.2,66.857
8/28/19 9:32,72.136,78,1251.2,66.857
8/28/19 9:32,72.136,78,1251.2,66.857
8/28/19 9:32,72.136,78,1251.2,66.857
8/28/19 9:32,72.178,78,1253.7,66.857
8/28/19 9:32,72.178,78,1251.2,66.857
8/28/19 9:32,72.178,78,1253.7,66.857
8/28/19 9:32,72.178,78,1256.2,66.857
8/28/19 9:32,72.178,78,1253.7,66.857
8/28/19 9:32,72.221,78,1253.7,66.857
8/28/19 9:32,72.221,78,1253.7,66.857
8/28/19 9:32,72.221,78,1256.2,66.857
8/28/19 9:32,72.221,78,1256.2,66.857
8/28/19 9:32,72.221,78,1256.2,66.857
8/28/19 9:32,72.264,78,1256.2,66.857
8/28/19 9:32,72.264,78,1258.7,66.857
8/28/19 9:32,72.264,78,1258.7,66.857
8/28/19 9:32,72.264,78.1,1258.7,66.857
8/28/19 9:32,72.307,78.1,1258.7,66.857
8/28/19 9:32,72.307,78.1,1261.2,66.857
8/28/19 9:32,72.307,78.2,1261.2,66.857
8/28/19 9:32,72.307,78.2,1261.2,66.857
8/28/19 9:32,72.351,78.3,1261.2,66.857
8/28/19 9:32,72.351,78.3,1261.2,66.857
8/28/19 9:32,72.351,78.3,1261.2,66.857
8/28/19 9:32,72.394,78.4,1261.2,66.857
8/28/19 9:32,72.394,78.4,1261.2,66.857
8/28/19 9:32,72.394,78.4,1261.2,66.857
8/28/19 9:32,72.437,78.5,1263.7,66.857
8/28/19 9:32,72.437,78.5,1263.7,66.857
8/28/19 9:32,72.437,78.5,1263.7,66.857
8/28/19 9:32,72.48,78.4,1266.2,66.857
8/28/19 9:32,72.48,78.3,1266.2,66.857
8/28/19 9:32,72.48,78.3,1266.2,66.857
8/28/19 9:32,72.523,78.2,1266.2,66.857
8/28/19 9:32,72.523,78,1266.2,66.857
8/28/19 9:32,72.523,78,1266.2,66.857
8/28/19 9:32,72.523,77.8,1266.2,66.857
8/28/19 9:32,72.523,77.7,1268.7,66.857
8/28/19 9:32,72.523,77.6,1266.2,66.857
8/28/19 9:32,72.523,77.5,1268.7,66.857
8/28/19 9:32,72.567,77.3,1271.2,66.857
8/28/19 9:32,72.567,77.2,1271.2,66.857
8/28/19 9:32,72.567,77.2,1268.7,66.857
8/28/19 9:32,72.567,77.1,1273.7,66.857
8/28/19 9:32,72.567,77,1273.7,66.857
8/28/19 9:32,72.567,77,1273.7,66.857
8/28/19 9:32,72.567,76.9,1273.7,66.857
8/28/19 9:32,72.523,76.9,1273.7,66.857
8/28/19 9:32,72.523,76.9,1273.7,66.857
8/28/19 9:32,72.567,76.8,1273.7,66.857
8/28/19 9:32,72.523,76.8,1273.7,66.857
8/28/19 9:32,72.567,76.8,1273.7,66.857
8/28/19 9:32,72.567,76.8,1276.2,66.857
8/28/19 9:33,72.567,76.8,1273.7,66.857
8/28/19 9:33,72.567,76.9,1278.7,66.857
8/28/19 9:33,72.567,76.8,1278.7,66.857
8/28/19 9:33,72.567,76.7,1278.7,66.857
8/28/19 9:33,72.567,76.7,1276.2,66.857
8/28/19 9:33,72.567,76.7,1278.7,66.857
8/28/19 9:33,72.567,76.7,1281.2,66.857
8/28/19 9:33,72.567,76.7,1278.7,66.857
8/28/19 9:33,72.567,76.7,1281.2,66.857
8/28/19 9:33,72.567,76.7,1281.2,66.857
8/28/19 9:33,72.567,76.6,1281.2,66.857
8/28/19 9:33,72.567,76.6,1281.2,66.857
8/28/19 9:33,72.567,76.6,1281.2,66.857
8/28/19 9:33,72.567,76.6,1283.7,66.857
8/28/19 9:33,72.567,76.6,1283.7,66.857
8/28/19 9:33,72.567,76.5,1283.7,66.857
8/28/19 9:33,72.567,76.6,1283.7,66.857
8/28/19 9:33,72.567,76.6,1286.2,66.857
8/28/19 9:33,72.567,76.6,1283.7,66.857
8/28/19 9:33,72.567,76.6,1286.2,66.857
8/28/19 9:33,72.567,76.6,1286.2,66.857
8/28/19 9:33,72.567,76.6,1286.2,66.857
8/28/19 9:33,72.567,76.6,1286.2,66.857
8/28/19 9:33,72.567,76.5,1288.7,66.857
8/28/19 9:33,72.567,76.5,1288.7,66.857
8/28/19 9:33,72.567,76.5,1288.7,66.857
8/28/19 9:33,72.567,76.4,1291.2,66.857
8/28/19 9:33,72.567,76.5,1293.7,66.857
8/28/19 9:33,72.567,76.4,1291.2,66.857
8/28/19 9:33,72.567,76.4,1291.2,66.857
8/28/19 9:33,72.567,76.3,1293.7,66.857
8/28/19 9:33,72.567,76.3,1293.7,66.857
8/28/19 9:33,72.567,76.2,1293.7,66.857
8/28/19 9:33,72.567,76.2,1293.7,66.857
8/28/19 9:33,72.567,76.1,1296.2,66.857
8/28/19 9:33,72.567,76.1,1293.7,66.857
8/28/19 9:33,72.567,76.1,1296.2,66.857
8/28/19 9:33,72.567,76,1296.2,66.857
8/28/19 9:33,72.567,76.1,1296.2,66.857
8/28/19 9:33,72.567,76,1296.2,66.857
8/28/19 9:33,72.523,76,1296.2,66.857
8/28/19 9:33,72.523,76,1298.7,66.857
8/28/19 9:33,72.523,76,1298.7,66.857
8/28/19 9:33,72.523,75.9,1298.7,66.857
8/28/19 9:33,72.523,75.9,1298.7,66.857
8/28/19 9:33,72.523,75.8,1301.2,66.857
8/28/19 9:33,72.523,75.8,1301.2,66.857
8/28/19 9:33,72.523,75.8,1301.2,66.857
8/28/19 9:33,72.523,75.8,1301.2,66.857
8/28/19 9:33,72.48,75.9,1301.2,66.857
8/28/19 9:33,72.48,75.8,1303.7,66.857
8/28/19 9:33,72.48,75.9,1303.7,66.857
8/28/19 9:33,72.48,75.9,1303.7,66.857
8/28/19 9:33,72.48,75.9,1306.2,66.857
8/28/19 9:33,72.48,76,1306.2,66.857
8/28/19 9:33,72.48,76,1306.2,66.857
8/28/19 9:33,72.48,76,1306.2,66.857
8/28/19 9:33,72.48,76,1308.7,66.857
8/28/19 9:33,72.48,76,1308.7,66.857
8/28/19 9:33,72.437,75.9,1308.7,66.857
8/28/19 9:34,72.437,75.9,1311.2,66.857
8/28/19 9:34,72.437,76,1311.2,66.857
8/28/19 9:34,72.437,76,1313.7,66.857
8/28/19 9:34,72.437,76,1311.2,66.857
8/28/19 9:34,72.437,76.1,1313.7,66.857
8/28/19 9:34,72.437,76,1311.2,66.857
8/28/19 9:34,72.437,76.1,1313.7,66.857
8/28/19 9:34,72.437,76.1,1316.2,66.857
8/28/19 9:34,72.437,76.1,1316.2,66.857
8/28/19 9:34,72.437,76.1,1316.2,66.857
8/28/19 9:34,72.437,76.1,1318.7,66.857
8/28/19 9:34,72.437,76.1,1316.2,66.857
8/28/19 9:34,72.437,76.1,1316.2,66.857
8/28/19 9:34,72.437,76.1,1318.7,66.857
8/28/19 9:34,72.437,76.1,1318.7,66.857
8/28/19 9:34,72.437,76.2,1321.2,66.9
8/28/19 9:34,72.437,76.2,1318.7,66.9
8/28/19 9:34,72.437,76.2,1321.2,66.857
8/28/19 9:34,72.437,76.3,1323.7,66.9
8/28/19 9:34,72.437,76.3,1323.7,66.857
8/28/19 9:34,72.437,76.3,1323.7,66.857
8/28/19 9:34,72.437,76.4,1323.7,66.9
8/28/19 9:34,72.437,76.4,1323.7,66.857
8/28/19 9:34,72.437,76.5,1323.7,66.857
8/28/19 9:34,72.437,76.5,1326.2,66.9
8/28/19 9:34,72.48,76.5,1326.2,66.857
8/28/19 9:34,72.48,76.5,1326.2,66.9
8/28/19 9:34,72.48,76.5,1328.7,66.9
8/28/19 9:34,72.48,76.5,1331.2,66.857
8/28/19 9:34,72.48,76.5,1328.7,66.857
8/28/19 9:34,72.48,76.5,1331.2,66.857
8/28/19 9:34,72.48,76.5,1333.7,66.9
8/28/19 9:34,72.48,76.3,1333.7,66.857
8/28/19 9:34,72.48,76.2,1333.7,66.9
8/28/19 9:34,72.48,76.1,1333.7,66.9
8/28/19 9:34,72.48,76.1,1336.2,66.9
8/28/19 9:34,72.48,76,1336.2,66.9
8/28/19 9:34,72.48,75.8,1336.2,66.9
8/28/19 9:34,72.48,75.7,1336.2,66.9
8/28/19 9:34,72.48,75.7,1336.2,66.857
8/28/19 9:34,72.48,75.6,1336.2,66.9
8/28/19 9:34,72.437,75.5,1338.7,66.9
8/28/19 9:34,72.437,75.5,1338.7,66.9
8/28/19 9:34,72.437,75.4,1338.7,66.9
8/28/19 9:34,72.437,75.4,1341.2,66.9
8/28/19 9:34,72.437,75.3,1341.2,66.9
8/28/19 9:34,72.394,75.3,1341.2,66.9
8/28/19 9:34,72.394,75.3,1343.7,66.9
8/28/19 9:34,72.394,75.2,1343.7,66.9
8/28/19 9:34,72.394,75.2,1343.7,66.9
8/28/19 9:34,72.351,75.2,1343.7,66.9
8/28/19 9:34,72.351,75.2,1346.2,66.9
8/28/19 9:34,72.351,75.2,1346.2,66.9
8/28/19 9:34,72.307,75.2,1348.7,66.9
8/28/19 9:34,72.307,75.3,1348.7,66.9
8/28/19 9:34,72.307,75.3,1348.7,66.9
8/28/19 9:34,72.307,75.3,1348.7,66.9
8/28/19 9:34,72.307,75.3,1348.7,66.9
8/28/19 9:34,72.307,75.3,1348.7,66.9
8/28/19 9:34,72.307,75.4,1351.2,66.9
8/28/19 9:35,72.264,75.4,1353.7,66.9
8/28/19 9:35,72.264,75.5,1351.2,66.9
8/28/19 9:35,72.264,75.5,1353.7,66.9
8/28/19 9:35,72.264,75.6,1353.7,66.9
8/28/19 9:35,72.264,75.6,1353.7,66.9
8/28/19 9:35,72.264,75.7,1356.2,66.9
8/28/19 9:35,72.264,75.7,1356.2,66.9
8/28/19 9:35,72.264,75.7,1356.2,66.9
8/28/19 9:35,72.264,75.8,1356.2,66.9
8/28/19 9:35,72.264,75.9,1358.7,66.9
8/28/19 9:35,72.264,76,1358.7,66.9
8/28/19 9:35,72.264,76,1358.7,66.9
8/28/19 9:35,72.264,76.1,1361.2,66.9
8/28/19 9:35,72.264,76.2,1358.7,66.9
8/28/19 9:35,72.264,76.3,1361.2,66.9
8/28/19 9:35,72.264,76.4,1363.7,66.9
8/28/19 9:35,72.264,76.4,1361.2,66.9
8/28/19 9:35,72.264,76.4,1361.2,66.9
8/28/19 9:35,72.264,76.4,1366.2,66.9
8/28/19 9:35,72.264,76.3,1363.7,66.9
8/28/19 9:35,72.307,76.3,1366.2,66.9
8/28/19 9:35,72.307,76.3,1366.2,66.9
8/28/19 9:35,72.307,76.2,1368.7,66.9
8/28/19 9:35,72.307,76.2,1368.7,66.9
8/28/19 9:35,72.307,76.2,1368.7,66.9
8/28/19 9:35,72.307,76.2,1368.7,66.9
8/28/19 9:35,72.307,76.2,1368.7,66.9
8/28/19 9:35,72.307,76.3,1371.2,66.9
8/28/19 9:35,72.307,76.3,1368.7,66.9
8/28/19 9:35,72.307,76.3,1371.2,66.9
8/28/19 9:35,72.307,76.4,1371.2,66.9
8/28/19 9:35,72.307,76.4,1373.7,66.9
8/28/19 9:35,72.307,76.4,1371.2,66.9
8/28/19 9:35,72.307,76.4,1371.2,66.9
8/28/19 9:35,72.307,76.4,1371.2,66.9
8/28/19 9:35,72.307,76.4,1373.7,66.9
8/28/19 9:35,72.351,76.4,1373.7,66.9
8/28/19 9:35,72.351,76.4,1376.2,66.9
8/28/19 9:35,72.351,76.5,1376.2,66.9
8/28/19 9:35,72.351,76.5,1376.2,66.9
8/28/19 9:35,72.351,76.4,1376.2,66.9
8/28/19 9:35,72.351,76.4,1376.2,66.9
8/28/19 9:35,72.351,76.3,1376.2,66.9
8/28/19 9:35,72.351,76.3,1373.7,66.9
8/28/19 9:35,72.351,76.2,1376.2,66.9
8/28/19 9:35,72.351,76.1,1376.2,66.9
8/28/19 9:35,72.351,76.1,1373.7,66.9
8/28/19 9:35,72.351,76.1,1373.7,66.9
8/28/19 9:35,72.394,76.1,1373.7,66.9
8/28/19 9:35,72.394,76.1,1373.7,66.9
8/28/19 9:35,72.351,76.1,1373.7,66.9
8/28/19 9:35,72.351,76,1373.7,66.9
8/28/19 9:35,72.351,76.1,1376.2,66.9
8/28/19 9:35,72.394,76.1,1378.7,66.9
8/28/19 9:35,72.351,76,1381.2,66.9
8/28/19 9:35,72.394,76,1378.7,66.9
8/28/19 9:35,72.351,76,1381.2,66.9
8/28/19 9:35,72.394,75.9,1383.7,66.9
8/28/19 9:35,72.351,75.9,1383.7,66.9
8/28/19 9:35,72.394,75.8,1383.7,66.9
8/28/19 9:36,72.351,75.8,1381.2,66.9
8/28/19 9:36,72.351,75.8,1381.2,66.9
8/28/19 9:36,72.351,75.8,1381.2,66.9
8/28/19 9:36,72.351,75.8,1386.2,66.9
8/28/19 9:36,72.351,75.9,1388.7,66.9
8/28/19 9:36,72.351,75.9,1388.7,66.9
8/28/19 9:36,72.351,76,1391.2,66.9
8/28/19 9:36,72.351,76,1391.2,66.9
8/28/19 9:36,72.351,76,1391.2,66.9
8/28/19 9:36,72.351,76,1391.2,66.9
8/28/19 9:36,72.351,76,1393.7,66.9
8/28/19 9:36,72.394,76,1391.2,66.9
8/28/19 9:36,72.394,76,1393.7,66.9
8/28/19 9:36,72.394,76,1391.2,66.9
8/28/19 9:36,72.394,76,1391.2,66.9
8/28/19 9:36,72.394,76,1391.2,66.9
8/28/19 9:36,72.394,76,1393.7,66.9
8/28/19 9:36,72.394,76.1,1391.2,66.9
8/28/19 9:36,72.394,76,1391.2,66.9
8/28/19 9:36,72.394,76.1,1391.2,66.9
8/28/19 9:36,72.394,76.1,1391.2,66.9
8/28/19 9:36,72.394,76.1,1393.7,66.9
8/28/19 9:36,72.394,76.1,1396.2,66.9
8/28/19 9:36,72.394,76,1396.2,66.943
8/28/19 9:36,72.394,76,1396.2,66.9
8/28/19 9:36,72.394,75.9,1396.2,66.9
8/28/19 9:36,72.394,75.9,1396.2,66.9
8/28/19 9:36,72.394,75.8,1396.2,66.9
8/28/19 9:36,72.394,75.8,1398.7,66.943
8/28/19 9:36,72.394,75.7,1398.7,66.943
8/28/19 9:36,72.394,75.7,1396.2,66.9
8/28/19 9:36,72.394,75.7,1398.7,66.943
8/28/19 9:36,72.394,75.7,1398.7,66.9
8/28/19 9:36,72.394,75.7,1398.7,66.9
8/28/19 9:36,72.394,75.7,1398.7,66.9
8/28/19 9:36,72.394,75.6,1398.7,66.9
8/28/19 9:36,72.394,75.5,1398.7,66.943
8/28/19 9:36,72.394,75.5,1398.7,66.9
8/28/19 9:36,72.394,75.4,1398.7,66.943
8/28/19 9:36,72.394,75.3,1401.2,66.943
8/28/19 9:36,72.394,75.3,1398.7,66.943
8/28/19 9:36,72.394,75.3,1398.7,66.943
8/28/19 9:36,72.394,75.3,1398.7,66.943
8/28/19 9:36,72.351,75.2,1398.7,66.9
8/28/19 9:36,72.351,75.2,1401.2,66.943
8/28/19 9:36,72.351,75.2,1401.2,66.943
8/28/19 9:36,72.351,75.2,1401.2,66.943
8/28/19 9:36,72.351,75.3,1401.2,66.9
8/28/19 9:36,72.351,75.3,1401.2,66.943
8/28/19 9:36,72.351,75.3,1401.2,66.943
8/28/19 9:36,72.351,75.3,1401.2,66.943
8/28/19 9:36,72.351,75.3,1403.7,66.943
8/28/19 9:36,72.351,75.4,1401.2,66.943
8/28/19 9:36,72.351,75.5,1401.2,66.943
8/28/19 9:36,72.307,75.5,1401.2,66.943
8/28/19 9:36,72.351,75.6,1401.2,66.943
8/28/19 9:36,72.351,75.7,1401.2,66.943
8/28/19 9:36,72.351,75.7,1403.7,66.943
8/28/19 9:36,72.351,75.7,1401.2,66.943
8/28/19 9:36,72.351,75.7,1403.7,66.943
8/28/19 9:37,72.307,75.7,1403.7,66.943
8/28/19 9:37,72.351,75.7,1401.2,66.943
8/28/19 9:37,72.351,75.7,1401.2,66.943
8/28/19 9:37,72.351,75.7,1401.2,66.943
8/28/19 9:37,72.351,75.7,1403.7,66.943
8/28/19 9:37,72.351,75.7,1401.2,66.943
8/28/19 9:37,72.351,75.8,1403.7,66.943
8/28/19 9:37,72.351,75.8,1401.2,66.943
8/28/19 9:37,72.351,75.9,1403.7,66.943
8/28/19 9:37,72.351,76,1403.7,66.943
8/28/19 9:37,72.351,76.1,1403.7,66.943
8/28/19 9:37,72.351,76.1,1403.7,66.943
8/28/19 9:37,72.351,76.1,1403.7,66.943
8/28/19 9:37,72.351,76.2,1403.7,66.943
8/28/19 9:37,72.351,76.3,1403.7,66.943
8/28/19 9:37,72.351,76.4,1403.7,66.943
8/28/19 9:37,72.394,76.3,1403.7,66.943
8/28/19 9:37,72.394,76.3,1403.7,66.943
8/28/19 9:37,72.394,76.3,1403.7,66.943
8/28/19 9:37,72.394,76.2,1403.7,66.943
8/28/19 9:37,72.394,76.2,1403.7,66.943
8/28/19 9:37,72.394,76.1,1403.7,66.943
8/28/19 9:37,72.394,76.1,1403.7,66.943
8/28/19 9:37,72.394,76,1403.7,66.943
8/28/19 9:37,72.437,76.1,1403.7,66.943
8/28/19 9:37,72.394,76.1,1403.7,66.943
8/28/19 9:37,72.394,76.1,1403.7,66.943
8/28/19 9:37,72.437,76.1,1401.2,66.943
8/28/19 9:37,72.437,76,1403.7,66.943
8/28/19 9:37,72.437,76,1403.7,66.943
8/28/19 9:37,72.437,75.9,1403.7,66.943
8/28/19 9:37,72.437,75.8,1406.2,66.943
8/28/19 9:37,72.394,75.8,1401.2,66.943
8/28/19 9:37,72.394,75.8,1401.2,66.943
8/28/19 9:37,72.437,75.9,1401.2,66.943
8/28/19 9:37,72.437,76,1403.7,66.943
8/28/19 9:37,72.437,76,1403.7,66.943
8/28/19 9:37,72.437,76.1,1403.7,66.943
8/28/19 9:37,72.437,76,1403.7,66.943
8/28/19 9:37,72.437,76.1,1403.7,66.943
8/28/19 9:37,72.437,76.2,1403.7,66.943
8/28/19 9:37,72.437,76.3,1403.7,66.943
8/28/19 9:37,72.437,76.3,1403.7,66.943
8/28/19 9:37,72.437,76.4,1403.7,66.943
8/28/19 9:37,72.437,76.5,1403.7,66.943
8/28/19 9:37,72.437,76.5,1403.7,66.943
8/28/19 9:37,72.437,76.4,1403.7,66.943
8/28/19 9:37,72.48,76.4,1403.7,66.943
8/28/19 9:37,72.48,76.4,1403.7,66.943
8/28/19 9:37,72.48,76.5,1403.7,66.943
8/28/19 9:37,72.48,76.5,1403.7,66.943
8/28/19 9:37,72.48,76.5,1403.7,66.943
8/28/19 9:37,72.523,76.6,1403.7,66.943
8/28/19 9:37,72.523,76.7,1403.7,66.943
8/28/19 9:37,72.523,76.7,1403.7,66.943
8/28/19 9:37,72.523,76.7,1403.7,66.943
8/28/19 9:37,72.523,76.8,1403.7,66.943
8/28/19 9:37,72.523,76.8,1403.7,66.943
8/28/19 9:37,72.567,76.9,1403.7,66.943
8/28/19 9:37,72.567,76.9,1406.2,66.943
8/28/19 9:38,72.567,77,1408.7,66.943
8/28/19 9:38,72.61,77.1,1403.7,66.943
8/28/19 9:38,72.61,77.2,1403.7,66.943
8/28/19 9:38,72.61,77.2,1403.7,66.943
8/28/19 9:38,72.61,77.2,1403.7,66.943
8/28/19 9:38,72.653,77.2,1403.7,66.943
8/28/19 9:38,72.653,77.1,1403.7,66.943
8/28/19 9:38,72.653,77,1403.7,66.943
8/28/19 9:38,72.653,76.9,1403.7,66.943
8/28/19 9:38,72.696,76.8,1403.7,66.943
8/28/19 9:38,72.696,76.8,1403.7,66.943
8/28/19 9:38,72.696,76.7,1403.7,66.943
8/28/19 9:38,72.696,76.6,1403.7,66.943
8/28/19 9:38,72.696,76.5,1403.7,66.943
8/28/19 9:38,72.696,76.5,1403.7,66.943
8/28/19 9:38,72.696,76.5,1403.7,66.943
8/28/19 9:38,72.696,76.5,1403.7,66.943
8/28/19 9:38,72.739,76.5,1401.2,66.943
8/28/19 9:38,72.739,76.4,1403.7,66.943
8/28/19 9:38,72.696,76.2,1406.2,66.943
8/28/19 9:38,72.739,76.2,1401.2,66.943
8/28/19 9:38,72.739,76.2,1403.7,66.943
8/28/19 9:38,72.739,76.2,1401.2,66.943
8/28/19 9:38,72.739,76,1403.7,66.943
8/28/19 9:38,72.739,76,1403.7,66.985
8/28/19 9:38,72.739,76,1403.7,66.943
8/28/19 9:38,72.739,76,1401.2,66.943
8/28/19 9:38,72.696,76,1403.7,66.943
8/28/19 9:38,72.696,75.9,1401.2,66.943
8/28/19 9:38,72.696,75.9,1401.2,66.985
8/28/19 9:38,72.696,75.8,1403.7,66.943
8/28/19 9:38,72.696,75.9,1403.7,66.943
8/28/19 9:38,72.696,75.7,1403.7,66.943
8/28/19 9:38,72.696,75.8,1403.7,66.985
8/28/19 9:38,72.696,75.8,1403.7,66.943
8/28/19 9:38,72.696,75.8,1403.7,66.985
8/28/19 9:38,72.696,75.8,1403.7,66.985
8/28/19 9:38,72.696,75.8,1403.7,66.985
8/28/19 9:38,72.696,75.8,1403.7,66.985
8/28/19 9:38,72.696,75.8,1403.7,66.985
8/28/19 9:38,72.696,75.8,1401.2,66.985
8/28/19 9:38,72.696,75.8,1401.2,66.985
8/28/19 9:38,72.696,75.8,1403.7,66.985
8/28/19 9:38,72.696,75.8,1401.2,66.985
8/28/19 9:38,72.696,75.8,1403.7,66.985
8/28/19 9:38,72.696,75.9,1403.7,66.985
8/28/19 9:38,72.696,75.9,1403.7,66.985
8/28/19 9:38,72.696,75.9,1403.7,66.985
8/28/19 9:38,72.696,75.9,1401.2,66.985
8/28/19 9:38,72.696,75.9,1403.7,66.985
8/28/19 9:38,72.696,76,1401.2,66.985
8/28/19 9:38,72.696,76.1,1403.7,66.985
8/28/19 9:38,72.696,76.1,1403.7,66.985
8/28/19 9:38,72.696,76.2,1403.7,66.985
8/28/19 9:38,72.696,76.2,1401.2,66.985
8/28/19 9:38,72.739,76.1,1403.7,66.985
8/28/19 9:38,72.739,76.2,1401.2,66.985
8/28/19 9:38,72.739,76.2,1403.7,66.985
8/28/19 9:38,72.739,76.2,1401.2,66.985
8/28/19 9:38,72.739,76.2,1401.2,66.985
8/28/19 9:39,72.739,76.2,1403.7,66.985
8/28/19 9:39,72.783,76.2,1403.7,66.985
8/28/19 9:39,72.739,76.1,1401.2,66.985
8/28/19 9:39,72.783,76.2,1403.7,66.985
8/28/19 9:39,72.783,76.1,1401.2,66.985
8/28/19 9:39,72.783,76.1,1401.2,66.985
8/28/19 9:39,72.783,76.1,1403.7,66.985
8/28/19 9:39,72.783,76.1,1401.2,66.985
8/28/19 9:39,72.783,76.2,1401.2,66.985
8/28/19 9:39,72.783,76.2,1401.2,66.985
8/28/19 9:39,72.783,76.2,1401.2,66.985
8/28/19 9:39,72.783,76.2,1401.2,66.985
8/28/19 9:39,72.783,76.2,1401.2,66.985
8/28/19 9:39,72.783,76.1,1401.2,66.985
8/28/19 9:39,72.826,76.1,1401.2,66.985
8/28/19 9:39,72.826,76,1401.2,66.985
8/28/19 9:39,72.826,75.9,1398.7,66.985
8/28/19 9:39,72.826,75.8,1401.2,66.985
8/28/19 9:39,72.826,75.8,1401.2,66.985
8/28/19 9:39,72.826,75.8,1401.2,66.985
8/28/19 9:39,72.826,75.7,1401.2,66.985
8/28/19 9:39,72.826,75.6,1401.2,66.985
8/28/19 9:39,72.826,75.6,1401.2,66.985
8/28/19 9:39,72.783,75.6,1401.2,66.985
8/28/19 9:39,72.783,75.6,1401.2,66.985
8/28/19 9:39,72.826,75.6,1401.2,66.985
8/28/19 9:39,72.783,75.6,1401.2,66.985
8/28/19 9:39,72.783,75.5,1401.2,66.985
8/28/19 9:39,72.783,75.6,1401.2,66.985
8/28/19 9:39,72.783,75.6,1401.2,66.985
8/28/19 9:39,72.783,75.6,1398.7,66.985
8/28/19 9:39,72.783,75.6,1398.7,66.985
8/28/19 9:39,72.783,75.6,1401.2,66.985
8/28/19 9:39,72.783,75.6,1398.7,66.985
8/28/19 9:39,72.783,75.5,1398.7,66.985
8/28/19 9:39,72.783,75.5,1401.2,66.985
8/28/19 9:39,72.783,75.5,1398.7,66.985
8/28/19 9:39,72.783,75.5,1398.7,66.985
8/28/19 9:39,72.783,75.5,1401.2,66.985
8/28/19 9:39,72.783,75.5,1401.2,66.985
8/28/19 9:39,72.783,75.5,1398.7,66.985
8/28/19 9:39,72.783,75.5,1398.7,66.985
8/28/19 9:39,72.783,75.5,1398.7,66.985
8/28/19 9:39,72.783,75.6,1401.2,66.985
8/28/19 9:39,72.783,75.6,1398.7,66.985
8/28/19 9:39,72.783,75.6,1401.2,66.985
8/28/19 9:39,72.783,75.6,1398.7,66.985
8/28/19 9:39,72.783,75.7,1398.7,66.985
8/28/19 9:39,72.783,75.7,1401.2,66.985
8/28/19 9:39,72.826,75.7,1398.7,66.985
8/28/19 9:39,72.783,75.7,1398.7,66.985
8/28/19 9:39,72.783,75.7,1398.7,66.985
8/28/19 9:39,72.783,75.7,1398.7,66.985
8/28/19 9:39,72.826,75.7,1398.7,66.985
8/28/19 9:39,72.783,75.7,1398.7,66.985
8/28/19 9:39,72.826,75.6,1398.7,66.985
8/28/19 9:39,72.826,75.6,1396.2,66.985
8/28/19 9:39,72.783,75.5,1398.7,66.985
8/28/19 9:39,72.783,75.5,1398.7,67.028
8/28/19 9:39,72.826,75.4,1398.7,66.985
8/28/19 9:40,72.783,75.4,1398.7,66.985
8/28/19 9:40,72.783,75.4,1398.7,66.985
8/28/19 9:40,72.783,75.4,1398.7,67.028
8/28/19 9:40,72.783,75.4,1398.7,66.985
8/28/19 9:40,72.783,75.4,1398.7,67.028
8/28/19 9:40,72.783,75.4,1398.7,67.028
8/28/19 9:40,72.783,75.4,1398.7,66.985
8/28/19 9:40,72.783,75.4,1396.2,67.028
8/28/19 9:40,72.783,75.4,1396.2,67.028
8/28/19 9:40,72.783,75.4,1396.2,67.028
8/28/19 9:40,72.783,75.4,1396.2,67.028
8/28/19 9:40,72.783,75.4,1398.7,67.028
8/28/19 9:40,72.783,75.3,1396.2,67.028
8/28/19 9:40,72.783,75.4,1396.2,67.028
8/28/19 9:40,72.783,75.4,1398.7,67.028
8/28/19 9:40,72.783,75.4,1396.2,67.028
8/28/19 9:40,72.783,75.4,1398.7,67.028
8/28/19 9:40,72.783,75.4,1396.2,66.985
8/28/19 9:40,72.783,75.5,1396.2,67.028
8/28/19 9:40,72.783,75.5,1396.2,67.028
8/28/19 9:40,72.783,75.6,1396.2,67.028
8/28/19 9:40,72.783,75.6,1398.7,67.028
8/28/19 9:40,72.783,75.7,1396.2,67.028
8/28/19 9:40,72.783,75.7,1398.7,67.028
8/28/19 9:40,72.783,75.7,1396.2,67.028
8/28/19 9:40,72.783,75.8,1396.2,67.028
8/28/19 9:40,72.783,75.8,1398.7,67.028
8/28/19 9:40,72.783,75.8,1398.7,67.028
8/28/19 9:40,72.783,75.8,1396.2,67.028
8/28/19 9:40,72.826,75.8,1398.7,67.028
8/28/19 9:40,72.826,75.8,1396.2,67.028
8/28/19 9:40,72.826,75.9,1398.7,67.028
8/28/19 9:40,72.826,75.8,1398.7,67.028
8/28/19 9:40,72.826,75.8,1398.7,67.028
8/28/19 9:40,72.826,75.8,1398.7,67.028
8/28/19 9:40,72.826,75.8,1398.7,67.028
8/28/19 9:40,72.826,75.8,1398.7,67.028
8/28/19 9:40,72.869,75.8,1401.2,67.028
8/28/19 9:40,72.869,75.8,1398.7,67.028
8/28/19 9:40,72.869,75.8,1398.7,67.028
8/28/19 9:40,72.869,75.7,1398.7,67.028
8/28/19 9:40,72.869,75.7,1398.7,67.028
8/28/19 9:40,72.869,75.7,1401.2,67.028
8/28/19 9:40,72.869,75.7,1396.2,67.028
8/28/19 9:40,72.869,75.7,1398.7,67.028
8/28/19 9:40,72.869,75.7,1398.7,67.028
8/28/19 9:40,72.869,75.7,1398.7,67.028
8/28/19 9:40,72.869,75.7,1401.2,67.028
8/28/19 9:40,72.869,75.7,1401.2,67.028
8/28/19 9:40,72.869,75.7,1401.2,67.028
8/28/19 9:40,72.869,75.7,1401.2,67.028
8/28/19 9:40,72.912,75.8,1403.7,67.028
8/28/19 9:40,72.912,75.8,1401.2,67.028
8/28/19 9:40,72.912,75.8,1401.2,67.028
8/28/19 9:40,72.912,75.8,1401.2,67.028
8/28/19 9:40,72.912,75.8,1398.7,67.028
8/28/19 9:40,72.912,75.8,1401.2,67.028
8/28/19 9:40,72.912,75.9,1401.2,67.028
8/28/19 9:40,72.912,75.9,1401.2,67.028
8/28/19 9:40,72.912,75.9,1403.7,67.028
8/28/19 9:41,72.955,76,1401.2,67.028
8/28/19 9:41,72.955,76.1,1403.7,67.028
8/28/19 9:41,72.955,76.1,1403.7,67.028
8/28/19 9:41,72.955,76.2,1403.7,67.028
8/28/19 9:41,72.955,76.2,1403.7,67.028
8/28/19 9:41,72.955,76.2,1403.7,67.028
8/28/19 9:41,72.955,76.3,1403.7,67.028
8/28/19 9:41,72.997,76.4,1403.7,67.028
8/28/19 9:41,72.997,76.5,1403.7,67.028
8/28/19 9:41,72.997,76.5,1403.7,67.028
8/28/19 9:41,73.04,76.5,1403.7,67.028
8/28/19 9:41,73.04,76.5,1403.7,67.028
8/28/19 9:41,73.04,76.5,1406.2,67.028
8/28/19 9:41,73.04,76.6,1406.2,67.028
8/28/19 9:41,73.083,76.6,1406.2,67.028
8/28/19 9:41,73.083,76.6,1408.7,67.028
8/28/19 9:41,73.083,76.6,1406.2,67.028
8/28/19 9:41,73.083,76.6,1408.7,67.028
8/28/19 9:41,73.126,76.6,1408.7,67.028
8/28/19 9:41,73.126,76.7,1406.2,67.028
8/28/19 9:41,73.126,76.7,1408.7,67.028
8/28/19 9:41,73.126,76.7,1408.7,67.028
8/28/19 9:41,73.17,76.7,1411.2,67.028
8/28/19 9:41,73.17,76.7,1408.7,67.028
8/28/19 9:41,73.17,76.7,1408.7,67.028
8/28/19 9:41,73.17,76.8,1411.2,67.028
8/28/19 9:41,73.213,76.8,1411.2,67.028
8/28/19 9:41,73.213,76.8,1408.7,67.028
8/28/19 9:41,73.213,76.9,1408.7,67.028
8/28/19 9:41,73.213,76.9,1411.2,67.028
8/28/19 9:41,73.213,76.9,1411.2,67.028
8/28/19 9:41,73.256,77,1413.7,67.028
8/28/19 9:41,73.256,77,1411.2,67.028
8/28/19 9:41,73.256,77,1411.2,67.028
8/28/19 9:41,73.299,76.9,1413.7,67.028
8/28/19 9:41,73.299,76.9,1413.7,67.028
8/28/19 9:41,73.299,76.9,1413.7,67.028
8/28/19 9:41,73.299,76.9,1413.7,67.028
8/28/19 9:41,73.299,76.9,1416.2,67.028
8/28/19 9:41,73.342,76.9,1413.7,67.028
8/28/19 9:41,73.342,76.9,1413.7,67.071
8/28/19 9:41,73.342,76.9,1416.2,67.028
8/28/19 9:41,73.342,76.9,1416.2,67.028
8/28/19 9:41,73.342,76.9,1418.7,67.028
8/28/19 9:41,73.386,76.9,1416.2,67.028
8/28/19 9:41,73.386,77,1418.7,67.028
8/28/19 9:41,73.386,77,1418.7,67.071
8/28/19 9:41,73.386,77.1,1416.2,67.028
8/28/19 9:41,73.429,77.1,1418.7,67.071
8/28/19 9:41,73.429,77.1,1418.7,67.028
8/28/19 9:41,73.429,77.2,1421.2,67.028
8/28/19 9:41,73.472,77.2,1418.7,67.071
8/28/19 9:41,73.472,77.1,1423.7,67.071
8/28/19 9:41,73.472,77,1421.2,67.071
8/28/19 9:41,73.472,77,1421.2,67.071
8/28/19 9:41,73.472,76.9,1421.2,67.071
8/28/19 9:41,73.515,76.8,1423.7,67.071
8/28/19 9:41,73.515,76.7,1423.7,67.071
8/28/19 9:41,73.515,76.6,1423.7,67.028
8/28/19 9:41,73.515,76.5,1426.2,67.071
8/28/19 9:42,73.515,76.5,1426.2,67.071
8/28/19 9:42,73.515,76.4,1428.7,67.071
8/28/19 9:42,73.515,76.3,1428.7,67.071
8/28/19 9:42,73.515,76.2,1428.7,67.071
8/28/19 9:42,73.515,76.1,1426.2,67.071
8/28/19 9:42,73.558,76.1,1428.7,67.071
8/28/19 9:42,73.515,76.1,1431.2,67.071
8/28/19 9:42,73.515,76,1431.2,67.071
8/28/19 9:42,73.558,76,1428.7,67.071
8/28/19 9:42,73.558,76,1433.7,67.071
8/28/19 9:42,73.558,75.9,1433.7,67.071
8/28/19 9:42,73.515,75.9,1433.7,67.071
8/28/19 9:42,73.558,75.9,1433.7,67.071
8/28/19 9:42,73.558,75.9,1433.7,67.071
8/28/19 9:42,73.558,75.9,1436.2,67.071
8/28/19 9:42,73.558,75.9,1433.7,67.071
8/28/19 9:42,73.515,76,1436.2,67.071
8/28/19 9:42,73.558,76.1,1436.2,67.071
8/28/19 9:42,73.558,76.1,1436.2,67.071
8/28/19 9:42,73.558,76.1,1433.7,67.071
8/28/19 9:42,73.558,76.1,1438.7,67.071
8/28/19 9:42,73.558,76.1,1438.7,67.071
8/28/19 9:42,73.558,76.2,1438.7,67.071
8/28/19 9:42,73.558,76.1,1441.2,67.071
8/28/19 9:42,73.558,76.2,1438.7,67.071
8/28/19 9:42,73.558,76.3,1441.2,67.071
8/28/19 9:42,73.558,76.3,1441.2,67.071
8/28/19 9:42,73.558,76.3,1441.2,67.071
8/28/19 9:42,73.558,76.2,1443.7,67.071
8/28/19 9:42,73.602,76.3,1441.2,67.071
8/28/19 9:42,73.602,76.3,1443.7,67.071
8/28/19 9:42,73.602,76.3,1446.2,67.071
8/28/19 9:42,73.602,76.3,1446.2,67.071
8/28/19 9:42,73.602,76.4,1446.2,67.071
8/28/19 9:42,73.602,76.3,1448.7,67.071
8/28/19 9:42,73.645,76.3,1448.7,67.071
8/28/19 9:42,73.645,76.2,1448.7,67.071
8/28/19 9:42,73.645,76.2,1448.7,67.071
8/28/19 9:42,73.645,76.2,1451.2,67.071
8/28/19 9:42,73.645,76.1,1453.7,67.071
8/28/19 9:42,73.645,76,1451.2,67.071
8/28/19 9:42,73.645,75.9,1453.7,67.071
8/28/19 9:42,73.645,75.9,1453.7,67.071
8/28/19 9:42,73.645,75.7,1458.7,67.071
8/28/19 9:42,73.645,75.6,1453.7,67.071
8/28/19 9:42,73.645,75.5,1456.2,67.071
8/28/19 9:42,73.645,75.4,1456.2,67.071
8/28/19 9:42,73.645,75.3,1456.2,67.071
8/28/19 9:42,73.645,75.2,1461.2,67.071
8/28/19 9:42,73.645,75.2,1456.2,67.071
8/28/19 9:42,73.645,75.1,1458.7,67.071
8/28/19 9:42,73.645,75.1,1458.7,67.071
8/28/19 9:42,73.645,75,1456.2,67.071
8/28/19 9:42,73.645,74.9,1458.7,67.071
8/28/19 9:42,73.645,74.8,1463.7,67.071
8/28/19 9:42,73.602,74.8,1463.7,67.071
8/28/19 9:42,73.602,74.7,1463.7,67.071
8/28/19 9:42,73.602,74.6,1463.7,67.071
8/28/19 9:42,73.602,74.5,1463.7,67.071
8/28/19 9:42,73.602,74.4,1463.7,67.071
8/28/19 9:43,73.558,74.3,1466.2,67.071
8/28/19 9:43,73.558,74.3,1468.7,67.071
8/28/19 9:43,73.558,74.3,1468.7,67.071
8/28/19 9:43,73.558,74.3,1468.7,67.071
8/28/19 9:43,73.515,74.2,1468.7,67.071
8/28/19 9:43,73.515,74.2,1468.7,67.114
8/28/19 9:43,73.515,74.2,1471.2,67.114
8/28/19 9:43,73.515,74.3,1471.2,67.071
8/28/19 9:43,73.472,74.2,1473.7,67.114
8/28/19 9:43,73.472,74.2,1473.7,67.071
8/28/19 9:43,73.472,74.2,1471.2,67.071
8/28/19 9:43,73.472,74.3,1476.2,67.114
8/28/19 9:43,73.472,74.2,1476.2,67.071
8/28/19 9:43,73.472,74.3,1476.2,67.071
8/28/19 9:43,73.429,74.2,1476.2,67.071
8/28/19 9:43,73.429,74.2,1476.2,67.114
8/28/19 9:43,73.429,74.2,1478.7,67.114
8/28/19 9:43,73.429,74.3,1481.2,67.114
8/28/19 9:43,73.386,74.2,1478.7,67.114
8/28/19 9:43,73.429,74.3,1481.2,67.114
8/28/19 9:43,73.386,74.2,1483.7,67.114
8/28/19 9:43,73.386,74.2,1481.2,67.114
8/28/19 9:43,73.386,74.2,1483.7,67.114
8/28/19 9:43,73.386,74.2,1486.2,67.114
8/28/19 9:43,73.386,74.2,1486.2,67.114
8/28/19 9:43,73.386,74.2,1486.2,67.114
8/28/19 9:43,73.342,74.2,1486.2,67.114
8/28/19 9:43,73.342,74.3,1488.7,67.071
8/28/19 9:43,73.342,74.3,1488.7,67.114
8/28/19 9:43,73.342,74.4,1491.2,67.114
8/28/19 9:43,73.342,74.4,1491.2,67.114
8/28/19 9:43,73.342,74.5,1491.2,67.114
8/28/19 9:43,73.342,74.5,1493.7,67.114
8/28/19 9:43,73.299,74.6,1496.2,67.114
8/28/19 9:43,73.299,74.6,1496.2,67.114
8/28/19 9:43,73.299,74.7,1496.2,67.114
8/28/19 9:43,73.299,74.8,1496.2,67.114
8/28/19 9:43,73.299,74.9,1498.7,67.114
8/28/19 9:43,73.299,75,1498.7,67.114
8/28/19 9:43,73.299,75.1,1503.7,67.114
8/28/19 9:43,73.299,75,1501.2,67.114
8/28/19 9:43,73.299,75.2,1506.2,67.114
8/28/19 9:43,73.299,75.3,1506.2,67.114
8/28/19 9:43,73.299,75.3,1506.2,67.114
8/28/19 9:43,73.299,75.4,1508.7,67.114
8/28/19 9:43,73.342,75.4,1508.7,67.114
8/28/19 9:43,73.342,75.4,1508.7,67.114
8/28/19 9:43,73.342,75.4,1508.7,67.114
8/28/19 9:43,73.342,75.5,1511.2,67.114
8/28/19 9:43,73.342,75.5,1511.2,67.114
8/28/19 9:43,73.342,75.5,1513.7,67.114
8/28/19 9:43,73.342,75.4,1513.7,67.114
8/28/19 9:43,73.342,75.4,1516.2,67.114
8/28/19 9:43,73.342,75.4,1516.2,67.114
8/28/19 9:43,73.342,75.4,1516.2,67.114
8/28/19 9:43,73.342,75.4,1518.7,67.114
8/28/19 9:43,73.386,75.4,1516.2,67.114
8/28/19 9:43,73.386,75.3,1516.2,67.114
8/28/19 9:43,73.386,75.3,1516.2,67.114
8/28/19 9:43,73.386,75.2,1518.7,67.114
8/28/19 9:44,73.386,75.1,1516.2,67.114
8/28/19 9:44,73.386,75,1511.2,67.114
8/28/19 9:44,73.386,74.9,1503.7,67.114
8/28/19 9:44,73.342,74.8,1498.7,67.114
8/28/19 9:44,73.386,74.7,1491.2,67.114
8/28/19 9:44,73.386,74.7,1486.2,67.114
8/28/19 9:44,73.342,74.6,1481.2,67.114
8/28/19 9:44,73.342,74.7,1483.7,67.114
8/28/19 9:44,73.342,74.7,1491.2,67.114
8/28/19 9:44,73.342,74.6,1503.7,67.114
8/28/19 9:44,73.342,74.5,1511.2,67.114
8/28/19 9:44,73.342,74.5,1521.2,67.114
8/28/19 9:44,73.342,74.5,1531.2,67.114
8/28/19 9:44,73.342,74.5,1533.7,67.114
8/28/19 9:44,73.342,74.5,1533.7,67.114
8/28/19 9:44,73.342,74.5,1531.2,67.114
8/28/19 9:44,73.299,74.5,1528.7,67.114
8/28/19 9:44,73.299,74.5,1528.7,67.114
8/28/19 9:44,73.299,74.5,1523.7,67.114
8/28/19 9:44,73.299,74.5,1521.2,67.114
8/28/19 9:44,73.299,74.5,1523.7,67.114
8/28/19 9:44,73.299,74.5,1526.2,67.114
8/28/19 9:44,73.299,74.6,1526.2,67.114
8/28/19 9:44,73.299,74.7,1526.2,67.114
8/28/19 9:44,73.299,74.6,1526.2,67.114
8/28/19 9:44,73.299,74.7,1531.2,67.114
8/28/19 9:44,73.299,74.7,1533.7,67.114
8/28/19 9:44,73.299,74.7,1541.2,67.114
8/28/19 9:44,73.299,74.7,1548.7,67.114
8/28/19 9:44,73.299,74.8,1546.2,67.114
8/28/19 9:44,73.299,74.8,1541.2,67.114
8/28/19 9:44,73.299,74.9,1533.7,67.114
8/28/19 9:44,73.299,74.9,1523.7,67.114
8/28/19 9:44,73.299,74.9,1523.7,67.114
8/28/19 9:44,73.256,75,1523.7,67.114
8/28/19 9:44,73.299,75,1526.2,67.114
8/28/19 9:44,73.299,75,1531.2,67.114
8/28/19 9:44,73.299,75,1536.2,67.114
8/28/19 9:44,73.299,75.1,1536.2,67.114
8/28/19 9:44,73.299,75.2,1528.7,67.114
8/28/19 9:44,73.299,75.2,1523.7,67.114
8/28/19 9:44,73.299,75.3,1518.7,67.114
8/28/19 9:44,73.299,75.3,1513.7,67.114
8/28/19 9:44,73.299,75.3,1513.7,67.114
8/28/19 9:44,73.299,75.3,1521.2,67.114
8/28/19 9:44,73.299,75.4,1521.2,67.114
8/28/19 9:44,73.299,75.4,1513.7,67.114
8/28/19 9:44,73.299,75.4,1501.2,67.114
8/28/19 9:44,73.342,75.4,1478.7,67.114
8/28/19 9:44,73.342,75.4,1468.7,67.114
8/28/19 9:44,73.342,75.4,1483.7,67.114
8/28/19 9:44,73.342,75.4,1508.7,67.114
8/28/19 9:44,73.342,75.4,1533.7,67.114
8/28/19 9:44,73.342,75.5,1551.2,67.158
8/28/19 9:44,73.342,75.5,1551.2,67.114
8/28/19 9:44,73.342,75.6,1548.7,67.158
8/28/19 9:44,73.386,75.6,1533.7,67.114
8/28/19 9:44,73.386,75.6,1516.2,67.114
8/28/19 9:44,73.386,75.5,1488.7,67.114
8/28/19 9:44,73.386,75.4,1458.7,67.114
8/28/19 9:45,73.386,75.4,1433.7,67.114
8/28/19 9:45,73.386,75.3,1426.2,67.158
8/28/19 9:45,73.386,75.2,1446.2,67.158
8/28/19 9:45,73.386,75.1,1468.7,67.158
8/28/19 9:45,73.429,75,1486.2,67.158
8/28/19 9:45,73.386,75.1,1491.2,67.114
8/28/19 9:45,73.386,75.1,1481.2,67.114
8/28/19 9:45,73.386,75,1438.7,67.158
8/28/19 9:45,73.386,75,1393.7,67.158
8/28/19 9:45,73.386,75,1363.7,67.158
8/28/19 9:45,73.386,75,1326.2,67.158
8/28/19 9:45,73.386,75.1,1278.7,67.114
8/28/19 9:45,73.386,75,1226.2,67.158
8/28/19 9:45,73.386,75,1178.7,67.158
8/28/19 9:45,73.386,75.1,1138.7,67.158
8/28/19 9:45,73.386,75,1118.7,67.158
8/28/19 9:45,73.386,75.1,1098.7,67.158
8/28/19 9:45,73.386,75,1081.2,67.158
8/28/19 9:45,73.386,75,1061.2,67.158
8/28/19 9:45,73.386,74.9,1051.2,67.158
8/28/19 9:45,73.386,74.9,1058.7,67.158
8/28/19 9:45,73.386,74.8,1078.7,67.158
8/28/19 9:45,73.386,74.7,1111.2,67.158
8/28/19 9:45,73.386,74.7,1153.7,67.158
8/28/19 9:45,73.386,74.7,1188.7,67.158
8/28/19 9:45,73.386,74.7,1196.2,67.158
8/28/19 9:45,73.342,74.7,1186.2,67.158
8/28/19 9:45,73.342,74.8,1168.7,67.158
8/28/19 9:45,73.342,74.8,1153.7,67.158
8/28/19 9:45,73.342,74.9,1151.2,67.158
8/28/19 9:45,73.342,74.9,1163.7,67.158
8/28/19 9:45,73.342,74.9,1168.7,67.158
8/28/19 9:45,73.342,74.9,1156.2,67.158
8/28/19 9:45,73.342,74.9,1138.7,67.158
8/28/19 9:45,73.342,74.9,1133.7,67.158
8/28/19 9:45,73.342,74.9,1143.7,67.158
8/28/19 9:45,73.299,74.9,1168.7,67.158
8/28/19 9:45,73.299,74.8,1216.2,67.158
8/28/19 9:45,73.299,74.7,1278.7,67.158
8/28/19 9:45,73.299,74.7,1341.2,67.158
8/28/19 9:45,73.299,74.7,1413.7,67.158
8/28/19 9:45,73.299,74.7,1478.7,67.158
8/28/19 9:45,73.299,74.7,1518.7,67.158
8/28/19 9:45,73.256,74.7,1516.2,67.158
8/28/19 9:45,73.256,74.8,1461.2,67.158
8/28/19 9:45,73.256,74.8,1378.7,67.158
8/28/19 9:45,73.256,74.8,1288.7,67.158
8/28/19 9:45,73.256,74.8,1228.7,67.158
8/28/19 9:45,73.256,74.8,1196.2,67.158
8/28/19 9:45,73.256,74.8,1188.7,67.158
8/28/19 9:45,73.213,74.8,1186.2,67.158
8/28/19 9:45,73.213,74.9,1178.7,67.158
8/28/19 9:45,73.213,74.9,1166.2,67.158
8/28/19 9:45,73.213,75,1161.2,67.158
8/28/19 9:45,73.213,75,1168.7,67.158
8/28/19 9:45,73.213,74.9,1216.2,67.158
8/28/19 9:45,73.213,74.8,1276.2,67.158
8/28/19 9:45,73.213,74.6,1323.7,67.158
8/28/19 9:45,73.213,74.5,1346.2,67.158
8/28/19 9:45,73.17,74.4,1346.2,67.158
8/28/19 9:46,73.17,74.4,1333.7,67.158
8/28/19 9:46,73.17,74.3,1313.7,67.158
8/28/19 9:46,73.17,74.3,1303.7,67.158
8/28/19 9:46,73.17,74.3,1296.2,67.158
8/28/19 9:46,73.126,74.3,1291.2,67.158
8/28/19 9:46,73.126,74.3,1278.7,67.158
8/28/19 9:46,73.126,74.3,1266.2,67.158
8/28/19 9:46,73.126,74.4,1248.7,67.158
8/28/19 9:46,73.126,74.4,1241.2,67.158
8/28/19 9:46,73.083,74.4,1246.2,67.158
8/28/19 9:46,73.083,74.4,1268.7,67.158
8/28/19 9:46,73.083,74.4,1316.2,67.158
8/28/19 9:46,73.083,74.4,1378.7,67.158
8/28/19 9:46,73.04,74.4,1448.7,67.158
8/28/19 9:46,73.04,74.4,1496.2,67.158
8/28/19 9:46,73.04,74.4,1523.7,67.158
8/28/19 9:46,73.04,74.4,1531.2,67.158
8/28/19 9:46,73.04,74.4,1518.7,67.158
8/28/19 9:46,72.997,74.4,1496.2,67.158
8/28/19 9:46,72.997,74.4,1473.7,67.158
8/28/19 9:46,72.997,74.4,1461.2,67.199
8/28/19 9:46,72.997,74.5,1468.7,67.158
8/28/19 9:46,72.997,74.5,1493.7,67.158
8/28/19 9:46,72.997,74.5,1526.2,67.158
8/28/19 9:46,72.955,74.6,1558.7,67.158
8/28/19 9:46,72.955,74.7,1571.2,67.158
8/28/19 9:46,72.955,74.7,1556.2,67.158
8/28/19 9:46,72.955,74.7,1513.7,67.158
8/28/19 9:46,72.955,74.8,1458.7,67.158
8/28/19 9:46,72.955,74.9,1401.2,67.158
8/28/19 9:46,72.955,74.9,1356.2,67.199
8/28/19 9:46,72.955,74.9,1321.2,67.199
8/28/19 9:46,72.912,74.9,1296.2,67.158
8/28/19 9:46,72.912,75,1276.2,67.199
8/28/19 9:46,72.912,75,1241.2,67.199
8/28/19 9:46,72.912,75,1196.2,67.158
8/28/19 9:46,72.912,75,1163.7,67.158
8/28/19 9:46,72.912,75,1151.2,67.199
8/28/19 9:46,72.912,75,1168.7,67.199
8/28/19 9:46,72.912,75,1216.2,67.158
8/28/19 9:46,72.912,75.1,1268.7,67.199
8/28/19 9:46,72.912,75,1306.2,67.199
8/28/19 9:46,72.912,75,1333.7,67.199
8/28/19 9:46,72.912,75,1338.7,67.199
8/28/19 9:46,72.912,75.1,1336.2,67.199
8/28/19 9:46,72.912,75.2,1321.2,67.199
8/28/19 9:46,72.912,75.2,1293.7,67.158
8/28/19 9:46,72.912,75.3,1271.2,67.199
8/28/19 9:46,72.912,75.3,1263.7,67.199
8/28/19 9:46,72.912,75.4,1281.2,67.199
8/28/19 9:46,72.869,75.4,1311.2,67.199
8/28/19 9:46,72.912,75.4,1341.2,67.199
8/28/19 9:46,72.869,75.4,1366.2,67.199
8/28/19 9:46,72.912,75.5,1366.2,67.199
8/28/19 9:46,72.912,75.6,1348.7,67.199
8/28/19 9:46,72.912,75.6,1318.7,67.199
8/28/19 9:46,72.912,75.8,1278.7,67.199
8/28/19 9:46,72.912,75.8,1233.7,67.199
8/28/19 9:46,72.912,75.8,1188.7,67.199
8/28/19 9:46,72.912,75.9,1151.2,67.199
8/28/19 9:47,72.912,75.9,1126.2,67.199
8/28/19 9:47,72.912,76,1118.7,67.199
8/28/19 9:47,72.912,76.1,1143.7,67.199
8/28/19 9:47,72.912,76.2,1183.7,67.199
8/28/19 9:47,72.955,76.1,1236.2,67.199
8/28/19 9:47,72.955,76.2,1286.2,67.199
8/28/19 9:47,72.955,76.2,1316.2,67.199
8/28/19 9:47,72.955,76.2,1321.2,67.199
8/28/19 9:47,72.955,76.3,1326.2,67.199
8/28/19 9:47,72.955,76.3,1341.2,67.199
8/28/19 9:47,72.997,76.4,1383.7,67.199
8/28/19 9:47,72.997,76.4,1438.7,67.199
8/28/19 9:47,72.997,76.4,1463.7,67.199
8/28/19 9:47,72.997,76.5,1446.2,67.199
8/28/19 9:47,72.997,76.5,1403.7,67.199
8/28/19 9:47,73.04,76.5,1348.7,67.199
8/28/19 9:47,73.04,76.5,1303.7,67.199
8/28/19 9:47,73.04,76.5,1276.2,67.199
8/28/19 9:47,73.04,76.5,1236.2,67.199
8/28/19 9:47,73.04,76.4,1178.7,67.199
8/28/19 9:47,73.083,76.4,1126.2,67.199
8/28/19 9:47,73.083,76.2,1081.2,67.199
8/28/19 9:47,73.083,76.2,1053.7,67.199
8/28/19 9:47,73.083,76.2,1036.2,67.199
8/28/19 9:47,73.083,76.1,1026.2,67.199
8/28/19 9:47,73.083,76.1,1016.2,67.199
8/28/19 9:47,73.083,76,998.7,67.199
8/28/19 9:47,73.083,75.9,988.7,67.199
8/28/19 9:47,73.083,75.9,988.7,67.199
8/28/19 9:47,73.083,75.9,988.7,67.199
8/28/19 9:47,73.126,75.8,996.2,67.199
8/28/19 9:47,73.083,75.8,1001.2,67.199
8/28/19 9:47,73.083,75.8,1013.7,67.199
8/28/19 9:47,73.083,75.9,1043.7,67.199
8/28/19 9:47,73.126,75.9,1076.2,67.199
8/28/19 9:47,73.083,75.9,1108.7,67.199
8/28/19 9:47,73.126,76,1123.7,67.199
8/28/19 9:47,73.126,76.1,1116.2,67.199
8/28/19 9:47,73.126,76.1,1106.2,67.199
8/28/19 9:47,73.126,76.1,1096.2,67.199
8/28/19 9:47,73.126,76.2,1091.2,67.199
8/28/19 9:47,73.126,76.1,1098.7,67.199
8/28/19 9:47,73.126,76.1,1108.7,67.199
8/28/19 9:47,73.126,76.2,1116.2,67.199
8/28/19 9:47,73.126,76.2,1141.2,67.199
8/28/19 9:47,73.126,76.2,1186.2,67.199
8/28/19 9:47,73.126,76.2,1258.7,67.199
8/28/19 9:47,73.17,76.1,1323.7,67.199
8/28/19 9:47,73.17,76.2,1378.7,67.199
8/28/19 9:47,73.17,76.1,1403.7,67.199
8/28/19 9:47,73.17,76.1,1398.7,67.199
8/28/19 9:47,73.17,76.2,1371.2,67.199
8/28/19 9:47,73.17,76.2,1351.2,67.199
8/28/19 9:47,73.17,76.1,1341.2,67.199
8/28/19 9:47,73.17,76.1,1323.7,67.199
8/28/19 9:47,73.17,76,1291.2,67.199
8/28/19 9:47,73.17,75.9,1251.2,67.199
8/28/19 9:47,73.17,75.8,1213.7,67.199
8/28/19 9:47,73.213,75.8,1211.2,67.199
8/28/19 9:47,73.213,75.6,1228.7,67.199
8/28/19 9:48,73.17,75.5,1241.2,67.199
8/28/19 9:48,73.213,75.4,1231.2,67.199
8/28/19 9:48,73.17,75.2,1191.2,67.199
8/28/19 9:48,73.17,75.1,1138.7,67.199
8/28/19 9:48,73.17,74.9,1093.7,67.199
8/28/19 9:48,73.17,74.8,1063.7,67.199
8/28/19 9:48,73.17,74.7,1043.7,67.199
8/28/19 9:48,73.17,74.6,1031.2,67.199
8/28/19 9:48,73.126,74.6,1028.7,67.199
8/28/19 9:48,73.126,74.6,1038.7,67.199
8/28/19 9:48,73.126,74.6,1048.7,67.199
8/28/19 9:48,73.126,74.7,1058.7,67.199
8/28/19 9:48,73.126,74.7,1058.7,67.199
8/28/19 9:48,73.083,74.7,1058.7,67.199
8/28/19 9:48,73.083,74.7,1066.2,67.199
8/28/19 9:48,73.083,74.7,1073.7,67.199
8/28/19 9:48,73.083,74.7,1078.7,67.199
8/28/19 9:48,73.083,74.7,1076.2,67.199
8/28/19 9:48,73.083,74.7,1066.2,67.242
8/28/19 9:48,73.04,74.7,1053.7,67.242
8/28/19 9:48,73.04,74.7,1058.7,67.199
8/28/19 9:48,73.04,74.7,1088.7,67.199
8/28/19 9:48,73.04,74.7,1148.7,67.242
8/28/19 9:48,73.04,74.7,1228.7,67.199
8/28/19 9:48,73.04,74.7,1326.2,67.199
8/28/19 9:48,72.997,74.6,1406.2,67.199
8/28/19 9:48,72.997,74.6,1453.7,67.242
8/28/19 9:48,72.997,74.6,1416.2,67.199
8/28/19 9:48,72.997,74.7,1316.2,67.242
8/28/19 9:48,72.997,74.7,1193.7,67.199
8/28/19 9:48,72.997,74.7,1093.7,67.242
8/28/19 9:48,72.955,74.8,1036.2,67.242
8/28/19 9:48,72.955,74.8,1021.2,67.242
8/28/19 9:48,72.955,74.9,1021.2,67.242
8/28/19 9:48,72.955,74.9,1023.7,67.242
8/28/19 9:48,72.955,74.8,1026.2,67.242
8/28/19 9:48,72.955,74.8,1036.2,67.242
8/28/19 9:48,72.955,74.7,1051.2,67.242
8/28/19 9:48,72.912,74.7,1071.2,67.242
8/28/19 9:48,72.912,74.7,1086.2,67.242
8/28/19 9:48,72.912,74.7,1103.7,67.199
8/28/19 9:48,72.912,74.6,1123.7,67.242
8/28/19 9:48,72.912,74.7,1141.2,67.242
8/28/19 9:48,72.912,74.7,1178.7,67.242
8/28/19 9:48,72.869,74.6,1246.2,67.242
8/28/19 9:48,72.869,74.6,1318.7,67.242
8/28/19 9:48,72.869,74.7,1368.7,67.242
8/28/19 9:48,72.869,74.7,1386.2,67.242
8/28/19 9:48,72.869,74.6,1361.2,67.242
8/28/19 9:48,72.826,74.7,1318.7,67.242
8/28/19 9:48,72.826,74.7,1288.7,67.242
8/28/19 9:48,72.826,74.8,1293.7,67.242
8/28/19 9:48,72.826,74.9,1328.7,67.242
8/28/19 9:48,72.826,75,1381.2,67.242
8/28/19 9:48,72.826,75.1,1436.2,67.242
8/28/19 9:48,72.826,75,1501.2,67.242
8/28/19 9:48,72.826,75.1,1573.7,67.242
8/28/19 9:48,72.826,75.2,1628.7,67.242
8/28/19 9:48,72.826,75.2,1656.2,67.242
8/28/19 9:48,72.826,75.2,1658.7,67.242
8/28/19 9:49,72.826,75.2,1643.7,67.242
8/28/19 9:49,72.826,75.2,1608.7,67.242
8/28/19 9:49,72.826,75.2,1571.2,67.242
8/28/19 9:49,72.826,75.1,1526.2,67.242
8/28/19 9:49,72.826,75.1,1456.2,67.242
8/28/19 9:49,72.826,75.1,1351.2,67.242
8/28/19 9:49,72.826,75.2,1248.7,67.242
8/28/19 9:49,72.826,75.2,1163.7,67.242
8/28/19 9:49,72.826,75.2,1088.7,67.242
8/28/19 9:49,72.826,75.2,1051.2,67.242
8/28/19 9:49,72.826,75.2,1048.7,67.242
8/28/19 9:49,72.826,75.2,1073.7,67.242
8/28/19 9:49,72.826,75.3,1106.2,67.242
8/28/19 9:49,72.826,75.3,1136.2,67.242
8/28/19 9:49,72.826,75.3,1151.2,67.242
8/28/19 9:49,72.826,75.3,1156.2,67.242
8/28/19 9:49,72.826,75.3,1161.2,67.242
8/28/19 9:49,72.826,75.3,1151.2,67.242
8/28/19 9:49,72.826,75.3,1143.7,67.242
8/28/19 9:49,72.826,75.3,1123.7,67.242
8/28/19 9:49,72.783,75.3,1098.7,67.242
8/28/19 9:49,72.783,75.2,1091.2,67.242
8/28/19 9:49,72.783,75.2,1121.2,67.242
8/28/19 9:49,72.783,75.2,1171.2,67.242
8/28/19 9:49,72.783,75.2,1233.7,67.242
8/28/19 9:49,72.783,75.2,1296.2,67.242
8/28/19 9:49,72.783,75.2,1333.7,67.242
8/28/19 9:49,72.783,75.2,1318.7,67.242
8/28/19 9:49,72.783,75.2,1261.2,67.242
8/28/19 9:49,72.783,75.2,1201.2,67.242
8/28/19 9:49,72.783,75.2,1141.2,67.242
8/28/19 9:49,72.783,75.2,1093.7,67.242
8/28/19 9:49,72.783,75.2,1076.2,67.242
8/28/19 9:49,72.783,75.2,1088.7,67.242
8/28/19 9:49,72.783,75.2,1118.7,67.242
8/28/19 9:49,72.739,75.3,1141.2,67.242
8/28/19 9:49,72.739,75.3,1148.7,67.242
8/28/19 9:49,72.739,75.3,1131.2,67.242
8/28/19 9:49,72.739,75.3,1103.7,67.242
8/28/19 9:49,72.739,75.4,1078.7,67.242
8/28/19 9:49,72.739,75.4,1053.7,67.242
8/28/19 9:49,72.739,75.4,1023.7,67.242
8/28/19 9:49,72.739,75.5,991.2,67.242
8/28/19 9:49,72.739,75.5,963.7,67.242
8/28/19 9:49,72.739,75.6,943.7,67.242
8/28/19 9:49,72.739,75.6,941.2,67.242
8/28/19 9:49,72.739,75.7,961.2,67.242
8/28/19 9:49,72.739,75.7,978.7,67.242
8/28/19 9:49,72.739,75.8,993.7,67.242
8/28/19 9:49,72.739,75.8,996.2,67.242
8/28/19 9:49,72.739,75.8,991.2,67.242
8/28/19 9:49,72.739,75.8,976.2,67.242
8/28/19 9:49,72.739,75.8,966.2,67.242
8/28/19 9:49,72.739,75.9,958.7,67.242
8/28/19 9:49,72.739,75.9,961.2,67.242
8/28/19 9:49,72.739,76,978.7,67.242
8/28/19 9:49,72.783,76,1003.7,67.242
8/28/19 9:49,72.783,76.1,1036.2,67.242
8/28/19 9:49,72.783,76.2,1073.7,67.242
8/28/19 9:49,72.783,76.1,1111.2,67.285
8/28/19 9:50,72.783,76.1,1141.2,67.242
8/28/19 9:50,72.783,76.1,1146.2,67.242
8/28/19 9:50,72.783,76.2,1128.7,67.242
8/28/19 9:50,72.783,76.2,1096.2,67.242
8/28/19 9:50,72.826,76.2,1048.7,67.242
8/28/19 9:50,72.826,76.1,1001.2,67.242
8/28/19 9:50,72.826,76.2,976.2,67.242
8/28/19 9:50,72.826,76.2,961.2,67.242
8/28/19 9:50,72.826,76.1,963.7,67.242
8/28/19 9:50,72.826,76.2,966.2,67.242
8/28/19 9:50,72.826,76.2,973.7,67.285
8/28/19 9:50,72.826,76.2,981.2,67.242
8/28/19 9:50,72.826,76.2,981.2,67.242
8/28/19 9:50,72.826,76.2,983.7,67.285
8/28/19 9:50,72.826,76.3,993.7,67.242
8/28/19 9:50,72.869,76.3,1013.7,67.242
8/28/19 9:50,72.869,76.3,1048.7,67.285
8/28/19 9:50,72.869,76.3,1088.7,67.285
8/28/19 9:50,72.869,76.3,1148.7,67.285
8/28/19 9:50,72.869,76.3,1238.7,67.285
8/28/19 9:50,72.869,76.3,1363.7,67.285
8/28/19 9:50,72.869,76.3,1491.2,67.285
8/28/19 9:50,72.869,76.4,1571.2,67.285
8/28/19 9:50,72.869,76.4,1573.7,67.285
8/28/19 9:50,72.912,76.4,1511.2,67.285
8/28/19 9:50,72.912,76.3,1388.7,67.285
8/28/19 9:50,72.912,76.2,1268.7,67.285
8/28/19 9:50,72.912,76.2,1176.2,67.285
8/28/19 9:50,72.912,76.1,1098.7,67.285
8/28/19 9:50,72.912,76,1038.7,67.285
8/28/19 9:50,72.912,75.9,1003.7,67.285
8/28/19 9:50,72.912,75.8,978.7,67.285
8/28/19 9:50,72.912,75.8,961.2,67.285
8/28/19 9:50,72.912,75.7,946.2,67.285
8/28/19 9:50,72.912,75.6,943.7,67.285
8/28/19 9:50,72.912,75.6,958.7,67.285
8/28/19 9:50,72.912,75.5,1021.2,67.285
8/28/19 9:50,72.912,75.5,1153.7,67.285
8/28/19 9:50,72.912,75.4,1326.2,67.285
8/28/19 9:50,72.912,75.4,1486.2,67.285
8/28/19 9:50,72.869,75.4,1591.2,67.285
8/28/19 9:50,72.869,75.4,1611.2,67.285
8/28/19 9:50,72.869,75.4,1583.7,67.285
8/28/19 9:50,72.869,75.4,1561.2,67.285
8/28/19 9:50,72.869,75.4,1571.2,67.285
8/28/19 9:50,72.869,75.3,1618.7,67.285
8/28/19 9:50,72.869,75.3,1663.7,67.285
8/28/19 9:50,72.869,75.3,1668.7,67.285
8/28/19 9:50,72.869,75.4,1641.2,67.285
8/28/19 9:50,72.869,75.4,1573.7,67.285
8/28/19 9:50,72.869,75.4,1453.7,67.285
8/28/19 9:50,72.869,75.5,1303.7,67.285
8/28/19 9:50,72.869,75.5,1161.2,67.285
8/28/19 9:50,72.869,75.6,1061.2,67.285
8/28/19 9:50,72.869,75.6,1008.7,67.285
8/28/19 9:50,72.869,75.7,996.2,67.285
8/28/19 9:50,72.869,75.7,993.7,67.285
8/28/19 9:50,72.912,75.8,991.2,67.285
8/28/19 9:50,72.869,75.8,986.2,67.285
8/28/19 9:50,72.912,75.8,978.7,67.285
8/28/19 9:51,72.912,75.8,971.2,67.285
8/28/19 9:51,72.912,75.8,971.2,67.285
8/28/19 9:51,72.912,75.8,991.2,67.285
8/28/19 9:51,72.912,75.8,1021.2,67.285
8/28/19 9:51,72.912,75.8,1056.2,67.285
8/28/19 9:51,72.912,75.8,1081.2,67.285
8/28/19 9:51,72.912,75.8,1088.7,67.285
8/28/19 9:51,72.912,75.8,1076.2,67.285
8/28/19 9:51,72.955,75.8,1046.2,67.285
8/28/19 9:51,72.912,75.8,1023.7,67.285
8/28/19 9:51,72.912,75.8,1021.2,67.285
8/28/19 9:51,72.955,75.8,1033.7,67.285
8/28/19 9:51,72.955,75.8,1068.7,67.285
8/28/19 9:51,72.955,75.8,1126.2,67.285
8/28/19 9:51,72.955,75.8,1198.7,67.285
8/28/19 9:51,72.955,75.8,1263.7,67.285
8/28/19 9:51,72.955,75.8,1308.7,67.285
8/28/19 9:51,72.955,75.8,1331.2,67.285
8/28/19 9:51,72.955,75.8,1333.7,67.285
8/28/19 9:51,72.955,75.8,1341.2,67.285
8/28/19 9:51,72.955,75.9,1361.2,67.285
8/28/19 9:51,72.955,75.9,1391.2,67.285
8/28/19 9:51,72.955,76,1441.2,67.285
8/28/19 9:51,72.955,76,1513.7,67.285
8/28/19 9:51,72.955,76.1,1608.7,67.285
8/28/19 9:51,72.997,76.1,1698.7,67.285
8/28/19 9:51,72.997,76.1,1746.2,67.285
8/28/19 9:51,72.997,76.1,1753.7,67.285
8/28/19 9:51,72.997,76.1,1746.2,67.285
8/28/19 9:51,72.997,76.1,1736.2,67.285
8/28/19 9:51,72.997,76.1,1731.2,67.285
8/28/19 9:51,72.997,76.1,1716.2,67.285
8/28/19 9:51,72.997,76.2,1683.7,67.285
8/28/19 9:51,72.997,76.1,1631.2,67.285
8/28/19 9:51,72.997,76.1,1573.7,67.285
8/28/19 9:51,72.997,76.2,1508.7,67.285
8/28/19 9:51,72.997,76.1,1446.2,67.285
8/28/19 9:51,73.04,76.1,1381.2,67.285
8/28/19 9:51,73.04,76,1333.7,67.285
8/28/19 9:51,73.04,75.9,1293.7,67.285
8/28/19 9:51,73.04,75.8,1263.7,67.285
8/28/19 9:51,73.04,75.8,1263.7,67.285
8/28/19 9:51,73.04,75.8,1273.7,67.285
8/28/19 9:51,73.04,75.8,1296.2,67.285
8/28/19 9:51,73.04,75.8,1313.7,67.285
8/28/19 9:51,73.04,75.8,1313.7,67.285
8/28/19 9:51,73.083,75.8,1281.2,67.285
8/28/19 9:51,73.083,75.8,1228.7,67.285
8/28/19 9:51,73.083,75.8,1178.7,67.285
8/28/19 9:51,73.083,75.8,1131.2,67.285
8/28/19 9:51,73.083,75.8,1103.7,67.285
8/28/19 9:51,73.083,75.8,1083.7,67.285
8/28/19 9:51,73.083,75.8,1068.7,67.285
8/28/19 9:51,73.083,75.7,1046.2,67.285
8/28/19 9:51,73.083,75.6,1016.2,67.285
8/28/19 9:51,73.083,75.6,983.7,67.285
8/28/19 9:51,73.126,75.6,958.7,67.285
8/28/19 9:51,73.126,75.5,938.7,67.285
8/28/19 9:51,73.126,75.5,931.2,67.285
8/28/19 9:51,73.126,75.5,933.7,67.285
8/28/19 9:52,73.126,75.4,941.2,67.285
8/28/19 9:52,73.126,75.4,953.7,67.285
8/28/19 9:52,73.126,75.4,963.7,67.285
8/28/19 9:52,73.126,75.4,978.7,67.285
8/28/19 9:52,73.126,75.4,1001.2,67.285
8/28/19 9:52,73.126,75.4,1041.2,67.285
8/28/19 9:52,73.126,75.4,1103.7,67.285
8/28/19 9:52,73.126,75.3,1168.7,67.285
8/28/19 9:52,73.126,75.3,1208.7,67.285
8/28/19 9:52,73.126,75.2,1226.2,67.285
8/28/19 9:52,73.126,75.2,1213.7,67.285
8/28/19 9:52,73.126,75.1,1183.7,67.285
8/28/19 9:52,73.126,75,1143.7,67.285
8/28/19 9:52,73.126,75,1096.2,67.285
8/28/19 9:52,73.126,75,1053.7,67.285
8/28/19 9:52,73.126,74.9,1018.7,67.329
8/28/19 9:52,73.126,74.9,993.7,67.285
8/28/19 9:52,73.126,74.9,978.7,67.329
8/28/19 9:52,73.126,74.9,966.2,67.285
8/28/19 9:52,73.126,74.9,966.2,67.285
8/28/19 9:52,73.126,74.8,971.2,67.285
8/28/19 9:52,73.126,74.8,986.2,67.329
8/28/19 9:52,73.126,74.9,1008.7,67.329
8/28/19 9:52,73.083,74.9,1031.2,67.285
8/28/19 9:52,73.083,74.9,1056.2,67.329
8/28/19 9:52,73.083,74.9,1083.7,67.285
8/28/19 9:52,73.083,75,1111.2,67.285
8/28/19 9:52,73.083,75,1126.2,67.329
8/28/19 9:52,73.083,75.1,1106.2,67.329
8/28/19 9:52,73.126,75,1066.2,67.329
8/28/19 9:52,73.083,75.1,1023.7,67.329
8/28/19 9:52,73.083,75.1,991.2,67.285
8/28/19 9:52,73.083,75.1,966.2,67.329
8/28/19 9:52,73.126,75.2,946.2,67.329
8/28/19 9:52,73.083,75.1,931.2,67.329
8/28/19 9:52,73.126,75.1,918.7,67.329
8/28/19 9:52,73.083,75.1,918.7,67.329
8/28/19 9:52,73.126,75.1,926.2,67.329
8/28/19 9:52,73.126,75.1,938.7,67.329
8/28/19 9:52,73.126,75,961.2,67.329
8/28/19 9:52,73.126,75,991.2,67.285
8/28/19 9:52,73.126,75,1018.7,67.329
8/28/19 9:52,73.126,75,1031.2,67.329
8/28/19 9:52,73.126,75.1,1023.7,67.329
8/28/19 9:52,73.126,75,1003.7,67.329
8/28/19 9:52,73.126,75,998.7,67.329
8/28/19 9:52,73.083,75,1028.7,67.329
8/28/19 9:52,73.083,75,1088.7,67.329
8/28/19 9:52,73.083,75.1,1156.2,67.329
8/28/19 9:52,73.126,75.1,1198.7,67.329
8/28/19 9:52,73.126,75.2,1208.7,67.329
8/28/19 9:52,73.083,75.2,1188.7,67.329
8/28/19 9:52,73.126,75.2,1146.2,67.329
8/28/19 9:52,73.126,75.2,1101.2,67.329
8/28/19 9:52,73.126,75.2,1061.2,67.329
8/28/19 9:52,73.083,75.2,1031.2,67.329
8/28/19 9:52,73.083,75.2,1003.7,67.329
8/28/19 9:52,73.126,75.3,978.7,67.329
8/28/19 9:52,73.126,75.3,963.7,67.329
8/28/19 9:52,73.126,75.3,953.7,67.329
8/28/19 9:53,73.126,75.2,956.2,67.329
8/28/19 9:53,73.126,75.2,963.7,67.329
8/28/19 9:53,73.126,75.1,971.2,67.329
8/28/19 9:53,73.126,75.1,981.2,67.329
8/28/19 9:53,73.126,75,996.2,67.329
8/28/19 9:53,73.126,75.1,1008.7,67.329
8/28/19 9:53,73.126,75,1023.7,67.329
8/28/19 9:53,73.083,74.9,1061.2,67.329
8/28/19 9:53,73.083,74.9,1116.2,67.329
8/28/19 9:53,73.083,74.8,1206.2,67.329
8/28/19 9:53,73.083,74.7,1271.2,67.329
8/28/19 9:53,73.083,74.7,1296.2,67.329
8/28/19 9:53,73.083,74.6,1296.2,67.329
8/28/19 9:53,73.083,74.6,1258.7,67.329
8/28/19 9:53,73.083,74.5,1218.7,67.329
8/28/19 9:53,73.04,74.5,1196.2,67.329
8/28/19 9:53,73.04,74.5,1191.2,67.329
8/28/19 9:53,73.04,74.5,1203.7,67.329
8/28/19 9:53,73.04,74.5,1221.2,67.329
8/28/19 9:53,73.04,74.6,1238.7,67.329
8/28/19 9:53,72.997,74.6,1278.7,67.329
8/28/19 9:53,73.04,74.7,1341.2,67.329
8/28/19 9:53,72.997,74.6,1426.2,67.329
8/28/19 9:53,72.997,74.6,1496.2,67.329
8/28/19 9:53,72.997,74.6,1546.2,67.329
8/28/19 9:53,72.997,74.5,1568.7,67.329
8/28/19 9:53,72.997,74.5,1606.2,67.329
8/28/19 9:53,72.997,74.5,1666.2,67.329
8/28/19 9:53,72.955,74.5,1726.2,67.329
8/28/19 9:53,72.955,74.5,1771.2,67.329
8/28/19 9:53,72.955,74.5,1778.7,67.329
8/28/19 9:53,72.955,74.6,1753.7,67.329
8/28/19 9:53,72.955,74.6,1693.7,67.329
8/28/19 9:53,72.955,74.6,1616.2,67.329
8/28/19 9:53,72.955,74.6,1531.2,67.329
8/28/19 9:53,72.955,74.6,1443.7,67.329
8/28/19 9:53,72.955,74.7,1381.2,67.329
8/28/19 9:53,72.912,74.8,1366.2,67.329
8/28/19 9:53,72.912,74.8,1368.7,67.329
8/28/19 9:53,72.912,74.9,1371.2,67.329
8/28/19 9:53,72.912,74.9,1338.7,67.329
8/28/19 9:53,72.912,74.8,1268.7,67.329
8/28/19 9:53,72.912,74.8,1201.2,67.329
8/28/19 9:53,72.912,74.7,1131.2,67.329
8/28/19 9:53,72.912,74.7,1076.2,67.329
8/28/19 9:53,72.912,74.6,1046.2,67.329
8/28/19 9:53,72.912,74.6,1028.7,67.329
8/28/19 9:53,72.912,74.6,1021.2,67.329
8/28/19 9:53,72.912,74.6,1028.7,67.329
8/28/19 9:53,72.912,74.7,1043.7,67.329
8/28/19 9:53,72.912,74.7,1063.7,67.329
8/28/19 9:53,72.912,74.6,1078.7,67.329
8/28/19 9:53,72.912,74.6,1096.2,67.329
8/28/19 9:53,72.912,74.6,1121.2,67.329
8/28/19 9:53,72.912,74.6,1151.2,67.329
8/28/19 9:53,72.869,74.5,1211.2,67.329
8/28/19 9:53,72.869,74.5,1293.7,67.329
8/28/19 9:53,72.869,74.5,1363.7,67.329
8/28/19 9:53,72.869,74.6,1383.7,67.329
8/28/19 9:53,72.869,74.6,1363.7,67.329
8/28/19 9:54,72.869,74.7,1321.2,67.329
8/28/19 9:54,72.869,74.8,1283.7,67.329
8/28/19 9:54,72.869,74.9,1261.2,67.372
8/28/19 9:54,72.869,75,1256.2,67.329
8/28/19 9:54,72.869,75.1,1261.2,67.372
8/28/19 9:54,72.869,75,1243.7,67.372
8/28/19 9:54,72.869,75,1211.2,67.372
8/28/19 9:54,72.869,75.1,1176.2,67.372
8/28/19 9:54,72.869,75.1,1148.7,67.329
8/28/19 9:54,72.869,75.2,1143.7,67.329
8/28/19 9:54,72.869,75.2,1153.7,67.329
8/28/19 9:54,72.869,75.2,1168.7,67.329
8/28/19 9:54,72.869,75.2,1178.7,67.372
8/28/19 9:54,72.869,75.2,1181.2,67.329
8/28/19 9:54,72.869,75.3,1203.7,67.372
8/28/19 9:54,72.869,75.3,1246.2,67.372
8/28/19 9:54,72.869,75.3,1281.2,67.372
8/28/19 9:54,72.869,75.3,1296.2,67.372
8/28/19 9:54,72.869,75.4,1298.7,67.372
8/28/19 9:54,72.869,75.4,1283.7,67.329
8/28/19 9:54,72.869,75.4,1273.7,67.372
8/28/19 9:54,72.869,75.4,1261.2,67.372
8/28/19 9:54,72.869,75.4,1238.7,67.329
8/28/19 9:54,72.869,75.5,1216.2,67.372
8/28/19 9:54,72.869,75.5,1193.7,67.372
8/28/19 9:54,72.912,75.5,1168.7,67.372
8/28/19 9:54,72.912,75.5,1131.2,67.372
8/28/19 9:54,72.912,75.5,1086.2,67.372
8/28/19 9:54,72.912,75.5,1048.7,67.372
8/28/19 9:54,72.912,75.4,1023.7,67.372
8/28/19 9:54,72.912,75.4,1013.7,67.372
8/28/19 9:54,72.912,75.4,1003.7,67.372
8/28/19 9:54,72.912,75.4,996.2,67.372
8/28/19 9:54,72.912,75.4,991.2,67.372
8/28/19 9:54,72.912,75.4,983.7,67.372
8/28/19 9:54,72.912,75.4,966.2,67.372
8/28/19 9:54,72.912,75.4,943.7,67.372
8/28/19 9:54,72.912,75.4,921.2,67.372
8/28/19 9:54,72.912,75.4,913.7,67.372
8/28/19 9:54,72.912,75.4,916.2,67.372
8/28/19 9:54,72.912,75.4,923.7,67.372
8/28/19 9:54,72.912,75.4,933.7,67.372
8/28/19 9:54,72.912,75.4,938.7,67.372
8/28/19 9:54,72.912,75.5,936.2,67.372
8/28/19 9:54,72.912,75.5,936.2,67.372
8/28/19 9:54,72.912,75.5,933.7,67.372
8/28/19 9:54,72.912,75.6,933.7,67.372
8/28/19 9:54,72.912,75.7,938.7,67.372
8/28/19 9:54,72.912,75.7,946.2,67.372
8/28/19 9:54,72.955,75.8,948.7,67.372
8/28/19 9:54,72.955,75.8,948.7,67.372
8/28/19 9:54,72.955,75.8,943.7,67.372
8/28/19 9:54,72.955,75.8,941.2,67.372
8/28/19 9:54,72.955,75.8,948.7,67.372
8/28/19 9:54,72.955,75.8,988.7,67.372
8/28/19 9:54,72.955,75.8,1043.7,67.372
8/28/19 9:54,72.955,75.9,1073.7,67.372
8/28/19 9:54,72.955,75.9,1076.2,67.372
8/28/19 9:54,72.955,76,1046.2,67.372
8/28/19 9:54,72.955,76,1018.7,67.372
8/28/19 9:55,72.955,76.1,1008.7,67.372
8/28/19 9:55,72.955,76.1,1008.7,67.372
8/28/19 9:55,72.997,76.2,1016.2,67.372
8/28/19 9:55,72.997,76.2,1023.7,67.372
8/28/19 9:55,72.997,76.2,1013.7,67.372
8/28/19 9:55,72.997,76.1,988.7,67.372
8/28/19 9:55,72.997,76.2,943.7,67.372
8/28/19 9:55,72.997,76.2,903.7,67.372
8/28/19 9:55,72.997,76.2,876.2,67.372
8/28/19 9:55,72.997,76.2,858.7,67.372
8/28/19 9:55,73.04,76.2,848.7,67.372
8/28/19 9:55,72.997,76.2,843.7,67.372
8/28/19 9:55,73.04,76.2,836.2,67.372
8/28/19 9:55,73.04,76.2,831.2,67.372
8/28/19 9:55,73.04,76.2,831.2,67.372
8/28/19 9:55,73.04,76.2,833.7,67.372
8/28/19 9:55,73.04,76.2,838.7,67.372
8/28/19 9:55,73.04,76.3,851.2,67.372
8/28/19 9:55,73.04,76.3,868.7,67.372
8/28/19 9:55,73.04,76.2,886.2,67.372
8/28/19 9:55,73.04,76.1,901.2,67.372
8/28/19 9:55,73.083,76.2,918.7,67.372
8/28/19 9:55,73.04,76.1,956.2,67.372
8/28/19 9:55,73.04,76,998.7,67.372
8/28/19 9:55,73.04,75.9,1033.7,67.372
8/28/19 9:55,73.04,75.8,1066.2,67.372
8/28/19 9:55,73.04,75.8,1088.7,67.372
8/28/19 9:55,73.04,75.8,1141.2,67.372
8/28/19 9:55,73.04,75.8,1211.2,67.372
8/28/19 9:55,73.04,75.8,1261.2,67.372
8/28/19 9:55,73.04,75.8,1263.7,67.372
8/28/19 9:55,73.04,75.8,1218.7,67.372
8/28/19 9:55,73.04,75.8,1148.7,67.372
8/28/19 9:55,73.04,75.7,1081.2,67.372
8/28/19 9:55,73.04,75.7,1021.2,67.372
8/28/19 9:55,73.04,75.7,963.7,67.372
8/28/19 9:55,73.04,75.7,923.7,67.372
8/28/19 9:55,73.04,75.6,906.2,67.372
8/28/19 9:55,73.04,75.6,906.2,67.372
8/28/19 9:55,73.04,75.6,916.2,67.372
8/28/19 9:55,73.04,75.6,938.7,67.372
8/28/19 9:55,73.04,75.7,968.7,67.372
8/28/19 9:55,73.04,75.8,998.7,67.372
8/28/19 9:55,73.04,75.8,1023.7,67.372
8/28/19 9:55,73.04,75.8,1038.7,67.372
8/28/19 9:55,73.04,75.8,1051.2,67.372
8/28/19 9:55,73.04,75.8,1068.7,67.372
8/28/19 9:55,73.04,75.9,1088.7,67.372
8/28/19 9:55,73.04,75.9,1121.2,67.372
8/28/19 9:55,73.04,76,1158.7,67.372
8/28/19 9:55,73.04,76,1191.2,67.372
8/28/19 9:55,73.04,76.1,1196.2,67.372
8/28/19 9:55,73.04,76.2,1166.2,67.372
8/28/19 9:55,73.04,76.1,1113.7,67.372
8/28/19 9:55,73.04,76.2,1066.2,67.372
8/28/19 9:55,73.04,76.3,1058.7,67.372
8/28/19 9:55,73.04,76.3,1083.7,67.372
8/28/19 9:55,73.083,76.2,1108.7,67.372
8/28/19 9:55,73.083,76.2,1113.7,67.372
8/28/19 9:55,73.083,76.2,1083.7,67.372
8/28/19 9:56,73.083,76.2,1026.2,67.372
8/28/19 9:56,73.083,76.2,958.7,67.372
8/28/19 9:56,73.083,76.1,901.2,67.372
8/28/19 9:56,73.083,76.1,861.2,67.372
8/28/19 9:56,73.083,76.1,838.7,67.372
8/28/19 9:56,73.083,76.2,828.7,67.372
8/28/19 9:56,73.083,76.2,826.2,67.372
8/28/19 9:56,73.083,76.2,838.7,67.372
8/28/19 9:56,73.083,76.2,868.7,67.372
8/28/19 9:56,73.083,76.2,918.7,67.372
8/28/19 9:56,73.083,76.2,986.2,67.372
8/28/19 9:56,73.083,76.2,1033.7,67.372
8/28/19 9:56,73.083,76.2,1058.7,67.372
8/28/19 9:56,73.126,76.2,1071.2,67.372
8/28/19 9:56,73.083,76.1,1056.2,67.372
8/28/19 9:56,73.083,76.1,1031.2,67.372
8/28/19 9:56,73.126,76,1011.2,67.372
8/28/19 9:56,73.126,76,993.7,67.372
8/28/19 9:56,73.083,75.9,986.2,67.372
8/28/19 9:56,73.083,75.9,968.7,67.372
8/28/19 9:56,73.083,75.8,938.7,67.372
8/28/19 9:56,73.083,75.8,893.7,67.372
8/28/19 9:56,73.083,75.8,848.7,67.372
8/28/19 9:56,73.083,75.8,823.7,67.413
8/28/19 9:56,73.083,75.8,818.7,67.372
8/28/19 9:56,73.083,75.8,816.2,67.372
8/28/19 9:56,73.083,75.8,818.7,67.372
8/28/19 9:56,73.083,75.8,818.7,67.372
8/28/19 9:56,73.083,75.8,823.7,67.372
8/28/19 9:56,73.083,75.8,831.2,67.372
8/28/19 9:56,73.083,75.8,848.7,67.372
8/28/19 9:56,73.083,75.8,868.7,67.372
8/28/19 9:56,73.083,75.8,893.7,67.372
8/28/19 9:56,73.083,75.8,923.7,67.413
8/28/19 9:56,73.083,75.8,951.2,67.413
8/28/19 9:56,73.083,75.7,963.7,67.372
8/28/19 9:56,73.083,75.6,971.2,67.413
8/28/19 9:56,73.083,75.6,993.7,67.372
8/28/19 9:56,73.083,75.5,1033.7,67.413
8/28/19 9:56,73.04,75.4,1083.7,67.413
8/28/19 9:56,73.04,75.4,1128.7,67.372
8/28/19 9:56,73.04,75.4,1158.7,67.413
8/28/19 9:56,73.04,75.3,1161.2,67.372
8/28/19 9:56,73.04,75.2,1141.2,67.413
8/28/19 9:56,73.04,75.2,1103.7,67.413
8/28/19 9:56,73.04,75.2,1073.7,67.413
8/28/19 9:56,72.997,75.2,1046.2,67.372
8/28/19 9:56,72.997,75.1,1016.2,67.413
8/28/19 9:56,72.997,75.2,988.7,67.413
8/28/19 9:56,72.997,75.2,973.7,67.413
8/28/19 9:56,72.997,75.2,973.7,67.413
8/28/19 9:56,72.997,75.2,983.7,67.413
8/28/19 9:56,72.997,75.2,1003.7,67.413
8/28/19 9:56,72.955,75.3,1023.7,67.413
8/28/19 9:56,72.955,75.3,1036.2,67.413
8/28/19 9:56,72.955,75.3,1041.2,67.413
8/28/19 9:56,72.955,75.3,1028.7,67.413
8/28/19 9:56,72.955,75.4,1001.2,67.413
8/28/19 9:56,72.955,75.4,978.7,67.413
8/28/19 9:56,72.955,75.4,953.7,67.413
8/28/19 9:57,72.955,75.5,928.7,67.413
8/28/19 9:57,72.955,75.5,916.2,67.413
8/28/19 9:57,72.955,75.6,918.7,67.413
8/28/19 9:57,72.955,75.7,941.2,67.413
8/28/19 9:57,72.955,75.8,983.7,67.413
8/28/19 9:57,72.955,75.8,1051.2,67.413
8/28/19 9:57,72.955,75.9,1136.2,67.413
8/28/19 9:57,72.955,75.9,1223.7,67.413
8/28/19 9:57,72.955,76.1,1291.2,67.413
8/28/19 9:57,72.955,76.1,1328.7,67.413
8/28/19 9:57,72.955,76.2,1323.7,67.413
8/28/19 9:57,72.955,76.2,1278.7,67.413
8/28/19 9:57,72.955,76.1,1223.7,67.413
8/28/19 9:57,72.955,76.2,1176.2,67.413
8/28/19 9:57,72.955,76.1,1128.7,67.413
8/28/19 9:57,72.997,76.2,1066.2,67.413
8/28/19 9:57,72.997,76.2,993.7,67.413
8/28/19 9:57,72.997,76.1,936.2,67.413
8/28/19 9:57,72.997,76.1,893.7,67.413
8/28/19 9:57,72.997,76,858.7,67.413
8/28/19 9:57,72.997,76.1,838.7,67.413
8/28/19 9:57,72.997,76.1,833.7,67.413
8/28/19 9:57,72.997,76.1,828.7,67.413
8/28/19 9:57,72.997,76.1,826.2,67.413
8/28/19 9:57,72.997,76.2,826.2,67.413
8/28/19 9:57,72.997,76.2,831.2,67.413
8/28/19 9:57,72.997,76.2,838.7,67.413
8/28/19 9:57,72.997,76.2,843.7,67.413
8/28/19 9:57,72.997,76.2,843.7,67.413
8/28/19 9:57,72.997,76.2,841.2,67.413
8/28/19 9:57,72.997,76.2,833.7,67.413
8/28/19 9:57,72.997,76.2,828.7,67.413
8/28/19 9:57,72.997,76.2,823.7,67.413
8/28/19 9:57,72.997,76.2,823.7,67.413
8/28/19 9:57,72.997,76.2,826.2,67.413
8/28/19 9:57,72.997,76.2,831.2,67.413
8/28/19 9:57,72.997,76.3,836.2,67.413
8/28/19 9:57,72.997,76.3,843.7,67.413
8/28/19 9:57,72.997,76.3,848.7,67.413
8/28/19 9:57,72.997,76.2,853.7,67.413
8/28/19 9:57,72.997,76.2,868.7,67.413
8/28/19 9:57,72.997,76.2,888.7,67.413
8/28/19 9:57,72.997,76.2,908.7,67.413
8/28/19 9:57,72.997,76.2,926.2,67.413
8/28/19 9:57,72.997,76.2,938.7,67.413
8/28/19 9:57,72.997,76.1,951.2,67.413
8/28/19 9:57,72.997,76.1,966.2,67.413
8/28/19 9:57,72.997,76.1,981.2,67.413
8/28/19 9:57,72.997,76.1,988.7,67.413
8/28/19 9:57,72.997,76.1,981.2,67.413
8/28/19 9:57,72.997,76.2,966.2,67.413
8/28/19 9:57,72.997,76.2,948.7,67.413
8/28/19 9:57,72.997,76.2,938.7,67.413
8/28/19 9:57,72.997,76.2,921.2,67.413
8/28/19 9:57,72.997,76.2,896.2,67.413
8/28/19 9:57,72.997,76.2,868.7,67.413
8/28/19 9:57,72.997,76.2,846.2,67.413
8/28/19 9:57,72.997,76.2,826.2,67.413
8/28/19 9:57,72.997,76.2,803.7,67.413
8/28/19 9:57,72.997,76.1,788.7,67.413
8/28/19 9:58,72.997,76.1,776.2,67.413
8/28/19 9:58,72.997,75.9,766.2,67.413
8/28/19 9:58,72.997,75.9,761.2,67.413
8/28/19 9:58,72.997,75.9,756.2,67.413
8/28/19 9:58,72.997,75.8,753.7,67.413
8/28/19 9:58,72.997,75.9,753.7,67.413
8/28/19 9:58,72.997,75.8,753.7,67.413
8/28/19 9:58,72.997,75.8,756.2,67.413
8/28/19 9:58,72.997,75.8,756.2,67.413
8/28/19 9:58,72.997,75.9,761.2,67.413
8/28/19 9:58,72.997,75.9,763.7,67.413
8/28/19 9:58,72.997,75.9,766.2,67.413
8/28/19 9:58,72.997,76,771.2,67.413
8/28/19 9:58,72.997,76.1,776.2,67.413
8/28/19 9:58,72.997,76.1,781.2,67.413
8/28/19 9:58,72.997,76.1,793.7,67.413
8/28/19 9:58,72.997,76.2,818.7,67.413
8/28/19 9:58,72.997,76.2,856.2,67.413
8/28/19 9:58,72.997,76.2,908.7,67.413
8/28/19 9:58,72.997,76.1,958.7,67.413
8/28/19 9:58,72.997,76.2,983.7,67.413
8/28/19 9:58,72.997,76.2,983.7,67.413
8/28/19 9:58,72.997,76.2,958.7,67.413
8/28/19 9:58,72.997,76.2,921.2,67.413
8/28/19 9:58,72.997,76.2,886.2,67.413
8/28/19 9:58,72.997,76.3,856.2,67.413
8/28/19 9:58,72.997,76.3,838.7,67.413
8/28/19 9:58,72.997,76.3,828.7,67.413
8/28/19 9:58,72.997,76.4,826.2,67.413
8/28/19 9:58,72.997,76.4,826.2,67.413
8/28/19 9:58,72.997,76.4,823.7,67.413
8/28/19 9:58,72.997,76.4,821.2,67.413
8/28/19 9:58,73.04,76.4,818.7,67.413
8/28/19 9:58,72.997,76.4,823.7,67.413
8/28/19 9:58,72.997,76.3,831.2,67.413
8/28/19 9:58,72.997,76.2,846.2,67.413
8/28/19 9:58,73.04,76.2,866.2,67.413
8/28/19 9:58,73.04,76.1,893.7,67.413
8/28/19 9:58,72.997,76.1,926.2,67.413
8/28/19 9:58,72.997,76,953.7,67.413
8/28/19 9:58,72.997,75.9,971.2,67.413
8/28/19 9:58,72.997,75.8,976.2,67.413
8/28/19 9:58,72.997,75.8,976.2,67.413
8/28/19 9:58,72.997,75.8,976.2,67.413
8/28/19 9:58,72.997,75.7,983.7,67.413
8/28/19 9:58,72.997,75.7,983.7,67.413
8/28/19 9:58,72.997,75.6,976.2,67.413
8/28/19 9:58,72.997,75.7,956.2,67.413
8/28/19 9:58,72.997,75.6,941.2,67.456
8/28/19 9:58,72.997,75.6,941.2,67.413
8/28/19 9:58,72.997,75.7,956.2,67.413
8/28/19 9:58,72.997,75.7,983.7,67.456
8/28/19 9:58,72.955,75.7,996.2,67.456
8/28/19 9:58,72.955,75.7,978.7,67.413
8/28/19 9:58,72.955,75.7,953.7,67.413
8/28/19 9:58,72.955,75.7,918.7,67.413
8/28/19 9:58,72.955,75.8,886.2,67.413
8/28/19 9:58,72.955,75.8,866.2,67.413
8/28/19 9:58,72.955,75.8,851.2,67.413
8/28/19 9:58,72.955,75.8,836.2,67.413
8/28/19 9:59,72.955,75.8,823.7,67.456
8/28/19 9:59,72.955,75.8,818.7,67.413
8/28/19 9:59,72.955,75.8,813.7,67.413
8/28/19 9:59,72.955,75.8,813.7,67.456
8/28/19 9:59,72.955,75.9,816.2,67.456
8/28/19 9:59,72.955,75.9,818.7,67.456
8/28/19 9:59,72.997,76,821.2,67.456
8/28/19 9:59,72.997,76.1,823.7,67.456
8/28/19 9:59,72.997,76.1,833.7,67.456
8/28/19 9:59,72.997,76.2,853.7,67.413
8/28/19 9:59,72.997,76.1,871.2,67.456
8/28/19 9:59,72.997,76.2,881.2,67.413
8/28/19 9:59,72.997,76.2,876.2,67.456
8/28/19 9:59,72.997,76.3,863.7,67.456
8/28/19 9:59,72.997,76.4,848.7,67.456
8/28/19 9:59,72.997,76.4,843.7,67.456
8/28/19 9:59,72.997,76.4,851.2,67.456
8/28/19 9:59,72.997,76.5,858.7,67.413
8/28/19 9:59,73.04,76.5,851.2,67.456
8/28/19 9:59,73.04,76.5,833.7,67.456
8/28/19 9:59,73.04,76.5,816.2,67.456
8/28/19 9:59,73.04,76.5,803.7,67.456
8/28/19 9:59,73.04,76.5,798.7,67.456
8/28/19 9:59,73.04,76.5,796.2,67.456
8/28/19 9:59,73.04,76.5,793.7,67.456
8/28/19 9:59,73.04,76.5,791.2,67.456
8/28/19 9:59,73.04,76.4,786.2,67.456
8/28/19 9:59,73.04,76.4,781.2,67.456
8/28/19 9:59,73.04,76.3,776.2,67.456
8/28/19 9:59,73.04,76.2,776.2,67.456
8/28/19 9:59,73.04,76.2,773.7,67.456
8/28/19 9:59,73.04,76.2,773.7,67.456
8/28/19 9:59,73.04,76.2,773.7,67.456
8/28/19 9:59,73.04,76.1,773.7,67.456
8/28/19 9:59,73.04,76.1,776.2,67.456
8/28/19 9:59,73.04,76,783.7,67.456
8/28/19 9:59,73.04,76,791.2,67.456
8/28/19 9:59,73.04,76,798.7,67.456
8/28/19 9:59,73.04,76,803.7,67.456
8/28/19 9:59,72.997,76,811.2,67.456
8/28/19 9:59,72.997,76,816.2,67.456
8/28/19 9:59,72.997,76.1,826.2,67.456
8/28/19 9:59,72.997,76.1,848.7,67.456
8/28/19 9:59,72.997,76.1,871.2,67.456
8/28/19 9:59,72.997,76.2,901.2,67.456
8/28/19 9:59,72.997,76.1,941.2,67.456
8/28/19 9:59,72.997,76.2,1001.2,67.456
8/28/19 9:59,72.997,76.3,1056.2,67.456
8/28/19 9:59,72.997,76.3,1063.7,67.456
8/28/19 9:59,72.997,76.4,1028.7,67.456
8/28/19 9:59,72.997,76.5,978.7,67.456
8/28/19 9:59,72.997,76.5,933.7,67.456
8/28/19 9:59,72.997,76.6,903.7,67.456
8/28/19 9:59,72.997,76.6,888.7,67.456
8/28/19 9:59,72.997,76.5,881.2,67.456
8/28/19 9:59,72.997,76.5,881.2,67.456
8/28/19 9:59,72.997,76.5,886.2,67.456
8/28/19 9:59,72.997,76.6,893.7,67.456
8/28/19 9:59,72.997,76.6,891.2,67.456
8/28/19 9:59,72.997,76.6,881.2,67.456
8/28/19 10:00,72.997,76.5,866.2,67.456
8/28/19 10:00,72.997,76.4,846.2,67.456
8/28/19 10:00,72.997,76.4,828.7,67.456
8/28/19 10:00,72.997,76.3,818.7,67.456
8/28/19 10:00,72.997,76.3,813.7,67.456
8/28/19 10:00,72.997,76.3,811.2,67.456
8/28/19 10:00,72.997,76.2,811.2,67.456
8/28/19 10:00,72.997,76.2,808.7,67.456
8/28/19 10:00,72.955,76.2,806.2,67.456
8/28/19 10:00,72.955,76.2,806.2,67.456
8/28/19 10:00,72.955,76.3,808.7,67.456
8/28/19 10:00,72.955,76.2,823.7,67.456
8/28/19 10:00,72.955,76.2,841.2,67.456
8/28/19 10:00,72.955,76.2,858.7,67.456
8/28/19 10:00,72.955,76.2,868.7,67.456
8/28/19 10:00,72.955,76.2,876.2,67.456
8/28/19 10:00,72.955,76.2,871.2,67.456
8/28/19 10:00,72.955,76.3,858.7,67.456
8/28/19 10:00,72.955,76.3,838.7,67.456
8/28/19 10:00,72.955,76.3,823.7,67.456
8/28/19 10:00,72.955,76.4,821.2,67.456
8/28/19 10:00,72.955,76.4,826.2,67.456
8/28/19 10:00,72.955,76.4,826.2,67.456
8/28/19 10:00,72.955,76.4,821.2,67.456
8/28/19 10:00,72.955,76.4,808.7,67.456
8/28/19 10:00,72.955,76.4,791.2,67.456
8/28/19 10:00,72.955,76.4,776.2,67.456
8/28/19 10:00,72.955,76.5,763.7,67.456
8/28/19 10:00,72.955,76.5,748.7,67.456
8/28/19 10:00,72.955,76.5,738.7,67.456
8/28/19 10:00,72.955,76.5,738.7,67.456
8/28/19 10:00,72.955,76.5,738.7,67.456
8/28/19 10:00,72.955,76.5,741.2,67.456
8/28/19 10:00,72.955,76.6,738.7,67.456
8/28/19 10:00,72.955,76.5,733.7,67.456
8/28/19 10:00,72.955,76.5,731.2,67.456
8/28/19 10:00,72.955,76.5,728.7,67.456
8/28/19 10:00,72.955,76.4,728.7,67.456
8/28/19 10:00,72.955,76.4,731.2,67.456
8/28/19 10:00,72.955,76.3,731.2,67.456
8/28/19 10:00,72.955,76.2,736.2,67.456
8/28/19 10:00,72.955,76.2,741.2,67.456
8/28/19 10:00,72.955,76.2,743.7,67.456
8/28/19 10:00,72.955,76.1,748.7,67.456
8/28/19 10:00,72.955,76.1,753.7,67.456
8/28/19 10:00,72.912,76,758.7,67.456
8/28/19 10:00,72.912,75.9,763.7,67.456
8/28/19 10:00,72.912,75.9,773.7,67.456
8/28/19 10:00,72.912,75.8,783.7,67.456
8/28/19 10:00,72.912,75.8,796.2,67.456
8/28/19 10:00,72.912,75.8,813.7,67.456
8/28/19 10:00,72.912,75.8,831.2,67.456
8/28/19 10:00,72.912,75.8,858.7,67.456
8/28/19 10:00,72.912,75.8,883.7,67.456
8/28/19 10:00,72.912,75.8,908.7,67.456
8/28/19 10:00,72.912,75.8,943.7,67.456
8/28/19 10:00,72.912,75.8,983.7,67.456
8/28/19 10:00,72.869,75.8,1031.2,67.456
8/28/19 10:00,72.869,75.8,1083.7,67.456
8/28/19 10:00,72.912,75.8,1138.7,67.456
8/28/19 10:01,72.869,75.8,1198.7,67.456
8/28/19 10:01,72.869,75.8,1253.7,67.456
8/28/19 10:01,72.869,75.9,1296.2,67.456
8/28/19 10:01,72.869,75.9,1333.7,67.456
8/28/19 10:01,72.869,75.9,1378.7,67.456
8/28/19 10:01,72.869,76,1433.7,67.456
8/28/19 10:01,72.869,76,1473.7,67.456
8/28/19 10:01,72.869,76.1,1488.7,67.456
8/28/19 10:01,72.869,76.1,1486.2,67.456
8/28/19 10:01,72.869,76.1,1453.7,67.456
8/28/19 10:01,72.869,76.2,1368.7,67.456
8/28/19 10:01,72.912,76.2,1258.7,67.456
8/28/19 10:01,72.912,76.1,1133.7,67.456
8/28/19 10:01,72.912,76.2,1031.2,67.456
8/28/19 10:01,72.912,76.2,963.7,67.456
8/28/19 10:01,72.912,76.3,958.7,67.456
8/28/19 10:01,72.912,76.3,1003.7,67.456
8/28/19 10:01,72.912,76.4,1076.2,67.456
8/28/19 10:01,72.912,76.4,1141.2,67.456
8/28/19 10:01,72.912,76.4,1208.7,67.456
8/28/19 10:01,72.912,76.4,1266.2,67.456
8/28/19 10:01,72.912,76.5,1308.7,67.456
8/28/19 10:01,72.912,76.5,1366.2,67.456
8/28/19 10:01,72.955,76.5,1426.2,67.456
8/28/19 10:01,72.955,76.5,1438.7,67.456
8/28/19 10:01,72.955,76.5,1418.7,67.456
8/28/19 10:01,72.955,76.4,1401.2,67.456
8/28/19 10:01,72.955,76.4,1403.7,67.456
8/28/19 10:01,72.955,76.3,1428.7,67.456
8/28/19 10:01,72.955,76.2,1478.7,67.456
8/28/19 10:01,72.955,76.2,1508.7,67.456
8/28/19 10:01,72.955,76.1,1523.7,67.456
8/28/19 10:01,72.955,76,1511.2,67.456
8/28/19 10:01,72.955,76,1498.7,67.456
8/28/19 10:01,72.955,75.9,1486.2,67.456
8/28/19 10:01,72.955,75.9,1488.7,67.456
8/28/19 10:01,72.955,75.9,1486.2,67.456
8/28/19 10:01,72.955,75.9,1441.2,67.456
8/28/19 10:01,72.955,75.9,1368.7,67.456
8/28/19 10:01,72.955,75.9,1293.7,67.456
8/28/19 10:01,72.997,75.9,1226.2,67.456
8/28/19 10:01,72.955,75.9,1171.2,67.456
8/28/19 10:01,72.955,76,1138.7,67.456
8/28/19 10:01,72.997,76,1118.7,67.456
8/28/19 10:01,72.997,76,1098.7,67.456
8/28/19 10:01,72.997,76,1073.7,67.5
8/28/19 10:01,72.997,76,1066.2,67.456
8/28/19 10:01,72.997,76,1053.7,67.456
8/28/19 10:01,72.997,76,1033.7,67.456
8/28/19 10:01,72.997,75.9,1003.7,67.5
8/28/19 10:01,72.997,75.9,966.2,67.5
8/28/19 10:01,72.997,75.9,938.7,67.456
8/28/19 10:01,72.997,75.8,933.7,67.456
8/28/19 10:01,72.997,75.8,951.2,67.5
8/28/19 10:01,72.997,75.8,976.2,67.456
8/28/19 10:01,72.997,75.8,981.2,67.5
8/28/19 10:01,72.997,75.8,966.2,67.5
8/28/19 10:01,72.997,75.8,931.2,67.5
8/28/19 10:01,72.997,75.8,893.7,67.456
8/28/19 10:01,73.04,75.8,863.7,67.5
8/28/19 10:02,73.04,75.8,838.7,67.5
8/28/19 10:02,73.04,75.8,821.2,67.456
8/28/19 10:02,73.04,75.8,806.2,67.5
8/28/19 10:02,73.04,75.8,793.7,67.5
8/28/19 10:02,73.04,75.7,783.7,67.5
8/28/19 10:02,72.997,75.7,773.7,67.5
8/28/19 10:02,73.04,75.7,768.7,67.5
8/28/19 10:02,72.997,75.7,763.7,67.5
8/28/19 10:02,72.997,75.7,761.2,67.5
8/28/19 10:02,72.997,75.7,761.2,67.5
8/28/19 10:02,72.997,75.7,756.2,67.5
8/28/19 10:02,73.04,75.8,756.2,67.5
8/28/19 10:02,73.04,75.8,753.7,67.5
8/28/19 10:02,73.04,75.8,751.2,67.5
8/28/19 10:02,72.997,75.8,748.7,67.456
8/28/19 10:02,72.997,75.8,748.7,67.456
8/28/19 10:02,73.04,75.8,748.7,67.5
8/28/19 10:02,73.04,75.7,748.7,67.5
8/28/19 10:02,73.04,75.6,751.2,67.5
8/28/19 10:02,72.997,75.6,751.2,67.5
8/28/19 10:02,72.997,75.5,753.7,67.5
8/28/19 10:02,72.997,75.4,761.2,67.5
8/28/19 10:02,72.997,75.4,766.2,67.5
8/28/19 10:02,72.997,75.4,771.2,67.5
8/28/19 10:02,72.997,75.3,776.2,67.5
8/28/19 10:02,72.997,75.3,776.2,67.5
8/28/19 10:02,72.997,75.2,773.7,67.5
8/28/19 10:02,72.997,75.2,771.2,67.5
8/28/19 10:02,72.955,75.2,766.2,67.5
8/28/19 10:02,72.955,75.2,761.2,67.5
8/28/19 10:02,72.955,75.2,758.7,67.5
8/28/19 10:02,72.955,75.2,758.7,67.5
8/28/19 10:02,72.955,75.2,763.7,67.5
8/28/19 10:02,72.955,75.2,773.7,67.5
8/28/19 10:02,72.955,75.2,783.7,67.5
8/28/19 10:02,72.955,75.2,793.7,67.5
8/28/19 10:02,72.912,75.1,803.7,67.5
8/28/19 10:02,72.912,75.1,811.2,67.5
8/28/19 10:02,72.912,75.1,813.7,67.5
8/28/19 10:02,72.912,75.1,816.2,67.5
8/28/19 10:02,72.912,75.1,821.2,67.5
8/28/19 10:02,72.912,75.1,828.7,67.5
8/28/19 10:02,72.869,75.1,838.7,67.5
8/28/19 10:02,72.869,75,846.2,67.5
8/28/19 10:02,72.869,75,851.2,67.5
8/28/19 10:02,72.869,75.1,848.7,67.5
8/28/19 10:02,72.869,75.1,843.7,67.5
8/28/19 10:02,72.869,75.2,841.2,67.5
8/28/19 10:02,72.869,75.2,838.7,67.5
8/28/19 10:02,72.869,75.2,836.2,67.5
8/28/19 10:02,72.826,75.3,838.7,67.5
8/28/19 10:02,72.826,75.3,848.7,67.5
8/28/19 10:02,72.869,75.3,861.2,67.5
8/28/19 10:02,72.826,75.3,868.7,67.5
8/28/19 10:02,72.826,75.4,871.2,67.5
8/28/19 10:02,72.826,75.4,873.7,67.5
8/28/19 10:02,72.826,75.4,878.7,67.5
8/28/19 10:02,72.826,75.4,891.2,67.5
8/28/19 10:02,72.826,75.4,908.7,67.5
8/28/19 10:02,72.826,75.5,921.2,67.5
8/28/19 10:03,72.826,75.5,928.7,67.5
8/28/19 10:03,72.826,75.6,928.7,67.5
8/28/19 10:03,72.826,75.7,928.7,67.5
8/28/19 10:03,72.826,75.7,923.7,67.5
8/28/19 10:03,72.826,75.8,916.2,67.5
8/28/19 10:03,72.826,75.8,918.7,67.5
8/28/19 10:03,72.826,75.8,941.2,67.5
8/28/19 10:03,72.826,75.8,976.2,67.5
8/28/19 10:03,72.826,75.8,1006.2,67.5
8/28/19 10:03,72.826,75.9,1031.2,67.5
8/28/19 10:03,72.826,75.9,1046.2,67.5
8/28/19 10:03,72.826,76,1066.2,67.5
8/28/19 10:03,72.826,76,1081.2,67.5
8/28/19 10:03,72.826,76.1,1088.7,67.5
8/28/19 10:03,72.826,76.1,1073.7,67.5
8/28/19 10:03,72.826,76.2,1046.2,67.5
8/28/19 10:03,72.869,76.2,1063.7,67.5
8/28/19 10:03,72.869,76.2,1118.7,67.5
8/28/19 10:03,72.869,76.1,1191.2,67.5
8/28/19 10:03,72.869,76.2,1251.2,67.5
8/28/19 10:03,72.869,76.3,1301.2,67.5
8/28/19 10:03,72.869,76.3,1378.7,67.5
8/28/19 10:03,72.869,76.4,1471.2,67.5
8/28/19 10:03,72.869,76.3,1563.7,67.5
8/28/19 10:03,72.869,76.3,1613.7,67.5
8/28/19 10:03,72.869,76.2,1598.7,67.5
8/28/19 10:03,72.869,76.2,1563.7,67.5
8/28/19 10:03,72.869,76.1,1533.7,67.5
8/28/19 10:03,72.869,76,1496.2,67.5
8/28/19 10:03,72.869,75.9,1481.2,67.5
8/28/19 10:03,72.912,75.8,1486.2,67.5
8/28/19 10:03,72.869,75.8,1498.7,67.5
8/28/19 10:03,72.912,75.8,1493.7,67.5
8/28/19 10:03,72.912,75.7,1446.2,67.5
8/28/19 10:03,72.869,75.7,1378.7,67.5
8/28/19 10:03,72.912,75.7,1301.2,67.5
8/28/19 10:03,72.869,75.7,1231.2,67.5
8/28/19 10:03,72.912,75.8,1178.7,67.5
8/28/19 10:03,72.869,75.8,1138.7,67.5
8/28/19 10:03,72.869,75.8,1101.2,67.5
8/28/19 10:03,72.912,75.8,1071.2,67.5
8/28/19 10:03,72.869,75.8,1056.2,67.5
8/28/19 10:03,72.912,75.8,1091.2,67.5
8/28/19 10:03,72.912,75.7,1181.2,67.5
8/28/19 10:03,72.912,75.6,1291.2,67.5
8/28/19 10:03,72.912,75.5,1386.2,67.5
8/28/19 10:03,72.912,75.5,1458.7,67.5
8/28/19 10:03,72.912,75.4,1518.7,67.5
8/28/19 10:03,72.912,75.4,1561.2,67.5
8/28/19 10:03,72.912,75.3,1568.7,67.5
8/28/19 10:03,72.912,75.3,1511.2,67.5
8/28/19 10:03,72.912,75.2,1433.7,67.5
8/28/19 10:03,72.912,75.2,1371.2,67.5
8/28/19 10:03,72.912,75.2,1318.7,67.5
8/28/19 10:03,72.912,75.2,1301.2,67.5
8/28/19 10:03,72.912,75.1,1288.7,67.5
8/28/19 10:03,72.869,75.1,1281.2,67.5
8/28/19 10:03,72.869,75.1,1311.2,67.5
8/28/19 10:03,72.912,75.2,1373.7,67.5
8/28/19 10:03,72.869,75.2,1436.2,67.5
8/28/19 10:04,72.869,75.3,1478.7,67.5
8/28/19 10:04,72.869,75.3,1486.2,67.5
8/28/19 10:04,72.912,75.4,1471.2,67.5
8/28/19 10:04,72.912,75.4,1458.7,67.5
8/28/19 10:04,72.912,75.5,1468.7,67.5
8/28/19 10:04,72.912,75.5,1496.2,67.5
8/28/19 10:04,72.912,75.6,1533.7,67.5
8/28/19 10:04,72.912,75.7,1578.7,67.5
8/28/19 10:04,72.912,75.7,1628.7,67.5
8/28/19 10:04,72.912,75.7,1651.2,67.5
8/28/19 10:04,72.955,75.7,1653.7,67.5
8/28/19 10:04,72.955,75.6,1638.7,67.5
8/28/19 10:04,72.955,75.6,1618.7,67.5
8/28/19 10:04,72.955,75.5,1608.7,67.5
8/28/19 10:04,72.955,75.5,1613.7,67.5
8/28/19 10:04,72.955,75.5,1608.7,67.5
8/28/19 10:04,72.955,75.5,1583.7,67.5
8/28/19 10:04,72.955,75.5,1548.7,67.5
8/28/19 10:04,72.955,75.5,1498.7,67.5
8/28/19 10:04,72.955,75.6,1426.2,67.5
8/28/19 10:04,72.997,75.6,1336.2,67.5
8/28/19 10:04,72.997,75.6,1233.7,67.5
8/28/19 10:04,72.997,75.6,1156.2,67.5
8/28/19 10:04,72.997,75.6,1143.7,67.5
8/28/19 10:04,72.997,75.6,1183.7,67.5
8/28/19 10:04,72.997,75.6,1213.7,67.5
8/28/19 10:04,72.997,75.6,1191.2,67.5
8/28/19 10:04,72.997,75.6,1143.7,67.5
8/28/19 10:04,73.04,75.6,1121.2,67.5
8/28/19 10:04,73.04,75.6,1163.7,67.5
8/28/19 10:04,73.04,75.5,1263.7,67.5
8/28/19 10:04,73.04,75.5,1358.7,67.5
8/28/19 10:04,73.04,75.5,1411.2,67.5
8/28/19 10:04,73.04,75.5,1411.2,67.5
8/28/19 10:04,73.04,75.5,1383.7,67.543
8/28/19 10:04,73.04,75.6,1366.2,67.5
8/28/19 10:04,73.083,75.6,1373.7,67.5
8/28/19 10:04,73.083,75.7,1428.7,67.5
8/28/19 10:04,73.083,75.8,1488.7,67.5
8/28/19 10:04,73.083,75.8,1541.2,67.5
8/28/19 10:04,73.083,75.9,1566.2,67.5
8/28/19 10:04,73.083,75.9,1571.2,67.543
8/28/19 10:04,73.126,75.9,1558.7,67.543
8/28/19 10:04,73.126,75.9,1556.2,67.543
8/28/19 10:04,73.126,75.9,1573.7,67.543
8/28/19 10:04,73.126,75.9,1591.2,67.543
8/28/19 10:04,73.126,75.9,1606.2,67.5
8/28/19 10:04,73.17,75.9,1628.7,67.5
8/28/19 10:04,73.17,76,1646.2,67.543
8/28/19 10:04,73.17,76.1,1668.7,67.5
8/28/19 10:04,73.213,76.1,1656.2,67.5
8/28/19 10:04,73.213,76,1636.2,67.5
8/28/19 10:04,73.213,75.9,1618.7,67.543
8/28/19 10:04,73.213,75.9,1628.7,67.543
8/28/19 10:04,73.213,75.8,1663.7,67.543
8/28/19 10:04,73.256,75.8,1693.7,67.543
8/28/19 10:04,73.256,75.8,1703.7,67.5
8/28/19 10:04,73.256,75.9,1691.2,67.543
8/28/19 10:04,73.256,75.9,1671.2,67.5
8/28/19 10:04,73.256,75.8,1678.7,67.543
8/28/19 10:05,73.256,75.8,1698.7,67.543
8/28/19 10:05,73.299,75.8,1721.2,67.5
8/28/19 10:05,73.299,75.8,1736.2,67.543
8/28/19 10:05,73.299,75.8,1731.2,67.543
8/28/19 10:05,73.299,75.8,1723.7,67.543
8/28/19 10:05,73.342,75.8,1726.2,67.543
8/28/19 10:05,73.342,75.8,1733.7,67.543
8/28/19 10:05,73.342,75.8,1738.7,67.543
8/28/19 10:05,73.342,75.8,1738.7,67.543
8/28/19 10:05,73.342,75.7,1738.7,67.543
8/28/19 10:05,73.386,75.7,1741.2,67.543
8/28/19 10:05,73.386,75.6,1738.7,67.543
8/28/19 10:05,73.386,75.7,1736.2,67.543
8/28/19 10:05,73.386,75.7,1731.2,67.543
8/28/19 10:05,73.386,75.7,1683.7,67.543
8/28/19 10:05,73.429,75.6,1586.2,67.543
8/28/19 10:05,73.429,75.6,1501.2,67.543
8/28/19 10:05,73.429,75.6,1468.7,67.543
8/28/19 10:05,73.429,75.5,1476.2,67.543
8/28/19 10:05,73.429,75.5,1536.2,67.543
8/28/19 10:05,73.472,75.4,1603.7,67.543
8/28/19 10:05,73.472,75.4,1653.7,67.543
8/28/19 10:05,73.472,75.3,1688.7,67.543
8/28/19 10:05,73.472,75.2,1688.7,67.543
8/28/19 10:05,73.472,75.2,1651.2,67.543
8/28/19 10:05,73.515,75.2,1608.7,67.543
8/28/19 10:05,73.515,75.2,1566.2,67.543
8/28/19 10:05,73.515,75.3,1508.7,67.543
8/28/19 10:05,73.515,75.3,1461.2,67.543
8/28/19 10:05,73.515,75.5,1426.2,67.543
8/28/19 10:05,73.515,75.5,1396.2,67.543
8/28/19 10:05,73.558,75.4,1403.7,67.543
8/28/19 10:05,73.558,75.6,1443.7,67.543
8/28/19 10:05,73.558,75.6,1478.7,67.543
8/28/19 10:05,73.558,75.7,1498.7,67.543
8/28/19 10:05,73.602,75.8,1488.7,67.543
8/28/19 10:05,73.602,75.9,1478.7,67.543
8/28/19 10:05,73.602,75.9,1473.7,67.543
8/28/19 10:05,73.645,75.9,1466.2,67.543
8/28/19 10:05,73.645,75.9,1453.7,67.543
8/28/19 10:05,73.645,76,1416.2,67.543
8/28/19 10:05,73.688,76.1,1361.2,67.543
8/28/19 10:05,73.688,76.2,1308.7,67.543
8/28/19 10:05,73.688,76.2,1266.2,67.543
8/28/19 10:05,73.731,76.3,1246.2,67.543
8/28/19 10:05,73.731,76.2,1246.2,67.543
8/28/19 10:05,73.731,76.3,1258.7,67.543
8/28/19 10:05,73.774,76.3,1276.2,67.543
8/28/19 10:05,73.774,76.4,1296.2,67.543
8/28/19 10:05,73.818,76.4,1313.7,67.543
8/28/19 10:05,73.818,76.5,1333.7,67.543
8/28/19 10:05,73.818,76.5,1341.2,67.543
8/28/19 10:05,73.861,76.5,1338.7,67.543
8/28/19 10:05,73.861,76.6,1333.7,67.543
8/28/19 10:05,73.861,76.6,1336.2,67.543
8/28/19 10:05,73.904,76.6,1321.2,67.543
8/28/19 10:05,73.904,76.6,1278.7,67.543
8/28/19 10:05,73.904,76.7,1201.2,67.543
8/28/19 10:05,73.947,76.6,1126.2,67.543
8/28/19 10:05,73.947,76.7,1066.2,67.543
8/28/19 10:06,73.947,76.8,1056.2,67.543
8/28/19 10:06,73.99,76.8,1098.7,67.543
8/28/19 10:06,73.99,76.8,1141.2,67.543
8/28/19 10:06,74.034,76.8,1163.7,67.543
8/28/19 10:06,74.034,76.8,1163.7,67.543
8/28/19 10:06,74.034,76.7,1146.2,67.543
8/28/19 10:06,74.034,76.8,1138.7,67.543
8/28/19 10:06,74.077,76.7,1146.2,67.543
8/28/19 10:06,74.077,76.7,1171.2,67.543
8/28/19 10:06,74.12,76.7,1203.7,67.543
8/28/19 10:06,74.12,76.7,1243.7,67.543
8/28/19 10:06,74.12,76.8,1268.7,67.543
8/28/19 10:06,74.12,76.8,1283.7,67.543
8/28/19 10:06,74.163,76.8,1288.7,67.543
8/28/19 10:06,74.163,76.8,1251.2,67.543
8/28/19 10:06,74.163,76.8,1211.2,67.543
8/28/19 10:06,74.206,76.9,1203.7,67.543
8/28/19 10:06,74.206,76.9,1206.2,67.543
8/28/19 10:06,74.206,77,1188.7,67.543
8/28/19 10:06,74.25,77,1151.2,67.543
8/28/19 10:06,74.25,77,1078.7,67.543
8/28/19 10:06,74.25,76.9,988.7,67.543
8/28/19 10:06,74.25,76.9,938.7,67.543
8/28/19 10:06,74.295,76.8,908.7,67.543
8/28/19 10:06,74.295,76.8,878.7,67.543
8/28/19 10:06,74.295,76.7,856.2,67.543
8/28/19 10:06,74.338,76.7,863.7,67.543
8/28/19 10:06,74.338,76.6,928.7,67.543
8/28/19 10:06,74.338,76.5,1048.7,67.543
8/28/19 10:06,74.338,76.4,1173.7,67.543
8/28/19 10:06,74.381,76.3,1268.7,67.543
8/28/19 10:06,74.381,76.3,1298.7,67.543
8/28/19 10:06,74.381,76.3,1241.2,67.543
8/28/19 10:06,74.381,76.3,1133.7,67.543
8/28/19 10:06,74.381,76.3,1011.2,67.543
8/28/19 10:06,74.424,76.3,903.7,67.543
8/28/19 10:06,74.424,76.3,841.2,67.543
8/28/19 10:06,74.424,76.2,816.2,67.543
8/28/19 10:06,74.424,76.2,843.7,67.543
8/28/19 10:06,74.424,76.3,951.2,67.543
8/28/19 10:06,74.424,76.2,1098.7,67.543
8/28/19 10:06,74.424,76.2,1221.2,67.543
8/28/19 10:06,74.467,76,1293.7,67.543
8/28/19 10:06,74.467,75.9,1326.2,67.543
8/28/19 10:06,74.467,75.9,1338.7,67.543
8/28/19 10:06,74.467,75.8,1381.2,67.543
8/28/19 10:06,74.467,75.7,1436.2,67.543
8/28/19 10:06,74.467,75.5,1478.7,67.543
8/28/19 10:06,74.467,75.4,1496.2,67.543
8/28/19 10:06,74.467,75.3,1483.7,67.543
8/28/19 10:06,74.467,75.1,1438.7,67.543
8/28/19 10:06,74.467,75.1,1383.7,67.543
8/28/19 10:06,74.467,75,1313.7,67.543
8/28/19 10:06,74.467,74.9,1226.2,67.543
8/28/19 10:06,74.467,74.8,1153.7,67.543
8/28/19 10:06,74.467,74.7,1101.2,67.543
8/28/19 10:06,74.424,74.6,1071.2,67.543
8/28/19 10:06,74.424,74.5,1046.2,67.543
8/28/19 10:06,74.424,74.4,1021.2,67.543
8/28/19 10:06,74.424,74.3,993.7,67.543
8/28/19 10:07,74.424,74.3,971.2,67.543
8/28/19 10:07,74.381,74.3,956.2,67.543
8/28/19 10:07,74.381,74.3,956.2,67.543
8/28/19 10:07,74.381,74.3,993.7,67.543
8/28/19 10:07,74.381,74.3,1093.7,67.543
8/28/19 10:07,74.381,74.4,1221.2,67.543
8/28/19 10:07,74.381,74.3,1353.7,67.543
8/28/19 10:07,74.338,74.3,1451.2,67.543
8/28/19 10:07,74.338,74.2,1516.2,67.543
8/28/19 10:07,74.338,74.1,1563.7,67.543
8/28/19 10:07,74.338,74.1,1548.7,67.543
8/28/19 10:07,74.338,74,1463.7,67.543
8/28/19 10:07,74.338,73.9,1356.2,67.543
8/28/19 10:07,74.295,73.9,1276.2,67.543
8/28/19 10:07,74.295,74,1236.2,67.543
8/28/19 10:07,74.295,74,1198.7,67.543
8/28/19 10:07,74.295,74.1,1103.7,67.543
8/28/19 10:07,74.295,74.1,976.2,67.543
8/28/19 10:07,74.295,74.2,866.2,67.543
8/28/19 10:07,74.25,74.3,803.7,67.543
8/28/19 10:07,74.25,74.4,791.2,67.543
8/28/19 10:07,74.25,74.4,791.2,67.543
8/28/19 10:07,74.25,74.4,796.2,67.543
8/28/19 10:07,74.25,74.4,798.7,67.543
8/28/19 10:07,74.25,74.5,803.7,67.543
8/28/19 10:07,74.25,74.5,813.7,67.543
8/28/19 10:07,74.25,74.6,823.7,67.543
8/28/19 10:07,74.25,74.6,818.7,67.543
8/28/19 10:07,74.25,74.8,801.2,67.543
8/28/19 10:07,74.25,74.7,793.7,67.543
8/28/19 10:07,74.25,74.8,798.7,67.543
8/28/19 10:07,74.25,74.8,818.7,67.543
8/28/19 10:07,74.25,74.8,846.2,67.543
8/28/19 10:07,74.25,74.8,866.2,67.543
8/28/19 10:07,74.25,74.8,876.2,67.543
8/28/19 10:07,74.25,74.8,873.7,67.543
8/28/19 10:07,74.25,74.8,871.2,67.586
8/28/19 10:07,74.25,74.8,863.7,67.543
8/28/19 10:07,74.25,74.7,858.7,67.543
8/28/19 10:07,74.25,74.7,853.7,67.543
8/28/19 10:07,74.25,74.6,856.2,67.543
8/28/19 10:07,74.25,74.5,861.2,67.543
8/28/19 10:07,74.25,74.4,863.7,67.543
8/28/19 10:07,74.25,74.4,866.2,67.586
8/28/19 10:07,74.25,74.3,863.7,67.543
8/28/19 10:07,74.206,74.2,856.2,67.543
8/28/19 10:07,74.206,74.2,838.7,67.543
8/28/19 10:07,74.206,74.1,813.7,67.543
8/28/19 10:07,74.163,74,791.2,67.543
8/28/19 10:07,74.163,74,766.2,67.543
8/28/19 10:07,74.163,73.9,748.7,67.543
8/28/19 10:07,74.163,73.9,743.7,67.543
8/28/19 10:07,74.12,73.9,743.7,67.543
8/28/19 10:07,74.12,74,746.2,67.543
8/28/19 10:07,74.12,74,746.2,67.586
8/28/19 10:07,74.12,74,741.2,67.543
8/28/19 10:07,74.12,73.9,733.7,67.543
8/28/19 10:07,74.077,73.9,731.2,67.543
8/28/19 10:07,74.077,73.9,741.2,67.543
8/28/19 10:07,74.077,74,756.2,67.543
8/28/19 10:08,74.077,74,773.7,67.543
8/28/19 10:08,74.034,74,796.2,67.586
8/28/19 10:08,74.034,74.1,823.7,67.543
8/28/19 10:08,74.034,74.1,848.7,67.543
8/28/19 10:08,74.034,74.2,871.2,67.586
8/28/19 10:08,74.034,74.2,883.7,67.586
8/28/19 10:08,74.034,74.2,876.2,67.543
8/28/19 10:08,73.99,74.2,868.7,67.586
8/28/19 10:08,73.99,74.2,871.2,67.586
8/28/19 10:08,73.99,74.2,878.7,67.586
8/28/19 10:08,73.99,74.2,901.2,67.543
8/28/19 10:08,73.99,74.2,923.7,67.586
8/28/19 10:08,73.947,74.2,938.7,67.586
8/28/19 10:08,73.947,74.2,966.2,67.586
8/28/19 10:08,73.947,74.1,988.7,67.586
8/28/19 10:08,73.947,74.1,993.7,67.586
8/28/19 10:08,73.947,74.1,996.2,67.586
8/28/19 10:08,73.947,74.1,988.7,67.586
8/28/19 10:08,73.904,74.1,963.7,67.586
8/28/19 10:08,73.904,74.1,941.2,67.586
8/28/19 10:08,73.904,74.1,928.7,67.543
8/28/19 10:08,73.904,74.1,928.7,67.586
8/28/19 10:08,73.861,74,933.7,67.586
8/28/19 10:08,73.861,73.9,951.2,67.586
8/28/19 10:08,73.861,73.9,966.2,67.586
8/28/19 10:08,73.861,73.9,978.7,67.586
8/28/19 10:08,73.861,73.9,1023.7,67.586
8/28/19 10:08,73.818,74,1091.2,67.586
8/28/19 10:08,73.818,74,1153.7,67.586
8/28/19 10:08,73.818,74,1201.2,67.586
8/28/19 10:08,73.818,74.1,1213.7,67.586
8/28/19 10:08,73.818,74.1,1231.2,67.586
8/28/19 10:08,73.818,74.2,1246.2,67.586
8/28/19 10:08,73.774,74.2,1233.7,67.586
8/28/19 10:08,73.774,74.2,1213.7,67.586
8/28/19 10:08,73.774,74.3,1193.7,67.586
8/28/19 10:08,73.774,74.3,1186.2,67.586
8/28/19 10:08,73.774,74.2,1198.7,67.586
8/28/19 10:08,73.774,74.2,1206.2,67.586
8/28/19 10:08,73.774,74.2,1228.7,67.586
8/28/19 10:08,73.774,74.2,1273.7,67.586
8/28/19 10:08,73.731,74.3,1326.2,67.586
8/28/19 10:08,73.774,74.3,1396.2,67.586
8/28/19 10:08,73.731,74.3,1461.2,67.586
8/28/19 10:08,73.731,74.4,1498.7,67.586
8/28/19 10:08,73.731,74.3,1503.7,67.586
8/28/19 10:08,73.731,74.4,1456.2,67.586
8/28/19 10:08,73.731,74.4,1393.7,67.586
8/28/19 10:08,73.731,74.4,1331.2,67.586
8/28/19 10:08,73.731,74.4,1293.7,67.586
8/28/19 10:08,73.731,74.4,1281.2,67.586
8/28/19 10:08,73.731,74.4,1283.7,67.586
8/28/19 10:08,73.731,74.5,1278.7,67.586
8/28/19 10:08,73.731,74.5,1288.7,67.586
8/28/19 10:08,73.688,74.5,1313.7,67.586
8/28/19 10:08,73.731,74.5,1318.7,67.586
8/28/19 10:08,73.731,74.6,1301.2,67.586
8/28/19 10:08,73.688,74.6,1258.7,67.586
8/28/19 10:08,73.731,74.7,1201.2,67.586
8/28/19 10:08,73.731,74.7,1151.2,67.586
8/28/19 10:09,73.731,74.7,1116.2,67.586
8/28/19 10:09,73.731,74.7,1093.7,67.586
8/28/19 10:09,73.731,74.8,1088.7,67.586
8/28/19 10:09,73.731,74.7,1083.7,67.586
8/28/19 10:09,73.731,74.7,1096.2,67.586
8/28/19 10:09,73.731,74.8,1141.2,67.586
8/28/19 10:09,73.731,74.8,1201.2,67.586
8/28/19 10:09,73.731,74.8,1261.2,67.586
8/28/19 10:09,73.731,74.8,1358.7,67.586
8/28/19 10:09,73.731,74.8,1463.7,67.586
8/28/19 10:09,73.731,74.7,1546.2,67.586
8/28/19 10:09,73.731,74.7,1568.7,67.586
8/28/19 10:09,73.731,74.7,1506.2,67.586
8/28/19 10:09,73.731,74.8,1393.7,67.586
8/28/19 10:09,73.731,74.7,1266.2,67.586
8/28/19 10:09,73.731,74.6,1138.7,67.586
8/28/19 10:09,73.731,74.5,1041.2,67.586
8/28/19 10:09,73.731,74.5,998.7,67.586
8/28/19 10:09,73.688,74.4,1006.2,67.586
8/28/19 10:09,73.688,74.4,1033.7,67.586
8/28/19 10:09,73.688,74.4,1061.2,67.586
8/28/19 10:09,73.688,74.4,1076.2,67.586
8/28/19 10:09,73.688,74.4,1066.2,67.586
8/28/19 10:09,73.688,74.5,1043.7,67.586
8/28/19 10:09,73.688,74.5,1016.2,67.586
8/28/19 10:09,73.688,74.5,991.2,67.586
8/28/19 10:09,73.645,74.5,983.7,67.586
8/28/19 10:09,73.645,74.5,983.7,67.586
8/28/19 10:09,73.645,74.6,988.7,67.586
8/28/19 10:09,73.645,74.6,1016.2,67.586
8/28/19 10:09,73.645,74.6,1053.7,67.586
8/28/19 10:09,73.645,74.7,1111.2,67.586
8/28/19 10:09,73.645,74.6,1208.7,67.586
8/28/19 10:09,73.645,74.6,1316.2,67.586
8/28/19 10:09,73.645,74.6,1393.7,67.586
8/28/19 10:09,73.602,74.5,1431.2,67.586
8/28/19 10:09,73.645,74.5,1428.7,67.586
8/28/19 10:09,73.602,74.5,1406.2,67.586
8/28/19 10:09,73.602,74.5,1408.7,67.586
8/28/19 10:09,73.602,74.6,1436.2,67.586
8/28/19 10:09,73.602,74.5,1476.2,67.586
8/28/19 10:09,73.602,74.5,1498.7,67.586
8/28/19 10:09,73.602,74.5,1508.7,67.586
8/28/19 10:09,73.602,74.4,1513.7,67.586
8/28/19 10:09,73.602,74.3,1536.2,67.586
8/28/19 10:09,73.602,74.4,1508.7,67.586
8/28/19 10:09,73.602,74.3,1416.2,67.586
8/28/19 10:09,73.602,74.3,1271.2,67.586
8/28/19 10:09,73.602,74.3,1116.2,67.586
8/28/19 10:09,73.602,74.3,1033.7,67.586
8/28/19 10:09,73.558,74.3,1011.2,67.586
8/28/19 10:09,73.602,74.3,1018.7,67.586
8/28/19 10:09,73.558,74.4,1046.2,67.586
8/28/19 10:09,73.558,74.4,1091.2,67.586
8/28/19 10:09,73.558,74.5,1131.2,67.586
8/28/19 10:09,73.602,74.5,1148.7,67.586
8/28/19 10:09,73.602,74.6,1153.7,67.586
8/28/19 10:09,73.602,74.6,1163.7,67.586
8/28/19 10:09,73.602,74.8,1186.2,67.586
8/28/19 10:09,73.602,74.7,1201.2,67.586
8/28/19 10:10,73.602,74.8,1203.7,67.586
8/28/19 10:10,73.602,74.8,1191.2,67.586
8/28/19 10:10,73.602,74.9,1171.2,67.586
8/28/19 10:10,73.602,75,1166.2,67.586
8/28/19 10:10,73.602,75.1,1163.7,67.586
8/28/19 10:10,73.602,75.1,1176.2,67.586
8/28/19 10:10,73.602,75.3,1223.7,67.586
8/28/19 10:10,73.645,75.4,1303.7,67.586
8/28/19 10:10,73.645,75.4,1376.2,67.586
8/28/19 10:10,73.645,75.5,1411.2,67.586
8/28/19 10:10,73.645,75.5,1421.2,67.586
8/28/19 10:10,73.688,75.5,1426.2,67.586
8/28/19 10:10,73.688,75.6,1421.2,67.586
8/28/19 10:10,73.688,75.6,1431.2,67.586
8/28/19 10:10,73.688,75.7,1441.2,67.586
8/28/19 10:10,73.688,75.8,1436.2,67.586
8/28/19 10:10,73.731,75.9,1466.2,67.586
8/28/19 10:10,73.731,75.9,1518.7,67.586
8/28/19 10:10,73.731,75.9,1566.2,67.586
8/28/19 10:10,73.731,76,1591.2,67.586
8/28/19 10:10,73.774,75.9,1586.2,67.586
8/28/19 10:10,73.774,75.9,1571.2,67.586
8/28/19 10:10,73.774,75.9,1541.2,67.586
8/28/19 10:10,73.774,75.8,1503.7,67.586
8/28/19 10:10,73.818,75.7,1473.7,67.586
8/28/19 10:10,73.818,75.6,1463.7,67.586
8/28/19 10:10,73.818,75.5,1441.2,67.586
8/28/19 10:10,73.818,75.4,1416.2,67.586
8/28/19 10:10,73.818,75.3,1381.2,67.586
8/28/19 10:10,73.818,75.2,1361.2,67.586
8/28/19 10:10,73.818,75.1,1366.2,67.586
8/28/19 10:10,73.818,75.2,1381.2,67.586
8/28/19 10:10,73.861,75.1,1411.2,67.586
8/28/19 10:10,73.861,75.1,1421.2,67.586
8/28/19 10:10,73.861,75.1,1408.7,67.586
8/28/19 10:10,73.861,75.2,1333.7,67.586
8/28/19 10:10,73.861,75.2,1223.7,67.586
8/28/19 10:10,73.861,75.1,1131.2,67.586
8/28/19 10:10,73.861,75.1,1066.2,67.586
8/28/19 10:10,73.861,75.2,1026.2,67.586
8/28/19 10:10,73.861,75.2,1011.2,67.586
8/28/19 10:10,73.904,75.3,1011.2,67.586
8/28/19 10:10,73.904,75.3,1013.7,67.586
8/28/19 10:10,73.861,75.3,1018.7,67.586
8/28/19 10:10,73.904,75.4,1016.2,67.586
8/28/19 10:10,73.904,75.4,1023.7,67.586
8/28/19 10:10,73.904,75.4,1041.2,67.586
8/28/19 10:10,73.904,75.4,1043.7,67.586
8/28/19 10:10,73.904,75.3,1041.2,67.586
8/28/19 10:10,73.947,75.3,1073.7,67.586
8/28/19 10:10,73.947,75.2,1173.7,67.586
8/28/19 10:10,73.947,75.2,1288.7,67.586
8/28/19 10:10,73.947,75.2,1378.7,67.586
8/28/19 10:10,73.947,75.2,1376.2,67.586
8/28/19 10:10,73.947,75.2,1293.7,67.586
8/28/19 10:10,73.947,75.2,1201.2,67.586
8/28/19 10:10,73.947,75.2,1116.2,67.586
8/28/19 10:10,73.99,75.2,1048.7,67.586
8/28/19 10:10,73.947,75.2,1008.7,67.586
8/28/19 10:10,73.99,75.2,993.7,67.586
8/28/19 10:11,73.99,75.1,978.7,67.586
8/28/19 10:11,73.99,75.1,966.2,67.586
8/28/19 10:11,73.99,75.2,961.2,67.586
8/28/19 10:11,73.99,75.1,963.7,67.586
8/28/19 10:11,73.99,75,988.7,67.586
8/28/19 10:11,73.99,75,1016.2,67.586
8/28/19 10:11,73.99,75,1023.7,67.586
8/28/19 10:11,73.99,75,1043.7,67.586
8/28/19 10:11,73.99,75,1073.7,67.586
8/28/19 10:11,73.99,75,1098.7,67.586
8/28/19 10:11,73.99,75.1,1133.7,67.586
8/28/19 10:11,73.99,75.1,1173.7,67.586
8/28/19 10:11,73.99,75.2,1211.2,67.586
8/28/19 10:11,74.034,75.2,1248.7,67.586
8/28/19 10:11,73.99,75.1,1266.2,67.586
8/28/19 10:11,74.034,75.2,1251.2,67.586
8/28/19 10:11,74.034,75.3,1213.7,67.586
8/28/19 10:11,74.034,75.3,1158.7,67.586
8/28/19 10:11,74.034,75.4,1086.2,67.586
8/28/19 10:11,74.034,75.4,1018.7,67.586
8/28/19 10:11,74.034,75.5,993.7,67.586
8/28/19 10:11,74.034,75.5,1008.7,67.586
8/28/19 10:11,74.077,75.5,1056.2,67.586
8/28/19 10:11,74.077,75.6,1128.7,67.586
8/28/19 10:11,74.077,75.6,1201.2,67.586
8/28/19 10:11,74.077,75.6,1253.7,67.586
8/28/19 10:11,74.077,75.7,1278.7,67.586
8/28/19 10:11,74.077,75.6,1261.2,67.586
8/28/19 10:11,74.12,75.7,1208.7,67.586
8/28/19 10:11,74.12,75.6,1151.2,67.586
8/28/19 10:11,74.12,75.6,1101.2,67.586
8/28/19 10:11,74.12,75.5,1098.7,67.586
8/28/19 10:11,74.12,75.5,1136.2,67.586
8/28/19 10:11,74.12,75.4,1171.2,67.586
8/28/19 10:11,74.12,75.4,1211.2,67.586
8/28/19 10:11,74.12,75.3,1246.2,67.586
8/28/19 10:11,74.12,75.1,1273.7,67.586
8/28/19 10:11,74.12,75.1,1293.7,67.586
8/28/19 10:11,74.12,75.1,1326.2,67.586
8/28/19 10:11,74.12,75.1,1361.2,67.586
8/28/19 10:11,74.12,75.1,1393.7,67.586
8/28/19 10:11,74.12,75.1,1421.2,67.586
8/28/19 10:11,74.163,75.1,1421.2,67.586
8/28/19 10:11,74.163,75.1,1418.7,67.586
8/28/19 10:11,74.163,75.1,1408.7,67.586
8/28/19 10:11,74.163,75,1421.2,67.586
8/28/19 10:11,74.163,75,1456.2,67.586
8/28/19 10:11,74.163,75,1486.2,67.586
8/28/19 10:11,74.163,75,1486.2,67.586
8/28/19 10:11,74.163,75,1468.7,67.586
8/28/19 10:11,74.163,74.9,1451.2,67.586
8/28/19 10:11,74.163,74.9,1453.7,67.586
8/28/19 10:11,74.163,74.9,1476.2,67.586
8/28/19 10:11,74.163,74.8,1521.2,67.586
8/28/19 10:11,74.163,74.8,1556.2,67.586
8/28/19 10:11,74.163,74.8,1578.7,67.586
8/28/19 10:11,74.163,74.8,1591.2,67.586
8/28/19 10:11,74.163,74.9,1588.7,67.586
8/28/19 10:11,74.163,75,1591.2,67.586
8/28/19 10:11,74.163,75,1593.7,67.586
8/28/19 10:12,74.163,75,1596.2,67.586
8/28/19 10:12,74.163,75.1,1596.2,67.627
8/28/19 10:12,74.163,75.1,1588.7,67.586
8/28/19 10:12,74.206,75.2,1573.7,67.586
8/28/19 10:12,74.206,75.2,1543.7,67.627
8/28/19 10:12,74.206,75.2,1498.7,67.586
8/28/19 10:12,74.206,75.1,1446.2,67.586
8/28/19 10:12,74.206,75.2,1373.7,67.627
8/28/19 10:12,74.25,75.2,1308.7,67.586
8/28/19 10:12,74.25,75.3,1236.2,67.627
8/28/19 10:12,74.25,75.3,1183.7,67.586
8/28/19 10:12,74.25,75.4,1146.2,67.586
8/28/19 10:12,74.25,75.5,1148.7,67.586
8/28/19 10:12,74.25,75.5,1206.2,67.627
8/28/19 10:12,74.295,75.5,1263.7,67.586
8/28/19 10:12,74.295,75.6,1306.2,67.586
8/28/19 10:12,74.295,75.6,1321.2,67.627
8/28/19 10:12,74.295,75.6,1311.2,67.586
8/28/19 10:12,74.338,75.6,1316.2,67.586
8/28/19 10:12,74.338,75.6,1326.2,67.627
8/28/19 10:12,74.338,75.6,1343.7,67.586
8/28/19 10:12,74.338,75.6,1351.2,67.586
8/28/19 10:12,74.338,75.7,1343.7,67.586
8/28/19 10:12,74.381,75.7,1321.2,67.627
8/28/19 10:12,74.381,75.7,1301.2,67.627
8/28/19 10:12,74.381,75.8,1278.7,67.586
8/28/19 10:12,74.381,75.8,1236.2,67.586
8/28/19 10:12,74.381,75.9,1191.2,67.627
8/28/19 10:12,74.424,75.9,1178.7,67.627
8/28/19 10:12,74.424,75.9,1208.7,67.627
8/28/19 10:12,74.424,75.9,1258.7,67.586
8/28/19 10:12,74.424,75.9,1303.7,67.586
8/28/19 10:12,74.424,75.9,1323.7,67.586
8/28/19 10:12,74.424,75.9,1323.7,67.627
8/28/19 10:12,74.467,75.9,1303.7,67.586
8/28/19 10:12,74.467,75.9,1241.2,67.586
8/28/19 10:12,74.467,75.9,1151.2,67.627
8/28/19 10:12,74.467,75.9,1056.2,67.627
8/28/19 10:12,74.467,75.9,1008.7,67.627
8/28/19 10:12,74.467,75.9,993.7,67.586
8/28/19 10:12,74.511,75.9,1001.2,67.627
8/28/19 10:12,74.511,76.1,1008.7,67.627
8/28/19 10:12,74.511,76,1028.7,67.627
8/28/19 10:12,74.511,76,1038.7,67.627
8/28/19 10:12,74.554,76.1,1016.2,67.627
8/28/19 10:12,74.554,76.1,993.7,67.627
8/28/19 10:12,74.554,76,981.2,67.627
8/28/19 10:12,74.554,76,978.7,67.586
8/28/19 10:12,74.554,76,996.2,67.586
8/28/19 10:12,74.597,76,1048.7,67.627
8/28/19 10:12,74.597,75.9,1146.2,67.627
8/28/19 10:12,74.597,75.8,1273.7,67.627
8/28/19 10:12,74.597,75.9,1361.2,67.627
8/28/19 10:12,74.597,75.8,1378.7,67.586
8/28/19 10:12,74.597,75.8,1356.2,67.627
8/28/19 10:12,74.597,75.8,1321.2,67.627
8/28/19 10:12,74.64,75.8,1288.7,67.627
8/28/19 10:12,74.64,75.8,1298.7,67.627
8/28/19 10:12,74.64,75.7,1321.2,67.627
8/28/19 10:12,74.64,75.6,1328.7,67.627
8/28/19 10:13,74.64,75.6,1318.7,67.627
8/28/19 10:13,74.64,75.6,1268.7,67.586
8/28/19 10:13,74.64,75.6,1223.7,67.627
8/28/19 10:13,74.64,75.6,1198.7,67.627
8/28/19 10:13,74.64,75.5,1193.7,67.627
8/28/19 10:13,74.64,75.5,1211.2,67.627
8/28/19 10:13,74.64,75.4,1243.7,67.627
8/28/19 10:13,74.64,75.4,1281.2,67.627
8/28/19 10:13,74.64,75.3,1321.2,67.627
8/28/19 10:13,74.64,75.3,1358.7,67.627
8/28/19 10:13,74.64,75.2,1406.2,67.627
8/28/19 10:13,74.64,75.2,1458.7,67.627
8/28/19 10:13,74.64,75.3,1508.7,67.627
8/28/19 10:13,74.64,75.3,1556.2,67.627
8/28/19 10:13,74.64,75.2,1573.7,67.627
8/28/19 10:13,74.64,75.2,1576.2,67.627
8/28/19 10:13,74.64,75.3,1578.7,67.627
8/28/19 10:13,74.64,75.2,1576.2,67.627
8/28/19 10:13,74.64,75.2,1573.7,67.627
8/28/19 10:13,74.64,75.2,1568.7,67.627
8/28/19 10:13,74.64,75.2,1566.2,67.627
8/28/19 10:13,74.64,75.3,1568.7,67.627
8/28/19 10:13,74.64,75.3,1571.2,67.627
8/28/19 10:13,74.64,75.3,1566.2,67.627
8/28/19 10:13,74.64,75.2,1533.7,67.627
8/28/19 10:13,74.64,75.2,1471.2,67.627
8/28/19 10:13,74.64,75,1386.2,67.627
8/28/19 10:13,74.64,74.9,1306.2,67.627
8/28/19 10:13,74.64,74.9,1268.7,67.627
8/28/19 10:13,74.64,74.7,1283.7,67.627
8/28/19 10:13,74.64,74.6,1318.7,67.627
8/28/19 10:13,74.64,74.4,1356.2,67.627
8/28/19 10:13,74.64,74.3,1406.2,67.627
8/28/19 10:13,74.64,74.2,1451.2,67.627
8/28/19 10:13,74.64,74,1478.7,67.627
8/28/19 10:13,74.64,74,1498.7,67.627
8/28/19 10:13,74.597,74,1496.2,67.627
8/28/19 10:13,74.597,73.9,1493.7,67.627
8/28/19 10:13,74.597,73.9,1493.7,67.627
8/28/19 10:13,74.597,73.8,1496.2,67.627
8/28/19 10:13,74.597,73.8,1496.2,67.627
8/28/19 10:13,74.597,73.8,1476.2,67.627
8/28/19 10:13,74.554,73.8,1433.7,67.627
8/28/19 10:13,74.554,73.8,1386.2,67.627
8/28/19 10:13,74.554,73.8,1351.2,67.627
8/28/19 10:13,74.554,73.8,1348.7,67.627
8/28/19 10:13,74.554,73.8,1356.2,67.627
8/28/19 10:13,74.511,73.9,1363.7,67.627
8/28/19 10:13,74.511,74,1371.2,67.627
8/28/19 10:13,74.511,74.1,1381.2,67.627
8/28/19 10:13,74.511,74.1,1401.2,67.627
8/28/19 10:13,74.511,74.1,1433.7,67.627
8/28/19 10:13,74.511,74,1456.2,67.627
8/28/19 10:13,74.467,73.9,1476.2,67.627
8/28/19 10:13,74.467,73.9,1496.2,67.627
8/28/19 10:13,74.467,73.8,1513.7,67.627
8/28/19 10:13,74.467,73.8,1526.2,67.627
8/28/19 10:13,74.467,73.9,1533.7,67.627
8/28/19 10:13,74.467,73.9,1533.7,67.627
8/28/19 10:13,74.467,74,1533.7,67.627
8/28/19 10:14,74.467,74,1533.7,67.627
8/28/19 10:14,74.424,73.9,1533.7,67.627
8/28/19 10:14,74.424,73.8,1533.7,67.627
8/28/19 10:14,74.424,73.7,1533.7,67.627
8/28/19 10:14,74.424,73.7,1536.2,67.627
8/28/19 10:14,74.424,73.7,1533.7,67.627
8/28/19 10:14,74.424,73.7,1536.2,67.627
8/28/19 10:14,74.381,73.7,1541.2,67.627
8/28/19 10:14,74.424,73.7,1541.2,67.627
8/28/19 10:14,74.381,73.7,1543.7,67.627
8/28/19 10:14,74.381,73.7,1546.2,67.627
8/28/19 10:14,74.381,73.7,1551.2,67.627
8/28/19 10:14,74.381,73.7,1556.2,67.627
8/28/19 10:14,74.381,73.7,1563.7,67.627
8/28/19 10:14,74.381,73.7,1553.7,67.627
8/28/19 10:14,74.381,73.7,1523.7,67.627
8/28/19 10:14,74.381,73.7,1463.7,67.627
8/28/19 10:14,74.381,73.6,1373.7,67.627
8/28/19 10:14,74.381,73.7,1258.7,67.627
8/28/19 10:14,74.381,73.6,1158.7,67.627
8/28/19 10:14,74.338,73.6,1091.2,67.627
8/28/19 10:14,74.338,73.6,1061.2,67.627
8/28/19 10:14,74.338,73.7,1051.2,67.627
8/28/19 10:14,74.338,73.7,1028.7,67.627
8/28/19 10:14,74.338,73.6,1023.7,67.627
8/28/19 10:14,74.338,73.7,1003.7,67.627
8/28/19 10:14,74.338,73.7,993.7,67.627
8/28/19 10:14,74.338,73.7,1013.7,67.627
8/28/19 10:14,74.295,73.8,1026.2,67.627
8/28/19 10:14,74.295,73.9,1021.2,67.627
8/28/19 10:14,74.295,73.9,1006.2,67.627
8/28/19 10:14,74.295,73.9,976.2,67.627
8/28/19 10:14,74.295,74.1,971.2,67.627
8/28/19 10:14,74.295,74.1,998.7,67.627
8/28/19 10:14,74.295,74.2,1048.7,67.627
8/28/19 10:14,74.295,74.3,1086.2,67.627
8/28/19 10:14,74.295,74.3,1116.2,67.627
8/28/19 10:14,74.295,74.3,1146.2,67.627
8/28/19 10:14,74.295,74.4,1178.7,67.627
8/28/19 10:14,74.295,74.5,1203.7,67.627
8/28/19 10:14,74.295,74.5,1223.7,67.627
8/28/19 10:14,74.295,74.6,1223.7,67.627
8/28/19 10:14,74.295,74.6,1201.2,67.627
8/28/19 10:14,74.295,74.7,1203.7,67.627
8/28/19 10:14,74.295,74.7,1243.7,67.627
8/28/19 10:14,74.295,74.8,1311.2,67.627
8/28/19 10:14,74.295,74.7,1346.2,67.627
8/28/19 10:14,74.295,74.7,1358.7,67.627
8/28/19 10:14,74.295,74.7,1351.2,67.627
8/28/19 10:14,74.295,74.6,1338.7,67.627
8/28/19 10:14,74.295,74.5,1336.2,67.627
8/28/19 10:14,74.25,74.4,1361.2,67.627
8/28/19 10:14,74.295,74.3,1426.2,67.627
8/28/19 10:14,74.25,74.3,1501.2,67.627
8/28/19 10:14,74.25,74.2,1548.7,67.627
8/28/19 10:14,74.25,74.1,1568.7,67.627
8/28/19 10:14,74.25,74.1,1571.2,67.627
8/28/19 10:14,74.25,74,1571.2,67.627
8/28/19 10:14,74.25,74,1571.2,67.627
8/28/19 10:14,74.206,73.9,1576.2,67.627
8/28/19 10:15,74.206,73.9,1581.2,67.627
8/28/19 10:15,74.206,74,1583.7,67.627
8/28/19 10:15,74.206,74,1581.2,67.627
8/28/19 10:15,74.206,73.9,1578.7,67.627
8/28/19 10:15,74.206,73.9,1571.2,67.627
8/28/19 10:15,74.163,73.9,1546.2,67.627
8/28/19 10:15,74.163,73.9,1491.2,67.627
8/28/19 10:15,74.163,73.9,1408.7,67.627
8/28/19 10:15,74.163,73.9,1321.2,67.627
8/28/19 10:15,74.163,73.9,1241.2,67.627
8/28/19 10:15,74.163,73.9,1183.7,67.627
8/28/19 10:15,74.163,74,1158.7,67.627
8/28/19 10:15,74.163,74.1,1151.2,67.627
8/28/19 10:15,74.163,74.1,1176.2,67.627
8/28/19 10:15,74.163,74.2,1221.2,67.627
8/28/19 10:15,74.163,74.2,1243.7,67.627
8/28/19 10:15,74.163,74.2,1276.2,67.627
8/28/19 10:15,74.163,74.2,1276.2,67.627
8/28/19 10:15,74.163,74.2,1293.7,67.627
8/28/19 10:15,74.163,74.2,1348.7,67.627
8/28/19 10:15,74.163,74.2,1426.2,67.627
8/28/19 10:15,74.163,74.2,1496.2,67.627
8/28/19 10:15,74.163,74.2,1531.2,67.627
8/28/19 10:15,74.163,74.2,1558.7,67.627
8/28/19 10:15,74.163,74.2,1563.7,67.627
8/28/19 10:15,74.163,74.2,1573.7,67.627
8/28/19 10:15,74.163,74.3,1578.7,67.627
8/28/19 10:15,74.163,74.3,1586.2,67.627
8/28/19 10:15,74.163,74.3,1588.7,67.627
8/28/19 10:15,74.163,74.3,1591.2,67.627
8/28/19 10:15,74.163,74.3,1591.2,67.627
8/28/19 10:15,74.163,74.3,1581.2,67.627
8/28/19 10:15,74.163,74.2,1561.2,67.627
8/28/19 10:15,74.12,74.3,1521.2,67.627
8/28/19 10:15,74.163,74.2,1468.7,67.627
8/28/19 10:15,74.12,74.3,1426.2,67.627
8/28/19 10:15,74.12,74.3,1401.2,67.627
8/28/19 10:15,74.12,74.3,1366.2,67.627
8/28/19 10:15,74.12,74.3,1338.7,67.627
8/28/19 10:15,74.12,74.3,1303.7,67.627
8/28/19 10:15,74.12,74.4,1251.2,67.627
8/28/19 10:15,74.12,74.4,1181.2,67.627
8/28/19 10:15,74.12,74.3,1096.2,67.627
8/28/19 10:15,74.12,74.3,1033.7,67.627
8/28/19 10:15,74.12,74.3,1001.2,67.627
8/28/19 10:15,74.12,74.2,983.7,67.627
8/28/19 10:15,74.12,74.2,978.7,67.627
8/28/19 10:15,74.12,74.1,973.7,67.627
8/28/19 10:15,74.12,74.1,971.2,67.627
8/28/19 10:15,74.12,74.1,958.7,67.627
8/28/19 10:15,74.12,74.1,951.2,67.627
8/28/19 10:15,74.12,74.1,971.2,67.627
8/28/19 10:15,74.077,74.2,1011.2,67.627
8/28/19 10:15,74.12,74.2,1083.7,67.627
8/28/19 10:15,74.077,74.3,1171.2,67.627
8/28/19 10:15,74.12,74.3,1258.7,67.627
8/28/19 10:15,74.077,74.3,1338.7,67.627
8/28/19 10:15,74.077,74.4,1401.2,67.627
8/28/19 10:15,74.077,74.3,1418.7,67.627
8/28/19 10:15,74.077,74.4,1378.7,67.627
8/28/19 10:16,74.077,74.4,1303.7,67.627
8/28/19 10:16,74.077,74.4,1253.7,67.627
8/28/19 10:16,74.077,74.4,1248.7,67.627
8/28/19 10:16,74.077,74.4,1296.2,67.627
8/28/19 10:16,74.077,74.5,1358.7,67.627
8/28/19 10:16,74.077,74.5,1406.2,67.627
8/28/19 10:16,74.077,74.6,1436.2,67.627
8/28/19 10:16,74.077,74.6,1443.7,67.627
8/28/19 10:16,74.077,74.7,1448.7,67.627
8/28/19 10:16,74.077,74.8,1468.7,67.627
8/28/19 10:16,74.077,74.7,1496.2,67.627
8/28/19 10:16,74.077,74.8,1516.2,67.627
8/28/19 10:16,74.077,74.8,1523.7,67.627
8/28/19 10:16,74.077,74.9,1506.2,67.627
8/28/19 10:16,74.12,74.9,1476.2,67.627
8/28/19 10:16,74.12,75,1438.7,67.627
8/28/19 10:16,74.12,75.1,1376.2,67.627
8/28/19 10:16,74.12,75.2,1293.7,67.627
8/28/19 10:16,74.12,75.1,1201.2,67.627
8/28/19 10:16,74.12,75.2,1148.7,67.627
8/28/19 10:16,74.12,75.2,1148.7,67.627
8/28/19 10:16,74.12,75.2,1188.7,67.627
8/28/19 10:16,74.163,75.2,1271.2,67.627
8/28/19 10:16,74.12,75.2,1376.2,67.627
8/28/19 10:16,74.163,75.3,1471.2,67.627
8/28/19 10:16,74.163,75.3,1511.2,67.627
8/28/19 10:16,74.163,75.4,1428.7,67.627
8/28/19 10:16,74.163,75.5,1308.7,67.627
8/28/19 10:16,74.163,75.5,1231.2,67.627
8/28/19 10:16,74.163,75.6,1206.2,67.627
8/28/19 10:16,74.163,75.7,1206.2,67.627
8/28/19 10:16,74.206,75.8,1256.2,67.627
8/28/19 10:16,74.206,75.9,1313.7,67.627
8/28/19 10:16,74.206,75.9,1341.2,67.627
8/28/19 10:16,74.206,75.9,1351.2,67.627
8/28/19 10:16,74.206,75.9,1341.2,67.627
8/28/19 10:16,74.206,75.9,1363.7,67.627
8/28/19 10:16,74.25,75.9,1403.7,67.627
8/28/19 10:16,74.25,75.9,1401.2,67.627
8/28/19 10:16,74.25,75.9,1403.7,67.627
8/28/19 10:16,74.25,75.9,1403.7,67.627
8/28/19 10:16,74.295,75.9,1386.2,67.627
8/28/19 10:16,74.295,75.9,1378.7,67.627
8/28/19 10:16,74.295,75.8,1383.7,67.627
8/28/19 10:16,74.295,75.7,1378.7,67.627
8/28/19 10:16,74.295,75.6,1343.7,67.627
8/28/19 10:16,74.295,75.5,1306.2,67.627
8/28/19 10:16,74.295,75.5,1281.2,67.627
8/28/19 10:16,74.295,75.4,1271.2,67.627
8/28/19 10:16,74.295,75.4,1283.7,67.627
8/28/19 10:16,74.338,75.3,1268.7,67.627
8/28/19 10:16,74.338,75.3,1246.2,67.627
8/28/19 10:16,74.338,75.3,1228.7,67.627
8/28/19 10:16,74.338,75.3,1226.2,67.627
8/28/19 10:16,74.338,75.3,1216.2,67.627
8/28/19 10:16,74.338,75.2,1193.7,67.627
8/28/19 10:16,74.338,75.2,1178.7,67.627
8/28/19 10:16,74.338,75.1,1161.2,67.627
8/28/19 10:16,74.338,75.1,1151.2,67.627
8/28/19 10:16,74.338,75.1,1178.7,67.627
8/28/19 10:17,74.338,75.2,1203.7,67.627
8/28/19 10:17,74.338,75.1,1223.7,67.627
8/28/19 10:17,74.338,75.1,1243.7,67.627
8/28/19 10:17,74.338,75.2,1258.7,67.627
8/28/19 10:17,74.338,75.2,1253.7,67.627
8/28/19 10:17,74.338,75.3,1203.7,67.627
8/28/19 10:17,74.338,75.3,1091.2,67.627
8/28/19 10:17,74.338,75.4,986.2,67.627
8/28/19 10:17,74.338,75.4,936.2,67.627
8/28/19 10:17,74.338,75.5,913.7,67.627
8/28/19 10:17,74.381,75.5,906.2,67.627
8/28/19 10:17,74.381,75.5,913.7,67.627
8/28/19 10:17,74.381,75.6,918.7,67.627
8/28/19 10:17,74.381,75.6,936.2,67.627
8/28/19 10:17,74.381,75.7,953.7,67.627
8/28/19 10:17,74.381,75.7,961.2,67.627
8/28/19 10:17,74.381,75.7,958.7,67.627
8/28/19 10:17,74.424,75.7,953.7,67.627
8/28/19 10:17,74.424,75.7,953.7,67.627
8/28/19 10:17,74.424,75.7,958.7,67.627
8/28/19 10:17,74.424,75.7,966.2,67.627
8/28/19 10:17,74.424,75.7,983.7,67.627
8/28/19 10:17,74.424,75.8,1003.7,67.627
8/28/19 10:17,74.424,75.8,1021.2,67.627
8/28/19 10:17,74.424,75.8,1016.2,67.627
8/28/19 10:17,74.424,75.8,991.2,67.627
8/28/19 10:17,74.467,75.8,966.2,67.627
8/28/19 10:17,74.467,75.9,931.2,67.627
8/28/19 10:17,74.467,75.9,893.7,67.627
8/28/19 10:17,74.467,75.9,868.7,67.627
8/28/19 10:17,74.467,75.9,861.2,67.627
8/28/19 10:17,74.467,76,871.2,67.627
8/28/19 10:17,74.467,76,901.2,67.627
8/28/19 10:17,74.467,76,943.7,67.627
8/28/19 10:17,74.511,76,1018.7,67.627
8/28/19 10:17,74.511,76,1101.2,67.627
8/28/19 10:17,74.511,76.1,1186.2,67.627
8/28/19 10:17,74.511,76,1261.2,67.627
8/28/19 10:17,74.511,76.1,1308.7,67.627
8/28/19 10:17,74.511,76.1,1293.7,67.627
8/28/19 10:17,74.511,76.1,1206.2,67.627
8/28/19 10:17,74.554,76.1,1093.7,67.627
8/28/19 10:17,74.554,76.1,1026.2,67.627
8/28/19 10:17,74.554,76.1,1008.7,67.627
8/28/19 10:17,74.554,76.1,1026.2,67.627
8/28/19 10:17,74.554,76.1,1036.2,67.627
8/28/19 10:17,74.554,76.2,1031.2,67.627
8/28/19 10:17,74.554,76.2,998.7,67.627
8/28/19 10:17,74.554,76.2,946.2,67.627
8/28/19 10:17,74.597,76.3,916.2,67.627
8/28/19 10:17,74.597,76.3,933.7,67.627
8/28/19 10:17,74.597,76.3,988.7,67.627
8/28/19 10:17,74.597,76.4,1033.7,67.627
8/28/19 10:17,74.597,76.3,1048.7,67.627
8/28/19 10:17,74.597,76.4,1051.2,67.627
8/28/19 10:17,74.64,76.4,1078.7,67.627
8/28/19 10:17,74.64,76.4,1128.7,67.627
8/28/19 10:17,74.64,76.4,1196.2,67.627
8/28/19 10:17,74.64,76.4,1246.2,67.627
8/28/19 10:17,74.683,76.4,1271.2,67.627
8/28/19 10:18,74.683,76.4,1286.2,67.627
8/28/19 10:18,74.683,76.5,1318.7,67.627
8/28/19 10:18,74.683,76.5,1351.2,67.671
8/28/19 10:18,74.727,76.5,1363.7,67.627
8/28/19 10:18,74.727,76.6,1331.2,67.627
8/28/19 10:18,74.727,76.6,1248.7,67.627
8/28/19 10:18,74.727,76.6,1173.7,67.627
8/28/19 10:18,74.77,76.5,1148.7,67.671
8/28/19 10:18,74.77,76.5,1168.7,67.627
8/28/19 10:18,74.77,76.4,1198.7,67.627
8/28/19 10:18,74.77,76.4,1223.7,67.627
8/28/19 10:18,74.77,76.4,1221.2,67.627
8/28/19 10:18,74.77,76.3,1211.2,67.627
8/28/19 10:18,74.813,76.4,1188.7,67.627
8/28/19 10:18,74.813,76.4,1146.2,67.627
8/28/19 10:18,74.813,76.4,1118.7,67.671
8/28/19 10:18,74.813,76.4,1121.2,67.627
8/28/19 10:18,74.813,76.3,1156.2,67.627
8/28/19 10:18,74.813,76.3,1173.7,67.627
8/28/19 10:18,74.813,76.2,1178.7,67.671
8/28/19 10:18,74.856,76.2,1176.2,67.627
8/28/19 10:18,74.856,76.2,1151.2,67.627
8/28/19 10:18,74.856,76.2,1161.2,67.627
8/28/19 10:18,74.856,76.2,1176.2,67.627
8/28/19 10:18,74.856,76.2,1176.2,67.627
8/28/19 10:18,74.856,76.2,1148.7,67.627
8/28/19 10:18,74.856,76.2,1103.7,67.627
8/28/19 10:18,74.899,76.2,1066.2,67.671
8/28/19 10:18,74.899,76.1,1051.2,67.627
8/28/19 10:18,74.899,76.1,1056.2,67.671
8/28/19 10:18,74.899,76.1,1081.2,67.627
8/28/19 10:18,74.899,76.1,1143.7,67.671
8/28/19 10:18,74.943,76.1,1246.2,67.627
8/28/19 10:18,74.943,76.1,1368.7,67.671
8/28/19 10:18,74.943,76.1,1476.2,67.627
8/28/19 10:18,74.943,76.2,1521.2,67.627
8/28/19 10:18,74.943,76.2,1518.7,67.671
8/28/19 10:18,74.986,76.3,1491.2,67.671
8/28/19 10:18,74.986,76.3,1483.7,67.627
8/28/19 10:18,74.986,76.3,1493.7,67.671
8/28/19 10:18,74.986,76.4,1508.7,67.671
8/28/19 10:18,74.986,76.4,1506.2,67.671
8/28/19 10:18,75.029,76.4,1486.2,67.627
8/28/19 10:18,75.029,76.4,1468.7,67.627
8/28/19 10:18,75.029,76.4,1436.2,67.671
8/28/19 10:18,75.029,76.4,1376.2,67.627
8/28/19 10:18,75.074,76.4,1291.2,67.671
8/28/19 10:18,75.074,76.3,1211.2,67.671
8/28/19 10:18,75.074,76.4,1171.2,67.671
8/28/19 10:18,75.074,76.4,1156.2,67.627
8/28/19 10:18,75.117,76.5,1161.2,67.671
8/28/19 10:18,75.117,76.5,1211.2,67.627
8/28/19 10:18,75.117,76.5,1321.2,67.671
8/28/19 10:18,75.117,76.6,1446.2,67.627
8/28/19 10:18,75.117,76.5,1541.2,67.627
8/28/19 10:18,75.16,76.5,1578.7,67.627
8/28/19 10:18,75.16,76.5,1568.7,67.671
8/28/19 10:18,75.16,76.4,1536.2,67.671
8/28/19 10:18,75.16,76.4,1511.2,67.627
8/28/19 10:18,75.204,76.4,1508.7,67.671
8/28/19 10:19,75.204,76.4,1526.2,67.627
8/28/19 10:19,75.204,76.3,1543.7,67.627
8/28/19 10:19,75.204,76.3,1553.7,67.627
8/28/19 10:19,75.204,76.4,1556.2,67.627
8/28/19 10:19,75.204,76.4,1548.7,67.671
8/28/19 10:19,75.247,76.4,1533.7,67.627
8/28/19 10:19,75.247,76.4,1521.2,67.671
8/28/19 10:19,75.247,76.4,1498.7,67.671
8/28/19 10:19,75.247,76.4,1476.2,67.671
8/28/19 10:19,75.29,76.4,1453.7,67.671
8/28/19 10:19,75.29,76.4,1436.2,67.671
8/28/19 10:19,75.29,76.3,1421.2,67.627
8/28/19 10:19,75.29,76.4,1413.7,67.671
8/28/19 10:19,75.29,76.4,1403.7,67.671
8/28/19 10:19,75.29,76.3,1373.7,67.627
8/28/19 10:19,75.333,76.4,1326.2,67.627
8/28/19 10:19,75.333,76.3,1266.2,67.627
8/28/19 10:19,75.333,76.4,1218.7,67.671
8/28/19 10:19,75.333,76.3,1241.2,67.671
8/28/19 10:19,75.376,76.3,1331.2,67.627
8/28/19 10:19,75.333,76.3,1461.2,67.671
8/28/19 10:19,75.376,76.3,1546.2,67.671
8/28/19 10:19,75.376,76.3,1553.7,67.627
8/28/19 10:19,75.376,76.3,1523.7,67.671
8/28/19 10:19,75.376,76.3,1488.7,67.671
8/28/19 10:19,75.376,76.3,1476.2,67.627
8/28/19 10:19,75.42,76.3,1471.2,67.627
8/28/19 10:19,75.42,76.2,1446.2,67.627
8/28/19 10:19,75.42,76.1,1438.7,67.671
8/28/19 10:19,75.42,76.1,1458.7,67.671
8/28/19 10:19,75.42,76.1,1501.2,67.671
8/28/19 10:19,75.42,76.1,1533.7,67.671
8/28/19 10:19,75.42,76.1,1521.2,67.671
8/28/19 10:19,75.463,76.1,1488.7,67.671
8/28/19 10:19,75.463,76,1476.2,67.627
8/28/19 10:19,75.463,76,1488.7,67.671
8/28/19 10:19,75.463,75.8,1498.7,67.671
8/28/19 10:19,75.463,75.8,1486.2,67.671
8/28/19 10:19,75.463,75.7,1488.7,67.671
8/28/19 10:19,75.463,75.6,1508.7,67.671
8/28/19 10:19,75.463,75.6,1536.2,67.671
8/28/19 10:19,75.463,75.4,1541.2,67.671
8/28/19 10:19,75.463,75.3,1518.7,67.671
8/28/19 10:19,75.463,75.4,1486.2,67.671
8/28/19 10:19,75.463,75.3,1448.7,67.671
8/28/19 10:19,75.463,75.2,1423.7,67.627
8/28/19 10:19,75.463,75.1,1413.7,67.671
8/28/19 10:19,75.463,75,1391.2,67.671
8/28/19 10:19,75.463,75,1371.2,67.671
8/28/19 10:19,75.42,74.8,1381.2,67.671
8/28/19 10:19,75.42,74.7,1396.2,67.627
8/28/19 10:19,75.42,74.6,1426.2,67.671
8/28/19 10:19,75.42,74.6,1451.2,67.671
8/28/19 10:19,75.42,74.5,1483.7,67.671
8/28/19 10:19,75.42,74.5,1528.7,67.671
8/28/19 10:19,75.42,74.5,1581.2,67.671
8/28/19 10:19,75.376,74.5,1601.2,67.671
8/28/19 10:19,75.376,74.5,1588.7,67.671
8/28/19 10:19,75.376,74.4,1568.7,67.671
8/28/19 10:19,75.376,74.4,1541.2,67.671
8/28/19 10:20,75.376,74.4,1508.7,67.671
8/28/19 10:20,75.376,74.4,1483.7,67.671
8/28/19 10:20,75.376,74.3,1458.7,67.671
8/28/19 10:20,75.333,74.4,1436.2,67.671
8/28/19 10:20,75.333,74.3,1418.7,67.671
8/28/19 10:20,75.333,74.3,1431.2,67.671
8/28/19 10:20,75.333,74.4,1476.2,67.671
8/28/19 10:20,75.333,74.4,1526.2,67.671
8/28/19 10:20,75.333,74.4,1558.7,67.671
8/28/19 10:20,75.333,74.3,1578.7,67.671
8/28/19 10:20,75.333,74.4,1586.2,67.671
8/28/19 10:20,75.333,74.2,1583.7,67.671
8/28/19 10:20,75.333,74.2,1578.7,67.671
8/28/19 10:20,75.333,74.1,1538.7,67.671
8/28/19 10:20,75.333,74,1483.7,67.671
8/28/19 10:20,75.333,74,1393.7,67.671
8/28/19 10:20,75.29,73.9,1286.2,67.671
8/28/19 10:20,75.29,73.8,1196.2,67.671
8/28/19 10:20,75.29,73.7,1126.2,67.671
8/28/19 10:20,75.29,73.6,1081.2,67.671
8/28/19 10:20,75.29,73.7,1058.7,67.671
8/28/19 10:20,75.29,73.6,1058.7,67.671
8/28/19 10:20,75.247,73.6,1071.2,67.671
8/28/19 10:20,75.247,73.7,1093.7,67.671
8/28/19 10:20,75.247,73.7,1133.7,67.671
8/28/19 10:20,75.247,73.6,1193.7,67.671
8/28/19 10:20,75.247,73.7,1223.7,67.671
8/28/19 10:20,75.204,73.8,1221.2,67.671
8/28/19 10:20,75.204,73.9,1223.7,67.671
8/28/19 10:20,75.204,74,1268.7,67.671
8/28/19 10:20,75.204,74,1316.2,67.671
8/28/19 10:20,75.204,74.1,1341.2,67.671
8/28/19 10:20,75.204,74.3,1336.2,67.671
8/28/19 10:20,75.204,74.4,1283.7,67.671
8/28/19 10:20,75.204,74.5,1231.2,67.671
8/28/19 10:20,75.204,74.5,1221.2,67.671
8/28/19 10:20,75.204,74.5,1246.2,67.671
8/28/19 10:20,75.204,74.6,1303.7,67.671
8/28/19 10:20,75.204,74.7,1353.7,67.671
8/28/19 10:20,75.204,74.7,1373.7,67.671
8/28/19 10:20,75.204,74.7,1396.2,67.671
8/28/19 10:20,75.204,74.7,1443.7,67.671
8/28/19 10:20,75.204,74.7,1498.7,67.671
8/28/19 10:20,75.204,74.7,1511.2,67.671
8/28/19 10:20,75.204,74.7,1466.2,67.671
8/28/19 10:20,75.204,74.7,1406.2,67.671
8/28/19 10:20,75.204,74.7,1321.2,67.671
8/28/19 10:20,75.204,74.7,1211.2,67.671
8/28/19 10:20,75.204,74.7,1093.7,67.671
8/28/19 10:20,75.204,74.7,993.7,67.671
8/28/19 10:20,75.204,74.7,923.7,67.671
8/28/19 10:20,75.204,74.6,866.2,67.671
8/28/19 10:20,75.204,74.6,826.2,67.671
8/28/19 10:20,75.204,74.6,818.7,67.671
8/28/19 10:20,75.204,74.6,833.7,67.671
8/28/19 10:20,75.204,74.5,853.7,67.671
8/28/19 10:20,75.204,74.5,871.2,67.671
8/28/19 10:20,75.16,74.5,886.2,67.671
8/28/19 10:20,75.16,74.5,913.7,67.671
8/28/19 10:20,75.16,74.5,961.2,67.671
8/28/19 10:21,75.16,74.5,998.7,67.671
8/28/19 10:21,75.16,74.5,1021.2,67.671
8/28/19 10:21,75.16,74.5,1031.2,67.671
8/28/19 10:21,75.117,74.5,1033.7,67.671
8/28/19 10:21,75.117,74.5,1053.7,67.671
8/28/19 10:21,75.117,74.6,1086.2,67.671
8/28/19 10:21,75.117,74.6,1096.2,67.671
8/28/19 10:21,75.117,74.7,1083.7,67.671
8/28/19 10:21,75.117,74.7,1053.7,67.671
8/28/19 10:21,75.117,74.7,1028.7,67.671
8/28/19 10:21,75.074,74.7,1046.2,67.671
8/28/19 10:21,75.117,74.6,1083.7,67.671
8/28/19 10:21,75.074,74.5,1126.2,67.671
8/28/19 10:21,75.074,74.4,1141.2,67.671
8/28/19 10:21,75.074,74.2,1118.7,67.671
8/28/19 10:21,75.074,74.1,1088.7,67.671
8/28/19 10:21,75.029,74,1048.7,67.671
8/28/19 10:21,75.029,74,1003.7,67.671
8/28/19 10:21,75.029,74,961.2,67.671
8/28/19 10:21,74.986,73.8,926.2,67.671
8/28/19 10:21,74.986,73.7,903.7,67.671
8/28/19 10:21,74.986,73.7,893.7,67.671
8/28/19 10:21,74.943,73.5,896.2,67.671
8/28/19 10:21,74.943,73.4,906.2,67.671
8/28/19 10:21,74.943,73.3,918.7,67.671
8/28/19 10:21,74.899,73.2,933.7,67.671
8/28/19 10:21,74.899,73.1,936.2,67.671
8/28/19 10:21,74.856,73.1,951.2,67.671
8/28/19 10:21,74.856,73.1,1036.2,67.671
8/28/19 10:21,74.813,73,1178.7,67.671
8/28/19 10:21,74.813,73.1,1348.7,67.671
8/28/19 10:21,74.77,73.1,1466.2,67.671
8/28/19 10:21,74.77,73.1,1531.2,67.671
8/28/19 10:21,74.727,73.2,1578.7,67.671
8/28/19 10:21,74.727,73.3,1593.7,67.671
8/28/19 10:21,74.727,73.3,1593.7,67.671
8/28/19 10:21,74.683,73.3,1586.2,67.671
8/28/19 10:21,74.683,73.4,1563.7,67.671
8/28/19 10:21,74.64,73.5,1516.2,67.671
8/28/19 10:21,74.64,73.7,1471.2,67.671
8/28/19 10:21,74.64,73.7,1423.7,67.671
8/28/19 10:21,74.64,73.8,1386.2,67.671
8/28/19 10:21,74.597,74,1343.7,67.671
8/28/19 10:21,74.597,74.1,1283.7,67.671
8/28/19 10:21,74.597,74,1231.2,67.671
8/28/19 10:21,74.597,74.2,1201.2,67.671
8/28/19 10:21,74.597,74.2,1236.2,67.671
8/28/19 10:21,74.597,74.3,1308.7,67.671
8/28/19 10:21,74.597,74.4,1386.2,67.671
8/28/19 10:21,74.597,74.4,1398.7,67.671
8/28/19 10:21,74.554,74.5,1338.7,67.671
8/28/19 10:21,74.554,74.5,1236.2,67.671
8/28/19 10:21,74.554,74.5,1163.7,67.671
8/28/19 10:21,74.554,74.6,1131.2,67.671
8/28/19 10:21,74.554,74.6,1103.7,67.671
8/28/19 10:21,74.554,74.7,1071.2,67.671
8/28/19 10:21,74.554,74.7,1016.2,67.671
8/28/19 10:21,74.554,74.9,993.7,67.671
8/28/19 10:21,74.554,74.9,998.7,67.671
8/28/19 10:21,74.554,74.9,1008.7,67.671
8/28/19 10:22,74.554,75,1011.2,67.671
8/28/19 10:22,74.554,75,991.2,67.671
8/28/19 10:22,74.554,75,976.2,67.671
8/28/19 10:22,74.511,74.9,968.7,67.671
8/28/19 10:22,74.554,74.9,961.2,67.671
8/28/19 10:22,74.554,74.9,971.2,67.671
8/28/19 10:22,74.511,74.8,991.2,67.671
8/28/19 10:22,74.511,74.8,1023.7,67.671
8/28/19 10:22,74.511,74.8,1071.2,67.671
8/28/19 10:22,74.511,74.7,1118.7,67.671
8/28/19 10:22,74.511,74.6,1173.7,67.671
8/28/19 10:22,74.511,74.4,1208.7,67.671
8/28/19 10:22,74.511,74.4,1206.2,67.671
8/28/19 10:22,74.511,74.2,1168.7,67.671
8/28/19 10:22,74.467,74.1,1098.7,67.671
8/28/19 10:22,74.467,73.8,1051.2,67.671
8/28/19 10:22,74.467,73.7,1046.2,67.671
8/28/19 10:22,74.424,73.7,1073.7,67.671
8/28/19 10:22,74.424,73.6,1111.2,67.671
8/28/19 10:22,74.381,73.7,1156.2,67.671
8/28/19 10:22,74.381,73.7,1218.7,67.671
8/28/19 10:22,74.338,73.7,1251.2,67.671
8/28/19 10:22,74.338,73.6,1251.2,67.671
8/28/19 10:22,74.338,73.7,1228.7,67.671
8/28/19 10:22,74.338,73.7,1163.7,67.671
8/28/19 10:22,74.295,73.7,1098.7,67.671
8/28/19 10:22,74.295,73.7,1058.7,67.671
8/28/19 10:22,74.25,73.6,1046.2,67.671
8/28/19 10:22,74.25,73.7,1046.2,67.671
8/28/19 10:22,74.25,73.7,1066.2,67.671
8/28/19 10:22,74.25,73.7,1113.7,67.671
8/28/19 10:22,74.206,73.7,1186.2,67.671
8/28/19 10:22,74.206,73.8,1263.7,67.671
8/28/19 10:22,74.206,73.9,1341.2,67.671
8/28/19 10:22,74.163,73.9,1423.7,67.671
8/28/19 10:22,74.163,74,1503.7,67.671
8/28/19 10:22,74.163,73.9,1536.2,67.671
8/28/19 10:22,74.163,73.9,1508.7,67.671
8/28/19 10:22,74.163,74,1428.7,67.671
8/28/19 10:22,74.163,74,1351.2,67.671
8/28/19 10:22,74.12,74.1,1298.7,67.671
8/28/19 10:22,74.12,74.1,1271.2,67.671
8/28/19 10:22,74.12,74.2,1266.2,67.671
8/28/19 10:22,74.12,74.2,1266.2,67.671
8/28/19 10:22,74.12,74.2,1271.2,67.671
8/28/19 10:22,74.12,74.3,1273.7,67.671
8/28/19 10:22,74.12,74.3,1266.2,67.671
8/28/19 10:22,74.077,74.3,1278.7,67.671
8/28/19 10:22,74.077,74.3,1298.7,67.671
8/28/19 10:22,74.077,74.3,1323.7,67.671
8/28/19 10:22,74.077,74.3,1353.7,67.671
8/28/19 10:22,74.077,74.3,1381.2,67.671
8/28/19 10:22,74.077,74.3,1383.7,67.671
8/28/19 10:22,74.077,74.3,1383.7,67.671
8/28/19 10:22,74.077,74.2,1398.7,67.671
8/28/19 10:22,74.034,74.1,1433.7,67.671
8/28/19 10:22,74.034,74.1,1488.7,67.671
8/28/19 10:22,74.034,74,1521.2,67.671
8/28/19 10:22,74.034,74,1483.7,67.671
8/28/19 10:22,74.034,73.9,1366.2,67.671
8/28/19 10:23,74.034,73.9,1238.7,67.671
8/28/19 10:23,73.99,73.8,1186.2,67.671
8/28/19 10:23,73.99,73.8,1223.7,67.671
8/28/19 10:23,73.99,73.8,1308.7,67.671
8/28/19 10:23,73.99,73.8,1398.7,67.671
8/28/19 10:23,73.99,73.8,1436.2,67.671
8/28/19 10:23,73.947,73.9,1388.7,67.671
8/28/19 10:23,73.947,74,1331.2,67.671
8/28/19 10:23,73.947,73.9,1303.7,67.671
8/28/19 10:23,73.947,74,1313.7,67.671
8/28/19 10:23,73.947,74.1,1326.2,67.671
8/28/19 10:23,73.947,74.1,1351.2,67.671
8/28/19 10:23,73.947,74.1,1381.2,67.671
8/28/19 10:23,73.904,74.1,1408.7,67.671
8/28/19 10:23,73.904,74.2,1433.7,67.671
8/28/19 10:23,73.904,74.2,1446.2,67.671
8/28/19 10:23,73.904,74.3,1476.2,67.671
8/28/19 10:23,73.904,74.3,1506.2,67.671
8/28/19 10:23,73.904,74.4,1516.2,67.671
8/28/19 10:23,73.904,74.4,1536.2,67.671
8/28/19 10:23,73.904,74.4,1566.2,67.671
8/28/19 10:23,73.904,74.4,1601.2,67.671
8/28/19 10:23,73.904,74.4,1631.2,67.671
8/28/19 10:23,73.904,74.5,1661.2,67.671
8/28/19 10:23,73.904,74.5,1661.2,67.671
8/28/19 10:23,73.904,74.5,1641.2,67.671
8/28/19 10:23,73.904,74.5,1626.2,67.671
8/28/19 10:23,73.904,74.5,1628.7,67.671
8/28/19 10:23,73.904,74.5,1631.2,67.671
8/28/19 10:23,73.904,74.6,1598.7,67.671
8/28/19 10:23,73.904,74.6,1506.2,67.671
8/28/19 10:23,73.904,74.6,1408.7,67.671
8/28/19 10:23,73.904,74.7,1343.7,67.671
8/28/19 10:23,73.904,74.8,1333.7,67.671
8/28/19 10:23,73.904,74.7,1338.7,67.671
8/28/19 10:23,73.904,74.8,1341.2,67.714
8/28/19 10:23,73.904,74.9,1358.7,67.671
8/28/19 10:23,73.904,75,1398.7,67.671
8/28/19 10:23,73.904,75.1,1433.7,67.671
8/28/19 10:23,73.904,75.1,1428.7,67.671
8/28/19 10:23,73.947,75.2,1398.7,67.671
8/28/19 10:23,73.947,75.4,1361.2,67.671
8/28/19 10:23,73.947,75.5,1321.2,67.671
8/28/19 10:23,73.947,75.5,1293.7,67.671
8/28/19 10:23,73.947,75.6,1271.2,67.671
8/28/19 10:23,73.99,75.7,1268.7,67.671
8/28/19 10:23,73.99,75.8,1293.7,67.671
8/28/19 10:23,73.99,75.9,1338.7,67.671
8/28/19 10:23,73.99,75.9,1391.2,67.671
8/28/19 10:23,74.034,76,1438.7,67.671
8/28/19 10:23,74.034,76,1468.7,67.671
8/28/19 10:23,74.034,76.1,1473.7,67.671
8/28/19 10:23,74.034,76.2,1478.7,67.671
8/28/19 10:23,74.077,76.2,1483.7,67.671
8/28/19 10:23,74.077,76.2,1496.2,67.671
8/28/19 10:23,74.077,76.2,1498.7,67.671
8/28/19 10:23,74.12,76.2,1463.7,67.671
8/28/19 10:23,74.12,76.2,1401.2,67.671
8/28/19 10:23,74.12,76.1,1351.2,67.671
8/28/19 10:23,74.12,76.1,1321.2,67.671
8/28/19 10:24,74.12,76,1303.7,67.671
8/28/19 10:24,74.163,76,1281.2,67.671
8/28/19 10:24,74.163,75.9,1243.7,67.671
8/28/19 10:24,74.163,75.9,1208.7,67.671
8/28/19 10:24,74.163,75.9,1213.7,67.671
8/28/19 10:24,74.163,75.9,1238.7,67.671
8/28/19 10:24,74.163,75.9,1288.7,67.671
8/28/19 10:24,74.163,75.9,1338.7,67.671
8/28/19 10:24,74.163,75.9,1373.7,67.671
8/28/19 10:24,74.206,75.9,1393.7,67.671
8/28/19 10:24,74.206,75.9,1423.7,67.671
8/28/19 10:24,74.206,75.9,1471.2,67.671
8/28/19 10:24,74.206,75.9,1526.2,67.671
8/28/19 10:24,74.206,75.9,1553.7,67.671
8/28/19 10:24,74.206,75.9,1541.2,67.671
8/28/19 10:24,74.206,75.9,1503.7,67.671
8/28/19 10:24,74.206,75.9,1473.7,67.671
8/28/19 10:24,74.25,75.9,1466.2,67.671
8/28/19 10:24,74.25,75.9,1466.2,67.671
8/28/19 10:24,74.25,75.9,1483.7,67.671
8/28/19 10:24,74.25,75.9,1498.7,67.671
8/28/19 10:24,74.25,75.9,1528.7,67.714
8/28/19 10:24,74.25,75.8,1568.7,67.671
8/28/19 10:24,74.25,75.7,1606.2,67.671
8/28/19 10:24,74.25,75.6,1626.2,67.671
8/28/19 10:24,74.25,75.5,1646.2,67.671
8/28/19 10:24,74.25,75.5,1663.7,67.671
8/28/19 10:24,74.295,75.3,1681.2,67.714
8/28/19 10:24,74.25,75.2,1686.2,67.671
8/28/19 10:24,74.25,75.1,1696.2,67.671
8/28/19 10:24,74.25,75.1,1706.2,67.714
8/28/19 10:24,74.25,75.1,1713.7,67.671
8/28/19 10:24,74.25,75,1698.7,67.671
8/28/19 10:24,74.25,75,1658.7,67.671
8/28/19 10:24,74.25,75,1603.7,67.671
8/28/19 10:24,74.25,74.9,1556.2,67.671
8/28/19 10:24,74.25,74.9,1531.2,67.714
8/28/19 10:24,74.25,74.9,1533.7,67.671
8/28/19 10:24,74.25,74.9,1538.7,67.671
8/28/19 10:24,74.25,74.9,1523.7,67.671
8/28/19 10:24,74.25,74.9,1478.7,67.671
8/28/19 10:24,74.25,74.9,1398.7,67.714
8/28/19 10:24,74.25,74.9,1303.7,67.671
8/28/19 10:24,74.25,74.9,1221.2,67.671
8/28/19 10:24,74.25,74.9,1168.7,67.671
8/28/19 10:24,74.206,74.9,1151.2,67.671
8/28/19 10:24,74.25,74.9,1168.7,67.714
8/28/19 10:24,74.25,74.9,1191.2,67.671
8/28/19 10:24,74.25,75,1218.7,67.671
8/28/19 10:24,74.25,75,1258.7,67.671
8/28/19 10:24,74.25,75,1311.2,67.671
8/28/19 10:24,74.25,75.1,1361.2,67.671
8/28/19 10:24,74.25,75.1,1381.2,67.671
8/28/19 10:24,74.25,75.2,1383.7,67.714
8/28/19 10:24,74.25,75.1,1383.7,67.671
8/28/19 10:24,74.25,75.1,1391.2,67.714
8/28/19 10:24,74.25,75.2,1393.7,67.671
8/28/19 10:24,74.25,75.3,1346.2,67.714
8/28/19 10:24,74.25,75.3,1273.7,67.714
8/28/19 10:24,74.25,75.4,1228.7,67.671
8/28/19 10:25,74.25,75.4,1243.7,67.671
8/28/19 10:25,74.295,75.5,1313.7,67.714
8/28/19 10:25,74.295,75.5,1376.2,67.671
8/28/19 10:25,74.295,75.6,1413.7,67.714
8/28/19 10:25,74.295,75.6,1418.7,67.671
8/28/19 10:25,74.295,75.7,1408.7,67.714
8/28/19 10:25,74.295,75.7,1411.2,67.714
8/28/19 10:25,74.338,75.7,1448.7,67.671
8/28/19 10:25,74.338,75.7,1523.7,67.714
8/28/19 10:25,74.338,75.8,1606.2,67.671
8/28/19 10:25,74.338,75.8,1643.7,67.714
8/28/19 10:25,74.338,75.9,1638.7,67.714
8/28/19 10:25,74.338,75.9,1618.7,67.714
8/28/19 10:25,74.381,75.9,1603.7,67.714
8/28/19 10:25,74.381,76,1583.7,67.714
8/28/19 10:25,74.424,76,1568.7,67.714
8/28/19 10:25,74.381,76,1566.2,67.714
8/28/19 10:25,74.424,75.9,1578.7,67.714
8/28/19 10:25,74.424,75.9,1591.2,67.714
8/28/19 10:25,74.424,75.9,1598.7,67.714
8/28/19 10:25,74.424,75.9,1588.7,67.714
8/28/19 10:25,74.424,75.8,1588.7,67.714
8/28/19 10:25,74.467,75.7,1568.7,67.671
8/28/19 10:25,74.467,75.6,1548.7,67.671
8/28/19 10:25,74.467,75.6,1536.2,67.714
8/28/19 10:25,74.467,75.5,1561.2,67.671
8/28/19 10:25,74.467,75.5,1571.2,67.714
8/28/19 10:25,74.467,75.5,1546.2,67.714
8/28/19 10:25,74.467,75.5,1486.2,67.714
8/28/19 10:25,74.467,75.4,1416.2,67.714
8/28/19 10:25,74.511,75.4,1381.2,67.714
8/28/19 10:25,74.511,75.4,1391.2,67.714
8/28/19 10:25,74.511,75.3,1418.7,67.671
8/28/19 10:25,74.511,75.3,1458.7,67.714
8/28/19 10:25,74.511,75.3,1503.7,67.714
8/28/19 10:25,74.511,75.1,1568.7,67.714
8/28/19 10:25,74.511,75,1616.2,67.714
8/28/19 10:25,74.511,74.8,1618.7,67.714
8/28/19 10:25,74.511,74.8,1573.7,67.714
8/28/19 10:25,74.511,74.8,1503.7,67.714
8/28/19 10:25,74.511,74.7,1418.7,67.714
8/28/19 10:25,74.511,74.5,1351.2,67.714
8/28/19 10:25,74.511,74.4,1341.2,67.714
8/28/19 10:25,74.511,74.4,1378.7,67.714
8/28/19 10:25,74.467,74.4,1431.2,67.714
8/28/19 10:25,74.467,74.5,1483.7,67.714
8/28/19 10:25,74.467,74.4,1541.2,67.714
8/28/19 10:25,74.467,74.4,1593.7,67.714
8/28/19 10:25,74.467,74.5,1643.7,67.714
8/28/19 10:25,74.467,74.4,1666.2,67.714
8/28/19 10:25,74.467,74.4,1666.2,67.714
8/28/19 10:25,74.467,74.4,1658.7,67.714
8/28/19 10:25,74.467,74.6,1651.2,67.714
8/28/19 10:25,74.467,74.5,1628.7,67.714
8/28/19 10:25,74.467,74.5,1598.7,67.714
8/28/19 10:25,74.467,74.5,1563.7,67.714
8/28/19 10:25,74.467,74.6,1551.2,67.714
8/28/19 10:25,74.467,74.7,1566.2,67.714
8/28/19 10:25,74.467,74.8,1596.2,67.714
8/28/19 10:25,74.467,74.6,1628.7,67.714
8/28/19 10:26,74.467,74.7,1643.7,67.714
8/28/19 10:26,74.467,74.7,1626.2,67.714
8/28/19 10:26,74.467,74.6,1606.2,67.714
8/28/19 10:26,74.467,74.6,1591.2,67.714
8/28/19 10:26,74.467,74.6,1588.7,67.714
8/28/19 10:26,74.467,74.6,1611.2,67.714
8/28/19 10:26,74.467,74.8,1631.2,67.714
8/28/19 10:26,74.467,74.7,1618.7,67.714
8/28/19 10:26,74.467,74.9,1583.7,67.714
8/28/19 10:26,74.467,74.8,1553.7,67.714
8/28/19 10:26,74.467,74.9,1526.2,67.714
8/28/19 10:26,74.467,75,1488.7,67.714
8/28/19 10:26,74.467,75.1,1453.7,67.714
8/28/19 10:26,74.467,75.1,1468.7,67.714
8/28/19 10:26,74.511,75.2,1521.2,67.714
8/28/19 10:26,74.511,75.2,1571.2,67.714
8/28/19 10:26,74.511,75.4,1591.2,67.714
8/28/19 10:26,74.511,75.4,1601.2,67.714
8/28/19 10:26,74.511,75.5,1601.2,67.714
8/28/19 10:26,74.511,75.5,1583.7,67.714
8/28/19 10:26,74.554,75.6,1548.7,67.714
8/28/19 10:26,74.554,75.6,1518.7,67.714
8/28/19 10:26,74.554,75.6,1501.2,67.714
8/28/19 10:26,74.554,75.6,1493.7,67.714
8/28/19 10:26,74.554,75.7,1486.2,67.714
8/28/19 10:26,74.597,75.7,1476.2,67.714
8/28/19 10:26,74.597,75.8,1478.7,67.714
8/28/19 10:26,74.597,75.8,1501.2,67.714
8/28/19 10:26,74.597,75.9,1511.2,67.714
8/28/19 10:26,74.64,76,1511.2,67.714
8/28/19 10:26,74.64,76,1493.7,67.714
8/28/19 10:26,74.64,76,1476.2,67.714
8/28/19 10:26,74.64,76.1,1478.7,67.714
8/28/19 10:26,74.683,76.1,1496.2,67.714
8/28/19 10:26,74.683,76.1,1518.7,67.714
8/28/19 10:26,74.683,76.1,1543.7,67.714
8/28/19 10:26,74.683,76,1576.2,67.714
8/28/19 10:26,74.727,76,1611.2,67.714
8/28/19 10:26,74.727,75.9,1638.7,67.714
8/28/19 10:26,74.727,75.8,1656.2,67.714
8/28/19 10:26,74.727,75.7,1666.2,67.714
8/28/19 10:26,74.727,75.6,1676.2,67.714
8/28/19 10:26,74.77,75.6,1683.7,67.714
8/28/19 10:26,74.77,75.5,1681.2,67.714
8/28/19 10:26,74.77,75.5,1661.2,67.714
8/28/19 10:26,74.77,75.4,1626.2,67.714
8/28/19 10:26,74.77,75.3,1598.7,67.714
8/28/19 10:26,74.77,75.2,1576.2,67.714
8/28/19 10:26,74.77,75.2,1556.2,67.714
8/28/19 10:26,74.77,75.1,1531.2,67.714
8/28/19 10:26,74.77,75,1511.2,67.714
8/28/19 10:26,74.77,74.9,1493.7,67.714
8/28/19 10:26,74.77,74.9,1486.2,67.714
8/28/19 10:26,74.77,74.8,1473.7,67.714
8/28/19 10:26,74.77,74.8,1451.2,67.714
8/28/19 10:26,74.77,74.8,1433.7,67.714
8/28/19 10:26,74.813,74.9,1421.2,67.714
8/28/19 10:26,74.77,74.9,1416.2,67.714
8/28/19 10:26,74.77,74.9,1413.7,67.714
8/28/19 10:26,74.77,74.8,1416.2,67.714
8/28/19 10:27,74.813,74.8,1416.2,67.714
8/28/19 10:27,74.77,74.8,1413.7,67.714
8/28/19 10:27,74.77,74.7,1411.2,67.714
8/28/19 10:27,74.77,74.7,1413.7,67.714
8/28/19 10:27,74.77,74.6,1426.2,67.714
8/28/19 10:27,74.813,74.6,1433.7,67.714
8/28/19 10:27,74.813,74.6,1433.7,67.714
8/28/19 10:27,74.77,74.6,1421.2,67.714
8/28/19 10:27,74.77,74.5,1406.2,67.714
8/28/19 10:27,74.813,74.5,1398.7,67.714
8/28/19 10:27,74.77,74.5,1401.2,67.714
8/28/19 10:27,74.77,74.5,1401.2,67.714
8/28/19 10:27,74.77,74.5,1403.7,67.714
8/28/19 10:27,74.77,74.5,1403.7,67.714
8/28/19 10:27,74.77,74.5,1403.7,67.714
8/28/19 10:27,74.77,74.5,1406.2,67.714
8/28/19 10:27,74.77,74.5,1401.2,67.714
8/28/19 10:27,74.77,74.4,1396.2,67.714
8/28/19 10:27,74.77,74.3,1391.2,67.714
8/28/19 10:27,74.77,74.1,1388.7,67.714
8/28/19 10:27,74.77,74,1391.2,67.714
8/28/19 10:27,74.77,74,1396.2,67.714
8/28/19 10:27,74.77,74,1411.2,67.714
8/28/19 10:27,74.727,73.9,1426.2,67.714
8/28/19 10:27,74.727,73.8,1431.2,67.714
8/28/19 10:27,74.727,73.7,1431.2,67.714
8/28/19 10:27,74.727,73.7,1436.2,67.714
8/28/19 10:27,74.727,73.7,1438.7,67.757
8/28/19 10:27,74.683,73.6,1438.7,67.714
8/28/19 10:27,74.683,73.6,1436.2,67.714
8/28/19 10:27,74.683,73.5,1436.2,67.714
8/28/19 10:27,74.683,73.5,1451.2,67.714
8/28/19 10:27,74.683,73.5,1468.7,67.757
8/28/19 10:27,74.683,73.6,1483.7,67.757
8/28/19 10:27,74.64,73.7,1496.2,67.714
8/28/19 10:27,74.64,73.7,1501.2,67.714
8/28/19 10:27,74.64,73.7,1501.2,67.714
8/28/19 10:27,74.64,73.8,1498.7,67.757
8/28/19 10:27,74.64,73.8,1496.2,67.714
8/28/19 10:27,74.64,73.9,1506.2,67.714
8/28/19 10:27,74.64,74,1511.2,67.757
8/28/19 10:27,74.64,74,1508.7,67.714
8/28/19 10:27,74.64,73.9,1506.2,67.757
8/28/19 10:27,74.64,73.8,1501.2,67.714
8/28/19 10:27,74.64,73.7,1503.7,67.714
8/28/19 10:27,74.64,73.6,1516.2,67.757
8/28/19 10:27,74.64,73.7,1526.2,67.714
8/28/19 10:27,74.597,73.6,1528.7,67.757
8/28/19 10:27,74.64,73.6,1526.2,67.757
8/28/19 10:27,74.597,73.5,1531.2,67.757
8/28/19 10:27,74.597,73.5,1546.2,67.757
8/28/19 10:27,74.597,73.5,1568.7,67.757
8/28/19 10:27,74.597,73.5,1586.2,67.757
8/28/19 10:27,74.597,73.6,1601.2,67.757
8/28/19 10:27,74.597,73.6,1611.2,67.757
8/28/19 10:27,74.597,73.7,1621.2,67.757
8/28/19 10:27,74.597,73.7,1626.2,67.757
8/28/19 10:27,74.597,73.6,1633.7,67.757
8/28/19 10:27,74.597,73.7,1631.2,67.757
8/28/19 10:27,74.554,73.7,1626.2,67.757
8/28/19 10:28,74.597,73.8,1628.7,67.757
8/28/19 10:28,74.597,73.8,1641.2,67.757
8/28/19 10:28,74.554,73.8,1651.2,67.757
8/28/19 10:28,74.597,73.8,1658.7,67.757
8/28/19 10:28,74.597,73.8,1658.7,67.757
8/28/19 10:28,74.554,73.8,1658.7,67.757
8/28/19 10:28,74.554,73.9,1651.2,67.757
8/28/19 10:28,74.597,73.9,1646.2,67.757
8/28/19 10:28,74.597,74,1651.2,67.757
8/28/19 10:28,74.597,74.1,1658.7,67.757
8/28/19 10:28,74.597,74.1,1653.7,67.757
8/28/19 10:28,74.597,74.2,1641.2,67.757
8/28/19 10:28,74.597,74.3,1631.2,67.757
8/28/19 10:28,74.597,74.4,1628.7,67.757
8/28/19 10:28,74.597,74.5,1636.2,67.757
8/28/19 10:28,74.597,74.5,1641.2,67.757
8/28/19 10:28,74.597,74.6,1646.2,67.757
8/28/19 10:28,74.597,74.6,1643.7,67.757
8/28/19 10:28,74.597,74.7,1646.2,67.757
8/28/19 10:28,74.64,74.8,1646.2,67.757
8/28/19 10:28,74.64,74.8,1651.2,67.757
8/28/19 10:28,74.64,74.9,1661.2,67.757
8/28/19 10:28,74.64,74.9,1673.7,67.757
8/28/19 10:28,74.64,74.9,1683.7,67.757
8/28/19 10:28,74.64,75,1691.2,67.757
8/28/19 10:28,74.683,75.1,1693.7,67.757
8/28/19 10:28,74.683,75.1,1696.2,67.757
8/28/19 10:28,74.683,75.1,1693.7,67.757
8/28/19 10:28,74.683,75,1693.7,67.757
8/28/19 10:28,74.727,75,1701.2,67.757
8/28/19 10:28,74.727,75,1691.2,67.757
8/28/19 10:28,74.727,75,1683.7,67.757
8/28/19 10:28,74.727,75,1668.7,67.757
8/28/19 10:28,74.727,75,1661.2,67.757
8/28/19 10:28,74.727,75,1658.7,67.757
8/28/19 10:28,74.727,75,1661.2,67.757
8/28/19 10:28,74.77,74.9,1666.2,67.757
8/28/19 10:28,74.77,74.9,1671.2,67.757
8/28/19 10:28,74.77,74.8,1673.7,67.757
8/28/19 10:28,74.77,74.7,1673.7,67.757
8/28/19 10:28,74.77,74.6,1676.2,67.757
8/28/19 10:28,74.77,74.5,1678.7,67.757
8/28/19 10:28,74.77,74.4,1678.7,67.757
8/28/19 10:28,74.77,74.4,1683.7,67.757
8/28/19 10:28,74.77,74.4,1686.2,67.757
8/28/19 10:28,74.77,74.4,1688.7,67.757
8/28/19 10:28,74.77,74.4,1688.7,67.757
8/28/19 10:28,74.77,74.4,1686.2,67.757
8/28/19 10:28,74.77,74.4,1688.7,67.757
8/28/19 10:28,74.77,74.5,1686.2,67.757
8/28/19 10:28,74.77,74.5,1686.2,67.757
8/28/19 10:28,74.813,74.6,1686.2,67.757
8/28/19 10:28,74.813,74.7,1686.2,67.757
8/28/19 10:28,74.813,74.8,1686.2,67.757
8/28/19 10:28,74.813,74.9,1686.2,67.757
8/28/19 10:28,74.813,74.8,1686.2,67.757
8/28/19 10:28,74.813,74.9,1688.7,67.757
8/28/19 10:28,74.813,75,1686.2,67.757
8/28/19 10:28,74.856,75.1,1688.7,67.757
8/28/19 10:28,74.856,75.2,1683.7,67.798
8/28/19 10:29,74.856,75.3,1678.7,67.757
8/28/19 10:29,74.856,75.3,1676.2,67.757
8/28/19 10:29,74.899,75.4,1671.2,67.757
8/28/19 10:29,74.899,75.5,1671.2,67.757
8/28/19 10:29,74.899,75.6,1671.2,67.757
8/28/19 10:29,74.899,75.6,1673.7,67.757
8/28/19 10:29,74.943,75.7,1673.7,67.757
8/28/19 10:29,74.943,75.8,1673.7,67.798
8/28/19 10:29,74.943,75.9,1673.7,67.757
8/28/19 10:29,74.986,75.9,1676.2,67.798
8/28/19 10:29,74.986,75.9,1683.7,67.798
8/28/19 10:29,74.986,75.9,1686.2,67.757
8/28/19 10:29,75.029,76,1693.7,67.757
8/28/19 10:29,75.029,76,1696.2,67.757
8/28/19 10:29,75.029,76,1698.7,67.757
8/28/19 10:29,75.074,76.1,1693.7,67.798
8/28/19 10:29,75.074,76.1,1696.2,67.798
8/28/19 10:29,75.117,76.2,1696.2,67.798
8/28/19 10:29,75.117,76.2,1696.2,67.798
8/28/19 10:29,75.117,76.2,1698.7,67.757
8/28/19 10:29,75.16,76.3,1698.7,67.798
8/28/19 10:29,75.16,76.3,1698.7,67.798
8/28/19 10:29,75.16,76.3,1698.7,67.798
8/28/19 10:29,75.204,76.4,1698.7,67.757
8/28/19 10:29,75.204,76.4,1698.7,67.798
8/28/19 10:29,75.247,76.4,1698.7,67.798
8/28/19 10:29,75.247,76.4,1701.2,67.798
8/28/19 10:29,75.247,76.4,1698.7,67.798
8/28/19 10:29,75.29,76.4,1698.7,67.798
8/28/19 10:29,75.29,76.3,1698.7,67.798
8/28/19 10:29,75.29,76.2,1698.7,67.798
8/28/19 10:29,75.333,76.1,1698.7,67.798
8/28/19 10:29,75.333,76,1693.7,67.798
8/28/19 10:29,75.333,75.9,1688.7,67.798
8/28/19 10:29,75.376,75.7,1688.7,67.798
8/28/19 10:29,75.376,75.6,1691.2,67.798
8/28/19 10:29,75.376,75.6,1693.7,67.798
8/28/19 10:29,75.376,75.4,1698.7,67.798
8/28/19 10:29,75.376,75.4,1698.7,67.798
8/28/19 10:29,75.42,75.4,1696.2,67.798
8/28/19 10:29,75.42,75.3,1698.7,67.798
8/28/19 10:29,75.42,75.4,1698.7,67.798
8/28/19 10:29,75.42,75.4,1703.7,67.798
8/28/19 10:29,75.42,75.4,1706.2,67.798
8/28/19 10:29,75.42,75.3,1708.7,67.798
8/28/19 10:29,75.463,75.3,1706.2,67.798
8/28/19 10:29,75.463,75.4,1711.2,67.798
8/28/19 10:29,75.463,75.3,1706.2,67.798
8/28/19 10:29,75.463,75.3,1708.7,67.798
8/28/19 10:29,75.463,75.4,1711.2,67.798
8/28/19 10:29,75.508,75.5,1708.7,67.798
8/28/19 10:29,75.508,75.5,1711.2,67.798
8/28/19 10:29,75.508,75.5,1711.2,67.798
8/28/19 10:29,75.508,75.5,1708.7,67.798
8/28/19 10:29,75.551,75.3,1711.2,67.798
8/28/19 10:29,75.551,75.3,1711.2,67.798
8/28/19 10:29,75.551,75.2,1713.7,67.798
8/28/19 10:29,75.551,75,1716.2,67.798
8/28/19 10:29,75.551,74.9,1716.2,67.798
8/28/19 10:29,75.594,74.9,1718.7,67.798
8/28/19 10:30,75.594,74.8,1716.2,67.798
8/28/19 10:30,75.594,74.7,1716.2,67.798
8/28/19 10:30,75.594,74.6,1716.2,67.798
8/28/19 10:30,75.594,74.5,1716.2,67.798
8/28/19 10:30,75.594,74.5,1721.2,67.798
8/28/19 10:30,75.594,74.4,1721.2,67.798
8/28/19 10:30,75.594,74.4,1721.2,67.798
8/28/19 10:30,75.594,74.4,1723.7,67.798
8/28/19 10:30,75.594,74.3,1721.2,67.798
8/28/19 10:30,75.594,74.4,1721.2,67.798
8/28/19 10:30,75.594,74.3,1723.7,67.798
8/28/19 10:30,75.594,74.3,1726.2,67.798
8/28/19 10:30,75.594,74.1,1726.2,67.798
8/28/19 10:30,75.637,74.1,1728.7,67.798
8/28/19 10:30,75.594,74.1,1728.7,67.798
8/28/19 10:30,75.637,74.1,1728.7,67.798
8/28/19 10:30,75.594,74.1,1728.7,67.798
8/28/19 10:30,75.637,74.1,1733.7,67.798
8/28/19 10:30,75.637,74.1,1731.2,67.798
8/28/19 10:30,75.637,74.1,1733.7,67.798
8/28/19 10:30,75.637,74,1733.7,67.798
8/28/19 10:30,75.637,73.9,1736.2,67.798
8/28/19 10:30,75.594,73.9,1731.2,67.798
8/28/19 10:30,75.637,73.9,1728.7,67.798
8/28/19 10:30,75.637,73.9,1723.7,67.798
8/28/19 10:30,75.637,73.9,1721.2,67.798
8/28/19 10:30,75.637,73.9,1723.7,67.798
8/28/19 10:30,75.637,73.9,1718.7,67.798
8/28/19 10:30,75.637,73.8,1718.7,67.798
8/28/19 10:30,75.594,73.7,1713.7,67.798
8/28/19 10:30,75.594,73.8,1711.2,67.798
8/28/19 10:30,75.594,73.7,1716.2,67.798
8/28/19 10:30,75.594,73.7,1721.2,67.798
8/28/19 10:30,75.594,73.6,1723.7,67.798
8/28/19 10:30,75.594,73.7,1728.7,67.798
8/28/19 10:30,75.594,73.7,1728.7,67.798
8/28/19 10:30,75.594,73.7,1723.7,67.798
8/28/19 10:30,75.594,73.7,1723.7,67.842
8/28/19 10:30,75.594,73.7,1726.2,67.798
8/28/19 10:30,75.594,73.6,1726.2,67.842
8/28/19 10:30,75.594,73.6,1731.2,67.842
8/28/19 10:30,75.594,73.5,1731.2,67.798
8/28/19 10:30,75.594,73.5,1731.2,67.842
8/28/19 10:30,75.594,73.5,1728.7,67.842
8/28/19 10:30,75.594,73.5,1723.7,67.842
8/28/19 10:30,75.594,73.5,1721.2,67.798
8/28/19 10:30,75.594,73.5,1721.2,67.842
8/28/19 10:30,75.594,73.6,1718.7,67.842
8/28/19 10:30,75.551,73.6,1721.2,67.842
8/28/19 10:30,75.594,73.6,1721.2,67.842
8/28/19 10:30,75.594,73.7,1716.2,67.842
8/28/19 10:30,75.551,73.8,1716.2,67.842
8/28/19 10:30,75.594,73.7,1721.2,67.842
8/28/19 10:30,75.594,73.8,1726.2,67.842
8/28/19 10:30,75.594,73.7,1731.2,67.842
8/28/19 10:30,75.594,73.8,1736.2,67.842
8/28/19 10:30,75.594,73.8,1738.7,67.842
8/28/19 10:30,75.594,73.7,1741.2,67.842
8/28/19 10:30,75.594,73.7,1741.2,67.842
8/28/19 10:30,75.594,73.7,1743.7,67.842
8/28/19 10:31,75.594,73.7,1738.7,67.842
8/28/19 10:31,75.594,73.7,1741.2,67.842
8/28/19 10:31,75.594,73.7,1741.2,67.842
8/28/19 10:31,75.594,73.7,1743.7,67.842
8/28/19 10:31,75.594,73.7,1746.2,67.842
8/28/19 10:31,75.594,73.7,1743.7,67.842
8/28/19 10:31,75.594,73.7,1748.7,67.842
8/28/19 10:31,75.637,73.7,1753.7,67.842
8/28/19 10:31,75.594,73.7,1748.7,67.842
8/28/19 10:31,75.594,73.6,1751.2,67.842
8/28/19 10:31,75.637,73.6,1753.7,67.842
8/28/19 10:31,75.637,73.7,1751.2,67.842
8/28/19 10:31,75.637,73.7,1758.7,67.842
8/28/19 10:31,75.637,73.8,1761.2,67.842
8/28/19 10:31,75.637,73.7,1763.7,67.842
8/28/19 10:31,75.637,73.8,1763.7,67.842
8/28/19 10:31,75.637,73.8,1763.7,67.842
8/28/19 10:31,75.637,73.8,1763.7,67.842
8/28/19 10:31,75.637,73.9,1763.7,67.842
8/28/19 10:31,75.637,74,1766.2,67.842
8/28/19 10:31,75.681,74,1768.7,67.842
8/28/19 10:31,75.681,74.1,1771.2,67.842
8/28/19 10:31,75.681,74.1,1773.7,67.842
8/28/19 10:31,75.681,74.1,1773.7,67.842
8/28/19 10:31,75.681,74.2,1771.2,67.842
8/28/19 10:31,75.681,74.4,1771.2,67.842
8/28/19 10:31,75.681,74.4,1768.7,67.842
8/28/19 10:31,75.724,74.6,1771.2,67.842
8/28/19 10:31,75.724,74.6,1766.2,67.842
8/28/19 10:31,75.724,74.7,1768.7,67.842
8/28/19 10:31,75.724,74.8,1763.7,67.842
8/28/19 10:31,75.767,75,1761.2,67.842
8/28/19 10:31,75.767,75,1758.7,67.842
8/28/19 10:31,75.767,75,1753.7,67.842
8/28/19 10:31,75.81,75,1753.7,67.842
8/28/19 10:31,75.81,75,1753.7,67.842
8/28/19 10:31,75.81,75,1756.2,67.842
8/28/19 10:31,75.81,74.9,1758.7,67.842
8/28/19 10:31,75.853,74.9,1761.2,67.842
8/28/19 10:31,75.853,74.8,1756.2,67.842
8/28/19 10:31,75.853,74.8,1756.2,67.842
8/28/19 10:31,75.853,74.7,1758.7,67.885
8/28/19 10:31,75.898,74.6,1768.7,67.842
8/28/19 10:31,75.898,74.5,1771.2,67.842
8/28/19 10:31,75.898,74.3,1763.7,67.885
8/28/19 10:31,75.898,74.2,1758.7,67.885
8/28/19 10:31,75.898,74.1,1751.2,67.885
8/28/19 10:31,75.898,74.1,1746.2,67.885
8/28/19 10:31,75.898,73.9,1743.7,67.885
8/28/19 10:31,75.898,73.9,1741.2,67.885
8/28/19 10:31,75.898,73.8,1743.7,67.885
8/28/19 10:31,75.898,73.8,1746.2,67.842
8/28/19 10:31,75.898,73.8,1746.2,67.885
8/28/19 10:31,75.898,73.8,1748.7,67.842
8/28/19 10:31,75.898,73.7,1751.2,67.885
8/28/19 10:31,75.898,73.8,1751.2,67.885
8/28/19 10:31,75.898,73.8,1758.7,67.885
8/28/19 10:31,75.942,73.7,1761.2,67.885
8/28/19 10:31,75.942,73.7,1763.7,67.885
8/28/19 10:31,75.898,73.6,1766.2,67.885
8/28/19 10:32,75.898,73.6,1766.2,67.885
8/28/19 10:32,75.898,73.7,1766.2,67.885
8/28/19 10:32,75.898,73.7,1761.2,67.885
8/28/19 10:32,75.898,73.8,1763.7,67.885
8/28/19 10:32,75.898,73.8,1766.2,67.885
8/28/19 10:32,75.898,73.9,1768.7,67.885
8/28/19 10:32,75.898,74,1776.2,67.885
8/28/19 10:32,75.898,74.1,1773.7,67.885
8/28/19 10:32,75.898,74.1,1776.2,67.885
8/28/19 10:32,75.942,74.1,1773.7,67.885
8/28/19 10:32,75.942,74.1,1768.7,67.885
8/28/19 10:32,75.942,74,1766.2,67.885
8/28/19 10:32,75.942,73.9,1766.2,67.885
8/28/19 10:32,75.942,73.8,1771.2,67.885
8/28/19 10:32,75.942,73.7,1776.2,67.885
8/28/19 10:32,75.942,73.6,1783.7,67.885
8/28/19 10:32,75.942,73.5,1791.2,67.885
8/28/19 10:32,75.942,73.4,1793.7,67.885
8/28/19 10:32,75.942,73.4,1791.2,67.885
8/28/19 10:32,75.942,73.3,1793.7,67.885
8/28/19 10:32,75.898,73.3,1796.2,67.885
8/28/19 10:32,75.898,73.3,1801.2,67.885
8/28/19 10:32,75.898,73.3,1796.2,67.885
8/28/19 10:32,75.898,73.3,1796.2,67.885
8/28/19 10:32,75.898,73.2,1801.2,67.885
8/28/19 10:32,75.898,73.3,1801.2,67.885
8/28/19 10:32,75.898,73.3,1801.2,67.885
8/28/19 10:32,75.898,73.4,1798.7,67.885
8/28/19 10:32,75.853,73.4,1793.7,67.885
8/28/19 10:32,75.853,73.4,1798.7,67.885
8/28/19 10:32,75.853,73.5,1803.7,67.885
8/28/19 10:32,75.853,73.4,1808.7,67.885
8/28/19 10:32,75.853,73.4,1808.7,67.885
8/28/19 10:32,75.853,73.3,1808.7,67.885
8/28/19 10:32,75.853,73.3,1798.7,67.885
8/28/19 10:32,75.853,73.3,1781.2,67.885
8/28/19 10:32,75.853,73.2,1768.7,67.885
8/28/19 10:32,75.853,73.2,1768.7,67.885
8/28/19 10:32,75.853,73.2,1776.2,67.885
8/28/19 10:32,75.853,73.2,1786.2,67.885
8/28/19 10:32,75.853,73.2,1796.2,67.885
8/28/19 10:32,75.853,73.2,1798.7,67.885
8/28/19 10:32,75.853,73.1,1796.2,67.885
8/28/19 10:32,75.853,73.2,1798.7,67.885
8/28/19 10:32,75.81,73.2,1806.2,67.885
8/28/19 10:32,75.81,73.2,1816.2,67.885
8/28/19 10:32,75.81,73.3,1818.7,67.885
8/28/19 10:32,75.81,73.4,1816.2,67.885
8/28/19 10:32,75.81,73.4,1813.7,67.885
8/28/19 10:32,75.81,73.5,1801.2,67.885
8/28/19 10:32,75.81,73.7,1793.7,67.885
8/28/19 10:32,75.81,73.8,1788.7,67.885
8/28/19 10:32,75.81,73.8,1786.2,67.885
8/28/19 10:32,75.81,73.8,1781.2,67.885
8/28/19 10:32,75.853,73.8,1773.7,67.885
8/28/19 10:32,75.853,73.8,1768.7,67.885
8/28/19 10:32,75.853,73.8,1758.7,67.885
8/28/19 10:32,75.853,73.8,1758.7,67.928
8/28/19 10:32,75.853,73.6,1753.7,67.928
8/28/19 10:32,75.853,73.5,1748.7,67.928
8/28/19 10:33,75.853,73.5,1748.7,67.928
8/28/19 10:33,75.853,73.5,1743.7,67.928
8/28/19 10:33,75.853,73.4,1738.7,67.928
8/28/19 10:33,75.853,73.4,1723.7,67.928
8/28/19 10:33,75.853,73.4,1713.7,67.928
8/28/19 10:33,75.853,73.2,1711.2,67.928
8/28/19 10:33,75.853,73.1,1703.7,67.928
8/28/19 10:33,75.853,73,1706.2,67.928
8/28/19 10:33,75.853,73,1708.7,67.928
8/28/19 10:33,75.853,72.9,1711.2,67.928
8/28/19 10:33,75.81,72.8,1716.2,67.928
8/28/19 10:33,75.81,72.7,1728.7,67.928
8/28/19 10:33,75.81,72.7,1738.7,67.928
8/28/19 10:33,75.81,72.7,1743.7,67.928
8/28/19 10:33,75.81,72.7,1741.2,67.928
8/28/19 10:33,75.81,72.7,1741.2,67.928
8/28/19 10:33,75.767,72.7,1746.2,67.928
8/28/19 10:33,75.767,72.7,1748.7,67.928
8/28/19 10:33,75.767,72.7,1746.2,67.928
8/28/19 10:33,75.767,72.7,1738.7,67.928
8/28/19 10:33,75.767,72.7,1726.2,67.928
8/28/19 10:33,75.724,72.7,1723.7,67.928
8/28/19 10:33,75.724,72.7,1716.2,67.928
8/28/19 10:33,75.724,72.7,1711.2,67.928
8/28/19 10:33,75.724,72.8,1696.2,67.928
8/28/19 10:33,75.724,72.8,1686.2,67.928
8/28/19 10:33,75.681,72.8,1676.2,67.928
8/28/19 10:33,75.681,72.9,1671.2,67.928
8/28/19 10:33,75.681,72.9,1668.7,67.928
8/28/19 10:33,75.681,72.9,1666.2,67.928
8/28/19 10:33,75.681,72.9,1661.2,67.928
8/28/19 10:33,75.637,72.9,1653.7,67.928
8/28/19 10:33,75.637,73,1648.7,67.928
8/28/19 10:33,75.637,72.9,1641.2,67.928
8/28/19 10:33,75.637,73,1641.2,67.928
8/28/19 10:33,75.637,73.1,1648.7,67.928
8/28/19 10:33,75.637,73.2,1661.2,67.928
8/28/19 10:33,75.637,73.2,1658.7,67.928
8/28/19 10:33,75.637,73.1,1648.7,67.928
8/28/19 10:33,75.637,73.1,1641.2,67.928
8/28/19 10:33,75.594,73,1636.2,67.928
8/28/19 10:33,75.594,73,1626.2,67.928
8/28/19 10:33,75.594,73,1616.2,67.928
8/28/19 10:33,75.594,73,1596.2,67.928
8/28/19 10:33,75.594,73,1563.7,67.928
8/28/19 10:33,75.594,73,1538.7,67.928
8/28/19 10:33,75.594,73,1528.7,67.928
8/28/19 10:33,75.551,73.1,1533.7,67.928
8/28/19 10:33,75.551,73.1,1548.7,67.928
8/28/19 10:33,75.551,73.2,1566.2,67.928
8/28/19 10:33,75.551,73.2,1576.2,67.928
8/28/19 10:33,75.551,73.3,1561.2,67.971
8/28/19 10:33,75.551,73.3,1531.2,67.928
8/28/19 10:33,75.551,73.4,1513.7,67.928
8/28/19 10:33,75.508,73.5,1516.2,67.971
8/28/19 10:33,75.508,73.5,1521.2,67.928
8/28/19 10:33,75.508,73.6,1521.2,67.971
8/28/19 10:33,75.508,73.7,1526.2,67.928
8/28/19 10:33,75.508,73.7,1523.7,67.971
8/28/19 10:33,75.508,73.8,1521.2,67.971
8/28/19 10:34,75.508,73.8,1513.7,67.971
8/28/19 10:34,75.508,73.8,1523.7,67.971
8/28/19 10:34,75.508,73.6,1543.7,67.971
8/28/19 10:34,75.508,73.5,1568.7,67.971
8/28/19 10:34,75.508,73.5,1571.2,67.971
8/28/19 10:34,75.508,73.4,1563.7,67.971
8/28/19 10:34,75.508,73.4,1553.7,67.971
8/28/19 10:34,75.508,73.4,1556.2,67.971
8/28/19 10:34,75.463,73.4,1548.7,67.971
8/28/19 10:34,75.463,73.5,1541.2,67.971
8/28/19 10:34,75.463,73.5,1531.2,67.971
8/28/19 10:34,75.463,73.6,1531.2,67.971
8/28/19 10:34,75.463,73.6,1536.2,67.971
8/28/19 10:34,75.463,73.6,1526.2,67.971
8/28/19 10:34,75.463,73.7,1516.2,67.971
8/28/19 10:34,75.463,73.8,1518.7,67.971
8/28/19 10:34,75.42,73.7,1516.2,67.971
8/28/19 10:34,75.463,73.8,1513.7,67.971
8/28/19 10:34,75.42,73.8,1493.7,67.971
8/28/19 10:34,75.42,73.8,1488.7,67.971
8/28/19 10:34,75.42,73.8,1473.7,67.971
8/28/19 10:34,75.42,73.9,1458.7,67.971
8/28/19 10:34,75.42,73.9,1441.2,67.971
8/28/19 10:34,75.42,73.9,1438.7,67.971
8/28/19 10:34,75.42,73.9,1448.7,67.971
8/28/19 10:34,75.42,73.9,1453.7,67.971
8/28/19 10:34,75.42,73.9,1438.7,67.971
8/28/19 10:34,75.42,73.9,1411.2,67.971
8/28/19 10:34,75.42,73.9,1383.7,67.971
8/28/19 10:34,75.42,73.9,1371.2,67.971
8/28/19 10:34,75.42,73.9,1358.7,67.971
8/28/19 10:34,75.42,73.9,1346.2,67.971
8/28/19 10:34,75.42,73.9,1343.7,67.971
8/28/19 10:34,75.42,73.9,1341.2,67.971
8/28/19 10:34,75.42,73.8,1346.2,67.971
8/28/19 10:34,75.42,73.8,1358.7,67.971
8/28/19 10:34,75.42,73.7,1376.2,67.971
8/28/19 10:34,75.42,73.8,1398.7,67.971
8/28/19 10:34,75.42,73.6,1428.7,67.971
8/28/19 10:34,75.42,73.6,1438.7,67.971
8/28/19 10:34,75.42,73.5,1448.7,67.971
8/28/19 10:34,75.376,73.5,1451.2,67.971
8/28/19 10:34,75.376,73.3,1456.2,67.971
8/28/19 10:34,75.376,73.4,1456.2,67.971
8/28/19 10:34,75.376,73.3,1451.2,67.971
8/28/19 10:34,75.376,73.5,1456.2,67.971
8/28/19 10:34,75.376,73.4,1473.7,67.971
8/28/19 10:34,75.333,73.5,1471.2,67.971
8/28/19 10:34,75.376,73.5,1463.7,67.971
8/28/19 10:34,75.376,73.5,1456.2,67.971
8/28/19 10:34,75.333,73.5,1446.2,67.971
8/28/19 10:34,75.333,73.6,1436.2,67.971
8/28/19 10:34,75.333,73.5,1426.2,67.971
8/28/19 10:34,75.333,73.4,1438.7,67.971
8/28/19 10:34,75.333,73.3,1443.7,67.971
8/28/19 10:34,75.333,73.2,1431.2,67.971
8/28/19 10:34,75.333,73.3,1403.7,67.971
8/28/19 10:34,75.333,73.2,1378.7,67.971
8/28/19 10:34,75.333,73.3,1366.2,67.971
8/28/19 10:34,75.333,73.2,1346.2,67.971
8/28/19 10:35,75.29,73.1,1331.2,67.971
8/28/19 10:35,75.29,73.2,1318.7,67.971
8/28/19 10:35,75.29,73.2,1303.7,67.971
8/28/19 10:35,75.29,73.2,1303.7,67.971
8/28/19 10:35,75.29,73.2,1311.2,67.971
8/28/19 10:35,75.29,73.2,1306.2,67.971
8/28/19 10:35,75.29,73.2,1298.7,67.971
8/28/19 10:35,75.29,73.2,1288.7,67.971
8/28/19 10:35,75.29,73.2,1298.7,68.013
8/28/19 10:35,75.29,73.2,1306.2,68.013
8/28/19 10:35,75.29,73.2,1303.7,67.971
8/28/19 10:35,75.29,73.2,1298.7,68.013
8/28/19 10:35,75.247,73.2,1311.2,68.013
8/28/19 10:35,75.247,73.1,1321.2,68.013
8/28/19 10:35,75.247,73.1,1336.2,68.013
8/28/19 10:35,75.247,73.1,1363.7,68.013
8/28/19 10:35,75.247,73.2,1381.2,68.013
8/28/19 10:35,75.247,73.2,1378.7,68.013
8/28/19 10:35,75.247,73.3,1376.2,68.013
8/28/19 10:35,75.247,73.3,1406.2,68.013
8/28/19 10:35,75.247,73.3,1436.2,68.013
8/28/19 10:35,75.247,73.4,1441.2,68.013
8/28/19 10:35,75.247,73.4,1433.7,68.013
8/28/19 10:35,75.247,73.5,1418.7,68.013
8/28/19 10:35,75.247,73.6,1413.7,68.013
8/28/19 10:35,75.247,73.7,1401.2,68.013
8/28/19 10:35,75.247,73.7,1398.7,68.013
8/28/19 10:35,75.247,73.8,1408.7,68.013
8/28/19 10:35,75.29,73.8,1421.2,68.013
8/28/19 10:35,75.29,73.8,1413.7,68.013
8/28/19 10:35,75.247,73.8,1388.7,68.013
8/28/19 10:35,75.29,73.7,1363.7,68.013
8/28/19 10:35,75.29,73.7,1376.2,68.013
8/28/19 10:35,75.29,73.7,1408.7,68.013
8/28/19 10:35,75.29,73.6,1466.2,68.013
8/28/19 10:35,75.29,73.6,1473.7,68.013
8/28/19 10:35,75.29,73.6,1458.7,68.013
8/28/19 10:35,75.29,73.6,1461.2,68.013
8/28/19 10:35,75.29,73.5,1503.7,68.013
8/28/19 10:35,75.29,73.5,1536.2,68.013
8/28/19 10:35,75.29,73.6,1548.7,68.013
8/28/19 10:35,75.29,73.6,1553.7,68.013
8/28/19 10:35,75.29,73.7,1526.2,68.013
8/28/19 10:35,75.29,73.7,1513.7,68.013
8/28/19 10:35,75.29,73.6,1508.7,68.013
8/28/19 10:35,75.29,73.7,1533.7,68.013
8/28/19 10:35,75.29,73.7,1538.7,68.013
8/28/19 10:35,75.29,73.7,1498.7,68.013
8/28/19 10:35,75.29,73.8,1466.2,68.013
8/28/19 10:35,75.29,73.8,1463.7,68.013
8/28/19 10:35,75.29,73.9,1473.7,68.013
8/28/19 10:35,75.29,74,1461.2,68.013
8/28/19 10:35,75.29,74,1441.2,68.013
8/28/19 10:35,75.29,74.1,1441.2,68.013
8/28/19 10:35,75.29,74.2,1441.2,68.013
8/28/19 10:35,75.29,74.3,1428.7,68.013
8/28/19 10:35,75.29,74.3,1418.7,68.013
8/28/19 10:35,75.29,74.3,1441.2,68.013
8/28/19 10:35,75.29,74.4,1446.2,68.056
8/28/19 10:35,75.29,74.4,1446.2,68.056
8/28/19 10:36,75.29,74.4,1431.2,68.013
8/28/19 10:36,75.29,74.5,1416.2,68.013
8/28/19 10:36,75.333,74.5,1418.7,68.013
8/28/19 10:36,75.333,74.5,1433.7,68.013
8/28/19 10:36,75.333,74.6,1456.2,68.056
8/28/19 10:36,75.333,74.6,1476.2,68.013
8/28/19 10:36,75.333,74.6,1516.2,68.056
8/28/19 10:36,75.333,74.6,1561.2,68.013
8/28/19 10:36,75.333,74.6,1591.2,68.056
8/28/19 10:36,75.333,74.5,1603.7,68.056
8/28/19 10:36,75.376,74.5,1571.2,68.013
8/28/19 10:36,75.376,74.4,1551.2,68.056
8/28/19 10:36,75.376,74.4,1551.2,68.056
8/28/19 10:36,75.376,74.3,1561.2,68.056
8/28/19 10:36,75.376,74.3,1561.2,68.056
8/28/19 10:36,75.376,74.2,1536.2,68.056
8/28/19 10:36,75.376,74.2,1503.7,68.056
8/28/19 10:36,75.376,74.2,1471.2,68.056
8/28/19 10:36,75.376,74.2,1471.2,68.056
8/28/19 10:36,75.376,74.2,1471.2,68.056
8/28/19 10:36,75.376,74.2,1481.2,68.056
8/28/19 10:36,75.376,74.2,1503.7,68.056
8/28/19 10:36,75.376,74.1,1511.2,68.056
8/28/19 10:36,75.376,74.1,1506.2,68.056
8/28/19 10:36,75.376,74.1,1486.2,68.056
8/28/19 10:36,75.376,74,1501.2,68.056
8/28/19 10:36,75.376,73.9,1528.7,68.056
8/28/19 10:36,75.376,73.9,1548.7,68.056
8/28/19 10:36,75.376,73.8,1551.2,68.056
8/28/19 10:36,75.376,73.8,1571.2,68.056
8/28/19 10:36,75.376,73.8,1546.2,68.056
8/28/19 10:36,75.376,73.7,1516.2,68.056
8/28/19 10:36,75.376,73.7,1463.7,68.056
8/28/19 10:36,75.376,73.7,1443.7,68.056
8/28/19 10:36,75.333,73.7,1431.2,68.056
8/28/19 10:36,75.376,73.7,1446.2,68.056
8/28/19 10:36,75.376,73.7,1468.7,68.056
8/28/19 10:36,75.333,73.7,1488.7,68.056
8/28/19 10:36,75.333,73.7,1473.7,68.056
8/28/19 10:36,75.333,73.7,1438.7,68.056
8/28/19 10:36,75.376,73.7,1431.2,68.056
8/28/19 10:36,75.376,73.7,1438.7,68.056
8/28/19 10:36,75.333,73.7,1453.7,68.056
8/28/19 10:36,75.376,73.8,1451.2,68.056
8/28/19 10:36,75.376,73.8,1456.2,68.056
8/28/19 10:36,75.376,73.9,1443.7,68.056
8/28/19 10:36,75.376,74,1438.7,68.056
8/28/19 10:36,75.376,74.1,1418.7,68.056
8/28/19 10:36,75.376,74.1,1411.2,68.056
8/28/19 10:36,75.376,74.1,1408.7,68.056
8/28/19 10:36,75.376,74.1,1421.2,68.056
8/28/19 10:36,75.42,74.1,1438.7,68.056
8/28/19 10:36,75.42,74.1,1443.7,68.056
8/28/19 10:36,75.42,74.1,1436.2,68.056
8/28/19 10:36,75.42,74.2,1421.2,68.056
8/28/19 10:36,75.42,74.3,1403.7,68.056
8/28/19 10:36,75.42,74.3,1393.7,68.056
8/28/19 10:36,75.463,74.3,1383.7,68.056
8/28/19 10:36,75.463,74.3,1381.2,68.056
8/28/19 10:36,75.463,74.3,1378.7,68.056
8/28/19 10:37,75.463,74.3,1373.7,68.056
8/28/19 10:37,75.463,74.4,1361.2,68.056
8/28/19 10:37,75.463,74.4,1353.7,68.056
8/28/19 10:37,75.463,74.5,1348.7,68.056
8/28/19 10:37,75.463,74.5,1356.2,68.056
8/28/19 10:37,75.508,74.6,1363.7,68.056
8/28/19 10:37,75.508,74.5,1378.7,68.056
8/28/19 10:37,75.508,74.6,1393.7,68.056
8/28/19 10:37,75.508,74.6,1401.2,68.099
8/28/19 10:37,75.508,74.7,1398.7,68.056
8/28/19 10:37,75.551,74.7,1393.7,68.056
8/28/19 10:37,75.551,74.8,1388.7,68.056
8/28/19 10:37,75.551,74.8,1388.7,68.056
8/28/19 10:37,75.551,74.7,1393.7,68.056
8/28/19 10:37,75.551,74.8,1391.2,68.056
8/28/19 10:37,75.594,74.8,1386.2,68.099
8/28/19 10:37,75.594,74.7,1373.7,68.056
8/28/19 10:37,75.594,74.6,1363.7,68.099
8/28/19 10:37,75.594,74.6,1363.7,68.056
8/28/19 10:37,75.594,74.4,1368.7,68.099
8/28/19 10:37,75.594,74.3,1363.7,68.056
8/28/19 10:37,75.594,74.2,1358.7,68.099
8/28/19 10:37,75.594,74.1,1353.7,68.056
8/28/19 10:37,75.594,74.1,1346.2,68.099
8/28/19 10:37,75.594,74.1,1343.7,68.099
8/28/19 10:37,75.594,74,1346.2,68.099
8/28/19 10:37,75.594,74,1348.7,68.099
8/28/19 10:37,75.594,74,1343.7,68.099
8/28/19 10:37,75.594,74.1,1331.2,68.099
8/28/19 10:37,75.551,74.1,1323.7,68.099
8/28/19 10:37,75.551,74.1,1326.2,68.099
8/28/19 10:37,75.551,74.1,1323.7,68.099
8/28/19 10:37,75.551,74.1,1323.7,68.099
8/28/19 10:37,75.551,74.2,1328.7,68.099
8/28/19 10:37,75.551,74.3,1333.7,68.099
8/28/19 10:37,75.551,74.3,1331.2,68.099
8/28/19 10:37,75.551,74.3,1326.2,68.099
8/28/19 10:37,75.551,74.3,1318.7,68.099
8/28/19 10:37,75.551,74.2,1326.2,68.099
8/28/19 10:37,75.551,74.2,1343.7,68.099
8/28/19 10:37,75.551,74.2,1358.7,68.099
8/28/19 10:37,75.551,74.3,1368.7,68.099
8/28/19 10:37,75.551,74.3,1356.2,68.099
8/28/19 10:37,75.551,74.4,1356.2,68.099
8/28/19 10:37,75.551,74.4,1376.2,68.099
8/28/19 10:37,75.551,74.4,1406.2,68.099
8/28/19 10:37,75.551,74.5,1426.2,68.099
8/28/19 10:37,75.508,74.6,1426.2,68.099
8/28/19 10:37,75.551,74.6,1418.7,68.099
8/28/19 10:37,75.551,74.5,1396.2,68.099
8/28/19 10:37,75.551,74.5,1383.7,68.099
8/28/19 10:37,75.551,74.6,1383.7,68.099
8/28/19 10:37,75.551,74.5,1408.7,68.099
8/28/19 10:37,75.551,74.4,1438.7,68.099
8/28/19 10:37,75.551,74.3,1451.2,68.099
8/28/19 10:37,75.508,74.1,1441.2,68.099
8/28/19 10:37,75.508,74.2,1433.7,68.099
8/28/19 10:37,75.508,74.2,1441.2,68.099
8/28/19 10:37,75.508,74.1,1436.2,68.099
8/28/19 10:37,75.508,74.1,1421.2,68.099
8/28/19 10:38,75.508,74.1,1413.7,68.099
8/28/19 10:38,75.508,74.1,1418.7,68.099
8/28/19 10:38,75.508,74,1431.2,68.099
8/28/19 10:38,75.508,73.9,1466.2,68.099
8/28/19 10:38,75.463,73.9,1501.2,68.099
8/28/19 10:38,75.463,73.8,1511.2,68.099
8/28/19 10:38,75.463,73.8,1478.7,68.099
8/28/19 10:38,75.463,73.7,1478.7,68.099
8/28/19 10:38,75.463,73.7,1498.7,68.099
8/28/19 10:38,75.463,73.7,1528.7,68.099
8/28/19 10:38,75.463,73.8,1553.7,68.099
8/28/19 10:38,75.463,73.8,1573.7,68.099
8/28/19 10:38,75.42,73.8,1608.7,68.099
8/28/19 10:38,75.42,73.8,1643.7,68.099
8/28/19 10:38,75.42,73.8,1678.7,68.099
8/28/19 10:38,75.42,73.7,1696.2,68.099
8/28/19 10:38,75.42,73.8,1673.7,68.099
8/28/19 10:38,75.42,73.8,1666.2,68.099
8/28/19 10:38,75.42,73.8,1661.2,68.099
8/28/19 10:38,75.42,73.9,1708.7,68.142
8/28/19 10:38,75.42,73.9,1728.7,68.142
8/28/19 10:38,75.42,74,1693.7,68.142
8/28/19 10:38,75.42,74.1,1653.7,68.142
8/28/19 10:38,75.42,74.1,1661.2,68.142
8/28/19 10:38,75.42,74.1,1683.7,68.142
8/28/19 10:38,75.42,74.2,1696.2,68.142
8/28/19 10:38,75.42,74.1,1718.7,68.142
8/28/19 10:38,75.42,74.1,1746.2,68.142
8/28/19 10:38,75.42,74.1,1753.7,68.142
8/28/19 10:38,75.42,74,1726.2,68.142
8/28/19 10:38,75.42,73.9,1756.2,68.142
8/28/19 10:38,75.42,73.7,1798.7,68.142
8/28/19 10:38,75.42,73.7,1796.2,68.142
8/28/19 10:38,75.42,73.6,1761.2,68.142
8/28/19 10:38,75.42,73.6,1728.7,68.142
8/28/19 10:38,75.42,73.6,1731.2,68.142
8/28/19 10:38,75.42,73.6,1756.2,68.142
8/28/19 10:38,75.42,73.5,1796.2,68.142
8/28/19 10:38,75.42,73.4,1843.7,68.142
8/28/19 10:38,75.42,73.4,1858.7,68.142
8/28/19 10:38,75.376,73.4,1833.7,68.142
8/28/19 10:38,75.376,73.3,1808.7,68.142
8/28/19 10:38,75.376,73.2,1808.7,68.142
8/28/19 10:38,75.376,73.1,1846.2,68.142
8/28/19 10:38,75.376,73.1,1891.2,68.142
8/28/19 10:38,75.376,73.2,1931.2,68.142
8/28/19 10:38,75.376,73.2,1953.7,68.142
8/28/19 10:38,75.376,73.2,1968.7,68.142
8/28/19 10:38,75.333,73.2,1991.2,68.142
8/28/19 10:38,75.333,73.2,2018.7,68.142
8/28/19 10:38,75.333,73.2,2036.2,68.142
8/28/19 10:38,75.333,73.3,1993.7,68.142
8/28/19 10:38,75.333,73.3,1948.7,68.142
8/28/19 10:38,75.333,73.4,1911.2,68.142
8/28/19 10:38,75.333,73.4,1936.2,68.142
8/28/19 10:38,75.333,73.6,1976.2,68.142
8/28/19 10:38,75.333,73.7,1996.2,68.142
8/28/19 10:38,75.333,73.8,1973.7,68.142
8/28/19 10:38,75.333,73.9,1916.2,68.142
8/28/19 10:38,75.333,74,1858.7,68.142
8/28/19 10:39,75.333,74.1,1828.7,68.142
8/28/19 10:39,75.333,74.1,1806.2,68.142
8/28/19 10:39,75.376,74.3,1786.2,68.142
8/28/19 10:39,75.376,74.3,1791.2,68.142
8/28/19 10:39,75.376,74.4,1851.2,68.142
8/28/19 10:39,75.376,74.5,1921.2,68.142
8/28/19 10:39,75.376,74.5,1961.2,68.142
8/28/19 10:39,75.42,74.6,1966.2,68.142
8/28/19 10:39,75.42,74.7,1933.7,68.142
8/28/19 10:39,75.42,74.8,1911.2,68.142
8/28/19 10:39,75.42,74.9,1888.7,68.142
8/28/19 10:39,75.42,74.9,1893.7,68.142
8/28/19 10:39,75.463,74.9,1906.2,68.142
8/28/19 10:39,75.463,74.9,1891.2,68.142
8/28/19 10:39,75.463,74.9,1843.7,68.142
8/28/19 10:39,75.508,75,1806.2,68.142
8/28/19 10:39,75.508,74.8,1798.7,68.142
8/28/19 10:39,75.508,74.7,1828.7,68.142
8/28/19 10:39,75.551,74.6,1878.7,68.142
8/28/19 10:39,75.551,74.5,1921.2,68.142
8/28/19 10:39,75.551,74.4,1928.7,68.142
8/28/19 10:39,75.551,74.3,1908.7,68.142
8/28/19 10:39,75.551,74.3,1878.7,68.142
8/28/19 10:39,75.551,74.2,1873.7,68.142
8/28/19 10:39,75.551,74.2,1901.2,68.185
8/28/19 10:39,75.551,74.1,1923.7,68.142
8/28/19 10:39,75.551,74.2,1923.7,68.185
8/28/19 10:39,75.551,74.1,1896.2,68.185
8/28/19 10:39,75.594,74.1,1863.7,68.185
8/28/19 10:39,75.594,74.1,1843.7,68.185
8/28/19 10:39,75.594,74,1818.7,68.185
8/28/19 10:39,75.594,73.9,1816.2,68.142
8/28/19 10:39,75.594,73.8,1846.2,68.185
8/28/19 10:39,75.594,73.7,1881.2,68.185
8/28/19 10:39,75.594,73.7,1878.7,68.185
8/28/19 10:39,75.594,73.6,1851.2,68.185
8/28/19 10:39,75.594,73.5,1818.7,68.185
8/28/19 10:39,75.594,73.4,1803.7,68.185
8/28/19 10:39,75.594,73.4,1818.7,68.185
8/28/19 10:39,75.594,73.3,1853.7,68.185
8/28/19 10:39,75.594,73.3,1858.7,68.185
8/28/19 10:39,75.594,73.3,1831.2,68.185
8/28/19 10:39,75.594,73.4,1791.2,68.185
8/28/19 10:39,75.594,73.4,1758.7,68.185
8/28/19 10:39,75.594,73.4,1763.7,68.185
8/28/19 10:39,75.594,73.5,1771.2,68.185
8/28/19 10:39,75.594,73.6,1768.7,68.185
8/28/19 10:39,75.594,73.7,1748.7,68.185
8/28/19 10:39,75.594,73.7,1751.2,68.185
8/28/19 10:39,75.594,73.8,1761.2,68.185
8/28/19 10:39,75.594,74,1771.2,68.185
8/28/19 10:39,75.594,74.1,1776.2,68.185
8/28/19 10:39,75.594,74.1,1761.2,68.185
8/28/19 10:39,75.637,74.3,1738.7,68.185
8/28/19 10:39,75.637,74.4,1728.7,68.185
8/28/19 10:39,75.637,74.5,1726.2,68.185
8/28/19 10:39,75.637,74.5,1721.2,68.185
8/28/19 10:39,75.637,74.6,1713.7,68.185
8/28/19 10:39,75.681,74.6,1716.2,68.185
8/28/19 10:39,75.681,74.6,1743.7,68.185
8/28/19 10:40,75.681,74.6,1768.7,68.185
8/28/19 10:40,75.681,74.6,1761.2,68.185
8/28/19 10:40,75.724,74.6,1763.7,68.185
8/28/19 10:40,75.724,74.6,1766.2,68.185
8/28/19 10:40,75.724,74.7,1791.2,68.185
8/28/19 10:40,75.724,74.7,1791.2,68.185
8/28/19 10:40,75.767,74.7,1763.7,68.185
8/28/19 10:40,75.767,74.7,1728.7,68.185
8/28/19 10:40,75.767,74.7,1716.2,68.185
8/28/19 10:40,75.767,74.6,1723.7,68.185
8/28/19 10:40,75.81,74.6,1733.7,68.185
8/28/19 10:40,75.81,74.6,1723.7,68.185
8/28/19 10:40,75.81,74.6,1726.2,68.185
8/28/19 10:40,75.81,74.7,1763.7,68.185
8/28/19 10:40,75.81,74.7,1806.2,68.185
8/28/19 10:40,75.81,74.7,1836.2,68.227
8/28/19 10:40,75.853,74.8,1828.7,68.185
8/28/19 10:40,75.853,74.8,1788.7,68.185
8/28/19 10:40,75.853,74.9,1746.2,68.227
8/28/19 10:40,75.853,75,1718.7,68.185
8/28/19 10:40,75.853,74.9,1688.7,68.227
8/28/19 10:40,75.898,75,1658.7,68.185
8/28/19 10:40,75.898,75,1658.7,68.227
8/28/19 10:40,75.898,75.1,1693.7,68.185
8/28/19 10:40,75.898,75.1,1721.2,68.227
8/28/19 10:40,75.942,75.1,1726.2,68.227
8/28/19 10:40,75.942,75.2,1716.2,68.227
8/28/19 10:40,75.942,75.2,1708.7,68.227
8/28/19 10:40,75.985,75.1,1683.7,68.227
8/28/19 10:40,75.985,74.9,1658.7,68.227
8/28/19 10:40,75.985,74.9,1653.7,68.227
8/28/19 10:40,75.985,74.8,1676.2,68.227
8/28/19 10:40,75.985,74.6,1708.7,68.227
8/28/19 10:40,76.028,74.6,1746.2,68.227
8/28/19 10:40,76.028,74.5,1751.2,68.227
8/28/19 10:40,76.028,74.4,1731.2,68.227
8/28/19 10:40,76.028,74.4,1691.2,68.227
8/28/19 10:40,76.028,74.4,1651.2,68.227
8/28/19 10:40,76.028,74.4,1628.7,68.227
8/28/19 10:40,76.028,74.4,1626.2,68.227
8/28/19 10:40,76.028,74.4,1646.2,68.227
8/28/19 10:40,76.071,74.5,1661.2,68.227
8/28/19 10:40,76.071,74.5,1648.7,68.227
8/28/19 10:40,76.071,74.5,1641.2,68.227
8/28/19 10:40,76.071,74.6,1643.7,68.227
8/28/19 10:40,76.071,74.6,1631.2,68.227
8/28/19 10:40,76.114,74.6,1638.7,68.227
8/28/19 10:40,76.114,74.6,1633.7,68.227
8/28/19 10:40,76.114,74.6,1613.7,68.227
8/28/19 10:40,76.158,74.6,1601.2,68.227
8/28/19 10:40,76.158,74.6,1606.2,68.227
8/28/19 10:40,76.158,74.6,1623.7,68.227
8/28/19 10:40,76.158,74.6,1628.7,68.227
8/28/19 10:40,76.158,74.6,1606.2,68.227
8/28/19 10:40,76.203,74.6,1578.7,68.227
8/28/19 10:40,76.203,74.6,1583.7,68.227
8/28/19 10:40,76.203,74.6,1611.2,68.227
8/28/19 10:40,76.203,74.7,1638.7,68.227
8/28/19 10:40,76.246,74.7,1648.7,68.227
8/28/19 10:40,76.246,74.7,1651.2,68.227
8/28/19 10:41,76.246,74.7,1651.2,68.227
8/28/19 10:41,76.246,74.8,1636.2,68.227
8/28/19 10:41,76.289,74.8,1613.7,68.227
8/28/19 10:41,76.289,74.8,1603.7,68.227
8/28/19 10:41,76.289,74.9,1603.7,68.227
8/28/19 10:41,76.289,74.9,1601.2,68.227
8/28/19 10:41,76.332,74.9,1596.2,68.227
8/28/19 10:41,76.332,74.9,1598.7,68.227
8/28/19 10:41,76.332,74.8,1598.7,68.227
8/28/19 10:41,76.375,74.8,1593.7,68.227
8/28/19 10:41,76.375,74.8,1576.2,68.227
8/28/19 10:41,76.375,74.7,1558.7,68.227
8/28/19 10:41,76.375,74.7,1548.7,68.27
8/28/19 10:41,76.375,74.8,1541.2,68.227
8/28/19 10:41,76.419,74.6,1541.2,68.227
8/28/19 10:41,76.419,74.5,1531.2,68.227
8/28/19 10:41,76.419,74.6,1526.2,68.227
8/28/19 10:41,76.419,74.5,1523.7,68.27
8/28/19 10:41,76.464,74.4,1511.2,68.27
8/28/19 10:41,76.464,74.3,1506.2,68.227
8/28/19 10:41,76.464,74.3,1511.2,68.227
8/28/19 10:41,76.464,74.3,1533.7,68.27
8/28/19 10:41,76.464,74.4,1551.2,68.27
8/28/19 10:41,76.464,74.4,1561.2,68.27
8/28/19 10:41,76.464,74.4,1556.2,68.27
8/28/19 10:41,76.507,74.4,1548.7,68.27
8/28/19 10:41,76.507,74.3,1546.2,68.27
8/28/19 10:41,76.507,74.3,1533.7,68.27
8/28/19 10:41,76.507,74.3,1523.7,68.27
8/28/19 10:41,76.507,74.2,1506.2,68.27
8/28/19 10:41,76.507,74.2,1496.2,68.27
8/28/19 10:41,76.507,74.3,1498.7,68.27
8/28/19 10:41,76.55,74.3,1498.7,68.27
8/28/19 10:41,76.55,74.3,1501.2,68.27
8/28/19 10:41,76.55,74.2,1506.2,68.27
8/28/19 10:41,76.55,74.2,1508.7,68.27
8/28/19 10:41,76.55,74.2,1516.2,68.27
8/28/19 10:41,76.55,74.2,1528.7,68.27
8/28/19 10:41,76.55,74.2,1536.2,68.27
8/28/19 10:41,76.55,74.3,1548.7,68.27
8/28/19 10:41,76.55,74.2,1556.2,68.27
8/28/19 10:41,76.593,74.2,1546.2,68.27
8/28/19 10:41,76.593,74.2,1543.7,68.27
8/28/19 10:41,76.593,74.3,1541.2,68.27
8/28/19 10:41,76.593,74.2,1536.2,68.27
8/28/19 10:41,76.593,74.2,1526.2,68.27
8/28/19 10:41,76.593,74.2,1516.2,68.27
8/28/19 10:41,76.636,74.2,1516.2,68.27
8/28/19 10:41,76.636,74.2,1531.2,68.27
8/28/19 10:41,76.636,74.2,1536.2,68.27
8/28/19 10:41,76.636,74.2,1516.2,68.27
8/28/19 10:41,76.636,74.3,1496.2,68.27
8/28/19 10:41,76.636,74.3,1498.7,68.27
8/28/19 10:41,76.636,74.3,1523.7,68.27
8/28/19 10:41,76.681,74.3,1561.2,68.27
8/28/19 10:41,76.681,74.2,1578.7,68.27
8/28/19 10:41,76.681,74.3,1568.7,68.27
8/28/19 10:41,76.681,74.2,1538.7,68.27
8/28/19 10:41,76.681,74.1,1513.7,68.27
8/28/19 10:41,76.681,74,1501.2,68.27
8/28/19 10:42,76.681,73.9,1506.2,68.27
8/28/19 10:42,76.681,73.9,1498.7,68.27
8/28/19 10:42,76.681,73.7,1486.2,68.27
8/28/19 10:42,76.681,73.7,1471.2,68.27
8/28/19 10:42,76.681,73.7,1476.2,68.27
8/28/19 10:42,76.681,73.7,1503.7,68.27
8/28/19 10:42,76.681,73.7,1526.2,68.27
8/28/19 10:42,76.681,73.7,1523.7,68.27
8/28/19 10:42,76.681,73.8,1498.7,68.27
8/28/19 10:42,76.681,73.8,1466.2,68.27
8/28/19 10:42,76.681,73.9,1448.7,68.27
8/28/19 10:42,76.681,73.8,1453.7,68.27
8/28/19 10:42,76.681,73.9,1471.2,68.27
8/28/19 10:42,76.681,73.9,1483.7,68.313
8/28/19 10:42,76.681,73.9,1473.7,68.313
8/28/19 10:42,76.681,74,1453.7,68.313
8/28/19 10:42,76.725,74,1453.7,68.27
8/28/19 10:42,76.725,73.9,1468.7,68.27
8/28/19 10:42,76.725,73.9,1478.7,68.27
8/28/19 10:42,76.725,73.8,1478.7,68.313
8/28/19 10:42,76.725,73.7,1488.7,68.313
8/28/19 10:42,76.725,73.5,1516.2,68.313
8/28/19 10:42,76.725,73.5,1553.7,68.313
8/28/19 10:42,76.725,73.4,1553.7,68.313
8/28/19 10:42,76.725,73.5,1531.2,68.313
8/28/19 10:42,76.725,73.5,1503.7,68.313
8/28/19 10:42,76.725,73.5,1496.2,68.313
8/28/19 10:42,76.725,73.5,1521.2,68.313
8/28/19 10:42,76.681,73.4,1538.7,68.313
8/28/19 10:42,76.725,73.5,1538.7,68.313
8/28/19 10:42,76.725,73.5,1536.2,68.313
8/28/19 10:42,76.725,73.5,1551.2,68.313
8/28/19 10:42,76.725,73.5,1563.7,68.313
8/28/19 10:42,76.725,73.5,1551.2,68.313
8/28/19 10:42,76.725,73.4,1521.2,68.313
8/28/19 10:42,76.681,73.4,1503.7,68.313
8/28/19 10:42,76.725,73.4,1498.7,68.313
8/28/19 10:42,76.681,73.4,1488.7,68.313
8/28/19 10:42,76.681,73.4,1471.2,68.313
8/28/19 10:42,76.681,73.3,1463.7,68.313
8/28/19 10:42,76.681,73.3,1476.2,68.313
8/28/19 10:42,76.681,73.2,1506.2,68.313
8/28/19 10:42,76.681,73.1,1536.2,68.313
8/28/19 10:42,76.681,73,1553.7,68.313
8/28/19 10:42,76.681,73.1,1543.7,68.313
8/28/19 10:42,76.681,73,1511.2,68.313
8/28/19 10:42,76.681,72.9,1483.7,68.313
8/28/19 10:42,76.681,72.8,1483.7,68.313
8/28/19 10:42,76.636,72.8,1503.7,68.313
8/28/19 10:42,76.636,72.7,1511.2,68.313
8/28/19 10:42,76.636,72.7,1503.7,68.313
8/28/19 10:42,76.636,72.6,1483.7,68.313
8/28/19 10:42,76.636,72.5,1476.2,68.313
8/28/19 10:42,76.593,72.4,1476.2,68.313
8/28/19 10:42,76.593,72.2,1473.7,68.313
8/28/19 10:42,76.593,72.2,1458.7,68.313
8/28/19 10:42,76.593,72.2,1436.2,68.313
8/28/19 10:42,76.593,72.1,1428.7,68.313
8/28/19 10:42,76.55,72.1,1436.2,68.313
8/28/19 10:42,76.55,72,1446.2,68.313
8/28/19 10:43,76.55,72,1451.2,68.313
8/28/19 10:43,76.507,71.9,1468.7,68.313
8/28/19 10:43,76.507,71.9,1493.7,68.313
8/28/19 10:43,76.507,71.8,1511.2,68.313
8/28/19 10:43,76.464,71.9,1516.2,68.313
8/28/19 10:43,76.464,71.9,1516.2,68.313
8/28/19 10:43,76.464,71.8,1513.7,68.313
8/28/19 10:43,76.464,71.9,1513.7,68.313
8/28/19 10:43,76.419,72,1511.2,68.313
8/28/19 10:43,76.419,72.1,1511.2,68.313
8/28/19 10:43,76.419,72.1,1511.2,68.313
8/28/19 10:43,76.419,72.2,1511.2,68.313
8/28/19 10:43,76.419,72.2,1513.7,68.313
8/28/19 10:43,76.375,72.3,1516.2,68.313
8/28/19 10:43,76.375,72.3,1516.2,68.313
8/28/19 10:43,76.375,72.3,1508.7,68.356
8/28/19 10:43,76.375,72.4,1503.7,68.313
8/28/19 10:43,76.375,72.5,1503.7,68.313
8/28/19 10:43,76.332,72.5,1508.7,68.313
8/28/19 10:43,76.332,72.6,1503.7,68.313
8/28/19 10:43,76.332,72.6,1496.2,68.356
8/28/19 10:43,76.332,72.7,1491.2,68.313
8/28/19 10:43,76.332,72.8,1488.7,68.356
8/28/19 10:43,76.332,72.8,1488.7,68.313
8/28/19 10:43,76.332,73,1483.7,68.356
8/28/19 10:43,76.332,73.1,1478.7,68.356
8/28/19 10:43,76.332,73,1481.2,68.356
8/28/19 10:43,76.332,73.1,1478.7,68.356
8/28/19 10:43,76.332,73.3,1478.7,68.356
8/28/19 10:43,76.332,73.3,1476.2,68.356
8/28/19 10:43,76.332,73.2,1473.7,68.356
8/28/19 10:43,76.332,73.2,1466.2,68.356
8/28/19 10:43,76.332,73.2,1458.7,68.356
8/28/19 10:43,76.332,73.2,1463.7,68.356
8/28/19 10:43,76.332,73.2,1463.7,68.356
8/28/19 10:43,76.332,73,1468.7,68.356
8/28/19 10:43,76.289,73,1476.2,68.356
8/28/19 10:43,76.332,73,1478.7,68.356
8/28/19 10:43,76.289,73.1,1486.2,68.356
8/28/19 10:43,76.289,72.9,1488.7,68.356
8/28/19 10:43,76.289,72.9,1496.2,68.356
8/28/19 10:43,76.289,72.9,1506.2,68.356
8/28/19 10:43,76.289,72.8,1513.7,68.356
8/28/19 10:43,76.289,72.7,1526.2,68.356
8/28/19 10:43,76.289,72.6,1543.7,68.356
8/28/19 10:43,76.289,72.6,1551.2,68.356
8/28/19 10:43,76.289,72.5,1551.2,68.356
8/28/19 10:43,76.246,72.6,1543.7,68.356
8/28/19 10:43,76.246,72.4,1526.2,68.356
8/28/19 10:43,76.246,72.4,1513.7,68.356
8/28/19 10:43,76.246,72.3,1508.7,68.356
8/28/19 10:43,76.246,72.3,1498.7,68.356
8/28/19 10:43,76.246,72.1,1498.7,68.356
8/28/19 10:43,76.246,72.1,1503.7,68.356
8/28/19 10:43,76.203,72,1513.7,68.356
8/28/19 10:43,76.203,71.8,1523.7,68.356
8/28/19 10:43,76.203,71.8,1533.7,68.356
8/28/19 10:43,76.158,71.7,1541.2,68.356
8/28/19 10:43,76.158,71.7,1536.2,68.356
8/28/19 10:43,76.158,71.8,1528.7,68.356
8/28/19 10:44,76.158,71.7,1521.2,68.356
8/28/19 10:44,76.158,71.7,1516.2,68.356
8/28/19 10:44,76.114,71.7,1531.2,68.356
8/28/19 10:44,76.114,71.7,1548.7,68.356
8/28/19 10:44,76.114,71.8,1566.2,68.356
8/28/19 10:44,76.071,71.8,1568.7,68.356
8/28/19 10:44,76.071,71.8,1563.7,68.356
8/28/19 10:44,76.071,71.8,1561.2,68.356
8/28/19 10:44,76.071,71.8,1568.7,68.356
8/28/19 10:44,76.071,71.8,1573.7,68.356
8/28/19 10:44,76.071,71.8,1566.2,68.356
8/28/19 10:44,76.028,71.7,1556.2,68.356
8/28/19 10:44,76.028,71.7,1551.2,68.356
8/28/19 10:44,76.028,71.8,1558.7,68.356
8/28/19 10:44,76.028,71.8,1548.7,68.356
8/28/19 10:44,76.028,71.8,1531.2,68.356
8/28/19 10:44,75.985,71.9,1508.7,68.356
8/28/19 10:44,75.985,72,1498.7,68.356
8/28/19 10:44,75.985,72,1508.7,68.4
8/28/19 10:44,75.985,72,1528.7,68.356
8/28/19 10:44,75.985,72,1548.7,68.356
8/28/19 10:44,75.985,72,1561.2,68.356
8/28/19 10:44,75.942,72.1,1551.2,68.4
8/28/19 10:44,75.942,72.2,1536.2,68.356
8/28/19 10:44,75.942,72.1,1528.7,68.4
8/28/19 10:44,75.942,72.2,1521.2,68.4
8/28/19 10:44,75.942,72.4,1511.2,68.4
8/28/19 10:44,75.942,72.5,1516.2,68.356
8/28/19 10:44,75.942,72.6,1536.2,68.4
8/28/19 10:44,75.942,72.6,1556.2,68.4
8/28/19 10:44,75.942,72.6,1563.7,68.4
8/28/19 10:44,75.942,72.6,1571.2,68.4
8/28/19 10:44,75.942,72.6,1578.7,68.4
8/28/19 10:44,75.942,72.6,1583.7,68.4
8/28/19 10:44,75.942,72.6,1583.7,68.4
8/28/19 10:44,75.942,72.7,1573.7,68.4
8/28/19 10:44,75.942,72.8,1546.2,68.4
8/28/19 10:44,75.942,72.9,1521.2,68.4
8/28/19 10:44,75.942,72.9,1523.7,68.4
8/28/19 10:44,75.942,72.9,1543.7,68.4
8/28/19 10:44,75.942,73,1563.7,68.4
8/28/19 10:44,75.942,73,1573.7,68.4
8/28/19 10:44,75.942,73.1,1571.2,68.4
8/28/19 10:44,75.942,73.2,1561.2,68.4
8/28/19 10:44,75.942,73.2,1551.2,68.4
8/28/19 10:44,75.942,73.1,1543.7,68.4
8/28/19 10:44,75.942,73.1,1551.2,68.4
8/28/19 10:44,75.942,73.1,1571.2,68.4
8/28/19 10:44,75.942,73.1,1588.7,68.4
8/28/19 10:44,75.985,73,1583.7,68.4
8/28/19 10:44,75.985,73,1543.7,68.4
8/28/19 10:44,75.985,73,1511.2,68.4
8/28/19 10:44,75.985,73.1,1501.2,68.4
8/28/19 10:44,75.985,73.1,1513.7,68.4
8/28/19 10:44,75.985,73.1,1528.7,68.4
8/28/19 10:44,75.985,73.1,1538.7,68.4
8/28/19 10:44,75.985,73.1,1546.2,68.4
8/28/19 10:44,75.985,73.1,1538.7,68.4
8/28/19 10:44,75.985,73.2,1533.7,68.4
8/28/19 10:44,76.028,73.2,1528.7,68.4
8/28/19 10:45,76.028,73.2,1531.2,68.4
8/28/19 10:45,76.028,73.3,1536.2,68.4
8/28/19 10:45,76.028,73.3,1526.2,68.4
8/28/19 10:45,76.028,73.3,1513.7,68.4
8/28/19 10:45,76.028,73.3,1511.2,68.4
8/28/19 10:45,76.028,73.3,1508.7,68.4
8/28/19 10:45,76.028,73.3,1506.2,68.4
8/28/19 10:45,76.071,73.4,1503.7,68.4
8/28/19 10:45,76.071,73.4,1491.2,68.4
8/28/19 10:45,76.071,73.5,1486.2,68.4
8/28/19 10:45,76.071,73.5,1478.7,68.4
8/28/19 10:45,76.071,73.6,1466.2,68.4
8/28/19 10:45,76.071,73.6,1451.2,68.4
8/28/19 10:45,76.071,73.6,1446.2,68.4
8/28/19 10:45,76.114,73.7,1433.7,68.4
8/28/19 10:45,76.114,73.7,1431.2,68.4
8/28/19 10:45,76.114,73.7,1443.7,68.4
8/28/19 10:45,76.114,73.8,1453.7,68.4
8/28/19 10:45,76.114,73.7,1451.2,68.4
8/28/19 10:45,76.114,73.8,1431.2,68.4
8/28/19 10:45,76.158,73.7,1413.7,68.4
8/28/19 10:45,76.158,73.8,1406.2,68.4
8/28/19 10:45,76.158,73.8,1403.7,68.4
8/28/19 10:45,76.158,73.7,1406.2,68.4
8/28/19 10:45,76.158,73.8,1411.2,68.4
8/28/19 10:45,76.158,73.8,1403.7,68.4
8/28/19 10:45,76.158,73.8,1403.7,68.4
8/28/19 10:45,76.203,73.8,1396.2,68.4
8/28/19 10:45,76.203,73.8,1383.7,68.4
8/28/19 10:45,76.203,73.8,1376.2,68.4
8/28/19 10:45,76.203,73.9,1378.7,68.4
8/28/19 10:45,76.246,73.9,1391.2,68.4
8/28/19 10:45,76.246,74.1,1406.2,68.4
8/28/19 10:45,76.246,74.1,1401.2,68.4
8/28/19 10:45,76.246,74.1,1398.7,68.4
8/28/19 10:45,76.246,74.2,1398.7,68.4
8/28/19 10:45,76.289,74.2,1403.7,68.443
8/28/19 10:45,76.289,74.2,1408.7,68.4
8/28/19 10:45,76.289,74.3,1426.2,68.4
8/28/19 10:45,76.332,74.3,1433.7,68.443
8/28/19 10:45,76.332,74.4,1416.2,68.443
8/28/19 10:45,76.332,74.5,1383.7,68.4
8/28/19 10:45,76.332,74.6,1353.7,68.443
8/28/19 10:45,76.375,74.7,1336.2,68.4
8/28/19 10:45,76.375,74.9,1323.7,68.443
8/28/19 10:45,76.375,75.1,1323.7,68.443
8/28/19 10:45,76.419,75.1,1333.7,68.443
8/28/19 10:45,76.419,75.1,1338.7,68.443
8/28/19 10:45,76.419,75.2,1338.7,68.443
8/28/19 10:45,76.464,75.3,1338.7,68.443
8/28/19 10:45,76.464,75.3,1338.7,68.443
8/28/19 10:45,76.507,75.4,1338.7,68.443
8/28/19 10:45,76.507,75.5,1343.7,68.443
8/28/19 10:45,76.507,75.4,1353.7,68.443
8/28/19 10:45,76.507,75.5,1371.2,68.443
8/28/19 10:45,76.55,75.6,1383.7,68.443
8/28/19 10:45,76.55,75.6,1396.2,68.443
8/28/19 10:45,76.55,75.6,1403.7,68.443
8/28/19 10:45,76.593,75.6,1398.7,68.443
8/28/19 10:45,76.593,75.6,1393.7,68.443
8/28/19 10:46,76.636,75.6,1376.2,68.443
8/28/19 10:46,76.636,75.5,1363.7,68.443
8/28/19 10:46,76.636,75.5,1363.7,68.443
8/28/19 10:46,76.636,75.5,1368.7,68.443
8/28/19 10:46,76.681,75.5,1366.2,68.443
8/28/19 10:46,76.681,75.5,1353.7,68.443
8/28/19 10:46,76.681,75.5,1336.2,68.443
8/28/19 10:46,76.681,75.4,1326.2,68.443
8/28/19 10:46,76.725,75.4,1343.7,68.443
8/28/19 10:46,76.725,75.5,1366.2,68.443
8/28/19 10:46,76.725,75.4,1368.7,68.443
8/28/19 10:46,76.768,75.4,1358.7,68.443
8/28/19 10:46,76.768,75.4,1341.2,68.443
8/28/19 10:46,76.768,75.5,1333.7,68.443
8/28/19 10:46,76.768,75.5,1331.2,68.443
8/28/19 10:46,76.811,75.5,1336.2,68.443
8/28/19 10:46,76.811,75.5,1346.2,68.443
8/28/19 10:46,76.811,75.4,1346.2,68.443
8/28/19 10:46,76.811,75.5,1338.7,68.443
8/28/19 10:46,76.854,75.5,1333.7,68.443
8/28/19 10:46,76.854,75.5,1331.2,68.443
8/28/19 10:46,76.854,75.5,1331.2,68.443
8/28/19 10:46,76.854,75.4,1326.2,68.443
8/28/19 10:46,76.854,75.4,1328.7,68.443
8/28/19 10:46,76.899,75.2,1331.2,68.443
8/28/19 10:46,76.899,75,1336.2,68.443
8/28/19 10:46,76.899,74.9,1336.2,68.443
8/28/19 10:46,76.899,74.7,1326.2,68.443
8/28/19 10:46,76.899,74.7,1313.7,68.443
8/28/19 10:46,76.942,74.6,1316.2,68.443
8/28/19 10:46,76.942,74.5,1331.2,68.443
8/28/19 10:46,76.942,74.4,1333.7,68.443
8/28/19 10:46,76.942,74.4,1328.7,68.443
8/28/19 10:46,76.942,74.4,1326.2,68.443
8/28/19 10:46,76.942,74.4,1331.2,68.443
8/28/19 10:46,76.942,74.3,1341.2,68.443
8/28/19 10:46,76.942,74.2,1346.2,68.443
8/28/19 10:46,76.942,74.2,1341.2,68.484
8/28/19 10:46,76.942,74.1,1336.2,68.484
8/28/19 10:46,76.942,74.1,1328.7,68.443
8/28/19 10:46,76.942,74.1,1336.2,68.484
8/28/19 10:46,76.986,74,1351.2,68.443
8/28/19 10:46,76.986,74,1343.7,68.443
8/28/19 10:46,76.986,74.1,1336.2,68.484
8/28/19 10:46,76.986,74.1,1331.2,68.443
8/28/19 10:46,76.986,74,1331.2,68.484
8/28/19 10:46,76.986,74,1341.2,68.443
8/28/19 10:46,76.986,73.9,1331.2,68.484
8/28/19 10:46,76.986,73.9,1318.7,68.443
8/28/19 10:46,76.986,73.9,1318.7,68.443
8/28/19 10:46,76.986,73.9,1326.2,68.484
8/28/19 10:46,76.986,73.9,1338.7,68.443
8/28/19 10:46,76.986,73.9,1343.7,68.484
8/28/19 10:46,76.986,73.9,1331.2,68.484
8/28/19 10:46,77.029,74,1321.2,68.443
8/28/19 10:46,77.029,74,1338.7,68.484
8/28/19 10:46,77.029,74,1361.2,68.484
8/28/19 10:46,77.029,74,1391.2,68.484
8/28/19 10:46,77.029,74,1401.2,68.484
8/28/19 10:46,77.029,74.1,1408.7,68.443
8/28/19 10:47,77.029,74.2,1411.2,68.484
8/28/19 10:47,77.072,74.2,1391.2,68.484
8/28/19 10:47,77.072,74.2,1363.7,68.484
8/28/19 10:47,77.072,74.3,1361.2,68.484
8/28/19 10:47,77.072,74.3,1386.2,68.484
8/28/19 10:47,77.072,74.3,1401.2,68.484
8/28/19 10:47,77.117,74.3,1391.2,68.484
8/28/19 10:47,77.117,74.3,1376.2,68.484
8/28/19 10:47,77.117,74.3,1368.7,68.484
8/28/19 10:47,77.117,74.3,1376.2,68.484
8/28/19 10:47,77.117,74.2,1378.7,68.484
8/28/19 10:47,77.16,74.2,1373.7,68.484
8/28/19 10:47,77.16,74.2,1361.2,68.484
8/28/19 10:47,77.16,74,1361.2,68.484
8/28/19 10:47,77.16,74,1361.2,68.484
8/28/19 10:47,77.16,73.9,1353.7,68.484
8/28/19 10:47,77.203,73.9,1341.2,68.484
8/28/19 10:47,77.203,73.9,1343.7,68.484
8/28/19 10:47,77.203,73.9,1351.2,68.484
8/28/19 10:47,77.203,73.9,1353.7,68.484
8/28/19 10:47,77.203,73.9,1351.2,68.484
8/28/19 10:47,77.203,73.8,1346.2,68.484
8/28/19 10:47,77.203,73.9,1343.7,68.484
8/28/19 10:47,77.203,73.9,1351.2,68.484
8/28/19 10:47,77.203,73.9,1361.2,68.484
8/28/19 10:47,77.203,73.9,1368.7,68.484
8/28/19 10:47,77.203,73.9,1363.7,68.484
8/28/19 10:47,77.247,73.8,1363.7,68.484
8/28/19 10:47,77.247,73.9,1371.2,68.484
8/28/19 10:47,77.247,73.9,1371.2,68.484
8/28/19 10:47,77.247,73.9,1368.7,68.484
8/28/19 10:47,77.247,74,1361.2,68.484
8/28/19 10:47,77.247,73.9,1351.2,68.484
8/28/19 10:47,77.247,74,1346.2,68.484
8/28/19 10:47,77.247,73.9,1341.2,68.484
8/28/19 10:47,77.247,74,1336.2,68.484
8/28/19 10:47,77.247,74,1333.7,68.484
8/28/19 10:47,77.247,74,1331.2,68.484
8/28/19 10:47,77.292,73.9,1336.2,68.484
8/28/19 10:47,77.292,73.9,1341.2,68.484
8/28/19 10:47,77.292,73.8,1343.7,68.484
8/28/19 10:47,77.292,73.6,1341.2,68.484
8/28/19 10:47,77.292,73.4,1323.7,68.484
8/28/19 10:47,77.292,73.1,1308.7,68.484
8/28/19 10:47,77.247,73,1303.7,68.484
8/28/19 10:47,77.247,72.7,1311.2,68.484
8/28/19 10:47,77.247,72.8,1323.7,68.484
8/28/19 10:47,77.247,72.5,1338.7,68.484
8/28/19 10:47,77.247,72.4,1346.2,68.484
8/28/19 10:47,77.203,72.3,1343.7,68.484
8/28/19 10:47,77.203,72.2,1338.7,68.484
8/28/19 10:47,77.203,72.2,1336.2,68.484
8/28/19 10:47,77.16,72.2,1346.2,68.484
8/28/19 10:47,77.16,72.1,1351.2,68.484
8/28/19 10:47,77.16,72.1,1348.7,68.484
8/28/19 10:47,77.117,72.1,1351.2,68.484
8/28/19 10:47,77.117,72.1,1356.2,68.484
8/28/19 10:47,77.117,72,1353.7,68.484
8/28/19 10:47,77.117,71.9,1353.7,68.484
8/28/19 10:47,77.072,71.9,1351.2,68.484
8/28/19 10:48,77.072,71.7,1361.2,68.484
8/28/19 10:48,77.029,71.6,1383.7,68.484
8/28/19 10:48,77.029,71.5,1388.7,68.484
8/28/19 10:48,77.029,71.5,1371.2,68.484
8/28/19 10:48,76.986,71.5,1346.2,68.484
8/28/19 10:48,76.986,71.5,1333.7,68.527
8/28/19 10:48,76.986,71.5,1333.7,68.484
8/28/19 10:48,76.942,71.5,1346.2,68.484
8/28/19 10:48,76.942,71.5,1351.2,68.527
8/28/19 10:48,76.942,71.5,1366.2,68.527
8/28/19 10:48,76.899,71.6,1386.2,68.484
8/28/19 10:48,76.899,71.5,1398.7,68.527
8/28/19 10:48,76.899,71.5,1401.2,68.527
8/28/19 10:48,76.854,71.4,1396.2,68.484
8/28/19 10:48,76.854,71.4,1386.2,68.484
8/28/19 10:48,76.854,71.4,1373.7,68.527
8/28/19 10:48,76.811,71.4,1356.2,68.527
8/28/19 10:48,76.811,71.4,1338.7,68.527
8/28/19 10:48,76.811,71.4,1333.7,68.527
8/28/19 10:48,76.768,71.4,1341.2,68.527
8/28/19 10:48,76.768,71.4,1353.7,68.527
8/28/19 10:48,76.768,71.4,1351.2,68.527
8/28/19 10:48,76.725,71.4,1361.2,68.527
8/28/19 10:48,76.725,71.4,1378.7,68.527
8/28/19 10:48,76.681,71.4,1398.7,68.527
8/28/19 10:48,76.681,71.4,1411.2,68.527
8/28/19 10:48,76.636,71.4,1416.2,68.527
8/28/19 10:48,76.636,71.4,1438.7,68.527
8/28/19 10:48,76.636,71.4,1456.2,68.527
8/28/19 10:48,76.593,71.4,1456.2,68.527
8/28/19 10:48,76.593,71.4,1433.7,68.527
8/28/19 10:48,76.593,71.5,1411.2,68.527
8/28/19 10:48,76.55,71.6,1393.7,68.527
8/28/19 10:48,76.55,71.6,1391.2,68.527
8/28/19 10:48,76.55,71.6,1396.2,68.527
8/28/19 10:48,76.507,71.6,1398.7,68.527
8/28/19 10:48,76.507,71.6,1396.2,68.527
8/28/19 10:48,76.507,71.6,1388.7,68.527
8/28/19 10:48,76.507,71.6,1388.7,68.527
8/28/19 10:48,76.464,71.5,1401.2,68.527
8/28/19 10:48,76.464,71.4,1416.2,68.527
8/28/19 10:48,76.419,71.4,1418.7,68.527
8/28/19 10:48,76.419,71.3,1416.2,68.527
8/28/19 10:48,76.419,71.2,1411.2,68.527
8/28/19 10:48,76.375,71.1,1411.2,68.527
8/28/19 10:48,76.375,71,1406.2,68.527
8/28/19 10:48,76.375,71,1398.7,68.527
8/28/19 10:48,76.332,71,1378.7,68.527
8/28/19 10:48,76.332,71,1356.2,68.527
8/28/19 10:48,76.289,71,1336.2,68.527
8/28/19 10:48,76.289,71,1331.2,68.527
8/28/19 10:48,76.246,71,1331.2,68.527
8/28/19 10:48,76.246,71.2,1336.2,68.527
8/28/19 10:48,76.246,71.3,1346.2,68.527
8/28/19 10:48,76.203,71.3,1361.2,68.527
8/28/19 10:48,76.203,71.4,1363.7,68.527
8/28/19 10:48,76.158,71.4,1363.7,68.527
8/28/19 10:48,76.158,71.3,1366.2,68.527
8/28/19 10:48,76.158,71.3,1363.7,68.527
8/28/19 10:48,76.114,71.3,1356.2,68.527
8/28/19 10:49,76.114,71.3,1346.2,68.527
8/28/19 10:49,76.114,71.4,1333.7,68.527
8/28/19 10:49,76.114,71.4,1313.7,68.527
8/28/19 10:49,76.071,71.4,1296.2,68.527
8/28/19 10:49,76.071,71.4,1286.2,68.527
8/28/19 10:49,76.028,71.3,1283.7,68.527
8/28/19 10:49,76.028,71.4,1283.7,68.527
8/28/19 10:49,76.028,71.3,1286.2,68.527
8/28/19 10:49,75.985,71.3,1291.2,68.527
8/28/19 10:49,75.985,71.3,1296.2,68.527
8/28/19 10:49,75.985,71.3,1291.2,68.527
8/28/19 10:49,75.942,71.4,1288.7,68.527
8/28/19 10:49,75.942,71.4,1281.2,68.527
8/28/19 10:49,75.942,71.4,1268.7,68.527
8/28/19 10:49,75.898,71.5,1258.7,68.527
8/28/19 10:49,75.898,71.5,1251.2,68.527
8/28/19 10:49,75.898,71.7,1248.7,68.527
8/28/19 10:49,75.853,71.8,1248.7,68.527
8/28/19 10:49,75.853,71.7,1251.2,68.527
8/28/19 10:49,75.81,71.8,1261.2,68.527
8/28/19 10:49,75.81,71.9,1281.2,68.527
8/28/19 10:49,75.81,72,1296.2,68.527
8/28/19 10:49,75.81,72.1,1296.2,68.527
8/28/19 10:49,75.81,72.2,1276.2,68.527
8/28/19 10:49,75.767,72.2,1253.7,68.527
8/28/19 10:49,75.767,72.3,1243.7,68.527
8/28/19 10:49,75.767,72.4,1238.7,68.527
8/28/19 10:49,75.767,72.5,1233.7,68.527
8/28/19 10:49,75.767,72.6,1226.2,68.527
8/28/19 10:49,75.767,72.6,1221.2,68.527
8/28/19 10:49,75.724,72.7,1221.2,68.527
8/28/19 10:49,75.724,72.8,1228.7,68.527
8/28/19 10:49,75.724,72.9,1228.7,68.527
8/28/19 10:49,75.724,73,1231.2,68.571
8/28/19 10:49,75.724,73,1226.2,68.527
8/28/19 10:49,75.724,73,1216.2,68.527
8/28/19 10:49,75.724,72.9,1218.7,68.527
8/28/19 10:49,75.724,73,1218.7,68.527
8/28/19 10:49,75.724,72.9,1223.7,68.527
8/28/19 10:49,75.724,72.9,1226.2,68.571
8/28/19 10:49,75.724,72.9,1228.7,68.571
8/28/19 10:49,75.724,73,1223.7,68.527
8/28/19 10:49,75.681,72.9,1218.7,68.571
8/28/19 10:49,75.681,73,1211.2,68.571
8/28/19 10:49,75.681,72.9,1206.2,68.571
8/28/19 10:49,75.681,72.8,1193.7,68.527
8/28/19 10:49,75.681,72.8,1191.2,68.571
8/28/19 10:49,75.681,72.7,1188.7,68.527
8/28/19 10:49,75.681,72.7,1183.7,68.527
8/28/19 10:49,75.681,72.7,1176.2,68.571
8/28/19 10:49,75.637,72.7,1168.7,68.571
8/28/19 10:49,75.637,72.8,1166.2,68.527
8/28/19 10:49,75.637,72.8,1161.2,68.571
8/28/19 10:49,75.637,72.8,1151.2,68.571
8/28/19 10:49,75.637,72.7,1146.2,68.571
8/28/19 10:49,75.637,72.8,1156.2,68.571
8/28/19 10:49,75.594,72.8,1178.7,68.571
8/28/19 10:49,75.594,72.9,1193.7,68.571
8/28/19 10:49,75.594,72.9,1188.7,68.527
8/28/19 10:49,75.594,73,1166.2,68.571
8/28/19 10:50,75.594,72.9,1148.7,68.527
8/28/19 10:50,75.594,73,1141.2,68.571
8/28/19 10:50,75.551,72.9,1143.7,68.571
8/28/19 10:50,75.551,72.9,1151.2,68.571
8/28/19 10:50,75.551,73,1156.2,68.571
8/28/19 10:50,75.551,73,1146.2,68.571
8/28/19 10:50,75.551,73,1126.2,68.571
8/28/19 10:50,75.551,73,1098.7,68.571
8/28/19 10:50,75.551,73.1,1071.2,68.571
8/28/19 10:50,75.551,73.2,1038.7,68.571
8/28/19 10:50,75.551,73.2,1011.2,68.571
8/28/19 10:50,75.551,73.2,988.7,68.571
8/28/19 10:50,75.551,73.2,968.7,68.571
8/28/19 10:50,75.508,73.1,963.7,68.571
8/28/19 10:50,75.508,73,963.7,68.571
8/28/19 10:50,75.508,73,961.2,68.571
8/28/19 10:50,75.508,73,961.2,68.571
8/28/19 10:50,75.508,73,963.7,68.571
8/28/19 10:50,75.508,73,953.7,68.571
8/28/19 10:50,75.508,73.1,946.2,68.571
8/28/19 10:50,75.508,73.1,943.7,68.571
8/28/19 10:50,75.508,73.1,933.7,68.571
8/28/19 10:50,75.508,73.1,933.7,68.571
8/28/19 10:50,75.463,73.1,943.7,68.571
8/28/19 10:50,75.463,73,951.2,68.571
8/28/19 10:50,75.463,73,966.2,68.571
8/28/19 10:50,75.463,73,983.7,68.571
8/28/19 10:50,75.463,72.9,996.2,68.571
8/28/19 10:50,75.463,72.9,1003.7,68.571
8/28/19 10:50,75.463,72.9,1011.2,68.571
8/28/19 10:50,75.463,72.9,1021.2,68.571
8/28/19 10:50,75.463,72.9,1031.2,68.571
8/28/19 10:50,75.42,73,1036.2,68.571
8/28/19 10:50,75.42,73,1046.2,68.571
8/28/19 10:50,75.42,73,1063.7,68.571
8/28/19 10:50,75.42,72.9,1076.2,68.571
8/28/19 10:50,75.42,72.9,1083.7,68.571
8/28/19 10:50,75.42,72.9,1083.7,68.571
8/28/19 10:50,75.42,72.9,1086.2,68.571
8/28/19 10:50,75.42,73,1088.7,68.571
8/28/19 10:50,75.376,73,1093.7,68.571
8/28/19 10:50,75.376,73,1098.7,68.571
8/28/19 10:50,75.376,73,1098.7,68.571
8/28/19 10:50,75.376,73,1098.7,68.571
8/28/19 10:50,75.376,73,1091.2,68.571
8/28/19 10:50,75.376,73,1091.2,68.571
8/28/19 10:50,75.376,73,1093.7,68.571
8/28/19 10:50,75.376,73,1096.2,68.571
8/28/19 10:50,75.376,73,1098.7,68.571
8/28/19 10:50,75.376,73.1,1106.2,68.571
8/28/19 10:50,75.376,73.1,1103.7,68.571
8/28/19 10:50,75.333,73.2,1091.2,68.571
8/28/19 10:50,75.333,73.2,1078.7,68.571
8/28/19 10:50,75.333,73.3,1076.2,68.571
8/28/19 10:50,75.333,73.3,1073.7,68.571
8/28/19 10:50,75.333,73.5,1076.2,68.571
8/28/19 10:50,75.333,73.6,1073.7,68.571
8/28/19 10:50,75.333,73.6,1073.7,68.571
8/28/19 10:50,75.333,73.6,1078.7,68.571
8/28/19 10:50,75.333,73.6,1088.7,68.571
8/28/19 10:51,75.333,73.6,1103.7,68.571
8/28/19 10:51,75.333,73.5,1111.2,68.571
8/28/19 10:51,75.333,73.6,1108.7,68.571
8/28/19 10:51,75.333,73.6,1106.2,68.571
8/28/19 10:51,75.333,73.5,1108.7,68.571
8/28/19 10:51,75.333,73.4,1113.7,68.571
8/28/19 10:51,75.333,73.4,1126.2,68.571
8/28/19 10:51,75.333,73.4,1133.7,68.571
8/28/19 10:51,75.333,73.3,1128.7,68.571
8/28/19 10:51,75.333,73.4,1111.2,68.571
8/28/19 10:51,75.333,73.4,1093.7,68.571
8/28/19 10:51,75.333,73.3,1076.2,68.571
8/28/19 10:51,75.29,73.3,1073.7,68.571
8/28/19 10:51,75.29,73.3,1083.7,68.571
8/28/19 10:51,75.29,73.3,1096.2,68.571
8/28/19 10:51,75.29,73.3,1098.7,68.571
8/28/19 10:51,75.29,73.3,1096.2,68.571
8/28/19 10:51,75.29,73.4,1088.7,68.571
8/28/19 10:51,75.29,73.5,1091.2,68.571
8/28/19 10:51,75.29,73.4,1103.7,68.571
8/28/19 10:51,75.29,73.4,1116.2,68.571
8/28/19 10:51,75.29,73.4,1121.2,68.571
8/28/19 10:51,75.29,73.4,1121.2,68.571
8/28/19 10:51,75.29,73.4,1108.7,68.571
8/28/19 10:51,75.29,73.4,1091.2,68.571
8/28/19 10:51,75.29,73.4,1076.2,68.571
8/28/19 10:51,75.29,73.5,1073.7,68.571
8/28/19 10:51,75.247,73.6,1073.7,68.571
8/28/19 10:51,75.247,73.6,1076.2,68.571
8/28/19 10:51,75.247,73.7,1081.2,68.571
8/28/19 10:51,75.247,73.6,1083.7,68.571
8/28/19 10:51,75.247,73.6,1101.2,68.571
8/28/19 10:51,75.247,73.7,1138.7,68.571
8/28/19 10:51,75.247,73.7,1156.2,68.571
8/28/19 10:51,75.247,73.7,1143.7,68.571
8/28/19 10:51,75.247,73.7,1108.7,68.571
8/28/19 10:51,75.247,73.6,1081.2,68.571
8/28/19 10:51,75.247,73.7,1083.7,68.571
8/28/19 10:51,75.247,73.7,1106.2,68.571
8/28/19 10:51,75.247,73.7,1128.7,68.571
8/28/19 10:51,75.247,73.6,1133.7,68.571
8/28/19 10:51,75.247,73.6,1123.7,68.571
8/28/19 10:51,75.247,73.6,1098.7,68.571
8/28/19 10:51,75.247,73.6,1091.2,68.571
8/28/19 10:51,75.247,73.6,1098.7,68.571
8/28/19 10:51,75.247,73.6,1116.2,68.571
8/28/19 10:51,75.247,73.6,1118.7,68.571
8/28/19 10:51,75.247,73.6,1103.7,68.571
8/28/19 10:51,75.247,73.6,1086.2,68.571
8/28/19 10:51,75.247,73.6,1088.7,68.571
8/28/19 10:51,75.204,73.6,1116.2,68.571
8/28/19 10:51,75.204,73.6,1138.7,68.571
8/28/19 10:51,75.204,73.6,1138.7,68.571
8/28/19 10:51,75.204,73.7,1133.7,68.571
8/28/19 10:51,75.204,73.7,1128.7,68.571
8/28/19 10:51,75.204,73.6,1123.7,68.571
8/28/19 10:51,75.204,73.6,1113.7,68.571
8/28/19 10:51,75.204,73.6,1103.7,68.571
8/28/19 10:51,75.204,73.6,1093.7,68.571
8/28/19 10:51,75.204,73.5,1091.2,68.571
8/28/19 10:52,75.204,73.5,1103.7,68.571
8/28/19 10:52,75.204,73.5,1126.2,68.571
8/28/19 10:52,75.204,73.6,1156.2,68.571
8/28/19 10:52,75.204,73.6,1181.2,68.571
8/28/19 10:52,75.204,73.7,1188.7,68.571
8/28/19 10:52,75.204,73.7,1193.7,68.571
8/28/19 10:52,75.16,73.7,1193.7,68.571
8/28/19 10:52,75.204,73.7,1173.7,68.571
8/28/19 10:52,75.204,73.7,1156.2,68.571
8/28/19 10:52,75.204,73.8,1168.7,68.571
8/28/19 10:52,75.16,73.8,1196.2,68.571
8/28/19 10:52,75.204,73.9,1211.2,68.571
8/28/19 10:52,75.204,73.9,1211.2,68.571
8/28/19 10:52,75.204,74,1186.2,68.571
8/28/19 10:52,75.204,74,1183.7,68.571
8/28/19 10:52,75.204,74,1181.2,68.571
8/28/19 10:52,75.204,74.1,1176.2,68.571
8/28/19 10:52,75.204,74.1,1163.7,68.571
8/28/19 10:52,75.204,74.1,1148.7,68.571
8/28/19 10:52,75.204,74.1,1141.2,68.571
8/28/19 10:52,75.204,74.1,1128.7,68.571
8/28/19 10:52,75.204,74.1,1118.7,68.571
8/28/19 10:52,75.204,74.1,1118.7,68.571
8/28/19 10:52,75.204,74,1131.2,68.571
8/28/19 10:52,75.204,74,1138.7,68.571
8/28/19 10:52,75.204,74.1,1146.2,68.571
8/28/19 10:52,75.204,74.1,1141.2,68.571
8/28/19 10:52,75.204,74.2,1128.7,68.571
8/28/19 10:52,75.204,74.2,1121.2,68.571
8/28/19 10:52,75.204,74.3,1126.2,68.571
8/28/19 10:52,75.204,74.4,1126.2,68.571
8/28/19 10:52,75.204,74.5,1128.7,68.571
8/28/19 10:52,75.247,74.6,1121.2,68.571
8/28/19 10:52,75.247,74.7,1113.7,68.571
8/28/19 10:52,75.247,74.7,1108.7,68.571
8/28/19 10:52,75.247,74.7,1108.7,68.571
8/28/19 10:52,75.247,74.6,1111.2,68.571
8/28/19 10:52,75.247,74.6,1108.7,68.571
8/28/19 10:52,75.247,74.6,1108.7,68.614
8/28/19 10:52,75.247,74.6,1116.2,68.571
8/28/19 10:52,75.247,74.6,1123.7,68.614
8/28/19 10:52,75.29,74.7,1128.7,68.571
8/28/19 10:52,75.29,74.7,1143.7,68.571
8/28/19 10:52,75.29,74.7,1136.2,68.571
8/28/19 10:52,75.29,74.7,1126.2,68.571
8/28/19 10:52,75.29,74.7,1106.2,68.571
8/28/19 10:52,75.29,74.8,1096.2,68.571
8/28/19 10:52,75.29,74.7,1116.2,68.571
8/28/19 10:52,75.29,74.6,1131.2,68.571
8/28/19 10:52,75.29,74.5,1151.2,68.571
8/28/19 10:52,75.29,74.4,1163.7,68.571
8/28/19 10:52,75.29,74.4,1168.7,68.571
8/28/19 10:52,75.29,74.3,1171.2,68.614
8/28/19 10:52,75.29,74.2,1178.7,68.571
8/28/19 10:52,75.29,74.1,1181.2,68.571
8/28/19 10:52,75.29,74.1,1176.2,68.571
8/28/19 10:52,75.29,74.1,1151.2,68.614
8/28/19 10:52,75.29,74.1,1128.7,68.614
8/28/19 10:52,75.247,74.2,1116.2,68.571
8/28/19 10:52,75.247,74.2,1128.7,68.614
8/28/19 10:53,75.247,74.2,1156.2,68.614
8/28/19 10:53,75.247,74.2,1191.2,68.571
8/28/19 10:53,75.247,74.2,1203.7,68.571
8/28/19 10:53,75.247,74.3,1181.2,68.571
8/28/19 10:53,75.247,74.3,1141.2,68.614
8/28/19 10:53,75.247,74.3,1103.7,68.571
8/28/19 10:53,75.247,74.3,1088.7,68.614
8/28/19 10:53,75.247,74.3,1096.2,68.614
8/28/19 10:53,75.247,74.2,1111.2,68.571
8/28/19 10:53,75.247,74.2,1128.7,68.571
8/28/19 10:53,75.247,74.2,1126.2,68.614
8/28/19 10:53,75.247,74.2,1108.7,68.614
8/28/19 10:53,75.247,74.2,1101.2,68.614
8/28/19 10:53,75.247,74.2,1111.2,68.571
8/28/19 10:53,75.247,74.2,1118.7,68.614
8/28/19 10:53,75.247,74.1,1128.7,68.614
8/28/19 10:53,75.247,74.1,1116.2,68.571
8/28/19 10:53,75.247,74.1,1108.7,68.571
8/28/19 10:53,75.204,74,1108.7,68.614
8/28/19 10:53,75.204,74.1,1126.2,68.614
8/28/19 10:53,75.204,74.1,1168.7,68.614
8/28/19 10:53,75.204,74.1,1198.7,68.614
8/28/19 10:53,75.204,74.1,1203.7,68.614
8/28/19 10:53,75.204,74.1,1183.7,68.614
8/28/19 10:53,75.204,74.1,1153.7,68.571
8/28/19 10:53,75.204,74,1141.2,68.614
8/28/19 10:53,75.204,74,1133.7,68.614
8/28/19 10:53,75.204,74,1146.2,68.614
8/28/19 10:53,75.204,73.9,1163.7,68.571
8/28/19 10:53,75.16,73.8,1173.7,68.614
8/28/19 10:53,75.16,73.8,1166.2,68.614
8/28/19 10:53,75.16,73.7,1146.2,68.571
8/28/19 10:53,75.16,73.7,1141.2,68.614
8/28/19 10:53,75.16,73.7,1141.2,68.614
8/28/19 10:53,75.16,73.6,1151.2,68.614
8/28/19 10:53,75.16,73.6,1146.2,68.614
8/28/19 10:53,75.117,73.5,1133.7,68.614
8/28/19 10:53,75.117,73.5,1111.2,68.614
8/28/19 10:53,75.117,73.5,1113.7,68.614
8/28/19 10:53,75.117,73.5,1136.2,68.614
8/28/19 10:53,75.117,73.5,1151.2,68.571
8/28/19 10:53,75.074,73.5,1153.7,68.614
8/28/19 10:53,75.074,73.4,1146.2,68.614
8/28/19 10:53,75.074,73.4,1156.2,68.614
8/28/19 10:53,75.074,73.3,1178.7,68.614
8/28/19 10:53,75.074,73.4,1193.7,68.571
8/28/19 10:53,75.074,73.3,1201.2,68.614
8/28/19 10:53,75.074,73.3,1208.7,68.614
8/28/19 10:53,75.074,73.4,1216.2,68.571
8/28/19 10:53,75.029,73.4,1206.2,68.614
8/28/19 10:53,75.029,73.4,1173.7,68.571
8/28/19 10:53,75.029,73.5,1138.7,68.571
8/28/19 10:53,75.029,73.5,1121.2,68.614
8/28/19 10:53,75.029,73.6,1116.2,68.614
8/28/19 10:53,75.029,73.7,1116.2,68.614
8/28/19 10:53,75.029,73.7,1113.7,68.614
8/28/19 10:53,74.986,73.8,1118.7,68.614
8/28/19 10:53,74.986,73.8,1128.7,68.614
8/28/19 10:53,74.986,73.8,1153.7,68.614
8/28/19 10:53,74.986,73.8,1183.7,68.614
8/28/19 10:54,74.986,73.8,1208.7,68.614
8/28/19 10:54,74.986,73.7,1228.7,68.614
8/28/19 10:54,74.986,73.7,1233.7,68.614
8/28/19 10:54,74.986,73.7,1228.7,68.614
8/28/19 10:54,74.986,73.6,1213.7,68.614
8/28/19 10:54,74.986,73.6,1188.7,68.614
8/28/19 10:54,74.986,73.6,1156.2,68.614
8/28/19 10:54,74.943,73.6,1121.2,68.614
8/28/19 10:54,74.943,73.7,1086.2,68.614
8/28/19 10:54,74.943,73.7,1068.7,68.614
8/28/19 10:54,74.943,73.8,1066.2,68.614
8/28/19 10:54,74.943,73.8,1071.2,68.614
8/28/19 10:54,74.943,73.8,1083.7,68.614
8/28/19 10:54,74.943,73.8,1108.7,68.614
8/28/19 10:54,74.943,73.9,1148.7,68.614
8/28/19 10:54,74.943,73.9,1181.2,68.614
8/28/19 10:54,74.943,73.9,1193.7,68.614
8/28/19 10:54,74.899,73.8,1193.7,68.614
8/28/19 10:54,74.899,73.8,1186.2,68.614
8/28/19 10:54,74.899,73.8,1181.2,68.614
8/28/19 10:54,74.899,73.9,1173.7,68.614
8/28/19 10:54,74.899,73.8,1166.2,68.614
8/28/19 10:54,74.899,73.9,1161.2,68.614
8/28/19 10:54,74.899,73.9,1151.2,68.614
8/28/19 10:54,74.899,74,1156.2,68.614
8/28/19 10:54,74.899,74,1161.2,68.614
8/28/19 10:54,74.899,74,1161.2,68.614
8/28/19 10:54,74.899,74,1163.7,68.614
8/28/19 10:54,74.856,74,1168.7,68.614
8/28/19 10:54,74.856,74,1166.2,68.614
8/28/19 10:54,74.856,74,1158.7,68.614
8/28/19 10:54,74.856,74,1148.7,68.614
8/28/19 10:54,74.856,74.1,1126.2,68.614
8/28/19 10:54,74.856,74,1093.7,68.614
8/28/19 10:54,74.856,74,1071.2,68.614
8/28/19 10:54,74.856,74,1068.7,68.614
8/28/19 10:54,74.856,74.1,1068.7,68.614
8/28/19 10:54,74.856,74.1,1068.7,68.614
8/28/19 10:54,74.856,74.1,1071.2,68.614
8/28/19 10:54,74.856,74,1068.7,68.614
8/28/19 10:54,74.856,74.1,1068.7,68.614
8/28/19 10:54,74.856,74,1073.7,68.614
8/28/19 10:54,74.813,74,1098.7,68.614
8/28/19 10:54,74.813,74,1128.7,68.614
8/28/19 10:54,74.813,74,1148.7,68.614
8/28/19 10:54,74.813,74,1153.7,68.614
8/28/19 10:54,74.813,74,1153.7,68.614
8/28/19 10:54,74.813,74,1158.7,68.614
8/28/19 10:54,74.813,74,1163.7,68.614
8/28/19 10:54,74.813,74,1168.7,68.614
8/28/19 10:54,74.77,74.1,1168.7,68.614
8/28/19 10:54,74.77,74,1166.2,68.614
8/28/19 10:54,74.77,74,1151.2,68.614
8/28/19 10:54,74.77,74,1156.2,68.614
8/28/19 10:54,74.77,74.1,1183.7,68.614
8/28/19 10:54,74.77,74.1,1191.2,68.614
8/28/19 10:54,74.77,74.1,1181.2,68.614
8/28/19 10:54,74.77,74,1171.2,68.614
8/28/19 10:54,74.77,74,1171.2,68.614
8/28/19 10:54,74.77,74,1181.2,68.614
8/28/19 10:55,74.77,74,1196.2,68.614
8/28/19 10:55,74.77,74,1216.2,68.614
8/28/19 10:55,74.77,74.1,1241.2,68.614
8/28/19 10:55,74.77,74,1268.7,68.614
8/28/19 10:55,74.77,74,1273.7,68.614
8/28/19 10:55,74.77,73.9,1266.2,68.614
8/28/19 10:55,74.77,73.9,1261.2,68.614
8/28/19 10:55,74.727,73.8,1248.7,68.614
8/28/19 10:55,74.727,73.8,1218.7,68.614
8/28/19 10:55,74.727,73.8,1178.7,68.614
8/28/19 10:55,74.727,73.8,1133.7,68.614
8/28/19 10:55,74.727,73.8,1108.7,68.614
8/28/19 10:55,74.727,73.7,1093.7,68.614
8/28/19 10:55,74.727,73.7,1093.7,68.614
8/28/19 10:55,74.727,73.8,1098.7,68.614
8/28/19 10:55,74.727,73.8,1108.7,68.614
8/28/19 10:55,74.727,73.9,1118.7,68.614
8/28/19 10:55,74.727,74,1126.2,68.614
8/28/19 10:55,74.727,74,1118.7,68.614
8/28/19 10:55,74.727,74.1,1103.7,68.614
8/28/19 10:55,74.727,74.2,1106.2,68.614
8/28/19 10:55,74.727,74.3,1113.7,68.614
8/28/19 10:55,74.727,74.4,1113.7,68.614
8/28/19 10:55,74.727,74.4,1106.2,68.614
8/28/19 10:55,74.727,74.5,1111.2,68.614
8/28/19 10:55,74.727,74.6,1118.7,68.614
8/28/19 10:55,74.727,74.7,1123.7,68.614
8/28/19 10:55,74.727,74.8,1123.7,68.614
8/28/19 10:55,74.727,74.8,1121.2,68.614
8/28/19 10:55,74.727,74.8,1118.7,68.614
8/28/19 10:55,74.77,74.8,1123.7,68.614
8/28/19 10:55,74.77,74.7,1133.7,68.614
8/28/19 10:55,74.77,74.6,1141.2,68.614
8/28/19 10:55,74.77,74.5,1141.2,68.614
8/28/19 10:55,74.77,74.5,1148.7,68.614
8/28/19 10:55,74.77,74.5,1146.2,68.614
8/28/19 10:55,74.77,74.4,1131.2,68.614
8/28/19 10:55,74.77,74.4,1111.2,68.614
8/28/19 10:55,74.77,74.4,1103.7,68.614
8/28/19 10:55,74.77,74.4,1101.2,68.614
8/28/19 10:55,74.77,74.4,1111.2,68.614
8/28/19 10:55,74.77,74.4,1141.2,68.614
8/28/19 10:55,74.77,74.4,1171.2,68.614
8/28/19 10:55,74.727,74.5,1178.7,68.614
8/28/19 10:55,74.77,74.6,1168.7,68.614
8/28/19 10:55,74.77,74.6,1183.7,68.614
8/28/19 10:55,74.77,74.7,1208.7,68.614
8/28/19 10:55,74.77,74.7,1223.7,68.614
8/28/19 10:55,74.77,74.7,1221.2,68.614
8/28/19 10:55,74.77,74.7,1201.2,68.614
8/28/19 10:55,74.77,74.7,1181.2,68.614
8/28/19 10:55,74.77,74.7,1161.2,68.614
8/28/19 10:55,74.77,74.7,1166.2,68.614
8/28/19 10:55,74.77,74.6,1173.7,68.614
8/28/19 10:55,74.77,74.6,1178.7,68.614
8/28/19 10:55,74.77,74.5,1166.2,68.614
8/28/19 10:55,74.77,74.5,1173.7,68.614
8/28/19 10:55,74.77,74.4,1186.2,68.614
8/28/19 10:55,74.77,74.4,1188.7,68.614
8/28/19 10:55,74.77,74.5,1183.7,68.614
8/28/19 10:56,74.77,74.4,1166.2,68.614
8/28/19 10:56,74.77,74.4,1153.7,68.614
8/28/19 10:56,74.77,74.4,1136.2,68.614
8/28/19 10:56,74.77,74.3,1126.2,68.614
8/28/19 10:56,74.77,74.3,1128.7,68.614
8/28/19 10:56,74.77,74.3,1143.7,68.614
8/28/19 10:56,74.77,74.3,1161.2,68.614
8/28/19 10:56,74.727,74.3,1163.7,68.614
8/28/19 10:56,74.77,74.4,1153.7,68.614
8/28/19 10:56,74.727,74.3,1146.2,68.614
8/28/19 10:56,74.727,74.3,1141.2,68.614
8/28/19 10:56,74.727,74.3,1136.2,68.614
8/28/19 10:56,74.727,74.3,1123.7,68.614
8/28/19 10:56,74.727,74.3,1113.7,68.614
8/28/19 10:56,74.727,74.4,1111.2,68.614
8/28/19 10:56,74.727,74.4,1118.7,68.614
8/28/19 10:56,74.727,74.4,1138.7,68.614
8/28/19 10:56,74.727,74.5,1151.2,68.614
8/28/19 10:56,74.727,74.4,1153.7,68.614
8/28/19 10:56,74.727,74.5,1148.7,68.614
8/28/19 10:56,74.727,74.6,1141.2,68.614
8/28/19 10:56,74.727,74.6,1153.7,68.614
8/28/19 10:56,74.727,74.7,1183.7,68.614
8/28/19 10:56,74.727,74.8,1201.2,68.614
8/28/19 10:56,74.727,74.8,1201.2,68.614
8/28/19 10:56,74.727,74.9,1183.7,68.614
8/28/19 10:56,74.727,74.9,1168.7,68.614
8/28/19 10:56,74.727,75,1171.2,68.614
8/28/19 10:56,74.727,75,1171.2,68.614
8/28/19 10:56,74.727,75.1,1161.2,68.614
8/28/19 10:56,74.727,75.1,1146.2,68.614
8/28/19 10:56,74.77,75.2,1136.2,68.614
8/28/19 10:56,74.77,75.3,1131.2,68.614
8/28/19 10:56,74.77,75.2,1128.7,68.614
8/28/19 10:56,74.77,75.2,1128.7,68.614
8/28/19 10:56,74.77,75.2,1116.2,68.614
8/28/19 10:56,74.77,75.3,1098.7,68.614
8/28/19 10:56,74.77,75.3,1098.7,68.614
8/28/19 10:56,74.77,75.2,1103.7,68.614
8/28/19 10:56,74.77,75.2,1096.2,68.614
8/28/19 10:56,74.77,75.2,1086.2,68.614
8/28/19 10:56,74.77,75.3,1083.7,68.614
8/28/19 10:56,74.813,75.2,1081.2,68.614
8/28/19 10:56,74.77,75.2,1068.7,68.614
8/28/19 10:56,74.813,75.3,1048.7,68.614
8/28/19 10:56,74.813,75.3,1038.7,68.614
8/28/19 10:56,74.813,75.4,1036.2,68.614
8/28/19 10:56,74.813,75.4,1026.2,68.614
8/28/19 10:56,74.813,75.4,1008.7,68.614
8/28/19 10:56,74.813,75.5,1001.2,68.614
8/28/19 10:56,74.813,75.5,1018.7,68.614
8/28/19 10:56,74.813,75.6,1048.7,68.614
8/28/19 10:56,74.813,75.6,1076.2,68.614
8/28/19 10:56,74.856,75.6,1096.2,68.614
8/28/19 10:56,74.856,75.6,1108.7,68.614
8/28/19 10:56,74.856,75.6,1106.2,68.614
8/28/19 10:56,74.856,75.7,1093.7,68.614
8/28/19 10:56,74.856,75.8,1083.7,68.614
8/28/19 10:56,74.856,75.8,1068.7,68.614
8/28/19 10:56,74.856,75.9,1053.7,68.614
8/28/19 10:57,74.899,76,1038.7,68.614
8/28/19 10:57,74.899,76,1031.2,68.614
8/28/19 10:57,74.899,76,1026.2,68.614
8/28/19 10:57,74.899,76,1016.2,68.614
8/28/19 10:57,74.899,76.1,1011.2,68.614
8/28/19 10:57,74.943,76.1,1003.7,68.614
8/28/19 10:57,74.943,76.1,996.2,68.614
8/28/19 10:57,74.943,76.1,988.7,68.614
8/28/19 10:57,74.943,76,978.7,68.614
8/28/19 10:57,74.943,76,966.2,68.614
8/28/19 10:57,74.943,75.9,961.2,68.614
8/28/19 10:57,74.986,75.8,961.2,68.614
8/28/19 10:57,74.943,75.7,961.2,68.614
8/28/19 10:57,74.986,75.6,968.7,68.614
8/28/19 10:57,74.986,75.6,983.7,68.614
8/28/19 10:57,74.986,75.6,986.2,68.614
8/28/19 10:57,74.986,75.5,981.2,68.614
8/28/19 10:57,74.986,75.5,981.2,68.614
8/28/19 10:57,74.986,75.4,991.2,68.614
8/28/19 10:57,74.986,75.4,1001.2,68.614
8/28/19 10:57,74.986,75.4,998.7,68.614
8/28/19 10:57,74.986,75.4,996.2,68.614
8/28/19 10:57,74.986,75.4,993.7,68.614
8/28/19 10:57,74.986,75.4,986.2,68.614
8/28/19 10:57,74.986,75.4,976.2,68.614
8/28/19 10:57,74.986,75.4,966.2,68.614
8/28/19 10:57,74.986,75.4,963.7,68.614
8/28/19 10:57,74.986,75.4,963.7,68.614
8/28/19 10:57,74.986,75.4,963.7,68.614
8/28/19 10:57,74.986,75.4,963.7,68.614
8/28/19 10:57,74.986,75.4,963.7,68.614
8/28/19 10:57,75.029,75.5,963.7,68.614
8/28/19 10:57,75.029,75.5,958.7,68.614
8/28/19 10:57,75.029,75.5,951.2,68.614
8/28/19 10:57,75.029,75.6,941.2,68.614
8/28/19 10:57,75.029,75.6,936.2,68.614
8/28/19 10:57,75.029,75.6,941.2,68.614
8/28/19 10:57,75.029,75.7,948.7,68.614
8/28/19 10:57,75.029,75.7,948.7,68.614
8/28/19 10:57,75.029,75.7,943.7,68.614
8/28/19 10:57,75.074,75.8,943.7,68.614
8/28/19 10:57,75.074,75.8,938.7,68.614
8/28/19 10:57,75.074,75.8,933.7,68.614
8/28/19 10:57,75.074,75.9,931.2,68.614
8/28/19 10:57,75.074,76,933.7,68.614
8/28/19 10:57,75.074,76,931.2,68.614
8/28/19 10:57,75.074,76,918.7,68.614
8/28/19 10:57,75.074,76,901.2,68.614
8/28/19 10:57,75.117,76,891.2,68.614
8/28/19 10:57,75.117,76,886.2,68.614
8/28/19 10:57,75.117,76.1,883.7,68.614
8/28/19 10:57,75.117,76.1,881.2,68.614
8/28/19 10:57,75.117,76.1,881.2,68.614
8/28/19 10:57,75.117,76.1,878.7,68.614
8/28/19 10:57,75.16,76.2,881.2,68.614
8/28/19 10:57,75.16,76.2,881.2,68.614
8/28/19 10:57,75.16,76.2,881.2,68.614
8/28/19 10:57,75.16,76.2,876.2,68.614
8/28/19 10:57,75.16,76.2,876.2,68.614
8/28/19 10:57,75.16,76.3,876.2,68.614
8/28/19 10:58,75.16,76.3,878.7,68.614
8/28/19 10:58,75.204,76.3,873.7,68.614
8/28/19 10:58,75.204,76.3,871.2,68.614
8/28/19 10:58,75.204,76.3,871.2,68.614
8/28/19 10:58,75.204,76.3,871.2,68.614
8/28/19 10:58,75.204,76.3,871.2,68.614
8/28/19 10:58,75.204,76.2,866.2,68.614
8/28/19 10:58,75.204,76.2,863.7,68.614
8/28/19 10:58,75.247,76.2,861.2,68.614
8/28/19 10:58,75.247,76.2,856.2,68.614
8/28/19 10:58,75.247,76.2,853.7,68.614
8/28/19 10:58,75.247,76.2,851.2,68.614
8/28/19 10:58,75.247,76.3,848.7,68.614
8/28/19 10:58,75.247,76.3,851.2,68.614
8/28/19 10:58,75.247,76.2,851.2,68.614
8/28/19 10:58,75.247,76.2,851.2,68.614
8/28/19 10:58,75.247,76.1,853.7,68.614
8/28/19 10:58,75.29,76.1,853.7,68.614
8/28/19 10:58,75.29,76.1,856.2,68.614
8/28/19 10:58,75.29,76,861.2,68.614
8/28/19 10:58,75.29,76,863.7,68.614
8/28/19 10:58,75.29,76,863.7,68.614
8/28/19 10:58,75.29,75.9,863.7,68.614
8/28/19 10:58,75.29,75.8,861.2,68.614
8/28/19 10:58,75.29,75.7,861.2,68.614
8/28/19 10:58,75.29,75.6,861.2,68.614
8/28/19 10:58,75.29,75.6,863.7,68.614
8/28/19 10:58,75.29,75.5,866.2,68.614
8/28/19 10:58,75.29,75.4,871.2,68.614
8/28/19 10:58,75.29,75.4,873.7,68.614
8/28/19 10:58,75.29,75.4,878.7,68.614
8/28/19 10:58,75.29,75.3,888.7,68.614
8/28/19 10:58,75.29,75.3,896.2,68.614
8/28/19 10:58,75.29,75.3,903.7,68.614
8/28/19 10:58,75.29,75.4,913.7,68.614
8/28/19 10:58,75.29,75.4,921.2,68.614
8/28/19 10:58,75.29,75.4,926.2,68.614
8/28/19 10:58,75.29,75.5,923.7,68.614
8/28/19 10:58,75.29,75.5,923.7,68.614
8/28/19 10:58,75.29,75.5,931.2,68.614
8/28/19 10:58,75.29,75.5,931.2,68.614
8/28/19 10:58,75.29,75.6,933.7,68.614
8/28/19 10:58,75.29,75.6,941.2,68.614
8/28/19 10:58,75.29,75.6,943.7,68.614
8/28/19 10:58,75.29,75.6,941.2,68.614
8/28/19 10:58,75.29,75.6,943.7,68.614
8/28/19 10:58,75.29,75.8,953.7,68.614
8/28/19 10:58,75.29,75.7,958.7,68.614
8/28/19 10:58,75.333,75.7,958.7,68.614
8/28/19 10:58,75.29,75.7,953.7,68.614
8/28/19 10:58,75.333,75.7,951.2,68.614
8/28/19 10:58,75.333,75.7,956.2,68.614
8/28/19 10:58,75.333,75.8,958.7,68.614
8/28/19 10:58,75.333,75.6,963.7,68.614
8/28/19 10:58,75.333,75.7,973.7,68.614
8/28/19 10:58,75.333,75.6,981.2,68.614
8/28/19 10:58,75.333,75.7,978.7,68.614
8/28/19 10:58,75.333,75.7,966.2,68.614
8/28/19 10:58,75.333,75.6,963.7,68.614
8/28/19 10:58,75.333,75.6,963.7,68.614
8/28/19 10:59,75.333,75.4,963.7,68.614
8/28/19 10:59,75.333,75.4,951.2,68.614
8/28/19 10:59,75.333,75.5,941.2,68.614
8/28/19 10:59,75.333,75.4,936.2,68.614
8/28/19 10:59,75.333,75.4,933.7,68.614
8/28/19 10:59,75.333,75.4,936.2,68.614
8/28/19 10:59,75.333,75.4,938.7,68.614
8/28/19 10:59,75.333,75.5,946.2,68.614
8/28/19 10:59,75.333,75.5,961.2,68.614
8/28/19 10:59,75.333,75.5,978.7,68.614
8/28/19 10:59,75.333,75.5,988.7,68.614
8/28/19 10:59,75.333,75.6,988.7,68.614
8/28/19 10:59,75.333,75.7,978.7,68.614
8/28/19 10:59,75.333,75.7,968.7,68.614
8/28/19 10:59,75.333,75.6,966.2,68.614
8/28/19 10:59,75.333,75.6,976.2,68.614
8/28/19 10:59,75.333,75.4,983.7,68.614
8/28/19 10:59,75.333,75.4,981.2,68.614
8/28/19 10:59,75.333,75.4,981.2,68.614
8/28/19 10:59,75.333,75.4,983.7,68.614
8/28/19 10:59,75.333,75.2,986.2,68.614
8/28/19 10:59,75.333,75.3,986.2,68.614
8/28/19 10:59,75.333,75.4,991.2,68.614
8/28/19 10:59,75.333,75.3,983.7,68.614
8/28/19 10:59,75.333,75.2,973.7,68.614
8/28/19 10:59,75.333,75.1,968.7,68.614
8/28/19 10:59,75.333,75,971.2,68.614
8/28/19 10:59,75.333,74.9,976.2,68.614
8/28/19 10:59,75.333,74.9,976.2,68.614
8/28/19 10:59,75.333,75,971.2,68.614
8/28/19 10:59,75.333,74.9,963.7,68.614
8/28/19 10:59,75.333,74.9,961.2,68.614
8/28/19 10:59,75.333,74.8,958.7,68.614
8/28/19 10:59,75.333,74.7,958.7,68.614
8/28/19 10:59,75.333,74.6,961.2,68.614
8/28/19 10:59,75.333,74.7,976.2,68.614
8/28/19 10:59,75.333,74.5,986.2,68.614
8/28/19 10:59,75.333,74.5,991.2,68.614
8/28/19 10:59,75.333,74.4,988.7,68.614
8/28/19 10:59,75.333,74.4,978.7,68.614
8/28/19 10:59,75.333,74.5,978.7,68.614
8/28/19 10:59,75.29,74.5,983.7,68.614
8/28/19 10:59,75.29,74.5,988.7,68.614
8/28/19 10:59,75.29,74.5,983.7,68.614
8/28/19 10:59,75.29,74.5,983.7,68.614
8/28/19 10:59,75.29,74.5,981.2,68.614
8/28/19 10:59,75.29,74.5,978.7,68.614
8/28/19 10:59,75.29,74.4,976.2,68.614
8/28/19 10:59,75.29,74.4,971.2,68.614
8/28/19 10:59,75.29,74.5,961.2,68.614
8/28/19 10:59,75.29,74.4,956.2,68.614
8/28/19 10:59,75.29,74.4,958.7,68.614
8/28/19 10:59,75.29,74.4,966.2,68.614
8/28/19 10:59,75.29,74.5,973.7,68.614
8/28/19 10:59,75.29,74.5,983.7,68.614
8/28/19 10:59,75.29,74.5,998.7,68.614
8/28/19 10:59,75.29,74.5,1001.2,68.614
8/28/19 10:59,75.29,74.4,981.2,68.614
8/28/19 10:59,75.29,74.5,966.2,68.614
8/28/19 10:59,75.29,74.5,961.2,68.614
8/28/19 11:00,75.247,74.5,961.2,68.614
8/28/19 11:00,75.29,74.6,966.2,68.614
8/28/19 11:00,75.29,74.6,971.2,68.614
8/28/19 11:00,75.247,74.5,973.7,68.614
8/28/19 11:00,75.247,74.5,976.2,68.614
8/28/19 11:00,75.247,74.5,976.2,68.614
8/28/19 11:00,75.247,74.5,973.7,68.614
8/28/19 11:00,75.247,74.5,973.7,68.614
8/28/19 11:00,75.247,74.6,976.2,68.614
8/28/19 11:00,75.247,74.6,976.2,68.614
8/28/19 11:00,75.247,74.6,973.7,68.614
8/28/19 11:00,75.247,74.6,973.7,68.614
8/28/19 11:00,75.247,74.6,976.2,68.614
8/28/19 11:00,75.247,74.7,981.2,68.614
8/28/19 11:00,75.247,74.7,983.7,68.614
8/28/19 11:00,75.247,74.7,981.2,68.614
8/28/19 11:00,75.247,74.8,991.2,68.614
8/28/19 11:00,75.247,74.9,1008.7,68.614
8/28/19 11:00,75.247,74.8,1018.7,68.614
8/28/19 11:00,75.247,74.9,1021.2,68.614
8/28/19 11:00,75.247,74.9,1011.2,68.614
8/28/19 11:00,75.247,74.9,998.7,68.614
8/28/19 11:00,75.247,74.9,988.7,68.614
8/28/19 11:00,75.247,74.8,986.2,68.614
8/28/19 11:00,75.247,74.9,986.2,68.614
8/28/19 11:00,75.247,74.7,986.2,68.614
8/28/19 11:00,75.247,74.6,981.2,68.614
8/28/19 11:00,75.247,74.6,968.7,68.614
8/28/19 11:00,75.247,74.4,953.7,68.614
8/28/19 11:00,75.247,74.4,943.7,68.614
8/28/19 11:00,75.247,74.3,933.7,68.614
8/28/19 11:00,75.247,74.2,926.2,68.614
8/28/19 11:00,75.247,74,921.2,68.614
8/28/19 11:00,75.204,74,918.7,68.614
8/28/19 11:00,75.204,73.9,918.7,68.614
8/28/19 11:00,75.204,73.8,916.2,68.614
8/28/19 11:00,75.204,73.8,913.7,68.614
8/28/19 11:00,75.204,73.7,906.2,68.614
8/28/19 11:00,75.204,73.7,901.2,68.614
8/28/19 11:00,75.204,73.6,898.7,68.614
8/28/19 11:00,75.16,73.5,896.2,68.614
8/28/19 11:00,75.16,73.4,893.7,68.614
8/28/19 11:00,75.16,73.4,888.7,68.614
8/28/19 11:00,75.16,73.4,886.2,68.614
8/28/19 11:00,75.16,73.4,883.7,68.614
8/28/19 11:00,75.117,73.4,881.2,68.614
8/28/19 11:00,75.117,73.4,878.7,68.614
8/28/19 11:00,75.117,73.4,876.2,68.614
8/28/19 11:00,75.117,73.4,876.2,68.614
8/28/19 11:00,75.117,73.4,871.2,68.614
8/28/19 11:00,75.074,73.4,871.2,68.614
8/28/19 11:00,75.074,73.4,871.2,68.614
8/28/19 11:00,75.074,73.5,868.7,68.614
8/28/19 11:00,75.074,73.5,868.7,68.614
8/28/19 11:00,75.074,73.6,866.2,68.614
8/28/19 11:00,75.074,73.6,868.7,68.614
8/28/19 11:00,75.029,73.7,871.2,68.614
8/28/19 11:00,75.029,73.6,868.7,68.614
8/28/19 11:00,75.029,73.6,868.7,68.614
8/28/19 11:00,75.029,73.7,866.2,68.614
8/28/19 11:01,75.029,73.7,866.2,68.614
8/28/19 11:01,75.029,73.6,863.7,68.614
8/28/19 11:01,75.029,73.7,863.7,68.614
8/28/19 11:01,75.029,73.6,861.2,68.614
8/28/19 11:01,74.986,73.6,861.2,68.614
8/28/19 11:01,74.986,73.7,861.2,68.614
8/28/19 11:01,74.986,73.7,858.7,68.614
8/28/19 11:01,74.986,73.6,858.7,68.614
8/28/19 11:01,74.986,73.5,858.7,68.614
8/28/19 11:01,74.986,73.5,858.7,68.614
8/28/19 11:01,74.943,73.5,858.7,68.614
8/28/19 11:01,74.943,73.6,858.7,68.614
8/28/19 11:01,74.943,73.6,858.7,68.614
8/28/19 11:01,74.943,73.7,858.7,68.614
8/28/19 11:01,74.943,73.7,858.7,68.614
8/28/19 11:01,74.943,73.7,858.7,68.614
8/28/19 11:01,74.899,73.7,858.7,68.614
8/28/19 11:01,74.899,73.7,856.2,68.614
8/28/19 11:01,74.899,73.7,856.2,68.614
8/28/19 11:01,74.899,73.8,856.2,68.614
8/28/19 11:01,74.899,73.8,853.7,68.614
8/28/19 11:01,74.899,73.9,853.7,68.614
8/28/19 11:01,74.899,74,851.2,68.614
8/28/19 11:01,74.899,74,851.2,68.614
8/28/19 11:01,74.856,74.1,851.2,68.614
8/28/19 11:01,74.856,74.1,851.2,68.614
8/28/19 11:01,74.856,74.1,851.2,68.614
8/28/19 11:01,74.856,74,848.7,68.614
8/28/19 11:01,74.856,74,846.2,68.614
8/28/19 11:01,74.856,74,846.2,68.614
8/28/19 11:01,74.856,73.9,843.7,68.614
8/28/19 11:01,74.856,73.9,843.7,68.614
8/28/19 11:01,74.856,73.8,841.2,68.614
8/28/19 11:01,74.813,73.8,841.2,68.614
8/28/19 11:01,74.813,73.8,838.7,68.614
8/28/19 11:01,74.813,73.7,838.7,68.614
8/28/19 11:01,74.813,73.7,838.7,68.614
8/28/19 11:01,74.813,73.8,838.7,68.614
8/28/19 11:01,74.813,73.7,838.7,68.614
8/28/19 11:01,74.77,73.8,838.7,68.614
8/28/19 11:01,74.77,73.8,838.7,68.614
8/28/19 11:01,74.77,73.8,836.2,68.614
8/28/19 11:01,74.77,73.8,836.2,68.614
8/28/19 11:01,74.77,73.9,836.2,68.614
8/28/19 11:01,74.77,74,836.2,68.614
8/28/19 11:01,74.77,74,836.2,68.614
8/28/19 11:01,74.77,74,838.7,68.657
8/28/19 11:01,74.727,74.1,838.7,68.614
8/28/19 11:01,74.727,74,838.7,68.614
8/28/19 11:01,74.727,74,838.7,68.614
8/28/19 11:01,74.727,74.1,838.7,68.614
8/28/19 11:01,74.727,74.1,841.2,68.614
8/28/19 11:01,74.727,74.2,841.2,68.614
8/28/19 11:01,74.727,74.2,841.2,68.614
8/28/19 11:01,74.727,74.3,841.2,68.614
8/28/19 11:01,74.727,74.4,841.2,68.657
8/28/19 11:01,74.727,74.5,843.7,68.614
8/28/19 11:01,74.727,74.5,843.7,68.614
8/28/19 11:01,74.727,74.6,843.7,68.614
8/28/19 11:01,74.727,74.6,843.7,68.657
8/28/19 11:02,74.727,74.7,843.7,68.614
8/28/19 11:02,74.727,74.7,843.7,68.614
8/28/19 11:02,74.727,74.8,843.7,68.614
8/28/19 11:02,74.727,74.8,846.2,68.614
8/28/19 11:02,74.727,74.8,846.2,68.614
8/28/19 11:02,74.727,74.8,846.2,68.614
8/28/19 11:02,74.727,74.9,848.7,68.614
8/28/19 11:02,74.727,74.9,848.7,68.614
8/28/19 11:02,74.683,74.8,851.2,68.614
8/28/19 11:02,74.683,74.8,851.2,68.614
8/28/19 11:02,74.727,74.8,853.7,68.614
8/28/19 11:02,74.683,74.8,856.2,68.614
8/28/19 11:02,74.683,74.8,856.2,68.614
8/28/19 11:02,74.683,74.8,858.7,68.657
8/28/19 11:02,74.683,74.8,858.7,68.614
8/28/19 11:02,74.683,74.9,861.2,68.614
8/28/19 11:02,74.683,74.8,861.2,68.657
8/28/19 11:02,74.683,74.8,861.2,68.657
8/28/19 11:02,74.683,74.9,863.7,68.614
8/28/19 11:02,74.683,74.9,863.7,68.657
8/28/19 11:02,74.683,75,866.2,68.614
8/28/19 11:02,74.683,75.1,866.2,68.657
8/28/19 11:02,74.683,75.1,868.7,68.657
8/28/19 11:02,74.683,75.1,871.2,68.614
8/28/19 11:02,74.683,75.1,876.2,68.614
8/28/19 11:02,74.683,75.1,878.7,68.614
8/28/19 11:02,74.683,75,883.7,68.657
8/28/19 11:02,74.683,74.9,891.2,68.614
8/28/19 11:02,74.683,74.9,898.7,68.657
8/28/19 11:02,74.683,74.8,903.7,68.657
8/28/19 11:02,74.683,74.8,906.2,68.657
8/28/19 11:02,74.683,74.8,913.7,68.657
8/28/19 11:02,74.683,74.8,918.7,68.614
8/28/19 11:02,74.683,74.7,923.7,68.657
8/28/19 11:02,74.683,74.7,933.7,68.614
8/28/19 11:02,74.683,74.7,943.7,68.614
8/28/19 11:02,74.64,74.7,953.7,68.657
8/28/19 11:02,74.64,74.7,958.7,68.657
8/28/19 11:02,74.64,74.7,961.2,68.657
8/28/19 11:02,74.64,74.7,963.7,68.657
8/28/19 11:02,74.64,74.7,968.7,68.614
8/28/19 11:02,74.64,74.6,976.2,68.614
8/28/19 11:02,74.64,74.6,981.2,68.657
8/28/19 11:02,74.64,74.6,981.2,68.614
8/28/19 11:02,74.64,74.6,988.7,68.657
8/28/19 11:02,74.64,74.6,1006.2,68.657
8/28/19 11:02,74.64,74.6,1021.2,68.657
8/28/19 11:02,74.597,74.6,1028.7,68.657
8/28/19 11:02,74.64,74.6,1026.2,68.657
8/28/19 11:02,74.597,74.6,1021.2,68.657
8/28/19 11:02,74.597,74.7,1018.7,68.657
8/28/19 11:02,74.597,74.7,1011.2,68.657
8/28/19 11:02,74.597,74.7,1001.2,68.657
8/28/19 11:02,74.597,74.7,996.2,68.657
8/28/19 11:02,74.597,74.7,993.7,68.657
8/28/19 11:02,74.597,74.7,991.2,68.657
8/28/19 11:02,74.597,74.6,991.2,68.657
8/28/19 11:02,74.597,74.6,988.7,68.657
8/28/19 11:02,74.597,74.6,983.7,68.657
8/28/19 11:02,74.597,74.6,981.2,68.657
8/28/19 11:03,74.554,74.6,978.7,68.657
8/28/19 11:03,74.554,74.7,976.2,68.657
8/28/19 11:03,74.554,74.7,973.7,68.657
8/28/19 11:03,74.554,74.7,971.2,68.657
8/28/19 11:03,74.554,74.8,971.2,68.657
8/28/19 11:03,74.554,74.8,971.2,68.657
8/28/19 11:03,74.554,74.9,971.2,68.657
8/28/19 11:03,74.554,74.9,971.2,68.657
8/28/19 11:03,74.554,74.9,966.2,68.657
8/28/19 11:03,74.554,75.1,966.2,68.657
8/28/19 11:03,74.554,75.1,966.2,68.657
8/28/19 11:03,74.554,75.2,966.2,68.657
8/28/19 11:03,74.554,75.2,963.7,68.657
8/28/19 11:03,74.554,75.2,958.7,68.657
8/28/19 11:03,74.554,75.3,951.2,68.657
8/28/19 11:03,74.554,75.3,943.7,68.657
8/28/19 11:03,74.554,75.3,941.2,68.657
8/28/19 11:03,74.554,75.2,936.2,68.657
8/28/19 11:03,74.554,75.2,931.2,68.657
8/28/19 11:03,74.554,75.2,926.2,68.657
8/28/19 11:03,74.554,75.2,923.7,68.657
8/28/19 11:03,74.554,75.2,923.7,68.657
8/28/19 11:03,74.554,75.2,923.7,68.657
8/28/19 11:03,74.554,75.2,921.2,68.657
8/28/19 11:03,74.554,75.3,918.7,68.657
8/28/19 11:03,74.554,75.3,916.2,68.657
8/28/19 11:03,74.554,75.4,913.7,68.657
8/28/19 11:03,74.554,75.4,913.7,68.657
8/28/19 11:03,74.554,75.5,913.7,68.657
8/28/19 11:03,74.554,75.5,911.2,68.657
8/28/19 11:03,74.554,75.6,908.7,68.657
8/28/19 11:03,74.597,75.6,906.2,68.657
8/28/19 11:03,74.597,75.7,906.2,68.657
8/28/19 11:03,74.597,75.7,903.7,68.657
8/28/19 11:03,74.597,75.8,903.7,68.657
8/28/19 11:03,74.597,75.8,903.7,68.657
8/28/19 11:03,74.597,75.9,903.7,68.657
8/28/19 11:03,74.597,75.9,901.2,68.657
8/28/19 11:03,74.597,76,901.2,68.657
8/28/19 11:03,74.64,76,901.2,68.657
8/28/19 11:03,74.64,76,903.7,68.657
8/28/19 11:03,74.64,76,903.7,68.657
8/28/19 11:03,74.64,76,903.7,68.657
8/28/19 11:03,74.64,76.1,903.7,68.657
8/28/19 11:03,74.64,76.2,903.7,68.657
8/28/19 11:03,74.64,76.3,903.7,68.657
8/28/19 11:03,74.64,76.4,906.2,68.657
8/28/19 11:03,74.64,76.4,908.7,68.657
8/28/19 11:03,74.683,76.5,908.7,68.657
8/28/19 11:03,74.683,76.6,911.2,68.657
8/28/19 11:03,74.683,76.6,913.7,68.657
8/28/19 11:03,74.683,76.7,916.2,68.657
8/28/19 11:03,74.683,76.7,916.2,68.657
8/28/19 11:03,74.727,76.8,916.2,68.657
8/28/19 11:03,74.727,76.7,916.2,68.657
8/28/19 11:03,74.727,76.7,916.2,68.657
8/28/19 11:03,74.727,76.8,921.2,68.657
8/28/19 11:03,74.727,76.8,923.7,68.657
8/28/19 11:03,74.77,76.8,928.7,68.657
8/28/19 11:03,74.77,76.8,933.7,68.657
8/28/19 11:04,74.77,76.8,936.2,68.657
8/28/19 11:04,74.77,76.8,933.7,68.657
8/28/19 11:04,74.77,76.7,933.7,68.657
8/28/19 11:04,74.77,76.6,931.2,68.657
8/28/19 11:04,74.77,76.6,931.2,68.657
8/28/19 11:04,74.77,76.6,931.2,68.657
8/28/19 11:04,74.77,76.5,931.2,68.657
8/28/19 11:04,74.813,76.5,931.2,68.657
8/28/19 11:04,74.813,76.4,933.7,68.657
8/28/19 11:04,74.813,76.4,938.7,68.657
8/28/19 11:04,74.813,76.4,943.7,68.657
8/28/19 11:04,74.813,76.4,946.2,68.657
8/28/19 11:04,74.813,76.4,948.7,68.657
8/28/19 11:04,74.813,76.4,946.2,68.657
8/28/19 11:04,74.813,76.4,948.7,68.657
8/28/19 11:04,74.813,76.3,951.2,68.657
8/28/19 11:04,74.813,76.4,956.2,68.657
8/28/19 11:04,74.813,76.3,961.2,68.657
8/28/19 11:04,74.813,76.3,966.2,68.657
8/28/19 11:04,74.856,76.2,968.7,68.657
8/28/19 11:04,74.856,76.1,971.2,68.657
8/28/19 11:04,74.856,76,971.2,68.657
8/28/19 11:04,74.813,76,968.7,68.657
8/28/19 11:04,74.856,76,966.2,68.657
8/28/19 11:04,74.856,75.9,966.2,68.657
8/28/19 11:04,74.856,75.8,971.2,68.657
8/28/19 11:04,74.856,75.7,971.2,68.657
8/28/19 11:04,74.856,75.7,973.7,68.657
8/28/19 11:04,74.856,75.7,971.2,68.657
8/28/19 11:04,74.856,75.6,968.7,68.657
8/28/19 11:04,74.856,75.6,968.7,68.657
8/28/19 11:04,74.856,75.6,968.7,68.657
8/28/19 11:04,74.856,75.6,971.2,68.657
8/28/19 11:04,74.856,75.6,973.7,68.657
8/28/19 11:04,74.856,75.6,978.7,68.657
8/28/19 11:04,74.813,75.5,978.7,68.657
8/28/19 11:04,74.856,75.5,981.2,68.657
8/28/19 11:04,74.856,75.6,981.2,68.657
8/28/19 11:04,74.856,75.6,978.7,68.657
8/28/19 11:04,74.813,75.6,978.7,68.657
8/28/19 11:04,74.856,75.6,978.7,68.657
8/28/19 11:04,74.856,75.6,976.2,68.657
8/28/19 11:04,74.856,75.6,976.2,68.657
8/28/19 11:04,74.856,75.7,976.2,68.657
8/28/19 11:04,74.856,75.7,978.7,68.657
8/28/19 11:04,74.856,75.7,978.7,68.657
8/28/19 11:04,74.856,75.7,978.7,68.657
8/28/19 11:04,74.856,75.7,978.7,68.657
8/28/19 11:04,74.856,75.7,976.2,68.657
8/28/19 11:04,74.856,75.8,973.7,68.657
8/28/19 11:04,74.856,75.7,971.2,68.657
8/28/19 11:04,74.856,75.8,968.7,68.657
8/28/19 11:04,74.856,75.8,966.2,68.657
8/28/19 11:04,74.899,75.8,963.7,68.657
8/28/19 11:04,74.899,75.9,958.7,68.657
8/28/19 11:04,74.899,75.9,958.7,68.657
8/28/19 11:04,74.899,76,958.7,68.657
8/28/19 11:04,74.899,76,961.2,68.657
8/28/19 11:04,74.899,76,961.2,68.657
8/28/19 11:04,74.899,76.1,963.7,68.657
8/28/19 11:05,74.899,76.1,966.2,68.657
8/28/19 11:05,74.943,76.2,968.7,68.657
8/28/19 11:05,74.943,76.2,971.2,68.657
8/28/19 11:05,74.943,76.3,971.2,68.657
8/28/19 11:05,74.943,76.3,968.7,68.657
8/28/19 11:05,74.943,76.3,966.2,68.657
8/28/19 11:05,74.943,76.4,966.2,68.657
8/28/19 11:05,74.943,76.4,963.7,68.657
8/28/19 11:05,74.943,76.4,961.2,68.657
8/28/19 11:05,74.986,76.3,961.2,68.657
8/28/19 11:05,74.986,76.4,958.7,68.657
8/28/19 11:05,74.986,76.3,958.7,68.657
8/28/19 11:05,74.986,76.3,961.2,68.657
8/28/19 11:05,74.986,76.3,963.7,68.657
8/28/19 11:05,74.986,76.2,968.7,68.657
8/28/19 11:05,74.986,76.2,966.2,68.657
8/28/19 11:05,74.986,76.2,963.7,68.657
8/28/19 11:05,74.986,76.3,961.2,68.657
8/28/19 11:05,74.986,76.3,963.7,68.657
8/28/19 11:05,75.029,76.3,966.2,68.657
8/28/19 11:05,75.029,76.3,966.2,68.657
8/28/19 11:05,75.029,76.3,963.7,68.657
8/28/19 11:05,75.029,76.3,958.7,68.657
8/28/19 11:05,75.029,76.3,956.2,68.657
8/28/19 11:05,75.029,76.2,953.7,68.657
8/28/19 11:05,75.029,76.1,951.2,68.657
8/28/19 11:05,75.029,76.1,946.2,68.657
8/28/19 11:05,75.029,76,946.2,68.657
8/28/19 11:05,75.029,76,946.2,68.657
8/28/19 11:05,75.029,75.9,943.7,68.657
8/28/19 11:05,75.029,75.8,941.2,68.657
8/28/19 11:05,75.029,75.8,938.7,68.657
8/28/19 11:05,75.029,75.7,936.2,68.657
8/28/19 11:05,75.029,75.7,936.2,68.657
8/28/19 11:05,75.029,75.6,938.7,68.657
8/28/19 11:05,75.029,75.6,938.7,68.657
8/28/19 11:05,75.029,75.6,941.2,68.657
8/28/19 11:05,75.029,75.6,941.2,68.657
8/28/19 11:05,75.029,75.5,941.2,68.657
8/28/19 11:05,75.029,75.5,941.2,68.657
8/28/19 11:05,75.029,75.5,941.2,68.657
8/28/19 11:05,75.029,75.5,938.7,68.657
8/28/19 11:05,75.029,75.5,936.2,68.657
8/28/19 11:05,75.029,75.5,933.7,68.657
8/28/19 11:05,74.986,75.5,928.7,68.657
8/28/19 11:05,75.029,75.4,926.2,68.657
8/28/19 11:05,75.029,75.4,923.7,68.657
8/28/19 11:05,74.986,75.3,923.7,68.657
8/28/19 11:05,75.029,75.3,923.7,68.657
8/28/19 11:05,74.986,75.2,921.2,68.657
8/28/19 11:05,74.986,75.2,918.7,68.657
8/28/19 11:05,74.986,75.1,916.2,68.657
8/28/19 11:05,74.986,75.1,913.7,68.657
8/28/19 11:05,74.986,75.1,911.2,68.657
8/28/19 11:05,74.986,75.1,911.2,68.657
8/28/19 11:05,74.986,75.1,911.2,68.657
8/28/19 11:05,74.986,75.1,911.2,68.657
8/28/19 11:05,74.986,75.1,908.7,68.657
8/28/19 11:05,74.986,75.1,908.7,68.657
8/28/19 11:05,74.986,75.2,906.2,68.657
8/28/19 11:06,74.986,75.2,906.2,68.657
8/28/19 11:06,74.986,75.2,908.7,68.657
8/28/19 11:06,74.943,75.2,913.7,68.657
8/28/19 11:06,74.986,75.3,916.2,68.698
8/28/19 11:06,74.943,75.2,916.2,68.657
8/28/19 11:06,74.943,75.2,913.7,68.657
8/28/19 11:06,74.943,75.2,911.2,68.657
8/28/19 11:06,74.943,75.3,908.7,68.657
8/28/19 11:06,74.943,75.3,908.7,68.657
8/28/19 11:06,74.943,75.4,908.7,68.698
8/28/19 11:06,74.943,75.4,908.7,68.657
8/28/19 11:06,74.943,75.4,908.7,68.657
8/28/19 11:06,74.943,75.5,908.7,68.657
8/28/19 11:06,74.943,75.5,908.7,68.657
8/28/19 11:06,74.943,75.5,908.7,68.657
8/28/19 11:06,74.943,75.5,908.7,68.698
8/28/19 11:06,74.943,75.4,908.7,68.698
8/28/19 11:06,74.943,75.3,908.7,68.698
8/28/19 11:06,74.943,75.2,911.2,68.657
8/28/19 11:06,74.943,75.2,911.2,68.657
8/28/19 11:06,74.943,75.2,908.7,68.657
8/28/19 11:06,74.943,75.2,908.7,68.657
8/28/19 11:06,74.943,75.2,911.2,68.657
8/28/19 11:06,74.943,75.3,913.7,68.698
8/28/19 11:06,74.943,75.3,916.2,68.698
8/28/19 11:06,74.943,75.4,916.2,68.657
8/28/19 11:06,74.943,75.3,913.7,68.698
8/28/19 11:06,74.943,75.3,913.7,68.698
8/28/19 11:06,74.943,75.2,911.2,68.698
8/28/19 11:06,74.943,75.2,911.2,68.698
8/28/19 11:06,74.943,75.1,911.2,68.698
8/28/19 11:06,74.943,75.1,911.2,68.698
8/28/19 11:06,74.943,75,913.7,68.698
8/28/19 11:06,74.943,74.9,916.2,68.657
8/28/19 11:06,74.943,74.9,916.2,68.698
8/28/19 11:06,74.899,74.8,913.7,68.698
8/28/19 11:06,74.899,74.9,913.7,68.698
8/28/19 11:06,74.899,74.9,913.7,68.698
8/28/19 11:06,74.899,74.9,916.2,68.698
8/28/19 11:06,74.899,74.9,916.2,68.698
8/28/19 11:06,74.899,75,913.7,68.657
8/28/19 11:06,74.899,75,913.7,68.698
8/28/19 11:06,74.899,75.1,913.7,68.698
8/28/19 11:06,74.899,75.1,916.2,68.698
8/28/19 11:06,74.899,75.2,918.7,68.698
8/28/19 11:06,74.899,75.2,921.2,68.698
8/28/19 11:06,74.899,75.2,923.7,68.698
8/28/19 11:06,74.899,75.2,923.7,68.698
8/28/19 11:06,74.899,75.2,928.7,68.698
8/28/19 11:06,74.899,75.2,933.7,68.698
8/28/19 11:06,74.899,75.2,933.7,68.698
8/28/19 11:06,74.899,75.2,928.7,68.698
8/28/19 11:06,74.899,75.2,923.7,68.698
8/28/19 11:06,74.899,75.2,921.2,68.698
8/28/19 11:06,74.899,75.2,926.2,68.698
8/28/19 11:06,74.899,75.2,931.2,68.698
8/28/19 11:06,74.899,75.2,933.7,68.698
8/28/19 11:06,74.899,75.2,936.2,68.698
8/28/19 11:06,74.856,75.2,938.7,68.698
8/28/19 11:06,74.856,75.2,941.2,68.698
8/28/19 11:07,74.856,75.2,941.2,68.698
8/28/19 11:07,74.856,75.2,938.7,68.698
8/28/19 11:07,74.899,75.2,936.2,68.698
8/28/19 11:07,74.856,75.2,933.7,68.698
8/28/19 11:07,74.856,75.2,926.2,68.698
8/28/19 11:07,74.856,75.2,921.2,68.698
8/28/19 11:07,74.856,75.2,918.7,68.698
8/28/19 11:07,74.856,75.2,921.2,68.698
8/28/19 11:07,74.856,75.2,923.7,68.698
8/28/19 11:07,74.856,75.1,926.2,68.698
8/28/19 11:07,74.856,75.1,928.7,68.698
8/28/19 11:07,74.856,75.1,931.2,68.698
8/28/19 11:07,74.856,75,936.2,68.698
8/28/19 11:07,74.856,74.9,941.2,68.698
8/28/19 11:07,74.856,74.8,943.7,68.698
8/28/19 11:07,74.856,74.9,941.2,68.698
8/28/19 11:07,74.856,74.8,936.2,68.698
8/28/19 11:07,74.856,74.7,931.2,68.698
8/28/19 11:07,74.813,74.6,928.7,68.698
8/28/19 11:07,74.813,74.5,931.2,68.698
8/28/19 11:07,74.813,74.5,931.2,68.698
8/28/19 11:07,74.813,74.5,928.7,68.698
8/28/19 11:07,74.813,74.4,926.2,68.698
8/28/19 11:07,74.813,74.4,928.7,68.698
8/28/19 11:07,74.77,74.4,928.7,68.698
8/28/19 11:07,74.77,74.4,931.2,68.698
8/28/19 11:07,74.77,74.4,931.2,68.698
8/28/19 11:07,74.77,74.5,933.7,68.698
8/28/19 11:07,74.77,74.5,933.7,68.698
8/28/19 11:07,74.77,74.5,936.2,68.698
8/28/19 11:07,74.77,74.5,938.7,68.698
8/28/19 11:07,74.727,74.5,941.2,68.698
8/28/19 11:07,74.727,74.5,941.2,68.698
8/28/19 11:07,74.727,74.5,938.7,68.698
8/28/19 11:07,74.727,74.6,933.7,68.698
8/28/19 11:07,74.727,74.6,928.7,68.698
8/28/19 11:07,74.727,74.7,928.7,68.698
8/28/19 11:07,74.727,74.7,928.7,68.698
8/28/19 11:07,74.727,74.8,931.2,68.698
8/28/19 11:07,74.683,74.9,928.7,68.698
8/28/19 11:07,74.683,74.8,928.7,68.698
8/28/19 11:07,74.683,74.9,928.7,68.698
8/28/19 11:07,74.683,75,931.2,68.698
8/28/19 11:07,74.683,75.1,936.2,68.698
8/28/19 11:07,74.683,75.2,938.7,68.698
8/28/19 11:07,74.683,75.3,938.7,68.698
8/28/19 11:07,74.683,75.2,938.7,68.698
8/28/19 11:07,74.683,75.4,936.2,68.698
8/28/19 11:07,74.683,75.4,936.2,68.698
8/28/19 11:07,74.727,75.5,933.7,68.698
8/28/19 11:07,74.727,75.6,931.2,68.698
8/28/19 11:07,74.727,75.6,931.2,68.698
8/28/19 11:07,74.727,75.7,931.2,68.698
8/28/19 11:07,74.727,75.7,928.7,68.698
8/28/19 11:07,74.727,75.8,926.2,68.698
8/28/19 11:07,74.727,75.9,926.2,68.698
8/28/19 11:07,74.727,76,926.2,68.698
8/28/19 11:07,74.727,76,926.2,68.698
8/28/19 11:07,74.77,76,928.7,68.698
8/28/19 11:07,74.77,76.1,931.2,68.698
8/28/19 11:08,74.77,76.2,933.7,68.698
8/28/19 11:08,74.77,76.3,931.2,68.698
8/28/19 11:08,74.77,76.3,931.2,68.698
8/28/19 11:08,74.77,76.4,931.2,68.698
8/28/19 11:08,74.77,76.4,931.2,68.698
8/28/19 11:08,74.813,76.4,933.7,68.698
8/28/19 11:08,74.813,76.5,933.7,68.698
8/28/19 11:08,74.813,76.5,938.7,68.698
8/28/19 11:08,74.813,76.6,941.2,68.698
8/28/19 11:08,74.813,76.6,946.2,68.698
8/28/19 11:08,74.813,76.6,948.7,68.698
8/28/19 11:08,74.856,76.6,948.7,68.698
8/28/19 11:08,74.856,76.6,951.2,68.698
8/28/19 11:08,74.856,76.6,956.2,68.698
8/28/19 11:08,74.856,76.5,956.2,68.698
8/28/19 11:08,74.856,76.4,958.7,68.698
8/28/19 11:08,74.856,76.4,958.7,68.698
8/28/19 11:08,74.856,76.4,958.7,68.698
8/28/19 11:08,74.856,76.3,956.2,68.698
8/28/19 11:08,74.856,76.2,951.2,68.698
8/28/19 11:08,74.856,76.1,953.7,68.698
8/28/19 11:08,74.856,76.1,956.2,68.698
8/28/19 11:08,74.856,76,961.2,68.698
8/28/19 11:08,74.856,76,966.2,68.698
8/28/19 11:08,74.856,76,973.7,68.698
8/28/19 11:08,74.856,76,981.2,68.698
8/28/19 11:08,74.856,75.9,988.7,68.698
8/28/19 11:08,74.856,75.9,996.2,68.698
8/28/19 11:08,74.856,75.9,996.2,68.698
8/28/19 11:08,74.856,75.9,993.7,68.698
8/28/19 11:08,74.856,75.9,991.2,68.698
8/28/19 11:08,74.856,75.9,991.2,68.698
8/28/19 11:08,74.856,75.9,993.7,68.698
8/28/19 11:08,74.856,75.9,993.7,68.698
8/28/19 11:08,74.856,75.9,991.2,68.698
8/28/19 11:08,74.856,76,986.2,68.698
8/28/19 11:08,74.856,76,981.2,68.698
8/28/19 11:08,74.856,76,976.2,68.698
8/28/19 11:08,74.856,76,973.7,68.698
8/28/19 11:08,74.856,76,971.2,68.698
8/28/19 11:08,74.856,76,971.2,68.698
8/28/19 11:08,74.856,76,976.2,68.698
8/28/19 11:08,74.899,76,978.7,68.698
8/28/19 11:08,74.899,76,978.7,68.698
8/28/19 11:08,74.899,76,978.7,68.698
8/28/19 11:08,74.899,76,981.2,68.698
8/28/19 11:08,74.899,76,983.7,68.698
8/28/19 11:08,74.899,76,988.7,68.698
8/28/19 11:08,74.899,76,991.2,68.698
8/28/19 11:08,74.899,76,996.2,68.698
8/28/19 11:08,74.899,76,1001.2,68.698
8/28/19 11:08,74.899,75.9,1003.7,68.698
8/28/19 11:08,74.899,75.9,1006.2,68.698
8/28/19 11:08,74.899,75.9,1008.7,68.698
8/28/19 11:08,74.899,75.8,1008.7,68.698
8/28/19 11:08,74.899,75.8,1013.7,68.698
8/28/19 11:08,74.899,75.7,1018.7,68.698
8/28/19 11:08,74.899,75.7,1023.7,68.698
8/28/19 11:08,74.899,75.7,1026.2,68.698
8/28/19 11:08,74.899,75.6,1026.2,68.698
8/28/19 11:09,74.899,75.6,1026.2,68.698
8/28/19 11:09,74.899,75.6,1031.2,68.698
8/28/19 11:09,74.899,75.6,1033.7,68.698
8/28/19 11:09,74.899,75.6,1036.2,68.698
8/28/19 11:09,74.899,75.5,1036.2,68.698
8/28/19 11:09,74.899,75.5,1036.2,68.698
8/28/19 11:09,74.899,75.5,1036.2,68.698
8/28/19 11:09,74.899,75.5,1041.2,68.698
8/28/19 11:09,74.899,75.5,1046.2,68.698
8/28/19 11:09,74.899,75.6,1048.7,68.698
8/28/19 11:09,74.899,75.6,1043.7,68.698
8/28/19 11:09,74.899,75.6,1043.7,68.698
8/28/19 11:09,74.899,75.6,1051.2,68.698
8/28/19 11:09,74.899,75.6,1066.2,68.698
8/28/19 11:09,74.899,75.6,1076.2,68.698
8/28/19 11:09,74.899,75.6,1086.2,68.698
8/28/19 11:09,74.899,75.6,1096.2,68.698
8/28/19 11:09,74.899,75.5,1111.2,68.698
8/28/19 11:09,74.899,75.5,1118.7,68.698
8/28/19 11:09,74.899,75.5,1116.2,68.698
8/28/19 11:09,74.899,75.4,1108.7,68.742
8/28/19 11:09,74.899,75.3,1111.2,68.698
8/28/19 11:09,74.899,75.3,1126.2,68.698
8/28/19 11:09,74.899,75.2,1141.2,68.698
8/28/19 11:09,74.899,75.2,1148.7,68.698
8/28/19 11:09,74.899,75.2,1151.2,68.698
8/28/19 11:09,74.899,75.3,1148.7,68.698
8/28/19 11:09,74.899,75.3,1141.2,68.698
8/28/19 11:09,74.899,75.2,1136.2,68.698
8/28/19 11:09,74.899,75.3,1133.7,68.698
8/28/19 11:09,74.899,75.2,1138.7,68.698
8/28/19 11:09,74.899,75.2,1136.2,68.698
8/28/19 11:09,74.899,75.2,1136.2,68.698
8/28/19 11:09,74.899,75.2,1143.7,68.698
8/28/19 11:09,74.899,75.2,1146.2,68.698
8/28/19 11:09,74.899,75.2,1148.7,68.698
8/28/19 11:09,74.899,75.3,1156.2,68.698
8/28/19 11:09,74.899,75.3,1163.7,68.698
8/28/19 11:09,74.899,75.3,1166.2,68.698
8/28/19 11:09,74.899,75.4,1163.7,68.698
8/28/19 11:09,74.899,75.3,1166.2,68.698
8/28/19 11:09,74.899,75.3,1178.7,68.698
8/28/19 11:09,74.899,75.2,1188.7,68.698
8/28/19 11:09,74.899,75.2,1193.7,68.698
8/28/19 11:09,74.899,75.2,1201.2,68.698
8/28/19 11:09,74.899,75.3,1208.7,68.698
8/28/19 11:09,74.899,75.3,1223.7,68.698
8/28/19 11:09,74.899,75.3,1241.2,68.698
8/28/19 11:09,74.899,75.3,1248.7,68.698
8/28/19 11:09,74.899,75.3,1248.7,68.698
8/28/19 11:09,74.899,75.2,1251.2,68.698
8/28/19 11:09,74.899,75.2,1261.2,68.742
8/28/19 11:09,74.899,75.2,1273.7,68.698
8/28/19 11:09,74.899,75.3,1288.7,68.698
8/28/19 11:09,74.899,75.3,1311.2,68.698
8/28/19 11:09,74.943,75.3,1328.7,68.698
8/28/19 11:09,74.943,75.2,1331.2,68.698
8/28/19 11:09,74.943,75.2,1321.2,68.742
8/28/19 11:09,74.943,75.2,1311.2,68.698
8/28/19 11:09,74.943,75.3,1306.2,68.698
8/28/19 11:10,74.943,75.2,1311.2,68.742
8/28/19 11:10,74.943,75.1,1308.7,68.742
8/28/19 11:10,74.943,75,1303.7,68.698
8/28/19 11:10,74.943,74.9,1291.2,68.698
8/28/19 11:10,74.943,74.9,1283.7,68.698
8/28/19 11:10,74.943,74.9,1273.7,68.698
8/28/19 11:10,74.943,74.9,1276.2,68.698
8/28/19 11:10,74.943,75,1276.2,68.742
8/28/19 11:10,74.943,75,1273.7,68.698
8/28/19 11:10,74.943,75.1,1268.7,68.742
8/28/19 11:10,74.943,75.2,1266.2,68.742
8/28/19 11:10,74.943,75.2,1268.7,68.742
8/28/19 11:10,74.943,75.3,1271.2,68.742
8/28/19 11:10,74.943,75.4,1273.7,68.742
8/28/19 11:10,74.943,75.4,1283.7,68.742
8/28/19 11:10,74.943,75.4,1296.2,68.742
8/28/19 11:10,74.943,75.4,1308.7,68.742
8/28/19 11:10,74.943,75.4,1321.2,68.742
8/28/19 11:10,74.943,75.3,1331.2,68.742
8/28/19 11:10,74.986,75.3,1336.2,68.742
8/28/19 11:10,74.943,75.3,1351.2,68.742
8/28/19 11:10,74.986,75.2,1358.7,68.698
8/28/19 11:10,74.986,75.3,1356.2,68.742
8/28/19 11:10,74.986,75.2,1356.2,68.742
8/28/19 11:10,74.986,75.2,1358.7,68.742
8/28/19 11:10,74.986,75.1,1368.7,68.698
8/28/19 11:10,74.986,75,1373.7,68.742
8/28/19 11:10,74.986,74.9,1376.2,68.742
8/28/19 11:10,74.986,74.8,1381.2,68.698
8/28/19 11:10,74.986,74.8,1391.2,68.742
8/28/19 11:10,74.986,74.7,1406.2,68.742
8/28/19 11:10,74.986,74.7,1416.2,68.742
8/28/19 11:10,74.986,74.6,1426.2,68.742
8/28/19 11:10,74.986,74.6,1431.2,68.742
8/28/19 11:10,74.986,74.6,1431.2,68.742
8/28/19 11:10,74.986,74.6,1428.7,68.742
8/28/19 11:10,74.986,74.6,1436.2,68.742
8/28/19 11:10,74.986,74.6,1436.2,68.742
8/28/19 11:10,74.986,74.6,1431.2,68.742
8/28/19 11:10,74.986,74.6,1436.2,68.742
8/28/19 11:10,74.986,74.7,1451.2,68.742
8/28/19 11:10,74.986,74.7,1473.7,68.742
8/28/19 11:10,74.986,74.7,1478.7,68.742
8/28/19 11:10,74.986,74.7,1486.2,68.742
8/28/19 11:10,74.986,74.7,1493.7,68.742
8/28/19 11:10,74.986,74.7,1498.7,68.742
8/28/19 11:10,74.986,74.7,1511.2,68.742
8/28/19 11:10,74.986,74.7,1521.2,68.742
8/28/19 11:10,74.986,74.8,1526.2,68.742
8/28/19 11:10,75.029,74.9,1526.2,68.742
8/28/19 11:10,75.029,74.9,1526.2,68.742
8/28/19 11:10,75.029,74.9,1538.7,68.742
8/28/19 11:10,75.029,74.9,1553.7,68.742
8/28/19 11:10,75.029,74.8,1563.7,68.742
8/28/19 11:10,75.029,74.8,1563.7,68.742
8/28/19 11:10,75.029,74.8,1561.2,68.742
8/28/19 11:10,75.029,74.8,1566.2,68.742
8/28/19 11:10,75.029,74.9,1583.7,68.742
8/28/19 11:10,75.074,74.9,1601.2,68.742
8/28/19 11:10,75.074,75,1616.2,68.742
8/28/19 11:11,75.074,75,1623.7,68.742
8/28/19 11:11,75.074,75,1623.7,68.742
8/28/19 11:11,75.074,75.1,1628.7,68.742
8/28/19 11:11,75.117,75.1,1638.7,68.742
8/28/19 11:11,75.117,75.2,1648.7,68.742
8/28/19 11:11,75.117,75.2,1646.2,68.742
8/28/19 11:11,75.117,75.1,1636.2,68.742
8/28/19 11:11,75.117,75.1,1626.2,68.742
8/28/19 11:11,75.117,75.1,1621.2,68.742
8/28/19 11:11,75.16,75.1,1628.7,68.742
8/28/19 11:11,75.16,75,1646.2,68.742
8/28/19 11:11,75.16,75,1666.2,68.742
8/28/19 11:11,75.16,74.9,1681.2,68.742
8/28/19 11:11,75.16,74.9,1686.2,68.742
8/28/19 11:11,75.204,74.8,1681.2,68.742
8/28/19 11:11,75.204,74.8,1678.7,68.742
8/28/19 11:11,75.204,74.7,1678.7,68.742
8/28/19 11:11,75.204,74.6,1673.7,68.742
8/28/19 11:11,75.204,74.5,1661.2,68.742
8/28/19 11:11,75.204,74.4,1656.2,68.742
8/28/19 11:11,75.204,74.3,1663.7,68.742
8/28/19 11:11,75.204,74.2,1668.7,68.742
8/28/19 11:11,75.247,74.1,1666.2,68.742
8/28/19 11:11,75.204,74.1,1661.2,68.742
8/28/19 11:11,75.204,74,1658.7,68.742
8/28/19 11:11,75.247,74,1666.2,68.742
8/28/19 11:11,75.247,73.9,1678.7,68.742
8/28/19 11:11,75.247,73.9,1688.7,68.742
8/28/19 11:11,75.247,73.9,1688.7,68.742
8/28/19 11:11,75.247,73.9,1686.2,68.742
8/28/19 11:11,75.247,74,1676.2,68.742
8/28/19 11:11,75.247,74,1661.2,68.742
8/28/19 11:11,75.247,74,1648.7,68.742
8/28/19 11:11,75.247,74.1,1653.7,68.742
8/28/19 11:11,75.247,74,1678.7,68.742
8/28/19 11:11,75.247,74,1701.2,68.742
8/28/19 11:11,75.247,74.1,1698.7,68.742
8/28/19 11:11,75.29,74.2,1678.7,68.742
8/28/19 11:11,75.29,74.2,1666.2,68.742
8/28/19 11:11,75.29,74.2,1658.7,68.742
8/28/19 11:11,75.29,74.3,1668.7,68.742
8/28/19 11:11,75.29,74.4,1683.7,68.742
8/28/19 11:11,75.29,74.4,1688.7,68.742
8/28/19 11:11,75.29,74.5,1686.2,68.742
8/28/19 11:11,75.333,74.5,1673.7,68.742
8/28/19 11:11,75.333,74.4,1663.7,68.742
8/28/19 11:11,75.333,74.4,1653.7,68.742
8/28/19 11:11,75.333,74.5,1651.2,68.742
8/28/19 11:11,75.333,74.5,1658.7,68.742
8/28/19 11:11,75.333,74.5,1661.2,68.742
8/28/19 11:11,75.376,74.5,1653.7,68.742
8/28/19 11:11,75.376,74.5,1641.2,68.742
8/28/19 11:11,75.376,74.5,1638.7,68.742
8/28/19 11:11,75.376,74.6,1643.7,68.742
8/28/19 11:11,75.376,74.7,1656.2,68.742
8/28/19 11:11,75.42,74.8,1661.2,68.742
8/28/19 11:11,75.42,74.9,1658.7,68.742
8/28/19 11:11,75.42,75,1656.2,68.742
8/28/19 11:11,75.42,74.9,1646.2,68.742
8/28/19 11:11,75.463,75,1643.7,68.742
8/28/19 11:12,75.463,75.1,1643.7,68.742
8/28/19 11:12,75.463,75.1,1626.2,68.742
8/28/19 11:12,75.463,75.2,1608.7,68.742
8/28/19 11:12,75.508,75.2,1601.2,68.742
8/28/19 11:12,75.508,75.2,1596.2,68.742
8/28/19 11:12,75.508,75.2,1591.2,68.742
8/28/19 11:12,75.551,75.2,1583.7,68.742
8/28/19 11:12,75.551,75.2,1578.7,68.742
8/28/19 11:12,75.551,75.1,1588.7,68.742
8/28/19 11:12,75.551,75.1,1608.7,68.742
8/28/19 11:12,75.594,75.1,1628.7,68.742
8/28/19 11:12,75.594,75,1646.2,68.742
8/28/19 11:12,75.594,75,1651.2,68.742
8/28/19 11:12,75.594,75,1648.7,68.742
8/28/19 11:12,75.594,75,1641.2,68.742
8/28/19 11:12,75.637,75,1636.2,68.742
8/28/19 11:12,75.637,75,1631.2,68.742
8/28/19 11:12,75.637,75.1,1616.2,68.742
8/28/19 11:12,75.637,75.1,1608.7,68.742
8/28/19 11:12,75.637,75,1606.2,68.742
8/28/19 11:12,75.681,75,1618.7,68.742
8/28/19 11:12,75.681,75,1611.2,68.742
8/28/19 11:12,75.681,75,1593.7,68.742
8/28/19 11:12,75.724,75,1563.7,68.742
8/28/19 11:12,75.724,75,1548.7,68.742
8/28/19 11:12,75.724,75.1,1551.2,68.742
8/28/19 11:12,75.724,75.1,1561.2,68.742
8/28/19 11:12,75.724,75.2,1568.7,68.742
8/28/19 11:12,75.767,75.2,1568.7,68.742
8/28/19 11:12,75.767,75.2,1571.2,68.742
8/28/19 11:12,75.767,75.3,1581.2,68.742
8/28/19 11:12,75.767,75.3,1593.7,68.742
8/28/19 11:12,75.81,75.3,1598.7,68.742
8/28/19 11:12,75.81,75.3,1581.2,68.742
8/28/19 11:12,75.81,75.3,1566.2,68.742
8/28/19 11:12,75.853,75.3,1571.2,68.742
8/28/19 11:12,75.853,75.3,1598.7,68.742
8/28/19 11:12,75.853,75.3,1608.7,68.742
8/28/19 11:12,75.853,75.4,1593.7,68.742
8/28/19 11:12,75.898,75.3,1558.7,68.742
8/28/19 11:12,75.898,75.3,1521.2,68.742
8/28/19 11:12,75.898,75.3,1491.2,68.742
8/28/19 11:12,75.942,75.4,1463.7,68.742
8/28/19 11:12,75.942,75.3,1438.7,68.742
8/28/19 11:12,75.942,75.2,1433.7,68.742
8/28/19 11:12,75.985,75.1,1451.2,68.742
8/28/19 11:12,75.985,75,1488.7,68.742
8/28/19 11:12,75.985,75,1528.7,68.742
8/28/19 11:12,75.985,74.9,1558.7,68.742
8/28/19 11:12,75.985,74.9,1568.7,68.742
8/28/19 11:12,75.985,75,1563.7,68.742
8/28/19 11:12,76.028,74.9,1546.2,68.742
8/28/19 11:12,76.028,74.9,1526.2,68.742
8/28/19 11:12,76.028,74.9,1518.7,68.785
8/28/19 11:12,76.028,74.9,1538.7,68.785
8/28/19 11:12,76.071,75,1566.2,68.742
8/28/19 11:12,76.071,75,1593.7,68.785
8/28/19 11:12,76.071,74.9,1621.2,68.785
8/28/19 11:12,76.071,74.9,1643.7,68.742
8/28/19 11:12,76.071,74.9,1646.2,68.742
8/28/19 11:13,76.114,74.9,1628.7,68.742
8/28/19 11:13,76.114,74.9,1606.2,68.785
8/28/19 11:13,76.114,74.9,1583.7,68.785
8/28/19 11:13,76.114,74.9,1568.7,68.785
8/28/19 11:13,76.114,74.9,1578.7,68.785
8/28/19 11:13,76.158,74.9,1606.2,68.742
8/28/19 11:13,76.158,75,1621.2,68.785
8/28/19 11:13,76.158,74.9,1603.7,68.785
8/28/19 11:13,76.203,74.8,1571.2,68.785
8/28/19 11:13,76.203,74.7,1536.2,68.785
8/28/19 11:13,76.203,74.6,1513.7,68.785
8/28/19 11:13,76.203,74.6,1483.7,68.785
8/28/19 11:13,76.203,74.6,1441.2,68.785
8/28/19 11:13,76.203,74.5,1421.2,68.785
8/28/19 11:13,76.246,74.5,1426.2,68.785
8/28/19 11:13,76.246,74.4,1463.7,68.785
8/28/19 11:13,76.246,74.4,1508.7,68.785
8/28/19 11:13,76.246,74.3,1561.2,68.785
8/28/19 11:13,76.246,74.1,1598.7,68.785
8/28/19 11:13,76.246,74.1,1593.7,68.785
8/28/19 11:13,76.246,74.1,1543.7,68.785
8/28/19 11:13,76.246,74.1,1476.2,68.785
8/28/19 11:13,76.246,74.1,1418.7,68.785
8/28/19 11:13,76.246,74.1,1386.2,68.785
8/28/19 11:13,76.289,74.2,1406.2,68.785
8/28/19 11:13,76.289,74.1,1501.2,68.785
8/28/19 11:13,76.289,74.1,1591.2,68.785
8/28/19 11:13,76.289,74.1,1653.7,68.785
8/28/19 11:13,76.289,74.1,1671.2,68.785
8/28/19 11:13,76.289,74,1683.7,68.785
8/28/19 11:13,76.289,73.9,1678.7,68.785
8/28/19 11:13,76.289,73.8,1716.2,68.785
8/28/19 11:13,76.289,73.7,1806.2,68.785
8/28/19 11:13,76.289,73.7,1883.7,68.785
8/28/19 11:13,76.289,73.8,1891.2,68.785
8/28/19 11:13,76.289,73.8,1846.2,68.785
8/28/19 11:13,76.289,73.7,1786.2,68.785
8/28/19 11:13,76.289,73.8,1713.7,68.785
8/28/19 11:13,76.332,73.6,1661.2,68.785
8/28/19 11:13,76.289,73.6,1663.7,68.785
8/28/19 11:13,76.289,73.7,1673.7,68.785
8/28/19 11:13,76.289,73.6,1621.2,68.785
8/28/19 11:13,76.332,73.6,1538.7,68.785
8/28/19 11:13,76.289,73.6,1511.2,68.785
8/28/19 11:13,76.332,73.6,1566.2,68.785
8/28/19 11:13,76.332,73.4,1643.7,68.785
8/28/19 11:13,76.332,73.4,1703.7,68.785
8/28/19 11:13,76.332,73.3,1716.2,68.785
8/28/19 11:13,76.332,73.4,1661.2,68.785
8/28/19 11:13,76.332,73.3,1566.2,68.785
8/28/19 11:13,76.332,73.3,1483.7,68.785
8/28/19 11:13,76.332,73.3,1476.2,68.785
8/28/19 11:13,76.332,73.2,1561.2,68.785
8/28/19 11:13,76.332,73.3,1701.2,68.785
8/28/19 11:13,76.332,73.2,1823.7,68.785
8/28/19 11:13,76.332,73.2,1878.7,68.785
8/28/19 11:13,76.332,73.3,1898.7,68.785
8/28/19 11:13,76.332,73.3,1906.2,68.785
8/28/19 11:13,76.332,73.3,1888.7,68.785
8/28/19 11:13,76.332,73.3,1846.2,68.785
8/28/19 11:14,76.332,73.3,1791.2,68.785
8/28/19 11:14,76.332,73.4,1743.7,68.785
8/28/19 11:14,76.332,73.4,1668.7,68.785
8/28/19 11:14,76.332,73.5,1608.7,68.785
8/28/19 11:14,76.332,73.5,1593.7,68.785
8/28/19 11:14,76.332,73.5,1581.2,68.785
8/28/19 11:14,76.332,73.4,1626.2,68.785
8/28/19 11:14,76.332,73.4,1726.2,68.785
8/28/19 11:14,76.332,73.5,1863.7,68.785
8/28/19 11:14,76.332,73.4,1983.7,68.785
8/28/19 11:14,76.375,73.4,2036.2,68.785
8/28/19 11:14,76.375,73.4,2036.2,68.785
8/28/19 11:14,76.375,73.4,2008.7,68.785
8/28/19 11:14,76.375,73.4,1986.2,68.785
8/28/19 11:14,76.375,73.4,1963.7,68.785
8/28/19 11:14,76.375,73.4,1903.7,68.785
8/28/19 11:14,76.375,73.5,1868.7,68.828
8/28/19 11:14,76.375,73.5,1883.7,68.785
8/28/19 11:14,76.375,73.5,1933.7,68.785
8/28/19 11:14,76.419,73.6,1983.7,68.785
8/28/19 11:14,76.419,73.6,1998.7,68.785
8/28/19 11:14,76.419,73.7,2003.7,68.785
8/28/19 11:14,76.419,73.6,1998.7,68.785
8/28/19 11:14,76.419,73.6,1971.2,68.785
8/28/19 11:14,76.419,73.6,1928.7,68.828
8/28/19 11:14,76.464,73.7,1858.7,68.828
8/28/19 11:14,76.464,73.7,1771.2,68.828
8/28/19 11:14,76.464,73.7,1703.7,68.828
8/28/19 11:14,76.464,73.8,1691.2,68.785
8/28/19 11:14,76.464,73.9,1696.2,68.785
8/28/19 11:14,76.507,73.9,1723.7,68.785
8/28/19 11:14,76.507,74,1763.7,68.828
8/28/19 11:14,76.507,74.1,1773.7,68.785
8/28/19 11:14,76.507,74.2,1756.2,68.785
8/28/19 11:14,76.55,74.2,1713.7,68.828
8/28/19 11:14,76.55,74.3,1688.7,68.785
8/28/19 11:14,76.55,74.3,1718.7,68.785
8/28/19 11:14,76.593,74.2,1778.7,68.828
8/28/19 11:14,76.593,74.3,1853.7,68.828
8/28/19 11:14,76.593,74.2,1906.2,68.828
8/28/19 11:14,76.636,74.2,1938.7,68.785
8/28/19 11:14,76.636,74.2,1943.7,68.785
8/28/19 11:14,76.636,74.2,1951.2,68.828
8/28/19 11:14,76.636,74.3,1941.2,68.828
8/28/19 11:14,76.681,74.2,1921.2,68.828
8/28/19 11:14,76.681,74.2,1903.7,68.828
8/28/19 11:14,76.681,74.3,1896.2,68.828
8/28/19 11:14,76.681,74.3,1886.2,68.785
8/28/19 11:14,76.725,74.4,1886.2,68.828
8/28/19 11:14,76.725,74.4,1873.7,68.828
8/28/19 11:14,76.725,74.4,1868.7,68.828
8/28/19 11:14,76.768,74.5,1866.2,68.828
8/28/19 11:14,76.768,74.5,1876.2,68.828
8/28/19 11:14,76.768,74.5,1891.2,68.828
8/28/19 11:14,76.811,74.6,1896.2,68.828
8/28/19 11:14,76.811,74.6,1903.7,68.828
8/28/19 11:14,76.811,74.6,1908.7,68.828
8/28/19 11:14,76.854,74.7,1916.2,68.828
8/28/19 11:14,76.854,74.6,1913.7,68.828
8/28/19 11:14,76.854,74.6,1913.7,68.828
8/28/19 11:15,76.899,74.5,1911.2,68.828
8/28/19 11:15,76.899,74.4,1908.7,68.828
8/28/19 11:15,76.899,74.2,1906.2,68.828
8/28/19 11:15,76.899,74.2,1903.7,68.828
8/28/19 11:15,76.942,74.1,1903.7,68.828
8/28/19 11:15,76.942,74,1901.2,68.828
8/28/19 11:15,76.942,73.9,1898.7,68.828
8/28/19 11:15,76.942,73.9,1896.2,68.828
8/28/19 11:15,76.942,73.9,1893.7,68.828
8/28/19 11:15,76.986,73.8,1891.2,68.828
8/28/19 11:15,76.986,73.7,1883.7,68.828
8/28/19 11:15,76.986,73.7,1858.7,68.828
8/28/19 11:15,76.986,73.7,1838.7,68.828
8/28/19 11:15,76.986,73.7,1818.7,68.828
8/28/19 11:15,76.986,73.7,1823.7,68.828
8/28/19 11:15,76.986,73.7,1831.2,68.828
8/28/19 11:15,77.029,73.7,1838.7,68.828
8/28/19 11:15,77.029,73.8,1846.2,68.828
8/28/19 11:15,77.029,73.9,1853.7,68.828
8/28/19 11:15,77.029,73.9,1863.7,68.828
8/28/19 11:15,77.029,74,1868.7,68.828
8/28/19 11:15,77.029,74.1,1861.2,68.828
8/28/19 11:15,77.072,74.2,1856.2,68.828
8/28/19 11:15,77.072,74.3,1843.7,68.828
8/28/19 11:15,77.072,74.2,1833.7,68.828
8/28/19 11:15,77.117,74.3,1828.7,68.828
8/28/19 11:15,77.117,74.3,1828.7,68.828
8/28/19 11:15,77.117,74.3,1833.7,68.828
8/28/19 11:15,77.16,74.2,1843.7,68.828
8/28/19 11:15,77.16,74.3,1853.7,68.828
8/28/19 11:15,77.16,74.2,1861.2,68.828
8/28/19 11:15,77.203,74.2,1861.2,68.828
8/28/19 11:15,77.203,74.2,1858.7,68.828
8/28/19 11:15,77.203,74.2,1858.7,68.828
8/28/19 11:15,77.203,74.2,1856.2,68.828
8/28/19 11:15,77.247,74.2,1853.7,68.828
8/28/19 11:15,77.247,74.1,1853.7,68.828
8/28/19 11:15,77.247,74,1851.2,68.828
8/28/19 11:15,77.247,74,1851.2,68.828
8/28/19 11:15,77.292,74,1851.2,68.828
8/28/19 11:15,77.247,74,1848.7,68.828
8/28/19 11:15,77.292,74,1848.7,68.828
8/28/19 11:15,77.292,74,1846.2,68.828
8/28/19 11:15,77.292,74,1846.2,68.828
8/28/19 11:15,77.292,73.9,1848.7,68.828
8/28/19 11:15,77.335,74,1846.2,68.828
8/28/19 11:15,77.335,74,1841.2,68.828
8/28/19 11:15,77.335,74,1841.2,68.828
8/28/19 11:15,77.335,74,1841.2,68.828
8/28/19 11:15,77.378,74,1838.7,68.828
8/28/19 11:15,77.378,74,1838.7,68.828
8/28/19 11:15,77.378,74,1836.2,68.828
8/28/19 11:15,77.378,74,1836.2,68.828
8/28/19 11:15,77.378,74,1836.2,68.828
8/28/19 11:15,77.421,73.9,1833.7,68.828
8/28/19 11:15,77.421,73.8,1833.7,68.828
8/28/19 11:15,77.421,73.7,1831.2,68.828
8/28/19 11:15,77.421,73.6,1833.7,68.828
8/28/19 11:15,77.464,73.5,1833.7,68.828
8/28/19 11:15,77.464,73.3,1831.2,68.828
8/28/19 11:16,77.464,73.2,1828.7,68.828
8/28/19 11:16,77.464,73.1,1828.7,68.828
8/28/19 11:16,77.464,73,1828.7,68.828
8/28/19 11:16,77.464,72.9,1828.7,68.828
8/28/19 11:16,77.464,72.9,1828.7,68.871
8/28/19 11:16,77.464,72.9,1826.2,68.828
8/28/19 11:16,77.464,72.9,1823.7,68.828
8/28/19 11:16,77.464,73,1823.7,68.828
8/28/19 11:16,77.464,73.1,1826.2,68.828
8/28/19 11:16,77.509,73.1,1823.7,68.828
8/28/19 11:16,77.509,73.1,1821.2,68.828
8/28/19 11:16,77.509,73.1,1821.2,68.828
8/28/19 11:16,77.509,73.1,1818.7,68.828
8/28/19 11:16,77.509,73.2,1816.2,68.871
8/28/19 11:16,77.509,73.4,1816.2,68.828
8/28/19 11:16,77.509,73.4,1818.7,68.871
8/28/19 11:16,77.553,73.4,1816.2,68.828
8/28/19 11:16,77.553,73.5,1816.2,68.871
8/28/19 11:16,77.553,73.5,1813.7,68.828
8/28/19 11:16,77.553,73.5,1813.7,68.828
8/28/19 11:16,77.553,73.5,1813.7,68.871
8/28/19 11:16,77.553,73.4,1811.2,68.871
8/28/19 11:16,77.553,73.3,1813.7,68.828
8/28/19 11:16,77.553,73.1,1811.2,68.871
8/28/19 11:16,77.596,73.1,1811.2,68.828
8/28/19 11:16,77.596,72.9,1811.2,68.871
8/28/19 11:16,77.596,72.8,1808.7,68.828
8/28/19 11:16,77.596,72.8,1808.7,68.871
8/28/19 11:16,77.596,72.6,1806.2,68.871
8/28/19 11:16,77.596,72.6,1806.2,68.871
8/28/19 11:16,77.596,72.5,1803.7,68.871
8/28/19 11:16,77.596,72.4,1803.7,68.871
8/28/19 11:16,77.596,72.3,1801.2,68.871
8/28/19 11:16,77.596,72.3,1801.2,68.871
8/28/19 11:16,77.596,72.2,1798.7,68.871
8/28/19 11:16,77.596,72,1798.7,68.871
8/28/19 11:16,77.596,71.9,1798.7,68.871
8/28/19 11:16,77.553,71.7,1798.7,68.871
8/28/19 11:16,77.553,71.6,1798.7,68.871
8/28/19 11:16,77.553,71.6,1796.2,68.871
8/28/19 11:16,77.553,71.6,1796.2,68.871
8/28/19 11:16,77.553,71.5,1793.7,68.871
8/28/19 11:16,77.553,71.5,1793.7,68.871
8/28/19 11:16,77.509,71.6,1793.7,68.871
8/28/19 11:16,77.509,71.6,1793.7,68.871
8/28/19 11:16,77.509,71.6,1793.7,68.871
8/28/19 11:16,77.509,71.6,1793.7,68.871
8/28/19 11:16,77.509,71.6,1791.2,68.871
8/28/19 11:16,77.509,71.7,1791.2,68.871
8/28/19 11:16,77.509,71.7,1791.2,68.871
8/28/19 11:16,77.509,71.7,1788.7,68.871
8/28/19 11:16,77.509,71.7,1788.7,68.871
8/28/19 11:16,77.509,71.7,1788.7,68.871
8/28/19 11:16,77.509,71.7,1788.7,68.871
8/28/19 11:16,77.509,71.6,1788.7,68.871
8/28/19 11:16,77.509,71.7,1786.2,68.871
8/28/19 11:16,77.509,71.7,1786.2,68.871
8/28/19 11:16,77.509,71.8,1786.2,68.871
8/28/19 11:16,77.509,71.9,1786.2,68.871
8/28/19 11:16,77.509,71.9,1783.7,68.871
8/28/19 11:17,77.509,71.9,1781.2,68.871
8/28/19 11:17,77.509,71.9,1783.7,68.871
8/28/19 11:17,77.509,71.9,1781.2,68.871
8/28/19 11:17,77.509,71.8,1781.2,68.871
8/28/19 11:17,77.509,71.8,1778.7,68.871
8/28/19 11:17,77.509,71.9,1778.7,68.871
8/28/19 11:17,77.509,71.9,1778.7,68.871
8/28/19 11:17,77.509,71.9,1781.2,68.871
8/28/19 11:17,77.509,71.8,1776.2,68.871
8/28/19 11:17,77.553,71.9,1778.7,68.871
8/28/19 11:17,77.553,72,1776.2,68.871
8/28/19 11:17,77.553,71.9,1776.2,68.871
8/28/19 11:17,77.553,72,1778.7,68.871
8/28/19 11:17,77.553,72,1776.2,68.871
8/28/19 11:17,77.553,71.9,1776.2,68.871
8/28/19 11:17,77.553,71.9,1773.7,68.871
8/28/19 11:17,77.553,71.9,1773.7,68.871
8/28/19 11:17,77.553,71.9,1776.2,68.871
8/28/19 11:17,77.553,71.8,1773.7,68.871
8/28/19 11:17,77.553,71.8,1771.2,68.871
8/28/19 11:17,77.596,71.8,1773.7,68.871
8/28/19 11:17,77.596,71.9,1773.7,68.871
8/28/19 11:17,77.596,71.9,1771.2,68.871
8/28/19 11:17,77.596,71.9,1773.7,68.871
8/28/19 11:17,77.596,72,1771.2,68.871
8/28/19 11:17,77.596,72.1,1771.2,68.871
8/28/19 11:17,77.596,72.1,1773.7,68.871
8/28/19 11:17,77.596,72.1,1771.2,68.871
8/28/19 11:17,77.596,72.1,1771.2,68.871
8/28/19 11:17,77.596,72,1771.2,68.871
8/28/19 11:17,77.639,72,1768.7,68.871
8/28/19 11:17,77.639,71.9,1766.2,68.871
8/28/19 11:17,77.639,71.9,1768.7,68.871
8/28/19 11:17,77.596,71.9,1768.7,68.871
8/28/19 11:17,77.639,71.9,1771.2,68.871
8/28/19 11:17,77.639,72,1766.2,68.871
8/28/19 11:17,77.639,72,1768.7,68.871
8/28/19 11:17,77.639,72,1766.2,68.871
8/28/19 11:17,77.639,72,1763.7,68.871
8/28/19 11:17,77.639,72,1763.7,68.871
8/28/19 11:17,77.639,72,1761.2,68.871
8/28/19 11:17,77.639,72,1763.7,68.871
8/28/19 11:17,77.684,72,1761.2,68.871
8/28/19 11:17,77.639,72,1761.2,68.913
8/28/19 11:17,77.684,72,1761.2,68.871
8/28/19 11:17,77.684,72.1,1763.7,68.871
8/28/19 11:17,77.684,72.1,1758.7,68.871
8/28/19 11:17,77.684,72.2,1756.2,68.913
8/28/19 11:17,77.684,72.3,1758.7,68.913
8/28/19 11:17,77.684,72.3,1758.7,68.871
8/28/19 11:17,77.727,72.4,1756.2,68.871
8/28/19 11:17,77.727,72.4,1758.7,68.871
8/28/19 11:17,77.727,72.4,1756.2,68.913
8/28/19 11:17,77.727,72.3,1756.2,68.871
8/28/19 11:17,77.77,72.4,1756.2,68.871
8/28/19 11:17,77.77,72.3,1756.2,68.871
8/28/19 11:17,77.77,72.3,1756.2,68.871
8/28/19 11:17,77.77,72.2,1756.2,68.871
8/28/19 11:17,77.77,72.2,1753.7,68.871
8/28/19 11:17,77.77,72.2,1753.7,68.871
8/28/19 11:18,77.77,72.3,1753.7,68.913
8/28/19 11:18,77.815,72.3,1748.7,68.871
8/28/19 11:18,77.815,72.4,1751.2,68.871
8/28/19 11:18,77.815,72.3,1748.7,68.871
8/28/19 11:18,77.815,72.3,1748.7,68.913
8/28/19 11:18,77.815,72.3,1748.7,68.871
8/28/19 11:18,77.815,72.3,1748.7,68.913
8/28/19 11:18,77.815,72.3,1748.7,68.913
8/28/19 11:18,77.815,72.3,1746.2,68.913
8/28/19 11:18,77.859,72.3,1746.2,68.913
8/28/19 11:18,77.859,72.4,1743.7,68.913
8/28/19 11:18,77.859,72.5,1743.7,68.913
8/28/19 11:18,77.859,72.6,1743.7,68.913
8/28/19 11:18,77.859,72.6,1743.7,68.913
8/28/19 11:18,77.859,72.7,1743.7,68.913
8/28/19 11:18,77.902,72.8,1741.2,68.913
8/28/19 11:18,77.902,72.8,1743.7,68.913
8/28/19 11:18,77.902,72.8,1743.7,68.913
8/28/19 11:18,77.902,72.9,1743.7,68.913
8/28/19 11:18,77.945,72.9,1746.2,68.913
8/28/19 11:18,77.945,73,1743.7,68.913
8/28/19 11:18,77.945,73.1,1743.7,68.913
8/28/19 11:18,77.945,73.1,1743.7,68.913
8/28/19 11:18,77.945,73.2,1741.2,68.913
8/28/19 11:18,77.99,73.1,1743.7,68.913
8/28/19 11:18,77.99,73.1,1743.7,68.913
8/28/19 11:18,77.99,73.2,1743.7,68.913
8/28/19 11:18,78.033,73.2,1741.2,68.913
8/28/19 11:18,78.033,73.2,1738.7,68.913
8/28/19 11:18,78.033,73.2,1738.7,68.913
8/28/19 11:18,78.033,73.3,1741.2,68.913
8/28/19 11:18,78.076,73.3,1741.2,68.913
8/28/19 11:18,78.076,73.3,1741.2,68.913
8/28/19 11:18,78.076,73.4,1736.2,68.913
8/28/19 11:18,78.076,73.4,1741.2,68.913
8/28/19 11:18,78.121,73.5,1743.7,68.913
8/28/19 11:18,78.121,73.5,1738.7,68.913
8/28/19 11:18,78.121,73.5,1741.2,68.913
8/28/19 11:18,78.121,73.6,1736.2,68.913
8/28/19 11:18,78.165,73.7,1736.2,68.913
8/28/19 11:18,78.165,73.8,1738.7,68.913
8/28/19 11:18,78.165,74,1733.7,68.913
8/28/19 11:18,78.208,73.9,1736.2,68.913
8/28/19 11:18,78.208,74.1,1738.7,68.913
8/28/19 11:18,78.208,74.1,1736.2,68.913
8/28/19 11:18,78.251,74.1,1736.2,68.913
8/28/19 11:18,78.251,74.1,1738.7,68.913
8/28/19 11:18,78.251,74.1,1736.2,68.913
8/28/19 11:18,78.296,74.1,1736.2,68.913
8/28/19 11:18,78.296,74.1,1733.7,68.913
8/28/19 11:18,78.296,73.9,1736.2,68.913
8/28/19 11:18,78.339,73.9,1733.7,68.913
8/28/19 11:18,78.339,73.7,1736.2,68.913
8/28/19 11:18,78.339,73.6,1733.7,68.913
8/28/19 11:18,78.382,73.3,1733.7,68.913
8/28/19 11:18,78.382,73.1,1731.2,68.913
8/28/19 11:18,78.382,72.8,1728.7,68.913
8/28/19 11:18,78.382,72.7,1726.2,68.913
8/28/19 11:18,78.427,72.5,1726.2,68.913
8/28/19 11:18,78.427,72.4,1721.2,68.913
8/28/19 11:19,78.427,72.4,1721.2,68.913
8/28/19 11:19,78.427,72.4,1721.2,68.913
8/28/19 11:19,78.427,72.4,1718.7,68.913
8/28/19 11:19,78.427,72.4,1721.2,68.913
8/28/19 11:19,78.471,72.4,1723.7,68.913
8/28/19 11:19,78.471,72.3,1723.7,68.913
8/28/19 11:19,78.471,72.2,1721.2,68.913
8/28/19 11:19,78.471,72,1723.7,68.913
8/28/19 11:19,78.514,71.9,1721.2,68.913
8/28/19 11:19,78.514,71.7,1718.7,68.913
8/28/19 11:19,78.514,71.6,1721.2,68.913
8/28/19 11:19,78.514,71.5,1721.2,68.913
8/28/19 11:19,78.514,71.5,1726.2,68.913
8/28/19 11:19,78.514,71.4,1721.2,68.913
8/28/19 11:19,78.514,71.3,1721.2,68.913
8/28/19 11:19,78.514,71.3,1721.2,68.913
8/28/19 11:19,78.559,71.4,1721.2,68.913
8/28/19 11:19,78.559,71.4,1721.2,68.913
8/28/19 11:19,78.559,71.4,1718.7,68.913
8/28/19 11:19,78.559,71.3,1721.2,68.913
8/28/19 11:19,78.559,71.1,1723.7,68.913
8/28/19 11:19,78.559,71.1,1721.2,68.913
8/28/19 11:19,78.559,70.9,1718.7,68.913
8/28/19 11:19,78.559,70.8,1721.2,68.913
8/28/19 11:19,78.559,70.6,1721.2,68.913
8/28/19 11:19,78.559,70.3,1721.2,68.913
8/28/19 11:19,78.559,70.2,1718.7,68.913
8/28/19 11:19,78.559,70,1721.2,68.913
8/28/19 11:19,78.559,69.9,1718.7,68.913
8/28/19 11:19,78.559,69.8,1721.2,68.913
8/28/19 11:19,78.559,69.7,1721.2,68.913
8/28/19 11:19,78.559,69.6,1721.2,68.913
8/28/19 11:19,78.559,69.5,1721.2,68.913
8/28/19 11:19,78.559,69.5,1721.2,68.913
8/28/19 11:19,78.514,69.4,1723.7,68.913
8/28/19 11:19,78.514,69.2,1721.2,68.913
8/28/19 11:19,78.514,69,1721.2,68.913
8/28/19 11:19,78.514,69,1721.2,68.913
8/28/19 11:19,78.471,68.8,1718.7,68.913
8/28/19 11:19,78.471,68.7,1721.2,68.913
8/28/19 11:19,78.471,68.6,1721.2,68.913
8/28/19 11:19,78.471,68.6,1718.7,68.913
8/28/19 11:19,78.427,68.5,1716.2,68.913
8/28/19 11:19,78.427,68.4,1718.7,68.913
8/28/19 11:19,78.427,68.3,1718.7,68.913
8/28/19 11:19,78.382,68.3,1718.7,68.913
8/28/19 11:19,78.382,68.4,1718.7,68.913
8/28/19 11:19,78.339,68.4,1718.7,68.913
8/28/19 11:19,78.339,68.4,1716.2,68.913
8/28/19 11:19,78.339,68.4,1718.7,68.913
8/28/19 11:19,78.296,68.4,1718.7,68.913
8/28/19 11:19,78.296,68.4,1716.2,68.913
8/28/19 11:19,78.296,68.4,1718.7,68.913
8/28/19 11:19,78.296,68.3,1718.7,68.913
8/28/19 11:19,78.251,68.4,1716.2,68.913
8/28/19 11:19,78.251,68.5,1713.7,68.913
8/28/19 11:19,78.251,68.5,1713.7,68.956
8/28/19 11:19,78.208,68.5,1713.7,68.913
8/28/19 11:19,78.208,68.6,1713.7,68.913
8/28/19 11:19,78.208,68.8,1711.2,68.956
8/28/19 11:20,78.208,68.8,1711.2,68.913
8/28/19 11:20,78.165,68.9,1718.7,68.913
8/28/19 11:20,78.165,68.9,1711.2,68.956
8/28/19 11:20,78.165,69,1711.2,68.913
8/28/19 11:20,78.165,69,1713.7,68.956
8/28/19 11:20,78.165,69,1711.2,68.913
8/28/19 11:20,78.121,69.1,1711.2,68.956
8/28/19 11:20,78.121,69.1,1711.2,68.956
8/28/19 11:20,78.121,69.1,1711.2,68.956
8/28/19 11:20,78.121,69.3,1711.2,68.956
8/28/19 11:20,78.121,69.3,1711.2,68.956
8/28/19 11:20,78.121,69.4,1708.7,68.956
8/28/19 11:20,78.121,69.7,1711.2,68.956
8/28/19 11:20,78.121,69.7,1708.7,68.913
8/28/19 11:20,78.076,69.9,1708.7,68.956
8/28/19 11:20,78.121,70,1708.7,68.956
8/28/19 11:20,78.076,70.1,1711.2,68.956
8/28/19 11:20,78.121,70.2,1708.7,68.956
8/28/19 11:20,78.121,70.2,1706.2,68.913
8/28/19 11:20,78.121,70.4,1706.2,68.913
8/28/19 11:20,78.121,70.3,1706.2,68.956
8/28/19 11:20,78.121,70.4,1703.7,68.956
8/28/19 11:20,78.121,70.5,1703.7,68.956
8/28/19 11:20,78.121,70.5,1703.7,68.956
8/28/19 11:20,78.121,70.7,1703.7,68.956
8/28/19 11:20,78.121,70.7,1701.2,68.913
8/28/19 11:20,78.121,70.7,1701.2,68.956
8/28/19 11:20,78.165,70.6,1701.2,68.956
8/28/19 11:20,78.165,70.5,1701.2,68.956
8/28/19 11:20,78.165,70.6,1698.7,68.956
8/28/19 11:20,78.165,70.6,1698.7,68.956
8/28/19 11:20,78.165,70.6,1696.2,68.956
8/28/19 11:20,78.165,70.5,1698.7,68.956
8/28/19 11:20,78.165,70.5,1698.7,68.956
8/28/19 11:20,78.165,70.6,1701.2,68.956
8/28/19 11:20,78.165,70.6,1696.2,68.956
8/28/19 11:20,78.208,70.6,1693.7,68.956
8/28/19 11:20,78.165,70.6,1698.7,68.956
8/28/19 11:20,78.208,70.6,1698.7,68.956
8/28/19 11:20,78.208,70.6,1698.7,68.956
8/28/19 11:20,78.208,70.6,1698.7,68.913
8/28/19 11:20,78.208,70.5,1696.2,68.956
8/28/19 11:20,78.208,70.4,1698.7,68.956
8/28/19 11:20,78.208,70.3,1698.7,68.956
8/28/19 11:20,78.208,70.4,1696.2,68.956
8/28/19 11:20,78.208,70.3,1696.2,68.956
8/28/19 11:20,78.208,70.3,1698.7,68.956
8/28/19 11:20,78.208,70.2,1696.2,68.956
8/28/19 11:20,78.208,70.2,1696.2,68.956
8/28/19 11:20,78.208,70.1,1696.2,68.956
8/28/19 11:20,78.208,70.1,1696.2,68.956
8/28/19 11:20,78.208,70.1,1696.2,68.956
8/28/19 11:20,78.208,70.2,1696.2,68.956
8/28/19 11:20,78.208,70.1,1698.7,68.956
8/28/19 11:20,78.208,70.3,1696.2,68.956
8/28/19 11:20,78.208,70.3,1693.7,68.956
8/28/19 11:20,78.208,70.3,1696.2,68.956
8/28/19 11:20,78.208,70.3,1693.7,68.956
8/28/19 11:20,78.208,70.2,1696.2,68.956
8/28/19 11:20,78.208,70.1,1696.2,68.956
8/28/19 11:21,78.208,70,1693.7,68.956
8/28/19 11:21,78.208,69.9,1693.7,68.956
8/28/19 11:21,78.208,69.9,1698.7,68.956
8/28/19 11:21,78.208,69.9,1691.2,68.956
8/28/19 11:21,78.165,69.9,1693.7,68.956
8/28/19 11:21,78.165,69.9,1696.2,68.956
8/28/19 11:21,78.165,69.9,1693.7,68.956
8/28/19 11:21,78.165,70,1693.7,68.956
8/28/19 11:21,78.165,70.2,1691.2,68.956
8/28/19 11:21,78.165,70.3,1693.7,68.956
8/28/19 11:21,78.165,70.3,1691.2,68.956
8/28/19 11:21,78.165,70.3,1693.7,68.956
8/28/19 11:21,78.165,70.4,1693.7,68.956
8/28/19 11:21,78.165,70.7,1693.7,68.956
8/28/19 11:21,78.208,70.8,1693.7,68.956
8/28/19 11:21,78.208,70.7,1691.2,68.956
8/28/19 11:21,78.208,70.7,1688.7,68.956
8/28/19 11:21,78.208,70.7,1688.7,68.956
8/28/19 11:21,78.208,70.6,1688.7,68.956
8/28/19 11:21,78.208,70.5,1688.7,68.956
8/28/19 11:21,78.208,70.4,1688.7,68.956
8/28/19 11:21,78.208,70.3,1688.7,68.956
8/28/19 11:21,78.208,70.3,1688.7,68.956
8/28/19 11:21,78.165,70.3,1686.2,68.956
8/28/19 11:21,78.165,70.3,1691.2,68.956
8/28/19 11:21,78.165,70.3,1688.7,68.956
8/28/19 11:21,78.165,70.2,1688.7,68.956
8/28/19 11:21,78.165,70.3,1691.2,68.956
8/28/19 11:21,78.165,70.2,1686.2,68.956
8/28/19 11:21,78.165,70.1,1688.7,68.956
8/28/19 11:21,78.121,70.1,1686.2,68.956
8/28/19 11:21,78.121,70.2,1688.7,68.956
8/28/19 11:21,78.121,70,1688.7,68.956
8/28/19 11:21,78.121,69.9,1688.7,68.956
8/28/19 11:21,78.121,69.9,1688.7,68.956
8/28/19 11:21,78.121,69.9,1686.2,68.956
8/28/19 11:21,78.076,69.9,1688.7,68.956
8/28/19 11:21,78.076,70,1688.7,68.956
8/28/19 11:21,78.076,70,1686.2,68.956
8/28/19 11:21,78.076,70.1,1688.7,68.956
8/28/19 11:21,78.076,70.1,1688.7,68.956
8/28/19 11:21,78.076,69.9,1688.7,68.956
8/28/19 11:21,78.033,69.8,1686.2,68.956
8/28/19 11:21,78.033,69.6,1686.2,68.956
8/28/19 11:21,78.033,69.4,1686.2,68.956
8/28/19 11:21,78.033,69.3,1686.2,68.956
8/28/19 11:21,77.99,69.1,1686.2,68.956
8/28/19 11:21,77.99,68.9,1683.7,68.956
8/28/19 11:21,77.99,68.9,1683.7,68.956
8/28/19 11:21,77.945,68.8,1686.2,68.956
8/28/19 11:21,77.945,68.7,1683.7,68.956
8/28/19 11:21,77.945,68.7,1683.7,68.956
8/28/19 11:21,77.902,68.7,1683.7,68.956
8/28/19 11:21,77.902,68.6,1683.7,68.956
8/28/19 11:21,77.902,68.6,1683.7,68.956
8/28/19 11:21,77.859,68.4,1683.7,68.956
8/28/19 11:21,77.859,68.4,1681.2,68.956
8/28/19 11:21,77.859,68.3,1681.2,68.956
8/28/19 11:21,77.815,68.2,1683.7,68.956
8/28/19 11:21,77.815,68.1,1681.2,68.956
8/28/19 11:22,77.77,68.1,1681.2,68.956
8/28/19 11:22,77.77,68.1,1681.2,68.956
8/28/19 11:22,77.727,68.2,1681.2,68.956
8/28/19 11:22,77.727,68.2,1683.7,68.956
8/28/19 11:22,77.727,68.3,1681.2,68.956
8/28/19 11:22,77.684,68.4,1681.2,68.956
8/28/19 11:22,77.684,68.5,1681.2,68.956
8/28/19 11:22,77.684,68.5,1681.2,68.956
8/28/19 11:22,77.639,68.6,1678.7,68.956
8/28/19 11:22,77.639,68.7,1681.2,68.956
8/28/19 11:22,77.639,68.8,1681.2,68.956
8/28/19 11:22,77.596,68.8,1678.7,68.956
8/28/19 11:22,77.596,68.8,1678.7,68.956
8/28/19 11:22,77.596,68.8,1681.2,68.956
8/28/19 11:22,77.596,68.8,1678.7,68.956
8/28/19 11:22,77.553,68.8,1681.2,68.956
8/28/19 11:22,77.553,68.8,1681.2,68.956
8/28/19 11:22,77.553,68.8,1678.7,68.956
8/28/19 11:22,77.553,68.8,1681.2,68.956
8/28/19 11:22,77.553,68.8,1681.2,68.956
8/28/19 11:22,77.509,68.8,1678.7,68.956
8/28/19 11:22,77.509,68.8,1681.2,68.956
8/28/19 11:22,77.509,68.8,1678.7,68.956
8/28/19 11:22,77.509,68.7,1678.7,68.956
8/28/19 11:22,77.509,68.7,1681.2,68.956
8/28/19 11:22,77.464,68.7,1678.7,68.956
8/28/19 11:22,77.464,68.8,1678.7,68.956
8/28/19 11:22,77.464,68.8,1681.2,68.956
8/28/19 11:22,77.464,68.9,1678.7,68.956
8/28/19 11:22,77.421,68.9,1681.2,68.956
8/28/19 11:22,77.421,69,1681.2,68.956
8/28/19 11:22,77.421,69.1,1681.2,68.956
8/28/19 11:22,77.421,69.2,1678.7,68.956
8/28/19 11:22,77.421,69.3,1678.7,68.956
8/28/19 11:22,77.421,69.4,1681.2,68.956
8/28/19 11:22,77.421,69.3,1681.2,68.956
8/28/19 11:22,77.378,69.5,1678.7,68.956
8/28/19 11:22,77.421,69.5,1678.7,68.956
8/28/19 11:22,77.378,69.6,1681.2,68.956
8/28/19 11:22,77.378,69.7,1681.2,68.999
8/28/19 11:22,77.378,69.8,1678.7,68.956
8/28/19 11:22,77.378,69.8,1681.2,68.956
8/28/19 11:22,77.378,69.9,1681.2,68.956
8/28/19 11:22,77.378,70,1681.2,68.999
8/28/19 11:22,77.378,70.1,1681.2,68.999
8/28/19 11:22,77.421,70.1,1678.7,68.999
8/28/19 11:22,77.378,70.2,1681.2,68.999
8/28/19 11:22,77.421,70.2,1681.2,68.956
8/28/19 11:22,77.421,70.3,1681.2,68.999
8/28/19 11:22,77.421,70.2,1681.2,68.999
8/28/19 11:22,77.421,70.3,1676.2,68.999
8/28/19 11:22,77.421,70.4,1681.2,68.956
8/28/19 11:22,77.421,70.4,1681.2,68.956
8/28/19 11:22,77.421,70.5,1681.2,68.999
8/28/19 11:22,77.421,70.5,1681.2,68.999
8/28/19 11:22,77.421,70.5,1683.7,68.956
8/28/19 11:22,77.464,70.6,1681.2,68.999
8/28/19 11:22,77.464,70.6,1681.2,68.999
8/28/19 11:22,77.464,70.6,1678.7,68.956
8/28/19 11:22,77.464,70.6,1681.2,68.999
8/28/19 11:23,77.464,70.6,1681.2,68.999
8/28/19 11:23,77.464,70.7,1681.2,68.999
8/28/19 11:23,77.464,70.7,1681.2,68.999
8/28/19 11:23,77.464,70.8,1681.2,68.999
8/28/19 11:23,77.464,70.7,1681.2,68.956
8/28/19 11:23,77.464,70.7,1676.2,68.956
8/28/19 11:23,77.464,70.7,1678.7,68.999
8/28/19 11:23,77.464,70.8,1678.7,68.999
8/28/19 11:23,77.464,70.8,1681.2,68.999
8/28/19 11:23,77.509,71,1681.2,68.999
8/28/19 11:23,77.509,71,1678.7,68.999
8/28/19 11:23,77.509,71,1678.7,68.956
8/28/19 11:23,77.509,71.1,1681.2,68.999
8/28/19 11:23,77.509,71.1,1681.2,68.999
8/28/19 11:23,77.509,71.2,1681.2,68.956
8/28/19 11:23,77.509,71.3,1681.2,68.999
8/28/19 11:23,77.509,71.4,1678.7,68.999
8/28/19 11:23,77.509,71.4,1678.7,68.999
8/28/19 11:23,77.553,71.5,1683.7,68.999
8/28/19 11:23,77.553,71.5,1678.7,68.999
8/28/19 11:23,77.553,71.6,1683.7,68.999
8/28/19 11:23,77.553,71.7,1681.2,68.999
8/28/19 11:23,77.553,71.8,1681.2,68.999
8/28/19 11:23,77.596,71.9,1676.2,68.999
8/28/19 11:23,77.596,71.9,1678.7,68.999
8/28/19 11:23,77.596,71.9,1676.2,68.999
8/28/19 11:23,77.596,71.9,1676.2,68.999
8/28/19 11:23,77.596,72,1676.2,68.999
8/28/19 11:23,77.639,71.9,1676.2,68.999
8/28/19 11:23,77.639,71.9,1678.7,68.999
8/28/19 11:23,77.639,71.9,1681.2,68.999
8/28/19 11:23,77.639,71.9,1676.2,68.999
8/28/19 11:23,77.639,71.9,1678.7,68.999
8/28/19 11:23,77.684,72,1681.2,68.999
8/28/19 11:23,77.684,72,1676.2,68.999
8/28/19 11:23,77.684,71.9,1676.2,68.999
8/28/19 11:23,77.684,71.9,1678.7,68.999
8/28/19 11:23,77.684,71.9,1678.7,68.999
8/28/19 11:23,77.684,71.7,1681.2,68.999
8/28/19 11:23,77.727,71.6,1678.7,68.999
8/28/19 11:23,77.727,71.5,1678.7,68.999
8/28/19 11:23,77.727,71.3,1678.7,68.999
8/28/19 11:23,77.727,71.1,1681.2,68.999
8/28/19 11:23,77.727,71,1678.7,68.999
8/28/19 11:23,77.727,71.1,1678.7,68.999
8/28/19 11:23,77.727,71.1,1678.7,68.999
8/28/19 11:23,77.727,71.1,1678.7,68.999
8/28/19 11:23,77.727,71.1,1678.7,68.999
8/28/19 11:23,77.727,71,1681.2,68.999
8/28/19 11:23,77.727,71,1681.2,68.999
8/28/19 11:23,77.727,70.9,1681.2,68.999
8/28/19 11:23,77.727,70.8,1678.7,68.999
8/28/19 11:23,77.727,70.8,1681.2,68.999
8/28/19 11:23,77.727,70.8,1681.2,68.999
8/28/19 11:23,77.727,70.7,1676.2,68.999
8/28/19 11:23,77.727,70.8,1681.2,68.999
8/28/19 11:23,77.727,70.8,1678.7,68.999
8/28/19 11:23,77.727,70.9,1678.7,68.999
8/28/19 11:23,77.727,71,1676.2,68.999
8/28/19 11:23,77.727,71,1681.2,68.999
8/28/19 11:24,77.727,71,1678.7,68.999
8/28/19 11:24,77.727,71.1,1676.2,68.999
8/28/19 11:24,77.727,71.1,1673.7,68.999
8/28/19 11:24,77.727,71.1,1678.7,68.999
8/28/19 11:24,77.727,70.9,1678.7,68.999
8/28/19 11:24,77.727,70.8,1676.2,68.999
8/28/19 11:24,77.727,70.7,1676.2,68.999
8/28/19 11:24,77.727,70.5,1678.7,68.999
8/28/19 11:24,77.727,70.4,1678.7,68.999
8/28/19 11:24,77.727,70.3,1676.2,68.999
8/28/19 11:24,77.727,70.2,1676.2,68.999
8/28/19 11:24,77.727,70.3,1678.7,68.999
8/28/19 11:24,77.727,70.2,1676.2,68.999
8/28/19 11:24,77.727,70.2,1678.7,68.999
8/28/19 11:24,77.684,70.1,1676.2,68.999
8/28/19 11:24,77.684,70.1,1673.7,68.999
8/28/19 11:24,77.684,70,1676.2,68.999
8/28/19 11:24,77.684,70,1673.7,68.999
8/28/19 11:24,77.684,70,1676.2,68.999
8/28/19 11:24,77.684,70,1678.7,68.999
8/28/19 11:24,77.684,69.9,1676.2,68.999
8/28/19 11:24,77.639,69.9,1676.2,68.999
8/28/19 11:24,77.639,69.8,1676.2,68.999
8/28/19 11:24,77.639,69.8,1671.2,68.999
8/28/19 11:24,77.639,69.8,1676.2,68.999
8/28/19 11:24,77.639,69.8,1676.2,68.999
8/28/19 11:24,77.596,69.8,1673.7,68.999
8/28/19 11:24,77.596,69.9,1673.7,68.999
8/28/19 11:24,77.596,70,1673.7,68.999
8/28/19 11:24,77.596,70.1,1668.7,68.999
8/28/19 11:24,77.596,70.1,1673.7,68.999
8/28/19 11:24,77.596,70.2,1673.7,68.999
8/28/19 11:24,77.596,70.2,1673.7,68.999
8/28/19 11:24,77.553,70.4,1673.7,68.999
8/28/19 11:24,77.553,70.4,1673.7,68.999
8/28/19 11:24,77.553,70.4,1671.2,68.999
8/28/19 11:24,77.553,70.4,1673.7,68.999
8/28/19 11:24,77.553,70.4,1673.7,68.999
8/28/19 11:24,77.553,70.4,1668.7,68.999
8/28/19 11:24,77.553,70.4,1676.2,68.999
8/28/19 11:24,77.553,70.4,1673.7,68.999
8/28/19 11:24,77.553,70.5,1671.2,68.999
8/28/19 11:24,77.553,70.5,1673.7,68.999
8/28/19 11:24,77.553,70.6,1671.2,68.999
8/28/19 11:24,77.553,70.6,1668.7,68.999
8/28/19 11:24,77.553,70.6,1673.7,68.999
8/28/19 11:24,77.553,70.7,1671.2,68.999
8/28/19 11:24,77.553,70.7,1673.7,68.999
8/28/19 11:24,77.553,70.6,1671.2,68.999
8/28/19 11:24,77.553,70.6,1673.7,68.999
8/28/19 11:24,77.553,70.5,1676.2,68.999
8/28/19 11:24,77.553,70.4,1673.7,68.999
8/28/19 11:24,77.553,70.4,1673.7,68.999
8/28/19 11:24,77.553,70.3,1671.2,68.999
8/28/19 11:24,77.509,70.3,1673.7,68.999
8/28/19 11:24,77.509,70.3,1671.2,68.999
8/28/19 11:24,77.509,70.4,1668.7,68.999
8/28/19 11:24,77.509,70.4,1673.7,68.999
8/28/19 11:24,77.509,70.4,1676.2,68.999
8/28/19 11:24,77.509,70.4,1673.7,68.999
8/28/19 11:25,77.509,70.5,1676.2,68.999
8/28/19 11:25,77.509,70.5,1673.7,68.999
8/28/19 11:25,77.509,70.6,1668.7,68.999
8/28/19 11:25,77.509,70.6,1671.2,68.999
8/28/19 11:25,77.464,70.7,1671.2,68.999
8/28/19 11:25,77.464,70.7,1671.2,68.999
8/28/19 11:25,77.464,70.7,1668.7,68.999
8/28/19 11:25,77.464,70.7,1668.7,68.999
8/28/19 11:25,77.464,70.7,1668.7,68.999
8/28/19 11:25,77.464,70.6,1671.2,68.999
8/28/19 11:25,77.464,70.6,1671.2,68.999
8/28/19 11:25,77.464,70.5,1671.2,68.999
8/28/19 11:25,77.464,70.5,1673.7,68.999
8/28/19 11:25,77.464,70.5,1671.2,68.999
8/28/19 11:25,77.464,70.4,1671.2,68.999
8/28/19 11:25,77.464,70.4,1671.2,68.999
8/28/19 11:25,77.464,70.5,1671.2,68.999
8/28/19 11:25,77.421,70.5,1671.2,68.999
8/28/19 11:25,77.421,70.6,1668.7,68.999
8/28/19 11:25,77.421,70.7,1671.2,68.999
8/28/19 11:25,77.421,70.7,1668.7,68.999
8/28/19 11:25,77.421,70.7,1671.2,68.999
8/28/19 11:25,77.421,70.8,1668.7,68.999
8/28/19 11:25,77.421,70.9,1671.2,68.999
8/28/19 11:25,77.421,71,1666.2,68.999
8/28/19 11:25,77.421,71.1,1666.2,68.999
8/28/19 11:25,77.421,71.1,1668.7,68.999
8/28/19 11:25,77.421,71.1,1666.2,68.999
8/28/19 11:25,77.421,71.1,1668.7,68.999
8/28/19 11:25,77.421,71.3,1666.2,68.999
8/28/19 11:25,77.421,71.4,1666.2,68.999
8/28/19 11:25,77.464,71.5,1668.7,68.999
8/28/19 11:25,77.464,71.5,1666.2,68.999
8/28/19 11:25,77.464,71.6,1666.2,68.999
8/28/19 11:25,77.464,71.6,1666.2,68.999
8/28/19 11:25,77.464,71.7,1663.7,68.999
8/28/19 11:25,77.464,71.7,1663.7,68.999
8/28/19 11:25,77.464,71.7,1663.7,68.999
8/28/19 11:25,77.464,71.6,1666.2,68.999
8/28/19 11:25,77.464,71.5,1666.2,68.999
8/28/19 11:25,77.509,71.4,1668.7,68.999
8/28/19 11:25,77.509,71.1,1668.7,68.999
8/28/19 11:25,77.509,71,1668.7,68.999
8/28/19 11:25,77.509,70.8,1668.7,68.999
8/28/19 11:25,77.509,70.7,1666.2,68.999
8/28/19 11:25,77.509,70.5,1668.7,68.999
8/28/19 11:25,77.509,70.4,1671.2,68.999
8/28/19 11:25,77.509,70.2,1668.7,68.999
8/28/19 11:25,77.509,70.3,1668.7,68.999
8/28/19 11:25,77.464,70.2,1671.2,68.999
8/28/19 11:25,77.464,70.2,1671.2,68.999
8/28/19 11:25,77.464,70.2,1673.7,68.999
8/28/19 11:25,77.464,70.2,1671.2,68.999
8/28/19 11:25,77.464,70.2,1671.2,68.999
8/28/19 11:25,77.464,70.1,1673.7,68.999
8/28/19 11:25,77.464,70,1668.7,68.999
8/28/19 11:25,77.464,69.9,1671.2,68.999
8/28/19 11:25,77.464,69.9,1671.2,68.999
8/28/19 11:25,77.421,69.9,1668.7,68.999
8/28/19 11:25,77.421,69.8,1668.7,68.999
8/28/19 11:26,77.421,69.9,1671.2,68.999
8/28/19 11:26,77.421,69.9,1671.2,68.999
8/28/19 11:26,77.421,70,1671.2,68.999
8/28/19 11:26,77.421,70.1,1668.7,68.999
8/28/19 11:26,77.421,70.1,1671.2,68.999
8/28/19 11:26,77.421,70.2,1671.2,68.999
8/28/19 11:26,77.421,70.1,1673.7,68.999
8/28/19 11:26,77.378,70.2,1671.2,68.999
8/28/19 11:26,77.378,70.2,1671.2,68.999
8/28/19 11:26,77.378,70.3,1671.2,68.999
8/28/19 11:26,77.378,70.2,1673.7,68.999
8/28/19 11:26,77.378,70.3,1673.7,68.999
8/28/19 11:26,77.378,70.4,1673.7,68.999
8/28/19 11:26,77.378,70.4,1673.7,68.999
8/28/19 11:26,77.378,70.5,1676.2,68.999
8/28/19 11:26,77.378,70.6,1673.7,68.999
8/28/19 11:26,77.378,70.7,1673.7,68.999
8/28/19 11:26,77.378,70.6,1673.7,68.999
8/28/19 11:26,77.378,70.7,1676.2,68.999
8/28/19 11:26,77.378,70.8,1678.7,68.999
8/28/19 11:26,77.378,70.8,1671.2,68.999
8/28/19 11:26,77.378,70.9,1676.2,68.999
8/28/19 11:26,77.378,71,1671.2,68.999
8/28/19 11:26,77.378,71,1673.7,68.999
8/28/19 11:26,77.421,71,1673.7,68.999
8/28/19 11:26,77.378,71.1,1676.2,68.999
8/28/19 11:26,77.421,71.1,1676.2,68.999
8/28/19 11:26,77.421,71.2,1676.2,68.999
8/28/19 11:26,77.421,71.2,1676.2,68.999
8/28/19 11:26,77.421,71.3,1676.2,68.999
8/28/19 11:26,77.421,71.3,1676.2,68.999
8/28/19 11:26,77.421,71.3,1676.2,68.999
8/28/19 11:26,77.421,71.3,1676.2,68.999
8/28/19 11:26,77.464,71.3,1678.7,68.999
8/28/19 11:26,77.421,71.3,1676.2,68.999
8/28/19 11:26,77.464,71.3,1673.7,68.999
8/28/19 11:26,77.464,71.3,1676.2,68.999
8/28/19 11:26,77.464,71.4,1681.2,68.999
8/28/19 11:26,77.464,71.4,1678.7,68.999
8/28/19 11:26,77.464,71.4,1678.7,68.999
8/28/19 11:26,77.464,71.4,1678.7,68.999
8/28/19 11:26,77.464,71.4,1678.7,68.999
8/28/19 11:26,77.464,71.5,1678.7,68.999
8/28/19 11:26,77.464,71.5,1681.2,68.999
8/28/19 11:26,77.464,71.6,1678.7,68.999
8/28/19 11:26,77.464,71.6,1678.7,68.999
8/28/19 11:26,77.464,71.7,1681.2,68.999
8/28/19 11:26,77.464,71.7,1681.2,68.999
8/28/19 11:26,77.464,71.8,1678.7,68.999
8/28/19 11:26,77.464,71.9,1681.2,68.999
8/28/19 11:26,77.509,71.9,1681.2,68.999
8/28/19 11:26,77.509,71.8,1678.7,68.999
8/28/19 11:26,77.509,71.7,1683.7,68.999
8/28/19 11:26,77.509,71.6,1681.2,68.999
8/28/19 11:26,77.509,71.6,1681.2,68.999
8/28/19 11:26,77.509,71.6,1678.7,68.999
8/28/19 11:26,77.509,71.5,1681.2,68.999
8/28/19 11:26,77.509,71.5,1681.2,68.999
8/28/19 11:26,77.509,71.5,1681.2,68.999
8/28/19 11:26,77.509,71.4,1681.2,68.999
8/28/19 11:27,77.509,71.3,1683.7,68.999
8/28/19 11:27,77.509,71.1,1683.7,68.999
8/28/19 11:27,77.509,71.1,1681.2,68.999
8/28/19 11:27,77.509,71,1683.7,68.999
8/28/19 11:27,77.509,70.9,1683.7,68.999
8/28/19 11:27,77.464,70.8,1681.2,68.999
8/28/19 11:27,77.464,70.7,1683.7,68.999
8/28/19 11:27,77.464,70.7,1683.7,68.999
8/28/19 11:27,77.464,70.7,1686.2,68.999
8/28/19 11:27,77.464,70.7,1686.2,68.999
8/28/19 11:27,77.464,70.8,1686.2,68.999
8/28/19 11:27,77.464,70.8,1683.7,68.999
8/28/19 11:27,77.464,70.8,1683.7,68.999
8/28/19 11:27,77.464,70.9,1686.2,68.999
8/28/19 11:27,77.464,70.9,1686.2,68.999
8/28/19 11:27,77.421,70.9,1686.2,68.999
8/28/19 11:27,77.421,70.9,1688.7,68.999
8/28/19 11:27,77.421,70.9,1686.2,68.999
8/28/19 11:27,77.421,70.9,1688.7,68.999
8/28/19 11:27,77.421,70.9,1688.7,68.999
8/28/19 11:27,77.421,70.9,1688.7,68.999
8/28/19 11:27,77.421,70.9,1683.7,68.999
8/28/19 11:27,77.421,70.8,1688.7,68.999
8/28/19 11:27,77.421,70.8,1686.2,68.999
8/28/19 11:27,77.421,70.9,1688.7,68.999
8/28/19 11:27,77.421,70.9,1686.2,68.999
8/28/19 11:27,77.421,71,1688.7,68.999
8/28/19 11:27,77.421,71.1,1691.2,68.999
8/28/19 11:27,77.421,71.1,1688.7,68.999
8/28/19 11:27,77.421,71.1,1691.2,68.999
8/28/19 11:27,77.421,71.2,1686.2,68.999
8/28/19 11:27,77.421,71.3,1688.7,68.999
8/28/19 11:27,77.421,71.4,1691.2,68.999
8/28/19 11:27,77.421,71.5,1688.7,68.999
8/28/19 11:27,77.421,71.5,1691.2,68.999
8/28/19 11:27,77.464,71.6,1691.2,68.999
8/28/19 11:27,77.464,71.7,1691.2,68.999
8/28/19 11:27,77.464,71.8,1693.7,68.999
8/28/19 11:27,77.464,71.9,1688.7,68.999
8/28/19 11:27,77.464,71.9,1693.7,68.999
8/28/19 11:27,77.464,72.1,1696.2,68.999
8/28/19 11:27,77.464,72.2,1691.2,68.999
8/28/19 11:27,77.509,72.3,1691.2,68.999
8/28/19 11:27,77.509,72.3,1693.7,68.999
8/28/19 11:27,77.509,72.4,1693.7,68.999
8/28/19 11:27,77.509,72.5,1693.7,68.999
8/28/19 11:27,77.553,72.7,1693.7,68.999
8/28/19 11:27,77.553,72.8,1693.7,68.999
8/28/19 11:27,77.553,72.8,1693.7,68.999
8/28/19 11:27,77.596,72.7,1693.7,68.999
8/28/19 11:27,77.596,72.7,1693.7,68.999
8/28/19 11:27,77.596,72.6,1693.7,68.999
8/28/19 11:27,77.596,72.6,1693.7,68.999
8/28/19 11:27,77.639,72.6,1693.7,68.999
8/28/19 11:27,77.639,72.6,1693.7,68.999
8/28/19 11:27,77.639,72.5,1693.7,68.999
8/28/19 11:27,77.639,72.4,1696.2,68.999
8/28/19 11:27,77.639,72.3,1696.2,68.999
8/28/19 11:27,77.639,72.2,1693.7,68.999
8/28/19 11:27,77.684,72.1,1693.7,68.999
8/28/19 11:28,77.684,72,1696.2,68.999
8/28/19 11:28,77.684,71.9,1696.2,68.999
8/28/19 11:28,77.684,71.9,1696.2,68.999
8/28/19 11:28,77.684,71.9,1696.2,68.999
8/28/19 11:28,77.684,71.9,1693.7,68.999
8/28/19 11:28,77.684,71.9,1696.2,68.999
8/28/19 11:28,77.684,71.9,1693.7,68.999
8/28/19 11:28,77.684,71.9,1696.2,68.999
8/28/19 11:28,77.684,71.8,1696.2,68.999
8/28/19 11:28,77.727,71.7,1698.7,68.999
8/28/19 11:28,77.727,71.6,1696.2,68.999
8/28/19 11:28,77.727,71.5,1698.7,68.999
8/28/19 11:28,77.727,71.5,1701.2,68.999
8/28/19 11:28,77.727,71.4,1698.7,68.999
8/28/19 11:28,77.727,71.4,1698.7,68.999
8/28/19 11:28,77.727,71.3,1698.7,68.999
8/28/19 11:28,77.727,71.3,1701.2,68.999
8/28/19 11:28,77.727,71.3,1701.2,68.999
8/28/19 11:28,77.727,71.3,1701.2,68.999
8/28/19 11:28,77.727,71.3,1703.7,68.999
8/28/19 11:28,77.727,71.4,1701.2,69.042
8/28/19 11:28,77.727,71.4,1698.7,68.999
8/28/19 11:28,77.727,71.5,1701.2,68.999
8/28/19 11:28,77.727,71.5,1701.2,68.999
8/28/19 11:28,77.727,71.6,1703.7,68.999
8/28/19 11:28,77.77,71.7,1703.7,68.999
8/28/19 11:28,77.77,71.8,1701.2,68.999
8/28/19 11:28,77.77,71.9,1701.2,68.999
8/28/19 11:28,77.77,71.9,1703.7,68.999
8/28/19 11:28,77.77,71.9,1701.2,68.999
8/28/19 11:28,77.77,71.8,1703.7,68.999
8/28/19 11:28,77.815,71.7,1701.2,68.999
8/28/19 11:28,77.815,71.5,1701.2,68.999
8/28/19 11:28,77.815,71.5,1701.2,68.999
8/28/19 11:28,77.815,71.4,1701.2,68.999
8/28/19 11:28,77.815,71.3,1701.2,68.999
8/28/19 11:28,77.815,71.2,1703.7,68.999
8/28/19 11:28,77.815,71.1,1701.2,68.999
8/28/19 11:28,77.815,71,1703.7,68.999
8/28/19 11:28,77.815,71,1703.7,68.999
8/28/19 11:28,77.815,71,1701.2,68.999
8/28/19 11:28,77.815,70.9,1701.2,68.999
8/28/19 11:28,77.77,70.9,1701.2,68.999
8/28/19 11:28,77.815,70.8,1703.7,68.999
8/28/19 11:28,77.815,70.7,1703.7,68.999
8/28/19 11:28,77.77,70.7,1703.7,68.999
8/28/19 11:28,77.77,70.6,1703.7,68.999
8/28/19 11:28,77.77,70.7,1701.2,68.999
8/28/19 11:28,77.77,70.7,1703.7,68.999
8/28/19 11:28,77.77,70.7,1701.2,68.999
8/28/19 11:28,77.77,70.6,1703.7,68.999
8/28/19 11:28,77.77,70.7,1706.2,68.999
8/28/19 11:28,77.77,70.6,1703.7,68.999
8/28/19 11:28,77.77,70.6,1703.7,68.999
8/28/19 11:28,77.77,70.5,1706.2,68.999
8/28/19 11:28,77.77,70.5,1706.2,68.999
8/28/19 11:28,77.77,70.5,1706.2,68.999
8/28/19 11:28,77.77,70.4,1703.7,68.999
8/28/19 11:28,77.727,70.5,1703.7,69.042
8/28/19 11:28,77.77,70.5,1708.7,68.999
8/28/19 11:29,77.727,70.6,1703.7,68.999
8/28/19 11:29,77.727,70.7,1708.7,69.042
8/28/19 11:29,77.727,70.7,1706.2,68.999
8/28/19 11:29,77.77,70.6,1706.2,68.999
8/28/19 11:29,77.77,70.6,1708.7,68.999
8/28/19 11:29,77.77,70.7,1706.2,68.999
8/28/19 11:29,77.77,70.6,1708.7,68.999
8/28/19 11:29,77.77,70.7,1703.7,68.999
8/28/19 11:29,77.77,70.6,1706.2,68.999
8/28/19 11:29,77.77,70.6,1706.2,68.999
8/28/19 11:29,77.77,70.7,1708.7,68.999
8/28/19 11:29,77.77,70.6,1706.2,68.999
8/28/19 11:29,77.77,70.7,1711.2,69.042
8/28/19 11:29,77.77,70.7,1706.2,69.042
8/28/19 11:29,77.77,70.7,1708.7,68.999
8/28/19 11:29,77.77,70.7,1708.7,68.999
8/28/19 11:29,77.77,70.8,1708.7,68.999
8/28/19 11:29,77.77,70.9,1711.2,68.999
8/28/19 11:29,77.77,71,1713.7,69.042
8/28/19 11:29,77.77,71,1711.2,68.999
8/28/19 11:29,77.77,71.2,1711.2,68.999
8/28/19 11:29,77.77,71.3,1711.2,69.042
8/28/19 11:29,77.77,71.4,1713.7,68.999
8/28/19 11:29,77.77,71.5,1713.7,68.999
8/28/19 11:29,77.77,71.5,1708.7,69.042
8/28/19 11:29,77.815,71.6,1713.7,68.999
8/28/19 11:29,77.815,71.6,1713.7,69.042
8/28/19 11:29,77.815,71.6,1713.7,68.999
8/28/19 11:29,77.815,71.6,1713.7,69.042
8/28/19 11:29,77.815,71.6,1716.2,69.042
8/28/19 11:29,77.815,71.6,1713.7,68.999
8/28/19 11:29,77.859,71.6,1713.7,69.042
8/28/19 11:29,77.859,71.6,1716.2,69.042
8/28/19 11:29,77.859,71.7,1718.7,69.042
8/28/19 11:29,77.859,71.8,1716.2,68.999
8/28/19 11:29,77.859,71.9,1718.7,68.999
8/28/19 11:29,77.859,72,1718.7,69.042
8/28/19 11:29,77.902,72.2,1716.2,68.999
8/28/19 11:29,77.902,72.3,1718.7,68.999
8/28/19 11:29,77.902,72.3,1716.2,68.999
8/28/19 11:29,77.902,72.4,1718.7,69.042
8/28/19 11:29,77.945,72.4,1716.2,68.999
8/28/19 11:29,77.945,72.4,1716.2,69.042
8/28/19 11:29,77.945,72.4,1716.2,68.999
8/28/19 11:29,77.945,72.4,1716.2,69.042
8/28/19 11:29,77.99,72.4,1718.7,69.042
8/28/19 11:29,77.99,72.3,1716.2,69.042
8/28/19 11:29,77.99,72.4,1713.7,69.042
8/28/19 11:29,77.99,72.3,1716.2,69.042
8/28/19 11:29,77.99,72.3,1713.7,69.042
8/28/19 11:29,78.033,72.2,1713.7,69.042
8/28/19 11:29,78.033,72.2,1713.7,69.042
8/28/19 11:29,78.033,72.1,1713.7,69.042
8/28/19 11:29,78.033,72.2,1716.2,69.042
8/28/19 11:29,78.033,72.2,1713.7,69.042
8/28/19 11:29,78.076,72.2,1711.2,68.999
8/28/19 11:29,78.076,72.2,1711.2,69.042
8/28/19 11:29,78.076,72.2,1711.2,69.042
8/28/19 11:29,78.076,72.3,1713.7,69.042
8/28/19 11:29,78.076,72.3,1711.2,69.042
8/28/19 11:30,78.121,72.2,1713.7,69.042
8/28/19 11:30,78.121,72.3,1708.7,69.042
8/28/19 11:30,78.121,72.2,1711.2,69.042
8/28/19 11:30,78.121,72.2,1711.2,69.042
8/28/19 11:30,78.165,72.2,1711.2,69.042
8/28/19 11:30,78.165,72.1,1708.7,68.999
8/28/19 11:30,78.165,72,1711.2,69.042
8/28/19 11:30,78.165,72,1706.2,69.042
8/28/19 11:30,78.165,72,1708.7,69.042
8/28/19 11:30,78.208,72,1708.7,69.042
8/28/19 11:30,78.208,71.9,1706.2,69.042
8/28/19 11:30,78.208,71.9,1708.7,69.042
8/28/19 11:30,78.208,71.8,1708.7,69.042
8/28/19 11:30,78.251,71.8,1708.7,69.042
8/28/19 11:30,78.251,71.7,1711.2,69.042
8/28/19 11:30,78.251,71.6,1711.2,69.042
8/28/19 11:30,78.251,71.6,1703.7,69.042
8/28/19 11:30,78.251,71.6,1706.2,69.042
8/28/19 11:30,78.251,71.7,1711.2,69.042
8/28/19 11:30,78.296,71.7,1711.2,69.042
8/28/19 11:30,78.296,71.7,1711.2,69.042
8/28/19 11:30,78.296,71.7,1711.2,69.042
8/28/19 11:30,78.296,71.7,1713.7,69.042
8/28/19 11:30,78.296,71.7,1711.2,69.042
8/28/19 11:30,78.339,71.7,1711.2,69.042
8/28/19 11:30,78.339,71.7,1708.7,69.042
8/28/19 11:30,78.339,71.7,1711.2,69.042
8/28/19 11:30,78.339,71.6,1711.2,69.042
8/28/19 11:30,78.339,71.6,1708.7,69.042
8/28/19 11:30,78.382,71.4,1708.7,69.042
8/28/19 11:30,78.382,71.2,1708.7,69.042
8/28/19 11:30,78.382,71.1,1708.7,69.042
8/28/19 11:30,78.382,70.8,1708.7,69.042
8/28/19 11:30,78.382,70.8,1711.2,69.042
8/28/19 11:30,78.382,70.7,1708.7,69.042
8/28/19 11:30,78.382,70.6,1708.7,69.042
8/28/19 11:30,78.382,70.5,1706.2,69.042
8/28/19 11:30,78.382,70.5,1711.2,69.042
8/28/19 11:30,78.382,70.3,1711.2,69.042
8/28/19 11:30,78.382,70.2,1711.2,69.042
8/28/19 11:30,78.382,70,1708.7,69.042
8/28/19 11:30,78.382,69.9,1708.7,69.042
8/28/19 11:30,78.382,69.7,1708.7,69.042
8/28/19 11:30,78.382,69.6,1711.2,69.042
8/28/19 11:30,78.382,69.4,1708.7,69.042
8/28/19 11:30,78.382,69.4,1711.2,69.042
8/28/19 11:30,78.382,69.4,1708.7,69.042
8/28/19 11:30,78.382,69.4,1711.2,69.042
8/28/19 11:30,78.382,69.4,1711.2,69.042
8/28/19 11:30,78.339,69.4,1711.2,69.042
8/28/19 11:30,78.339,69.4,1711.2,69.042
8/28/19 11:30,78.339,69.5,1711.2,69.042
8/28/19 11:30,78.339,69.5,1711.2,69.042
8/28/19 11:30,78.339,69.4,1711.2,69.042
8/28/19 11:30,78.339,69.4,1711.2,69.042
8/28/19 11:30,78.339,69.5,1711.2,69.042
8/28/19 11:30,78.339,69.6,1713.7,69.042
8/28/19 11:30,78.339,69.7,1713.7,69.042
8/28/19 11:30,78.339,69.7,1711.2,69.042
8/28/19 11:30,78.339,69.8,1711.2,69.042
8/28/19 11:31,78.339,69.9,1711.2,69.042
8/28/19 11:31,78.339,69.9,1713.7,69.042
8/28/19 11:31,78.339,70,1711.2,69.042
8/28/19 11:31,78.339,70.1,1713.7,69.042
8/28/19 11:31,78.339,70.3,1711.2,69.042
8/28/19 11:31,78.339,70.3,1711.2,69.042
8/28/19 11:31,78.339,70.3,1711.2,69.042
8/28/19 11:31,78.339,70.5,1713.7,69.042
8/28/19 11:31,78.339,70.6,1711.2,69.042
8/28/19 11:31,78.382,70.7,1713.7,69.042
8/28/19 11:31,78.382,70.8,1713.7,69.042
8/28/19 11:31,78.382,70.9,1713.7,69.042
8/28/19 11:31,78.382,71.1,1711.2,69.042
8/28/19 11:31,78.382,71.2,1711.2,69.042
8/28/19 11:31,78.382,71.2,1713.7,69.042
8/28/19 11:31,78.382,71.4,1711.2,69.042
8/28/19 11:31,78.427,71.6,1708.7,69.042
8/28/19 11:31,78.427,71.7,1713.7,69.042
8/28/19 11:31,78.427,71.9,1713.7,69.042
8/28/19 11:31,78.427,72,1713.7,69.042
8/28/19 11:31,78.471,72.1,1713.7,69.042
8/28/19 11:31,78.471,72.3,1713.7,69.042
8/28/19 11:31,78.471,72.4,1711.2,69.042
8/28/19 11:31,78.514,72.4,1713.7,69.042
8/28/19 11:31,78.514,72.4,1716.2,69.042
8/28/19 11:31,78.514,72.5,1708.7,69.042
8/28/19 11:31,78.559,72.4,1713.7,69.042
8/28/19 11:31,78.559,72.4,1713.7,69.042
8/28/19 11:31,78.559,72.3,1713.7,69.042
8/28/19 11:31,78.559,72.1,1716.2,69.042
8/28/19 11:31,78.602,72,1716.2,69.042
8/28/19 11:31,78.602,72,1716.2,69.042
8/28/19 11:31,78.602,72,1718.7,69.042
8/28/19 11:31,78.602,71.8,1718.7,69.042
8/28/19 11:31,78.602,71.8,1716.2,69.042
8/28/19 11:31,78.602,71.7,1718.7,69.042
8/28/19 11:31,78.602,71.7,1718.7,69.042
8/28/19 11:31,78.645,71.6,1716.2,69.042
8/28/19 11:31,78.645,71.7,1713.7,69.042
8/28/19 11:31,78.645,71.6,1718.7,69.042
8/28/19 11:31,78.645,71.7,1716.2,69.042
8/28/19 11:31,78.645,71.7,1718.7,69.042
8/28/19 11:31,78.645,71.7,1716.2,69.042
8/28/19 11:31,78.645,71.8,1716.2,69.042
8/28/19 11:31,78.645,71.8,1718.7,69.042
8/28/19 11:31,78.645,71.8,1716.2,69.042
8/28/19 11:31,78.645,71.8,1718.7,69.042
8/28/19 11:31,78.69,71.8,1716.2,69.042
8/28/19 11:31,78.69,71.7,1718.7,69.042
8/28/19 11:31,78.69,71.7,1716.2,69.042
8/28/19 11:31,78.69,71.6,1718.7,69.042
8/28/19 11:31,78.69,71.6,1718.7,69.042
8/28/19 11:31,78.69,71.5,1716.2,69.042
8/28/19 11:31,78.69,71.4,1718.7,69.042
8/28/19 11:31,78.69,71.4,1718.7,69.042
8/28/19 11:31,78.69,71.3,1721.2,69.042
8/28/19 11:31,78.69,71.3,1718.7,69.042
8/28/19 11:31,78.69,71.3,1723.7,69.042
8/28/19 11:31,78.69,71.2,1723.7,69.042
8/28/19 11:31,78.69,71.2,1721.2,69.042
8/28/19 11:32,78.69,71.1,1721.2,69.042
8/28/19 11:32,78.69,71.2,1723.7,69.042
8/28/19 11:32,78.69,71.1,1721.2,69.042
8/28/19 11:32,78.69,71,1723.7,69.042
8/28/19 11:32,78.69,70.9,1723.7,69.042
8/28/19 11:32,78.733,70.9,1721.2,69.042
8/28/19 11:32,78.69,70.8,1723.7,69.042
8/28/19 11:32,78.69,70.8,1726.2,69.042
8/28/19 11:32,78.69,70.8,1723.7,69.042
8/28/19 11:32,78.69,70.8,1726.2,69.042
8/28/19 11:32,78.69,70.8,1723.7,69.042
8/28/19 11:32,78.69,70.8,1726.2,69.042
8/28/19 11:32,78.69,70.8,1723.7,69.042
8/28/19 11:32,78.69,70.8,1726.2,69.042
8/28/19 11:32,78.69,70.9,1728.7,69.042
8/28/19 11:32,78.69,70.9,1726.2,69.042
8/28/19 11:32,78.69,70.8,1726.2,69.042
8/28/19 11:32,78.69,70.8,1728.7,69.042
8/28/19 11:32,78.69,70.8,1723.7,69.042
8/28/19 11:32,78.69,70.8,1726.2,69.042
8/28/19 11:32,78.69,70.8,1728.7,69.042
8/28/19 11:32,78.69,70.8,1721.2,69.042
8/28/19 11:32,78.69,70.9,1726.2,69.085
8/28/19 11:32,78.69,70.9,1731.2,69.042
8/28/19 11:32,78.69,70.9,1731.2,69.042
8/28/19 11:32,78.69,70.9,1728.7,69.042
8/28/19 11:32,78.69,70.9,1726.2,69.042
8/28/19 11:32,78.69,71,1726.2,69.042
8/28/19 11:32,78.69,71,1731.2,69.085
8/28/19 11:32,78.69,70.9,1731.2,69.042
8/28/19 11:32,78.69,70.9,1731.2,69.042
8/28/19 11:32,78.69,71,1728.7,69.042
8/28/19 11:32,78.69,71.1,1733.7,69.085
8/28/19 11:32,78.69,71.1,1733.7,69.042
8/28/19 11:32,78.69,71.1,1733.7,69.042
8/28/19 11:32,78.69,71.2,1731.2,69.042
8/28/19 11:32,78.69,71.3,1733.7,69.042
8/28/19 11:32,78.69,71.4,1731.2,69.085
8/28/19 11:32,78.733,71.5,1733.7,69.042
8/28/19 11:32,78.733,71.6,1731.2,69.042
8/28/19 11:32,78.733,71.6,1731.2,69.042
8/28/19 11:32,78.733,71.6,1733.7,69.042
8/28/19 11:32,78.733,71.5,1733.7,69.085
8/28/19 11:32,78.733,71.5,1733.7,69.042
8/28/19 11:32,78.733,71.5,1733.7,69.042
8/28/19 11:32,78.733,71.5,1733.7,69.042
8/28/19 11:32,78.777,71.5,1733.7,69.085
8/28/19 11:32,78.777,71.5,1733.7,69.085
8/28/19 11:32,78.777,71.5,1736.2,69.085
8/28/19 11:32,78.777,71.4,1736.2,69.085
8/28/19 11:32,78.777,71.4,1736.2,69.042
8/28/19 11:32,78.777,71.4,1736.2,69.042
8/28/19 11:32,78.777,71.4,1736.2,69.085
8/28/19 11:32,78.822,71.4,1736.2,69.042
8/28/19 11:32,78.822,71.4,1736.2,69.042
8/28/19 11:32,78.822,71.4,1738.7,69.042
8/28/19 11:32,78.822,71.4,1738.7,69.085
8/28/19 11:32,78.822,71.3,1738.7,69.085
8/28/19 11:32,78.822,71.2,1738.7,69.085
8/28/19 11:32,78.822,71.2,1738.7,69.085
8/28/19 11:33,78.822,71.2,1738.7,69.042
8/28/19 11:33,78.822,71.2,1736.2,69.085
8/28/19 11:33,78.865,71.1,1738.7,69.085
8/28/19 11:33,78.865,70.9,1738.7,69.085
8/28/19 11:33,78.865,70.7,1741.2,69.085
8/28/19 11:33,78.865,70.7,1738.7,69.085
8/28/19 11:33,78.865,70.7,1741.2,69.085
8/28/19 11:33,78.865,70.7,1738.7,69.085
8/28/19 11:33,78.865,70.7,1743.7,69.085
8/28/19 11:33,78.865,70.7,1741.2,69.085
8/28/19 11:33,78.865,70.7,1741.2,69.085
8/28/19 11:33,78.865,70.6,1741.2,69.085
8/28/19 11:33,78.865,70.5,1743.7,69.085
8/28/19 11:33,78.865,70.3,1743.7,69.042
8/28/19 11:33,78.865,70.3,1743.7,69.085
8/28/19 11:33,78.865,70.2,1741.2,69.085
8/28/19 11:33,78.865,70.2,1743.7,69.085
8/28/19 11:33,78.865,70.1,1746.2,69.085
8/28/19 11:33,78.865,70.1,1743.7,69.085
8/28/19 11:33,78.865,70.1,1746.2,69.085
8/28/19 11:33,78.865,70.2,1743.7,69.085
8/28/19 11:33,78.865,70.2,1746.2,69.085
8/28/19 11:33,78.865,70.2,1748.7,69.085
8/28/19 11:33,78.865,70.3,1746.2,69.085
8/28/19 11:33,78.865,70.3,1748.7,69.085
8/28/19 11:33,78.865,70.4,1748.7,69.085
8/28/19 11:33,78.865,70.6,1746.2,69.085
8/28/19 11:33,78.865,70.7,1748.7,69.085
8/28/19 11:33,78.865,70.7,1751.2,69.085
8/28/19 11:33,78.865,70.9,1748.7,69.085
8/28/19 11:33,78.865,71.1,1748.7,69.085
8/28/19 11:33,78.865,71.2,1748.7,69.085
8/28/19 11:33,78.865,71.2,1751.2,69.085
8/28/19 11:33,78.865,71.2,1748.7,69.085
8/28/19 11:33,78.91,71.2,1748.7,69.085
8/28/19 11:33,78.91,71.2,1753.7,69.085
8/28/19 11:33,78.91,71.1,1748.7,69.085
8/28/19 11:33,78.91,71.1,1746.2,69.085
8/28/19 11:33,78.91,71.1,1751.2,69.085
8/28/19 11:33,78.91,71,1753.7,69.085
8/28/19 11:33,78.953,70.9,1753.7,69.085
8/28/19 11:33,78.953,70.8,1753.7,69.085
8/28/19 11:33,78.953,70.8,1751.2,69.085
8/28/19 11:33,78.953,70.8,1751.2,69.085
8/28/19 11:33,78.953,70.7,1753.7,69.085
8/28/19 11:33,78.953,70.5,1753.7,69.085
8/28/19 11:33,78.953,70.3,1756.2,69.085
8/28/19 11:33,78.953,70,1753.7,69.085
8/28/19 11:33,78.953,69.9,1756.2,69.085
8/28/19 11:33,78.953,69.6,1756.2,69.085
8/28/19 11:33,78.953,69.4,1758.7,69.085
8/28/19 11:33,78.953,69.3,1758.7,69.085
8/28/19 11:33,78.953,69.2,1758.7,69.085
8/28/19 11:33,78.953,69.1,1756.2,69.085
8/28/19 11:33,78.953,69.1,1758.7,69.085
8/28/19 11:33,78.953,69,1758.7,69.085
8/28/19 11:33,78.953,69,1761.2,69.085
8/28/19 11:33,78.953,68.9,1758.7,69.085
8/28/19 11:33,78.953,68.8,1758.7,69.085
8/28/19 11:33,78.953,68.7,1758.7,69.085
8/28/19 11:34,78.91,68.5,1761.2,69.085
8/28/19 11:34,78.91,68.6,1761.2,69.085
8/28/19 11:34,78.91,68.5,1761.2,69.085
8/28/19 11:34,78.91,68.5,1761.2,69.085
8/28/19 11:34,78.91,68.5,1761.2,69.085
8/28/19 11:34,78.91,68.5,1761.2,69.085
8/28/19 11:34,78.91,68.6,1763.7,69.085
8/28/19 11:34,78.91,68.6,1763.7,69.085
8/28/19 11:34,78.91,68.7,1766.2,69.085
8/28/19 11:34,78.91,68.8,1761.2,69.085
8/28/19 11:34,78.865,68.8,1763.7,69.085
8/28/19 11:34,78.865,68.8,1766.2,69.085
8/28/19 11:34,78.865,68.7,1768.7,69.085
8/28/19 11:34,78.865,68.6,1766.2,69.085
8/28/19 11:34,78.865,68.5,1763.7,69.085
8/28/19 11:34,78.865,68.6,1768.7,69.085
8/28/19 11:34,78.865,68.5,1768.7,69.085
8/28/19 11:34,78.865,68.5,1768.7,69.085
8/28/19 11:34,78.865,68.4,1771.2,69.085
8/28/19 11:34,78.865,68.4,1768.7,69.085
8/28/19 11:34,78.865,68.3,1768.7,69.085
8/28/19 11:34,78.865,68.2,1768.7,69.085
8/28/19 11:34,78.865,68.2,1771.2,69.085
8/28/19 11:34,78.865,68.2,1771.2,69.085
8/28/19 11:34,78.822,68.2,1771.2,69.085
8/28/19 11:34,78.822,68.1,1771.2,69.085
8/28/19 11:34,78.822,68,1773.7,69.085
8/28/19 11:34,78.822,67.9,1771.2,69.085
8/28/19 11:34,78.822,67.8,1773.7,69.085
8/28/19 11:34,78.822,67.7,1773.7,69.085
8/28/19 11:34,78.822,67.7,1773.7,69.085
8/28/19 11:34,78.822,67.6,1773.7,69.085
8/28/19 11:34,78.822,67.6,1773.7,69.085
8/28/19 11:34,78.777,67.6,1773.7,69.085
8/28/19 11:34,78.777,67.6,1773.7,69.085
8/28/19 11:34,78.777,67.6,1773.7,69.085
8/28/19 11:34,78.777,67.6,1773.7,69.085
8/28/19 11:34,78.777,67.6,1773.7,69.085
8/28/19 11:34,78.777,67.6,1776.2,69.085
8/28/19 11:34,78.777,67.7,1778.7,69.085
8/28/19 11:34,78.777,67.7,1776.2,69.085
8/28/19 11:34,78.777,67.8,1776.2,69.085
8/28/19 11:34,78.777,67.8,1773.7,69.085
8/28/19 11:34,78.777,67.9,1776.2,69.085
8/28/19 11:34,78.777,67.9,1776.2,69.085
8/28/19 11:34,78.777,67.9,1776.2,69.085
8/28/19 11:34,78.777,68,1778.7,69.085
8/28/19 11:34,78.777,68,1776.2,69.085
8/28/19 11:34,78.733,68,1778.7,69.085
8/28/19 11:34,78.777,68,1776.2,69.085
8/28/19 11:34,78.733,68,1778.7,69.085
8/28/19 11:34,78.733,68.1,1778.7,69.085
8/28/19 11:34,78.733,68.1,1776.2,69.085
8/28/19 11:34,78.777,68.1,1778.7,69.085
8/28/19 11:34,78.733,68.1,1781.2,69.085
8/28/19 11:34,78.733,68.1,1781.2,69.085
8/28/19 11:34,78.733,68,1778.7,69.085
8/28/19 11:34,78.733,67.9,1781.2,69.085
8/28/19 11:34,78.777,67.8,1781.2,69.085
8/28/19 11:34,78.733,67.7,1778.7,69.085
8/28/19 11:35,78.733,67.6,1778.7,69.085
8/28/19 11:35,78.733,67.5,1778.7,69.085
8/28/19 11:35,78.733,67.4,1781.2,69.085
8/28/19 11:35,78.733,67.4,1778.7,69.085
8/28/19 11:35,78.733,67.4,1781.2,69.085
8/28/19 11:35,78.733,67.3,1778.7,69.085
8/28/19 11:35,78.733,67.3,1778.7,69.085
8/28/19 11:35,78.733,67.3,1781.2,69.085
8/28/19 11:35,78.733,67.3,1778.7,69.085
8/28/19 11:35,78.733,67.3,1778.7,69.085
8/28/19 11:35,78.733,67.3,1778.7,69.085
8/28/19 11:35,78.69,67.4,1778.7,69.085
8/28/19 11:35,78.733,67.4,1781.2,69.085
8/28/19 11:35,78.733,67.4,1781.2,69.085
8/28/19 11:35,78.69,67.3,1778.7,69.085
8/28/19 11:35,78.733,67.3,1778.7,69.085
8/28/19 11:35,78.69,67.3,1778.7,69.085
8/28/19 11:35,78.69,67.4,1781.2,69.085
8/28/19 11:35,78.69,67.5,1781.2,69.085
8/28/19 11:35,78.69,67.6,1778.7,69.085
8/28/19 11:35,78.69,67.7,1781.2,69.085
8/28/19 11:35,78.69,67.8,1778.7,69.085
8/28/19 11:35,78.69,68,1776.2,69.085
8/28/19 11:35,78.69,68.1,1781.2,69.085
8/28/19 11:35,78.69,68.2,1776.2,69.085
8/28/19 11:35,78.69,68.2,1778.7,69.085
8/28/19 11:35,78.69,68.2,1781.2,69.085
8/28/19 11:35,78.69,68.1,1781.2,69.085
8/28/19 11:35,78.69,68,1778.7,69.085
8/28/19 11:35,78.69,67.9,1778.7,69.085
8/28/19 11:35,78.69,67.9,1776.2,69.085
8/28/19 11:35,78.69,68,1778.7,69.085
8/28/19 11:35,78.69,68,1778.7,69.085
8/28/19 11:35,78.69,68.1,1778.7,69.085
8/28/19 11:35,78.69,68.1,1781.2,69.129
8/28/19 11:35,78.69,68.2,1778.7,69.085
8/28/19 11:35,78.69,68.1,1778.7,69.129
8/28/19 11:35,78.69,68.1,1778.7,69.085
8/28/19 11:35,78.69,68.1,1778.7,69.085
8/28/19 11:35,78.69,68.1,1776.2,69.085
8/28/19 11:35,78.733,68,1778.7,69.129
8/28/19 11:35,78.733,68.1,1781.2,69.085
8/28/19 11:35,78.733,68.1,1778.7,69.129
8/28/19 11:35,78.733,68.2,1778.7,69.085
8/28/19 11:35,78.733,68.1,1778.7,69.129
8/28/19 11:35,78.733,68.1,1781.2,69.129
8/28/19 11:35,78.733,68.2,1783.7,69.129
8/28/19 11:35,78.733,68.3,1778.7,69.129
8/28/19 11:35,78.733,68.4,1781.2,69.085
8/28/19 11:35,78.733,68.4,1781.2,69.129
8/28/19 11:35,78.733,68.4,1781.2,69.085
8/28/19 11:35,78.733,68.4,1778.7,69.129
8/28/19 11:35,78.777,68.3,1781.2,69.085
8/28/19 11:35,78.777,68.3,1781.2,69.129
8/28/19 11:35,78.777,68.2,1781.2,69.129
8/28/19 11:35,78.777,68.2,1781.2,69.129
8/28/19 11:35,78.777,68.1,1783.7,69.129
8/28/19 11:35,78.777,68.2,1776.2,69.129
8/28/19 11:35,78.777,68,1781.2,69.129
8/28/19 11:35,78.777,67.9,1781.2,69.129
8/28/19 11:36,78.777,67.7,1781.2,69.129
8/28/19 11:36,78.822,67.7,1783.7,69.129
8/28/19 11:36,78.822,67.7,1781.2,69.129
8/28/19 11:36,78.822,67.6,1781.2,69.129
8/28/19 11:36,78.822,67.5,1781.2,69.129
8/28/19 11:36,78.822,67.4,1781.2,69.129
8/28/19 11:36,78.822,67.3,1781.2,69.129
8/28/19 11:36,78.822,67.3,1781.2,69.129
8/28/19 11:36,78.822,67.1,1781.2,69.129
8/28/19 11:36,78.822,67,1781.2,69.129
8/28/19 11:36,78.822,66.8,1781.2,69.129
8/28/19 11:36,78.777,66.7,1781.2,69.129
8/28/19 11:36,78.822,66.5,1781.2,69.129
8/28/19 11:36,78.777,66.5,1786.2,69.129
8/28/19 11:36,78.777,66.4,1781.2,69.129
8/28/19 11:36,78.777,66.4,1781.2,69.129
8/28/19 11:36,78.777,66.5,1781.2,69.129
8/28/19 11:36,78.777,66.5,1781.2,69.129
8/28/19 11:36,78.777,66.7,1781.2,69.129
8/28/19 11:36,78.777,66.8,1781.2,69.129
8/28/19 11:36,78.777,66.8,1786.2,69.129
8/28/19 11:36,78.733,66.9,1781.2,69.129
8/28/19 11:36,78.733,67,1783.7,69.129
8/28/19 11:36,78.733,67,1783.7,69.129
8/28/19 11:36,78.733,67,1783.7,69.129
8/28/19 11:36,78.733,67,1783.7,69.129
8/28/19 11:36,78.733,66.9,1783.7,69.129
8/28/19 11:36,78.733,66.8,1783.7,69.129
8/28/19 11:36,78.733,66.8,1783.7,69.129
8/28/19 11:36,78.733,66.8,1783.7,69.129
8/28/19 11:36,78.733,66.7,1783.7,69.129
8/28/19 11:36,78.733,66.8,1786.2,69.129
8/28/19 11:36,78.733,66.8,1783.7,69.129
8/28/19 11:36,78.733,66.7,1781.2,69.129
8/28/19 11:36,78.733,66.6,1786.2,69.129
8/28/19 11:36,78.733,66.6,1786.2,69.129
8/28/19 11:36,78.733,66.6,1786.2,69.129
8/28/19 11:36,78.733,66.6,1783.7,69.129
8/28/19 11:36,78.69,66.7,1783.7,69.129
8/28/19 11:36,78.69,66.7,1786.2,69.129
8/28/19 11:36,78.69,66.7,1781.2,69.129
8/28/19 11:36,78.69,66.7,1781.2,69.129
8/28/19 11:36,78.69,66.8,1783.7,69.129
8/28/19 11:36,78.69,66.8,1783.7,69.129
8/28/19 11:36,78.69,66.8,1781.2,69.129
8/28/19 11:36,78.645,66.7,1778.7,69.129
8/28/19 11:36,78.645,66.7,1783.7,69.129
8/28/19 11:36,78.645,66.5,1783.7,69.129
8/28/19 11:36,78.645,66.4,1783.7,69.129
8/28/19 11:36,78.645,66.4,1783.7,69.129
8/28/19 11:36,78.602,66.2,1781.2,69.129
8/28/19 11:36,78.602,66.2,1783.7,69.129
8/28/19 11:36,78.602,66.1,1778.7,69.129
8/28/19 11:36,78.602,66.1,1781.2,69.129
8/28/19 11:36,78.559,66.1,1781.2,69.129
8/28/19 11:36,78.559,66.1,1781.2,69.129
8/28/19 11:36,78.559,66.2,1783.7,69.129
8/28/19 11:36,78.514,66.2,1783.7,69.129
8/28/19 11:36,78.514,66.3,1781.2,69.129
8/28/19 11:36,78.514,66.4,1783.7,69.129
8/28/19 11:37,78.514,66.3,1783.7,69.129
8/28/19 11:37,78.514,66.4,1781.2,69.129
8/28/19 11:37,78.471,66.6,1786.2,69.129
8/28/19 11:37,78.471,66.7,1786.2,69.129
8/28/19 11:37,78.471,66.8,1786.2,69.129
8/28/19 11:37,78.471,66.8,1783.7,69.129
8/28/19 11:37,78.471,66.9,1783.7,69.129
8/28/19 11:37,78.471,67,1786.2,69.129
8/28/19 11:37,78.427,67.2,1786.2,69.129
8/28/19 11:37,78.427,67.2,1786.2,69.129
8/28/19 11:37,78.427,67.4,1783.7,69.129
8/28/19 11:37,78.427,67.6,1786.2,69.129
8/28/19 11:37,78.427,67.7,1788.7,69.129
8/28/19 11:37,78.427,67.7,1783.7,69.129
8/28/19 11:37,78.427,67.8,1788.7,69.129
8/28/19 11:37,78.427,67.9,1788.7,69.129
8/28/19 11:37,78.427,68.1,1786.2,69.129
8/28/19 11:37,78.427,68.1,1788.7,69.129
8/28/19 11:37,78.471,68.2,1788.7,69.129
8/28/19 11:37,78.471,68.2,1786.2,69.129
8/28/19 11:37,78.471,68.1,1788.7,69.129
8/28/19 11:37,78.471,68.1,1788.7,69.129
8/28/19 11:37,78.471,68,1791.2,69.129
8/28/19 11:37,78.471,68,1791.2,69.129
8/28/19 11:37,78.471,67.9,1788.7,69.129
8/28/19 11:37,78.471,67.9,1793.7,69.129
8/28/19 11:37,78.471,67.9,1791.2,69.129
8/28/19 11:37,78.471,67.9,1791.2,69.129
8/28/19 11:37,78.471,67.9,1791.2,69.129
8/28/19 11:37,78.471,67.8,1791.2,69.129
8/28/19 11:37,78.427,67.8,1791.2,69.129
8/28/19 11:37,78.471,67.7,1796.2,69.129
8/28/19 11:37,78.471,67.7,1793.7,69.129
8/28/19 11:37,78.427,67.6,1791.2,69.129
8/28/19 11:37,78.427,67.6,1793.7,69.129
8/28/19 11:37,78.427,67.6,1793.7,69.129
8/28/19 11:37,78.427,67.4,1793.7,69.129
8/28/19 11:37,78.427,67.3,1791.2,69.129
8/28/19 11:37,78.427,67.2,1793.7,69.129
8/28/19 11:37,78.427,67,1793.7,69.129
8/28/19 11:37,78.427,66.7,1793.7,69.129
8/28/19 11:37,78.427,66.7,1793.7,69.129
8/28/19 11:37,78.382,66.5,1793.7,69.129
8/28/19 11:37,78.382,66.5,1793.7,69.129
8/28/19 11:37,78.382,66.4,1796.2,69.129
8/28/19 11:37,78.382,66.5,1796.2,69.129
8/28/19 11:37,78.339,66.4,1798.7,69.17
8/28/19 11:37,78.339,66.5,1796.2,69.129
8/28/19 11:37,78.339,66.5,1798.7,69.17
8/28/19 11:37,78.339,66.5,1796.2,69.129
8/28/19 11:37,78.296,66.6,1796.2,69.129
8/28/19 11:37,78.296,66.7,1798.7,69.129
8/28/19 11:37,78.296,66.8,1798.7,69.129
8/28/19 11:37,78.296,66.7,1801.2,69.129
8/28/19 11:37,78.296,66.8,1801.2,69.129
8/28/19 11:37,78.296,66.7,1801.2,69.129
8/28/19 11:37,78.251,66.7,1801.2,69.17
8/28/19 11:37,78.251,66.8,1801.2,69.129
8/28/19 11:37,78.251,66.8,1801.2,69.17
8/28/19 11:37,78.251,66.9,1801.2,69.17
8/28/19 11:38,78.251,67,1801.2,69.17
8/28/19 11:38,78.251,67,1803.7,69.129
8/28/19 11:38,78.251,67,1803.7,69.17
8/28/19 11:38,78.208,67.1,1803.7,69.17
8/28/19 11:38,78.251,67,1801.2,69.17
8/28/19 11:38,78.208,67,1803.7,69.17
8/28/19 11:38,78.208,67,1806.2,69.17
8/28/19 11:38,78.208,67,1806.2,69.129
8/28/19 11:38,78.208,67.1,1803.7,69.17
8/28/19 11:38,78.208,67.1,1806.2,69.17
8/28/19 11:38,78.208,67.1,1806.2,69.17
8/28/19 11:38,78.208,67.1,1806.2,69.17
8/28/19 11:38,78.208,67,1806.2,69.129
8/28/19 11:38,78.208,67,1806.2,69.17
8/28/19 11:38,78.208,66.9,1806.2,69.17
8/28/19 11:38,78.208,66.8,1806.2,69.17
8/28/19 11:38,78.165,66.7,1806.2,69.17
8/28/19 11:38,78.165,66.7,1806.2,69.17
8/28/19 11:38,78.165,66.8,1808.7,69.17
8/28/19 11:38,78.165,66.8,1808.7,69.17
8/28/19 11:38,78.165,66.9,1808.7,69.17
8/28/19 11:38,78.165,66.9,1808.7,69.17
8/28/19 11:38,78.165,67,1808.7,69.17
8/28/19 11:38,78.121,67.1,1808.7,69.17
8/28/19 11:38,78.121,67.1,1811.2,69.17
8/28/19 11:38,78.121,67.1,1808.7,69.17
8/28/19 11:38,78.121,67.1,1811.2,69.17
8/28/19 11:38,78.121,67.1,1811.2,69.17
8/28/19 11:38,78.121,67.2,1811.2,69.17
8/28/19 11:38,78.121,67.3,1811.2,69.17
8/28/19 11:38,78.121,67.3,1811.2,69.17
8/28/19 11:38,78.121,67.3,1813.7,69.17
8/28/19 11:38,78.076,67.2,1813.7,69.17
8/28/19 11:38,78.076,67.2,1811.2,69.17
8/28/19 11:38,78.076,67.1,1813.7,69.17
8/28/19 11:38,78.076,66.9,1811.2,69.17
8/28/19 11:38,78.076,66.9,1813.7,69.17
8/28/19 11:38,78.076,66.7,1813.7,69.17
8/28/19 11:38,78.076,66.6,1813.7,69.17
8/28/19 11:38,78.033,66.7,1816.2,69.17
8/28/19 11:38,78.033,66.8,1816.2,69.17
8/28/19 11:38,78.033,66.6,1816.2,69.17
8/28/19 11:38,78.033,66.6,1818.7,69.17
8/28/19 11:38,78.033,66.6,1816.2,69.17
8/28/19 11:38,77.99,66.6,1816.2,69.17
8/28/19 11:38,77.99,66.7,1818.7,69.17
8/28/19 11:38,77.99,66.7,1813.7,69.17
8/28/19 11:38,77.99,66.8,1818.7,69.17
8/28/19 11:38,77.99,66.9,1816.2,69.17
8/28/19 11:38,77.945,67,1818.7,69.17
8/28/19 11:38,77.945,67.1,1816.2,69.17
8/28/19 11:38,77.945,67.2,1816.2,69.17
8/28/19 11:38,77.945,67.2,1821.2,69.17
8/28/19 11:38,77.945,67.3,1818.7,69.17
8/28/19 11:38,77.945,67.4,1818.7,69.17
8/28/19 11:38,77.945,67.6,1816.2,69.17
8/28/19 11:38,77.945,67.6,1818.7,69.17
8/28/19 11:38,77.945,67.8,1818.7,69.17
8/28/19 11:38,77.945,67.9,1818.7,69.17
8/28/19 11:38,77.945,68.1,1818.7,69.17
8/28/19 11:39,77.945,68.1,1818.7,69.17
8/28/19 11:39,77.945,68.1,1818.7,69.17
8/28/19 11:39,77.945,68.2,1816.2,69.17
8/28/19 11:39,77.945,68.3,1818.7,69.17
8/28/19 11:39,77.945,68.3,1818.7,69.17
8/28/19 11:39,77.945,68.3,1816.2,69.17
8/28/19 11:39,77.99,68.3,1816.2,69.17
8/28/19 11:39,77.99,68.3,1816.2,69.17
8/28/19 11:39,77.99,68.3,1816.2,69.17
8/28/19 11:39,77.99,68.3,1818.7,69.17
8/28/19 11:39,77.99,68.2,1816.2,69.17
8/28/19 11:39,77.99,68.1,1818.7,69.17
8/28/19 11:39,77.99,68.1,1818.7,69.17
8/28/19 11:39,77.99,68.1,1818.7,69.17
8/28/19 11:39,77.99,68.1,1818.7,69.17
8/28/19 11:39,77.99,68,1821.2,69.17
8/28/19 11:39,77.99,67.9,1818.7,69.17
8/28/19 11:39,77.99,67.8,1818.7,69.17
8/28/19 11:39,77.99,67.7,1821.2,69.17
8/28/19 11:39,77.99,67.7,1818.7,69.17
8/28/19 11:39,77.99,67.6,1821.2,69.17
8/28/19 11:39,77.99,67.6,1818.7,69.17
8/28/19 11:39,77.99,67.6,1818.7,69.17
8/28/19 11:39,77.99,67.5,1823.7,69.17
8/28/19 11:39,77.945,67.5,1821.2,69.17
8/28/19 11:39,77.99,67.5,1821.2,69.17
8/28/19 11:39,77.945,67.5,1823.7,69.17
8/28/19 11:39,77.945,67.5,1821.2,69.17
8/28/19 11:39,77.945,67.6,1823.7,69.17
8/28/19 11:39,77.945,67.6,1823.7,69.17
8/28/19 11:39,77.945,67.6,1826.2,69.17
8/28/19 11:39,77.945,67.7,1826.2,69.17
8/28/19 11:39,77.945,67.7,1823.7,69.17
8/28/19 11:39,77.945,67.8,1823.7,69.17
8/28/19 11:39,77.945,67.8,1823.7,69.17
8/28/19 11:39,77.945,67.9,1826.2,69.17
8/28/19 11:39,77.945,67.9,1823.7,69.17
8/28/19 11:39,77.945,67.8,1826.2,69.213
8/28/19 11:39,77.945,67.8,1823.7,69.17
8/28/19 11:39,77.945,67.8,1823.7,69.17
8/28/19 11:39,77.945,67.7,1826.2,69.17
8/28/19 11:39,77.945,67.8,1823.7,69.213
8/28/19 11:39,77.945,67.8,1826.2,69.17
8/28/19 11:39,77.945,67.8,1826.2,69.213
8/28/19 11:39,77.945,67.8,1826.2,69.17
8/28/19 11:39,77.945,67.9,1826.2,69.17
8/28/19 11:39,77.945,67.8,1826.2,69.17
8/28/19 11:39,77.945,67.7,1826.2,69.17
8/28/19 11:39,77.902,67.6,1826.2,69.17
8/28/19 11:39,77.945,67.6,1826.2,69.17
8/28/19 11:39,77.945,67.5,1826.2,69.17
8/28/19 11:39,77.902,67.3,1826.2,69.213
8/28/19 11:39,77.902,67.2,1823.7,69.213
8/28/19 11:39,77.945,67.1,1826.2,69.213
8/28/19 11:39,77.902,67.1,1826.2,69.17
8/28/19 11:39,77.902,67,1826.2,69.213
8/28/19 11:39,77.902,67,1823.7,69.17
8/28/19 11:39,77.902,67,1823.7,69.213
8/28/19 11:39,77.902,66.9,1823.7,69.17
8/28/19 11:39,77.902,66.8,1821.2,69.213
8/28/19 11:40,77.902,66.8,1823.7,69.213
8/28/19 11:40,77.902,66.7,1821.2,69.213
8/28/19 11:40,77.902,66.6,1821.2,69.17
8/28/19 11:40,77.902,66.6,1821.2,69.213
8/28/19 11:40,77.902,66.7,1821.2,69.213
8/28/19 11:40,77.902,66.7,1821.2,69.213
8/28/19 11:40,77.859,66.7,1823.7,69.213
8/28/19 11:40,77.859,66.6,1818.7,69.213
8/28/19 11:40,77.859,66.6,1823.7,69.213
8/28/19 11:40,77.859,66.6,1821.2,69.213
8/28/19 11:40,77.859,66.6,1818.7,69.213
8/28/19 11:40,77.859,66.7,1818.7,69.213
8/28/19 11:40,77.859,66.7,1818.7,69.17
8/28/19 11:40,77.859,66.7,1818.7,69.213
8/28/19 11:40,77.859,66.7,1821.2,69.213
8/28/19 11:40,77.859,66.6,1818.7,69.213
8/28/19 11:40,77.859,66.6,1821.2,69.213
8/28/19 11:40,77.815,66.5,1816.2,69.213
8/28/19 11:40,77.815,66.6,1818.7,69.213
8/28/19 11:40,77.815,66.6,1818.7,69.213
8/28/19 11:40,77.815,66.7,1821.2,69.213
8/28/19 11:40,77.815,66.8,1821.2,69.213
8/28/19 11:40,77.815,66.9,1818.7,69.213
8/28/19 11:40,77.815,67,1816.2,69.213
8/28/19 11:40,77.815,67.2,1818.7,69.213
8/28/19 11:40,77.815,67.2,1816.2,69.213
8/28/19 11:40,77.815,67.4,1818.7,69.213
8/28/19 11:40,77.815,67.6,1818.7,69.213
8/28/19 11:40,77.815,67.6,1818.7,69.213
8/28/19 11:40,77.815,67.7,1816.2,69.213
8/28/19 11:40,77.815,67.8,1816.2,69.213
8/28/19 11:40,77.815,67.9,1818.7,69.213
8/28/19 11:40,77.815,68.1,1816.2,69.213
8/28/19 11:40,77.859,68.1,1821.2,69.213
8/28/19 11:40,77.859,68.2,1818.7,69.213
8/28/19 11:40,77.859,68.3,1816.2,69.213
8/28/19 11:40,77.859,68.4,1816.2,69.213
8/28/19 11:40,77.859,68.4,1818.7,69.213
8/28/19 11:40,77.859,68.6,1816.2,69.213
8/28/19 11:40,77.902,68.6,1818.7,69.213
8/28/19 11:40,77.902,68.7,1818.7,69.213
8/28/19 11:40,77.902,68.7,1818.7,69.213
8/28/19 11:40,77.902,68.7,1818.7,69.213
8/28/19 11:40,77.902,68.8,1816.2,69.213
8/28/19 11:40,77.902,69,1816.2,69.213
8/28/19 11:40,77.945,69,1816.2,69.213
8/28/19 11:40,77.945,68.9,1818.7,69.213
8/28/19 11:40,77.945,68.9,1816.2,69.213
8/28/19 11:40,77.945,68.9,1816.2,69.213
8/28/19 11:40,77.99,68.8,1818.7,69.213
8/28/19 11:40,77.99,68.7,1816.2,69.213
8/28/19 11:40,77.99,68.5,1816.2,69.213
8/28/19 11:40,77.99,68.5,1813.7,69.213
8/28/19 11:40,77.99,68.5,1818.7,69.213
8/28/19 11:40,77.99,68.4,1816.2,69.213
8/28/19 11:40,77.99,68.4,1816.2,69.213
8/28/19 11:40,78.033,68.3,1813.7,69.213
8/28/19 11:40,78.033,68.3,1816.2,69.213
8/28/19 11:40,78.033,68.3,1816.2,69.213
8/28/19 11:40,78.033,68.1,1816.2,69.213
8/28/19 11:41,78.033,68,1813.7,69.213
8/28/19 11:41,78.033,67.8,1818.7,69.213
8/28/19 11:41,78.033,67.7,1816.2,69.213
8/28/19 11:41,78.033,67.6,1816.2,69.213
8/28/19 11:41,78.033,67.6,1816.2,69.213
8/28/19 11:41,78.076,67.5,1813.7,69.213
8/28/19 11:41,78.033,67.5,1811.2,69.213
8/28/19 11:41,78.076,67.5,1816.2,69.213
8/28/19 11:41,78.076,67.5,1813.7,69.213
8/28/19 11:41,78.076,67.5,1816.2,69.213
8/28/19 11:41,78.076,67.6,1816.2,69.213
8/28/19 11:41,78.076,67.6,1816.2,69.213
8/28/19 11:41,78.076,67.7,1816.2,69.213
8/28/19 11:41,78.076,67.8,1821.2,69.213
8/28/19 11:41,78.076,68,1816.2,69.213
8/28/19 11:41,78.076,68.1,1816.2,69.213
8/28/19 11:41,78.076,68.2,1816.2,69.213
8/28/19 11:41,78.076,68.4,1816.2,69.213
8/28/19 11:41,78.121,68.4,1818.7,69.213
8/28/19 11:41,78.121,68.6,1813.7,69.213
8/28/19 11:41,78.121,68.7,1816.2,69.213
8/28/19 11:41,78.121,69,1811.2,69.213
8/28/19 11:41,78.121,69,1816.2,69.213
8/28/19 11:41,78.165,69.2,1813.7,69.213
8/28/19 11:41,78.165,69.4,1813.7,69.213
8/28/19 11:41,78.165,69.5,1813.7,69.213
8/28/19 11:41,78.208,69.5,1816.2,69.213
8/28/19 11:41,78.208,69.5,1813.7,69.213
8/28/19 11:41,78.208,69.4,1816.2,69.213
8/28/19 11:41,78.251,69.4,1816.2,69.213
8/28/19 11:41,78.251,69.3,1816.2,69.213
8/28/19 11:41,78.251,69.1,1813.7,69.213
8/28/19 11:41,78.251,69,1813.7,69.256
8/28/19 11:41,78.296,69,1816.2,69.213
8/28/19 11:41,78.296,68.9,1816.2,69.256
8/28/19 11:41,78.296,68.9,1813.7,69.213
8/28/19 11:41,78.296,68.8,1813.7,69.213
8/28/19 11:41,78.296,68.8,1816.2,69.213
8/28/19 11:41,78.296,68.9,1816.2,69.213
8/28/19 11:41,78.339,68.9,1816.2,69.213
8/28/19 11:41,78.339,69,1816.2,69.213
8/28/19 11:41,78.339,69,1816.2,69.213
8/28/19 11:41,78.339,69.1,1816.2,69.213
8/28/19 11:41,78.339,69.1,1816.2,69.213
8/28/19 11:41,78.382,69.2,1818.7,69.256
8/28/19 11:41,78.382,69.2,1821.2,69.213
8/28/19 11:41,78.382,69.2,1816.2,69.213
8/28/19 11:41,78.382,69.1,1818.7,69.213
8/28/19 11:41,78.427,69,1818.7,69.213
8/28/19 11:41,78.427,69.1,1818.7,69.256
8/28/19 11:41,78.427,69,1816.2,69.256
8/28/19 11:41,78.427,69,1816.2,69.256
8/28/19 11:41,78.427,69.1,1816.2,69.213
8/28/19 11:41,78.427,69,1818.7,69.256
8/28/19 11:41,78.471,69,1818.7,69.256
8/28/19 11:41,78.471,69,1818.7,69.213
8/28/19 11:41,78.471,69.1,1821.2,69.213
8/28/19 11:41,78.471,69.2,1818.7,69.256
8/28/19 11:41,78.514,69.3,1818.7,69.256
8/28/19 11:41,78.514,69.4,1818.7,69.256
8/28/19 11:42,78.514,69.5,1821.2,69.213
8/28/19 11:42,78.514,69.5,1818.7,69.256
8/28/19 11:42,78.514,69.5,1821.2,69.256
8/28/19 11:42,78.559,69.4,1821.2,69.256
8/28/19 11:42,78.559,69.5,1818.7,69.256
8/28/19 11:42,78.559,69.4,1818.7,69.256
8/28/19 11:42,78.559,69.3,1821.2,69.256
8/28/19 11:42,78.602,69.1,1821.2,69.256
8/28/19 11:42,78.602,69,1821.2,69.256
8/28/19 11:42,78.602,69,1821.2,69.256
8/28/19 11:42,78.602,68.8,1821.2,69.256
8/28/19 11:42,78.602,68.6,1823.7,69.256
8/28/19 11:42,78.602,68.5,1823.7,69.256
8/28/19 11:42,78.602,68.4,1823.7,69.256
8/28/19 11:42,78.602,68.3,1823.7,69.256
8/28/19 11:42,78.645,68.2,1826.2,69.256
8/28/19 11:42,78.645,68.1,1823.7,69.256
8/28/19 11:42,78.645,68.2,1826.2,69.256
8/28/19 11:42,78.645,68,1826.2,69.256
8/28/19 11:42,78.645,68,1826.2,69.256
8/28/19 11:42,78.645,67.9,1828.7,69.256
8/28/19 11:42,78.645,67.8,1828.7,69.256
8/28/19 11:42,78.645,67.8,1826.2,69.256
8/28/19 11:42,78.645,67.7,1831.2,69.256
8/28/19 11:42,78.645,67.7,1826.2,69.256
8/28/19 11:42,78.645,67.7,1826.2,69.256
8/28/19 11:42,78.645,67.7,1826.2,69.256
8/28/19 11:42,78.645,67.7,1826.2,69.256
8/28/19 11:42,78.645,67.7,1826.2,69.256
8/28/19 11:42,78.645,67.7,1826.2,69.256
8/28/19 11:42,78.645,67.7,1828.7,69.256
8/28/19 11:42,78.645,67.7,1828.7,69.256
8/28/19 11:42,78.645,67.8,1828.7,69.256
8/28/19 11:42,78.645,67.8,1828.7,69.256
8/28/19 11:42,78.645,67.9,1831.2,69.256
8/28/19 11:42,78.645,68,1828.7,69.256
8/28/19 11:42,78.645,68.1,1831.2,69.256
8/28/19 11:42,78.645,68.2,1831.2,69.256
8/28/19 11:42,78.645,68.3,1828.7,69.256
8/28/19 11:42,78.645,68.4,1831.2,69.256
8/28/19 11:42,78.645,68.4,1831.2,69.256
8/28/19 11:42,78.645,68.3,1833.7,69.256
8/28/19 11:42,78.69,68.3,1833.7,69.256
8/28/19 11:42,78.69,68.3,1833.7,69.256
8/28/19 11:42,78.69,68.3,1831.2,69.256
8/28/19 11:42,78.69,68.4,1833.7,69.256
8/28/19 11:42,78.69,68.4,1831.2,69.256
8/28/19 11:42,78.69,68.5,1833.7,69.256
8/28/19 11:42,78.733,68.5,1833.7,69.256
8/28/19 11:42,78.733,68.5,1831.2,69.256
8/28/19 11:42,78.733,68.5,1836.2,69.256
8/28/19 11:42,78.733,68.6,1833.7,69.256
8/28/19 11:42,78.733,68.5,1836.2,69.256
8/28/19 11:42,78.777,68.6,1836.2,69.256
8/28/19 11:42,78.777,68.7,1833.7,69.256
8/28/19 11:42,78.777,68.8,1836.2,69.256
8/28/19 11:42,78.777,68.8,1836.2,69.256
8/28/19 11:42,78.777,68.8,1836.2,69.256
8/28/19 11:42,78.822,68.9,1836.2,69.256
8/28/19 11:42,78.822,68.9,1838.7,69.256
8/28/19 11:43,78.822,68.8,1838.7,69.256
8/28/19 11:43,78.865,68.8,1841.2,69.256
8/28/19 11:43,78.865,68.8,1836.2,69.256
8/28/19 11:43,78.865,68.8,1841.2,69.256
8/28/19 11:43,78.865,68.8,1833.7,69.256
8/28/19 11:43,78.91,68.8,1841.2,69.256
8/28/19 11:43,78.91,68.9,1841.2,69.256
8/28/19 11:43,78.91,68.9,1841.2,69.256
8/28/19 11:43,78.91,69,1841.2,69.256
8/28/19 11:43,78.91,69,1843.7,69.256
8/28/19 11:43,78.953,69.1,1843.7,69.256
8/28/19 11:43,78.953,69.2,1843.7,69.256
8/28/19 11:43,78.953,69.2,1843.7,69.256
8/28/19 11:43,78.996,69.1,1843.7,69.256
8/28/19 11:43,78.996,69.1,1846.2,69.256
8/28/19 11:43,78.996,69,1843.7,69.256
8/28/19 11:43,79.041,69.1,1846.2,69.256
8/28/19 11:43,79.041,69.1,1846.2,69.256
8/28/19 11:43,79.041,69.1,1848.7,69.256
8/28/19 11:43,79.041,69.1,1848.7,69.256
8/28/19 11:43,79.084,69,1846.2,69.256
8/28/19 11:43,79.084,69,1851.2,69.256
8/28/19 11:43,79.084,69,1846.2,69.256
8/28/19 11:43,79.084,69.1,1851.2,69.256
8/28/19 11:43,79.128,69,1851.2,69.256
8/28/19 11:43,79.128,69,1853.7,69.256
8/28/19 11:43,79.128,69.1,1851.2,69.256
8/28/19 11:43,79.128,69.2,1851.2,69.256
8/28/19 11:43,79.173,69.3,1851.2,69.256
8/28/19 11:43,79.173,69.4,1851.2,69.256
8/28/19 11:43,79.173,69.5,1853.7,69.256
8/28/19 11:43,79.173,69.4,1851.2,69.256
8/28/19 11:43,79.216,69.6,1856.2,69.256
8/28/19 11:43,79.216,69.7,1856.2,69.256
8/28/19 11:43,79.261,69.7,1853.7,69.256
8/28/19 11:43,79.261,69.7,1856.2,69.256
8/28/19 11:43,79.261,69.6,1856.2,69.256
8/28/19 11:43,79.261,69.5,1858.7,69.256
8/28/19 11:43,79.304,69.5,1856.2,69.256
8/28/19 11:43,79.304,69.6,1858.7,69.256
8/28/19 11:43,79.304,69.7,1858.7,69.256
8/28/19 11:43,79.347,69.8,1858.7,69.256
8/28/19 11:43,79.347,69.9,1856.2,69.256
8/28/19 11:43,79.347,69.9,1861.2,69.256
8/28/19 11:43,79.392,70,1861.2,69.256
8/28/19 11:43,79.392,70,1858.7,69.3
8/28/19 11:43,79.392,70,1863.7,69.3
8/28/19 11:43,79.435,69.9,1866.2,69.3
8/28/19 11:43,79.435,69.9,1863.7,69.3
8/28/19 11:43,79.435,69.8,1861.2,69.3
8/28/19 11:43,79.48,69.8,1861.2,69.3
8/28/19 11:43,79.48,69.7,1861.2,69.3
8/28/19 11:43,79.48,69.7,1866.2,69.3
8/28/19 11:43,79.48,69.7,1866.2,69.3
8/28/19 11:43,79.524,69.6,1866.2,69.3
8/28/19 11:43,79.524,69.6,1863.7,69.3
8/28/19 11:43,79.524,69.5,1863.7,69.3
8/28/19 11:43,79.524,69.5,1866.2,69.3
8/28/19 11:43,79.567,69.4,1871.2,69.3
8/28/19 11:43,79.567,69.2,1868.7,69.3
8/28/19 11:44,79.567,69.1,1868.7,69.3
8/28/19 11:44,79.567,68.8,1871.2,69.3
8/28/19 11:44,79.567,68.7,1873.7,69.3
8/28/19 11:44,79.567,68.4,1871.2,69.3
8/28/19 11:44,79.612,68.2,1873.7,69.3
8/28/19 11:44,79.612,68,1873.7,69.3
8/28/19 11:44,79.612,67.9,1871.2,69.3
8/28/19 11:44,79.612,67.9,1878.7,69.3
8/28/19 11:44,79.612,67.9,1873.7,69.3
8/28/19 11:44,79.612,67.9,1876.2,69.3
8/28/19 11:44,79.612,67.9,1881.2,69.3
8/28/19 11:44,79.612,67.9,1878.7,69.3
8/28/19 11:44,79.612,67.8,1878.7,69.3
8/28/19 11:44,79.612,67.7,1881.2,69.3
8/28/19 11:44,79.612,67.5,1881.2,69.3
8/28/19 11:44,79.612,67.3,1883.7,69.3
8/28/19 11:44,79.612,67.3,1886.2,69.3
8/28/19 11:44,79.612,67.2,1883.7,69.3
8/28/19 11:44,79.567,67.1,1886.2,69.3
8/28/19 11:44,79.612,67,1886.2,69.3
8/28/19 11:44,79.567,67,1886.2,69.3
8/28/19 11:44,79.567,66.8,1886.2,69.3
8/28/19 11:44,79.567,66.8,1891.2,69.3
8/28/19 11:44,79.567,66.7,1888.7,69.3
8/28/19 11:44,79.567,66.7,1891.2,69.3
8/28/19 11:44,79.567,66.7,1888.7,69.3
8/28/19 11:44,79.567,66.7,1891.2,69.3
8/28/19 11:44,79.567,66.7,1891.2,69.3
8/28/19 11:44,79.567,66.7,1893.7,69.3
8/28/19 11:44,79.524,66.7,1896.2,69.3
8/28/19 11:44,79.524,66.8,1896.2,69.3
8/28/19 11:44,79.524,66.9,1896.2,69.3
8/28/19 11:44,79.524,66.8,1896.2,69.3
8/28/19 11:44,79.524,66.9,1898.7,69.3
8/28/19 11:44,79.524,67,1898.7,69.3
8/28/19 11:44,79.524,67,1896.2,69.3
8/28/19 11:44,79.524,67,1901.2,69.3
8/28/19 11:44,79.524,67,1901.2,69.3
8/28/19 11:44,79.524,67,1901.2,69.3
8/28/19 11:44,79.524,67,1903.7,69.3
8/28/19 11:44,79.524,67.1,1903.7,69.3
8/28/19 11:44,79.524,67.1,1903.7,69.3
8/28/19 11:44,79.524,67.1,1906.2,69.3
8/28/19 11:44,79.524,67.1,1908.7,69.3
8/28/19 11:44,79.524,67.2,1903.7,69.3
8/28/19 11:44,79.567,67.2,1903.7,69.3
8/28/19 11:44,79.524,67.3,1908.7,69.3
8/28/19 11:44,79.524,67.4,1906.2,69.3
8/28/19 11:44,79.567,67.4,1906.2,69.3
8/28/19 11:44,79.567,67.3,1906.2,69.3
8/28/19 11:44,79.567,67.4,1908.7,69.3
8/28/19 11:44,79.567,67.4,1908.7,69.3
8/28/19 11:44,79.567,67.5,1911.2,69.3
8/28/19 11:44,79.567,67.7,1911.2,69.3
8/28/19 11:44,79.567,67.8,1913.7,69.3
8/28/19 11:44,79.567,67.8,1913.7,69.3
8/28/19 11:44,79.567,68,1911.2,69.3
8/28/19 11:44,79.567,68.1,1913.7,69.3
8/28/19 11:44,79.612,68.1,1913.7,69.3
8/28/19 11:44,79.612,68.1,1916.2,69.3
8/28/19 11:45,79.612,68.1,1921.2,69.3
8/28/19 11:45,79.612,68.2,1916.2,69.3
8/28/19 11:45,79.612,68.2,1921.2,69.3
8/28/19 11:45,79.612,68.3,1921.2,69.343
8/28/19 11:45,79.655,68.3,1926.2,69.3
8/28/19 11:45,79.655,68.4,1921.2,69.3
8/28/19 11:45,79.655,68.5,1923.7,69.343
8/28/19 11:45,79.655,68.6,1923.7,69.343
8/28/19 11:45,79.655,68.7,1921.2,69.3
8/28/19 11:45,79.655,68.6,1923.7,69.343
8/28/19 11:45,79.7,68.7,1923.7,69.3
8/28/19 11:45,79.7,68.7,1926.2,69.343
8/28/19 11:45,79.7,68.7,1926.2,69.343
8/28/19 11:45,79.7,68.8,1926.2,69.3
8/28/19 11:45,79.7,68.8,1926.2,69.343
8/28/19 11:45,79.743,68.8,1926.2,69.343
8/28/19 11:45,79.743,68.8,1926.2,69.343
8/28/19 11:45,79.743,68.8,1928.7,69.343
8/28/19 11:45,79.743,68.7,1928.7,69.343
8/28/19 11:45,79.788,68.7,1928.7,69.343
8/28/19 11:45,79.788,68.6,1928.7,69.3
8/28/19 11:45,79.788,68.6,1928.7,69.343
8/28/19 11:45,79.788,68.7,1928.7,69.343
8/28/19 11:45,79.788,68.7,1931.2,69.343
8/28/19 11:45,79.788,68.6,1933.7,69.343
8/28/19 11:45,79.831,68.7,1931.2,69.343
8/28/19 11:45,79.831,68.7,1931.2,69.343
8/28/19 11:45,79.831,68.7,1931.2,69.343
8/28/19 11:45,79.831,68.7,1933.7,69.343
8/28/19 11:45,79.831,68.6,1933.7,69.343
8/28/19 11:45,79.831,68.6,1933.7,69.343
8/28/19 11:45,79.876,68.5,1933.7,69.343
8/28/19 11:45,79.876,68.4,1938.7,69.343
8/28/19 11:45,79.876,68.3,1941.2,69.343
8/28/19 11:45,79.876,68.3,1936.2,69.343
8/28/19 11:45,79.876,68.2,1938.7,69.343
8/28/19 11:45,79.876,68.1,1941.2,69.343
8/28/19 11:45,79.876,68,1941.2,69.343
8/28/19 11:45,79.876,68,1938.7,69.343
8/28/19 11:45,79.876,68,1938.7,69.343
8/28/19 11:45,79.92,68,1943.7,69.343
8/28/19 11:45,79.92,68,1938.7,69.343
8/28/19 11:45,79.92,68,1941.2,69.343
8/28/19 11:45,79.92,68,1941.2,69.343
8/28/19 11:45,79.92,68.1,1948.7,69.343
8/28/19 11:45,79.92,68.2,1941.2,69.343
8/28/19 11:45,79.92,68.3,1943.7,69.343
8/28/19 11:45,79.963,68.3,1943.7,69.343
8/28/19 11:45,79.963,68.3,1946.2,69.343
8/28/19 11:45,79.963,68.4,1951.2,69.343
8/28/19 11:45,79.963,68.5,1946.2,69.343
8/28/19 11:45,79.963,68.5,1946.2,69.343
8/28/19 11:45,79.963,68.6,1946.2,69.343
8/28/19 11:45,79.963,68.4,1946.2,69.343
8/28/19 11:45,80.008,68.2,1948.7,69.343
8/28/19 11:45,80.008,67.9,1941.2,69.343
8/28/19 11:45,80.008,67.6,1948.7,69.343
8/28/19 11:45,80.008,67.4,1948.7,69.343
8/28/19 11:45,80.008,67.3,1948.7,69.343
8/28/19 11:45,80.008,67.1,1951.2,69.343
8/28/19 11:46,80.008,66.9,1948.7,69.343
8/28/19 11:46,80.008,66.8,1951.2,69.343
8/28/19 11:46,80.008,66.6,1948.7,69.343
8/28/19 11:46,80.008,66.5,1948.7,69.343
8/28/19 11:46,80.008,66.4,1948.7,69.343
8/28/19 11:46,80.008,66.5,1948.7,69.343
8/28/19 11:46,79.963,66.4,1946.2,69.343
8/28/19 11:46,79.963,66.4,1948.7,69.343
8/28/19 11:46,79.963,66.4,1946.2,69.343
8/28/19 11:46,79.963,66.4,1948.7,69.343
8/28/19 11:46,79.963,66.4,1951.2,69.343
8/28/19 11:46,79.963,66.4,1948.7,69.343
8/28/19 11:46,79.963,66.5,1946.2,69.343
8/28/19 11:46,79.92,66.4,1946.2,69.343
8/28/19 11:46,79.92,66.4,1946.2,69.343
8/28/19 11:46,79.92,66.3,1946.2,69.343
8/28/19 11:46,79.92,66.2,1946.2,69.343
8/28/19 11:46,79.92,66.1,1951.2,69.343
8/28/19 11:46,79.92,66.1,1948.7,69.343
8/28/19 11:46,79.876,66,1946.2,69.343
8/28/19 11:46,79.876,66,1946.2,69.343
8/28/19 11:46,79.876,66.1,1943.7,69.343
8/28/19 11:46,79.876,66.2,1941.2,69.343
8/28/19 11:46,79.831,66.1,1946.2,69.343
8/28/19 11:46,79.831,66,1943.7,69.343
8/28/19 11:46,79.831,66,1943.7,69.343
8/28/19 11:46,79.831,65.9,1946.2,69.343
8/28/19 11:46,79.831,65.7,1946.2,69.343
8/28/19 11:46,79.788,65.6,1948.7,69.343
8/28/19 11:46,79.788,65.5,1951.2,69.343
8/28/19 11:46,79.788,65.5,1953.7,69.343
8/28/19 11:46,79.743,65.4,1951.2,69.343
8/28/19 11:46,79.743,65.4,1951.2,69.343
8/28/19 11:46,79.743,65.4,1951.2,69.343
8/28/19 11:46,79.7,65.5,1948.7,69.343
8/28/19 11:46,79.7,65.5,1951.2,69.343
8/28/19 11:46,79.7,65.5,1948.7,69.343
8/28/19 11:46,79.655,65.6,1951.2,69.343
8/28/19 11:46,79.655,65.6,1953.7,69.343
8/28/19 11:46,79.655,65.6,1953.7,69.343
8/28/19 11:46,79.655,65.6,1953.7,69.343
8/28/19 11:46,79.612,65.6,1951.2,69.343
8/28/19 11:46,79.612,65.6,1958.7,69.343
8/28/19 11:46,79.612,65.6,1963.7,69.343
8/28/19 11:46,79.612,65.6,1968.7,69.343
8/28/19 11:46,79.567,65.6,1966.2,69.343
8/28/19 11:46,79.567,65.7,1963.7,69.343
8/28/19 11:46,79.567,65.9,1966.2,69.343
8/28/19 11:46,79.567,66,1963.7,69.386
8/28/19 11:46,79.524,66,1958.7,69.343
8/28/19 11:46,79.524,66.1,1958.7,69.386
8/28/19 11:46,79.524,66.2,1958.7,69.343
8/28/19 11:46,79.524,66.4,1956.2,69.343
8/28/19 11:46,79.524,66.5,1953.7,69.386
8/28/19 11:46,79.524,66.6,1948.7,69.343
8/28/19 11:46,79.524,66.7,1951.2,69.386
8/28/19 11:46,79.524,66.7,1951.2,69.343
8/28/19 11:46,79.524,66.8,1951.2,69.343
8/28/19 11:46,79.524,66.8,1948.7,69.343
8/28/19 11:46,79.524,66.8,1946.2,69.343
8/28/19 11:47,79.524,66.7,1943.7,69.386
8/28/19 11:47,79.524,66.7,1946.2,69.386
8/28/19 11:47,79.524,66.8,1946.2,69.386
8/28/19 11:47,79.524,66.9,1948.7,69.386
8/28/19 11:47,79.524,66.9,1943.7,69.386
8/28/19 11:47,79.524,67,1938.7,69.386
8/28/19 11:47,79.524,67,1926.2,69.386
8/28/19 11:47,79.524,67,1921.2,69.386
8/28/19 11:47,79.524,67,1923.7,69.386
8/28/19 11:47,79.524,66.9,1928.7,69.386
8/28/19 11:47,79.524,66.9,1933.7,69.386
8/28/19 11:47,79.524,66.9,1933.7,69.386
8/28/19 11:47,79.524,66.9,1933.7,69.386
8/28/19 11:47,79.524,66.8,1933.7,69.386
8/28/19 11:47,79.524,66.9,1936.2,69.386
8/28/19 11:47,79.524,66.8,1936.2,69.386
8/28/19 11:47,79.524,66.7,1941.2,69.386
8/28/19 11:47,79.524,66.7,1943.7,69.386
8/28/19 11:47,79.524,66.7,1943.7,69.386
8/28/19 11:47,79.524,66.6,1946.2,69.386
8/28/19 11:47,79.524,66.6,1946.2,69.386
8/28/19 11:47,79.524,66.6,1948.7,69.386
8/28/19 11:47,79.524,66.6,1951.2,69.386
8/28/19 11:47,79.524,66.6,1951.2,69.386
8/28/19 11:47,79.524,66.7,1953.7,69.386
8/28/19 11:47,79.524,66.6,1951.2,69.386
8/28/19 11:47,79.524,66.6,1948.7,69.386
8/28/19 11:47,79.524,66.6,1946.2,69.386
8/28/19 11:47,79.524,66.5,1946.2,69.386
8/28/19 11:47,79.524,66.4,1941.2,69.386
8/28/19 11:47,79.524,66.4,1943.7,69.386
8/28/19 11:47,79.524,66.4,1946.2,69.386
8/28/19 11:47,79.524,66.4,1946.2,69.386
8/28/19 11:47,79.524,66.3,1946.2,69.386
8/28/19 11:47,79.48,66.4,1948.7,69.386
8/28/19 11:47,79.48,66.4,1951.2,69.386
8/28/19 11:47,79.48,66.5,1948.7,69.386
8/28/19 11:47,79.48,66.5,1951.2,69.386
8/28/19 11:47,79.48,66.4,1953.7,69.386
8/28/19 11:47,79.48,66.5,1953.7,69.386
8/28/19 11:47,79.48,66.3,1951.2,69.386
8/28/19 11:47,79.48,66.2,1961.2,69.386
8/28/19 11:47,79.48,66.1,1963.7,69.386
8/28/19 11:47,79.48,65.9,1958.7,69.386
8/28/19 11:47,79.48,65.8,1963.7,69.386
8/28/19 11:47,79.435,65.7,1963.7,69.386
8/28/19 11:47,79.435,65.6,1968.7,69.386
8/28/19 11:47,79.435,65.5,1971.2,69.386
8/28/19 11:47,79.435,65.4,1973.7,69.386
8/28/19 11:47,79.435,65.4,1973.7,69.386
8/28/19 11:47,79.392,65.3,1976.2,69.386
8/28/19 11:47,79.392,65.3,1976.2,69.386
8/28/19 11:47,79.392,65.2,1971.2,69.386
8/28/19 11:47,79.347,65.2,1971.2,69.386
8/28/19 11:47,79.347,65.1,1971.2,69.386
8/28/19 11:47,79.347,65.1,1973.7,69.386
8/28/19 11:47,79.347,65.2,1978.7,69.386
8/28/19 11:47,79.304,65.1,1981.2,69.386
8/28/19 11:47,79.304,65.1,1986.2,69.386
8/28/19 11:47,79.304,65.1,1983.7,69.386
8/28/19 11:48,79.261,65,1986.2,69.386
8/28/19 11:48,79.261,65,1986.2,69.386
8/28/19 11:48,79.261,65,1988.7,69.386
8/28/19 11:48,79.216,65,1991.2,69.386
8/28/19 11:48,79.216,65,1991.2,69.386
8/28/19 11:48,79.216,65,1993.7,69.386
8/28/19 11:48,79.173,65.2,1996.2,69.386
8/28/19 11:48,79.173,65.2,1998.7,69.386
8/28/19 11:48,79.173,65.4,1998.7,69.386
8/28/19 11:48,79.128,65.4,1998.7,69.386
8/28/19 11:48,79.128,65.5,1996.2,69.386
8/28/19 11:48,79.128,65.6,1998.7,69.386
8/28/19 11:48,79.128,65.7,1996.2,69.386
8/28/19 11:48,79.084,65.8,1996.2,69.386
8/28/19 11:48,79.084,65.8,1988.7,69.386
8/28/19 11:48,79.084,66,1986.2,69.386
8/28/19 11:48,79.084,66.1,1986.2,69.386
8/28/19 11:48,79.084,66.2,1983.7,69.427
8/28/19 11:48,79.084,66.3,1968.7,69.427
8/28/19 11:48,79.084,66.4,1963.7,69.386
8/28/19 11:48,79.084,66.3,1953.7,69.386
8/28/19 11:48,79.084,66.3,1946.2,69.427
8/28/19 11:48,79.084,66.2,1943.7,69.427
8/28/19 11:48,79.041,66,1941.2,69.427
8/28/19 11:48,79.041,65.9,1943.7,69.427
8/28/19 11:48,79.084,65.7,1941.2,69.427
8/28/19 11:48,79.041,65.6,1931.2,69.386
8/28/19 11:48,79.041,65.5,1928.7,69.427
8/28/19 11:48,79.041,65.5,1933.7,69.427
8/28/19 11:48,79.041,65.5,1953.7,69.427
8/28/19 11:48,79.041,65.5,1958.7,69.427
8/28/19 11:48,79.041,65.5,1961.2,69.427
8/28/19 11:48,79.041,65.5,1971.2,69.427
8/28/19 11:48,79.041,65.5,1978.7,69.427
8/28/19 11:48,78.996,65.6,1966.2,69.427
8/28/19 11:48,78.996,65.6,1956.2,69.427
8/28/19 11:48,78.996,65.6,1948.7,69.427
8/28/19 11:48,78.996,65.6,1941.2,69.427
8/28/19 11:48,78.996,65.6,1926.2,69.427
8/28/19 11:48,78.996,65.5,1911.2,69.427
8/28/19 11:48,78.996,65.5,1906.2,69.427
8/28/19 11:48,78.996,65.5,1903.7,69.427
8/28/19 11:48,78.996,65.5,1893.7,69.427
8/28/19 11:48,78.996,65.6,1873.7,69.427
8/28/19 11:48,78.996,65.7,1868.7,69.427
8/28/19 11:48,78.996,65.7,1871.2,69.427
8/28/19 11:48,78.953,65.8,1903.7,69.427
8/28/19 11:48,78.953,65.8,1918.7,69.427
8/28/19 11:48,78.953,65.9,1901.2,69.427
8/28/19 11:48,78.953,65.9,1868.7,69.427
8/28/19 11:48,78.953,66,1866.2,69.427
8/28/19 11:48,78.953,66,1883.7,69.427
8/28/19 11:48,78.953,66.1,1886.2,69.427
8/28/19 11:48,78.953,66.1,1858.7,69.427
8/28/19 11:48,78.953,66.2,1831.2,69.427
8/28/19 11:48,78.953,66.2,1826.2,69.427
8/28/19 11:48,78.953,66.1,1836.2,69.427
8/28/19 11:48,78.953,66.1,1798.7,69.427
8/28/19 11:48,78.953,66.1,1758.7,69.427
8/28/19 11:48,78.953,66.1,1723.7,69.427
8/28/19 11:49,78.953,66.2,1718.7,69.427
8/28/19 11:49,78.953,66.4,1731.2,69.427
8/28/19 11:49,78.953,66.3,1736.2,69.427
8/28/19 11:49,78.953,66.4,1726.2,69.427
8/28/19 11:49,78.953,66.4,1711.2,69.427
8/28/19 11:49,78.953,66.4,1686.2,69.427
8/28/19 11:49,78.953,66.4,1658.7,69.427
8/28/19 11:49,78.953,66.3,1636.2,69.427
8/28/19 11:49,78.953,66.3,1616.2,69.427
8/28/19 11:49,78.953,66.3,1608.7,69.427
8/28/19 11:49,78.953,66.2,1601.2,69.427
8/28/19 11:49,78.953,66,1606.2,69.427
8/28/19 11:49,78.91,65.9,1611.2,69.427
8/28/19 11:49,78.91,65.9,1638.7,69.427
8/28/19 11:49,78.91,65.8,1671.2,69.427
8/28/19 11:49,78.91,65.7,1693.7,69.427
8/28/19 11:49,78.91,65.6,1718.7,69.427
8/28/19 11:49,78.91,65.5,1738.7,69.427
8/28/19 11:49,78.91,65.4,1753.7,69.427
8/28/19 11:49,78.91,65.4,1756.2,69.427
8/28/19 11:49,78.91,65.4,1761.2,69.427
8/28/19 11:49,78.865,65.4,1766.2,69.427
8/28/19 11:49,78.865,65.4,1781.2,69.427
8/28/19 11:49,78.865,65.4,1781.2,69.427
8/28/19 11:49,78.865,65.3,1756.2,69.427
8/28/19 11:49,78.822,65.3,1736.2,69.427
8/28/19 11:49,78.822,65.4,1723.7,69.427
8/28/19 11:49,78.822,65.4,1703.7,69.427
8/28/19 11:49,78.822,65.5,1666.2,69.427
8/28/19 11:49,78.822,65.6,1626.2,69.427
8/28/19 11:49,78.822,65.7,1603.7,69.427
8/28/19 11:49,78.822,65.8,1613.7,69.427
8/28/19 11:49,78.777,65.8,1643.7,69.427
8/28/19 11:49,78.777,66,1693.7,69.427
8/28/19 11:49,78.777,66.2,1766.2,69.427
8/28/19 11:49,78.777,66.4,1841.2,69.427
8/28/19 11:49,78.777,66.5,1886.2,69.427
8/28/19 11:49,78.777,66.6,1893.7,69.427
8/28/19 11:49,78.777,66.7,1888.7,69.427
8/28/19 11:49,78.777,66.9,1876.2,69.427
8/28/19 11:49,78.777,67.1,1868.7,69.427
8/28/19 11:49,78.777,67.2,1868.7,69.427
8/28/19 11:49,78.777,67.4,1886.2,69.427
8/28/19 11:49,78.777,67.5,1911.2,69.427
8/28/19 11:49,78.822,67.5,1948.7,69.427
8/28/19 11:49,78.822,67.5,1978.7,69.427
8/28/19 11:49,78.822,67.5,1971.2,69.427
8/28/19 11:49,78.822,67.4,1928.7,69.427
8/28/19 11:49,78.822,67.4,1863.7,69.427
8/28/19 11:49,78.822,67.4,1786.2,69.427
8/28/19 11:49,78.822,67.2,1751.2,69.427
8/28/19 11:49,78.822,67.2,1816.2,69.427
8/28/19 11:49,78.822,67,1926.2,69.427
8/28/19 11:49,78.822,66.8,1971.2,69.427
8/28/19 11:49,78.822,66.7,1933.7,69.427
8/28/19 11:49,78.822,66.6,1853.7,69.427
8/28/19 11:49,78.822,66.5,1741.2,69.427
8/28/19 11:49,78.822,66.4,1706.2,69.427
8/28/19 11:49,78.822,66.4,1751.2,69.427
8/28/19 11:49,78.822,66.2,1801.2,69.427
8/28/19 11:50,78.822,66.1,1796.2,69.427
8/28/19 11:50,78.822,66,1778.7,69.427
8/28/19 11:50,78.822,66,1751.2,69.427
8/28/19 11:50,78.822,66,1713.7,69.427
8/28/19 11:50,78.822,66.1,1688.7,69.427
8/28/19 11:50,78.777,66.1,1701.2,69.427
8/28/19 11:50,78.777,66.1,1756.2,69.427
8/28/19 11:50,78.777,66.1,1778.7,69.427
8/28/19 11:50,78.777,66.1,1733.7,69.427
8/28/19 11:50,78.777,66.1,1643.7,69.427
8/28/19 11:50,78.777,66.2,1581.2,69.427
8/28/19 11:50,78.777,66.3,1608.7,69.427
8/28/19 11:50,78.777,66.3,1681.2,69.427
8/28/19 11:50,78.777,66.5,1756.2,69.427
8/28/19 11:50,78.777,66.6,1788.7,69.427
8/28/19 11:50,78.733,66.8,1758.7,69.427
8/28/19 11:50,78.733,66.7,1691.2,69.427
8/28/19 11:50,78.733,66.8,1658.7,69.427
8/28/19 11:50,78.733,66.8,1691.2,69.427
8/28/19 11:50,78.733,66.8,1731.2,69.427
8/28/19 11:50,78.733,66.8,1768.7,69.427
8/28/19 11:50,78.733,66.9,1788.7,69.427
8/28/19 11:50,78.733,66.9,1748.7,69.427
8/28/19 11:50,78.733,66.9,1683.7,69.427
8/28/19 11:50,78.733,66.9,1638.7,69.471
8/28/19 11:50,78.733,66.9,1686.2,69.427
8/28/19 11:50,78.733,67,1753.7,69.471
8/28/19 11:50,78.733,67,1786.2,69.427
8/28/19 11:50,78.777,67,1748.7,69.427
8/28/19 11:50,78.777,66.9,1656.2,69.471
8/28/19 11:50,78.777,66.8,1563.7,69.427
8/28/19 11:50,78.777,66.7,1526.2,69.427
8/28/19 11:50,78.777,66.5,1548.7,69.427
8/28/19 11:50,78.777,66.4,1573.7,69.427
8/28/19 11:50,78.777,66.4,1568.7,69.427
8/28/19 11:50,78.777,66.2,1561.2,69.471
8/28/19 11:50,78.733,66,1571.2,69.427
8/28/19 11:50,78.733,65.9,1583.7,69.471
8/28/19 11:50,78.733,65.9,1578.7,69.427
8/28/19 11:50,78.733,65.8,1581.2,69.471
8/28/19 11:50,78.733,65.8,1593.7,69.427
8/28/19 11:50,78.733,65.9,1588.7,69.471
8/28/19 11:50,78.733,65.9,1556.2,69.471
8/28/19 11:50,78.733,65.9,1526.2,69.427
8/28/19 11:50,78.733,65.8,1503.7,69.471
8/28/19 11:50,78.69,65.8,1481.2,69.471
8/28/19 11:50,78.69,65.7,1461.2,69.471
8/28/19 11:50,78.69,65.8,1468.7,69.471
8/28/19 11:50,78.69,65.8,1488.7,69.427
8/28/19 11:50,78.69,65.8,1483.7,69.471
8/28/19 11:50,78.69,65.8,1431.2,69.471
8/28/19 11:50,78.69,65.8,1373.7,69.427
8/28/19 11:50,78.645,65.8,1351.2,69.427
8/28/19 11:50,78.645,65.7,1376.2,69.471
8/28/19 11:50,78.645,65.6,1433.7,69.427
8/28/19 11:50,78.645,65.6,1473.7,69.471
8/28/19 11:50,78.645,65.5,1486.2,69.471
8/28/19 11:50,78.645,65.4,1471.2,69.471
8/28/19 11:50,78.645,65.4,1453.7,69.471
8/28/19 11:50,78.602,65.4,1456.2,69.471
8/28/19 11:51,78.602,65.4,1478.7,69.427
8/28/19 11:51,78.602,65.4,1526.2,69.471
8/28/19 11:51,78.602,65.4,1566.2,69.471
8/28/19 11:51,78.559,65.4,1586.2,69.427
8/28/19 11:51,78.559,65.5,1598.7,69.427
8/28/19 11:51,78.559,65.6,1606.2,69.471
8/28/19 11:51,78.559,65.7,1611.2,69.471
8/28/19 11:51,78.559,65.9,1603.7,69.471
8/28/19 11:51,78.559,66,1598.7,69.471
8/28/19 11:51,78.559,66.1,1626.2,69.471
8/28/19 11:51,78.559,66.3,1663.7,69.471
8/28/19 11:51,78.514,66.4,1681.2,69.471
8/28/19 11:51,78.514,66.6,1666.2,69.471
8/28/19 11:51,78.514,66.7,1683.7,69.471
8/28/19 11:51,78.514,66.7,1738.7,69.471
8/28/19 11:51,78.514,66.8,1793.7,69.471
8/28/19 11:51,78.559,66.9,1828.7,69.471
8/28/19 11:51,78.559,66.9,1866.2,69.471
8/28/19 11:51,78.559,67,1888.7,69.471
8/28/19 11:51,78.559,67,1898.7,69.471
8/28/19 11:51,78.559,66.9,1916.2,69.471
8/28/19 11:51,78.559,67,1918.7,69.471
8/28/19 11:51,78.559,67,1916.2,69.471
8/28/19 11:51,78.559,67,1911.2,69.471
8/28/19 11:51,78.559,67,1938.7,69.471
8/28/19 11:51,78.559,66.9,1963.7,69.471
8/28/19 11:51,78.559,66.8,1988.7,69.471
8/28/19 11:51,78.602,66.7,2003.7,69.471
8/28/19 11:51,78.602,66.5,2011.2,69.471
8/28/19 11:51,78.602,66.3,2008.7,69.471
8/28/19 11:51,78.602,66.2,1998.7,69.471
8/28/19 11:51,78.602,66.1,1986.2,69.471
8/28/19 11:51,78.602,66,1971.2,69.471
8/28/19 11:51,78.602,65.8,1963.7,69.471
8/28/19 11:51,78.602,65.9,1958.7,69.471
8/28/19 11:51,78.602,65.9,1953.7,69.471
8/28/19 11:51,78.602,65.9,1951.2,69.471
8/28/19 11:51,78.602,65.9,1951.2,69.471
8/28/19 11:51,78.602,66,1948.7,69.471
8/28/19 11:51,78.602,66.1,1948.7,69.471
8/28/19 11:51,78.602,66.1,1948.7,69.471
8/28/19 11:51,78.602,66.2,1946.2,69.471
8/28/19 11:51,78.602,66.2,1941.2,69.471
8/28/19 11:51,78.602,66.2,1943.7,69.471
8/28/19 11:51,78.602,66.2,1943.7,69.471
8/28/19 11:51,78.602,66.2,1941.2,69.471
8/28/19 11:51,78.602,66.3,1931.2,69.471
8/28/19 11:51,78.602,66.4,1923.7,69.471
8/28/19 11:51,78.602,66.3,1921.2,69.471
8/28/19 11:51,78.602,66.4,1923.7,69.471
8/28/19 11:51,78.602,66.5,1926.2,69.471
8/28/19 11:51,78.602,66.6,1926.2,69.471
8/28/19 11:51,78.602,66.7,1928.7,69.471
8/28/19 11:51,78.602,66.7,1926.2,69.471
8/28/19 11:51,78.602,66.7,1923.7,69.471
8/28/19 11:51,78.602,66.7,1916.2,69.471
8/28/19 11:51,78.602,66.6,1908.7,69.471
8/28/19 11:51,78.645,66.5,1901.2,69.471
8/28/19 11:51,78.645,66.3,1891.2,69.471
8/28/19 11:51,78.645,66.2,1883.7,69.471
8/28/19 11:52,78.645,66.1,1878.7,69.471
8/28/19 11:52,78.645,66,1881.2,69.471
8/28/19 11:52,78.645,65.8,1886.2,69.471
8/28/19 11:52,78.645,65.8,1886.2,69.471
8/28/19 11:52,78.645,65.8,1886.2,69.471
8/28/19 11:52,78.645,65.8,1881.2,69.471
8/28/19 11:52,78.645,65.8,1873.7,69.471
8/28/19 11:52,78.645,65.8,1876.2,69.471
8/28/19 11:52,78.645,65.8,1873.7,69.471
8/28/19 11:52,78.645,65.8,1871.2,69.471
8/28/19 11:52,78.645,65.8,1873.7,69.471
8/28/19 11:52,78.645,65.8,1878.7,69.471
8/28/19 11:52,78.645,65.8,1888.7,69.471
8/28/19 11:52,78.645,65.8,1893.7,69.471
8/28/19 11:52,78.645,65.8,1896.2,69.471
8/28/19 11:52,78.645,65.7,1896.2,69.471
8/28/19 11:52,78.645,65.7,1896.2,69.471
8/28/19 11:52,78.645,65.7,1901.2,69.471
8/28/19 11:52,78.645,65.8,1903.7,69.471
8/28/19 11:52,78.645,65.9,1908.7,69.471
8/28/19 11:52,78.69,65.9,1916.2,69.471
8/28/19 11:52,78.69,66,1928.7,69.471
8/28/19 11:52,78.69,66,1933.7,69.471
8/28/19 11:52,78.69,66,1936.2,69.471
8/28/19 11:52,78.69,66,1933.7,69.471
8/28/19 11:52,78.69,65.9,1933.7,69.471
8/28/19 11:52,78.69,65.9,1938.7,69.471
8/28/19 11:52,78.69,65.8,1943.7,69.471
8/28/19 11:52,78.69,65.7,1946.2,69.471
8/28/19 11:52,78.69,65.6,1958.7,69.471
8/28/19 11:52,78.733,65.5,1976.2,69.471
8/28/19 11:52,78.69,65.5,1996.2,69.471
8/28/19 11:52,78.733,65.5,2018.7,69.471
8/28/19 11:52,78.69,65.6,2036.2,69.471
8/28/19 11:52,78.733,65.6,2048.7,69.471
8/28/19 11:52,78.733,65.6,2051.2,69.471
8/28/19 11:52,78.733,65.6,2048.7,69.514
8/28/19 11:52,78.733,65.6,2038.7,69.471
8/28/19 11:52,78.733,65.6,2033.7,69.471
8/28/19 11:52,78.733,65.6,2023.7,69.471
8/28/19 11:52,78.733,65.5,2023.7,69.471
8/28/19 11:52,78.733,65.5,2018.7,69.471
8/28/19 11:52,78.733,65.6,2028.7,69.514
8/28/19 11:52,78.733,65.6,2038.7,69.514
8/28/19 11:52,78.733,65.7,2048.7,69.514
8/28/19 11:52,78.733,65.8,2048.7,69.471
8/28/19 11:52,78.733,65.9,2041.2,69.471
8/28/19 11:52,78.733,65.9,2041.2,69.471
8/28/19 11:52,78.733,66,2041.2,69.471
8/28/19 11:52,78.733,66.2,2038.7,69.471
8/28/19 11:52,78.777,66.3,2031.2,69.514
8/28/19 11:52,78.777,66.4,2033.7,69.514
8/28/19 11:52,78.777,66.5,2038.7,69.471
8/28/19 11:52,78.777,66.7,2043.7,69.514
8/28/19 11:52,78.777,66.7,2048.7,69.471
8/28/19 11:52,78.822,66.9,2038.7,69.514
8/28/19 11:52,78.822,67,2028.7,69.514
8/28/19 11:52,78.822,67,2018.7,69.514
8/28/19 11:52,78.822,67,2013.7,69.471
8/28/19 11:52,78.865,67,2013.7,69.514
8/28/19 11:53,78.865,67,2021.2,69.514
8/28/19 11:53,78.865,67,2011.2,69.514
8/28/19 11:53,78.91,67,1996.2,69.514
8/28/19 11:53,78.91,67,1991.2,69.514
8/28/19 11:53,78.91,67,1996.2,69.514
8/28/19 11:53,78.953,67,2013.7,69.514
8/28/19 11:53,78.953,66.9,2023.7,69.514
8/28/19 11:53,78.953,66.8,2021.2,69.471
8/28/19 11:53,78.953,66.8,1988.7,69.514
8/28/19 11:53,78.996,66.8,1946.2,69.514
8/28/19 11:53,78.996,66.8,1916.2,69.514
8/28/19 11:53,78.996,66.9,1908.7,69.514
8/28/19 11:53,78.996,66.9,1911.2,69.514
8/28/19 11:53,79.041,66.9,1911.2,69.514
8/28/19 11:53,79.041,67,1918.7,69.514
8/28/19 11:53,79.041,67,1921.2,69.514
8/28/19 11:53,79.041,67.1,1898.7,69.514
8/28/19 11:53,79.084,67.1,1866.2,69.514
8/28/19 11:53,79.084,67.1,1846.2,69.514
8/28/19 11:53,79.084,67.2,1838.7,69.514
8/28/19 11:53,79.128,67.2,1821.2,69.514
8/28/19 11:53,79.128,67.2,1841.2,69.514
8/28/19 11:53,79.128,67.2,1873.7,69.514
8/28/19 11:53,79.128,67.3,1893.7,69.514
8/28/19 11:53,79.173,67.3,1886.2,69.514
8/28/19 11:53,79.173,67.3,1896.2,69.514
8/28/19 11:53,79.173,67.3,1911.2,69.514
8/28/19 11:53,79.216,67.4,1921.2,69.514
8/28/19 11:53,79.216,67.4,1923.7,69.514
8/28/19 11:53,79.216,67.4,1913.7,69.514
8/28/19 11:53,79.261,67.4,1896.2,69.514
8/28/19 11:53,79.261,67.4,1871.2,69.514
8/28/19 11:53,79.261,67.4,1848.7,69.514
8/28/19 11:53,79.304,67.2,1833.7,69.514
8/28/19 11:53,79.304,67.1,1838.7,69.514
8/28/19 11:53,79.304,67,1851.2,69.514
8/28/19 11:53,79.304,66.8,1858.7,69.514
8/28/19 11:53,79.347,66.8,1886.2,69.514
8/28/19 11:53,79.347,66.6,1933.7,69.514
8/28/19 11:53,79.347,66.5,1968.7,69.514
8/28/19 11:53,79.392,66.3,2008.7,69.514
8/28/19 11:53,79.392,66.1,2041.2,69.514
8/28/19 11:53,79.392,65.9,2058.7,69.514
8/28/19 11:53,79.392,65.6,2056.2,69.514
8/28/19 11:53,79.392,65.4,2036.2,69.514
8/28/19 11:53,79.392,65.2,2006.2,69.514
8/28/19 11:53,79.392,65,1971.2,69.514
8/28/19 11:53,79.392,65,1936.2,69.514
8/28/19 11:53,79.435,64.8,1896.2,69.514
8/28/19 11:53,79.435,64.7,1858.7,69.514
8/28/19 11:53,79.435,64.7,1843.7,69.514
8/28/19 11:53,79.435,64.8,1846.2,69.514
8/28/19 11:53,79.392,64.8,1871.2,69.514
8/28/19 11:53,79.435,65,1896.2,69.514
8/28/19 11:53,79.435,65,1916.2,69.514
8/28/19 11:53,79.392,65.2,1916.2,69.514
8/28/19 11:53,79.435,65.3,1906.2,69.514
8/28/19 11:53,79.435,65.5,1888.7,69.514
8/28/19 11:53,79.435,65.6,1868.7,69.514
8/28/19 11:53,79.435,65.8,1841.2,69.514
8/28/19 11:54,79.435,65.9,1811.2,69.514
8/28/19 11:54,79.435,65.9,1763.7,69.514
8/28/19 11:54,79.435,66,1718.7,69.514
8/28/19 11:54,79.435,66.1,1673.7,69.514
8/28/19 11:54,79.435,66.1,1633.7,69.514
8/28/19 11:54,79.435,66.2,1603.7,69.514
8/28/19 11:54,79.48,66.2,1598.7,69.514
8/28/19 11:54,79.48,66.1,1608.7,69.514
8/28/19 11:54,79.48,66,1636.2,69.514
8/28/19 11:54,79.48,65.8,1661.2,69.514
8/28/19 11:54,79.48,65.7,1686.2,69.514
8/28/19 11:54,79.48,65.7,1688.7,69.514
8/28/19 11:54,79.48,65.6,1673.7,69.514
8/28/19 11:54,79.48,65.7,1648.7,69.514
8/28/19 11:54,79.48,65.7,1636.2,69.514
8/28/19 11:54,79.524,65.7,1641.2,69.514
8/28/19 11:54,79.524,65.8,1633.7,69.514
8/28/19 11:54,79.524,65.8,1616.2,69.514
8/28/19 11:54,79.524,65.7,1603.7,69.514
8/28/19 11:54,79.524,65.7,1591.2,69.514
8/28/19 11:54,79.524,65.6,1583.7,69.514
8/28/19 11:54,79.524,65.6,1591.2,69.514
8/28/19 11:54,79.524,65.6,1611.2,69.514
8/28/19 11:54,79.524,65.6,1628.7,69.514
8/28/19 11:54,79.524,65.5,1646.2,69.514
8/28/19 11:54,79.524,65.4,1646.2,69.514
8/28/19 11:54,79.524,65.4,1631.2,69.514
8/28/19 11:54,79.524,65.3,1626.2,69.514
8/28/19 11:54,79.524,65.3,1623.7,69.514
8/28/19 11:54,79.524,65.3,1628.7,69.514
8/28/19 11:54,79.524,65.2,1653.7,69.514
8/28/19 11:54,79.524,65.2,1668.7,69.514
8/28/19 11:54,79.524,65,1668.7,69.514
8/28/19 11:54,79.524,65,1658.7,69.514
8/28/19 11:54,79.524,64.8,1651.2,69.514
8/28/19 11:54,79.524,64.7,1643.7,69.514
8/28/19 11:54,79.524,64.5,1646.2,69.514
8/28/19 11:54,79.524,64.6,1661.2,69.514
8/28/19 11:54,79.524,64.5,1666.2,69.514
8/28/19 11:54,79.524,64.4,1668.7,69.514
8/28/19 11:54,79.524,64.3,1673.7,69.514
8/28/19 11:54,79.524,64.2,1666.2,69.514
8/28/19 11:54,79.48,64.1,1643.7,69.514
8/28/19 11:54,79.48,64.1,1626.2,69.557
8/28/19 11:54,79.48,64,1616.2,69.557
8/28/19 11:54,79.48,63.9,1623.7,69.514
8/28/19 11:54,79.48,63.7,1643.7,69.514
8/28/19 11:54,79.435,63.6,1671.2,69.514
8/28/19 11:54,79.435,63.5,1693.7,69.557
8/28/19 11:54,79.435,63.4,1728.7,69.557
8/28/19 11:54,79.392,63.5,1776.2,69.557
8/28/19 11:54,79.392,63.5,1806.2,69.514
8/28/19 11:54,79.392,63.6,1813.7,69.557
8/28/19 11:54,79.392,63.6,1816.2,69.557
8/28/19 11:54,79.392,63.7,1826.2,69.557
8/28/19 11:54,79.392,63.8,1818.7,69.557
8/28/19 11:54,79.347,64,1813.7,69.514
8/28/19 11:54,79.347,64,1813.7,69.557
8/28/19 11:54,79.347,64.1,1818.7,69.514
8/28/19 11:54,79.347,64.2,1776.2,69.514
8/28/19 11:55,79.347,64.2,1708.7,69.557
8/28/19 11:55,79.304,64.2,1633.7,69.557
8/28/19 11:55,79.304,64.2,1576.2,69.557
8/28/19 11:55,79.304,64.2,1546.2,69.557
8/28/19 11:55,79.304,64.3,1541.2,69.557
8/28/19 11:55,79.304,64.4,1541.2,69.557
8/28/19 11:55,79.304,64.6,1548.7,69.557
8/28/19 11:55,79.304,64.6,1561.2,69.557
8/28/19 11:55,79.304,64.7,1573.7,69.557
8/28/19 11:55,79.261,64.8,1591.2,69.557
8/28/19 11:55,79.261,64.8,1568.7,69.557
8/28/19 11:55,79.261,64.9,1516.2,69.557
8/28/19 11:55,79.261,65,1471.2,69.557
8/28/19 11:55,79.261,65,1476.2,69.557
8/28/19 11:55,79.261,65.2,1508.7,69.557
8/28/19 11:55,79.261,65.3,1526.2,69.557
8/28/19 11:55,79.261,65.4,1521.2,69.557
8/28/19 11:55,79.261,65.5,1478.7,69.557
8/28/19 11:55,79.261,65.5,1433.7,69.557
8/28/19 11:55,79.261,65.6,1381.2,69.557
8/28/19 11:55,79.261,65.7,1328.7,69.557
8/28/19 11:55,79.261,65.7,1298.7,69.557
8/28/19 11:55,79.261,65.7,1288.7,69.557
8/28/19 11:55,79.261,65.6,1278.7,69.557
8/28/19 11:55,79.261,65.6,1261.2,69.557
8/28/19 11:55,79.261,65.6,1241.2,69.557
8/28/19 11:55,79.261,65.6,1226.2,69.557
8/28/19 11:55,79.261,65.6,1216.2,69.557
8/28/19 11:55,79.261,65.7,1213.7,69.557
8/28/19 11:55,79.261,65.7,1211.2,69.557
8/28/19 11:55,79.261,65.7,1208.7,69.557
8/28/19 11:55,79.261,65.6,1191.2,69.557
8/28/19 11:55,79.261,65.6,1171.2,69.557
8/28/19 11:55,79.261,65.4,1156.2,69.557
8/28/19 11:55,79.261,65.2,1148.7,69.557
8/28/19 11:55,79.216,64.9,1151.2,69.557
8/28/19 11:55,79.216,64.8,1153.7,69.557
8/28/19 11:55,79.216,64.6,1151.2,69.557
8/28/19 11:55,79.216,64.5,1148.7,69.557
8/28/19 11:55,79.216,64.5,1148.7,69.557
8/28/19 11:55,79.216,64.4,1148.7,69.557
8/28/19 11:55,79.216,64.4,1148.7,69.557
8/28/19 11:55,79.216,64.5,1148.7,69.557
8/28/19 11:55,79.173,64.5,1156.2,69.557
8/28/19 11:55,79.173,64.5,1161.2,69.557
8/28/19 11:55,79.173,64.5,1161.2,69.557
8/28/19 11:55,79.173,64.4,1156.2,69.557
8/28/19 11:55,79.173,64.4,1151.2,69.557
8/28/19 11:55,79.128,64.4,1146.2,69.557
8/28/19 11:55,79.128,64.3,1143.7,69.557
8/28/19 11:55,79.128,64.3,1141.2,69.557
8/28/19 11:55,79.128,64.2,1136.2,69.557
8/28/19 11:55,79.128,64.2,1126.2,69.557
8/28/19 11:55,79.084,64.1,1113.7,69.557
8/28/19 11:55,79.084,64.1,1106.2,69.557
8/28/19 11:55,79.084,64.1,1111.2,69.557
8/28/19 11:55,79.084,64,1118.7,69.557
8/28/19 11:55,79.041,64.1,1118.7,69.557
8/28/19 11:55,79.041,64.1,1111.2,69.557
8/28/19 11:55,79.041,64.2,1098.7,69.557
8/28/19 11:56,79.041,64.2,1088.7,69.557
8/28/19 11:56,78.996,64.2,1088.7,69.557
8/28/19 11:56,78.996,64.3,1093.7,69.557
8/28/19 11:56,78.996,64.4,1096.2,69.557
8/28/19 11:56,78.996,64.5,1093.7,69.557
8/28/19 11:56,78.953,64.6,1091.2,69.557
8/28/19 11:56,78.953,64.7,1093.7,69.557
8/28/19 11:56,78.953,64.9,1103.7,69.557
8/28/19 11:56,78.953,64.9,1113.7,69.6
8/28/19 11:56,78.953,64.9,1118.7,69.557
8/28/19 11:56,78.953,65,1121.2,69.557
8/28/19 11:56,78.91,65,1118.7,69.557
8/28/19 11:56,78.91,65.1,1118.7,69.557
8/28/19 11:56,78.91,65.1,1126.2,69.557
8/28/19 11:56,78.91,65.1,1133.7,69.557
8/28/19 11:56,78.91,65.1,1151.2,69.557
8/28/19 11:56,78.91,65.2,1168.7,69.557
8/28/19 11:56,78.91,65.2,1188.7,69.557
8/28/19 11:56,78.91,65.3,1206.2,69.557
8/28/19 11:56,78.91,65.3,1231.2,69.557
8/28/19 11:56,78.91,65.3,1253.7,69.557
8/28/19 11:56,78.91,65.2,1263.7,69.557
8/28/19 11:56,78.91,65.2,1256.2,69.557
8/28/19 11:56,78.91,65.2,1246.2,69.6
8/28/19 11:56,78.865,65.2,1246.2,69.557
8/28/19 11:56,78.865,65.3,1266.2,69.6
8/28/19 11:56,78.865,65.4,1286.2,69.557
8/28/19 11:56,78.865,65.4,1308.7,69.6
8/28/19 11:56,78.865,65.4,1323.7,69.557
8/28/19 11:56,78.865,65.4,1338.7,69.6
8/28/19 11:56,78.865,65.5,1341.2,69.6
8/28/19 11:56,78.865,65.5,1336.2,69.557
8/28/19 11:56,78.865,65.4,1333.7,69.557
8/28/19 11:56,78.865,65.3,1338.7,69.6
8/28/19 11:56,78.865,65.1,1341.2,69.557
8/28/19 11:56,78.865,65,1346.2,69.557
8/28/19 11:56,78.865,64.9,1343.7,69.6
8/28/19 11:56,78.865,64.9,1351.2,69.557
8/28/19 11:56,78.865,64.9,1353.7,69.6
8/28/19 11:56,78.865,64.7,1371.2,69.557
8/28/19 11:56,78.865,64.7,1383.7,69.557
8/28/19 11:56,78.822,64.6,1383.7,69.557
8/28/19 11:56,78.822,64.6,1363.7,69.557
8/28/19 11:56,78.822,64.5,1338.7,69.6
8/28/19 11:56,78.822,64.5,1336.2,69.6
8/28/19 11:56,78.822,64.6,1341.2,69.557
8/28/19 11:56,78.822,64.6,1356.2,69.6
8/28/19 11:56,78.822,64.7,1373.7,69.6
8/28/19 11:56,78.822,64.9,1391.2,69.6
8/28/19 11:56,78.822,64.9,1403.7,69.557
8/28/19 11:56,78.822,64.9,1416.2,69.557
8/28/19 11:56,78.822,64.9,1413.7,69.6
8/28/19 11:56,78.822,64.9,1408.7,69.6
8/28/19 11:56,78.777,64.9,1403.7,69.6
8/28/19 11:56,78.777,64.9,1396.2,69.6
8/28/19 11:56,78.777,64.9,1393.7,69.6
8/28/19 11:56,78.777,64.9,1426.2,69.6
8/28/19 11:56,78.777,64.9,1478.7,69.6
8/28/19 11:56,78.777,64.9,1516.2,69.6
8/28/19 11:56,78.777,64.9,1531.2,69.6
8/28/19 11:57,78.777,65,1526.2,69.6
8/28/19 11:57,78.777,65,1508.7,69.6
8/28/19 11:57,78.777,64.9,1496.2,69.6
8/28/19 11:57,78.777,65,1501.2,69.6
8/28/19 11:57,78.777,65,1516.2,69.6
8/28/19 11:57,78.777,65.1,1526.2,69.6
8/28/19 11:57,78.777,65.1,1543.7,69.6
8/28/19 11:57,78.777,65.1,1556.2,69.6
8/28/19 11:57,78.777,65.1,1563.7,69.6
8/28/19 11:57,78.777,65.2,1556.2,69.6
8/28/19 11:57,78.777,65.2,1541.2,69.6
8/28/19 11:57,78.777,65.3,1528.7,69.6
8/28/19 11:57,78.777,65.4,1528.7,69.6
8/28/19 11:57,78.777,65.4,1533.7,69.6
8/28/19 11:57,78.777,65.4,1538.7,69.6
8/28/19 11:57,78.777,65.4,1546.2,69.6
8/28/19 11:57,78.777,65.5,1561.2,69.6
8/28/19 11:57,78.777,65.6,1586.2,69.6
8/28/19 11:57,78.777,65.7,1611.2,69.6
8/28/19 11:57,78.777,65.8,1633.7,69.6
8/28/19 11:57,78.777,65.8,1636.2,69.6
8/28/19 11:57,78.822,65.8,1631.2,69.6
8/28/19 11:57,78.777,65.7,1623.7,69.6
8/28/19 11:57,78.822,65.6,1616.2,69.6
8/28/19 11:57,78.822,65.5,1613.7,69.6
8/28/19 11:57,78.822,65.4,1611.2,69.6
8/28/19 11:57,78.822,65.3,1611.2,69.6
8/28/19 11:57,78.822,65.2,1608.7,69.6
8/28/19 11:57,78.822,65.1,1616.2,69.6
8/28/19 11:57,78.822,65.1,1618.7,69.6
8/28/19 11:57,78.822,65.1,1616.2,69.6
8/28/19 11:57,78.822,65.2,1596.2,69.6
8/28/19 11:57,78.822,65.2,1576.2,69.6
8/28/19 11:57,78.822,65.2,1576.2,69.6
8/28/19 11:57,78.822,65.2,1591.2,69.6
8/28/19 11:57,78.822,65.1,1608.7,69.6
8/28/19 11:57,78.822,65,1616.2,69.6
8/28/19 11:57,78.822,65,1608.7,69.6
8/28/19 11:57,78.822,64.9,1598.7,69.6
8/28/19 11:57,78.822,64.9,1593.7,69.6
8/28/19 11:57,78.822,64.9,1596.2,69.6
8/28/19 11:57,78.822,64.8,1603.7,69.6
8/28/19 11:57,78.822,64.7,1616.2,69.6
8/28/19 11:57,78.822,64.7,1626.2,69.6
8/28/19 11:57,78.822,64.7,1638.7,69.6
8/28/19 11:57,78.822,64.6,1643.7,69.6
8/28/19 11:57,78.822,64.5,1638.7,69.6
8/28/19 11:57,78.822,64.4,1638.7,69.6
8/28/19 11:57,78.822,64.4,1643.7,69.6
8/28/19 11:57,78.822,64.4,1646.2,69.6
8/28/19 11:57,78.822,64.3,1643.7,69.6
8/28/19 11:57,78.822,64.3,1641.2,69.6
8/28/19 11:57,78.822,64.2,1638.7,69.6
8/28/19 11:57,78.822,64.1,1638.7,69.6
8/28/19 11:57,78.822,64.1,1636.2,69.6
8/28/19 11:57,78.822,64,1631.2,69.6
8/28/19 11:57,78.822,64,1628.7,69.6
8/28/19 11:57,78.822,64,1626.2,69.6
8/28/19 11:57,78.822,64,1631.2,69.6
8/28/19 11:57,78.822,64,1633.7,69.6
8/28/19 11:58,78.777,64,1638.7,69.6
8/28/19 11:58,78.777,64,1641.2,69.6
8/28/19 11:58,78.777,64,1643.7,69.6
8/28/19 11:58,78.777,64.1,1638.7,69.6
8/28/19 11:58,78.777,64.1,1631.2,69.6
8/28/19 11:58,78.777,64.2,1628.7,69.6
8/28/19 11:58,78.777,64.1,1633.7,69.6
8/28/19 11:58,78.777,64.2,1638.7,69.6
8/28/19 11:58,78.777,64.2,1646.2,69.6
8/28/19 11:58,78.777,64.1,1658.7,69.6
8/28/19 11:58,78.777,64.1,1663.7,69.6
8/28/19 11:58,78.777,64.2,1668.7,69.6
8/28/19 11:58,78.777,64.2,1671.2,69.6
8/28/19 11:58,78.777,64.3,1673.7,69.6
8/28/19 11:58,78.777,64.4,1668.7,69.6
8/28/19 11:58,78.777,64.4,1661.2,69.6
8/28/19 11:58,78.777,64.5,1658.7,69.6
8/28/19 11:58,78.777,64.5,1651.2,69.6
8/28/19 11:58,78.777,64.6,1641.2,69.6
8/28/19 11:58,78.777,64.7,1636.2,69.6
8/28/19 11:58,78.777,64.8,1628.7,69.6
8/28/19 11:58,78.822,64.9,1621.2,69.6
8/28/19 11:58,78.822,64.9,1603.7,69.6
8/28/19 11:58,78.822,64.9,1571.2,69.6
8/28/19 11:58,78.822,64.9,1536.2,69.6
8/28/19 11:58,78.822,64.9,1503.7,69.6
8/28/19 11:58,78.822,64.9,1486.2,69.6
8/28/19 11:58,78.822,65.1,1471.2,69.6
8/28/19 11:58,78.822,65.2,1456.2,69.6
8/28/19 11:58,78.822,65.3,1438.7,69.6
8/28/19 11:58,78.822,65.4,1421.2,69.6
8/28/19 11:58,78.822,65.5,1401.2,69.6
8/28/19 11:58,78.865,65.6,1378.7,69.6
8/28/19 11:58,78.865,65.7,1361.2,69.6
8/28/19 11:58,78.865,65.8,1356.2,69.6
8/28/19 11:58,78.865,65.9,1353.7,69.6
8/28/19 11:58,78.865,65.9,1351.2,69.6
8/28/19 11:58,78.865,66,1351.2,69.6
8/28/19 11:58,78.91,66.1,1353.7,69.6
8/28/19 11:58,78.91,66.2,1351.2,69.6
8/28/19 11:58,78.91,66.3,1346.2,69.6
8/28/19 11:58,78.91,66.4,1343.7,69.6
8/28/19 11:58,78.91,66.3,1338.7,69.6
8/28/19 11:58,78.91,66.4,1331.2,69.6
8/28/19 11:58,78.953,66.5,1326.2,69.6
8/28/19 11:58,78.953,66.5,1321.2,69.6
8/28/19 11:58,78.953,66.5,1313.7,69.6
8/28/19 11:58,78.953,66.4,1303.7,69.6
8/28/19 11:58,78.996,66.3,1298.7,69.643
8/28/19 11:58,78.996,66.3,1293.7,69.6
8/28/19 11:58,78.996,66.3,1286.2,69.6
8/28/19 11:58,78.996,66.3,1276.2,69.643
8/28/19 11:58,78.996,66.4,1263.7,69.6
8/28/19 11:58,78.996,66.3,1251.2,69.6
8/28/19 11:58,79.041,66.3,1241.2,69.6
8/28/19 11:58,79.041,66.4,1231.2,69.643
8/28/19 11:58,79.041,66.4,1223.7,69.643
8/28/19 11:58,79.041,66.5,1216.2,69.643
8/28/19 11:58,79.041,66.5,1211.2,69.6
8/28/19 11:58,79.041,66.5,1208.7,69.6
8/28/19 11:59,79.084,66.5,1203.7,69.643
8/28/19 11:59,79.084,66.5,1196.2,69.6
8/28/19 11:59,79.084,66.5,1186.2,69.643
8/28/19 11:59,79.084,66.5,1176.2,69.643
8/28/19 11:59,79.084,66.5,1166.2,69.643
8/28/19 11:59,79.084,66.3,1156.2,69.643
8/28/19 11:59,79.128,66.2,1148.7,69.643
8/28/19 11:59,79.128,66.1,1143.7,69.643
8/28/19 11:59,79.128,65.9,1141.2,69.643
8/28/19 11:59,79.128,65.9,1136.2,69.643
8/28/19 11:59,79.128,65.8,1136.2,69.643
8/28/19 11:59,79.128,65.6,1133.7,69.643
8/28/19 11:59,79.128,65.5,1131.2,69.643
8/28/19 11:59,79.128,65.4,1131.2,69.643
8/28/19 11:59,79.128,65.3,1131.2,69.643
8/28/19 11:59,79.128,65,1131.2,69.6
8/28/19 11:59,79.128,64.9,1133.7,69.643
8/28/19 11:59,79.128,64.6,1133.7,69.643
8/28/19 11:59,79.128,64.4,1128.7,69.643
8/28/19 11:59,79.128,64.2,1126.2,69.643
8/28/19 11:59,79.128,64.1,1128.7,69.643
8/28/19 11:59,79.128,63.9,1131.2,69.643
8/28/19 11:59,79.128,64,1131.2,69.643
8/28/19 11:59,79.128,63.8,1133.7,69.643
8/28/19 11:59,79.084,63.7,1133.7,69.643
8/28/19 11:59,79.084,63.6,1133.7,69.643
8/28/19 11:59,79.084,63.5,1133.7,69.643
8/28/19 11:59,79.084,63.4,1136.2,69.643
8/28/19 11:59,79.041,63.4,1136.2,69.643
8/28/19 11:59,79.041,63.3,1136.2,69.643
8/28/19 11:59,79.041,63.3,1133.7,69.643
8/28/19 11:59,79.041,63.2,1136.2,69.643
8/28/19 11:59,78.996,63.1,1136.2,69.643
8/28/19 11:59,78.996,63.1,1138.7,69.643
8/28/19 11:59,78.996,63.1,1141.2,69.643
8/28/19 11:59,78.996,63.2,1146.2,69.643
8/28/19 11:59,78.953,63.3,1148.7,69.643
8/28/19 11:59,78.953,63.4,1153.7,69.643
8/28/19 11:59,78.91,63.5,1156.2,69.643
8/28/19 11:59,78.91,63.5,1163.7,69.643
8/28/19 11:59,78.91,63.6,1168.7,69.643
8/28/19 11:59,78.91,63.7,1176.2,69.643
8/28/19 11:59,78.91,63.8,1183.7,69.643
8/28/19 11:59,78.865,63.9,1188.7,69.643
8/28/19 11:59,78.865,64,1201.2,69.643
8/28/19 11:59,78.865,64,1221.2,69.643
8/28/19 11:59,78.865,64,1238.7,69.643
8/28/19 11:59,78.865,64.2,1248.7,69.643
8/28/19 11:59,78.822,64.3,1246.2,69.643
8/28/19 11:59,78.822,64.4,1236.2,69.643
8/28/19 11:59,78.822,64.5,1221.2,69.643
8/28/19 11:59,78.822,64.6,1211.2,69.643
8/28/19 11:59,78.822,64.7,1208.7,69.643
8/28/19 11:59,78.822,64.9,1211.2,69.643
8/28/19 11:59,78.822,64.9,1221.2,69.643
8/28/19 11:59,78.777,64.9,1228.7,69.643
8/28/19 11:59,78.822,64.9,1236.2,69.643
8/28/19 11:59,78.777,64.9,1236.2,69.643
8/28/19 11:59,78.777,64.9,1231.2,69.643
8/28/19 11:59,78.777,64.9,1231.2,69.643
8/28/19 12:00,78.777,64.9,1236.2,69.643
8/28/19 12:00,78.777,64.8,1246.2,69.643
8/28/19 12:00,78.777,64.8,1258.7,69.643
8/28/19 12:00,78.777,64.8,1268.7,69.643
8/28/19 12:00,78.777,64.8,1278.7,69.643
8/28/19 12:00,78.733,64.9,1283.7,69.643
8/28/19 12:00,78.733,64.9,1288.7,69.643
8/28/19 12:00,78.733,64.9,1293.7,69.643
8/28/19 12:00,78.733,64.9,1296.2,69.643
8/28/19 12:00,78.733,65,1296.2,69.643
8/28/19 12:00,78.733,64.9,1298.7,69.643
8/28/19 12:00,78.733,64.9,1296.2,69.643
8/28/19 12:00,78.733,64.9,1296.2,69.643
8/28/19 12:00,78.69,64.9,1293.7,69.643
8/28/19 12:00,78.69,64.7,1296.2,69.643
8/28/19 12:00,78.69,64.6,1306.2,69.643
8/28/19 12:00,78.69,64.5,1318.7,69.643
8/28/19 12:00,78.69,64.5,1333.7,69.643
8/28/19 12:00,78.69,64.3,1346.2,69.643
8/28/19 12:00,78.645,64.2,1351.2,69.643
8/28/19 12:00,78.645,64.1,1353.7,69.643
8/28/19 12:00,78.645,64,1358.7,69.643
8/28/19 12:00,78.645,63.9,1366.2,69.643
8/28/19 12:00,78.645,64,1381.2,69.643
8/28/19 12:00,78.602,64,1398.7,69.643
8/28/19 12:00,78.602,64,1418.7,69.643
8/28/19 12:00,78.602,63.9,1436.2,69.643
8/28/19 12:00,78.559,64,1453.7,69.643
8/28/19 12:00,78.559,64.1,1458.7,69.643
8/28/19 12:00,78.559,64.2,1448.7,69.643
8/28/19 12:00,78.559,64.3,1428.7,69.643
8/28/19 12:00,78.559,64.4,1413.7,69.643
8/28/19 12:00,78.514,64.5,1403.7,69.643
8/28/19 12:00,78.514,64.6,1393.7,69.643
8/28/19 12:00,78.514,64.7,1383.7,69.643
8/28/19 12:00,78.514,64.7,1383.7,69.643
8/28/19 12:00,78.514,64.6,1401.2,69.643
8/28/19 12:00,78.514,64.6,1436.2,69.643
8/28/19 12:00,78.514,64.5,1476.2,69.643
8/28/19 12:00,78.471,64.5,1506.2,69.643
8/28/19 12:00,78.471,64.4,1516.2,69.643
8/28/19 12:00,78.471,64.3,1513.7,69.643
8/28/19 12:00,78.471,64.2,1511.2,69.643
8/28/19 12:00,78.471,64.1,1508.7,69.643
8/28/19 12:00,78.471,64,1503.7,69.643
8/28/19 12:00,78.427,64.1,1498.7,69.643
8/28/19 12:00,78.427,64.2,1501.2,69.685
8/28/19 12:00,78.427,64.2,1511.2,69.685
8/28/19 12:00,78.427,64.2,1518.7,69.643
8/28/19 12:00,78.427,64.2,1521.2,69.643
8/28/19 12:00,78.382,64.2,1521.2,69.685
8/28/19 12:00,78.427,64.1,1516.2,69.685
8/28/19 12:00,78.382,64.1,1513.7,69.685
8/28/19 12:00,78.382,64.1,1511.2,69.643
8/28/19 12:00,78.382,64.2,1513.7,69.643
8/28/19 12:00,78.382,64.2,1511.2,69.685
8/28/19 12:00,78.382,64.2,1511.2,69.643
8/28/19 12:00,78.382,64.3,1516.2,69.643
8/28/19 12:00,78.382,64.4,1516.2,69.685
8/28/19 12:00,78.382,64.4,1516.2,69.685
8/28/19 12:01,78.339,64.4,1511.2,69.685
8/28/19 12:01,78.339,64.5,1508.7,69.685
8/28/19 12:01,78.339,64.6,1503.7,69.643
8/28/19 12:01,78.339,64.7,1498.7,69.685
8/28/19 12:01,78.339,64.7,1501.2,69.685
8/28/19 12:01,78.339,64.7,1488.7,69.685
8/28/19 12:01,78.339,64.7,1476.2,69.685
8/28/19 12:01,78.339,64.8,1473.7,69.685
8/28/19 12:01,78.339,64.8,1466.2,69.685
8/28/19 12:01,78.339,64.7,1453.7,69.685
8/28/19 12:01,78.339,64.7,1458.7,69.685
8/28/19 12:01,78.339,64.7,1473.7,69.685
8/28/19 12:01,78.339,64.7,1463.7,69.685
8/28/19 12:01,78.339,64.7,1451.2,69.685
8/28/19 12:01,78.339,64.8,1463.7,69.685
8/28/19 12:01,78.339,64.7,1483.7,69.685
8/28/19 12:01,78.339,64.7,1488.7,69.685
8/28/19 12:01,78.339,64.6,1488.7,69.685
8/28/19 12:01,78.339,64.7,1503.7,69.685
8/28/19 12:01,78.339,64.7,1521.2,69.685
8/28/19 12:01,78.339,64.8,1538.7,69.685
8/28/19 12:01,78.339,64.8,1546.2,69.685
8/28/19 12:01,78.339,64.8,1551.2,69.685
8/28/19 12:01,78.339,64.8,1566.2,69.685
8/28/19 12:01,78.339,64.9,1593.7,69.685
8/28/19 12:01,78.339,64.8,1621.2,69.685
8/28/19 12:01,78.339,64.7,1641.2,69.685
8/28/19 12:01,78.339,64.5,1656.2,69.685
8/28/19 12:01,78.339,64.4,1668.7,69.685
8/28/19 12:01,78.339,64.2,1671.2,69.685
8/28/19 12:01,78.339,64.1,1661.2,69.685
8/28/19 12:01,78.339,64,1633.7,69.685
8/28/19 12:01,78.339,64,1616.2,69.685
8/28/19 12:01,78.339,63.9,1613.7,69.685
8/28/19 12:01,78.339,63.9,1611.2,69.685
8/28/19 12:01,78.339,63.9,1591.2,69.685
8/28/19 12:01,78.339,64,1571.2,69.685
8/28/19 12:01,78.339,63.9,1566.2,69.685
8/28/19 12:01,78.339,63.8,1571.2,69.685
8/28/19 12:01,78.339,63.6,1573.7,69.685
8/28/19 12:01,78.339,63.6,1591.2,69.685
8/28/19 12:01,78.296,63.5,1598.7,69.685
8/28/19 12:01,78.339,63.4,1601.2,69.685
8/28/19 12:01,78.296,63.4,1608.7,69.685
8/28/19 12:01,78.296,63.5,1621.2,69.685
8/28/19 12:01,78.296,63.5,1643.7,69.685
8/28/19 12:01,78.296,63.6,1643.7,69.685
8/28/19 12:01,78.296,63.7,1618.7,69.685
8/28/19 12:01,78.296,63.7,1593.7,69.685
8/28/19 12:01,78.296,63.8,1588.7,69.685
8/28/19 12:01,78.296,63.8,1588.7,69.685
8/28/19 12:01,78.296,63.8,1578.7,69.685
8/28/19 12:01,78.296,63.8,1568.7,69.685
8/28/19 12:01,78.251,63.8,1571.2,69.685
8/28/19 12:01,78.296,63.9,1571.2,69.685
8/28/19 12:01,78.251,63.9,1551.2,69.685
8/28/19 12:01,78.251,64,1531.2,69.685
8/28/19 12:01,78.251,64,1541.2,69.685
8/28/19 12:01,78.251,64,1563.7,69.685
8/28/19 12:01,78.251,64,1573.7,69.685
8/28/19 12:02,78.251,63.9,1556.2,69.685
8/28/19 12:02,78.251,63.9,1533.7,69.685
8/28/19 12:02,78.251,63.9,1523.7,69.685
8/28/19 12:02,78.251,63.9,1533.7,69.685
8/28/19 12:02,78.251,64,1546.2,69.685
8/28/19 12:02,78.251,63.9,1546.2,69.685
8/28/19 12:02,78.251,63.9,1551.2,69.685
8/28/19 12:02,78.251,64,1566.2,69.685
8/28/19 12:02,78.251,64,1586.2,69.685
8/28/19 12:02,78.251,64,1591.2,69.685
8/28/19 12:02,78.251,64.1,1596.2,69.685
8/28/19 12:02,78.251,64.2,1611.2,69.685
8/28/19 12:02,78.251,64.3,1641.2,69.685
8/28/19 12:02,78.251,64.4,1671.2,69.685
8/28/19 12:02,78.251,64.5,1683.7,69.685
8/28/19 12:02,78.251,64.5,1691.2,69.685
8/28/19 12:02,78.251,64.5,1698.7,69.685
8/28/19 12:02,78.251,64.5,1703.7,69.685
8/28/19 12:02,78.251,64.4,1698.7,69.685
8/28/19 12:02,78.251,64.4,1683.7,69.685
8/28/19 12:02,78.251,64.4,1676.2,69.685
8/28/19 12:02,78.251,64.4,1676.2,69.685
8/28/19 12:02,78.251,64.3,1681.2,69.685
8/28/19 12:02,78.251,64.2,1678.7,69.685
8/28/19 12:02,78.251,64.2,1678.7,69.685
8/28/19 12:02,78.251,64.1,1678.7,69.685
8/28/19 12:02,78.251,64,1683.7,69.685
8/28/19 12:02,78.251,64,1681.2,69.685
8/28/19 12:02,78.251,64,1681.2,69.685
8/28/19 12:02,78.251,64,1686.2,69.685
8/28/19 12:02,78.251,64,1696.2,69.685
8/28/19 12:02,78.251,64,1721.2,69.685
8/28/19 12:02,78.251,64,1741.2,69.685
8/28/19 12:02,78.251,64,1761.2,69.685
8/28/19 12:02,78.251,64,1768.7,69.685
8/28/19 12:02,78.251,64,1768.7,69.685
8/28/19 12:02,78.251,64,1768.7,69.685
8/28/19 12:02,78.251,64.1,1768.7,69.685
8/28/19 12:02,78.251,64.2,1763.7,69.685
8/28/19 12:02,78.251,64.2,1768.7,69.685
8/28/19 12:02,78.251,64.3,1783.7,69.685
8/28/19 12:02,78.251,64.5,1793.7,69.685
8/28/19 12:02,78.251,64.5,1776.2,69.685
8/28/19 12:02,78.251,64.5,1756.2,69.685
8/28/19 12:02,78.251,64.5,1738.7,69.685
8/28/19 12:02,78.251,64.5,1743.7,69.685
8/28/19 12:02,78.251,64.4,1746.2,69.685
8/28/19 12:02,78.251,64.3,1738.7,69.685
8/28/19 12:02,78.296,64.3,1721.2,69.685
8/28/19 12:02,78.296,64.3,1711.2,69.685
8/28/19 12:02,78.296,64.2,1696.2,69.728
8/28/19 12:02,78.296,64.2,1696.2,69.685
8/28/19 12:02,78.296,64.2,1703.7,69.685
8/28/19 12:02,78.296,64.2,1716.2,69.685
8/28/19 12:02,78.296,64.2,1731.2,69.685
8/28/19 12:02,78.296,64.2,1738.7,69.685
8/28/19 12:02,78.296,64.2,1736.2,69.685
8/28/19 12:02,78.296,64.2,1738.7,69.728
8/28/19 12:02,78.296,64.2,1738.7,69.685
8/28/19 12:02,78.296,64.2,1738.7,69.685
8/28/19 12:03,78.296,64.1,1731.2,69.685
8/28/19 12:03,78.296,64,1718.7,69.728
8/28/19 12:03,78.296,64,1708.7,69.728
8/28/19 12:03,78.296,63.9,1703.7,69.728
8/28/19 12:03,78.296,63.7,1703.7,69.728
8/28/19 12:03,78.296,63.6,1703.7,69.728
8/28/19 12:03,78.296,63.5,1686.2,69.728
8/28/19 12:03,78.296,63.4,1668.7,69.728
8/28/19 12:03,78.296,63.3,1663.7,69.728
8/28/19 12:03,78.296,63.3,1673.7,69.728
8/28/19 12:03,78.296,63.2,1681.2,69.728
8/28/19 12:03,78.296,63.4,1688.7,69.728
8/28/19 12:03,78.296,63.4,1676.2,69.728
8/28/19 12:03,78.296,63.5,1651.2,69.728
8/28/19 12:03,78.296,63.4,1633.7,69.728
8/28/19 12:03,78.296,63.4,1651.2,69.728
8/28/19 12:03,78.296,63.4,1696.2,69.728
8/28/19 12:03,78.296,63.2,1741.2,69.728
8/28/19 12:03,78.296,63.2,1728.7,69.728
8/28/19 12:03,78.296,63.2,1701.2,69.728
8/28/19 12:03,78.296,63.1,1693.7,69.728
8/28/19 12:03,78.296,62.9,1721.2,69.728
8/28/19 12:03,78.296,63,1756.2,69.728
8/28/19 12:03,78.296,62.9,1776.2,69.728
8/28/19 12:03,78.296,63,1748.7,69.728
8/28/19 12:03,78.296,63.1,1701.2,69.728
8/28/19 12:03,78.296,63.1,1678.7,69.728
8/28/19 12:03,78.296,63.2,1696.2,69.728
8/28/19 12:03,78.296,63.1,1723.7,69.728
8/28/19 12:03,78.296,63.3,1753.7,69.728
8/28/19 12:03,78.296,63.3,1766.2,69.728
8/28/19 12:03,78.296,63.4,1763.7,69.728
8/28/19 12:03,78.296,63.5,1758.7,69.728
8/28/19 12:03,78.296,63.5,1753.7,69.728
8/28/19 12:03,78.339,63.7,1741.2,69.728
8/28/19 12:03,78.339,63.8,1736.2,69.728
8/28/19 12:03,78.339,63.9,1738.7,69.728
8/28/19 12:03,78.339,64,1718.7,69.728
8/28/19 12:03,78.339,64,1698.7,69.728
8/28/19 12:03,78.382,63.9,1681.2,69.728
8/28/19 12:03,78.382,63.9,1673.7,69.728
8/28/19 12:03,78.382,64,1663.7,69.728
8/28/19 12:03,78.382,64,1673.7,69.728
8/28/19 12:03,78.427,64.1,1711.2,69.728
8/28/19 12:03,78.427,64.2,1753.7,69.728
8/28/19 12:03,78.427,64.3,1768.7,69.728
8/28/19 12:03,78.427,64.4,1736.2,69.728
8/28/19 12:03,78.427,64.4,1698.7,69.728
8/28/19 12:03,78.471,64.4,1678.7,69.728
8/28/19 12:03,78.471,64.4,1693.7,69.728
8/28/19 12:03,78.471,64.5,1718.7,69.728
8/28/19 12:03,78.471,64.5,1726.2,69.728
8/28/19 12:03,78.514,64.6,1721.2,69.728
8/28/19 12:03,78.514,64.7,1693.7,69.728
8/28/19 12:03,78.514,64.7,1633.7,69.728
8/28/19 12:03,78.514,64.8,1588.7,69.728
8/28/19 12:03,78.514,64.9,1581.2,69.728
8/28/19 12:03,78.559,64.9,1593.7,69.728
8/28/19 12:03,78.559,64.9,1608.7,69.728
8/28/19 12:03,78.559,64.9,1631.2,69.728
8/28/19 12:04,78.559,64.9,1703.7,69.728
8/28/19 12:04,78.602,65,1778.7,69.728
8/28/19 12:04,78.602,65.1,1791.2,69.728
8/28/19 12:04,78.602,65.1,1718.7,69.728
8/28/19 12:04,78.645,65.2,1643.7,69.771
8/28/19 12:04,78.645,65.3,1601.2,69.728
8/28/19 12:04,78.645,65.4,1573.7,69.728
8/28/19 12:04,78.69,65.5,1548.7,69.728
8/28/19 12:04,78.69,65.6,1538.7,69.728
8/28/19 12:04,78.69,65.8,1598.7,69.728
8/28/19 12:04,78.69,65.9,1703.7,69.728
8/28/19 12:04,78.733,66,1768.7,69.728
8/28/19 12:04,78.733,66.2,1746.2,69.728
8/28/19 12:04,78.733,66.3,1683.7,69.728
8/28/19 12:04,78.777,66.4,1623.7,69.771
8/28/19 12:04,78.777,66.5,1611.2,69.771
8/28/19 12:04,78.822,66.7,1631.2,69.771
8/28/19 12:04,78.822,66.8,1673.7,69.728
8/28/19 12:04,78.822,66.9,1688.7,69.771
8/28/19 12:04,78.865,67,1668.7,69.771
8/28/19 12:04,78.865,67.1,1621.2,69.771
8/28/19 12:04,78.91,67.1,1596.2,69.728
8/28/19 12:04,78.91,67.2,1583.7,69.728
8/28/19 12:04,78.91,67.2,1548.7,69.771
8/28/19 12:04,78.953,67.3,1511.2,69.771
8/28/19 12:04,78.953,67.4,1501.2,69.771
8/28/19 12:04,78.996,67.6,1541.2,69.771
8/28/19 12:04,78.996,67.6,1573.7,69.771
8/28/19 12:04,79.041,67.7,1571.2,69.771
8/28/19 12:04,79.041,67.8,1528.7,69.771
8/28/19 12:04,79.041,67.8,1528.7,69.728
8/28/19 12:04,79.084,67.8,1591.2,69.728
8/28/19 12:04,79.084,67.8,1633.7,69.728
8/28/19 12:04,79.128,67.7,1623.7,69.771
8/28/19 12:04,79.128,67.7,1621.2,69.771
8/28/19 12:04,79.128,67.7,1641.2,69.771
8/28/19 12:04,79.173,67.5,1646.2,69.771
8/28/19 12:04,79.173,67.3,1628.7,69.771
8/28/19 12:04,79.173,67.2,1596.2,69.771
8/28/19 12:04,79.216,67.2,1566.2,69.771
8/28/19 12:04,79.216,67.1,1546.2,69.771
8/28/19 12:04,79.216,66.9,1576.2,69.771
8/28/19 12:04,79.261,66.7,1621.2,69.771
8/28/19 12:04,79.261,66.6,1621.2,69.771
8/28/19 12:04,79.261,66.3,1591.2,69.771
8/28/19 12:04,79.261,66.2,1583.7,69.771
8/28/19 12:04,79.261,66.1,1593.7,69.771
8/28/19 12:04,79.304,65.9,1598.7,69.771
8/28/19 12:04,79.304,65.9,1598.7,69.771
8/28/19 12:04,79.304,65.8,1636.2,69.771
8/28/19 12:04,79.304,65.7,1716.2,69.771
8/28/19 12:04,79.304,65.6,1836.2,69.771
8/28/19 12:04,79.304,65.6,1913.7,69.771
8/28/19 12:04,79.304,65.4,1898.7,69.771
8/28/19 12:04,79.304,65.4,1828.7,69.771
8/28/19 12:04,79.304,65.3,1763.7,69.771
8/28/19 12:04,79.304,65.1,1701.2,69.771
8/28/19 12:04,79.304,64.9,1633.7,69.771
8/28/19 12:04,79.304,65,1563.7,69.771
8/28/19 12:04,79.304,64.7,1526.2,69.771
8/28/19 12:05,79.304,64.6,1521.2,69.771
8/28/19 12:05,79.304,64.6,1526.2,69.771
8/28/19 12:05,79.304,64.5,1536.2,69.771
8/28/19 12:05,79.304,64.6,1573.7,69.771
8/28/19 12:05,79.261,64.6,1626.2,69.771
8/28/19 12:05,79.304,64.7,1631.2,69.771
8/28/19 12:05,79.261,64.7,1588.7,69.771
8/28/19 12:05,79.261,64.8,1568.7,69.771
8/28/19 12:05,79.261,64.9,1568.7,69.771
8/28/19 12:05,79.261,65,1588.7,69.771
8/28/19 12:05,79.261,65,1618.7,69.771
8/28/19 12:05,79.261,65,1626.2,69.771
8/28/19 12:05,79.261,64.9,1616.2,69.771
8/28/19 12:05,79.261,64.8,1593.7,69.771
8/28/19 12:05,79.261,64.6,1553.7,69.771
8/28/19 12:05,79.261,64.5,1496.2,69.771
8/28/19 12:05,79.261,64.4,1471.2,69.771
8/28/19 12:05,79.261,64.2,1511.2,69.771
8/28/19 12:05,79.216,64.1,1578.7,69.771
8/28/19 12:05,79.216,64,1628.7,69.771
8/28/19 12:05,79.216,64,1631.2,69.771
8/28/19 12:05,79.216,63.8,1613.7,69.771
8/28/19 12:05,79.216,63.8,1583.7,69.771
8/28/19 12:05,79.216,63.8,1538.7,69.771
8/28/19 12:05,79.216,63.7,1506.2,69.771
8/28/19 12:05,79.216,63.7,1516.2,69.771
8/28/19 12:05,79.173,63.7,1533.7,69.771
8/28/19 12:05,79.173,63.7,1526.2,69.771
8/28/19 12:05,79.173,63.7,1516.2,69.771
8/28/19 12:05,79.173,63.8,1566.2,69.771
8/28/19 12:05,79.173,63.8,1641.2,69.771
8/28/19 12:05,79.128,63.8,1666.2,69.771
8/28/19 12:05,79.128,63.8,1653.7,69.771
8/28/19 12:05,79.128,63.8,1616.2,69.771
8/28/19 12:05,79.128,63.8,1603.7,69.771
8/28/19 12:05,79.128,63.8,1631.2,69.771
8/28/19 12:05,79.128,63.8,1646.2,69.771
8/28/19 12:05,79.084,63.8,1621.2,69.771
8/28/19 12:05,79.084,63.8,1568.7,69.771
8/28/19 12:05,79.084,63.9,1558.7,69.771
8/28/19 12:05,79.084,63.9,1558.7,69.771
8/28/19 12:05,79.084,63.9,1563.7,69.771
8/28/19 12:05,79.084,63.9,1541.2,69.771
8/28/19 12:05,79.084,64,1506.2,69.771
8/28/19 12:05,79.084,64,1463.7,69.771
8/28/19 12:05,79.084,63.9,1416.2,69.771
8/28/19 12:05,79.084,64,1386.2,69.771
8/28/19 12:05,79.084,64.1,1358.7,69.771
8/28/19 12:05,79.084,64.2,1343.7,69.771
8/28/19 12:05,79.084,64.3,1353.7,69.814
8/28/19 12:05,79.084,64.5,1373.7,69.771
8/28/19 12:05,79.084,64.5,1403.7,69.771
8/28/19 12:05,79.084,64.6,1428.7,69.771
8/28/19 12:05,79.084,64.7,1433.7,69.771
8/28/19 12:05,79.084,64.8,1431.2,69.814
8/28/19 12:05,79.084,64.9,1451.2,69.771
8/28/19 12:05,79.084,64.9,1493.7,69.771
8/28/19 12:05,79.084,64.9,1523.7,69.814
8/28/19 12:05,79.084,65.1,1506.2,69.771
8/28/19 12:05,79.084,65.2,1458.7,69.771
8/28/19 12:06,79.128,65.3,1413.7,69.771
8/28/19 12:06,79.128,65.3,1386.2,69.814
8/28/19 12:06,79.128,65.4,1391.2,69.771
8/28/19 12:06,79.128,65.5,1403.7,69.814
8/28/19 12:06,79.128,65.6,1408.7,69.814
8/28/19 12:06,79.128,65.6,1416.2,69.814
8/28/19 12:06,79.128,65.8,1456.2,69.814
8/28/19 12:06,79.128,65.8,1553.7,69.771
8/28/19 12:06,79.128,65.9,1653.7,69.814
8/28/19 12:06,79.173,65.9,1686.2,69.814
8/28/19 12:06,79.173,65.9,1636.2,69.814
8/28/19 12:06,79.173,66,1556.2,69.814
8/28/19 12:06,79.173,66.1,1531.2,69.814
8/28/19 12:06,79.173,66,1573.7,69.814
8/28/19 12:06,79.216,66,1626.2,69.814
8/28/19 12:06,79.216,65.9,1631.2,69.814
8/28/19 12:06,79.216,65.8,1643.7,69.814
8/28/19 12:06,79.216,65.8,1666.2,69.814
8/28/19 12:06,79.216,65.7,1713.7,69.814
8/28/19 12:06,79.216,65.7,1738.7,69.814
8/28/19 12:06,79.216,65.8,1748.7,69.814
8/28/19 12:06,79.261,65.8,1728.7,69.814
8/28/19 12:06,79.261,65.9,1673.7,69.814
8/28/19 12:06,79.261,65.9,1628.7,69.814
8/28/19 12:06,79.261,65.9,1646.2,69.814
8/28/19 12:06,79.261,65.8,1701.2,69.814
8/28/19 12:06,79.261,65.9,1713.7,69.814
8/28/19 12:06,79.261,66,1656.2,69.814
8/28/19 12:06,79.261,66.2,1611.2,69.814
8/28/19 12:06,79.304,66.3,1591.2,69.814
8/28/19 12:06,79.261,66.5,1598.7,69.814
8/28/19 12:06,79.304,66.4,1583.7,69.814
8/28/19 12:06,79.304,66.4,1616.2,69.814
8/28/19 12:06,79.304,66.4,1683.7,69.814
8/28/19 12:06,79.304,66.5,1761.2,69.814
8/28/19 12:06,79.347,66.4,1798.7,69.814
8/28/19 12:06,79.347,66.3,1791.2,69.814
8/28/19 12:06,79.347,66.2,1716.2,69.814
8/28/19 12:06,79.347,66.1,1611.2,69.814
8/28/19 12:06,79.347,65.9,1558.7,69.814
8/28/19 12:06,79.347,66,1608.7,69.814
8/28/19 12:06,79.347,65.9,1728.7,69.814
8/28/19 12:06,79.392,65.9,1808.7,69.814
8/28/19 12:06,79.392,65.9,1768.7,69.814
8/28/19 12:06,79.392,65.9,1676.2,69.814
8/28/19 12:06,79.392,65.9,1611.2,69.814
8/28/19 12:06,79.392,65.9,1551.2,69.814
8/28/19 12:06,79.392,65.7,1481.2,69.814
8/28/19 12:06,79.392,65.6,1433.7,69.814
8/28/19 12:06,79.392,65.6,1426.2,69.814
8/28/19 12:06,79.392,65.6,1466.2,69.814
8/28/19 12:06,79.392,65.5,1501.2,69.814
8/28/19 12:06,79.392,65.5,1556.2,69.814
8/28/19 12:06,79.392,65.5,1616.2,69.814
8/28/19 12:06,79.435,65.5,1638.7,69.814
8/28/19 12:06,79.435,65.5,1621.2,69.814
8/28/19 12:06,79.435,65.6,1603.7,69.814
8/28/19 12:06,79.435,65.7,1596.2,69.814
8/28/19 12:06,79.435,65.7,1571.2,69.814
8/28/19 12:06,79.435,65.8,1548.7,69.814
8/28/19 12:07,79.435,65.7,1568.7,69.814
8/28/19 12:07,79.435,65.6,1621.2,69.814
8/28/19 12:07,79.435,65.6,1718.7,69.814
8/28/19 12:07,79.435,65.5,1816.2,69.814
8/28/19 12:07,79.435,65.4,1856.2,69.814
8/28/19 12:07,79.435,65.3,1791.2,69.814
8/28/19 12:07,79.435,65.3,1711.2,69.814
8/28/19 12:07,79.435,65.2,1661.2,69.814
8/28/19 12:07,79.48,65,1638.7,69.814
8/28/19 12:07,79.435,64.9,1648.7,69.814
8/28/19 12:07,79.48,64.8,1681.2,69.814
8/28/19 12:07,79.48,64.7,1708.7,69.814
8/28/19 12:07,79.435,64.6,1758.7,69.814
8/28/19 12:07,79.435,64.5,1796.2,69.814
8/28/19 12:07,79.435,64.4,1788.7,69.814
8/28/19 12:07,79.435,64.3,1748.7,69.814
8/28/19 12:07,79.435,64.2,1676.2,69.814
8/28/19 12:07,79.435,64.2,1643.7,69.814
8/28/19 12:07,79.435,64.3,1636.2,69.814
8/28/19 12:07,79.435,64.3,1623.7,69.814
8/28/19 12:07,79.435,64.4,1586.2,69.814
8/28/19 12:07,79.435,64.5,1516.2,69.814
8/28/19 12:07,79.392,64.5,1463.7,69.814
8/28/19 12:07,79.435,64.7,1468.7,69.814
8/28/19 12:07,79.392,64.8,1543.7,69.814
8/28/19 12:07,79.392,65,1623.7,69.814
8/28/19 12:07,79.392,65.1,1668.7,69.814
8/28/19 12:07,79.392,65.2,1661.2,69.814
8/28/19 12:07,79.392,65.3,1638.7,69.858
8/28/19 12:07,79.435,65.3,1646.2,69.814
8/28/19 12:07,79.435,65.4,1691.2,69.814
8/28/19 12:07,79.435,65.4,1718.7,69.814
8/28/19 12:07,79.435,65.4,1666.2,69.814
8/28/19 12:07,79.435,65.5,1561.2,69.814
8/28/19 12:07,79.435,65.5,1488.7,69.814
8/28/19 12:07,79.435,65.6,1496.2,69.814
8/28/19 12:07,79.435,65.6,1543.7,69.814
8/28/19 12:07,79.435,65.6,1556.2,69.858
8/28/19 12:07,79.435,65.6,1516.2,69.814
8/28/19 12:07,79.435,65.7,1481.2,69.814
8/28/19 12:07,79.435,65.7,1483.7,69.814
8/28/19 12:07,79.435,65.6,1533.7,69.814
8/28/19 12:07,79.48,65.6,1606.2,69.858
8/28/19 12:07,79.48,65.5,1661.2,69.814
8/28/19 12:07,79.48,65.5,1648.7,69.814
8/28/19 12:07,79.48,65.5,1596.2,69.858
8/28/19 12:07,79.48,65.5,1543.7,69.814
8/28/19 12:07,79.48,65.5,1516.2,69.814
8/28/19 12:07,79.48,65.6,1511.2,69.814
8/28/19 12:07,79.48,65.7,1561.2,69.858
8/28/19 12:07,79.48,65.8,1658.7,69.814
8/28/19 12:07,79.48,65.9,1688.7,69.814
8/28/19 12:07,79.48,65.9,1678.7,69.858
8/28/19 12:07,79.48,65.9,1683.7,69.858
8/28/19 12:07,79.48,65.9,1721.2,69.858
8/28/19 12:07,79.48,65.9,1746.2,69.858
8/28/19 12:07,79.524,66,1763.7,69.858
8/28/19 12:07,79.524,66,1768.7,69.858
8/28/19 12:07,79.524,65.9,1746.2,69.858
8/28/19 12:07,79.524,66,1721.2,69.814
8/28/19 12:08,79.524,66.1,1713.7,69.858
8/28/19 12:08,79.524,66.1,1738.7,69.814
8/28/19 12:08,79.524,66.2,1781.2,69.858
8/28/19 12:08,79.524,66.3,1801.2,69.858
8/28/19 12:08,79.567,66.4,1758.7,69.858
8/28/19 12:08,79.567,66.4,1696.2,69.858
8/28/19 12:08,79.567,66.4,1686.2,69.858
8/28/19 12:08,79.567,66.5,1696.2,69.858
8/28/19 12:08,79.567,66.5,1691.2,69.858
8/28/19 12:08,79.567,66.6,1681.2,69.858
8/28/19 12:08,79.567,66.7,1711.2,69.858
8/28/19 12:08,79.612,66.7,1748.7,69.858
8/28/19 12:08,79.612,66.8,1788.7,69.858
8/28/19 12:08,79.612,66.9,1841.2,69.858
8/28/19 12:08,79.612,66.8,1863.7,69.858
8/28/19 12:08,79.612,66.9,1866.2,69.858
8/28/19 12:08,79.612,66.9,1876.2,69.858
8/28/19 12:08,79.612,66.9,1936.2,69.858
8/28/19 12:08,79.655,67,1948.7,69.858
8/28/19 12:08,79.655,66.9,1886.2,69.858
8/28/19 12:08,79.655,66.9,1858.7,69.858
8/28/19 12:08,79.655,66.8,1941.2,69.858
8/28/19 12:08,79.7,66.8,2051.2,69.858
8/28/19 12:08,79.7,66.8,2071.2,69.858
8/28/19 12:08,79.7,66.9,1991.2,69.858
8/28/19 12:08,79.7,66.9,1851.2,69.858
8/28/19 12:08,79.7,66.8,1733.7,69.858
8/28/19 12:08,79.743,66.6,1676.2,69.858
8/28/19 12:08,79.743,66.6,1686.2,69.858
8/28/19 12:08,79.743,66.5,1731.2,69.858
8/28/19 12:08,79.743,66.5,1801.2,69.858
8/28/19 12:08,79.743,66.4,1863.7,69.858
8/28/19 12:08,79.743,66.4,1903.7,69.858
8/28/19 12:08,79.788,66.2,1913.7,69.858
8/28/19 12:08,79.788,66,1926.2,69.858
8/28/19 12:08,79.788,65.9,1953.7,69.858
8/28/19 12:08,79.788,65.6,2006.2,69.858
8/28/19 12:08,79.788,65.5,2023.7,69.858
8/28/19 12:08,79.788,65.4,1976.2,69.858
8/28/19 12:08,79.788,65.4,1918.7,69.858
8/28/19 12:08,79.788,65.3,1901.2,69.858
8/28/19 12:08,79.788,65.3,1926.2,69.858
8/28/19 12:08,79.788,65.2,1931.2,69.858
8/28/19 12:08,79.788,65,1943.7,69.858
8/28/19 12:08,79.831,65,1981.2,69.858
8/28/19 12:08,79.788,64.8,2013.7,69.858
8/28/19 12:08,79.831,64.7,2053.7,69.858
8/28/19 12:08,79.788,64.6,2118.7,69.858
8/28/19 12:08,79.788,64.6,2161.2,69.858
8/28/19 12:08,79.788,64.5,2156.2,69.858
8/28/19 12:08,79.788,64.4,2118.7,69.858
8/28/19 12:08,79.788,64.2,2056.2,69.858
8/28/19 12:08,79.788,64,1973.7,69.858
8/28/19 12:08,79.788,63.9,1911.2,69.858
8/28/19 12:08,79.788,63.7,1881.2,69.858
8/28/19 12:08,79.788,63.6,1928.7,69.858
8/28/19 12:08,79.743,63.6,2013.7,69.858
8/28/19 12:08,79.743,63.5,2073.7,69.858
8/28/19 12:08,79.743,63.4,2066.2,69.858
8/28/19 12:08,79.743,63.4,2053.7,69.858
8/28/19 12:09,79.743,63.3,2061.2,69.858
8/28/19 12:09,79.743,63.3,2056.2,69.858
8/28/19 12:09,79.7,63.3,2048.7,69.858
8/28/19 12:09,79.7,63.4,2048.7,69.858
8/28/19 12:09,79.7,63.5,2043.7,69.858
8/28/19 12:09,79.7,63.5,2016.2,69.858
8/28/19 12:09,79.7,63.7,2008.7,69.858
8/28/19 12:09,79.655,63.7,2041.2,69.858
8/28/19 12:09,79.7,63.8,2088.7,69.858
8/28/19 12:09,79.655,63.8,2138.7,69.858
8/28/19 12:09,79.655,63.9,2171.2,69.858
8/28/19 12:09,79.655,64.1,2176.2,69.858
8/28/19 12:09,79.655,64.1,2161.2,69.858
8/28/19 12:09,79.655,64.3,2143.7,69.858
8/28/19 12:09,79.655,64.3,2123.7,69.858
8/28/19 12:09,79.655,64.4,2108.7,69.858
8/28/19 12:09,79.655,64.4,2086.2,69.858
8/28/19 12:09,79.655,64.5,2076.2,69.858
8/28/19 12:09,79.655,64.5,2083.7,69.858
8/28/19 12:09,79.655,64.6,2116.2,69.858
8/28/19 12:09,79.655,64.7,2143.7,69.858
8/28/19 12:09,79.655,64.7,2158.7,69.858
8/28/19 12:09,79.655,64.8,2168.7,69.858
8/28/19 12:09,79.655,64.8,2168.7,69.858
8/28/19 12:09,79.7,64.8,2166.2,69.858
8/28/19 12:09,79.7,64.9,2148.7,69.858
8/28/19 12:09,79.7,65,2126.2,69.858
8/28/19 12:09,79.7,65,2096.2,69.858
8/28/19 12:09,79.7,65.1,2063.7,69.858
8/28/19 12:09,79.7,65.1,2048.7,69.858
8/28/19 12:09,79.7,65.1,2053.7,69.858
8/28/19 12:09,79.743,65,2068.7,69.858
8/28/19 12:09,79.743,65,2078.7,69.858
8/28/19 12:09,79.743,65,2081.2,69.858
8/28/19 12:09,79.743,64.9,2083.7,69.858
8/28/19 12:09,79.743,64.8,2091.2,69.858
8/28/19 12:09,79.743,64.8,2108.7,69.858
8/28/19 12:09,79.743,64.8,2126.2,69.858
8/28/19 12:09,79.743,64.8,2131.2,69.858
8/28/19 12:09,79.743,64.9,2133.7,69.858
8/28/19 12:09,79.743,65,2133.7,69.858
8/28/19 12:09,79.788,65,2133.7,69.858
8/28/19 12:09,79.788,65.1,2133.7,69.858
8/28/19 12:09,79.788,65.2,2123.7,69.858
8/28/19 12:09,79.788,65.3,2103.7,69.858
8/28/19 12:09,79.788,65.4,2078.7,69.858
8/28/19 12:09,79.831,65.5,2063.7,69.858
8/28/19 12:09,79.831,65.5,2073.7,69.858
8/28/19 12:09,79.831,65.6,2096.2,69.858
8/28/19 12:09,79.831,65.6,2111.2,69.858
8/28/19 12:09,79.831,65.6,2116.2,69.858
8/28/19 12:09,79.831,65.6,2113.7,69.858
8/28/19 12:09,79.876,65.6,2103.7,69.858
8/28/19 12:09,79.876,65.5,2101.2,69.858
8/28/19 12:09,79.876,65.4,2111.2,69.858
8/28/19 12:09,79.876,65.4,2111.2,69.858
8/28/19 12:09,79.92,65.3,2108.7,69.858
8/28/19 12:09,79.92,65.2,2103.7,69.901
8/28/19 12:09,79.92,65.2,2108.7,69.901
8/28/19 12:09,79.92,65.2,2106.2,69.901
8/28/19 12:10,79.92,65.2,2108.7,69.901
8/28/19 12:10,79.92,65.1,2093.7,69.858
8/28/19 12:10,79.92,65,2056.2,69.858
8/28/19 12:10,79.963,65,2023.7,69.901
8/28/19 12:10,79.963,65,1998.7,69.901
8/28/19 12:10,79.963,64.9,1991.2,69.901
8/28/19 12:10,79.963,64.7,2013.7,69.901
8/28/19 12:10,79.963,64.6,2063.7,69.901
8/28/19 12:10,79.963,64.6,2093.7,69.901
8/28/19 12:10,79.963,64.5,2098.7,69.901
8/28/19 12:10,79.963,64.6,2096.2,69.901
8/28/19 12:10,79.963,64.6,2091.2,69.901
8/28/19 12:10,79.963,64.5,2078.7,69.901
8/28/19 12:10,80.008,64.5,2061.2,69.901
8/28/19 12:10,80.008,64.4,2018.7,69.901
8/28/19 12:10,79.963,64.3,1993.7,69.901
8/28/19 12:10,80.008,64.2,1991.2,69.901
8/28/19 12:10,79.963,64.1,2026.2,69.901
8/28/19 12:10,80.008,64.2,2066.2,69.901
8/28/19 12:10,80.008,64.3,2086.2,69.901
8/28/19 12:10,80.008,64.3,2093.7,69.901
8/28/19 12:10,80.008,64.2,2096.2,69.901
8/28/19 12:10,80.008,64.2,2093.7,69.901
8/28/19 12:10,80.008,64.2,2093.7,69.901
8/28/19 12:10,80.008,64.3,2096.2,69.901
8/28/19 12:10,80.008,64.3,2093.7,69.901
8/28/19 12:10,80.008,64.4,2086.2,69.901
8/28/19 12:10,80.008,64.4,2063.7,69.901
8/28/19 12:10,80.008,64.5,2046.2,69.901
8/28/19 12:10,80.008,64.5,2036.2,69.901
8/28/19 12:10,80.008,64.6,2033.7,69.901
8/28/19 12:10,80.008,64.7,2016.2,69.901
8/28/19 12:10,80.008,64.8,2016.2,69.901
8/28/19 12:10,80.008,64.8,2023.7,69.901
8/28/19 12:10,80.008,64.9,2053.7,69.901
8/28/19 12:10,80.008,65,2073.7,69.901
8/28/19 12:10,80.008,65,2091.2,69.901
8/28/19 12:10,80.008,65,2098.7,69.901
8/28/19 12:10,80.008,65.2,2091.2,69.901
8/28/19 12:10,80.008,65.3,2043.7,69.901
8/28/19 12:10,80.051,65.4,1966.2,69.901
8/28/19 12:10,80.051,65.5,1866.2,69.901
8/28/19 12:10,80.051,65.5,1821.2,69.901
8/28/19 12:10,80.051,65.7,1866.2,69.901
8/28/19 12:10,80.051,65.8,1918.7,69.901
8/28/19 12:10,80.051,65.9,1906.2,69.901
8/28/19 12:10,80.096,65.9,1876.2,69.901
8/28/19 12:10,80.096,66,1873.7,69.901
8/28/19 12:10,80.096,66,1856.2,69.901
8/28/19 12:10,80.096,65.9,1858.7,69.901
8/28/19 12:10,80.139,65.8,1883.7,69.901
8/28/19 12:10,80.139,65.7,1928.7,69.901
8/28/19 12:10,80.139,65.7,1973.7,69.901
8/28/19 12:10,80.139,65.8,1961.2,69.901
8/28/19 12:10,80.139,65.8,1896.2,69.901
8/28/19 12:10,80.184,65.8,1878.7,69.901
8/28/19 12:10,80.184,65.8,1916.2,69.901
8/28/19 12:10,80.184,65.8,1958.7,69.901
8/28/19 12:10,80.184,65.9,1988.7,69.901
8/28/19 12:10,80.227,65.9,2013.7,69.901
8/28/19 12:11,80.227,66,2051.2,69.901
8/28/19 12:11,80.227,66,2076.2,69.901
8/28/19 12:11,80.227,66.1,2071.2,69.901
8/28/19 12:11,80.227,66.1,2056.2,69.901
8/28/19 12:11,80.227,66.1,2033.7,69.901
8/28/19 12:11,80.272,66.2,2023.7,69.901
8/28/19 12:11,80.272,66.3,2026.2,69.901
8/28/19 12:11,80.272,66.4,2033.7,69.901
8/28/19 12:11,80.272,66.5,2041.2,69.901
8/28/19 12:11,80.272,66.4,2041.2,69.901
8/28/19 12:11,80.316,66.4,2053.7,69.901
8/28/19 12:11,80.316,66.5,2056.2,69.901
8/28/19 12:11,80.316,66.4,2056.2,69.901
8/28/19 12:11,80.316,66.5,2048.7,69.901
8/28/19 12:11,80.316,66.6,2048.7,69.901
8/28/19 12:11,80.361,66.6,2033.7,69.901
8/28/19 12:11,80.361,66.6,1998.7,69.901
8/28/19 12:11,80.361,66.7,1958.7,69.901
8/28/19 12:11,80.404,66.6,1928.7,69.901
8/28/19 12:11,80.404,66.7,1918.7,69.942
8/28/19 12:11,80.404,66.6,1906.2,69.901
8/28/19 12:11,80.404,66.5,1888.7,69.901
8/28/19 12:11,80.449,66.4,1906.2,69.901
8/28/19 12:11,80.449,66.1,1948.7,69.901
8/28/19 12:11,80.449,65.7,1998.7,69.901
8/28/19 12:11,80.449,65.3,2018.7,69.942
8/28/19 12:11,80.449,64.9,2001.2,69.942
8/28/19 12:11,80.449,64.6,1968.7,69.901
8/28/19 12:11,80.492,64.2,1928.7,69.901
8/28/19 12:11,80.449,63.9,1898.7,69.942
8/28/19 12:11,80.492,63.7,1908.7,69.901
8/28/19 12:11,80.492,63.6,1933.7,69.901
8/28/19 12:11,80.449,63.5,1958.7,69.942
8/28/19 12:11,80.449,63.4,1996.2,69.901
8/28/19 12:11,80.449,63.3,2036.2,69.901
8/28/19 12:11,80.449,63.2,2043.7,69.942
8/28/19 12:11,80.449,63.2,1986.2,69.942
8/28/19 12:11,80.449,63.2,1926.2,69.942
8/28/19 12:11,80.449,63.1,1906.2,69.901
8/28/19 12:11,80.449,63.1,1928.7,69.942
8/28/19 12:11,80.449,63.1,1978.7,69.942
8/28/19 12:11,80.449,63.1,2028.7,69.942
8/28/19 12:11,80.449,63.1,2053.7,69.942
8/28/19 12:11,80.449,63.1,2056.2,69.942
8/28/19 12:11,80.449,63.2,2058.7,69.942
8/28/19 12:11,80.449,63.3,2058.7,69.942
8/28/19 12:11,80.449,63.4,2051.2,69.942
8/28/19 12:11,80.449,63.5,2046.2,69.901
8/28/19 12:11,80.449,63.7,2038.7,69.942
8/28/19 12:11,80.449,63.9,2031.2,69.942
8/28/19 12:11,80.404,64.1,2031.2,69.942
8/28/19 12:11,80.404,64.1,2041.2,69.942
8/28/19 12:11,80.449,64.2,2048.7,69.942
8/28/19 12:11,80.449,64.2,2048.7,69.942
8/28/19 12:11,80.449,64.2,2048.7,69.942
8/28/19 12:11,80.449,64.2,2036.2,69.942
8/28/19 12:11,80.449,64.2,2028.7,69.942
8/28/19 12:11,80.449,64.1,2026.2,69.942
8/28/19 12:11,80.449,64.2,2033.7,69.942
8/28/19 12:11,80.449,64.1,2046.2,69.942
8/28/19 12:12,80.449,63.9,2056.2,69.942
8/28/19 12:12,80.449,63.8,2051.2,69.942
8/28/19 12:12,80.449,63.7,2043.7,69.942
8/28/19 12:12,80.449,63.6,2011.2,69.942
8/28/19 12:12,80.449,63.5,1981.2,69.942
8/28/19 12:12,80.449,63.4,1968.7,69.942
8/28/19 12:12,80.449,63.5,1976.2,69.942
8/28/19 12:12,80.449,63.5,1998.7,69.942
8/28/19 12:12,80.449,63.4,2031.2,69.942
8/28/19 12:12,80.449,63.1,2046.2,69.942
8/28/19 12:12,80.449,63,2051.2,69.942
8/28/19 12:12,80.449,62.8,2056.2,69.942
8/28/19 12:12,80.449,62.5,2058.7,69.942
8/28/19 12:12,80.449,62.5,2056.2,69.942
8/28/19 12:12,80.449,62.3,2056.2,69.942
8/28/19 12:12,80.404,62.2,2046.2,69.942
8/28/19 12:12,80.404,62.2,2036.2,69.942
8/28/19 12:12,80.404,62.1,2028.7,69.942
8/28/19 12:12,80.404,62.2,2013.7,69.942
8/28/19 12:12,80.404,62.2,2016.2,69.942
8/28/19 12:12,80.404,62.3,2033.7,69.942
8/28/19 12:12,80.361,62.2,2043.7,69.942
8/28/19 12:12,80.361,62.2,2041.2,69.942
8/28/19 12:12,80.361,62.2,2041.2,69.942
8/28/19 12:12,80.361,62.2,2043.7,69.942
8/28/19 12:12,80.361,62.3,2043.7,69.942
8/28/19 12:12,80.361,62.3,2038.7,69.942
8/28/19 12:12,80.361,62.5,2021.2,69.942
8/28/19 12:12,80.316,62.6,1993.7,69.942
8/28/19 12:12,80.316,62.6,1981.2,69.942
8/28/19 12:12,80.316,62.7,1971.2,69.942
8/28/19 12:12,80.316,62.9,1951.2,69.942
8/28/19 12:12,80.316,63,1893.7,69.942
8/28/19 12:12,80.316,63.1,1828.7,69.942
8/28/19 12:12,80.316,63.4,1821.2,69.942
8/28/19 12:12,80.316,63.6,1861.2,69.942
8/28/19 12:12,80.316,63.7,1866.2,69.942
8/28/19 12:12,80.316,63.9,1871.2,69.942
8/28/19 12:12,80.316,64.1,1901.2,69.942
8/28/19 12:12,80.316,64.4,1936.2,69.942
8/28/19 12:12,80.316,64.5,1943.7,69.942
8/28/19 12:12,80.316,64.7,1943.7,69.942
8/28/19 12:12,80.316,64.5,1941.2,69.942
8/28/19 12:12,80.316,64.6,1933.7,69.942
8/28/19 12:12,80.316,64.7,1901.2,69.942
8/28/19 12:12,80.316,64.8,1861.2,69.942
8/28/19 12:12,80.361,64.9,1848.7,69.942
8/28/19 12:12,80.361,64.9,1833.7,69.942
8/28/19 12:12,80.361,64.8,1811.2,69.942
8/28/19 12:12,80.361,64.8,1813.7,69.942
8/28/19 12:12,80.361,64.8,1851.2,69.942
8/28/19 12:12,80.361,64.8,1883.7,69.942
8/28/19 12:12,80.361,64.8,1896.2,69.942
8/28/19 12:12,80.361,65,1863.7,69.942
8/28/19 12:12,80.404,65.1,1806.2,69.942
8/28/19 12:12,80.404,65.1,1741.2,69.942
8/28/19 12:12,80.404,65.1,1688.7,69.942
8/28/19 12:12,80.404,65.1,1611.2,69.942
8/28/19 12:12,80.404,65.1,1541.2,69.942
8/28/19 12:12,80.404,65,1516.2,69.942
8/28/19 12:13,80.449,64.9,1501.2,69.942
8/28/19 12:13,80.449,64.8,1481.2,69.942
8/28/19 12:13,80.449,64.8,1431.2,69.942
8/28/19 12:13,80.449,64.7,1391.2,69.942
8/28/19 12:13,80.449,64.7,1363.7,69.942
8/28/19 12:13,80.449,64.8,1326.2,69.942
8/28/19 12:13,80.449,64.9,1268.7,69.942
8/28/19 12:13,80.449,64.9,1213.7,69.942
8/28/19 12:13,80.449,65,1161.2,69.942
8/28/19 12:13,80.492,65.1,1121.2,69.942
8/28/19 12:13,80.492,65.1,1108.7,69.942
8/28/19 12:13,80.492,65.1,1093.7,69.942
8/28/19 12:13,80.492,65.1,1071.2,69.942
8/28/19 12:13,80.492,65.1,1053.7,69.942
8/28/19 12:13,80.492,65.1,1053.7,69.942
8/28/19 12:13,80.492,65.3,1061.2,69.942
8/28/19 12:13,80.492,65.3,1081.2,69.942
8/28/19 12:13,80.537,65.4,1128.7,69.942
8/28/19 12:13,80.537,65.5,1188.7,69.942
8/28/19 12:13,80.537,65.5,1241.2,69.942
8/28/19 12:13,80.537,65.5,1261.2,69.942
8/28/19 12:13,80.537,65.5,1273.7,69.942
8/28/19 12:13,80.537,65.5,1268.7,69.942
8/28/19 12:13,80.537,65.4,1226.2,69.942
8/28/19 12:13,80.537,65.2,1203.7,69.942
8/28/19 12:13,80.58,65.1,1273.7,69.942
8/28/19 12:13,80.58,64.9,1396.2,69.942
8/28/19 12:13,80.58,64.8,1468.7,69.942
8/28/19 12:13,80.58,64.7,1456.2,69.942
8/28/19 12:13,80.58,64.6,1441.2,69.942
8/28/19 12:13,80.58,64.5,1473.7,69.942
8/28/19 12:13,80.58,64.4,1518.7,69.942
8/28/19 12:13,80.58,64.2,1503.7,69.942
8/28/19 12:13,80.58,64.2,1446.2,69.942
8/28/19 12:13,80.58,64.1,1441.2,69.942
8/28/19 12:13,80.58,64.1,1531.2,69.942
8/28/19 12:13,80.58,63.9,1616.2,69.942
8/28/19 12:13,80.58,63.6,1636.2,69.985
8/28/19 12:13,80.58,63.5,1623.7,69.985
8/28/19 12:13,80.58,63.4,1591.2,69.942
8/28/19 12:13,80.537,63.3,1581.2,69.942
8/28/19 12:13,80.537,63.1,1571.2,69.942
8/28/19 12:13,80.537,63,1531.2,69.942
8/28/19 12:13,80.537,62.6,1451.2,69.985
8/28/19 12:13,80.537,62.4,1406.2,69.985
8/28/19 12:13,80.492,62.1,1388.7,69.942
8/28/19 12:13,80.492,61.9,1386.2,69.942
8/28/19 12:13,80.492,61.7,1393.7,69.942
8/28/19 12:13,80.449,61.7,1396.2,69.942
8/28/19 12:13,80.449,61.7,1346.2,69.942
8/28/19 12:13,80.449,61.7,1286.2,69.942
8/28/19 12:13,80.404,61.8,1248.7,69.985
8/28/19 12:13,80.404,61.9,1233.7,69.985
8/28/19 12:13,80.404,62,1226.2,69.942
8/28/19 12:13,80.404,62.1,1213.7,69.942
8/28/19 12:13,80.361,62,1203.7,69.942
8/28/19 12:13,80.361,62.2,1191.2,69.985
8/28/19 12:13,80.361,62.2,1198.7,69.942
8/28/19 12:13,80.316,62.2,1246.2,69.985
8/28/19 12:13,80.316,62.2,1296.2,69.942
8/28/19 12:14,80.316,62.1,1318.7,69.985
8/28/19 12:14,80.272,62.2,1251.2,69.985
8/28/19 12:14,80.272,62.2,1158.7,69.942
8/28/19 12:14,80.272,62.2,1101.2,69.985
8/28/19 12:14,80.227,62.3,1091.2,69.942
8/28/19 12:14,80.227,62.3,1083.7,69.942
8/28/19 12:14,80.227,62.4,1071.2,69.942
8/28/19 12:14,80.227,62.4,1088.7,69.942
8/28/19 12:14,80.184,62.4,1168.7,69.942
8/28/19 12:14,80.184,62.4,1266.2,69.985
8/28/19 12:14,80.184,62.4,1351.2,69.985
8/28/19 12:14,80.184,62.5,1376.2,69.942
8/28/19 12:14,80.139,62.5,1338.7,69.985
8/28/19 12:14,80.139,62.6,1231.2,69.942
8/28/19 12:14,80.139,62.6,1186.2,69.985
8/28/19 12:14,80.139,62.6,1213.7,69.985
8/28/19 12:14,80.096,62.6,1311.2,69.985
8/28/19 12:14,80.096,62.6,1488.7,69.942
8/28/19 12:14,80.096,62.6,1658.7,69.942
8/28/19 12:14,80.096,62.5,1736.2,69.985
8/28/19 12:14,80.051,62.5,1683.7,69.942
8/28/19 12:14,80.051,62.4,1551.2,69.942
8/28/19 12:14,80.051,62.3,1458.7,69.942
8/28/19 12:14,80.051,62.2,1476.2,69.985
8/28/19 12:14,80.051,62.2,1528.7,69.985
8/28/19 12:14,80.008,62.2,1523.7,69.942
8/28/19 12:14,80.008,62.2,1471.2,69.985
8/28/19 12:14,80.008,62.1,1453.7,69.985
8/28/19 12:14,79.963,62.1,1463.7,69.942
8/28/19 12:14,79.963,62.1,1513.7,69.985
8/28/19 12:14,79.963,62,1628.7,69.942
8/28/19 12:14,79.963,62,1751.2,69.985
8/28/19 12:14,79.963,61.9,1771.2,69.942
8/28/19 12:14,79.92,61.7,1678.7,69.985
8/28/19 12:14,79.92,61.5,1548.7,69.942
8/28/19 12:14,79.92,61.4,1471.2,69.942
8/28/19 12:14,79.92,61.1,1456.2,69.942
8/28/19 12:14,79.876,61.1,1511.2,69.942
8/28/19 12:14,79.876,61,1591.2,69.985
8/28/19 12:14,79.876,60.9,1618.7,69.985
8/28/19 12:14,79.831,60.8,1601.2,69.985
8/28/19 12:14,79.831,60.7,1603.7,69.942
8/28/19 12:14,79.831,60.6,1603.7,69.942
8/28/19 12:14,79.831,60.6,1531.2,69.942
8/28/19 12:14,79.788,60.6,1471.2,69.942
8/28/19 12:14,79.788,60.6,1503.7,69.942
8/28/19 12:14,79.788,60.6,1583.7,69.942
8/28/19 12:14,79.788,60.5,1628.7,69.942
8/28/19 12:14,79.743,60.5,1648.7,69.985
8/28/19 12:14,79.743,60.6,1686.2,69.985
8/28/19 12:14,79.743,60.7,1736.2,69.985
8/28/19 12:14,79.7,60.9,1801.2,69.985
8/28/19 12:14,79.7,61.1,1841.2,69.985
8/28/19 12:14,79.7,61.1,1846.2,69.985
8/28/19 12:14,79.7,61.3,1806.2,69.985
8/28/19 12:14,79.7,61.5,1733.7,69.985
8/28/19 12:14,79.7,61.6,1676.2,69.942
8/28/19 12:14,79.7,61.7,1656.2,69.985
8/28/19 12:14,79.7,61.9,1588.7,69.985
8/28/19 12:14,79.7,62,1493.7,69.942
8/28/19 12:15,79.7,62.1,1431.2,69.942
8/28/19 12:15,79.7,62,1481.2,69.985
8/28/19 12:15,79.655,62,1623.7,69.985
8/28/19 12:15,79.7,62,1776.2,69.985
8/28/19 12:15,79.7,62,1848.7,69.942
8/28/19 12:15,79.7,62,1833.7,69.942
8/28/19 12:15,79.7,62.1,1801.2,69.985
8/28/19 12:15,79.7,62.1,1833.7,69.985
8/28/19 12:15,79.7,62.2,1913.7,69.942
8/28/19 12:15,79.7,62.3,1991.2,69.942
8/28/19 12:15,79.7,62.5,2021.2,69.985
8/28/19 12:15,79.7,62.6,1973.7,69.985
8/28/19 12:15,79.7,62.6,1843.7,69.942
8/28/19 12:15,79.7,62.6,1688.7,69.985
8/28/19 12:15,79.7,62.7,1573.7,69.985
8/28/19 12:15,79.7,62.8,1528.7,69.985
8/28/19 12:15,79.7,62.7,1566.2,69.985
8/28/19 12:15,79.7,62.6,1603.7,69.985
8/28/19 12:15,79.7,62.6,1608.7,69.985
8/28/19 12:15,79.7,62.6,1588.7,69.985
8/28/19 12:15,79.7,62.5,1558.7,69.985
8/28/19 12:15,79.7,62.4,1518.7,69.985
8/28/19 12:15,79.655,62.3,1491.2,69.985
8/28/19 12:15,79.655,62.3,1456.2,69.942
8/28/19 12:15,79.655,62.2,1388.7,69.985
8/28/19 12:15,79.655,62.2,1396.2,69.985
8/28/19 12:15,79.655,62,1526.2,69.985
8/28/19 12:15,79.655,62,1706.2,69.985
8/28/19 12:15,79.655,62,1883.7,69.985
8/28/19 12:15,79.655,61.9,2006.2,69.942
8/28/19 12:15,79.655,61.8,2023.7,69.985
8/28/19 12:15,79.655,61.8,2013.7,69.985
8/28/19 12:15,79.655,61.8,2006.2,69.985
8/28/19 12:15,79.655,61.8,1916.2,69.985
8/28/19 12:15,79.612,61.9,1731.2,69.942
8/28/19 12:15,79.612,61.9,1631.2,69.985
8/28/19 12:15,79.612,62,1701.2,69.985
8/28/19 12:15,79.612,62,1836.2,69.985
8/28/19 12:15,79.612,62,1866.2,69.985
8/28/19 12:15,79.612,62.2,1796.2,69.985
8/28/19 12:15,79.612,62.3,1628.7,69.985
8/28/19 12:15,79.612,62.4,1426.2,69.985
8/28/19 12:15,79.612,62.5,1376.2,69.985
8/28/19 12:15,79.612,62.5,1553.7,69.985
8/28/19 12:15,79.612,62.6,1786.2,69.942
8/28/19 12:15,79.612,62.8,1868.7,69.985
8/28/19 12:15,79.612,62.9,1793.7,69.985
8/28/19 12:15,79.612,63.1,1746.2,69.985
8/28/19 12:15,79.612,63.1,1796.2,69.942
8/28/19 12:15,79.612,63.2,1796.2,69.985
8/28/19 12:15,79.612,63.3,1783.7,69.985
8/28/19 12:15,79.612,63.4,1816.2,69.985
8/28/19 12:15,79.612,63.4,1833.7,69.985
8/28/19 12:15,79.612,63.4,1721.2,69.985
8/28/19 12:15,79.612,63.4,1581.2,69.985
8/28/19 12:15,79.612,63.3,1518.7,69.985
8/28/19 12:15,79.655,63.4,1498.7,69.985
8/28/19 12:15,79.655,63.4,1446.2,69.985
8/28/19 12:15,79.655,63.4,1411.2,69.985
8/28/19 12:15,79.655,63.4,1438.7,69.985
8/28/19 12:16,79.655,63.2,1541.2,69.985
8/28/19 12:16,79.655,63.1,1603.7,69.985
8/28/19 12:16,79.655,62.9,1608.7,69.985
8/28/19 12:16,79.655,62.7,1656.2,69.985
8/28/19 12:16,79.655,62.6,1786.2,69.985
8/28/19 12:16,79.655,62.5,1918.7,69.985
8/28/19 12:16,79.655,62.4,1981.2,69.985
8/28/19 12:16,79.655,62.4,1981.2,69.985
8/28/19 12:16,79.655,62.5,1956.2,69.985
8/28/19 12:16,79.655,62.6,1916.2,69.985
8/28/19 12:16,79.655,62.6,1836.2,69.985
8/28/19 12:16,79.655,62.7,1716.2,69.985
8/28/19 12:16,79.655,62.8,1588.7,69.985
8/28/19 12:16,79.655,62.9,1551.2,69.985
8/28/19 12:16,79.655,62.8,1621.2,69.985
8/28/19 12:16,79.655,62.8,1738.7,69.985
8/28/19 12:16,79.655,62.7,1778.7,69.985
8/28/19 12:16,79.655,62.6,1716.2,69.985
8/28/19 12:16,79.655,62.6,1618.7,69.985
8/28/19 12:16,79.655,62.7,1531.2,69.942
8/28/19 12:16,79.655,62.7,1543.7,69.985
8/28/19 12:16,79.655,62.7,1598.7,69.985
8/28/19 12:16,79.655,62.7,1673.7,69.985
8/28/19 12:16,79.655,62.6,1778.7,69.985
8/28/19 12:16,79.655,62.6,1916.2,69.985
8/28/19 12:16,79.655,62.5,1996.2,69.985
8/28/19 12:16,79.655,62.6,2001.2,69.985
8/28/19 12:16,79.655,62.6,1953.7,69.985
8/28/19 12:16,79.655,62.6,1891.2,69.985
8/28/19 12:16,79.655,62.6,1841.2,69.985
8/28/19 12:16,79.655,62.6,1821.2,69.985
8/28/19 12:16,79.655,62.8,1813.7,69.985
8/28/19 12:16,79.655,62.8,1838.7,69.985
8/28/19 12:16,79.655,62.9,1886.2,69.985
8/28/19 12:16,79.655,63,1858.7,69.985
8/28/19 12:16,79.655,63.1,1758.7,69.985
8/28/19 12:16,79.655,63.1,1678.7,69.985
8/28/19 12:16,79.655,63.1,1666.2,69.985
8/28/19 12:16,79.655,63.1,1658.7,69.985
8/28/19 12:16,79.655,63.1,1628.7,69.985
8/28/19 12:16,79.655,63.1,1641.2,69.985
8/28/19 12:16,79.7,63.1,1743.7,69.985
8/28/19 12:16,79.7,63.2,1856.2,69.985
8/28/19 12:16,79.7,63.1,1891.2,69.985
8/28/19 12:16,79.7,63.1,1843.7,69.985
8/28/19 12:16,79.7,62.9,1781.2,69.985
8/28/19 12:16,79.7,62.8,1741.2,69.985
8/28/19 12:16,79.7,62.6,1711.2,69.985
8/28/19 12:16,79.7,62.5,1748.7,69.985
8/28/19 12:16,79.7,62.3,1808.7,69.985
8/28/19 12:16,79.7,62.2,1851.2,69.985
8/28/19 12:16,79.7,62.1,1883.7,69.985
8/28/19 12:16,79.7,62,1866.2,69.985
8/28/19 12:16,79.7,62,1838.7,69.985
8/28/19 12:16,79.7,62.1,1781.2,69.985
8/28/19 12:16,79.7,62.1,1711.2,69.985
8/28/19 12:16,79.7,62.1,1678.7,69.985
8/28/19 12:16,79.7,62.2,1703.7,69.985
8/28/19 12:16,79.7,62.2,1663.7,69.985
8/28/19 12:16,79.7,62.2,1518.7,69.985
8/28/19 12:17,79.7,62.3,1348.7,69.985
8/28/19 12:17,79.7,62.3,1298.7,69.985
8/28/19 12:17,79.7,62.3,1378.7,69.985
8/28/19 12:17,79.7,62.4,1433.7,69.985
8/28/19 12:17,79.7,62.4,1421.2,69.985
8/28/19 12:17,79.7,62.3,1431.2,69.985
8/28/19 12:17,79.7,62.3,1516.2,69.985
8/28/19 12:17,79.7,62.2,1591.2,69.985
8/28/19 12:17,79.7,62.1,1631.2,69.985
8/28/19 12:17,79.7,61.9,1638.7,69.985
8/28/19 12:17,79.7,61.8,1618.7,69.985
8/28/19 12:17,79.7,61.7,1568.7,69.985
8/28/19 12:17,79.655,61.6,1551.2,69.985
8/28/19 12:17,79.7,61.5,1598.7,69.985
8/28/19 12:17,79.655,61.5,1701.2,69.985
8/28/19 12:17,79.655,61.6,1733.7,69.985
8/28/19 12:17,79.655,61.6,1731.2,69.985
8/28/19 12:17,79.655,61.6,1728.7,69.985
8/28/19 12:17,79.655,61.6,1828.7,69.985
8/28/19 12:17,79.655,61.6,1941.2,69.985
8/28/19 12:17,79.655,61.6,1968.7,69.985
8/28/19 12:17,79.612,61.6,1968.7,69.985
8/28/19 12:17,79.612,61.6,2011.2,69.985
8/28/19 12:17,79.612,61.7,2068.7,69.985
8/28/19 12:17,79.612,61.9,2126.2,69.985
8/28/19 12:17,79.612,62,2143.7,69.985
8/28/19 12:17,79.612,62.1,2111.2,69.985
8/28/19 12:17,79.612,62.2,2071.2,69.985
8/28/19 12:17,79.612,62.2,2033.7,69.985
8/28/19 12:17,79.612,62.3,1976.2,69.985
8/28/19 12:17,79.612,62.3,1906.2,69.985
8/28/19 12:17,79.612,62.3,1828.7,69.985
8/28/19 12:17,79.612,62.3,1681.2,69.985
8/28/19 12:17,79.612,62.4,1496.2,69.985
8/28/19 12:17,79.567,62.5,1353.7,69.985
8/28/19 12:17,79.612,62.6,1293.7,69.985
8/28/19 12:17,79.567,62.6,1343.7,69.985
8/28/19 12:17,79.612,62.7,1401.2,69.985
8/28/19 12:17,79.567,62.8,1403.7,69.985
8/28/19 12:17,79.567,62.8,1368.7,69.985
8/28/19 12:17,79.567,62.9,1386.2,69.985
8/28/19 12:17,79.612,63,1438.7,69.985
8/28/19 12:17,79.567,63.1,1508.7,69.985
8/28/19 12:17,79.612,63.1,1531.2,69.985
8/28/19 12:17,79.612,63.3,1481.2,69.985
8/28/19 12:17,79.612,63.4,1388.7,69.985
8/28/19 12:17,79.612,63.5,1311.2,69.985
8/28/19 12:17,79.612,63.6,1283.7,69.985
8/28/19 12:17,79.612,63.6,1266.2,69.985
8/28/19 12:17,79.612,63.6,1258.7,69.985
8/28/19 12:17,79.612,63.6,1296.2,69.985
8/28/19 12:17,79.612,63.6,1408.7,69.985
8/28/19 12:17,79.612,63.6,1486.2,69.985
8/28/19 12:17,79.655,63.7,1516.2,69.985
8/28/19 12:17,79.655,63.7,1526.2,69.985
8/28/19 12:17,79.655,63.7,1648.7,69.985
8/28/19 12:17,79.655,63.7,1791.2,69.942
8/28/19 12:17,79.655,63.8,1818.7,69.985
8/28/19 12:17,79.655,63.9,1693.7,69.985
8/28/19 12:17,79.655,64,1513.7,69.985
8/28/19 12:18,79.655,64,1438.7,69.985
8/28/19 12:18,79.7,64.1,1511.2,69.985
8/28/19 12:18,79.7,64.1,1658.7,69.985
8/28/19 12:18,79.7,64.1,1751.2,69.985
8/28/19 12:18,79.7,64,1801.2,69.985
8/28/19 12:18,79.7,64,1886.2,69.985
8/28/19 12:18,79.7,64,1978.7,69.985
8/28/19 12:18,79.743,63.8,2021.2,69.985
8/28/19 12:18,79.743,63.6,2036.2,69.985
8/28/19 12:18,79.743,63.5,2028.7,69.985
8/28/19 12:18,79.743,63.3,2003.7,69.985
8/28/19 12:18,79.743,63.2,1951.2,69.985
8/28/19 12:18,79.743,63.1,1901.2,69.985
8/28/19 12:18,79.743,63,1858.7,69.985
8/28/19 12:18,79.743,63,1781.2,69.985
8/28/19 12:18,79.788,62.9,1711.2,69.985
8/28/19 12:18,79.788,62.9,1641.2,69.985
8/28/19 12:18,79.788,62.9,1603.7,69.985
8/28/19 12:18,79.788,62.8,1573.7,69.985
8/28/19 12:18,79.788,62.8,1558.7,69.985
8/28/19 12:18,79.788,62.8,1511.2,69.985
8/28/19 12:18,79.788,62.8,1451.2,69.985
8/28/19 12:18,79.788,62.7,1453.7,69.985
8/28/19 12:18,79.788,62.7,1573.7,69.985
8/28/19 12:18,79.788,62.7,1698.7,69.985
8/28/19 12:18,79.788,62.8,1741.2,69.985
8/28/19 12:18,79.788,62.9,1748.7,69.985
8/28/19 12:18,79.831,63,1731.2,69.985
8/28/19 12:18,79.831,63.1,1766.2,69.985
8/28/19 12:18,79.831,63.1,1838.7,69.985
8/28/19 12:18,79.831,63.1,1903.7,69.985
8/28/19 12:18,79.831,63.2,1966.2,69.985
8/28/19 12:18,79.831,63.2,1948.7,69.985
8/28/19 12:18,79.831,63.3,1928.7,69.985
8/28/19 12:18,79.876,63.2,1886.2,69.985
8/28/19 12:18,79.831,63.1,1806.2,69.985
8/28/19 12:18,79.876,63.1,1718.7,69.985
8/28/19 12:18,79.876,63,1711.2,69.985
8/28/19 12:18,79.876,63,1761.2,69.985
8/28/19 12:18,79.876,62.9,1831.2,69.985
8/28/19 12:18,79.876,62.9,1873.7,69.985
8/28/19 12:18,79.876,62.9,1911.2,69.985
8/28/19 12:18,79.876,62.9,1891.2,69.985
8/28/19 12:18,79.876,62.9,1836.2,69.985
8/28/19 12:18,79.92,63,1806.2,69.985
8/28/19 12:18,79.92,63.1,1781.2,69.985
8/28/19 12:18,79.92,63.2,1746.2,69.985
8/28/19 12:18,79.92,63.4,1666.2,69.985
8/28/19 12:18,79.92,63.5,1546.2,69.985
8/28/19 12:18,79.92,63.6,1418.7,69.985
8/28/19 12:18,79.92,63.7,1356.2,69.985
8/28/19 12:18,79.92,63.8,1458.7,69.985
8/28/19 12:18,79.92,64,1693.7,69.985
8/28/19 12:18,79.963,64,1821.2,69.985
8/28/19 12:18,79.963,64.2,1816.2,69.985
8/28/19 12:18,79.963,64.2,1806.2,69.985
8/28/19 12:18,79.963,64.3,1858.7,69.985
8/28/19 12:18,79.963,64.2,1928.7,69.985
8/28/19 12:18,80.008,64.1,2011.2,69.985
8/28/19 12:18,80.008,64.1,2063.7,69.985
8/28/19 12:19,80.008,64,2048.7,69.985
8/28/19 12:19,80.008,63.9,2006.2,69.985
8/28/19 12:19,80.008,63.9,1966.2,69.985
8/28/19 12:19,80.051,63.9,1933.7,69.985
8/28/19 12:19,80.051,63.9,1893.7,69.985
8/28/19 12:19,80.051,63.9,1863.7,69.985
8/28/19 12:19,80.051,64.1,1803.7,69.985
8/28/19 12:19,80.051,64.1,1756.2,69.985
8/28/19 12:19,80.096,64.1,1713.7,69.985
8/28/19 12:19,80.096,64.2,1691.2,69.985
8/28/19 12:19,80.096,64.1,1726.2,69.985
8/28/19 12:19,80.096,64.1,1808.7,69.985
8/28/19 12:19,80.096,64.1,1871.2,69.985
8/28/19 12:19,80.139,64.1,1873.7,69.985
8/28/19 12:19,80.139,64,1876.2,69.985
8/28/19 12:19,80.139,63.9,1906.2,69.985
8/28/19 12:19,80.139,63.7,1971.2,69.985
8/28/19 12:19,80.139,63.6,2026.2,69.985
8/28/19 12:19,80.139,63.5,2063.7,69.985
8/28/19 12:19,80.139,63.6,2086.2,69.985
8/28/19 12:19,80.139,63.5,2081.2,69.985
8/28/19 12:19,80.184,63.4,2011.2,69.985
8/28/19 12:19,80.184,63.4,1893.7,69.985
8/28/19 12:19,80.184,63.3,1781.2,69.985
8/28/19 12:19,80.184,63.3,1743.7,69.985
8/28/19 12:19,80.184,63.2,1761.2,69.985
8/28/19 12:19,80.184,63.2,1763.7,69.985
8/28/19 12:19,80.184,63.3,1738.7,69.985
8/28/19 12:19,80.184,63.4,1768.7,69.985
8/28/19 12:19,80.184,63.4,1886.2,69.985
8/28/19 12:19,80.184,63.4,1961.2,69.985
8/28/19 12:19,80.184,63.5,1938.7,69.985
8/28/19 12:19,80.184,63.4,1908.7,69.985
8/28/19 12:19,80.184,63.4,1911.2,69.985
8/28/19 12:19,80.227,63.3,1868.7,69.985
8/28/19 12:19,80.227,63.2,1806.2,69.985
8/28/19 12:19,80.227,63.1,1726.2,69.985
8/28/19 12:19,80.227,63.1,1711.2,69.985
8/28/19 12:19,80.227,63.1,1698.7,69.985
8/28/19 12:19,80.227,63,1721.2,69.985
8/28/19 12:19,80.227,62.9,1786.2,69.985
8/28/19 12:19,80.227,62.8,1796.2,69.985
8/28/19 12:19,80.227,62.7,1716.2,69.985
8/28/19 12:19,80.227,62.6,1623.7,69.985
8/28/19 12:19,80.227,62.5,1576.2,69.985
8/28/19 12:19,80.227,62.3,1583.7,69.985
8/28/19 12:19,80.227,62.2,1636.2,69.985
8/28/19 12:19,80.227,62,1701.2,69.985
8/28/19 12:19,80.227,61.9,1843.7,69.985
8/28/19 12:19,80.227,61.8,1943.7,69.985
8/28/19 12:19,80.227,61.7,1893.7,69.985
8/28/19 12:19,80.227,61.7,1723.7,69.985
8/28/19 12:19,80.227,61.7,1593.7,69.985
8/28/19 12:19,80.227,61.7,1566.2,69.985
8/28/19 12:19,80.184,61.6,1563.7,69.985
8/28/19 12:19,80.184,61.6,1548.7,69.985
8/28/19 12:19,80.184,61.7,1476.2,69.985
8/28/19 12:19,80.184,61.7,1401.2,69.985
8/28/19 12:19,80.184,61.8,1353.7,69.985
8/28/19 12:19,80.184,61.8,1346.2,69.985
8/28/19 12:20,80.184,61.9,1333.7,69.985
8/28/19 12:20,80.184,61.8,1321.2,69.985
8/28/19 12:20,80.184,61.8,1331.2,69.985
8/28/19 12:20,80.139,61.8,1396.2,69.985
8/28/19 12:20,80.139,61.8,1503.7,69.985
8/28/19 12:20,80.139,61.8,1611.2,69.985
8/28/19 12:20,80.139,61.9,1626.2,69.985
8/28/19 12:20,80.139,61.9,1536.2,69.985
8/28/19 12:20,80.139,61.9,1421.2,69.985
8/28/19 12:20,80.096,62,1361.2,69.985
8/28/19 12:20,80.096,62,1373.7,69.985
8/28/19 12:20,80.096,62,1428.7,69.985
8/28/19 12:20,80.096,62.1,1491.2,69.985
8/28/19 12:20,80.096,62.1,1486.2,69.985
8/28/19 12:20,80.096,62.1,1461.2,69.985
8/28/19 12:20,80.096,62.1,1428.7,69.985
8/28/19 12:20,80.051,62,1356.2,69.985
8/28/19 12:20,80.051,62,1296.2,69.985
8/28/19 12:20,80.051,62,1273.7,69.985
8/28/19 12:20,80.051,62,1276.2,69.985
8/28/19 12:20,80.051,62,1276.2,69.985
8/28/19 12:20,80.008,62,1271.2,69.985
8/28/19 12:20,80.008,62,1251.2,69.985
8/28/19 12:20,80.008,62,1228.7,69.985
8/28/19 12:20,80.008,61.9,1198.7,69.985
8/28/19 12:20,80.008,61.8,1181.2,69.985
8/28/19 12:20,80.008,61.7,1168.7,69.985
8/28/19 12:20,79.963,61.7,1178.7,69.985
8/28/19 12:20,79.963,61.7,1236.2,69.985
8/28/19 12:20,79.963,61.7,1331.2,69.985
8/28/19 12:20,79.963,61.8,1411.2,69.985
8/28/19 12:20,79.92,61.9,1461.2,69.985
8/28/19 12:20,79.92,61.9,1491.2,69.985
8/28/19 12:20,79.92,62,1496.2,69.985
8/28/19 12:20,79.92,62,1491.2,69.985
8/28/19 12:20,79.92,62,1503.7,69.985
8/28/19 12:20,79.876,62,1533.7,69.985
8/28/19 12:20,79.876,62,1568.7,69.985
8/28/19 12:20,79.876,62.1,1563.7,69.985
8/28/19 12:20,79.876,62.2,1566.2,69.985
8/28/19 12:20,79.876,62.2,1611.2,69.985
8/28/19 12:20,79.876,62.3,1628.7,69.985
8/28/19 12:20,79.876,62.3,1516.2,69.985
8/28/19 12:20,79.831,62.2,1321.2,69.985
8/28/19 12:20,79.831,62.1,1193.7,69.985
8/28/19 12:20,79.831,62,1186.2,69.985
8/28/19 12:20,79.831,61.9,1221.2,69.985
8/28/19 12:20,79.831,61.7,1311.2,69.985
8/28/19 12:20,79.831,61.7,1431.2,69.985
8/28/19 12:20,79.831,61.6,1476.2,69.985
8/28/19 12:20,79.831,61.6,1418.7,69.985
8/28/19 12:20,79.788,61.6,1351.2,69.985
8/28/19 12:20,79.788,61.6,1348.7,69.985
8/28/19 12:20,79.788,61.6,1356.2,69.985
8/28/19 12:20,79.788,61.7,1368.7,69.985
8/28/19 12:20,79.788,61.7,1391.2,69.985
8/28/19 12:20,79.788,61.7,1418.7,69.985
8/28/19 12:20,79.743,61.7,1438.7,69.985
8/28/19 12:20,79.743,61.8,1418.7,69.985
8/28/19 12:20,79.743,61.8,1373.7,69.985
8/28/19 12:21,79.743,61.9,1301.2,69.985
8/28/19 12:21,79.7,61.9,1278.7,69.985
8/28/19 12:21,79.7,62,1313.7,69.985
8/28/19 12:21,79.7,62.1,1383.7,69.985
8/28/19 12:21,79.7,62,1483.7,69.985
8/28/19 12:21,79.7,62.1,1588.7,69.985
8/28/19 12:21,79.7,62.2,1628.7,69.985
8/28/19 12:21,79.7,62.2,1578.7,69.985
8/28/19 12:21,79.7,62.3,1491.2,69.985
8/28/19 12:21,79.7,62.4,1408.7,69.985
8/28/19 12:21,79.655,62.5,1378.7,69.985
8/28/19 12:21,79.655,62.6,1383.7,69.985
8/28/19 12:21,79.655,62.7,1393.7,69.985
8/28/19 12:21,79.655,62.8,1378.7,69.985
8/28/19 12:21,79.655,62.8,1356.2,69.985
8/28/19 12:21,79.655,62.9,1336.2,69.985
8/28/19 12:21,79.655,62.8,1336.2,69.985
8/28/19 12:21,79.655,62.8,1356.2,69.985
8/28/19 12:21,79.655,62.8,1371.2,69.985
8/28/19 12:21,79.655,62.7,1391.2,69.985
8/28/19 12:21,79.655,62.7,1403.7,69.985
8/28/19 12:21,79.655,62.6,1386.2,69.985
8/28/19 12:21,79.655,62.6,1351.2,69.985
8/28/19 12:21,79.655,62.6,1388.7,69.985
8/28/19 12:21,79.655,62.7,1513.7,69.985
8/28/19 12:21,79.655,62.7,1626.2,69.985
8/28/19 12:21,79.612,62.7,1671.2,69.985
8/28/19 12:21,79.612,62.7,1628.7,69.985
8/28/19 12:21,79.655,62.6,1591.2,69.985
8/28/19 12:21,79.612,62.5,1511.2,69.985
8/28/19 12:21,79.612,62.5,1393.7,69.985
8/28/19 12:21,79.612,62.4,1268.7,69.985
8/28/19 12:21,79.612,62.3,1223.7,69.985
8/28/19 12:21,79.612,62.1,1256.2,69.985
8/28/19 12:21,79.612,62,1298.7,69.985
8/28/19 12:21,79.612,61.8,1298.7,69.985
8/28/19 12:21,79.612,61.6,1278.7,69.985
8/28/19 12:21,79.612,61.6,1266.2,69.985
8/28/19 12:21,79.612,61.4,1241.2,69.985
8/28/19 12:21,79.612,61.4,1221.2,69.985
8/28/19 12:21,79.612,61.4,1226.2,69.985
8/28/19 12:21,79.567,61.4,1266.2,69.985
8/28/19 12:21,79.567,61.4,1321.2,69.985
8/28/19 12:21,79.567,61.5,1403.7,69.985
8/28/19 12:21,79.567,61.5,1503.7,69.985
8/28/19 12:21,79.567,61.5,1538.7,69.985
8/28/19 12:21,79.567,61.4,1471.2,69.985
8/28/19 12:21,79.567,61.5,1371.2,69.985
8/28/19 12:21,79.567,61.5,1328.7,69.985
8/28/19 12:21,79.567,61.6,1343.7,69.985
8/28/19 12:21,79.567,61.6,1386.2,69.985
8/28/19 12:21,79.567,61.7,1413.7,69.985
8/28/19 12:21,79.567,61.8,1471.2,69.985
8/28/19 12:21,79.567,61.9,1541.2,69.985
8/28/19 12:21,79.567,62,1643.7,69.985
8/28/19 12:21,79.567,62.1,1718.7,69.985
8/28/19 12:21,79.567,62.1,1763.7,69.985
8/28/19 12:21,79.567,62.1,1721.2,69.985
8/28/19 12:21,79.567,62.2,1586.2,69.985
8/28/19 12:21,79.567,62.2,1471.2,69.985
8/28/19 12:22,79.567,62.3,1396.2,69.985
8/28/19 12:22,79.567,62.3,1313.7,69.985
8/28/19 12:22,79.567,62.4,1226.2,69.985
8/28/19 12:22,79.567,62.4,1171.2,69.985
8/28/19 12:22,79.567,62.4,1171.2,69.985
8/28/19 12:22,79.612,62.3,1206.2,69.985
8/28/19 12:22,79.612,62.3,1233.7,69.985
8/28/19 12:22,79.612,62.2,1238.7,69.985
8/28/19 12:22,79.567,62.2,1223.7,69.985
8/28/19 12:22,79.612,62.2,1201.2,69.985
8/28/19 12:22,79.567,62.2,1191.2,69.985
8/28/19 12:22,79.612,62.2,1191.2,69.985
8/28/19 12:22,79.612,62.2,1191.2,69.985
8/28/19 12:22,79.612,62.2,1191.2,69.985
8/28/19 12:22,79.567,62.2,1208.7,69.985
8/28/19 12:22,79.612,62.3,1248.7,69.985
8/28/19 12:22,79.612,62.3,1321.2,69.985
8/28/19 12:22,79.612,62.4,1393.7,69.985
8/28/19 12:22,79.612,62.5,1403.7,69.985
8/28/19 12:22,79.612,62.5,1348.7,69.985
8/28/19 12:22,79.612,62.5,1261.2,69.985
8/28/19 12:22,79.612,62.6,1178.7,69.985
8/28/19 12:22,79.612,62.6,1111.2,69.985
8/28/19 12:22,79.612,62.6,1076.2,69.985
8/28/19 12:22,79.612,62.6,1083.7,69.985
8/28/19 12:22,79.612,62.7,1126.2,69.985
8/28/19 12:22,79.612,62.8,1188.7,69.985
8/28/19 12:22,79.612,62.8,1243.7,69.985
8/28/19 12:22,79.612,62.8,1268.7,69.985
8/28/19 12:22,79.612,62.8,1286.2,69.985
8/28/19 12:22,79.612,62.9,1338.7,69.985
8/28/19 12:22,79.612,62.9,1411.2,69.985
8/28/19 12:22,79.612,63,1411.2,69.985
8/28/19 12:22,79.612,63.1,1326.2,69.985
8/28/19 12:22,79.612,63.1,1206.2,69.985
8/28/19 12:22,79.612,63.2,1136.2,69.985
8/28/19 12:22,79.612,63.4,1143.7,69.985
8/28/19 12:22,79.612,63.5,1208.7,69.985
8/28/19 12:22,79.612,63.6,1291.2,69.985
8/28/19 12:22,79.612,63.7,1338.7,69.985
8/28/19 12:22,79.612,63.9,1333.7,69.985
8/28/19 12:22,79.612,64,1291.2,69.985
8/28/19 12:22,79.612,64,1238.7,69.985
8/28/19 12:22,79.655,64.1,1246.2,69.985
8/28/19 12:22,79.655,64.1,1313.7,69.985
8/28/19 12:22,79.655,64.1,1356.2,69.985
8/28/19 12:22,79.655,64,1283.7,69.985
8/28/19 12:22,79.655,64,1138.7,69.985
8/28/19 12:22,79.655,63.9,1056.2,69.985
8/28/19 12:22,79.655,63.8,1031.2,69.985
8/28/19 12:22,79.655,63.7,1023.7,69.985
8/28/19 12:22,79.655,63.6,1013.7,69.985
8/28/19 12:22,79.655,63.6,1028.7,69.985
8/28/19 12:22,79.655,63.5,1083.7,69.985
8/28/19 12:22,79.655,63.5,1173.7,69.985
8/28/19 12:22,79.655,63.6,1258.7,69.985
8/28/19 12:22,79.655,63.6,1288.7,69.985
8/28/19 12:22,79.655,63.5,1273.7,69.985
8/28/19 12:22,79.655,63.5,1271.2,69.985
8/28/19 12:22,79.655,63.4,1256.2,69.985
8/28/19 12:23,79.655,63.4,1218.7,69.985
8/28/19 12:23,79.655,63.4,1173.7,69.985
8/28/19 12:23,79.655,63.4,1143.7,69.985
8/28/19 12:23,79.612,63.4,1108.7,69.985
8/28/19 12:23,79.612,63.4,1058.7,69.985
8/28/19 12:23,79.612,63.4,1021.2,69.985
8/28/19 12:23,79.612,63.4,1028.7,69.985
8/28/19 12:23,79.612,63.4,1056.2,69.985
8/28/19 12:23,79.612,63.5,1076.2,69.985
8/28/19 12:23,79.612,63.5,1058.7,69.985
8/28/19 12:23,79.612,63.5,1013.7,69.985
8/28/19 12:23,79.612,63.6,978.7,69.985
8/28/19 12:23,79.612,63.6,973.7,69.985
8/28/19 12:23,79.567,63.7,976.2,69.985
8/28/19 12:23,79.567,63.8,998.7,69.985
8/28/19 12:23,79.567,63.9,1023.7,69.985
8/28/19 12:23,79.567,63.9,1053.7,69.985
8/28/19 12:23,79.567,63.8,1081.2,69.985
8/28/19 12:23,79.567,63.8,1096.2,69.985
8/28/19 12:23,79.567,63.7,1103.7,69.985
8/28/19 12:23,79.567,63.7,1128.7,69.985
8/28/19 12:23,79.567,63.6,1151.2,69.985
8/28/19 12:23,79.567,63.6,1136.2,69.985
8/28/19 12:23,79.524,63.6,1078.7,69.985
8/28/19 12:23,79.524,63.6,1036.2,69.985
8/28/19 12:23,79.524,63.6,1016.2,69.985
8/28/19 12:23,79.524,63.6,1008.7,69.985
8/28/19 12:23,79.524,63.6,1013.7,69.985
8/28/19 12:23,79.524,63.6,1023.7,69.985
8/28/19 12:23,79.524,63.6,1031.2,69.985
8/28/19 12:23,79.524,63.7,1028.7,69.985
8/28/19 12:23,79.48,63.8,1021.2,69.985
8/28/19 12:23,79.48,63.8,1031.2,69.985
8/28/19 12:23,79.48,63.9,1033.7,69.985
8/28/19 12:23,79.48,64,1028.7,69.985
8/28/19 12:23,79.48,64,1013.7,69.985
8/28/19 12:23,79.48,64,983.7,69.985
8/28/19 12:23,79.48,64,953.7,69.985
8/28/19 12:23,79.48,64,951.2,69.985
8/28/19 12:23,79.435,64,966.2,69.985
8/28/19 12:23,79.435,63.9,1011.2,69.985
8/28/19 12:23,79.435,63.8,1073.7,69.985
8/28/19 12:23,79.435,63.7,1146.2,69.985
8/28/19 12:23,79.435,63.6,1263.7,69.985
8/28/19 12:23,79.435,63.5,1403.7,69.985
8/28/19 12:23,79.435,63.5,1548.7,69.985
8/28/19 12:23,79.392,63.5,1653.7,69.985
8/28/19 12:23,79.392,63.5,1681.2,69.985
8/28/19 12:23,79.392,63.6,1673.7,69.985
8/28/19 12:23,79.392,63.6,1646.2,69.985
8/28/19 12:23,79.392,63.7,1613.7,69.985
8/28/19 12:23,79.392,63.7,1588.7,69.985
8/28/19 12:23,79.392,63.7,1611.2,69.985
8/28/19 12:23,79.392,63.8,1688.7,69.985
8/28/19 12:23,79.392,63.8,1791.2,69.985
8/28/19 12:23,79.347,63.9,1768.7,69.985
8/28/19 12:23,79.347,64,1638.7,69.985
8/28/19 12:23,79.347,64.1,1471.2,69.985
8/28/19 12:23,79.347,64,1341.2,69.985
8/28/19 12:23,79.347,64.1,1281.2,69.985
8/28/19 12:24,79.347,64.1,1256.2,69.985
8/28/19 12:24,79.347,64.1,1286.2,69.985
8/28/19 12:24,79.347,64.1,1283.7,69.985
8/28/19 12:24,79.347,64.1,1186.2,69.985
8/28/19 12:24,79.347,64.2,1028.7,69.985
8/28/19 12:24,79.347,64.2,926.2,69.985
8/28/19 12:24,79.347,64.2,903.7,69.985
8/28/19 12:24,79.347,64.2,901.2,69.985
8/28/19 12:24,79.347,64.2,903.7,69.985
8/28/19 12:24,79.304,64.2,906.2,69.985
8/28/19 12:24,79.347,64.2,916.2,69.985
8/28/19 12:24,79.347,64.1,936.2,69.985
8/28/19 12:24,79.304,64.1,958.7,69.985
8/28/19 12:24,79.304,64.1,991.2,69.985
8/28/19 12:24,79.304,64,1043.7,69.985
8/28/19 12:24,79.304,64.1,1103.7,69.985
8/28/19 12:24,79.304,64.1,1138.7,69.985
8/28/19 12:24,79.304,64.1,1153.7,69.985
8/28/19 12:24,79.304,64,1168.7,69.985
8/28/19 12:24,79.304,63.8,1173.7,69.985
8/28/19 12:24,79.304,63.7,1176.2,69.985
8/28/19 12:24,79.304,63.6,1193.7,69.985
8/28/19 12:24,79.304,63.6,1228.7,69.985
8/28/19 12:24,79.304,63.6,1266.2,69.985
8/28/19 12:24,79.261,63.5,1303.7,69.985
8/28/19 12:24,79.261,63.5,1351.2,69.985
8/28/19 12:24,79.261,63.6,1371.2,69.985
8/28/19 12:24,79.261,63.6,1391.2,69.985
8/28/19 12:24,79.261,63.6,1358.7,69.985
8/28/19 12:24,79.261,63.6,1276.2,69.985
8/28/19 12:24,79.261,63.7,1173.7,69.985
8/28/19 12:24,79.261,63.8,1136.2,69.985
8/28/19 12:24,79.261,63.9,1143.7,69.985
8/28/19 12:24,79.216,64.1,1148.7,69.985
8/28/19 12:24,79.261,64.1,1146.2,69.985
8/28/19 12:24,79.216,64.1,1118.7,69.985
8/28/19 12:24,79.216,64.1,1073.7,69.985
8/28/19 12:24,79.216,64.1,1008.7,69.985
8/28/19 12:24,79.216,64.2,966.2,69.985
8/28/19 12:24,79.216,64.3,951.2,69.985
8/28/19 12:24,79.216,64.4,961.2,69.985
8/28/19 12:24,79.216,64.5,978.7,69.985
8/28/19 12:24,79.216,64.5,993.7,69.985
8/28/19 12:24,79.216,64.5,1003.7,69.985
8/28/19 12:24,79.216,64.6,1031.2,69.985
8/28/19 12:24,79.216,64.7,1106.2,69.985
8/28/19 12:24,79.216,64.8,1216.2,69.985
8/28/19 12:24,79.216,65,1283.7,69.985
8/28/19 12:24,79.216,65,1243.7,69.985
8/28/19 12:24,79.216,65,1148.7,69.985
8/28/19 12:24,79.216,65,1066.2,69.985
8/28/19 12:24,79.216,65.1,1008.7,69.985
8/28/19 12:24,79.216,65.2,966.2,69.985
8/28/19 12:24,79.216,65.3,938.7,69.985
8/28/19 12:24,79.216,65.3,911.2,69.985
8/28/19 12:24,79.216,65.4,906.2,69.985
8/28/19 12:24,79.216,65.3,898.7,69.985
8/28/19 12:24,79.216,65.2,876.2,69.985
8/28/19 12:24,79.216,65,856.2,69.985
8/28/19 12:24,79.216,65,843.7,69.985
8/28/19 12:25,79.216,64.8,838.7,69.985
8/28/19 12:25,79.216,64.6,833.7,69.985
8/28/19 12:25,79.216,64.5,828.7,69.985
8/28/19 12:25,79.216,64.5,828.7,69.985
8/28/19 12:25,79.173,64.4,833.7,69.985
8/28/19 12:25,79.173,64.4,846.2,69.985
8/28/19 12:25,79.173,64.4,868.7,69.985
8/28/19 12:25,79.173,64.5,921.2,69.985
8/28/19 12:25,79.173,64.4,1003.7,69.985
8/28/19 12:25,79.173,64.6,1083.7,69.985
8/28/19 12:25,79.173,64.6,1126.2,69.985
8/28/19 12:25,79.173,64.7,1133.7,69.985
8/28/19 12:25,79.128,64.9,1131.2,69.985
8/28/19 12:25,79.128,64.9,1136.2,69.985
8/28/19 12:25,79.128,64.9,1116.2,69.985
8/28/19 12:25,79.128,65,1068.7,69.985
8/28/19 12:25,79.128,65.1,1008.7,69.985
8/28/19 12:25,79.128,65.1,978.7,69.985
8/28/19 12:25,79.128,65.1,956.2,69.985
8/28/19 12:25,79.128,65,966.2,69.985
8/28/19 12:25,79.128,64.9,1003.7,69.985
8/28/19 12:25,79.128,64.9,1053.7,69.985
8/28/19 12:25,79.128,64.8,1076.2,69.985
8/28/19 12:25,79.128,64.8,1076.2,69.985
8/28/19 12:25,79.128,64.8,1053.7,69.985
8/28/19 12:25,79.084,64.7,1036.2,69.985
8/28/19 12:25,79.128,64.7,1026.2,69.985
8/28/19 12:25,79.084,64.8,1023.7,69.985
8/28/19 12:25,79.084,64.9,1018.7,69.985
8/28/19 12:25,79.084,64.9,1016.2,69.985
8/28/19 12:25,79.084,64.9,1021.2,69.985
8/28/19 12:25,79.084,65,1058.7,69.985
8/28/19 12:25,79.084,65.1,1058.7,69.985
8/28/19 12:25,79.084,65.2,1013.7,69.985
8/28/19 12:25,79.084,65.3,946.2,69.985
8/28/19 12:25,79.084,65.3,896.2,69.985
8/28/19 12:25,79.084,65.4,863.7,69.985
8/28/19 12:25,79.084,65.4,843.7,69.985
8/28/19 12:25,79.084,65.4,826.2,69.985
8/28/19 12:25,79.084,65.4,818.7,69.985
8/28/19 12:25,79.084,65.5,811.2,69.985
8/28/19 12:25,79.084,65.6,801.2,69.985
8/28/19 12:25,79.084,65.6,798.7,69.985
8/28/19 12:25,79.084,65.8,798.7,69.985
8/28/19 12:25,79.084,65.9,793.7,69.985
8/28/19 12:25,79.084,65.9,793.7,69.985
8/28/19 12:25,79.084,66,791.2,69.985
8/28/19 12:25,79.084,66.1,791.2,69.985
8/28/19 12:25,79.084,66.1,788.7,69.985
8/28/19 12:25,79.084,66.2,788.7,69.985
8/28/19 12:25,79.084,66.2,793.7,69.985
8/28/19 12:25,79.084,66.2,806.2,69.985
8/28/19 12:25,79.084,66.2,823.7,69.985
8/28/19 12:25,79.084,66.1,856.2,69.985
8/28/19 12:25,79.084,66,908.7,69.985
8/28/19 12:25,79.084,65.9,988.7,69.985
8/28/19 12:25,79.084,65.9,1116.2,69.985
8/28/19 12:25,79.084,65.8,1241.2,69.985
8/28/19 12:25,79.084,65.6,1308.7,69.985
8/28/19 12:25,79.084,65.4,1348.7,69.985
8/28/19 12:26,79.084,65.4,1401.2,69.985
8/28/19 12:26,79.084,65.3,1436.2,69.985
8/28/19 12:26,79.084,65.3,1371.2,69.985
8/28/19 12:26,79.084,65.2,1203.7,69.985
8/28/19 12:26,79.084,65.2,1026.2,69.985
8/28/19 12:26,79.084,65.2,941.2,69.985
8/28/19 12:26,79.084,65.2,928.7,69.985
8/28/19 12:26,79.084,65.2,923.7,69.985
8/28/19 12:26,79.084,65.1,886.2,69.985
8/28/19 12:26,79.084,65.1,838.7,69.985
8/28/19 12:26,79.084,65.2,811.2,69.985
8/28/19 12:26,79.084,65.1,801.2,69.985
8/28/19 12:26,79.084,65.1,798.7,69.985
8/28/19 12:26,79.084,65,801.2,69.985
8/28/19 12:26,79.084,64.9,806.2,69.985
8/28/19 12:26,79.084,64.9,813.7,69.985
8/28/19 12:26,79.041,64.8,838.7,69.985
8/28/19 12:26,79.084,64.8,888.7,69.985
8/28/19 12:26,79.041,64.9,921.2,69.985
8/28/19 12:26,79.041,64.9,916.2,69.985
8/28/19 12:26,79.041,64.9,896.2,69.985
8/28/19 12:26,79.041,64.9,876.2,69.985
8/28/19 12:26,79.041,64.9,871.2,69.985
8/28/19 12:26,79.041,64.9,888.7,69.985
8/28/19 12:26,79.041,64.9,943.7,69.985
8/28/19 12:26,79.041,64.9,1083.7,69.985
8/28/19 12:26,79.041,64.9,1316.2,69.985
8/28/19 12:26,79.041,64.9,1591.2,69.985
8/28/19 12:26,79.041,64.9,1778.7,69.985
8/28/19 12:26,79.041,64.9,1788.7,69.985
8/28/19 12:26,79.041,64.9,1633.7,69.985
8/28/19 12:26,79.041,64.9,1438.7,69.985
8/28/19 12:26,79.041,64.9,1318.7,69.985
8/28/19 12:26,79.041,64.9,1308.7,69.985
8/28/19 12:26,79.041,64.9,1386.2,69.985
8/28/19 12:26,79.041,64.9,1468.7,69.985
8/28/19 12:26,79.041,64.9,1468.7,69.985
8/28/19 12:26,79.041,64.9,1441.2,69.985
8/28/19 12:26,79.041,64.8,1371.2,69.985
8/28/19 12:26,79.041,64.7,1246.2,69.985
8/28/19 12:26,79.041,64.6,1138.7,69.985
8/28/19 12:26,79.041,64.6,1096.2,69.985
8/28/19 12:26,79.041,64.6,1091.2,69.985
8/28/19 12:26,79.041,64.6,1083.7,69.985
8/28/19 12:26,79.041,64.5,1046.2,69.985
8/28/19 12:26,79.041,64.6,1031.2,69.985
8/28/19 12:26,79.041,64.6,1003.7,69.985
8/28/19 12:26,79.041,64.6,976.2,69.985
8/28/19 12:26,79.041,64.6,938.7,69.985
8/28/19 12:26,79.041,64.6,933.7,69.985
8/28/19 12:26,79.041,64.7,976.2,69.985
8/28/19 12:26,79.041,64.8,1046.2,69.985
8/28/19 12:26,79.041,64.9,1116.2,69.985
8/28/19 12:26,78.996,64.9,1196.2,69.985
8/28/19 12:26,79.041,65,1261.2,69.985
8/28/19 12:26,79.041,65.1,1236.2,69.985
8/28/19 12:26,79.041,65.2,1133.7,69.985
8/28/19 12:26,79.041,65.3,1018.7,69.985
8/28/19 12:26,79.041,65.4,938.7,69.985
8/28/19 12:26,79.041,65.4,881.2,69.985
8/28/19 12:27,79.041,65.5,851.2,69.985
8/28/19 12:27,79.041,65.6,836.2,69.985
8/28/19 12:27,79.041,65.8,831.2,69.985
8/28/19 12:27,79.084,65.8,831.2,69.985
8/28/19 12:27,79.084,65.8,843.7,69.985
8/28/19 12:27,79.084,66,878.7,69.985
8/28/19 12:27,79.084,66.1,928.7,69.985
8/28/19 12:27,79.084,66.1,966.2,69.985
8/28/19 12:27,79.084,66.2,976.2,69.985
8/28/19 12:27,79.084,66.2,963.7,69.985
8/28/19 12:27,79.084,66.2,966.2,69.985
8/28/19 12:27,79.084,66.2,996.2,69.985
8/28/19 12:27,79.084,66.2,1066.2,69.985
8/28/19 12:27,79.128,66.1,1188.7,69.985
8/28/19 12:27,79.128,66.1,1356.2,69.985
8/28/19 12:27,79.128,66,1491.2,69.985
8/28/19 12:27,79.128,66,1538.7,69.985
8/28/19 12:27,79.128,65.8,1473.7,69.985
8/28/19 12:27,79.128,65.9,1333.7,69.985
8/28/19 12:27,79.128,65.8,1223.7,69.985
8/28/19 12:27,79.128,65.7,1143.7,69.985
8/28/19 12:27,79.128,65.7,1071.2,69.985
8/28/19 12:27,79.128,65.6,996.2,69.985
8/28/19 12:27,79.128,65.6,941.2,69.985
8/28/19 12:27,79.128,65.6,906.2,69.985
8/28/19 12:27,79.128,65.5,883.7,69.985
8/28/19 12:27,79.128,65.5,868.7,69.985
8/28/19 12:27,79.128,65.4,873.7,69.985
8/28/19 12:27,79.128,65.4,913.7,69.985
8/28/19 12:27,79.128,65.4,973.7,69.985
8/28/19 12:27,79.128,65.5,1056.2,69.985
8/28/19 12:27,79.128,65.5,1148.7,69.985
8/28/19 12:27,79.128,65.5,1221.2,69.985
8/28/19 12:27,79.128,65.5,1266.2,69.985
8/28/19 12:27,79.128,65.6,1263.7,69.985
8/28/19 12:27,79.128,65.6,1291.2,69.985
8/28/19 12:27,79.128,65.6,1401.2,69.985
8/28/19 12:27,79.128,65.6,1593.7,69.985
8/28/19 12:27,79.128,65.7,1761.2,69.985
8/28/19 12:27,79.128,65.8,1808.7,69.985
8/28/19 12:27,79.128,65.8,1703.7,69.985
8/28/19 12:27,79.128,65.9,1468.7,69.985
8/28/19 12:27,79.128,65.9,1238.7,69.985
8/28/19 12:27,79.128,65.8,1118.7,69.985
8/28/19 12:27,79.128,65.9,1116.2,69.985
8/28/19 12:27,79.128,65.9,1213.7,69.985
8/28/19 12:27,79.128,65.9,1256.2,69.985
8/28/19 12:27,79.128,65.9,1208.7,69.985
8/28/19 12:27,79.128,65.9,1116.2,69.985
8/28/19 12:27,79.128,65.9,1113.7,69.985
8/28/19 12:27,79.128,66,1321.2,69.985
8/28/19 12:27,79.128,66,1676.2,69.985
8/28/19 12:27,79.128,66,1998.7,69.985
8/28/19 12:27,79.128,66,2161.2,69.985
8/28/19 12:27,79.128,66,2186.2,69.985
8/28/19 12:27,79.128,66,2133.7,69.985
8/28/19 12:27,79.128,65.9,2006.2,69.985
8/28/19 12:27,79.128,65.9,1791.2,69.985
8/28/19 12:27,79.128,65.9,1613.7,69.985
8/28/19 12:27,79.173,65.8,1511.2,69.985
8/28/19 12:28,79.128,65.9,1493.7,69.985
8/28/19 12:28,79.128,65.9,1503.7,69.942
8/28/19 12:28,79.173,65.9,1548.7,69.985
8/28/19 12:28,79.173,65.9,1611.2,69.985
8/28/19 12:28,79.173,65.8,1676.2,69.985
8/28/19 12:28,79.173,65.8,1721.2,69.985
8/28/19 12:28,79.173,65.8,1783.7,69.985
8/28/19 12:28,79.173,65.7,1876.2,69.985
8/28/19 12:28,79.173,65.8,1976.2,69.985
8/28/19 12:28,79.173,65.9,2051.2,69.985
8/28/19 12:28,79.173,65.9,2123.7,69.985
8/28/19 12:28,79.173,66,2136.2,69.985
8/28/19 12:28,79.173,65.9,2108.7,69.985
8/28/19 12:28,79.173,66,2071.2,69.985
8/28/19 12:28,79.173,66,1983.7,69.985
8/28/19 12:28,79.173,66.1,1841.2,69.985
8/28/19 12:28,79.173,66.1,1701.2,69.985
8/28/19 12:28,79.173,66.1,1538.7,69.985
8/28/19 12:28,79.173,66.1,1441.2,69.985
8/28/19 12:28,79.216,66.1,1396.2,69.985
8/28/19 12:28,79.216,66.1,1451.2,69.985
8/28/19 12:28,79.216,66,1531.2,69.985
8/28/19 12:28,79.216,65.9,1608.7,69.985
8/28/19 12:28,79.216,65.8,1686.2,69.985
8/28/19 12:28,79.216,65.6,1761.2,69.985
8/28/19 12:28,79.216,65.5,1838.7,69.985
8/28/19 12:28,79.216,65.4,1866.2,69.985
8/28/19 12:28,79.216,65.2,1768.7,69.985
8/28/19 12:28,79.216,65,1656.2,69.985
8/28/19 12:28,79.216,64.9,1578.7,69.985
8/28/19 12:28,79.216,64.7,1586.2,69.985
8/28/19 12:28,79.216,64.6,1593.7,69.985
8/28/19 12:28,79.216,64.5,1573.7,69.985
8/28/19 12:28,79.216,64.5,1456.2,69.985
8/28/19 12:28,79.216,64.4,1301.2,69.985
8/28/19 12:28,79.216,64.5,1126.2,69.985
8/28/19 12:28,79.216,64.5,1001.2,69.985
8/28/19 12:28,79.216,64.6,938.7,69.985
8/28/19 12:28,79.216,64.5,931.2,69.985
8/28/19 12:28,79.216,64.5,976.2,69.985
8/28/19 12:28,79.216,64.4,1098.7,69.985
8/28/19 12:28,79.216,64.3,1313.7,69.985
8/28/19 12:28,79.216,64.3,1511.2,69.985
8/28/19 12:28,79.216,64.2,1661.2,69.985
8/28/19 12:28,79.216,64.1,1713.7,69.985
8/28/19 12:28,79.216,64,1731.2,69.985
8/28/19 12:28,79.216,64,1731.2,69.985
8/28/19 12:28,79.173,63.9,1743.7,69.985
8/28/19 12:28,79.216,64,1801.2,69.985
8/28/19 12:28,79.173,64,1886.2,69.985
8/28/19 12:28,79.173,64,1981.2,69.985
8/28/19 12:28,79.173,64.1,2028.7,69.985
8/28/19 12:28,79.173,64.3,2046.2,69.985
8/28/19 12:28,79.173,64.3,2058.7,69.985
8/28/19 12:28,79.173,64.4,2063.7,69.985
8/28/19 12:28,79.173,64.6,2063.7,69.985
8/28/19 12:28,79.173,64.5,2053.7,69.985
8/28/19 12:28,79.173,64.5,2048.7,69.985
8/28/19 12:28,79.173,64.7,2053.7,69.985
8/28/19 12:28,79.173,64.7,2056.2,69.985
8/28/19 12:29,79.173,64.8,2056.2,69.985
8/28/19 12:29,79.173,64.8,2053.7,69.985
8/28/19 12:29,79.173,64.9,2048.7,69.985
8/28/19 12:29,79.216,65,2043.7,69.985
8/28/19 12:29,79.216,65,2041.2,69.985
8/28/19 12:29,79.216,65,2038.7,69.985
8/28/19 12:29,79.216,65,2036.2,69.985
8/28/19 12:29,79.216,64.9,2033.7,69.985
8/28/19 12:29,79.216,64.9,2033.7,69.985
8/28/19 12:29,79.216,64.8,2031.2,69.985
8/28/19 12:29,79.216,64.8,2026.2,69.985
8/28/19 12:29,79.216,64.7,2026.2,69.985
8/28/19 12:29,79.261,64.7,2023.7,69.985
8/28/19 12:29,79.261,64.7,2021.2,69.985
8/28/19 12:29,79.261,64.7,2018.7,69.985
8/28/19 12:29,79.261,64.7,2018.7,69.985
8/28/19 12:29,79.261,64.7,2013.7,69.985
8/28/19 12:29,79.261,64.7,2011.2,69.985
8/28/19 12:29,79.261,64.7,2011.2,69.985
8/28/19 12:29,79.261,64.8,2008.7,69.985
8/28/19 12:29,79.304,64.8,2001.2,69.985
8/28/19 12:29,79.304,64.9,1986.2,69.985
8/28/19 12:29,79.304,64.9,1968.7,69.985
8/28/19 12:29,79.304,65,1958.7,69.985
8/28/19 12:29,79.304,65,1968.7,69.985
8/28/19 12:29,79.304,65,1976.2,69.985
8/28/19 12:29,79.304,65,1991.2,69.985
8/28/19 12:29,79.347,65.1,2001.2,69.985
8/28/19 12:29,79.347,65.2,2011.2,69.985
8/28/19 12:29,79.347,65.2,2011.2,69.985
8/28/19 12:29,79.392,65.3,2011.2,69.985
8/28/19 12:29,79.392,65.4,2008.7,69.985
8/28/19 12:29,79.392,65.5,2001.2,69.985
8/28/19 12:29,79.392,65.6,2001.2,69.985
8/28/19 12:29,79.392,65.7,2001.2,69.985
8/28/19 12:29,79.435,65.9,2001.2,69.985
8/28/19 12:29,79.435,66.1,1996.2,69.985
8/28/19 12:29,79.435,66.3,1996.2,69.985
8/28/19 12:29,79.48,66.5,2001.2,69.985
8/28/19 12:29,79.48,66.6,1998.7,69.985
8/28/19 12:29,79.524,66.6,1986.2,69.985
8/28/19 12:29,79.524,66.6,1963.7,69.985
8/28/19 12:29,79.524,66.5,1928.7,69.985
8/28/19 12:29,79.567,66.5,1916.2,69.985
8/28/19 12:29,79.567,66.4,1938.7,69.985
8/28/19 12:29,79.567,66.5,1976.2,69.985
8/28/19 12:29,79.612,66.3,1978.7,69.985
8/28/19 12:29,79.612,66.2,1973.7,69.985
8/28/19 12:29,79.612,66.1,1971.2,69.985
8/28/19 12:29,79.655,65.9,1981.2,69.985
8/28/19 12:29,79.655,65.9,1988.7,69.985
8/28/19 12:29,79.655,65.7,1978.7,69.985
8/28/19 12:29,79.7,65.5,1968.7,69.985
8/28/19 12:29,79.7,65.4,1911.2,69.985
8/28/19 12:29,79.7,65.2,1703.7,69.985
8/28/19 12:29,79.7,65,1458.7,69.985
8/28/19 12:29,79.7,65,1323.7,69.985
8/28/19 12:29,79.743,64.8,1413.7,69.985
8/28/19 12:29,79.743,64.7,1643.7,69.985
8/28/19 12:29,79.743,64.7,1818.7,69.985
8/28/19 12:30,79.743,64.7,1908.7,69.985
8/28/19 12:30,79.743,64.7,1933.7,69.985
8/28/19 12:30,79.743,64.7,1966.2,69.985
8/28/19 12:30,79.743,64.7,1976.2,69.985
8/28/19 12:30,79.788,64.8,1951.2,69.985
8/28/19 12:30,79.788,64.8,1926.2,69.985
8/28/19 12:30,79.788,64.8,1928.7,69.985
8/28/19 12:30,79.788,64.7,1956.2,69.985
8/28/19 12:30,79.788,64.7,1963.7,69.985
8/28/19 12:30,79.788,64.7,1946.2,69.985
8/28/19 12:30,79.831,64.7,1921.2,69.985
8/28/19 12:30,79.831,64.6,1873.7,69.985
8/28/19 12:30,79.831,64.6,1856.2,69.985
8/28/19 12:30,79.831,64.6,1863.7,69.985
8/28/19 12:30,79.831,64.6,1893.7,69.985
8/28/19 12:30,79.876,64.6,1883.7,69.985
8/28/19 12:30,79.876,64.6,1826.2,69.985
8/28/19 12:30,79.876,64.6,1763.7,69.985
8/28/19 12:30,79.876,64.7,1686.2,69.985
8/28/19 12:30,79.876,64.7,1598.7,69.985
8/28/19 12:30,79.876,64.7,1506.2,69.985
8/28/19 12:30,79.92,64.7,1426.2,69.985
8/28/19 12:30,79.92,64.7,1361.2,69.985
8/28/19 12:30,79.92,64.7,1301.2,69.985
8/28/19 12:30,79.92,64.6,1293.7,69.985
8/28/19 12:30,79.92,64.5,1348.7,69.985
8/28/19 12:30,79.92,64.4,1491.2,69.985
8/28/19 12:30,79.963,64.4,1641.2,69.985
8/28/19 12:30,79.92,64.4,1686.2,69.985
8/28/19 12:30,79.963,64.4,1661.2,69.985
8/28/19 12:30,79.963,64.3,1648.7,69.985
8/28/19 12:30,79.963,64.3,1628.7,69.985
8/28/19 12:30,79.963,64.3,1618.7,69.985
8/28/19 12:30,79.963,64.3,1661.2,69.985
8/28/19 12:30,79.963,64.3,1726.2,69.985
8/28/19 12:30,80.008,64.3,1798.7,69.985
8/28/19 12:30,79.963,64.3,1861.2,69.985
8/28/19 12:30,80.008,64.3,1941.2,69.985
8/28/19 12:30,80.008,64.4,1998.7,69.985
8/28/19 12:30,80.008,64.4,2018.7,69.985
8/28/19 12:30,80.008,64.5,2016.2,69.985
8/28/19 12:30,80.008,64.5,2013.7,69.985
8/28/19 12:30,80.008,64.6,2003.7,69.985
8/28/19 12:30,80.008,64.6,2001.2,69.985
8/28/19 12:30,80.008,64.7,1991.2,69.985
8/28/19 12:30,80.051,64.8,1986.2,69.985
8/28/19 12:30,80.051,64.9,1978.7,69.985
8/28/19 12:30,80.051,65,1983.7,69.985
8/28/19 12:30,80.051,65,1983.7,69.985
8/28/19 12:30,80.051,65.1,1981.2,69.985
8/28/19 12:30,80.096,65,1973.7,69.985
8/28/19 12:30,80.096,65,1971.2,69.985
8/28/19 12:30,80.096,65,1961.2,69.985
8/28/19 12:30,80.096,65,1951.2,69.985
8/28/19 12:30,80.096,65,1943.7,69.985
8/28/19 12:30,80.096,65,1946.2,69.985
8/28/19 12:30,80.139,64.9,1946.2,69.985
8/28/19 12:30,80.139,64.8,1943.7,69.985
8/28/19 12:30,80.139,64.8,1941.2,69.985
8/28/19 12:30,80.139,64.9,1928.7,69.985
8/28/19 12:31,80.139,65,1928.7,69.985
8/28/19 12:31,80.184,65,1931.2,69.985
8/28/19 12:31,80.184,65,1938.7,69.985
8/28/19 12:31,80.184,65,1941.2,69.985
8/28/19 12:31,80.184,65,1938.7,69.985
8/28/19 12:31,80.184,65,1938.7,69.985
8/28/19 12:31,80.227,65,1933.7,69.985
8/28/19 12:31,80.227,65,1938.7,69.985
8/28/19 12:31,80.227,65.1,1936.2,69.985
8/28/19 12:31,80.227,65.1,1938.7,69.985
8/28/19 12:31,80.227,65.1,1941.2,69.985
8/28/19 12:31,80.272,65.1,1946.2,69.985
8/28/19 12:31,80.272,65.1,1956.2,69.985
8/28/19 12:31,80.272,65.2,1961.2,69.985
8/28/19 12:31,80.272,65.2,1943.7,69.985
8/28/19 12:31,80.272,65.3,1873.7,69.985
8/28/19 12:31,80.316,65.3,1698.7,69.985
8/28/19 12:31,80.316,65.4,1458.7,69.985
8/28/19 12:31,80.316,65.6,1278.7,69.985
8/28/19 12:31,80.316,65.5,1191.2,69.985
8/28/19 12:31,80.361,65.7,1113.7,69.985
8/28/19 12:31,80.361,65.7,1161.2,69.985
8/28/19 12:31,80.361,65.7,1341.2,69.985
8/28/19 12:31,80.361,65.7,1596.2,69.985
8/28/19 12:31,80.404,65.6,1713.7,69.985
8/28/19 12:31,80.404,65.6,1663.7,69.985
8/28/19 12:31,80.404,65.4,1521.2,69.985
8/28/19 12:31,80.404,65.3,1403.7,69.985
8/28/19 12:31,80.449,65.2,1366.2,69.985
8/28/19 12:31,80.449,65.1,1331.2,69.985
8/28/19 12:31,80.449,65.1,1336.2,69.985
8/28/19 12:31,80.449,64.9,1268.7,69.985
8/28/19 12:31,80.449,64.7,1171.2,69.985
8/28/19 12:31,80.449,64.6,1093.7,69.985
8/28/19 12:31,80.449,64.7,1061.2,69.985
8/28/19 12:31,80.449,64.6,1146.2,69.985
8/28/19 12:31,80.449,64.6,1238.7,69.985
8/28/19 12:31,80.449,64.7,1298.7,69.985
8/28/19 12:31,80.449,64.8,1301.2,69.985
8/28/19 12:31,80.449,64.8,1253.7,69.985
8/28/19 12:31,80.449,64.9,1178.7,69.985
8/28/19 12:31,80.492,64.9,1106.2,69.985
8/28/19 12:31,80.492,64.9,1051.2,69.985
8/28/19 12:31,80.492,65,1063.7,69.985
8/28/19 12:31,80.492,65.1,1133.7,69.985
8/28/19 12:31,80.492,65.1,1236.2,69.985
8/28/19 12:31,80.492,65,1371.2,69.985
8/28/19 12:31,80.492,64.9,1493.7,69.985
8/28/19 12:31,80.492,64.8,1543.7,69.985
8/28/19 12:31,80.492,64.6,1516.2,69.985
8/28/19 12:31,80.492,64.5,1501.2,69.985
8/28/19 12:31,80.492,64.4,1523.7,69.985
8/28/19 12:31,80.492,64.2,1603.7,69.985
8/28/19 12:31,80.492,64.1,1671.2,69.985
8/28/19 12:31,80.492,64,1678.7,69.985
8/28/19 12:31,80.537,63.8,1638.7,69.985
8/28/19 12:31,80.492,63.8,1596.2,69.985
8/28/19 12:31,80.492,63.5,1623.7,69.985
8/28/19 12:31,80.492,63.6,1711.2,69.985
8/28/19 12:31,80.537,63.5,1821.2,69.985
8/28/19 12:32,80.492,63.5,1888.7,69.985
8/28/19 12:32,80.492,63.5,1911.2,69.985
8/28/19 12:32,80.492,63.5,1911.2,69.985
8/28/19 12:32,80.492,63.5,1911.2,69.985
8/28/19 12:32,80.537,63.6,1911.2,69.985
8/28/19 12:32,80.537,63.6,1908.7,69.985
8/28/19 12:32,80.537,63.6,1901.2,69.985
8/28/19 12:32,80.492,63.7,1896.2,69.985
8/28/19 12:32,80.537,63.6,1891.2,69.985
8/28/19 12:32,80.537,63.8,1863.7,69.985
8/28/19 12:32,80.537,63.8,1831.2,69.985
8/28/19 12:32,80.537,63.9,1836.2,69.985
8/28/19 12:32,80.537,64.1,1863.7,69.985
8/28/19 12:32,80.537,64.1,1876.2,69.985
8/28/19 12:32,80.537,64.3,1883.7,69.985
8/28/19 12:32,80.58,64.5,1888.7,70.029
8/28/19 12:32,80.58,64.6,1891.2,69.985
8/28/19 12:32,80.58,64.7,1888.7,69.985
8/28/19 12:32,80.58,64.7,1883.7,69.985
8/28/19 12:32,80.625,64.7,1883.7,70.029
8/28/19 12:32,80.625,64.6,1878.7,69.985
8/28/19 12:32,80.625,64.6,1883.7,69.985
8/28/19 12:32,80.625,64.5,1881.2,70.029
8/28/19 12:32,80.625,64.4,1876.2,69.985
8/28/19 12:32,80.625,64.3,1876.2,69.985
8/28/19 12:32,80.625,64.3,1856.2,69.985
8/28/19 12:32,80.668,64.3,1831.2,69.985
8/28/19 12:32,80.668,64.4,1803.7,69.985
8/28/19 12:32,80.668,64.4,1793.7,69.985
8/28/19 12:32,80.668,64.4,1821.2,69.985
8/28/19 12:32,80.668,64.4,1853.7,69.985
8/28/19 12:32,80.668,64.3,1871.2,70.029
8/28/19 12:32,80.713,64.2,1873.7,69.985
8/28/19 12:32,80.713,64.2,1871.2,69.985
8/28/19 12:32,80.713,64.1,1871.2,69.985
8/28/19 12:32,80.713,64.1,1871.2,69.985
8/28/19 12:32,80.713,64.1,1871.2,69.985
8/28/19 12:32,80.713,64.2,1866.2,69.985
8/28/19 12:32,80.713,64.2,1866.2,69.985
8/28/19 12:32,80.757,64.3,1863.7,70.029
8/28/19 12:32,80.757,64.3,1866.2,69.985
8/28/19 12:32,80.757,64.4,1863.7,70.029
8/28/19 12:32,80.757,64.5,1863.7,70.029
8/28/19 12:32,80.802,64.5,1863.7,69.985
8/28/19 12:32,80.757,64.7,1863.7,70.029
8/28/19 12:32,80.802,64.7,1863.7,70.029
8/28/19 12:32,80.802,64.7,1863.7,70.029
8/28/19 12:32,80.802,64.7,1861.2,69.985
8/28/19 12:32,80.802,64.5,1858.7,69.985
8/28/19 12:32,80.845,64.4,1858.7,69.985
8/28/19 12:32,80.845,64.2,1858.7,69.985
8/28/19 12:32,80.845,64.1,1858.7,70.029
8/28/19 12:32,80.845,63.9,1856.2,70.029
8/28/19 12:32,80.845,63.8,1858.7,70.029
8/28/19 12:32,80.845,63.7,1856.2,69.985
8/28/19 12:32,80.845,63.5,1856.2,70.029
8/28/19 12:32,80.845,63.4,1856.2,70.029
8/28/19 12:32,80.89,63.3,1856.2,70.029
8/28/19 12:32,80.89,63.3,1853.7,70.029
8/28/19 12:32,80.89,63.2,1851.2,70.029
8/28/19 12:33,80.89,63.2,1851.2,70.029
8/28/19 12:33,80.89,63.2,1853.7,70.029
8/28/19 12:33,80.89,63.2,1853.7,70.029
8/28/19 12:33,80.89,63.1,1851.2,70.029
8/28/19 12:33,80.89,63.1,1853.7,70.029
8/28/19 12:33,80.89,63.1,1853.7,70.029
8/28/19 12:33,80.89,63.2,1848.7,70.029
8/28/19 12:33,80.89,63.2,1853.7,70.029
8/28/19 12:33,80.89,63.2,1856.2,70.029
8/28/19 12:33,80.935,63.3,1853.7,70.029
8/28/19 12:33,80.935,63.4,1851.2,70.029
8/28/19 12:33,80.935,63.5,1858.7,69.985
8/28/19 12:33,80.935,63.6,1856.2,70.029
8/28/19 12:33,80.935,63.6,1853.7,70.029
8/28/19 12:33,80.935,63.7,1853.7,70.029
8/28/19 12:33,80.935,63.6,1848.7,70.029
8/28/19 12:33,80.935,63.5,1848.7,70.029
8/28/19 12:33,80.978,63.5,1851.2,70.029
8/28/19 12:33,80.978,63.4,1856.2,70.029
8/28/19 12:33,80.978,63.5,1856.2,70.029
8/28/19 12:33,80.978,63.6,1858.7,70.029
8/28/19 12:33,80.978,63.7,1858.7,70.029
8/28/19 12:33,80.978,63.6,1858.7,70.029
8/28/19 12:33,80.978,63.8,1856.2,70.029
8/28/19 12:33,81.023,63.9,1863.7,69.985
8/28/19 12:33,81.023,64,1861.2,70.029
8/28/19 12:33,81.023,64.1,1861.2,70.029
8/28/19 12:33,81.023,64.2,1861.2,70.029
8/28/19 12:33,81.023,64.2,1851.2,70.029
8/28/19 12:33,81.023,64.1,1846.2,70.029
8/28/19 12:33,81.023,63.9,1843.7,70.029
8/28/19 12:33,81.066,63.8,1851.2,70.029
8/28/19 12:33,81.066,63.6,1851.2,70.029
8/28/19 12:33,81.066,63.5,1828.7,70.029
8/28/19 12:33,81.066,63.3,1801.2,70.029
8/28/19 12:33,81.066,63.3,1778.7,70.029
8/28/19 12:33,81.066,63.3,1766.2,70.029
8/28/19 12:33,81.066,63.3,1761.2,70.029
8/28/19 12:33,81.066,63.5,1776.2,70.029
8/28/19 12:33,81.066,63.6,1793.7,70.029
8/28/19 12:33,81.066,63.6,1818.7,70.029
8/28/19 12:33,81.066,63.5,1851.2,70.029
8/28/19 12:33,81.066,63.4,1871.2,70.029
8/28/19 12:33,81.111,63.3,1873.7,70.029
8/28/19 12:33,81.066,63.2,1866.2,70.029
8/28/19 12:33,81.111,63.1,1836.2,70.029
8/28/19 12:33,81.111,63,1768.7,70.029
8/28/19 12:33,81.111,62.8,1723.7,70.029
8/28/19 12:33,81.111,62.7,1706.2,70.029
8/28/19 12:33,81.111,62.4,1731.2,70.029
8/28/19 12:33,81.111,62.3,1786.2,70.029
8/28/19 12:33,81.111,62.1,1828.7,70.029
8/28/19 12:33,81.111,62.2,1858.7,70.029
8/28/19 12:33,81.066,62.1,1858.7,70.029
8/28/19 12:33,81.111,62.3,1866.2,70.029
8/28/19 12:33,81.066,62.3,1876.2,70.029
8/28/19 12:33,81.066,62.3,1891.2,70.029
8/28/19 12:33,81.066,62.2,1901.2,70.029
8/28/19 12:33,81.066,62,1903.7,70.029
8/28/19 12:33,81.066,61.7,1906.2,70.029
8/28/19 12:34,81.066,61.5,1903.7,70.029
8/28/19 12:34,81.066,61.2,1893.7,70.029
8/28/19 12:34,81.066,61.1,1878.7,70.029
8/28/19 12:34,81.066,61,1816.2,70.029
8/28/19 12:34,81.066,60.9,1733.7,70.029
8/28/19 12:34,81.023,60.8,1683.7,70.029
8/28/19 12:34,81.023,60.8,1686.2,70.029
8/28/19 12:34,81.023,60.8,1693.7,70.029
8/28/19 12:34,81.023,60.9,1678.7,70.029
8/28/19 12:34,81.023,60.9,1653.7,70.029
8/28/19 12:34,80.978,60.9,1651.2,70.029
8/28/19 12:34,80.978,60.9,1658.7,70.029
8/28/19 12:34,80.978,60.9,1698.7,70.029
8/28/19 12:34,80.978,60.9,1718.7,70.029
8/28/19 12:34,80.935,60.9,1631.2,70.029
8/28/19 12:34,80.935,61.1,1528.7,70.029
8/28/19 12:34,80.935,61.2,1463.7,70.029
8/28/19 12:34,80.935,61.2,1468.7,70.029
8/28/19 12:34,80.935,61.3,1513.7,70.029
8/28/19 12:34,80.935,61.5,1593.7,70.029
8/28/19 12:34,80.89,61.7,1658.7,70.029
8/28/19 12:34,80.89,61.7,1678.7,70.029
8/28/19 12:34,80.89,61.8,1673.7,70.029
8/28/19 12:34,80.89,61.8,1683.7,70.029
8/28/19 12:34,80.89,61.8,1718.7,70.029
8/28/19 12:34,80.89,61.7,1743.7,70.029
8/28/19 12:34,80.89,61.7,1753.7,70.029
8/28/19 12:34,80.89,61.7,1758.7,70.029
8/28/19 12:34,80.89,61.7,1758.7,70.029
8/28/19 12:34,80.845,61.8,1768.7,70.029
8/28/19 12:34,80.845,61.8,1786.2,70.029
8/28/19 12:34,80.845,61.8,1803.7,70.029
8/28/19 12:34,80.845,61.7,1806.2,70.029
8/28/19 12:34,80.845,61.7,1816.2,70.029
8/28/19 12:34,80.845,61.7,1813.7,70.029
8/28/19 12:34,80.845,61.8,1813.7,70.029
8/28/19 12:34,80.845,61.8,1808.7,70.029
8/28/19 12:34,80.802,61.8,1803.7,70.029
8/28/19 12:34,80.802,61.8,1803.7,70.029
8/28/19 12:34,80.802,61.9,1806.2,70.029
8/28/19 12:34,80.802,61.8,1813.7,70.029
8/28/19 12:34,80.802,61.7,1808.7,70.029
8/28/19 12:34,80.802,61.6,1813.7,70.029
8/28/19 12:34,80.802,61.5,1811.2,70.029
8/28/19 12:34,80.802,61.4,1811.2,70.029
8/28/19 12:34,80.757,61.3,1808.7,70.029
8/28/19 12:34,80.757,61.2,1808.7,70.029
8/28/19 12:34,80.757,61.2,1808.7,70.029
8/28/19 12:34,80.757,61.2,1806.2,70.029
8/28/19 12:34,80.713,61.1,1803.7,70.029
8/28/19 12:34,80.713,61.2,1798.7,70.029
8/28/19 12:34,80.713,61.1,1796.2,70.029
8/28/19 12:34,80.713,60.9,1793.7,70.029
8/28/19 12:34,80.713,60.8,1796.2,70.029
8/28/19 12:34,80.668,60.7,1796.2,70.029
8/28/19 12:34,80.668,60.7,1796.2,70.029
8/28/19 12:34,80.668,60.7,1793.7,70.029
8/28/19 12:34,80.668,60.8,1788.7,70.029
8/28/19 12:34,80.625,60.8,1786.2,70.029
8/28/19 12:34,80.625,60.9,1786.2,70.029
8/28/19 12:35,80.625,60.9,1783.7,70.029
8/28/19 12:35,80.625,61.1,1783.7,70.029
8/28/19 12:35,80.625,61.2,1781.2,70.029
8/28/19 12:35,80.58,61.2,1778.7,70.029
8/28/19 12:35,80.58,61.3,1781.2,70.029
8/28/19 12:35,80.58,61.4,1778.7,70.029
8/28/19 12:35,80.58,61.4,1773.7,70.029
8/28/19 12:35,80.58,61.4,1761.2,70.029
8/28/19 12:35,80.58,61.3,1733.7,70.029
8/28/19 12:35,80.537,61.3,1713.7,70.029
8/28/19 12:35,80.537,61.2,1716.2,70.029
8/28/19 12:35,80.537,61.1,1731.2,70.029
8/28/19 12:35,80.537,61.2,1743.7,70.029
8/28/19 12:35,80.537,61.1,1751.2,70.029
8/28/19 12:35,80.492,60.9,1753.7,70.029
8/28/19 12:35,80.492,60.9,1751.2,70.029
8/28/19 12:35,80.492,60.8,1751.2,70.029
8/28/19 12:35,80.492,60.8,1746.2,70.029
8/28/19 12:35,80.492,60.8,1741.2,70.029
8/28/19 12:35,80.492,60.8,1738.7,70.029
8/28/19 12:35,80.449,60.9,1736.2,70.029
8/28/19 12:35,80.449,60.9,1743.7,70.029
8/28/19 12:35,80.449,61.1,1743.7,70.029
8/28/19 12:35,80.449,61.1,1748.7,70.029
8/28/19 12:35,80.449,61.1,1751.2,70.029
8/28/19 12:35,80.449,61.3,1753.7,70.029
8/28/19 12:35,80.404,61.4,1756.2,70.029
8/28/19 12:35,80.404,61.6,1756.2,70.029
8/28/19 12:35,80.404,61.6,1753.7,70.029
8/28/19 12:35,80.404,61.8,1753.7,70.029
8/28/19 12:35,80.404,61.9,1751.2,70.029
8/28/19 12:35,80.404,62,1753.7,70.029
8/28/19 12:35,80.404,62,1751.2,70.029
8/28/19 12:35,80.404,62.2,1751.2,70.029
8/28/19 12:35,80.404,62,1746.2,70.029
8/28/19 12:35,80.404,62.1,1746.2,70.029
8/28/19 12:35,80.404,62.1,1743.7,70.029
8/28/19 12:35,80.404,61.9,1741.2,70.029
8/28/19 12:35,80.404,61.9,1743.7,70.029
8/28/19 12:35,80.404,61.9,1743.7,70.029
8/28/19 12:35,80.404,62,1743.7,70.029
8/28/19 12:35,80.404,62.2,1746.2,70.029
8/28/19 12:35,80.404,62.1,1748.7,70.029
8/28/19 12:35,80.404,62.2,1748.7,70.029
8/28/19 12:35,80.404,62,1746.2,70.029
8/28/19 12:35,80.404,61.9,1741.2,70.029
8/28/19 12:35,80.404,61.9,1738.7,70.029
8/28/19 12:35,80.404,61.8,1736.2,70.029
8/28/19 12:35,80.404,61.6,1736.2,70.029
8/28/19 12:35,80.404,61.6,1733.7,70.029
8/28/19 12:35,80.361,61.6,1733.7,70.029
8/28/19 12:35,80.404,61.6,1733.7,70.029
8/28/19 12:35,80.361,61.6,1731.2,70.029
8/28/19 12:35,80.361,61.6,1731.2,70.029
8/28/19 12:35,80.361,61.5,1733.7,70.029
8/28/19 12:35,80.361,61.6,1733.7,70.029
8/28/19 12:35,80.361,61.7,1731.2,70.029
8/28/19 12:35,80.361,61.8,1733.7,70.029
8/28/19 12:35,80.361,61.8,1728.7,70.029
8/28/19 12:35,80.361,61.7,1726.2,70.029
8/28/19 12:36,80.361,61.6,1726.2,70.029
8/28/19 12:36,80.361,61.5,1728.7,70.029
8/28/19 12:36,80.361,61.6,1726.2,70.029
8/28/19 12:36,80.361,61.5,1731.2,70.029
8/28/19 12:36,80.361,61.5,1731.2,70.029
8/28/19 12:36,80.361,61.6,1733.7,70.029
8/28/19 12:36,80.361,61.6,1731.2,70.029
8/28/19 12:36,80.361,61.6,1731.2,70.029
8/28/19 12:36,80.361,61.6,1731.2,70.029
8/28/19 12:36,80.361,61.7,1731.2,70.029
8/28/19 12:36,80.361,61.9,1731.2,70.029
8/28/19 12:36,80.361,62.1,1726.2,70.029
8/28/19 12:36,80.361,62.2,1728.7,70.029
8/28/19 12:36,80.361,62.5,1726.2,70.029
8/28/19 12:36,80.404,62.7,1721.2,70.029
8/28/19 12:36,80.404,62.9,1723.7,70.029
8/28/19 12:36,80.404,63.1,1716.2,70.029
8/28/19 12:36,80.404,63.2,1713.7,70.029
8/28/19 12:36,80.404,63.3,1711.2,70.029
8/28/19 12:36,80.404,63.5,1711.2,70.029
8/28/19 12:36,80.449,63.6,1708.7,70.029
8/28/19 12:36,80.449,63.6,1711.2,70.029
8/28/19 12:36,80.449,63.8,1711.2,70.029
8/28/19 12:36,80.449,63.9,1716.2,70.029
8/28/19 12:36,80.492,64,1718.7,70.029
8/28/19 12:36,80.492,64.1,1721.2,70.029
8/28/19 12:36,80.492,64.2,1726.2,70.029
8/28/19 12:36,80.492,64.2,1726.2,70.029
8/28/19 12:36,80.537,64.2,1728.7,70.029
8/28/19 12:36,80.537,64.1,1733.7,70.029
8/28/19 12:36,80.537,64,1733.7,70.029
8/28/19 12:36,80.537,63.8,1733.7,70.029
8/28/19 12:36,80.58,63.7,1738.7,70.029
8/28/19 12:36,80.58,63.6,1736.2,70.029
8/28/19 12:36,80.58,63.5,1741.2,70.029
8/28/19 12:36,80.58,63.4,1741.2,70.029
8/28/19 12:36,80.625,63.3,1743.7,70.029
8/28/19 12:36,80.625,63.3,1746.2,70.029
8/28/19 12:36,80.625,63.3,1748.7,70.029
8/28/19 12:36,80.625,63.4,1748.7,70.029
8/28/19 12:36,80.625,63.5,1748.7,70.029
8/28/19 12:36,80.625,63.5,1751.2,70.029
8/28/19 12:36,80.668,63.6,1756.2,70.029
8/28/19 12:36,80.668,63.7,1758.7,70.029
8/28/19 12:36,80.668,63.7,1758.7,70.029
8/28/19 12:36,80.668,63.7,1761.2,70.029
8/28/19 12:36,80.713,63.7,1761.2,70.029
8/28/19 12:36,80.713,63.8,1763.7,70.029
8/28/19 12:36,80.713,63.9,1761.2,70.029
8/28/19 12:36,80.757,64,1761.2,70.029
8/28/19 12:36,80.757,64,1761.2,70.029
8/28/19 12:36,80.757,64,1763.7,70.029
8/28/19 12:36,80.757,63.8,1763.7,70.029
8/28/19 12:36,80.757,63.6,1763.7,70.029
8/28/19 12:36,80.802,63.3,1771.2,70.029
8/28/19 12:36,80.802,63.1,1771.2,70.029
8/28/19 12:36,80.802,62.9,1768.7,70.029
8/28/19 12:36,80.802,62.7,1773.7,70.029
8/28/19 12:36,80.802,62.6,1771.2,70.029
8/28/19 12:36,80.802,62.5,1771.2,70.029
8/28/19 12:37,80.802,62.4,1768.7,70.029
8/28/19 12:37,80.802,62.3,1763.7,70.029
8/28/19 12:37,80.845,62.3,1758.7,70.029
8/28/19 12:37,80.845,62.3,1753.7,70.029
8/28/19 12:37,80.802,62.4,1751.2,70.029
8/28/19 12:37,80.845,62.4,1741.2,70.029
8/28/19 12:37,80.802,62.4,1738.7,70.029
8/28/19 12:37,80.845,62.4,1733.7,70.029
8/28/19 12:37,80.845,62.5,1733.7,70.029
8/28/19 12:37,80.845,62.6,1731.2,70.029
8/28/19 12:37,80.845,62.6,1731.2,70.029
8/28/19 12:37,80.845,62.6,1738.7,70.029
8/28/19 12:37,80.845,62.5,1743.7,70.029
8/28/19 12:37,80.845,62.4,1748.7,70.029
8/28/19 12:37,80.845,62.3,1751.2,70.029
8/28/19 12:37,80.845,62.1,1748.7,70.029
8/28/19 12:37,80.845,62.1,1748.7,70.029
8/28/19 12:37,80.845,62,1748.7,70.029
8/28/19 12:37,80.845,62,1751.2,70.029
8/28/19 12:37,80.845,62,1751.2,70.029
8/28/19 12:37,80.845,62,1756.2,70.029
8/28/19 12:37,80.845,62,1756.2,70.029
8/28/19 12:37,80.845,62,1756.2,70.029
8/28/19 12:37,80.845,62,1758.7,70.029
8/28/19 12:37,80.845,62.1,1758.7,70.029
8/28/19 12:37,80.845,62.2,1756.2,70.029
8/28/19 12:37,80.845,62.2,1753.7,70.029
8/28/19 12:37,80.845,62.3,1753.7,70.029
8/28/19 12:37,80.845,62.4,1753.7,70.029
8/28/19 12:37,80.845,62.6,1753.7,70.029
8/28/19 12:37,80.845,62.6,1756.2,70.029
8/28/19 12:37,80.845,62.8,1756.2,70.029
8/28/19 12:37,80.845,63,1756.2,70.029
8/28/19 12:37,80.845,63.1,1758.7,70.029
8/28/19 12:37,80.845,63.2,1753.7,70.029
8/28/19 12:37,80.845,63.2,1753.7,70.029
8/28/19 12:37,80.845,63.2,1751.2,70.029
8/28/19 12:37,80.89,63.2,1753.7,70.029
8/28/19 12:37,80.89,63.2,1748.7,70.029
8/28/19 12:37,80.89,63.2,1753.7,70.029
8/28/19 12:37,80.89,63,1753.7,70.029
8/28/19 12:37,80.89,62.9,1751.2,70.029
8/28/19 12:37,80.89,62.8,1751.2,70.029
8/28/19 12:37,80.89,62.7,1753.7,70.029
8/28/19 12:37,80.89,62.6,1753.7,70.029
8/28/19 12:37,80.89,62.7,1753.7,70.029
8/28/19 12:37,80.935,62.5,1753.7,70.029
8/28/19 12:37,80.935,62.4,1756.2,70.029
8/28/19 12:37,80.89,62.4,1756.2,70.029
8/28/19 12:37,80.935,62.3,1756.2,70.029
8/28/19 12:37,80.935,62.3,1758.7,70.029
8/28/19 12:37,80.935,62.3,1758.7,70.029
8/28/19 12:37,80.935,62.3,1756.2,70.029
8/28/19 12:37,80.935,62.4,1758.7,70.029
8/28/19 12:37,80.935,62.4,1758.7,70.029
8/28/19 12:37,80.935,62.4,1758.7,70.029
8/28/19 12:37,80.935,62.4,1761.2,70.029
8/28/19 12:37,80.935,62.3,1761.2,70.029
8/28/19 12:37,80.935,62.3,1763.7,70.029
8/28/19 12:37,80.935,62.4,1766.2,70.029
8/28/19 12:38,80.935,62.5,1763.7,70.029
8/28/19 12:38,80.935,62.6,1761.2,70.029
8/28/19 12:38,80.935,62.7,1761.2,70.029
8/28/19 12:38,80.935,62.6,1763.7,70.029
8/28/19 12:38,80.935,62.7,1761.2,70.029
8/28/19 12:38,80.935,62.9,1758.7,70.029
8/28/19 12:38,80.935,63,1756.2,70.029
8/28/19 12:38,80.978,63.1,1756.2,70.029
8/28/19 12:38,80.978,63.1,1756.2,70.029
8/28/19 12:38,80.978,63.2,1753.7,70.072
8/28/19 12:38,80.978,63.1,1756.2,70.029
8/28/19 12:38,80.978,63.1,1751.2,70.029
8/28/19 12:38,80.978,63.1,1751.2,70.029
8/28/19 12:38,80.978,63.1,1751.2,70.072
8/28/19 12:38,80.978,63.1,1748.7,70.029
8/28/19 12:38,81.023,63.2,1748.7,70.072
8/28/19 12:38,81.023,63.2,1748.7,70.029
8/28/19 12:38,81.023,63.2,1751.2,70.029
8/28/19 12:38,81.023,63.2,1751.2,70.029
8/28/19 12:38,81.023,63,1751.2,70.029
8/28/19 12:38,81.066,62.9,1751.2,70.029
8/28/19 12:38,81.023,62.7,1751.2,70.029
8/28/19 12:38,81.066,62.7,1751.2,70.072
8/28/19 12:38,81.066,62.6,1753.7,70.029
8/28/19 12:38,81.066,62.5,1753.7,70.072
8/28/19 12:38,81.066,62.4,1756.2,70.029
8/28/19 12:38,81.066,62.4,1761.2,70.029
8/28/19 12:38,81.066,62.4,1761.2,70.029
8/28/19 12:38,81.066,62.4,1761.2,70.029
8/28/19 12:38,81.066,62.4,1763.7,70.072
8/28/19 12:38,81.066,62.5,1761.2,70.029
8/28/19 12:38,81.066,62.6,1763.7,70.029
8/28/19 12:38,81.066,62.6,1766.2,70.029
8/28/19 12:38,81.066,62.6,1766.2,70.072
8/28/19 12:38,81.066,62.6,1766.2,70.029
8/28/19 12:38,81.066,62.6,1768.7,70.072
8/28/19 12:38,81.066,62.6,1766.2,70.029
8/28/19 12:38,81.066,62.7,1766.2,70.029
8/28/19 12:38,81.111,62.7,1766.2,70.029
8/28/19 12:38,81.066,62.8,1768.7,70.029
8/28/19 12:38,81.066,62.9,1768.7,70.029
8/28/19 12:38,81.111,62.9,1763.7,70.072
8/28/19 12:38,81.111,62.9,1766.2,70.029
8/28/19 12:38,81.111,62.7,1766.2,70.029
8/28/19 12:38,81.111,62.7,1768.7,70.029
8/28/19 12:38,81.111,62.6,1766.2,70.029
8/28/19 12:38,81.111,62.7,1766.2,70.072
8/28/19 12:38,81.111,62.6,1766.2,70.029
8/28/19 12:38,81.111,62.6,1768.7,70.029
8/28/19 12:38,81.111,62.5,1766.2,70.029
8/28/19 12:38,81.111,62.4,1763.7,70.029
8/28/19 12:38,81.111,62.3,1768.7,70.029
8/28/19 12:38,81.111,62.3,1766.2,70.072
8/28/19 12:38,81.111,62.2,1771.2,70.072
8/28/19 12:38,81.111,62.1,1768.7,70.072
8/28/19 12:38,81.111,62.1,1768.7,70.029
8/28/19 12:38,81.111,62,1768.7,70.072
8/28/19 12:38,81.111,62,1768.7,70.072
8/28/19 12:38,81.111,61.8,1768.7,70.029
8/28/19 12:38,81.111,61.7,1763.7,70.029
8/28/19 12:39,81.066,61.6,1766.2,70.072
8/28/19 12:39,81.066,61.4,1766.2,70.072
8/28/19 12:39,81.066,61.2,1768.7,70.072
8/28/19 12:39,81.066,61.2,1768.7,70.072
8/28/19 12:39,81.066,61.1,1766.2,70.072
8/28/19 12:39,81.066,61.1,1763.7,70.072
8/28/19 12:39,81.066,61,1763.7,70.072
8/28/19 12:39,81.023,61,1761.2,70.029
8/28/19 12:39,81.023,61.1,1758.7,70.072
8/28/19 12:39,81.023,61.2,1761.2,70.029
8/28/19 12:39,81.023,61.2,1756.2,70.072
8/28/19 12:39,81.023,61.4,1753.7,70.072
8/28/19 12:39,81.023,61.5,1756.2,70.072
8/28/19 12:39,80.978,61.7,1748.7,70.072
8/28/19 12:39,80.978,61.7,1751.2,70.072
8/28/19 12:39,80.978,61.8,1751.2,70.072
8/28/19 12:39,80.978,61.8,1753.7,70.072
8/28/19 12:39,80.978,62,1753.7,70.072
8/28/19 12:39,80.978,62.1,1751.2,70.072
8/28/19 12:39,80.978,62.2,1748.7,70.072
8/28/19 12:39,80.978,62.4,1753.7,70.072
8/28/19 12:39,80.978,62.6,1751.2,70.072
8/28/19 12:39,80.978,62.7,1753.7,70.072
8/28/19 12:39,80.978,63,1753.7,70.072
8/28/19 12:39,80.978,63.1,1751.2,70.072
8/28/19 12:39,80.978,63.2,1753.7,70.072
8/28/19 12:39,80.978,63.2,1751.2,70.072
8/28/19 12:39,80.978,63.2,1751.2,70.029
8/28/19 12:39,81.023,63.2,1751.2,70.072
8/28/19 12:39,81.023,63.2,1751.2,70.072
8/28/19 12:39,81.023,63.2,1751.2,70.072
8/28/19 12:39,81.023,63.2,1753.7,70.072
8/28/19 12:39,81.023,63.1,1753.7,70.072
8/28/19 12:39,81.023,63.1,1753.7,70.072
8/28/19 12:39,81.023,63.1,1753.7,70.072
8/28/19 12:39,81.023,63.2,1753.7,70.072
8/28/19 12:39,81.023,63.1,1751.2,70.072
8/28/19 12:39,81.023,63.2,1751.2,70.072
8/28/19 12:39,81.023,63.2,1751.2,70.072
8/28/19 12:39,81.023,63.2,1751.2,70.072
8/28/19 12:39,81.023,63.3,1751.2,70.072
8/28/19 12:39,81.066,63.3,1748.7,70.072
8/28/19 12:39,81.066,63.4,1751.2,70.072
8/28/19 12:39,81.066,63.5,1753.7,70.072
8/28/19 12:39,81.066,63.6,1753.7,70.072
8/28/19 12:39,81.066,63.7,1753.7,70.072
8/28/19 12:39,81.066,63.7,1758.7,70.072
8/28/19 12:39,81.066,63.8,1758.7,70.072
8/28/19 12:39,81.066,63.9,1753.7,70.072
8/28/19 12:39,81.066,64.1,1758.7,70.072
8/28/19 12:39,81.111,64.2,1758.7,70.072
8/28/19 12:39,81.111,64.2,1758.7,70.072
8/28/19 12:39,81.111,64.4,1758.7,70.072
8/28/19 12:39,81.111,64.5,1761.2,70.072
8/28/19 12:39,81.111,64.4,1756.2,70.072
8/28/19 12:39,81.154,64.4,1761.2,70.072
8/28/19 12:39,81.154,64.2,1758.7,70.072
8/28/19 12:39,81.154,64.2,1736.2,70.072
8/28/19 12:39,81.154,64.1,1723.7,70.072
8/28/19 12:39,81.154,64.2,1746.2,70.072
8/28/19 12:40,81.154,64.2,1758.7,70.072
8/28/19 12:40,81.154,64.2,1768.7,70.072
8/28/19 12:40,81.199,64.2,1771.2,70.072
8/28/19 12:40,81.199,64.2,1768.7,70.072
8/28/19 12:40,81.199,64.2,1768.7,70.072
8/28/19 12:40,81.199,64.1,1768.7,70.072
8/28/19 12:40,81.199,64.2,1763.7,70.072
8/28/19 12:40,81.199,64.3,1768.7,70.072
8/28/19 12:40,81.199,64.4,1763.7,70.072
8/28/19 12:40,81.244,64.5,1763.7,70.072
8/28/19 12:40,81.244,64.6,1763.7,70.072
8/28/19 12:40,81.244,64.6,1761.2,70.072
8/28/19 12:40,81.244,64.7,1763.7,70.072
8/28/19 12:40,81.244,64.7,1758.7,70.072
8/28/19 12:40,81.288,64.6,1761.2,70.072
8/28/19 12:40,81.288,64.4,1758.7,70.072
8/28/19 12:40,81.288,64.2,1758.7,70.072
8/28/19 12:40,81.288,64.1,1758.7,70.072
8/28/19 12:40,81.288,64,1756.2,70.072
8/28/19 12:40,81.288,63.9,1756.2,70.072
8/28/19 12:40,81.288,63.9,1753.7,70.072
8/28/19 12:40,81.288,63.8,1756.2,70.072
8/28/19 12:40,81.288,63.8,1753.7,70.072
8/28/19 12:40,81.288,63.7,1753.7,70.072
8/28/19 12:40,81.333,63.7,1753.7,70.072
8/28/19 12:40,81.333,63.7,1753.7,70.072
8/28/19 12:40,81.333,63.7,1753.7,70.072
8/28/19 12:40,81.333,63.7,1753.7,70.072
8/28/19 12:40,81.333,63.6,1758.7,70.072
8/28/19 12:40,81.333,63.5,1758.7,70.072
8/28/19 12:40,81.333,63.4,1756.2,70.072
8/28/19 12:40,81.333,63.3,1761.2,70.072
8/28/19 12:40,81.333,63.2,1761.2,70.072
8/28/19 12:40,81.333,63.2,1763.7,70.072
8/28/19 12:40,81.333,63,1763.7,70.072
8/28/19 12:40,81.333,62.7,1763.7,70.072
8/28/19 12:40,81.333,62.5,1763.7,70.072
8/28/19 12:40,81.333,62.2,1763.7,70.072
8/28/19 12:40,81.333,62,1763.7,70.072
8/28/19 12:40,81.288,61.8,1763.7,70.072
8/28/19 12:40,81.288,61.7,1763.7,70.072
8/28/19 12:40,81.288,61.5,1761.2,70.072
8/28/19 12:40,81.288,61.5,1761.2,70.072
8/28/19 12:40,81.288,61.3,1761.2,70.072
8/28/19 12:40,81.288,61.2,1761.2,70.072
8/28/19 12:40,81.244,61.2,1761.2,70.072
8/28/19 12:40,81.244,61.2,1763.7,70.072
8/28/19 12:40,81.244,61.1,1761.2,70.072
8/28/19 12:40,81.244,61.1,1761.2,70.072
8/28/19 12:40,81.244,61.1,1763.7,70.072
8/28/19 12:40,81.199,61.2,1761.2,70.072
8/28/19 12:40,81.199,61.2,1761.2,70.072
8/28/19 12:40,81.199,61.4,1763.7,70.072
8/28/19 12:40,81.199,61.6,1763.7,70.072
8/28/19 12:40,81.199,61.7,1763.7,70.072
8/28/19 12:40,81.199,61.8,1766.2,70.072
8/28/19 12:40,81.154,61.9,1763.7,70.072
8/28/19 12:40,81.154,62,1763.7,70.072
8/28/19 12:40,81.154,62.1,1766.2,70.072
8/28/19 12:40,81.154,62.1,1763.7,70.072
8/28/19 12:41,81.154,62.1,1763.7,70.072
8/28/19 12:41,81.154,62.1,1766.2,70.072
8/28/19 12:41,81.154,62,1763.7,70.072
8/28/19 12:41,81.154,61.8,1766.2,70.072
8/28/19 12:41,81.154,61.7,1763.7,70.072
8/28/19 12:41,81.154,61.7,1766.2,70.072
8/28/19 12:41,81.154,61.6,1766.2,70.072
8/28/19 12:41,81.154,61.6,1766.2,70.072
8/28/19 12:41,81.154,61.6,1766.2,70.072
8/28/19 12:41,81.154,61.7,1766.2,70.072
8/28/19 12:41,81.154,61.6,1766.2,70.072
8/28/19 12:41,81.154,61.5,1768.7,70.072
8/28/19 12:41,81.154,61.5,1768.7,70.072
8/28/19 12:41,81.154,61.4,1766.2,70.072
8/28/19 12:41,81.154,61.4,1766.2,70.072
8/28/19 12:41,81.154,61.4,1766.2,70.072
8/28/19 12:41,81.111,61.5,1766.2,70.072
8/28/19 12:41,81.111,61.6,1766.2,70.072
8/28/19 12:41,81.111,61.7,1763.7,70.072
8/28/19 12:41,81.111,61.7,1763.7,70.115
8/28/19 12:41,81.111,61.8,1763.7,70.072
8/28/19 12:41,81.111,61.9,1761.2,70.072
8/28/19 12:41,81.111,62,1761.2,70.072
8/28/19 12:41,81.111,62.1,1761.2,70.072
8/28/19 12:41,81.111,62.1,1761.2,70.115
8/28/19 12:41,81.111,62.2,1761.2,70.072
8/28/19 12:41,81.111,62.3,1761.2,70.072
8/28/19 12:41,81.111,62.4,1758.7,70.072
8/28/19 12:41,81.111,62.4,1761.2,70.072
8/28/19 12:41,81.111,62.5,1758.7,70.115
8/28/19 12:41,81.111,62.5,1758.7,70.072
8/28/19 12:41,81.111,62.6,1758.7,70.072
8/28/19 12:41,81.111,62.6,1758.7,70.115
8/28/19 12:41,81.154,62.6,1758.7,70.072
8/28/19 12:41,81.154,62.6,1756.2,70.072
8/28/19 12:41,81.154,62.4,1758.7,70.072
8/28/19 12:41,81.154,62.2,1758.7,70.072
8/28/19 12:41,81.154,61.9,1758.7,70.072
8/28/19 12:41,81.154,61.7,1758.7,70.115
8/28/19 12:41,81.154,61.6,1758.7,70.072
8/28/19 12:41,81.154,61.5,1758.7,70.115
8/28/19 12:41,81.154,61.4,1756.2,70.072
8/28/19 12:41,81.154,61.3,1761.2,70.072
8/28/19 12:41,81.154,61.3,1758.7,70.072
8/28/19 12:41,81.154,61.2,1758.7,70.072
8/28/19 12:41,81.154,61.3,1758.7,70.072
8/28/19 12:41,81.154,61.4,1758.7,70.072
8/28/19 12:41,81.154,61.3,1758.7,70.072
8/28/19 12:41,81.154,61.2,1758.7,70.115
8/28/19 12:41,81.154,61.2,1758.7,70.072
8/28/19 12:41,81.154,61.1,1756.2,70.072
8/28/19 12:41,81.154,61,1753.7,70.072
8/28/19 12:41,81.154,61,1756.2,70.072
8/28/19 12:41,81.154,61,1753.7,70.072
8/28/19 12:41,81.154,61,1753.7,70.115
8/28/19 12:41,81.154,61.1,1756.2,70.072
8/28/19 12:41,81.154,61.2,1753.7,70.115
8/28/19 12:41,81.154,61.1,1756.2,70.115
8/28/19 12:41,81.111,61.2,1753.7,70.115
8/28/19 12:41,81.111,61.2,1753.7,70.115
8/28/19 12:42,81.111,61.2,1756.2,70.115
8/28/19 12:42,81.111,61.2,1756.2,70.072
8/28/19 12:42,81.111,61.2,1753.7,70.072
8/28/19 12:42,81.111,61.1,1756.2,70.072
8/28/19 12:42,81.111,61.1,1756.2,70.115
8/28/19 12:42,81.111,61,1756.2,70.072
8/28/19 12:42,81.111,60.8,1753.7,70.115
8/28/19 12:42,81.111,60.6,1756.2,70.115
8/28/19 12:42,81.111,60.5,1756.2,70.115
8/28/19 12:42,81.111,60.4,1756.2,70.115
8/28/19 12:42,81.111,60.3,1756.2,70.115
8/28/19 12:42,81.111,60.2,1756.2,70.115
8/28/19 12:42,81.066,60.1,1756.2,70.115
8/28/19 12:42,81.066,60.2,1753.7,70.115
8/28/19 12:42,81.066,60.2,1753.7,70.115
8/28/19 12:42,81.066,60.1,1753.7,70.115
8/28/19 12:42,81.066,60.1,1753.7,70.115
8/28/19 12:42,81.066,60.1,1753.7,70.115
8/28/19 12:42,81.066,60.1,1753.7,70.115
8/28/19 12:42,81.066,60,1753.7,70.115
8/28/19 12:42,81.066,60,1753.7,70.115
8/28/19 12:42,81.066,60,1756.2,70.115
8/28/19 12:42,81.066,60,1756.2,70.115
8/28/19 12:42,81.023,60,1753.7,70.115
8/28/19 12:42,81.023,60,1756.2,70.115
8/28/19 12:42,81.023,60,1753.7,70.115
8/28/19 12:42,81.023,60,1756.2,70.115
8/28/19 12:42,81.023,60.1,1758.7,70.115
8/28/19 12:42,81.023,60.1,1756.2,70.115
8/28/19 12:42,81.023,60.2,1758.7,70.115
8/28/19 12:42,81.023,60.2,1758.7,70.115
8/28/19 12:42,81.023,60.3,1756.2,70.115
8/28/19 12:42,81.023,60.4,1756.2,70.115
8/28/19 12:42,81.023,60.5,1758.7,70.115
8/28/19 12:42,81.023,60.6,1756.2,70.115
8/28/19 12:42,81.023,60.7,1756.2,70.115
8/28/19 12:42,81.023,60.7,1756.2,70.115
8/28/19 12:42,81.023,60.8,1756.2,70.115
8/28/19 12:42,81.023,61,1758.7,70.115
8/28/19 12:42,81.023,61.1,1756.2,70.115
8/28/19 12:42,81.023,61.1,1758.7,70.115
8/28/19 12:42,81.023,61.3,1756.2,70.115
8/28/19 12:42,81.023,61.5,1756.2,70.115
8/28/19 12:42,81.023,61.6,1753.7,70.115
8/28/19 12:42,81.066,61.6,1756.2,70.115
8/28/19 12:42,81.066,61.8,1753.7,70.115
8/28/19 12:42,81.066,61.9,1753.7,70.115
8/28/19 12:42,81.066,62.1,1751.2,70.115
8/28/19 12:42,81.066,62.2,1753.7,70.115
8/28/19 12:42,81.066,62.2,1753.7,70.115
8/28/19 12:42,81.111,62.3,1751.2,70.115
8/28/19 12:42,81.111,62.3,1751.2,70.115
8/28/19 12:42,81.111,62.3,1751.2,70.115
8/28/19 12:42,81.111,62.4,1751.2,70.115
8/28/19 12:42,81.154,62.4,1751.2,70.115
8/28/19 12:42,81.154,62.3,1751.2,70.115
8/28/19 12:42,81.154,62.3,1751.2,70.115
8/28/19 12:42,81.154,62.2,1751.2,70.115
8/28/19 12:42,81.154,62.2,1748.7,70.115
8/28/19 12:42,81.154,62.2,1751.2,70.115
8/28/19 12:43,81.199,62.1,1751.2,70.115
8/28/19 12:43,81.199,62.2,1751.2,70.115
8/28/19 12:43,81.199,62.1,1748.7,70.115
8/28/19 12:43,81.199,62.1,1751.2,70.115
8/28/19 12:43,81.199,62.2,1751.2,70.115
8/28/19 12:43,81.199,62.3,1751.2,70.115
8/28/19 12:43,81.244,62.3,1751.2,70.115
8/28/19 12:43,81.244,62.4,1751.2,70.115
8/28/19 12:43,81.244,62.6,1751.2,70.115
8/28/19 12:43,81.244,62.7,1751.2,70.115
8/28/19 12:43,81.244,62.7,1751.2,70.115
8/28/19 12:43,81.244,62.9,1751.2,70.115
8/28/19 12:43,81.288,63,1751.2,70.115
8/28/19 12:43,81.288,63.1,1746.2,70.115
8/28/19 12:43,81.288,63.1,1748.7,70.115
8/28/19 12:43,81.288,63,1751.2,70.115
8/28/19 12:43,81.288,63,1748.7,70.115
8/28/19 12:43,81.333,63,1748.7,70.115
8/28/19 12:43,81.333,62.9,1751.2,70.115
8/28/19 12:43,81.333,62.9,1748.7,70.115
8/28/19 12:43,81.333,62.9,1748.7,70.115
8/28/19 12:43,81.333,62.8,1748.7,70.115
8/28/19 12:43,81.333,62.7,1751.2,70.115
8/28/19 12:43,81.376,62.6,1751.2,70.115
8/28/19 12:43,81.376,62.5,1751.2,70.115
8/28/19 12:43,81.376,62.4,1751.2,70.115
8/28/19 12:43,81.376,62.4,1748.7,70.115
8/28/19 12:43,81.376,62.4,1748.7,70.115
8/28/19 12:43,81.376,62.2,1748.7,70.115
8/28/19 12:43,81.376,62.2,1751.2,70.115
8/28/19 12:43,81.376,62.1,1751.2,70.115
8/28/19 12:43,81.376,61.9,1748.7,70.115
8/28/19 12:43,81.376,61.6,1751.2,70.115
8/28/19 12:43,81.376,61.5,1748.7,70.115
8/28/19 12:43,81.376,61.2,1751.2,70.115
8/28/19 12:43,81.376,61,1751.2,70.115
8/28/19 12:43,81.376,60.7,1748.7,70.115
8/28/19 12:43,81.333,60.5,1748.7,70.115
8/28/19 12:43,81.333,60.3,1751.2,70.115
8/28/19 12:43,81.333,60.1,1751.2,70.115
8/28/19 12:43,81.333,59.9,1751.2,70.115
8/28/19 12:43,81.333,59.7,1751.2,70.115
8/28/19 12:43,81.288,59.5,1751.2,70.115
8/28/19 12:43,81.288,59.5,1751.2,70.115
8/28/19 12:43,81.288,59.6,1751.2,70.115
8/28/19 12:43,81.288,59.6,1751.2,70.115
8/28/19 12:43,81.288,59.6,1751.2,70.115
8/28/19 12:43,81.244,59.6,1751.2,70.115
8/28/19 12:43,81.244,59.6,1748.7,70.115
8/28/19 12:43,81.244,59.7,1743.7,70.115
8/28/19 12:43,81.244,59.7,1743.7,70.115
8/28/19 12:43,81.199,59.7,1738.7,70.115
8/28/19 12:43,81.199,59.8,1738.7,70.115
8/28/19 12:43,81.199,59.9,1736.2,70.115
8/28/19 12:43,81.199,60,1738.7,70.115
8/28/19 12:43,81.199,60.1,1741.2,70.115
8/28/19 12:43,81.199,60.2,1743.7,70.115
8/28/19 12:43,81.199,60.1,1741.2,70.115
8/28/19 12:43,81.199,60.2,1743.7,70.115
8/28/19 12:43,81.154,60.2,1743.7,70.115
8/28/19 12:44,81.199,60.3,1746.2,70.115
8/28/19 12:44,81.154,60.5,1743.7,70.115
8/28/19 12:44,81.154,60.6,1748.7,70.115
8/28/19 12:44,81.154,60.7,1748.7,70.115
8/28/19 12:44,81.154,60.8,1751.2,70.115
8/28/19 12:44,81.154,61.1,1746.2,70.115
8/28/19 12:44,81.154,61.2,1743.7,70.115
8/28/19 12:44,81.154,61.4,1748.7,70.115
8/28/19 12:44,81.154,61.7,1751.2,70.115
8/28/19 12:44,81.154,61.8,1748.7,70.115
8/28/19 12:44,81.154,62,1751.2,70.115
8/28/19 12:44,81.199,62.1,1751.2,70.115
8/28/19 12:44,81.199,62.2,1751.2,70.115
8/28/19 12:44,81.199,62.1,1748.7,70.115
8/28/19 12:44,81.199,62.2,1748.7,70.115
8/28/19 12:44,81.199,62.3,1751.2,70.115
8/28/19 12:44,81.199,62.4,1748.7,70.115
8/28/19 12:44,81.199,62.4,1748.7,70.115
8/28/19 12:44,81.199,62.4,1751.2,70.115
8/28/19 12:44,81.199,62.5,1748.7,70.115
8/28/19 12:44,81.244,62.5,1751.2,70.115
8/28/19 12:44,81.244,62.6,1753.7,70.115
8/28/19 12:44,81.244,62.6,1751.2,70.115
8/28/19 12:44,81.244,62.6,1753.7,70.115
8/28/19 12:44,81.244,62.7,1751.2,70.115
8/28/19 12:44,81.244,62.7,1751.2,70.115
8/28/19 12:44,81.288,62.7,1751.2,70.115
8/28/19 12:44,81.288,62.7,1751.2,70.115
8/28/19 12:44,81.288,62.7,1753.7,70.115
8/28/19 12:44,81.288,62.8,1753.7,70.115
8/28/19 12:44,81.288,62.8,1753.7,70.115
8/28/19 12:44,81.288,62.9,1753.7,70.115
8/28/19 12:44,81.333,62.9,1753.7,70.115
8/28/19 12:44,81.333,62.8,1753.7,70.115
8/28/19 12:44,81.333,62.8,1751.2,70.115
8/28/19 12:44,81.333,62.9,1751.2,70.115
8/28/19 12:44,81.333,62.9,1751.2,70.115
8/28/19 12:44,81.333,63,1753.7,70.115
8/28/19 12:44,81.333,63,1756.2,70.115
8/28/19 12:44,81.333,63.1,1751.2,70.115
8/28/19 12:44,81.376,63.2,1753.7,70.115
8/28/19 12:44,81.376,63.4,1756.2,70.115
8/28/19 12:44,81.376,63.6,1751.2,70.115
8/28/19 12:44,81.421,63.6,1753.7,70.115
8/28/19 12:44,81.421,63.7,1753.7,70.115
8/28/19 12:44,81.421,63.6,1753.7,70.115
8/28/19 12:44,81.421,63.5,1748.7,70.115
8/28/19 12:44,81.421,63.5,1738.7,70.115
8/28/19 12:44,81.466,63.5,1726.2,70.115
8/28/19 12:44,81.466,63.4,1713.7,70.115
8/28/19 12:44,81.466,63.2,1703.7,70.115
8/28/19 12:44,81.466,63.2,1686.2,70.115
8/28/19 12:44,81.509,63,1663.7,70.115
8/28/19 12:44,81.509,62.7,1676.2,70.115
8/28/19 12:44,81.509,62.6,1703.7,70.115
8/28/19 12:44,81.509,62.3,1736.2,70.115
8/28/19 12:44,81.509,62.1,1753.7,70.115
8/28/19 12:44,81.509,61.8,1753.7,70.115
8/28/19 12:44,81.554,61.6,1753.7,70.115
8/28/19 12:44,81.554,61.6,1753.7,70.115
8/28/19 12:45,81.554,61.4,1753.7,70.115
8/28/19 12:45,81.554,61.2,1753.7,70.115
8/28/19 12:45,81.554,61.1,1751.2,70.115
8/28/19 12:45,81.554,61.2,1731.2,70.115
8/28/19 12:45,81.554,61.1,1706.2,70.115
8/28/19 12:45,81.554,61.1,1691.2,70.115
8/28/19 12:45,81.554,61.2,1676.2,70.115
8/28/19 12:45,81.554,61.2,1673.7,70.115
8/28/19 12:45,81.554,61.3,1703.7,70.115
8/28/19 12:45,81.554,61.4,1738.7,70.115
8/28/19 12:45,81.554,61.6,1751.2,70.115
8/28/19 12:45,81.554,61.7,1753.7,70.115
8/28/19 12:45,81.554,61.8,1751.2,70.115
8/28/19 12:45,81.554,61.8,1751.2,70.115
8/28/19 12:45,81.554,61.9,1751.2,70.115
8/28/19 12:45,81.597,61.9,1751.2,70.115
8/28/19 12:45,81.554,62,1748.7,70.115
8/28/19 12:45,81.597,62,1746.2,70.115
8/28/19 12:45,81.597,62,1746.2,70.115
8/28/19 12:45,81.597,62.2,1751.2,70.115
8/28/19 12:45,81.597,62.1,1753.7,70.115
8/28/19 12:45,81.597,62.1,1751.2,70.115
8/28/19 12:45,81.597,61.9,1751.2,70.115
8/28/19 12:45,81.597,61.8,1751.2,70.115
8/28/19 12:45,81.597,61.8,1748.7,70.115
8/28/19 12:45,81.642,61.8,1753.7,70.115
8/28/19 12:45,81.642,61.8,1751.2,70.115
8/28/19 12:45,81.642,61.8,1751.2,70.158
8/28/19 12:45,81.642,61.8,1748.7,70.115
8/28/19 12:45,81.642,61.8,1751.2,70.115
8/28/19 12:45,81.642,61.8,1746.2,70.158
8/28/19 12:45,81.642,61.6,1748.7,70.158
8/28/19 12:45,81.642,61.6,1748.7,70.158
8/28/19 12:45,81.642,61.5,1751.2,70.158
8/28/19 12:45,81.687,61.5,1748.7,70.115
8/28/19 12:45,81.687,61.5,1746.2,70.115
8/28/19 12:45,81.687,61.5,1751.2,70.158
8/28/19 12:45,81.687,61.4,1746.2,70.158
8/28/19 12:45,81.687,61.3,1751.2,70.115
8/28/19 12:45,81.687,61.3,1748.7,70.158
8/28/19 12:45,81.687,61.3,1748.7,70.158
8/28/19 12:45,81.687,61.3,1748.7,70.158
8/28/19 12:45,81.687,61.5,1746.2,70.158
8/28/19 12:45,81.687,61.6,1748.7,70.158
8/28/19 12:45,81.687,61.7,1748.7,70.158
8/28/19 12:45,81.687,61.8,1748.7,70.158
8/28/19 12:45,81.73,61.8,1748.7,70.158
8/28/19 12:45,81.73,61.7,1746.2,70.158
8/28/19 12:45,81.73,61.7,1748.7,70.158
8/28/19 12:45,81.73,61.7,1751.2,70.115
8/28/19 12:45,81.73,61.7,1748.7,70.158
8/28/19 12:45,81.73,61.7,1746.2,70.158
8/28/19 12:45,81.73,61.6,1748.7,70.158
8/28/19 12:45,81.73,61.6,1748.7,70.115
8/28/19 12:45,81.775,61.5,1748.7,70.115
8/28/19 12:45,81.775,61.3,1751.2,70.158
8/28/19 12:45,81.775,61.3,1748.7,70.158
8/28/19 12:45,81.775,61.1,1748.7,70.115
8/28/19 12:45,81.775,61.1,1751.2,70.158
8/28/19 12:45,81.775,61.3,1748.7,70.158
8/28/19 12:46,81.775,61.3,1751.2,70.158
8/28/19 12:46,81.775,61.3,1748.7,70.158
8/28/19 12:46,81.775,61.3,1748.7,70.158
8/28/19 12:46,81.775,61.3,1751.2,70.115
8/28/19 12:46,81.775,61.3,1751.2,70.158
8/28/19 12:46,81.775,61.1,1753.7,70.158
8/28/19 12:46,81.819,61,1751.2,70.158
8/28/19 12:46,81.775,61,1753.7,70.158
8/28/19 12:46,81.819,60.9,1753.7,70.158
8/28/19 12:46,81.819,60.9,1751.2,70.158
8/28/19 12:46,81.819,60.9,1753.7,70.158
8/28/19 12:46,81.819,60.9,1753.7,70.158
8/28/19 12:46,81.819,60.8,1753.7,70.158
8/28/19 12:46,81.819,60.7,1748.7,70.158
8/28/19 12:46,81.819,60.8,1753.7,70.158
8/28/19 12:46,81.819,60.8,1751.2,70.158
8/28/19 12:46,81.819,60.7,1751.2,70.158
8/28/19 12:46,81.819,60.8,1748.7,70.158
8/28/19 12:46,81.819,60.9,1751.2,70.158
8/28/19 12:46,81.819,60.9,1748.7,70.158
8/28/19 12:46,81.819,61.1,1748.7,70.158
8/28/19 12:46,81.819,60.9,1746.2,70.158
8/28/19 12:46,81.864,60.9,1751.2,70.158
8/28/19 12:46,81.864,60.8,1748.7,70.158
8/28/19 12:46,81.864,60.8,1748.7,70.158
8/28/19 12:46,81.864,60.7,1748.7,70.158
8/28/19 12:46,81.864,60.6,1748.7,70.158
8/28/19 12:46,81.864,60.5,1748.7,70.158
8/28/19 12:46,81.864,60.4,1748.7,70.158
8/28/19 12:46,81.864,60.4,1743.7,70.158
8/28/19 12:46,81.864,60.3,1748.7,70.158
8/28/19 12:46,81.864,60.3,1748.7,70.158
8/28/19 12:46,81.864,60.3,1748.7,70.158
8/28/19 12:46,81.864,60.3,1746.2,70.158
8/28/19 12:46,81.864,60.4,1743.7,70.158
8/28/19 12:46,81.864,60.4,1746.2,70.158
8/28/19 12:46,81.864,60.4,1748.7,70.158
8/28/19 12:46,81.864,60.4,1748.7,70.158
8/28/19 12:46,81.864,60.3,1746.2,70.158
8/28/19 12:46,81.864,60.3,1746.2,70.158
8/28/19 12:46,81.864,60.1,1743.7,70.158
8/28/19 12:46,81.864,59.9,1746.2,70.158
8/28/19 12:46,81.864,59.9,1746.2,70.158
8/28/19 12:46,81.864,59.8,1743.7,70.158
8/28/19 12:46,81.864,59.9,1743.7,70.158
8/28/19 12:46,81.864,59.8,1743.7,70.158
8/28/19 12:46,81.864,59.7,1741.2,70.158
8/28/19 12:46,81.864,59.6,1743.7,70.158
8/28/19 12:46,81.864,59.5,1746.2,70.158
8/28/19 12:46,81.819,59.5,1743.7,70.158
8/28/19 12:46,81.819,59.5,1743.7,70.158
8/28/19 12:46,81.819,59.5,1743.7,70.158
8/28/19 12:46,81.819,59.6,1743.7,70.158
8/28/19 12:46,81.819,59.5,1741.2,70.158
8/28/19 12:46,81.775,59.6,1741.2,70.158
8/28/19 12:46,81.819,59.5,1738.7,70.158
8/28/19 12:46,81.775,59.3,1738.7,70.158
8/28/19 12:46,81.775,59.2,1736.2,70.158
8/28/19 12:46,81.775,59,1736.2,70.158
8/28/19 12:46,81.775,59,1731.2,70.158
8/28/19 12:47,81.775,58.9,1731.2,70.158
8/28/19 12:47,81.775,58.9,1728.7,70.158
8/28/19 12:47,81.73,58.9,1731.2,70.158
8/28/19 12:47,81.73,58.9,1728.7,70.158
8/28/19 12:47,81.73,59,1731.2,70.158
8/28/19 12:47,81.73,59,1731.2,70.158
8/28/19 12:47,81.73,59,1658.7,70.158
8/28/19 12:47,81.73,59.1,996.2,70.158
8/28/19 12:47,81.73,59.2,1721.2,70.158
8/28/19 12:47,81.73,59.3,1738.7,70.158
8/28/19 12:47,81.687,59.4,1736.2,70.158
8/28/19 12:47,81.687,59.5,1733.7,70.158
8/28/19 12:47,81.687,59.6,1738.7,70.158
8/28/19 12:47,81.687,59.6,1738.7,70.158
8/28/19 12:47,81.687,59.6,1741.2,70.158
8/28/19 12:47,81.687,59.8,1741.2,70.158
8/28/19 12:47,81.687,59.9,1743.7,70.158
8/28/19 12:47,81.687,60,1748.7,70.158
8/28/19 12:47,81.687,59.9,1738.7,70.158
8/28/19 12:47,81.687,59.9,1713.7,70.158
8/28/19 12:47,81.687,59.8,1696.2,70.158
8/28/19 12:47,81.687,59.7,1686.2,70.158
8/28/19 12:47,81.687,59.7,1688.7,70.158
8/28/19 12:47,81.687,59.7,1696.2,70.158
8/28/19 12:47,81.687,59.7,1711.2,70.158
8/28/19 12:47,81.687,59.8,1711.2,70.158
8/28/19 12:47,81.687,59.8,1711.2,70.158
8/28/19 12:47,81.687,59.9,1713.7,70.158
8/28/19 12:47,81.687,60.1,1723.7,70.158
8/28/19 12:47,81.687,60.2,1733.7,70.158
8/28/19 12:47,81.687,60.4,1746.2,70.158
8/28/19 12:47,81.687,60.7,1753.7,70.158
8/28/19 12:47,81.687,60.9,1751.2,70.158
8/28/19 12:47,81.687,61.3,1751.2,70.158
8/28/19 12:47,81.687,61.4,1756.2,70.158
8/28/19 12:47,81.73,61.6,1738.7,70.158
8/28/19 12:47,81.73,61.7,1738.7,70.158
8/28/19 12:47,81.73,61.8,1741.2,70.158
8/28/19 12:47,81.73,61.9,1738.7,70.158
8/28/19 12:47,81.73,61.9,1741.2,70.158
8/28/19 12:47,81.73,61.8,1741.2,70.158
8/28/19 12:47,81.73,61.9,1741.2,70.158
8/28/19 12:47,81.775,61.9,1743.7,70.158
8/28/19 12:47,81.775,61.8,1756.2,70.158
8/28/19 12:47,81.775,61.8,1748.7,70.158
8/28/19 12:47,81.775,61.6,1751.2,70.158
8/28/19 12:47,81.775,61.6,1763.7,70.158
8/28/19 12:47,81.775,61.5,1778.7,70.158
8/28/19 12:47,81.775,61.5,1771.2,70.158
8/28/19 12:47,81.775,61.5,1766.2,70.158
8/28/19 12:47,81.819,61.5,1708.7,70.158
8/28/19 12:47,81.775,61.6,1581.2,70.158
8/28/19 12:47,81.819,61.7,1381.2,70.158
8/28/19 12:47,81.819,61.8,1171.2,70.158
8/28/19 12:47,81.819,61.8,1023.7,70.158
8/28/19 12:47,81.819,61.9,966.2,70.158
8/28/19 12:47,81.819,62.1,971.2,70.158
8/28/19 12:47,81.819,62.2,971.2,70.158
8/28/19 12:47,81.819,62.2,1031.2,70.158
8/28/19 12:47,81.819,62.2,1121.2,70.158
8/28/19 12:48,81.864,62.2,1318.7,70.158
8/28/19 12:48,81.864,62.2,1433.7,70.158
8/28/19 12:48,81.864,62.1,1383.7,70.158
8/28/19 12:48,81.864,62,1231.2,70.158
8/28/19 12:48,81.864,62.1,1106.2,70.158
8/28/19 12:48,81.864,62.1,1056.2,70.158
8/28/19 12:48,81.864,62,1126.2,70.158
8/28/19 12:48,81.909,61.9,1231.2,70.158
8/28/19 12:48,81.909,61.7,1276.2,70.158
8/28/19 12:48,81.909,61.7,1246.2,70.158
8/28/19 12:48,81.909,61.6,1208.7,70.158
8/28/19 12:48,81.909,61.5,1206.2,70.158
8/28/19 12:48,81.909,61.5,1316.2,70.158
8/28/19 12:48,81.909,61.5,1466.2,70.158
8/28/19 12:48,81.909,61.5,1613.7,70.158
8/28/19 12:48,81.909,61.4,1663.7,70.158
8/28/19 12:48,81.909,61.4,1618.7,70.158
8/28/19 12:48,81.909,61.4,1563.7,70.158
8/28/19 12:48,81.909,61.3,1578.7,70.158
8/28/19 12:48,81.909,61.2,1641.2,70.158
8/28/19 12:48,81.909,61.2,1683.7,70.158
8/28/19 12:48,81.909,61.1,1703.7,70.158
8/28/19 12:48,81.909,61,1698.7,70.158
8/28/19 12:48,81.909,60.9,1711.2,70.158
8/28/19 12:48,81.909,60.9,1723.7,70.158
8/28/19 12:48,81.909,60.9,1731.2,70.201
8/28/19 12:48,81.909,61,1726.2,70.158
8/28/19 12:48,81.909,61,1726.2,70.158
8/28/19 12:48,81.909,61.2,1728.7,70.158
8/28/19 12:48,81.952,61.2,1726.2,70.158
8/28/19 12:48,81.909,61.2,1728.7,70.158
8/28/19 12:48,81.909,61.2,1726.2,70.158
8/28/19 12:48,81.909,61.2,1726.2,70.201
8/28/19 12:48,81.952,61.2,1726.2,70.158
8/28/19 12:48,81.909,61.2,1723.7,70.158
8/28/19 12:48,81.952,61.2,1721.2,70.158
8/28/19 12:48,81.952,61.3,1721.2,70.158
8/28/19 12:48,81.909,61.3,1721.2,70.158
8/28/19 12:48,81.909,61.3,1721.2,70.201
8/28/19 12:48,81.952,61.3,1718.7,70.158
8/28/19 12:48,81.952,61.3,1718.7,70.158
8/28/19 12:48,81.952,61.3,1721.2,70.158
8/28/19 12:48,81.952,61.2,1718.7,70.158
8/28/19 12:48,81.952,61.1,1718.7,70.158
8/28/19 12:48,81.952,61,1721.2,70.158
8/28/19 12:48,81.952,60.9,1718.7,70.158
8/28/19 12:48,81.952,60.8,1721.2,70.158
8/28/19 12:48,81.952,60.7,1721.2,70.158
8/28/19 12:48,81.952,60.7,1721.2,70.158
8/28/19 12:48,81.952,60.4,1721.2,70.158
8/28/19 12:48,81.952,60.2,1721.2,70.158
8/28/19 12:48,81.952,60.1,1721.2,70.201
8/28/19 12:48,81.952,59.9,1723.7,70.158
8/28/19 12:48,81.952,59.7,1721.2,70.201
8/28/19 12:48,81.952,59.6,1718.7,70.201
8/28/19 12:48,81.952,59.6,1718.7,70.158
8/28/19 12:48,81.952,59.7,1718.7,70.158
8/28/19 12:48,81.952,59.7,1718.7,70.158
8/28/19 12:48,81.909,59.8,1718.7,70.158
8/28/19 12:48,81.909,59.8,1718.7,70.158
8/28/19 12:49,81.909,59.8,1718.7,70.158
8/28/19 12:49,81.909,59.8,1718.7,70.201
8/28/19 12:49,81.909,59.7,1716.2,70.201
8/28/19 12:49,81.909,59.7,1716.2,70.158
8/28/19 12:49,81.909,59.7,1718.7,70.158
8/28/19 12:49,81.909,59.6,1716.2,70.201
8/28/19 12:49,81.909,59.5,1716.2,70.201
8/28/19 12:49,81.909,59.5,1716.2,70.158
8/28/19 12:49,81.909,59.7,1711.2,70.158
8/28/19 12:49,81.864,59.7,1711.2,70.201
8/28/19 12:49,81.909,59.9,1711.2,70.158
8/28/19 12:49,81.864,60,1708.7,70.201
8/28/19 12:49,81.864,60.2,1708.7,70.201
8/28/19 12:49,81.864,60.3,1706.2,70.158
8/28/19 12:49,81.864,60.5,1708.7,70.158
8/28/19 12:49,81.864,60.6,1711.2,70.201
8/28/19 12:49,81.864,60.7,1706.2,70.201
8/28/19 12:49,81.864,60.8,1706.2,70.201
8/28/19 12:49,81.864,60.8,1706.2,70.201
8/28/19 12:49,81.864,60.9,1706.2,70.201
8/28/19 12:49,81.909,60.8,1703.7,70.201
8/28/19 12:49,81.909,60.7,1706.2,70.201
8/28/19 12:49,81.909,60.5,1706.2,70.201
8/28/19 12:49,81.909,60.2,1706.2,70.201
8/28/19 12:49,81.864,60.1,1708.7,70.201
8/28/19 12:49,81.909,59.9,1708.7,70.201
8/28/19 12:49,81.909,59.8,1711.2,70.201
8/28/19 12:49,81.864,59.6,1708.7,70.201
8/28/19 12:49,81.864,59.6,1711.2,70.201
8/28/19 12:49,81.864,59.4,1711.2,70.201
8/28/19 12:49,81.864,59.3,1708.7,70.201
8/28/19 12:49,81.864,59.1,1708.7,70.201
8/28/19 12:49,81.864,59.1,1706.2,70.201
8/28/19 12:49,81.864,59.2,1706.2,70.201
8/28/19 12:49,81.864,59.3,1706.2,70.201
8/28/19 12:49,81.864,59.4,1708.7,70.201
8/28/19 12:49,81.819,59.4,1706.2,70.201
8/28/19 12:49,81.819,59.5,1708.7,70.201
8/28/19 12:49,81.819,59.7,1711.2,70.201
8/28/19 12:49,81.819,59.6,1708.7,70.201
8/28/19 12:49,81.819,59.7,1706.2,70.201
8/28/19 12:49,81.819,59.8,1706.2,70.201
8/28/19 12:49,81.819,59.9,1703.7,70.201
8/28/19 12:49,81.775,59.9,1706.2,70.201
8/28/19 12:49,81.819,59.9,1703.7,70.201
8/28/19 12:49,81.775,60,1706.2,70.201
8/28/19 12:49,81.775,60.1,1706.2,70.201
8/28/19 12:49,81.775,60.2,1711.2,70.201
8/28/19 12:49,81.775,60.3,1706.2,70.201
8/28/19 12:49,81.775,60.3,1706.2,70.201
8/28/19 12:49,81.775,60.4,1706.2,70.201
8/28/19 12:49,81.775,60.4,1706.2,70.201
8/28/19 12:49,81.775,60.6,1703.7,70.201
8/28/19 12:49,81.775,60.5,1706.2,70.201
8/28/19 12:49,81.775,60.7,1706.2,70.201
8/28/19 12:49,81.775,60.6,1708.7,70.201
8/28/19 12:49,81.775,60.8,1703.7,70.201
8/28/19 12:49,81.775,60.9,1706.2,70.201
8/28/19 12:49,81.775,61,1703.7,70.201
8/28/19 12:49,81.775,61.2,1703.7,70.201
8/28/19 12:50,81.819,61.2,1701.2,70.201
8/28/19 12:50,81.819,61.2,1703.7,70.201
8/28/19 12:50,81.775,61.1,1701.2,70.201
8/28/19 12:50,81.819,60.8,1698.7,70.201
8/28/19 12:50,81.819,60.4,1656.2,70.201
8/28/19 12:50,81.819,60.1,1428.7,70.201
8/28/19 12:50,81.819,59.8,468.7,70.201
8/28/19 12:50,81.819,59.6,528.7,70.201
8/28/19 12:50,81.819,59.4,763.7,70.201
8/28/19 12:50,81.819,59.1,788.7,70.201
8/28/19 12:50,81.819,59,1293.7,70.201
8/28/19 12:50,81.819,58.6,1466.2,70.201
8/28/19 12:50,81.819,58.4,1463.7,70.201
8/28/19 12:50,81.775,58.2,1471.2,70.201
8/28/19 12:50,81.775,58.1,1471.2,70.201
8/28/19 12:50,81.775,58.1,1413.7,70.201
8/28/19 12:50,81.775,58.1,1446.2,70.201
8/28/19 12:50,81.775,58.1,1431.2,70.201
8/28/19 12:50,81.775,58.3,1501.2,70.201
8/28/19 12:50,81.73,58.5,1513.7,70.201
8/28/19 12:50,81.73,58.7,1498.7,70.201
8/28/19 12:50,81.73,59,1496.2,70.201
8/28/19 12:50,81.73,59.1,1471.2,70.201
8/28/19 12:50,81.73,59.3,1471.2,70.201
8/28/19 12:50,81.73,59.6,1461.2,70.201
8/28/19 12:50,81.73,59.6,1463.7,70.201
8/28/19 12:50,81.73,59.8,1478.7,70.201
8/28/19 12:50,81.73,59.9,1508.7,70.201
8/28/19 12:50,81.73,59.8,1558.7,70.201
8/28/19 12:50,81.73,59.6,1563.7,70.201
8/28/19 12:50,81.73,59.5,1563.7,70.201
8/28/19 12:50,81.73,59.3,1563.7,70.201
8/28/19 12:50,81.73,59.1,1563.7,70.201
8/28/19 12:50,81.73,59,1568.7,70.201
8/28/19 12:50,81.73,59.1,1571.2,70.201
8/28/19 12:50,81.73,59,1573.7,70.201
8/28/19 12:50,81.687,59,1576.2,70.201
8/28/19 12:50,81.687,59,1563.7,70.201
8/28/19 12:50,81.687,59,1571.2,70.201
8/28/19 12:50,81.687,58.9,1571.2,70.201
8/28/19 12:50,81.687,58.9,1571.2,70.201
8/28/19 12:50,81.687,58.9,1576.2,70.201
8/28/19 12:50,81.687,58.8,1581.2,70.201
8/28/19 12:50,81.687,58.8,1578.7,70.201
8/28/19 12:50,81.687,58.9,1578.7,70.201
8/28/19 12:50,81.642,58.9,1578.7,70.201
8/28/19 12:50,81.642,59,1576.2,70.201
8/28/19 12:50,81.642,59.1,1576.2,70.201
8/28/19 12:50,81.642,59.1,1578.7,70.201
8/28/19 12:50,81.642,59.2,1561.2,70.201
8/28/19 12:50,81.642,59.3,1566.2,70.201
8/28/19 12:50,81.642,59.4,1546.2,70.201
8/28/19 12:50,81.642,59.5,1561.2,70.201
8/28/19 12:50,81.642,59.6,1553.7,70.201
8/28/19 12:50,81.642,59.6,1556.2,70.201
8/28/19 12:50,81.642,59.6,1553.7,70.201
8/28/19 12:50,81.642,59.5,1556.2,70.201
8/28/19 12:50,81.642,59.5,1558.7,70.201
8/28/19 12:50,81.642,59.5,1558.7,70.201
8/28/19 12:50,81.642,59.6,1561.2,70.201
8/28/19 12:51,81.642,59.6,1561.2,70.201
8/28/19 12:51,81.642,59.5,1558.7,70.201
8/28/19 12:51,81.642,59.6,1556.2,70.201
8/28/19 12:51,81.642,59.6,1553.7,70.201
8/28/19 12:51,81.642,59.6,1558.7,70.201
8/28/19 12:51,81.687,59.6,1561.2,70.201
8/28/19 12:51,81.642,59.5,1566.2,70.201
8/28/19 12:51,81.642,59.6,1571.2,70.201
8/28/19 12:51,81.642,59.6,1573.7,70.201
8/28/19 12:51,81.687,59.4,1576.2,70.201
8/28/19 12:51,81.687,59,1578.7,70.201
8/28/19 12:51,81.687,58.9,1581.2,70.201
8/28/19 12:51,81.687,58.6,1578.7,70.201
8/28/19 12:51,81.687,58.5,1581.2,70.201
8/28/19 12:51,81.687,58.5,1586.2,70.201
8/28/19 12:51,81.687,58.5,1586.2,70.201
8/28/19 12:51,81.687,58.5,1593.7,70.201
8/28/19 12:51,81.642,58.5,1588.7,70.201
8/28/19 12:51,81.642,58.4,1591.2,70.201
8/28/19 12:51,81.642,58.5,1601.2,70.201
8/28/19 12:51,81.642,58.5,1608.7,70.201
8/28/19 12:51,81.642,58.6,1611.2,70.201
8/28/19 12:51,81.642,58.6,1608.7,70.201
8/28/19 12:51,81.642,58.6,1606.2,70.201
8/28/19 12:51,81.642,58.7,1606.2,70.201
8/28/19 12:51,81.642,58.8,1611.2,70.201
8/28/19 12:51,81.642,58.9,1611.2,70.201
8/28/19 12:51,81.642,59,1608.7,70.201
8/28/19 12:51,81.642,59,1608.7,70.201
8/28/19 12:51,81.642,58.9,1613.7,70.201
8/28/19 12:51,81.642,58.7,1616.2,70.201
8/28/19 12:51,81.597,58.6,1618.7,70.201
8/28/19 12:51,81.597,58.5,1621.2,70.201
8/28/19 12:51,81.597,58.4,1621.2,70.201
8/28/19 12:51,81.597,58.2,1623.7,70.201
8/28/19 12:51,81.597,57.9,1623.7,70.201
8/28/19 12:51,81.597,57.7,1626.2,70.201
8/28/19 12:51,81.597,57.4,1628.7,70.201
8/28/19 12:51,81.597,57.2,1628.7,70.201
8/28/19 12:51,81.597,57,1628.7,70.201
8/28/19 12:51,81.554,56.9,1636.2,70.201
8/28/19 12:51,81.554,56.9,1636.2,70.201
8/28/19 12:51,81.554,56.8,1638.7,70.201
8/28/19 12:51,81.554,56.8,1638.7,70.201
8/28/19 12:51,81.509,56.9,1641.2,70.201
8/28/19 12:51,81.509,56.9,1641.2,70.201
8/28/19 12:51,81.509,57.1,1643.7,70.201
8/28/19 12:51,81.466,57.2,1641.2,70.201
8/28/19 12:51,81.466,57.4,1646.2,70.201
8/28/19 12:51,81.466,57.4,1648.7,70.201
8/28/19 12:51,81.466,57.4,1656.2,70.201
8/28/19 12:51,81.466,57.4,1656.2,70.201
8/28/19 12:51,81.421,57.4,1658.7,70.201
8/28/19 12:51,81.421,57.3,1658.7,70.201
8/28/19 12:51,81.421,57.4,1658.7,70.201
8/28/19 12:51,81.421,57.4,1658.7,70.201
8/28/19 12:51,81.376,57.4,1658.7,70.201
8/28/19 12:51,81.376,57.4,1661.2,70.201
8/28/19 12:51,81.376,57.4,1661.2,70.201
8/28/19 12:51,81.333,57.4,1661.2,70.201
8/28/19 12:52,81.333,57.5,1663.7,70.201
8/28/19 12:52,81.333,57.5,1661.2,70.201
8/28/19 12:52,81.333,57.5,1666.2,70.201
8/28/19 12:52,81.288,57.4,1666.2,70.201
8/28/19 12:52,81.288,57.4,1666.2,70.201
8/28/19 12:52,81.288,57.4,1666.2,70.201
8/28/19 12:52,81.288,57.4,1666.2,70.201
8/28/19 12:52,81.244,57.4,1663.7,70.201
8/28/19 12:52,81.244,57.4,1663.7,70.201
8/28/19 12:52,81.244,57.4,1666.2,70.201
8/28/19 12:52,81.244,57.4,1743.7,70.201
8/28/19 12:52,81.199,57.5,1731.2,70.201
8/28/19 12:52,81.199,57.7,1723.7,70.201
8/28/19 12:52,81.199,57.7,1731.2,70.201
8/28/19 12:52,81.199,57.8,1731.2,70.201
8/28/19 12:52,81.199,58,1728.7,70.201
8/28/19 12:52,81.154,58,1728.7,70.201
8/28/19 12:52,81.154,58.1,1728.7,70.201
8/28/19 12:52,81.154,58.2,1731.2,70.201
8/28/19 12:52,81.154,58.2,1731.2,70.201
8/28/19 12:52,81.154,58.3,1733.7,70.201
8/28/19 12:52,81.154,58.3,1731.2,70.201
8/28/19 12:52,81.154,58.4,1731.2,70.201
8/28/19 12:52,81.154,58.4,1723.7,70.201
8/28/19 12:52,81.154,58.4,1731.2,70.201
8/28/19 12:52,81.111,58.2,1731.2,70.201
8/28/19 12:52,81.111,58,1723.7,70.201
8/28/19 12:52,81.111,57.9,1726.2,70.201
8/28/19 12:52,81.111,57.8,1726.2,70.201
8/28/19 12:52,81.111,57.7,1731.2,70.201
8/28/19 12:52,81.111,57.5,1731.2,70.201
8/28/19 12:52,81.111,57.4,1726.2,70.201
8/28/19 12:52,81.111,57.3,1726.2,70.201
8/28/19 12:52,81.066,57.2,1726.2,70.201
8/28/19 12:52,81.066,57.2,1728.7,70.201
8/28/19 12:52,81.066,57.2,1726.2,70.201
8/28/19 12:52,81.066,57.4,1726.2,70.201
8/28/19 12:52,81.066,57.4,1723.7,70.201
8/28/19 12:52,81.066,57.5,1726.2,70.201
8/28/19 12:52,81.066,57.5,1726.2,70.201
8/28/19 12:52,81.023,57.6,1728.7,70.201
8/28/19 12:52,81.023,57.7,1731.2,70.201
8/28/19 12:52,81.023,57.9,1731.2,70.201
8/28/19 12:52,81.023,58,1733.7,70.201
8/28/19 12:52,81.023,58.1,1733.7,70.201
8/28/19 12:52,81.023,58.3,1733.7,70.201
8/28/19 12:52,81.023,58.3,1731.2,70.201
8/28/19 12:52,81.023,58.3,1733.7,70.201
8/28/19 12:52,81.023,58.1,1736.2,70.201
8/28/19 12:52,81.023,58,1733.7,70.201
8/28/19 12:52,81.023,57.9,1738.7,70.201
8/28/19 12:52,81.023,57.8,1736.2,70.201
8/28/19 12:52,81.023,57.7,1733.7,70.201
8/28/19 12:52,81.023,57.6,1736.2,70.201
8/28/19 12:52,80.978,57.7,1731.2,70.201
8/28/19 12:52,80.978,57.8,1731.2,70.243
8/28/19 12:52,80.978,58,1731.2,70.201
8/28/19 12:52,80.978,58,1731.2,70.201
8/28/19 12:52,80.978,58,1731.2,70.201
8/28/19 12:52,80.978,58.1,1731.2,70.201
8/28/19 12:53,80.978,58.2,1731.2,70.201
8/28/19 12:53,80.978,58.3,1733.7,70.201
8/28/19 12:53,80.978,58.5,1733.7,70.201
8/28/19 12:53,80.978,58.6,1736.2,70.201
8/28/19 12:53,80.978,58.8,1736.2,70.201
8/28/19 12:53,80.978,59.1,1733.7,70.243
8/28/19 12:53,80.978,59.2,1738.7,70.201
8/28/19 12:53,80.978,59.4,1741.2,70.201
8/28/19 12:53,81.023,59.5,1741.2,70.201
8/28/19 12:53,81.023,59.6,1741.2,70.243
8/28/19 12:53,81.023,59.8,1741.2,70.201
8/28/19 12:53,81.023,59.9,1743.7,70.243
8/28/19 12:53,81.023,60,1741.2,70.201
8/28/19 12:53,81.023,60,1741.2,70.201
8/28/19 12:53,81.023,60.2,1741.2,70.243
8/28/19 12:53,81.023,60.1,1743.7,70.201
8/28/19 12:53,81.066,60.1,1743.7,70.243
8/28/19 12:53,81.066,60,1743.7,70.243
8/28/19 12:53,81.066,59.8,1743.7,70.201
8/28/19 12:53,81.066,59.6,1743.7,70.201
8/28/19 12:53,81.066,59.5,1746.2,70.243
8/28/19 12:53,81.066,59.4,1746.2,70.243
8/28/19 12:53,81.066,59.2,1743.7,70.201
8/28/19 12:53,81.066,59.2,1743.7,70.201
8/28/19 12:53,81.066,59.1,1743.7,70.243
8/28/19 12:53,81.066,59,1746.2,70.243
8/28/19 12:53,81.066,59,1733.7,70.201
8/28/19 12:53,81.066,59,1738.7,70.201
8/28/19 12:53,81.066,59,1741.2,70.201
8/28/19 12:53,81.111,59.1,1741.2,70.201
8/28/19 12:53,81.111,59.2,1741.2,70.243
8/28/19 12:53,81.111,59.2,1743.7,70.243
8/28/19 12:53,81.111,59.3,1748.7,70.243
8/28/19 12:53,81.111,59.4,1738.7,70.243
8/28/19 12:53,81.111,59.5,1738.7,70.201
8/28/19 12:53,81.111,59.5,1738.7,70.243
8/28/19 12:53,81.111,59.6,1743.7,70.243
8/28/19 12:53,81.111,59.8,1748.7,70.243
8/28/19 12:53,81.111,59.8,1748.7,70.243
8/28/19 12:53,81.111,59.9,1731.2,70.243
8/28/19 12:53,81.111,60,1746.2,70.201
8/28/19 12:53,81.111,60,1748.7,70.243
8/28/19 12:53,81.111,60,1748.7,70.243
8/28/19 12:53,81.111,60,1748.7,70.243
8/28/19 12:53,81.111,60,1748.7,70.243
8/28/19 12:53,81.154,60,1748.7,70.201
8/28/19 12:53,81.154,60,1748.7,70.201
8/28/19 12:53,81.154,60.1,1743.7,70.201
8/28/19 12:53,81.154,60.2,1748.7,70.243
8/28/19 12:53,81.154,60.4,1738.7,70.243
8/28/19 12:53,81.154,60.5,1738.7,70.243
8/28/19 12:53,81.154,60.6,1743.7,70.243
8/28/19 12:53,81.154,60.6,1748.7,70.243
8/28/19 12:53,81.154,60.6,1736.2,70.243
8/28/19 12:53,81.154,60.6,1731.2,70.243
8/28/19 12:53,81.199,60.6,1741.2,70.243
8/28/19 12:53,81.199,60.7,1741.2,70.243
8/28/19 12:53,81.199,60.8,1748.7,70.243
8/28/19 12:53,81.199,60.8,1751.2,70.243
8/28/19 12:53,81.199,60.9,1751.2,70.243
8/28/19 12:54,81.199,61.1,1753.7,70.243
8/28/19 12:54,81.199,61.2,1751.2,70.243
8/28/19 12:54,81.244,61.2,1753.7,70.243
8/28/19 12:54,81.244,61.4,1751.2,70.243
8/28/19 12:54,81.244,61.6,1748.7,70.243
8/28/19 12:54,81.244,61.7,1751.2,70.243
8/28/19 12:54,81.244,61.8,1743.7,70.243
8/28/19 12:54,81.288,61.9,1743.7,70.243
8/28/19 12:54,81.288,62,1746.2,70.243
8/28/19 12:54,81.288,62.1,1746.2,70.243
8/28/19 12:54,81.288,62.2,1746.2,70.243
8/28/19 12:54,81.333,62.2,1746.2,70.243
8/28/19 12:54,81.333,62.1,1743.7,70.243
8/28/19 12:54,81.333,62.1,1743.7,70.243
8/28/19 12:54,81.333,62,1743.7,70.243
8/28/19 12:54,81.376,61.9,1743.7,70.243
8/28/19 12:54,81.376,61.8,1741.2,70.243
8/28/19 12:54,81.376,61.8,1741.2,70.243
8/28/19 12:54,81.376,61.7,1751.2,70.243
8/28/19 12:54,81.376,61.7,1743.7,70.243
8/28/19 12:54,81.421,61.7,1743.7,70.243
8/28/19 12:54,81.421,61.6,1746.2,70.243
8/28/19 12:54,81.421,61.3,1748.7,70.243
8/28/19 12:54,81.421,61.1,1748.7,70.243
8/28/19 12:54,81.466,60.7,1748.7,70.243
8/28/19 12:54,81.466,60.5,1748.7,70.243
8/28/19 12:54,81.466,60.1,1748.7,70.243
8/28/19 12:54,81.466,59.9,1751.2,70.243
8/28/19 12:54,81.466,59.6,1751.2,70.243
8/28/19 12:54,81.466,59.5,1751.2,70.243
8/28/19 12:54,81.466,59.3,1751.2,70.243
8/28/19 12:54,81.466,59.2,1751.2,70.243
8/28/19 12:54,81.466,59.1,1753.7,70.243
8/28/19 12:54,81.466,59,1751.2,70.243
8/28/19 12:54,81.466,59,1751.2,70.243
8/28/19 12:54,81.466,59,1753.7,70.243
8/28/19 12:54,81.421,59.1,1753.7,70.243
8/28/19 12:54,81.466,59.1,1751.2,70.243
8/28/19 12:54,81.466,59.2,1753.7,70.243
8/28/19 12:54,81.421,59.2,1753.7,70.243
8/28/19 12:54,81.466,59.3,1753.7,70.243
8/28/19 12:54,81.421,59.4,1753.7,70.243
8/28/19 12:54,81.421,59.5,1751.2,70.243
8/28/19 12:54,81.466,59.6,1751.2,70.243
8/28/19 12:54,81.466,59.6,1743.7,70.243
8/28/19 12:54,81.466,59.8,1751.2,70.243
8/28/19 12:54,81.466,59.9,1753.7,70.243
8/28/19 12:54,81.466,60,1753.7,70.243
8/28/19 12:54,81.466,60.1,1756.2,70.243
8/28/19 12:54,81.466,60.1,1753.7,70.243
8/28/19 12:54,81.466,60.2,1738.7,70.243
8/28/19 12:54,81.466,60.3,1743.7,70.243
8/28/19 12:54,81.466,60.3,1746.2,70.243
8/28/19 12:54,81.466,60.4,1753.7,70.243
8/28/19 12:54,81.509,60.4,1753.7,70.243
8/28/19 12:54,81.509,60.3,1756.2,70.243
8/28/19 12:54,81.509,60.2,1756.2,70.243
8/28/19 12:54,81.509,60.1,1756.2,70.243
8/28/19 12:54,81.509,59.9,1753.7,70.243
8/28/19 12:54,81.509,59.6,1753.7,70.243
8/28/19 12:55,81.509,59.5,1756.2,70.243
8/28/19 12:55,81.509,59.3,1756.2,70.243
8/28/19 12:55,81.509,59.2,1756.2,70.243
8/28/19 12:55,81.509,59,1756.2,70.243
8/28/19 12:55,81.509,59,1743.7,70.243
8/28/19 12:55,81.509,59,1743.7,70.243
8/28/19 12:55,81.509,58.9,1746.2,70.243
8/28/19 12:55,81.509,58.9,1746.2,70.243
8/28/19 12:55,81.509,59,1741.2,70.243
8/28/19 12:55,81.509,59.1,1741.2,70.243
8/28/19 12:55,81.509,59.1,1743.7,70.243
8/28/19 12:55,81.466,59.2,1738.7,70.243
8/28/19 12:55,81.466,59.3,1743.7,70.243
8/28/19 12:55,81.466,59.3,1743.7,70.243
8/28/19 12:55,81.466,59.3,1743.7,70.243
8/28/19 12:55,81.466,59.3,1741.2,70.243
8/28/19 12:55,81.466,59.2,1743.7,70.243
8/28/19 12:55,81.466,59.2,1746.2,70.243
8/28/19 12:55,81.466,59.2,1743.7,70.243
8/28/19 12:55,81.466,59.1,1743.7,70.243
8/28/19 12:55,81.466,59.1,1746.2,70.243
8/28/19 12:55,81.466,59,1741.2,70.243
8/28/19 12:55,81.466,58.9,1741.2,70.243
8/28/19 12:55,81.466,58.9,1746.2,70.243
8/28/19 12:55,81.466,58.8,1741.2,70.243
8/28/19 12:55,81.466,58.7,1743.7,70.243
8/28/19 12:55,81.421,58.7,1746.2,70.243
8/28/19 12:55,81.421,58.7,1743.7,70.243
8/28/19 12:55,81.421,58.8,1743.7,70.243
8/28/19 12:55,81.421,58.9,1743.7,70.243
8/28/19 12:55,81.421,59,1741.2,70.243
8/28/19 12:55,81.421,59,1743.7,70.243
8/28/19 12:55,81.421,59.2,1741.2,70.243
8/28/19 12:55,81.421,59.3,1741.2,70.243
8/28/19 12:55,81.421,59.4,1743.7,70.243
8/28/19 12:55,81.421,59.4,1741.2,70.243
8/28/19 12:55,81.421,59.6,1741.2,70.243
8/28/19 12:55,81.421,59.6,1741.2,70.243
8/28/19 12:55,81.421,59.7,1738.7,70.243
8/28/19 12:55,81.421,59.9,1741.2,70.243
8/28/19 12:55,81.421,60,1746.2,70.243
8/28/19 12:55,81.421,60.1,1746.2,70.286
8/28/19 12:55,81.421,60.2,1748.7,70.243
8/28/19 12:55,81.421,60.2,1743.7,70.243
8/28/19 12:55,81.421,60.2,1741.2,70.243
8/28/19 12:55,81.421,60.1,1751.2,70.243
8/28/19 12:55,81.421,60,1741.2,70.243
8/28/19 12:55,81.466,59.9,1741.2,70.243
8/28/19 12:55,81.466,59.9,1741.2,70.243
8/28/19 12:55,81.466,59.9,1751.2,70.243
8/28/19 12:55,81.466,59.9,1753.7,70.243
8/28/19 12:55,81.466,59.9,1751.2,70.243
8/28/19 12:55,81.466,60,1751.2,70.243
8/28/19 12:55,81.466,60,1753.7,70.243
8/28/19 12:55,81.466,60.1,1748.7,70.243
8/28/19 12:55,81.466,60.1,1751.2,70.243
8/28/19 12:55,81.466,60.2,1751.2,70.243
8/28/19 12:55,81.466,60.3,1753.7,70.243
8/28/19 12:55,81.466,60.4,1751.2,70.243
8/28/19 12:55,81.466,60.4,1753.7,70.243
8/28/19 12:56,81.466,60.5,1751.2,70.243
8/28/19 12:56,81.466,60.5,1751.2,70.243
8/28/19 12:56,81.466,60.5,1751.2,70.243
8/28/19 12:56,81.466,60.5,1751.2,70.243
8/28/19 12:56,81.466,60.5,1751.2,70.243
8/28/19 12:56,81.509,60.5,1751.2,70.243
8/28/19 12:56,81.509,60.4,1751.2,70.243
8/28/19 12:56,81.509,60.3,1751.2,70.243
8/28/19 12:56,81.509,60.2,1751.2,70.243
8/28/19 12:56,81.509,60.1,1751.2,70.243
8/28/19 12:56,81.509,59.9,1753.7,70.286
8/28/19 12:56,81.509,59.6,1753.7,70.243
8/28/19 12:56,81.509,59.5,1748.7,70.243
8/28/19 12:56,81.509,59.3,1743.7,70.243
8/28/19 12:56,81.509,59.1,1748.7,70.243
8/28/19 12:56,81.509,59,1751.2,70.243
8/28/19 12:56,81.509,59,1748.7,70.243
8/28/19 12:56,81.509,59.1,1748.7,70.243
8/28/19 12:56,81.509,59,1751.2,70.243
8/28/19 12:56,81.509,59.1,1736.2,70.243
8/28/19 12:56,81.509,59.2,1738.7,70.286
8/28/19 12:56,81.509,59.3,1738.7,70.243
8/28/19 12:56,81.509,59.4,1738.7,70.243
8/28/19 12:56,81.509,59.6,1738.7,70.286
8/28/19 12:56,81.509,59.6,1738.7,70.243
8/28/19 12:56,81.509,59.6,1738.7,70.286
8/28/19 12:56,81.509,59.5,1736.2,70.243
8/28/19 12:56,81.509,59.6,1741.2,70.286
8/28/19 12:56,81.554,59.5,1736.2,70.243
8/28/19 12:56,81.509,59.6,1736.2,70.286
8/28/19 12:56,81.554,59.6,1736.2,70.243
8/28/19 12:56,81.554,59.8,1736.2,70.286
8/28/19 12:56,81.554,59.8,1738.7,70.243
8/28/19 12:56,81.554,59.9,1738.7,70.286
8/28/19 12:56,81.554,59.9,1738.7,70.243
8/28/19 12:56,81.554,59.8,1738.7,70.286
8/28/19 12:56,81.554,59.8,1738.7,70.286
8/28/19 12:56,81.554,59.8,1738.7,70.243
8/28/19 12:56,81.554,59.6,1738.7,70.286
8/28/19 12:56,81.554,59.5,1738.7,70.286
8/28/19 12:56,81.554,59.4,1738.7,70.286
8/28/19 12:56,81.554,59.3,1738.7,70.243
8/28/19 12:56,81.597,59.3,1741.2,70.286
8/28/19 12:56,81.597,59.3,1738.7,70.286
8/28/19 12:56,81.597,59.4,1738.7,70.286
8/28/19 12:56,81.597,59.6,1741.2,70.286
8/28/19 12:56,81.597,59.6,1736.2,70.286
8/28/19 12:56,81.597,59.7,1738.7,70.243
8/28/19 12:56,81.597,59.8,1736.2,70.286
8/28/19 12:56,81.597,60,1736.2,70.243
8/28/19 12:56,81.597,60.2,1738.7,70.286
8/28/19 12:56,81.597,60.2,1736.2,70.286
8/28/19 12:56,81.597,60.2,1738.7,70.243
8/28/19 12:56,81.642,60.2,1736.2,70.286
8/28/19 12:56,81.642,60.1,1738.7,70.286
8/28/19 12:56,81.642,60,1738.7,70.286
8/28/19 12:56,81.642,59.9,1738.7,70.286
8/28/19 12:56,81.642,59.8,1736.2,70.286
8/28/19 12:56,81.642,59.8,1736.2,70.286
8/28/19 12:56,81.642,59.7,1736.2,70.243
8/28/19 12:57,81.642,59.6,1736.2,70.286
8/28/19 12:57,81.687,59.6,1733.7,70.286
8/28/19 12:57,81.687,59.6,1733.7,70.286
8/28/19 12:57,81.687,59.7,1736.2,70.286
8/28/19 12:57,81.687,59.9,1738.7,70.286
8/28/19 12:57,81.687,60,1736.2,70.286
8/28/19 12:57,81.687,60.1,1736.2,70.286
8/28/19 12:57,81.687,60.2,1736.2,70.286
8/28/19 12:57,81.687,60.2,1736.2,70.286
8/28/19 12:57,81.687,60.1,1741.2,70.286
8/28/19 12:57,81.687,60,1736.2,70.286
8/28/19 12:57,81.687,59.9,1746.2,70.286
8/28/19 12:57,81.73,59.7,1738.7,70.286
8/28/19 12:57,81.73,59.6,1751.2,70.286
8/28/19 12:57,81.73,59.6,1751.2,70.286
8/28/19 12:57,81.73,59.5,1748.7,70.286
8/28/19 12:57,81.73,59.6,1751.2,70.286
8/28/19 12:57,81.73,59.6,1741.2,70.286
8/28/19 12:57,81.73,59.8,1748.7,70.286
8/28/19 12:57,81.73,60,1748.7,70.286
8/28/19 12:57,81.73,60,1741.2,70.286
8/28/19 12:57,81.73,59.9,1736.2,70.286
8/28/19 12:57,81.73,59.9,1738.7,70.286
8/28/19 12:57,81.73,59.8,1736.2,70.286
8/28/19 12:57,81.73,59.5,1741.2,70.286
8/28/19 12:57,81.687,59.3,1731.2,70.286
8/28/19 12:57,81.73,59.1,1751.2,70.286
8/28/19 12:57,81.73,59,1738.7,70.286
8/28/19 12:57,81.687,58.8,1733.7,70.286
8/28/19 12:57,81.687,58.5,1738.7,70.286
8/28/19 12:57,81.687,58.4,1738.7,70.286
8/28/19 12:57,81.687,58.2,1738.7,70.286
8/28/19 12:57,81.687,58.1,1738.7,70.286
8/28/19 12:57,81.687,58.2,1738.7,70.286
8/28/19 12:57,81.687,58.3,1738.7,70.286
8/28/19 12:57,81.687,58.2,1736.2,70.286
8/28/19 12:57,81.642,58.1,1738.7,70.286
8/28/19 12:57,81.642,58.1,1733.7,70.286
8/28/19 12:57,81.642,58,1738.7,70.286
8/28/19 12:57,81.642,58,1738.7,70.286
8/28/19 12:57,81.642,58,1736.2,70.286
8/28/19 12:57,81.642,58.1,1738.7,70.286
8/28/19 12:57,81.642,58.3,1738.7,70.286
8/28/19 12:57,81.642,58.4,1738.7,70.286
8/28/19 12:57,81.642,58.5,1738.7,70.286
8/28/19 12:57,81.597,58.6,1736.2,70.286
8/28/19 12:57,81.597,58.7,1738.7,70.286
8/28/19 12:57,81.597,58.8,1733.7,70.286
8/28/19 12:57,81.597,58.9,1736.2,70.286
8/28/19 12:57,81.597,58.9,1736.2,70.286
8/28/19 12:57,81.597,59,1736.2,70.286
8/28/19 12:57,81.597,58.9,1736.2,70.286
8/28/19 12:57,81.597,58.9,1733.7,70.286
8/28/19 12:57,81.597,58.7,1738.7,70.286
8/28/19 12:57,81.597,58.6,1738.7,70.286
8/28/19 12:57,81.597,58.5,1736.2,70.286
8/28/19 12:57,81.597,58.5,1736.2,70.286
8/28/19 12:57,81.597,58.5,1738.7,70.286
8/28/19 12:57,81.554,58.5,1738.7,70.286
8/28/19 12:57,81.554,58.5,1736.2,70.286
8/28/19 12:58,81.554,58.4,1733.7,70.286
8/28/19 12:58,81.554,58.4,1736.2,70.286
8/28/19 12:58,81.554,58.5,1731.2,70.286
8/28/19 12:58,81.554,58.5,1736.2,70.286
8/28/19 12:58,81.554,58.5,1736.2,70.286
8/28/19 12:58,81.554,58.5,1736.2,70.286
8/28/19 12:58,81.554,58.5,1738.7,70.286
8/28/19 12:58,81.554,58.6,1736.2,70.286
8/28/19 12:58,81.554,58.6,1733.7,70.286
8/28/19 12:58,81.554,58.7,1733.7,70.286
8/28/19 12:58,81.554,58.9,1738.7,70.286
8/28/19 12:58,81.554,59,1738.7,70.286
8/28/19 12:58,81.554,59,1738.7,70.286
8/28/19 12:58,81.554,59.1,1738.7,70.286
8/28/19 12:58,81.554,59.1,1738.7,70.286
8/28/19 12:58,81.554,59,1736.2,70.286
8/28/19 12:58,81.554,59,1738.7,70.286
8/28/19 12:58,81.554,58.9,1736.2,70.286
8/28/19 12:58,81.554,58.9,1736.2,70.286
8/28/19 12:58,81.554,58.9,1738.7,70.286
8/28/19 12:58,81.554,58.9,1736.2,70.286
8/28/19 12:58,81.554,59,1736.2,70.286
8/28/19 12:58,81.554,59.1,1738.7,70.286
8/28/19 12:58,81.554,59.2,1738.7,70.286
8/28/19 12:58,81.554,59.2,1736.2,70.286
8/28/19 12:58,81.554,59,1736.2,70.286
8/28/19 12:58,81.554,59,1733.7,70.286
8/28/19 12:58,81.554,58.9,1736.2,70.286
8/28/19 12:58,81.554,58.8,1733.7,70.286
8/28/19 12:58,81.554,58.8,1738.7,70.286
8/28/19 12:58,81.554,58.7,1738.7,70.286
8/28/19 12:58,81.554,58.7,1736.2,70.286
8/28/19 12:58,81.554,58.7,1736.2,70.286
8/28/19 12:58,81.554,58.8,1738.7,70.286
8/28/19 12:58,81.554,58.9,1738.7,70.286
8/28/19 12:58,81.554,59,1738.7,70.286
8/28/19 12:58,81.554,59.1,1736.2,70.286
8/28/19 12:58,81.554,59,1738.7,70.286
8/28/19 12:58,81.554,59,1736.2,70.286
8/28/19 12:58,81.554,59.1,1736.2,70.286
8/28/19 12:58,81.554,59.1,1736.2,70.286
8/28/19 12:58,81.554,59.1,1736.2,70.286
8/28/19 12:58,81.554,59.2,1736.2,70.286
8/28/19 12:58,81.554,59.2,1738.7,70.286
8/28/19 12:58,81.554,59.3,1736.2,70.286
8/28/19 12:58,81.554,59.3,1738.7,70.286
8/28/19 12:58,81.554,59.3,1736.2,70.286
8/28/19 12:58,81.554,59.3,1736.2,70.286
8/28/19 12:58,81.554,59.3,1738.7,70.286
8/28/19 12:58,81.554,59.3,1738.7,70.286
8/28/19 12:58,81.554,59.4,1736.2,70.286
8/28/19 12:58,81.554,59.4,1736.2,70.286
8/28/19 12:58,81.554,59.5,1738.7,70.286
8/28/19 12:58,81.554,59.7,1736.2,70.286
8/28/19 12:58,81.554,59.8,1736.2,70.286
8/28/19 12:58,81.597,59.9,1736.2,70.286
8/28/19 12:58,81.597,59.9,1736.2,70.286
8/28/19 12:58,81.597,60,1736.2,70.286
8/28/19 12:58,81.597,60,1731.2,70.286
8/28/19 12:58,81.597,60,1738.7,70.286
8/28/19 12:59,81.597,59.9,1741.2,70.286
8/28/19 12:59,81.597,59.8,1738.7,70.286
8/28/19 12:59,81.597,59.5,1738.7,70.286
8/28/19 12:59,81.597,59.5,1733.7,70.286
8/28/19 12:59,81.597,59.3,1738.7,70.286
8/28/19 12:59,81.597,59.2,1741.2,70.286
8/28/19 12:59,81.597,59,1743.7,70.286
8/28/19 12:59,81.597,59,1741.2,70.286
8/28/19 12:59,81.597,59,1738.7,70.286
8/28/19 12:59,81.597,59,1738.7,70.286
8/28/19 12:59,81.597,59,1731.2,70.286
8/28/19 12:59,81.597,59,1733.7,70.286
8/28/19 12:59,81.597,59,1731.2,70.286
8/28/19 12:59,81.597,59,1731.2,70.286
8/28/19 12:59,81.597,59.1,1733.7,70.286
8/28/19 12:59,81.597,59,1736.2,70.329
8/28/19 12:59,81.597,59,1736.2,70.286
8/28/19 12:59,81.597,59,1738.7,70.286
8/28/19 12:59,81.597,59.1,1738.7,70.286
8/28/19 12:59,81.597,59.2,1738.7,70.286
8/28/19 12:59,81.597,59.3,1738.7,70.286
8/28/19 12:59,81.597,59.4,1738.7,70.286
8/28/19 12:59,81.597,59.4,1741.2,70.286
8/28/19 12:59,81.597,59.3,1736.2,70.286
8/28/19 12:59,81.597,59.2,1738.7,70.286
8/28/19 12:59,81.597,59.1,1738.7,70.286
8/28/19 12:59,81.597,59.1,1736.2,70.286
8/28/19 12:59,81.597,59,1738.7,70.286
8/28/19 12:59,81.597,58.9,1736.2,70.329
8/28/19 12:59,81.597,58.9,1736.2,70.329
8/28/19 12:59,81.597,58.8,1736.2,70.329
8/28/19 12:59,81.597,58.8,1736.2,70.286
8/28/19 12:59,81.597,58.8,1738.7,70.286
8/28/19 12:59,81.597,58.9,1736.2,70.286
8/28/19 12:59,81.597,59,1736.2,70.329
8/28/19 12:59,81.597,59,1736.2,70.329
8/28/19 12:59,81.597,59.1,1736.2,70.286
8/28/19 12:59,81.597,59.2,1736.2,70.329
8/28/19 12:59,81.597,59.3,1736.2,70.286
8/28/19 12:59,81.597,59.3,1736.2,70.329
8/28/19 12:59,81.597,59.2,1736.2,70.329
8/28/19 12:59,81.597,59,1736.2,70.286
8/28/19 12:59,81.597,58.9,1736.2,70.329
8/28/19 12:59,81.597,58.8,1736.2,70.286
8/28/19 12:59,81.597,58.7,1736.2,70.286
8/28/19 12:59,81.597,58.8,1736.2,70.329
8/28/19 12:59,81.597,58.9,1736.2,70.329
8/28/19 12:59,81.597,58.9,1733.7,70.329
8/28/19 12:59,81.597,59,1736.2,70.329
8/28/19 12:59,81.597,59,1736.2,70.329
8/28/19 12:59,81.597,59.2,1736.2,70.286
8/28/19 12:59,81.554,59.3,1736.2,70.329
8/28/19 12:59,81.597,59.4,1731.2,70.286
8/28/19 12:59,81.597,59.4,1736.2,70.329
8/28/19 12:59,81.597,59.5,1733.7,70.286
8/28/19 12:59,81.597,59.6,1733.7,70.286
8/28/19 12:59,81.597,59.6,1733.7,70.329
8/28/19 12:59,81.597,59.6,1736.2,70.329
8/28/19 12:59,81.597,59.6,1733.7,70.329
8/28/19 12:59,81.597,59.4,1736.2,70.329
8/28/19 13:00,81.597,59.3,1733.7,70.329
8/28/19 13:00,81.597,59,1733.7,70.329
8/28/19 13:00,81.597,59,1731.2,70.329
8/28/19 13:00,81.597,58.7,1733.7,70.329
8/28/19 13:00,81.597,58.5,1731.2,70.329
8/28/19 13:00,81.597,58.5,1733.7,70.329
8/28/19 13:00,81.597,58.4,1728.7,70.329
8/28/19 13:00,81.597,58.3,1733.7,70.329
8/28/19 13:00,81.597,58.2,1733.7,70.329
8/28/19 13:00,81.597,58,1731.2,70.329
8/28/19 13:00,81.597,58,1731.2,70.329
8/28/19 13:00,81.597,57.8,1728.7,70.329
8/28/19 13:00,81.597,57.7,1731.2,70.329
8/28/19 13:00,81.597,57.7,1731.2,70.329
8/28/19 13:00,81.597,57.6,1731.2,70.329
8/28/19 13:00,81.554,57.5,1731.2,70.329
8/28/19 13:00,81.597,57.5,1731.2,70.329
8/28/19 13:00,81.554,57.5,1731.2,70.329
8/28/19 13:00,81.554,57.4,1731.2,70.329
8/28/19 13:00,81.554,57.4,1731.2,70.329
8/28/19 13:00,81.554,57.4,1731.2,70.329
8/28/19 13:00,81.554,57.4,1731.2,70.329
8/28/19 13:00,81.554,57.4,1726.2,70.329
8/28/19 13:00,81.554,57.4,1731.2,70.329
8/28/19 13:00,81.554,57.5,1731.2,70.329
8/28/19 13:00,81.554,57.5,1728.7,70.329
8/28/19 13:00,81.509,57.5,1728.7,70.329
8/28/19 13:00,81.509,57.5,1731.2,70.329
8/28/19 13:00,81.509,57.6,1726.2,70.329
8/28/19 13:00,81.509,57.7,1728.7,70.329
8/28/19 13:00,81.509,57.7,1728.7,70.329
8/28/19 13:00,81.509,57.8,1726.2,70.329
8/28/19 13:00,81.509,57.9,1728.7,70.329
8/28/19 13:00,81.509,57.9,1728.7,70.329
8/28/19 13:00,81.509,58.1,1728.7,70.329
8/28/19 13:00,81.509,58.3,1728.7,70.329
8/28/19 13:00,81.509,58.4,1731.2,70.329
8/28/19 13:00,81.509,58.5,1731.2,70.329
8/28/19 13:00,81.509,58.5,1731.2,70.329
8/28/19 13:00,81.509,58.6,1731.2,70.329
8/28/19 13:00,81.509,58.6,1731.2,70.329
8/28/19 13:00,81.509,58.6,1731.2,70.329
8/28/19 13:00,81.509,58.6,1728.7,70.329
8/28/19 13:00,81.509,58.5,1726.2,70.329
8/28/19 13:00,81.509,58.3,1728.7,70.329
8/28/19 13:00,81.509,58.1,1731.2,70.329
8/28/19 13:00,81.509,58,1731.2,70.329
8/28/19 13:00,81.509,58,1731.2,70.329
8/28/19 13:00,81.509,57.9,1731.2,70.329
8/28/19 13:00,81.509,58,1728.7,70.329
8/28/19 13:00,81.509,57.9,1731.2,70.329
8/28/19 13:00,81.466,57.8,1726.2,70.329
8/28/19 13:00,81.466,57.8,1728.7,70.329
8/28/19 13:00,81.466,57.9,1731.2,70.329
8/28/19 13:00,81.466,58,1731.2,70.329
8/28/19 13:00,81.466,58.1,1728.7,70.329
8/28/19 13:00,81.466,58.2,1728.7,70.329
8/28/19 13:00,81.466,58.3,1728.7,70.329
8/28/19 13:00,81.466,58.5,1726.2,70.329
8/28/19 13:00,81.466,58.6,1728.7,70.329
8/28/19 13:01,81.466,58.7,1731.2,70.329
8/28/19 13:01,81.466,58.9,1731.2,70.329
8/28/19 13:01,81.466,58.9,1726.2,70.329
8/28/19 13:01,81.466,58.9,1728.7,70.329
8/28/19 13:01,81.466,58.9,1728.7,70.329
8/28/19 13:01,81.466,58.9,1731.2,70.329
8/28/19 13:01,81.466,58.9,1731.2,70.329
8/28/19 13:01,81.466,58.9,1728.7,70.329
8/28/19 13:01,81.466,59,1731.2,70.329
8/28/19 13:01,81.466,59,1728.7,70.329
8/28/19 13:01,81.466,59.1,1731.2,70.329
8/28/19 13:01,81.509,59,1728.7,70.329
8/28/19 13:01,81.509,59.1,1731.2,70.329
8/28/19 13:01,81.509,59.2,1728.7,70.329
8/28/19 13:01,81.509,59.3,1728.7,70.329
8/28/19 13:01,81.509,59.3,1726.2,70.329
8/28/19 13:01,81.509,59.3,1726.2,70.329
8/28/19 13:01,81.509,59.3,1728.7,70.329
8/28/19 13:01,81.509,59.2,1728.7,70.329
8/28/19 13:01,81.509,59.1,1731.2,70.329
8/28/19 13:01,81.509,58.8,1728.7,70.329
8/28/19 13:01,81.509,58.6,1731.2,70.329
8/28/19 13:01,81.509,58.5,1728.7,70.329
8/28/19 13:01,81.509,58.5,1731.2,70.329
8/28/19 13:01,81.509,58.5,1723.7,70.329
8/28/19 13:01,81.554,58.5,1726.2,70.329
8/28/19 13:01,81.554,58.5,1726.2,70.329
8/28/19 13:01,81.554,58.5,1728.7,70.329
8/28/19 13:01,81.554,58.5,1726.2,70.329
8/28/19 13:01,81.554,58.5,1731.2,70.329
8/28/19 13:01,81.554,58.6,1726.2,70.329
8/28/19 13:01,81.554,58.7,1731.2,70.329
8/28/19 13:01,81.554,58.9,1728.7,70.329
8/28/19 13:01,81.554,59,1728.7,70.329
8/28/19 13:01,81.554,59,1723.7,70.329
8/28/19 13:01,81.554,59,1733.7,70.329
8/28/19 13:01,81.554,59,1733.7,70.329
8/28/19 13:01,81.597,59,1733.7,70.329
8/28/19 13:01,81.597,59,1733.7,70.329
8/28/19 13:01,81.597,58.8,1733.7,70.329
8/28/19 13:01,81.597,58.6,1733.7,70.329
8/28/19 13:01,81.597,58.5,1733.7,70.329
8/28/19 13:01,81.597,58.3,1733.7,70.329
8/28/19 13:01,81.597,58.2,1733.7,70.329
8/28/19 13:01,81.597,58,1733.7,70.329
8/28/19 13:01,81.597,58,1733.7,70.329
8/28/19 13:01,81.597,57.8,1733.7,70.329
8/28/19 13:01,81.597,57.6,1733.7,70.329
8/28/19 13:01,81.597,57.5,1733.7,70.329
8/28/19 13:01,81.597,57.4,1733.7,70.329
8/28/19 13:01,81.597,57.4,1733.7,70.329
8/28/19 13:01,81.554,57.4,1733.7,70.329
8/28/19 13:01,81.554,57.4,1733.7,70.329
8/28/19 13:01,81.554,57.5,1733.7,70.329
8/28/19 13:01,81.554,57.6,1733.7,70.329
8/28/19 13:01,81.554,57.7,1736.2,70.329
8/28/19 13:01,81.554,57.7,1736.2,70.329
8/28/19 13:01,81.554,57.8,1733.7,70.329
8/28/19 13:01,81.554,57.9,1733.7,70.329
8/28/19 13:01,81.554,58,1736.2,70.329
8/28/19 13:02,81.509,58,1733.7,70.329
8/28/19 13:02,81.509,58.1,1733.7,70.329
8/28/19 13:02,81.554,58.1,1733.7,70.329
8/28/19 13:02,81.509,58.1,1733.7,70.329
8/28/19 13:02,81.509,58.1,1736.2,70.329
8/28/19 13:02,81.509,58,1733.7,70.329
8/28/19 13:02,81.509,58,1733.7,70.329
8/28/19 13:02,81.509,57.9,1733.7,70.329
8/28/19 13:02,81.509,58,1733.7,70.372
8/28/19 13:02,81.509,58,1733.7,70.329
8/28/19 13:02,81.509,58,1733.7,70.372
8/28/19 13:02,81.509,57.9,1736.2,70.329
8/28/19 13:02,81.509,58,1733.7,70.372
8/28/19 13:02,81.509,58.1,1736.2,70.372
8/28/19 13:02,81.509,58.1,1736.2,70.329
8/28/19 13:02,81.509,58.1,1733.7,70.372
8/28/19 13:02,81.509,58.1,1736.2,70.372
8/28/19 13:02,81.509,58,1731.2,70.329
8/28/19 13:02,81.509,57.9,1736.2,70.372
8/28/19 13:02,81.509,57.9,1736.2,70.372
8/28/19 13:02,81.466,57.9,1736.2,70.372
8/28/19 13:02,81.466,57.9,1733.7,70.372
8/28/19 13:02,81.466,57.8,1736.2,70.372
8/28/19 13:02,81.466,57.8,1736.2,70.372
8/28/19 13:02,81.466,57.6,1736.2,70.372
8/28/19 13:02,81.466,57.5,1733.7,70.372
8/28/19 13:02,81.466,57.4,1733.7,70.329
8/28/19 13:02,81.466,57.4,1733.7,70.372
8/28/19 13:02,81.466,57.3,1733.7,70.372
8/28/19 13:02,81.466,57.2,1733.7,70.372
8/28/19 13:02,81.466,57.2,1733.7,70.372
8/28/19 13:02,81.466,57.2,1733.7,70.372
8/28/19 13:02,81.421,57.2,1733.7,70.372
8/28/19 13:02,81.421,57.2,1731.2,70.372
8/28/19 13:02,81.421,57.2,1733.7,70.329
8/28/19 13:02,81.421,57.1,1733.7,70.372
8/28/19 13:02,81.421,57.1,1733.7,70.372
8/28/19 13:02,81.421,57,1733.7,70.372
8/28/19 13:02,81.421,56.9,1733.7,70.372
8/28/19 13:02,81.376,56.8,1733.7,70.372
8/28/19 13:02,81.376,56.7,1733.7,70.372
8/28/19 13:02,81.376,56.5,1733.7,70.372
8/28/19 13:02,81.376,56.2,1733.7,70.372
8/28/19 13:02,81.376,56.2,1733.7,70.372
8/28/19 13:02,81.376,56.1,1733.7,70.372
8/28/19 13:02,81.376,56,1733.7,70.372
8/28/19 13:02,81.376,56,1733.7,70.372
8/28/19 13:02,81.333,56,1736.2,70.372
8/28/19 13:02,81.333,55.9,1733.7,70.372
8/28/19 13:02,81.333,55.9,1733.7,70.372
8/28/19 13:02,81.333,56,1733.7,70.372
8/28/19 13:02,81.333,56.1,1733.7,70.372
8/28/19 13:02,81.333,56.2,1733.7,70.372
8/28/19 13:02,81.333,56.4,1733.7,70.372
8/28/19 13:02,81.333,56.6,1736.2,70.372
8/28/19 13:02,81.333,56.8,1736.2,70.372
8/28/19 13:02,81.333,56.9,1733.7,70.372
8/28/19 13:02,81.333,57,1736.2,70.372
8/28/19 13:02,81.333,57,1733.7,70.372
8/28/19 13:02,81.288,57.1,1736.2,70.372
8/28/19 13:03,81.288,57.1,1733.7,70.372
8/28/19 13:03,81.288,57.2,1733.7,70.372
8/28/19 13:03,81.288,57.2,1733.7,70.372
8/28/19 13:03,81.288,57.3,1736.2,70.372
8/28/19 13:03,81.333,57.4,1733.7,70.372
8/28/19 13:03,81.288,57.4,1733.7,70.372
8/28/19 13:03,81.288,57.5,1733.7,70.372
8/28/19 13:03,81.333,57.6,1733.7,70.372
8/28/19 13:03,81.333,57.7,1733.7,70.372
8/28/19 13:03,81.333,57.7,1733.7,70.372
8/28/19 13:03,81.333,57.8,1733.7,70.372
8/28/19 13:03,81.333,57.8,1733.7,70.372
8/28/19 13:03,81.333,57.8,1733.7,70.372
8/28/19 13:03,81.333,57.8,1733.7,70.372
8/28/19 13:03,81.333,58,1733.7,70.372
8/28/19 13:03,81.333,58,1733.7,70.372
8/28/19 13:03,81.333,58,1733.7,70.372
8/28/19 13:03,81.333,58,1738.7,70.372
8/28/19 13:03,81.333,58.1,1736.2,70.372
8/28/19 13:03,81.333,58.2,1733.7,70.372
8/28/19 13:03,81.333,58.4,1736.2,70.372
8/28/19 13:03,81.333,58.5,1733.7,70.372
8/28/19 13:03,81.333,58.6,1736.2,70.372
8/28/19 13:03,81.333,58.6,1733.7,70.372
8/28/19 13:03,81.333,58.6,1733.7,70.372
8/28/19 13:03,81.376,58.5,1736.2,70.372
8/28/19 13:03,81.376,58.4,1733.7,70.372
8/28/19 13:03,81.376,58.2,1736.2,70.372
8/28/19 13:03,81.376,58.1,1736.2,70.372
8/28/19 13:03,81.376,58.1,1736.2,70.372
8/28/19 13:03,81.376,58.1,1733.7,70.372
8/28/19 13:03,81.376,58.2,1736.2,70.372
8/28/19 13:03,81.376,58.3,1736.2,70.372
8/28/19 13:03,81.376,58.5,1736.2,70.372
8/28/19 13:03,81.376,58.6,1736.2,70.372
8/28/19 13:03,81.376,58.6,1736.2,70.372
8/28/19 13:03,81.376,58.6,1738.7,70.372
8/28/19 13:03,81.421,58.6,1738.7,70.372
8/28/19 13:03,81.421,58.6,1736.2,70.372
8/28/19 13:03,81.421,58.5,1738.7,70.372
8/28/19 13:03,81.421,58.5,1738.7,70.372
8/28/19 13:03,81.421,58.5,1741.2,70.372
8/28/19 13:03,81.421,58.5,1736.2,70.372
8/28/19 13:03,81.421,58.5,1738.7,70.372
8/28/19 13:03,81.421,58.5,1738.7,70.372
8/28/19 13:03,81.466,58.5,1736.2,70.372
8/28/19 13:03,81.421,58.5,1738.7,70.372
8/28/19 13:03,81.421,58.5,1738.7,70.372
8/28/19 13:03,81.466,58.4,1738.7,70.372
8/28/19 13:03,81.466,58.3,1738.7,70.372
8/28/19 13:03,81.466,58,1738.7,70.372
8/28/19 13:03,81.466,57.8,1738.7,70.372
8/28/19 13:03,81.466,57.5,1738.7,70.372
8/28/19 13:03,81.466,57.4,1736.2,70.372
8/28/19 13:03,81.466,57.4,1643.7,70.372
8/28/19 13:03,81.509,57.3,1686.2,70.372
8/28/19 13:03,81.509,57.4,1746.2,70.372
8/28/19 13:03,81.509,57.4,1746.2,70.372
8/28/19 13:03,81.509,57.4,1746.2,70.372
8/28/19 13:03,81.509,57.4,1738.7,70.372
8/28/19 13:04,81.509,57.5,1736.2,70.372
8/28/19 13:04,81.509,57.5,1733.7,70.372
8/28/19 13:04,81.509,57.5,1746.2,70.372
8/28/19 13:04,81.509,57.5,1731.2,70.372
8/28/19 13:04,81.509,57.7,1736.2,70.372
8/28/19 13:04,81.509,57.8,1736.2,70.372
8/28/19 13:04,81.509,57.9,1738.7,70.372
8/28/19 13:04,81.509,58,1738.7,70.372
8/28/19 13:04,81.554,58,1738.7,70.372
8/28/19 13:04,81.554,58,1738.7,70.372
8/28/19 13:04,81.554,57.9,1738.7,70.372
8/28/19 13:04,81.554,57.8,1738.7,70.372
8/28/19 13:04,81.554,57.7,1736.2,70.372
8/28/19 13:04,81.554,57.6,1738.7,70.372
8/28/19 13:04,81.554,57.5,1738.7,70.372
8/28/19 13:04,81.597,57.4,1731.2,70.372
8/28/19 13:04,81.597,57.3,1736.2,70.372
8/28/19 13:04,81.597,57.2,1736.2,70.372
8/28/19 13:04,81.597,57.1,1741.2,70.372
8/28/19 13:04,81.597,57.1,1736.2,70.372
8/28/19 13:04,81.597,57.1,1733.7,70.372
8/28/19 13:04,81.597,57.2,1736.2,70.372
8/28/19 13:04,81.597,57.4,1738.7,70.372
8/28/19 13:04,81.597,57.4,1738.7,70.372
8/28/19 13:04,81.597,57.4,1728.7,70.372
8/28/19 13:04,81.597,57.4,1731.2,70.372
8/28/19 13:04,81.642,57.3,1733.7,70.372
8/28/19 13:04,81.642,57.3,1733.7,70.372
8/28/19 13:04,81.642,57.2,1736.2,70.372
8/28/19 13:04,81.642,57.2,1736.2,70.372
8/28/19 13:04,81.642,57.1,1733.7,70.372
8/28/19 13:04,81.642,57.1,1733.7,70.372
8/28/19 13:04,81.642,57,1736.2,70.372
8/28/19 13:04,81.642,57,1733.7,70.372
8/28/19 13:04,81.642,57,1743.7,70.372
8/28/19 13:04,81.642,56.9,1743.7,70.372
8/28/19 13:04,81.642,56.9,1741.2,70.372
8/28/19 13:04,81.642,56.8,1741.2,70.372
8/28/19 13:04,81.642,56.8,1743.7,70.372
8/28/19 13:04,81.642,56.8,1731.2,70.372
8/28/19 13:04,81.687,56.7,1738.7,70.372
8/28/19 13:04,81.642,56.8,1741.2,70.372
8/28/19 13:04,81.687,56.8,1736.2,70.372
8/28/19 13:04,81.687,56.8,1741.2,70.372
8/28/19 13:04,81.687,56.8,1741.2,70.372
8/28/19 13:04,81.687,56.8,1741.2,70.372
8/28/19 13:04,81.687,56.8,1743.7,70.372
8/28/19 13:04,81.687,56.8,1741.2,70.372
8/28/19 13:04,81.687,56.8,1743.7,70.372
8/28/19 13:04,81.687,56.8,1743.7,70.372
8/28/19 13:04,81.687,56.7,1743.7,70.372
8/28/19 13:04,81.687,56.7,1743.7,70.372
8/28/19 13:04,81.687,56.7,1736.2,70.372
8/28/19 13:04,81.687,56.7,1738.7,70.372
8/28/19 13:04,81.687,56.8,1741.2,70.372
8/28/19 13:04,81.687,56.7,1741.2,70.372
8/28/19 13:04,81.687,56.6,1741.2,70.372
8/28/19 13:04,81.687,56.5,1741.2,70.372
8/28/19 13:04,81.687,56.4,1731.2,70.372
8/28/19 13:04,81.687,56.4,1736.2,70.416
8/28/19 13:05,81.687,56.5,1741.2,70.372
8/28/19 13:05,81.687,56.5,1743.7,70.372
8/28/19 13:05,81.687,56.6,1736.2,70.372
8/28/19 13:05,81.687,56.7,1736.2,70.372
8/28/19 13:05,81.687,56.8,1736.2,70.372
8/28/19 13:05,81.687,56.8,1736.2,70.372
8/28/19 13:05,81.687,56.9,1736.2,70.372
8/28/19 13:05,81.687,56.9,1736.2,70.372
8/28/19 13:05,81.687,57,1736.2,70.372
8/28/19 13:05,81.687,57.1,1738.7,70.372
8/28/19 13:05,81.687,57.2,1738.7,70.372
8/28/19 13:05,81.687,57.2,1743.7,70.372
8/28/19 13:05,81.687,57.2,1738.7,70.372
8/28/19 13:05,81.687,57.2,1738.7,70.372
8/28/19 13:05,81.687,57.2,1738.7,70.372
8/28/19 13:05,81.687,57,1738.7,70.372
8/28/19 13:05,81.687,56.9,1741.2,70.372
8/28/19 13:05,81.687,56.8,1738.7,70.372
8/28/19 13:05,81.687,56.8,1743.7,70.372
8/28/19 13:05,81.687,56.6,1743.7,70.372
8/28/19 13:05,81.687,56.5,1741.2,70.416
8/28/19 13:05,81.687,56.5,1743.7,70.416
8/28/19 13:05,81.687,56.4,1743.7,70.372
8/28/19 13:05,81.687,56.5,1741.2,70.372
8/28/19 13:05,81.687,56.6,1743.7,70.372
8/28/19 13:05,81.687,56.6,1743.7,70.372
8/28/19 13:05,81.687,56.8,1741.2,70.372
8/28/19 13:05,81.687,56.9,1743.7,70.416
8/28/19 13:05,81.687,56.9,1738.7,70.372
8/28/19 13:05,81.687,56.9,1741.2,70.416
8/28/19 13:05,81.687,56.9,1741.2,70.416
8/28/19 13:05,81.687,56.9,1736.2,70.372
8/28/19 13:05,81.687,56.9,1736.2,70.372
8/28/19 13:05,81.687,56.8,1741.2,70.416
8/28/19 13:05,81.687,56.9,1738.7,70.372
8/28/19 13:05,81.687,56.9,1746.2,70.372
8/28/19 13:05,81.687,56.8,1746.2,70.416
8/28/19 13:05,81.687,56.8,1741.2,70.372
8/28/19 13:05,81.687,57,1736.2,70.372
8/28/19 13:05,81.687,57.2,1743.7,70.416
8/28/19 13:05,81.687,57.2,1746.2,70.416
8/28/19 13:05,81.687,57.3,1746.2,70.372
8/28/19 13:05,81.687,57.4,1743.7,70.416
8/28/19 13:05,81.687,57.4,1186.2,70.372
8/28/19 13:05,81.687,57.4,1756.2,70.416
8/28/19 13:05,81.687,57.5,1756.2,70.416
8/28/19 13:05,81.687,57.6,1753.7,70.372
8/28/19 13:05,81.687,57.5,1753.7,70.372
8/28/19 13:05,81.687,57.5,1753.7,70.416
8/28/19 13:05,81.687,57.5,1756.2,70.416
8/28/19 13:05,81.73,57.4,1756.2,70.416
8/28/19 13:05,81.73,57.3,1758.7,70.416
8/28/19 13:05,81.73,57.1,1756.2,70.416
8/28/19 13:05,81.73,57,1756.2,70.416
8/28/19 13:05,81.73,56.9,1756.2,70.416
8/28/19 13:05,81.73,56.9,1756.2,70.416
8/28/19 13:05,81.73,56.9,1756.2,70.416
8/28/19 13:05,81.73,56.9,1756.2,70.416
8/28/19 13:05,81.73,56.8,1756.2,70.416
8/28/19 13:05,81.73,56.6,1753.7,70.416
8/28/19 13:06,81.73,56.4,1748.7,70.372
8/28/19 13:06,81.687,56.2,1748.7,70.416
8/28/19 13:06,81.73,55.9,1751.2,70.416
8/28/19 13:06,81.687,55.6,1753.7,70.416
8/28/19 13:06,81.687,55.5,1756.2,70.416
8/28/19 13:06,81.687,55.3,1756.2,70.416
8/28/19 13:06,81.687,55.2,1753.7,70.416
8/28/19 13:06,81.687,55.2,1748.7,70.416
8/28/19 13:06,81.687,55.2,1743.7,70.416
8/28/19 13:06,81.687,55.2,1741.2,70.416
8/28/19 13:06,81.642,55.3,1733.7,70.416
8/28/19 13:06,81.642,55.4,1718.7,70.416
8/28/19 13:06,81.642,55.6,1701.2,70.416
8/28/19 13:06,81.642,55.7,1691.2,70.416
8/28/19 13:06,81.642,55.7,1693.7,70.416
8/28/19 13:06,81.642,55.7,1713.7,70.416
8/28/19 13:06,81.642,55.7,1733.7,70.416
8/28/19 13:06,81.642,55.7,1746.2,70.416
8/28/19 13:06,81.597,55.8,1751.2,70.416
8/28/19 13:06,81.597,55.9,1753.7,70.416
8/28/19 13:06,81.597,56,1751.2,70.416
8/28/19 13:06,81.597,56.3,1743.7,70.416
8/28/19 13:06,81.597,56.3,1736.2,70.416
8/28/19 13:06,81.597,56.4,1733.7,70.416
8/28/19 13:06,81.597,56.5,1736.2,70.416
8/28/19 13:06,81.597,56.6,1736.2,70.416
8/28/19 13:06,81.597,56.7,1738.7,70.416
8/28/19 13:06,81.597,56.7,1741.2,70.416
8/28/19 13:06,81.597,56.7,1741.2,70.416
8/28/19 13:06,81.597,56.7,1743.7,70.416
8/28/19 13:06,81.597,56.6,1748.7,70.416
8/28/19 13:06,81.597,56.5,1751.2,70.416
8/28/19 13:06,81.597,56.4,1751.2,70.416
8/28/19 13:06,81.597,56.2,1748.7,70.416
8/28/19 13:06,81.597,56.3,1746.2,70.416
8/28/19 13:06,81.554,56.2,1743.7,70.416
8/28/19 13:06,81.554,56.2,1738.7,70.416
8/28/19 13:06,81.554,56.3,1733.7,70.416
8/28/19 13:06,81.554,56.2,1731.2,70.416
8/28/19 13:06,81.554,56.2,1736.2,70.416
8/28/19 13:06,81.554,56.3,1743.7,70.416
8/28/19 13:06,81.554,56.4,1748.7,70.416
8/28/19 13:06,81.554,56.5,1751.2,70.416
8/28/19 13:06,81.554,56.6,1751.2,70.416
8/28/19 13:06,81.554,56.6,1753.7,70.416
8/28/19 13:06,81.554,56.7,1756.2,70.416
8/28/19 13:06,81.554,56.7,1758.7,70.416
8/28/19 13:06,81.554,56.7,1756.2,70.416
8/28/19 13:06,81.554,56.8,1758.7,70.416
8/28/19 13:06,81.554,56.8,1758.7,70.416
8/28/19 13:06,81.554,56.8,1758.7,70.416
8/28/19 13:06,81.554,56.9,1761.2,70.416
8/28/19 13:06,81.554,57,1761.2,70.416
8/28/19 13:06,81.554,57.1,1758.7,70.416
8/28/19 13:06,81.554,57.2,1761.2,70.416
8/28/19 13:06,81.597,57.3,1758.7,70.416
8/28/19 13:06,81.554,57.4,1761.2,70.416
8/28/19 13:06,81.597,57.4,1758.7,70.416
8/28/19 13:06,81.597,57.5,1758.7,70.416
8/28/19 13:06,81.597,57.8,1758.7,70.416
8/28/19 13:07,81.597,57.9,1761.2,70.416
8/28/19 13:07,81.597,58,1761.2,70.416
8/28/19 13:07,81.597,58.1,1761.2,70.416
8/28/19 13:07,81.597,58.1,1761.2,70.416
8/28/19 13:07,81.597,58.1,1761.2,70.416
8/28/19 13:07,81.642,58.1,1758.7,70.416
8/28/19 13:07,81.642,58,1761.2,70.416
8/28/19 13:07,81.642,58,1761.2,70.416
8/28/19 13:07,81.642,58.1,1761.2,70.416
8/28/19 13:07,81.642,58.1,1761.2,70.416
8/28/19 13:07,81.642,58.2,1758.7,70.416
8/28/19 13:07,81.642,58.3,1758.7,70.416
8/28/19 13:07,81.642,58.5,1758.7,70.416
8/28/19 13:07,81.687,58.6,1761.2,70.416
8/28/19 13:07,81.687,58.9,1761.2,70.416
8/28/19 13:07,81.687,59,1761.2,70.416
8/28/19 13:07,81.687,59,1758.7,70.416
8/28/19 13:07,81.687,59.1,1761.2,70.416
8/28/19 13:07,81.687,59,1761.2,70.416
8/28/19 13:07,81.73,59.1,1758.7,70.416
8/28/19 13:07,81.73,59.3,1761.2,70.416
8/28/19 13:07,81.73,59.1,1761.2,70.416
8/28/19 13:07,81.775,59.1,1761.2,70.416
8/28/19 13:07,81.775,59,1761.2,70.416
8/28/19 13:07,81.775,58.7,1761.2,70.416
8/28/19 13:07,81.775,58.4,1761.2,70.416
8/28/19 13:07,81.775,58.3,1761.2,70.416
8/28/19 13:07,81.775,58.1,1761.2,70.416
8/28/19 13:07,81.775,58,1761.2,70.416
8/28/19 13:07,81.819,58,1758.7,70.416
8/28/19 13:07,81.819,58,1761.2,70.416
8/28/19 13:07,81.819,58,1758.7,70.416
8/28/19 13:07,81.819,58,1756.2,70.416
8/28/19 13:07,81.819,58,1761.2,70.416
8/28/19 13:07,81.819,58.1,1758.7,70.416
8/28/19 13:07,81.819,58.1,1758.7,70.416
8/28/19 13:07,81.819,58,1761.2,70.416
8/28/19 13:07,81.864,57.9,1758.7,70.416
8/28/19 13:07,81.864,57.9,1761.2,70.416
8/28/19 13:07,81.864,57.7,1758.7,70.416
8/28/19 13:07,81.864,57.5,1758.7,70.416
8/28/19 13:07,81.864,57.4,1758.7,70.416
8/28/19 13:07,81.864,57.4,1761.2,70.416
8/28/19 13:07,81.864,57.3,1758.7,70.416
8/28/19 13:07,81.864,57.3,1758.7,70.416
8/28/19 13:07,81.864,57.4,1758.7,70.416
8/28/19 13:07,81.864,57.4,1761.2,70.416
8/28/19 13:07,81.864,57.6,1758.7,70.416
8/28/19 13:07,81.864,57.8,1758.7,70.416
8/28/19 13:07,81.909,57.9,1758.7,70.416
8/28/19 13:07,81.909,57.9,1756.2,70.416
8/28/19 13:07,81.909,58.1,1758.7,70.416
8/28/19 13:07,81.909,58.2,1758.7,70.416
8/28/19 13:07,81.909,58.3,1758.7,70.416
8/28/19 13:07,81.909,58.3,1758.7,70.416
8/28/19 13:07,81.909,58.4,1758.7,70.416
8/28/19 13:07,81.909,58.5,1758.7,70.416
8/28/19 13:07,81.952,58.5,1756.2,70.416
8/28/19 13:07,81.952,58.6,1758.7,70.416
8/28/19 13:07,81.952,58.6,1758.7,70.416
8/28/19 13:08,81.952,58.6,1758.7,70.416
8/28/19 13:08,81.952,58.6,1758.7,70.416
8/28/19 13:08,81.952,58.6,1758.7,70.416
8/28/19 13:08,81.997,58.5,1758.7,70.416
8/28/19 13:08,81.997,58.2,1756.2,70.416
8/28/19 13:08,81.997,58.1,1756.2,70.416
8/28/19 13:08,81.997,58.1,1756.2,70.416
8/28/19 13:08,81.997,58,1756.2,70.416
8/28/19 13:08,81.997,58,1758.7,70.416
8/28/19 13:08,82.042,58,1756.2,70.416
8/28/19 13:08,82.042,58,1756.2,70.416
8/28/19 13:08,82.042,58,1758.7,70.416
8/28/19 13:08,82.042,58.1,1756.2,70.416
8/28/19 13:08,82.042,58.1,1756.2,70.416
8/28/19 13:08,82.042,58.1,1756.2,70.416
8/28/19 13:08,82.085,58.1,1756.2,70.416
8/28/19 13:08,82.085,58.1,1756.2,70.416
8/28/19 13:08,82.085,58.1,1756.2,70.416
8/28/19 13:08,82.085,58.1,1753.7,70.416
8/28/19 13:08,82.085,58.1,1756.2,70.416
8/28/19 13:08,82.13,57.9,1756.2,70.416
8/28/19 13:08,82.13,57.7,1753.7,70.416
8/28/19 13:08,82.13,57.5,1756.2,70.416
8/28/19 13:08,82.13,57.3,1753.7,70.416
8/28/19 13:08,82.13,57,1756.2,70.416
8/28/19 13:08,82.13,57,1756.2,70.416
8/28/19 13:08,82.13,56.8,1756.2,70.416
8/28/19 13:08,82.13,56.8,1753.7,70.416
8/28/19 13:08,82.175,56.9,1753.7,70.416
8/28/19 13:08,82.175,56.9,1756.2,70.416
8/28/19 13:08,82.13,56.9,1756.2,70.416
8/28/19 13:08,82.175,57,1753.7,70.416
8/28/19 13:08,82.175,57,1753.7,70.416
8/28/19 13:08,82.175,57,1756.2,70.416
8/28/19 13:08,82.175,57.2,1751.2,70.416
8/28/19 13:08,82.175,57.3,1753.7,70.416
8/28/19 13:08,82.175,57.5,1756.2,70.416
8/28/19 13:08,82.175,57.6,1756.2,70.416
8/28/19 13:08,82.175,57.8,1753.7,70.459
8/28/19 13:08,82.175,57.9,1756.2,70.416
8/28/19 13:08,82.218,58.1,1753.7,70.416
8/28/19 13:08,82.218,58.1,1756.2,70.416
8/28/19 13:08,82.218,58.2,1756.2,70.416
8/28/19 13:08,82.218,58.3,1753.7,70.416
8/28/19 13:08,82.218,58.4,1753.7,70.416
8/28/19 13:08,82.218,58.4,1751.2,70.416
8/28/19 13:08,82.263,58.3,1753.7,70.459
8/28/19 13:08,82.263,58.2,1753.7,70.459
8/28/19 13:08,82.263,58.3,1753.7,70.459
8/28/19 13:08,82.263,58.3,1753.7,70.416
8/28/19 13:08,82.263,58.2,1753.7,70.416
8/28/19 13:08,82.263,58.2,1753.7,70.416
8/28/19 13:08,82.308,58.1,1753.7,70.459
8/28/19 13:08,82.308,58,1751.2,70.416
8/28/19 13:08,82.308,57.8,1753.7,70.416
8/28/19 13:08,82.308,57.5,1751.2,70.416
8/28/19 13:08,82.308,57.3,1753.7,70.459
8/28/19 13:08,82.308,57,1751.2,70.459
8/28/19 13:08,82.308,56.9,1751.2,70.416
8/28/19 13:08,82.308,56.7,1751.2,70.459
8/28/19 13:09,82.308,56.6,1751.2,70.459
8/28/19 13:09,82.308,56.4,1753.7,70.459
8/28/19 13:09,82.308,56.4,1751.2,70.459
8/28/19 13:09,82.308,56.4,1751.2,70.416
8/28/19 13:09,82.308,56.4,1748.7,70.416
8/28/19 13:09,82.308,56.4,1748.7,70.459
8/28/19 13:09,82.308,56.3,1748.7,70.459
8/28/19 13:09,82.308,56.4,1748.7,70.459
8/28/19 13:09,82.263,56.5,1748.7,70.416
8/28/19 13:09,82.263,56.5,1751.2,70.459
8/28/19 13:09,82.263,56.6,1748.7,70.416
8/28/19 13:09,82.263,56.7,1751.2,70.459
8/28/19 13:09,82.263,56.7,1751.2,70.459
8/28/19 13:09,82.263,56.7,1748.7,70.416
8/28/19 13:09,82.263,56.7,1748.7,70.459
8/28/19 13:09,82.263,56.6,1748.7,70.459
8/28/19 13:09,82.263,56.6,1748.7,70.416
8/28/19 13:09,82.263,56.7,1751.2,70.459
8/28/19 13:09,82.263,56.8,1748.7,70.459
8/28/19 13:09,82.263,56.9,1748.7,70.416
8/28/19 13:09,82.263,56.9,1748.7,70.459
8/28/19 13:09,82.263,57,1748.7,70.459
8/28/19 13:09,82.263,57,1746.2,70.459
8/28/19 13:09,82.218,57,1748.7,70.459
8/28/19 13:09,82.218,56.9,1748.7,70.459
8/28/19 13:09,82.218,56.9,1748.7,70.459
8/28/19 13:09,82.218,56.9,1748.7,70.459
8/28/19 13:09,82.218,57,1748.7,70.459
8/28/19 13:09,82.218,57.3,1746.2,70.459
8/28/19 13:09,82.218,57.5,1746.2,70.459
8/28/19 13:09,82.218,57.6,1748.7,70.459
8/28/19 13:09,82.218,57.8,1746.2,70.459
8/28/19 13:09,82.263,58,1746.2,70.459
8/28/19 13:09,82.263,58,1746.2,70.459
8/28/19 13:09,82.263,57.8,1746.2,70.459
8/28/19 13:09,82.263,57.6,1746.2,70.459
8/28/19 13:09,82.263,57.5,1746.2,70.459
8/28/19 13:09,82.263,57.5,1746.2,70.459
8/28/19 13:09,82.263,57.4,1746.2,70.459
8/28/19 13:09,82.263,57.3,1746.2,70.459
8/28/19 13:09,82.263,57.2,1746.2,70.459
8/28/19 13:09,82.263,57.2,1746.2,70.459
8/28/19 13:09,82.263,57.2,1746.2,70.459
8/28/19 13:09,82.263,57.1,1746.2,70.459
8/28/19 13:09,82.263,57.1,1743.7,70.459
8/28/19 13:09,82.263,57.1,1746.2,70.459
8/28/19 13:09,82.263,57.1,1746.2,70.459
8/28/19 13:09,82.263,57.2,1748.7,70.459
8/28/19 13:09,82.263,57.2,1746.2,70.459
8/28/19 13:09,82.263,57.2,1743.7,70.459
8/28/19 13:09,82.263,57.2,1746.2,70.459
8/28/19 13:09,82.263,57.2,1746.2,70.459
8/28/19 13:09,82.263,57.2,1743.7,70.459
8/28/19 13:09,82.263,57.2,1743.7,70.459
8/28/19 13:09,82.263,57.3,1746.2,70.459
8/28/19 13:09,82.263,57.5,1746.2,70.459
8/28/19 13:09,82.263,57.5,1743.7,70.459
8/28/19 13:09,82.263,57.5,1746.2,70.459
8/28/19 13:09,82.263,57.3,1743.7,70.459
8/28/19 13:09,82.263,57.2,1743.7,70.459
8/28/19 13:10,82.263,57,1743.7,70.459
8/28/19 13:10,82.263,57,1746.2,70.459
8/28/19 13:10,82.263,57,1743.7,70.459
8/28/19 13:10,82.263,57,1743.7,70.459
8/28/19 13:10,82.263,57,1743.7,70.459
8/28/19 13:10,82.263,57.1,1743.7,70.459
8/28/19 13:10,82.263,57.2,1743.7,70.459
8/28/19 13:10,82.263,57.3,1743.7,70.459
8/28/19 13:10,82.263,57.3,1743.7,70.459
8/28/19 13:10,82.263,57.3,1743.7,70.459
8/28/19 13:10,82.263,57.5,1746.2,70.459
8/28/19 13:10,82.263,57.5,1743.7,70.459
8/28/19 13:10,82.263,57.8,1746.2,70.459
8/28/19 13:10,82.263,58,1743.7,70.459
8/28/19 13:10,82.263,58.1,1743.7,70.459
8/28/19 13:10,82.263,58.3,1743.7,70.459
8/28/19 13:10,82.263,58.5,1743.7,70.459
8/28/19 13:10,82.263,58.5,1743.7,70.459
8/28/19 13:10,82.308,58.6,1743.7,70.459
8/28/19 13:10,82.308,58.7,1741.2,70.459
8/28/19 13:10,82.308,58.8,1743.7,70.459
8/28/19 13:10,82.308,58.9,1741.2,70.459
8/28/19 13:10,82.308,59,1741.2,70.459
8/28/19 13:10,82.308,59.1,1738.7,70.459
8/28/19 13:10,82.353,59.1,1741.2,70.459
8/28/19 13:10,82.353,59,1741.2,70.459
8/28/19 13:10,82.353,58.9,1741.2,70.459
8/28/19 13:10,82.353,58.8,1741.2,70.459
8/28/19 13:10,82.353,58.6,1738.7,70.459
8/28/19 13:10,82.396,58.6,1738.7,70.459
8/28/19 13:10,82.396,58.7,1738.7,70.459
8/28/19 13:10,82.396,58.8,1738.7,70.459
8/28/19 13:10,82.396,58.9,1738.7,70.459
8/28/19 13:10,82.396,59.1,1741.2,70.459
8/28/19 13:10,82.396,59.1,1738.7,70.459
8/28/19 13:10,82.441,59.2,1741.2,70.459
8/28/19 13:10,82.441,59.3,1738.7,70.459
8/28/19 13:10,82.441,59.4,1738.7,70.459
8/28/19 13:10,82.441,59.4,1736.2,70.459
8/28/19 13:10,82.441,59.4,1738.7,70.459
8/28/19 13:10,82.486,59.5,1738.7,70.459
8/28/19 13:10,82.486,59.5,1736.2,70.459
8/28/19 13:10,82.486,59.5,1736.2,70.459
8/28/19 13:10,82.486,59.6,1736.2,70.459
8/28/19 13:10,82.486,59.5,1733.7,70.459
8/28/19 13:10,82.53,59.4,1733.7,70.459
8/28/19 13:10,82.53,59.3,1733.7,70.459
8/28/19 13:10,82.53,59.2,1733.7,70.459
8/28/19 13:10,82.53,58.9,1733.7,70.459
8/28/19 13:10,82.53,58.7,1733.7,70.459
8/28/19 13:10,82.53,58.6,1731.2,70.459
8/28/19 13:10,82.53,58.6,1731.2,70.459
8/28/19 13:10,82.53,58.6,1731.2,70.459
8/28/19 13:10,82.53,58.6,1731.2,70.459
8/28/19 13:10,82.53,58.6,1736.2,70.459
8/28/19 13:10,82.575,58.6,1733.7,70.459
8/28/19 13:10,82.575,58.6,1736.2,70.459
8/28/19 13:10,82.575,58.6,1736.2,70.459
8/28/19 13:10,82.575,58.6,1733.7,70.459
8/28/19 13:10,82.575,58.6,1733.7,70.459
8/28/19 13:11,82.575,58.6,1736.2,70.459
8/28/19 13:11,82.575,58.7,1736.2,70.459
8/28/19 13:11,82.575,58.9,1736.2,70.459
8/28/19 13:11,82.575,59.1,1738.7,70.459
8/28/19 13:11,82.575,59.2,1733.7,70.459
8/28/19 13:11,82.62,59.1,1736.2,70.459
8/28/19 13:11,82.62,59.2,1736.2,70.459
8/28/19 13:11,82.62,59.3,1738.7,70.459
8/28/19 13:11,82.62,59.2,1736.2,70.459
8/28/19 13:11,82.62,59.2,1738.7,70.459
8/28/19 13:11,82.62,59.1,1738.7,70.459
8/28/19 13:11,82.62,58.9,1738.7,70.459
8/28/19 13:11,82.665,58.8,1733.7,70.459
8/28/19 13:11,82.665,58.7,1736.2,70.459
8/28/19 13:11,82.665,58.6,1733.7,70.459
8/28/19 13:11,82.665,58.6,1733.7,70.459
8/28/19 13:11,82.665,58.6,1731.2,70.459
8/28/19 13:11,82.665,58.6,1731.2,70.459
8/28/19 13:11,82.708,58.7,1731.2,70.459
8/28/19 13:11,82.708,58.7,1733.7,70.459
8/28/19 13:11,82.708,58.7,1733.7,70.459
8/28/19 13:11,82.708,58.7,1731.2,70.459
8/28/19 13:11,82.708,58.9,1736.2,70.459
8/28/19 13:11,82.708,59,1733.7,70.459
8/28/19 13:11,82.753,59.1,1736.2,70.459
8/28/19 13:11,82.708,59.1,1738.7,70.459
8/28/19 13:11,82.753,59.1,1736.2,70.459
8/28/19 13:11,82.753,59,1738.7,70.459
8/28/19 13:11,82.753,58.9,1738.7,70.459
8/28/19 13:11,82.753,58.8,1738.7,70.459
8/28/19 13:11,82.753,58.8,1736.2,70.459
8/28/19 13:11,82.798,58.8,1738.7,70.459
8/28/19 13:11,82.798,58.8,1738.7,70.459
8/28/19 13:11,82.798,59,1738.7,70.459
8/28/19 13:11,82.798,59,1736.2,70.459
8/28/19 13:11,82.798,59,1736.2,70.459
8/28/19 13:11,82.798,58.9,1738.7,70.459
8/28/19 13:11,82.841,58.8,1738.7,70.502
8/28/19 13:11,82.841,58.7,1738.7,70.459
8/28/19 13:11,82.841,58.7,1736.2,70.459
8/28/19 13:11,82.841,58.7,1738.7,70.502
8/28/19 13:11,82.841,58.6,1738.7,70.502
8/28/19 13:11,82.841,58.6,1738.7,70.459
8/28/19 13:11,82.841,58.6,1738.7,70.502
8/28/19 13:11,82.841,58.6,1741.2,70.459
8/28/19 13:11,82.886,58.5,1738.7,70.459
8/28/19 13:11,82.886,58.4,1738.7,70.502
8/28/19 13:11,82.886,58.3,1738.7,70.459
8/28/19 13:11,82.886,58.2,1738.7,70.502
8/28/19 13:11,82.886,58.2,1738.7,70.502
8/28/19 13:11,82.886,58.2,1738.7,70.459
8/28/19 13:11,82.886,58.1,1741.2,70.502
8/28/19 13:11,82.886,58.2,1738.7,70.459
8/28/19 13:11,82.886,58.2,1738.7,70.502
8/28/19 13:11,82.886,58.1,1738.7,70.502
8/28/19 13:11,82.886,58.1,1738.7,70.502
8/28/19 13:11,82.886,57.9,1738.7,70.502
8/28/19 13:11,82.886,57.6,1738.7,70.459
8/28/19 13:11,82.886,57.5,1736.2,70.502
8/28/19 13:11,82.886,57.3,1738.7,70.502
8/28/19 13:12,82.886,57.2,1736.2,70.502
8/28/19 13:12,82.886,57.1,1736.2,70.459
8/28/19 13:12,82.886,57.2,1738.7,70.502
8/28/19 13:12,82.886,57.2,1736.2,70.502
8/28/19 13:12,82.886,57.3,1736.2,70.502
8/28/19 13:12,82.886,57.2,1736.2,70.502
8/28/19 13:12,82.886,57,1733.7,70.502
8/28/19 13:12,82.886,57,1736.2,70.502
8/28/19 13:12,82.886,56.9,1733.7,70.502
8/28/19 13:12,82.886,56.9,1733.7,70.502
8/28/19 13:12,82.886,56.9,1733.7,70.502
8/28/19 13:12,82.886,57,1731.2,70.502
8/28/19 13:12,82.886,56.9,1731.2,70.502
8/28/19 13:12,82.886,57,1736.2,70.502
8/28/19 13:12,82.886,57,1736.2,70.502
8/28/19 13:12,82.886,57.1,1733.7,70.502
8/28/19 13:12,82.886,57.2,1733.7,70.502
8/28/19 13:12,82.886,57.4,1736.2,70.502
8/28/19 13:12,82.886,57.5,1733.7,70.502
8/28/19 13:12,82.841,57.5,1733.7,70.502
8/28/19 13:12,82.886,57.5,1736.2,70.502
8/28/19 13:12,82.886,57.5,1736.2,70.502
8/28/19 13:12,82.886,57.4,1736.2,70.502
8/28/19 13:12,82.886,57.3,1736.2,70.502
8/28/19 13:12,82.886,57.3,1738.7,70.502
8/28/19 13:12,82.886,57.1,1738.7,70.502
8/28/19 13:12,82.886,57,1738.7,70.502
8/28/19 13:12,82.841,56.9,1738.7,70.502
8/28/19 13:12,82.886,56.9,1741.2,70.502
8/28/19 13:12,82.841,56.8,1741.2,70.502
8/28/19 13:12,82.841,56.6,1741.2,70.502
8/28/19 13:12,82.841,56.3,1738.7,70.502
8/28/19 13:12,82.841,56.3,1741.2,70.502
8/28/19 13:12,82.841,56.1,1738.7,70.502
8/28/19 13:12,82.841,56.1,1741.2,70.502
8/28/19 13:12,82.841,56.1,1738.7,70.502
8/28/19 13:12,82.841,56.1,1741.2,70.502
8/28/19 13:12,82.798,56,1738.7,70.502
8/28/19 13:12,82.798,55.9,1741.2,70.502
8/28/19 13:12,82.798,55.8,1738.7,70.502
8/28/19 13:12,82.798,55.7,1738.7,70.502
8/28/19 13:12,82.798,55.5,1738.7,70.502
8/28/19 13:12,82.753,55.3,1736.2,70.502
8/28/19 13:12,82.753,55.2,1738.7,70.502
8/28/19 13:12,82.753,55,1738.7,70.502
8/28/19 13:12,82.753,54.8,1736.2,70.502
8/28/19 13:12,82.753,54.8,1736.2,70.502
8/28/19 13:12,82.708,54.7,1736.2,70.502
8/28/19 13:12,82.708,54.7,1736.2,70.502
8/28/19 13:12,82.708,54.7,1736.2,70.502
8/28/19 13:12,82.665,54.7,1733.7,70.502
8/28/19 13:12,82.665,54.8,1736.2,70.502
8/28/19 13:12,82.665,54.9,1731.2,70.502
8/28/19 13:12,82.665,55.1,1733.7,70.502
8/28/19 13:12,82.62,55.2,1733.7,70.502
8/28/19 13:12,82.62,55.2,1733.7,70.502
8/28/19 13:12,82.62,55.3,1733.7,70.502
8/28/19 13:12,82.62,55.4,1733.7,70.502
8/28/19 13:12,82.575,55.4,1733.7,70.502
8/28/19 13:12,82.575,55.5,1733.7,70.502
8/28/19 13:13,82.575,55.6,1736.2,70.502
8/28/19 13:13,82.575,55.6,1733.7,70.502
8/28/19 13:13,82.575,55.7,1736.2,70.502
8/28/19 13:13,82.53,55.7,1736.2,70.502
8/28/19 13:13,82.53,55.8,1736.2,70.502
8/28/19 13:13,82.53,55.9,1736.2,70.502
8/28/19 13:13,82.53,56.1,1738.7,70.502
8/28/19 13:13,82.53,56.2,1741.2,70.502
8/28/19 13:13,82.53,56.4,1736.2,70.502
8/28/19 13:13,82.53,56.4,1741.2,70.502
8/28/19 13:13,82.53,56.6,1736.2,70.502
8/28/19 13:13,82.53,56.7,1738.7,70.502
8/28/19 13:13,82.53,56.9,1736.2,70.502
8/28/19 13:13,82.53,57,1738.7,70.502
8/28/19 13:13,82.53,57.2,1743.7,70.502
8/28/19 13:13,82.53,57.5,1736.2,70.502
8/28/19 13:13,82.53,57.5,1738.7,70.502
8/28/19 13:13,82.53,57.8,1738.7,70.502
8/28/19 13:13,82.53,57.9,1738.7,70.502
8/28/19 13:13,82.53,58.1,1738.7,70.502
8/28/19 13:13,82.53,58.2,1738.7,70.502
8/28/19 13:13,82.53,58.4,1738.7,70.502
8/28/19 13:13,82.53,58.5,1738.7,70.502
8/28/19 13:13,82.53,58.5,1741.2,70.502
8/28/19 13:13,82.53,58.4,1738.7,70.502
8/28/19 13:13,82.53,58.3,1738.7,70.502
8/28/19 13:13,82.575,58.3,1738.7,70.502
8/28/19 13:13,82.575,58.3,1738.7,70.502
8/28/19 13:13,82.575,58.4,1738.7,70.502
8/28/19 13:13,82.575,58.5,1738.7,70.502
8/28/19 13:13,82.575,58.5,1738.7,70.502
8/28/19 13:13,82.575,58.6,1738.7,70.502
8/28/19 13:13,82.575,58.6,1738.7,70.502
8/28/19 13:13,82.575,58.6,1736.2,70.502
8/28/19 13:13,82.575,58.4,1736.2,70.502
8/28/19 13:13,82.575,58.3,1736.2,70.502
8/28/19 13:13,82.575,58.1,1738.7,70.502
8/28/19 13:13,82.62,57.9,1736.2,70.502
8/28/19 13:13,82.62,57.5,1733.7,70.502
8/28/19 13:13,82.62,57.3,1736.2,70.502
8/28/19 13:13,82.62,57.1,1736.2,70.502
8/28/19 13:13,82.62,57,1733.7,70.502
8/28/19 13:13,82.62,56.9,1736.2,70.502
8/28/19 13:13,82.62,57,1733.7,70.502
8/28/19 13:13,82.62,57,1736.2,70.543
8/28/19 13:13,82.62,57,1736.2,70.502
8/28/19 13:13,82.62,56.9,1736.2,70.502
8/28/19 13:13,82.62,56.8,1738.7,70.502
8/28/19 13:13,82.62,56.7,1736.2,70.502
8/28/19 13:13,82.62,56.6,1736.2,70.502
8/28/19 13:13,82.62,56.4,1736.2,70.502
8/28/19 13:13,82.62,56.4,1736.2,70.502
8/28/19 13:13,82.62,56.4,1738.7,70.543
8/28/19 13:13,82.62,56.3,1736.2,70.502
8/28/19 13:13,82.62,56.3,1738.7,70.502
8/28/19 13:13,82.62,56.3,1738.7,70.543
8/28/19 13:13,82.62,56.3,1738.7,70.543
8/28/19 13:13,82.575,56.4,1738.7,70.502
8/28/19 13:13,82.575,56.4,1741.2,70.543
8/28/19 13:13,82.575,56.4,1738.7,70.543
8/28/19 13:14,82.575,56.3,1738.7,70.543
8/28/19 13:14,82.575,56.4,1738.7,70.502
8/28/19 13:14,82.62,56.5,1736.2,70.543
8/28/19 13:14,82.575,56.7,1736.2,70.543
8/28/19 13:14,82.62,56.8,1738.7,70.543
8/28/19 13:14,82.575,56.9,1738.7,70.543
8/28/19 13:14,82.575,57.2,1738.7,70.543
8/28/19 13:14,82.575,57.3,1738.7,70.543
8/28/19 13:14,82.62,57.5,1738.7,70.543
8/28/19 13:14,82.575,57.6,1738.7,70.543
8/28/19 13:14,82.575,57.8,1738.7,70.543
8/28/19 13:14,82.62,57.9,1738.7,70.543
8/28/19 13:14,82.62,58.1,1738.7,70.543
8/28/19 13:14,82.62,58.1,1738.7,70.543
8/28/19 13:14,82.62,58.3,1738.7,70.543
8/28/19 13:14,82.62,58.4,1741.2,70.543
8/28/19 13:14,82.62,58.5,1738.7,70.543
8/28/19 13:14,82.62,58.4,1736.2,70.543
8/28/19 13:14,82.62,58.4,1741.2,70.543
8/28/19 13:14,82.665,58.4,1738.7,70.502
8/28/19 13:14,82.665,58.4,1736.2,70.543
8/28/19 13:14,82.665,58.4,1736.2,70.543
8/28/19 13:14,82.665,58.2,1736.2,70.543
8/28/19 13:14,82.665,58,1736.2,70.543
8/28/19 13:14,82.665,58,1738.7,70.543
8/28/19 13:14,82.665,57.9,1736.2,70.543
8/28/19 13:14,82.708,57.8,1738.7,70.543
8/28/19 13:14,82.708,57.8,1736.2,70.543
8/28/19 13:14,82.708,57.8,1736.2,70.543
8/28/19 13:14,82.708,57.8,1736.2,70.543
8/28/19 13:14,82.708,57.8,1736.2,70.543
8/28/19 13:14,82.708,57.8,1736.2,70.543
8/28/19 13:14,82.708,57.7,1733.7,70.543
8/28/19 13:14,82.708,57.7,1736.2,70.543
8/28/19 13:14,82.708,57.6,1733.7,70.543
8/28/19 13:14,82.708,57.8,1733.7,70.543
8/28/19 13:14,82.708,57.8,1736.2,70.543
8/28/19 13:14,82.753,57.8,1736.2,70.543
8/28/19 13:14,82.753,57.6,1736.2,70.543
8/28/19 13:14,82.753,57.5,1736.2,70.543
8/28/19 13:14,82.753,57.2,1736.2,70.543
8/28/19 13:14,82.753,56.9,1736.2,70.543
8/28/19 13:14,82.753,56.5,1733.7,70.543
8/28/19 13:14,82.753,56.2,1736.2,70.543
8/28/19 13:14,82.753,56,1736.2,70.543
8/28/19 13:14,82.753,55.7,1736.2,70.543
8/28/19 13:14,82.753,55.7,1736.2,70.543
8/28/19 13:14,82.708,55.6,1733.7,70.543
8/28/19 13:14,82.708,55.6,1736.2,70.543
8/28/19 13:14,82.708,55.6,1736.2,70.543
8/28/19 13:14,82.708,55.8,1733.7,70.543
8/28/19 13:14,82.708,55.8,1736.2,70.543
8/28/19 13:14,82.708,56,1736.2,70.543
8/28/19 13:14,82.665,56.1,1738.7,70.543
8/28/19 13:14,82.665,56.2,1736.2,70.543
8/28/19 13:14,82.665,56.3,1738.7,70.543
8/28/19 13:14,82.665,56.4,1736.2,70.543
8/28/19 13:14,82.665,56.3,1738.7,70.543
8/28/19 13:14,82.665,56.4,1736.2,70.543
8/28/19 13:14,82.62,56.5,1736.2,70.543
8/28/19 13:15,82.62,56.6,1736.2,70.543
8/28/19 13:15,82.62,56.6,1736.2,70.543
8/28/19 13:15,82.62,56.6,1738.7,70.543
8/28/19 13:15,82.62,56.4,1736.2,70.543
8/28/19 13:15,82.62,56.3,1738.7,70.543
8/28/19 13:15,82.62,56.1,1736.2,70.543
8/28/19 13:15,82.62,55.9,1736.2,70.543
8/28/19 13:15,82.62,55.8,1736.2,70.543
8/28/19 13:15,82.575,55.8,1738.7,70.543
8/28/19 13:15,82.575,55.8,1738.7,70.543
8/28/19 13:15,82.575,55.7,1736.2,70.543
8/28/19 13:15,82.575,55.6,1738.7,70.543
8/28/19 13:15,82.575,55.4,1738.7,70.543
8/28/19 13:15,82.575,55.2,1738.7,70.543
8/28/19 13:15,82.53,55,1736.2,70.543
8/28/19 13:15,82.53,54.8,1738.7,70.543
8/28/19 13:15,82.53,54.6,1736.2,70.543
8/28/19 13:15,82.53,54.6,1738.7,70.543
8/28/19 13:15,82.486,54.4,1738.7,70.543
8/28/19 13:15,82.486,54.3,1738.7,70.543
8/28/19 13:15,82.486,54.3,1741.2,70.543
8/28/19 13:15,82.441,54.3,1738.7,70.543
8/28/19 13:15,82.441,54.5,1738.7,70.543
8/28/19 13:15,82.441,54.6,1741.2,70.543
8/28/19 13:15,82.396,54.7,1738.7,70.543
8/28/19 13:15,82.396,54.9,1736.2,70.543
8/28/19 13:15,82.396,55.2,1736.2,70.543
8/28/19 13:15,82.353,55.3,1738.7,70.543
8/28/19 13:15,82.353,55.4,1738.7,70.543
8/28/19 13:15,82.353,55.6,1738.7,70.543
8/28/19 13:15,82.353,55.6,1736.2,70.543
8/28/19 13:15,82.353,55.6,1736.2,70.543
8/28/19 13:15,82.308,55.7,1736.2,70.543
8/28/19 13:15,82.308,55.7,1736.2,70.543
8/28/19 13:15,82.308,55.7,1738.7,70.543
8/28/19 13:15,82.308,55.6,1736.2,70.543
8/28/19 13:15,82.308,55.5,1738.7,70.543
8/28/19 13:15,82.308,55.4,1736.2,70.543
8/28/19 13:15,82.308,55.4,1736.2,70.543
8/28/19 13:15,82.263,55.3,1736.2,70.543
8/28/19 13:15,82.263,55.4,1738.7,70.543
8/28/19 13:15,82.263,55.5,1736.2,70.543
8/28/19 13:15,82.263,55.7,1736.2,70.543
8/28/19 13:15,82.263,55.8,1736.2,70.543
8/28/19 13:15,82.263,55.8,1733.7,70.543
8/28/19 13:15,82.263,55.9,1736.2,70.543
8/28/19 13:15,82.218,55.9,1736.2,70.543
8/28/19 13:15,82.218,56,1736.2,70.543
8/28/19 13:15,82.218,56,1738.7,70.543
8/28/19 13:15,82.218,56.1,1736.2,70.543
8/28/19 13:15,82.218,56.2,1736.2,70.543
8/28/19 13:15,82.218,56.2,1736.2,70.543
8/28/19 13:15,82.218,56.3,1738.7,70.543
8/28/19 13:15,82.218,56.4,1736.2,70.543
8/28/19 13:15,82.218,56.4,1736.2,70.543
8/28/19 13:15,82.218,56.4,1736.2,70.543
8/28/19 13:15,82.218,56.5,1736.2,70.543
8/28/19 13:15,82.218,56.5,1736.2,70.543
8/28/19 13:15,82.218,56.6,1736.2,70.543
8/28/19 13:15,82.218,56.7,1738.7,70.543
8/28/19 13:16,82.218,56.8,1733.7,70.543
8/28/19 13:16,82.218,56.9,1738.7,70.543
8/28/19 13:16,82.218,57,1738.7,70.543
8/28/19 13:16,82.218,57,1738.7,70.543
8/28/19 13:16,82.218,57.1,1733.7,70.543
8/28/19 13:16,82.218,57.2,1736.2,70.543
8/28/19 13:16,82.218,57.4,1738.7,70.543
8/28/19 13:16,82.218,57.5,1733.7,70.543
8/28/19 13:16,82.218,57.5,1738.7,70.543
8/28/19 13:16,82.218,57.5,1736.2,70.543
8/28/19 13:16,82.218,57.5,1736.2,70.543
8/28/19 13:16,82.263,57.5,1738.7,70.543
8/28/19 13:16,82.263,57.5,1738.7,70.543
8/28/19 13:16,82.263,57.5,1736.2,70.543
8/28/19 13:16,82.263,57.5,1736.2,70.543
8/28/19 13:16,82.263,57.5,1738.7,70.543
8/28/19 13:16,82.263,57.5,1736.2,70.587
8/28/19 13:16,82.263,57.5,1738.7,70.543
8/28/19 13:16,82.263,57.5,1733.7,70.543
8/28/19 13:16,82.263,57.5,1736.2,70.543
8/28/19 13:16,82.308,57.5,1736.2,70.543
8/28/19 13:16,82.308,57.5,1738.7,70.543
8/28/19 13:16,82.308,57.4,1736.2,70.543
8/28/19 13:16,82.308,57.3,1736.2,70.543
8/28/19 13:16,82.308,57.3,1736.2,70.543
8/28/19 13:16,82.308,57.3,1733.7,70.543
8/28/19 13:16,82.308,57.3,1733.7,70.543
8/28/19 13:16,82.308,57.4,1736.2,70.543
8/28/19 13:16,82.308,57.5,1733.7,70.543
8/28/19 13:16,82.308,57.5,1736.2,70.543
8/28/19 13:16,82.308,57.6,1736.2,70.543
8/28/19 13:16,82.308,57.7,1736.2,70.543
8/28/19 13:16,82.353,57.8,1736.2,70.543
8/28/19 13:16,82.353,57.9,1738.7,70.543
8/28/19 13:16,82.353,58,1736.2,70.543
8/28/19 13:16,82.353,58.1,1736.2,70.543
8/28/19 13:16,82.353,58.2,1736.2,70.543
8/28/19 13:16,82.396,58.5,1738.7,70.543
8/28/19 13:16,82.396,58.6,1738.7,70.543
8/28/19 13:16,82.396,58.5,1736.2,70.543
8/28/19 13:16,82.396,58.4,1736.2,70.543
8/28/19 13:16,82.396,58.3,1738.7,70.543
8/28/19 13:16,82.396,58.2,1736.2,70.543
8/28/19 13:16,82.441,58.2,1738.7,70.543
8/28/19 13:16,82.441,58.2,1738.7,70.587
8/28/19 13:16,82.441,58.2,1738.7,70.543
8/28/19 13:16,82.441,58.2,1738.7,70.543
8/28/19 13:16,82.441,58.3,1738.7,70.543
8/28/19 13:16,82.441,58.4,1738.7,70.587
8/28/19 13:16,82.441,58.5,1738.7,70.543
8/28/19 13:16,82.486,58.5,1738.7,70.543
8/28/19 13:16,82.486,58.6,1738.7,70.543
8/28/19 13:16,82.486,58.7,1738.7,70.543
8/28/19 13:16,82.486,58.9,1741.2,70.587
8/28/19 13:16,82.486,59,1738.7,70.543
8/28/19 13:16,82.53,59.2,1736.2,70.587
8/28/19 13:16,82.53,59.2,1738.7,70.587
8/28/19 13:16,82.53,59,1736.2,70.587
8/28/19 13:16,82.53,58.8,1738.7,70.587
8/28/19 13:16,82.53,58.5,1738.7,70.587
8/28/19 13:17,82.575,58.2,1738.7,70.587
8/28/19 13:17,82.575,58,1738.7,70.587
8/28/19 13:17,82.575,57.8,1736.2,70.587
8/28/19 13:17,82.575,57.7,1738.7,70.587
8/28/19 13:17,82.575,57.7,1738.7,70.587
8/28/19 13:17,82.575,57.6,1738.7,70.587
8/28/19 13:17,82.62,57.6,1736.2,70.587
8/28/19 13:17,82.62,57.6,1736.2,70.587
8/28/19 13:17,82.62,57.5,1736.2,70.543
8/28/19 13:17,82.62,57.5,1738.7,70.587
8/28/19 13:17,82.62,57.5,1741.2,70.587
8/28/19 13:17,82.62,57.5,1736.2,70.587
8/28/19 13:17,82.62,57.5,1736.2,70.587
8/28/19 13:17,82.62,57.4,1738.7,70.587
8/28/19 13:17,82.62,57.3,1741.2,70.587
8/28/19 13:17,82.62,57.3,1738.7,70.587
8/28/19 13:17,82.62,57.2,1738.7,70.543
8/28/19 13:17,82.665,57,1738.7,70.587
8/28/19 13:17,82.62,56.9,1738.7,70.587
8/28/19 13:17,82.665,56.9,1738.7,70.587
8/28/19 13:17,82.665,56.7,1741.2,70.587
8/28/19 13:17,82.665,56.7,1738.7,70.587
8/28/19 13:17,82.665,56.6,1743.7,70.587
8/28/19 13:17,82.665,56.6,1741.2,70.587
8/28/19 13:17,82.665,56.6,1741.2,70.587
8/28/19 13:17,82.62,56.8,1741.2,70.587
8/28/19 13:17,82.665,57,1738.7,70.587
8/28/19 13:17,82.62,57,1743.7,70.587
8/28/19 13:17,82.665,57.2,1743.7,70.587
8/28/19 13:17,82.62,57.4,1741.2,70.587
8/28/19 13:17,82.665,57.5,1741.2,70.587
8/28/19 13:17,82.665,57.6,1741.2,70.587
8/28/19 13:17,82.665,57.7,1743.7,70.587
8/28/19 13:17,82.665,57.7,1743.7,70.587
8/28/19 13:17,82.665,57.8,1743.7,70.587
8/28/19 13:17,82.665,57.8,1743.7,70.587
8/28/19 13:17,82.665,57.9,1741.2,70.587
8/28/19 13:17,82.665,58,1743.7,70.587
8/28/19 13:17,82.665,58,1741.2,70.587
8/28/19 13:17,82.665,57.9,1741.2,70.587
8/28/19 13:17,82.665,57.8,1741.2,70.587
8/28/19 13:17,82.708,57.7,1741.2,70.587
8/28/19 13:17,82.708,57.7,1741.2,70.587
8/28/19 13:17,82.708,57.7,1741.2,70.587
8/28/19 13:17,82.708,57.7,1743.7,70.587
8/28/19 13:17,82.708,57.7,1741.2,70.587
8/28/19 13:17,82.708,57.8,1746.2,70.587
8/28/19 13:17,82.708,57.9,1743.7,70.587
8/28/19 13:17,82.708,57.9,1743.7,70.587
8/28/19 13:17,82.708,57.9,1741.2,70.587
8/28/19 13:17,82.708,57.9,1743.7,70.587
8/28/19 13:17,82.708,57.9,1743.7,70.587
8/28/19 13:17,82.753,58,1743.7,70.587
8/28/19 13:17,82.753,58,1743.7,70.587
8/28/19 13:17,82.753,58.1,1743.7,70.587
8/28/19 13:17,82.753,58.1,1743.7,70.587
8/28/19 13:17,82.753,58.2,1741.2,70.587
8/28/19 13:17,82.753,58.3,1741.2,70.587
8/28/19 13:17,82.753,58.3,1741.2,70.587
8/28/19 13:17,82.753,58.2,1738.7,70.587
8/28/19 13:18,82.798,58.1,1743.7,70.587
8/28/19 13:18,82.798,58,1741.2,70.587
8/28/19 13:18,82.798,57.8,1743.7,70.587
8/28/19 13:18,82.798,57.5,1743.7,70.587
8/28/19 13:18,82.798,57.5,1741.2,70.587
8/28/19 13:18,82.798,57.3,1741.2,70.587
8/28/19 13:18,82.798,57.3,1741.2,70.587
8/28/19 13:18,82.798,57.5,1746.2,70.587
8/28/19 13:18,82.798,57.5,1743.7,70.587
8/28/19 13:18,82.798,57.7,1743.7,70.587
8/28/19 13:18,82.798,57.9,1741.2,70.587
8/28/19 13:18,82.798,58.1,1743.7,70.587
8/28/19 13:18,82.798,58.1,1743.7,70.587
8/28/19 13:18,82.841,58.3,1743.7,70.587
8/28/19 13:18,82.841,58.5,1741.2,70.587
8/28/19 13:18,82.841,58.6,1743.7,70.587
8/28/19 13:18,82.841,58.6,1741.2,70.587
8/28/19 13:18,82.841,58.6,1741.2,70.587
8/28/19 13:18,82.841,58.6,1743.7,70.587
8/28/19 13:18,82.841,58.4,1743.7,70.587
8/28/19 13:18,82.886,58.3,1741.2,70.587
8/28/19 13:18,82.886,58.2,1743.7,70.587
8/28/19 13:18,82.886,58.1,1741.2,70.587
8/28/19 13:18,82.886,57.9,1743.7,70.587
8/28/19 13:18,82.886,57.7,1743.7,70.587
8/28/19 13:18,82.886,57.5,1743.7,70.587
8/28/19 13:18,82.886,57.5,1741.2,70.587
8/28/19 13:18,82.886,57.3,1741.2,70.587
8/28/19 13:18,82.886,57.2,1743.7,70.587
8/28/19 13:18,82.886,57.1,1741.2,70.587
8/28/19 13:18,82.931,57,1743.7,70.587
8/28/19 13:18,82.931,57,1743.7,70.587
8/28/19 13:18,82.931,57.1,1743.7,70.587
8/28/19 13:18,82.931,57,1741.2,70.587
8/28/19 13:18,82.931,57,1746.2,70.587
8/28/19 13:18,82.931,57,1743.7,70.587
8/28/19 13:18,82.931,57,1743.7,70.587
8/28/19 13:18,82.931,57,1741.2,70.587
8/28/19 13:18,82.931,57,1743.7,70.587
8/28/19 13:18,82.931,57.1,1746.2,70.587
8/28/19 13:18,82.931,57.1,1748.7,70.587
8/28/19 13:18,82.931,57.1,1743.7,70.587
8/28/19 13:18,82.931,57.1,1743.7,70.587
8/28/19 13:18,82.931,57.1,1746.2,70.587
8/28/19 13:18,82.931,57.2,1746.2,70.587
8/28/19 13:18,82.976,57.2,1746.2,70.587
8/28/19 13:18,82.976,57.1,1743.7,70.587
8/28/19 13:18,82.931,57.2,1743.7,70.587
8/28/19 13:18,82.976,57.3,1743.7,70.587
8/28/19 13:18,82.976,57.3,1743.7,70.587
8/28/19 13:18,82.976,57.5,1743.7,70.587
8/28/19 13:18,82.976,57.5,1743.7,70.587
8/28/19 13:18,82.976,57.6,1743.7,70.587
8/28/19 13:18,82.976,57.7,1746.2,70.587
8/28/19 13:18,82.976,57.8,1743.7,70.587
8/28/19 13:18,82.976,57.9,1741.2,70.587
8/28/19 13:18,82.976,57.9,1741.2,70.587
8/28/19 13:18,82.976,57.9,1743.7,70.587
8/28/19 13:18,82.976,57.9,1743.7,70.587
8/28/19 13:18,82.976,58,1741.2,70.587
8/28/19 13:19,83.021,58.1,1743.7,70.587
8/28/19 13:19,82.976,58,1743.7,70.587
8/28/19 13:19,83.021,58.1,1746.2,70.587
8/28/19 13:19,83.021,58.2,1743.7,70.587
8/28/19 13:19,83.021,58.3,1743.7,70.587
8/28/19 13:19,83.021,58.4,1741.2,70.587
8/28/19 13:19,83.021,58.5,1741.2,70.587
8/28/19 13:19,83.021,58.6,1746.2,70.63
8/28/19 13:19,83.021,58.6,1741.2,70.587
8/28/19 13:19,83.064,58.6,1741.2,70.587
8/28/19 13:19,83.064,58.6,1743.7,70.587
8/28/19 13:19,83.064,58.6,1741.2,70.587
8/28/19 13:19,83.064,58.7,1741.2,70.63
8/28/19 13:19,83.064,58.7,1743.7,70.587
8/28/19 13:19,83.064,58.7,1743.7,70.587
8/28/19 13:19,83.064,58.7,1741.2,70.587
8/28/19 13:19,83.109,59,1743.7,70.63
8/28/19 13:19,83.109,59.1,1741.2,70.587
8/28/19 13:19,83.109,59.2,1741.2,70.63
8/28/19 13:19,83.109,59.3,1743.7,70.63
8/28/19 13:19,83.109,59.2,1743.7,70.63
8/28/19 13:19,83.109,59.3,1743.7,70.63
8/28/19 13:19,83.109,59.2,1743.7,70.587
8/28/19 13:19,83.154,59.2,1741.2,70.63
8/28/19 13:19,83.154,59.2,1743.7,70.587
8/28/19 13:19,83.154,59.2,1741.2,70.63
8/28/19 13:19,83.154,59.3,1743.7,70.63
8/28/19 13:19,83.199,59.4,1743.7,70.63
8/28/19 13:19,83.199,59.4,1741.2,70.63
8/28/19 13:19,83.199,59.5,1743.7,70.63
8/28/19 13:19,83.199,59.6,1741.2,70.63
8/28/19 13:19,83.199,59.6,1738.7,70.587
8/28/19 13:19,83.199,59.6,1743.7,70.63
8/28/19 13:19,83.242,59.6,1741.2,70.63
8/28/19 13:19,83.242,59.5,1741.2,70.587
8/28/19 13:19,83.242,59.4,1743.7,70.587
8/28/19 13:19,83.242,59.3,1741.2,70.63
8/28/19 13:19,83.242,59.2,1743.7,70.63
8/28/19 13:19,83.287,59.3,1741.2,70.63
8/28/19 13:19,83.287,59.3,1741.2,70.63
8/28/19 13:19,83.287,59.3,1743.7,70.63
8/28/19 13:19,83.287,59.2,1741.2,70.63
8/28/19 13:19,83.287,59.1,1741.2,70.63
8/28/19 13:19,83.287,58.8,1741.2,70.63
8/28/19 13:19,83.332,58.5,1743.7,70.63
8/28/19 13:19,83.332,58.2,1743.7,70.63
8/28/19 13:19,83.332,57.6,1741.2,70.63
8/28/19 13:19,83.332,57.3,1741.2,70.63
8/28/19 13:19,83.332,57,1743.7,70.63
8/28/19 13:19,83.332,56.6,1743.7,70.63
8/28/19 13:19,83.332,56.2,1743.7,70.63
8/28/19 13:19,83.332,56,1743.7,70.63
8/28/19 13:19,83.287,55.8,1743.7,70.63
8/28/19 13:19,83.287,55.7,1741.2,70.63
8/28/19 13:19,83.287,55.6,1741.2,70.63
8/28/19 13:19,83.287,55.6,1741.2,70.63
8/28/19 13:19,83.287,55.6,1743.7,70.63
8/28/19 13:19,83.287,55.7,1743.7,70.63
8/28/19 13:19,83.242,55.7,1741.2,70.63
8/28/19 13:19,83.242,55.9,1741.2,70.63
8/28/19 13:20,83.242,55.9,1741.2,70.63
8/28/19 13:20,83.242,56,1741.2,70.63
8/28/19 13:20,83.242,56.1,1741.2,70.63
8/28/19 13:20,83.242,56.1,1743.7,70.63
8/28/19 13:20,83.242,56.3,1743.7,70.63
8/28/19 13:20,83.242,56.4,1743.7,70.63
8/28/19 13:20,83.199,56.4,1738.7,70.63
8/28/19 13:20,83.199,56.6,1741.2,70.63
8/28/19 13:20,83.199,56.7,1741.2,70.63
8/28/19 13:20,83.199,56.9,1741.2,70.63
8/28/19 13:20,83.199,57,1738.7,70.63
8/28/19 13:20,83.199,57,1741.2,70.63
8/28/19 13:20,83.199,57.1,1743.7,70.63
8/28/19 13:20,83.199,57.2,1738.7,70.63
8/28/19 13:20,83.199,57.3,1736.2,70.63
8/28/19 13:20,83.199,57.3,1741.2,70.63
8/28/19 13:20,83.199,57.5,1741.2,70.63
8/28/19 13:20,83.199,57.5,1748.7,70.63
8/28/19 13:20,83.199,57.6,1738.7,70.63
8/28/19 13:20,83.242,57.6,1738.7,70.63
8/28/19 13:20,83.242,57.6,1736.2,70.63
8/28/19 13:20,83.242,57.5,1736.2,70.63
8/28/19 13:20,83.242,57.3,1736.2,70.63
8/28/19 13:20,83.242,57.2,1736.2,70.63
8/28/19 13:20,83.242,57,1736.2,70.63
8/28/19 13:20,83.242,56.9,1736.2,70.63
8/28/19 13:20,83.242,56.6,1733.7,70.63
8/28/19 13:20,83.242,56.5,1733.7,70.63
8/28/19 13:20,83.242,56.4,1736.2,70.63
8/28/19 13:20,83.242,56.4,1736.2,70.63
8/28/19 13:20,83.242,56.2,1736.2,70.63
8/28/19 13:20,83.242,56.1,1736.2,70.63
8/28/19 13:20,83.199,56.1,1736.2,70.63
8/28/19 13:20,83.199,56,1733.7,70.63
8/28/19 13:20,83.199,55.9,1736.2,70.63
8/28/19 13:20,83.199,55.9,1736.2,70.63
8/28/19 13:20,83.199,55.9,1736.2,70.63
8/28/19 13:20,83.199,55.9,1736.2,70.63
8/28/19 13:20,83.199,56,1736.2,70.63
8/28/19 13:20,83.199,56.1,1736.2,70.63
8/28/19 13:20,83.154,56.1,1736.2,70.63
8/28/19 13:20,83.154,56.3,1736.2,70.63
8/28/19 13:20,83.154,56.4,1736.2,70.63
8/28/19 13:20,83.154,56.4,1733.7,70.63
8/28/19 13:20,83.154,56.5,1736.2,70.63
8/28/19 13:20,83.154,56.6,1733.7,70.63
8/28/19 13:20,83.154,56.7,1731.2,70.63
8/28/19 13:20,83.109,56.9,1736.2,70.63
8/28/19 13:20,83.109,57,1688.7,70.63
8/28/19 13:20,83.109,57,1736.2,70.63
8/28/19 13:20,83.109,57,1738.7,70.63
8/28/19 13:20,83.109,57,1736.2,70.63
8/28/19 13:20,83.109,57.1,1736.2,70.63
8/28/19 13:20,83.109,57.1,1736.2,70.63
8/28/19 13:20,83.109,57,1731.2,70.63
8/28/19 13:20,83.109,56.9,1736.2,70.63
8/28/19 13:20,83.109,56.8,1736.2,70.63
8/28/19 13:20,83.109,56.7,1733.7,70.63
8/28/19 13:20,83.109,56.6,1733.7,70.63
8/28/19 13:20,83.109,56.5,1733.7,70.63
8/28/19 13:21,83.109,56.4,1736.2,70.63
8/28/19 13:21,83.064,56.3,1736.2,70.63
8/28/19 13:21,83.064,56.3,1736.2,70.63
8/28/19 13:21,83.064,56.3,1736.2,70.63
8/28/19 13:21,83.064,56.4,1731.2,70.63
8/28/19 13:21,83.064,56.4,1733.7,70.63
8/28/19 13:21,83.064,56.4,1733.7,70.63
8/28/19 13:21,83.021,56.3,1733.7,70.63
8/28/19 13:21,83.021,56.3,1731.2,70.63
8/28/19 13:21,83.021,56.3,1733.7,70.63
8/28/19 13:21,83.021,56.4,1733.7,70.63
8/28/19 13:21,82.976,56.3,1733.7,70.63
8/28/19 13:21,82.976,56.2,1733.7,70.63
8/28/19 13:21,82.976,56.1,1733.7,70.63
8/28/19 13:21,82.976,55.9,1731.2,70.63
8/28/19 13:21,82.976,55.8,1733.7,70.63
8/28/19 13:21,82.976,55.7,1731.2,70.63
8/28/19 13:21,82.931,55.6,1733.7,70.63
8/28/19 13:21,82.931,55.5,1733.7,70.63
8/28/19 13:21,82.931,55.5,1733.7,70.63
8/28/19 13:21,82.931,55.4,1733.7,70.63
8/28/19 13:21,82.886,55.5,1733.7,70.63
8/28/19 13:21,82.886,55.6,1733.7,70.63
8/28/19 13:21,82.886,55.7,1731.2,70.63
8/28/19 13:21,82.886,55.7,1733.7,70.63
8/28/19 13:21,82.886,55.9,1733.7,70.63
8/28/19 13:21,82.841,55.9,1733.7,70.63
8/28/19 13:21,82.841,55.8,1731.2,70.63
8/28/19 13:21,82.841,55.7,1733.7,70.63
8/28/19 13:21,82.841,55.8,1733.7,70.673
8/28/19 13:21,82.841,55.7,1733.7,70.63
8/28/19 13:21,82.798,55.7,1733.7,70.63
8/28/19 13:21,82.798,55.8,1733.7,70.63
8/28/19 13:21,82.798,55.7,1733.7,70.63
8/28/19 13:21,82.798,55.8,1733.7,70.63
8/28/19 13:21,82.753,55.9,1731.2,70.63
8/28/19 13:21,82.753,55.9,1733.7,70.63
8/28/19 13:21,82.753,56.1,1731.2,70.63
8/28/19 13:21,82.753,56.2,1733.7,70.673
8/28/19 13:21,82.753,56.3,1733.7,70.63
8/28/19 13:21,82.753,56.3,1733.7,70.63
8/28/19 13:21,82.753,56.3,1733.7,70.63
8/28/19 13:21,82.753,56.4,1733.7,70.63
8/28/19 13:21,82.753,56.4,1731.2,70.63
8/28/19 13:21,82.708,56.4,1736.2,70.673
8/28/19 13:21,82.708,56.3,1733.7,70.63
8/28/19 13:21,82.708,56.4,1733.7,70.63
8/28/19 13:21,82.708,56.5,1736.2,70.673
8/28/19 13:21,82.708,56.6,1733.7,70.673
8/28/19 13:21,82.708,56.7,1736.2,70.673
8/28/19 13:21,82.708,56.8,1733.7,70.63
8/28/19 13:21,82.708,56.9,1736.2,70.673
8/28/19 13:21,82.708,57,1738.7,70.63
8/28/19 13:21,82.708,57.1,1736.2,70.63
8/28/19 13:21,82.708,57.3,1736.2,70.63
8/28/19 13:21,82.708,57.4,1736.2,70.63
8/28/19 13:21,82.708,57.4,1736.2,70.673
8/28/19 13:21,82.708,57.5,1733.7,70.63
8/28/19 13:21,82.708,57.5,1736.2,70.673
8/28/19 13:21,82.708,57.5,1736.2,70.673
8/28/19 13:22,82.708,57.5,1736.2,70.673
8/28/19 13:22,82.708,57.4,1736.2,70.63
8/28/19 13:22,82.708,57.3,1733.7,70.673
8/28/19 13:22,82.708,57.3,1736.2,70.673
8/28/19 13:22,82.708,57.4,1736.2,70.673
8/28/19 13:22,82.708,57.5,1736.2,70.673
8/28/19 13:22,82.708,57.5,1736.2,70.673
8/28/19 13:22,82.708,57.5,1736.2,70.673
8/28/19 13:22,82.708,57.5,1733.7,70.673
8/28/19 13:22,82.708,57.5,1736.2,70.63
8/28/19 13:22,82.708,57.5,1736.2,70.63
8/28/19 13:22,82.708,57.5,1736.2,70.673
8/28/19 13:22,82.708,57.5,1738.7,70.673
8/28/19 13:22,82.708,57.5,1733.7,70.673
8/28/19 13:22,82.708,57.5,1736.2,70.673
8/28/19 13:22,82.708,57.5,1736.2,70.673
8/28/19 13:22,82.708,57.5,1736.2,70.673
8/28/19 13:22,82.708,57.5,1736.2,70.673
8/28/19 13:22,82.708,57.3,1738.7,70.673
8/28/19 13:22,82.708,57.3,1738.7,70.673
8/28/19 13:22,82.708,57.1,1738.7,70.673
8/28/19 13:22,82.708,57,1736.2,70.673
8/28/19 13:22,82.708,56.9,1736.2,70.673
8/28/19 13:22,82.708,56.9,1738.7,70.673
8/28/19 13:22,82.708,56.9,1736.2,70.673
8/28/19 13:22,82.708,56.9,1738.7,70.63
8/28/19 13:22,82.708,56.9,1738.7,70.673
8/28/19 13:22,82.708,56.9,1738.7,70.673
8/28/19 13:22,82.708,57,1738.7,70.673
8/28/19 13:22,82.708,56.9,1738.7,70.673
8/28/19 13:22,82.708,56.8,1738.7,70.673
8/28/19 13:22,82.708,56.7,1738.7,70.673
8/28/19 13:22,82.665,56.6,1741.2,70.673
8/28/19 13:22,82.665,56.6,1741.2,70.673
8/28/19 13:22,82.665,56.6,1743.7,70.673
8/28/19 13:22,82.665,56.6,1741.2,70.673
8/28/19 13:22,82.665,56.7,1741.2,70.673
8/28/19 13:22,82.665,56.8,1741.2,70.673
8/28/19 13:22,82.665,56.9,1741.2,70.673
8/28/19 13:22,82.62,57,1741.2,70.673
8/28/19 13:22,82.665,56.9,1741.2,70.673
8/28/19 13:22,82.665,56.9,1743.7,70.673
8/28/19 13:22,82.62,57,1741.2,70.673
8/28/19 13:22,82.62,57.1,1738.7,70.673
8/28/19 13:22,82.62,57.2,1738.7,70.673
8/28/19 13:22,82.62,57.3,1741.2,70.673
8/28/19 13:22,82.62,57.5,1741.2,70.673
8/28/19 13:22,82.62,57.6,1741.2,70.673
8/28/19 13:22,82.62,57.8,1741.2,70.673
8/28/19 13:22,82.62,58,1738.7,70.673
8/28/19 13:22,82.62,58.1,1738.7,70.673
8/28/19 13:22,82.62,58.2,1738.7,70.673
8/28/19 13:22,82.62,58.4,1741.2,70.673
8/28/19 13:22,82.62,58.4,1738.7,70.673
8/28/19 13:22,82.665,58.5,1738.7,70.673
8/28/19 13:22,82.665,58.6,1741.2,70.673
8/28/19 13:22,82.665,58.6,1738.7,70.673
8/28/19 13:22,82.665,58.6,1741.2,70.673
8/28/19 13:22,82.665,58.6,1741.2,70.673
8/28/19 13:22,82.665,58.6,1746.2,70.673
8/28/19 13:23,82.665,58.7,1741.2,70.673
8/28/19 13:23,82.708,58.8,1743.7,70.673
8/28/19 13:23,82.708,58.9,1741.2,70.673
8/28/19 13:23,82.708,58.8,1743.7,70.673
8/28/19 13:23,82.708,58.7,1743.7,70.673
8/28/19 13:23,82.708,58.6,1746.2,70.673
8/28/19 13:23,82.708,58.6,1746.2,70.673
8/28/19 13:23,82.708,58.6,1746.2,70.673
8/28/19 13:23,82.753,58.6,1748.7,70.673
8/28/19 13:23,82.753,58.7,1748.7,70.673
8/28/19 13:23,82.753,58.7,1746.2,70.673
8/28/19 13:23,82.753,58.8,1731.2,70.673
8/28/19 13:23,82.753,58.8,1716.2,70.673
8/28/19 13:23,82.753,58.7,1706.2,70.673
8/28/19 13:23,82.753,58.6,1708.7,70.673
8/28/19 13:23,82.753,58.5,1718.7,70.673
8/28/19 13:23,82.753,58.4,1736.2,70.673
8/28/19 13:23,82.798,58.4,1748.7,70.673
8/28/19 13:23,82.798,58.3,1753.7,70.673
8/28/19 13:23,82.798,58.2,1738.7,70.673
8/28/19 13:23,82.798,58.2,1726.2,70.673
8/28/19 13:23,82.798,58.2,1728.7,70.673
8/28/19 13:23,82.798,58.2,1743.7,70.673
8/28/19 13:23,82.798,58.2,1758.7,70.673
8/28/19 13:23,82.798,58.3,1631.2,70.673
8/28/19 13:23,82.798,58.3,1633.7,70.673
8/28/19 13:23,82.798,58.3,1756.2,70.673
8/28/19 13:23,82.798,58.5,1746.2,70.673
8/28/19 13:23,82.798,58.6,1738.7,70.673
8/28/19 13:23,82.798,58.7,1738.7,70.673
8/28/19 13:23,82.798,58.7,1738.7,70.673
8/28/19 13:23,82.841,58.8,1736.2,70.673
8/28/19 13:23,82.841,58.8,1733.7,70.673
8/28/19 13:23,82.841,58.9,1741.2,70.673
8/28/19 13:23,82.841,59,1748.7,70.673
8/28/19 13:23,82.841,59,1751.2,70.673
8/28/19 13:23,82.841,59,1748.7,70.673
8/28/19 13:23,82.841,59.1,1748.7,70.673
8/28/19 13:23,82.841,59.1,1748.7,70.673
8/28/19 13:23,82.841,59,1748.7,70.673
8/28/19 13:23,82.841,59,1748.7,70.673
8/28/19 13:23,82.886,59,1746.2,70.673
8/28/19 13:23,82.886,59,1743.7,70.673
8/28/19 13:23,82.886,59,1743.7,70.673
8/28/19 13:23,82.886,59,1748.7,70.673
8/28/19 13:23,82.886,59,1746.2,70.673
8/28/19 13:23,82.886,59,1746.2,70.673
8/28/19 13:23,82.886,59,1748.7,70.673
8/28/19 13:23,82.886,58.8,1748.7,70.673
8/28/19 13:23,82.886,58.7,1746.2,70.673
8/28/19 13:23,82.886,58.6,1746.2,70.673
8/28/19 13:23,82.931,58.6,1748.7,70.673
8/28/19 13:23,82.931,58.6,1748.7,70.673
8/28/19 13:23,82.931,58.5,1751.2,70.673
8/28/19 13:23,82.931,58.5,1753.7,70.673
8/28/19 13:23,82.931,58.3,1743.7,70.673
8/28/19 13:23,82.931,58,1688.7,70.673
8/28/19 13:23,82.931,57.8,1601.2,70.673
8/28/19 13:23,82.931,57.5,1563.7,70.673
8/28/19 13:23,82.931,57.3,1581.2,70.673
8/28/19 13:24,82.931,57,1648.7,70.673
8/28/19 13:24,82.886,56.9,1683.7,70.673
8/28/19 13:24,82.886,56.8,1648.7,70.673
8/28/19 13:24,82.886,56.7,1528.7,70.673
8/28/19 13:24,82.886,56.7,1366.2,70.673
8/28/19 13:24,82.886,56.6,1306.2,70.673
8/28/19 13:24,82.886,56.6,1363.7,70.673
8/28/19 13:24,82.886,56.6,1491.2,70.673
8/28/19 13:24,82.886,56.5,1606.2,70.673
8/28/19 13:24,82.886,56.5,1631.2,70.673
8/28/19 13:24,82.841,56.5,1606.2,70.673
8/28/19 13:24,82.841,56.5,1548.7,70.673
8/28/19 13:24,82.841,56.6,1516.2,70.673
8/28/19 13:24,82.841,56.6,1556.2,70.673
8/28/19 13:24,82.841,56.6,1651.2,70.673
8/28/19 13:24,82.798,56.6,1736.2,70.673
8/28/19 13:24,82.798,56.6,1771.2,70.673
8/28/19 13:24,82.798,56.6,1758.7,70.673
8/28/19 13:24,82.798,56.6,1751.2,70.673
8/28/19 13:24,82.798,56.7,1751.2,70.673
8/28/19 13:24,82.798,56.6,1771.2,70.673
8/28/19 13:24,82.798,56.6,1773.7,70.673
8/28/19 13:24,82.798,56.6,1776.2,70.673
8/28/19 13:24,82.798,56.7,1778.7,70.673
8/28/19 13:24,82.798,56.6,1778.7,70.673
8/28/19 13:24,82.753,56.7,1776.2,70.673
8/28/19 13:24,82.753,56.7,1756.2,70.673
8/28/19 13:24,82.753,56.8,1688.7,70.673
8/28/19 13:24,82.753,56.8,1598.7,70.673
8/28/19 13:24,82.753,56.9,1498.7,70.673
8/28/19 13:24,82.753,56.9,1453.7,70.673
8/28/19 13:24,82.753,56.9,1483.7,70.716
8/28/19 13:24,82.753,57,1586.2,70.673
8/28/19 13:24,82.753,57.1,1658.7,70.673
8/28/19 13:24,82.753,57.2,1581.2,70.673
8/28/19 13:24,82.753,57.3,1443.7,70.716
8/28/19 13:24,82.753,57.4,1383.7,70.716
8/28/19 13:24,82.753,57.5,1431.2,70.673
8/28/19 13:24,82.753,57.8,1518.7,70.673
8/28/19 13:24,82.753,58,1583.7,70.716
8/28/19 13:24,82.753,58.1,1651.2,70.673
8/28/19 13:24,82.753,58.2,1633.7,70.716
8/28/19 13:24,82.753,58.1,1503.7,70.716
8/28/19 13:24,82.753,58,1388.7,70.673
8/28/19 13:24,82.753,58,1346.2,70.716
8/28/19 13:24,82.753,57.9,1336.2,70.673
8/28/19 13:24,82.753,57.8,1351.2,70.673
8/28/19 13:24,82.753,57.7,1423.7,70.673
8/28/19 13:24,82.753,57.6,1496.2,70.716
8/28/19 13:24,82.753,57.6,1516.2,70.716
8/28/19 13:24,82.753,57.5,1553.7,70.716
8/28/19 13:24,82.753,57.5,1636.2,70.716
8/28/19 13:24,82.753,57.4,1698.7,70.673
8/28/19 13:24,82.753,57.3,1731.2,70.716
8/28/19 13:24,82.753,57.2,1738.7,70.716
8/28/19 13:24,82.753,57.1,1763.7,70.716
8/28/19 13:24,82.753,57,1776.2,70.716
8/28/19 13:24,82.753,57,1781.2,70.716
8/28/19 13:24,82.753,57,1691.2,70.716
8/28/19 13:24,82.753,56.9,1553.7,70.716
8/28/19 13:25,82.753,57,1466.2,70.716
8/28/19 13:25,82.753,57,1513.7,70.716
8/28/19 13:25,82.753,57,1621.2,70.716
8/28/19 13:25,82.708,57,1688.7,70.716
8/28/19 13:25,82.708,57,1701.2,70.716
8/28/19 13:25,82.708,57.1,1698.7,70.716
8/28/19 13:25,82.708,57.1,1666.2,70.716
8/28/19 13:25,82.708,57,1616.2,70.673
8/28/19 13:25,82.708,57,1566.2,70.716
8/28/19 13:25,82.708,57,1506.2,70.716
8/28/19 13:25,82.708,56.9,1471.2,70.716
8/28/19 13:25,82.708,56.9,1468.7,70.716
8/28/19 13:25,82.708,56.8,1498.7,70.716
8/28/19 13:25,82.708,56.7,1528.7,70.716
8/28/19 13:25,82.708,56.7,1503.7,70.716
8/28/19 13:25,82.708,56.7,1466.2,70.716
8/28/19 13:25,82.708,56.6,1461.2,70.716
8/28/19 13:25,82.665,56.5,1508.7,70.716
8/28/19 13:25,82.665,56.4,1538.7,70.716
8/28/19 13:25,82.665,56.4,1516.2,70.716
8/28/19 13:25,82.665,56.2,1468.7,70.716
8/28/19 13:25,82.665,56.1,1418.7,70.716
8/28/19 13:25,82.665,56,1373.7,70.716
8/28/19 13:25,82.665,56,1351.2,70.716
8/28/19 13:25,82.665,56,1316.2,70.716
8/28/19 13:25,82.665,56,1396.2,70.716
8/28/19 13:25,82.665,56.1,1488.7,70.716
8/28/19 13:25,82.62,56.2,1548.7,70.716
8/28/19 13:25,82.62,56.3,1483.7,70.716
8/28/19 13:25,82.62,56.3,1411.2,70.716
8/28/19 13:25,82.62,56.5,1368.7,70.716
8/28/19 13:25,82.62,56.6,1421.2,70.716
8/28/19 13:25,82.62,56.7,1513.7,70.716
8/28/19 13:25,82.62,56.7,1563.7,70.716
8/28/19 13:25,82.62,56.7,1576.2,70.716
8/28/19 13:25,82.62,56.9,1548.7,70.716
8/28/19 13:25,82.62,57,1536.2,70.716
8/28/19 13:25,82.62,57,1543.7,70.716
8/28/19 13:25,82.62,57.2,1563.7,70.716
8/28/19 13:25,82.62,57.3,1616.2,70.716
8/28/19 13:25,82.62,57.4,1683.7,70.716
8/28/19 13:25,82.62,57.5,1736.2,70.716
8/28/19 13:25,82.62,57.5,1756.2,70.716
8/28/19 13:25,82.62,57.5,1743.7,70.716
8/28/19 13:25,82.62,57.6,1736.2,70.716
8/28/19 13:25,82.62,57.7,1738.7,70.716
8/28/19 13:25,82.62,57.7,1743.7,70.716
8/28/19 13:25,82.62,57.7,1743.7,70.716
8/28/19 13:25,82.62,57.7,1743.7,70.716
8/28/19 13:25,82.62,57.7,1743.7,70.716
8/28/19 13:25,82.62,57.8,1748.7,70.716
8/28/19 13:25,82.62,57.8,1746.2,70.716
8/28/19 13:25,82.665,57.9,1741.2,70.716
8/28/19 13:25,82.665,58.1,1738.7,70.716
8/28/19 13:25,82.665,58.2,1738.7,70.716
8/28/19 13:25,82.665,58.3,1741.2,70.716
8/28/19 13:25,82.665,58.4,1743.7,70.716
8/28/19 13:25,82.665,58.6,1743.7,70.716
8/28/19 13:25,82.665,58.6,1741.2,70.716
8/28/19 13:25,82.665,58.7,1741.2,70.716
8/28/19 13:26,82.708,58.7,1741.2,70.716
8/28/19 13:26,82.708,58.8,1741.2,70.716
8/28/19 13:26,82.708,59,1741.2,70.716
8/28/19 13:26,82.708,59.1,1741.2,70.716
8/28/19 13:26,82.708,59.1,1741.2,70.716
8/28/19 13:26,82.708,59.1,1738.7,70.716
8/28/19 13:26,82.753,59.1,1738.7,70.716
8/28/19 13:26,82.753,59.1,1736.2,70.716
8/28/19 13:26,82.753,59.1,1741.2,70.716
8/28/19 13:26,82.753,59.2,1741.2,70.716
8/28/19 13:26,82.753,59.1,1738.7,70.716
8/28/19 13:26,82.798,59.1,1741.2,70.716
8/28/19 13:26,82.798,59.1,1741.2,70.716
8/28/19 13:26,82.798,58.9,1738.7,70.716
8/28/19 13:26,82.798,58.7,1741.2,70.716
8/28/19 13:26,82.798,58.6,1738.7,70.716
8/28/19 13:26,82.841,58.4,1738.7,70.716
8/28/19 13:26,82.841,58.1,1738.7,70.716
8/28/19 13:26,82.841,58.1,1738.7,70.716
8/28/19 13:26,82.841,57.9,1741.2,70.716
8/28/19 13:26,82.841,57.8,1738.7,70.716
8/28/19 13:26,82.841,57.7,1738.7,70.716
8/28/19 13:26,82.841,57.6,1738.7,70.716
8/28/19 13:26,82.841,57.5,1738.7,70.716
8/28/19 13:26,82.841,57.5,1738.7,70.716
8/28/19 13:26,82.841,57.4,1738.7,70.716
8/28/19 13:26,82.841,57.3,1741.2,70.716
8/28/19 13:26,82.886,57.3,1738.7,70.716
8/28/19 13:26,82.886,57.3,1738.7,70.716
8/28/19 13:26,82.886,57.3,1738.7,70.716
8/28/19 13:26,82.886,57.3,1738.7,70.716
8/28/19 13:26,82.886,57.4,1741.2,70.716
8/28/19 13:26,82.886,57.5,1741.2,70.716
8/28/19 13:26,82.886,57.5,1741.2,70.716
8/28/19 13:26,82.886,57.5,1738.7,70.716
8/28/19 13:26,82.886,57.6,1743.7,70.716
8/28/19 13:26,82.886,57.7,1741.2,70.716
8/28/19 13:26,82.886,57.8,1741.2,70.716
8/28/19 13:26,82.886,57.8,1743.7,70.716
8/28/19 13:26,82.886,57.9,1743.7,70.716
8/28/19 13:26,82.886,58,1741.2,70.716
8/28/19 13:26,82.886,58.1,1736.2,70.716
8/28/19 13:26,82.886,58.1,1731.2,70.716
8/28/19 13:26,82.886,58,1723.7,70.716
8/28/19 13:26,82.886,58,1698.7,70.716
8/28/19 13:26,82.886,58,1676.2,70.716
8/28/19 13:26,82.886,58.1,1663.7,70.716
8/28/19 13:26,82.886,58.1,1696.2,70.716
8/28/19 13:26,82.886,58.1,1723.7,70.716
8/28/19 13:26,82.886,58.1,1733.7,70.716
8/28/19 13:26,82.886,58.1,1706.2,70.716
8/28/19 13:26,82.931,58.2,1676.2,70.716
8/28/19 13:26,82.931,58.4,1663.7,70.716
8/28/19 13:26,82.931,58.6,1683.7,70.716
8/28/19 13:26,82.931,58.7,1686.2,70.716
8/28/19 13:26,82.931,58.7,1668.7,70.716
8/28/19 13:26,82.931,58.8,1663.7,70.716
8/28/19 13:26,82.931,58.8,1676.2,70.716
8/28/19 13:26,82.931,58.9,1671.2,70.716
8/28/19 13:26,82.931,59,1666.2,70.716
8/28/19 13:27,82.931,59.1,1676.2,70.716
8/28/19 13:27,82.976,59.2,1673.7,70.716
8/28/19 13:27,82.976,59.4,1673.7,70.716
8/28/19 13:27,82.976,59.5,1671.2,70.716
8/28/19 13:27,82.976,59.5,1683.7,70.716
8/28/19 13:27,82.976,59.4,1693.7,70.716
8/28/19 13:27,82.976,59.3,1711.2,70.716
8/28/19 13:27,83.021,59.2,1731.2,70.716
8/28/19 13:27,83.021,59.1,1738.7,70.716
8/28/19 13:27,83.021,59.1,1738.7,70.716
8/28/19 13:27,83.021,59.1,1733.7,70.716
8/28/19 13:27,83.021,59.1,1733.7,70.716
8/28/19 13:27,83.021,59.2,1731.2,70.716
8/28/19 13:27,83.064,59.1,1733.7,70.716
8/28/19 13:27,83.021,59.1,1738.7,70.716
8/28/19 13:27,83.064,59.2,1738.7,70.716
8/28/19 13:27,83.064,59.2,1738.7,70.716
8/28/19 13:27,83.064,59.2,1738.7,70.716
8/28/19 13:27,83.064,59.3,1736.2,70.716
8/28/19 13:27,83.064,59,1736.2,70.716
8/28/19 13:27,83.064,58.9,1738.7,70.716
8/28/19 13:27,83.109,58.8,1736.2,70.716
8/28/19 13:27,83.109,58.8,1736.2,70.716
8/28/19 13:27,83.109,58.8,1736.2,70.716
8/28/19 13:27,83.109,59,1736.2,70.716
8/28/19 13:27,83.109,59.1,1738.7,70.716
8/28/19 13:27,83.109,59.2,1738.7,70.716
8/28/19 13:27,83.109,59.3,1733.7,70.716
8/28/19 13:27,83.109,59.4,1738.7,70.716
8/28/19 13:27,83.109,59.4,1738.7,70.716
8/28/19 13:27,83.154,59.5,1736.2,70.716
8/28/19 13:27,83.154,59.6,1736.2,70.716
8/28/19 13:27,83.154,59.7,1738.7,70.716
8/28/19 13:27,83.154,59.8,1738.7,70.716
8/28/19 13:27,83.154,59.8,1738.7,70.716
8/28/19 13:27,83.199,59.8,1736.2,70.716
8/28/19 13:27,83.199,59.8,1736.2,70.716
8/28/19 13:27,83.199,59.8,1736.2,70.716
8/28/19 13:27,83.199,59.9,1738.7,70.716
8/28/19 13:27,83.199,59.9,1736.2,70.716
8/28/19 13:27,83.242,60,1738.7,70.716
8/28/19 13:27,83.242,60,1736.2,70.716
8/28/19 13:27,83.242,60,1736.2,70.716
8/28/19 13:27,83.242,60,1736.2,70.716
8/28/19 13:27,83.287,59.9,1738.7,70.716
8/28/19 13:27,83.287,59.8,1738.7,70.716
8/28/19 13:27,83.287,59.8,1736.2,70.716
8/28/19 13:27,83.287,59.7,1738.7,70.716
8/28/19 13:27,83.332,59.6,1738.7,70.716
8/28/19 13:27,83.332,59.6,1736.2,70.716
8/28/19 13:27,83.332,59.5,1736.2,70.716
8/28/19 13:27,83.332,59.5,1738.7,70.716
8/28/19 13:27,83.377,59.5,1738.7,70.716
8/28/19 13:27,83.377,59.4,1738.7,70.716
8/28/19 13:27,83.377,59.4,1738.7,70.759
8/28/19 13:27,83.377,59.4,1738.7,70.759
8/28/19 13:27,83.377,59.4,1738.7,70.716
8/28/19 13:27,83.377,59.5,1736.2,70.716
8/28/19 13:27,83.422,59.6,1738.7,70.716
8/28/19 13:27,83.422,59.6,1736.2,70.716
8/28/19 13:28,83.422,59.5,1736.2,70.716
8/28/19 13:28,83.422,59.4,1738.7,70.716
8/28/19 13:28,83.422,59.2,1738.7,70.716
8/28/19 13:28,83.422,59.2,1736.2,70.716
8/28/19 13:28,83.422,59.2,1738.7,70.716
8/28/19 13:28,83.467,59.4,1741.2,70.716
8/28/19 13:28,83.467,59.5,1736.2,70.716
8/28/19 13:28,83.467,59.6,1736.2,70.716
8/28/19 13:28,83.467,59.7,1738.7,70.716
8/28/19 13:28,83.467,59.8,1733.7,70.759
8/28/19 13:28,83.511,59.8,1736.2,70.759
8/28/19 13:28,83.511,59.9,1736.2,70.759
8/28/19 13:28,83.511,60,1738.7,70.759
8/28/19 13:28,83.511,60,1736.2,70.716
8/28/19 13:28,83.556,60,1736.2,70.716
8/28/19 13:28,83.556,59.9,1738.7,70.716
8/28/19 13:28,83.556,59.8,1736.2,70.759
8/28/19 13:28,83.556,59.7,1738.7,70.759
8/28/19 13:28,83.556,59.5,1738.7,70.716
8/28/19 13:28,83.601,59.3,1738.7,70.759
8/28/19 13:28,83.601,58.9,1736.2,70.759
8/28/19 13:28,83.601,58.6,1738.7,70.759
8/28/19 13:28,83.601,58.4,1738.7,70.759
8/28/19 13:28,83.601,58.2,1736.2,70.759
8/28/19 13:28,83.601,58,1736.2,70.759
8/28/19 13:28,83.601,57.9,1738.7,70.759
8/28/19 13:28,83.601,57.7,1736.2,70.759
8/28/19 13:28,83.601,57.5,1741.2,70.759
8/28/19 13:28,83.601,57.3,1738.7,70.759
8/28/19 13:28,83.601,57,1738.7,70.759
8/28/19 13:28,83.601,57,1738.7,70.759
8/28/19 13:28,83.601,56.9,1738.7,70.759
8/28/19 13:28,83.601,56.9,1738.7,70.759
8/28/19 13:28,83.601,56.9,1738.7,70.759
8/28/19 13:28,83.601,56.9,1738.7,70.759
8/28/19 13:28,83.601,56.9,1738.7,70.759
8/28/19 13:28,83.601,56.7,1741.2,70.759
8/28/19 13:28,83.601,56.6,1736.2,70.759
8/28/19 13:28,83.601,56.4,1738.7,70.759
8/28/19 13:28,83.601,56.5,1738.7,70.759
8/28/19 13:28,83.601,56.5,1738.7,70.759
8/28/19 13:28,83.556,56.4,1738.7,70.759
8/28/19 13:28,83.556,56.4,1736.2,70.759
8/28/19 13:28,83.556,56.5,1738.7,70.759
8/28/19 13:28,83.556,56.4,1738.7,70.759
8/28/19 13:28,83.556,56.2,1738.7,70.759
8/28/19 13:28,83.556,56.1,1738.7,70.759
8/28/19 13:28,83.511,56,1736.2,70.759
8/28/19 13:28,83.511,56,1741.2,70.759
8/28/19 13:28,83.511,56,1738.7,70.759
8/28/19 13:28,83.511,56.1,1736.2,70.759
8/28/19 13:28,83.511,56.1,1738.7,70.759
8/28/19 13:28,83.511,56.3,1741.2,70.759
8/28/19 13:28,83.467,56.5,1736.2,70.759
8/28/19 13:28,83.467,56.6,1738.7,70.759
8/28/19 13:28,83.467,56.7,1738.7,70.759
8/28/19 13:28,83.467,56.8,1741.2,70.759
8/28/19 13:28,83.467,57,1736.2,70.759
8/28/19 13:28,83.422,57.1,1738.7,70.759
8/28/19 13:28,83.422,57.3,1738.7,70.759
8/28/19 13:29,83.422,57.4,1741.2,70.759
8/28/19 13:29,83.422,57.4,1741.2,70.759
8/28/19 13:29,83.422,57.3,1741.2,70.759
8/28/19 13:29,83.422,57.3,1741.2,70.759
8/28/19 13:29,83.422,57.4,1736.2,70.759
8/28/19 13:29,83.422,57.4,1738.7,70.759
8/28/19 13:29,83.422,57.6,1738.7,70.759
8/28/19 13:29,83.422,57.6,1738.7,70.759
8/28/19 13:29,83.422,57.7,1738.7,70.759
8/28/19 13:29,83.422,57.8,1738.7,70.759
8/28/19 13:29,83.422,57.8,1738.7,70.759
8/28/19 13:29,83.422,57.7,1738.7,70.759
8/28/19 13:29,83.422,57.6,1738.7,70.759
8/28/19 13:29,83.422,57.6,1741.2,70.759
8/28/19 13:29,83.422,57.6,1738.7,70.759
8/28/19 13:29,83.422,57.5,1738.7,70.759
8/28/19 13:29,83.422,57.3,1738.7,70.759
8/28/19 13:29,83.422,57,1743.7,70.759
8/28/19 13:29,83.422,57,1738.7,70.759
8/28/19 13:29,83.422,56.8,1738.7,70.759
8/28/19 13:29,83.422,56.7,1738.7,70.759
8/28/19 13:29,83.422,56.6,1733.7,70.759
8/28/19 13:29,83.422,56.6,1733.7,70.759
8/28/19 13:29,83.422,56.6,1736.2,70.759
8/28/19 13:29,83.422,56.7,1738.7,70.759
8/28/19 13:29,83.422,56.7,1736.2,70.759
8/28/19 13:29,83.377,56.8,1733.7,70.759
8/28/19 13:29,83.377,56.9,1731.2,70.759
8/28/19 13:29,83.377,57,1733.7,70.759
8/28/19 13:29,83.377,57,1733.7,70.759
8/28/19 13:29,83.377,57.1,1731.2,70.759
8/28/19 13:29,83.377,57.1,1731.2,70.759
8/28/19 13:29,83.377,57.1,1731.2,70.759
8/28/19 13:29,83.377,57.1,1731.2,70.759
8/28/19 13:29,83.377,56.9,1731.2,70.759
8/28/19 13:29,83.377,56.7,1731.2,70.759
8/28/19 13:29,83.377,56.6,1728.7,70.759
8/28/19 13:29,83.377,56.5,1731.2,70.759
8/28/19 13:29,83.377,56.5,1728.7,70.759
8/28/19 13:29,83.377,56.5,1731.2,70.759
8/28/19 13:29,83.377,56.5,1728.7,70.759
8/28/19 13:29,83.377,56.6,1731.2,70.759
8/28/19 13:29,83.377,56.7,1731.2,70.759
8/28/19 13:29,83.377,56.7,1731.2,70.759
8/28/19 13:29,83.377,56.7,1731.2,70.759
8/28/19 13:29,83.332,56.7,1731.2,70.759
8/28/19 13:29,83.377,56.7,1733.7,70.759
8/28/19 13:29,83.332,56.7,1733.7,70.759
8/28/19 13:29,83.377,56.7,1731.2,70.759
8/28/19 13:29,83.332,56.6,1731.2,70.759
8/28/19 13:29,83.332,56.7,1731.2,70.759
8/28/19 13:29,83.332,56.7,1731.2,70.759
8/28/19 13:29,83.332,56.7,1733.7,70.803
8/28/19 13:29,83.332,56.6,1733.7,70.759
8/28/19 13:29,83.332,56.4,1731.2,70.759
8/28/19 13:29,83.332,56.3,1731.2,70.759
8/28/19 13:29,83.332,56.1,1733.7,70.759
8/28/19 13:29,83.332,56,1731.2,70.759
8/28/19 13:29,83.332,55.7,1731.2,70.759
8/28/19 13:29,83.332,55.7,1733.7,70.759
8/28/19 13:30,83.332,55.7,1731.2,70.759
8/28/19 13:30,83.287,55.7,1731.2,70.759
8/28/19 13:30,83.287,55.6,1731.2,70.759
8/28/19 13:30,83.287,55.6,1731.2,70.759
8/28/19 13:30,83.287,55.6,1733.7,70.803
8/28/19 13:30,83.287,55.7,1733.7,70.759
8/28/19 13:30,83.287,55.7,1733.7,70.759
8/28/19 13:30,83.287,55.9,1733.7,70.759
8/28/19 13:30,83.287,56,1733.7,70.759
8/28/19 13:30,83.287,56.2,1733.7,70.759
8/28/19 13:30,83.242,56.3,1733.7,70.759
8/28/19 13:30,83.242,56.4,1731.2,70.803
8/28/19 13:30,83.242,56.5,1733.7,70.803
8/28/19 13:30,83.242,56.7,1731.2,70.803
8/28/19 13:30,83.242,56.7,1733.7,70.803
8/28/19 13:30,83.242,56.8,1733.7,70.803
8/28/19 13:30,83.242,56.9,1736.2,70.759
8/28/19 13:30,83.242,56.9,1733.7,70.803
8/28/19 13:30,83.242,57.1,1736.2,70.803
8/28/19 13:30,83.242,57.2,1738.7,70.759
8/28/19 13:30,83.242,57.3,1736.2,70.803
8/28/19 13:30,83.242,57.5,1736.2,70.803
8/28/19 13:30,83.287,57.6,1736.2,70.803
8/28/19 13:30,83.242,57.6,1733.7,70.759
8/28/19 13:30,83.287,57.6,1736.2,70.803
8/28/19 13:30,83.287,57.5,1736.2,70.803
8/28/19 13:30,83.287,57.5,1731.2,70.803
8/28/19 13:30,83.287,57.5,1736.2,70.803
8/28/19 13:30,83.287,57.6,1736.2,70.803
8/28/19 13:30,83.287,57.8,1736.2,70.803
8/28/19 13:30,83.287,57.8,1736.2,70.803
8/28/19 13:30,83.287,57.8,1738.7,70.803
8/28/19 13:30,83.287,57.7,1738.7,70.803
8/28/19 13:30,83.287,57.6,1738.7,70.803
8/28/19 13:30,83.287,57.7,1736.2,70.803
8/28/19 13:30,83.287,57.5,1736.2,70.803
8/28/19 13:30,83.287,57.4,1738.7,70.803
8/28/19 13:30,83.287,57,1738.7,70.803
8/28/19 13:30,83.287,57,1738.7,70.803
8/28/19 13:30,83.287,57,1738.7,70.803
8/28/19 13:30,83.287,56.9,1738.7,70.803
8/28/19 13:30,83.287,56.7,1736.2,70.803
8/28/19 13:30,83.287,56.7,1738.7,70.803
8/28/19 13:30,83.287,56.8,1741.2,70.803
8/28/19 13:30,83.287,56.9,1736.2,70.803
8/28/19 13:30,83.287,56.9,1736.2,70.803
8/28/19 13:30,83.287,57,1738.7,70.803
8/28/19 13:30,83.287,57,1738.7,70.803
8/28/19 13:30,83.242,57.1,1738.7,70.803
8/28/19 13:30,83.242,57.2,1741.2,70.803
8/28/19 13:30,83.242,57.3,1741.2,70.803
8/28/19 13:30,83.242,57.3,1738.7,70.803
8/28/19 13:30,83.242,57.3,1738.7,70.803
8/28/19 13:30,83.242,57.3,1738.7,70.803
8/28/19 13:30,83.242,57.4,1738.7,70.803
8/28/19 13:30,83.242,57.5,1741.2,70.803
8/28/19 13:30,83.242,57.5,1741.2,70.803
8/28/19 13:30,83.242,57.6,1741.2,70.803
8/28/19 13:30,83.242,57.5,1741.2,70.803
8/28/19 13:30,83.242,57.5,1741.2,70.803
8/28/19 13:31,83.242,57.3,1741.2,70.803
8/28/19 13:31,83.242,57.3,1741.2,70.803
8/28/19 13:31,83.242,57.2,1741.2,70.803
8/28/19 13:31,83.242,57.2,1741.2,70.803
8/28/19 13:31,83.242,57,1741.2,70.803
8/28/19 13:31,83.242,57,1741.2,70.803
8/28/19 13:31,83.242,56.7,1741.2,70.803
8/28/19 13:31,83.199,56.4,1743.7,70.803
8/28/19 13:31,83.242,56.2,1743.7,70.803
8/28/19 13:31,83.199,55.9,1743.7,70.803
8/28/19 13:31,83.199,55.7,1743.7,70.803
8/28/19 13:31,83.199,55.5,1743.7,70.803
8/28/19 13:31,83.199,55.4,1743.7,70.803
8/28/19 13:31,83.199,55.2,1743.7,70.803
8/28/19 13:31,83.154,55.1,1743.7,70.803
8/28/19 13:31,83.154,55,1743.7,70.803
8/28/19 13:31,83.154,54.9,1743.7,70.803
8/28/19 13:31,83.154,55,1746.2,70.803
8/28/19 13:31,83.109,55.1,1743.7,70.803
8/28/19 13:31,83.109,55.2,1748.7,70.803
8/28/19 13:31,83.109,55.2,1746.2,70.803
8/28/19 13:31,83.109,55.2,1748.7,70.803
8/28/19 13:31,83.064,55.3,1748.7,70.803
8/28/19 13:31,83.064,55.4,1746.2,70.803
8/28/19 13:31,83.064,55.5,1748.7,70.803
8/28/19 13:31,83.064,55.6,1748.7,70.803
8/28/19 13:31,83.021,55.6,1748.7,70.803
8/28/19 13:31,83.021,55.5,1748.7,70.803
8/28/19 13:31,83.021,55.4,1748.7,70.803
8/28/19 13:31,83.021,55.4,1751.2,70.803
8/28/19 13:31,83.021,55.5,1751.2,70.803
8/28/19 13:31,83.021,55.7,1751.2,70.803
8/28/19 13:31,82.976,55.8,1751.2,70.803
8/28/19 13:31,83.021,55.9,1751.2,70.803
8/28/19 13:31,82.976,55.9,1753.7,70.803
8/28/19 13:31,82.976,55.9,1756.2,70.803
8/28/19 13:31,82.976,56,1753.7,70.803
8/28/19 13:31,82.976,56.1,1756.2,70.803
8/28/19 13:31,82.976,56.2,1753.7,70.803
8/28/19 13:31,82.976,56.2,1753.7,70.803
8/28/19 13:31,82.976,56.3,1751.2,70.803
8/28/19 13:31,82.976,56.4,1751.2,70.803
8/28/19 13:31,82.976,56.3,1748.7,70.803
8/28/19 13:31,82.976,56.4,1753.7,70.803
8/28/19 13:31,82.976,56.6,1756.2,70.803
8/28/19 13:31,82.976,56.7,1758.7,70.803
8/28/19 13:31,82.976,56.8,1761.2,70.803
8/28/19 13:31,82.976,56.9,1763.7,70.803
8/28/19 13:31,82.976,56.9,1763.7,70.803
8/28/19 13:31,82.976,57,1766.2,70.803
8/28/19 13:31,82.976,56.8,1763.7,70.803
8/28/19 13:31,82.976,56.8,1763.7,70.803
8/28/19 13:31,82.976,56.8,1758.7,70.803
8/28/19 13:31,82.976,56.8,1763.7,70.803
8/28/19 13:31,82.976,56.9,1766.2,70.803
8/28/19 13:31,82.976,57,1773.7,70.803
8/28/19 13:31,82.976,57,1761.2,70.803
8/28/19 13:31,82.976,57.2,1756.2,70.803
8/28/19 13:31,82.976,57.4,1748.7,70.803
8/28/19 13:31,82.976,57.5,1733.7,70.803
8/28/19 13:32,82.976,57.5,1726.2,70.803
8/28/19 13:32,82.976,57.7,1726.2,70.803
8/28/19 13:32,82.976,57.8,1731.2,70.803
8/28/19 13:32,82.976,57.8,1718.7,70.803
8/28/19 13:32,82.976,57.7,1703.7,70.803
8/28/19 13:32,82.976,57.5,1686.2,70.803
8/28/19 13:32,82.976,57.5,1676.2,70.803
8/28/19 13:32,82.976,57.5,1656.2,70.803
8/28/19 13:32,82.976,57.5,1636.2,70.803
8/28/19 13:32,82.976,57.5,1638.7,70.803
8/28/19 13:32,82.976,57.7,1656.2,70.803
8/28/19 13:32,82.976,57.9,1673.7,70.803
8/28/19 13:32,82.976,58,1678.7,70.803
8/28/19 13:32,83.021,58,1693.7,70.803
8/28/19 13:32,83.021,57.9,1683.7,70.803
8/28/19 13:32,83.021,57.8,1681.2,70.803
8/28/19 13:32,83.021,57.6,1678.7,70.803
8/28/19 13:32,83.021,57.5,1681.2,70.803
8/28/19 13:32,83.021,57.5,1693.7,70.803
8/28/19 13:32,83.021,57.4,1696.2,70.803
8/28/19 13:32,83.021,57.4,1696.2,70.803
8/28/19 13:32,83.021,57.3,1691.2,70.803
8/28/19 13:32,83.021,57.2,1691.2,70.803
8/28/19 13:32,83.021,57.1,1693.7,70.846
8/28/19 13:32,83.021,57,1693.7,70.846
8/28/19 13:32,83.021,57,1696.2,70.803
8/28/19 13:32,83.021,57,1698.7,70.803
8/28/19 13:32,83.021,57,1681.2,70.803
8/28/19 13:32,83.021,57,1668.7,70.803
8/28/19 13:32,83.021,57,1666.2,70.803
8/28/19 13:32,83.021,57,1661.2,70.803
8/28/19 13:32,83.021,57.1,1656.2,70.846
8/28/19 13:32,83.021,57.2,1656.2,70.846
8/28/19 13:32,83.021,57.4,1658.7,70.846
8/28/19 13:32,83.021,57.5,1661.2,70.846
8/28/19 13:32,83.021,57.5,1666.2,70.803
8/28/19 13:32,83.021,57.6,1663.7,70.803
8/28/19 13:32,83.021,57.8,431.2,70.846
8/28/19 13:32,83.021,57.9,1551.2,70.803
8/28/19 13:32,83.021,58,1608.7,70.846
8/28/19 13:32,83.021,58.1,1586.2,70.846
8/28/19 13:32,83.021,58.1,1578.7,70.803
8/28/19 13:32,83.064,58.3,1581.2,70.846
8/28/19 13:32,83.064,58.4,1606.2,70.803
8/28/19 13:32,83.064,58.5,1606.2,70.846
8/28/19 13:32,83.064,58.5,1583.7,70.846
8/28/19 13:32,83.064,58.5,1566.2,70.846
8/28/19 13:32,83.064,58.4,1543.7,70.846
8/28/19 13:32,83.064,58.4,1531.2,70.846
8/28/19 13:32,83.064,58.5,1526.2,70.846
8/28/19 13:32,83.064,58.4,1518.7,70.846
8/28/19 13:32,83.064,58.4,1518.7,70.846
8/28/19 13:32,83.064,58.3,1521.2,70.846
8/28/19 13:32,83.064,58.4,1531.2,70.846
8/28/19 13:32,83.064,58.3,1493.7,70.803
8/28/19 13:32,83.109,58.3,1566.2,70.846
8/28/19 13:32,83.109,58.2,1598.7,70.846
8/28/19 13:32,83.064,58.3,1618.7,70.846
8/28/19 13:32,83.109,58.1,1626.2,70.846
8/28/19 13:32,83.109,58.2,1636.2,70.846
8/28/19 13:33,83.109,58.3,1646.2,70.846
8/28/19 13:33,83.109,58.3,1631.2,70.846
8/28/19 13:33,83.109,58.3,1601.2,70.846
8/28/19 13:33,83.109,58.3,1563.7,70.846
8/28/19 13:33,83.109,58.3,1518.7,70.846
8/28/19 13:33,83.109,58.3,1471.2,70.846
8/28/19 13:33,83.109,58.3,1431.2,70.846
8/28/19 13:33,83.109,58.3,1448.7,70.846
8/28/19 13:33,83.109,58.4,1473.7,70.846
8/28/19 13:33,83.109,58.5,1471.2,70.846
8/28/19 13:33,83.109,58.6,1456.2,70.846
8/28/19 13:33,83.109,58.6,1426.2,70.846
8/28/19 13:33,83.109,58.7,1388.7,70.846
8/28/19 13:33,83.109,58.7,1338.7,70.846
8/28/19 13:33,83.109,58.8,1288.7,70.846
8/28/19 13:33,83.154,58.9,1293.7,70.846
8/28/19 13:33,83.154,59,1341.2,70.846
8/28/19 13:33,83.154,59.1,1391.2,70.846
8/28/19 13:33,83.154,59.2,1428.7,70.846
8/28/19 13:33,83.154,59.1,1433.7,70.846
8/28/19 13:33,83.154,58.9,1396.2,70.846
8/28/19 13:33,83.154,58.7,1373.7,70.846
8/28/19 13:33,83.154,58.6,1383.7,70.846
8/28/19 13:33,83.154,58.3,1411.2,70.846
8/28/19 13:33,83.199,58.2,1436.2,70.846
8/28/19 13:33,83.199,58.1,1446.2,70.846
8/28/19 13:33,83.154,58.2,1458.7,70.846
8/28/19 13:33,83.199,58.1,1486.2,70.846
8/28/19 13:33,83.199,58.2,1483.7,70.846
8/28/19 13:33,83.199,58.2,1476.2,70.846
8/28/19 13:33,83.199,58.2,1446.2,70.846
8/28/19 13:33,83.199,58.2,1406.2,70.846
8/28/19 13:33,83.199,58.3,1373.7,70.846
8/28/19 13:33,83.199,58.3,1358.7,70.846
8/28/19 13:33,83.199,58.3,1341.2,70.846
8/28/19 13:33,83.199,58.3,1333.7,70.846
8/28/19 13:33,83.199,58.3,1323.7,70.846
8/28/19 13:33,83.199,58.2,1308.7,70.846
8/28/19 13:33,83.199,58.2,1286.2,70.846
8/28/19 13:33,83.199,57.9,1276.2,70.846
8/28/19 13:33,83.199,57.6,1281.2,70.846
8/28/19 13:33,83.199,57.5,1308.7,70.846
8/28/19 13:33,83.199,57.3,1341.2,70.846
8/28/19 13:33,83.199,57.1,1368.7,70.846
8/28/19 13:33,83.199,57,1378.7,70.846
8/28/19 13:33,83.199,56.7,1368.7,70.846
8/28/19 13:33,83.199,56.6,1356.2,70.846
8/28/19 13:33,83.199,56.5,1351.2,70.846
8/28/19 13:33,83.199,56.5,1356.2,70.846
8/28/19 13:33,83.199,56.5,1363.7,70.846
8/28/19 13:33,83.154,56.5,1361.2,70.846
8/28/19 13:33,83.154,56.6,1353.7,70.846
8/28/19 13:33,83.154,56.6,1353.7,70.846
8/28/19 13:33,83.154,56.7,1366.2,70.846
8/28/19 13:33,83.154,56.6,1386.2,70.846
8/28/19 13:33,83.154,56.6,1383.7,70.846
8/28/19 13:33,83.154,56.6,1306.2,70.846
8/28/19 13:33,83.154,56.6,1226.2,70.846
8/28/19 13:33,83.154,56.6,1216.2,70.846
8/28/19 13:33,83.154,56.6,1316.2,70.846
8/28/19 13:34,83.154,56.7,1366.2,70.846
8/28/19 13:34,83.109,56.8,1333.7,70.846
8/28/19 13:34,83.109,56.9,1243.7,70.846
8/28/19 13:34,83.109,56.9,1203.7,70.846
8/28/19 13:34,83.109,57,1231.2,70.846
8/28/19 13:34,83.109,57,1303.7,70.846
8/28/19 13:34,83.109,57,1376.2,70.846
8/28/19 13:34,83.109,57,1446.2,70.846
8/28/19 13:34,83.109,56.9,1458.7,70.846
8/28/19 13:34,83.064,57,1416.2,70.846
8/28/19 13:34,83.064,57.1,1361.2,70.846
8/28/19 13:34,83.064,57.3,1318.7,70.846
8/28/19 13:34,83.064,57.3,1303.7,70.846
8/28/19 13:34,83.064,57.2,1313.7,70.846
8/28/19 13:34,83.064,57.1,1313.7,70.846
8/28/19 13:34,83.064,57,1313.7,70.846
8/28/19 13:34,83.021,56.9,1331.2,70.846
8/28/19 13:34,83.021,56.9,1338.7,70.846
8/28/19 13:34,83.021,56.9,1328.7,70.846
8/28/19 13:34,83.021,56.9,1291.2,70.846
8/28/19 13:34,83.021,56.9,1243.7,70.846
8/28/19 13:34,83.021,57.1,1228.7,70.846
8/28/19 13:34,82.976,57.3,1248.7,70.846
8/28/19 13:34,82.976,57.4,1283.7,70.846
8/28/19 13:34,82.976,57.5,1303.7,70.846
8/28/19 13:34,82.976,57.7,1296.2,70.846
8/28/19 13:34,82.976,57.8,1308.7,70.846
8/28/19 13:34,82.976,57.8,1311.2,70.846
8/28/19 13:34,82.976,57.9,1288.7,70.846
8/28/19 13:34,82.976,57.9,1261.2,70.846
8/28/19 13:34,82.976,57.9,1258.7,70.846
8/28/19 13:34,82.976,58,1261.2,70.846
8/28/19 13:34,82.976,58,1268.7,70.846
8/28/19 13:34,82.931,57.9,1286.2,70.846
8/28/19 13:34,82.976,57.9,1346.2,70.846
8/28/19 13:34,82.931,57.9,1428.7,70.846
8/28/19 13:34,82.931,57.8,1476.2,70.846
8/28/19 13:34,82.931,57.9,1491.2,70.846
8/28/19 13:34,82.931,57.9,1446.2,70.846
8/28/19 13:34,82.931,58,1408.7,70.846
8/28/19 13:34,82.931,58,1396.2,70.846
8/28/19 13:34,82.931,58,1416.2,70.846
8/28/19 13:34,82.931,58,1438.7,70.846
8/28/19 13:34,82.931,58,1458.7,70.846
8/28/19 13:34,82.931,58.1,1486.2,70.846
8/28/19 13:34,82.931,58.1,1531.2,70.846
8/28/19 13:34,82.931,58.1,1551.2,70.846
8/28/19 13:34,82.931,58,1538.7,70.846
8/28/19 13:34,82.931,58.1,1521.2,70.846
8/28/19 13:34,82.931,58,1521.2,70.846
8/28/19 13:34,82.931,57.9,1518.7,70.846
8/28/19 13:34,82.931,57.9,1506.2,70.846
8/28/19 13:34,82.931,57.8,1483.7,70.846
8/28/19 13:34,82.931,57.8,1456.2,70.846
8/28/19 13:34,82.886,57.8,1443.7,70.846
8/28/19 13:34,82.886,57.8,1438.7,70.846
8/28/19 13:34,82.886,57.9,1448.7,70.846
8/28/19 13:34,82.886,57.9,1463.7,70.846
8/28/19 13:34,82.886,57.9,1466.2,70.846
8/28/19 13:34,82.886,58,1471.2,70.846
8/28/19 13:35,82.886,58.1,1473.7,70.887
8/28/19 13:35,82.886,58.1,1478.7,70.846
8/28/19 13:35,82.886,58,1501.2,70.846
8/28/19 13:35,82.886,58.1,1521.2,70.846
8/28/19 13:35,82.886,58.1,1528.7,70.887
8/28/19 13:35,82.886,58.2,1526.2,70.846
8/28/19 13:35,82.886,58.2,1516.2,70.846
8/28/19 13:35,82.886,58.2,1523.7,70.846
8/28/19 13:35,82.841,58.1,1538.7,70.846
8/28/19 13:35,82.841,57.9,1558.7,70.846
8/28/19 13:35,82.841,57.7,1571.2,70.846
8/28/19 13:35,82.841,57.5,1566.2,70.846
8/28/19 13:35,82.841,57.2,1563.7,70.887
8/28/19 13:35,82.841,57,1568.7,70.887
8/28/19 13:35,82.841,56.9,1583.7,70.846
8/28/19 13:35,82.841,56.9,1601.2,70.887
8/28/19 13:35,82.841,56.8,1628.7,70.846
8/28/19 13:35,82.841,56.8,1651.2,70.887
8/28/19 13:35,82.798,56.8,1666.2,70.846
8/28/19 13:35,82.798,56.7,1666.2,70.846
8/28/19 13:35,82.798,56.6,1671.2,70.846
8/28/19 13:35,82.798,56.5,1683.7,70.887
8/28/19 13:35,82.798,56.4,1706.2,70.887
8/28/19 13:35,82.798,56.4,1726.2,70.887
8/28/19 13:35,82.798,56.5,1746.2,70.887
8/28/19 13:35,82.753,56.7,1753.7,70.887
8/28/19 13:35,82.753,56.9,1763.7,70.846
8/28/19 13:35,82.753,57.1,1771.2,70.887
8/28/19 13:35,82.753,57.3,1768.7,70.887
8/28/19 13:35,82.753,57.5,1768.7,70.887
8/28/19 13:35,82.753,57.6,1766.2,70.887
8/28/19 13:35,82.753,57.7,1763.7,70.887
8/28/19 13:35,82.753,57.8,1763.7,70.887
8/28/19 13:35,82.753,57.8,1763.7,70.887
8/28/19 13:35,82.753,57.9,1761.2,70.887
8/28/19 13:35,82.753,57.9,1763.7,70.887
8/28/19 13:35,82.753,57.9,1763.7,70.887
8/28/19 13:35,82.798,57.9,1758.7,70.887
8/28/19 13:35,82.753,57.9,1756.2,70.846
8/28/19 13:35,82.753,57.9,1758.7,70.846
8/28/19 13:35,82.798,57.9,1756.2,70.887
8/28/19 13:35,82.798,57.9,1753.7,70.887
8/28/19 13:35,82.753,57.9,1748.7,70.887
8/28/19 13:35,82.798,57.9,1748.7,70.887
8/28/19 13:35,82.798,58,1743.7,70.846
8/28/19 13:35,82.798,58.1,1746.2,70.887
8/28/19 13:35,82.798,58.1,1741.2,70.887
8/28/19 13:35,82.798,58.2,1728.7,70.887
8/28/19 13:35,82.798,58.4,1718.7,70.887
8/28/19 13:35,82.798,58.5,1713.7,70.887
8/28/19 13:35,82.798,58.6,1701.2,70.887
8/28/19 13:35,82.798,58.6,1693.7,70.887
8/28/19 13:35,82.798,58.7,1686.2,70.887
8/28/19 13:35,82.798,58.8,1686.2,70.887
8/28/19 13:35,82.798,59,1683.7,70.887
8/28/19 13:35,82.841,59.2,1688.7,70.887
8/28/19 13:35,82.841,59.1,1693.7,70.887
8/28/19 13:35,82.841,59.2,1706.2,70.887
8/28/19 13:35,82.841,59.3,1716.2,70.887
8/28/19 13:35,82.841,59.3,1716.2,70.887
8/28/19 13:36,82.841,59.4,1721.2,70.887
8/28/19 13:36,82.841,59.4,1723.7,70.887
8/28/19 13:36,82.886,59.6,1733.7,70.887
8/28/19 13:36,82.886,59.6,1738.7,70.887
8/28/19 13:36,82.886,59.9,1738.7,70.887
8/28/19 13:36,82.886,60.1,1743.7,70.887
8/28/19 13:36,82.886,60.1,1746.2,70.887
8/28/19 13:36,82.931,60.4,1741.2,70.887
8/28/19 13:36,82.931,60.4,1738.7,70.887
8/28/19 13:36,82.931,60.4,1733.7,70.887
8/28/19 13:36,82.931,60.4,1731.2,70.887
8/28/19 13:36,82.931,60.4,1723.7,70.887
8/28/19 13:36,82.976,60.4,1721.2,70.887
8/28/19 13:36,82.976,60.4,1718.7,70.887
8/28/19 13:36,82.976,60.4,1721.2,70.887
8/28/19 13:36,82.976,60.4,1718.7,70.887
8/28/19 13:36,83.021,60.3,1706.2,70.887
8/28/19 13:36,83.021,60.3,1688.7,70.887
8/28/19 13:36,83.021,60.2,1683.7,70.887
8/28/19 13:36,83.021,60.2,1686.2,70.887
8/28/19 13:36,83.021,60.1,1683.7,70.887
8/28/19 13:36,83.064,60,1681.2,70.887
8/28/19 13:36,83.064,60,1678.7,70.887
8/28/19 13:36,83.064,59.8,1673.7,70.887
8/28/19 13:36,83.064,59.7,1671.2,70.887
8/28/19 13:36,83.109,59.6,1678.7,70.887
8/28/19 13:36,83.109,59.4,1693.7,70.887
8/28/19 13:36,83.109,59.3,1706.2,70.887
8/28/19 13:36,83.109,59.4,1708.7,70.887
8/28/19 13:36,83.109,59.5,1713.7,70.887
8/28/19 13:36,83.109,59.6,1713.7,70.887
8/28/19 13:36,83.109,59.8,1718.7,70.887
8/28/19 13:36,83.154,59.8,1721.2,70.887
8/28/19 13:36,83.154,59.7,1716.2,70.887
8/28/19 13:36,83.154,59.8,1721.2,70.887
8/28/19 13:36,83.154,59.9,1721.2,70.887
8/28/19 13:36,83.154,60,1726.2,70.887
8/28/19 13:36,83.154,60.1,1728.7,70.887
8/28/19 13:36,83.154,60.1,1731.2,70.887
8/28/19 13:36,83.199,59.9,1728.7,70.887
8/28/19 13:36,83.199,59.7,1731.2,70.887
8/28/19 13:36,83.199,59.4,1731.2,70.887
8/28/19 13:36,83.199,59.1,1733.7,70.887
8/28/19 13:36,83.199,58.7,1728.7,70.887
8/28/19 13:36,83.199,58.5,1726.2,70.887
8/28/19 13:36,83.199,58.2,1723.7,70.887
8/28/19 13:36,83.242,58.2,1726.2,70.887
8/28/19 13:36,83.199,58.1,1723.7,70.887
8/28/19 13:36,83.242,58,1728.7,70.887
8/28/19 13:36,83.242,57.9,1731.2,70.887
8/28/19 13:36,83.242,57.9,1736.2,70.887
8/28/19 13:36,83.199,57.9,1733.7,70.887
8/28/19 13:36,83.242,57.9,1733.7,70.887
8/28/19 13:36,83.242,58,1733.7,70.887
8/28/19 13:36,83.242,58.1,1736.2,70.887
8/28/19 13:36,83.242,58.1,1736.2,70.887
8/28/19 13:36,83.242,58.2,1736.2,70.887
8/28/19 13:36,83.199,58.2,1733.7,70.887
8/28/19 13:36,83.242,58.2,1733.7,70.887
8/28/19 13:36,83.242,58.3,1736.2,70.887
8/28/19 13:37,83.199,58.5,1733.7,70.887
8/28/19 13:37,83.242,58.5,1736.2,70.887
8/28/19 13:37,83.242,58.5,1733.7,70.887
8/28/19 13:37,83.242,58.4,1736.2,70.887
8/28/19 13:37,83.242,58.4,1741.2,70.887
8/28/19 13:37,83.242,58.5,1743.7,70.887
8/28/19 13:37,83.242,58.5,1741.2,70.887
8/28/19 13:37,83.242,58.5,1741.2,70.887
8/28/19 13:37,83.242,58.6,1746.2,70.887
8/28/19 13:37,83.242,58.6,1743.7,70.887
8/28/19 13:37,83.242,58.7,1743.7,70.887
8/28/19 13:37,83.242,58.6,1743.7,70.887
8/28/19 13:37,83.242,58.6,1741.2,70.887
8/28/19 13:37,83.242,58.5,1401.2,70.887
8/28/19 13:37,83.242,58.5,1741.2,70.887
8/28/19 13:37,83.242,58.6,1743.7,70.887
8/28/19 13:37,83.242,58.7,1743.7,70.887
8/28/19 13:37,83.242,58.7,1743.7,70.887
8/28/19 13:37,83.287,58.7,1743.7,70.887
8/28/19 13:37,83.287,58.7,1746.2,70.887
8/28/19 13:37,83.287,58.7,1743.7,70.887
8/28/19 13:37,83.287,58.7,1748.7,70.887
8/28/19 13:37,83.287,58.6,1746.2,70.887
8/28/19 13:37,83.287,58.5,1743.7,70.887
8/28/19 13:37,83.287,58.3,1746.2,70.887
8/28/19 13:37,83.287,58.2,1743.7,70.887
8/28/19 13:37,83.287,58.1,1746.2,70.887
8/28/19 13:37,83.287,58,1743.7,70.887
8/28/19 13:37,83.287,58,1743.7,70.887
8/28/19 13:37,83.287,58,1746.2,70.887
8/28/19 13:37,83.287,58,1743.7,70.887
8/28/19 13:37,83.287,58,1743.7,70.887
8/28/19 13:37,83.287,58,1743.7,70.887
8/28/19 13:37,83.287,57.9,1746.2,70.887
8/28/19 13:37,83.287,57.8,1746.2,70.887
8/28/19 13:37,83.287,57.7,1746.2,70.887
8/28/19 13:37,83.287,57.6,1746.2,70.887
8/28/19 13:37,83.287,57.5,1748.7,70.887
8/28/19 13:37,83.287,57.3,1746.2,70.887
8/28/19 13:37,83.287,57.2,1748.7,70.887
8/28/19 13:37,83.287,57.2,1748.7,70.887
8/28/19 13:37,83.287,57.3,1748.7,70.887
8/28/19 13:37,83.287,57.3,1748.7,70.887
8/28/19 13:37,83.287,57.3,1746.2,70.887
8/28/19 13:37,83.287,57.4,1746.2,70.887
8/28/19 13:37,83.287,57.4,1748.7,70.887
8/28/19 13:37,83.287,57.6,1751.2,70.887
8/28/19 13:37,83.287,57.6,1751.2,70.887
8/28/19 13:37,83.287,57.6,1748.7,70.887
8/28/19 13:37,83.287,57.7,1748.7,70.887
8/28/19 13:37,83.287,57.9,1751.2,70.887
8/28/19 13:37,83.287,58,1753.7,70.887
8/28/19 13:37,83.332,58.2,1751.2,70.887
8/28/19 13:37,83.287,58.2,1753.7,70.93
8/28/19 13:37,83.332,58.3,1753.7,70.887
8/28/19 13:37,83.332,58.3,1748.7,70.887
8/28/19 13:37,83.332,58.3,1743.7,70.887
8/28/19 13:37,83.332,58.4,1736.2,70.887
8/28/19 13:37,83.332,58.5,1731.2,70.887
8/28/19 13:37,83.332,58.6,1726.2,70.887
8/28/19 13:38,83.332,58.7,1723.7,70.887
8/28/19 13:38,83.332,58.7,1721.2,70.887
8/28/19 13:38,83.332,58.7,1716.2,70.887
8/28/19 13:38,83.377,58.8,1711.2,70.887
8/28/19 13:38,83.377,58.8,1706.2,70.887
8/28/19 13:38,83.377,58.8,1706.2,70.887
8/28/19 13:38,83.377,58.9,1706.2,70.887
8/28/19 13:38,83.377,59,1708.7,70.887
8/28/19 13:38,83.377,59.1,1713.7,70.887
8/28/19 13:38,83.377,59.2,1716.2,70.887
8/28/19 13:38,83.422,59.2,1721.2,70.887
8/28/19 13:38,83.422,59.3,1723.7,70.887
8/28/19 13:38,83.422,59.4,1723.7,70.887
8/28/19 13:38,83.422,59.4,1721.2,70.887
8/28/19 13:38,83.422,59.5,1721.2,70.93
8/28/19 13:38,83.467,59.6,1718.7,70.93
8/28/19 13:38,83.467,59.7,1718.7,70.887
8/28/19 13:38,83.467,59.7,1713.7,70.887
8/28/19 13:38,83.467,59.8,1711.2,70.887
8/28/19 13:38,83.467,59.7,1706.2,70.93
8/28/19 13:38,83.511,59.5,1706.2,70.93
8/28/19 13:38,83.511,59.3,1701.2,70.93
8/28/19 13:38,83.511,59.3,1696.2,70.93
8/28/19 13:38,83.511,59.2,1693.7,70.93
8/28/19 13:38,83.556,59.1,1691.2,70.93
8/28/19 13:38,83.556,59.1,1686.2,70.93
8/28/19 13:38,83.556,59.1,1688.7,70.93
8/28/19 13:38,83.556,59,1691.2,70.887
8/28/19 13:38,83.556,58.9,1693.7,70.93
8/28/19 13:38,83.556,58.8,1693.7,70.93
8/28/19 13:38,83.556,58.8,1696.2,70.93
8/28/19 13:38,83.556,58.8,1698.7,70.93
8/28/19 13:38,83.601,58.8,1701.2,70.93
8/28/19 13:38,83.601,58.7,1703.7,70.93
8/28/19 13:38,83.556,58.7,1706.2,70.93
8/28/19 13:38,83.601,58.7,1711.2,70.93
8/28/19 13:38,83.601,58.7,1711.2,70.93
8/28/19 13:38,83.601,58.7,1713.7,70.93
8/28/19 13:38,83.601,58.8,1713.7,70.93
8/28/19 13:38,83.601,58.8,1713.7,70.93
8/28/19 13:38,83.601,58.9,1713.7,70.93
8/28/19 13:38,83.601,58.9,1713.7,70.93
8/28/19 13:38,83.601,58.9,1713.7,70.93
8/28/19 13:38,83.646,58.9,1711.2,70.93
8/28/19 13:38,83.646,58.9,1711.2,70.93
8/28/19 13:38,83.646,58.9,1703.7,70.93
8/28/19 13:38,83.646,58.8,1703.7,70.93
8/28/19 13:38,83.646,58.8,1708.7,70.93
8/28/19 13:38,83.646,58.7,1711.2,70.93
8/28/19 13:38,83.646,58.7,1606.2,70.93
8/28/19 13:38,83.646,58.6,1718.7,70.93
8/28/19 13:38,83.646,58.5,1721.2,70.93
8/28/19 13:38,83.646,58.4,1721.2,70.93
8/28/19 13:38,83.646,58.3,1718.7,70.93
8/28/19 13:38,83.646,58.2,1716.2,70.93
8/28/19 13:38,83.646,58.2,1716.2,70.93
8/28/19 13:38,83.646,58.2,1716.2,70.93
8/28/19 13:38,83.646,58.2,1716.2,70.93
8/28/19 13:38,83.646,58.2,1716.2,70.93
8/28/19 13:38,83.646,58.2,1716.2,70.93
8/28/19 13:39,83.646,58.2,1721.2,70.93
8/28/19 13:39,83.646,58.2,1726.2,70.93
8/28/19 13:39,83.646,58.3,1733.7,70.93
8/28/19 13:39,83.646,58.3,1738.7,70.93
8/28/19 13:39,83.646,58.4,1741.2,70.93
8/28/19 13:39,83.646,58.5,1743.7,70.93
8/28/19 13:39,83.646,58.6,1748.7,70.93
8/28/19 13:39,83.646,58.6,1746.2,70.93
8/28/19 13:39,83.646,58.7,1746.2,70.93
8/28/19 13:39,83.646,58.7,1743.7,70.93
8/28/19 13:39,83.691,58.7,1743.7,70.93
8/28/19 13:39,83.646,58.7,1743.7,70.93
8/28/19 13:39,83.646,58.7,1743.7,70.93
8/28/19 13:39,83.691,58.7,1746.2,70.93
8/28/19 13:39,83.691,58.8,1748.7,70.93
8/28/19 13:39,83.691,58.8,1748.7,70.93
8/28/19 13:39,83.691,58.8,1746.2,70.93
8/28/19 13:39,83.691,58.7,1741.2,70.93
8/28/19 13:39,83.691,58.7,1736.2,70.93
8/28/19 13:39,83.691,58.6,1728.7,70.93
8/28/19 13:39,83.691,58.3,1723.7,70.93
8/28/19 13:39,83.691,58.2,1716.2,70.93
8/28/19 13:39,83.691,58.1,1711.2,70.93
8/28/19 13:39,83.691,58.1,1708.7,70.93
8/28/19 13:39,83.691,58,1708.7,70.93
8/28/19 13:39,83.691,57.9,1713.7,70.93
8/28/19 13:39,83.691,57.7,1716.2,70.93
8/28/19 13:39,83.691,57.7,1723.7,70.93
8/28/19 13:39,83.691,57.6,1731.2,70.93
8/28/19 13:39,83.691,57.5,1731.2,70.93
8/28/19 13:39,83.646,57.3,1733.7,70.93
8/28/19 13:39,83.646,57.2,1733.7,70.93
8/28/19 13:39,83.646,57.1,1736.2,70.93
8/28/19 13:39,83.646,57.1,1736.2,70.93
8/28/19 13:39,83.646,57,1746.2,70.93
8/28/19 13:39,83.646,57,1756.2,70.93
8/28/19 13:39,83.646,56.8,1761.2,70.93
8/28/19 13:39,83.646,56.6,1768.7,70.93
8/28/19 13:39,83.646,56.4,1768.7,70.93
8/28/19 13:39,83.646,56.4,1766.2,70.93
8/28/19 13:39,83.601,56.3,1756.2,70.93
8/28/19 13:39,83.601,56.3,1751.2,70.93
8/28/19 13:39,83.601,56.3,1746.2,70.93
8/28/19 13:39,83.601,56.3,1743.7,70.93
8/28/19 13:39,83.601,56.3,1743.7,70.93
8/28/19 13:39,83.601,56.3,1743.7,70.93
8/28/19 13:39,83.556,56.3,1741.2,70.93
8/28/19 13:39,83.556,56.3,1743.7,70.93
8/28/19 13:39,83.556,56.4,1748.7,70.93
8/28/19 13:39,83.556,56.5,1751.2,70.93
8/28/19 13:39,83.556,56.5,1746.2,70.93
8/28/19 13:39,83.556,56.7,1741.2,70.93
8/28/19 13:39,83.556,56.9,1736.2,70.93
8/28/19 13:39,83.511,57.1,1731.2,70.93
8/28/19 13:39,83.511,57,1726.2,70.93
8/28/19 13:39,83.511,57,1721.2,70.93
8/28/19 13:39,83.511,57.1,1723.7,70.93
8/28/19 13:39,83.511,57.1,1723.7,70.93
8/28/19 13:39,83.511,57.2,1723.7,70.93
8/28/19 13:39,83.511,57.2,1718.7,70.93
8/28/19 13:40,83.511,57.3,1713.7,70.93
8/28/19 13:40,83.511,57.3,1701.2,70.93
8/28/19 13:40,83.511,57.3,1698.7,70.93
8/28/19 13:40,83.467,57.4,1698.7,70.93
8/28/19 13:40,83.467,57.4,1696.2,70.93
8/28/19 13:40,83.467,57.5,1698.7,70.93
8/28/19 13:40,83.467,57.6,1701.2,70.93
8/28/19 13:40,83.467,57.6,1706.2,70.93
8/28/19 13:40,83.467,57.6,1706.2,70.93
8/28/19 13:40,83.467,57.8,1701.2,70.93
8/28/19 13:40,83.467,58,1698.7,70.93
8/28/19 13:40,83.467,58.2,1693.7,70.93
8/28/19 13:40,83.467,58.3,1688.7,70.93
8/28/19 13:40,83.467,58.5,1686.2,70.93
8/28/19 13:40,83.467,58.6,1668.7,70.93
8/28/19 13:40,83.467,58.6,1643.7,70.93
8/28/19 13:40,83.467,58.5,1626.2,70.93
8/28/19 13:40,83.467,58.3,1613.7,70.93
8/28/19 13:40,83.467,58.1,1623.7,70.93
8/28/19 13:40,83.467,58.1,1643.7,70.93
8/28/19 13:40,83.511,58,1656.2,70.93
8/28/19 13:40,83.467,58,1666.2,70.93
8/28/19 13:40,83.511,58,1668.7,70.974
8/28/19 13:40,83.511,58,1666.2,70.93
8/28/19 13:40,83.511,58,1663.7,70.974
8/28/19 13:40,83.511,58,1661.2,70.93
8/28/19 13:40,83.511,58,1653.7,70.93
8/28/19 13:40,83.511,57.9,1653.7,70.93
8/28/19 13:40,83.511,57.6,1658.7,70.93
8/28/19 13:40,83.511,57.4,1661.2,70.974
8/28/19 13:40,83.511,57.2,1658.7,70.93
8/28/19 13:40,83.511,57.1,1653.7,70.974
8/28/19 13:40,83.511,57.1,1648.7,70.93
8/28/19 13:40,83.467,57.1,1641.2,70.974
8/28/19 13:40,83.467,57,1636.2,70.974
8/28/19 13:40,83.467,56.9,1628.7,70.93
8/28/19 13:40,83.467,56.9,1626.2,70.974
8/28/19 13:40,83.467,56.9,1628.7,70.974
8/28/19 13:40,83.467,56.8,1633.7,70.974
8/28/19 13:40,83.467,56.8,1633.7,70.93
8/28/19 13:40,83.467,56.8,1633.7,70.974
8/28/19 13:40,83.422,56.8,1631.2,70.974
8/28/19 13:40,83.422,56.8,1621.2,70.93
8/28/19 13:40,83.422,56.8,1608.7,70.93
8/28/19 13:40,83.422,56.7,1601.2,70.974
8/28/19 13:40,83.422,56.6,1591.2,70.974
8/28/19 13:40,83.377,56.7,1573.7,70.93
8/28/19 13:40,83.422,56.8,1553.7,70.93
8/28/19 13:40,83.377,56.9,1531.2,70.974
8/28/19 13:40,83.377,57,1516.2,70.93
8/28/19 13:40,83.377,57.1,1513.7,70.974
8/28/19 13:40,83.377,57.3,1511.2,70.93
8/28/19 13:40,83.377,57.4,1516.2,70.974
8/28/19 13:40,83.332,57.6,1518.7,70.974
8/28/19 13:40,83.332,57.6,1518.7,70.93
8/28/19 13:40,83.332,57.6,1518.7,70.974
8/28/19 13:40,83.332,57.5,1521.2,70.974
8/28/19 13:40,83.332,57.5,1526.2,70.974
8/28/19 13:40,83.332,57.4,1523.7,70.974
8/28/19 13:40,83.332,57.4,1511.2,70.93
8/28/19 13:41,83.287,57.4,1498.7,70.974
8/28/19 13:41,83.287,57.4,1486.2,70.974
8/28/19 13:41,83.287,57.4,1481.2,70.974
8/28/19 13:41,83.287,57.6,1473.7,70.974
8/28/19 13:41,83.287,57.6,1466.2,70.974
8/28/19 13:41,83.287,57.8,1466.2,70.974
8/28/19 13:41,83.287,57.9,1466.2,70.974
8/28/19 13:41,83.242,58,1463.7,70.974
8/28/19 13:41,83.242,58.2,1463.7,70.974
8/28/19 13:41,83.242,58.2,1466.2,70.974
8/28/19 13:41,83.242,58.3,1471.2,70.974
8/28/19 13:41,83.242,58.3,1468.7,70.974
8/28/19 13:41,83.242,58.3,1473.7,70.974
8/28/19 13:41,83.242,58.3,1476.2,70.974
8/28/19 13:41,83.242,58.3,1483.7,70.974
8/28/19 13:41,83.242,58.3,1473.7,70.974
8/28/19 13:41,83.242,58.4,1458.7,70.974
8/28/19 13:41,83.242,58.5,1458.7,70.974
8/28/19 13:41,83.199,58.4,1461.2,70.974
8/28/19 13:41,83.199,58.3,1473.7,70.974
8/28/19 13:41,83.242,58.3,1478.7,70.974
8/28/19 13:41,83.199,58.3,1468.7,70.974
8/28/19 13:41,83.199,58.4,1461.2,70.974
8/28/19 13:41,83.199,58.5,1453.7,70.974
8/28/19 13:41,83.199,58.5,1451.2,70.974
8/28/19 13:41,83.199,58.6,1446.2,70.974
8/28/19 13:41,83.199,58.7,1441.2,70.974
8/28/19 13:41,83.199,58.7,1451.2,70.974
8/28/19 13:41,83.199,58.7,1456.2,70.974
8/28/19 13:41,83.154,58.8,1451.2,70.974
8/28/19 13:41,83.154,58.8,1451.2,70.974
8/28/19 13:41,83.154,58.9,1471.2,70.974
8/28/19 13:41,83.154,58.9,1506.2,70.974
8/28/19 13:41,83.154,58.9,1521.2,70.974
8/28/19 13:41,83.154,58.9,1503.7,70.974
8/28/19 13:41,83.154,58.8,1496.2,70.974
8/28/19 13:41,83.154,58.7,1491.2,70.974
8/28/19 13:41,83.154,58.6,1486.2,70.974
8/28/19 13:41,83.154,58.5,1488.7,70.974
8/28/19 13:41,83.154,58.5,1511.2,70.974
8/28/19 13:41,83.154,58.4,1541.2,70.974
8/28/19 13:41,83.109,58.3,1571.2,70.974
8/28/19 13:41,83.109,58.2,1593.7,70.974
8/28/19 13:41,83.109,58.1,1598.7,70.974
8/28/19 13:41,83.109,58,1571.2,70.974
8/28/19 13:41,83.109,58,1541.2,70.974
8/28/19 13:41,83.109,57.9,1511.2,70.974
8/28/19 13:41,83.109,58,1528.7,70.974
8/28/19 13:41,83.064,58,1553.7,70.974
8/28/19 13:41,83.064,58,1586.2,70.974
8/28/19 13:41,83.064,58,1593.7,70.974
8/28/19 13:41,83.064,58,1571.2,70.974
8/28/19 13:41,83.064,57.9,1576.2,70.974
8/28/19 13:41,83.064,57.6,1591.2,70.974
8/28/19 13:41,83.064,57.5,1611.2,70.974
8/28/19 13:41,83.064,57.5,1613.7,70.974
8/28/19 13:41,83.064,57.5,1626.2,70.974
8/28/19 13:41,83.021,57.5,1638.7,70.974
8/28/19 13:41,83.021,57.4,1633.7,70.974
8/28/19 13:41,83.021,57.3,1631.2,70.974
8/28/19 13:42,83.021,57.3,1631.2,70.974
8/28/19 13:42,83.021,57.2,1643.7,70.974
8/28/19 13:42,83.021,57.2,1663.7,70.974
8/28/19 13:42,82.976,57.3,1673.7,70.974
8/28/19 13:42,82.976,57.5,1681.2,70.974
8/28/19 13:42,82.976,57.5,1688.7,70.974
8/28/19 13:42,82.976,57.5,1693.7,70.974
8/28/19 13:42,82.976,57.5,1686.2,70.974
8/28/19 13:42,82.976,57.5,1673.7,70.974
8/28/19 13:42,82.931,57.5,1658.7,70.974
8/28/19 13:42,82.931,57.5,1653.7,70.974
8/28/19 13:42,82.931,57.5,1656.2,70.974
8/28/19 13:42,82.931,57.5,1663.7,70.974
8/28/19 13:42,82.931,57.5,1661.2,70.974
8/28/19 13:42,82.931,57.6,1663.7,70.974
8/28/19 13:42,82.886,57.8,1661.2,70.974
8/28/19 13:42,82.886,57.8,1668.7,70.974
8/28/19 13:42,82.886,57.9,1678.7,70.974
8/28/19 13:42,82.886,58,1673.7,70.974
8/28/19 13:42,82.886,58.1,1673.7,70.974
8/28/19 13:42,82.886,58.2,1681.2,70.974
8/28/19 13:42,82.886,58.2,1698.7,70.974
8/28/19 13:42,82.886,58.1,1711.2,70.974
8/28/19 13:42,82.886,58,1716.2,70.974
8/28/19 13:42,82.886,57.8,1723.7,70.974
8/28/19 13:42,82.841,57.6,1718.7,70.974
8/28/19 13:42,82.841,57.5,1718.7,70.974
8/28/19 13:42,82.841,57.5,1728.7,70.974
8/28/19 13:42,82.841,57.5,1723.7,70.974
8/28/19 13:42,82.841,57.5,1731.2,70.974
8/28/19 13:42,82.841,57.6,1726.2,70.974
8/28/19 13:42,82.841,57.6,1733.7,70.974
8/28/19 13:42,82.841,57.6,1741.2,70.974
8/28/19 13:42,82.841,57.6,1746.2,70.974
8/28/19 13:42,82.841,57.7,1753.7,70.974
8/28/19 13:42,82.841,57.8,1761.2,70.974
8/28/19 13:42,82.841,57.9,1771.2,70.974
8/28/19 13:42,82.798,58.1,1771.2,70.974
8/28/19 13:42,82.798,58.1,1761.2,70.974
8/28/19 13:42,82.798,58.3,1756.2,70.974
8/28/19 13:42,82.798,58.4,1751.2,70.974
8/28/19 13:42,82.798,58.4,1753.7,70.974
8/28/19 13:42,82.798,58.3,1763.7,70.974
8/28/19 13:42,82.798,58.2,1768.7,70.974
8/28/19 13:42,82.798,58.1,1776.2,70.974
8/28/19 13:42,82.841,58,1778.7,70.974
8/28/19 13:42,82.798,57.8,1778.7,70.974
8/28/19 13:42,82.798,57.6,1773.7,70.974
8/28/19 13:42,82.798,57.5,1763.7,70.974
8/28/19 13:42,82.798,57.5,1763.7,70.974
8/28/19 13:42,82.798,57.4,1761.2,70.974
8/28/19 13:42,82.798,57.4,1766.2,70.974
8/28/19 13:42,82.798,57.3,1763.7,70.974
8/28/19 13:42,82.798,57.4,1771.2,70.974
8/28/19 13:42,82.798,57.4,1773.7,70.974
8/28/19 13:42,82.798,57.5,1773.7,70.974
8/28/19 13:42,82.798,57.5,1781.2,70.974
8/28/19 13:42,82.798,57.5,1771.2,70.974
8/28/19 13:42,82.798,57.5,1761.2,70.974
8/28/19 13:42,82.753,57.5,1761.2,70.974
8/28/19 13:43,82.798,57.5,1763.7,70.974
8/28/19 13:43,82.753,57.5,1771.2,70.974
8/28/19 13:43,82.753,57.5,1766.2,70.974
8/28/19 13:43,82.753,57.5,1766.2,70.974
8/28/19 13:43,82.753,57.6,1763.7,70.974
8/28/19 13:43,82.753,57.7,1768.7,70.974
8/28/19 13:43,82.753,57.9,1771.2,70.974
8/28/19 13:43,82.753,58.1,1776.2,70.974
8/28/19 13:43,82.753,58.1,1773.7,70.974
8/28/19 13:43,82.753,58.2,1778.7,70.974
8/28/19 13:43,82.753,58.2,1778.7,70.974
8/28/19 13:43,82.753,58.1,1663.7,70.974
8/28/19 13:43,82.753,58.1,1396.2,70.974
8/28/19 13:43,82.753,58,1773.7,70.974
8/28/19 13:43,82.753,57.9,1788.7,70.974
8/28/19 13:43,82.753,57.8,1791.2,70.974
8/28/19 13:43,82.753,57.8,1793.7,70.974
8/28/19 13:43,82.753,57.8,1788.7,70.974
8/28/19 13:43,82.753,57.8,1781.2,70.974
8/28/19 13:43,82.753,57.8,1768.7,70.974
8/28/19 13:43,82.753,57.8,1763.7,70.974
8/28/19 13:43,82.753,57.8,1761.2,70.974
8/28/19 13:43,82.753,57.9,1758.7,70.974
8/28/19 13:43,82.708,58,1743.7,70.974
8/28/19 13:43,82.753,58.1,1713.7,70.974
8/28/19 13:43,82.753,58.2,1683.7,70.974
8/28/19 13:43,82.753,58.4,1653.7,70.974
8/28/19 13:43,82.753,58.5,1638.7,70.974
8/28/19 13:43,82.753,58.5,1641.2,70.974
8/28/19 13:43,82.753,58.5,1648.7,70.974
8/28/19 13:43,82.753,58.5,1651.2,70.974
8/28/19 13:43,82.753,58.5,1636.2,70.974
8/28/19 13:43,82.753,58.5,1616.2,70.974
8/28/19 13:43,82.753,58.5,1606.2,70.974
8/28/19 13:43,82.753,58.5,1591.2,70.974
8/28/19 13:43,82.753,58.5,1571.2,70.974
8/28/19 13:43,82.753,58.4,1548.7,70.974
8/28/19 13:43,82.753,58.4,1546.2,70.974
8/28/19 13:43,82.753,58.3,1551.2,70.974
8/28/19 13:43,82.798,58.3,1551.2,70.974
8/28/19 13:43,82.798,58.2,1546.2,70.974
8/28/19 13:43,82.798,58.2,1543.7,70.974
8/28/19 13:43,82.753,58.2,1556.2,70.974
8/28/19 13:43,82.798,58.1,1573.7,70.974
8/28/19 13:43,82.798,58.2,1581.2,70.974
8/28/19 13:43,82.798,58.2,1586.2,70.974
8/28/19 13:43,82.798,58.3,1591.2,70.974
8/28/19 13:43,82.798,58.3,1603.7,70.974
8/28/19 13:43,82.798,58.4,1611.2,70.974
8/28/19 13:43,82.798,58.4,1613.7,71.017
8/28/19 13:43,82.798,58.5,1608.7,70.974
8/28/19 13:43,82.798,58.5,1603.7,70.974
8/28/19 13:43,82.798,58.6,1603.7,70.974
8/28/19 13:43,82.798,58.6,1606.2,70.974
8/28/19 13:43,82.798,58.7,1601.2,70.974
8/28/19 13:43,82.798,58.8,1588.7,70.974
8/28/19 13:43,82.798,58.9,1573.7,70.974
8/28/19 13:43,82.798,58.9,1556.2,71.017
8/28/19 13:43,82.798,58.9,1551.2,70.974
8/28/19 13:43,82.841,58.9,1558.7,70.974
8/28/19 13:44,82.841,59,1561.2,70.974
8/28/19 13:44,82.841,59.1,1586.2,70.974
8/28/19 13:44,82.841,59.1,1598.7,71.017
8/28/19 13:44,82.841,59.2,1608.7,71.017
8/28/19 13:44,82.841,59.3,1606.2,70.974
8/28/19 13:44,82.841,59.4,1603.7,70.974
8/28/19 13:44,82.841,59.5,1593.7,70.974
8/28/19 13:44,82.841,59.6,1598.7,70.974
8/28/19 13:44,82.886,59.6,1586.2,71.017
8/28/19 13:44,82.886,59.6,1563.7,70.974
8/28/19 13:44,82.886,59.7,1551.2,70.974
8/28/19 13:44,82.886,59.7,1551.2,71.017
8/28/19 13:44,82.886,59.7,1568.7,71.017
8/28/19 13:44,82.886,59.9,1588.7,70.974
8/28/19 13:44,82.886,59.9,1593.7,71.017
8/28/19 13:44,82.886,60,1598.7,70.974
8/28/19 13:44,82.931,60,1606.2,70.974
8/28/19 13:44,82.931,60.1,1606.2,71.017
8/28/19 13:44,82.931,60.2,1611.2,70.974
8/28/19 13:44,82.931,60.3,1606.2,71.017
8/28/19 13:44,82.931,60.3,1621.2,71.017
8/28/19 13:44,82.931,60.4,1631.2,71.017
8/28/19 13:44,82.976,60.4,1646.2,71.017
8/28/19 13:44,82.976,60.5,1656.2,70.974
8/28/19 13:44,82.976,60.5,1646.2,70.974
8/28/19 13:44,82.976,60.5,1646.2,71.017
8/28/19 13:44,82.976,60.5,1641.2,71.017
8/28/19 13:44,82.976,60.5,1636.2,71.017
8/28/19 13:44,82.976,60.3,1633.7,71.017
8/28/19 13:44,83.021,60.2,1613.7,71.017
8/28/19 13:44,83.021,60,1593.7,71.017
8/28/19 13:44,83.021,59.8,1576.2,71.017
8/28/19 13:44,83.021,59.5,1576.2,71.017
8/28/19 13:44,83.021,59.2,1593.7,71.017
8/28/19 13:44,83.021,59,1606.2,71.017
8/28/19 13:44,83.021,58.8,1621.2,71.017
8/28/19 13:44,83.021,58.6,1651.2,71.017
8/28/19 13:44,83.021,58.3,1658.7,70.974
8/28/19 13:44,83.021,58,1661.2,71.017
8/28/19 13:44,83.021,57.9,1643.7,71.017
8/28/19 13:44,83.021,57.7,1631.2,71.017
8/28/19 13:44,83.021,57.6,1638.7,71.017
8/28/19 13:44,83.021,57.5,1646.2,71.017
8/28/19 13:44,83.021,57.5,1671.2,71.017
8/28/19 13:44,83.021,57.5,1693.7,71.017
8/28/19 13:44,83.021,57.4,1703.7,71.017
8/28/19 13:44,83.021,57.3,1713.7,71.017
8/28/19 13:44,83.021,57.3,1723.7,71.017
8/28/19 13:44,83.021,57.2,1736.2,71.017
8/28/19 13:44,83.021,57.2,1741.2,71.017
8/28/19 13:44,83.021,57.3,1723.7,71.017
8/28/19 13:44,83.021,57.3,1701.2,71.017
8/28/19 13:44,82.976,57.3,1703.7,71.017
8/28/19 13:44,82.976,57.3,1721.2,71.017
8/28/19 13:44,82.976,57.3,1751.2,71.017
8/28/19 13:44,82.976,57.2,1771.2,71.017
8/28/19 13:44,82.976,57.1,1776.2,71.017
8/28/19 13:44,82.976,56.9,1773.7,71.017
8/28/19 13:44,82.976,56.9,1768.7,71.017
8/28/19 13:44,82.976,56.8,1766.2,71.017
8/28/19 13:45,82.976,56.8,1763.7,71.017
8/28/19 13:45,82.976,56.8,1758.7,71.017
8/28/19 13:45,82.931,56.9,1753.7,71.017
8/28/19 13:45,82.931,56.9,1753.7,71.017
8/28/19 13:45,82.931,56.9,1763.7,71.017
8/28/19 13:45,82.931,57,1768.7,71.017
8/28/19 13:45,82.931,57,1761.2,71.017
8/28/19 13:45,82.931,57,1748.7,71.017
8/28/19 13:45,82.931,57.1,1723.7,71.017
8/28/19 13:45,82.931,57.2,1701.2,71.017
8/28/19 13:45,82.931,57.2,1701.2,71.017
8/28/19 13:45,82.886,57.3,1696.2,71.017
8/28/19 13:45,82.886,57.3,1698.7,71.017
8/28/19 13:45,82.886,57.4,1706.2,71.017
8/28/19 13:45,82.886,57.5,1716.2,71.017
8/28/19 13:45,82.886,57.5,1726.2,71.017
8/28/19 13:45,82.886,57.6,1736.2,71.017
8/28/19 13:45,82.886,57.7,1713.7,71.017
8/28/19 13:45,82.886,57.7,1671.2,71.017
8/28/19 13:45,82.886,57.7,1626.2,71.017
8/28/19 13:45,82.886,57.7,1611.2,71.017
8/28/19 13:45,82.841,57.6,1616.2,71.017
8/28/19 13:45,82.841,57.6,1621.2,71.017
8/28/19 13:45,82.886,57.6,1616.2,71.017
8/28/19 13:45,82.841,57.6,1598.7,71.017
8/28/19 13:45,82.841,57.6,1576.2,71.017
8/28/19 13:45,82.841,57.8,1558.7,71.017
8/28/19 13:45,82.841,57.9,1543.7,71.017
8/28/19 13:45,82.841,58.1,1541.2,71.017
8/28/19 13:45,82.841,58.1,1541.2,71.017
8/28/19 13:45,82.841,58.2,1531.2,71.017
8/28/19 13:45,82.841,58.4,1533.7,71.017
8/28/19 13:45,82.841,58.4,1536.2,71.017
8/28/19 13:45,82.841,58.4,1536.2,71.017
8/28/19 13:45,82.841,58.4,1521.2,71.017
8/28/19 13:45,82.841,58.4,1506.2,71.017
8/28/19 13:45,82.841,58.4,1506.2,71.017
8/28/19 13:45,82.841,58.4,1518.7,71.017
8/28/19 13:45,82.841,58.4,1538.7,71.017
8/28/19 13:45,82.841,58.5,1556.2,71.017
8/28/19 13:45,82.841,58.5,1573.7,71.017
8/28/19 13:45,82.841,58.5,1586.2,71.017
8/28/19 13:45,82.841,58.5,1601.2,71.017
8/28/19 13:45,82.841,58.5,1608.7,71.017
8/28/19 13:45,82.841,58.5,1636.2,71.017
8/28/19 13:45,82.841,58.6,1673.7,71.017
8/28/19 13:45,82.841,58.6,1691.2,71.017
8/28/19 13:45,82.841,58.7,1688.7,71.017
8/28/19 13:45,82.841,58.7,1678.7,71.017
8/28/19 13:45,82.841,58.6,1661.2,71.017
8/28/19 13:45,82.841,58.5,1651.2,71.017
8/28/19 13:45,82.841,58.4,1651.2,71.017
8/28/19 13:45,82.841,58.2,1661.2,71.017
8/28/19 13:45,82.841,58.1,1673.7,71.017
8/28/19 13:45,82.841,58.1,1676.2,71.017
8/28/19 13:45,82.841,58.1,1666.2,71.017
8/28/19 13:45,82.841,58.2,1648.7,71.017
8/28/19 13:45,82.841,58.3,1641.2,71.017
8/28/19 13:45,82.841,58.4,1631.2,71.017
8/28/19 13:45,82.841,58.6,1623.7,71.017
8/28/19 13:46,82.841,58.6,1638.7,71.017
8/28/19 13:46,82.841,58.7,1666.2,71.017
8/28/19 13:46,82.841,58.9,1693.7,71.017
8/28/19 13:46,82.841,59,1696.2,71.017
8/28/19 13:46,82.841,59.1,1678.7,71.017
8/28/19 13:46,82.841,59.2,1648.7,71.017
8/28/19 13:46,82.841,59.3,1623.7,71.017
8/28/19 13:46,82.841,59.4,1606.2,71.017
8/28/19 13:46,82.841,59.5,1596.2,71.017
8/28/19 13:46,82.841,59.7,1593.7,71.017
8/28/19 13:46,82.841,59.6,1583.7,71.017
8/28/19 13:46,82.841,59.7,1568.7,71.017
8/28/19 13:46,82.886,59.7,1551.2,71.017
8/28/19 13:46,82.886,59.6,1551.2,71.017
8/28/19 13:46,82.886,59.6,1561.2,71.017
8/28/19 13:46,82.886,59.6,1573.7,71.017
8/28/19 13:46,82.886,59.8,1583.7,71.017
8/28/19 13:46,82.886,59.8,1573.7,71.017
8/28/19 13:46,82.886,59.8,1558.7,71.017
8/28/19 13:46,82.931,59.8,1561.2,71.017
8/28/19 13:46,82.931,59.7,1588.7,71.017
8/28/19 13:46,82.931,59.7,1621.2,71.017
8/28/19 13:46,82.931,59.5,1636.2,71.017
8/28/19 13:46,82.931,59.3,1633.7,71.017
8/28/19 13:46,82.931,59.1,1623.7,71.017
8/28/19 13:46,82.931,59.1,1613.7,71.017
8/28/19 13:46,82.931,59.1,1606.2,71.017
8/28/19 13:46,82.931,59.1,1596.2,71.017
8/28/19 13:46,82.931,59.1,1596.2,71.017
8/28/19 13:46,82.976,59.1,1601.2,71.017
8/28/19 13:46,82.976,59,1603.7,71.017
8/28/19 13:46,82.976,58.9,1598.7,71.017
8/28/19 13:46,82.976,58.7,1581.2,71.017
8/28/19 13:46,82.976,58.5,1563.7,71.017
8/28/19 13:46,82.976,58.2,1558.7,71.017
8/28/19 13:46,82.976,58.1,1556.2,71.017
8/28/19 13:46,82.976,57.8,1551.2,71.017
8/28/19 13:46,82.931,57.6,1543.7,71.017
8/28/19 13:46,82.931,57.5,1533.7,71.017
8/28/19 13:46,82.931,57.4,1523.7,71.017
8/28/19 13:46,82.931,57.3,1513.7,71.017
8/28/19 13:46,82.931,57.2,1516.2,71.017
8/28/19 13:46,82.931,57,1523.7,71.017
8/28/19 13:46,82.931,57,1526.2,71.017
8/28/19 13:46,82.931,57,1523.7,71.017
8/28/19 13:46,82.931,57.1,1508.7,71.017
8/28/19 13:46,82.931,57.2,1493.7,71.017
8/28/19 13:46,82.886,57.3,1481.2,71.017
8/28/19 13:46,82.886,57.3,1473.7,71.017
8/28/19 13:46,82.886,57.3,1478.7,71.017
8/28/19 13:46,82.886,57.4,1481.2,71.017
8/28/19 13:46,82.886,57.4,1481.2,71.017
8/28/19 13:46,82.841,57.4,1476.2,71.017
8/28/19 13:46,82.841,57.4,1468.7,71.017
8/28/19 13:46,82.841,57.5,1463.7,71.017
8/28/19 13:46,82.841,57.5,1446.2,71.017
8/28/19 13:46,82.841,57.5,1431.2,71.017
8/28/19 13:46,82.841,57.5,1428.7,71.017
8/28/19 13:46,82.798,57.5,1431.2,71.017
8/28/19 13:46,82.798,57.5,1433.7,71.017
8/28/19 13:47,82.798,57.5,1426.2,71.017
8/28/19 13:47,82.798,57.5,1423.7,71.017
8/28/19 13:47,82.798,57.5,1431.2,71.017
8/28/19 13:47,82.753,57.5,1446.2,71.017
8/28/19 13:47,82.753,57.5,1468.7,71.017
8/28/19 13:47,82.753,57.5,1481.2,71.06
8/28/19 13:47,82.753,57.5,1483.7,71.017
8/28/19 13:47,82.753,57.4,1491.2,71.017
8/28/19 13:47,82.753,57.5,1508.7,71.017
8/28/19 13:47,82.753,57.5,1526.2,71.06
8/28/19 13:47,82.708,57.5,1536.2,71.017
8/28/19 13:47,82.708,57.6,1556.2,71.017
8/28/19 13:47,82.708,57.8,1586.2,71.017
8/28/19 13:47,82.708,58,1611.2,71.017
8/28/19 13:47,82.708,58.1,1616.2,71.017
8/28/19 13:47,82.708,58.1,1606.2,71.017
8/28/19 13:47,82.708,58.2,1616.2,71.017
8/28/19 13:47,82.708,58.2,1651.2,71.06
8/28/19 13:47,82.708,58.2,1686.2,71.017
8/28/19 13:47,82.708,58.1,1708.7,71.017
8/28/19 13:47,82.708,58.1,1711.2,71.017
8/28/19 13:47,82.708,58.2,1693.7,71.017
8/28/19 13:47,82.708,58.3,1666.2,71.06
8/28/19 13:47,82.708,58.4,1643.7,71.017
8/28/19 13:47,82.708,58.5,1623.7,71.017
8/28/19 13:47,82.708,58.6,1608.7,71.017
8/28/19 13:47,82.708,58.6,1598.7,71.017
8/28/19 13:47,82.708,58.7,1596.2,71.017
8/28/19 13:47,82.708,58.8,1606.2,71.017
8/28/19 13:47,82.708,58.9,1621.2,71.06
8/28/19 13:47,82.708,59,1636.2,71.017
8/28/19 13:47,82.708,59,1651.2,71.06
8/28/19 13:47,82.708,59.2,1671.2,71.06
8/28/19 13:47,82.708,59.2,1693.7,71.017
8/28/19 13:47,82.708,59.4,1718.7,71.017
8/28/19 13:47,82.708,59.6,1738.7,71.06
8/28/19 13:47,82.708,59.7,1756.2,71.017
8/28/19 13:47,82.753,59.7,1761.2,71.06
8/28/19 13:47,82.753,59.9,1771.2,71.06
8/28/19 13:47,82.753,60,1781.2,71.06
8/28/19 13:47,82.753,60.2,1788.7,71.06
8/28/19 13:47,82.753,60.3,1773.7,71.06
8/28/19 13:47,82.753,60.4,1748.7,71.06
8/28/19 13:47,82.798,60.6,1728.7,71.06
8/28/19 13:47,82.798,60.6,1728.7,71.017
8/28/19 13:47,82.798,60.6,1738.7,71.06
8/28/19 13:47,82.798,60.6,1748.7,71.06
8/28/19 13:47,82.798,60.5,1748.7,71.06
8/28/19 13:47,82.841,60.5,1746.2,71.06
8/28/19 13:47,82.841,60.5,1746.2,71.06
8/28/19 13:47,82.841,60.5,1753.7,71.06
8/28/19 13:47,82.841,60.6,1763.7,71.06
8/28/19 13:47,82.841,60.6,1776.2,71.06
8/28/19 13:47,82.886,60.6,1786.2,71.06
8/28/19 13:47,82.886,60.7,1793.7,71.06
8/28/19 13:47,82.886,60.9,1791.2,71.06
8/28/19 13:47,82.886,60.9,1786.2,71.06
8/28/19 13:47,82.886,60.8,1781.2,71.06
8/28/19 13:47,82.886,60.8,1781.2,71.06
8/28/19 13:47,82.931,60.7,1778.7,71.06
8/28/19 13:48,82.931,60.5,1771.2,71.06
8/28/19 13:48,82.931,60.3,1748.7,71.06
8/28/19 13:48,82.931,60.2,1721.2,71.06
8/28/19 13:48,82.931,60,1698.7,71.06
8/28/19 13:48,82.931,59.8,1663.7,71.06
8/28/19 13:48,82.931,59.6,1638.7,71.06
8/28/19 13:48,82.931,59.4,1616.2,71.06
8/28/19 13:48,82.931,59.4,1596.2,71.06
8/28/19 13:48,82.976,59.3,1576.2,71.06
8/28/19 13:48,82.976,59.3,1561.2,71.06
8/28/19 13:48,82.976,59.3,1553.7,71.06
8/28/19 13:48,82.976,59.3,1551.2,71.06
8/28/19 13:48,82.976,59.4,1556.2,71.06
8/28/19 13:48,82.976,59.4,1561.2,71.06
8/28/19 13:48,82.976,59.4,1571.2,71.06
8/28/19 13:48,82.976,59.4,1578.7,71.06
8/28/19 13:48,82.976,59.5,1591.2,71.06
8/28/19 13:48,82.976,59.5,1593.7,71.06
8/28/19 13:48,82.976,59.7,1598.7,71.06
8/28/19 13:48,82.976,59.7,1591.2,71.06
8/28/19 13:48,82.976,59.7,1581.2,71.06
8/28/19 13:48,82.976,59.6,1573.7,71.06
8/28/19 13:48,82.976,59.5,1568.7,71.06
8/28/19 13:48,82.976,59.5,1566.2,71.06
8/28/19 13:48,82.976,59.4,1561.2,71.06
8/28/19 13:48,82.976,59.3,1548.7,71.06
8/28/19 13:48,82.976,59.3,1536.2,71.06
8/28/19 13:48,82.976,59.3,1521.2,71.06
8/28/19 13:48,82.976,59.4,1501.2,71.06
8/28/19 13:48,82.976,59.4,1478.7,71.06
8/28/19 13:48,82.976,59.6,1458.7,71.06
8/28/19 13:48,82.976,59.6,1441.2,71.06
8/28/19 13:48,82.976,59.9,1433.7,71.06
8/28/19 13:48,82.976,60.1,1428.7,71.06
8/28/19 13:48,82.976,60.3,1416.2,71.06
8/28/19 13:48,82.976,60.3,1398.7,71.06
8/28/19 13:48,82.976,60.4,1396.2,71.06
8/28/19 13:48,83.021,60.4,1396.2,71.06
8/28/19 13:48,83.021,60.4,1388.7,71.06
8/28/19 13:48,83.021,60.3,1383.7,71.06
8/28/19 13:48,83.021,60.3,1373.7,71.06
8/28/19 13:48,83.021,60.4,1361.2,71.06
8/28/19 13:48,83.021,60.4,1358.7,71.06
8/28/19 13:48,83.021,60.4,1346.2,71.06
8/28/19 13:48,83.021,60.4,1323.7,71.06
8/28/19 13:48,83.021,60.3,1298.7,71.06
8/28/19 13:48,83.021,60.2,1283.7,71.06
8/28/19 13:48,83.021,60,1278.7,71.06
8/28/19 13:48,83.064,59.9,1276.2,71.06
8/28/19 13:48,83.064,59.8,1273.7,71.06
8/28/19 13:48,83.064,59.8,1261.2,71.06
8/28/19 13:48,83.064,59.7,1241.2,71.06
8/28/19 13:48,83.064,59.7,1218.7,71.06
8/28/19 13:48,83.064,59.8,1206.2,71.06
8/28/19 13:48,83.064,59.7,1203.7,71.06
8/28/19 13:48,83.064,59.8,1213.7,71.06
8/28/19 13:48,83.064,59.8,1221.2,71.06
8/28/19 13:48,83.064,59.8,1228.7,71.06
8/28/19 13:48,83.064,59.8,1241.2,71.06
8/28/19 13:48,83.021,60,1248.7,71.06
8/28/19 13:49,83.064,60.1,1248.7,71.06
8/28/19 13:49,83.064,60.2,1246.2,71.06
8/28/19 13:49,83.064,60.3,1246.2,71.06
8/28/19 13:49,83.064,60.4,1253.7,71.06
8/28/19 13:49,83.021,60.3,1261.2,71.06
8/28/19 13:49,83.021,60.4,1266.2,71.06
8/28/19 13:49,83.021,60.3,1268.7,71.06
8/28/19 13:49,83.021,60.2,1258.7,71.06
8/28/19 13:49,83.064,60.1,1238.7,71.06
8/28/19 13:49,83.021,60,1216.2,71.06
8/28/19 13:49,83.021,59.9,1206.2,71.06
8/28/19 13:49,83.021,59.8,1216.2,71.06
8/28/19 13:49,83.021,59.6,1233.7,71.06
8/28/19 13:49,83.021,59.6,1256.2,71.06
8/28/19 13:49,83.021,59.6,1278.7,71.06
8/28/19 13:49,83.021,59.6,1288.7,71.06
8/28/19 13:49,83.021,59.6,1286.2,71.06
8/28/19 13:49,83.021,59.6,1281.2,71.06
8/28/19 13:49,83.021,59.6,1271.2,71.06
8/28/19 13:49,83.021,59.8,1248.7,71.06
8/28/19 13:49,83.021,59.8,1223.7,71.06
8/28/19 13:49,83.021,59.8,1218.7,71.06
8/28/19 13:49,83.021,59.8,1236.2,71.06
8/28/19 13:49,83.021,59.8,1261.2,71.06
8/28/19 13:49,82.976,59.8,1271.2,71.06
8/28/19 13:49,82.976,59.8,1261.2,71.06
8/28/19 13:49,82.976,59.8,1253.7,71.06
8/28/19 13:49,82.976,59.6,1251.2,71.06
8/28/19 13:49,82.976,59.5,1261.2,71.06
8/28/19 13:49,82.976,59.3,1228.7,71.06
8/28/19 13:49,82.976,59.1,1176.2,71.06
8/28/19 13:49,82.976,59.1,1128.7,71.06
8/28/19 13:49,82.976,59.1,1108.7,71.06
8/28/19 13:49,82.931,59.1,1116.2,71.06
8/28/19 13:49,82.931,59.1,1116.2,71.06
8/28/19 13:49,82.931,59.2,1096.2,71.06
8/28/19 13:49,82.931,59.2,1066.2,71.06
8/28/19 13:49,82.931,59.2,1041.2,71.06
8/28/19 13:49,82.931,59.2,1031.2,71.06
8/28/19 13:49,82.931,59.3,1036.2,71.06
8/28/19 13:49,82.931,59.3,1053.7,71.06
8/28/19 13:49,82.931,59.3,1068.7,71.06
8/28/19 13:49,82.886,59.2,1088.7,71.06
8/28/19 13:49,82.886,59.2,1121.2,71.06
8/28/19 13:49,82.886,59.2,1156.2,71.06
8/28/19 13:49,82.886,59.2,1178.7,71.06
8/28/19 13:49,82.886,59.1,1183.7,71.06
8/28/19 13:49,82.886,59.2,1173.7,71.06
8/28/19 13:49,82.841,59.1,1156.2,71.06
8/28/19 13:49,82.841,59.2,1126.2,71.06
8/28/19 13:49,82.841,59.1,1108.7,71.06
8/28/19 13:49,82.841,59.1,1098.7,71.06
8/28/19 13:49,82.841,59.2,1091.2,71.06
8/28/19 13:49,82.841,59.2,1088.7,71.06
8/28/19 13:49,82.841,59.3,1088.7,71.06
8/28/19 13:49,82.798,59.4,1103.7,71.06
8/28/19 13:49,82.798,59.5,1123.7,71.06
8/28/19 13:49,82.798,59.5,1136.2,71.06
8/28/19 13:49,82.798,59.7,1146.2,71.06
8/28/19 13:49,82.798,59.7,1141.2,71.06
8/28/19 13:50,82.798,59.7,1128.7,71.06
8/28/19 13:50,82.798,59.8,1118.7,71.06
8/28/19 13:50,82.753,59.9,1103.7,71.06
8/28/19 13:50,82.753,60,1071.2,71.06
8/28/19 13:50,82.753,60,1028.7,71.06
8/28/19 13:50,82.753,60.1,996.2,71.06
8/28/19 13:50,82.753,60.2,991.2,71.06
8/28/19 13:50,82.753,60.2,1006.2,71.06
8/28/19 13:50,82.753,60.3,1031.2,71.06
8/28/19 13:50,82.753,60.2,1053.7,71.06
8/28/19 13:50,82.753,60.2,1083.7,71.06
8/28/19 13:50,82.753,60.2,1108.7,71.06
8/28/19 13:50,82.753,60.2,1136.2,71.06
8/28/19 13:50,82.753,60.2,1163.7,71.06
8/28/19 13:50,82.753,60.1,1201.2,71.06
8/28/19 13:50,82.753,60.1,1251.2,71.06
8/28/19 13:50,82.708,60.1,1313.7,71.06
8/28/19 13:50,82.708,60.2,1383.7,71.06
8/28/19 13:50,82.708,60.2,1441.2,71.06
8/28/19 13:50,82.708,60.3,1491.2,71.06
8/28/19 13:50,82.708,60.3,1548.7,71.06
8/28/19 13:50,82.708,60.2,1586.2,71.06
8/28/19 13:50,82.708,60.1,1611.2,71.06
8/28/19 13:50,82.708,60,1631.2,71.06
8/28/19 13:50,82.708,59.9,1641.2,71.06
8/28/19 13:50,82.708,59.7,1661.2,71.06
8/28/19 13:50,82.708,59.6,1656.2,71.06
8/28/19 13:50,82.708,59.7,1633.7,71.06
8/28/19 13:50,82.665,59.7,1611.2,71.06
8/28/19 13:50,82.665,59.7,1608.7,71.06
8/28/19 13:50,82.665,59.7,1626.2,71.06
8/28/19 13:50,82.665,59.7,1671.2,71.06
8/28/19 13:50,82.665,59.7,1711.2,71.06
8/28/19 13:50,82.665,59.7,1743.7,71.06
8/28/19 13:50,82.665,59.7,1736.2,71.06
8/28/19 13:50,82.665,59.7,1686.2,71.06
8/28/19 13:50,82.62,59.7,1643.7,71.06
8/28/19 13:50,82.62,59.7,1643.7,71.06
8/28/19 13:50,82.62,59.7,1703.7,71.06
8/28/19 13:50,82.62,59.7,1808.7,71.06
8/28/19 13:50,82.62,59.7,1873.7,71.06
8/28/19 13:50,82.62,59.6,1858.7,71.06
8/28/19 13:50,82.62,59.4,1813.7,71.06
8/28/19 13:50,82.62,59.2,1796.2,71.06
8/28/19 13:50,82.62,59.1,1828.7,71.06
8/28/19 13:50,82.62,58.9,1823.7,71.06
8/28/19 13:50,82.575,58.8,1788.7,71.06
8/28/19 13:50,82.575,58.7,1726.2,71.06
8/28/19 13:50,82.575,58.7,1713.7,71.06
8/28/19 13:50,82.575,58.6,1748.7,71.06
8/28/19 13:50,82.575,58.6,1753.7,71.06
8/28/19 13:50,82.575,58.5,1726.2,71.06
8/28/19 13:50,82.575,58.4,1658.7,71.06
8/28/19 13:50,82.53,58.2,1578.7,71.06
8/28/19 13:50,82.53,58.1,1471.2,71.06
8/28/19 13:50,82.53,58.1,1341.2,71.06
8/28/19 13:50,82.53,58.2,1226.2,71.06
8/28/19 13:50,82.53,58.3,1133.7,71.06
8/28/19 13:50,82.53,58.4,1078.7,71.06
8/28/19 13:50,82.486,58.5,1026.2,71.06
8/28/19 13:51,82.486,58.6,991.2,71.06
8/28/19 13:51,82.486,58.8,996.2,71.06
8/28/19 13:51,82.486,59,1026.2,71.06
8/28/19 13:51,82.486,59.1,1066.2,71.06
8/28/19 13:51,82.486,59.1,1116.2,71.06
8/28/19 13:51,82.486,59.1,1156.2,71.06
8/28/19 13:51,82.441,59.2,1188.7,71.06
8/28/19 13:51,82.441,59.2,1211.2,71.06
8/28/19 13:51,82.441,59.2,1246.2,71.06
8/28/19 13:51,82.441,59.2,1308.7,71.06
8/28/19 13:51,82.441,59.1,1388.7,71.06
8/28/19 13:51,82.441,59.1,1483.7,71.06
8/28/19 13:51,82.441,59.1,1586.2,71.06
8/28/19 13:51,82.441,59.1,1686.2,71.06
8/28/19 13:51,82.396,59.1,1748.7,71.06
8/28/19 13:51,82.441,59.2,1736.2,71.06
8/28/19 13:51,82.396,59.2,1673.7,71.06
8/28/19 13:51,82.396,59.2,1593.7,71.06
8/28/19 13:51,82.396,59.1,1533.7,71.06
8/28/19 13:51,82.396,59.1,1501.2,71.06
8/28/19 13:51,82.396,59.1,1486.2,71.06
8/28/19 13:51,82.396,59.1,1476.2,71.06
8/28/19 13:51,82.396,59.1,1463.7,71.06
8/28/19 13:51,82.396,59.1,1438.7,71.06
8/28/19 13:51,82.396,59.2,1396.2,71.06
8/28/19 13:51,82.396,59.3,1353.7,71.06
8/28/19 13:51,82.396,59.3,1323.7,71.06
8/28/19 13:51,82.396,59.3,1308.7,71.06
8/28/19 13:51,82.396,59.4,1303.7,71.06
8/28/19 13:51,82.396,59.4,1306.2,71.06
8/28/19 13:51,82.396,59.5,1311.2,71.06
8/28/19 13:51,82.396,59.5,1303.7,71.06
8/28/19 13:51,82.396,59.7,1288.7,71.06
8/28/19 13:51,82.396,59.7,1278.7,71.06
8/28/19 13:51,82.396,59.7,1278.7,71.06
8/28/19 13:51,82.396,59.7,1283.7,71.06
8/28/19 13:51,82.396,59.7,1286.2,71.06
8/28/19 13:51,82.396,59.8,1278.7,71.06
8/28/19 13:51,82.396,59.9,1271.2,71.06
8/28/19 13:51,82.396,59.9,1258.7,71.06
8/28/19 13:51,82.396,60,1241.2,71.06
8/28/19 13:51,82.396,60,1231.2,71.06
8/28/19 13:51,82.396,60,1241.2,71.06
8/28/19 13:51,82.396,60,1243.7,71.06
8/28/19 13:51,82.396,60,1231.2,71.06
8/28/19 13:51,82.396,60,1211.2,71.06
8/28/19 13:51,82.396,60.1,1191.2,71.06
8/28/19 13:51,82.396,60.1,1168.7,71.06
8/28/19 13:51,82.396,60.3,1143.7,71.06
8/28/19 13:51,82.396,60.2,1123.7,71.103
8/28/19 13:51,82.396,60.3,1116.2,71.06
8/28/19 13:51,82.396,60.3,1126.2,71.103
8/28/19 13:51,82.396,60.3,1138.7,71.06
8/28/19 13:51,82.396,60.3,1143.7,71.06
8/28/19 13:51,82.396,60.3,1146.2,71.06
8/28/19 13:51,82.441,60.3,1146.2,71.103
8/28/19 13:51,82.441,60.4,1163.7,71.103
8/28/19 13:51,82.441,60.3,1193.7,71.103
8/28/19 13:51,82.441,60.3,1231.2,71.06
8/28/19 13:51,82.441,60.3,1276.2,71.06
8/28/19 13:52,82.441,60.3,1306.2,71.06
8/28/19 13:52,82.441,60.2,1308.7,71.103
8/28/19 13:52,82.441,60.2,1281.2,71.06
8/28/19 13:52,82.441,60.1,1266.2,71.06
8/28/19 13:52,82.441,60,1296.2,71.06
8/28/19 13:52,82.441,60,1336.2,71.06
8/28/19 13:52,82.441,60.1,1356.2,71.103
8/28/19 13:52,82.441,60.1,1336.2,71.06
8/28/19 13:52,82.441,60.1,1298.7,71.06
8/28/19 13:52,82.441,60.1,1291.2,71.06
8/28/19 13:52,82.441,60.1,1296.2,71.06
8/28/19 13:52,82.441,60.1,1301.2,71.06
8/28/19 13:52,82.441,60.1,1343.7,71.06
8/28/19 13:52,82.441,60.1,1428.7,71.06
8/28/19 13:52,82.441,60,1473.7,71.06
8/28/19 13:52,82.441,59.9,1408.7,71.06
8/28/19 13:52,82.441,59.8,1263.7,71.103
8/28/19 13:52,82.441,59.7,1143.7,71.103
8/28/19 13:52,82.441,59.5,1103.7,71.06
8/28/19 13:52,82.441,59.4,1103.7,71.06
8/28/19 13:52,82.441,59.4,1121.2,71.06
8/28/19 13:52,82.441,59.3,1136.2,71.06
8/28/19 13:52,82.441,59.4,1163.7,71.06
8/28/19 13:52,82.441,59.4,1201.2,71.103
8/28/19 13:52,82.441,59.5,1241.2,71.06
8/28/19 13:52,82.441,59.6,1276.2,71.06
8/28/19 13:52,82.396,59.6,1291.2,71.103
8/28/19 13:52,82.396,59.7,1306.2,71.06
8/28/19 13:52,82.396,59.8,1326.2,71.06
8/28/19 13:52,82.396,59.8,1333.7,71.103
8/28/19 13:52,82.396,59.9,1306.2,71.103
8/28/19 13:52,82.396,59.9,1266.2,71.103
8/28/19 13:52,82.396,60,1238.7,71.06
8/28/19 13:52,82.396,60.1,1236.2,71.103
8/28/19 13:52,82.396,60,1233.7,71.103
8/28/19 13:52,82.396,59.9,1218.7,71.103
8/28/19 13:52,82.396,59.9,1208.7,71.103
8/28/19 13:52,82.396,59.7,1208.7,71.103
8/28/19 13:52,82.396,59.7,1216.2,71.06
8/28/19 13:52,82.396,59.7,1218.7,71.103
8/28/19 13:52,82.396,59.8,1228.7,71.06
8/28/19 13:52,82.396,59.9,1248.7,71.103
8/28/19 13:52,82.396,60,1256.2,71.103
8/28/19 13:52,82.396,60,1276.2,71.103
8/28/19 13:52,82.396,60.1,1303.7,71.103
8/28/19 13:52,82.396,60.1,1341.2,71.103
8/28/19 13:52,82.396,60.2,1363.7,71.103
8/28/19 13:52,82.396,60.2,1338.7,71.06
8/28/19 13:52,82.396,60.2,1308.7,71.103
8/28/19 13:52,82.396,60.1,1286.2,71.06
8/28/19 13:52,82.353,60,1273.7,71.103
8/28/19 13:52,82.396,59.9,1256.2,71.103
8/28/19 13:52,82.353,59.8,1223.7,71.103
8/28/19 13:52,82.353,59.7,1196.2,71.103
8/28/19 13:52,82.353,59.6,1231.2,71.103
8/28/19 13:52,82.353,59.6,1276.2,71.103
8/28/19 13:52,82.353,59.7,1323.7,71.06
8/28/19 13:52,82.353,59.7,1358.7,71.103
8/28/19 13:52,82.353,59.6,1408.7,71.103
8/28/19 13:52,82.353,59.6,1468.7,71.103
8/28/19 13:53,82.353,59.6,1503.7,71.06
8/28/19 13:53,82.353,59.5,1521.2,71.06
8/28/19 13:53,82.308,59.4,1523.7,71.103
8/28/19 13:53,82.308,59.2,1546.2,71.06
8/28/19 13:53,82.308,59.2,1576.2,71.103
8/28/19 13:53,82.308,59,1581.2,71.103
8/28/19 13:53,82.308,59,1551.2,71.103
8/28/19 13:53,82.308,58.9,1506.2,71.103
8/28/19 13:53,82.308,59,1493.7,71.103
8/28/19 13:53,82.308,59,1501.2,71.103
8/28/19 13:53,82.308,59.1,1506.2,71.103
8/28/19 13:53,82.263,59.2,1473.7,71.103
8/28/19 13:53,82.263,59.2,1438.7,71.103
8/28/19 13:53,82.263,59.3,1428.7,71.103
8/28/19 13:53,82.263,59.5,1433.7,71.103
8/28/19 13:53,82.263,59.7,1443.7,71.103
8/28/19 13:53,82.263,59.8,1443.7,71.103
8/28/19 13:53,82.263,60,1428.7,71.103
8/28/19 13:53,82.263,60.2,1431.2,71.103
8/28/19 13:53,82.263,60.2,1418.7,71.103
8/28/19 13:53,82.263,60.3,1371.2,71.103
8/28/19 13:53,82.263,60.4,1286.2,71.103
8/28/19 13:53,82.263,60.6,1193.7,71.103
8/28/19 13:53,82.263,60.7,1143.7,71.103
8/28/19 13:53,82.263,60.7,1131.2,71.103
8/28/19 13:53,82.263,60.7,1161.2,71.103
8/28/19 13:53,82.263,60.7,1183.7,71.103
8/28/19 13:53,82.263,60.7,1183.7,71.103
8/28/19 13:53,82.263,60.8,1168.7,71.103
8/28/19 13:53,82.263,60.8,1143.7,71.103
8/28/19 13:53,82.263,60.8,1131.2,71.103
8/28/19 13:53,82.263,60.8,1151.2,71.103
8/28/19 13:53,82.263,60.9,1211.2,71.103
8/28/19 13:53,82.263,60.9,1283.7,71.103
8/28/19 13:53,82.263,61,1366.2,71.103
8/28/19 13:53,82.263,61.1,1436.2,71.103
8/28/19 13:53,82.263,61.2,1471.2,71.103
8/28/19 13:53,82.263,61.2,1473.7,71.103
8/28/19 13:53,82.263,61.3,1483.7,71.103
8/28/19 13:53,82.263,61.4,1521.2,71.103
8/28/19 13:53,82.308,61.5,1566.2,71.103
8/28/19 13:53,82.308,61.6,1561.2,71.103
8/28/19 13:53,82.308,61.7,1523.7,71.103
8/28/19 13:53,82.308,61.8,1466.2,71.103
8/28/19 13:53,82.308,61.7,1446.2,71.103
8/28/19 13:53,82.308,61.7,1468.7,71.103
8/28/19 13:53,82.308,61.8,1488.7,71.103
8/28/19 13:53,82.308,61.6,1488.7,71.103
8/28/19 13:53,82.308,61.5,1458.7,71.103
8/28/19 13:53,82.308,61.4,1433.7,71.103
8/28/19 13:53,82.353,61.3,1448.7,71.103
8/28/19 13:53,82.353,61.2,1471.2,71.103
8/28/19 13:53,82.353,61.3,1486.2,71.103
8/28/19 13:53,82.353,61.2,1476.2,71.103
8/28/19 13:53,82.353,61,1451.2,71.103
8/28/19 13:53,82.353,60.8,1433.7,71.103
8/28/19 13:53,82.353,60.7,1411.2,71.103
8/28/19 13:53,82.353,60.6,1416.2,71.103
8/28/19 13:53,82.353,60.5,1428.7,71.103
8/28/19 13:53,82.353,60.5,1441.2,71.103
8/28/19 13:54,82.353,60.4,1461.2,71.103
8/28/19 13:54,82.353,60.5,1481.2,71.103
8/28/19 13:54,82.353,60.5,1498.7,71.103
8/28/19 13:54,82.353,60.6,1526.2,71.103
8/28/19 13:54,82.353,60.6,1561.2,71.103
8/28/19 13:54,82.353,60.6,1608.7,71.103
8/28/19 13:54,82.353,60.5,1651.2,71.103
8/28/19 13:54,82.353,60.4,1668.7,71.103
8/28/19 13:54,82.353,60.4,1651.2,71.103
8/28/19 13:54,82.353,60.4,1631.2,71.103
8/28/19 13:54,82.353,60.3,1618.7,71.103
8/28/19 13:54,82.353,60.3,1613.7,71.103
8/28/19 13:54,82.396,60.3,1613.7,71.103
8/28/19 13:54,82.396,60.1,1606.2,71.103
8/28/19 13:54,82.353,60,1586.2,71.103
8/28/19 13:54,82.396,59.9,1558.7,71.103
8/28/19 13:54,82.396,59.7,1516.2,71.103
8/28/19 13:54,82.396,59.7,1483.7,71.103
8/28/19 13:54,82.396,59.6,1463.7,71.103
8/28/19 13:54,82.396,59.6,1456.2,71.103
8/28/19 13:54,82.396,59.7,1471.2,71.103
8/28/19 13:54,82.396,59.6,1513.7,71.103
8/28/19 13:54,82.396,59.7,1553.7,71.103
8/28/19 13:54,82.396,59.8,1581.2,71.103
8/28/19 13:54,82.396,60,1586.2,71.103
8/28/19 13:54,82.396,60.1,1588.7,71.103
8/28/19 13:54,82.396,60.2,1603.7,71.103
8/28/19 13:54,82.396,60.2,1618.7,71.103
8/28/19 13:54,82.396,60.4,1648.7,71.103
8/28/19 13:54,82.396,60.6,1676.2,71.103
8/28/19 13:54,82.396,60.7,1686.2,71.103
8/28/19 13:54,82.396,60.8,1676.2,71.103
8/28/19 13:54,82.441,60.8,1646.2,71.103
8/28/19 13:54,82.441,60.8,1611.2,71.103
8/28/19 13:54,82.441,60.8,1568.7,71.103
8/28/19 13:54,82.441,60.8,1528.7,71.103
8/28/19 13:54,82.441,60.8,1508.7,71.103
8/28/19 13:54,82.441,60.8,1533.7,71.103
8/28/19 13:54,82.441,60.7,1578.7,71.103
8/28/19 13:54,82.441,60.6,1638.7,71.103
8/28/19 13:54,82.441,60.5,1681.2,71.103
8/28/19 13:54,82.486,60.3,1693.7,71.103
8/28/19 13:54,82.486,60.2,1693.7,71.103
8/28/19 13:54,82.486,60.1,1691.2,71.103
8/28/19 13:54,82.486,60,1713.7,71.103
8/28/19 13:54,82.486,59.9,1741.2,71.103
8/28/19 13:54,82.486,59.9,1753.7,71.103
8/28/19 13:54,82.486,60,1736.2,71.103
8/28/19 13:54,82.486,60,1721.2,71.103
8/28/19 13:54,82.53,60.1,1741.2,71.103
8/28/19 13:54,82.53,60.2,1778.7,71.103
8/28/19 13:54,82.53,60.2,1821.2,71.103
8/28/19 13:54,82.53,60.3,1856.2,71.103
8/28/19 13:54,82.53,60.3,1876.2,71.103
8/28/19 13:54,82.53,60.5,1901.2,71.103
8/28/19 13:54,82.53,60.4,1916.2,71.103
8/28/19 13:54,82.53,60.4,1901.2,71.103
8/28/19 13:54,82.53,60.3,1878.7,71.103
8/28/19 13:54,82.575,60.2,1826.2,71.103
8/28/19 13:54,82.575,60.2,1778.7,71.103
8/28/19 13:55,82.575,60,1771.2,71.103
8/28/19 13:55,82.575,59.9,1771.2,71.103
8/28/19 13:55,82.575,59.6,1783.7,71.103
8/28/19 13:55,82.575,59.6,1781.2,71.103
8/28/19 13:55,82.575,59.5,1791.2,71.103
8/28/19 13:55,82.575,59.4,1798.7,71.103
8/28/19 13:55,82.575,59.4,1796.2,71.103
8/28/19 13:55,82.575,59.3,1803.7,71.103
8/28/19 13:55,82.575,59.3,1808.7,71.103
8/28/19 13:55,82.575,59.3,1816.2,71.103
8/28/19 13:55,82.575,59.4,1808.7,71.103
8/28/19 13:55,82.575,59.5,1793.7,71.103
8/28/19 13:55,82.575,59.6,1776.2,71.103
8/28/19 13:55,82.575,59.7,1751.2,71.103
8/28/19 13:55,82.575,59.6,1728.7,71.103
8/28/19 13:55,82.575,59.5,1716.2,71.103
8/28/19 13:55,82.575,59.4,1713.7,71.103
8/28/19 13:55,82.575,59.4,1713.7,71.103
8/28/19 13:55,82.62,59.3,1708.7,71.103
8/28/19 13:55,82.62,59.3,1703.7,71.103
8/28/19 13:55,82.62,59.3,1698.7,71.103
8/28/19 13:55,82.62,59.2,1691.2,71.103
8/28/19 13:55,82.62,59.1,1681.2,71.103
8/28/19 13:55,82.62,59,1668.7,71.103
8/28/19 13:55,82.62,59,1656.2,71.103
8/28/19 13:55,82.62,59,1643.7,71.103
8/28/19 13:55,82.62,59,1633.7,71.103
8/28/19 13:55,82.62,59,1636.2,71.103
8/28/19 13:55,82.62,59,1641.2,71.103
8/28/19 13:55,82.62,59,1651.2,71.103
8/28/19 13:55,82.62,59.1,1666.2,71.103
8/28/19 13:55,82.62,59.1,1683.7,71.146
8/28/19 13:55,82.62,59.1,1706.2,71.103
8/28/19 13:55,82.62,59.2,1728.7,71.103
8/28/19 13:55,82.62,59.2,1748.7,71.103
8/28/19 13:55,82.62,59.2,1763.7,71.103
8/28/19 13:55,82.62,59.2,1771.2,71.103
8/28/19 13:55,82.62,59.1,1763.7,71.146
8/28/19 13:55,82.62,59.1,1753.7,71.103
8/28/19 13:55,82.62,59.1,1738.7,71.103
8/28/19 13:55,82.665,59.2,1726.2,71.103
8/28/19 13:55,82.665,59.3,1713.7,71.103
8/28/19 13:55,82.665,59.4,1683.7,71.146
8/28/19 13:55,82.665,59.5,1648.7,71.103
8/28/19 13:55,82.665,59.6,1611.2,71.103
8/28/19 13:55,82.665,59.7,1576.2,71.103
8/28/19 13:55,82.665,59.7,1556.2,71.103
8/28/19 13:55,82.665,59.9,1533.7,71.146
8/28/19 13:55,82.665,60,1511.2,71.103
8/28/19 13:55,82.665,60.1,1496.2,71.103
8/28/19 13:55,82.708,60.2,1483.7,71.146
8/28/19 13:55,82.708,60.3,1478.7,71.103
8/28/19 13:55,82.708,60.3,1491.2,71.146
8/28/19 13:55,82.708,60.4,1506.2,71.146
8/28/19 13:55,82.708,60.5,1523.7,71.103
8/28/19 13:55,82.708,60.5,1543.7,71.146
8/28/19 13:55,82.708,60.5,1558.7,71.146
8/28/19 13:55,82.753,60.4,1566.2,71.146
8/28/19 13:55,82.753,60.3,1558.7,71.146
8/28/19 13:55,82.753,60.3,1541.2,71.146
8/28/19 13:56,82.753,60.3,1533.7,71.146
8/28/19 13:56,82.753,60.1,1553.7,71.103
8/28/19 13:56,82.753,60.1,1586.2,71.146
8/28/19 13:56,82.753,60.1,1601.2,71.146
8/28/19 13:56,82.753,60.1,1593.7,71.146
8/28/19 13:56,82.753,60.1,1578.7,71.146
8/28/19 13:56,82.753,60.1,1558.7,71.146
8/28/19 13:56,82.798,60.1,1543.7,71.146
8/28/19 13:56,82.798,59.9,1528.7,71.146
8/28/19 13:56,82.798,59.7,1501.2,71.146
8/28/19 13:56,82.798,59.6,1446.2,71.146
8/28/19 13:56,82.798,59.5,1393.7,71.146
8/28/19 13:56,82.753,59.3,1361.2,71.146
8/28/19 13:56,82.798,59.2,1353.7,71.146
8/28/19 13:56,82.798,59.1,1343.7,71.146
8/28/19 13:56,82.798,59,1321.2,71.146
8/28/19 13:56,82.798,58.8,1296.2,71.146
8/28/19 13:56,82.753,58.8,1271.2,71.146
8/28/19 13:56,82.753,58.8,1238.7,71.146
8/28/19 13:56,82.753,58.8,1206.2,71.146
8/28/19 13:56,82.753,58.7,1198.7,71.146
8/28/19 13:56,82.753,58.7,1218.7,71.146
8/28/19 13:56,82.753,58.6,1251.2,71.146
8/28/19 13:56,82.753,58.6,1283.7,71.146
8/28/19 13:56,82.753,58.6,1323.7,71.146
8/28/19 13:56,82.753,58.6,1363.7,71.146
8/28/19 13:56,82.753,58.5,1396.2,71.146
8/28/19 13:56,82.708,58.4,1398.7,71.146
8/28/19 13:56,82.708,58.4,1388.7,71.146
8/28/19 13:56,82.708,58.4,1391.2,71.146
8/28/19 13:56,82.708,58.4,1401.2,71.146
8/28/19 13:56,82.708,58.5,1408.7,71.146
8/28/19 13:56,82.665,58.5,1421.2,71.146
8/28/19 13:56,82.665,58.6,1441.2,71.146
8/28/19 13:56,82.665,58.7,1473.7,71.146
8/28/19 13:56,82.665,58.8,1503.7,71.146
8/28/19 13:56,82.665,59,1528.7,71.146
8/28/19 13:56,82.665,59.2,1541.2,71.146
8/28/19 13:56,82.665,59.2,1543.7,71.146
8/28/19 13:56,82.62,59.2,1526.2,71.146
8/28/19 13:56,82.62,59.3,1498.7,71.146
8/28/19 13:56,82.62,59.3,1471.2,71.146
8/28/19 13:56,82.62,59.4,1448.7,71.146
8/28/19 13:56,82.62,59.4,1441.2,71.146
8/28/19 13:56,82.62,59.4,1458.7,71.146
8/28/19 13:56,82.62,59.4,1488.7,71.146
8/28/19 13:56,82.62,59.4,1531.2,71.146
8/28/19 13:56,82.62,59.4,1578.7,71.146
8/28/19 13:56,82.62,59.4,1608.7,71.146
8/28/19 13:56,82.575,59.4,1631.2,71.146
8/28/19 13:56,82.575,59.3,1636.2,71.146
8/28/19 13:56,82.62,59.3,1643.7,71.146
8/28/19 13:56,82.575,59.2,1661.2,71.146
8/28/19 13:56,82.575,59.2,1693.7,71.146
8/28/19 13:56,82.575,59.1,1723.7,71.146
8/28/19 13:56,82.575,59.2,1746.2,71.146
8/28/19 13:56,82.575,59.1,1761.2,71.146
8/28/19 13:56,82.575,59.2,1776.2,71.146
8/28/19 13:56,82.575,59.2,1798.7,71.146
8/28/19 13:56,82.575,59.2,1828.7,71.146
8/28/19 13:57,82.575,59.1,1858.7,71.146
8/28/19 13:57,82.53,59.1,1888.7,71.146
8/28/19 13:57,82.575,59.1,1908.7,71.146
8/28/19 13:57,82.575,59,1926.2,71.146
8/28/19 13:57,82.575,58.9,1941.2,71.146
8/28/19 13:57,82.53,58.8,1946.2,71.146
8/28/19 13:57,82.53,58.8,1946.2,71.146
8/28/19 13:57,82.53,58.8,1946.2,71.146
8/28/19 13:57,82.53,58.8,1946.2,71.146
8/28/19 13:57,82.53,58.9,1946.2,71.146
8/28/19 13:57,82.53,59,1948.7,71.146
8/28/19 13:57,82.53,59,1953.7,71.146
8/28/19 13:57,82.53,59.1,1966.2,71.146
8/28/19 13:57,82.53,59.1,1978.7,71.146
8/28/19 13:57,82.53,59.1,1996.2,71.146
8/28/19 13:57,82.53,59.1,2006.2,71.146
8/28/19 13:57,82.486,59,2016.2,71.146
8/28/19 13:57,82.486,59,2018.7,71.146
8/28/19 13:57,82.486,59,2021.2,71.146
8/28/19 13:57,82.486,59,2021.2,71.146
8/28/19 13:57,82.486,59.1,2021.2,71.146
8/28/19 13:57,82.486,59.1,2011.2,71.146
8/28/19 13:57,82.486,59.2,2011.2,71.146
8/28/19 13:57,82.486,59.3,2016.2,71.146
8/28/19 13:57,82.486,59.4,2016.2,71.146
8/28/19 13:57,82.486,59.3,2023.7,71.146
8/28/19 13:57,82.486,59.3,2026.2,71.146
8/28/19 13:57,82.486,59.3,2026.2,71.146
8/28/19 13:57,82.486,59.3,2011.2,71.146
8/28/19 13:57,82.486,59.3,1996.2,71.146
8/28/19 13:57,82.486,59.3,1983.7,71.146
8/28/19 13:57,82.486,59.3,1976.2,71.146
8/28/19 13:57,82.486,59.3,1966.2,71.146
8/28/19 13:57,82.486,59.3,1968.7,71.146
8/28/19 13:57,82.486,59.2,1976.2,71.146
8/28/19 13:57,82.486,59.3,1983.7,71.146
8/28/19 13:57,82.486,59.3,1988.7,71.146
8/28/19 13:57,82.486,59.4,1986.2,71.146
8/28/19 13:57,82.53,59.5,1983.7,71.146
8/28/19 13:57,82.53,59.5,1978.7,71.146
8/28/19 13:57,82.53,59.6,1986.2,71.146
8/28/19 13:57,82.53,59.6,1993.7,71.146
8/28/19 13:57,82.53,59.6,1998.7,71.146
8/28/19 13:57,82.53,59.5,1978.7,71.146
8/28/19 13:57,82.53,59.4,1938.7,71.146
8/28/19 13:57,82.53,59.3,1901.2,71.146
8/28/19 13:57,82.53,59.1,1868.7,71.146
8/28/19 13:57,82.53,59.1,1843.7,71.146
8/28/19 13:57,82.53,59,1808.7,71.146
8/28/19 13:57,82.53,59,1773.7,71.146
8/28/19 13:57,82.53,59,1723.7,71.146
8/28/19 13:57,82.53,59,1648.7,71.146
8/28/19 13:57,82.53,59,1571.2,71.146
8/28/19 13:57,82.575,59,1488.7,71.146
8/28/19 13:57,82.575,58.9,1418.7,71.146
8/28/19 13:57,82.575,58.8,1361.2,71.146
8/28/19 13:57,82.575,58.7,1318.7,71.146
8/28/19 13:57,82.575,58.7,1303.7,71.146
8/28/19 13:57,82.575,58.6,1308.7,71.146
8/28/19 13:57,82.575,58.6,1326.2,71.146
8/28/19 13:58,82.575,58.6,1341.2,71.146
8/28/19 13:58,82.575,58.7,1341.2,71.146
8/28/19 13:58,82.575,58.7,1341.2,71.146
8/28/19 13:58,82.575,58.8,1341.2,71.146
8/28/19 13:58,82.575,59,1341.2,71.146
8/28/19 13:58,82.575,59.1,1361.2,71.146
8/28/19 13:58,82.575,59.2,1401.2,71.146
8/28/19 13:58,82.575,59.2,1461.2,71.146
8/28/19 13:58,82.575,59.2,1508.7,71.146
8/28/19 13:58,82.575,59.1,1513.7,71.146
8/28/19 13:58,82.575,59.2,1496.2,71.146
8/28/19 13:58,82.575,59.2,1471.2,71.146
8/28/19 13:58,82.575,59.1,1458.7,71.146
8/28/19 13:58,82.575,59.1,1471.2,71.146
8/28/19 13:58,82.575,59.1,1478.7,71.146
8/28/19 13:58,82.575,59,1468.7,71.146
8/28/19 13:58,82.575,59,1446.2,71.146
8/28/19 13:58,82.575,59,1416.2,71.146
8/28/19 13:58,82.575,59.1,1413.7,71.146
8/28/19 13:58,82.575,59.2,1428.7,71.146
8/28/19 13:58,82.575,59.1,1446.2,71.146
8/28/19 13:58,82.575,58.9,1453.7,71.19
8/28/19 13:58,82.575,58.8,1431.2,71.146
8/28/19 13:58,82.575,58.8,1393.7,71.146
8/28/19 13:58,82.575,58.8,1368.7,71.146
8/28/19 13:58,82.575,58.8,1373.7,71.146
8/28/19 13:58,82.575,58.8,1393.7,71.146
8/28/19 13:58,82.575,58.8,1403.7,71.146
8/28/19 13:58,82.575,58.8,1393.7,71.19
8/28/19 13:58,82.575,58.7,1356.2,71.19
8/28/19 13:58,82.575,58.7,1313.7,71.146
8/28/19 13:58,82.575,58.6,1281.2,71.146
8/28/19 13:58,82.53,58.6,1258.7,71.19
8/28/19 13:58,82.53,58.6,1243.7,71.19
8/28/19 13:58,82.53,58.6,1226.2,71.146
8/28/19 13:58,82.53,58.6,1196.2,71.19
8/28/19 13:58,82.53,58.6,1153.7,71.19
8/28/19 13:58,82.53,58.7,1108.7,71.19
8/28/19 13:58,82.53,58.7,1063.7,71.146
8/28/19 13:58,82.53,58.8,1018.7,71.19
8/28/19 13:58,82.53,59,986.2,71.146
8/28/19 13:58,82.53,59.1,968.7,71.19
8/28/19 13:58,82.486,59.2,961.2,71.146
8/28/19 13:58,82.486,59.3,951.2,71.19
8/28/19 13:58,82.486,59.4,938.7,71.146
8/28/19 13:58,82.486,59.5,938.7,71.19
8/28/19 13:58,82.486,59.5,946.2,71.19
8/28/19 13:58,82.486,59.5,956.2,71.19
8/28/19 13:58,82.486,59.5,951.2,71.146
8/28/19 13:58,82.486,59.4,928.7,71.19
8/28/19 13:58,82.486,59.4,906.2,71.19
8/28/19 13:58,82.486,59.5,886.2,71.146
8/28/19 13:58,82.486,59.6,883.7,71.19
8/28/19 13:58,82.486,59.7,883.7,71.19
8/28/19 13:58,82.486,59.7,881.2,71.19
8/28/19 13:58,82.486,59.7,873.7,71.19
8/28/19 13:58,82.441,59.7,863.7,71.19
8/28/19 13:58,82.486,59.7,858.7,71.19
8/28/19 13:58,82.441,59.7,846.2,71.19
8/28/19 13:58,82.441,59.6,838.7,71.19
8/28/19 13:59,82.441,59.6,833.7,71.19
8/28/19 13:59,82.441,59.7,838.7,71.19
8/28/19 13:59,82.441,59.6,846.2,71.19
8/28/19 13:59,82.441,59.6,841.2,71.19
8/28/19 13:59,82.441,59.6,826.2,71.19
8/28/19 13:59,82.441,59.5,816.2,71.19
8/28/19 13:59,82.441,59.5,811.2,71.19
8/28/19 13:59,82.441,59.4,818.7,71.19
8/28/19 13:59,82.396,59.3,831.2,71.19
8/28/19 13:59,82.396,59.3,848.7,71.19
8/28/19 13:59,82.396,59.1,861.2,71.19
8/28/19 13:59,82.396,59.1,868.7,71.19
8/28/19 13:59,82.396,59,876.2,71.19
8/28/19 13:59,82.396,58.8,883.7,71.19
8/28/19 13:59,82.353,58.7,903.7,71.19
8/28/19 13:59,82.353,58.6,928.7,71.19
8/28/19 13:59,82.353,58.6,941.2,71.19
8/28/19 13:59,82.353,58.6,926.2,71.19
8/28/19 13:59,82.353,58.6,896.2,71.19
8/28/19 13:59,82.353,58.6,866.2,71.19
8/28/19 13:59,82.308,58.6,843.7,71.19
8/28/19 13:59,82.308,58.6,821.2,71.19
8/28/19 13:59,82.308,58.6,806.2,71.19
8/28/19 13:59,82.308,58.5,788.7,71.19
8/28/19 13:59,82.263,58.6,773.7,71.19
8/28/19 13:59,82.263,58.6,763.7,71.19
8/28/19 13:59,82.263,58.6,761.2,71.19
8/28/19 13:59,82.263,58.6,758.7,71.19
8/28/19 13:59,82.263,58.7,758.7,71.19
8/28/19 13:59,82.218,58.7,753.7,71.19
8/28/19 13:59,82.218,58.7,743.7,71.19
8/28/19 13:59,82.218,58.7,733.7,71.19
8/28/19 13:59,82.218,58.7,731.2,71.19
8/28/19 13:59,82.175,58.8,731.2,71.19
8/28/19 13:59,82.175,58.8,726.2,71.19
8/28/19 13:59,82.175,58.8,713.7,71.19
8/28/19 13:59,82.175,58.9,698.7,71.19
8/28/19 13:59,82.175,58.9,696.2,71.19
8/28/19 13:59,82.13,59,696.2,71.19
8/28/19 13:59,82.13,59.1,696.2,71.19
8/28/19 13:59,82.13,59.1,693.7,71.19
8/28/19 13:59,82.13,59.2,688.7,71.19
8/28/19 13:59,82.13,59.1,688.7,71.19
8/28/19 13:59,82.13,59.2,693.7,71.19
8/28/19 13:59,82.085,59.2,696.2,71.19
8/28/19 13:59,82.085,59.3,701.2,71.19
8/28/19 13:59,82.085,59.3,706.2,71.19
8/28/19 13:59,82.085,59.4,713.7,71.19
8/28/19 13:59,82.085,59.5,738.7,71.19
8/28/19 13:59,82.085,59.5,781.2,71.19
8/28/19 13:59,82.085,59.5,831.2,71.19
8/28/19 13:59,82.085,59.5,846.2,71.19
8/28/19 13:59,82.085,59.5,808.7,71.19
8/28/19 13:59,82.042,59.6,748.7,71.19
8/28/19 13:59,82.042,59.7,706.2,71.19
8/28/19 13:59,82.042,59.7,686.2,71.19
8/28/19 13:59,82.042,59.7,673.7,71.19
8/28/19 13:59,82.042,59.7,663.7,71.19
8/28/19 13:59,82.042,59.7,658.7,71.19
8/28/19 13:59,82.042,59.8,656.2,71.19
8/28/19 14:00,81.997,59.9,653.7,71.19
8/28/19 14:00,81.997,60,651.2,71.19
8/28/19 14:00,81.997,60.1,648.7,71.19
8/28/19 14:00,81.997,60.2,646.2,71.19
8/28/19 14:00,81.997,60.3,643.7,71.19
8/28/19 14:00,81.997,60.2,641.2,71.19
8/28/19 14:00,81.997,60.3,636.2,71.19
8/28/19 14:00,81.997,60.4,633.7,71.19
8/28/19 14:00,81.997,60.5,631.2,71.19
8/28/19 14:00,81.997,60.6,631.2,71.19
8/28/19 14:00,81.997,60.7,631.2,71.19
8/28/19 14:00,81.997,60.7,631.2,71.19
8/28/19 14:00,81.997,60.8,631.2,71.19
8/28/19 14:00,81.997,60.8,631.2,71.19
8/28/19 14:00,81.997,60.9,631.2,71.19
8/28/19 14:00,81.997,61,631.2,71.19
8/28/19 14:00,81.997,61.1,628.7,71.19
8/28/19 14:00,81.997,61.2,628.7,71.19
8/28/19 14:00,81.997,61.2,628.7,71.19
8/28/19 14:00,81.997,61.4,628.7,71.19
8/28/19 14:00,81.997,61.5,628.7,71.19
8/28/19 14:00,81.997,61.5,631.2,71.19
8/28/19 14:00,81.997,61.6,631.2,71.19
8/28/19 14:00,81.997,61.6,628.7,71.19
8/28/19 14:00,81.997,61.7,626.2,71.19
8/28/19 14:00,81.997,61.7,623.7,71.19
8/28/19 14:00,81.997,61.8,623.7,71.19
8/28/19 14:00,81.997,61.8,623.7,71.19
8/28/19 14:00,81.997,61.8,623.7,71.19
8/28/19 14:00,81.997,61.8,623.7,71.19
8/28/19 14:00,81.997,61.8,626.2,71.19
8/28/19 14:00,81.997,61.8,626.2,71.19
8/28/19 14:00,81.997,61.8,626.2,71.19
8/28/19 14:00,81.997,61.8,626.2,71.19
8/28/19 14:00,81.997,61.7,623.7,71.19
8/28/19 14:00,81.997,61.6,618.7,71.19
8/28/19 14:00,81.997,61.5,613.7,71.19
8/28/19 14:00,81.997,61.5,611.2,71.19
8/28/19 14:00,81.997,61.4,611.2,71.19
8/28/19 14:00,81.997,61.4,611.2,71.19
8/28/19 14:00,81.997,61.4,611.2,71.19
8/28/19 14:00,81.997,61.4,611.2,71.19
8/28/19 14:00,81.997,61.4,613.7,71.19
8/28/19 14:00,81.997,61.4,616.2,71.19
8/28/19 14:00,81.997,61.5,618.7,71.19
8/28/19 14:00,81.997,61.5,621.2,71.19
8/28/19 14:00,81.997,61.6,626.2,71.19
8/28/19 14:00,81.997,61.7,631.2,71.19
8/28/19 14:00,81.997,61.8,638.7,71.19
8/28/19 14:00,81.997,61.8,648.7,71.19
8/28/19 14:00,81.997,61.7,658.7,71.19
8/28/19 14:00,81.997,61.7,668.7,71.19
8/28/19 14:00,81.997,61.8,676.2,71.19
8/28/19 14:00,81.997,61.7,681.2,71.19
8/28/19 14:00,81.997,61.6,686.2,71.19
8/28/19 14:00,81.997,61.5,686.2,71.19
8/28/19 14:00,81.997,61.5,681.2,71.19
8/28/19 14:00,81.997,61.4,676.2,71.19
8/28/19 14:00,81.997,61.3,673.7,71.19
8/28/19 14:00,81.997,61.2,676.2,71.19
8/28/19 14:01,81.952,61.3,681.2,71.19
8/28/19 14:01,81.952,61.2,696.2,71.19
8/28/19 14:01,81.952,61.2,711.2,71.19
8/28/19 14:01,81.952,61.2,713.7,71.19
8/28/19 14:01,81.952,61.2,706.2,71.19
8/28/19 14:01,81.952,61.1,701.2,71.19
8/28/19 14:01,81.952,61.1,708.7,71.19
8/28/19 14:01,81.952,61.1,708.7,71.19
8/28/19 14:01,81.952,61.1,706.2,71.19
8/28/19 14:01,81.952,61.1,703.7,71.19
8/28/19 14:01,81.909,61.2,698.7,71.19
8/28/19 14:01,81.909,61.3,696.2,71.19
8/28/19 14:01,81.909,61.3,691.2,71.19
8/28/19 14:01,81.909,61.4,691.2,71.19
8/28/19 14:01,81.909,61.5,693.7,71.19
8/28/19 14:01,81.909,61.5,703.7,71.19
8/28/19 14:01,81.909,61.6,711.2,71.19
8/28/19 14:01,81.909,61.7,713.7,71.19
8/28/19 14:01,81.909,61.7,713.7,71.19
8/28/19 14:01,81.909,61.8,726.2,71.19
8/28/19 14:01,81.909,61.7,738.7,71.19
8/28/19 14:01,81.909,61.8,748.7,71.19
8/28/19 14:01,81.909,61.7,751.2,71.19
8/28/19 14:01,81.909,61.7,751.2,71.19
8/28/19 14:01,81.864,61.6,751.2,71.19
8/28/19 14:01,81.909,61.5,743.7,71.19
8/28/19 14:01,81.864,61.3,733.7,71.19
8/28/19 14:01,81.864,61.3,721.2,71.19
8/28/19 14:01,81.864,61.2,718.7,71.19
8/28/19 14:01,81.864,61.1,726.2,71.19
8/28/19 14:01,81.864,61.1,741.2,71.19
8/28/19 14:01,81.864,61.1,766.2,71.19
8/28/19 14:01,81.864,61,771.2,71.19
8/28/19 14:01,81.864,61,766.2,71.19
8/28/19 14:01,81.864,61,746.2,71.19
8/28/19 14:01,81.864,60.9,723.7,71.19
8/28/19 14:01,81.819,60.9,711.2,71.19
8/28/19 14:01,81.819,60.9,701.2,71.19
8/28/19 14:01,81.819,60.9,693.7,71.19
8/28/19 14:01,81.819,61,688.7,71.19
8/28/19 14:01,81.819,61,683.7,71.19
8/28/19 14:01,81.819,61,678.7,71.19
8/28/19 14:01,81.819,61.1,673.7,71.19
8/28/19 14:01,81.819,61.1,671.2,71.146
8/28/19 14:01,81.819,61.1,668.7,71.19
8/28/19 14:01,81.775,61.1,666.2,71.146
8/28/19 14:01,81.775,61,663.7,71.19
8/28/19 14:01,81.775,61,661.2,71.19
8/28/19 14:01,81.775,61,661.2,71.19
8/28/19 14:01,81.775,61,661.2,71.19
8/28/19 14:01,81.775,60.9,661.2,71.146
8/28/19 14:01,81.775,60.9,661.2,71.146
8/28/19 14:01,81.775,60.8,661.2,71.146
8/28/19 14:01,81.73,60.8,661.2,71.19
8/28/19 14:01,81.73,60.8,661.2,71.19
8/28/19 14:01,81.73,60.8,661.2,71.19
8/28/19 14:01,81.73,60.8,666.2,71.19
8/28/19 14:01,81.73,60.7,671.2,71.19
8/28/19 14:01,81.73,60.9,683.7,71.146
8/28/19 14:01,81.73,61,698.7,71.146
8/28/19 14:02,81.687,61.1,698.7,71.19
8/28/19 14:02,81.687,61.1,691.2,71.19
8/28/19 14:02,81.687,61.3,678.7,71.146
8/28/19 14:02,81.687,61.2,668.7,71.19
8/28/19 14:02,81.687,61.2,668.7,71.146
8/28/19 14:02,81.687,61.3,663.7,71.19
8/28/19 14:02,81.687,61,658.7,71.19
8/28/19 14:02,81.687,60.9,658.7,71.19
8/28/19 14:02,81.687,60.8,656.2,71.146
8/28/19 14:02,81.687,60.7,656.2,71.146
8/28/19 14:02,81.687,60.7,656.2,71.19
8/28/19 14:02,81.642,60.7,656.2,71.146
8/28/19 14:02,81.642,60.7,656.2,71.146
8/28/19 14:02,81.642,60.6,656.2,71.19
8/28/19 14:02,81.642,60.7,658.7,71.19
8/28/19 14:02,81.642,60.6,663.7,71.146
8/28/19 14:02,81.642,60.6,668.7,71.146
8/28/19 14:02,81.597,60.6,678.7,71.146
8/28/19 14:02,81.597,60.6,688.7,71.146
8/28/19 14:02,81.597,60.6,688.7,71.19
8/28/19 14:02,81.597,60.7,683.7,71.146
8/28/19 14:02,81.597,60.6,676.2,71.146
8/28/19 14:02,81.597,60.6,671.2,71.146
8/28/19 14:02,81.597,60.7,671.2,71.146
8/28/19 14:02,81.597,60.6,673.7,71.146
8/28/19 14:02,81.554,60.7,678.7,71.146
8/28/19 14:02,81.554,60.7,681.2,71.146
8/28/19 14:02,81.554,60.7,688.7,71.146
8/28/19 14:02,81.554,60.8,696.2,71.146
8/28/19 14:02,81.554,60.8,706.2,71.19
8/28/19 14:02,81.554,60.9,721.2,71.146
8/28/19 14:02,81.554,60.9,738.7,71.146
8/28/19 14:02,81.554,60.9,761.2,71.19
8/28/19 14:02,81.554,60.9,781.2,71.146
8/28/19 14:02,81.509,60.9,798.7,71.146
8/28/19 14:02,81.509,61,823.7,71.146
8/28/19 14:02,81.509,61.1,846.2,71.146
8/28/19 14:02,81.509,61.3,853.7,71.146
8/28/19 14:02,81.509,61.2,841.2,71.19
8/28/19 14:02,81.509,61.3,818.7,71.146
8/28/19 14:02,81.509,61.4,801.2,71.146
8/28/19 14:02,81.509,61.5,806.2,71.146
8/28/19 14:02,81.509,61.6,826.2,71.146
8/28/19 14:02,81.509,61.5,843.7,71.146
8/28/19 14:02,81.509,61.6,861.2,71.146
8/28/19 14:02,81.509,61.8,873.7,71.146
8/28/19 14:02,81.466,61.8,898.7,71.146
8/28/19 14:02,81.509,61.6,928.7,71.146
8/28/19 14:02,81.509,61.8,943.7,71.146
8/28/19 14:02,81.466,61.7,943.7,71.146
8/28/19 14:02,81.466,61.6,928.7,71.146
8/28/19 14:02,81.466,61.6,941.2,71.146
8/28/19 14:02,81.466,61.7,963.7,71.146
8/28/19 14:02,81.466,61.7,988.7,71.146
8/28/19 14:02,81.466,61.7,1003.7,71.146
8/28/19 14:02,81.466,61.6,983.7,71.146
8/28/19 14:02,81.466,61.7,943.7,71.146
8/28/19 14:02,81.466,61.8,888.7,71.146
8/28/19 14:02,81.466,61.9,846.2,71.146
8/28/19 14:02,81.466,62,821.2,71.146
8/28/19 14:03,81.466,62.2,808.7,71.146
8/28/19 14:03,81.466,62.1,796.2,71.146
8/28/19 14:03,81.466,62.2,786.2,71.146
8/28/19 14:03,81.421,62.2,781.2,71.146
8/28/19 14:03,81.466,62.2,773.7,71.146
8/28/19 14:03,81.466,62.2,771.2,71.146
8/28/19 14:03,81.421,62.1,768.7,71.146
8/28/19 14:03,81.421,62,763.7,71.146
8/28/19 14:03,81.421,61.9,763.7,71.146
8/28/19 14:03,81.421,61.8,763.7,71.146
8/28/19 14:03,81.421,61.8,768.7,71.146
8/28/19 14:03,81.421,61.7,778.7,71.146
8/28/19 14:03,81.421,61.7,793.7,71.146
8/28/19 14:03,81.421,61.7,811.2,71.146
8/28/19 14:03,81.421,61.6,828.7,71.146
8/28/19 14:03,81.421,61.5,848.7,71.146
8/28/19 14:03,81.376,61.5,853.7,71.146
8/28/19 14:03,81.421,61.6,848.7,71.146
8/28/19 14:03,81.376,61.6,833.7,71.146
8/28/19 14:03,81.376,61.7,816.2,71.146
8/28/19 14:03,81.376,61.7,808.7,71.146
8/28/19 14:03,81.376,61.6,803.7,71.146
8/28/19 14:03,81.376,61.6,801.2,71.146
8/28/19 14:03,81.376,61.4,791.2,71.146
8/28/19 14:03,81.376,61.1,783.7,71.146
8/28/19 14:03,81.376,61.1,776.2,71.146
8/28/19 14:03,81.376,60.9,773.7,71.146
8/28/19 14:03,81.333,60.8,773.7,71.146
8/28/19 14:03,81.333,60.7,773.7,71.146
8/28/19 14:03,81.333,60.6,771.2,71.146
8/28/19 14:03,81.333,60.6,768.7,71.146
8/28/19 14:03,81.333,60.6,768.7,71.146
8/28/19 14:03,81.288,60.7,771.2,71.146
8/28/19 14:03,81.288,60.7,773.7,71.146
8/28/19 14:03,81.288,60.8,776.2,71.146
8/28/19 14:03,81.288,60.9,793.7,71.146
8/28/19 14:03,81.288,61.1,818.7,71.146
8/28/19 14:03,81.288,61.2,841.2,71.146
8/28/19 14:03,81.288,61.2,838.7,71.146
8/28/19 14:03,81.288,61.2,821.2,71.146
8/28/19 14:03,81.244,61.2,803.7,71.146
8/28/19 14:03,81.244,61.2,793.7,71.146
8/28/19 14:03,81.244,61.2,786.2,71.146
8/28/19 14:03,81.244,61.2,783.7,71.146
8/28/19 14:03,81.244,61.2,788.7,71.146
8/28/19 14:03,81.244,61.2,793.7,71.146
8/28/19 14:03,81.244,61.2,798.7,71.146
8/28/19 14:03,81.244,61.2,803.7,71.146
8/28/19 14:03,81.244,61.1,811.2,71.146
8/28/19 14:03,81.199,61.2,821.2,71.146
8/28/19 14:03,81.199,61.2,833.7,71.146
8/28/19 14:03,81.199,61.2,846.2,71.146
8/28/19 14:03,81.199,61.3,856.2,71.146
8/28/19 14:03,81.199,61.4,871.2,71.146
8/28/19 14:03,81.199,61.4,906.2,71.146
8/28/19 14:03,81.199,61.4,933.7,71.146
8/28/19 14:03,81.199,61.3,931.2,71.146
8/28/19 14:03,81.154,61.2,903.7,71.146
8/28/19 14:03,81.154,61.2,861.2,71.146
8/28/19 14:03,81.154,61.1,833.7,71.146
8/28/19 14:04,81.154,61,836.2,71.146
8/28/19 14:04,81.154,60.9,848.7,71.146
8/28/19 14:04,81.154,61,861.2,71.146
8/28/19 14:04,81.154,61,868.7,71.146
8/28/19 14:04,81.154,61.1,868.7,71.146
8/28/19 14:04,81.154,61.1,871.2,71.146
8/28/19 14:04,81.111,61.2,876.2,71.146
8/28/19 14:04,81.111,61.1,878.7,71.146
8/28/19 14:04,81.111,61.1,881.2,71.146
8/28/19 14:04,81.111,61.2,888.7,71.146
8/28/19 14:04,81.111,61.2,906.2,71.146
8/28/19 14:04,81.111,61.2,928.7,71.146
8/28/19 14:04,81.111,61.2,946.2,71.146
8/28/19 14:04,81.111,61.2,968.7,71.146
8/28/19 14:04,81.066,61.1,1016.2,71.146
8/28/19 14:04,81.066,61.1,1101.2,71.146
8/28/19 14:04,81.066,61.2,1188.7,71.146
8/28/19 14:04,81.066,61.1,1241.2,71.146
8/28/19 14:04,81.066,61.1,1276.2,71.146
8/28/19 14:04,81.066,61.1,1283.7,71.146
8/28/19 14:04,81.066,61.1,1276.2,71.146
8/28/19 14:04,81.066,61.1,1218.7,71.146
8/28/19 14:04,81.066,61.1,1143.7,71.146
8/28/19 14:04,81.066,61.1,1091.2,71.146
8/28/19 14:04,81.023,61.2,1058.7,71.146
8/28/19 14:04,81.023,61.2,1063.7,71.146
8/28/19 14:04,81.023,61.2,1101.2,71.146
8/28/19 14:04,81.023,61.1,1131.2,71.146
8/28/19 14:04,81.023,61.2,1126.2,71.146
8/28/19 14:04,81.023,61.2,1093.7,71.146
8/28/19 14:04,81.023,61.1,1038.7,71.146
8/28/19 14:04,81.023,61.1,1003.7,71.146
8/28/19 14:04,81.023,61.1,1011.2,71.146
8/28/19 14:04,81.023,61.1,1096.2,71.146
8/28/19 14:04,81.023,61,1221.2,71.146
8/28/19 14:04,81.023,60.9,1318.7,71.146
8/28/19 14:04,81.023,60.9,1393.7,71.146
8/28/19 14:04,81.023,60.8,1418.7,71.146
8/28/19 14:04,81.023,60.8,1436.2,71.146
8/28/19 14:04,81.023,60.8,1488.7,71.146
8/28/19 14:04,81.023,60.9,1541.2,71.146
8/28/19 14:04,81.023,60.9,1548.7,71.146
8/28/19 14:04,81.023,61,1451.2,71.146
8/28/19 14:04,81.023,61,1281.2,71.146
8/28/19 14:04,80.978,61.1,1181.2,71.146
8/28/19 14:04,80.978,61.1,1141.2,71.146
8/28/19 14:04,81.023,61.2,1166.2,71.146
8/28/19 14:04,81.023,61.1,1206.2,71.146
8/28/19 14:04,81.023,61.2,1243.7,71.146
8/28/19 14:04,81.023,61.3,1283.7,71.146
8/28/19 14:04,81.023,61.4,1318.7,71.146
8/28/19 14:04,81.023,61.4,1341.2,71.146
8/28/19 14:04,81.023,61.5,1371.2,71.146
8/28/19 14:04,81.023,61.6,1353.7,71.146
8/28/19 14:04,81.023,61.6,1306.2,71.146
8/28/19 14:04,81.023,61.7,1213.7,71.146
8/28/19 14:04,81.023,61.7,1131.2,71.146
8/28/19 14:04,81.023,61.6,1101.2,71.146
8/28/19 14:04,81.023,61.7,1086.2,71.146
8/28/19 14:04,81.023,61.7,1068.7,71.146
8/28/19 14:05,81.023,61.6,1046.2,71.146
8/28/19 14:05,81.023,61.6,1021.2,71.146
8/28/19 14:05,81.023,61.5,1008.7,71.146
8/28/19 14:05,81.023,61.4,1008.7,71.146
8/28/19 14:05,81.023,61.4,998.7,71.146
8/28/19 14:05,81.023,61.2,971.2,71.146
8/28/19 14:05,81.023,61.2,948.7,71.146
8/28/19 14:05,81.023,61.2,933.7,71.146
8/28/19 14:05,81.023,61.1,926.2,71.146
8/28/19 14:05,81.023,61.1,926.2,71.146
8/28/19 14:05,81.023,61,928.7,71.146
8/28/19 14:05,81.023,60.9,936.2,71.146
8/28/19 14:05,81.023,61,948.7,71.146
8/28/19 14:05,81.023,61,971.2,71.146
8/28/19 14:05,81.023,61,1013.7,71.146
8/28/19 14:05,81.023,61.1,1083.7,71.146
8/28/19 14:05,81.023,61.2,1198.7,71.146
8/28/19 14:05,81.023,61.2,1308.7,71.146
8/28/19 14:05,81.023,61.2,1368.7,71.146
8/28/19 14:05,81.023,61.2,1373.7,71.146
8/28/19 14:05,81.023,61.2,1336.2,71.146
8/28/19 14:05,81.066,61.2,1331.2,71.146
8/28/19 14:05,81.023,61.2,1388.7,71.146
8/28/19 14:05,81.023,61.2,1503.7,71.146
8/28/19 14:05,81.023,61.3,1641.2,71.146
8/28/19 14:05,81.023,61.4,1681.2,71.146
8/28/19 14:05,81.023,61.5,1626.2,71.146
8/28/19 14:05,81.023,61.4,1546.2,71.146
8/28/19 14:05,81.023,61.4,1466.2,71.146
8/28/19 14:05,81.066,61.5,1421.2,71.146
8/28/19 14:05,81.023,61.5,1386.2,71.146
8/28/19 14:05,81.066,61.6,1373.7,71.146
8/28/19 14:05,81.066,61.6,1433.7,71.146
8/28/19 14:05,81.066,61.7,1523.7,71.146
8/28/19 14:05,81.066,61.6,1616.2,71.146
8/28/19 14:05,81.066,61.7,1678.7,71.146
8/28/19 14:05,81.066,61.7,1738.7,71.146
8/28/19 14:05,81.066,61.7,1836.2,71.146
8/28/19 14:05,81.066,61.6,1873.7,71.146
8/28/19 14:05,81.066,61.7,1773.7,71.146
8/28/19 14:05,81.066,61.7,1581.2,71.146
8/28/19 14:05,81.066,61.7,1441.2,71.146
8/28/19 14:05,81.066,61.6,1413.7,71.146
8/28/19 14:05,81.066,61.5,1456.2,71.146
8/28/19 14:05,81.066,61.4,1508.7,71.146
8/28/19 14:05,81.066,61.3,1511.2,71.146
8/28/19 14:05,81.066,61.2,1533.7,71.146
8/28/19 14:05,81.066,61.2,1596.2,71.146
8/28/19 14:05,81.111,61.2,1673.7,71.146
8/28/19 14:05,81.111,61.3,1736.2,71.146
8/28/19 14:05,81.111,61.3,1728.7,71.146
8/28/19 14:05,81.111,61.4,1746.2,71.146
8/28/19 14:05,81.111,61.5,1853.7,71.146
8/28/19 14:05,81.111,61.6,2023.7,71.146
8/28/19 14:05,81.111,61.7,2153.7,71.146
8/28/19 14:05,81.111,61.7,2143.7,71.146
8/28/19 14:05,81.111,61.8,1968.7,71.146
8/28/19 14:05,81.154,61.8,1703.7,71.146
8/28/19 14:05,81.154,61.8,1503.7,71.146
8/28/19 14:05,81.154,61.7,1378.7,71.146
8/28/19 14:06,81.154,61.6,1311.2,71.146
8/28/19 14:06,81.154,61.7,1316.2,71.146
8/28/19 14:06,81.154,61.7,1338.7,71.146
8/28/19 14:06,81.154,61.7,1398.7,71.146
8/28/19 14:06,81.154,61.7,1431.2,71.146
8/28/19 14:06,81.199,61.7,1421.2,71.146
8/28/19 14:06,81.199,61.7,1403.7,71.146
8/28/19 14:06,81.199,61.7,1441.2,71.146
8/28/19 14:06,81.199,61.6,1513.7,71.146
8/28/19 14:06,81.199,61.7,1596.2,71.146
8/28/19 14:06,81.199,61.7,1653.7,71.146
8/28/19 14:06,81.199,61.7,1756.2,71.146
8/28/19 14:06,81.244,61.7,1893.7,71.146
8/28/19 14:06,81.244,61.7,2016.2,71.146
8/28/19 14:06,81.244,61.8,2061.2,71.146
8/28/19 14:06,81.244,62,1971.2,71.146
8/28/19 14:06,81.244,62.1,1878.7,71.146
8/28/19 14:06,81.244,62.1,1868.7,71.146
8/28/19 14:06,81.288,62,1933.7,71.146
8/28/19 14:06,81.288,61.9,2011.2,71.146
8/28/19 14:06,81.288,61.7,2018.7,71.146
8/28/19 14:06,81.288,61.6,1988.7,71.146
8/28/19 14:06,81.288,61.7,1938.7,71.146
8/28/19 14:06,81.333,61.6,1833.7,71.146
8/28/19 14:06,81.333,61.5,1731.2,71.146
8/28/19 14:06,81.333,61.4,1663.7,71.146
8/28/19 14:06,81.333,61.4,1708.7,71.146
8/28/19 14:06,81.333,61.4,1806.2,71.146
8/28/19 14:06,81.333,61.4,1891.2,71.146
8/28/19 14:06,81.376,61.5,1973.7,71.146
8/28/19 14:06,81.376,61.6,2063.7,71.146
8/28/19 14:06,81.376,61.6,2171.2,71.146
8/28/19 14:06,81.376,61.7,2233.7,71.146
8/28/19 14:06,81.376,61.7,2246.2,71.146
8/28/19 14:06,81.421,61.7,2153.7,71.146
8/28/19 14:06,81.421,61.6,2041.2,71.146
8/28/19 14:06,81.421,61.6,1981.2,71.146
8/28/19 14:06,81.421,61.7,2013.7,71.146
8/28/19 14:06,81.421,61.7,2126.2,71.146
8/28/19 14:06,81.466,61.6,2226.2,71.146
8/28/19 14:06,81.466,61.8,2266.2,71.146
8/28/19 14:06,81.466,61.8,2258.7,71.146
8/28/19 14:06,81.466,61.8,2208.7,71.146
8/28/19 14:06,81.509,61.8,2138.7,71.146
8/28/19 14:06,81.509,61.7,2066.2,71.146
8/28/19 14:06,81.509,61.7,2031.2,71.146
8/28/19 14:06,81.509,61.7,2031.2,71.146
8/28/19 14:06,81.554,61.8,1988.7,71.146
8/28/19 14:06,81.554,61.8,1946.2,71.146
8/28/19 14:06,81.554,61.8,1948.7,71.146
8/28/19 14:06,81.554,61.8,1991.2,71.146
8/28/19 14:06,81.554,61.8,2093.7,71.146
8/28/19 14:06,81.597,61.8,2138.7,71.146
8/28/19 14:06,81.597,61.8,2048.7,71.146
8/28/19 14:06,81.597,61.8,1906.2,71.146
8/28/19 14:06,81.597,61.7,1808.7,71.146
8/28/19 14:06,81.642,61.7,1758.7,71.146
8/28/19 14:06,81.642,61.8,1726.2,71.146
8/28/19 14:06,81.642,61.7,1666.2,71.146
8/28/19 14:06,81.687,61.8,1641.2,71.146
8/28/19 14:07,81.687,61.7,1691.2,71.146
8/28/19 14:07,81.687,61.6,1716.2,71.146
8/28/19 14:07,81.687,61.5,1668.7,71.146
8/28/19 14:07,81.687,61.3,1586.2,71.146
8/28/19 14:07,81.73,61.3,1528.7,71.146
8/28/19 14:07,81.73,61.2,1556.2,71.146
8/28/19 14:07,81.73,61.1,1678.7,71.146
8/28/19 14:07,81.73,61.1,1778.7,71.146
8/28/19 14:07,81.775,61.1,1808.7,71.146
8/28/19 14:07,81.775,61.1,1818.7,71.146
8/28/19 14:07,81.775,61.1,1883.7,71.146
8/28/19 14:07,81.775,61,1991.2,71.146
8/28/19 14:07,81.775,60.9,2046.2,71.146
8/28/19 14:07,81.775,60.8,2011.2,71.146
8/28/19 14:07,81.819,60.8,1908.7,71.146
8/28/19 14:07,81.819,60.8,1753.7,71.146
8/28/19 14:07,81.819,60.7,1621.2,71.146
8/28/19 14:07,81.819,60.7,1536.2,71.146
8/28/19 14:07,81.819,60.7,1521.2,71.146
8/28/19 14:07,81.819,60.6,1563.7,71.146
8/28/19 14:07,81.864,60.4,1571.2,71.146
8/28/19 14:07,81.864,60.2,1526.2,71.146
8/28/19 14:07,81.864,60.1,1446.2,71.146
8/28/19 14:07,81.864,59.9,1391.2,71.146
8/28/19 14:07,81.864,59.7,1376.2,71.146
8/28/19 14:07,81.864,59.6,1383.7,71.146
8/28/19 14:07,81.864,59.6,1358.7,71.146
8/28/19 14:07,81.864,59.6,1296.2,71.146
8/28/19 14:07,81.864,59.6,1231.2,71.146
8/28/19 14:07,81.864,59.6,1178.7,71.146
8/28/19 14:07,81.864,59.6,1171.2,71.146
8/28/19 14:07,81.864,59.7,1198.7,71.146
8/28/19 14:07,81.864,59.6,1238.7,71.146
8/28/19 14:07,81.864,59.7,1273.7,71.146
8/28/19 14:07,81.864,59.9,1283.7,71.146
8/28/19 14:07,81.864,59.9,1341.2,71.146
8/28/19 14:07,81.864,60,1433.7,71.146
8/28/19 14:07,81.864,60.1,1526.2,71.146
8/28/19 14:07,81.864,60.2,1623.7,71.146
8/28/19 14:07,81.864,60.3,1693.7,71.146
8/28/19 14:07,81.864,60.4,1788.7,71.146
8/28/19 14:07,81.909,60.6,1898.7,71.146
8/28/19 14:07,81.909,60.7,1996.2,71.146
8/28/19 14:07,81.909,60.7,2083.7,71.146
8/28/19 14:07,81.909,60.8,2076.2,71.146
8/28/19 14:07,81.909,61,2011.2,71.146
8/28/19 14:07,81.909,61.1,1961.2,71.146
8/28/19 14:07,81.909,61.3,1968.7,71.146
8/28/19 14:07,81.952,61.4,2023.7,71.146
8/28/19 14:07,81.952,61.6,2063.7,71.146
8/28/19 14:07,81.952,61.7,2021.2,71.146
8/28/19 14:07,81.952,61.9,1891.2,71.146
8/28/19 14:07,81.952,62.1,1768.7,71.146
8/28/19 14:07,81.997,62.2,1683.7,71.146
8/28/19 14:07,81.997,62.3,1646.2,71.146
8/28/19 14:07,81.997,62.2,1713.7,71.146
8/28/19 14:07,82.042,62.3,1811.2,71.146
8/28/19 14:07,82.042,62.4,1936.2,71.146
8/28/19 14:07,82.042,62.4,1993.7,71.146
8/28/19 14:07,82.042,62.5,1931.2,71.146
8/28/19 14:08,82.085,62.5,1836.2,71.146
8/28/19 14:08,82.085,62.6,1768.7,71.146
8/28/19 14:08,82.085,62.7,1761.2,71.146
8/28/19 14:08,82.085,62.7,1786.2,71.146
8/28/19 14:08,82.13,62.8,1791.2,71.146
8/28/19 14:08,82.13,62.8,1793.7,71.146
8/28/19 14:08,82.13,62.8,1793.7,71.146
8/28/19 14:08,82.13,62.8,1858.7,71.146
8/28/19 14:08,82.175,62.7,1966.2,71.19
8/28/19 14:08,82.175,62.8,2093.7,71.146
8/28/19 14:08,82.175,62.8,2188.7,71.19
8/28/19 14:08,82.218,62.8,2236.2,71.146
8/28/19 14:08,82.218,62.7,2258.7,71.19
8/28/19 14:08,82.218,62.8,2273.7,71.19
8/28/19 14:08,82.263,62.8,2296.2,71.146
8/28/19 14:08,82.263,62.8,2308.7,71.146
8/28/19 14:08,82.263,62.9,2318.7,71.146
8/28/19 14:08,82.308,62.9,2328.7,71.19
8/28/19 14:08,82.308,63,2321.2,71.146
8/28/19 14:08,82.308,63.1,2258.7,71.19
8/28/19 14:08,82.353,63.1,2106.2,71.19
8/28/19 14:08,82.353,63,1926.2,71.19
8/28/19 14:08,82.353,62.8,1761.2,71.19
8/28/19 14:08,82.353,62.7,1668.7,71.19
8/28/19 14:08,82.396,62.5,1548.7,71.19
8/28/19 14:08,82.396,62.3,1398.7,71.19
8/28/19 14:08,82.441,62.1,1288.7,71.19
8/28/19 14:08,82.441,61.8,1243.7,71.19
8/28/19 14:08,82.441,61.7,1258.7,71.19
8/28/19 14:08,82.441,61.5,1281.2,71.19
8/28/19 14:08,82.441,61.2,1306.2,71.19
8/28/19 14:08,82.486,61.1,1343.7,71.19
8/28/19 14:08,82.486,60.9,1376.2,71.19
8/28/19 14:08,82.486,60.8,1426.2,71.19
8/28/19 14:08,82.486,60.6,1496.2,71.19
8/28/19 14:08,82.486,60.5,1546.2,71.19
8/28/19 14:08,82.486,60.4,1541.2,71.19
8/28/19 14:08,82.486,60.3,1496.2,71.19
8/28/19 14:08,82.486,60.2,1476.2,71.19
8/28/19 14:08,82.486,60.1,1561.2,71.19
8/28/19 14:08,82.486,60.1,1691.2,71.19
8/28/19 14:08,82.486,60,1706.2,71.19
8/28/19 14:08,82.486,59.9,1616.2,71.19
8/28/19 14:08,82.486,59.9,1498.7,71.19
8/28/19 14:08,82.486,60,1456.2,71.19
8/28/19 14:08,82.486,60,1438.7,71.19
8/28/19 14:08,82.486,60.1,1433.7,71.19
8/28/19 14:08,82.486,60.2,1436.2,71.19
8/28/19 14:08,82.486,60.3,1433.7,71.19
8/28/19 14:08,82.486,60.2,1416.2,71.19
8/28/19 14:08,82.486,60.2,1338.7,71.19
8/28/19 14:08,82.486,60.1,1231.2,71.19
8/28/19 14:08,82.486,60.1,1136.2,71.19
8/28/19 14:08,82.486,60,1073.7,71.19
8/28/19 14:08,82.486,59.9,1063.7,71.19
8/28/19 14:08,82.486,59.8,1071.2,71.19
8/28/19 14:08,82.486,59.7,1073.7,71.19
8/28/19 14:08,82.441,59.7,1076.2,71.19
8/28/19 14:08,82.441,59.5,1096.2,71.19
8/28/19 14:08,82.441,59.4,1128.7,71.19
8/28/19 14:09,82.441,59.3,1151.2,71.19
8/28/19 14:09,82.441,59.2,1158.7,71.19
8/28/19 14:09,82.441,59.1,1153.7,71.19
8/28/19 14:09,82.441,59.2,1141.2,71.19
8/28/19 14:09,82.396,59.1,1118.7,71.19
8/28/19 14:09,82.396,59,1083.7,71.19
8/28/19 14:09,82.396,59,1046.2,71.19
8/28/19 14:09,82.396,59,1036.2,71.19
8/28/19 14:09,82.396,59,1026.2,71.19
8/28/19 14:09,82.353,59,1013.7,71.19
8/28/19 14:09,82.353,59,1001.2,71.19
8/28/19 14:09,82.353,59,986.2,71.19
8/28/19 14:09,82.353,59,976.2,71.19
8/28/19 14:09,82.308,59,971.2,71.19
8/28/19 14:09,82.308,59,968.7,71.19
8/28/19 14:09,82.308,59.1,973.7,71.19
8/28/19 14:09,82.308,59.1,988.7,71.19
8/28/19 14:09,82.308,59.1,1013.7,71.19
8/28/19 14:09,82.263,59.2,1033.7,71.19
8/28/19 14:09,82.263,59.4,1048.7,71.19
8/28/19 14:09,82.263,59.5,1048.7,71.19
8/28/19 14:09,82.263,59.7,1038.7,71.19
8/28/19 14:09,82.263,59.7,1028.7,71.19
8/28/19 14:09,82.218,59.7,1016.2,71.19
8/28/19 14:09,82.263,59.8,1006.2,71.19
8/28/19 14:09,82.218,59.8,998.7,71.19
8/28/19 14:09,82.218,59.9,993.7,71.19
8/28/19 14:09,82.218,59.9,993.7,71.19
8/28/19 14:09,82.218,60,1003.7,71.19
8/28/19 14:09,82.218,60.1,1033.7,71.19
8/28/19 14:09,82.218,60.2,1048.7,71.19
8/28/19 14:09,82.218,60.2,1041.2,71.19
8/28/19 14:09,82.175,60.2,1013.7,71.19
8/28/19 14:09,82.218,60.2,983.7,71.19
8/28/19 14:09,82.175,60.2,976.2,71.19
8/28/19 14:09,82.175,60.3,976.2,71.19
8/28/19 14:09,82.175,60.2,978.7,71.19
8/28/19 14:09,82.175,60.3,986.2,71.19
8/28/19 14:09,82.175,60.2,998.7,71.19
8/28/19 14:09,82.175,60.2,1016.2,71.19
8/28/19 14:09,82.175,60.3,1028.7,71.19
8/28/19 14:09,82.175,60.2,1026.2,71.19
8/28/19 14:09,82.175,60.2,1011.2,71.19
8/28/19 14:09,82.175,60.1,991.2,71.19
8/28/19 14:09,82.175,60.1,988.7,71.19
8/28/19 14:09,82.13,60.2,993.7,71.19
8/28/19 14:09,82.13,60.2,1006.2,71.19
8/28/19 14:09,82.13,60.3,1008.7,71.19
8/28/19 14:09,82.13,60.3,1001.2,71.19
8/28/19 14:09,82.13,60.3,988.7,71.19
8/28/19 14:09,82.13,60.3,978.7,71.19
8/28/19 14:09,82.13,60.3,981.2,71.19
8/28/19 14:09,82.13,60.3,988.7,71.19
8/28/19 14:09,82.13,60.2,1003.7,71.19
8/28/19 14:09,82.13,60.2,1021.2,71.231
8/28/19 14:09,82.085,60.1,1033.7,71.19
8/28/19 14:09,82.085,60.1,1038.7,71.19
8/28/19 14:09,82.085,60.1,1026.2,71.19
8/28/19 14:09,82.085,60.1,1011.2,71.19
8/28/19 14:09,82.085,60.2,1001.2,71.19
8/28/19 14:10,82.085,60.2,1003.7,71.231
8/28/19 14:10,82.085,60.3,1016.2,71.19
8/28/19 14:10,82.085,60.3,1048.7,71.19
8/28/19 14:10,82.085,60.4,1103.7,71.19
8/28/19 14:10,82.085,60.4,1166.2,71.19
8/28/19 14:10,82.085,60.5,1223.7,71.19
8/28/19 14:10,82.085,60.5,1253.7,71.19
8/28/19 14:10,82.085,60.6,1228.7,71.231
8/28/19 14:10,82.085,60.6,1163.7,71.231
8/28/19 14:10,82.085,60.6,1096.2,71.19
8/28/19 14:10,82.085,60.7,1051.2,71.231
8/28/19 14:10,82.085,60.8,1038.7,71.19
8/28/19 14:10,82.085,60.8,1041.2,71.19
8/28/19 14:10,82.085,61,1053.7,71.19
8/28/19 14:10,82.085,61.1,1071.2,71.231
8/28/19 14:10,82.085,61.2,1096.2,71.231
8/28/19 14:10,82.085,61.2,1121.2,71.19
8/28/19 14:10,82.085,61.2,1141.2,71.231
8/28/19 14:10,82.085,61.2,1151.2,71.19
8/28/19 14:10,82.085,61.2,1171.2,71.231
8/28/19 14:10,82.085,61.2,1193.7,71.19
8/28/19 14:10,82.085,61.2,1206.2,71.231
8/28/19 14:10,82.085,61.2,1191.2,71.19
8/28/19 14:10,82.085,61.2,1163.7,71.19
8/28/19 14:10,82.085,61.2,1148.7,71.231
8/28/19 14:10,82.085,61.3,1153.7,71.231
8/28/19 14:10,82.085,61.3,1171.2,71.19
8/28/19 14:10,82.085,61.3,1188.7,71.231
8/28/19 14:10,82.085,61.3,1198.7,71.19
8/28/19 14:10,82.085,61.3,1208.7,71.231
8/28/19 14:10,82.085,61.2,1223.7,71.19
8/28/19 14:10,82.085,61.3,1243.7,71.19
8/28/19 14:10,82.085,61.3,1251.2,71.19
8/28/19 14:10,82.085,61.3,1248.7,71.231
8/28/19 14:10,82.085,61.3,1226.2,71.231
8/28/19 14:10,82.085,61.3,1206.2,71.231
8/28/19 14:10,82.085,61.2,1198.7,71.231
8/28/19 14:10,82.085,61.2,1196.2,71.231
8/28/19 14:10,82.085,61.1,1203.7,71.231
8/28/19 14:10,82.085,60.9,1208.7,71.231
8/28/19 14:10,82.085,60.8,1218.7,71.19
8/28/19 14:10,82.085,60.7,1223.7,71.231
8/28/19 14:10,82.042,60.6,1233.7,71.231
8/28/19 14:10,82.042,60.6,1241.2,71.231
8/28/19 14:10,82.042,60.5,1236.2,71.231
8/28/19 14:10,82.042,60.4,1223.7,71.231
8/28/19 14:10,82.042,60.4,1206.2,71.231
8/28/19 14:10,82.042,60.3,1191.2,71.231
8/28/19 14:10,82.042,60.3,1186.2,71.231
8/28/19 14:10,82.042,60.3,1186.2,71.19
8/28/19 14:10,82.042,60.2,1191.2,71.231
8/28/19 14:10,82.042,60.2,1198.7,71.231
8/28/19 14:10,81.997,60.1,1211.2,71.231
8/28/19 14:10,81.997,60.1,1221.2,71.231
8/28/19 14:10,81.997,60,1221.2,71.231
8/28/19 14:10,81.997,60,1213.7,71.231
8/28/19 14:10,81.997,60,1206.2,71.19
8/28/19 14:10,81.997,60,1201.2,71.231
8/28/19 14:10,81.997,59.9,1198.7,71.231
8/28/19 14:10,81.952,59.9,1196.2,71.231
8/28/19 14:11,81.952,59.9,1198.7,71.231
8/28/19 14:11,81.952,59.9,1201.2,71.231
8/28/19 14:11,81.952,59.9,1203.7,71.231
8/28/19 14:11,81.952,59.9,1203.7,71.231
8/28/19 14:11,81.952,59.9,1203.7,71.231
8/28/19 14:11,81.909,60,1201.2,71.231
8/28/19 14:11,81.909,60,1201.2,71.231
8/28/19 14:11,81.909,60.1,1201.2,71.231
8/28/19 14:11,81.909,60.2,1198.7,71.231
8/28/19 14:11,81.909,60.2,1203.7,71.231
8/28/19 14:11,81.909,60.3,1216.2,71.231
8/28/19 14:11,81.864,60.4,1228.7,71.231
8/28/19 14:11,81.864,60.5,1231.2,71.231
8/28/19 14:11,81.864,60.6,1218.7,71.231
8/28/19 14:11,81.864,60.7,1201.2,71.231
8/28/19 14:11,81.864,60.8,1188.7,71.231
8/28/19 14:11,81.864,60.8,1181.2,71.231
8/28/19 14:11,81.864,60.8,1173.7,71.231
8/28/19 14:11,81.864,60.9,1163.7,71.231
8/28/19 14:11,81.864,61,1153.7,71.231
8/28/19 14:11,81.864,61,1153.7,71.231
8/28/19 14:11,81.864,61,1158.7,71.231
8/28/19 14:11,81.864,61,1166.2,71.231
8/28/19 14:11,81.864,60.9,1183.7,71.231
8/28/19 14:11,81.864,60.9,1206.2,71.231
8/28/19 14:11,81.864,60.9,1216.2,71.231
8/28/19 14:11,81.864,60.9,1206.2,71.231
8/28/19 14:11,81.864,60.9,1183.7,71.231
8/28/19 14:11,81.864,60.9,1161.2,71.231
8/28/19 14:11,81.819,60.9,1143.7,71.231
8/28/19 14:11,81.819,60.9,1128.7,71.231
8/28/19 14:11,81.819,60.9,1121.2,71.231
8/28/19 14:11,81.819,60.8,1113.7,71.231
8/28/19 14:11,81.819,60.8,1108.7,71.231
8/28/19 14:11,81.819,60.8,1108.7,71.231
8/28/19 14:11,81.819,60.7,1103.7,71.231
8/28/19 14:11,81.819,60.8,1098.7,71.231
8/28/19 14:11,81.819,60.7,1091.2,71.231
8/28/19 14:11,81.819,60.7,1083.7,71.231
8/28/19 14:11,81.819,60.7,1076.2,71.231
8/28/19 14:11,81.819,60.7,1066.2,71.231
8/28/19 14:11,81.775,60.7,1058.7,71.231
8/28/19 14:11,81.775,60.7,1046.2,71.231
8/28/19 14:11,81.775,60.7,1036.2,71.231
8/28/19 14:11,81.775,60.7,1033.7,71.231
8/28/19 14:11,81.775,60.7,1033.7,71.231
8/28/19 14:11,81.775,60.7,1033.7,71.231
8/28/19 14:11,81.775,60.7,1036.2,71.231
8/28/19 14:11,81.775,60.7,1038.7,71.231
8/28/19 14:11,81.775,60.8,1038.7,71.231
8/28/19 14:11,81.73,60.8,1043.7,71.231
8/28/19 14:11,81.775,60.7,1051.2,71.231
8/28/19 14:11,81.775,60.7,1061.2,71.231
8/28/19 14:11,81.775,60.7,1068.7,71.231
8/28/19 14:11,81.73,60.7,1071.2,71.231
8/28/19 14:11,81.73,60.5,1066.2,71.231
8/28/19 14:11,81.73,60.6,1056.2,71.231
8/28/19 14:11,81.73,60.5,1041.2,71.231
8/28/19 14:11,81.73,60.4,1026.2,71.231
8/28/19 14:11,81.73,60.3,1016.2,71.231
8/28/19 14:12,81.73,60.3,1011.2,71.231
8/28/19 14:12,81.73,60.3,1013.7,71.231
8/28/19 14:12,81.73,60.3,1016.2,71.231
8/28/19 14:12,81.687,60.4,1018.7,71.231
8/28/19 14:12,81.687,60.5,1021.2,71.231
8/28/19 14:12,81.687,60.5,1026.2,71.231
8/28/19 14:12,81.687,60.5,1028.7,71.231
8/28/19 14:12,81.687,60.4,1036.2,71.231
8/28/19 14:12,81.687,60.3,1041.2,71.231
8/28/19 14:12,81.687,60.3,1051.2,71.231
8/28/19 14:12,81.687,60.2,1061.2,71.231
8/28/19 14:12,81.642,60.2,1071.2,71.231
8/28/19 14:12,81.642,60.2,1078.7,71.231
8/28/19 14:12,81.642,60.3,1083.7,71.231
8/28/19 14:12,81.642,60.4,1078.7,71.231
8/28/19 14:12,81.642,60.5,1078.7,71.231
8/28/19 14:12,81.642,60.6,1078.7,71.231
8/28/19 14:12,81.642,60.7,1083.7,71.231
8/28/19 14:12,81.642,60.6,1086.2,71.231
8/28/19 14:12,81.642,60.7,1091.2,71.231
8/28/19 14:12,81.642,60.7,1098.7,71.231
8/28/19 14:12,81.642,60.7,1103.7,71.231
8/28/19 14:12,81.597,60.7,1096.2,71.231
8/28/19 14:12,81.597,60.6,1076.2,71.231
8/28/19 14:12,81.597,60.6,1051.2,71.231
8/28/19 14:12,81.597,60.7,1031.2,71.231
8/28/19 14:12,81.597,60.7,1013.7,71.231
8/28/19 14:12,81.597,60.6,1003.7,71.231
8/28/19 14:12,81.597,60.6,998.7,71.231
8/28/19 14:12,81.597,60.6,998.7,71.231
8/28/19 14:12,81.597,60.6,998.7,71.231
8/28/19 14:12,81.597,60.5,998.7,71.231
8/28/19 14:12,81.597,60.5,1003.7,71.231
8/28/19 14:12,81.554,60.5,1013.7,71.231
8/28/19 14:12,81.554,60.5,1023.7,71.231
8/28/19 14:12,81.554,60.5,1033.7,71.231
8/28/19 14:12,81.554,60.5,1038.7,71.231
8/28/19 14:12,81.554,60.5,1041.2,71.231
8/28/19 14:12,81.554,60.5,1041.2,71.231
8/28/19 14:12,81.554,60.4,1043.7,71.231
8/28/19 14:12,81.554,60.3,1046.2,71.231
8/28/19 14:12,81.509,60.3,1051.2,71.231
8/28/19 14:12,81.509,60.3,1056.2,71.231
8/28/19 14:12,81.509,60.2,1061.2,71.231
8/28/19 14:12,81.509,60.2,1066.2,71.231
8/28/19 14:12,81.509,60.3,1071.2,71.231
8/28/19 14:12,81.509,60.3,1071.2,71.231
8/28/19 14:12,81.509,60.4,1061.2,71.231
8/28/19 14:12,81.466,60.4,1043.7,71.231
8/28/19 14:12,81.466,60.4,1018.7,71.231
8/28/19 14:12,81.466,60.4,993.7,71.231
8/28/19 14:12,81.466,60.4,976.2,71.231
8/28/19 14:12,81.466,60.5,966.2,71.231
8/28/19 14:12,81.466,60.5,958.7,71.231
8/28/19 14:12,81.466,60.5,948.7,71.231
8/28/19 14:12,81.466,60.5,938.7,71.231
8/28/19 14:12,81.421,60.5,933.7,71.231
8/28/19 14:12,81.421,60.6,933.7,71.231
8/28/19 14:12,81.421,60.6,936.2,71.231
8/28/19 14:12,81.421,60.7,941.2,71.231
8/28/19 14:13,81.421,60.7,943.7,71.231
8/28/19 14:13,81.421,60.8,941.2,71.231
8/28/19 14:13,81.421,60.9,933.7,71.231
8/28/19 14:13,81.421,60.9,923.7,71.231
8/28/19 14:13,81.421,61,921.2,71.231
8/28/19 14:13,81.376,61.1,916.2,71.231
8/28/19 14:13,81.376,61.2,913.7,71.231
8/28/19 14:13,81.376,61.2,911.2,71.231
8/28/19 14:13,81.376,61.2,908.7,71.231
8/28/19 14:13,81.376,61.1,908.7,71.231
8/28/19 14:13,81.376,61.2,908.7,71.231
8/28/19 14:13,81.376,61.2,911.2,71.231
8/28/19 14:13,81.376,61.2,918.7,71.231
8/28/19 14:13,81.376,61.3,926.2,71.231
8/28/19 14:13,81.333,61.4,938.7,71.231
8/28/19 14:13,81.333,61.5,951.2,71.231
8/28/19 14:13,81.333,61.6,961.2,71.231
8/28/19 14:13,81.333,61.6,963.7,71.231
8/28/19 14:13,81.333,61.7,956.2,71.231
8/28/19 14:13,81.333,61.7,946.2,71.231
8/28/19 14:13,81.333,61.7,936.2,71.231
8/28/19 14:13,81.333,61.7,936.2,71.231
8/28/19 14:13,81.333,61.6,941.2,71.231
8/28/19 14:13,81.333,61.7,941.2,71.231
8/28/19 14:13,81.333,61.6,943.7,71.231
8/28/19 14:13,81.333,61.5,943.7,71.231
8/28/19 14:13,81.333,61.4,943.7,71.231
8/28/19 14:13,81.333,61.4,943.7,71.231
8/28/19 14:13,81.333,61.4,943.7,71.231
8/28/19 14:13,81.288,61.4,948.7,71.231
8/28/19 14:13,81.288,61.4,956.2,71.231
8/28/19 14:13,81.288,61.4,961.2,71.231
8/28/19 14:13,81.288,61.5,966.2,71.231
8/28/19 14:13,81.288,61.5,976.2,71.231
8/28/19 14:13,81.288,61.6,986.2,71.231
8/28/19 14:13,81.288,61.6,991.2,71.231
8/28/19 14:13,81.288,61.6,988.7,71.231
8/28/19 14:13,81.288,61.5,981.2,71.231
8/28/19 14:13,81.288,61.6,971.2,71.231
8/28/19 14:13,81.288,61.6,958.7,71.231
8/28/19 14:13,81.288,61.6,943.7,71.231
8/28/19 14:13,81.288,61.7,933.7,71.231
8/28/19 14:13,81.288,61.6,926.2,71.231
8/28/19 14:13,81.288,61.7,921.2,71.231
8/28/19 14:13,81.244,61.8,918.7,71.231
8/28/19 14:13,81.288,61.8,916.2,71.231
8/28/19 14:13,81.244,61.8,916.2,71.231
8/28/19 14:13,81.288,61.8,916.2,71.231
8/28/19 14:13,81.244,61.8,916.2,71.231
8/28/19 14:13,81.288,61.8,916.2,71.231
8/28/19 14:13,81.244,61.8,916.2,71.231
8/28/19 14:13,81.244,61.9,918.7,71.231
8/28/19 14:13,81.288,62,921.2,71.231
8/28/19 14:13,81.244,62,918.7,71.231
8/28/19 14:13,81.244,62.1,913.7,71.231
8/28/19 14:13,81.288,62.2,908.7,71.231
8/28/19 14:13,81.244,62.1,903.7,71.231
8/28/19 14:13,81.244,62.3,901.2,71.231
8/28/19 14:13,81.244,62.4,903.7,71.231
8/28/19 14:13,81.244,62.4,908.7,71.231
8/28/19 14:14,81.244,62.5,913.7,71.231
8/28/19 14:14,81.244,62.6,916.2,71.231
8/28/19 14:14,81.244,62.7,913.7,71.231
8/28/19 14:14,81.244,62.7,906.2,71.231
8/28/19 14:14,81.244,62.7,901.2,71.231
8/28/19 14:14,81.244,62.7,901.2,71.231
8/28/19 14:14,81.288,62.6,898.7,71.231
8/28/19 14:14,81.244,62.6,901.2,71.231
8/28/19 14:14,81.244,62.6,906.2,71.231
8/28/19 14:14,81.244,62.6,911.2,71.231
8/28/19 14:14,81.244,62.7,921.2,71.231
8/28/19 14:14,81.244,62.7,931.2,71.231
8/28/19 14:14,81.244,62.6,936.2,71.231
8/28/19 14:14,81.244,62.7,936.2,71.231
8/28/19 14:14,81.244,62.7,936.2,71.231
8/28/19 14:14,81.244,62.6,938.7,71.231
8/28/19 14:14,81.244,62.6,943.7,71.231
8/28/19 14:14,81.244,62.5,941.2,71.231
8/28/19 14:14,81.244,62.4,926.2,71.231
8/28/19 14:14,81.244,62.3,903.7,71.231
8/28/19 14:14,81.244,62.1,893.7,71.231
8/28/19 14:14,81.244,62.1,893.7,71.231
8/28/19 14:14,81.244,62.1,893.7,71.231
8/28/19 14:14,81.244,62.1,896.2,71.231
8/28/19 14:14,81.244,62.1,896.2,71.231
8/28/19 14:14,81.244,62.1,898.7,71.231
8/28/19 14:14,81.244,62.1,898.7,71.231
8/28/19 14:14,81.199,62.2,906.2,71.231
8/28/19 14:14,81.199,62.2,923.7,71.231
8/28/19 14:14,81.199,62.2,941.2,71.231
8/28/19 14:14,81.199,62.2,948.7,71.231
8/28/19 14:14,81.199,62.2,943.7,71.231
8/28/19 14:14,81.199,62.1,921.2,71.231
8/28/19 14:14,81.199,62.2,891.2,71.231
8/28/19 14:14,81.199,62.2,873.7,71.231
8/28/19 14:14,81.199,62.2,863.7,71.231
8/28/19 14:14,81.199,62.2,858.7,71.231
8/28/19 14:14,81.199,62.3,856.2,71.231
8/28/19 14:14,81.154,62.3,853.7,71.231
8/28/19 14:14,81.154,62.3,851.2,71.231
8/28/19 14:14,81.199,62.2,848.7,71.231
8/28/19 14:14,81.154,62.1,848.7,71.231
8/28/19 14:14,81.154,61.9,846.2,71.231
8/28/19 14:14,81.154,61.8,846.2,71.231
8/28/19 14:14,81.154,61.7,843.7,71.231
8/28/19 14:14,81.154,61.7,843.7,71.231
8/28/19 14:14,81.154,61.5,843.7,71.231
8/28/19 14:14,81.154,61.4,843.7,71.231
8/28/19 14:14,81.154,61.4,846.2,71.231
8/28/19 14:14,81.111,61.2,846.2,71.231
8/28/19 14:14,81.111,61.3,848.7,71.231
8/28/19 14:14,81.111,61.3,846.2,71.231
8/28/19 14:14,81.111,61.4,846.2,71.231
8/28/19 14:14,81.111,61.4,846.2,71.231
8/28/19 14:14,81.111,61.4,846.2,71.231
8/28/19 14:14,81.066,61.4,846.2,71.231
8/28/19 14:14,81.066,61.4,843.7,71.231
8/28/19 14:14,81.066,61.3,841.2,71.231
8/28/19 14:14,81.066,61.2,841.2,71.231
8/28/19 14:14,81.066,61.1,838.7,71.231
8/28/19 14:15,81.066,61,838.7,71.231
8/28/19 14:15,81.023,60.8,838.7,71.231
8/28/19 14:15,81.023,60.6,838.7,71.231
8/28/19 14:15,81.023,60.4,838.7,71.231
8/28/19 14:15,81.023,60.2,838.7,71.231
8/28/19 14:15,81.023,60.2,838.7,71.231
8/28/19 14:15,80.978,60.1,838.7,71.231
8/28/19 14:15,80.978,60,838.7,71.231
8/28/19 14:15,80.978,60,838.7,71.231
8/28/19 14:15,80.978,59.9,841.2,71.231
8/28/19 14:15,80.935,59.9,841.2,71.231
8/28/19 14:15,80.935,60,841.2,71.231
8/28/19 14:15,80.935,60,843.7,71.231
8/28/19 14:15,80.89,60,843.7,71.231
8/28/19 14:15,80.89,60.1,846.2,71.231
8/28/19 14:15,80.89,60.1,846.2,71.231
8/28/19 14:15,80.89,60.2,846.2,71.231
8/28/19 14:15,80.845,60.1,846.2,71.231
8/28/19 14:15,80.845,60.1,851.2,71.231
8/28/19 14:15,80.845,60.2,853.7,71.231
8/28/19 14:15,80.845,60.1,851.2,71.231
8/28/19 14:15,80.802,60.2,846.2,71.231
8/28/19 14:15,80.802,60.2,838.7,71.231
8/28/19 14:15,80.802,60.2,831.2,71.231
8/28/19 14:15,80.802,60.2,826.2,71.231
8/28/19 14:15,80.802,60.2,823.7,71.231
8/28/19 14:15,80.757,60.2,821.2,71.231
8/28/19 14:15,80.757,60.2,818.7,71.231
8/28/19 14:15,80.757,60.1,816.2,71.231
8/28/19 14:15,80.713,60.1,813.7,71.231
8/28/19 14:15,80.713,60.1,811.2,71.231
8/28/19 14:15,80.713,60.1,808.7,71.231
8/28/19 14:15,80.713,60,806.2,71.231
8/28/19 14:15,80.668,59.9,803.7,71.231
8/28/19 14:15,80.668,59.8,801.2,71.231
8/28/19 14:15,80.668,59.8,801.2,71.231
8/28/19 14:15,80.668,59.9,796.2,71.231
8/28/19 14:15,80.625,59.9,796.2,71.231
8/28/19 14:15,80.625,60,793.7,71.231
8/28/19 14:15,80.625,60,793.7,71.231
8/28/19 14:15,80.58,60.2,791.2,71.231
8/28/19 14:15,80.58,60.1,791.2,71.231
8/28/19 14:15,80.58,60.1,791.2,71.231
8/28/19 14:15,80.58,60.1,788.7,71.231
8/28/19 14:15,80.537,60.2,788.7,71.231
8/28/19 14:15,80.537,60.2,788.7,71.231
8/28/19 14:15,80.537,60.3,788.7,71.231
8/28/19 14:15,80.537,60.3,788.7,71.231
8/28/19 14:15,80.492,60.3,786.2,71.231
8/28/19 14:15,80.492,60.3,786.2,71.231
8/28/19 14:15,80.492,60.3,786.2,71.231
8/28/19 14:15,80.492,60.4,786.2,71.231
8/28/19 14:15,80.492,60.5,786.2,71.231
8/28/19 14:15,80.449,60.5,786.2,71.231
8/28/19 14:15,80.449,60.6,783.7,71.231
8/28/19 14:15,80.449,60.6,783.7,71.231
8/28/19 14:15,80.449,60.7,783.7,71.231
8/28/19 14:15,80.449,60.7,783.7,71.231
8/28/19 14:15,80.449,60.8,783.7,71.231
8/28/19 14:15,80.449,60.9,783.7,71.231
8/28/19 14:16,80.404,61,783.7,71.231
8/28/19 14:16,80.404,61.1,781.2,71.231
8/28/19 14:16,80.404,61.1,781.2,71.231
8/28/19 14:16,80.404,61.1,781.2,71.231
8/28/19 14:16,80.404,61,781.2,71.231
8/28/19 14:16,80.404,60.9,781.2,71.231
8/28/19 14:16,80.404,60.8,781.2,71.231
8/28/19 14:16,80.404,60.6,781.2,71.231
8/28/19 14:16,80.404,60.7,781.2,71.231
8/28/19 14:16,80.361,60.5,781.2,71.231
8/28/19 14:16,80.361,60.4,781.2,71.231
8/28/19 14:16,80.361,60.3,781.2,71.231
8/28/19 14:16,80.361,60.3,781.2,71.231
8/28/19 14:16,80.316,60.3,781.2,71.231
8/28/19 14:16,80.316,60.2,781.2,71.231
8/28/19 14:16,80.316,60.3,781.2,71.231
8/28/19 14:16,80.316,60.3,781.2,71.231
8/28/19 14:16,80.316,60.3,781.2,71.231
8/28/19 14:16,80.316,60.4,781.2,71.231
8/28/19 14:16,80.272,60.4,781.2,71.231
8/28/19 14:16,80.272,60.4,781.2,71.231
8/28/19 14:16,80.272,60.3,781.2,71.231
8/28/19 14:16,80.272,60.3,781.2,71.231
8/28/19 14:16,80.272,60.2,781.2,71.231
8/28/19 14:16,80.272,60.1,781.2,71.231
8/28/19 14:16,80.227,60.1,781.2,71.231
8/28/19 14:16,80.227,60,781.2,71.231
8/28/19 14:16,80.227,60.1,781.2,71.231
8/28/19 14:16,80.227,60.1,781.2,71.231
8/28/19 14:16,80.227,60.1,781.2,71.231
8/28/19 14:16,80.227,60.1,781.2,71.231
8/28/19 14:16,80.184,60.1,781.2,71.231
8/28/19 14:16,80.184,60.1,781.2,71.231
8/28/19 14:16,80.184,60.1,781.2,71.231
8/28/19 14:16,80.184,60.1,781.2,71.231
8/28/19 14:16,80.184,60.1,781.2,71.231
8/28/19 14:16,80.184,60.2,781.2,71.231
8/28/19 14:16,80.139,60.2,781.2,71.231
8/28/19 14:16,80.139,60.2,781.2,71.231
8/28/19 14:16,80.139,60.3,781.2,71.231
8/28/19 14:16,80.139,60.3,781.2,71.231
8/28/19 14:16,80.139,60.4,781.2,71.231
8/28/19 14:16,80.096,60.4,781.2,71.231
8/28/19 14:16,80.096,60.4,781.2,71.231
8/28/19 14:16,80.096,60.4,781.2,71.231
8/28/19 14:16,80.096,60.5,778.7,71.231
8/28/19 14:16,80.096,60.6,781.2,71.231
8/28/19 14:16,80.096,60.5,781.2,71.231
8/28/19 14:16,80.096,60.6,781.2,71.231
8/28/19 14:16,80.096,60.5,781.2,71.231
8/28/19 14:16,80.051,60.5,781.2,71.231
8/28/19 14:16,80.051,60.5,781.2,71.231
8/28/19 14:16,80.051,60.6,781.2,71.231
8/28/19 14:16,80.051,60.6,781.2,71.231
8/28/19 14:16,80.051,60.6,781.2,71.231
8/28/19 14:16,80.051,60.6,781.2,71.231
8/28/19 14:16,80.008,60.6,781.2,71.231
8/28/19 14:16,80.008,60.6,781.2,71.231
8/28/19 14:16,80.008,60.6,781.2,71.231
8/28/19 14:16,80.008,60.6,783.7,71.231
8/28/19 14:17,80.008,60.7,783.7,71.231
8/28/19 14:17,80.008,60.8,783.7,71.231
8/28/19 14:17,80.008,60.8,783.7,71.231
8/28/19 14:17,80.008,60.9,783.7,71.231
8/28/19 14:17,79.963,61,783.7,71.231
8/28/19 14:17,79.963,61,783.7,71.231
8/28/19 14:17,79.963,61.1,783.7,71.231
8/28/19 14:17,79.963,61.1,783.7,71.231
8/28/19 14:17,79.963,61.1,783.7,71.231
8/28/19 14:17,79.963,61.1,783.7,71.231
8/28/19 14:17,79.963,61.1,783.7,71.231
8/28/19 14:17,79.963,61.1,783.7,71.231
8/28/19 14:17,79.963,61,783.7,71.231
8/28/19 14:17,79.963,61,786.2,71.231
8/28/19 14:17,79.963,61,786.2,71.231
8/28/19 14:17,79.92,61.1,786.2,71.231
8/28/19 14:17,79.92,61.1,786.2,71.231
8/28/19 14:17,79.92,61.2,786.2,71.231
8/28/19 14:17,79.92,61.3,786.2,71.231
8/28/19 14:17,79.92,61.3,786.2,71.231
8/28/19 14:17,79.92,61.4,786.2,71.231
8/28/19 14:17,79.92,61.4,786.2,71.231
8/28/19 14:17,79.92,61.4,786.2,71.231
8/28/19 14:17,79.92,61.5,788.7,71.231
8/28/19 14:17,79.92,61.5,788.7,71.231
8/28/19 14:17,79.92,61.6,788.7,71.231
8/28/19 14:17,79.92,61.6,788.7,71.231
8/28/19 14:17,79.92,61.6,788.7,71.231
8/28/19 14:17,79.92,61.5,788.7,71.231
8/28/19 14:17,79.92,61.5,791.2,71.231
8/28/19 14:17,79.876,61.5,791.2,71.231
8/28/19 14:17,79.876,61.5,791.2,71.231
8/28/19 14:17,79.876,61.5,791.2,71.231
8/28/19 14:17,79.876,61.6,791.2,71.231
8/28/19 14:17,79.876,61.5,791.2,71.231
8/28/19 14:17,79.876,61.6,791.2,71.231
8/28/19 14:17,79.876,61.6,793.7,71.231
8/28/19 14:17,79.876,61.6,793.7,71.231
8/28/19 14:17,79.876,61.6,793.7,71.231
8/28/19 14:17,79.876,61.7,793.7,71.231
8/28/19 14:17,79.876,61.7,793.7,71.231
8/28/19 14:17,79.876,61.7,796.2,71.231
8/28/19 14:17,79.876,61.7,796.2,71.231
8/28/19 14:17,79.876,61.8,796.2,71.231
8/28/19 14:17,79.876,61.9,796.2,71.231
8/28/19 14:17,79.876,61.8,798.7,71.231
8/28/19 14:17,79.876,61.8,798.7,71.231
8/28/19 14:17,79.876,61.7,798.7,71.231
8/28/19 14:17,79.876,61.7,801.2,71.231
8/28/19 14:17,79.876,61.6,801.2,71.231
8/28/19 14:17,79.831,61.5,801.2,71.231
8/28/19 14:17,79.876,61.6,801.2,71.231
8/28/19 14:17,79.831,61.6,803.7,71.231
8/28/19 14:17,79.831,61.6,803.7,71.231
8/28/19 14:17,79.831,61.6,803.7,71.231
8/28/19 14:17,79.831,61.6,803.7,71.231
8/28/19 14:17,79.831,61.5,806.2,71.231
8/28/19 14:17,79.831,61.6,806.2,71.231
8/28/19 14:17,79.831,61.7,806.2,71.231
8/28/19 14:17,79.831,61.8,808.7,71.231
8/28/19 14:18,79.831,61.9,808.7,71.231
8/28/19 14:18,79.831,62,808.7,71.231
8/28/19 14:18,79.831,62,808.7,71.231
8/28/19 14:18,79.831,62.1,811.2,71.231
8/28/19 14:18,79.831,62.1,811.2,71.231
8/28/19 14:18,79.831,62.1,811.2,71.231
8/28/19 14:18,79.831,62.1,811.2,71.231
8/28/19 14:18,79.831,62.1,813.7,71.231
8/28/19 14:18,79.831,62.1,813.7,71.231
8/28/19 14:18,79.831,62.1,813.7,71.231
8/28/19 14:18,79.831,62.1,816.2,71.231
8/28/19 14:18,79.831,62.1,816.2,71.231
8/28/19 14:18,79.831,62.2,816.2,71.231
8/28/19 14:18,79.831,62.2,818.7,71.231
8/28/19 14:18,79.831,62.2,818.7,71.231
8/28/19 14:18,79.831,62.1,818.7,71.231
8/28/19 14:18,79.788,62.1,821.2,71.231
8/28/19 14:18,79.788,62.1,821.2,71.231
8/28/19 14:18,79.788,62.1,821.2,71.231
8/28/19 14:18,79.831,62,823.7,71.231
8/28/19 14:18,79.788,62,823.7,71.231
8/28/19 14:18,79.788,62,823.7,71.231
8/28/19 14:18,79.788,62,823.7,71.231
8/28/19 14:18,79.788,62,826.2,71.231
8/28/19 14:18,79.788,62,826.2,71.231
8/28/19 14:18,79.788,62,826.2,71.231
8/28/19 14:18,79.788,62,826.2,71.231
8/28/19 14:18,79.788,62,828.7,71.231
8/28/19 14:18,79.788,62,828.7,71.231
8/28/19 14:18,79.788,62,828.7,71.231
8/28/19 14:18,79.788,62.1,831.2,71.231
8/28/19 14:18,79.788,62.1,831.2,71.231
8/28/19 14:18,79.788,62,831.2,71.231
8/28/19 14:18,79.788,62,833.7,71.231
8/28/19 14:18,79.788,62.1,833.7,71.231
8/28/19 14:18,79.788,62.2,833.7,71.231
8/28/19 14:18,79.788,62.2,833.7,71.231
8/28/19 14:18,79.788,62.2,836.2,71.231
8/28/19 14:18,79.788,62.2,836.2,71.231
8/28/19 14:18,79.788,62.1,838.7,71.231
8/28/19 14:18,79.788,62.1,838.7,71.231
8/28/19 14:18,79.788,62.1,838.7,71.231
8/28/19 14:18,79.788,62.1,841.2,71.231
8/28/19 14:18,79.788,62.1,841.2,71.231
8/28/19 14:18,79.788,62.2,841.2,71.231
8/28/19 14:18,79.788,62.2,843.7,71.231
8/28/19 14:18,79.788,62.2,843.7,71.231
8/28/19 14:18,79.788,62.3,843.7,71.231
8/28/19 14:18,79.788,62.4,846.2,71.231
8/28/19 14:18,79.743,62.5,846.2,71.231
8/28/19 14:18,79.788,62.5,848.7,71.231
8/28/19 14:18,79.743,62.6,848.7,71.231
8/28/19 14:18,79.743,62.6,848.7,71.231
8/28/19 14:18,79.743,62.5,851.2,71.231
8/28/19 14:18,79.743,62.6,851.2,71.231
8/28/19 14:18,79.743,62.6,853.7,71.231
8/28/19 14:18,79.743,62.6,856.2,71.231
8/28/19 14:18,79.743,62.7,856.2,71.231
8/28/19 14:18,79.743,62.8,858.7,71.231
8/28/19 14:18,79.743,62.8,858.7,71.231
8/28/19 14:19,79.743,62.8,861.2,71.231
8/28/19 14:19,79.743,62.9,861.2,71.231
8/28/19 14:19,79.743,62.9,863.7,71.231
8/28/19 14:19,79.743,63,866.2,71.231
8/28/19 14:19,79.743,63.1,868.7,71.231
8/28/19 14:19,79.743,63.1,868.7,71.231
8/28/19 14:19,79.743,63.1,871.2,71.231
8/28/19 14:19,79.743,63,873.7,71.231
8/28/19 14:19,79.743,62.9,876.2,71.231
8/28/19 14:19,79.743,62.7,878.7,71.231
8/28/19 14:19,79.743,62.6,881.2,71.231
8/28/19 14:19,79.743,62.5,883.7,71.231
8/28/19 14:19,79.743,62.6,886.2,71.231
8/28/19 14:19,79.743,62.6,886.2,71.231
8/28/19 14:19,79.743,62.6,888.7,71.231
8/28/19 14:19,79.743,62.6,893.7,71.231
8/28/19 14:19,79.743,62.5,896.2,71.231
8/28/19 14:19,79.743,62.5,896.2,71.231
8/28/19 14:19,79.743,62.5,898.7,71.231
8/28/19 14:19,79.743,62.5,898.7,71.231
8/28/19 14:19,79.743,62.5,898.7,71.231
8/28/19 14:19,79.743,62.5,898.7,71.231
8/28/19 14:19,79.743,62.5,901.2,71.231
8/28/19 14:19,79.743,62.4,901.2,71.231
8/28/19 14:19,79.743,62.4,901.2,71.231
8/28/19 14:19,79.743,62.4,903.7,71.231
8/28/19 14:19,79.743,62.5,903.7,71.231
8/28/19 14:19,79.743,62.5,903.7,71.231
8/28/19 14:19,79.743,62.6,903.7,71.231
8/28/19 14:19,79.743,62.6,903.7,71.231
8/28/19 14:19,79.743,62.6,903.7,71.231
8/28/19 14:19,79.743,62.6,903.7,71.231
8/28/19 14:19,79.743,62.6,903.7,71.231
8/28/19 14:19,79.743,62.6,903.7,71.231
8/28/19 14:19,79.743,62.6,903.7,71.231
8/28/19 14:19,79.743,62.6,903.7,71.231
8/28/19 14:19,79.743,62.6,903.7,71.231
8/28/19 14:19,79.743,62.6,903.7,71.231
8/28/19 14:19,79.743,62.6,903.7,71.231
8/28/19 14:19,79.743,62.7,903.7,71.231
8/28/19 14:19,79.743,62.7,903.7,71.231
8/28/19 14:19,79.743,62.8,903.7,71.231
8/28/19 14:19,79.743,62.9,903.7,71.231
8/28/19 14:19,79.743,62.9,906.2,71.231
8/28/19 14:19,79.743,62.9,906.2,71.231
8/28/19 14:19,79.743,62.8,906.2,71.231
8/28/19 14:19,79.743,62.8,908.7,71.231
8/28/19 14:19,79.743,62.8,908.7,71.231
8/28/19 14:19,79.743,62.8,908.7,71.231
8/28/19 14:19,79.743,62.8,911.2,71.231
8/28/19 14:19,79.743,62.8,913.7,71.231
8/28/19 14:19,79.743,62.8,913.7,71.231
8/28/19 14:19,79.743,62.8,916.2,71.231
8/28/19 14:19,79.743,62.9,916.2,71.231
8/28/19 14:19,79.743,63,916.2,71.231
8/28/19 14:19,79.743,63,918.7,71.231
8/28/19 14:19,79.743,63.1,918.7,71.231
8/28/19 14:19,79.743,63.1,921.2,71.231
8/28/19 14:19,79.743,63.1,921.2,71.231
8/28/19 14:19,79.743,63.1,921.2,71.231
8/28/19 14:20,79.743,63.1,923.7,71.231
8/28/19 14:20,79.743,63.1,923.7,71.231
8/28/19 14:20,79.743,63.1,923.7,71.231
8/28/19 14:20,79.743,63.2,923.7,71.231
8/28/19 14:20,79.743,63.2,923.7,71.231
8/28/19 14:20,79.743,63.2,923.7,71.231
8/28/19 14:20,79.743,63.3,923.7,71.231
8/28/19 14:20,79.788,63.3,923.7,71.231
8/28/19 14:20,79.788,63.3,923.7,71.231
8/28/19 14:20,79.788,63.3,923.7,71.231
8/28/19 14:20,79.788,63.3,921.2,71.231
8/28/19 14:20,79.788,63.2,921.2,71.231
8/28/19 14:20,79.788,63.2,918.7,71.231
8/28/19 14:20,79.788,63.3,916.2,71.231
8/28/19 14:20,79.788,63.3,916.2,71.231
8/28/19 14:20,79.788,63.3,913.7,71.231
8/28/19 14:20,79.788,63.4,913.7,71.231
8/28/19 14:20,79.788,63.4,911.2,71.231
8/28/19 14:20,79.788,63.5,911.2,71.231
8/28/19 14:20,79.788,63.6,911.2,71.231
8/28/19 14:20,79.788,63.6,911.2,71.231
8/28/19 14:20,79.788,63.5,911.2,71.231
8/28/19 14:20,79.788,63.5,911.2,71.231
8/28/19 14:20,79.788,63.6,911.2,71.231
8/28/19 14:20,79.788,63.6,911.2,71.231
8/28/19 14:20,79.831,63.7,911.2,71.231
8/28/19 14:20,79.831,63.7,911.2,71.231
8/28/19 14:20,79.831,63.8,911.2,71.231
8/28/19 14:20,79.831,63.9,911.2,71.231
8/28/19 14:20,79.831,63.9,911.2,71.231
8/28/19 14:20,79.831,63.9,911.2,71.231
8/28/19 14:20,79.831,63.9,911.2,71.231
8/28/19 14:20,79.831,63.8,911.2,71.231
8/28/19 14:20,79.831,63.7,911.2,71.231
8/28/19 14:20,79.831,63.7,911.2,71.231
8/28/19 14:20,79.831,63.6,911.2,71.231
8/28/19 14:20,79.831,63.6,913.7,71.231
8/28/19 14:20,79.831,63.5,913.7,71.231
8/28/19 14:20,79.831,63.5,913.7,71.231
8/28/19 14:20,79.831,63.5,913.7,71.231
8/28/19 14:20,79.876,63.5,913.7,71.231
8/28/19 14:20,79.876,63.6,913.7,71.231
8/28/19 14:20,79.876,63.6,913.7,71.231
8/28/19 14:20,79.876,63.5,913.7,71.231
8/28/19 14:20,79.876,63.6,913.7,71.231
8/28/19 14:20,79.876,63.6,913.7,71.231
8/28/19 14:20,79.876,63.6,913.7,71.231
8/28/19 14:20,79.876,63.6,913.7,71.231
8/28/19 14:20,79.876,63.7,913.7,71.231
8/28/19 14:20,79.876,63.7,913.7,71.231
8/28/19 14:20,79.876,63.8,913.7,71.231
8/28/19 14:20,79.876,63.8,913.7,71.231
8/28/19 14:20,79.876,63.8,916.2,71.231
8/28/19 14:20,79.876,63.8,916.2,71.231
8/28/19 14:20,79.876,63.7,916.2,71.231
8/28/19 14:20,79.92,63.7,916.2,71.231
8/28/19 14:20,79.92,63.7,916.2,71.231
8/28/19 14:20,79.92,63.6,916.2,71.231
8/28/19 14:20,79.92,63.6,916.2,71.231
8/28/19 14:20,79.92,63.5,916.2,71.231
8/28/19 14:21,79.92,63.4,916.2,71.231
8/28/19 14:21,79.92,63.4,916.2,71.231
8/28/19 14:21,79.92,63.3,916.2,71.231
8/28/19 14:21,79.92,63.3,916.2,71.231
8/28/19 14:21,79.92,63.2,916.2,71.231
8/28/19 14:21,79.92,63.3,916.2,71.274
8/28/19 14:21,79.92,63.3,916.2,71.231
8/28/19 14:21,79.92,63.4,916.2,71.231
8/28/19 14:21,79.92,63.5,916.2,71.231
8/28/19 14:21,79.92,63.5,916.2,71.231
8/28/19 14:21,79.92,63.5,918.7,71.231
8/28/19 14:21,79.92,63.5,918.7,71.274
8/28/19 14:21,79.92,63.6,918.7,71.231
8/28/19 14:21,79.92,63.7,918.7,71.231
8/28/19 14:21,79.92,63.7,918.7,71.231
8/28/19 14:21,79.92,63.7,918.7,71.231
8/28/19 14:21,79.92,63.7,918.7,71.231
8/28/19 14:21,79.92,63.7,918.7,71.231
8/28/19 14:21,79.963,63.6,918.7,71.231
8/28/19 14:21,79.963,63.6,918.7,71.231
8/28/19 14:21,79.92,63.6,918.7,71.231
8/28/19 14:21,79.963,63.6,918.7,71.231
8/28/19 14:21,79.963,63.6,918.7,71.231
8/28/19 14:21,79.963,63.6,918.7,71.231
8/28/19 14:21,79.963,63.6,918.7,71.231
8/28/19 14:21,79.963,63.6,918.7,71.231
8/28/19 14:21,79.963,63.6,918.7,71.231
8/28/19 14:21,79.963,63.6,918.7,71.231
8/28/19 14:21,79.963,63.6,921.2,71.231
8/28/19 14:21,79.963,63.7,921.2,71.231
8/28/19 14:21,79.963,63.7,921.2,71.231
8/28/19 14:21,79.963,63.8,921.2,71.231
8/28/19 14:21,79.963,63.9,921.2,71.231
8/28/19 14:21,79.963,63.9,921.2,71.231
8/28/19 14:21,79.963,63.9,921.2,71.274
8/28/19 14:21,79.963,64,921.2,71.274
8/28/19 14:21,79.963,64.1,921.2,71.231
8/28/19 14:21,79.963,64.1,921.2,71.274
8/28/19 14:21,79.963,64.1,923.7,71.231
8/28/19 14:21,79.963,64.1,923.7,71.231
8/28/19 14:21,80.008,64.1,923.7,71.274
8/28/19 14:21,80.008,64.2,923.7,71.231
8/28/19 14:21,80.008,64.2,923.7,71.231
8/28/19 14:21,80.008,64.2,923.7,71.274
8/28/19 14:21,80.008,64.2,923.7,71.231
8/28/19 14:21,80.008,64.2,923.7,71.231
8/28/19 14:21,80.008,64.2,926.2,71.231
8/28/19 14:21,80.008,64.1,926.2,71.274
8/28/19 14:21,80.008,64.1,926.2,71.231
8/28/19 14:21,80.008,64.1,926.2,71.274
8/28/19 14:21,80.008,64,926.2,71.231
8/28/19 14:21,80.008,63.9,926.2,71.274
8/28/19 14:21,80.008,63.8,926.2,71.231
8/28/19 14:21,80.008,63.8,928.7,71.274
8/28/19 14:21,80.008,63.7,928.7,71.231
8/28/19 14:21,80.008,63.7,928.7,71.274
8/28/19 14:21,80.008,63.7,928.7,71.274
8/28/19 14:21,80.008,63.7,928.7,71.274
8/28/19 14:21,80.008,63.7,928.7,71.231
8/28/19 14:21,80.008,63.7,928.7,71.231
8/28/19 14:22,80.008,63.7,931.2,71.274
8/28/19 14:22,80.008,63.7,931.2,71.274
8/28/19 14:22,80.008,63.7,931.2,71.231
8/28/19 14:22,80.008,63.7,933.7,71.274
8/28/19 14:22,80.008,63.7,933.7,71.274
8/28/19 14:22,80.008,63.7,933.7,71.274
8/28/19 14:22,80.008,63.7,933.7,71.231
8/28/19 14:22,80.008,63.7,933.7,71.274
8/28/19 14:22,80.008,63.8,933.7,71.274
8/28/19 14:22,80.008,63.8,933.7,71.274
8/28/19 14:22,80.008,63.8,936.2,71.274
8/28/19 14:22,80.008,63.9,936.2,71.274
8/28/19 14:22,80.008,63.9,936.2,71.274
8/28/19 14:22,80.008,63.9,936.2,71.274
8/28/19 14:22,80.008,64,936.2,71.274
8/28/19 14:22,80.008,64,936.2,71.274
8/28/19 14:22,80.008,64.1,936.2,71.274
8/28/19 14:22,80.008,64.1,936.2,71.274
8/28/19 14:22,80.008,64.1,938.7,71.274
8/28/19 14:22,80.051,64.1,938.7,71.274
8/28/19 14:22,80.051,64,938.7,71.274
8/28/19 14:22,80.051,64.1,938.7,71.274
8/28/19 14:22,80.051,64.1,938.7,71.274
8/28/19 14:22,80.051,64.1,938.7,71.274
8/28/19 14:22,80.051,64.2,941.2,71.274
8/28/19 14:22,80.051,64.3,941.2,71.274
8/28/19 14:22,80.051,64.3,941.2,71.274
8/28/19 14:22,80.051,64.3,941.2,71.274
8/28/19 14:22,80.051,64.3,941.2,71.274
8/28/19 14:22,80.051,64.4,943.7,71.274
8/28/19 14:22,80.051,64.4,943.7,71.274
8/28/19 14:22,80.051,64.5,943.7,71.274
8/28/19 14:22,80.051,64.5,943.7,71.274
8/28/19 14:22,80.051,64.5,946.2,71.274
8/28/19 14:22,80.051,64.4,946.2,71.274
8/28/19 14:22,80.051,64.4,946.2,71.274
8/28/19 14:22,80.051,64.3,946.2,71.274
8/28/19 14:22,80.096,64.3,948.7,71.274
8/28/19 14:22,80.096,64.3,948.7,71.274
8/28/19 14:22,80.096,64.3,948.7,71.274
8/28/19 14:22,80.096,64.3,951.2,71.274
8/28/19 14:22,80.096,64.3,951.2,71.274
8/28/19 14:22,80.096,64.4,951.2,71.274
8/28/19 14:22,80.096,64.4,951.2,71.274
8/28/19 14:22,80.096,64.5,953.7,71.274
8/28/19 14:22,80.096,64.5,953.7,71.274
8/28/19 14:22,80.096,64.5,953.7,71.274
8/28/19 14:22,80.096,64.6,953.7,71.274
8/28/19 14:22,80.096,64.5,953.7,71.274
8/28/19 14:22,80.096,64.6,953.7,71.274
8/28/19 14:22,80.096,64.6,953.7,71.274
8/28/19 14:22,80.096,64.6,956.2,71.274
8/28/19 14:22,80.096,64.6,956.2,71.274
8/28/19 14:22,80.096,64.7,956.2,71.274
8/28/19 14:22,80.139,64.7,956.2,71.274
8/28/19 14:22,80.139,64.8,956.2,71.274
8/28/19 14:22,80.139,64.8,958.7,71.274
8/28/19 14:22,80.139,64.9,958.7,71.274
8/28/19 14:22,80.139,64.9,958.7,71.274
8/28/19 14:22,80.139,65,958.7,71.274
8/28/19 14:23,80.139,65,958.7,71.274
8/28/19 14:23,80.139,65,961.2,71.274
8/28/19 14:23,80.139,65,961.2,71.274
8/28/19 14:23,80.139,65,961.2,71.274
8/28/19 14:23,80.184,65,961.2,71.274
8/28/19 14:23,80.184,65,961.2,71.274
8/28/19 14:23,80.184,65,961.2,71.274
8/28/19 14:23,80.184,64.8,963.7,71.274
8/28/19 14:23,80.184,64.7,963.7,71.274
8/28/19 14:23,80.184,64.6,963.7,71.274
8/28/19 14:23,80.184,64.6,963.7,71.274
8/28/19 14:23,80.184,64.4,963.7,71.274
8/28/19 14:23,80.184,64.1,966.2,71.274
8/28/19 14:23,80.184,64,966.2,71.274
8/28/19 14:23,80.184,63.9,966.2,71.274
8/28/19 14:23,80.184,63.8,966.2,71.274
8/28/19 14:23,80.184,63.7,966.2,71.274
8/28/19 14:23,80.184,63.7,968.7,71.274
8/28/19 14:23,80.184,63.7,968.7,71.274
8/28/19 14:23,80.184,63.7,968.7,71.274
8/28/19 14:23,80.184,63.7,971.2,71.274
8/28/19 14:23,80.184,63.7,971.2,71.274
8/28/19 14:23,80.184,63.7,971.2,71.274
8/28/19 14:23,80.184,63.7,971.2,71.274
8/28/19 14:23,80.184,63.7,973.7,71.274
8/28/19 14:23,80.184,63.5,973.7,71.274
8/28/19 14:23,80.184,63.6,973.7,71.274
8/28/19 14:23,80.184,63.5,973.7,71.274
8/28/19 14:23,80.184,63.5,976.2,71.274
8/28/19 14:23,80.184,63.5,976.2,71.274
8/28/19 14:23,80.184,63.5,976.2,71.274
8/28/19 14:23,80.184,63.6,976.2,71.274
8/28/19 14:23,80.184,63.6,978.7,71.274
8/28/19 14:23,80.184,63.6,978.7,71.274
8/28/19 14:23,80.184,63.7,978.7,71.274
8/28/19 14:23,80.184,63.6,981.2,71.274
8/28/19 14:23,80.184,63.5,981.2,71.274
8/28/19 14:23,80.184,63.6,981.2,71.274
8/28/19 14:23,80.184,63.5,983.7,71.274
8/28/19 14:23,80.184,63.5,983.7,71.274
8/28/19 14:23,80.184,63.5,986.2,71.274
8/28/19 14:23,80.184,63.5,986.2,71.274
8/28/19 14:23,80.184,63.5,988.7,71.274
8/28/19 14:23,80.184,63.5,988.7,71.274
8/28/19 14:23,80.184,63.6,991.2,71.274
8/28/19 14:23,80.184,63.6,993.7,71.274
8/28/19 14:23,80.184,63.6,993.7,71.274
8/28/19 14:23,80.184,63.6,996.2,71.274
8/28/19 14:23,80.184,63.7,996.2,71.274
8/28/19 14:23,80.139,63.6,998.7,71.274
8/28/19 14:23,80.184,63.6,998.7,71.274
8/28/19 14:23,80.139,63.5,1001.2,71.274
8/28/19 14:23,80.184,63.3,1001.2,71.274
8/28/19 14:23,80.139,63.2,1003.7,71.274
8/28/19 14:23,80.139,63.2,1003.7,71.274
8/28/19 14:23,80.139,63.2,1006.2,71.274
8/28/19 14:23,80.139,63.2,1006.2,71.274
8/28/19 14:23,80.139,63.3,1008.7,71.274
8/28/19 14:23,80.139,63.3,1008.7,71.274
8/28/19 14:23,80.139,63.4,1008.7,71.274
8/28/19 14:24,80.139,63.4,1008.7,71.274
8/28/19 14:24,80.139,63.4,1008.7,71.274
8/28/19 14:24,80.139,63.4,1011.2,71.274
8/28/19 14:24,80.139,63.4,1011.2,71.274
8/28/19 14:24,80.139,63.4,1011.2,71.274
8/28/19 14:24,80.139,63.3,1013.7,71.274
8/28/19 14:24,80.139,63.2,1013.7,71.274
8/28/19 14:24,80.139,63.1,1013.7,71.274
8/28/19 14:24,80.139,63.1,1013.7,71.274
8/28/19 14:24,80.139,63.1,1011.2,71.274
8/28/19 14:24,80.139,63.1,1011.2,71.274
8/28/19 14:24,80.139,63.1,1011.2,71.274
8/28/19 14:24,80.096,63.1,1011.2,71.274
8/28/19 14:24,80.096,63.1,1011.2,71.274
8/28/19 14:24,80.096,63.1,1011.2,71.274
8/28/19 14:24,80.096,63,1011.2,71.274
8/28/19 14:24,80.096,63,1011.2,71.274
8/28/19 14:24,80.096,63,1013.7,71.274
8/28/19 14:24,80.096,63,1013.7,71.274
8/28/19 14:24,80.096,63,1016.2,71.274
8/28/19 14:24,80.096,63,1016.2,71.274
8/28/19 14:24,80.096,63.1,1018.7,71.274
8/28/19 14:24,80.096,63.1,1021.2,71.274
8/28/19 14:24,80.096,63.1,1023.7,71.274
8/28/19 14:24,80.051,63.2,1026.2,71.274
8/28/19 14:24,80.096,63.2,1028.7,71.274
8/28/19 14:24,80.051,63.4,1028.7,71.274
8/28/19 14:24,80.051,63.4,1026.2,71.274
8/28/19 14:24,80.051,63.5,1023.7,71.274
8/28/19 14:24,80.051,63.5,1023.7,71.274
8/28/19 14:24,80.051,63.6,1021.2,71.274
8/28/19 14:24,80.051,63.6,1021.2,71.274
8/28/19 14:24,80.051,63.6,1018.7,71.274
8/28/19 14:24,80.051,63.5,1016.2,71.274
8/28/19 14:24,80.051,63.6,1016.2,71.274
8/28/19 14:24,80.051,63.6,1013.7,71.274
8/28/19 14:24,80.051,63.7,1013.7,71.274
8/28/19 14:24,80.051,63.7,1013.7,71.274
8/28/19 14:24,80.051,63.7,1011.2,71.274
8/28/19 14:24,80.051,63.7,1011.2,71.274
8/28/19 14:24,80.051,63.7,1011.2,71.274
8/28/19 14:24,80.051,63.6,1011.2,71.274
8/28/19 14:24,80.051,63.7,1008.7,71.274
8/28/19 14:24,80.051,63.7,1008.7,71.274
8/28/19 14:24,80.051,63.6,1008.7,71.274
8/28/19 14:24,80.051,63.6,1008.7,71.274
8/28/19 14:24,80.051,63.6,1011.2,71.274
8/28/19 14:24,80.051,63.6,1011.2,71.274
8/28/19 14:24,80.051,63.6,1016.2,71.274
8/28/19 14:24,80.051,63.6,1018.7,71.274
8/28/19 14:24,80.051,63.6,1021.2,71.274
8/28/19 14:24,80.051,63.6,1021.2,71.274
8/28/19 14:24,80.051,63.6,1016.2,71.317
8/28/19 14:24,80.051,63.6,1011.2,71.274
8/28/19 14:24,80.051,63.5,1008.7,71.274
8/28/19 14:24,80.051,63.5,1003.7,71.274
8/28/19 14:24,80.051,63.5,1001.2,71.317
8/28/19 14:24,80.051,63.5,998.7,71.317
8/28/19 14:24,80.051,63.5,996.2,71.274
8/28/19 14:24,80.051,63.5,996.2,71.317
8/28/19 14:25,80.051,63.5,993.7,71.317
8/28/19 14:25,80.051,63.6,991.2,71.317
8/28/19 14:25,80.051,63.6,991.2,71.274
8/28/19 14:25,80.051,63.7,988.7,71.317
8/28/19 14:25,80.051,63.7,988.7,71.317
8/28/19 14:25,80.051,63.6,986.2,71.317
8/28/19 14:25,80.051,63.6,983.7,71.317
8/28/19 14:25,80.051,63.5,983.7,71.274
8/28/19 14:25,80.051,63.4,983.7,71.317
8/28/19 14:25,80.051,63.3,981.2,71.317
8/28/19 14:25,80.051,63.2,981.2,71.274
8/28/19 14:25,80.051,63.2,981.2,71.317
8/28/19 14:25,80.008,63.2,978.7,71.317
8/28/19 14:25,80.008,63.2,978.7,71.274
8/28/19 14:25,80.008,63.2,978.7,71.274
8/28/19 14:25,80.008,63.3,978.7,71.317
8/28/19 14:25,80.008,63.3,976.2,71.317
8/28/19 14:25,80.008,63.3,976.2,71.317
8/28/19 14:25,80.008,63.3,976.2,71.274
8/28/19 14:25,80.008,63.3,976.2,71.317
8/28/19 14:25,80.008,63.2,976.2,71.274
8/28/19 14:25,80.008,63.2,973.7,71.317
8/28/19 14:25,80.008,63.2,973.7,71.317
8/28/19 14:25,80.008,63.3,973.7,71.317
8/28/19 14:25,80.008,63.4,973.7,71.317
8/28/19 14:25,80.008,63.4,973.7,71.274
8/28/19 14:25,80.008,63.5,971.2,71.274
8/28/19 14:25,80.008,63.6,971.2,71.317
8/28/19 14:25,80.008,63.6,971.2,71.317
8/28/19 14:25,80.008,63.6,971.2,71.317
8/28/19 14:25,80.008,63.7,971.2,71.317
8/28/19 14:25,80.008,63.7,971.2,71.317
8/28/19 14:25,80.008,63.7,968.7,71.317
8/28/19 14:25,80.008,63.7,968.7,71.317
8/28/19 14:25,80.008,63.6,968.7,71.317
8/28/19 14:25,80.008,63.6,968.7,71.317
8/28/19 14:25,80.008,63.6,966.2,71.317
8/28/19 14:25,80.008,63.5,966.2,71.317
8/28/19 14:25,80.008,63.4,966.2,71.317
8/28/19 14:25,80.008,63.4,966.2,71.317
8/28/19 14:25,80.008,63.3,966.2,71.317
8/28/19 14:25,80.008,63.2,963.7,71.317
8/28/19 14:25,80.008,63.2,963.7,71.317
8/28/19 14:25,80.008,63.2,963.7,71.317
8/28/19 14:25,79.963,63.2,963.7,71.317
8/28/19 14:25,80.008,63.2,963.7,71.317
8/28/19 14:25,79.963,63.2,961.2,71.317
8/28/19 14:25,79.963,63.2,961.2,71.317
8/28/19 14:25,79.963,63.2,961.2,71.317
8/28/19 14:25,79.963,63.3,961.2,71.317
8/28/19 14:25,79.963,63.4,961.2,71.317
8/28/19 14:25,79.963,63.4,958.7,71.317
8/28/19 14:25,79.963,63.5,958.7,71.317
8/28/19 14:25,79.963,63.6,958.7,71.317
8/28/19 14:25,79.963,63.6,958.7,71.317
8/28/19 14:25,79.963,63.5,958.7,71.317
8/28/19 14:25,79.963,63.5,956.2,71.317
8/28/19 14:25,79.963,63.6,956.2,71.317
8/28/19 14:25,79.963,63.6,956.2,71.317
8/28/19 14:25,79.963,63.7,956.2,71.317
8/28/19 14:26,79.963,63.7,956.2,71.317
8/28/19 14:26,79.963,63.8,953.7,71.317
8/28/19 14:26,79.963,63.9,953.7,71.317
8/28/19 14:26,79.963,63.9,953.7,71.317
8/28/19 14:26,79.963,63.9,953.7,71.317
8/28/19 14:26,79.963,63.9,953.7,71.317
8/28/19 14:26,79.963,63.9,951.2,71.317
8/28/19 14:26,79.963,63.9,951.2,71.317
8/28/19 14:26,79.963,63.9,951.2,71.317
8/28/19 14:26,79.963,63.9,951.2,71.317
8/28/19 14:26,79.963,63.9,951.2,71.317
8/28/19 14:26,79.963,63.9,948.7,71.317
8/28/19 14:26,79.963,63.8,948.7,71.317
8/28/19 14:26,79.963,63.8,948.7,71.317
8/28/19 14:26,79.963,63.8,946.2,71.317
8/28/19 14:26,79.963,63.8,946.2,71.317
8/28/19 14:26,79.963,63.8,946.2,71.317
8/28/19 14:26,79.963,63.7,946.2,71.317
8/28/19 14:26,79.963,63.7,946.2,71.317
8/28/19 14:26,79.963,63.7,943.7,71.317
8/28/19 14:26,79.963,63.6,943.7,71.317
8/28/19 14:26,79.963,63.6,943.7,71.317
8/28/19 14:26,79.963,63.6,943.7,71.317
8/28/19 14:26,79.963,63.6,943.7,71.317
8/28/19 14:26,79.963,63.5,941.2,71.317
8/28/19 14:26,79.963,63.6,941.2,71.317
8/28/19 14:26,79.963,63.7,941.2,71.317
8/28/19 14:26,79.963,63.7,941.2,71.317
8/28/19 14:26,79.963,63.8,941.2,71.317
8/28/19 14:26,79.963,63.8,941.2,71.317
8/28/19 14:26,79.92,63.8,941.2,71.317
8/28/19 14:26,79.963,63.8,938.7,71.317
8/28/19 14:26,79.963,63.7,938.7,71.317
8/28/19 14:26,79.963,63.7,938.7,71.317
8/28/19 14:26,79.963,63.7,938.7,71.317
8/28/19 14:26,79.92,63.6,938.7,71.317
8/28/19 14:26,79.92,63.5,938.7,71.317
8/28/19 14:26,79.92,63.6,936.2,71.317
8/28/19 14:26,79.92,63.5,936.2,71.317
8/28/19 14:26,79.92,63.5,936.2,71.317
8/28/19 14:26,79.92,63.6,936.2,71.317
8/28/19 14:26,79.92,63.6,936.2,71.317
8/28/19 14:26,79.92,63.5,936.2,71.317
8/28/19 14:26,79.92,63.6,933.7,71.317
8/28/19 14:26,79.92,63.6,933.7,71.317
8/28/19 14:26,79.92,63.7,933.7,71.317
8/28/19 14:26,79.92,63.7,933.7,71.317
8/28/19 14:26,79.92,63.7,933.7,71.317
8/28/19 14:26,79.92,63.7,933.7,71.317
8/28/19 14:26,79.92,63.7,931.2,71.317
8/28/19 14:26,79.92,63.6,931.2,71.317
8/28/19 14:26,79.92,63.6,931.2,71.317
8/28/19 14:26,79.92,63.6,931.2,71.317
8/28/19 14:26,79.92,63.6,928.7,71.317
8/28/19 14:26,79.92,63.6,928.7,71.317
8/28/19 14:26,79.92,63.6,928.7,71.317
8/28/19 14:26,79.92,63.6,928.7,71.317
8/28/19 14:26,79.876,63.6,928.7,71.317
8/28/19 14:26,79.876,63.5,928.7,71.317
8/28/19 14:26,79.92,63.5,926.2,71.317
8/28/19 14:27,79.876,63.5,926.2,71.317
8/28/19 14:27,79.876,63.6,926.2,71.317
8/28/19 14:27,79.876,63.6,926.2,71.317
8/28/19 14:27,79.876,63.6,926.2,71.317
8/28/19 14:27,79.876,63.7,926.2,71.317
8/28/19 14:27,79.876,63.6,923.7,71.317
8/28/19 14:27,79.876,63.6,923.7,71.317
8/28/19 14:27,79.876,63.6,923.7,71.317
8/28/19 14:27,79.876,63.6,923.7,71.317
8/28/19 14:27,79.876,63.6,923.7,71.317
8/28/19 14:27,79.876,63.6,923.7,71.317
8/28/19 14:27,79.876,63.6,921.2,71.317
8/28/19 14:27,79.876,63.7,921.2,71.317
8/28/19 14:27,79.876,63.6,921.2,71.317
8/28/19 14:27,79.876,63.6,921.2,71.317
8/28/19 14:27,79.876,63.5,921.2,71.317
8/28/19 14:27,79.876,63.6,921.2,71.317
8/28/19 14:27,79.876,63.6,921.2,71.317
8/28/19 14:27,79.831,63.6,918.7,71.317
8/28/19 14:27,79.831,63.6,918.7,71.317
8/28/19 14:27,79.831,63.5,918.7,71.317
8/28/19 14:27,79.831,63.4,918.7,71.317
8/28/19 14:27,79.831,63.4,918.7,71.317
8/28/19 14:27,79.831,63.4,918.7,71.317
8/28/19 14:27,79.831,63.4,918.7,71.317
8/28/19 14:27,79.831,63.5,916.2,71.317
8/28/19 14:27,79.831,63.5,916.2,71.317
8/28/19 14:27,79.831,63.5,916.2,71.317
8/28/19 14:27,79.831,63.5,916.2,71.317
8/28/19 14:27,79.831,63.5,916.2,71.317
8/28/19 14:27,79.831,63.5,916.2,71.317
8/28/19 14:27,79.831,63.5,916.2,71.317
8/28/19 14:27,79.831,63.5,916.2,71.317
8/28/19 14:27,79.831,63.5,916.2,71.317
8/28/19 14:27,79.788,63.6,916.2,71.317
8/28/19 14:27,79.788,63.6,916.2,71.317
8/28/19 14:27,79.788,63.6,916.2,71.317
8/28/19 14:27,79.788,63.5,916.2,71.317
8/28/19 14:27,79.788,63.6,916.2,71.317
8/28/19 14:27,79.788,63.6,916.2,71.317
8/28/19 14:27,79.788,63.6,916.2,71.317
8/28/19 14:27,79.788,63.6,916.2,71.317
8/28/19 14:27,79.788,63.5,916.2,71.317
8/28/19 14:27,79.788,63.5,913.7,71.317
8/28/19 14:27,79.788,63.5,913.7,71.317
8/28/19 14:27,79.788,63.5,913.7,71.317
8/28/19 14:27,79.788,63.5,913.7,71.317
8/28/19 14:27,79.788,63.5,913.7,71.317
8/28/19 14:27,79.788,63.5,911.2,71.317
8/28/19 14:27,79.743,63.5,911.2,71.317
8/28/19 14:27,79.743,63.6,911.2,71.317
8/28/19 14:27,79.743,63.6,908.7,71.317
8/28/19 14:27,79.743,63.6,908.7,71.317
8/28/19 14:27,79.743,63.5,908.7,71.317
8/28/19 14:27,79.743,63.6,908.7,71.317
8/28/19 14:27,79.743,63.7,908.7,71.317
8/28/19 14:27,79.743,63.8,906.2,71.317
8/28/19 14:27,79.743,63.8,906.2,71.317
8/28/19 14:27,79.743,63.9,906.2,71.317
8/28/19 14:27,79.743,63.9,906.2,71.317
8/28/19 14:28,79.743,63.9,903.7,71.317
8/28/19 14:28,79.743,63.9,903.7,71.317
8/28/19 14:28,79.743,63.8,903.7,71.317
8/28/19 14:28,79.743,63.8,903.7,71.317
8/28/19 14:28,79.743,63.7,903.7,71.317
8/28/19 14:28,79.743,63.7,903.7,71.317
8/28/19 14:28,79.743,63.7,901.2,71.317
8/28/19 14:28,79.743,63.7,901.2,71.317
8/28/19 14:28,79.743,63.6,901.2,71.317
8/28/19 14:28,79.743,63.5,901.2,71.317
8/28/19 14:28,79.743,63.5,901.2,71.317
8/28/19 14:28,79.743,63.5,901.2,71.317
8/28/19 14:28,79.7,63.5,898.7,71.317
8/28/19 14:28,79.7,63.6,898.7,71.317
8/28/19 14:28,79.7,63.6,898.7,71.317
8/28/19 14:28,79.7,63.7,898.7,71.317
8/28/19 14:28,79.7,63.8,898.7,71.317
8/28/19 14:28,79.7,63.8,898.7,71.317
8/28/19 14:28,79.7,63.9,896.2,71.317
8/28/19 14:28,79.7,63.9,896.2,71.317
8/28/19 14:28,79.7,63.9,896.2,71.317
8/28/19 14:28,79.7,63.9,896.2,71.317
8/28/19 14:28,79.7,63.9,896.2,71.317
8/28/19 14:28,79.7,63.8,896.2,71.317
8/28/19 14:28,79.7,63.8,893.7,71.317
8/28/19 14:28,79.7,63.8,893.7,71.317
8/28/19 14:28,79.7,63.7,893.7,71.317
8/28/19 14:28,79.7,63.7,893.7,71.317
8/28/19 14:28,79.7,63.7,893.7,71.317
8/28/19 14:28,79.7,63.7,893.7,71.317
8/28/19 14:28,79.7,63.6,893.7,71.317
8/28/19 14:28,79.7,63.6,893.7,71.317
8/28/19 14:28,79.7,63.5,891.2,71.317
8/28/19 14:28,79.7,63.5,891.2,71.317
8/28/19 14:28,79.7,63.4,891.2,71.317
8/28/19 14:28,79.7,63.3,891.2,71.317
8/28/19 14:28,79.7,63.3,888.7,71.317
8/28/19 14:28,79.7,63.3,888.7,71.317
8/28/19 14:28,79.7,63.3,888.7,71.317
8/28/19 14:28,79.7,63.4,888.7,71.317
8/28/19 14:28,79.7,63.4,888.7,71.317
8/28/19 14:28,79.7,63.5,888.7,71.317
8/28/19 14:28,79.7,63.6,886.2,71.317
8/28/19 14:28,79.7,63.6,886.2,71.317
8/28/19 14:28,79.7,63.7,886.2,71.317
8/28/19 14:28,79.7,63.8,886.2,71.317
8/28/19 14:28,79.655,63.9,886.2,71.317
8/28/19 14:28,79.7,63.9,886.2,71.317
8/28/19 14:28,79.7,64,886.2,71.317
8/28/19 14:28,79.7,64.1,883.7,71.317
8/28/19 14:28,79.7,64,883.7,71.317
8/28/19 14:28,79.7,64.1,883.7,71.317
8/28/19 14:28,79.7,64.1,883.7,71.317
8/28/19 14:28,79.7,64.1,883.7,71.317
8/28/19 14:28,79.7,64.2,881.2,71.317
8/28/19 14:28,79.7,64.3,881.2,71.317
8/28/19 14:28,79.7,64.3,881.2,71.317
8/28/19 14:28,79.7,64.4,881.2,71.317
8/28/19 14:28,79.7,64.5,881.2,71.317
8/28/19 14:28,79.7,64.5,881.2,71.317
8/28/19 14:29,79.7,64.6,881.2,71.317
8/28/19 14:29,79.743,64.7,878.7,71.317
8/28/19 14:29,79.743,64.8,878.7,71.317
8/28/19 14:29,79.743,64.8,878.7,71.317
8/28/19 14:29,79.743,64.9,878.7,71.317
8/28/19 14:29,79.743,65,878.7,71.317
8/28/19 14:29,79.743,65,878.7,71.317
8/28/19 14:29,79.743,65,876.2,71.317
8/28/19 14:29,79.743,65,876.2,71.317
8/28/19 14:29,79.743,65.1,876.2,71.317
8/28/19 14:29,79.743,65.2,876.2,71.317
8/28/19 14:29,79.743,65.3,876.2,71.317
8/28/19 14:29,79.788,65.4,876.2,71.317
8/28/19 14:29,79.788,65.4,876.2,71.317
8/28/19 14:29,79.788,65.5,876.2,71.317
8/28/19 14:29,79.788,65.5,873.7,71.317
8/28/19 14:29,79.788,65.5,873.7,71.317
8/28/19 14:29,79.788,65.5,873.7,71.317
8/28/19 14:29,79.788,65.5,873.7,71.317
8/28/19 14:29,79.788,65.6,873.7,71.317
8/28/19 14:29,79.831,65.6,873.7,71.317
8/28/19 14:29,79.831,65.6,871.2,71.317
8/28/19 14:29,79.831,65.7,871.2,71.361
8/28/19 14:29,79.831,65.8,871.2,71.317
8/28/19 14:29,79.831,65.8,871.2,71.317
8/28/19 14:29,79.831,65.7,871.2,71.317
8/28/19 14:29,79.831,65.7,871.2,71.317
8/28/19 14:29,79.831,65.6,871.2,71.317
8/28/19 14:29,79.831,65.6,871.2,71.317
8/28/19 14:29,79.876,65.5,871.2,71.317
8/28/19 14:29,79.876,65.5,871.2,71.317
8/28/19 14:29,79.876,65.5,871.2,71.317
8/28/19 14:29,79.876,65.5,871.2,71.361
8/28/19 14:29,79.876,65.5,868.7,71.317
8/28/19 14:29,79.876,65.5,868.7,71.317
8/28/19 14:29,79.876,65.5,868.7,71.317
8/28/19 14:29,79.876,65.5,868.7,71.317
8/28/19 14:29,79.876,65.5,868.7,71.317
8/28/19 14:29,79.876,65.5,868.7,71.317
8/28/19 14:29,79.876,65.4,868.7,71.317
8/28/19 14:29,79.876,65.5,868.7,71.361
8/28/19 14:29,79.876,65.5,868.7,71.317
8/28/19 14:29,79.876,65.5,868.7,71.317
8/28/19 14:29,79.876,65.5,868.7,71.317
8/28/19 14:29,79.876,65.6,868.7,71.317
8/28/19 14:29,79.92,65.6,868.7,71.317
8/28/19 14:29,79.92,65.6,868.7,71.361
8/28/19 14:29,79.92,65.6,868.7,71.361
8/28/19 14:29,79.92,65.6,868.7,71.317
8/28/19 14:29,79.92,65.6,868.7,71.317
8/28/19 14:29,79.92,65.5,868.7,71.361
8/28/19 14:29,79.92,65.5,868.7,71.317
8/28/19 14:29,79.92,65.5,868.7,71.317
8/28/19 14:29,79.92,65.5,868.7,71.317
8/28/19 14:29,79.92,65.5,868.7,71.361
8/28/19 14:29,79.92,65.5,868.7,71.317
8/28/19 14:29,79.92,65.6,868.7,71.361
8/28/19 14:29,79.92,65.6,868.7,71.317
8/28/19 14:29,79.92,65.6,868.7,71.361
8/28/19 14:29,79.92,65.6,868.7,71.317
8/28/19 14:30,79.963,65.6,868.7,71.317
8/28/19 14:30,79.963,65.6,868.7,71.361
8/28/19 14:30,79.963,65.7,868.7,71.317
8/28/19 14:30,79.963,65.7,868.7,71.361
8/28/19 14:30,79.963,65.7,868.7,71.317
8/28/19 14:30,79.963,65.8,868.7,71.361
8/28/19 14:30,79.963,65.8,868.7,71.317
8/28/19 14:30,79.963,65.7,868.7,71.361
8/28/19 14:30,79.963,65.6,868.7,71.317
8/28/19 14:30,79.963,65.5,868.7,71.361
8/28/19 14:30,79.963,65.4,868.7,71.317
8/28/19 14:30,79.963,65.4,868.7,71.361
8/28/19 14:30,79.963,65.3,871.2,71.317
8/28/19 14:30,80.008,65.2,871.2,71.317
8/28/19 14:30,80.008,65.1,871.2,71.317
8/28/19 14:30,80.008,65.1,871.2,71.317
8/28/19 14:30,80.008,65.1,871.2,71.317
8/28/19 14:30,80.008,65.1,871.2,71.361
8/28/19 14:30,80.008,65.1,871.2,71.361
8/28/19 14:30,80.008,65.1,873.7,71.317
8/28/19 14:30,80.008,65.1,873.7,71.361
8/28/19 14:30,80.008,65.1,873.7,71.317
8/28/19 14:30,80.008,65.2,873.7,71.317
8/28/19 14:30,80.008,65.2,876.2,71.361
8/28/19 14:30,80.008,65.2,876.2,71.317
8/28/19 14:30,80.008,65.2,876.2,71.361
8/28/19 14:30,80.008,65.2,876.2,71.361
8/28/19 14:30,80.008,65.2,876.2,71.361
8/28/19 14:30,80.008,65.2,878.7,71.361
8/28/19 14:30,80.008,65.2,878.7,71.361
8/28/19 14:30,80.008,65.3,878.7,71.361
8/28/19 14:30,80.051,65.3,878.7,71.361
8/28/19 14:30,80.051,65.4,881.2,71.317
8/28/19 14:30,80.051,65.5,881.2,71.361
8/28/19 14:30,80.051,65.5,881.2,71.361
8/28/19 14:30,80.051,65.6,881.2,71.361
8/28/19 14:30,80.051,65.6,883.7,71.361
8/28/19 14:30,80.051,65.6,883.7,71.361
8/28/19 14:30,80.051,65.7,883.7,71.317
8/28/19 14:30,80.051,65.7,883.7,71.361
8/28/19 14:30,80.051,65.8,886.2,71.361
8/28/19 14:30,80.051,65.8,886.2,71.361
8/28/19 14:30,80.051,65.9,886.2,71.361
8/28/19 14:30,80.051,65.9,888.7,71.361
8/28/19 14:30,80.096,65.9,888.7,71.361
8/28/19 14:30,80.096,65.9,888.7,71.317
8/28/19 14:30,80.096,65.8,891.2,71.317
8/28/19 14:30,80.096,65.7,891.2,71.361
8/28/19 14:30,80.096,65.6,893.7,71.361
8/28/19 14:30,80.096,65.5,893.7,71.317
8/28/19 14:30,80.096,65.5,893.7,71.361
8/28/19 14:30,80.096,65.5,896.2,71.361
8/28/19 14:30,80.096,65.5,896.2,71.317
8/28/19 14:30,80.096,65.5,898.7,71.317
8/28/19 14:30,80.096,65.5,898.7,71.361
8/28/19 14:30,80.139,65.5,901.2,71.361
8/28/19 14:30,80.139,65.5,901.2,71.361
8/28/19 14:30,80.096,65.6,903.7,71.361
8/28/19 14:30,80.139,65.5,903.7,71.361
8/28/19 14:30,80.139,65.5,903.7,71.361
8/28/19 14:31,80.139,65.5,906.2,71.361
8/28/19 14:31,80.139,65.5,906.2,71.361
8/28/19 14:31,80.139,65.6,908.7,71.361
8/28/19 14:31,80.139,65.6,908.7,71.361
8/28/19 14:31,80.139,65.7,908.7,71.361
8/28/19 14:31,80.139,65.7,911.2,71.361
8/28/19 14:31,80.184,65.8,911.2,71.361
8/28/19 14:31,80.139,65.9,913.7,71.361
8/28/19 14:31,80.184,65.9,913.7,71.361
8/28/19 14:31,80.184,65.9,913.7,71.361
8/28/19 14:31,80.184,65.9,913.7,71.317
8/28/19 14:31,80.184,65.9,913.7,71.361
8/28/19 14:31,80.184,65.7,913.7,71.361
8/28/19 14:31,80.184,65.6,913.7,71.361
8/28/19 14:31,80.184,65.4,913.7,71.361
8/28/19 14:31,80.184,65.3,916.2,71.361
8/28/19 14:31,80.184,65.2,916.2,71.361
8/28/19 14:31,80.184,65.1,916.2,71.361
8/28/19 14:31,80.184,65,916.2,71.361
8/28/19 14:31,80.184,65,916.2,71.361
8/28/19 14:31,80.227,65,918.7,71.361
8/28/19 14:31,80.184,65,918.7,71.361
8/28/19 14:31,80.227,65,918.7,71.361
8/28/19 14:31,80.227,65,918.7,71.361
8/28/19 14:31,80.227,65.1,918.7,71.361
8/28/19 14:31,80.227,65.2,921.2,71.361
8/28/19 14:31,80.227,65.2,921.2,71.361
8/28/19 14:31,80.227,65.3,923.7,71.361
8/28/19 14:31,80.227,65.5,923.7,71.361
8/28/19 14:31,80.227,65.5,923.7,71.361
8/28/19 14:31,80.227,65.6,926.2,71.361
8/28/19 14:31,80.272,65.6,926.2,71.361
8/28/19 14:31,80.272,65.6,928.7,71.361
8/28/19 14:31,80.272,65.7,928.7,71.361
8/28/19 14:31,80.272,65.5,931.2,71.361
8/28/19 14:31,80.272,65.6,933.7,71.361
8/28/19 14:31,80.272,65.6,936.2,71.361
8/28/19 14:31,80.272,65.6,938.7,71.361
8/28/19 14:31,80.272,65.6,941.2,71.361
8/28/19 14:31,80.272,65.5,941.2,71.361
8/28/19 14:31,80.272,65.5,943.7,71.361
8/28/19 14:31,80.272,65.4,946.2,71.361
8/28/19 14:31,80.316,65.5,946.2,71.361
8/28/19 14:31,80.316,65.5,948.7,71.361
8/28/19 14:31,80.316,65.5,953.7,71.361
8/28/19 14:31,80.316,65.5,956.2,71.361
8/28/19 14:31,80.316,65.5,958.7,71.361
8/28/19 14:31,80.316,65.4,963.7,71.361
8/28/19 14:31,80.316,65.4,968.7,71.361
8/28/19 14:31,80.316,65.3,973.7,71.361
8/28/19 14:31,80.316,65.3,978.7,71.361
8/28/19 14:31,80.316,65.3,983.7,71.361
8/28/19 14:31,80.316,65.3,988.7,71.361
8/28/19 14:31,80.316,65.2,991.2,71.361
8/28/19 14:31,80.316,65.2,993.7,71.361
8/28/19 14:31,80.316,65.1,998.7,71.361
8/28/19 14:31,80.316,65.1,1003.7,71.361
8/28/19 14:31,80.316,65.1,1006.2,71.361
8/28/19 14:31,80.316,65,1011.2,71.361
8/28/19 14:31,80.316,64.8,1016.2,71.361
8/28/19 14:32,80.316,64.7,1021.2,71.361
8/28/19 14:32,80.316,64.6,1031.2,71.361
8/28/19 14:32,80.316,64.6,1038.7,71.361
8/28/19 14:32,80.316,64.5,1041.2,71.361
8/28/19 14:32,80.316,64.5,1043.7,71.361
8/28/19 14:32,80.316,64.4,1043.7,71.361
8/28/19 14:32,80.316,64.3,1048.7,71.361
8/28/19 14:32,80.316,64.2,1061.2,71.361
8/28/19 14:32,80.316,64.2,1068.7,71.361
8/28/19 14:32,80.316,64.1,1066.2,71.361
8/28/19 14:32,80.316,64,1051.2,71.361
8/28/19 14:32,80.316,63.9,1033.7,71.361
8/28/19 14:32,80.316,63.9,1021.2,71.361
8/28/19 14:32,80.316,63.8,1016.2,71.361
8/28/19 14:32,80.316,63.8,1011.2,71.361
8/28/19 14:32,80.316,63.8,1011.2,71.361
8/28/19 14:32,80.316,63.8,1008.7,71.361
8/28/19 14:32,80.316,63.8,1006.2,71.361
8/28/19 14:32,80.316,63.8,1003.7,71.361
8/28/19 14:32,80.316,63.8,1001.2,71.361
8/28/19 14:32,80.316,63.7,998.7,71.361
8/28/19 14:32,80.316,63.7,998.7,71.361
8/28/19 14:32,80.316,63.7,996.2,71.361
8/28/19 14:32,80.316,63.7,993.7,71.361
8/28/19 14:32,80.316,63.8,993.7,71.361
8/28/19 14:32,80.316,63.8,993.7,71.361
8/28/19 14:32,80.316,63.8,991.2,71.361
8/28/19 14:32,80.316,63.8,991.2,71.361
8/28/19 14:32,80.316,63.8,988.7,71.361
8/28/19 14:32,80.316,63.8,988.7,71.361
8/28/19 14:32,80.316,63.9,988.7,71.361
8/28/19 14:32,80.316,63.9,986.2,71.361
8/28/19 14:32,80.316,64,986.2,71.361
8/28/19 14:32,80.316,64,986.2,71.361
8/28/19 14:32,80.316,64.1,983.7,71.361
8/28/19 14:32,80.316,64.1,986.2,71.361
8/28/19 14:32,80.316,64.1,986.2,71.361
8/28/19 14:32,80.316,64.1,986.2,71.361
8/28/19 14:32,80.316,64,986.2,71.361
8/28/19 14:32,80.316,64,986.2,71.361
8/28/19 14:32,80.316,64,988.7,71.361
8/28/19 14:32,80.316,64.1,988.7,71.361
8/28/19 14:32,80.316,64.1,988.7,71.361
8/28/19 14:32,80.316,64.1,988.7,71.361
8/28/19 14:32,80.316,64.2,991.2,71.361
8/28/19 14:32,80.316,64.2,991.2,71.361
8/28/19 14:32,80.316,64.1,993.7,71.361
8/28/19 14:32,80.316,64.2,993.7,71.361
8/28/19 14:32,80.316,64.2,996.2,71.361
8/28/19 14:32,80.316,64.3,996.2,71.361
8/28/19 14:32,80.316,64.3,998.7,71.361
8/28/19 14:32,80.361,64.4,998.7,71.361
8/28/19 14:32,80.361,64.4,1001.2,71.361
8/28/19 14:32,80.361,64.5,1001.2,71.361
8/28/19 14:32,80.361,64.6,1003.7,71.361
8/28/19 14:32,80.361,64.6,1003.7,71.361
8/28/19 14:32,80.361,64.7,1003.7,71.361
8/28/19 14:32,80.361,64.8,1003.7,71.361
8/28/19 14:32,80.361,64.9,1003.7,71.361
8/28/19 14:32,80.361,65,1003.7,71.361
8/28/19 14:33,80.361,65.1,1003.7,71.361
8/28/19 14:33,80.361,65.1,1006.2,71.361
8/28/19 14:33,80.361,65.1,1008.7,71.361
8/28/19 14:33,80.361,65.1,1008.7,71.361
8/28/19 14:33,80.404,65.1,1011.2,71.361
8/28/19 14:33,80.404,65.1,1011.2,71.361
8/28/19 14:33,80.404,65.2,1013.7,71.361
8/28/19 14:33,80.404,65.2,1013.7,71.361
8/28/19 14:33,80.404,65.3,1016.2,71.361
8/28/19 14:33,80.404,65.4,1018.7,71.361
8/28/19 14:33,80.404,65.5,1021.2,71.361
8/28/19 14:33,80.404,65.6,1023.7,71.361
8/28/19 14:33,80.404,65.6,1026.2,71.361
8/28/19 14:33,80.449,65.6,1031.2,71.361
8/28/19 14:33,80.449,65.6,1033.7,71.361
8/28/19 14:33,80.449,65.6,1036.2,71.361
8/28/19 14:33,80.449,65.6,1041.2,71.361
8/28/19 14:33,80.449,65.6,1048.7,71.361
8/28/19 14:33,80.449,65.6,1058.7,71.361
8/28/19 14:33,80.449,65.5,1066.2,71.361
8/28/19 14:33,80.449,65.4,1073.7,71.361
8/28/19 14:33,80.492,65.3,1076.2,71.361
8/28/19 14:33,80.492,65.1,1076.2,71.361
8/28/19 14:33,80.492,65.2,1078.7,71.361
8/28/19 14:33,80.492,65.1,1086.2,71.361
8/28/19 14:33,80.492,65.2,1091.2,71.361
8/28/19 14:33,80.492,65.2,1096.2,71.361
8/28/19 14:33,80.492,65.3,1101.2,71.361
8/28/19 14:33,80.492,65.3,1101.2,71.361
8/28/19 14:33,80.492,65.2,1101.2,71.361
8/28/19 14:33,80.492,65.1,1103.7,71.361
8/28/19 14:33,80.492,65,1106.2,71.361
8/28/19 14:33,80.492,64.8,1108.7,71.361
8/28/19 14:33,80.537,64.7,1113.7,71.361
8/28/19 14:33,80.537,64.5,1118.7,71.361
8/28/19 14:33,80.537,64.4,1123.7,71.361
8/28/19 14:33,80.537,64.2,1128.7,71.361
8/28/19 14:33,80.537,64.2,1133.7,71.361
8/28/19 14:33,80.537,64.2,1138.7,71.361
8/28/19 14:33,80.537,64.2,1141.2,71.361
8/28/19 14:33,80.537,64.1,1146.2,71.361
8/28/19 14:33,80.537,64,1153.7,71.361
8/28/19 14:33,80.537,64,1163.7,71.361
8/28/19 14:33,80.537,64,1178.7,71.361
8/28/19 14:33,80.537,63.9,1191.2,71.361
8/28/19 14:33,80.537,63.9,1196.2,71.361
8/28/19 14:33,80.537,63.8,1193.7,71.361
8/28/19 14:33,80.537,63.7,1191.2,71.361
8/28/19 14:33,80.537,63.7,1191.2,71.361
8/28/19 14:33,80.537,63.5,1193.7,71.361
8/28/19 14:33,80.537,63.5,1203.7,71.361
8/28/19 14:33,80.537,63.3,1213.7,71.361
8/28/19 14:33,80.537,63.2,1223.7,71.361
8/28/19 14:33,80.537,63.2,1218.7,71.361
8/28/19 14:33,80.537,63.2,1208.7,71.361
8/28/19 14:33,80.537,63.2,1191.2,71.361
8/28/19 14:33,80.537,63.2,1176.2,71.361
8/28/19 14:33,80.537,63.2,1166.2,71.361
8/28/19 14:33,80.537,63.4,1166.2,71.361
8/28/19 14:33,80.537,63.5,1166.2,71.361
8/28/19 14:34,80.537,63.6,1168.7,71.361
8/28/19 14:34,80.537,63.7,1171.2,71.361
8/28/19 14:34,80.537,63.7,1176.2,71.361
8/28/19 14:34,80.537,63.8,1181.2,71.361
8/28/19 14:34,80.537,63.9,1183.7,71.361
8/28/19 14:34,80.537,63.9,1183.7,71.361
8/28/19 14:34,80.537,63.9,1191.2,71.361
8/28/19 14:34,80.537,64,1206.2,71.361
8/28/19 14:34,80.537,64.1,1221.2,71.361
8/28/19 14:34,80.537,64.2,1241.2,71.361
8/28/19 14:34,80.537,64.1,1253.7,71.361
8/28/19 14:34,80.537,64.2,1246.2,71.361
8/28/19 14:34,80.537,64.3,1228.7,71.361
8/28/19 14:34,80.537,64.4,1208.7,71.361
8/28/19 14:34,80.58,64.5,1198.7,71.361
8/28/19 14:34,80.58,64.6,1196.2,71.361
8/28/19 14:34,80.537,64.6,1188.7,71.361
8/28/19 14:34,80.58,64.7,1178.7,71.361
8/28/19 14:34,80.58,64.8,1163.7,71.361
8/28/19 14:34,80.58,64.9,1151.2,71.361
8/28/19 14:34,80.58,65.1,1138.7,71.404
8/28/19 14:34,80.58,65.1,1128.7,71.361
8/28/19 14:34,80.625,65.1,1118.7,71.404
8/28/19 14:34,80.625,65.1,1113.7,71.361
8/28/19 14:34,80.625,65.1,1111.2,71.361
8/28/19 14:34,80.625,65.2,1108.7,71.404
8/28/19 14:34,80.625,65.3,1111.2,71.361
8/28/19 14:34,80.625,65.4,1113.7,71.361
8/28/19 14:34,80.625,65.5,1116.2,71.404
8/28/19 14:34,80.668,65.6,1123.7,71.361
8/28/19 14:34,80.668,65.7,1133.7,71.404
8/28/19 14:34,80.668,65.8,1153.7,71.361
8/28/19 14:34,80.668,65.7,1168.7,71.404
8/28/19 14:34,80.668,65.6,1181.2,71.361
8/28/19 14:34,80.668,65.5,1183.7,71.404
8/28/19 14:34,80.668,65.4,1183.7,71.404
8/28/19 14:34,80.713,65.1,1183.7,71.361
8/28/19 14:34,80.713,65.1,1181.2,71.404
8/28/19 14:34,80.713,65.1,1181.2,71.361
8/28/19 14:34,80.713,65.1,1178.7,71.361
8/28/19 14:34,80.713,65.1,1173.7,71.404
8/28/19 14:34,80.713,65.1,1178.7,71.404
8/28/19 14:34,80.713,65.1,1193.7,71.404
8/28/19 14:34,80.713,65.1,1221.2,71.404
8/28/19 14:34,80.713,65.1,1243.7,71.404
8/28/19 14:34,80.757,65.2,1251.2,71.404
8/28/19 14:34,80.757,65.2,1251.2,71.404
8/28/19 14:34,80.757,65.2,1246.2,71.404
8/28/19 14:34,80.757,65.1,1248.7,71.404
8/28/19 14:34,80.757,65.1,1246.2,71.404
8/28/19 14:34,80.757,65,1233.7,71.404
8/28/19 14:34,80.802,65,1223.7,71.404
8/28/19 14:34,80.802,64.9,1218.7,71.404
8/28/19 14:34,80.802,64.9,1211.2,71.404
8/28/19 14:34,80.802,64.9,1206.2,71.404
8/28/19 14:34,80.802,64.9,1188.7,71.404
8/28/19 14:34,80.802,64.9,1168.7,71.404
8/28/19 14:34,80.802,64.9,1153.7,71.404
8/28/19 14:34,80.802,64.8,1146.2,71.404
8/28/19 14:34,80.802,64.8,1146.2,71.404
8/28/19 14:35,80.845,64.9,1146.2,71.404
8/28/19 14:35,80.845,65,1148.7,71.404
8/28/19 14:35,80.845,65,1153.7,71.361
8/28/19 14:35,80.845,64.9,1163.7,71.404
8/28/19 14:35,80.845,64.9,1178.7,71.404
8/28/19 14:35,80.845,64.8,1198.7,71.404
8/28/19 14:35,80.845,64.8,1223.7,71.404
8/28/19 14:35,80.845,64.6,1243.7,71.404
8/28/19 14:35,80.845,64.6,1258.7,71.404
8/28/19 14:35,80.89,64.4,1256.2,71.404
8/28/19 14:35,80.89,64.2,1198.7,71.404
8/28/19 14:35,80.89,64,1191.2,71.404
8/28/19 14:35,80.89,63.9,1186.2,71.404
8/28/19 14:35,80.89,63.8,1171.2,71.404
8/28/19 14:35,80.89,63.7,1163.7,71.404
8/28/19 14:35,80.89,63.6,1153.7,71.404
8/28/19 14:35,80.89,63.6,1146.2,71.404
8/28/19 14:35,80.89,63.6,1141.2,71.404
8/28/19 14:35,80.89,63.6,1133.7,71.404
8/28/19 14:35,80.89,63.7,1126.2,71.404
8/28/19 14:35,80.89,63.8,1123.7,71.404
8/28/19 14:35,80.89,63.8,1118.7,71.404
8/28/19 14:35,80.89,63.9,1116.2,71.404
8/28/19 14:35,80.89,64,1113.7,71.404
8/28/19 14:35,80.89,64.1,1108.7,71.404
8/28/19 14:35,80.935,64.2,1103.7,71.404
8/28/19 14:35,80.935,64.1,1101.2,71.404
8/28/19 14:35,80.935,64.2,1101.2,71.404
8/28/19 14:35,80.935,64.1,1098.7,71.404
8/28/19 14:35,80.935,64.2,1098.7,71.404
8/28/19 14:35,80.935,64.2,1098.7,71.404
8/28/19 14:35,80.935,64.1,1098.7,71.404
8/28/19 14:35,80.935,64,1098.7,71.404
8/28/19 14:35,80.978,64,1096.2,71.404
8/28/19 14:35,80.978,64,1096.2,71.404
8/28/19 14:35,80.978,64,1096.2,71.404
8/28/19 14:35,80.978,64.1,1096.2,71.404
8/28/19 14:35,80.978,64.1,1096.2,71.404
8/28/19 14:35,80.978,64.1,1096.2,71.404
8/28/19 14:35,80.978,64.2,1096.2,71.404
8/28/19 14:35,80.978,64.1,1096.2,71.404
8/28/19 14:35,80.978,64.2,1093.7,71.404
8/28/19 14:35,80.978,64.2,1093.7,71.404
8/28/19 14:35,80.978,64.2,1091.2,71.404
8/28/19 14:35,81.023,64.2,1091.2,71.404
8/28/19 14:35,81.023,64.1,1091.2,71.404
8/28/19 14:35,81.023,64.2,1091.2,71.404
8/28/19 14:35,81.023,64.2,1093.7,71.404
8/28/19 14:35,81.023,64.4,1093.7,71.404
8/28/19 14:35,81.023,64.5,1096.2,71.404
8/28/19 14:35,81.023,64.5,1096.2,71.404
8/28/19 14:35,81.023,64.6,1098.7,71.404
8/28/19 14:35,81.023,64.6,1103.7,71.404
8/28/19 14:35,81.023,64.6,1108.7,71.404
8/28/19 14:35,81.066,64.5,1111.2,71.404
8/28/19 14:35,81.066,64.5,1113.7,71.404
8/28/19 14:35,81.066,64.4,1116.2,71.404
8/28/19 14:35,81.066,64.4,1121.2,71.404
8/28/19 14:35,81.066,64.4,1126.2,71.404
8/28/19 14:35,81.066,64.4,1128.7,71.404
8/28/19 14:36,81.066,64.3,1131.2,71.404
8/28/19 14:36,81.066,64.3,1138.7,71.404
8/28/19 14:36,81.066,64.2,1153.7,71.404
8/28/19 14:36,81.066,64.1,1173.7,71.404
8/28/19 14:36,81.066,64.1,1188.7,71.404
8/28/19 14:36,81.066,64,1193.7,71.404
8/28/19 14:36,81.066,63.9,1191.2,71.404
8/28/19 14:36,81.066,63.9,1193.7,71.404
8/28/19 14:36,81.111,63.8,1198.7,71.404
8/28/19 14:36,81.066,63.8,1203.7,71.404
8/28/19 14:36,81.111,63.8,1196.2,71.404
8/28/19 14:36,81.111,63.8,1178.7,71.404
8/28/19 14:36,81.111,63.8,1148.7,71.404
8/28/19 14:36,81.111,63.6,1126.2,71.404
8/28/19 14:36,81.111,63.6,1116.2,71.404
8/28/19 14:36,81.111,63.5,1108.7,71.404
8/28/19 14:36,81.111,63.4,1103.7,71.404
8/28/19 14:36,81.111,63.2,1098.7,71.404
8/28/19 14:36,81.111,63.2,1096.2,71.404
8/28/19 14:36,81.111,63.2,1093.7,71.404
8/28/19 14:36,81.111,63.1,1091.2,71.404
8/28/19 14:36,81.111,63.1,1088.7,71.404
8/28/19 14:36,81.111,63.1,1088.7,71.404
8/28/19 14:36,81.111,63.1,1088.7,71.404
8/28/19 14:36,81.111,63.2,1088.7,71.404
8/28/19 14:36,81.111,63.2,1091.2,71.404
8/28/19 14:36,81.111,63.2,1093.7,71.404
8/28/19 14:36,81.111,63.3,1096.2,71.404
8/28/19 14:36,81.111,63.4,1098.7,71.404
8/28/19 14:36,81.111,63.5,1103.7,71.404
8/28/19 14:36,81.111,63.5,1106.2,71.404
8/28/19 14:36,81.111,63.5,1111.2,71.404
8/28/19 14:36,81.154,63.6,1116.2,71.404
8/28/19 14:36,81.154,63.6,1121.2,71.404
8/28/19 14:36,81.154,63.6,1126.2,71.404
8/28/19 14:36,81.154,63.7,1133.7,71.404
8/28/19 14:36,81.154,63.7,1141.2,71.404
8/28/19 14:36,81.154,63.7,1151.2,71.404
8/28/19 14:36,81.154,63.6,1161.2,71.404
8/28/19 14:36,81.154,63.5,1178.7,71.404
8/28/19 14:36,81.154,63.5,1203.7,71.404
8/28/19 14:36,81.154,63.4,1231.2,71.404
8/28/19 14:36,81.154,63.4,1256.2,71.404
8/28/19 14:36,81.154,63.4,1271.2,71.404
8/28/19 14:36,81.154,63.3,1278.7,71.404
8/28/19 14:36,81.154,63.3,1293.7,71.404
8/28/19 14:36,81.154,63.3,1331.2,71.404
8/28/19 14:36,81.154,63.3,1398.7,71.404
8/28/19 14:36,81.154,63.3,1481.2,71.404
8/28/19 14:36,81.154,63.3,1526.2,71.404
8/28/19 14:36,81.154,63.4,1513.7,71.404
8/28/19 14:36,81.154,63.4,1441.2,71.404
8/28/19 14:36,81.154,63.5,1341.2,71.404
8/28/19 14:36,81.154,63.6,1263.7,71.404
8/28/19 14:36,81.199,63.7,1221.2,71.404
8/28/19 14:36,81.199,63.6,1211.2,71.404
8/28/19 14:36,81.199,63.6,1206.2,71.404
8/28/19 14:36,81.199,63.6,1201.2,71.404
8/28/19 14:36,81.199,63.6,1196.2,71.404
8/28/19 14:36,81.199,63.6,1198.7,71.404
8/28/19 14:37,81.199,63.6,1201.2,71.404
8/28/19 14:37,81.199,63.7,1211.2,71.404
8/28/19 14:37,81.199,63.7,1231.2,71.404
8/28/19 14:37,81.199,63.8,1263.7,71.404
8/28/19 14:37,81.199,63.8,1303.7,71.404
8/28/19 14:37,81.199,63.8,1336.2,71.404
8/28/19 14:37,81.199,63.8,1351.2,71.404
8/28/19 14:37,81.199,63.8,1376.2,71.404
8/28/19 14:37,81.199,63.7,1416.2,71.404
8/28/19 14:37,81.199,63.7,1441.2,71.404
8/28/19 14:37,81.199,63.6,1398.7,71.404
8/28/19 14:37,81.199,63.6,1311.2,71.404
8/28/19 14:37,81.244,63.6,1228.7,71.404
8/28/19 14:37,81.199,63.7,1183.7,71.404
8/28/19 14:37,81.244,63.7,1161.2,71.404
8/28/19 14:37,81.244,63.6,1143.7,71.404
8/28/19 14:37,81.244,63.5,1126.2,71.404
8/28/19 14:37,81.244,63.3,1113.7,71.404
8/28/19 14:37,81.244,63.2,1106.2,71.404
8/28/19 14:37,81.244,63.1,1098.7,71.404
8/28/19 14:37,81.244,62.9,1096.2,71.404
8/28/19 14:37,81.244,62.7,1093.7,71.404
8/28/19 14:37,81.244,62.7,1088.7,71.404
8/28/19 14:37,81.244,62.6,1083.7,71.404
8/28/19 14:37,81.244,62.6,1076.2,71.404
8/28/19 14:37,81.244,62.5,1073.7,71.404
8/28/19 14:37,81.244,62.5,1071.2,71.404
8/28/19 14:37,81.244,62.6,1068.7,71.404
8/28/19 14:37,81.199,62.6,1068.7,71.404
8/28/19 14:37,81.244,62.7,1066.2,71.404
8/28/19 14:37,81.199,62.7,1066.2,71.404
8/28/19 14:37,81.244,62.8,1068.7,71.404
8/28/19 14:37,81.244,62.9,1071.2,71.404
8/28/19 14:37,81.199,63,1076.2,71.404
8/28/19 14:37,81.199,63.1,1078.7,71.404
8/28/19 14:37,81.199,63.1,1083.7,71.404
8/28/19 14:37,81.199,63,1081.2,71.404
8/28/19 14:37,81.199,62.9,1081.2,71.404
8/28/19 14:37,81.199,62.8,1076.2,71.404
8/28/19 14:37,81.199,62.7,1073.7,71.404
8/28/19 14:37,81.199,62.7,1068.7,71.404
8/28/19 14:37,81.199,62.6,1063.7,71.404
8/28/19 14:37,81.199,62.6,1061.2,71.447
8/28/19 14:37,81.199,62.6,1058.7,71.404
8/28/19 14:37,81.199,62.6,1058.7,71.447
8/28/19 14:37,81.199,62.6,1056.2,71.447
8/28/19 14:37,81.199,62.7,1051.2,71.404
8/28/19 14:37,81.199,62.6,1048.7,71.447
8/28/19 14:37,81.199,62.6,1046.2,71.404
8/28/19 14:37,81.154,62.5,1041.2,71.447
8/28/19 14:37,81.154,62.4,1038.7,71.404
8/28/19 14:37,81.154,62.3,1036.2,71.447
8/28/19 14:37,81.154,62.2,1036.2,71.404
8/28/19 14:37,81.154,62.2,1033.7,71.404
8/28/19 14:37,81.154,62.2,1031.2,71.404
8/28/19 14:37,81.154,62.2,1031.2,71.447
8/28/19 14:37,81.154,62.2,1031.2,71.447
8/28/19 14:37,81.111,62.2,1028.7,71.447
8/28/19 14:37,81.111,62.1,1028.7,71.447
8/28/19 14:37,81.111,62.1,1028.7,71.447
8/28/19 14:38,81.111,62.1,1031.2,71.447
8/28/19 14:38,81.111,62.1,1033.7,71.447
8/28/19 14:38,81.111,62.2,1036.2,71.447
8/28/19 14:38,81.111,62.3,1036.2,71.447
8/28/19 14:38,81.111,62.3,1036.2,71.447
8/28/19 14:38,81.111,62.4,1031.2,71.447
8/28/19 14:38,81.066,62.5,1028.7,71.447
8/28/19 14:38,81.066,62.6,1023.7,71.447
8/28/19 14:38,81.066,62.6,1021.2,71.447
8/28/19 14:38,81.066,62.7,1016.2,71.447
8/28/19 14:38,81.066,62.9,1013.7,71.447
8/28/19 14:38,81.066,62.9,1013.7,71.447
8/28/19 14:38,81.066,63,1011.2,71.447
8/28/19 14:38,81.066,63.1,1008.7,71.447
8/28/19 14:38,81.066,63.1,1006.2,71.447
8/28/19 14:38,81.066,63.2,1003.7,71.447
8/28/19 14:38,81.066,63.2,1003.7,71.447
8/28/19 14:38,81.066,63.2,1001.2,71.447
8/28/19 14:38,81.066,63.3,998.7,71.447
8/28/19 14:38,81.066,63.3,998.7,71.447
8/28/19 14:38,81.066,63.2,998.7,71.447
8/28/19 14:38,81.066,63.2,996.2,71.447
8/28/19 14:38,81.066,63.2,996.2,71.447
8/28/19 14:38,81.066,63.1,996.2,71.447
8/28/19 14:38,81.066,63.1,993.7,71.447
8/28/19 14:38,81.066,63.1,993.7,71.447
8/28/19 14:38,81.066,63.1,993.7,71.447
8/28/19 14:38,81.066,63.1,993.7,71.447
8/28/19 14:38,81.066,63.2,993.7,71.447
8/28/19 14:38,81.066,63.2,993.7,71.447
8/28/19 14:38,81.066,63.2,993.7,71.447
8/28/19 14:38,81.066,63.2,993.7,71.447
8/28/19 14:38,81.066,63.2,996.2,71.447
8/28/19 14:38,81.066,63.2,996.2,71.447
8/28/19 14:38,81.066,63.2,996.2,71.447
8/28/19 14:38,81.023,63.3,998.7,71.447
8/28/19 14:38,81.023,63.3,1001.2,71.447
8/28/19 14:38,81.023,63.3,1001.2,71.447
8/28/19 14:38,81.023,63.4,1006.2,71.447
8/28/19 14:38,81.023,63.4,1008.7,71.447
8/28/19 14:38,81.023,63.5,1011.2,71.447
8/28/19 14:38,81.023,63.4,1013.7,71.447
8/28/19 14:38,81.023,63.3,1018.7,71.447
8/28/19 14:38,81.023,63.3,1023.7,71.447
8/28/19 14:38,81.023,63.3,1026.2,71.447
8/28/19 14:38,81.023,63.2,1023.7,71.447
8/28/19 14:38,81.023,63.2,1023.7,71.447
8/28/19 14:38,81.023,63.1,1021.2,71.447
8/28/19 14:38,81.023,63.1,1021.2,71.447
8/28/19 14:38,81.023,63,1021.2,71.447
8/28/19 14:38,81.023,63,1021.2,71.447
8/28/19 14:38,81.023,63,1023.7,71.447
8/28/19 14:38,81.023,63,1023.7,71.447
8/28/19 14:38,81.023,63.1,1026.2,71.447
8/28/19 14:38,81.023,63.1,1028.7,71.447
8/28/19 14:38,81.023,63.1,1026.2,71.447
8/28/19 14:38,81.023,63.1,1021.2,71.447
8/28/19 14:38,81.023,63,1016.2,71.447
8/28/19 14:38,81.023,63,1011.2,71.447
8/28/19 14:38,80.978,63,1008.7,71.447
8/28/19 14:39,80.978,62.9,1003.7,71.447
8/28/19 14:39,80.978,62.9,1001.2,71.447
8/28/19 14:39,80.978,62.8,1001.2,71.447
8/28/19 14:39,80.978,62.8,998.7,71.447
8/28/19 14:39,80.978,62.8,996.2,71.447
8/28/19 14:39,80.978,62.8,996.2,71.447
8/28/19 14:39,80.978,62.7,993.7,71.447
8/28/19 14:39,80.978,62.7,993.7,71.447
8/28/19 14:39,80.978,62.7,991.2,71.447
8/28/19 14:39,80.978,62.7,991.2,71.447
8/28/19 14:39,80.978,62.7,988.7,71.447
8/28/19 14:39,80.935,62.7,986.2,71.447
8/28/19 14:39,80.935,62.8,983.7,71.447
8/28/19 14:39,80.935,62.8,983.7,71.447
8/28/19 14:39,80.935,62.8,983.7,71.447
8/28/19 14:39,80.935,62.8,981.2,71.447
8/28/19 14:39,80.935,62.9,981.2,71.447
8/28/19 14:39,80.935,63,978.7,71.447
8/28/19 14:39,80.935,63,978.7,71.447
8/28/19 14:39,80.935,63.1,976.2,71.447
8/28/19 14:39,80.935,63.2,976.2,71.447
8/28/19 14:39,80.935,63.2,976.2,71.447
8/28/19 14:39,80.935,63.2,973.7,71.447
8/28/19 14:39,80.935,63.2,973.7,71.447
8/28/19 14:39,80.935,63.1,973.7,71.447
8/28/19 14:39,80.935,63,973.7,71.447
8/28/19 14:39,80.935,62.9,973.7,71.447
8/28/19 14:39,80.935,62.8,973.7,71.447
8/28/19 14:39,80.935,62.7,973.7,71.447
8/28/19 14:39,80.935,62.7,973.7,71.447
8/28/19 14:39,80.935,62.7,973.7,71.447
8/28/19 14:39,80.89,62.6,973.7,71.447
8/28/19 14:39,80.89,62.7,973.7,71.447
8/28/19 14:39,80.89,62.7,973.7,71.447
8/28/19 14:39,80.89,62.6,976.2,71.447
8/28/19 14:39,80.89,62.4,976.2,71.447
8/28/19 14:39,80.89,62.3,976.2,71.447
8/28/19 14:39,80.89,62.3,978.7,71.49
8/28/19 14:39,80.89,62.2,978.7,71.447
8/28/19 14:39,80.89,62.2,981.2,71.447
8/28/19 14:39,80.89,62.2,981.2,71.49
8/28/19 14:39,80.89,62.3,981.2,71.447
8/28/19 14:39,80.89,62.3,981.2,71.49
8/28/19 14:39,80.89,62.4,981.2,71.49
8/28/19 14:39,80.89,62.4,981.2,71.447
8/28/19 14:39,80.89,62.5,981.2,71.447
8/28/19 14:39,80.89,62.5,981.2,71.447
8/28/19 14:39,80.89,62.6,983.7,71.49
8/28/19 14:39,80.89,62.7,983.7,71.447
8/28/19 14:39,80.89,62.7,983.7,71.49
8/28/19 14:39,80.89,62.7,983.7,71.447
8/28/19 14:39,80.845,62.7,981.2,71.447
8/28/19 14:39,80.845,62.8,981.2,71.49
8/28/19 14:39,80.845,62.7,981.2,71.49
8/28/19 14:39,80.845,62.6,981.2,71.49
8/28/19 14:39,80.845,62.6,981.2,71.49
8/28/19 14:39,80.845,62.5,981.2,71.49
8/28/19 14:39,80.845,62.4,981.2,71.49
8/28/19 14:39,80.845,62.4,981.2,71.49
8/28/19 14:39,80.845,62.3,981.2,71.49
8/28/19 14:40,80.845,62.2,981.2,71.49
8/28/19 14:40,80.845,62.2,981.2,71.49
8/28/19 14:40,80.845,62.2,981.2,71.49
8/28/19 14:40,80.845,62.2,983.7,71.49
8/28/19 14:40,80.845,62.1,981.2,71.49
8/28/19 14:40,80.845,62,981.2,71.49
8/28/19 14:40,80.845,61.9,983.7,71.49
8/28/19 14:40,80.802,61.9,983.7,71.49
8/28/19 14:40,80.802,61.9,983.7,71.49
8/28/19 14:40,80.802,61.9,983.7,71.49
8/28/19 14:40,80.802,61.8,983.7,71.49
8/28/19 14:40,80.802,61.8,983.7,71.49
8/28/19 14:40,80.802,61.8,986.2,71.49
8/28/19 14:40,80.802,61.8,988.7,71.49
8/28/19 14:40,80.802,61.8,988.7,71.49
8/28/19 14:40,80.802,61.7,991.2,71.49
8/28/19 14:40,80.802,61.7,991.2,71.49
8/28/19 14:40,80.757,61.6,991.2,71.49
8/28/19 14:40,80.757,61.6,993.7,71.49
8/28/19 14:40,80.757,61.7,996.2,71.49
8/28/19 14:40,80.757,61.6,998.7,71.49
8/28/19 14:40,80.757,61.5,998.7,71.49
8/28/19 14:40,80.757,61.5,998.7,71.49
8/28/19 14:40,80.757,61.5,998.7,71.49
8/28/19 14:40,80.757,61.5,998.7,71.49
8/28/19 14:40,80.713,61.5,998.7,71.49
8/28/19 14:40,80.713,61.5,998.7,71.49
8/28/19 14:40,80.713,61.6,1001.2,71.49
8/28/19 14:40,80.713,61.7,1001.2,71.49
8/28/19 14:40,80.713,61.7,998.7,71.49
8/28/19 14:40,80.713,61.8,996.2,71.49
8/28/19 14:40,80.713,62,993.7,71.49
8/28/19 14:40,80.713,62.1,991.2,71.49
8/28/19 14:40,80.713,62.2,988.7,71.49
8/28/19 14:40,80.713,62.2,988.7,71.49
8/28/19 14:40,80.668,62.3,986.2,71.49
8/28/19 14:40,80.668,62.3,983.7,71.49
8/28/19 14:40,80.668,62.4,981.2,71.49
8/28/19 14:40,80.668,62.4,981.2,71.49
8/28/19 14:40,80.668,62.4,981.2,71.49
8/28/19 14:40,80.668,62.4,978.7,71.49
8/28/19 14:40,80.668,62.4,978.7,71.49
8/28/19 14:40,80.668,62.4,978.7,71.49
8/28/19 14:40,80.668,62.4,978.7,71.49
8/28/19 14:40,80.668,62.3,978.7,71.49
8/28/19 14:40,80.668,62.3,978.7,71.49
8/28/19 14:40,80.668,62.3,978.7,71.49
8/28/19 14:40,80.668,62.4,978.7,71.49
8/28/19 14:40,80.668,62.4,981.2,71.49
8/28/19 14:40,80.668,62.5,981.2,71.49
8/28/19 14:40,80.668,62.6,983.7,71.49
8/28/19 14:40,80.625,62.6,983.7,71.49
8/28/19 14:40,80.668,62.7,986.2,71.49
8/28/19 14:40,80.625,62.6,988.7,71.49
8/28/19 14:40,80.625,62.7,988.7,71.49
8/28/19 14:40,80.625,62.6,991.2,71.49
8/28/19 14:40,80.625,62.6,993.7,71.49
8/28/19 14:40,80.625,62.5,996.2,71.49
8/28/19 14:40,80.625,62.6,996.2,71.49
8/28/19 14:40,80.625,62.6,998.7,71.49
8/28/19 14:41,80.625,62.7,1001.2,71.49
8/28/19 14:41,80.625,62.6,1003.7,71.49
8/28/19 14:41,80.625,62.7,1003.7,71.49
8/28/19 14:41,80.625,62.8,1003.7,71.49
8/28/19 14:41,80.625,62.9,1001.2,71.49
8/28/19 14:41,80.625,62.9,1003.7,71.49
8/28/19 14:41,80.625,62.9,1006.2,71.49
8/28/19 14:41,80.625,63,1003.7,71.49
8/28/19 14:41,80.625,63.1,996.2,71.49
8/28/19 14:41,80.625,63.1,991.2,71.49
8/28/19 14:41,80.625,63.2,991.2,71.49
8/28/19 14:41,80.625,63.2,988.7,71.49
8/28/19 14:41,80.625,63.2,986.2,71.49
8/28/19 14:41,80.625,63.3,983.7,71.49
8/28/19 14:41,80.625,63.3,981.2,71.49
8/28/19 14:41,80.625,63.4,981.2,71.49
8/28/19 14:41,80.625,63.5,978.7,71.49
8/28/19 14:41,80.625,63.6,976.2,71.49
8/28/19 14:41,80.625,63.6,976.2,71.49
8/28/19 14:41,80.625,63.7,973.7,71.49
8/28/19 14:41,80.625,63.7,973.7,71.49
8/28/19 14:41,80.625,63.7,973.7,71.49
8/28/19 14:41,80.625,63.6,971.2,71.49
8/28/19 14:41,80.625,63.6,971.2,71.49
8/28/19 14:41,80.625,63.6,971.2,71.49
8/28/19 14:41,80.625,63.6,971.2,71.49
8/28/19 14:41,80.625,63.7,971.2,71.49
8/28/19 14:41,80.625,63.7,971.2,71.49
8/28/19 14:41,80.625,63.6,971.2,71.49
8/28/19 14:41,80.625,63.7,971.2,71.49
8/28/19 14:41,80.625,63.6,971.2,71.49
8/28/19 14:41,80.625,63.6,971.2,71.49
8/28/19 14:41,80.625,63.7,971.2,71.49
8/28/19 14:41,80.625,63.6,973.7,71.49
8/28/19 14:41,80.668,63.4,973.7,71.49
8/28/19 14:41,80.625,63.3,973.7,71.49
8/28/19 14:41,80.668,63.2,976.2,71.49
8/28/19 14:41,80.625,63.2,978.7,71.49
8/28/19 14:41,80.625,63.2,978.7,71.49
8/28/19 14:41,80.625,63.1,981.2,71.49
8/28/19 14:41,80.625,63.1,983.7,71.49
8/28/19 14:41,80.625,63,986.2,71.49
8/28/19 14:41,80.625,62.8,988.7,71.49
8/28/19 14:41,80.625,62.6,991.2,71.49
8/28/19 14:41,80.625,62.6,993.7,71.49
8/28/19 14:41,80.625,62.5,996.2,71.49
8/28/19 14:41,80.625,62.4,998.7,71.49
8/28/19 14:41,80.625,62.4,1001.2,71.49
8/28/19 14:41,80.625,62.4,1003.7,71.49
8/28/19 14:41,80.625,62.3,1003.7,71.49
8/28/19 14:41,80.625,62.2,1003.7,71.49
8/28/19 14:41,80.625,62.1,1001.2,71.49
8/28/19 14:41,80.625,62.1,1001.2,71.49
8/28/19 14:41,80.625,62.1,998.7,71.49
8/28/19 14:41,80.625,62.1,996.2,71.49
8/28/19 14:41,80.58,62.1,991.2,71.49
8/28/19 14:41,80.58,62.1,988.7,71.49
8/28/19 14:41,80.58,62.1,983.7,71.49
8/28/19 14:41,80.58,62.1,981.2,71.49
8/28/19 14:41,80.58,62.1,976.2,71.49
8/28/19 14:42,80.58,62.1,973.7,71.49
8/28/19 14:42,80.58,62.2,971.2,71.49
8/28/19 14:42,80.58,62.2,971.2,71.49
8/28/19 14:42,80.58,62.2,968.7,71.49
8/28/19 14:42,80.58,62.1,966.2,71.49
8/28/19 14:42,80.58,62.1,966.2,71.49
8/28/19 14:42,80.58,62.1,963.7,71.49
8/28/19 14:42,80.58,62.1,963.7,71.49
8/28/19 14:42,80.58,62.1,961.2,71.49
8/28/19 14:42,80.58,62.1,961.2,71.49
8/28/19 14:42,80.58,62.1,961.2,71.49
8/28/19 14:42,80.58,62.1,961.2,71.49
8/28/19 14:42,80.58,62.1,961.2,71.49
8/28/19 14:42,80.58,62,961.2,71.49
8/28/19 14:42,80.58,62,958.7,71.49
8/28/19 14:42,80.58,61.9,958.7,71.49
8/28/19 14:42,80.58,61.9,958.7,71.49
8/28/19 14:42,80.58,61.9,958.7,71.49
8/28/19 14:42,80.58,61.9,958.7,71.49
8/28/19 14:42,80.58,61.9,958.7,71.49
8/28/19 14:42,80.58,61.9,958.7,71.49
8/28/19 14:42,80.537,61.9,958.7,71.49
8/28/19 14:42,80.58,61.9,958.7,71.49
8/28/19 14:42,80.58,61.9,958.7,71.49
8/28/19 14:42,80.537,61.9,958.7,71.49
8/28/19 14:42,80.537,61.9,961.2,71.49
8/28/19 14:42,80.537,61.9,961.2,71.49
8/28/19 14:42,80.537,61.9,961.2,71.49
8/28/19 14:42,80.537,61.9,961.2,71.49
8/28/19 14:42,80.537,61.9,961.2,71.49
8/28/19 14:42,80.537,61.9,963.7,71.49
8/28/19 14:42,80.537,61.9,963.7,71.49
8/28/19 14:42,80.537,62,963.7,71.49
8/28/19 14:42,80.537,62,966.2,71.49
8/28/19 14:42,80.537,62,966.2,71.49
8/28/19 14:42,80.537,62.1,968.7,71.49
8/28/19 14:42,80.537,62.1,968.7,71.533
8/28/19 14:42,80.537,62.1,971.2,71.49
8/28/19 14:42,80.537,62.1,973.7,71.49
8/28/19 14:42,80.537,62.2,976.2,71.49
8/28/19 14:42,80.537,62.2,976.2,71.49
8/28/19 14:42,80.537,62.2,978.7,71.533
8/28/19 14:42,80.537,62.2,978.7,71.49
8/28/19 14:42,80.537,62.1,978.7,71.49
8/28/19 14:42,80.537,62.2,981.2,71.49
8/28/19 14:42,80.537,62.3,981.2,71.49
8/28/19 14:42,80.537,62.3,983.7,71.49
8/28/19 14:42,80.537,62.3,983.7,71.49
8/28/19 14:42,80.537,62.3,986.2,71.49
8/28/19 14:42,80.537,62.3,988.7,71.49
8/28/19 14:42,80.537,62.4,991.2,71.49
8/28/19 14:42,80.537,62.4,991.2,71.49
8/28/19 14:42,80.537,62.6,993.7,71.49
8/28/19 14:42,80.537,62.6,996.2,71.533
8/28/19 14:42,80.537,62.7,1001.2,71.49
8/28/19 14:42,80.537,62.7,1003.7,71.49
8/28/19 14:42,80.537,62.7,1008.7,71.49
8/28/19 14:42,80.537,62.7,1011.2,71.49
8/28/19 14:42,80.537,62.7,1016.2,71.49
8/28/19 14:42,80.537,62.7,1021.2,71.49
8/28/19 14:43,80.537,62.6,1028.7,71.49
8/28/19 14:43,80.537,62.7,1036.2,71.49
8/28/19 14:43,80.537,62.7,1048.7,71.49
8/28/19 14:43,80.537,62.7,1066.2,71.49
8/28/19 14:43,80.537,62.7,1096.2,71.533
8/28/19 14:43,80.537,62.8,1131.2,71.49
8/28/19 14:43,80.537,62.9,1153.7,71.49
8/28/19 14:43,80.537,63,1151.2,71.49
8/28/19 14:43,80.537,63.1,1126.2,71.533
8/28/19 14:43,80.537,63.2,1093.7,71.533
8/28/19 14:43,80.58,63.2,1076.2,71.533
8/28/19 14:43,80.58,63.2,1073.7,71.533
8/28/19 14:43,80.58,63.2,1073.7,71.49
8/28/19 14:43,80.58,63.2,1078.7,71.49
8/28/19 14:43,80.58,63.2,1088.7,71.533
8/28/19 14:43,80.58,63.2,1106.2,71.533
8/28/19 14:43,80.58,63.3,1136.2,71.533
8/28/19 14:43,80.58,63.2,1176.2,71.49
8/28/19 14:43,80.58,63.2,1193.7,71.49
8/28/19 14:43,80.58,63.1,1183.7,71.49
8/28/19 14:43,80.58,63,1146.2,71.533
8/28/19 14:43,80.58,63,1101.2,71.533
8/28/19 14:43,80.58,63,1078.7,71.533
8/28/19 14:43,80.58,63,1068.7,71.533
8/28/19 14:43,80.625,63,1061.2,71.533
8/28/19 14:43,80.625,63,1058.7,71.533
8/28/19 14:43,80.625,63,1056.2,71.533
8/28/19 14:43,80.625,63,1053.7,71.49
8/28/19 14:43,80.625,63,1051.2,71.533
8/28/19 14:43,80.625,62.9,1048.7,71.533
8/28/19 14:43,80.625,62.9,1048.7,71.533
8/28/19 14:43,80.625,62.9,1046.2,71.533
8/28/19 14:43,80.625,62.8,1046.2,71.533
8/28/19 14:43,80.625,62.8,1043.7,71.533
8/28/19 14:43,80.625,62.7,1038.7,71.533
8/28/19 14:43,80.625,62.7,1033.7,71.533
8/28/19 14:43,80.625,62.6,1031.2,71.533
8/28/19 14:43,80.625,62.5,1026.2,71.533
8/28/19 14:43,80.625,62.3,1021.2,71.533
8/28/19 14:43,80.625,62.2,1018.7,71.533
8/28/19 14:43,80.625,62.1,1013.7,71.533
8/28/19 14:43,80.625,62.1,1011.2,71.533
8/28/19 14:43,80.625,62,1008.7,71.533
8/28/19 14:43,80.625,62,1006.2,71.533
8/28/19 14:43,80.625,62,1003.7,71.533
8/28/19 14:43,80.625,62,1001.2,71.533
8/28/19 14:43,80.625,62.1,998.7,71.533
8/28/19 14:43,80.625,62.1,998.7,71.533
8/28/19 14:43,80.625,62.2,998.7,71.533
8/28/19 14:43,80.625,62.2,998.7,71.533
8/28/19 14:43,80.625,62.2,996.2,71.533
8/28/19 14:43,80.625,62.2,996.2,71.533
8/28/19 14:43,80.625,62.2,996.2,71.533
8/28/19 14:43,80.625,62.2,996.2,71.533
8/28/19 14:43,80.625,62.3,998.7,71.533
8/28/19 14:43,80.625,62.3,998.7,71.533
8/28/19 14:43,80.625,62.4,998.7,71.533
8/28/19 14:43,80.625,62.4,1001.2,71.533
8/28/19 14:43,80.668,62.5,1001.2,71.533
8/28/19 14:43,80.625,62.5,1003.7,71.533
8/28/19 14:44,80.668,62.4,1008.7,71.533
8/28/19 14:44,80.668,62.3,1011.2,71.533
8/28/19 14:44,80.668,62.3,1013.7,71.533
8/28/19 14:44,80.625,62.2,1018.7,71.533
8/28/19 14:44,80.668,62.2,1023.7,71.533
8/28/19 14:44,80.668,62.1,1028.7,71.533
8/28/19 14:44,80.668,62.1,1036.2,71.533
8/28/19 14:44,80.668,62,1048.7,71.533
8/28/19 14:44,80.668,61.9,1056.2,71.533
8/28/19 14:44,80.668,61.9,1061.2,71.533
8/28/19 14:44,80.668,61.8,1061.2,71.533
8/28/19 14:44,80.668,61.8,1058.7,71.533
8/28/19 14:44,80.668,61.8,1056.2,71.533
8/28/19 14:44,80.668,61.7,1058.7,71.533
8/28/19 14:44,80.668,61.7,1058.7,71.533
8/28/19 14:44,80.625,61.7,1053.7,71.533
8/28/19 14:44,80.668,61.7,1046.2,71.533
8/28/19 14:44,80.668,61.7,1038.7,71.533
8/28/19 14:44,80.668,61.7,1033.7,71.533
8/28/19 14:44,80.668,61.7,1031.2,71.533
8/28/19 14:44,80.668,61.7,1031.2,71.533
8/28/19 14:44,80.668,61.7,1028.7,71.533
8/28/19 14:44,80.668,61.7,1028.7,71.533
8/28/19 14:44,80.668,61.8,1028.7,71.533
8/28/19 14:44,80.625,61.9,1028.7,71.533
8/28/19 14:44,80.668,62,1028.7,71.533
8/28/19 14:44,80.668,62,1031.2,71.533
8/28/19 14:44,80.668,61.9,1031.2,71.533
8/28/19 14:44,80.668,61.8,1036.2,71.533
8/28/19 14:44,80.625,61.8,1043.7,71.533
8/28/19 14:44,80.668,61.7,1051.2,71.533
8/28/19 14:44,80.668,61.7,1058.7,71.533
8/28/19 14:44,80.668,61.7,1066.2,71.533
8/28/19 14:44,80.668,61.7,1071.2,71.533
8/28/19 14:44,80.668,61.6,1073.7,71.533
8/28/19 14:44,80.625,61.7,1076.2,71.533
8/28/19 14:44,80.668,61.7,1073.7,71.533
8/28/19 14:44,80.625,61.6,1071.2,71.533
8/28/19 14:44,80.625,61.6,1071.2,71.533
8/28/19 14:44,80.625,61.5,1071.2,71.533
8/28/19 14:44,80.625,61.5,1076.2,71.533
8/28/19 14:44,80.668,61.5,1086.2,71.533
8/28/19 14:44,80.625,61.5,1098.7,71.533
8/28/19 14:44,80.625,61.5,1118.7,71.533
8/28/19 14:44,80.625,61.7,1126.2,71.533
8/28/19 14:44,80.625,61.7,1118.7,71.533
8/28/19 14:44,80.625,61.7,1111.2,71.533
8/28/19 14:44,80.625,61.8,1093.7,71.533
8/28/19 14:44,80.625,61.9,1076.2,71.533
8/28/19 14:44,80.625,62,1068.7,71.533
8/28/19 14:44,80.625,62.1,1063.7,71.533
8/28/19 14:44,80.625,62.1,1061.2,71.533
8/28/19 14:44,80.625,62.1,1061.2,71.533
8/28/19 14:44,80.625,62.1,1061.2,71.533
8/28/19 14:44,80.625,62.2,1061.2,71.533
8/28/19 14:44,80.625,62.1,1061.2,71.533
8/28/19 14:44,80.625,62.2,1061.2,71.533
8/28/19 14:44,80.625,62.2,1061.2,71.533
8/28/19 14:44,80.625,62.1,1063.7,71.533
8/28/19 14:44,80.625,62,1066.2,71.533
8/28/19 14:45,80.625,62,1066.2,71.533
8/28/19 14:45,80.625,61.9,1066.2,71.533
8/28/19 14:45,80.625,61.8,1068.7,71.533
8/28/19 14:45,80.625,61.8,1068.7,71.533
8/28/19 14:45,80.625,61.8,1068.7,71.533
8/28/19 14:45,80.625,61.7,1068.7,71.533
8/28/19 14:45,80.625,61.6,1071.2,71.533
8/28/19 14:45,80.625,61.5,1076.2,71.533
8/28/19 14:45,80.625,61.4,1078.7,71.533
8/28/19 14:45,80.625,61.3,1081.2,71.533
8/28/19 14:45,80.625,61.3,1083.7,71.533
8/28/19 14:45,80.625,61.3,1088.7,71.533
8/28/19 14:45,80.625,61.4,1091.2,71.533
8/28/19 14:45,80.625,61.5,1096.2,71.533
8/28/19 14:45,80.625,61.6,1103.7,71.533
8/28/19 14:45,80.625,61.7,1108.7,71.533
8/28/19 14:45,80.625,61.7,1116.2,71.533
8/28/19 14:45,80.625,61.7,1126.2,71.533
8/28/19 14:45,80.625,61.7,1136.2,71.533
8/28/19 14:45,80.625,61.7,1143.7,71.533
8/28/19 14:45,80.625,61.7,1146.2,71.533
8/28/19 14:45,80.625,61.8,1146.2,71.533
8/28/19 14:45,80.625,61.8,1143.7,71.533
8/28/19 14:45,80.625,61.8,1143.7,71.533
8/28/19 14:45,80.625,61.8,1143.7,71.533
8/28/19 14:45,80.625,61.9,1141.2,71.533
8/28/19 14:45,80.625,61.9,1136.2,71.533
8/28/19 14:45,80.625,61.9,1133.7,71.533
8/28/19 14:45,80.625,61.9,1133.7,71.533
8/28/19 14:45,80.625,61.8,1138.7,71.533
8/28/19 14:45,80.625,61.8,1148.7,71.533
8/28/19 14:45,80.625,61.7,1153.7,71.533
8/28/19 14:45,80.625,61.6,1163.7,71.533
8/28/19 14:45,80.625,61.7,1171.2,71.533
8/28/19 14:45,80.625,61.7,1178.7,71.533
8/28/19 14:45,80.625,61.7,1186.2,71.533
8/28/19 14:45,80.625,61.7,1193.7,71.533
8/28/19 14:45,80.625,61.7,1208.7,71.533
8/28/19 14:45,80.625,61.6,1223.7,71.533
8/28/19 14:45,80.625,61.6,1236.2,71.533
8/28/19 14:45,80.625,61.7,1236.2,71.533
8/28/19 14:45,80.625,61.7,1241.2,71.533
8/28/19 14:45,80.625,61.7,1253.7,71.533
8/28/19 14:45,80.625,61.6,1273.7,71.577
8/28/19 14:45,80.625,61.6,1298.7,71.533
8/28/19 14:45,80.668,61.6,1328.7,71.533
8/28/19 14:45,80.625,61.6,1353.7,71.533
8/28/19 14:45,80.625,61.7,1361.2,71.577
8/28/19 14:45,80.668,61.7,1348.7,71.533
8/28/19 14:45,80.625,61.6,1331.2,71.533
8/28/19 14:45,80.625,61.7,1296.2,71.533
8/28/19 14:45,80.625,61.7,1256.2,71.533
8/28/19 14:45,80.625,61.8,1218.7,71.533
8/28/19 14:45,80.625,61.8,1191.2,71.533
8/28/19 14:45,80.625,61.9,1173.7,71.577
8/28/19 14:45,80.625,62,1163.7,71.533
8/28/19 14:45,80.668,62,1153.7,71.533
8/28/19 14:45,80.668,62.1,1146.2,71.533
8/28/19 14:45,80.668,62.1,1143.7,71.533
8/28/19 14:45,80.668,62.1,1141.2,71.533
8/28/19 14:46,80.668,62.1,1141.2,71.533
8/28/19 14:46,80.668,62,1143.7,71.533
8/28/19 14:46,80.668,61.9,1148.7,71.533
8/28/19 14:46,80.668,61.8,1151.2,71.577
8/28/19 14:46,80.668,61.8,1148.7,71.577
8/28/19 14:46,80.668,61.7,1146.2,71.533
8/28/19 14:46,80.668,61.7,1141.2,71.577
8/28/19 14:46,80.668,61.7,1138.7,71.533
8/28/19 14:46,80.668,61.6,1141.2,71.577
8/28/19 14:46,80.668,61.6,1141.2,71.577
8/28/19 14:46,80.668,61.5,1141.2,71.577
8/28/19 14:46,80.668,61.5,1138.7,71.577
8/28/19 14:46,80.668,61.5,1136.2,71.577
8/28/19 14:46,80.668,61.5,1136.2,71.577
8/28/19 14:46,80.668,61.5,1138.7,71.577
8/28/19 14:46,80.668,61.6,1141.2,71.577
8/28/19 14:46,80.668,61.6,1146.2,71.577
8/28/19 14:46,80.668,61.6,1153.7,71.577
8/28/19 14:46,80.668,61.6,1161.2,71.533
8/28/19 14:46,80.668,61.6,1166.2,71.577
8/28/19 14:46,80.668,61.6,1166.2,71.577
8/28/19 14:46,80.668,61.6,1163.7,71.577
8/28/19 14:46,80.668,61.7,1161.2,71.577
8/28/19 14:46,80.668,61.6,1158.7,71.577
8/28/19 14:46,80.668,61.6,1158.7,71.577
8/28/19 14:46,80.668,61.4,1158.7,71.533
8/28/19 14:46,80.668,61.3,1161.2,71.577
8/28/19 14:46,80.668,61.1,1163.7,71.577
8/28/19 14:46,80.668,61.1,1171.2,71.533
8/28/19 14:46,80.668,60.9,1183.7,71.577
8/28/19 14:46,80.668,60.8,1196.2,71.577
8/28/19 14:46,80.668,60.7,1216.2,71.577
8/28/19 14:46,80.668,60.7,1251.2,71.577
8/28/19 14:46,80.668,60.6,1293.7,71.577
8/28/19 14:46,80.668,60.5,1323.7,71.577
8/28/19 14:46,80.668,60.5,1348.7,71.577
8/28/19 14:46,80.668,60.3,1373.7,71.577
8/28/19 14:46,80.668,60.3,1388.7,71.577
8/28/19 14:46,80.668,60.4,1391.2,71.577
8/28/19 14:46,80.625,60.3,1378.7,71.577
8/28/19 14:46,80.625,60.3,1368.7,71.577
8/28/19 14:46,80.668,60.3,1371.2,71.577
8/28/19 14:46,80.625,60.3,1366.2,71.577
8/28/19 14:46,80.625,60.3,1363.7,71.577
8/28/19 14:46,80.625,60.4,1356.2,71.577
8/28/19 14:46,80.625,60.5,1338.7,71.577
8/28/19 14:46,80.625,60.6,1318.7,71.577
8/28/19 14:46,80.625,60.7,1303.7,71.577
8/28/19 14:46,80.625,60.8,1303.7,71.577
8/28/19 14:46,80.625,60.8,1313.7,71.577
8/28/19 14:46,80.625,60.7,1326.2,71.577
8/28/19 14:46,80.625,60.7,1351.2,71.577
8/28/19 14:46,80.625,60.6,1373.7,71.577
8/28/19 14:46,80.625,60.4,1388.7,71.577
8/28/19 14:46,80.625,60.3,1381.2,71.577
8/28/19 14:46,80.625,60.2,1361.2,71.577
8/28/19 14:46,80.625,60.2,1341.2,71.577
8/28/19 14:46,80.625,60.2,1318.7,71.577
8/28/19 14:46,80.625,60.3,1286.2,71.577
8/28/19 14:46,80.625,60.3,1258.7,71.577
8/28/19 14:47,80.625,60.3,1231.2,71.577
8/28/19 14:47,80.625,60.3,1206.2,71.577
8/28/19 14:47,80.625,60.3,1181.2,71.577
8/28/19 14:47,80.625,60.3,1166.2,71.577
8/28/19 14:47,80.625,60.3,1156.2,71.577
8/28/19 14:47,80.625,60.3,1148.7,71.577
8/28/19 14:47,80.625,60.3,1143.7,71.577
8/28/19 14:47,80.625,60.2,1141.2,71.577
8/28/19 14:47,80.625,60.2,1136.2,71.577
8/28/19 14:47,80.625,60.2,1133.7,71.577
8/28/19 14:47,80.625,60.2,1131.2,71.577
8/28/19 14:47,80.625,60.2,1128.7,71.577
8/28/19 14:47,80.625,60.2,1128.7,71.577
8/28/19 14:47,80.625,60.3,1128.7,71.577
8/28/19 14:47,80.625,60.3,1128.7,71.577
8/28/19 14:47,80.625,60.3,1128.7,71.577
8/28/19 14:47,80.625,60.3,1131.2,71.577
8/28/19 14:47,80.625,60.4,1131.2,71.577
8/28/19 14:47,80.625,60.4,1131.2,71.577
8/28/19 14:47,80.625,60.5,1133.7,71.577
8/28/19 14:47,80.625,60.6,1133.7,71.577
8/28/19 14:47,80.625,60.6,1136.2,71.577
8/28/19 14:47,80.625,60.7,1141.2,71.577
8/28/19 14:47,80.625,60.6,1143.7,71.577
8/28/19 14:47,80.625,60.7,1148.7,71.577
8/28/19 14:47,80.625,60.8,1153.7,71.577
8/28/19 14:47,80.625,60.9,1158.7,71.577
8/28/19 14:47,80.625,60.9,1166.2,71.577
8/28/19 14:47,80.625,61.1,1173.7,71.577
8/28/19 14:47,80.625,61.1,1183.7,71.577
8/28/19 14:47,80.625,61.1,1193.7,71.577
8/28/19 14:47,80.625,61.1,1203.7,71.577
8/28/19 14:47,80.625,61.1,1218.7,71.577
8/28/19 14:47,80.625,61.1,1228.7,71.577
8/28/19 14:47,80.625,61.1,1236.2,71.577
8/28/19 14:47,80.625,61,1236.2,71.577
8/28/19 14:47,80.625,60.9,1233.7,71.577
8/28/19 14:47,80.625,60.8,1228.7,71.577
8/28/19 14:47,80.625,60.7,1223.7,71.577
8/28/19 14:47,80.625,60.7,1221.2,71.577
8/28/19 14:47,80.625,60.7,1218.7,71.577
8/28/19 14:47,80.625,60.6,1216.2,71.577
8/28/19 14:47,80.625,60.6,1216.2,71.577
8/28/19 14:47,80.625,60.6,1218.7,71.577
8/28/19 14:47,80.625,60.5,1218.7,71.577
8/28/19 14:47,80.625,60.5,1221.2,71.577
8/28/19 14:47,80.625,60.4,1226.2,71.577
8/28/19 14:47,80.625,60.4,1236.2,71.577
8/28/19 14:47,80.625,60.4,1253.7,71.577
8/28/19 14:47,80.625,60.4,1268.7,71.577
8/28/19 14:47,80.625,60.4,1288.7,71.577
8/28/19 14:47,80.625,60.5,1313.7,71.577
8/28/19 14:47,80.625,60.5,1336.2,71.577
8/28/19 14:47,80.625,60.6,1356.2,71.577
8/28/19 14:47,80.625,60.7,1381.2,71.577
8/28/19 14:47,80.625,60.7,1406.2,71.577
8/28/19 14:47,80.625,60.8,1428.7,71.577
8/28/19 14:47,80.625,60.8,1466.2,71.577
8/28/19 14:47,80.668,60.9,1523.7,71.577
8/28/19 14:47,80.625,60.9,1573.7,71.577
8/28/19 14:48,80.625,61.1,1611.2,71.577
8/28/19 14:48,80.668,61.2,1638.7,71.577
8/28/19 14:48,80.668,61.1,1656.2,71.577
8/28/19 14:48,80.668,61.2,1683.7,71.577
8/28/19 14:48,80.668,61.3,1688.7,71.577
8/28/19 14:48,80.668,61.3,1646.2,71.577
8/28/19 14:48,80.668,61.2,1581.2,71.577
8/28/19 14:48,80.668,61.2,1498.7,71.577
8/28/19 14:48,80.668,61.2,1428.7,71.577
8/28/19 14:48,80.668,61.2,1378.7,71.577
8/28/19 14:48,80.713,61.2,1353.7,71.577
8/28/19 14:48,80.713,61.2,1341.2,71.577
8/28/19 14:48,80.713,61.2,1338.7,71.577
8/28/19 14:48,80.713,61.2,1341.2,71.577
8/28/19 14:48,80.713,61.1,1343.7,71.577
8/28/19 14:48,80.713,61.1,1353.7,71.577
8/28/19 14:48,80.713,61.2,1366.2,71.577
8/28/19 14:48,80.713,61.2,1383.7,71.577
8/28/19 14:48,80.713,61.3,1408.7,71.577
8/28/19 14:48,80.757,61.2,1436.2,71.577
8/28/19 14:48,80.757,61.3,1466.2,71.577
8/28/19 14:48,80.757,61.3,1488.7,71.577
8/28/19 14:48,80.757,61.3,1506.2,71.577
8/28/19 14:48,80.757,61.4,1513.7,71.577
8/28/19 14:48,80.757,61.4,1526.2,71.577
8/28/19 14:48,80.757,61.4,1536.2,71.577
8/28/19 14:48,80.757,61.5,1538.7,71.577
8/28/19 14:48,80.802,61.5,1536.2,71.577
8/28/19 14:48,80.802,61.5,1551.2,71.577
8/28/19 14:48,80.802,61.4,1581.2,71.577
8/28/19 14:48,80.802,61.4,1623.7,71.577
8/28/19 14:48,80.802,61.3,1676.2,71.577
8/28/19 14:48,80.802,61.2,1713.7,71.577
8/28/19 14:48,80.802,61.2,1738.7,71.577
8/28/19 14:48,80.802,61.1,1758.7,71.577
8/28/19 14:48,80.802,61.2,1778.7,71.577
8/28/19 14:48,80.802,61.2,1808.7,71.577
8/28/19 14:48,80.845,61.1,1836.2,71.577
8/28/19 14:48,80.845,61.2,1858.7,71.577
8/28/19 14:48,80.845,61.3,1891.2,71.577
8/28/19 14:48,80.845,61.3,1921.2,71.577
8/28/19 14:48,80.845,61.3,1911.2,71.577
8/28/19 14:48,80.845,61.2,1878.7,71.577
8/28/19 14:48,80.845,61.2,1858.7,71.577
8/28/19 14:48,80.845,61.1,1831.2,71.577
8/28/19 14:48,80.89,61.2,1826.2,71.577
8/28/19 14:48,80.89,61.2,1846.2,71.577
8/28/19 14:48,80.89,61.1,1851.2,71.577
8/28/19 14:48,80.89,61.1,1888.7,71.577
8/28/19 14:48,80.89,61.1,1913.7,71.577
8/28/19 14:48,80.89,61.1,1943.7,71.577
8/28/19 14:48,80.89,61.2,2028.7,71.577
8/28/19 14:48,80.89,61.1,2113.7,71.577
8/28/19 14:48,80.935,61.2,2153.7,71.577
8/28/19 14:48,80.935,61.2,2158.7,71.577
8/28/19 14:48,80.935,61.3,2143.7,71.577
8/28/19 14:48,80.935,61.4,2121.2,71.577
8/28/19 14:48,80.935,61.5,2106.2,71.577
8/28/19 14:48,80.935,61.7,2093.7,71.577
8/28/19 14:48,80.935,61.7,2073.7,71.577
8/28/19 14:49,80.978,61.8,2068.7,71.577
8/28/19 14:49,80.978,61.9,2068.7,71.577
8/28/19 14:49,80.978,62.1,2073.7,71.577
8/28/19 14:49,80.978,62.2,2083.7,71.577
8/28/19 14:49,80.978,62.2,2096.2,71.577
8/28/19 14:49,81.023,62.3,2093.7,71.577
8/28/19 14:49,81.023,62.4,2073.7,71.577
8/28/19 14:49,81.023,62.4,2006.2,71.577
8/28/19 14:49,81.066,62.4,1923.7,71.577
8/28/19 14:49,81.066,62.4,1831.2,71.577
8/28/19 14:49,81.066,62.4,1753.7,71.577
8/28/19 14:49,81.066,62.5,1726.2,71.577
8/28/19 14:49,81.066,62.5,1761.2,71.62
8/28/19 14:49,81.111,62.6,1808.7,71.577
8/28/19 14:49,81.111,62.7,1868.7,71.577
8/28/19 14:49,81.111,62.7,1921.2,71.577
8/28/19 14:49,81.154,62.9,1961.2,71.577
8/28/19 14:49,81.154,63,1976.2,71.577
8/28/19 14:49,81.154,63.1,1933.7,71.577
8/28/19 14:49,81.154,63.2,1858.7,71.62
8/28/19 14:49,81.199,63.2,1756.2,71.62
8/28/19 14:49,81.199,63.1,1663.7,71.577
8/28/19 14:49,81.199,63.1,1631.2,71.577
8/28/19 14:49,81.244,63,1673.7,71.577
8/28/19 14:49,81.244,62.7,1761.2,71.577
8/28/19 14:49,81.244,62.7,1878.7,71.62
8/28/19 14:49,81.244,62.6,1973.7,71.577
8/28/19 14:49,81.288,62.4,1951.2,71.577
8/28/19 14:49,81.288,62.3,1803.7,71.62
8/28/19 14:49,81.288,62.2,1601.2,71.62
8/28/19 14:49,81.288,62.2,1416.2,71.62
8/28/19 14:49,81.333,62.1,1298.7,71.577
8/28/19 14:49,81.333,62.1,1248.7,71.577
8/28/19 14:49,81.333,62,1243.7,71.62
8/28/19 14:49,81.333,62,1246.2,71.577
8/28/19 14:49,81.333,61.9,1258.7,71.62
8/28/19 14:49,81.376,61.9,1273.7,71.62
8/28/19 14:49,81.376,61.9,1298.7,71.62
8/28/19 14:49,81.376,62,1348.7,71.62
8/28/19 14:49,81.376,62,1423.7,71.62
8/28/19 14:49,81.376,62.1,1508.7,71.62
8/28/19 14:49,81.376,62.2,1568.7,71.62
8/28/19 14:49,81.421,62.1,1578.7,71.62
8/28/19 14:49,81.421,62.2,1543.7,71.62
8/28/19 14:49,81.421,62.1,1501.2,71.62
8/28/19 14:49,81.421,61.9,1471.2,71.62
8/28/19 14:49,81.421,61.8,1463.7,71.62
8/28/19 14:49,81.466,61.7,1458.7,71.62
8/28/19 14:49,81.466,61.6,1441.2,71.62
8/28/19 14:49,81.466,61.6,1416.2,71.62
8/28/19 14:49,81.466,61.7,1396.2,71.62
8/28/19 14:49,81.466,61.7,1391.2,71.62
8/28/19 14:49,81.466,61.7,1381.2,71.62
8/28/19 14:49,81.466,61.7,1358.7,71.62
8/28/19 14:49,81.509,61.7,1331.2,71.62
8/28/19 14:49,81.509,61.7,1303.7,71.62
8/28/19 14:49,81.509,61.6,1283.7,71.62
8/28/19 14:49,81.509,61.7,1268.7,71.62
8/28/19 14:49,81.509,61.7,1258.7,71.62
8/28/19 14:49,81.509,61.7,1251.2,71.62
8/28/19 14:50,81.509,61.6,1246.2,71.62
8/28/19 14:50,81.509,61.6,1236.2,71.62
8/28/19 14:50,81.509,61.6,1226.2,71.62
8/28/19 14:50,81.554,61.6,1216.2,71.62
8/28/19 14:50,81.554,61.7,1211.2,71.62
8/28/19 14:50,81.554,61.7,1208.7,71.62
8/28/19 14:50,81.554,61.7,1213.7,71.62
8/28/19 14:50,81.554,61.6,1218.7,71.62
8/28/19 14:50,81.554,61.8,1216.2,71.62
8/28/19 14:50,81.554,61.8,1208.7,71.62
8/28/19 14:50,81.554,61.7,1193.7,71.62
8/28/19 14:50,81.554,61.8,1178.7,71.62
8/28/19 14:50,81.554,61.6,1163.7,71.62
8/28/19 14:50,81.554,61.8,1148.7,71.62
8/28/19 14:50,81.554,61.8,1133.7,71.62
8/28/19 14:50,81.597,61.8,1118.7,71.62
8/28/19 14:50,81.597,61.8,1106.2,71.62
8/28/19 14:50,81.597,61.8,1093.7,71.62
8/28/19 14:50,81.597,61.6,1083.7,71.62
8/28/19 14:50,81.597,61.7,1073.7,71.62
8/28/19 14:50,81.597,61.6,1061.2,71.62
8/28/19 14:50,81.597,61.4,1051.2,71.62
8/28/19 14:50,81.597,61.3,1038.7,71.62
8/28/19 14:50,81.597,61.3,1031.2,71.62
8/28/19 14:50,81.597,61.3,1023.7,71.62
8/28/19 14:50,81.597,61.3,1018.7,71.62
8/28/19 14:50,81.597,61.3,1013.7,71.62
8/28/19 14:50,81.597,61.3,1008.7,71.62
8/28/19 14:50,81.597,61.3,1003.7,71.62
8/28/19 14:50,81.597,61.3,1001.2,71.62
8/28/19 14:50,81.597,61.1,998.7,71.62
8/28/19 14:50,81.597,61.1,993.7,71.62
8/28/19 14:50,81.597,61.1,991.2,71.62
8/28/19 14:50,81.597,61.3,988.7,71.62
8/28/19 14:50,81.597,61.3,986.2,71.62
8/28/19 14:50,81.597,61.3,983.7,71.62
8/28/19 14:50,81.554,61.3,981.2,71.62
8/28/19 14:50,81.554,61.2,981.2,71.62
8/28/19 14:50,81.554,61.2,978.7,71.62
8/28/19 14:50,81.554,61.2,976.2,71.62
8/28/19 14:50,81.554,61.3,976.2,71.62
8/28/19 14:50,81.554,61.4,973.7,71.62
8/28/19 14:50,81.554,61.5,971.2,71.62
8/28/19 14:50,81.554,61.6,971.2,71.62
8/28/19 14:50,81.554,61.8,968.7,71.62
8/28/19 14:50,81.554,61.8,968.7,71.62
8/28/19 14:50,81.554,61.9,966.2,71.62
8/28/19 14:50,81.554,61.9,966.2,71.62
8/28/19 14:50,81.554,62.1,963.7,71.661
8/28/19 14:50,81.554,62.2,963.7,71.62
8/28/19 14:50,81.554,62.3,963.7,71.661
8/28/19 14:50,81.554,62.2,963.7,71.62
8/28/19 14:50,81.554,62.3,963.7,71.62
8/28/19 14:50,81.554,62.2,963.7,71.62
8/28/19 14:50,81.554,62.1,963.7,71.62
8/28/19 14:50,81.554,62.1,963.7,71.661
8/28/19 14:50,81.554,62.1,963.7,71.62
8/28/19 14:50,81.554,62.2,963.7,71.62
8/28/19 14:50,81.554,62.3,963.7,71.661
8/28/19 14:50,81.554,62.3,966.2,71.62
8/28/19 14:51,81.554,62.4,966.2,71.62
8/28/19 14:51,81.554,62.5,966.2,71.661
8/28/19 14:51,81.554,62.6,968.7,71.661
8/28/19 14:51,81.554,62.7,968.7,71.62
8/28/19 14:51,81.554,62.6,971.2,71.661
8/28/19 14:51,81.554,62.4,971.2,71.661
8/28/19 14:51,81.554,62.5,973.7,71.661
8/28/19 14:51,81.554,62.5,973.7,71.661
8/28/19 14:51,81.554,62.6,973.7,71.661
8/28/19 14:51,81.554,62.6,976.2,71.62
8/28/19 14:51,81.554,62.8,976.2,71.62
8/28/19 14:51,81.554,62.7,976.2,71.661
8/28/19 14:51,81.554,62.8,978.7,71.661
8/28/19 14:51,81.554,63,978.7,71.661
8/28/19 14:51,81.554,63.1,981.2,71.661
8/28/19 14:51,81.554,63.1,983.7,71.661
8/28/19 14:51,81.554,63.2,986.2,71.661
8/28/19 14:51,81.554,63.1,988.7,71.661
8/28/19 14:51,81.554,63.1,991.2,71.661
8/28/19 14:51,81.554,63,996.2,71.661
8/28/19 14:51,81.554,62.8,998.7,71.661
8/28/19 14:51,81.554,62.5,1003.7,71.661
8/28/19 14:51,81.554,62.2,1011.2,71.661
8/28/19 14:51,81.554,61.8,1018.7,71.661
8/28/19 14:51,81.554,61.6,1023.7,71.661
8/28/19 14:51,81.554,61.4,1031.2,71.661
8/28/19 14:51,81.554,61.2,1038.7,71.661
8/28/19 14:51,81.554,61.2,1048.7,71.661
8/28/19 14:51,81.554,61.1,1061.2,71.661
8/28/19 14:51,81.509,61,1083.7,71.661
8/28/19 14:51,81.509,61,1116.2,71.661
8/28/19 14:51,81.509,61,1166.2,71.661
8/28/19 14:51,81.509,60.9,1213.7,71.661
8/28/19 14:51,81.509,61,1261.2,71.661
8/28/19 14:51,81.509,61.1,1273.7,71.661
8/28/19 14:51,81.509,61.1,1238.7,71.661
8/28/19 14:51,81.466,61.1,1191.2,71.661
8/28/19 14:51,81.466,61,1151.2,71.661
8/28/19 14:51,81.466,60.9,1113.7,71.661
8/28/19 14:51,81.466,60.8,1101.2,71.661
8/28/19 14:51,81.466,60.8,1113.7,71.661
8/28/19 14:51,81.421,60.7,1141.2,71.661
8/28/19 14:51,81.421,60.8,1168.7,71.661
8/28/19 14:51,81.421,60.8,1176.2,71.661
8/28/19 14:51,81.421,60.8,1148.7,71.661
8/28/19 14:51,81.421,60.8,1101.2,71.661
8/28/19 14:51,81.376,60.8,1068.7,71.661
8/28/19 14:51,81.376,60.7,1053.7,71.661
8/28/19 14:51,81.376,60.7,1041.2,71.661
8/28/19 14:51,81.376,60.7,1033.7,71.661
8/28/19 14:51,81.376,60.6,1021.2,71.661
8/28/19 14:51,81.333,60.7,1008.7,71.661
8/28/19 14:51,81.333,60.6,993.7,71.661
8/28/19 14:51,81.333,60.6,983.7,71.661
8/28/19 14:51,81.333,60.6,978.7,71.661
8/28/19 14:51,81.333,60.6,976.2,71.661
8/28/19 14:51,81.288,60.7,973.7,71.661
8/28/19 14:51,81.288,60.6,971.2,71.661
8/28/19 14:51,81.288,60.6,968.7,71.661
8/28/19 14:51,81.288,60.6,966.2,71.661
8/28/19 14:52,81.288,60.7,966.2,71.661
8/28/19 14:52,81.244,60.7,966.2,71.661
8/28/19 14:52,81.244,60.6,966.2,71.661
8/28/19 14:52,81.244,60.6,968.7,71.661
8/28/19 14:52,81.244,60.6,971.2,71.661
8/28/19 14:52,81.244,60.6,971.2,71.661
8/28/19 14:52,81.199,60.6,973.7,71.661
8/28/19 14:52,81.199,60.6,978.7,71.661
8/28/19 14:52,81.199,60.5,981.2,71.661
8/28/19 14:52,81.199,60.5,988.7,71.661
8/28/19 14:52,81.154,60.5,1001.2,71.661
8/28/19 14:52,81.154,60.5,1021.2,71.661
8/28/19 14:52,81.154,60.5,1056.2,71.661
8/28/19 14:52,81.154,60.5,1093.7,71.661
8/28/19 14:52,81.154,60.5,1156.2,71.661
8/28/19 14:52,81.111,60.4,1241.2,71.661
8/28/19 14:52,81.111,60.3,1318.7,71.661
8/28/19 14:52,81.111,60.3,1388.7,71.661
8/28/19 14:52,81.111,60.3,1426.2,71.661
8/28/19 14:52,81.111,60.3,1396.2,71.661
8/28/19 14:52,81.066,60.3,1293.7,71.661
8/28/19 14:52,81.066,60.3,1193.7,71.661
8/28/19 14:52,81.066,60.4,1101.2,71.661
8/28/19 14:52,81.066,60.4,1028.7,71.661
8/28/19 14:52,81.023,60.5,996.2,71.661
8/28/19 14:52,81.023,60.5,981.2,71.661
8/28/19 14:52,81.023,60.6,973.7,71.661
8/28/19 14:52,81.023,60.6,966.2,71.661
8/28/19 14:52,80.978,60.6,961.2,71.661
8/28/19 14:52,80.978,60.7,958.7,71.661
8/28/19 14:52,80.978,60.7,956.2,71.661
8/28/19 14:52,80.978,60.7,956.2,71.661
8/28/19 14:52,80.978,60.7,953.7,71.661
8/28/19 14:52,80.978,60.7,953.7,71.661
8/28/19 14:52,80.935,60.7,953.7,71.661
8/28/19 14:52,80.935,60.7,953.7,71.661
8/28/19 14:52,80.935,60.7,956.2,71.661
8/28/19 14:52,80.935,60.7,956.2,71.661
8/28/19 14:52,80.935,60.7,958.7,71.661
8/28/19 14:52,80.935,60.6,961.2,71.661
8/28/19 14:52,80.89,60.7,966.2,71.661
8/28/19 14:52,80.89,60.7,971.2,71.661
8/28/19 14:52,80.89,60.7,976.2,71.661
8/28/19 14:52,80.89,60.8,981.2,71.661
8/28/19 14:52,80.89,60.9,988.7,71.661
8/28/19 14:52,80.845,61,996.2,71.661
8/28/19 14:52,80.845,61.1,1006.2,71.661
8/28/19 14:52,80.845,61.2,1016.2,71.661
8/28/19 14:52,80.845,61.4,1036.2,71.661
8/28/19 14:52,80.845,61.5,1073.7,71.661
8/28/19 14:52,80.845,61.6,1133.7,71.661
8/28/19 14:52,80.845,61.7,1206.2,71.661
8/28/19 14:52,80.845,61.6,1278.7,71.661
8/28/19 14:52,80.845,61.7,1333.7,71.661
8/28/19 14:52,80.845,61.6,1368.7,71.661
8/28/19 14:52,80.802,61.6,1403.7,71.661
8/28/19 14:52,80.802,61.7,1451.2,71.661
8/28/19 14:52,80.802,61.8,1488.7,71.661
8/28/19 14:52,80.802,61.8,1531.2,71.661
8/28/19 14:52,80.802,62,1603.7,71.661
8/28/19 14:53,80.802,62,1681.2,71.661
8/28/19 14:53,80.802,62.1,1688.7,71.661
8/28/19 14:53,80.802,62.1,1638.7,71.661
8/28/19 14:53,80.802,62,1553.7,71.661
8/28/19 14:53,80.802,62.1,1456.2,71.661
8/28/19 14:53,80.802,62.1,1378.7,71.661
8/28/19 14:53,80.802,62.1,1338.7,71.661
8/28/19 14:53,80.757,62.2,1338.7,71.661
8/28/19 14:53,80.802,62.1,1393.7,71.661
8/28/19 14:53,80.757,62.3,1496.2,71.661
8/28/19 14:53,80.757,62.3,1621.2,71.661
8/28/19 14:53,80.757,62.4,1731.2,71.661
8/28/19 14:53,80.757,62.5,1813.7,71.661
8/28/19 14:53,80.757,62.6,1873.7,71.661
8/28/19 14:53,80.757,62.6,1881.2,71.661
8/28/19 14:53,80.802,62.7,1898.7,71.661
8/28/19 14:53,80.802,62.7,1921.2,71.661
8/28/19 14:53,80.802,62.7,1913.7,71.661
8/28/19 14:53,80.802,62.7,1898.7,71.661
8/28/19 14:53,80.802,62.7,1878.7,71.661
8/28/19 14:53,80.802,62.7,1853.7,71.661
8/28/19 14:53,80.802,62.6,1858.7,71.661
8/28/19 14:53,80.802,62.7,1898.7,71.661
8/28/19 14:53,80.802,62.7,1923.7,71.661
8/28/19 14:53,80.802,62.7,1916.2,71.661
8/28/19 14:53,80.802,62.6,1948.7,71.661
8/28/19 14:53,80.802,62.4,2041.2,71.661
8/28/19 14:53,80.802,62.2,2088.7,71.661
8/28/19 14:53,80.802,62,2058.7,71.661
8/28/19 14:53,80.845,61.7,1968.7,71.661
8/28/19 14:53,80.845,61.6,1866.2,71.661
8/28/19 14:53,80.845,61.4,1786.2,71.661
8/28/19 14:53,80.845,61.3,1723.7,71.661
8/28/19 14:53,80.845,61.2,1643.7,71.661
8/28/19 14:53,80.845,61.2,1581.2,71.661
8/28/19 14:53,80.845,61.1,1541.2,71.661
8/28/19 14:53,80.845,61,1498.7,71.661
8/28/19 14:53,80.845,60.9,1441.2,71.661
8/28/19 14:53,80.845,60.8,1376.2,71.661
8/28/19 14:53,80.845,60.9,1316.2,71.661
8/28/19 14:53,80.845,60.9,1261.2,71.661
8/28/19 14:53,80.845,60.9,1226.2,71.661
8/28/19 14:53,80.845,60.9,1201.2,71.661
8/28/19 14:53,80.845,61,1183.7,71.661
8/28/19 14:53,80.845,61.1,1176.2,71.661
8/28/19 14:53,80.845,61.1,1173.7,71.661
8/28/19 14:53,80.845,61.1,1178.7,71.661
8/28/19 14:53,80.845,61.2,1186.2,71.661
8/28/19 14:53,80.845,61.4,1191.2,71.661
8/28/19 14:53,80.845,61.5,1196.2,71.661
8/28/19 14:53,80.845,61.6,1201.2,71.661
8/28/19 14:53,80.845,61.7,1208.7,71.661
8/28/19 14:53,80.89,61.7,1221.2,71.661
8/28/19 14:53,80.89,61.8,1228.7,71.661
8/28/19 14:53,80.89,61.8,1236.2,71.661
8/28/19 14:53,80.89,61.8,1251.2,71.661
8/28/19 14:53,80.89,61.9,1278.7,71.661
8/28/19 14:53,80.89,62,1338.7,71.661
8/28/19 14:53,80.89,62,1448.7,71.661
8/28/19 14:53,80.89,62.1,1581.2,71.661
8/28/19 14:54,80.89,62.1,1711.2,71.661
8/28/19 14:54,80.89,62.2,1806.2,71.661
8/28/19 14:54,80.89,62.2,1876.2,71.661
8/28/19 14:54,80.89,62.3,1933.7,71.661
8/28/19 14:54,80.935,62.4,2018.7,71.661
8/28/19 14:54,80.935,62.4,2128.7,71.661
8/28/19 14:54,80.935,62.4,2206.2,71.661
8/28/19 14:54,80.935,62.4,2213.7,71.661
8/28/19 14:54,80.935,62.4,2186.2,71.661
8/28/19 14:54,80.935,62.4,2141.2,71.661
8/28/19 14:54,80.978,62.6,2053.7,71.661
8/28/19 14:54,80.978,62.6,1913.7,71.661
8/28/19 14:54,80.978,62.7,1758.7,71.661
8/28/19 14:54,80.978,62.7,1621.2,71.661
8/28/19 14:54,80.978,62.6,1518.7,71.661
8/28/19 14:54,80.978,62.7,1478.7,71.661
8/28/19 14:54,81.023,62.7,1486.2,71.704
8/28/19 14:54,81.023,62.7,1513.7,71.661
8/28/19 14:54,81.023,62.7,1563.7,71.661
8/28/19 14:54,81.023,62.7,1633.7,71.661
8/28/19 14:54,81.066,62.6,1713.7,71.661
8/28/19 14:54,81.066,62.7,1793.7,71.661
8/28/19 14:54,81.066,62.7,1873.7,71.661
8/28/19 14:54,81.066,62.9,1921.2,71.661
8/28/19 14:54,81.066,62.9,1906.2,71.661
8/28/19 14:54,81.111,62.9,1866.2,71.661
8/28/19 14:54,81.111,62.9,1833.7,71.661
8/28/19 14:54,81.111,62.8,1826.2,71.661
8/28/19 14:54,81.111,62.7,1851.2,71.661
8/28/19 14:54,81.154,62.6,1881.2,71.661
8/28/19 14:54,81.154,62.6,1893.7,71.704
8/28/19 14:54,81.154,62.4,1906.2,71.661
8/28/19 14:54,81.154,62.3,1948.7,71.661
8/28/19 14:54,81.154,62.2,2023.7,71.661
8/28/19 14:54,81.154,62.2,2116.2,71.661
8/28/19 14:54,81.199,62.1,2198.7,71.661
8/28/19 14:54,81.199,62,2268.7,71.661
8/28/19 14:54,81.199,62,2268.7,71.661
8/28/19 14:54,81.199,62,2191.2,71.704
8/28/19 14:54,81.199,62,2058.7,71.661
8/28/19 14:54,81.244,62.1,1881.2,71.704
8/28/19 14:54,81.244,62.2,1713.7,71.661
8/28/19 14:54,81.244,62.3,1588.7,71.661
8/28/19 14:54,81.244,62.4,1511.2,71.661
8/28/19 14:54,81.244,62.5,1478.7,71.704
8/28/19 14:54,81.244,62.7,1471.2,71.661
8/28/19 14:54,81.244,62.8,1471.2,71.661
8/28/19 14:54,81.288,63,1473.7,71.661
8/28/19 14:54,81.288,63.2,1491.2,71.704
8/28/19 14:54,81.288,63.2,1528.7,71.704
8/28/19 14:54,81.333,63.3,1566.2,71.661
8/28/19 14:54,81.333,63.3,1558.7,71.704
8/28/19 14:54,81.333,63.2,1506.2,71.704
8/28/19 14:54,81.333,63.2,1436.2,71.704
8/28/19 14:54,81.376,63.1,1371.2,71.704
8/28/19 14:54,81.376,63,1328.7,71.704
8/28/19 14:54,81.376,62.9,1318.7,71.661
8/28/19 14:54,81.421,62.8,1326.2,71.704
8/28/19 14:54,81.421,62.6,1343.7,71.704
8/28/19 14:54,81.421,62.6,1371.2,71.704
8/28/19 14:55,81.421,62.4,1433.7,71.661
8/28/19 14:55,81.421,62.3,1531.2,71.704
8/28/19 14:55,81.466,62.1,1626.2,71.704
8/28/19 14:55,81.466,62.1,1686.2,71.704
8/28/19 14:55,81.466,61.9,1728.7,71.704
8/28/19 14:55,81.466,61.8,1743.7,71.704
8/28/19 14:55,81.466,61.6,1741.2,71.704
8/28/19 14:55,81.466,61.5,1718.7,71.704
8/28/19 14:55,81.466,61.4,1673.7,71.704
8/28/19 14:55,81.466,61.2,1616.2,71.704
8/28/19 14:55,81.509,61.2,1546.2,71.704
8/28/19 14:55,81.509,61.1,1448.7,71.704
8/28/19 14:55,81.509,61,1333.7,71.704
8/28/19 14:55,81.509,61,1248.7,71.704
8/28/19 14:55,81.509,61.1,1201.2,71.704
8/28/19 14:55,81.509,61.1,1181.2,71.704
8/28/19 14:55,81.509,61,1171.2,71.704
8/28/19 14:55,81.509,61,1166.2,71.704
8/28/19 14:55,81.509,61,1163.7,71.704
8/28/19 14:55,81.509,61.1,1161.2,71.704
8/28/19 14:55,81.509,61.2,1161.2,71.704
8/28/19 14:55,81.509,61.2,1158.7,71.704
8/28/19 14:55,81.509,61.1,1161.2,71.704
8/28/19 14:55,81.509,61.2,1161.2,71.704
8/28/19 14:55,81.509,61.2,1163.7,71.704
8/28/19 14:55,81.509,61.2,1163.7,71.704
8/28/19 14:55,81.509,61.3,1163.7,71.704
8/28/19 14:55,81.509,61.3,1161.2,71.704
8/28/19 14:55,81.509,61.3,1156.2,71.704
8/28/19 14:55,81.509,61.4,1151.2,71.704
8/28/19 14:55,81.509,61.4,1146.2,71.704
8/28/19 14:55,81.509,61.4,1143.7,71.704
8/28/19 14:55,81.509,61.5,1143.7,71.704
8/28/19 14:55,81.509,61.6,1143.7,71.704
8/28/19 14:55,81.509,61.6,1143.7,71.704
8/28/19 14:55,81.509,61.7,1146.2,71.704
8/28/19 14:55,81.509,61.8,1151.2,71.704
8/28/19 14:55,81.509,61.8,1158.7,71.704
8/28/19 14:55,81.509,61.8,1173.7,71.704
8/28/19 14:55,81.509,61.8,1201.2,71.704
8/28/19 14:55,81.509,61.7,1236.2,71.704
8/28/19 14:55,81.509,61.7,1261.2,71.704
8/28/19 14:55,81.509,61.7,1281.2,71.704
8/28/19 14:55,81.509,61.6,1298.7,71.704
8/28/19 14:55,81.509,61.7,1308.7,71.704
8/28/19 14:55,81.509,61.7,1303.7,71.704
8/28/19 14:55,81.509,61.7,1303.7,71.704
8/28/19 14:55,81.509,61.8,1318.7,71.704
8/28/19 14:55,81.509,61.9,1326.2,71.704
8/28/19 14:55,81.509,62,1318.7,71.704
8/28/19 14:55,81.509,62,1303.7,71.704
8/28/19 14:55,81.509,62.1,1283.7,71.704
8/28/19 14:55,81.509,62.1,1261.2,71.704
8/28/19 14:55,81.509,62.2,1246.2,71.704
8/28/19 14:55,81.509,62.2,1246.2,71.704
8/28/19 14:55,81.509,62.1,1256.2,71.704
8/28/19 14:55,81.509,62.2,1271.2,71.704
8/28/19 14:55,81.509,62.2,1301.2,71.704
8/28/19 14:55,81.509,62.3,1353.7,71.704
8/28/19 14:55,81.509,62.4,1428.7,71.704
8/28/19 14:56,81.509,62.6,1528.7,71.704
8/28/19 14:56,81.509,62.7,1641.2,71.704
8/28/19 14:56,81.509,62.8,1756.2,71.704
8/28/19 14:56,81.509,62.8,1838.7,71.704
8/28/19 14:56,81.509,62.8,1891.2,71.704
8/28/19 14:56,81.554,62.8,1903.7,71.704
8/28/19 14:56,81.509,63,1926.2,71.704
8/28/19 14:56,81.554,63,2003.7,71.704
8/28/19 14:56,81.554,63.1,2121.2,71.704
8/28/19 14:56,81.554,63.2,2246.2,71.704
8/28/19 14:56,81.554,63.3,2343.7,71.704
8/28/19 14:56,81.554,63.3,2403.7,71.704
8/28/19 14:56,81.554,63.3,2431.2,71.704
8/28/19 14:56,81.554,63.4,2463.7,71.704
8/28/19 14:56,81.554,63.5,2471.2,71.704
8/28/19 14:56,81.597,63.6,2408.7,71.704
8/28/19 14:56,81.597,63.7,2281.2,71.704
8/28/19 14:56,81.597,63.7,2096.2,71.704
8/28/19 14:56,81.597,63.8,1883.7,71.704
8/28/19 14:56,81.597,63.8,1691.2,71.704
8/28/19 14:56,81.642,63.9,1581.2,71.704
8/28/19 14:56,81.642,63.8,1506.2,71.704
8/28/19 14:56,81.642,63.8,1491.2,71.704
8/28/19 14:56,81.642,63.7,1483.7,71.704
8/28/19 14:56,81.687,63.6,1448.7,71.704
8/28/19 14:56,81.687,63.4,1388.7,71.704
8/28/19 14:56,81.687,63.3,1353.7,71.704
8/28/19 14:56,81.687,63.2,1353.7,71.704
8/28/19 14:56,81.687,63.1,1378.7,71.704
8/28/19 14:56,81.687,62.8,1438.7,71.704
8/28/19 14:56,81.73,62.7,1501.2,71.704
8/28/19 14:56,81.73,62.4,1546.2,71.704
8/28/19 14:56,81.73,62.2,1586.2,71.704
8/28/19 14:56,81.73,62,1606.2,71.704
8/28/19 14:56,81.73,61.8,1598.7,71.704
8/28/19 14:56,81.73,61.8,1576.2,71.704
8/28/19 14:56,81.73,61.7,1546.2,71.704
8/28/19 14:56,81.73,61.6,1516.2,71.704
8/28/19 14:56,81.775,61.5,1513.7,71.704
8/28/19 14:56,81.775,61.4,1528.7,71.704
8/28/19 14:56,81.775,61.3,1578.7,71.704
8/28/19 14:56,81.775,61.3,1663.7,71.704
8/28/19 14:56,81.775,61.1,1753.7,71.704
8/28/19 14:56,81.775,61,1816.2,71.704
8/28/19 14:56,81.775,60.9,1831.2,71.704
8/28/19 14:56,81.775,61,1833.7,71.704
8/28/19 14:56,81.775,61.1,1826.2,71.704
8/28/19 14:56,81.775,61.1,1778.7,71.704
8/28/19 14:56,81.775,61.1,1683.7,71.704
8/28/19 14:56,81.73,61.3,1588.7,71.704
8/28/19 14:56,81.775,61.2,1523.7,71.704
8/28/19 14:56,81.775,61.3,1476.2,71.704
8/28/19 14:56,81.775,61.5,1448.7,71.704
8/28/19 14:56,81.775,61.6,1443.7,71.704
8/28/19 14:56,81.775,61.6,1456.2,71.704
8/28/19 14:56,81.775,61.5,1466.2,71.748
8/28/19 14:56,81.775,61.5,1481.2,71.704
8/28/19 14:56,81.775,61.5,1508.7,71.704
8/28/19 14:56,81.775,61.5,1533.7,71.748
8/28/19 14:56,81.775,61.4,1543.7,71.748
8/28/19 14:57,81.775,61.2,1536.2,71.704
8/28/19 14:57,81.775,61.2,1523.7,71.748
8/28/19 14:57,81.775,61.1,1533.7,71.704
8/28/19 14:57,81.775,60.9,1551.2,71.748
8/28/19 14:57,81.775,60.8,1573.7,71.704
8/28/19 14:57,81.775,60.7,1621.2,71.748
8/28/19 14:57,81.775,60.7,1688.7,71.704
8/28/19 14:57,81.819,60.7,1731.2,71.704
8/28/19 14:57,81.775,60.6,1716.2,71.704
8/28/19 14:57,81.775,60.7,1673.7,71.748
8/28/19 14:57,81.775,60.7,1653.7,71.704
8/28/19 14:57,81.775,60.7,1668.7,71.748
8/28/19 14:57,81.775,60.7,1706.2,71.748
8/28/19 14:57,81.775,60.7,1761.2,71.748
8/28/19 14:57,81.775,60.6,1766.2,71.704
8/28/19 14:57,81.775,60.7,1751.2,71.748
8/28/19 14:57,81.819,60.8,1756.2,71.748
8/28/19 14:57,81.819,60.7,1796.2,71.748
8/28/19 14:57,81.819,60.8,1828.7,71.748
8/28/19 14:57,81.819,60.9,1836.2,71.748
8/28/19 14:57,81.819,61,1826.2,71.748
8/28/19 14:57,81.819,61.1,1826.2,71.748
8/28/19 14:57,81.819,61.1,1823.7,71.748
8/28/19 14:57,81.819,61.2,1788.7,71.748
8/28/19 14:57,81.819,61.2,1726.2,71.748
8/28/19 14:57,81.819,61.2,1681.2,71.748
8/28/19 14:57,81.819,61.2,1703.7,71.748
8/28/19 14:57,81.819,61.2,1761.2,71.748
8/28/19 14:57,81.819,61.2,1801.2,71.748
8/28/19 14:57,81.819,61.3,1803.7,71.748
8/28/19 14:57,81.864,61.2,1806.2,71.748
8/28/19 14:57,81.864,61.3,1846.2,71.748
8/28/19 14:57,81.864,61.3,1898.7,71.748
8/28/19 14:57,81.864,61.5,1943.7,71.748
8/28/19 14:57,81.864,61.6,1981.2,71.748
8/28/19 14:57,81.864,61.7,1991.2,71.748
8/28/19 14:57,81.864,61.8,1958.7,71.748
8/28/19 14:57,81.864,61.9,1908.7,71.748
8/28/19 14:57,81.909,61.9,1873.7,71.748
8/28/19 14:57,81.909,61.8,1828.7,71.748
8/28/19 14:57,81.909,61.8,1791.2,71.748
8/28/19 14:57,81.909,61.7,1806.2,71.748
8/28/19 14:57,81.909,61.7,1863.7,71.748
8/28/19 14:57,81.952,61.7,1926.2,71.748
8/28/19 14:57,81.952,61.7,1993.7,71.748
8/28/19 14:57,81.952,61.8,2081.2,71.748
8/28/19 14:57,81.952,61.8,2133.7,71.748
8/28/19 14:57,81.952,61.8,2133.7,71.748
8/28/19 14:57,81.952,61.7,2111.2,71.748
8/28/19 14:57,81.997,61.7,2138.7,71.748
8/28/19 14:57,81.997,61.8,2196.2,71.748
8/28/19 14:57,81.997,61.8,2233.7,71.748
8/28/19 14:57,81.997,61.9,2248.7,71.748
8/28/19 14:57,81.997,62,2263.7,71.748
8/28/19 14:57,81.997,62.1,2253.7,71.748
8/28/19 14:57,82.042,62.2,2171.2,71.748
8/28/19 14:57,82.042,62.2,2011.2,71.748
8/28/19 14:57,82.042,62.2,1838.7,71.748
8/28/19 14:57,82.042,62.2,1718.7,71.748
8/28/19 14:57,82.085,62.1,1656.2,71.748
8/28/19 14:58,82.085,62.1,1603.7,71.748
8/28/19 14:58,82.085,62.1,1541.2,71.748
8/28/19 14:58,82.085,62.1,1466.2,71.748
8/28/19 14:58,82.13,62.1,1398.7,71.748
8/28/19 14:58,82.13,62.2,1346.2,71.748
8/28/19 14:58,82.13,62.1,1311.2,71.748
8/28/19 14:58,82.13,62,1296.2,71.748
8/28/19 14:58,82.13,61.9,1298.7,71.748
8/28/19 14:58,82.175,61.8,1306.2,71.748
8/28/19 14:58,82.175,61.7,1311.2,71.748
8/28/19 14:58,82.175,61.7,1306.2,71.748
8/28/19 14:58,82.175,61.8,1296.2,71.748
8/28/19 14:58,82.218,61.9,1293.7,71.748
8/28/19 14:58,82.218,62,1298.7,71.748
8/28/19 14:58,82.218,62.1,1303.7,71.748
8/28/19 14:58,82.218,62.2,1313.7,71.748
8/28/19 14:58,82.218,62.2,1321.2,71.748
8/28/19 14:58,82.263,62.4,1333.7,71.748
8/28/19 14:58,82.263,62.6,1348.7,71.748
8/28/19 14:58,82.263,62.8,1361.2,71.748
8/28/19 14:58,82.263,62.8,1368.7,71.748
8/28/19 14:58,82.308,63,1358.7,71.748
8/28/19 14:58,82.308,63.1,1361.2,71.748
8/28/19 14:58,82.308,63.2,1371.2,71.748
8/28/19 14:58,82.308,63.2,1376.2,71.748
8/28/19 14:58,82.353,63.3,1366.2,71.748
8/28/19 14:58,82.353,63.3,1343.7,71.748
8/28/19 14:58,82.353,63.2,1333.7,71.748
8/28/19 14:58,82.353,63.1,1331.2,71.748
8/28/19 14:58,82.396,62.8,1326.2,71.748
8/28/19 14:58,82.396,62.6,1316.2,71.748
8/28/19 14:58,82.396,62.3,1298.7,71.748
8/28/19 14:58,82.396,62.1,1276.2,71.748
8/28/19 14:58,82.396,61.9,1253.7,71.748
8/28/19 14:58,82.396,61.8,1238.7,71.748
8/28/19 14:58,82.441,61.6,1231.2,71.748
8/28/19 14:58,82.441,61.6,1228.7,71.748
8/28/19 14:58,82.441,61.7,1228.7,71.748
8/28/19 14:58,82.441,61.8,1231.2,71.748
8/28/19 14:58,82.441,61.8,1236.2,71.748
8/28/19 14:58,82.441,61.8,1238.7,71.748
8/28/19 14:58,82.441,61.8,1243.7,71.748
8/28/19 14:58,82.441,61.8,1243.7,71.748
8/28/19 14:58,82.441,61.9,1243.7,71.748
8/28/19 14:58,82.441,61.9,1241.2,71.748
8/28/19 14:58,82.441,61.9,1241.2,71.748
8/28/19 14:58,82.441,61.9,1248.7,71.748
8/28/19 14:58,82.441,61.8,1253.7,71.748
8/28/19 14:58,82.441,61.9,1258.7,71.748
8/28/19 14:58,82.441,61.9,1263.7,71.748
8/28/19 14:58,82.441,62,1268.7,71.748
8/28/19 14:58,82.486,62.1,1276.2,71.748
8/28/19 14:58,82.486,62.2,1281.2,71.748
8/28/19 14:58,82.486,62.2,1283.7,71.748
8/28/19 14:58,82.486,62.3,1286.2,71.748
8/28/19 14:58,82.486,62.2,1296.2,71.748
8/28/19 14:58,82.486,62.3,1318.7,71.748
8/28/19 14:58,82.486,62.2,1348.7,71.748
8/28/19 14:58,82.486,62.1,1373.7,71.791
8/28/19 14:58,82.486,62.1,1381.2,71.748
8/28/19 14:59,82.486,62.1,1378.7,71.748
8/28/19 14:59,82.486,62.1,1373.7,71.791
8/28/19 14:59,82.486,62.3,1376.2,71.791
8/28/19 14:59,82.486,62.3,1381.2,71.748
8/28/19 14:59,82.486,62.4,1376.2,71.791
8/28/19 14:59,82.486,62.4,1363.7,71.748
8/28/19 14:59,82.486,62.3,1346.2,71.791
8/28/19 14:59,82.53,62.3,1331.2,71.791
8/28/19 14:59,82.486,62.3,1321.2,71.791
8/28/19 14:59,82.53,62.3,1313.7,71.791
8/28/19 14:59,82.53,62.2,1313.7,71.748
8/28/19 14:59,82.53,62.2,1316.2,71.791
8/28/19 14:59,82.53,62,1318.7,71.791
8/28/19 14:59,82.53,61.9,1321.2,71.791
8/28/19 14:59,82.53,61.8,1326.2,71.791
8/28/19 14:59,82.53,61.8,1346.2,71.791
8/28/19 14:59,82.53,61.8,1381.2,71.791
8/28/19 14:59,82.53,61.8,1448.7,71.748
8/28/19 14:59,82.53,61.8,1541.2,71.791
8/28/19 14:59,82.53,61.8,1593.7,71.791
8/28/19 14:59,82.53,61.8,1573.7,71.791
8/28/19 14:59,82.53,61.8,1516.2,71.791
8/28/19 14:59,82.53,61.7,1461.2,71.791
8/28/19 14:59,82.53,61.8,1408.7,71.791
8/28/19 14:59,82.53,61.8,1376.2,71.791
8/28/19 14:59,82.53,61.8,1361.2,71.791
8/28/19 14:59,82.53,61.8,1346.2,71.791
8/28/19 14:59,82.53,61.7,1323.7,71.791
8/28/19 14:59,82.53,61.8,1308.7,71.791
8/28/19 14:59,82.53,61.8,1293.7,71.791
8/28/19 14:59,82.53,61.9,1281.2,71.791
8/28/19 14:59,82.53,61.8,1273.7,71.791
8/28/19 14:59,82.53,61.8,1271.2,71.791
8/28/19 14:59,82.53,61.8,1273.7,71.791
8/28/19 14:59,82.53,61.6,1281.2,71.791
8/28/19 14:59,82.53,61.5,1286.2,71.791
8/28/19 14:59,82.53,61.4,1283.7,71.791
8/28/19 14:59,82.53,61.3,1281.2,71.791
8/28/19 14:59,82.53,61.3,1281.2,71.791
8/28/19 14:59,82.53,61.2,1281.2,71.791
8/28/19 14:59,82.53,61.2,1283.7,71.791
8/28/19 14:59,82.53,61.2,1283.7,71.791
8/28/19 14:59,82.53,61.2,1283.7,71.791
8/28/19 14:59,82.53,61.3,1281.2,71.791
8/28/19 14:59,82.53,61.3,1273.7,71.791
8/28/19 14:59,82.53,61.2,1266.2,71.791
8/28/19 14:59,82.53,61.2,1263.7,71.791
8/28/19 14:59,82.53,61,1266.2,71.791
8/28/19 14:59,82.486,60.9,1268.7,71.791
8/28/19 14:59,82.486,60.8,1266.2,71.791
8/28/19 14:59,82.486,60.8,1263.7,71.791
8/28/19 14:59,82.486,60.6,1261.2,71.791
8/28/19 14:59,82.486,60.5,1261.2,71.791
8/28/19 14:59,82.486,60.3,1266.2,71.791
8/28/19 14:59,82.486,60.3,1271.2,71.791
8/28/19 14:59,82.441,60.2,1273.7,71.791
8/28/19 14:59,82.441,60.3,1276.2,71.791
8/28/19 14:59,82.441,60.2,1273.7,71.791
8/28/19 14:59,82.441,60.2,1268.7,71.791
8/28/19 14:59,82.396,60.3,1266.2,71.791
8/28/19 15:00,82.396,60.3,1266.2,71.791
8/28/19 15:00,82.396,60.3,1276.2,71.791
8/28/19 15:00,82.396,60.3,1293.7,71.791
8/28/19 15:00,82.396,60.3,1326.2,71.791
8/28/19 15:00,82.396,60.2,1366.2,71.791
8/28/19 15:00,82.353,60.3,1411.2,71.791
8/28/19 15:00,82.353,60.3,1428.7,71.791
8/28/19 15:00,82.353,60.4,1421.2,71.791
8/28/19 15:00,82.353,60.5,1418.7,71.791
8/28/19 15:00,82.353,60.5,1433.7,71.791
8/28/19 15:00,82.353,60.5,1438.7,71.791
8/28/19 15:00,82.308,60.5,1423.7,71.791
8/28/19 15:00,82.308,60.4,1413.7,71.791
8/28/19 15:00,82.308,60.3,1423.7,71.791
8/28/19 15:00,82.308,60.2,1446.2,71.791
8/28/19 15:00,82.308,60.1,1466.2,71.791
8/28/19 15:00,82.308,60,1463.7,71.791
8/28/19 15:00,82.263,59.9,1448.7,71.791
8/28/19 15:00,82.263,59.9,1431.2,71.791
8/28/19 15:00,82.263,59.9,1406.2,71.791
8/28/19 15:00,82.263,59.9,1368.7,71.834
8/28/19 15:00,82.218,59.9,1323.7,71.791
8/28/19 15:00,82.218,60,1288.7,71.791
8/28/19 15:00,82.218,60,1261.2,71.791
8/28/19 15:00,82.218,60.1,1241.2,71.791
8/28/19 15:00,82.218,60.3,1226.2,71.791
8/28/19 15:00,82.175,60.3,1211.2,71.791
8/28/19 15:00,82.175,60.4,1198.7,71.791
8/28/19 15:00,82.175,60.5,1188.7,71.834
8/28/19 15:00,82.175,60.5,1181.2,71.791
8/28/19 15:00,82.175,60.5,1171.2,71.791
8/28/19 15:00,82.175,60.5,1166.2,71.834
8/28/19 15:00,82.175,60.5,1158.7,71.791
8/28/19 15:00,82.13,60.5,1156.2,71.791
8/28/19 15:00,82.13,60.4,1153.7,71.834
8/28/19 15:00,82.13,60.2,1151.2,71.834
8/28/19 15:00,82.13,60.1,1148.7,71.791
8/28/19 15:00,82.13,60,1146.2,71.834
8/28/19 15:00,82.13,59.9,1146.2,71.834
8/28/19 15:00,82.085,59.8,1143.7,71.834
8/28/19 15:00,82.085,59.8,1143.7,71.791
8/28/19 15:00,82.085,59.7,1141.2,71.791
8/28/19 15:00,82.085,59.7,1141.2,71.791
8/28/19 15:00,82.042,59.8,1141.2,71.834
8/28/19 15:00,82.042,59.9,1141.2,71.834
8/28/19 15:00,82.042,60,1141.2,71.834
8/28/19 15:00,82.042,60.1,1141.2,71.834
8/28/19 15:00,82.042,60.2,1141.2,71.834
8/28/19 15:00,81.997,60.2,1141.2,71.834
8/28/19 15:00,81.997,60.4,1141.2,71.791
8/28/19 15:00,81.997,60.4,1141.2,71.834
8/28/19 15:00,81.997,60.5,1138.7,71.834
8/28/19 15:00,81.997,60.6,1138.7,71.834
8/28/19 15:00,81.997,60.7,1138.7,71.834
8/28/19 15:00,81.997,60.8,1141.2,71.834
8/28/19 15:00,81.952,61,1141.2,71.834
8/28/19 15:00,81.952,61.1,1138.7,71.834
8/28/19 15:00,81.952,61.2,1136.2,71.834
8/28/19 15:00,81.952,61.2,1136.2,71.834
8/28/19 15:00,81.952,61.1,1133.7,71.834
8/28/19 15:01,81.952,61.1,1133.7,71.791
8/28/19 15:01,81.952,61.1,1133.7,71.834
8/28/19 15:01,81.952,61,1133.7,71.834
8/28/19 15:01,81.952,60.9,1133.7,71.834
8/28/19 15:01,81.952,60.8,1136.2,71.834
8/28/19 15:01,81.952,60.8,1138.7,71.834
8/28/19 15:01,81.909,60.7,1141.2,71.834
8/28/19 15:01,81.909,60.6,1141.2,71.834
8/28/19 15:01,81.909,60.5,1146.2,71.834
8/28/19 15:01,81.909,60.5,1148.7,71.834
8/28/19 15:01,81.909,60.5,1153.7,71.834
8/28/19 15:01,81.909,60.5,1161.2,71.834
8/28/19 15:01,81.864,60.6,1171.2,71.834
8/28/19 15:01,81.864,60.6,1183.7,71.834
8/28/19 15:01,81.864,60.7,1201.2,71.834
8/28/19 15:01,81.864,60.7,1231.2,71.834
8/28/19 15:01,81.864,60.8,1278.7,71.834
8/28/19 15:01,81.864,60.9,1341.2,71.834
8/28/19 15:01,81.819,60.8,1396.2,71.834
8/28/19 15:01,81.819,60.7,1456.2,71.834
8/28/19 15:01,81.819,60.6,1528.7,71.834
8/28/19 15:01,81.819,60.4,1563.7,71.834
8/28/19 15:01,81.819,60.4,1551.2,71.834
8/28/19 15:01,81.775,60.3,1526.2,71.834
8/28/19 15:01,81.775,60.3,1516.2,71.834
8/28/19 15:01,81.775,60.2,1491.2,71.834
8/28/19 15:01,81.775,60.3,1471.2,71.834
8/28/19 15:01,81.775,60.3,1481.2,71.834
8/28/19 15:01,81.73,60.1,1506.2,71.834
8/28/19 15:01,81.73,60.2,1521.2,71.834
8/28/19 15:01,81.73,60.1,1513.7,71.834
8/28/19 15:01,81.73,60.1,1513.7,71.834
8/28/19 15:01,81.73,60.2,1513.7,71.834
8/28/19 15:01,81.687,60.1,1498.7,71.834
8/28/19 15:01,81.687,60.1,1473.7,71.834
8/28/19 15:01,81.687,60.2,1448.7,71.834
8/28/19 15:01,81.687,60.1,1431.2,71.834
8/28/19 15:01,81.687,60.2,1431.2,71.834
8/28/19 15:01,81.687,60.3,1441.2,71.834
8/28/19 15:01,81.642,60.4,1456.2,71.834
8/28/19 15:01,81.642,60.5,1466.2,71.834
8/28/19 15:01,81.642,60.6,1466.2,71.834
8/28/19 15:01,81.642,60.7,1443.7,71.834
8/28/19 15:01,81.642,60.7,1413.7,71.834
8/28/19 15:01,81.642,60.8,1383.7,71.834
8/28/19 15:01,81.642,60.9,1361.2,71.834
8/28/19 15:01,81.642,61,1351.2,71.834
8/28/19 15:01,81.642,61.1,1341.2,71.834
8/28/19 15:01,81.597,61.3,1333.7,71.834
8/28/19 15:01,81.597,61.3,1326.2,71.834
8/28/19 15:01,81.597,61.4,1326.2,71.834
8/28/19 15:01,81.597,61.5,1328.7,71.834
8/28/19 15:01,81.597,61.5,1333.7,71.834
8/28/19 15:01,81.597,61.6,1331.2,71.834
8/28/19 15:01,81.597,61.5,1321.2,71.834
8/28/19 15:01,81.597,61.5,1306.2,71.834
8/28/19 15:01,81.597,61.4,1283.7,71.834
8/28/19 15:01,81.597,61.2,1263.7,71.834
8/28/19 15:01,81.597,61.1,1251.2,71.834
8/28/19 15:01,81.597,61.1,1241.2,71.834
8/28/19 15:02,81.597,61.1,1233.7,71.834
8/28/19 15:02,81.597,61.1,1226.2,71.834
8/28/19 15:02,81.597,61.1,1218.7,71.834
8/28/19 15:02,81.597,61.3,1206.2,71.834
8/28/19 15:02,81.597,61.3,1198.7,71.834
8/28/19 15:02,81.597,61.3,1188.7,71.834
8/28/19 15:02,81.597,61.3,1181.2,71.834
8/28/19 15:02,81.597,61.3,1173.7,71.834
8/28/19 15:02,81.597,61.3,1171.2,71.834
8/28/19 15:02,81.597,61.3,1168.7,71.834
8/28/19 15:02,81.597,61.4,1168.7,71.834
8/28/19 15:02,81.597,61.4,1166.2,71.834
8/28/19 15:02,81.597,61.4,1166.2,71.834
8/28/19 15:02,81.597,61.3,1166.2,71.834
8/28/19 15:02,81.554,61.2,1163.7,71.834
8/28/19 15:02,81.554,61.3,1156.2,71.834
8/28/19 15:02,81.554,61.3,1146.2,71.834
8/28/19 15:02,81.554,61.3,1141.2,71.834
8/28/19 15:02,81.554,61.3,1133.7,71.834
8/28/19 15:02,81.554,61.1,1128.7,71.834
8/28/19 15:02,81.554,61,1126.2,71.834
8/28/19 15:02,81.554,60.9,1123.7,71.834
8/28/19 15:02,81.554,60.8,1123.7,71.834
8/28/19 15:02,81.554,60.7,1123.7,71.834
8/28/19 15:02,81.554,60.6,1123.7,71.834
8/28/19 15:02,81.509,60.6,1123.7,71.834
8/28/19 15:02,81.509,60.5,1123.7,71.834
8/28/19 15:02,81.509,60.5,1123.7,71.834
8/28/19 15:02,81.509,60.5,1123.7,71.834
8/28/19 15:02,81.509,60.5,1121.2,71.834
8/28/19 15:02,81.509,60.5,1123.7,71.834
8/28/19 15:02,81.509,60.3,1128.7,71.834
8/28/19 15:02,81.509,60.2,1133.7,71.834
8/28/19 15:02,81.466,60,1136.2,71.834
8/28/19 15:02,81.466,59.9,1138.7,71.834
8/28/19 15:02,81.466,59.7,1141.2,71.834
8/28/19 15:02,81.466,59.5,1136.2,71.834
8/28/19 15:02,81.466,59.5,1131.2,71.834
8/28/19 15:02,81.466,59.4,1118.7,71.834
8/28/19 15:02,81.466,59.4,1108.7,71.834
8/28/19 15:02,81.421,59.3,1103.7,71.834
8/28/19 15:02,81.421,59.3,1098.7,71.834
8/28/19 15:02,81.421,59.4,1096.2,71.834
8/28/19 15:02,81.421,59.4,1096.2,71.834
8/28/19 15:02,81.376,59.4,1096.2,71.834
8/28/19 15:02,81.376,59.5,1093.7,71.834
8/28/19 15:02,81.376,59.6,1088.7,71.834
8/28/19 15:02,81.376,59.6,1083.7,71.834
8/28/19 15:02,81.376,59.7,1078.7,71.834
8/28/19 15:02,81.376,59.8,1073.7,71.834
8/28/19 15:02,81.376,59.9,1068.7,71.834
8/28/19 15:02,81.333,60,1066.2,71.834
8/28/19 15:02,81.376,60.1,1063.7,71.834
8/28/19 15:02,81.333,60.2,1061.2,71.834
8/28/19 15:02,81.333,60.3,1061.2,71.834
8/28/19 15:02,81.333,60.5,1061.2,71.834
8/28/19 15:02,81.333,60.6,1061.2,71.834
8/28/19 15:02,81.333,60.6,1061.2,71.834
8/28/19 15:02,81.333,60.7,1061.2,71.834
8/28/19 15:02,81.333,60.9,1063.7,71.834
8/28/19 15:03,81.333,61,1066.2,71.834
8/28/19 15:03,81.333,61.1,1068.7,71.834
8/28/19 15:03,81.333,61.1,1071.2,71.834
8/28/19 15:03,81.333,61.2,1076.2,71.834
8/28/19 15:03,81.333,61.2,1083.7,71.834
8/28/19 15:03,81.288,61.1,1093.7,71.834
8/28/19 15:03,81.333,61.1,1106.2,71.834
8/28/19 15:03,81.333,61.1,1108.7,71.834
8/28/19 15:03,81.288,61,1101.2,71.834
8/28/19 15:03,81.288,61,1093.7,71.834
8/28/19 15:03,81.288,61.1,1091.2,71.834
8/28/19 15:03,81.288,61.1,1083.7,71.834
8/28/19 15:03,81.288,61.2,1068.7,71.834
8/28/19 15:03,81.288,61.1,1058.7,71.834
8/28/19 15:03,81.288,61.2,1056.2,71.877
8/28/19 15:03,81.288,61.3,1053.7,71.834
8/28/19 15:03,81.288,61.4,1053.7,71.834
8/28/19 15:03,81.288,61.4,1056.2,71.877
8/28/19 15:03,81.288,61.5,1056.2,71.877
8/28/19 15:03,81.288,61.6,1053.7,71.877
8/28/19 15:03,81.288,61.7,1051.2,71.834
8/28/19 15:03,81.288,61.7,1046.2,71.877
8/28/19 15:03,81.288,61.7,1046.2,71.877
8/28/19 15:03,81.288,61.8,1048.7,71.834
8/28/19 15:03,81.288,61.8,1048.7,71.834
8/28/19 15:03,81.288,61.9,1048.7,71.877
8/28/19 15:03,81.288,61.9,1051.2,71.834
8/28/19 15:03,81.288,62,1051.2,71.877
8/28/19 15:03,81.288,62,1051.2,71.877
8/28/19 15:03,81.288,62,1051.2,71.877
8/28/19 15:03,81.288,62.1,1051.2,71.877
8/28/19 15:03,81.288,62,1051.2,71.834
8/28/19 15:03,81.288,62.1,1053.7,71.877
8/28/19 15:03,81.288,62,1051.2,71.834
8/28/19 15:03,81.288,62,1051.2,71.877
8/28/19 15:03,81.288,61.9,1048.7,71.877
8/28/19 15:03,81.288,61.8,1043.7,71.877
8/28/19 15:03,81.288,61.8,1038.7,71.877
8/28/19 15:03,81.288,61.8,1038.7,71.877
8/28/19 15:03,81.288,61.8,1036.2,71.877
8/28/19 15:03,81.288,61.8,1033.7,71.877
8/28/19 15:03,81.288,61.8,1031.2,71.877
8/28/19 15:03,81.288,61.8,1031.2,71.877
8/28/19 15:03,81.288,61.8,1033.7,71.877
8/28/19 15:03,81.288,61.8,1031.2,71.877
8/28/19 15:03,81.288,61.7,1026.2,71.877
8/28/19 15:03,81.288,61.7,1023.7,71.877
8/28/19 15:03,81.288,61.7,1023.7,71.877
8/28/19 15:03,81.288,61.7,1021.2,71.877
8/28/19 15:03,81.244,61.6,1018.7,71.877
8/28/19 15:03,81.288,61.5,1016.2,71.877
8/28/19 15:03,81.244,61.4,1011.2,71.877
8/28/19 15:03,81.244,61.3,1008.7,71.877
8/28/19 15:03,81.244,61.2,1006.2,71.877
8/28/19 15:03,81.244,61.2,1001.2,71.877
8/28/19 15:03,81.244,61.1,998.7,71.877
8/28/19 15:03,81.244,60.9,996.2,71.877
8/28/19 15:03,81.244,60.8,993.7,71.877
8/28/19 15:03,81.244,60.8,993.7,71.877
8/28/19 15:03,81.244,60.8,991.2,71.877
8/28/19 15:04,81.199,60.9,986.2,71.877
8/28/19 15:04,81.199,61,976.2,71.877
8/28/19 15:04,81.199,61.2,966.2,71.877
8/28/19 15:04,81.199,61.2,958.7,71.877
8/28/19 15:04,81.199,61.4,953.7,71.877
8/28/19 15:04,81.199,61.6,951.2,71.877
8/28/19 15:04,81.199,61.6,946.2,71.877
8/28/19 15:04,81.199,61.7,943.7,71.877
8/28/19 15:04,81.154,61.6,941.2,71.877
8/28/19 15:04,81.154,61.4,938.7,71.877
8/28/19 15:04,81.154,61.3,936.2,71.877
8/28/19 15:04,81.154,61.2,933.7,71.877
8/28/19 15:04,81.154,61.1,931.2,71.877
8/28/19 15:04,81.154,61,928.7,71.877
8/28/19 15:04,81.154,60.9,926.2,71.877
8/28/19 15:04,81.154,60.9,923.7,71.877
8/28/19 15:04,81.111,60.8,921.2,71.877
8/28/19 15:04,81.111,60.7,918.7,71.877
8/28/19 15:04,81.111,60.7,918.7,71.877
8/28/19 15:04,81.111,60.7,916.2,71.877
8/28/19 15:04,81.111,60.7,913.7,71.877
8/28/19 15:04,81.111,60.7,913.7,71.877
8/28/19 15:04,81.066,60.7,911.2,71.877
8/28/19 15:04,81.066,60.7,908.7,71.877
8/28/19 15:04,81.066,60.6,906.2,71.877
8/28/19 15:04,81.066,60.7,906.2,71.877
8/28/19 15:04,81.066,60.7,903.7,71.877
8/28/19 15:04,81.066,60.8,903.7,71.877
8/28/19 15:04,81.023,60.8,901.2,71.877
8/28/19 15:04,81.023,60.8,901.2,71.877
8/28/19 15:04,81.023,60.8,898.7,71.877
8/28/19 15:04,81.023,60.8,898.7,71.877
8/28/19 15:04,81.023,60.8,898.7,71.877
8/28/19 15:04,81.023,60.8,896.2,71.877
8/28/19 15:04,81.023,60.8,896.2,71.877
8/28/19 15:04,81.023,60.9,893.7,71.877
8/28/19 15:04,80.978,60.9,893.7,71.877
8/28/19 15:04,80.978,61,893.7,71.877
8/28/19 15:04,80.978,61.1,893.7,71.877
8/28/19 15:04,80.978,61.1,891.2,71.877
8/28/19 15:04,80.978,61.1,891.2,71.877
8/28/19 15:04,80.978,61.2,891.2,71.877
8/28/19 15:04,80.978,61.1,891.2,71.877
8/28/19 15:04,80.978,61.2,891.2,71.877
8/28/19 15:04,80.935,61.4,891.2,71.877
8/28/19 15:04,80.935,61.5,891.2,71.877
8/28/19 15:04,80.935,61.6,891.2,71.877
8/28/19 15:04,80.935,61.6,891.2,71.877
8/28/19 15:04,80.935,61.8,893.7,71.877
8/28/19 15:04,80.935,61.8,893.7,71.877
8/28/19 15:04,80.935,61.8,893.7,71.877
8/28/19 15:04,80.935,61.7,896.2,71.877
8/28/19 15:04,80.935,61.7,898.7,71.877
8/28/19 15:04,80.935,61.7,901.2,71.877
8/28/19 15:04,80.935,61.6,901.2,71.877
8/28/19 15:04,80.935,61.5,901.2,71.877
8/28/19 15:04,80.89,61.6,903.7,71.877
8/28/19 15:04,80.89,61.6,903.7,71.877
8/28/19 15:04,80.89,61.7,906.2,71.877
8/28/19 15:04,80.89,61.7,906.2,71.877
8/28/19 15:05,80.89,61.8,906.2,71.877
8/28/19 15:05,80.89,61.9,903.7,71.877
8/28/19 15:05,80.89,62,901.2,71.877
8/28/19 15:05,80.89,62,898.7,71.877
8/28/19 15:05,80.89,62,898.7,71.877
8/28/19 15:05,80.89,61.9,896.2,71.877
8/28/19 15:05,80.845,61.8,896.2,71.877
8/28/19 15:05,80.845,61.8,893.7,71.877
8/28/19 15:05,80.89,61.9,893.7,71.877
8/28/19 15:05,80.845,61.8,891.2,71.877
8/28/19 15:05,80.845,61.8,891.2,71.877
8/28/19 15:05,80.845,61.7,888.7,71.877
8/28/19 15:05,80.845,61.7,888.7,71.877
8/28/19 15:05,80.845,61.7,888.7,71.877
8/28/19 15:05,80.845,61.6,888.7,71.877
8/28/19 15:05,80.845,61.6,888.7,71.877
8/28/19 15:05,80.845,61.5,888.7,71.877
8/28/19 15:05,80.845,61.4,891.2,71.877
8/28/19 15:05,80.802,61.4,893.7,71.877
8/28/19 15:05,80.802,61.2,893.7,71.877
8/28/19 15:05,80.802,61.2,896.2,71.877
8/28/19 15:05,80.802,61.1,898.7,71.877
8/28/19 15:05,80.802,61.1,898.7,71.877
8/28/19 15:05,80.802,61,898.7,71.877
8/28/19 15:05,80.802,60.9,898.7,71.877
8/28/19 15:05,80.802,60.9,898.7,71.877
8/28/19 15:05,80.802,60.9,896.2,71.877
8/28/19 15:05,80.757,60.9,896.2,71.877
8/28/19 15:05,80.757,60.9,896.2,71.877
8/28/19 15:05,80.757,60.9,898.7,71.877
8/28/19 15:05,80.757,60.9,901.2,71.877
8/28/19 15:05,80.757,60.9,903.7,71.877
8/28/19 15:05,80.713,60.9,903.7,71.877
8/28/19 15:05,80.713,60.9,906.2,71.877
8/28/19 15:05,80.713,60.9,908.7,71.877
8/28/19 15:05,80.713,60.9,908.7,71.877
8/28/19 15:05,80.713,60.9,908.7,71.877
8/28/19 15:05,80.713,60.9,911.2,71.877
8/28/19 15:05,80.713,60.9,913.7,71.877
8/28/19 15:05,80.668,61,918.7,71.877
8/28/19 15:05,80.668,61,918.7,71.877
8/28/19 15:05,80.668,61.1,921.2,71.877
8/28/19 15:05,80.668,61.1,923.7,71.877
8/28/19 15:05,80.668,61.2,936.2,71.877
8/28/19 15:05,80.668,61.2,956.2,71.877
8/28/19 15:05,80.668,61.1,971.2,71.877
8/28/19 15:05,80.625,61.2,971.2,71.877
8/28/19 15:05,80.625,61.3,968.7,71.877
8/28/19 15:05,80.625,61.4,966.2,71.877
8/28/19 15:05,80.625,61.5,956.2,71.877
8/28/19 15:05,80.625,61.7,936.2,71.877
8/28/19 15:05,80.625,61.7,923.7,71.877
8/28/19 15:05,80.625,61.8,918.7,71.877
8/28/19 15:05,80.625,61.9,913.7,71.877
8/28/19 15:05,80.625,62,908.7,71.877
8/28/19 15:05,80.625,62.2,911.2,71.877
8/28/19 15:05,80.625,62.1,913.7,71.877
8/28/19 15:05,80.625,62.3,916.2,71.877
8/28/19 15:05,80.625,62.4,916.2,71.877
8/28/19 15:05,80.58,62.4,918.7,71.877
8/28/19 15:06,80.58,62.5,916.2,71.877
8/28/19 15:06,80.58,62.6,916.2,71.877
8/28/19 15:06,80.58,62.6,916.2,71.877
8/28/19 15:06,80.58,62.6,918.7,71.877
8/28/19 15:06,80.58,62.6,918.7,71.877
8/28/19 15:06,80.58,62.6,918.7,71.877
8/28/19 15:06,80.58,62.6,913.7,71.877
8/28/19 15:06,80.58,62.6,903.7,71.877
8/28/19 15:06,80.58,62.6,898.7,71.877
8/28/19 15:06,80.58,62.6,893.7,71.877
8/28/19 15:06,80.58,62.7,883.7,71.877
8/28/19 15:06,80.58,62.7,873.7,71.877
8/28/19 15:06,80.58,62.7,863.7,71.877
8/28/19 15:06,80.58,62.7,856.2,71.877
8/28/19 15:06,80.58,62.8,853.7,71.877
8/28/19 15:06,80.58,62.7,848.7,71.877
8/28/19 15:06,80.58,62.6,846.2,71.877
8/28/19 15:06,80.58,62.6,841.2,71.877
8/28/19 15:06,80.58,62.5,838.7,71.877
8/28/19 15:06,80.58,62.4,833.7,71.877
8/28/19 15:06,80.58,62.3,831.2,71.877
8/28/19 15:06,80.58,62.3,828.7,71.877
8/28/19 15:06,80.58,62.2,826.2,71.877
8/28/19 15:06,80.58,62.1,823.7,71.877
8/28/19 15:06,80.537,62.2,821.2,71.877
8/28/19 15:06,80.58,62.2,818.7,71.877
8/28/19 15:06,80.58,62.2,818.7,71.877
8/28/19 15:06,80.537,62.2,813.7,71.877
8/28/19 15:06,80.537,62.1,813.7,71.877
8/28/19 15:06,80.537,62.2,811.2,71.877
8/28/19 15:06,80.537,62.3,808.7,71.877
8/28/19 15:06,80.537,62.3,808.7,71.877
8/28/19 15:06,80.537,62.3,806.2,71.877
8/28/19 15:06,80.537,62.3,803.7,71.877
8/28/19 15:06,80.537,62.3,803.7,71.877
8/28/19 15:06,80.537,62.2,801.2,71.877
8/28/19 15:06,80.537,62.2,798.7,71.877
8/28/19 15:06,80.537,62.2,796.2,71.877
8/28/19 15:06,80.537,62.2,796.2,71.877
8/28/19 15:06,80.492,62.3,793.7,71.877
8/28/19 15:06,80.492,62.3,793.7,71.877
8/28/19 15:06,80.492,62.3,791.2,71.877
8/28/19 15:06,80.492,62.4,791.2,71.877
8/28/19 15:06,80.492,62.4,788.7,71.877
8/28/19 15:06,80.492,62.5,788.7,71.877
8/28/19 15:06,80.492,62.5,786.2,71.877
8/28/19 15:06,80.492,62.5,786.2,71.877
8/28/19 15:06,80.449,62.5,783.7,71.877
8/28/19 15:06,80.449,62.5,783.7,71.877
8/28/19 15:06,80.449,62.5,781.2,71.877
8/28/19 15:06,80.449,62.5,781.2,71.877
8/28/19 15:06,80.449,62.5,778.7,71.877
8/28/19 15:06,80.449,62.4,778.7,71.877
8/28/19 15:06,80.449,62.4,776.2,71.877
8/28/19 15:06,80.449,62.3,776.2,71.877
8/28/19 15:06,80.449,62.3,776.2,71.877
8/28/19 15:06,80.404,62.3,776.2,71.877
8/28/19 15:06,80.404,62.3,773.7,71.877
8/28/19 15:06,80.404,62.2,773.7,71.877
8/28/19 15:06,80.404,62.2,773.7,71.877
8/28/19 15:07,80.404,62.2,773.7,71.877
8/28/19 15:07,80.404,62.2,773.7,71.877
8/28/19 15:07,80.361,62.2,773.7,71.877
8/28/19 15:07,80.361,62.1,771.2,71.877
8/28/19 15:07,80.361,62.2,771.2,71.877
8/28/19 15:07,80.361,62.2,771.2,71.877
8/28/19 15:07,80.361,62.2,771.2,71.877
8/28/19 15:07,80.361,62,771.2,71.877
8/28/19 15:07,80.361,62,771.2,71.877
8/28/19 15:07,80.361,61.9,771.2,71.877
8/28/19 15:07,80.316,61.8,771.2,71.877
8/28/19 15:07,80.316,61.7,771.2,71.877
8/28/19 15:07,80.316,61.6,771.2,71.877
8/28/19 15:07,80.316,61.6,768.7,71.877
8/28/19 15:07,80.316,61.6,768.7,71.877
8/28/19 15:07,80.316,61.6,766.2,71.877
8/28/19 15:07,80.272,61.6,766.2,71.877
8/28/19 15:07,80.272,61.6,763.7,71.877
8/28/19 15:07,80.272,61.6,763.7,71.877
8/28/19 15:07,80.272,61.7,761.2,71.877
8/28/19 15:07,80.272,61.7,761.2,71.877
8/28/19 15:07,80.272,61.8,758.7,71.877
8/28/19 15:07,80.227,61.9,756.2,71.877
8/28/19 15:07,80.227,61.9,756.2,71.877
8/28/19 15:07,80.227,62,753.7,71.877
8/28/19 15:07,80.227,62,753.7,71.877
8/28/19 15:07,80.227,62.1,751.2,71.877
8/28/19 15:07,80.227,62.1,751.2,71.877
8/28/19 15:07,80.227,62.2,751.2,71.877
8/28/19 15:07,80.184,62.3,748.7,71.877
8/28/19 15:07,80.184,62.5,748.7,71.877
8/28/19 15:07,80.184,62.6,748.7,71.877
8/28/19 15:07,80.184,62.6,748.7,71.877
8/28/19 15:07,80.184,62.7,746.2,71.877
8/28/19 15:07,80.184,62.8,746.2,71.877
8/28/19 15:07,80.184,62.9,746.2,71.877
8/28/19 15:07,80.184,62.9,746.2,71.877
8/28/19 15:07,80.184,62.9,743.7,71.877
8/28/19 15:07,80.184,63,743.7,71.877
8/28/19 15:07,80.184,63,743.7,71.877
8/28/19 15:07,80.184,63,741.2,71.877
8/28/19 15:07,80.184,63.1,741.2,71.877
8/28/19 15:07,80.139,63.1,738.7,71.877
8/28/19 15:07,80.139,63.1,738.7,71.877
8/28/19 15:07,80.139,63.1,738.7,71.877
8/28/19 15:07,80.139,63.1,738.7,71.877
8/28/19 15:07,80.139,63,738.7,71.877
8/28/19 15:07,80.139,62.9,736.2,71.877
8/28/19 15:07,80.139,62.8,733.7,71.877
8/28/19 15:07,80.139,62.7,731.2,71.877
8/28/19 15:07,80.139,62.6,731.2,71.877
8/28/19 15:07,80.139,62.6,728.7,71.877
8/28/19 15:07,80.096,62.6,728.7,71.877
8/28/19 15:07,80.096,62.6,726.2,71.877
8/28/19 15:07,80.096,62.6,726.2,71.877
8/28/19 15:07,80.096,62.5,726.2,71.877
8/28/19 15:07,80.096,62.6,723.7,71.877
8/28/19 15:07,80.096,62.6,723.7,71.877
8/28/19 15:07,80.096,62.6,723.7,71.877
8/28/19 15:07,80.096,62.6,721.2,71.877
8/28/19 15:08,80.096,62.6,718.7,71.877
8/28/19 15:08,80.096,62.6,718.7,71.877
8/28/19 15:08,80.051,62.6,718.7,71.877
8/28/19 15:08,80.051,62.6,716.2,71.877
8/28/19 15:08,80.051,62.7,716.2,71.877
8/28/19 15:08,80.051,62.7,716.2,71.877
8/28/19 15:08,80.051,62.7,713.7,71.877
8/28/19 15:08,80.051,62.6,713.7,71.877
8/28/19 15:08,80.051,62.6,713.7,71.877
8/28/19 15:08,80.051,62.6,711.2,71.877
8/28/19 15:08,80.051,62.5,711.2,71.877
8/28/19 15:08,80.051,62.5,711.2,71.877
8/28/19 15:08,80.008,62.5,711.2,71.877
8/28/19 15:08,80.008,62.5,711.2,71.877
8/28/19 15:08,80.008,62.5,708.7,71.877
8/28/19 15:08,80.008,62.6,708.7,71.877
8/28/19 15:08,80.008,62.6,708.7,71.877
8/28/19 15:08,80.008,62.6,708.7,71.877
8/28/19 15:08,80.008,62.7,706.2,71.877
8/28/19 15:08,80.008,62.8,706.2,71.877
8/28/19 15:08,80.008,62.9,706.2,71.877
8/28/19 15:08,80.008,63,703.7,71.877
8/28/19 15:08,80.008,63,703.7,71.877
8/28/19 15:08,80.008,63.1,701.2,71.877
8/28/19 15:08,80.008,63.1,701.2,71.877
8/28/19 15:08,80.008,63.3,701.2,71.877
8/28/19 15:08,80.008,63.4,698.7,71.877
8/28/19 15:08,80.008,63.4,698.7,71.877
8/28/19 15:08,79.963,63.5,698.7,71.877
8/28/19 15:08,79.963,63.6,696.2,71.877
8/28/19 15:08,79.963,63.7,696.2,71.877
8/28/19 15:08,79.963,63.7,696.2,71.877
8/28/19 15:08,79.963,63.7,693.7,71.877
8/28/19 15:08,79.963,63.8,693.7,71.877
8/28/19 15:08,79.963,63.8,691.2,71.877
8/28/19 15:08,79.963,63.8,691.2,71.877
8/28/19 15:08,79.963,63.8,691.2,71.877
8/28/19 15:08,79.963,63.8,688.7,71.877
8/28/19 15:08,79.963,63.9,688.7,71.877
8/28/19 15:08,79.963,63.8,686.2,71.877
8/28/19 15:08,79.963,63.7,686.2,71.877
8/28/19 15:08,79.963,63.7,683.7,71.877
8/28/19 15:08,79.963,63.7,681.2,71.877
8/28/19 15:08,79.963,63.7,681.2,71.877
8/28/19 15:08,79.963,63.7,681.2,71.877
8/28/19 15:08,79.963,63.7,678.7,71.877
8/28/19 15:08,79.963,63.8,678.7,71.877
8/28/19 15:08,79.963,63.8,676.2,71.877
8/28/19 15:08,79.963,63.8,676.2,71.877
8/28/19 15:08,79.92,63.8,676.2,71.877
8/28/19 15:08,79.92,63.7,673.7,71.877
8/28/19 15:08,79.92,63.6,673.7,71.877
8/28/19 15:08,79.92,63.5,671.2,71.877
8/28/19 15:08,79.92,63.6,671.2,71.877
8/28/19 15:08,79.92,63.6,671.2,71.877
8/28/19 15:08,79.92,63.6,668.7,71.877
8/28/19 15:08,79.92,63.6,668.7,71.877
8/28/19 15:08,79.92,63.6,668.7,71.877
8/28/19 15:08,79.92,63.5,666.2,71.877
8/28/19 15:08,79.92,63.6,666.2,71.877
8/28/19 15:09,79.876,63.5,666.2,71.877
8/28/19 15:09,79.876,63.6,663.7,71.877
8/28/19 15:09,79.876,63.6,661.2,71.877
8/28/19 15:09,79.876,63.6,661.2,71.877
8/28/19 15:09,79.876,63.6,661.2,71.877
8/28/19 15:09,79.876,63.6,658.7,71.877
8/28/19 15:09,79.876,63.5,658.7,71.877
8/28/19 15:09,79.876,63.5,658.7,71.877
8/28/19 15:09,79.876,63.4,656.2,71.877
8/28/19 15:09,79.876,63.4,656.2,71.877
8/28/19 15:09,79.831,63.2,656.2,71.877
8/28/19 15:09,79.831,63.2,653.7,71.877
8/28/19 15:09,79.831,63.1,653.7,71.877
8/28/19 15:09,79.831,63.1,653.7,71.877
8/28/19 15:09,79.831,63.1,651.2,71.877
8/28/19 15:09,79.831,63.1,651.2,71.877
8/28/19 15:09,79.831,63.1,651.2,71.877
8/28/19 15:09,79.831,63.2,648.7,71.877
8/28/19 15:09,79.788,63.2,648.7,71.877
8/28/19 15:09,79.788,63.2,648.7,71.877
8/28/19 15:09,79.788,63.2,648.7,71.877
8/28/19 15:09,79.788,63.3,646.2,71.877
8/28/19 15:09,79.788,63.3,646.2,71.877
8/28/19 15:09,79.788,63.3,643.7,71.877
8/28/19 15:09,79.788,63.4,643.7,71.877
8/28/19 15:09,79.743,63.4,643.7,71.877
8/28/19 15:09,79.743,63.4,641.2,71.92
8/28/19 15:09,79.743,63.4,641.2,71.964
8/28/19 15:09,79.743,63.4,641.2,72.05
8/28/19 15:09,79.743,63.5,641.2,72.093
8/28/19 15:09,79.743,63.5,638.7,72.221
8/28/19 15:09,79.743,63.6,638.7,72.351
8/28/19 15:09,79.743,63.5,638.7,72.523
8/28/19 15:09,79.743,63.6,636.2,72.696
8/28/19 15:09,79.7,63.7,636.2,72.869
8/28/19 15:09,79.7,63.8,636.2,72.997
8/28/19 15:09,79.7,63.8,636.2,73.17
8/28/19 15:09,79.7,63.8,633.7,73.342
8/28/19 15:09,79.7,63.8,633.7,73.515
8/28/19 15:09,79.7,63.8,633.7,73.731
8/28/19 15:09,79.7,63.7,631.2,73.947
8/28/19 15:09,79.7,63.7,631.2,74.12
8/28/19 15:09,79.7,63.7,631.2,74.467
8/28/19 15:09,79.7,63.7,628.7,75.16
8/28/19 15:09,79.7,63.8,636.2,75.637
8/28/19 15:09,79.7,63.8,628.7,75.942
8/28/19 15:09,79.7,63.8,618.7,76.158
8/28/19 15:09,79.655,63.8,636.2,76.289
8/28/19 15:09,79.655,63.8,626.2,76.419
8/28/19 15:09,79.655,63.9,603.7,76.507
8/28/19 15:09,79.655,63.9,626.2,76.593
8/28/19 15:09,79.655,63.9,611.2,76.636
8/28/19 15:09,79.655,64,593.7,76.681
8/28/19 15:09,79.655,64,561.2,76.768
8/28/19 15:09,79.655,64.1,186.2,76.811
8/28/19 15:09,79.655,64.1,33.7,76.854
8/28/19 15:09,79.655,64.1,63.7,76.942
8/28/19 15:09,79.655,64.1,23.7,76.986
8/28/19 15:09,79.655,64,33.7,77.029
8/28/19 15:09,79.655,64,33.7,77.072
8/28/19 15:10,79.655,64,33.7,77.117
8/28/19 15:10,79.655,64,33.7,77.16
8/28/19 15:10,79.612,63.9,33.7,77.16
8/28/19 15:10,79.655,63.9,33.7,77.203
8/28/19 15:10,79.612,63.9,33.7,77.247
8/28/19 15:10,79.655,63.9,33.7,77.292
8/28/19 15:10,79.612,63.9,23.7,77.335
8/28/19 15:10,79.612,63.9,31.2,77.378
8/28/19 15:10,79.612,63.9,28.7,77.378
8/28/19 15:10,79.612,63.9,28.7,77.421
8/28/19 15:10,79.655,63.9,28.7,77.464
8/28/19 15:10,79.655,63.9,28.7,77.509
8/28/19 15:10,79.612,63.9,28.7,77.553
8/28/19 15:10,79.655,63.9,28.7,77.553
8/28/19 15:10,79.612,63.9,28.7,77.596
8/28/19 15:10,79.655,63.9,28.7,77.639
8/28/19 15:10,79.655,63.9,28.7,77.684
8/28/19 15:10,79.655,63.9,28.7,77.727
8/28/19 15:10,79.655,63.9,28.7,77.727
8/28/19 15:10,79.655,63.9,28.7,77.77
8/28/19 15:10,79.655,63.9,28.7,77.815
8/28/19 15:10,79.655,63.9,28.7,77.859
8/28/19 15:10,79.655,63.9,28.7,77.902
8/28/19 15:10,79.655,63.9,28.7,77.902
8/28/19 15:10,79.655,63.9,28.7,77.945
8/28/19 15:10,79.655,63.9,28.7,77.99
8/28/19 15:10,79.655,63.9,28.7,78.033
8/28/19 15:10,79.655,63.9,26.2,78.033
8/28/19 15:10,79.655,63.9,16.2,78.076
8/28/19 15:10,79.7,63.9,16.2,78.121
8/28/19 15:10,79.655,63.9,16.2,78.121
8/28/19 15:10,79.7,63.9,16.2,78.165
8/28/19 15:10,79.7,63.9,26.2,78.165
8/28/19 15:10,79.7,63.9,26.2,78.208
8/28/19 15:10,79.7,63.9,16.2,78.251
8/28/19 15:10,79.7,63.9,13.7,78.251
8/28/19 15:10,79.7,63.9,11.2,78.296
8/28/19 15:10,79.7,63.9,11.2,78.296
8/28/19 15:10,79.7,63.9,11.2,78.339
8/28/19 15:10,79.7,63.9,8.7,78.339
8/28/19 15:10,79.7,63.9,11.2,78.339
8/28/19 15:10,79.7,63.9,11.2,78.382
8/28/19 15:10,79.7,63.9,11.2,78.427
8/28/19 15:10,79.743,63.9,11.2,78.427
8/28/19 15:10,79.743,63.9,11.2,78.471
8/28/19 15:10,79.743,63.9,8.7,78.471
8/28/19 15:10,79.743,63.9,11.2,78.514
8/28/19 15:10,79.743,63.9,11.2,78.514
8/28/19 15:10,79.743,63.9,11.2,78.559
8/28/19 15:10,79.743,63.8,11.2,78.559
8/28/19 15:10,79.743,63.8,11.2,78.602
8/28/19 15:10,79.743,63.8,11.2,78.602
8/28/19 15:10,79.743,63.9,11.2,78.645
8/28/19 15:10,79.743,63.8,11.2,78.645
8/28/19 15:10,79.788,63.8,11.2,78.69
8/28/19 15:10,79.788,63.8,11.2,78.69
8/28/19 15:10,79.788,63.8,11.2,78.733
8/28/19 15:10,79.788,63.8,11.2,78.733
8/28/19 15:10,79.788,63.8,11.2,78.777
8/28/19 15:10,79.788,63.8,11.2,78.777
8/28/19 15:11,79.788,63.8,11.2,78.822
8/28/19 15:11,79.788,63.8,11.2,78.822
8/28/19 15:11,79.788,63.8,11.2,78.865
8/28/19 15:11,79.831,63.8,11.2,78.865
8/28/19 15:11,79.788,63.8,11.2,78.91
8/28/19 15:11,79.831,63.8,11.2,78.91
8/28/19 15:11,79.831,63.8,11.2,78.953
8/28/19 15:11,79.831,63.8,11.2,78.953
8/28/19 15:11,79.831,63.8,11.2,78.953
8/28/19 15:11,79.831,63.8,11.2,78.996
8/28/19 15:11,79.831,63.8,11.2,79.041
8/28/19 15:11,79.831,63.8,11.2,79.041
8/28/19 15:11,79.831,63.8,11.2,79.041
8/28/19 15:11,79.876,63.8,11.2,79.084
8/28/19 15:11,79.831,63.8,11.2,79.084
8/28/19 15:11,79.876,63.8,11.2,79.128
8/28/19 15:11,79.876,63.8,11.2,79.128
8/28/19 15:11,79.876,63.8,11.2,79.173
8/28/19 15:11,79.876,63.8,11.2,79.173
8/28/19 15:11,79.876,63.8,11.2,79.216
8/28/19 15:11,79.876,63.8,11.2,79.216
8/28/19 15:11,79.876,63.8,11.2,79.261
8/28/19 15:11,79.876,63.8,11.2,79.261
8/28/19 15:11,79.876,63.8,11.2,79.304
8/28/19 15:11,79.876,63.8,11.2,79.304
8/28/19 15:11,79.92,63.8,11.2,79.304
8/28/19 15:11,79.92,63.8,11.2,79.347
8/28/19 15:11,79.92,63.8,11.2,79.347
8/28/19 15:11,79.92,63.8,11.2,79.392
8/28/19 15:11,79.92,63.7,11.2,79.392
8/28/19 15:11,79.92,63.7,11.2,79.435
8/28/19 15:11,79.92,63.7,11.2,79.48
8/28/19 15:11,79.92,63.7,11.2,79.48
8/28/19 15:11,79.92,63.7,11.2,79.48
8/28/19 15:11,79.963,63.7,11.2,79.524
8/28/19 15:11,79.963,63.7,11.2,79.524
8/28/19 15:11,79.963,63.7,11.2,79.567
8/28/19 15:11,79.963,63.7,11.2,79.567
8/28/19 15:11,79.963,63.7,8.7,79.612
8/28/19 15:11,79.963,63.7,11.2,79.612
8/28/19 15:11,79.963,63.7,8.7,79.612
8/28/19 15:11,79.963,63.7,8.7,79.655
8/28/19 15:11,80.008,63.7,11.2,79.655
8/28/19 15:11,79.963,63.7,8.7,79.7
8/28/19 15:11,80.008,63.7,8.7,79.7
8/28/19 15:11,80.008,63.7,11.2,79.743
8/28/19 15:11,80.008,63.7,8.7,79.743
8/28/19 15:11,80.008,63.7,8.7,79.743
8/28/19 15:11,80.008,63.7,8.7,79.788
8/28/19 15:11,80.008,63.7,8.7,79.788
8/28/19 15:11,80.008,63.7,8.7,79.831
8/28/19 15:11,80.051,63.7,8.7,79.831
8/28/19 15:11,80.051,63.7,8.7,79.876
8/28/19 15:11,80.051,63.7,8.7,79.876
8/28/19 15:11,80.051,63.7,8.7,79.92
8/28/19 15:11,80.051,63.7,8.7,79.92
8/28/19 15:11,80.051,63.7,8.7,79.963
8/28/19 15:11,80.051,63.7,8.7,79.963
8/28/19 15:11,80.051,63.7,8.7,80.008
8/28/19 15:11,80.096,63.7,8.7,80.008
8/28/19 15:12,80.096,63.7,8.7,80.008
8/28/19 15:12,80.096,63.7,8.7,80.051
8/28/19 15:12,80.096,63.7,8.7,80.051
8/28/19 15:12,80.096,63.7,8.7,80.096
8/28/19 15:12,80.096,63.7,8.7,80.096
8/28/19 15:12,80.096,63.7,8.7,80.096
8/28/19 15:12,80.096,63.7,8.7,80.139
8/28/19 15:12,80.139,63.7,8.7,80.139
8/28/19 15:12,80.139,63.7,8.7,80.184
8/28/19 15:12,80.139,63.7,8.7,80.184
8/28/19 15:12,80.139,63.7,8.7,80.184
8/28/19 15:12,80.139,63.7,8.7,80.227
8/28/19 15:12,80.139,63.7,8.7,80.227
8/28/19 15:12,80.184,63.7,8.7,80.272
8/28/19 15:12,80.184,63.7,8.7,80.272
8/28/19 15:12,80.184,63.7,8.7,80.272
8/28/19 15:12,80.184,63.7,8.7,80.316
8/28/19 15:12,80.184,63.7,8.7,80.316
8/28/19 15:12,80.184,63.7,8.7,80.361
8/28/19 15:12,80.184,63.7,8.7,80.361
8/28/19 15:12,80.184,63.7,8.7,80.361
8/28/19 15:12,80.227,63.7,8.7,80.404
8/28/19 15:12,80.227,63.7,8.7,80.404
8/28/19 15:12,80.227,63.7,8.7,80.449
8/28/19 15:12,80.227,63.7,8.7,80.449
8/28/19 15:12,80.227,63.7,8.7,80.449
8/28/19 15:12,80.227,63.7,8.7,80.449
8/28/19 15:12,80.227,63.7,8.7,80.492
8/28/19 15:12,80.227,63.7,8.7,80.492
8/28/19 15:12,80.272,63.7,8.7,80.492
8/28/19 15:12,80.227,63.7,8.7,80.537
8/28/19 15:12,80.272,63.7,8.7,80.537
8/28/19 15:12,80.272,63.7,8.7,80.537
8/28/19 15:12,80.272,63.7,8.7,80.58
8/28/19 15:12,80.272,63.7,8.7,80.58
8/28/19 15:12,80.272,63.7,8.7,80.625
8/28/19 15:12,80.272,63.7,8.7,80.625
8/28/19 15:12,80.272,63.7,8.7,80.625
8/28/19 15:12,80.316,63.7,8.7,80.625
8/28/19 15:12,80.272,63.7,8.7,80.668
8/28/19 15:12,80.316,63.7,8.7,80.668
8/28/19 15:12,80.316,63.7,8.7,80.713
8/28/19 15:12,80.316,63.7,8.7,80.713
8/28/19 15:12,80.316,63.7,8.7,80.713
8/28/19 15:12,80.316,63.7,8.7,80.757
8/28/19 15:12,80.316,63.7,8.7,80.757
8/28/19 15:12,80.316,63.7,8.7,80.757
8/28/19 15:12,80.316,63.7,8.7,80.802
8/28/19 15:12,80.361,63.7,8.7,80.802
8/28/19 15:12,80.361,63.7,8.7,80.802
8/28/19 15:12,80.361,63.7,8.7,80.802
8/28/19 15:12,80.361,63.7,8.7,80.845
8/28/19 15:12,80.361,63.7,8.7,80.845
8/28/19 15:12,80.361,63.7,8.7,80.89
8/28/19 15:12,80.361,63.7,8.7,80.89
8/28/19 15:12,80.361,63.7,8.7,80.89
8/28/19 15:12,80.361,63.7,8.7,80.935
8/28/19 15:12,80.404,63.7,8.7,80.935
8/28/19 15:12,80.404,63.7,8.7,80.935
8/28/19 15:12,80.404,63.7,8.7,80.978
8/28/19 15:13,80.404,63.7,8.7,80.978
8/28/19 15:13,80.404,63.7,8.7,80.978
8/28/19 15:13,80.404,63.7,8.7,81.023
8/28/19 15:13,80.404,63.7,8.7,81.023
8/28/19 15:13,80.404,63.7,8.7,81.023
8/28/19 15:13,80.449,63.7,8.7,81.066
8/28/19 15:13,80.449,63.7,8.7,81.066
8/28/19 15:13,80.449,63.6,8.7,81.066
8/28/19 15:13,80.449,63.7,8.7,81.066
8/28/19 15:13,80.449,63.7,8.7,81.111
8/28/19 15:13,80.449,63.7,8.7,81.111
8/28/19 15:13,80.449,63.7,8.7,81.111
8/28/19 15:13,80.449,63.6,8.7,81.154
8/28/19 15:13,80.449,63.7,8.7,81.154
8/28/19 15:13,80.492,63.6,8.7,81.154
8/28/19 15:13,80.449,63.6,8.7,81.199
8/28/19 15:13,80.492,63.7,8.7,81.199
8/28/19 15:13,80.492,63.6,8.7,81.199
8/28/19 15:13,80.492,63.7,8.7,81.244
8/28/19 15:13,80.492,63.7,8.7,81.244
8/28/19 15:13,80.537,63.6,8.7,81.244
8/28/19 15:13,80.492,63.6,8.7,81.244
8/28/19 15:13,80.537,63.6,8.7,81.288
8/28/19 15:13,80.537,63.6,8.7,81.288
8/28/19 15:13,80.537,63.6,8.7,81.288
8/28/19 15:13,80.537,63.6,8.7,81.333
8/28/19 15:13,80.537,63.6,8.7,81.333
8/28/19 15:13,80.537,63.6,8.7,81.333
8/28/19 15:13,80.537,63.6,8.7,81.333
8/28/19 15:13,80.537,63.6,8.7,81.376
8/28/19 15:13,80.537,63.6,8.7,81.376
8/28/19 15:13,80.58,63.6,8.7,81.376
8/28/19 15:13,80.58,63.6,8.7,81.421
8/28/19 15:13,80.58,63.6,8.7,81.421
8/28/19 15:13,80.58,63.6,8.7,81.421
8/28/19 15:13,80.58,63.6,8.7,81.421
8/28/19 15:13,80.58,63.6,8.7,81.466
8/28/19 15:13,80.58,63.6,8.7,81.466
8/28/19 15:13,80.58,63.6,8.7,81.466
8/28/19 15:13,80.625,63.6,8.7,81.509
8/28/19 15:13,80.625,63.6,8.7,81.509
8/28/19 15:13,80.625,63.6,8.7,81.509
8/28/19 15:13,80.625,63.6,8.7,81.509
8/28/19 15:13,80.625,63.6,8.7,81.554
8/28/19 15:13,80.625,63.6,8.7,81.554
8/28/19 15:13,80.625,63.7,8.7,81.554
8/28/19 15:13,80.625,63.7,8.7,81.597
8/28/19 15:13,80.668,63.7,8.7,81.597
8/28/19 15:13,80.668,63.6,8.7,81.597
8/28/19 15:13,80.668,63.7,8.7,81.597
8/28/19 15:13,80.668,63.7,8.7,81.642
8/28/19 15:13,80.668,63.7,8.7,81.642
8/28/19 15:13,80.668,63.7,8.7,81.642
8/28/19 15:13,80.668,63.7,8.7,81.687
8/28/19 15:13,80.668,63.7,8.7,81.687
8/28/19 15:13,80.713,63.7,8.7,81.687
8/28/19 15:13,80.713,63.7,8.7,81.73
8/28/19 15:13,80.713,63.7,8.7,81.73
8/28/19 15:13,80.713,63.7,8.7,81.73
8/28/19 15:13,80.713,63.7,8.7,81.73
8/28/19 15:14,80.713,63.7,8.7,81.775
8/28/19 15:14,80.713,63.7,8.7,81.775
8/28/19 15:14,80.713,63.7,8.7,81.775
8/28/19 15:14,80.757,63.7,8.7,81.775
8/28/19 15:14,80.757,63.7,8.7,81.819
8/28/19 15:14,80.757,63.7,8.7,81.819
8/28/19 15:14,80.757,63.7,8.7,81.819
8/28/19 15:14,80.757,63.7,8.7,81.864
8/28/19 15:14,80.757,63.7,8.7,81.864
8/28/19 15:14,80.757,63.7,8.7,81.864
8/28/19 15:14,80.802,63.7,8.7,81.864
8/28/19 15:14,80.802,63.7,8.7,81.864
8/28/19 15:14,80.802,63.7,8.7,81.909
8/28/19 15:14,80.802,63.6,8.7,81.909
8/28/19 15:14,80.802,63.6,8.7,81.909
8/28/19 15:14,80.802,63.6,8.7,81.952
8/28/19 15:14,80.802,63.6,8.7,81.952
8/28/19 15:14,80.845,63.6,8.7,81.952
8/28/19 15:14,80.845,63.7,8.7,81.952
8/28/19 15:14,80.845,63.6,11.2,81.997
8/28/19 15:14,80.845,63.6,11.2,81.997
8/28/19 15:14,80.845,63.6,11.2,81.997
8/28/19 15:14,80.845,63.6,11.2,82.042
8/28/19 15:14,80.845,63.6,11.2,82.042
8/28/19 15:14,80.845,63.6,11.2,82.042
8/28/19 15:14,80.845,63.6,11.2,82.042
8/28/19 15:14,80.89,63.6,11.2,82.042
8/28/19 15:14,80.89,63.6,11.2,82.085
8/28/19 15:14,80.89,63.6,11.2,82.085
8/28/19 15:14,80.89,63.6,11.2,82.13
8/28/19 15:14,80.89,63.7,11.2,82.13
8/28/19 15:14,80.89,63.6,11.2,82.13
8/28/19 15:14,80.89,63.6,11.2,82.13
8/28/19 15:14,80.89,63.6,11.2,82.13
8/28/19 15:14,80.935,63.6,11.2,82.175
8/28/19 15:14,80.935,63.6,11.2,82.175
8/28/19 15:14,80.935,63.7,11.2,82.175
8/28/19 15:14,80.935,63.6,11.2,82.175
8/28/19 15:14,80.935,63.6,11.2,82.218
8/28/19 15:14,80.935,63.6,11.2,82.218
8/28/19 15:14,80.935,63.6,11.2,82.218
8/28/19 15:14,80.935,63.7,11.2,82.218
8/28/19 15:14,80.935,63.7,11.2,82.263
8/28/19 15:14,80.978,63.7,13.7,82.263
8/28/19 15:14,80.978,63.6,13.7,82.263
8/28/19 15:14,80.978,63.6,13.7,82.263
8/28/19 15:14,80.978,63.6,13.7,82.308
8/28/19 15:14,80.978,63.6,13.7,82.308
8/28/19 15:14,80.978,63.6,13.7,82.308
8/28/19 15:14,80.978,63.6,13.7,82.308
8/28/19 15:14,81.023,63.6,13.7,82.353
8/28/19 15:14,80.978,63.6,16.2,82.353
8/28/19 15:14,81.023,63.7,16.2,82.353
8/28/19 15:14,81.023,63.7,16.2,82.353
8/28/19 15:14,81.023,63.7,16.2,82.396
8/28/19 15:14,81.023,63.6,16.2,82.396
8/28/19 15:14,81.023,63.6,16.2,82.396
8/28/19 15:14,81.023,63.6,16.2,82.396
8/28/19 15:14,81.023,63.6,18.7,82.441
8/28/19 15:14,81.066,63.6,16.2,82.441
8/28/19 15:15,81.066,63.6,16.2,82.441
8/28/19 15:15,81.066,63.6,16.2,82.486
8/28/19 15:15,81.066,63.6,16.2,82.486
8/28/19 15:15,81.066,63.6,16.2,82.486
8/28/19 15:15,81.066,63.6,16.2,82.486
8/28/19 15:15,81.066,63.6,16.2,82.53
8/28/19 15:15,81.111,63.7,16.2,82.53
8/28/19 15:15,81.111,63.6,16.2,82.53
8/28/19 15:15,81.111,63.6,16.2,82.575
8/28/19 15:15,81.111,63.7,16.2,82.575
8/28/19 15:15,81.111,63.7,16.2,82.575
8/28/19 15:15,81.111,63.7,16.2,82.575
8/28/19 15:15,81.111,63.7,16.2,82.575
8/28/19 15:15,81.111,63.7,16.2,82.62
8/28/19 15:15,81.154,63.7,16.2,82.62
8/28/19 15:15,81.154,63.7,16.2,82.62
8/28/19 15:15,81.154,63.7,16.2,82.62
8/28/19 15:15,81.154,63.6,16.2,82.665
8/28/19 15:15,81.154,63.6,16.2,82.665
8/28/19 15:15,81.154,63.7,16.2,82.665
8/28/19 15:15,81.154,63.7,16.2,82.665
8/28/19 15:15,81.199,63.7,16.2,82.665
8/28/19 15:15,81.199,63.7,16.2,82.708
8/28/19 15:15,81.199,63.7,16.2,82.708
8/28/19 15:15,81.199,63.7,16.2,82.708
8/28/19 15:15,81.199,63.7,16.2,82.708
8/28/19 15:15,81.199,63.6,16.2,82.753
8/28/19 15:15,81.244,63.6,16.2,82.753
8/28/19 15:15,81.244,63.7,16.2,82.753
8/28/19 15:15,81.244,63.7,16.2,82.753
8/28/19 15:15,81.244,63.6,16.2,82.753
8/28/19 15:15,81.244,63.6,16.2,82.753
8/28/19 15:15,81.244,63.6,16.2,82.753
8/28/19 15:15,81.244,63.6,16.2,82.753
8/28/19 15:15,81.288,63.6,13.7,82.798
8/28/19 15:15,81.288,63.6,16.2,82.798
8/28/19 15:15,81.288,63.6,18.7,82.798
8/28/19 15:15,81.288,63.6,16.2,82.798
8/28/19 15:15,81.288,63.6,16.2,82.798
8/28/19 15:15,81.288,63.6,16.2,82.841
8/28/19 15:15,81.333,63.7,16.2,82.841
8/28/19 15:15,81.333,63.7,16.2,82.841
8/28/19 15:15,81.333,63.6,16.2,82.841
8/28/19 15:15,81.333,63.7,16.2,82.886
8/28/19 15:15,81.333,63.7,16.2,82.886
8/28/19 15:15,81.333,63.7,16.2,82.886
8/28/19 15:15,81.333,63.7,16.2,82.886
8/28/19 15:15,81.376,63.7,16.2,82.886
8/28/19 15:15,81.376,63.7,16.2,82.886
8/28/19 15:15,81.376,63.6,16.2,82.886
8/28/19 15:15,81.376,63.7,16.2,82.886
8/28/19 15:15,81.376,63.6,16.2,82.886
8/28/19 15:15,81.376,63.6,16.2,82.886
8/28/19 15:15,81.376,63.6,16.2,82.886
8/28/19 15:15,81.421,63.6,16.2,82.886
8/28/19 15:15,81.421,63.6,16.2,82.931
8/28/19 15:15,81.421,63.6,16.2,82.931
8/28/19 15:15,81.421,63.6,16.2,82.931
8/28/19 15:15,81.421,63.6,16.2,82.931
8/28/19 15:15,81.421,63.5,16.2,82.931
8/28/19 15:16,81.421,63.5,16.2,82.931
8/28/19 15:16,81.466,63.5,16.2,82.931
8/28/19 15:16,81.466,63.5,16.2,82.931
8/28/19 15:16,81.466,63.5,16.2,82.931
8/28/19 15:16,81.466,63.5,13.7,82.931
8/28/19 15:16,81.466,63.5,11.2,82.931
8/28/19 15:16,81.466,63.4,13.7,82.931
8/28/19 15:16,81.466,63.4,16.2,82.931
8/28/19 15:16,81.509,63.4,13.7,82.931
8/28/19 15:16,81.509,63.4,13.7,82.931
8/28/19 15:16,81.509,63.4,13.7,82.931
8/28/19 15:16,81.509,63.4,13.7,82.931
8/28/19 15:16,81.509,63.3,13.7,82.976
8/28/19 15:16,81.509,63.3,13.7,82.931
8/28/19 15:16,81.509,63.2,13.7,82.931
8/28/19 15:16,81.554,63.2,13.7,82.931
8/28/19 15:16,81.554,63.2,13.7,82.931
8/28/19 15:16,81.554,63.1,11.2,82.931
8/28/19 15:16,81.554,63.1,13.7,82.931
8/28/19 15:16,81.554,63,11.2,82.931
8/28/19 15:16,81.554,63,11.2,82.931
8/28/19 15:16,81.597,62.9,11.2,82.931
8/28/19 15:16,81.597,62.9,11.2,82.931
8/28/19 15:16,81.597,62.9,11.2,82.931
8/28/19 15:16,81.597,62.9,11.2,82.931
8/28/19 15:16,81.597,62.8,11.2,82.931
8/28/19 15:16,81.597,62.8,11.2,82.976
8/28/19 15:16,81.597,62.7,11.2,82.931
8/28/19 15:16,81.597,62.7,11.2,82.976
8/28/19 15:16,81.597,62.7,11.2,82.976
8/28/19 15:16,81.642,62.7,11.2,82.976
8/28/19 15:16,81.642,62.7,11.2,82.976
8/28/19 15:16,81.642,62.7,11.2,83.021
8/28/19 15:16,81.642,62.7,11.2,83.021
8/28/19 15:16,81.642,62.7,11.2,83.021
8/28/19 15:16,81.687,62.7,11.2,83.021
8/28/19 15:16,81.687,62.7,11.2,83.021
8/28/19 15:16,81.687,62.7,11.2,83.021
8/28/19 15:16,81.687,62.7,11.2,83.021
8/28/19 15:16,81.687,62.7,11.2,83.021
8/28/19 15:16,81.687,62.7,11.2,83.021
8/28/19 15:16,81.687,62.7,11.2,83.064
8/28/19 15:16,81.73,62.7,11.2,83.064
8/28/19 15:16,81.73,62.6,11.2,83.064
8/28/19 15:16,81.73,62.7,11.2,83.064
8/28/19 15:16,81.73,62.6,11.2,83.064
8/28/19 15:16,81.73,62.7,11.2,83.109
8/28/19 15:16,81.775,62.6,11.2,83.109
8/28/19 15:16,81.775,62.6,11.2,83.109
8/28/19 15:16,81.775,62.6,13.7,83.109
8/28/19 15:16,81.775,62.7,13.7,83.109
8/28/19 15:16,81.775,62.6,11.2,83.109
8/28/19 15:16,81.775,62.6,11.2,83.109
8/28/19 15:16,81.819,62.6,11.2,83.109
8/28/19 15:16,81.819,62.6,11.2,83.109
8/28/19 15:16,81.819,62.6,11.2,83.109
8/28/19 15:16,81.819,62.7,11.2,83.109
8/28/19 15:16,81.819,62.7,11.2,83.154
8/28/19 15:16,81.819,62.8,11.2,83.154
8/28/19 15:16,81.819,62.8,11.2,83.154
8/28/19 15:17,81.864,62.7,11.2,83.154
8/28/19 15:17,81.864,62.7,11.2,83.154
8/28/19 15:17,81.864,62.7,11.2,83.199
8/28/19 15:17,81.864,62.7,11.2,83.199
8/28/19 15:17,81.864,62.6,11.2,83.199
8/28/19 15:17,81.864,62.6,11.2,83.199
8/28/19 15:17,81.864,62.5,11.2,83.242
8/28/19 15:17,81.909,62.5,11.2,83.242
8/28/19 15:17,81.909,62.5,11.2,83.242
8/28/19 15:17,81.909,62.4,11.2,83.287
8/28/19 15:17,81.909,62.4,11.2,83.242
8/28/19 15:17,81.909,62.3,11.2,83.242
8/28/19 15:17,81.909,62.2,11.2,83.242
8/28/19 15:17,81.952,62.3,13.7,83.287
8/28/19 15:17,81.952,62.2,13.7,83.242
8/28/19 15:17,81.952,62.1,11.2,83.242
8/28/19 15:17,81.952,62.1,11.2,83.242
8/28/19 15:17,81.952,62,11.2,83.242
8/28/19 15:17,81.997,62,11.2,83.242
8/28/19 15:17,81.997,61.9,11.2,83.242
8/28/19 15:17,81.997,61.9,11.2,83.242
8/28/19 15:17,81.997,61.8,11.2,83.242
8/28/19 15:17,81.997,61.8,11.2,83.287
8/28/19 15:17,81.997,61.7,11.2,83.287
8/28/19 15:17,82.042,61.8,6.2,83.287
8/28/19 15:17,82.042,61.7,3.7,83.287
8/28/19 15:17,82.042,61.6,6.2,83.287
8/28/19 15:17,82.042,61.6,11.2,83.287
8/28/19 15:17,82.042,61.5,11.2,83.287
8/28/19 15:17,82.042,61.5,11.2,83.287
8/28/19 15:17,82.085,61.4,11.2,83.287
8/28/19 15:17,82.085,61.3,11.2,83.287
8/28/19 15:17,82.085,61.2,11.2,83.287
8/28/19 15:17,82.085,61.3,11.2,83.287
8/28/19 15:17,82.13,61.3,11.2,83.287
8/28/19 15:17,82.13,61.2,13.7,83.287
8/28/19 15:17,82.13,61.1,13.7,83.287
8/28/19 15:17,82.13,61.1,13.7,83.287
8/28/19 15:17,82.13,61,13.7,83.287
8/28/19 15:17,82.13,61,13.7,83.287
8/28/19 15:17,82.175,61,13.7,83.287
8/28/19 15:17,82.175,61,13.7,83.332
8/28/19 15:17,82.175,60.9,13.7,83.332
8/28/19 15:17,82.175,60.9,13.7,83.332
8/28/19 15:17,82.175,60.9,16.2,83.332
8/28/19 15:17,82.175,60.9,16.2,83.332
8/28/19 15:17,82.218,60.8,16.2,83.332
8/28/19 15:17,82.218,60.8,16.2,83.332
8/28/19 15:17,82.218,60.8,18.7,83.332
8/28/19 15:17,82.218,60.8,16.2,83.332
8/28/19 15:17,82.263,60.8,16.2,83.332
8/28/19 15:17,82.263,60.7,16.2,83.332
8/28/19 15:17,82.263,60.7,18.7,83.332
8/28/19 15:17,82.263,60.8,18.7,83.332
8/28/19 15:17,82.263,60.8,11.2,83.332
8/28/19 15:17,82.263,60.7,11.2,83.332
8/28/19 15:17,82.308,60.7,8.7,83.332
8/28/19 15:17,82.308,60.7,21.2,83.287
8/28/19 15:17,82.308,60.7,21.2,83.287
8/28/19 15:17,82.308,60.7,21.2,83.287
8/28/19 15:18,82.308,60.6,21.2,83.287
8/28/19 15:18,82.353,60.6,23.7,83.287
8/28/19 15:18,82.353,60.6,23.7,83.287
8/28/19 15:18,82.353,60.6,23.7,83.287
8/28/19 15:18,82.353,60.5,23.7,83.287
8/28/19 15:18,82.353,60.4,23.7,83.287
8/28/19 15:18,82.353,60.4,23.7,83.287
8/28/19 15:18,82.396,60.4,23.7,83.287
8/28/19 15:18,82.396,60.3,23.7,83.287
8/28/19 15:18,82.396,60.3,26.2,83.287
8/28/19 15:18,82.396,60.3,26.2,83.287
8/28/19 15:18,82.396,60.3,26.2,83.287
8/28/19 15:18,82.396,60.2,26.2,83.287
8/28/19 15:18,82.441,60.2,26.2,83.332
8/28/19 15:18,82.441,60.3,23.7,83.287
8/28/19 15:18,82.441,60.2,23.7,83.287
8/28/19 15:18,82.441,60.2,26.2,83.332
8/28/19 15:18,82.441,60.1,28.7,83.287
8/28/19 15:18,82.441,60.1,16.2,83.287
8/28/19 15:18,82.441,60.1,13.7,83.287
8/28/19 15:18,82.486,60.1,11.2,83.332
8/28/19 15:18,82.486,60.1,8.7,83.332
8/28/19 15:18,82.486,60.1,8.7,83.332
8/28/19 15:18,82.486,60.1,8.7,83.332
8/28/19 15:18,82.486,60.1,8.7,83.332
8/28/19 15:18,82.486,60.1,8.7,83.332
8/28/19 15:18,82.486,60.1,8.7,83.332
8/28/19 15:18,82.53,60.1,8.7,83.332
8/28/19 15:18,82.53,60.1,11.2,83.332
8/28/19 15:18,82.53,60.1,11.2,83.332
8/28/19 15:18,82.53,60.1,11.2,83.332
8/28/19 15:18,82.53,60.1,11.2,83.377
8/28/19 15:18,82.53,60.1,11.2,83.377
8/28/19 15:18,82.53,60,11.2,83.377
8/28/19 15:18,82.53,60,11.2,83.332
8/28/19 15:18,82.575,60,11.2,83.377
8/28/19 15:18,82.575,60,11.2,83.332
8/28/19 15:18,82.575,60,11.2,83.332
8/28/19 15:18,82.575,60,11.2,83.332
8/28/19 15:18,82.575,60,11.2,83.332
8/28/19 15:18,82.575,60,11.2,83.332
8/28/19 15:18,82.575,60.1,11.2,83.332
8/28/19 15:18,82.575,60.1,11.2,83.332
8/28/19 15:18,82.62,60.1,11.2,83.332
8/28/19 15:18,82.575,60.1,11.2,83.332
8/28/19 15:18,82.62,60.1,11.2,83.332
8/28/19 15:18,82.62,60.1,11.2,83.332
8/28/19 15:18,82.62,60.1,11.2,83.332
8/28/19 15:18,82.62,60.2,11.2,83.332
8/28/19 15:18,82.62,60.2,11.2,83.332
8/28/19 15:18,82.62,60.2,11.2,83.332
8/28/19 15:18,82.62,60.2,11.2,83.287
8/28/19 15:18,82.62,60.3,11.2,83.287
8/28/19 15:18,82.62,60.3,11.2,83.287
8/28/19 15:18,82.62,60.2,11.2,83.287
8/28/19 15:18,82.62,60.3,11.2,83.287
8/28/19 15:18,82.665,60.2,8.7,83.287
8/28/19 15:18,82.665,60.2,3.7,83.287
8/28/19 15:18,82.665,60.2,8.7,83.287
8/28/19 15:18,82.665,60.2,11.2,83.287
8/28/19 15:19,82.665,60.2,11.2,83.242
8/28/19 15:19,82.665,60.2,11.2,83.242
8/28/19 15:19,82.665,60.1,8.7,83.242
8/28/19 15:19,82.665,60.1,8.7,83.242
8/28/19 15:19,82.665,60.1,11.2,83.242
8/28/19 15:19,82.665,60.1,8.7,83.242
8/28/19 15:19,82.665,60.1,6.2,83.242
8/28/19 15:19,82.665,60.1,3.7,83.242
8/28/19 15:19,82.665,60.1,3.7,83.242
8/28/19 15:19,82.665,60.1,1.2,83.242
8/28/19 15:19,82.665,60.1,1.2,83.242
8/28/19 15:19,82.665,60.1,1.2,83.242
8/28/19 15:19,82.665,60.1,1.2,83.242
8/28/19 15:19,82.665,60.1,1.2,83.242
8/28/19 15:19,82.665,60.1,6.2,83.242
8/28/19 15:19,82.665,60.1,8.7,83.242
8/28/19 15:19,82.665,60.1,8.7,83.242
8/28/19 15:19,82.665,60.1,8.7,83.242
8/28/19 15:19,82.665,60.1,8.7,83.242
8/28/19 15:19,82.665,60.1,8.7,83.242
8/28/19 15:19,82.665,60.1,8.7,83.242
8/28/19 15:19,82.665,60.1,13.7,83.242
8/28/19 15:19,82.665,60.1,18.7,83.242
8/28/19 15:19,82.665,60.1,18.7,83.242
8/28/19 15:19,82.665,60.1,18.7,83.242
8/28/19 15:19,82.665,60.1,18.7,83.242
8/28/19 15:19,82.665,60.1,18.7,83.242
8/28/19 15:19,82.665,60.1,18.7,83.242
8/28/19 15:19,82.665,60.1,18.7,83.242
8/28/19 15:19,82.665,60.1,18.7,83.242
8/28/19 15:19,82.665,60.1,18.7,83.242
8/28/19 15:19,82.708,60.1,18.7,83.242
8/28/19 15:19,82.665,60.1,16.2,83.242
8/28/19 15:19,82.665,60.1,16.2,83.242
8/28/19 15:19,82.665,60.1,13.7,83.242
8/28/19 15:19,82.665,60.1,11.2,83.242
8/28/19 15:19,82.665,60.1,11.2,83.287
8/28/19 15:19,82.708,60.1,11.2,83.242
8/28/19 15:19,82.708,60.1,11.2,83.242
8/28/19 15:19,82.708,60.1,11.2,83.287
8/28/19 15:19,82.708,60.1,11.2,83.287
8/28/19 15:19,82.708,60.1,11.2,83.242
8/28/19 15:19,82.708,60.1,13.7,83.242
8/28/19 15:19,82.708,60.1,13.7,83.242
8/28/19 15:19,82.708,60.1,13.7,83.242
8/28/19 15:19,82.708,60.1,13.7,83.199
8/28/19 15:19,82.708,60.1,13.7,83.199
8/28/19 15:19,82.708,60.1,13.7,83.199
8/28/19 15:19,82.708,60.1,13.7,83.199
8/28/19 15:19,82.708,60.1,13.7,83.199
8/28/19 15:19,82.708,60.1,13.7,83.199
8/28/19 15:19,82.708,60.1,13.7,83.199
8/28/19 15:19,82.708,60.1,13.7,83.199
8/28/19 15:19,82.708,60.1,13.7,83.199
8/28/19 15:19,82.708,60.1,11.2,83.199
8/28/19 15:19,82.708,60.1,3.7,83.199
8/28/19 15:19,82.708,60.1,1.2,83.199
8/28/19 15:19,82.708,60.1,1.2,83.199
8/28/19 15:19,82.708,60.1,1.2,83.199
8/28/19 15:19,82.708,60.1,1.2,83.199
8/28/19 15:20,82.708,60.1,1.2,83.199
8/28/19 15:20,82.708,60.1,1.2,83.199
8/28/19 15:20,82.708,60.1,1.2,83.199
8/28/19 15:20,82.708,60,1.2,83.199
8/28/19 15:20,82.708,60,1.2,83.199
8/28/19 15:20,82.708,60,1.2,83.199
8/28/19 15:20,82.708,60,1.2,83.199
8/28/19 15:20,82.708,60,1.2,83.199
8/28/19 15:20,82.708,60,1.2,83.199
8/28/19 15:20,82.708,60,1.2,83.199
8/28/19 15:20,82.708,60,1.2,83.199
8/28/19 15:20,82.708,60,1.2,83.199
8/28/19 15:20,82.708,60,1.2,83.199
8/28/19 15:20,82.708,60,1.2,83.199
8/28/19 15:20,82.708,60,1.2,83.199
8/28/19 15:20,82.708,60,1.2,83.199
8/28/19 15:20,82.708,60,1.2,83.199
8/28/19 15:20,82.708,60,1.2,83.199
8/28/19 15:20,82.708,60,1.2,83.199
8/28/19 15:20,82.708,60,1.2,83.199
8/28/19 15:20,82.708,60,1.2,83.199
8/28/19 15:20,82.708,60,1.2,83.199
8/28/19 15:20,82.708,60,1.2,83.199
8/28/19 15:20,82.753,60,1.2,83.199
8/28/19 15:20,82.753,60,1.2,83.154
8/28/19 15:20,82.753,60,1.2,83.154
8/28/19 15:20,82.753,60,1.2,83.154
8/28/19 15:20,82.708,60,1.2,83.154
8/28/19 15:20,82.708,60,1.2,83.199
8/28/19 15:20,82.753,60,1.2,83.154
8/28/19 15:20,82.753,60,1.2,83.154
8/28/19 15:20,82.708,60,1.2,83.154
8/28/19 15:20,82.753,59.9,1.2,83.154
8/28/19 15:20,82.753,59.9,1.2,83.154
8/28/19 15:20,82.753,59.9,1.2,83.154
8/28/19 15:20,82.753,59.9,1.2,83.154
8/28/19 15:20,82.753,59.9,1.2,83.154
8/28/19 15:20,82.753,59.9,1.2,83.154
8/28/19 15:20,82.753,59.9,1.2,83.154
8/28/19 15:20,82.753,59.9,1.2,83.154
8/28/19 15:20,82.753,59.9,1.2,83.154
8/28/19 15:20,82.753,59.9,1.2,83.154
8/28/19 15:20,82.753,59.9,1.2,83.154
8/28/19 15:20,82.753,59.9,1.2,83.154
8/28/19 15:20,82.753,59.9,1.2,83.154
8/28/19 15:20,82.753,59.9,1.2,83.154
8/28/19 15:20,82.753,59.9,1.2,83.154
8/28/19 15:20,82.753,59.9,1.2,83.154
8/28/19 15:20,82.753,59.9,1.2,83.154
8/28/19 15:20,82.753,59.9,1.2,83.154
8/28/19 15:20,82.753,59.9,1.2,83.154
8/28/19 15:20,82.753,59.9,1.2,83.154
8/28/19 15:20,82.753,59.9,1.2,83.154
8/28/19 15:20,82.753,59.9,1.2,83.154
8/28/19 15:20,82.753,59.9,1.2,83.154
8/28/19 15:20,82.753,59.9,1.2,83.154
8/28/19 15:20,82.753,59.9,1.2,83.154
8/28/19 15:20,82.753,59.9,1.2,83.154
8/28/19 15:20,82.753,59.9,1.2,83.154
8/28/19 15:20,82.753,59.9,1.2,83.154
8/28/19 15:21,82.753,59.9,1.2,83.154
8/28/19 15:21,82.753,59.9,1.2,83.154
8/28/19 15:21,82.753,59.9,1.2,83.154
8/28/19 15:21,82.753,59.9,1.2,83.154
8/28/19 15:21,82.753,59.9,1.2,83.154
8/28/19 15:21,82.753,59.9,1.2,83.154
8/28/19 15:21,82.753,59.9,1.2,83.154
8/28/19 15:21,82.753,59.9,1.2,83.154
8/28/19 15:21,82.753,59.8,1.2,83.154
8/28/19 15:21,82.753,59.9,1.2,83.154
8/28/19 15:21,82.753,59.9,1.2,83.154
8/28/19 15:21,82.753,59.8,1.2,83.154
8/28/19 15:21,82.753,59.9,1.2,83.154
8/28/19 15:21,82.798,59.8,1.2,83.154
8/28/19 15:21,82.798,59.8,1.2,83.154
8/28/19 15:21,82.798,59.8,1.2,83.154
8/28/19 15:21,82.753,59.8,1.2,83.154
8/28/19 15:21,82.753,59.8,1.2,83.154
8/28/19 15:21,82.753,59.8,1.2,83.154
8/28/19 15:21,82.798,59.8,1.2,83.154
8/28/19 15:21,82.798,59.8,1.2,83.154
8/28/19 15:21,82.798,59.8,1.2,83.154
8/28/19 15:21,82.798,59.8,1.2,83.154
8/28/19 15:21,82.798,59.8,1.2,83.154
8/28/19 15:21,82.798,59.8,1.2,83.154
8/28/19 15:21,82.798,59.8,1.2,83.154
8/28/19 15:21,82.798,59.8,1.2,83.154
8/28/19 15:21,82.798,59.8,1.2,83.154
8/28/19 15:21,82.798,59.8,1.2,83.154
8/28/19 15:21,82.798,59.8,1.2,83.154
8/28/19 15:21,82.798,59.8,1.2,83.154
8/28/19 15:21,82.798,59.8,1.2,83.154
8/28/19 15:21,82.798,59.8,1.2,83.199
8/28/19 15:21,82.798,59.8,1.2,83.199
8/28/19 15:21,82.798,59.7,1.2,83.199
8/28/19 15:21,82.798,59.7,1.2,83.199
8/28/19 15:21,82.798,59.8,1.2,83.199
8/28/19 15:21,82.798,59.7,1.2,83.199
8/28/19 15:21,82.798,59.7,1.2,83.199
8/28/19 15:21,82.798,59.8,1.2,83.199
8/28/19 15:21,82.798,59.7,1.2,83.199
8/28/19 15:21,82.798,59.7,1.2,83.199
8/28/19 15:21,82.798,59.7,1.2,83.199
8/28/19 15:21,82.798,59.8,1.2,83.199
8/28/19 15:21,82.798,59.8,1.2,83.199
8/28/19 15:21,82.798,59.7,1.2,83.199
8/28/19 15:21,82.798,59.7,1.2,83.199
8/28/19 15:21,82.798,59.7,1.2,83.199
8/28/19 15:21,82.798,59.7,1.2,83.199
8/28/19 15:21,82.798,59.7,1.2,83.199
8/28/19 15:21,82.798,59.7,1.2,83.199
8/28/19 15:21,82.841,59.7,1.2,83.199
8/28/19 15:21,82.798,59.8,1.2,83.199
8/28/19 15:21,82.798,59.7,1.2,83.199
8/28/19 15:21,82.798,59.8,1.2,83.199
8/28/19 15:21,82.841,59.8,1.2,83.199
8/28/19 15:21,82.798,59.7,1.2,83.199
8/28/19 15:21,82.841,59.7,1.2,83.199
8/28/19 15:21,82.841,59.7,1.2,83.199
8/28/19 15:21,82.841,59.8,1.2,83.199
8/28/19 15:22,82.841,59.8,1.2,83.199
8/28/19 15:22,82.841,59.8,1.2,83.199
8/28/19 15:22,82.841,59.8,1.2,83.199
8/28/19 15:22,82.841,59.8,1.2,83.199
8/28/19 15:22,82.841,59.8,1.2,83.199
8/28/19 15:22,82.841,59.8,1.2,83.199
8/28/19 15:22,82.841,59.8,1.2,83.199
8/28/19 15:22,82.841,59.8,1.2,83.199
8/28/19 15:22,82.841,59.8,1.2,83.199
8/28/19 15:22,82.841,59.8,1.2,83.199
8/28/19 15:22,82.841,59.7,1.2,83.199
8/28/19 15:22,82.841,59.7,1.2,83.199
8/28/19 15:22,82.841,59.8,1.2,83.199
8/28/19 15:22,82.841,59.7,1.2,83.199
8/28/19 15:22,82.841,59.8,1.2,83.199
8/28/19 15:22,82.841,59.8,1.2,83.199
8/28/19 15:22,82.841,59.8,1.2,83.199
8/28/19 15:22,82.841,59.8,1.2,83.199
8/28/19 15:22,82.841,59.8,1.2,83.199
8/28/19 15:22,82.841,59.6,1.2,83.199
8/28/19 15:22,82.841,59.6,1.2,83.199
8/28/19 15:22,82.841,59.6,1.2,83.199
8/28/19 15:22,82.841,59.6,1.2,83.199
8/28/19 15:22,82.841,59.6,1.2,83.199
8/28/19 15:22,82.841,59.6,1.2,83.199
8/28/19 15:22,82.841,59.6,1.2,83.199
8/28/19 15:22,82.841,59.6,1.2,83.199
8/28/19 15:22,82.841,59.6,1.2,83.199
8/28/19 15:22,82.841,59.6,1.2,83.199
8/28/19 15:22,82.841,59.6,1.2,83.199
8/28/19 15:22,82.841,59.6,1.2,83.199
8/28/19 15:22,82.841,59.6,1.2,83.199
8/28/19 15:22,82.841,59.7,1.2,83.199
8/28/19 15:22,82.841,59.7,1.2,83.199
8/28/19 15:22,82.841,59.7,1.2,83.199
8/28/19 15:22,82.841,59.7,1.2,83.199
8/28/19 15:22,82.841,59.7,1.2,83.199
8/28/19 15:22,82.841,59.7,1.2,83.199
8/28/19 15:22,82.841,59.7,1.2,83.199
8/28/19 15:22,82.841,59.7,1.2,83.199
8/28/19 15:22,82.841,59.7,1.2,83.199
8/28/19 15:22,82.841,59.7,1.2,83.199
8/28/19 15:22,82.841,59.7,1.2,83.199
8/28/19 15:22,82.841,59.7,1.2,83.199
8/28/19 15:22,82.841,59.7,1.2,83.199
8/28/19 15:22,82.841,59.7,1.2,83.199
8/28/19 15:22,82.886,59.7,1.2,83.199
8/28/19 15:22,82.886,59.7,1.2,83.199
8/28/19 15:22,82.886,59.7,1.2,83.199
8/28/19 15:22,82.886,59.6,6.2,83.199
8/28/19 15:22,82.886,59.6,11.2,83.199
8/28/19 15:22,82.841,59.6,18.7,83.199
8/28/19 15:22,82.886,59.6,18.7,83.199
8/28/19 15:22,82.886,59.6,8.7,83.199
8/28/19 15:22,82.841,59.6,8.7,83.199
8/28/19 15:22,82.886,59.6,11.2,83.199
8/28/19 15:22,82.886,59.6,6.2,83.199
8/28/19 15:22,82.886,59.6,6.2,83.199
8/28/19 15:22,82.886,59.6,11.2,83.199
8/28/19 15:22,82.886,59.6,11.2,83.199
8/28/19 15:23,82.886,59.6,11.2,83.199
8/28/19 15:23,82.886,59.6,8.7,83.199
8/28/19 15:23,82.886,59.6,11.2,83.199
8/28/19 15:23,82.886,59.6,16.2,83.199
8/28/19 15:23,82.886,59.5,26.2,83.199
8/28/19 15:23,82.886,59.6,28.7,83.199
8/28/19 15:23,82.886,59.6,28.7,83.199
8/28/19 15:23,82.886,59.5,28.7,83.199
8/28/19 15:23,82.886,59.5,28.7,83.199
8/28/19 15:23,82.886,59.5,23.7,83.199
8/28/19 15:23,82.886,59.5,6.2,83.199
8/28/19 15:23,82.886,59.5,26.2,83.199
8/28/19 15:23,82.886,59.5,98.7,83.199
8/28/19 15:23,82.886,59.5,351.2,83.199
8/28/19 15:23,82.886,59.5,376.2,83.199
8/28/19 15:23,82.886,59.5,286.2,83.199
8/28/19 15:23,82.886,59.5,88.7,83.199
8/28/19 15:23,82.886,59.4,58.7,83.154
8/28/19 15:23,82.886,59.4,63.7,83.154
8/28/19 15:23,82.886,59.4,58.7,83.154
8/28/19 15:23,82.886,59.4,48.7,83.154
8/28/19 15:23,82.886,59.3,128.7,83.154
8/28/19 15:23,82.886,59.3,16.2,83.154
8/28/19 15:23,82.886,59.3,21.2,83.154
8/28/19 15:23,82.886,59.3,1.2,83.109
8/28/19 15:23,82.886,59.2,1.2,83.109
8/28/19 15:23,82.886,59.1,1.2,83.064
8/28/19 15:23,82.886,59.1,1.2,82.976
8/28/19 15:23,82.886,59.1,1.2,82.931
8/28/19 15:23,82.886,59,1.2,82.886
8/28/19 15:23,82.886,59,1.2,82.841
8/28/19 15:23,82.841,58.9,1.2,82.798
8/28/19 15:23,82.841,58.8,1.2,82.753
8/28/19 15:23,82.841,58.8,1.2,82.708
8/28/19 15:23,82.841,58.7,1.2,82.665
8/28/19 15:23,82.841,58.6,1.2,82.575
8/28/19 15:23,82.798,58.5,1.2,82.486
8/28/19 15:23,82.798,58.4,1.2,82.396
8/28/19 15:23,82.798,58.2,1.2,82.308
8/28/19 15:23,82.753,58.1,1.2,82.218
8/28/19 15:23,82.753,58.1,1.2,82.085
8/28/19 15:23,82.708,57.9,6.2,81.952
8/28/19 15:23,82.708,57.8,11.2,81.864
8/28/19 15:23,82.665,57.7,3.7,81.775
8/28/19 15:23,82.665,57.6,1.2,81.687
8/28/19 15:23,82.62,57.5,3.7,81.642
8/28/19 15:23,82.62,57.5,3.7,81.597
8/28/19 15:23,82.575,57.3,1.2,81.554
8/28/19 15:23,82.53,57.2,1.2,81.509
8/28/19 15:23,82.486,57.1,1.2,81.509
8/28/19 15:23,82.486,57,1.2,81.466
8/28/19 15:23,82.441,57,1.2,81.421
8/28/19 15:23,82.441,56.9,1.2,81.376
8/28/19 15:23,82.396,56.9,1.2,81.333
8/28/19 15:23,82.396,56.9,1.2,81.288
8/28/19 15:23,82.353,56.8,1.2,81.199
8/28/19 15:23,82.308,56.7,1.2,81.154
8/28/19 15:23,82.308,56.7,1.2,81.111
8/28/19 15:23,82.263,56.7,1.2,81.066
8/28/19 15:23,82.263,56.6,1.2,81.023
8/28/19 15:24,82.218,56.6,1.2,80.978
8/28/19 15:24,82.218,56.6,1.2,80.935
8/28/19 15:24,82.175,56.6,1.2,80.89
8/28/19 15:24,82.175,56.5,1.2,80.845
8/28/19 15:24,82.13,56.5,1.2,80.802
8/28/19 15:24,82.13,56.5,1.2,80.713
8/28/19 15:24,82.13,56.5,1.2,80.668
8/28/19 15:24,82.085,56.5,1.2,80.625
8/28/19 15:24,82.085,56.5,1.2,80.537
8/28/19 15:24,82.042,56.4,1.2,80.492
8/28/19 15:24,82.042,56.4,1.2,80.404
8/28/19 15:24,81.997,56.4,1.2,80.361
8/28/19 15:24,81.997,56.4,1.2,80.316
8/28/19 15:24,81.997,56.3,1.2,80.227
8/28/19 15:24,81.952,56.4,1.2,80.184
8/28/19 15:24,81.952,56.4,1.2,80.096
8/28/19 15:24,81.909,56.4,1.2,80.051
8/28/19 15:24,81.909,56.4,1.2,80.008
8/28/19 15:24,81.909,56.3,1.2,79.92
8/28/19 15:24,81.864,56.3,1.2,79.876
8/28/19 15:24,81.864,56.3,1.2,79.831
8/28/19 15:24,81.819,56.3,1.2,79.743
8/28/19 15:24,81.819,56.3,1.2,79.7
8/28/19 15:24,81.775,56.2,1.2,79.655
8/28/19 15:24,81.775,56.2,1.2,79.567
8/28/19 15:24,81.775,56.2,1.2,79.524
8/28/19 15:24,81.775,56.1,1.2,79.48
8/28/19 15:24,81.73,56.1,1.2,79.435
8/28/19 15:24,81.73,56.1,1.2,79.392
8/28/19 15:24,81.73,56.1,1.2,79.304
8/28/19 15:24,81.687,55.9,1.2,79.304
8/28/19 15:24,81.687,55.9,1.2,79.261
8/28/19 15:24,81.642,55.9,1.2,79.216
8/28/19 15:24,81.642,55.9,1.2,79.173
8/28/19 15:24,81.642,55.8,1.2,79.128
8/28/19 15:24,81.597,55.8,1.2,79.128
8/28/19 15:24,81.597,55.8,1.2,79.041
8/28/19 15:24,81.597,55.8,1.2,79.041
8/28/19 15:24,81.554,55.7,1.2,78.996
8/28/19 15:24,81.554,55.7,1.2,78.953
8/28/19 15:24,81.509,55.7,1.2,78.865
8/28/19 15:24,81.509,55.6,1.2,78.822
8/28/19 15:24,81.509,55.6,1.2,78.777
8/28/19 15:24,81.466,55.7,1.2,78.733
8/28/19 15:24,81.466,55.7,1.2,78.69
8/28/19 15:24,81.466,55.6,1.2,78.645
8/28/19 15:24,81.466,55.6,1.2,78.602
8/28/19 15:24,81.421,55.6,1.2,78.559
8/28/19 15:24,81.421,55.6,1.2,78.514
8/28/19 15:24,81.376,55.6,1.2,78.514
8/28/19 15:24,81.376,55.5,1.2,78.471
8/28/19 15:24,81.376,55.5,1.2,78.427
8/28/19 15:24,81.333,55.5,1.2,78.427
8/28/19 15:24,81.333,55.5,1.2,78.382
8/28/19 15:24,81.333,55.4,1.2,78.339
8/28/19 15:24,81.288,55.4,1.2,78.296
8/28/19 15:24,81.288,55.4,1.2,78.251
8/28/19 15:24,81.244,55.3,1.2,78.208
8/28/19 15:24,81.244,55.3,1.2,78.165
8/28/19 15:24,81.244,55.3,1.2,78.121
8/28/19 15:25,81.199,55.3,1.2,78.076
8/28/19 15:25,81.199,55.2,1.2,78.033
8/28/19 15:25,81.199,55.2,1.2,77.99
8/28/19 15:25,81.154,55.2,1.2,77.945
8/28/19 15:25,81.154,55.2,1.2,77.902
8/28/19 15:25,81.154,55.2,1.2,77.859
8/28/19 15:25,81.111,55.1,1.2,77.815
8/28/19 15:25,81.111,55.1,1.2,77.815
8/28/19 15:25,81.066,55.1,1.2,77.77
8/28/19 15:25,81.066,55.1,1.2,77.727
8/28/19 15:25,81.066,55.1,1.2,77.684