datetime,airtemp_F,rh,par_umolm2sec,soiltemp_F
9/30/19 9:12,65.745,56.2,1.2,82.931
9/30/19 9:12,65.745,56.2,1.2,82.841
9/30/19 9:12,65.745,56.2,1.2,82.886
9/30/19 9:12,65.745,56.2,1.2,82.886
9/30/19 9:12,65.745,56.2,1.2,82.886
9/30/19 9:12,65.745,56.2,1.2,82.931
9/30/19 9:12,65.745,56.2,1.2,82.931
9/30/19 9:12,65.745,56.2,1.2,82.931
9/30/19 9:12,65.745,56.1,1.2,82.931
9/30/19 9:13,65.745,56.1,1.2,82.931
9/30/19 9:13,65.745,56.1,1.2,82.976
9/30/19 9:13,65.745,56.1,1.2,82.976
9/30/19 9:13,65.745,56.1,1.2,82.976
9/30/19 9:13,65.745,56.1,1.2,82.976
9/30/19 9:13,65.745,56.1,1.2,82.976
9/30/19 9:13,65.745,56.1,1.2,82.976
9/30/19 9:13,65.745,56.1,1.2,82.976
9/30/19 9:13,65.745,56.1,1.2,82.976
9/30/19 9:13,65.745,56.1,1.2,83.021
9/30/19 9:13,65.745,56.1,1.2,83.021
9/30/19 9:13,65.745,56.1,1.2,83.021
9/30/19 9:13,65.745,56.1,1.2,83.021
9/30/19 9:13,65.745,56.1,1.2,83.021
9/30/19 9:13,65.745,56.1,1.2,83.021
9/30/19 9:13,65.745,56.1,1.2,83.021
9/30/19 9:13,65.745,56.1,1.2,83.021
9/30/19 9:13,65.745,56.1,1.2,83.021
9/30/19 9:13,65.745,56.1,1.2,83.021
9/30/19 9:13,65.745,56.1,1.2,83.021
9/30/19 9:13,65.745,56.1,1.2,83.021
9/30/19 9:13,65.745,56.1,1.2,83.064
9/30/19 9:13,65.745,56.1,1.2,83.064
9/30/19 9:13,65.745,56.1,1.2,83.064
9/30/19 9:13,65.745,56.1,1.2,83.064
9/30/19 9:13,65.745,56.1,1.2,83.064
9/30/19 9:13,65.745,56.1,1.2,83.064
9/30/19 9:13,65.745,56.1,1.2,83.064
9/30/19 9:13,65.745,56.1,1.2,83.064
9/30/19 9:13,65.745,56.1,1.2,83.064
9/30/19 9:13,65.745,56.1,1.2,83.064
9/30/19 9:13,65.788,56.1,1.2,83.064
9/30/19 9:13,65.745,56.1,1.2,83.064
9/30/19 9:13,65.788,56.1,1.2,83.064
9/30/19 9:13,65.745,56.1,1.2,83.064
9/30/19 9:13,65.788,56.1,1.2,83.064
9/30/19 9:13,65.788,56.1,1.2,83.064
9/30/19 9:13,65.788,56.1,1.2,83.064
9/30/19 9:13,65.788,56.1,1.2,83.064
9/30/19 9:13,65.788,56.1,1.2,83.109
9/30/19 9:13,65.788,56.1,1.2,83.064
9/30/19 9:13,65.788,56.1,1.2,83.109
9/30/19 9:13,65.788,56.1,1.2,83.109
9/30/19 9:13,65.788,56.1,1.2,83.109
9/30/19 9:13,65.788,56.1,1.2,83.109
9/30/19 9:13,65.788,56.1,1.2,83.109
9/30/19 9:13,65.788,56.1,1.2,83.109
9/30/19 9:13,65.788,56.1,1.2,83.109
9/30/19 9:13,65.788,56.1,1.2,83.109
9/30/19 9:13,65.788,56.1,1.2,83.109
9/30/19 9:13,65.788,56.1,1.2,83.109
9/30/19 9:13,65.788,56.1,1.2,83.109
9/30/19 9:13,65.788,56.1,1.2,83.109
9/30/19 9:13,65.788,56.1,1.2,83.109
9/30/19 9:13,65.788,56.1,1.2,83.109
9/30/19 9:13,65.788,56.1,1.2,83.109
9/30/19 9:13,65.788,56.1,1.2,83.109
9/30/19 9:13,65.788,56.1,1.2,83.109
9/30/19 9:13,65.788,56.1,1.2,83.109
9/30/19 9:13,65.788,56.1,1.2,83.109
9/30/19 9:14,65.788,56.1,1.2,83.109
9/30/19 9:14,65.788,56.1,1.2,83.109
9/30/19 9:14,65.788,56.1,1.2,83.109
9/30/19 9:14,65.788,56.1,1.2,83.109
9/30/19 9:14,65.788,56.1,1.2,83.109
9/30/19 9:14,65.788,56.1,1.2,83.109
9/30/19 9:14,65.788,56.1,1.2,83.109
9/30/19 9:14,65.788,56.1,1.2,83.109
9/30/19 9:14,65.788,56.1,1.2,83.109
9/30/19 9:14,65.788,56.1,1.2,83.109
9/30/19 9:14,65.788,56.1,1.2,83.109
9/30/19 9:14,65.788,56.1,1.2,83.109
9/30/19 9:14,65.788,56.1,1.2,83.109
9/30/19 9:14,65.788,56.1,1.2,83.109
9/30/19 9:14,65.788,56.1,1.2,83.109
9/30/19 9:14,65.788,56.1,1.2,83.109
9/30/19 9:14,65.788,56.1,1.2,83.109
9/30/19 9:14,65.788,56.1,1.2,83.109
9/30/19 9:14,65.788,56.1,1.2,83.109
9/30/19 9:14,65.788,56.1,1.2,83.109
9/30/19 9:14,65.788,56.1,1.2,83.109
9/30/19 9:14,65.788,56.1,1.2,83.109
9/30/19 9:14,65.788,56.1,1.2,83.109
9/30/19 9:14,65.788,56.1,1.2,83.109
9/30/19 9:14,65.788,56.1,1.2,83.154
9/30/19 9:14,65.788,56.1,1.2,83.154
9/30/19 9:14,65.788,56.1,1.2,83.154
9/30/19 9:14,65.788,56.1,1.2,83.154
9/30/19 9:14,65.788,56.1,1.2,83.154
9/30/19 9:14,65.788,56.1,1.2,83.154
9/30/19 9:14,65.788,56.1,1.2,83.154
9/30/19 9:14,65.788,56.1,1.2,83.154
9/30/19 9:14,65.788,56.1,1.2,83.154
9/30/19 9:14,65.788,56.1,1.2,83.154
9/30/19 9:14,65.788,56.1,1.2,83.154
9/30/19 9:14,65.788,56.1,1.2,83.154
9/30/19 9:14,65.788,56.1,1.2,83.154
9/30/19 9:14,65.788,56.1,1.2,83.154
9/30/19 9:14,65.788,56.1,1.2,83.154
9/30/19 9:14,65.788,56.1,1.2,83.154
9/30/19 9:14,65.788,56.1,1.2,83.154
9/30/19 9:14,65.788,56.1,1.2,83.154
9/30/19 9:14,65.788,56.1,1.2,83.154
9/30/19 9:14,65.788,56.1,1.2,83.154
9/30/19 9:14,65.788,56.1,1.2,83.154
9/30/19 9:14,65.788,56.1,1.2,83.154
9/30/19 9:14,65.788,56.1,1.2,83.154
9/30/19 9:14,65.788,56.1,1.2,83.154
9/30/19 9:14,65.788,56.1,1.2,83.154
9/30/19 9:14,65.788,56.1,1.2,83.154
9/30/19 9:14,65.788,56.1,1.2,83.154
9/30/19 9:14,65.788,56.1,1.2,83.154
9/30/19 9:14,65.788,56.2,1.2,83.154
9/30/19 9:14,65.788,56.1,1.2,83.154
9/30/19 9:14,65.788,56.1,1.2,83.154
9/30/19 9:14,65.788,56.1,1.2,83.154
9/30/19 9:14,65.788,56.2,1.2,83.154
9/30/19 9:14,65.788,56.1,1.2,83.154
9/30/19 9:14,65.788,56.1,1.2,83.154
9/30/19 9:14,65.788,56.1,1.2,83.154
9/30/19 9:15,65.788,56.1,1.2,83.154
9/30/19 9:15,65.788,56.1,1.2,83.154
9/30/19 9:15,65.788,56.1,1.2,83.154
9/30/19 9:15,65.788,56.2,1.2,83.154
9/30/19 9:15,65.829,56.1,1.2,83.154
9/30/19 9:15,65.788,56.1,1.2,83.154
9/30/19 9:15,65.788,56.1,1.2,83.154
9/30/19 9:15,65.829,56.2,1.2,83.154
9/30/19 9:15,65.788,56.1,1.2,83.154
9/30/19 9:15,65.788,56.2,1.2,83.154
9/30/19 9:15,65.829,56.2,1.2,83.154
9/30/19 9:15,65.788,56.1,1.2,83.154
9/30/19 9:15,65.829,56.2,1.2,83.154
9/30/19 9:15,65.829,56.1,1.2,83.154
9/30/19 9:15,65.829,56.1,1.2,83.154
9/30/19 9:15,65.829,56.1,1.2,83.154
9/30/19 9:15,65.829,56.1,1.2,83.154
9/30/19 9:15,65.829,56.1,1.2,83.154
9/30/19 9:15,65.788,56.2,1.2,83.154
9/30/19 9:15,65.829,56.1,1.2,83.199
9/30/19 9:15,65.829,56.2,1.2,83.199
9/30/19 9:15,65.829,56.2,1.2,83.154
9/30/19 9:15,65.829,56.1,1.2,83.154
9/30/19 9:15,65.829,56.2,1.2,83.199
9/30/19 9:15,65.788,56.1,1.2,83.199
9/30/19 9:15,65.829,56.1,1.2,83.154
9/30/19 9:15,65.829,56.1,1.2,83.154
9/30/19 9:15,65.829,56.1,1.2,83.154
9/30/19 9:15,65.829,56.2,1.2,83.154
9/30/19 9:15,65.829,56.2,1.2,83.154
9/30/19 9:15,65.829,56.2,1.2,83.199
9/30/19 9:15,65.829,56.2,1.2,83.154
9/30/19 9:15,65.829,56.2,1.2,83.199
9/30/19 9:15,65.829,56.2,1.2,83.199
9/30/19 9:15,65.829,56.2,1.2,83.199
9/30/19 9:15,65.829,56.2,1.2,83.199
9/30/19 9:15,65.829,56.2,1.2,83.199
9/30/19 9:15,65.829,56.2,1.2,83.199
9/30/19 9:15,65.829,56.2,1.2,83.199
9/30/19 9:15,65.829,56.2,1.2,83.199
9/30/19 9:15,65.829,56.1,1.2,83.199
9/30/19 9:15,65.829,56.2,1.2,83.199
9/30/19 9:15,65.829,56.2,1.2,83.199
9/30/19 9:15,65.829,56.2,1.2,83.199
9/30/19 9:15,65.829,56.2,1.2,83.154
9/30/19 9:15,65.829,56.1,1.2,83.199
9/30/19 9:15,65.829,56.2,1.2,83.199
9/30/19 9:15,65.829,56.2,1.2,83.199
9/30/19 9:15,65.829,56.2,1.2,83.199
9/30/19 9:15,65.829,56.2,1.2,83.199
9/30/19 9:15,65.829,56.1,1.2,83.199
9/30/19 9:15,65.829,56.1,1.2,83.199
9/30/19 9:15,65.829,56.2,1.2,83.199
9/30/19 9:15,65.829,56.2,1.2,83.199
9/30/19 9:15,65.829,56.2,1.2,83.199
9/30/19 9:15,65.829,56.1,1.2,83.199
9/30/19 9:15,65.829,56.2,1.2,83.199
9/30/19 9:15,65.829,56.2,1.2,83.199
9/30/19 9:15,65.829,56.1,1.2,83.199
9/30/19 9:15,65.829,56.2,1.2,83.199
9/30/19 9:16,65.829,56.2,1.2,83.199
9/30/19 9:16,65.829,56.2,1.2,83.199
9/30/19 9:16,65.829,56.2,1.2,83.199
9/30/19 9:16,65.829,56.2,1.2,83.199
9/30/19 9:16,65.829,56.2,1.2,83.199
9/30/19 9:16,65.829,56.2,1.2,83.199
9/30/19 9:16,65.829,56.2,1.2,83.199
9/30/19 9:16,65.829,56.1,1.2,83.199
9/30/19 9:16,65.829,56.1,1.2,83.199
9/30/19 9:16,65.829,56.2,1.2,83.199
9/30/19 9:16,65.829,56.2,1.2,83.199
9/30/19 9:16,65.829,56.2,1.2,83.199
9/30/19 9:16,65.829,56.2,1.2,83.199
9/30/19 9:16,65.829,56.2,1.2,83.199
9/30/19 9:16,65.829,56.2,1.2,83.199
9/30/19 9:16,65.829,56.2,1.2,83.199
9/30/19 9:16,65.829,56.2,1.2,83.199
9/30/19 9:16,65.829,56.2,1.2,83.199
9/30/19 9:16,65.829,56.2,1.2,83.199
9/30/19 9:16,65.829,56.2,1.2,83.199
9/30/19 9:16,65.829,56.2,1.2,83.199
9/30/19 9:16,65.829,56.2,1.2,83.199
9/30/19 9:16,65.829,56.2,1.2,83.199
9/30/19 9:16,65.829,56.1,1.2,83.199
9/30/19 9:16,65.829,56.2,1.2,83.199
9/30/19 9:16,65.829,56.1,1.2,83.199
9/30/19 9:16,65.829,56.2,1.2,83.199
9/30/19 9:16,65.829,56.1,1.2,83.199
9/30/19 9:16,65.829,56.2,1.2,83.199
9/30/19 9:16,65.829,56.2,1.2,83.199
9/30/19 9:16,65.829,56.2,1.2,83.199
9/30/19 9:16,65.829,56.2,1.2,83.199
9/30/19 9:16,65.829,56.2,1.2,83.199
9/30/19 9:16,65.829,56.2,1.2,83.199
9/30/19 9:16,65.829,56.2,1.2,83.199
9/30/19 9:16,65.829,56.1,1.2,83.199
9/30/19 9:16,65.829,56.2,1.2,83.199
9/30/19 9:16,65.829,56.2,1.2,83.199
9/30/19 9:16,65.829,56.2,1.2,83.199
9/30/19 9:16,65.829,56.2,1.2,83.199
9/30/19 9:16,65.829,56.1,1.2,83.199
9/30/19 9:16,65.829,56.1,1.2,83.199
9/30/19 9:16,65.829,56.2,1.2,83.199
9/30/19 9:16,65.829,56.2,1.2,83.199
9/30/19 9:16,65.829,56.2,1.2,83.199
9/30/19 9:16,65.829,56.2,1.2,83.199
9/30/19 9:16,65.829,56.2,1.2,83.199
9/30/19 9:16,65.829,56.2,1.2,83.199
9/30/19 9:16,65.829,56.2,1.2,83.199
9/30/19 9:16,65.829,56.2,1.2,83.199
9/30/19 9:16,65.829,56.2,1.2,83.199
9/30/19 9:16,65.829,56.2,1.2,83.199
9/30/19 9:16,65.829,56.1,1.2,83.199
9/30/19 9:16,65.829,56.2,1.2,83.199
9/30/19 9:16,65.829,56.2,1.2,83.199
9/30/19 9:16,65.829,56.1,1.2,83.199
9/30/19 9:16,65.829,56.1,1.2,83.199
9/30/19 9:16,65.829,56.2,1.2,83.199
9/30/19 9:16,65.829,56.2,1.2,83.199
9/30/19 9:16,65.829,56.2,1.2,83.199
9/30/19 9:17,65.829,56.1,1.2,83.199
9/30/19 9:17,65.829,56.2,1.2,83.199
9/30/19 9:17,65.829,56.2,1.2,83.199
9/30/19 9:17,65.829,56.2,1.2,83.199
9/30/19 9:17,65.829,56.1,1.2,83.199
9/30/19 9:17,65.829,56.1,1.2,83.199
9/30/19 9:17,65.829,56.2,1.2,83.199
9/30/19 9:17,65.829,56.2,1.2,83.199
9/30/19 9:17,65.829,56.2,1.2,83.199
9/30/19 9:17,65.829,56.2,1.2,83.199
9/30/19 9:17,65.829,56.1,1.2,83.199
9/30/19 9:17,65.829,56.2,1.2,83.199
9/30/19 9:17,65.829,56.2,1.2,83.199
9/30/19 9:17,65.829,56.2,1.2,83.242
9/30/19 9:17,65.829,56.2,1.2,83.199
9/30/19 9:17,65.829,56.1,1.2,83.199
9/30/19 9:17,65.829,56.2,1.2,83.199
9/30/19 9:17,65.829,56.1,1.2,83.199
9/30/19 9:17,65.829,56.2,1.2,83.199
9/30/19 9:17,65.872,56.1,1.2,83.242
9/30/19 9:17,65.829,56.2,1.2,83.242
9/30/19 9:17,65.829,56.2,1.2,83.242
9/30/19 9:17,65.829,56.2,1.2,83.199
9/30/19 9:17,65.829,56.2,1.2,83.242
9/30/19 9:17,65.872,56.2,1.2,83.242
9/30/19 9:17,65.829,56.2,1.2,83.242
9/30/19 9:17,65.872,56.1,1.2,83.242
9/30/19 9:17,65.872,56.2,1.2,83.242
9/30/19 9:17,65.872,56.2,1.2,83.242
9/30/19 9:17,65.829,56.2,1.2,83.199
9/30/19 9:17,65.829,56.2,1.2,83.242
9/30/19 9:17,65.829,56.2,1.2,83.242
9/30/19 9:17,65.829,56.1,1.2,83.242
9/30/19 9:17,65.872,56.2,1.2,83.242
9/30/19 9:17,65.872,56.2,1.2,83.242
9/30/19 9:17,65.872,56.2,1.2,83.242
9/30/19 9:17,65.872,56.1,1.2,83.242
9/30/19 9:17,65.872,56.2,1.2,83.242
9/30/19 9:17,65.872,56.2,1.2,83.242
9/30/19 9:17,65.829,56.2,1.2,83.242
9/30/19 9:17,65.872,56.1,1.2,83.242
9/30/19 9:17,65.872,56.2,1.2,83.242
9/30/19 9:17,65.829,56.2,1.2,83.242
9/30/19 9:17,65.872,56.1,1.2,83.242
9/30/19 9:17,65.872,56.2,1.2,83.199
9/30/19 9:17,65.872,56.1,1.2,83.242
9/30/19 9:17,65.872,56.1,1.2,83.242
9/30/19 9:17,65.872,56.2,1.2,83.242
9/30/19 9:17,65.872,56.2,1.2,83.242
9/30/19 9:17,65.872,56.2,1.2,83.242
9/30/19 9:17,65.872,56.1,1.2,83.242
9/30/19 9:17,65.872,56.2,1.2,83.242
9/30/19 9:17,65.872,56.2,1.2,83.242
9/30/19 9:17,65.872,56.2,1.2,83.242
9/30/19 9:17,65.872,56.1,1.2,83.242
9/30/19 9:17,65.872,56.2,1.2,83.242
9/30/19 9:17,65.872,56.1,1.2,83.242
9/30/19 9:17,65.872,56.2,1.2,83.242
9/30/19 9:17,65.872,56.1,1.2,83.242
9/30/19 9:17,65.872,56.1,1.2,83.242
9/30/19 9:18,65.829,56.2,1.2,83.242
9/30/19 9:18,65.872,56.2,1.2,83.242
9/30/19 9:18,65.872,56.2,1.2,83.242
9/30/19 9:18,65.872,56.2,1.2,83.242
9/30/19 9:18,65.872,56.1,1.2,83.242
9/30/19 9:18,65.872,56.1,1.2,83.242
9/30/19 9:18,65.872,56.2,1.2,83.242
9/30/19 9:18,65.872,56.1,1.2,83.242
9/30/19 9:18,65.872,56.2,1.2,83.242
9/30/19 9:18,65.872,56.2,1.2,83.242
9/30/19 9:18,65.872,56.1,1.2,83.242
9/30/19 9:18,65.872,56.2,1.2,83.242
9/30/19 9:18,65.872,56.2,1.2,83.242
9/30/19 9:18,65.872,56.1,1.2,83.287
9/30/19 9:18,65.872,56.1,1.2,83.242
9/30/19 9:18,65.872,56.1,1.2,83.242
9/30/19 9:18,65.872,56.2,1.2,83.287
9/30/19 9:18,65.872,56.2,1.2,83.242
9/30/19 9:18,65.872,56.2,1.2,83.242
9/30/19 9:18,65.872,56.2,1.2,83.242
9/30/19 9:18,65.872,56.2,1.2,83.242
9/30/19 9:18,65.872,56.2,3.7,83.287
9/30/19 9:18,65.872,56.2,8.7,83.287
9/30/19 9:18,65.872,56.2,6.2,83.242
9/30/19 9:18,65.872,56.1,1.2,83.242
9/30/19 9:18,65.872,56.1,1.2,83.242
9/30/19 9:18,65.872,56.1,1.2,83.199
9/30/19 9:18,65.872,56.1,1.2,83.199
9/30/19 9:18,65.872,56.1,1.2,83.154
9/30/19 9:18,65.872,56,1.2,83.109
9/30/19 9:18,65.872,55.9,13.7,83.021
9/30/19 9:18,65.872,55.8,58.7,82.886
9/30/19 9:18,65.872,55.7,86.2,82.753
9/30/19 9:18,65.872,55.7,86.2,82.62
9/30/19 9:18,65.872,55.6,91.2,82.441
9/30/19 9:18,65.872,55.6,98.7,82.353
9/30/19 9:18,65.872,55.6,8.7,82.218
9/30/19 9:18,65.872,55.4,3.7,82.175
9/30/19 9:18,65.829,55.3,1.2,82.042
9/30/19 9:18,65.829,55.3,1.2,81.952
9/30/19 9:18,65.788,55.2,1.2,81.864
9/30/19 9:18,65.788,55.2,1.2,81.819
9/30/19 9:18,65.788,55.1,1.2,81.775
9/30/19 9:18,65.745,55.1,1.2,81.73
9/30/19 9:18,65.745,55.1,1.2,81.687
9/30/19 9:18,65.745,55,1.2,81.642
9/30/19 9:18,65.701,55,1.2,81.597
9/30/19 9:18,65.701,55,1.2,81.597
9/30/19 9:18,65.701,54.9,1.2,81.554
9/30/19 9:18,65.658,54.9,1.2,81.509
9/30/19 9:18,65.658,55,1.2,81.509
9/30/19 9:18,65.658,54.9,1.2,81.466
9/30/19 9:18,65.658,54.9,1.2,81.466
9/30/19 9:18,65.615,55,1.2,81.421
9/30/19 9:18,65.615,55,1.2,81.421
9/30/19 9:18,65.574,55,1.2,81.421
9/30/19 9:18,65.574,55,1.2,81.376
9/30/19 9:18,65.574,55,1.2,81.376
9/30/19 9:18,65.574,55,1.2,81.333
9/30/19 9:18,65.574,55,1.2,81.333
9/30/19 9:19,65.574,55,1.2,81.244
9/30/19 9:19,65.53,55,1.2,81.288
9/30/19 9:19,65.53,55,1.2,81.288
9/30/19 9:19,65.53,55,1.2,81.244
9/30/19 9:19,65.53,55,1.2,81.199
9/30/19 9:19,65.487,55,1.2,81.199
9/30/19 9:19,65.487,55,1.2,81.199
9/30/19 9:19,65.487,54.9,1.2,81.154
9/30/19 9:19,65.487,54.9,1.2,81.154
9/30/19 9:19,65.487,54.9,1.2,81.111
9/30/19 9:19,65.487,55,1.2,81.066
9/30/19 9:19,65.444,54.9,1.2,81.066
9/30/19 9:19,65.444,55,1.2,81.023
9/30/19 9:19,65.444,54.9,1.2,80.978
9/30/19 9:19,65.444,54.9,1.2,80.935
9/30/19 9:19,65.444,54.9,1.2,80.935
9/30/19 9:19,65.403,54.9,1.2,80.89
9/30/19 9:19,65.403,54.9,1.2,80.845
9/30/19 9:19,65.403,54.9,1.2,80.845
9/30/19 9:19,65.403,54.9,1.2,80.802
9/30/19 9:19,65.403,54.9,1.2,80.757
9/30/19 9:19,65.403,54.9,1.2,80.757
9/30/19 9:19,65.359,54.9,1.2,80.713
9/30/19 9:19,65.359,54.9,1.2,80.713
9/30/19 9:19,65.359,54.9,1.2,80.668
9/30/19 9:19,65.359,54.9,1.2,80.625
9/30/19 9:19,65.359,54.9,1.2,80.625
9/30/19 9:19,65.316,54.9,1.2,80.58
9/30/19 9:19,65.316,54.9,1.2,80.58
9/30/19 9:19,65.316,54.9,1.2,80.537
9/30/19 9:19,65.316,54.9,1.2,80.492
9/30/19 9:19,65.273,54.9,1.2,80.492
9/30/19 9:19,65.273,54.9,1.2,80.449
9/30/19 9:19,65.273,54.9,1.2,80.404
9/30/19 9:19,65.273,54.8,1.2,80.404
9/30/19 9:19,65.273,54.8,1.2,80.361
9/30/19 9:19,65.23,54.8,1.2,80.316
9/30/19 9:19,65.23,54.8,1.2,80.316
9/30/19 9:19,65.23,54.8,1.2,80.272
9/30/19 9:19,65.23,54.7,1.2,80.227
9/30/19 9:19,65.188,54.7,1.2,80.227
9/30/19 9:19,65.188,54.7,1.2,80.184
9/30/19 9:19,65.188,54.7,1.2,80.139
9/30/19 9:19,65.188,54.7,1.2,80.096
9/30/19 9:19,65.188,54.7,1.2,80.096
9/30/19 9:19,65.145,54.7,1.2,80.051
9/30/19 9:19,65.145,54.7,1.2,80.008
9/30/19 9:19,65.145,54.7,1.2,80.008
9/30/19 9:19,65.145,54.7,1.2,79.963
9/30/19 9:19,65.102,54.6,1.2,79.963
9/30/19 9:19,65.102,54.6,1.2,79.92
9/30/19 9:19,65.102,54.6,1.2,79.92
9/30/19 9:19,65.102,54.6,1.2,79.876
9/30/19 9:19,65.059,54.6,1.2,79.876
9/30/19 9:19,65.059,54.6,1.2,79.831
9/30/19 9:19,65.059,54.6,1.2,79.831
9/30/19 9:19,65.059,54.6,1.2,79.831
9/30/19 9:19,65.059,54.6,1.2,79.788
9/30/19 9:19,65.017,54.6,1.2,79.788
9/30/19 9:19,65.017,54.5,1.2,79.743
9/30/19 9:20,65.017,54.5,1.2,79.743
9/30/19 9:20,64.974,54.5,1.2,79.7
9/30/19 9:20,64.974,54.5,1.2,79.7
9/30/19 9:20,64.974,54.5,1.2,79.655
9/30/19 9:20,64.974,54.5,1.2,79.655
9/30/19 9:20,64.931,54.5,1.2,79.655
9/30/19 9:20,64.931,54.5,1.2,79.655
9/30/19 9:20,64.931,54.5,1.2,79.612
9/30/19 9:20,64.931,54.5,1.2,79.612
9/30/19 9:20,64.888,54.4,1.2,79.612
9/30/19 9:20,64.888,54.4,1.2,79.612
9/30/19 9:20,64.888,54.4,1.2,79.567
9/30/19 9:20,64.888,54.4,1.2,79.567
9/30/19 9:20,64.888,54.4,1.2,79.567
9/30/19 9:20,64.845,54.4,1.2,79.567
9/30/19 9:20,64.845,54.4,1.2,79.524
9/30/19 9:20,64.845,54.3,1.2,79.524
9/30/19 9:20,64.845,54.3,1.2,79.524
9/30/19 9:20,64.803,54.3,1.2,79.48
9/30/19 9:20,64.803,54.4,1.2,79.48
9/30/19 9:20,64.803,54.4,1.2,79.48
9/30/19 9:20,64.803,54.4,1.2,79.435
9/30/19 9:20,64.803,54.4,1.2,79.435
9/30/19 9:20,64.76,54.4,1.2,79.435
9/30/19 9:20,64.76,54.4,1.2,79.435
9/30/19 9:20,64.76,54.4,1.2,79.392
9/30/19 9:20,64.76,54.3,1.2,79.392
9/30/19 9:20,64.717,54.3,1.2,79.392
9/30/19 9:20,64.717,54.3,1.2,79.392
9/30/19 9:20,64.717,54.3,1.2,79.347
9/30/19 9:20,64.717,54.3,1.2,79.347
9/30/19 9:20,64.674,54.3,1.2,79.347
9/30/19 9:20,64.674,54.3,1.2,79.347
9/30/19 9:20,64.674,54.3,1.2,79.347
9/30/19 9:20,64.674,54.3,1.2,79.347
9/30/19 9:20,64.632,54.3,1.2,79.347
9/30/19 9:20,64.632,54.2,1.2,79.304
9/30/19 9:20,64.632,54.2,1.2,79.304
9/30/19 9:20,64.632,54.2,1.2,79.304
9/30/19 9:20,64.632,54.2,1.2,79.304
9/30/19 9:20,64.589,54.2,1.2,79.261
9/30/19 9:20,64.589,54.2,1.2,79.261
9/30/19 9:20,64.589,54.2,1.2,79.261
9/30/19 9:20,64.589,54.2,1.2,79.216
9/30/19 9:20,64.546,54.2,1.2,79.216
9/30/19 9:20,64.546,54.1,1.2,79.216
9/30/19 9:20,64.546,54.1,1.2,79.173
9/30/19 9:20,64.503,54.1,1.2,79.173
9/30/19 9:20,64.503,54.1,1.2,79.128
9/30/19 9:20,64.503,54.1,1.2,79.128
9/30/19 9:20,64.459,54.1,1.2,79.128
9/30/19 9:20,64.459,54.1,1.2,79.128
9/30/19 9:20,64.459,54,1.2,79.084
9/30/19 9:20,64.459,54,1.2,79.084
9/30/19 9:20,64.418,54,1.2,79.041
9/30/19 9:20,64.418,54,1.2,79.041
9/30/19 9:20,64.418,54,1.2,79.041
9/30/19 9:20,64.375,54,1.2,78.996
9/30/19 9:20,64.375,54,1.2,78.996
9/30/19 9:20,64.375,54,1.2,78.996
9/30/19 9:21,64.375,54,1.2,78.953
9/30/19 9:21,64.332,54,1.2,78.953
9/30/19 9:21,64.332,54,1.2,78.953
9/30/19 9:21,64.332,54,1.2,78.91
9/30/19 9:21,64.332,54,1.2,78.91
9/30/19 9:21,64.288,53.9,1.2,78.91
9/30/19 9:21,64.288,53.9,1.2,78.865
9/30/19 9:21,64.288,53.9,1.2,78.865
9/30/19 9:21,64.288,53.9,1.2,78.822
9/30/19 9:21,64.247,53.9,1.2,78.822
9/30/19 9:21,64.247,53.9,1.2,78.822
9/30/19 9:21,64.247,53.9,1.2,78.777
9/30/19 9:21,64.204,53.9,1.2,78.777
9/30/19 9:21,64.204,53.9,1.2,78.733
9/30/19 9:21,64.204,53.9,1.2,78.733
9/30/19 9:21,64.204,53.9,1.2,78.69
9/30/19 9:21,64.204,53.9,1.2,78.69
9/30/19 9:21,64.161,53.9,1.2,78.69
9/30/19 9:21,64.161,53.8,1.2,78.645
9/30/19 9:21,64.161,53.8,1.2,78.645
9/30/19 9:21,64.161,53.8,1.2,78.645
9/30/19 9:21,64.117,53.8,1.2,78.645
9/30/19 9:21,64.117,53.8,1.2,78.602
9/30/19 9:21,64.117,53.8,1.2,78.602
9/30/19 9:21,64.074,53.8,1.2,78.602
9/30/19 9:21,64.074,53.8,1.2,78.559
9/30/19 9:21,64.074,53.8,1.2,78.559
9/30/19 9:21,64.074,53.8,1.2,78.514
9/30/19 9:21,64.074,53.8,1.2,78.514
9/30/19 9:21,64.033,53.8,1.2,78.514
9/30/19 9:21,64.033,53.8,1.2,78.471
9/30/19 9:21,64.033,53.8,1.2,78.471
9/30/19 9:21,64.033,53.8,1.2,78.427
9/30/19 9:21,63.99,53.8,1.2,78.427
9/30/19 9:21,63.99,53.8,1.2,78.427
9/30/19 9:21,63.946,53.8,1.2,78.427
9/30/19 9:21,63.946,53.8,1.2,78.427
9/30/19 9:21,63.946,53.8,1.2,78.382
9/30/19 9:21,63.946,53.8,1.2,78.382
9/30/19 9:21,63.946,53.8,1.2,78.382
9/30/19 9:21,63.903,53.8,1.2,78.382
9/30/19 9:21,63.903,53.8,1.2,78.382
9/30/19 9:21,63.903,53.8,1.2,78.339
9/30/19 9:21,63.903,53.8,1.2,78.339
9/30/19 9:21,63.862,53.7,1.2,78.339
9/30/19 9:21,63.862,53.7,1.2,78.339
9/30/19 9:21,63.862,53.8,1.2,78.296
9/30/19 9:21,63.862,53.7,1.2,78.296
9/30/19 9:21,63.819,53.7,1.2,78.296
9/30/19 9:21,63.819,53.8,1.2,78.251
9/30/19 9:21,63.819,53.7,1.2,78.208
9/30/19 9:21,63.819,53.7,1.2,78.208
9/30/19 9:21,63.819,53.7,1.2,78.165
9/30/19 9:21,63.775,53.7,1.2,78.165
9/30/19 9:21,63.775,53.7,1.2,78.165
9/30/19 9:21,63.775,53.7,1.2,78.121
9/30/19 9:21,63.775,53.7,1.2,78.121
9/30/19 9:21,63.732,53.7,1.2,78.076
9/30/19 9:21,63.732,53.7,1.2,78.076
9/30/19 9:21,63.732,53.7,1.2,78.076
9/30/19 9:22,63.732,53.7,1.2,78.033
9/30/19 9:22,63.689,53.7,1.2,77.99
9/30/19 9:22,63.689,53.7,1.2,77.99
9/30/19 9:22,63.689,53.7,1.2,77.99
9/30/19 9:22,63.648,53.7,1.2,77.99
9/30/19 9:22,63.648,53.6,1.2,77.945
9/30/19 9:22,63.648,53.6,1.2,77.945
9/30/19 9:22,63.648,53.6,1.2,77.945
9/30/19 9:22,63.604,53.5,1.2,77.945
9/30/19 9:22,63.604,53.5,1.2,77.945
9/30/19 9:22,63.604,53.5,1.2,77.945
9/30/19 9:22,63.561,53.5,1.2,77.945
9/30/19 9:22,63.561,53.5,1.2,77.945
9/30/19 9:22,63.518,53.5,1.2,77.945
9/30/19 9:22,63.518,53.5,1.2,77.99
9/30/19 9:22,63.518,53.5,1.2,77.99
9/30/19 9:22,63.475,53.5,1.2,77.945
9/30/19 9:22,63.475,53.5,1.2,77.945
9/30/19 9:22,63.475,53.5,1.2,77.945
9/30/19 9:22,63.433,53.5,1.2,77.945
9/30/19 9:22,63.433,53.5,1.2,77.945
9/30/19 9:22,63.433,53.5,1.2,77.945
9/30/19 9:22,63.39,53.5,1.2,77.945
9/30/19 9:22,63.39,53.5,1.2,77.902
9/30/19 9:22,63.347,53.5,1.2,77.902
9/30/19 9:22,63.347,53.5,1.2,77.945
9/30/19 9:22,63.347,53.5,1.2,77.945
9/30/19 9:22,63.304,53.4,1.2,77.945
9/30/19 9:22,63.304,53.4,1.2,77.945
9/30/19 9:22,63.262,53.4,1.2,77.945
9/30/19 9:22,63.262,53.4,1.2,77.99
9/30/19 9:22,63.219,53.4,1.2,77.99
9/30/19 9:22,63.219,53.4,1.2,77.99
9/30/19 9:22,63.176,53.3,1.2,77.99
9/30/19 9:22,63.176,53.4,1.2,77.99
9/30/19 9:22,63.133,53.4,1.2,77.99
9/30/19 9:22,63.133,53.3,1.2,77.99
9/30/19 9:22,63.133,53.3,1.2,78.033
9/30/19 9:22,63.09,53.3,1.2,78.033
9/30/19 9:22,63.09,53.3,1.2,78.033
9/30/19 9:22,63.048,53.3,1.2,78.033
9/30/19 9:22,63.048,53.3,1.2,78.033
9/30/19 9:22,63.048,53.3,1.2,78.076
9/30/19 9:22,63.005,53.3,1.2,78.033
9/30/19 9:22,63.005,53.3,1.2,78.033
9/30/19 9:22,62.962,53.3,1.2,78.033
9/30/19 9:22,62.962,53.3,1.2,78.033
9/30/19 9:22,62.919,53.3,1.2,78.076
9/30/19 9:22,62.919,53.3,1.2,78.076
9/30/19 9:22,62.919,53.3,1.2,78.076
9/30/19 9:22,62.875,53.3,1.2,78.076
9/30/19 9:22,62.875,53.3,1.2,78.076
9/30/19 9:22,62.834,53.3,1.2,78.076
9/30/19 9:22,62.834,53.3,1.2,78.076
9/30/19 9:22,62.791,53.2,1.2,78.076
9/30/19 9:22,62.791,53.2,1.2,78.076
9/30/19 9:22,62.748,53.2,1.2,78.076
9/30/19 9:22,62.748,53.2,1.2,78.076
9/30/19 9:22,62.704,53.2,1.2,78.076
9/30/19 9:22,62.704,53.2,1.2,78.033
9/30/19 9:23,62.661,53.2,1.2,78.033
9/30/19 9:23,62.661,53.2,1.2,78.033
9/30/19 9:23,62.62,53.2,1.2,77.99
9/30/19 9:23,62.577,53.2,1.2,77.99
9/30/19 9:23,62.577,53.2,1.2,77.99
9/30/19 9:23,62.533,53.2,1.2,77.99
9/30/19 9:23,62.533,53.2,1.2,77.99
9/30/19 9:23,62.49,53.2,1.2,77.945
9/30/19 9:23,62.49,53.2,1.2,77.945
9/30/19 9:23,62.447,53.2,1.2,77.902
9/30/19 9:23,62.447,53.2,1.2,77.902
9/30/19 9:23,62.406,53.2,1.2,77.902
9/30/19 9:23,62.406,53.2,1.2,77.859
9/30/19 9:23,62.362,53.2,1.2,77.859
9/30/19 9:23,62.319,53.2,1.2,77.859
9/30/19 9:23,62.319,53.2,1.2,77.859
9/30/19 9:23,62.276,53.2,1.2,77.859
9/30/19 9:23,62.276,53.2,1.2,77.859
9/30/19 9:23,62.233,53.3,1.2,77.859
9/30/19 9:23,62.233,53.2,1.2,77.815
9/30/19 9:23,62.191,53.2,1.2,77.815
9/30/19 9:23,62.148,53.2,1.2,77.815
9/30/19 9:23,62.148,53.2,1.2,77.77
9/30/19 9:23,62.148,53.2,1.2,77.77
9/30/19 9:23,62.105,53.2,1.2,77.77
9/30/19 9:23,62.062,53.2,1.2,77.77
9/30/19 9:23,62.062,53.2,1.2,77.77
9/30/19 9:23,62.019,53.2,1.2,77.727
9/30/19 9:23,62.019,53.2,1.2,77.727
9/30/19 9:23,61.977,53.2,1.2,77.684
9/30/19 9:23,61.934,53.3,1.2,77.684
9/30/19 9:23,61.934,53.3,1.2,77.639
9/30/19 9:23,61.891,53.3,1.2,77.684
9/30/19 9:23,61.891,53.3,1.2,77.639
9/30/19 9:23,61.848,53.4,1.2,77.639
9/30/19 9:23,61.804,53.4,1.2,77.639
9/30/19 9:23,61.804,53.4,1.2,77.639
9/30/19 9:23,61.761,53.4,1.2,77.639
9/30/19 9:23,61.761,53.4,1.2,77.639
9/30/19 9:23,61.72,53.4,1.2,77.639
9/30/19 9:23,61.677,53.5,1.2,77.639
9/30/19 9:23,61.633,53.5,1.2,77.639
9/30/19 9:23,61.633,53.5,1.2,77.596
9/30/19 9:23,61.59,53.5,1.2,77.596
9/30/19 9:23,61.59,53.5,1.2,77.596
9/30/19 9:23,61.547,53.6,1.2,77.596
9/30/19 9:23,61.547,53.6,1.2,77.596
9/30/19 9:23,61.506,53.6,1.2,77.639
9/30/19 9:23,61.462,53.6,1.2,77.639
9/30/19 9:23,61.462,53.6,1.2,77.596
9/30/19 9:23,61.419,53.6,1.2,77.596
9/30/19 9:23,61.419,53.6,1.2,77.596
9/30/19 9:23,61.376,53.6,1.2,77.553
9/30/19 9:23,61.376,53.6,1.2,77.553
9/30/19 9:23,61.333,53.6,1.2,77.553
9/30/19 9:23,61.29,53.6,1.2,77.553
9/30/19 9:23,61.29,53.6,1.2,77.553
9/30/19 9:23,61.248,53.7,1.2,77.553
9/30/19 9:23,61.248,53.7,1.2,77.553
9/30/19 9:23,61.205,53.6,1.2,77.553
9/30/19 9:24,61.205,53.6,1.2,77.553
9/30/19 9:24,61.162,53.6,1.2,77.509
9/30/19 9:24,61.162,53.6,1.2,77.509
9/30/19 9:24,61.119,53.7,1.2,77.553
9/30/19 9:24,61.075,53.7,1.2,77.553
9/30/19 9:24,61.075,53.7,1.2,77.553
9/30/19 9:24,61.032,53.7,1.2,77.553
9/30/19 9:24,61.032,53.8,1.2,77.553
9/30/19 9:24,60.991,53.8,1.2,77.553
9/30/19 9:24,60.991,53.8,1.2,77.553
9/30/19 9:24,60.948,53.9,1.2,77.553
9/30/19 9:24,60.948,53.9,1.2,77.553
9/30/19 9:24,60.904,53.9,1.2,77.553
9/30/19 9:24,60.904,53.9,1.2,77.553
9/30/19 9:24,60.904,54,1.2,77.553
9/30/19 9:24,60.861,54,1.2,77.553
9/30/19 9:24,60.861,54,1.2,77.553
9/30/19 9:24,60.818,54.1,1.2,77.553
9/30/19 9:24,60.818,54.1,1.2,77.553
9/30/19 9:24,60.775,54,1.2,77.553
9/30/19 9:24,60.775,54.1,1.2,77.553
9/30/19 9:24,60.733,54.1,1.2,77.553
9/30/19 9:24,60.733,54.2,1.2,77.553
9/30/19 9:24,60.69,54.2,1.2,77.553
9/30/19 9:24,60.69,54.3,1.2,77.553
9/30/19 9:24,60.69,54.3,1.2,77.553
9/30/19 9:24,60.647,54.3,1.2,77.509
9/30/19 9:24,60.647,54.4,1.2,77.509
9/30/19 9:24,60.604,54.4,1.2,77.509
9/30/19 9:24,60.604,54.4,1.2,77.509
9/30/19 9:24,60.604,54.5,1.2,77.509
9/30/19 9:24,60.561,54.5,1.2,77.509
9/30/19 9:24,60.561,54.6,1.2,77.509
9/30/19 9:24,60.561,54.6,1.2,77.509
9/30/19 9:24,60.517,54.7,1.2,77.509
9/30/19 9:24,60.517,54.7,1.2,77.509
9/30/19 9:24,60.517,54.6,1.2,77.509
9/30/19 9:24,60.474,54.7,1.2,77.464
9/30/19 9:24,60.474,54.7,1.2,77.464
9/30/19 9:24,60.433,54.8,1.2,77.464
9/30/19 9:24,60.433,54.7,1.2,77.464
9/30/19 9:24,60.433,54.7,1.2,77.464
9/30/19 9:24,60.39,54.7,1.2,77.464
9/30/19 9:24,60.39,54.8,1.2,77.464
9/30/19 9:24,60.39,54.8,1.2,77.464
9/30/19 9:24,60.346,54.8,1.2,77.464
9/30/19 9:24,60.346,54.8,1.2,77.464
9/30/19 9:24,60.346,54.9,1.2,77.464
9/30/19 9:24,60.303,54.9,1.2,77.509
9/30/19 9:24,60.303,54.9,1.2,77.509
9/30/19 9:24,60.26,54.9,1.2,77.509
9/30/19 9:24,60.26,54.9,1.2,77.509
9/30/19 9:24,60.26,54.9,1.2,77.509
9/30/19 9:24,60.26,55,1.2,77.553
9/30/19 9:24,60.217,55,1.2,77.553
9/30/19 9:24,60.217,55,1.2,77.553
9/30/19 9:24,60.217,55,1.2,77.553
9/30/19 9:24,60.174,55,1.2,77.553
9/30/19 9:24,60.174,55,1.2,77.553
9/30/19 9:24,60.174,55.1,1.2,77.509
9/30/19 9:25,60.174,55.1,1.2,77.509
9/30/19 9:25,60.132,55.1,1.2,77.509
9/30/19 9:25,60.132,55.1,1.2,77.509
9/30/19 9:25,60.132,55.1,1.2,77.509
9/30/19 9:25,60.132,55.1,1.2,77.509
9/30/19 9:25,60.089,55.1,1.2,77.509
9/30/19 9:25,60.089,55.2,1.2,77.509
9/30/19 9:25,60.089,55.1,1.2,77.509
9/30/19 9:25,60.089,55.1,1.2,77.509
9/30/19 9:25,60.046,55.1,1.2,77.509
9/30/19 9:25,60.046,55.1,1.2,77.509
9/30/19 9:25,60.046,55.1,1.2,77.464
9/30/19 9:25,60.046,55.2,1.2,77.464
9/30/19 9:25,60.003,55.2,1.2,77.421
9/30/19 9:25,60.003,55.2,1.2,77.421
9/30/19 9:25,60.003,55.2,1.2,77.421
9/30/19 9:25,59.959,55.2,1.2,77.421
9/30/19 9:25,59.959,55.2,1.2,77.378
9/30/19 9:25,59.959,55.2,1.2,77.378
9/30/19 9:25,59.959,55.2,1.2,77.378
9/30/19 9:25,59.916,55.2,1.2,77.378
9/30/19 9:25,59.916,55.3,1.2,77.421
9/30/19 9:25,59.916,55.3,1.2,77.421
9/30/19 9:25,59.916,55.3,1.2,77.421
9/30/19 9:25,59.873,55.3,1.2,77.421
9/30/19 9:25,59.873,55.3,1.2,77.421
9/30/19 9:25,59.873,55.3,1.2,77.421
9/30/19 9:25,59.873,55.4,1.2,77.421
9/30/19 9:25,59.873,55.4,1.2,77.421
9/30/19 9:25,59.83,55.4,1.2,77.421
9/30/19 9:25,59.83,55.4,1.2,77.421
9/30/19 9:25,59.83,55.4,1.2,77.421
9/30/19 9:25,59.83,55.4,1.2,77.421
9/30/19 9:25,59.83,55.4,1.2,77.421
9/30/19 9:25,59.83,55.4,1.2,77.421
9/30/19 9:25,59.788,55.5,1.2,77.421
9/30/19 9:25,59.788,55.5,1.2,77.421
9/30/19 9:25,59.788,55.5,1.2,77.421
9/30/19 9:25,59.788,55.5,1.2,77.421
9/30/19 9:25,59.788,55.5,1.2,77.464
9/30/19 9:25,59.788,55.5,1.2,77.464
9/30/19 9:25,59.745,55.6,1.2,77.464
9/30/19 9:25,59.745,55.6,1.2,77.464
9/30/19 9:25,59.745,55.6,1.2,77.421
9/30/19 9:25,59.745,55.6,1.2,77.421
9/30/19 9:25,59.745,55.6,1.2,77.421
9/30/19 9:25,59.745,55.7,1.2,77.421
9/30/19 9:25,59.745,55.7,1.2,77.421
9/30/19 9:25,59.702,55.7,1.2,77.421
9/30/19 9:25,59.702,55.7,1.2,77.421
9/30/19 9:25,59.702,55.7,1.2,77.421
9/30/19 9:25,59.702,55.7,1.2,77.421
9/30/19 9:25,59.702,55.7,1.2,77.421
9/30/19 9:25,59.702,55.7,1.2,77.421
9/30/19 9:25,59.659,55.7,1.2,77.421
9/30/19 9:25,59.659,55.6,1.2,77.421
9/30/19 9:25,59.659,55.6,1.2,77.421
9/30/19 9:25,59.659,55.7,1.2,77.421
9/30/19 9:25,59.659,55.7,1.2,77.421
9/30/19 9:25,59.659,55.7,1.2,77.421
9/30/19 9:26,59.659,55.7,1.2,77.421
9/30/19 9:26,59.659,55.7,1.2,77.421
9/30/19 9:26,59.616,55.7,1.2,77.421
9/30/19 9:26,59.616,55.8,1.2,77.421
9/30/19 9:26,59.616,55.8,1.2,77.421
9/30/19 9:26,59.616,55.8,1.2,77.421
9/30/19 9:26,59.616,55.8,1.2,77.421
9/30/19 9:26,59.616,55.9,1.2,77.421
9/30/19 9:26,59.572,55.9,1.2,77.421
9/30/19 9:26,59.572,55.9,1.2,77.421
9/30/19 9:26,59.572,55.9,1.2,77.421
9/30/19 9:26,59.572,55.9,1.2,77.421
9/30/19 9:26,59.572,55.9,1.2,77.421
9/30/19 9:26,59.572,56,1.2,77.421
9/30/19 9:26,59.572,56,1.2,77.421
9/30/19 9:26,59.572,56,1.2,77.421
9/30/19 9:26,59.529,56.1,1.2,77.421
9/30/19 9:26,59.529,56.1,1.2,77.464
9/30/19 9:26,59.529,56.1,1.2,77.464
9/30/19 9:26,59.529,56.2,1.2,77.464
9/30/19 9:26,59.529,56.1,1.2,77.509
9/30/19 9:26,59.529,56.1,1.2,77.509
9/30/19 9:26,59.529,56.2,1.2,77.509
9/30/19 9:26,59.486,56.2,1.2,77.509
9/30/19 9:26,59.486,56.2,1.2,77.509
9/30/19 9:26,59.486,56.2,1.2,77.509
9/30/19 9:26,59.486,56.3,1.2,77.509
9/30/19 9:26,59.486,56.3,1.2,77.509
9/30/19 9:26,59.486,56.3,1.2,77.509
9/30/19 9:26,59.445,56.3,1.2,77.509
9/30/19 9:26,59.445,56.4,1.2,77.553
9/30/19 9:26,59.445,56.4,1.2,77.553
9/30/19 9:26,59.445,56.5,1.2,77.553
9/30/19 9:26,59.445,56.5,1.2,77.553
9/30/19 9:26,59.445,56.5,1.2,77.553
9/30/19 9:26,59.445,56.5,1.2,77.553
9/30/19 9:26,59.401,56.6,1.2,77.596
9/30/19 9:26,59.401,56.6,1.2,77.596
9/30/19 9:26,59.401,56.6,1.2,77.596
9/30/19 9:26,59.401,56.6,1.2,77.639
9/30/19 9:26,59.401,56.7,1.2,77.639
9/30/19 9:26,59.358,56.7,1.2,77.596
9/30/19 9:26,59.358,56.7,1.2,77.596
9/30/19 9:26,59.358,56.7,1.2,77.596
9/30/19 9:26,59.358,56.7,1.2,77.596
9/30/19 9:26,59.358,56.7,1.2,77.596
9/30/19 9:26,59.358,56.7,1.2,77.596
9/30/19 9:26,59.315,56.7,1.2,77.596
9/30/19 9:26,59.315,56.7,1.2,77.596
9/30/19 9:26,59.315,56.7,1.2,77.596
9/30/19 9:26,59.315,56.7,1.2,77.596
9/30/19 9:26,59.315,56.7,1.2,77.639
9/30/19 9:26,59.315,56.7,1.2,77.639
9/30/19 9:26,59.272,56.8,1.2,77.639
9/30/19 9:26,59.272,56.8,1.2,77.596
9/30/19 9:26,59.272,56.8,1.2,77.596
9/30/19 9:26,59.272,56.8,1.2,77.596
9/30/19 9:26,59.272,56.8,1.2,77.553
9/30/19 9:26,59.229,56.8,1.2,77.596
9/30/19 9:26,59.229,56.8,1.2,77.596
9/30/19 9:27,59.229,56.8,1.2,77.596
9/30/19 9:27,59.229,56.9,1.2,77.596
9/30/19 9:27,59.185,56.9,1.2,77.553
9/30/19 9:27,59.229,56.9,1.2,77.553
9/30/19 9:27,59.185,56.9,1.2,77.553
9/30/19 9:27,59.185,56.9,1.2,77.596
9/30/19 9:27,59.185,56.9,1.2,77.596
9/30/19 9:27,59.185,56.9,1.2,77.596
9/30/19 9:27,59.142,56.9,1.2,77.596
9/30/19 9:27,59.142,56.9,1.2,77.596
9/30/19 9:27,59.142,56.9,1.2,77.596
9/30/19 9:27,59.142,57,1.2,77.596
9/30/19 9:27,59.142,57,1.2,77.596
9/30/19 9:27,59.142,57,1.2,77.596
9/30/19 9:27,59.142,57,1.2,77.596
9/30/19 9:27,59.099,57,1.2,77.596
9/30/19 9:27,59.099,57.1,1.2,77.553
9/30/19 9:27,59.099,57.1,1.2,77.553
9/30/19 9:27,59.099,57.1,1.2,77.553
9/30/19 9:27,59.056,57.1,1.2,77.553
9/30/19 9:27,59.056,57.1,1.2,77.553
9/30/19 9:27,59.056,57.1,1.2,77.553
9/30/19 9:27,59.056,57.2,1.2,77.553
9/30/19 9:27,59.056,57.1,1.2,77.553
9/30/19 9:27,59.056,57.1,1.2,77.553
9/30/19 9:27,59.014,57.1,1.2,77.553
9/30/19 9:27,59.014,57.1,1.2,77.553
9/30/19 9:27,59.014,57.1,1.2,77.553
9/30/19 9:27,59.014,57.1,1.2,77.553
9/30/19 9:27,59.014,57.1,1.2,77.553
9/30/19 9:27,59.014,57.1,1.2,77.553
9/30/19 9:27,58.971,57.2,1.2,77.553
9/30/19 9:27,58.971,57.2,1.2,77.553
9/30/19 9:27,58.971,57.1,1.2,77.509
9/30/19 9:27,58.971,57.1,1.2,77.509
9/30/19 9:27,58.971,57.1,1.2,77.509
9/30/19 9:27,58.971,57.1,1.2,77.509
9/30/19 9:27,58.971,57.1,1.2,77.509
9/30/19 9:27,58.971,57.2,1.2,77.509
9/30/19 9:27,58.928,57.2,1.2,77.509
9/30/19 9:27,58.928,57.2,1.2,77.464
9/30/19 9:27,58.928,57.2,1.2,77.464
9/30/19 9:27,58.928,57.3,1.2,77.464
9/30/19 9:27,58.928,57.3,1.2,77.421
9/30/19 9:27,58.928,57.3,1.2,77.421
9/30/19 9:27,58.885,57.3,1.2,77.421
9/30/19 9:27,58.885,57.3,1.2,77.464
9/30/19 9:27,58.885,57.3,1.2,77.464
9/30/19 9:27,58.885,57.4,1.2,77.464
9/30/19 9:27,58.885,57.4,1.2,77.509
9/30/19 9:27,58.885,57.4,1.2,77.509
9/30/19 9:27,58.842,57.4,1.2,77.509
9/30/19 9:27,58.842,57.4,1.2,77.509
9/30/19 9:27,58.842,57.4,1.2,77.509
9/30/19 9:27,58.842,57.5,1.2,77.509
9/30/19 9:27,58.842,57.5,1.2,77.509
9/30/19 9:27,58.842,57.5,1.2,77.509
9/30/19 9:27,58.842,57.5,1.2,77.509
9/30/19 9:27,58.798,57.5,1.2,77.509
9/30/19 9:27,58.798,57.6,1.2,77.509
9/30/19 9:28,58.798,57.6,1.2,77.509
9/30/19 9:28,58.798,57.6,1.2,77.509
9/30/19 9:28,58.798,57.6,1.2,77.509
9/30/19 9:28,58.798,57.6,1.2,77.509
9/30/19 9:28,58.755,57.6,1.2,77.509
9/30/19 9:28,58.755,57.6,1.2,77.464
9/30/19 9:28,58.755,57.6,1.2,77.464
9/30/19 9:28,58.755,57.6,1.2,77.509
9/30/19 9:28,58.755,57.6,1.2,77.509
9/30/19 9:28,58.755,57.6,1.2,77.509
9/30/19 9:28,58.755,57.6,1.2,77.509
9/30/19 9:28,58.712,57.7,1.2,77.553
9/30/19 9:28,58.712,57.7,1.2,77.553
9/30/19 9:28,58.712,57.7,1.2,77.553
9/30/19 9:28,58.712,57.7,1.2,77.553
9/30/19 9:28,58.712,57.7,1.2,77.596
9/30/19 9:28,58.712,57.7,1.2,77.596
9/30/19 9:28,58.669,57.7,1.2,77.596
9/30/19 9:28,58.669,57.7,1.2,77.596
9/30/19 9:28,58.669,57.7,1.2,77.639
9/30/19 9:28,58.669,57.7,1.2,77.639
9/30/19 9:28,58.669,57.7,1.2,77.639
9/30/19 9:28,58.669,57.6,1.2,77.639
9/30/19 9:28,58.669,57.6,1.2,77.639
9/30/19 9:28,58.669,57.6,1.2,77.639
9/30/19 9:28,58.669,57.7,1.2,77.639
9/30/19 9:28,58.669,57.7,1.2,77.639
9/30/19 9:28,58.626,57.7,1.2,77.639
9/30/19 9:28,58.626,57.7,1.2,77.684
9/30/19 9:28,58.626,57.7,1.2,77.684
9/30/19 9:28,58.626,57.7,1.2,77.727
9/30/19 9:28,58.626,57.8,1.2,77.727
9/30/19 9:28,58.626,57.8,1.2,77.727
9/30/19 9:28,58.626,57.8,1.2,77.727
9/30/19 9:28,58.626,57.9,1.2,77.77
9/30/19 9:28,58.626,57.9,1.2,77.77
9/30/19 9:28,58.626,57.9,1.2,77.77
9/30/19 9:28,58.626,58,1.2,77.77
9/30/19 9:28,58.626,57.9,1.2,77.77
9/30/19 9:28,58.626,58,1.2,77.77
9/30/19 9:28,58.582,58,1.2,77.77
9/30/19 9:28,58.626,58,1.2,77.77
9/30/19 9:28,58.582,58.1,1.2,77.77
9/30/19 9:28,58.582,58.1,1.2,77.815
9/30/19 9:28,58.582,58.1,1.2,77.815
9/30/19 9:28,58.582,58.1,1.2,77.815
9/30/19 9:28,58.582,58.1,1.2,77.815
9/30/19 9:28,58.582,58.1,1.2,77.815
9/30/19 9:28,58.582,58.1,1.2,77.77
9/30/19 9:28,58.582,58.1,1.2,77.77
9/30/19 9:28,58.582,58.2,1.2,77.77
9/30/19 9:28,58.582,58.2,1.2,77.77
9/30/19 9:28,58.582,58.2,1.2,77.77
9/30/19 9:28,58.582,58.2,1.2,77.77
9/30/19 9:28,58.582,58.2,1.2,77.815
9/30/19 9:28,58.582,58.2,1.2,77.77
9/30/19 9:28,58.582,58.2,1.2,77.77
9/30/19 9:28,58.582,58.2,1.2,77.77
9/30/19 9:28,58.541,58.2,1.2,77.77
9/30/19 9:28,58.582,58.2,1.2,77.77
9/30/19 9:29,58.541,58.2,1.2,77.77
9/30/19 9:29,58.541,58.2,1.2,77.77
9/30/19 9:29,58.541,58.2,1.2,77.77
9/30/19 9:29,58.541,58.2,1.2,77.77
9/30/19 9:29,58.541,58.3,1.2,77.77
9/30/19 9:29,58.541,58.2,1.2,77.77
9/30/19 9:29,58.541,58.3,1.2,77.77
9/30/19 9:29,58.541,58.3,1.2,77.77
9/30/19 9:29,58.541,58.3,1.2,77.77
9/30/19 9:29,58.541,58.3,1.2,77.77
9/30/19 9:29,58.541,58.3,1.2,77.77
9/30/19 9:29,58.541,58.3,1.2,77.77
9/30/19 9:29,58.541,58.2,1.2,77.77
9/30/19 9:29,58.541,58.2,1.2,77.77
9/30/19 9:29,58.541,58.2,1.2,77.815
9/30/19 9:29,58.541,58.2,1.2,77.815
9/30/19 9:29,58.541,58.2,1.2,77.815
9/30/19 9:29,58.541,58.2,1.2,77.815
9/30/19 9:29,58.541,58.2,1.2,77.859
9/30/19 9:29,58.541,58.2,1.2,77.859
9/30/19 9:29,58.541,58.2,1.2,77.859
9/30/19 9:29,58.541,58.2,1.2,77.902
9/30/19 9:29,58.541,58.2,1.2,77.902
9/30/19 9:29,58.498,58.3,1.2,77.902
9/30/19 9:29,58.541,58.3,1.2,77.902
9/30/19 9:29,58.541,58.3,1.2,77.945
9/30/19 9:29,58.541,58.3,1.2,77.945
9/30/19 9:29,58.541,58.3,1.2,77.99
9/30/19 9:29,58.541,58.3,1.2,77.99
9/30/19 9:29,58.541,58.3,1.2,78.033
9/30/19 9:29,58.541,58.3,1.2,78.033
9/30/19 9:29,58.498,58.3,1.2,78.076
9/30/19 9:29,58.541,58.3,1.2,78.076
9/30/19 9:29,58.541,58.3,1.2,78.076
9/30/19 9:29,58.498,58.3,1.2,78.121
9/30/19 9:29,58.541,58.3,1.2,78.121
9/30/19 9:29,58.541,58.4,1.2,78.165
9/30/19 9:29,58.541,58.4,1.2,78.165
9/30/19 9:29,58.541,58.4,1.2,78.165
9/30/19 9:29,58.541,58.4,1.2,78.208
9/30/19 9:29,58.541,58.4,1.2,78.208
9/30/19 9:29,58.541,58.4,1.2,78.251
9/30/19 9:29,58.541,58.4,1.2,78.251
9/30/19 9:29,58.541,58.4,1.2,78.296
9/30/19 9:29,58.541,58.4,1.2,78.296
9/30/19 9:29,58.541,58.4,1.2,78.339
9/30/19 9:29,58.541,58.4,1.2,78.339
9/30/19 9:29,58.541,58.5,1.2,78.382
9/30/19 9:29,58.541,58.5,1.2,78.382
9/30/19 9:29,58.541,58.5,1.2,78.427
9/30/19 9:29,58.541,58.5,1.2,78.427
9/30/19 9:29,58.541,58.5,1.2,78.427
9/30/19 9:29,58.541,58.5,1.2,78.471
9/30/19 9:29,58.541,58.5,1.2,78.471
9/30/19 9:29,58.541,58.5,1.2,78.514
9/30/19 9:29,58.541,58.6,1.2,78.514
9/30/19 9:29,58.541,58.6,1.2,78.514
9/30/19 9:29,58.541,58.6,1.2,78.514
9/30/19 9:29,58.541,58.6,1.2,78.559
9/30/19 9:29,58.541,58.6,1.2,78.559
9/30/19 9:30,58.541,58.6,1.2,78.602
9/30/19 9:30,58.541,58.6,1.2,78.602
9/30/19 9:30,58.541,58.6,1.2,78.602
9/30/19 9:30,58.541,58.6,1.2,78.602
9/30/19 9:30,58.541,58.6,1.2,78.645
9/30/19 9:30,58.541,58.6,1.2,78.645
9/30/19 9:30,58.541,58.6,1.2,78.645
9/30/19 9:30,58.541,58.6,1.2,78.69
9/30/19 9:30,58.541,58.6,1.2,78.69
9/30/19 9:30,58.541,58.7,1.2,78.733
9/30/19 9:30,58.541,58.7,1.2,78.733
9/30/19 9:30,58.541,58.6,1.2,78.777
9/30/19 9:30,58.541,58.7,1.2,78.777
9/30/19 9:30,58.541,58.7,1.2,78.822
9/30/19 9:30,58.541,58.7,1.2,78.822
9/30/19 9:30,58.541,58.7,1.2,78.822
9/30/19 9:30,58.541,58.7,1.2,78.865
9/30/19 9:30,58.541,58.7,1.2,78.865
9/30/19 9:30,58.541,58.7,1.2,78.865
9/30/19 9:30,58.541,58.7,1.2,78.91
9/30/19 9:30,58.541,58.7,1.2,78.91
9/30/19 9:30,58.541,58.7,1.2,78.91
9/30/19 9:30,58.541,58.7,1.2,78.91
9/30/19 9:30,58.541,58.7,1.2,78.953
9/30/19 9:30,58.541,58.7,1.2,78.953
9/30/19 9:30,58.541,58.7,1.2,78.996
9/30/19 9:30,58.498,58.7,1.2,78.996
9/30/19 9:30,58.541,58.7,1.2,79.041
9/30/19 9:30,58.541,58.8,1.2,79.041
9/30/19 9:30,58.498,58.7,1.2,79.084
9/30/19 9:30,58.541,58.8,1.2,79.084
9/30/19 9:30,58.498,58.8,1.2,79.128
9/30/19 9:30,58.541,58.8,1.2,79.128
9/30/19 9:30,58.541,58.8,1.2,79.173
9/30/19 9:30,58.541,58.8,1.2,79.173
9/30/19 9:30,58.541,58.7,1.2,79.173
9/30/19 9:30,58.541,58.7,1.2,79.216
9/30/19 9:30,58.541,58.7,1.2,79.216
9/30/19 9:30,58.541,58.7,1.2,79.216
9/30/19 9:30,58.541,58.7,1.2,79.216
9/30/19 9:30,58.541,58.8,1.2,79.261
9/30/19 9:30,58.541,58.8,1.2,79.261
9/30/19 9:30,58.541,58.8,1.2,79.304
9/30/19 9:30,58.541,58.8,1.2,79.304
9/30/19 9:30,58.541,58.8,1.2,79.304
9/30/19 9:30,58.541,58.8,1.2,79.347
9/30/19 9:30,58.541,58.8,1.2,79.347
9/30/19 9:30,58.541,58.8,1.2,79.392
9/30/19 9:30,58.541,58.8,1.2,79.435
9/30/19 9:30,58.582,58.8,1.2,79.435
9/30/19 9:30,58.582,58.8,1.2,79.48
9/30/19 9:30,58.582,58.8,1.2,79.524
9/30/19 9:30,58.582,58.8,1.2,79.524
9/30/19 9:30,58.582,58.8,1.2,79.567
9/30/19 9:30,58.582,58.9,1.2,79.612
9/30/19 9:30,58.582,58.9,1.2,79.612
9/30/19 9:30,58.582,58.9,1.2,79.655
9/30/19 9:30,58.626,58.9,1.2,79.655
9/30/19 9:30,58.626,58.9,1.2,79.7
9/30/19 9:30,58.626,58.9,1.2,79.7
9/30/19 9:31,58.626,58.9,1.2,79.743
9/30/19 9:31,58.626,58.9,1.2,79.743
9/30/19 9:31,58.626,58.9,1.2,79.788
9/30/19 9:31,58.669,58.9,1.2,79.788
9/30/19 9:31,58.669,59,1.2,79.831
9/30/19 9:31,58.669,59,1.2,79.831
9/30/19 9:31,58.669,59,1.2,79.876
9/30/19 9:31,58.669,59,1.2,79.92
9/30/19 9:31,58.669,59,1.2,79.92
9/30/19 9:31,58.712,59,1.2,79.963
9/30/19 9:31,58.712,59,1.2,80.008
9/30/19 9:31,58.712,59,1.2,80.008
9/30/19 9:31,58.712,59,1.2,80.008
9/30/19 9:31,58.712,59,1.2,80.008
9/30/19 9:31,58.755,59,1.2,80.008
9/30/19 9:31,58.755,59,1.2,80.008
9/30/19 9:31,58.755,59,1.2,80.008
9/30/19 9:31,58.755,59,1.2,80.008
9/30/19 9:31,58.798,59,1.2,80.008
9/30/19 9:31,58.798,59,1.2,79.963
9/30/19 9:31,58.798,59,1.2,79.963
9/30/19 9:31,58.798,59.1,1.2,79.963
9/30/19 9:31,58.798,59.1,1.2,79.963
9/30/19 9:31,58.842,59.2,1.2,79.963
9/30/19 9:31,58.842,59.1,1.2,79.963
9/30/19 9:31,58.842,59.1,1.2,79.963
9/30/19 9:31,58.842,59.1,1.2,79.963
9/30/19 9:31,58.885,59.1,1.2,79.963
9/30/19 9:31,58.885,59.3,1.2,79.963
9/30/19 9:31,58.885,59.2,1.2,79.963
9/30/19 9:31,58.885,59.3,41.2,79.963
9/30/19 9:31,58.885,59.2,103.7,79.261
9/30/19 9:31,58.928,59.3,913.7,79.92
9/30/19 9:31,58.928,59.2,848.7,79.963
9/30/19 9:31,58.928,59.2,161.2,80.008
9/30/19 9:31,58.928,59.3,166.2,80.051
9/30/19 9:31,58.971,59.3,513.7,80.096
9/30/19 9:31,58.971,59.3,1276.2,80.184
9/30/19 9:31,58.971,59.3,1538.7,80.272
9/30/19 9:31,58.971,59.3,1683.7,80.316
9/30/19 9:31,58.971,59.4,196.2,80.361
9/30/19 9:31,58.971,59.4,888.7,80.449
9/30/19 9:31,58.971,59.4,718.7,80.449
9/30/19 9:31,59.014,59.4,968.7,80.492
9/30/19 9:31,59.014,59.4,841.2,80.492
9/30/19 9:31,59.014,59.5,546.2,80.492
9/30/19 9:31,59.014,59.5,623.7,80.537
9/30/19 9:31,59.014,59.5,871.2,80.625
9/30/19 9:31,59.014,59.5,488.7,80.58
9/30/19 9:31,59.056,59.5,698.7,80.449
9/30/19 9:31,59.056,59.5,1191.2,80.492
9/30/19 9:31,59.056,59.5,856.2,80.449
9/30/19 9:31,59.056,59.5,856.2,80.361
9/30/19 9:31,59.056,59.5,876.2,80.316
9/30/19 9:31,59.056,59.5,911.2,80.272
9/30/19 9:31,59.056,59.5,948.7,80.227
9/30/19 9:31,59.056,59.5,943.7,80.139
9/30/19 9:31,59.056,59.5,941.2,80.096
9/30/19 9:31,59.056,59.5,1101.2,80.051
9/30/19 9:31,59.099,59.5,1371.2,80.051
9/30/19 9:32,59.099,59.5,733.7,80.008
9/30/19 9:32,59.099,59.5,741.2,79.963
9/30/19 9:32,59.099,59.5,628.7,79.963
9/30/19 9:32,59.099,59.5,813.7,80.008
9/30/19 9:32,59.099,59.5,921.2,80.051
9/30/19 9:32,59.099,59.6,831.2,80.139
9/30/19 9:32,59.099,59.6,851.2,80.184
9/30/19 9:32,59.099,59.6,851.2,80.272
9/30/19 9:32,59.099,59.7,851.2,80.316
9/30/19 9:32,59.099,59.7,853.7,80.361
9/30/19 9:32,59.099,59.7,851.2,80.404
9/30/19 9:32,59.099,59.8,851.2,80.449
9/30/19 9:32,59.099,59.8,851.2,80.449
9/30/19 9:32,59.142,59.8,851.2,80.449
9/30/19 9:32,59.142,59.7,851.2,80.492
9/30/19 9:32,59.142,59.8,851.2,80.58
9/30/19 9:32,59.142,59.8,853.7,80.58
9/30/19 9:32,59.142,59.8,853.7,80.537
9/30/19 9:32,59.142,59.9,851.2,80.492
9/30/19 9:32,59.142,59.9,851.2,80.449
9/30/19 9:32,59.099,59.9,851.2,80.404
9/30/19 9:32,59.099,59.9,856.2,80.361
9/30/19 9:32,59.099,60,853.7,80.361
9/30/19 9:32,59.099,60,853.7,80.316
9/30/19 9:32,59.099,60,856.2,80.272
9/30/19 9:32,59.099,60.1,856.2,80.272
9/30/19 9:32,59.099,60.1,853.7,80.227
9/30/19 9:32,59.099,60.1,856.2,80.227
9/30/19 9:32,59.099,60.1,853.7,80.184
9/30/19 9:32,59.056,60.1,853.7,80.184
9/30/19 9:32,59.056,60.1,856.2,80.139
9/30/19 9:32,59.056,60.1,856.2,80.139
9/30/19 9:32,59.056,60.1,856.2,80.139
9/30/19 9:32,59.056,60,856.2,80.096
9/30/19 9:32,59.056,60,856.2,80.096
9/30/19 9:32,59.014,60,856.2,80.096
9/30/19 9:32,59.014,60,856.2,80.096
9/30/19 9:32,59.014,60,856.2,80.051
9/30/19 9:32,59.014,60,858.7,80.051
9/30/19 9:32,59.014,60,856.2,80.051
9/30/19 9:32,59.014,60,856.2,80.051
9/30/19 9:32,59.014,59.9,858.7,80.051
9/30/19 9:32,58.971,59.9,858.7,80.051
9/30/19 9:32,58.971,59.8,858.7,80.008
9/30/19 9:32,58.971,59.8,858.7,80.008
9/30/19 9:32,58.928,59.8,858.7,80.008
9/30/19 9:32,58.928,59.7,858.7,80.008
9/30/19 9:32,58.885,59.6,858.7,80.008
9/30/19 9:32,58.885,59.5,861.2,80.008
9/30/19 9:32,58.842,59.5,861.2,80.008
9/30/19 9:32,58.842,59.4,861.2,80.008
9/30/19 9:32,58.798,59.3,861.2,80.008
9/30/19 9:32,58.798,59.3,861.2,80.008
9/30/19 9:32,58.798,59.2,861.2,80.008
9/30/19 9:32,58.755,59.3,861.2,80.008
9/30/19 9:32,58.712,59.3,861.2,80.051
9/30/19 9:32,58.712,59.2,861.2,80.051
9/30/19 9:32,58.712,59.2,861.2,80.051
9/30/19 9:32,58.669,59.2,863.7,80.096
9/30/19 9:32,58.669,59.1,863.7,80.184
9/30/19 9:33,58.626,59,863.7,80.272
9/30/19 9:33,58.626,59,863.7,80.316
9/30/19 9:33,58.582,58.9,863.7,80.361
9/30/19 9:33,58.582,58.9,863.7,80.361
9/30/19 9:33,58.541,58.8,863.7,80.361
9/30/19 9:33,58.541,58.8,863.7,80.316
9/30/19 9:33,58.498,58.8,863.7,80.316
9/30/19 9:33,58.498,58.7,863.7,80.272
9/30/19 9:33,58.455,58.8,866.2,80.227
9/30/19 9:33,58.411,58.8,866.2,80.184
9/30/19 9:33,58.411,58.7,866.2,80.096
9/30/19 9:33,58.368,58.8,866.2,80.051
9/30/19 9:33,58.368,58.8,866.2,80.008
9/30/19 9:33,58.368,58.7,866.2,79.963
9/30/19 9:33,58.325,58.7,866.2,79.92
9/30/19 9:33,58.325,58.8,866.2,79.876
9/30/19 9:33,58.325,58.7,866.2,79.831
9/30/19 9:33,58.282,58.8,868.7,79.788
9/30/19 9:33,58.282,58.8,866.2,79.788
9/30/19 9:33,58.239,58.8,868.7,79.743
9/30/19 9:33,58.239,58.7,868.7,79.743
9/30/19 9:33,58.239,58.7,868.7,79.7
9/30/19 9:33,58.195,58.7,868.7,79.655
9/30/19 9:33,58.195,58.6,868.7,79.655
9/30/19 9:33,58.152,58.6,868.7,79.612
9/30/19 9:33,58.152,58.6,868.7,79.567
9/30/19 9:33,58.152,58.6,868.7,79.567
9/30/19 9:33,58.109,58.6,868.7,79.524
9/30/19 9:33,58.109,58.7,868.7,79.524
9/30/19 9:33,58.109,58.6,868.7,79.524
9/30/19 9:33,58.109,58.6,868.7,79.48
9/30/19 9:33,58.109,58.7,871.2,79.48
9/30/19 9:33,58.109,58.7,873.7,79.435
9/30/19 9:33,58.109,58.8,871.2,79.435
9/30/19 9:33,58.109,58.8,871.2,79.392
9/30/19 9:33,58.066,58.9,871.2,79.392
9/30/19 9:33,58.109,58.9,871.2,79.392
9/30/19 9:33,58.109,59,871.2,79.347
9/30/19 9:33,58.109,59.1,871.2,79.347
9/30/19 9:33,58.109,59.1,871.2,79.347
9/30/19 9:33,58.109,59.2,873.7,79.304
9/30/19 9:33,58.109,59.1,873.7,79.304
9/30/19 9:33,58.109,59.2,873.7,79.304
9/30/19 9:33,58.109,59.2,871.2,79.261
9/30/19 9:33,58.109,59.3,873.7,79.261
9/30/19 9:33,58.109,59.4,873.7,79.261
9/30/19 9:33,58.109,59.4,873.7,79.216
9/30/19 9:33,58.109,59.5,876.2,79.216
9/30/19 9:33,58.152,59.5,873.7,79.216
9/30/19 9:33,58.109,59.6,876.2,79.216
9/30/19 9:33,58.109,59.6,876.2,79.216
9/30/19 9:33,58.109,59.7,878.7,79.173
9/30/19 9:33,58.109,59.7,876.2,79.173
9/30/19 9:33,58.109,59.7,878.7,79.173
9/30/19 9:33,58.109,59.6,876.2,79.173
9/30/19 9:33,58.109,59.7,878.7,79.173
9/30/19 9:33,58.109,59.7,878.7,79.173
9/30/19 9:33,58.109,59.7,878.7,79.128
9/30/19 9:33,58.109,59.7,876.2,79.128
9/30/19 9:33,58.109,59.7,876.2,79.128
9/30/19 9:34,58.152,59.7,878.7,79.128
9/30/19 9:34,58.152,59.8,878.7,79.128
9/30/19 9:34,58.152,59.8,878.7,79.128
9/30/19 9:34,58.152,59.8,878.7,79.084
9/30/19 9:34,58.152,59.8,878.7,79.084
9/30/19 9:34,58.152,59.8,881.2,79.084
9/30/19 9:34,58.152,59.8,878.7,79.084
9/30/19 9:34,58.152,59.8,881.2,79.084
9/30/19 9:34,58.152,59.8,881.2,79.084
9/30/19 9:34,58.152,59.8,878.7,79.084
9/30/19 9:34,58.152,59.8,878.7,79.041
9/30/19 9:34,58.152,59.8,881.2,79.084
9/30/19 9:34,58.152,59.8,881.2,79.084
9/30/19 9:34,58.152,59.8,881.2,79.041
9/30/19 9:34,58.152,59.8,881.2,79.041
9/30/19 9:34,58.152,59.8,881.2,79.041
9/30/19 9:34,58.195,59.8,881.2,79.041
9/30/19 9:34,58.152,59.8,881.2,79.041
9/30/19 9:34,58.152,59.8,881.2,79.041
9/30/19 9:34,58.195,59.8,881.2,79.041
9/30/19 9:34,58.152,59.8,883.7,79.041
9/30/19 9:34,58.195,59.8,883.7,79.041
9/30/19 9:34,58.195,59.8,883.7,79.041
9/30/19 9:34,58.195,59.8,883.7,79.041
9/30/19 9:34,58.195,59.8,883.7,79.041
9/30/19 9:34,58.195,59.8,883.7,79.041
9/30/19 9:34,58.195,59.8,883.7,79.041
9/30/19 9:34,58.195,59.8,883.7,79.041
9/30/19 9:34,58.195,59.8,883.7,79.041
9/30/19 9:34,58.195,59.8,886.2,79.041
9/30/19 9:34,58.239,59.8,886.2,79.041
9/30/19 9:34,58.239,59.7,886.2,79.041
9/30/19 9:34,58.239,59.7,886.2,79.041
9/30/19 9:34,58.239,59.7,886.2,79.041
9/30/19 9:34,58.239,59.7,886.2,79.041
9/30/19 9:34,58.239,59.7,886.2,79.041
9/30/19 9:34,58.282,59.7,886.2,79.041
9/30/19 9:34,58.282,59.7,886.2,78.996
9/30/19 9:34,58.282,59.8,888.7,78.996
9/30/19 9:34,58.282,59.7,888.7,78.996
9/30/19 9:34,58.325,59.8,888.7,79.041
9/30/19 9:34,58.325,59.8,888.7,78.996
9/30/19 9:34,58.325,59.8,888.7,79.041
9/30/19 9:34,58.325,59.8,888.7,79.041
9/30/19 9:34,58.368,59.8,891.2,78.996
9/30/19 9:34,58.368,59.8,891.2,79.041
9/30/19 9:34,58.368,59.8,891.2,78.996
9/30/19 9:34,58.368,59.8,891.2,79.041
9/30/19 9:34,58.411,59.8,891.2,79.041
9/30/19 9:34,58.411,59.8,891.2,78.996
9/30/19 9:34,58.411,59.8,893.7,79.041
9/30/19 9:34,58.411,59.8,891.2,79.041
9/30/19 9:34,58.411,59.8,893.7,79.041
9/30/19 9:34,58.411,59.8,891.2,79.041
9/30/19 9:34,58.455,59.8,893.7,79.041
9/30/19 9:34,58.455,59.8,893.7,78.996
9/30/19 9:34,58.455,59.8,893.7,78.996
9/30/19 9:34,58.498,59.8,893.7,79.041
9/30/19 9:34,58.498,59.8,893.7,78.996
9/30/19 9:34,58.498,59.8,893.7,79.041
9/30/19 9:35,58.498,59.8,896.2,78.996
9/30/19 9:35,58.498,59.8,893.7,79.041
9/30/19 9:35,58.541,59.8,896.2,79.041
9/30/19 9:35,58.541,59.8,893.7,79.041
9/30/19 9:35,58.541,59.8,896.2,79.041
9/30/19 9:35,58.541,59.8,893.7,79.041
9/30/19 9:35,58.582,59.8,896.2,79.041
9/30/19 9:35,58.582,59.8,896.2,79.041
9/30/19 9:35,58.582,59.8,896.2,79.041
9/30/19 9:35,58.582,59.8,896.2,79.041
9/30/19 9:35,58.582,59.8,896.2,79.041
9/30/19 9:35,58.582,59.8,898.7,79.041
9/30/19 9:35,58.582,59.8,896.2,79.041
9/30/19 9:35,58.582,59.8,896.2,79.041
9/30/19 9:35,58.626,59.8,898.7,79.041
9/30/19 9:35,58.626,59.8,898.7,79.041
9/30/19 9:35,58.626,59.8,898.7,79.041
9/30/19 9:35,58.626,59.9,898.7,79.041
9/30/19 9:35,58.626,59.9,898.7,79.041
9/30/19 9:35,58.626,59.9,898.7,79.041
9/30/19 9:35,58.626,59.9,898.7,79.041
9/30/19 9:35,58.626,59.8,898.7,79.041
9/30/19 9:35,58.626,59.8,898.7,79.041
9/30/19 9:35,58.626,59.8,901.2,79.041
9/30/19 9:35,58.626,59.8,901.2,79.041
9/30/19 9:35,58.626,59.8,898.7,79.041
9/30/19 9:35,58.626,59.8,901.2,79.041
9/30/19 9:35,58.626,59.8,901.2,79.041
9/30/19 9:35,58.626,59.7,901.2,79.041
9/30/19 9:35,58.626,59.7,901.2,79.041
9/30/19 9:35,58.626,59.7,901.2,79.041
9/30/19 9:35,58.582,59.7,901.2,79.041
9/30/19 9:35,58.582,59.6,903.7,79.041
9/30/19 9:35,58.582,59.6,903.7,79.041
9/30/19 9:35,58.582,59.5,901.2,79.041
9/30/19 9:35,58.541,59.5,903.7,79.041
9/30/19 9:35,58.541,59.4,903.7,79.041
9/30/19 9:35,58.541,59.3,903.7,79.041
9/30/19 9:35,58.541,59.3,903.7,79.041
9/30/19 9:35,58.541,59.2,903.7,79.041
9/30/19 9:35,58.498,59.2,903.7,79.041
9/30/19 9:35,58.498,59.2,906.2,79.041
9/30/19 9:35,58.498,59.1,903.7,79.084
9/30/19 9:35,58.498,59.1,906.2,79.084
9/30/19 9:35,58.455,59.1,906.2,79.041
9/30/19 9:35,58.455,59.1,906.2,79.084
9/30/19 9:35,58.455,59.1,906.2,79.084
9/30/19 9:35,58.411,59.2,906.2,79.084
9/30/19 9:35,58.411,59.2,908.7,79.084
9/30/19 9:35,58.411,59.2,906.2,79.084
9/30/19 9:35,58.411,59.1,908.7,79.084
9/30/19 9:35,58.411,59.1,908.7,79.084
9/30/19 9:35,58.368,59.1,908.7,79.084
9/30/19 9:35,58.368,59,908.7,79.084
9/30/19 9:35,58.368,59,908.7,79.084
9/30/19 9:35,58.368,59,908.7,79.084
9/30/19 9:35,58.368,58.9,908.7,79.084
9/30/19 9:35,58.325,59,908.7,79.084
9/30/19 9:35,58.325,58.9,911.2,79.084
9/30/19 9:35,58.325,58.9,911.2,79.084
9/30/19 9:36,58.282,58.9,911.2,79.084
9/30/19 9:36,58.282,58.9,913.7,79.084
9/30/19 9:36,58.282,58.9,913.7,79.084
9/30/19 9:36,58.282,58.9,913.7,79.084
9/30/19 9:36,58.282,58.9,913.7,79.084
9/30/19 9:36,58.239,58.9,913.7,79.084
9/30/19 9:36,58.239,58.9,913.7,79.084
9/30/19 9:36,58.239,58.9,916.2,79.128
9/30/19 9:36,58.195,58.9,916.2,79.128
9/30/19 9:36,58.195,58.9,916.2,79.084
9/30/19 9:36,58.195,58.9,916.2,79.128
9/30/19 9:36,58.152,58.9,916.2,79.128
9/30/19 9:36,58.152,58.9,916.2,79.128
9/30/19 9:36,58.152,58.9,918.7,79.128
9/30/19 9:36,58.152,58.9,918.7,79.128
9/30/19 9:36,58.109,58.9,918.7,79.128
9/30/19 9:36,58.109,59,918.7,79.128
9/30/19 9:36,58.109,59,918.7,79.128
9/30/19 9:36,58.109,59,921.2,79.128
9/30/19 9:36,58.109,59,921.2,79.128
9/30/19 9:36,58.066,59,921.2,79.128
9/30/19 9:36,58.066,59,921.2,79.128
9/30/19 9:36,58.066,59.1,923.7,79.128
9/30/19 9:36,58.066,59.1,923.7,79.128
9/30/19 9:36,58.066,59.1,923.7,79.128
9/30/19 9:36,58.023,59.1,926.2,79.128
9/30/19 9:36,58.023,59.2,926.2,79.128
9/30/19 9:36,58.023,59.2,926.2,79.128
9/30/19 9:36,58.023,59.2,926.2,79.128
9/30/19 9:36,58.023,59.2,926.2,79.128
9/30/19 9:36,58.023,59.1,923.7,79.128
9/30/19 9:36,58.023,59.1,921.2,79.128
9/30/19 9:36,58.023,59.2,918.7,79.128
9/30/19 9:36,58.023,59.2,916.2,79.173
9/30/19 9:36,58.023,59.2,913.7,79.128
9/30/19 9:36,58.023,59.3,908.7,79.128
9/30/19 9:36,57.979,59.3,906.2,79.173
9/30/19 9:36,57.979,59.3,903.7,79.173
9/30/19 9:36,57.979,59.3,898.7,79.173
9/30/19 9:36,57.979,59.4,896.2,79.173
9/30/19 9:36,57.979,59.4,893.7,79.173
9/30/19 9:36,57.979,59.4,888.7,79.173
9/30/19 9:36,57.979,59.4,883.7,79.173
9/30/19 9:36,57.979,59.4,881.2,79.173
9/30/19 9:36,57.979,59.5,878.7,79.173
9/30/19 9:36,57.979,59.5,876.2,79.173
9/30/19 9:36,57.979,59.5,871.2,79.173
9/30/19 9:36,57.979,59.5,868.7,79.173
9/30/19 9:36,57.979,59.5,868.7,79.173
9/30/19 9:36,57.979,59.6,866.2,79.173
9/30/19 9:36,58.023,59.6,863.7,79.173
9/30/19 9:36,58.023,59.6,863.7,79.173
9/30/19 9:36,58.023,59.6,858.7,79.173
9/30/19 9:36,58.023,59.7,856.2,79.173
9/30/19 9:36,58.023,59.7,851.2,79.173
9/30/19 9:36,58.023,59.7,846.2,79.173
9/30/19 9:36,58.066,59.6,838.7,79.173
9/30/19 9:36,58.066,59.6,831.2,79.173
9/30/19 9:36,58.066,59.7,823.7,79.173
9/30/19 9:36,58.066,59.7,816.2,79.173
9/30/19 9:37,58.066,59.7,803.7,79.173
9/30/19 9:37,58.109,59.8,793.7,79.173
9/30/19 9:37,58.109,59.8,781.2,79.173
9/30/19 9:37,58.109,59.9,768.7,79.173
9/30/19 9:37,58.109,59.9,758.7,79.173
9/30/19 9:37,58.109,60,748.7,79.216
9/30/19 9:37,58.152,60,738.7,79.173
9/30/19 9:37,58.152,60,728.7,79.216
9/30/19 9:37,58.152,60.1,721.2,79.216
9/30/19 9:37,58.195,60.1,716.2,79.216
9/30/19 9:37,58.195,60.1,713.7,79.216
9/30/19 9:37,58.195,60.2,708.7,79.216
9/30/19 9:37,58.195,60.2,708.7,79.216
9/30/19 9:37,58.195,60.2,706.2,79.216
9/30/19 9:37,58.239,60.1,708.7,79.216
9/30/19 9:37,58.239,60.1,706.2,79.216
9/30/19 9:37,58.239,60.2,706.2,79.216
9/30/19 9:37,58.239,60.2,706.2,79.216
9/30/19 9:37,58.282,60.2,706.2,79.216
9/30/19 9:37,58.282,60.2,706.2,79.216
9/30/19 9:37,58.282,60.2,703.7,79.216
9/30/19 9:37,58.282,60.2,703.7,79.216
9/30/19 9:37,58.282,60.3,701.2,79.216
9/30/19 9:37,58.325,60.3,698.7,79.216
9/30/19 9:37,58.325,60.3,696.2,79.216
9/30/19 9:37,58.325,60.3,698.7,79.216
9/30/19 9:37,58.325,60.3,701.2,79.216
9/30/19 9:37,58.325,60.3,706.2,79.216
9/30/19 9:37,58.325,60.3,713.7,79.216
9/30/19 9:37,58.325,60.3,721.2,79.216
9/30/19 9:37,58.325,60.4,731.2,79.216
9/30/19 9:37,58.325,60.4,741.2,79.216
9/30/19 9:37,58.368,60.4,753.7,79.216
9/30/19 9:37,58.368,60.4,768.7,79.216
9/30/19 9:37,58.325,60.4,783.7,79.216
9/30/19 9:37,58.368,60.4,796.2,79.216
9/30/19 9:37,58.368,60.4,813.7,79.216
9/30/19 9:37,58.368,60.4,828.7,79.216
9/30/19 9:37,58.368,60.5,843.7,79.216
9/30/19 9:37,58.368,60.5,858.7,79.216
9/30/19 9:37,58.368,60.5,871.2,79.216
9/30/19 9:37,58.368,60.5,883.7,79.216
9/30/19 9:37,58.368,60.5,893.7,79.216
9/30/19 9:37,58.368,60.5,903.7,79.216
9/30/19 9:37,58.368,60.5,913.7,79.216
9/30/19 9:37,58.368,60.5,921.2,79.216
9/30/19 9:37,58.368,60.6,926.2,79.216
9/30/19 9:37,58.368,60.5,933.7,79.216
9/30/19 9:37,58.368,60.5,938.7,79.216
9/30/19 9:37,58.368,60.5,941.2,79.216
9/30/19 9:37,58.368,60.6,943.7,79.216
9/30/19 9:37,58.368,60.5,948.7,79.216
9/30/19 9:37,58.368,60.5,946.2,79.216
9/30/19 9:37,58.368,60.6,951.2,79.216
9/30/19 9:37,58.368,60.5,951.2,79.216
9/30/19 9:37,58.368,60.6,948.7,79.216
9/30/19 9:37,58.368,60.5,951.2,79.216
9/30/19 9:37,58.368,60.5,946.2,79.216
9/30/19 9:37,58.368,60.5,951.2,79.216
9/30/19 9:37,58.368,60.5,948.7,79.216
9/30/19 9:38,58.368,60.5,948.7,79.216
9/30/19 9:38,58.411,60.5,948.7,79.216
9/30/19 9:38,58.368,60.5,946.2,79.216
9/30/19 9:38,58.411,60.5,946.2,79.216
9/30/19 9:38,58.411,60.5,946.2,79.216
9/30/19 9:38,58.411,60.5,946.2,79.216
9/30/19 9:38,58.411,60.5,946.2,79.216
9/30/19 9:38,58.411,60.5,948.7,79.216
9/30/19 9:38,58.411,60.5,948.7,79.216
9/30/19 9:38,58.411,60.5,951.2,79.261
9/30/19 9:38,58.411,60.6,951.2,79.216
9/30/19 9:38,58.411,60.6,951.2,79.216
9/30/19 9:38,58.411,60.6,948.7,79.261
9/30/19 9:38,58.411,60.6,951.2,79.261
9/30/19 9:38,58.455,60.6,951.2,79.261
9/30/19 9:38,58.455,60.6,951.2,79.261
9/30/19 9:38,58.455,60.6,948.7,79.261
9/30/19 9:38,58.455,60.6,948.7,79.261
9/30/19 9:38,58.455,60.6,951.2,79.261
9/30/19 9:38,58.455,60.6,946.2,79.261
9/30/19 9:38,58.455,60.6,951.2,79.261
9/30/19 9:38,58.455,60.6,948.7,79.261
9/30/19 9:38,58.455,60.6,946.2,79.261
9/30/19 9:38,58.455,60.6,943.7,79.261
9/30/19 9:38,58.498,60.6,946.2,79.261
9/30/19 9:38,58.498,60.6,943.7,79.261
9/30/19 9:38,58.498,60.6,946.2,79.261
9/30/19 9:38,58.498,60.6,946.2,79.261
9/30/19 9:38,58.498,60.6,946.2,79.261
9/30/19 9:38,58.498,60.6,943.7,79.261
9/30/19 9:38,58.498,60.6,946.2,79.261
9/30/19 9:38,58.541,60.6,946.2,79.261
9/30/19 9:38,58.541,60.6,946.2,79.261
9/30/19 9:38,58.541,60.6,948.7,79.261
9/30/19 9:38,58.541,60.6,948.7,79.261
9/30/19 9:38,58.582,60.7,951.2,79.261
9/30/19 9:38,58.582,60.7,946.2,79.261
9/30/19 9:38,58.582,60.7,951.2,79.261
9/30/19 9:38,58.582,60.7,951.2,79.261
9/30/19 9:38,58.582,60.7,951.2,79.261
9/30/19 9:38,58.626,60.6,951.2,79.261
9/30/19 9:38,58.626,60.6,951.2,79.261
9/30/19 9:38,58.626,60.6,951.2,79.261
9/30/19 9:38,58.626,60.7,951.2,79.261
9/30/19 9:38,58.669,60.7,948.7,79.261
9/30/19 9:38,58.669,60.7,943.7,79.261
9/30/19 9:38,58.669,60.7,943.7,79.261
9/30/19 9:38,58.669,60.7,941.2,79.261
9/30/19 9:38,58.712,60.7,938.7,79.304
9/30/19 9:38,58.712,60.8,936.2,79.304
9/30/19 9:38,58.712,60.8,933.7,79.304
9/30/19 9:38,58.712,60.9,931.2,79.261
9/30/19 9:38,58.712,60.9,928.7,79.304
9/30/19 9:38,58.712,60.9,926.2,79.304
9/30/19 9:38,58.712,60.9,926.2,79.304
9/30/19 9:38,58.712,60.9,926.2,79.304
9/30/19 9:38,58.712,60.9,928.7,79.304
9/30/19 9:38,58.755,60.9,928.7,79.304
9/30/19 9:38,58.755,60.9,931.2,79.304
9/30/19 9:38,58.755,60.8,936.2,79.304
9/30/19 9:39,58.712,60.8,938.7,79.304
9/30/19 9:39,58.712,60.7,941.2,79.304
9/30/19 9:39,58.712,60.7,943.7,79.304
9/30/19 9:39,58.712,60.6,946.2,79.304
9/30/19 9:39,58.712,60.7,948.7,79.304
9/30/19 9:39,58.712,60.6,951.2,79.304
9/30/19 9:39,58.712,60.6,951.2,79.304
9/30/19 9:39,58.669,60.5,948.7,79.304
9/30/19 9:39,58.669,60.4,951.2,79.304
9/30/19 9:39,58.669,60.4,951.2,79.304
9/30/19 9:39,58.669,60.3,948.7,79.304
9/30/19 9:39,58.669,60.2,948.7,79.304
9/30/19 9:39,58.669,60.1,948.7,79.304
9/30/19 9:39,58.626,60.2,948.7,79.304
9/30/19 9:39,58.626,60.2,951.2,79.304
9/30/19 9:39,58.626,60.2,951.2,79.304
9/30/19 9:39,58.626,60.1,951.2,79.347
9/30/19 9:39,58.626,60.1,951.2,79.347
9/30/19 9:39,58.582,60.1,948.7,79.347
9/30/19 9:39,58.582,60,951.2,79.347
9/30/19 9:39,58.582,59.9,951.2,79.261
9/30/19 9:39,58.582,59.9,953.7,79.304
9/30/19 9:39,58.582,59.9,953.7,79.304
9/30/19 9:39,58.582,59.8,953.7,79.304
9/30/19 9:39,58.541,59.8,951.2,79.304
9/30/19 9:39,58.541,59.8,953.7,79.304
9/30/19 9:39,58.541,59.7,953.7,79.304
9/30/19 9:39,58.541,59.8,956.2,79.304
9/30/19 9:39,58.541,59.8,956.2,79.304
9/30/19 9:39,58.541,59.8,956.2,79.304
9/30/19 9:39,58.541,59.7,956.2,79.304
9/30/19 9:39,58.498,59.7,956.2,79.304
9/30/19 9:39,58.498,59.7,958.7,79.304
9/30/19 9:39,58.498,59.7,956.2,79.304
9/30/19 9:39,58.498,59.6,956.2,79.304
9/30/19 9:39,58.498,59.6,958.7,79.304
9/30/19 9:39,58.498,59.6,958.7,79.304
9/30/19 9:39,58.498,59.6,958.7,79.304
9/30/19 9:39,58.498,59.6,958.7,79.304
9/30/19 9:39,58.498,59.6,961.2,79.304
9/30/19 9:39,58.498,59.6,958.7,79.304
9/30/19 9:39,58.498,59.6,958.7,79.304
9/30/19 9:39,58.498,59.6,961.2,79.304
9/30/19 9:39,58.498,59.6,958.7,79.304
9/30/19 9:39,58.498,59.6,963.7,79.347
9/30/19 9:39,58.498,59.7,961.2,79.347
9/30/19 9:39,58.498,59.7,958.7,79.347
9/30/19 9:39,58.541,59.7,963.7,79.347
9/30/19 9:39,58.541,59.7,961.2,79.347
9/30/19 9:39,58.541,59.7,961.2,79.347
9/30/19 9:39,58.541,59.7,961.2,79.347
9/30/19 9:39,58.541,59.8,963.7,79.347
9/30/19 9:39,58.541,59.8,963.7,79.347
9/30/19 9:39,58.541,59.8,963.7,79.347
9/30/19 9:39,58.541,59.8,963.7,79.347
9/30/19 9:39,58.582,59.7,963.7,79.347
9/30/19 9:39,58.582,59.7,966.2,79.347
9/30/19 9:39,58.582,59.8,966.2,79.347
9/30/19 9:39,58.582,59.8,966.2,79.347
9/30/19 9:39,58.626,59.8,966.2,79.347
9/30/19 9:40,58.626,59.8,966.2,79.347
9/30/19 9:40,58.626,59.8,966.2,79.347
9/30/19 9:40,58.626,59.9,968.7,79.347
9/30/19 9:40,58.626,59.9,966.2,79.347
9/30/19 9:40,58.626,59.9,961.2,79.347
9/30/19 9:40,58.626,59.9,958.7,79.347
9/30/19 9:40,58.626,59.9,953.7,79.347
9/30/19 9:40,58.669,59.9,951.2,79.347
9/30/19 9:40,58.626,59.9,946.2,79.347
9/30/19 9:40,58.669,59.9,943.7,79.347
9/30/19 9:40,58.626,59.9,941.2,79.347
9/30/19 9:40,58.669,59.9,936.2,79.347
9/30/19 9:40,58.669,59.9,936.2,79.347
9/30/19 9:40,58.669,59.9,933.7,79.347
9/30/19 9:40,58.626,59.8,933.7,79.347
9/30/19 9:40,58.669,59.8,928.7,79.347
9/30/19 9:40,58.669,59.8,926.2,79.347
9/30/19 9:40,58.669,59.8,921.2,79.347
9/30/19 9:40,58.626,59.8,918.7,79.347
9/30/19 9:40,58.626,59.8,913.7,79.347
9/30/19 9:40,58.626,59.8,903.7,79.392
9/30/19 9:40,58.626,59.8,898.7,79.347
9/30/19 9:40,58.626,59.7,888.7,79.392
9/30/19 9:40,58.626,59.7,883.7,79.392
9/30/19 9:40,58.626,59.7,876.2,79.392
9/30/19 9:40,58.626,59.8,868.7,79.392
9/30/19 9:40,58.582,59.8,861.2,79.392
9/30/19 9:40,58.582,59.8,853.7,79.392
9/30/19 9:40,58.582,59.8,851.2,79.392
9/30/19 9:40,58.582,59.8,851.2,79.392
9/30/19 9:40,58.582,59.7,851.2,79.392
9/30/19 9:40,58.582,59.8,858.7,79.392
9/30/19 9:40,58.582,59.7,866.2,79.392
9/30/19 9:40,58.582,59.8,876.2,79.392
9/30/19 9:40,58.582,59.8,888.7,79.392
9/30/19 9:40,58.582,59.8,898.7,79.392
9/30/19 9:40,58.582,59.8,908.7,79.392
9/30/19 9:40,58.582,59.8,921.2,79.392
9/30/19 9:40,58.582,59.7,936.2,79.392
9/30/19 9:40,58.582,59.7,946.2,79.392
9/30/19 9:40,58.582,59.7,958.7,79.392
9/30/19 9:40,58.582,59.8,968.7,79.392
9/30/19 9:40,58.582,59.7,978.7,79.392
9/30/19 9:40,58.582,59.7,983.7,79.392
9/30/19 9:40,58.582,59.7,986.2,79.392
9/30/19 9:40,58.582,59.7,991.2,79.392
9/30/19 9:40,58.582,59.7,991.2,79.392
9/30/19 9:40,58.582,59.7,993.7,79.392
9/30/19 9:40,58.582,59.8,993.7,79.392
9/30/19 9:40,58.541,59.8,996.2,79.392
9/30/19 9:40,58.541,59.8,993.7,79.392
9/30/19 9:40,58.541,59.7,991.2,79.392
9/30/19 9:40,58.541,59.7,991.2,79.392
9/30/19 9:40,58.541,59.7,988.7,79.392
9/30/19 9:40,58.541,59.6,988.7,79.392
9/30/19 9:40,58.498,59.6,986.2,79.392
9/30/19 9:40,58.498,59.6,983.7,79.392
9/30/19 9:40,58.498,59.6,983.7,79.392
9/30/19 9:40,58.498,59.6,981.2,79.392
9/30/19 9:40,58.498,59.6,978.7,79.392
9/30/19 9:41,58.498,59.6,973.7,79.392
9/30/19 9:41,58.498,59.6,971.2,79.392
9/30/19 9:41,58.498,59.6,966.2,79.392
9/30/19 9:41,58.498,59.7,961.2,79.392
9/30/19 9:41,58.498,59.7,958.7,79.392
9/30/19 9:41,58.498,59.7,956.2,79.435
9/30/19 9:41,58.498,59.7,953.7,79.435
9/30/19 9:41,58.498,59.8,946.2,79.392
9/30/19 9:41,58.498,59.8,938.7,79.435
9/30/19 9:41,58.498,59.8,928.7,79.435
9/30/19 9:41,58.498,59.8,921.2,79.435
9/30/19 9:41,58.498,59.7,908.7,79.435
9/30/19 9:41,58.498,59.7,896.2,79.435
9/30/19 9:41,58.498,59.8,881.2,79.435
9/30/19 9:41,58.498,59.8,861.2,79.435
9/30/19 9:41,58.498,59.8,838.7,79.435
9/30/19 9:41,58.498,59.8,808.7,79.435
9/30/19 9:41,58.498,59.8,778.7,79.435
9/30/19 9:41,58.455,59.8,746.2,79.435
9/30/19 9:41,58.455,59.8,713.7,79.435
9/30/19 9:41,58.498,59.8,683.7,79.435
9/30/19 9:41,58.455,59.8,658.7,79.435
9/30/19 9:41,58.455,59.8,636.2,79.435
9/30/19 9:41,58.455,59.8,616.2,79.435
9/30/19 9:41,58.455,59.8,601.2,79.435
9/30/19 9:41,58.455,59.8,586.2,79.435
9/30/19 9:41,58.455,59.8,578.7,79.435
9/30/19 9:41,58.455,59.8,576.2,79.435
9/30/19 9:41,58.455,59.7,573.7,79.435
9/30/19 9:41,58.455,59.8,573.7,79.435
9/30/19 9:41,58.455,59.8,576.2,79.435
9/30/19 9:41,58.455,59.8,578.7,79.435
9/30/19 9:41,58.455,59.8,581.2,79.435
9/30/19 9:41,58.455,59.8,581.2,79.435
9/30/19 9:41,58.455,59.8,578.7,79.435
9/30/19 9:41,58.455,59.7,573.7,79.435
9/30/19 9:41,58.455,59.8,571.2,79.435
9/30/19 9:41,58.455,59.7,566.2,79.435
9/30/19 9:41,58.455,59.7,561.2,79.435
9/30/19 9:41,58.455,59.9,553.7,79.435
9/30/19 9:41,58.455,59.8,543.7,79.435
9/30/19 9:41,58.455,59.9,533.7,79.435
9/30/19 9:41,58.455,59.8,518.7,79.435
9/30/19 9:41,58.411,59.8,503.7,79.435
9/30/19 9:41,58.411,59.8,491.2,79.435
9/30/19 9:41,58.455,59.8,478.7,79.435
9/30/19 9:41,58.455,59.8,466.2,79.435
9/30/19 9:41,58.411,59.8,458.7,79.435
9/30/19 9:41,58.411,59.8,458.7,79.435
9/30/19 9:41,58.411,59.8,466.2,79.435
9/30/19 9:41,58.411,59.8,481.2,79.48
9/30/19 9:41,58.411,59.8,498.7,79.435
9/30/19 9:41,58.411,59.8,523.7,79.48
9/30/19 9:41,58.411,59.8,548.7,79.435
9/30/19 9:41,58.411,59.8,576.2,79.435
9/30/19 9:41,58.411,59.8,601.2,79.435
9/30/19 9:41,58.411,59.8,623.7,79.435
9/30/19 9:41,58.411,59.8,643.7,79.435
9/30/19 9:41,58.411,59.8,656.2,79.435
9/30/19 9:41,58.411,59.8,668.7,79.435
9/30/19 9:42,58.411,59.8,676.2,79.435
9/30/19 9:42,58.411,59.8,681.2,79.435
9/30/19 9:42,58.411,59.8,678.7,79.435
9/30/19 9:42,58.411,59.8,671.2,79.435
9/30/19 9:42,58.411,59.8,666.2,79.435
9/30/19 9:42,58.411,59.8,656.2,79.435
9/30/19 9:42,58.411,59.8,648.7,79.435
9/30/19 9:42,58.368,59.8,641.2,79.435
9/30/19 9:42,58.368,59.8,636.2,79.435
9/30/19 9:42,58.368,59.8,633.7,79.435
9/30/19 9:42,58.368,59.8,633.7,79.435
9/30/19 9:42,58.368,59.7,636.2,79.435
9/30/19 9:42,58.368,59.7,643.7,79.435
9/30/19 9:42,58.368,59.7,658.7,79.435
9/30/19 9:42,58.368,59.7,673.7,79.435
9/30/19 9:42,58.368,59.7,688.7,79.435
9/30/19 9:42,58.368,59.7,698.7,79.435
9/30/19 9:42,58.368,59.7,708.7,79.435
9/30/19 9:42,58.368,59.7,713.7,79.392
9/30/19 9:42,58.368,59.7,718.7,79.392
9/30/19 9:42,58.325,59.7,721.2,79.392
9/30/19 9:42,58.325,59.7,723.7,79.392
9/30/19 9:42,58.325,59.6,728.7,79.392
9/30/19 9:42,58.325,59.6,728.7,79.392
9/30/19 9:42,58.325,59.7,728.7,79.392
9/30/19 9:42,58.325,59.7,723.7,79.392
9/30/19 9:42,58.325,59.7,713.7,79.392
9/30/19 9:42,58.325,59.7,706.2,79.392
9/30/19 9:42,58.325,59.7,698.7,79.392
9/30/19 9:42,58.325,59.6,696.2,79.392
9/30/19 9:42,58.325,59.6,693.7,79.392
9/30/19 9:42,58.282,59.6,693.7,79.392
9/30/19 9:42,58.282,59.6,691.2,79.392
9/30/19 9:42,58.282,59.6,686.2,79.392
9/30/19 9:42,58.282,59.6,676.2,79.392
9/30/19 9:42,58.282,59.6,668.7,79.392
9/30/19 9:42,58.282,59.5,658.7,79.392
9/30/19 9:42,58.282,59.5,653.7,79.347
9/30/19 9:42,58.282,59.5,648.7,79.347
9/30/19 9:42,58.282,59.5,646.2,79.347
9/30/19 9:42,58.282,59.5,643.7,79.347
9/30/19 9:42,58.282,59.5,648.7,79.347
9/30/19 9:42,58.282,59.5,658.7,79.347
9/30/19 9:42,58.282,59.5,676.2,79.347
9/30/19 9:42,58.282,59.5,693.7,79.347
9/30/19 9:42,58.282,59.5,711.2,79.347
9/30/19 9:42,58.282,59.4,726.2,79.347
9/30/19 9:42,58.282,59.4,741.2,79.347
9/30/19 9:42,58.282,59.4,751.2,79.347
9/30/19 9:42,58.282,59.4,753.7,79.347
9/30/19 9:42,58.282,59.4,753.7,79.347
9/30/19 9:42,58.282,59.4,753.7,79.347
9/30/19 9:42,58.239,59.3,751.2,79.304
9/30/19 9:42,58.282,59.3,748.7,79.304
9/30/19 9:42,58.282,59.2,743.7,79.347
9/30/19 9:42,58.239,59.2,736.2,79.304
9/30/19 9:42,58.239,59.2,728.7,79.304
9/30/19 9:42,58.239,59.2,718.7,79.304
9/30/19 9:42,58.239,59.1,711.2,79.304
9/30/19 9:42,58.239,59.1,701.2,79.304
9/30/19 9:43,58.239,59.2,696.2,79.304
9/30/19 9:43,58.239,59.2,691.2,79.304
9/30/19 9:43,58.239,59.2,686.2,79.304
9/30/19 9:43,58.239,59.2,686.2,79.304
9/30/19 9:43,58.239,59.2,686.2,79.304
9/30/19 9:43,58.239,59.2,686.2,79.304
9/30/19 9:43,58.239,59.1,686.2,79.304
9/30/19 9:43,58.239,59.2,688.7,79.304
9/30/19 9:43,58.239,59.2,696.2,79.304
9/30/19 9:43,58.239,59.2,706.2,79.304
9/30/19 9:43,58.239,59.2,723.7,79.261
9/30/19 9:43,58.239,59.2,743.7,79.304
9/30/19 9:43,58.239,59.3,766.2,79.261
9/30/19 9:43,58.239,59.3,791.2,79.261
9/30/19 9:43,58.239,59.3,818.7,79.261
9/30/19 9:43,58.239,59.3,843.7,79.261
9/30/19 9:43,58.239,59.3,868.7,79.261
9/30/19 9:43,58.239,59.3,888.7,79.261
9/30/19 9:43,58.239,59.4,903.7,79.261
9/30/19 9:43,58.239,59.4,911.2,79.261
9/30/19 9:43,58.239,59.4,911.2,79.261
9/30/19 9:43,58.239,59.4,903.7,79.261
9/30/19 9:43,58.239,59.4,893.7,79.261
9/30/19 9:43,58.239,59.4,876.2,79.261
9/30/19 9:43,58.239,59.5,861.2,79.261
9/30/19 9:43,58.239,59.5,846.2,79.261
9/30/19 9:43,58.239,59.5,833.7,79.261
9/30/19 9:43,58.239,59.5,821.2,79.261
9/30/19 9:43,58.239,59.6,811.2,79.261
9/30/19 9:43,58.239,59.5,808.7,79.261
9/30/19 9:43,58.239,59.6,816.2,79.216
9/30/19 9:43,58.239,59.6,826.2,79.216
9/30/19 9:43,58.239,59.6,836.2,79.216
9/30/19 9:43,58.239,59.6,848.7,79.216
9/30/19 9:43,58.239,59.6,856.2,79.216
9/30/19 9:43,58.239,59.7,861.2,79.216
9/30/19 9:43,58.239,59.7,863.7,79.216
9/30/19 9:43,58.239,59.7,863.7,79.216
9/30/19 9:43,58.239,59.7,863.7,79.216
9/30/19 9:43,58.239,59.6,863.7,79.216
9/30/19 9:43,58.239,59.6,858.7,79.216
9/30/19 9:43,58.282,59.6,851.2,79.216
9/30/19 9:43,58.239,59.6,841.2,79.216
9/30/19 9:43,58.282,59.7,836.2,79.216
9/30/19 9:43,58.282,59.7,833.7,79.216
9/30/19 9:43,58.282,59.7,838.7,79.216
9/30/19 9:43,58.282,59.7,848.7,79.216
9/30/19 9:43,58.282,59.7,863.7,79.216
9/30/19 9:43,58.282,59.7,878.7,79.216
9/30/19 9:43,58.282,59.7,896.2,79.216
9/30/19 9:43,58.282,59.7,911.2,79.216
9/30/19 9:43,58.282,59.7,926.2,79.216
9/30/19 9:43,58.282,59.7,941.2,79.216
9/30/19 9:43,58.282,59.7,953.7,79.216
9/30/19 9:43,58.282,59.7,958.7,79.216
9/30/19 9:43,58.282,59.7,961.2,79.216
9/30/19 9:43,58.325,59.7,961.2,79.216
9/30/19 9:43,58.282,59.7,953.7,79.216
9/30/19 9:43,58.325,59.7,946.2,79.216
9/30/19 9:43,58.325,59.7,936.2,79.216
9/30/19 9:44,58.325,59.7,926.2,79.216
9/30/19 9:44,58.325,59.7,913.7,79.216
9/30/19 9:44,58.325,59.7,903.7,79.216
9/30/19 9:44,58.325,59.7,893.7,79.216
9/30/19 9:44,58.325,59.8,888.7,79.216
9/30/19 9:44,58.325,59.7,886.2,79.216
9/30/19 9:44,58.325,59.8,883.7,79.216
9/30/19 9:44,58.368,59.8,883.7,79.216
9/30/19 9:44,58.368,59.8,881.2,79.173
9/30/19 9:44,58.368,59.7,876.2,79.173
9/30/19 9:44,58.368,59.7,871.2,79.216
9/30/19 9:44,58.368,59.7,868.7,79.173
9/30/19 9:44,58.368,59.7,863.7,79.173
9/30/19 9:44,58.368,59.7,861.2,79.216
9/30/19 9:44,58.368,59.7,856.2,79.173
9/30/19 9:44,58.411,59.8,856.2,79.173
9/30/19 9:44,58.411,59.8,853.7,79.173
9/30/19 9:44,58.411,59.8,851.2,79.173
9/30/19 9:44,58.411,59.8,846.2,79.173
9/30/19 9:44,58.411,59.7,838.7,79.173
9/30/19 9:44,58.411,59.8,823.7,79.173
9/30/19 9:44,58.411,59.8,806.2,79.173
9/30/19 9:44,58.455,59.8,783.7,79.173
9/30/19 9:44,58.455,59.8,761.2,79.173
9/30/19 9:44,58.455,59.8,738.7,79.173
9/30/19 9:44,58.455,59.8,723.7,79.173
9/30/19 9:44,58.455,59.8,713.7,79.173
9/30/19 9:44,58.455,59.8,711.2,79.173
9/30/19 9:44,58.498,59.8,711.2,79.173
9/30/19 9:44,58.498,59.8,713.7,79.173
9/30/19 9:44,58.498,59.8,718.7,79.173
9/30/19 9:44,58.498,59.7,728.7,79.173
9/30/19 9:44,58.498,59.8,743.7,79.173
9/30/19 9:44,58.498,59.8,758.7,79.173
9/30/19 9:44,58.498,59.8,771.2,79.173
9/30/19 9:44,58.541,59.8,783.7,79.173
9/30/19 9:44,58.541,59.8,788.7,79.173
9/30/19 9:44,58.541,59.8,786.2,79.173
9/30/19 9:44,58.541,59.8,776.2,79.173
9/30/19 9:44,58.541,59.8,766.2,79.173
9/30/19 9:44,58.582,59.8,751.2,79.173
9/30/19 9:44,58.582,59.8,743.7,79.173
9/30/19 9:44,58.582,59.8,738.7,79.173
9/30/19 9:44,58.582,59.8,736.2,79.173
9/30/19 9:44,58.582,59.8,738.7,79.173
9/30/19 9:44,58.582,59.8,738.7,79.173
9/30/19 9:44,58.582,59.8,741.2,79.173
9/30/19 9:44,58.626,59.8,746.2,79.173
9/30/19 9:44,58.582,59.8,756.2,79.173
9/30/19 9:44,58.626,59.8,763.7,79.173
9/30/19 9:44,58.626,59.8,776.2,79.173
9/30/19 9:44,58.626,59.8,788.7,79.173
9/30/19 9:44,58.626,59.8,803.7,79.173
9/30/19 9:44,58.626,59.8,818.7,79.173
9/30/19 9:44,58.626,59.8,831.2,79.173
9/30/19 9:44,58.626,59.9,843.7,79.173
9/30/19 9:44,58.582,59.8,853.7,79.173
9/30/19 9:44,58.582,59.8,866.2,79.173
9/30/19 9:44,58.626,59.8,873.7,79.173
9/30/19 9:44,58.582,59.7,888.7,79.173
9/30/19 9:45,58.582,59.8,903.7,79.173
9/30/19 9:45,58.582,59.7,916.2,79.173
9/30/19 9:45,58.582,59.8,926.2,79.173
9/30/19 9:45,58.582,59.8,933.7,79.173
9/30/19 9:45,58.582,59.6,938.7,79.173
9/30/19 9:45,58.541,59.7,943.7,79.173
9/30/19 9:45,58.541,59.7,946.2,79.173
9/30/19 9:45,58.541,59.8,948.7,79.173
9/30/19 9:45,58.541,59.7,948.7,79.173
9/30/19 9:45,58.541,59.8,946.2,79.173
9/30/19 9:45,58.541,59.8,938.7,79.173
9/30/19 9:45,58.541,59.8,923.7,79.173
9/30/19 9:45,58.541,59.8,906.2,79.173
9/30/19 9:45,58.541,59.8,891.2,79.173
9/30/19 9:45,58.541,59.7,876.2,79.173
9/30/19 9:45,58.541,59.7,861.2,79.173
9/30/19 9:45,58.541,59.7,851.2,79.173
9/30/19 9:45,58.541,59.7,846.2,79.173
9/30/19 9:45,58.541,59.7,843.7,79.173
9/30/19 9:45,58.541,59.7,846.2,79.173
9/30/19 9:45,58.541,59.7,851.2,79.173
9/30/19 9:45,58.541,59.7,858.7,79.173
9/30/19 9:45,58.541,59.7,871.2,79.173
9/30/19 9:45,58.541,59.7,886.2,79.173
9/30/19 9:45,58.541,59.7,898.7,79.173
9/30/19 9:45,58.582,59.7,911.2,79.173
9/30/19 9:45,58.582,59.7,921.2,79.173
9/30/19 9:45,58.582,59.7,926.2,79.173
9/30/19 9:45,58.582,59.8,931.2,79.173
9/30/19 9:45,58.582,59.8,928.7,79.173
9/30/19 9:45,58.582,59.8,928.7,79.173
9/30/19 9:45,58.582,59.8,928.7,79.173
9/30/19 9:45,58.582,59.8,928.7,79.173
9/30/19 9:45,58.582,59.8,928.7,79.173
9/30/19 9:45,58.582,59.8,926.2,79.173
9/30/19 9:45,58.582,59.8,918.7,79.173
9/30/19 9:45,58.582,59.8,911.2,79.173
9/30/19 9:45,58.582,59.8,901.2,79.173
9/30/19 9:45,58.582,59.8,896.2,79.173
9/30/19 9:45,58.582,59.8,886.2,79.173
9/30/19 9:45,58.582,59.7,878.7,79.173
9/30/19 9:45,58.582,59.7,866.2,79.173
9/30/19 9:45,58.582,59.8,856.2,79.173
9/30/19 9:45,58.582,59.7,843.7,79.173
9/30/19 9:45,58.582,59.7,831.2,79.173
9/30/19 9:45,58.582,59.7,821.2,79.173
9/30/19 9:45,58.582,59.7,813.7,79.173
9/30/19 9:45,58.582,59.7,808.7,79.173
9/30/19 9:45,58.582,59.8,806.2,79.173
9/30/19 9:45,58.582,59.8,806.2,79.173
9/30/19 9:45,58.582,59.8,808.7,79.173
9/30/19 9:45,58.582,59.8,811.2,79.173
9/30/19 9:45,58.582,59.8,818.7,79.173
9/30/19 9:45,58.582,59.7,826.2,79.173
9/30/19 9:45,58.582,59.7,833.7,79.173
9/30/19 9:45,58.582,59.8,843.7,79.173
9/30/19 9:45,58.541,59.8,851.2,79.173
9/30/19 9:45,58.541,59.7,858.7,79.173
9/30/19 9:45,58.541,59.7,866.2,79.173
9/30/19 9:45,58.541,59.7,873.7,79.173
9/30/19 9:46,58.541,59.7,881.2,79.173
9/30/19 9:46,58.498,59.7,888.7,79.216
9/30/19 9:46,58.498,59.6,896.2,79.216
9/30/19 9:46,58.498,59.6,901.2,79.173
9/30/19 9:46,58.498,59.6,906.2,79.216
9/30/19 9:46,58.498,59.6,908.7,79.216
9/30/19 9:46,58.498,59.6,908.7,79.216
9/30/19 9:46,58.455,59.5,911.2,79.216
9/30/19 9:46,58.455,59.5,913.7,79.216
9/30/19 9:46,58.455,59.5,913.7,79.216
9/30/19 9:46,58.455,59.5,916.2,79.216
9/30/19 9:46,58.455,59.5,918.7,79.216
9/30/19 9:46,58.455,59.5,918.7,79.216
9/30/19 9:46,58.455,59.5,921.2,79.216
9/30/19 9:46,58.455,59.5,918.7,79.216
9/30/19 9:46,58.455,59.5,921.2,79.216
9/30/19 9:46,58.411,59.5,918.7,79.216
9/30/19 9:46,58.411,59.5,918.7,79.216
9/30/19 9:46,58.411,59.5,918.7,79.216
9/30/19 9:46,58.411,59.5,918.7,79.216
9/30/19 9:46,58.411,59.4,921.2,79.216
9/30/19 9:46,58.411,59.5,923.7,79.216
9/30/19 9:46,58.411,59.5,926.2,79.216
9/30/19 9:46,58.411,59.4,928.7,79.216
9/30/19 9:46,58.411,59.4,933.7,79.216
9/30/19 9:46,58.411,59.4,936.2,79.216
9/30/19 9:46,58.368,59.4,941.2,79.216
9/30/19 9:46,58.368,59.4,946.2,79.216
9/30/19 9:46,58.368,59.4,948.7,79.216
9/30/19 9:46,58.368,59.4,953.7,79.216
9/30/19 9:46,58.368,59.4,956.2,79.216
9/30/19 9:46,58.368,59.4,958.7,79.216
9/30/19 9:46,58.368,59.4,958.7,79.216
9/30/19 9:46,58.368,59.4,961.2,79.216
9/30/19 9:46,58.368,59.4,961.2,79.216
9/30/19 9:46,58.368,59.4,961.2,79.216
9/30/19 9:46,58.368,59.4,961.2,79.261
9/30/19 9:46,58.368,59.4,961.2,79.261
9/30/19 9:46,58.368,59.4,961.2,79.261
9/30/19 9:46,58.368,59.4,963.7,79.261
9/30/19 9:46,58.368,59.4,961.2,79.261
9/30/19 9:46,58.325,59.4,963.7,79.261
9/30/19 9:46,58.368,59.4,963.7,79.261
9/30/19 9:46,58.368,59.4,963.7,79.261
9/30/19 9:46,58.368,59.5,963.7,79.261
9/30/19 9:46,58.368,59.4,961.2,79.261
9/30/19 9:46,58.368,59.5,961.2,79.261
9/30/19 9:46,58.368,59.5,963.7,79.261
9/30/19 9:46,58.368,59.5,961.2,79.261
9/30/19 9:46,58.368,59.5,961.2,79.261
9/30/19 9:46,58.368,59.5,958.7,79.261
9/30/19 9:46,58.368,59.5,953.7,79.261
9/30/19 9:46,58.368,59.5,946.2,79.261
9/30/19 9:46,58.368,59.5,936.2,79.261
9/30/19 9:46,58.368,59.5,923.7,79.304
9/30/19 9:46,58.411,59.5,906.2,79.261
9/30/19 9:46,58.411,59.5,888.7,79.304
9/30/19 9:46,58.411,59.5,871.2,79.261
9/30/19 9:46,58.411,59.5,856.2,79.304
9/30/19 9:46,58.455,59.5,841.2,79.304
9/30/19 9:47,58.455,59.6,828.7,79.304
9/30/19 9:47,58.455,59.6,821.2,79.304
9/30/19 9:47,58.455,59.6,813.7,79.304
9/30/19 9:47,58.498,59.6,808.7,79.304
9/30/19 9:47,58.498,59.6,806.2,79.304
9/30/19 9:47,58.498,59.6,806.2,79.304
9/30/19 9:47,58.498,59.6,803.7,79.304
9/30/19 9:47,58.541,59.6,798.7,79.304
9/30/19 9:47,58.541,59.6,796.2,79.304
9/30/19 9:47,58.541,59.6,786.2,79.304
9/30/19 9:47,58.582,59.6,783.7,79.304
9/30/19 9:47,58.582,59.6,781.2,79.304
9/30/19 9:47,58.582,59.6,781.2,79.304
9/30/19 9:47,58.582,59.7,781.2,79.304
9/30/19 9:47,58.626,59.7,783.7,79.304
9/30/19 9:47,58.626,59.7,783.7,79.347
9/30/19 9:47,58.626,59.7,786.2,79.347
9/30/19 9:47,58.626,59.7,791.2,79.347
9/30/19 9:47,58.669,59.7,796.2,79.347
9/30/19 9:47,58.669,59.7,806.2,79.347
9/30/19 9:47,58.669,59.7,821.2,79.347
9/30/19 9:47,58.712,59.7,838.7,79.347
9/30/19 9:47,58.712,59.7,853.7,79.347
9/30/19 9:47,58.712,59.7,866.2,79.347
9/30/19 9:47,58.712,59.7,878.7,79.347
9/30/19 9:47,58.755,59.7,886.2,79.347
9/30/19 9:47,58.755,59.7,893.7,79.347
9/30/19 9:47,58.755,59.7,901.2,79.347
9/30/19 9:47,58.798,59.7,898.7,79.347
9/30/19 9:47,58.798,59.7,896.2,79.347
9/30/19 9:47,58.798,59.7,883.7,79.347
9/30/19 9:47,58.798,59.7,873.7,79.347
9/30/19 9:47,58.842,59.7,846.2,79.347
9/30/19 9:47,58.842,59.7,818.7,79.347
9/30/19 9:47,58.842,59.8,791.2,79.347
9/30/19 9:47,58.885,59.7,766.2,79.347
9/30/19 9:47,58.885,59.7,738.7,79.392
9/30/19 9:47,58.885,59.8,713.7,79.347
9/30/19 9:47,58.885,59.8,691.2,79.347
9/30/19 9:47,58.885,59.8,681.2,79.392
9/30/19 9:47,58.885,59.8,681.2,79.392
9/30/19 9:47,58.885,59.8,686.2,79.347
9/30/19 9:47,58.928,59.8,696.2,79.392
9/30/19 9:47,58.928,59.8,711.2,79.392
9/30/19 9:47,58.928,59.8,728.7,79.392
9/30/19 9:47,58.928,59.7,738.7,79.392
9/30/19 9:47,58.928,59.8,746.2,79.392
9/30/19 9:47,58.928,59.7,746.2,79.392
9/30/19 9:47,58.928,59.7,753.7,79.392
9/30/19 9:47,58.928,59.7,766.2,79.392
9/30/19 9:47,58.928,59.7,783.7,79.392
9/30/19 9:47,58.928,59.7,796.2,79.392
9/30/19 9:47,58.928,59.7,811.2,79.392
9/30/19 9:47,58.928,59.7,826.2,79.392
9/30/19 9:47,58.928,59.7,843.7,79.392
9/30/19 9:47,58.928,59.7,861.2,79.392
9/30/19 9:47,58.928,59.6,881.2,79.392
9/30/19 9:47,58.928,59.6,906.2,79.392
9/30/19 9:47,58.928,59.6,923.7,79.392
9/30/19 9:47,58.928,59.6,938.7,79.392
9/30/19 9:48,58.928,59.6,943.7,79.392
9/30/19 9:48,58.928,59.6,941.2,79.392
9/30/19 9:48,58.971,59.6,943.7,79.392
9/30/19 9:48,58.971,59.6,941.2,79.392
9/30/19 9:48,58.971,59.6,941.2,79.392
9/30/19 9:48,58.971,59.6,938.7,79.392
9/30/19 9:48,58.971,59.6,938.7,79.392
9/30/19 9:48,58.971,59.6,938.7,79.392
9/30/19 9:48,58.971,59.6,936.2,79.392
9/30/19 9:48,58.971,59.6,941.2,79.392
9/30/19 9:48,58.971,59.6,938.7,79.392
9/30/19 9:48,58.971,59.5,938.7,79.392
9/30/19 9:48,58.971,59.5,938.7,79.392
9/30/19 9:48,58.971,59.6,938.7,79.392
9/30/19 9:48,58.971,59.5,936.2,79.392
9/30/19 9:48,59.014,59.6,936.2,79.392
9/30/19 9:48,59.014,59.5,936.2,79.392
9/30/19 9:48,59.014,59.5,936.2,79.392
9/30/19 9:48,59.014,59.5,936.2,79.392
9/30/19 9:48,59.014,59.5,936.2,79.392
9/30/19 9:48,59.014,59.5,933.7,79.392
9/30/19 9:48,59.014,59.5,933.7,79.392
9/30/19 9:48,59.014,59.5,933.7,79.392
9/30/19 9:48,59.014,59.5,933.7,79.392
9/30/19 9:48,59.014,59.6,931.2,79.435
9/30/19 9:48,59.014,59.5,933.7,79.392
9/30/19 9:48,59.014,59.5,931.2,79.435
9/30/19 9:48,59.056,59.5,931.2,79.435
9/30/19 9:48,59.056,59.5,933.7,79.435
9/30/19 9:48,59.056,59.5,933.7,79.435
9/30/19 9:48,59.056,59.5,933.7,79.435
9/30/19 9:48,59.056,59.5,931.2,79.435
9/30/19 9:48,59.056,59.5,931.2,79.435
9/30/19 9:48,59.056,59.5,931.2,79.435
9/30/19 9:48,59.056,59.5,931.2,79.435
9/30/19 9:48,59.056,59.6,931.2,79.435
9/30/19 9:48,59.099,59.5,931.2,79.435
9/30/19 9:48,59.099,59.6,928.7,79.435
9/30/19 9:48,59.099,59.6,926.2,79.435
9/30/19 9:48,59.099,59.6,926.2,79.435
9/30/19 9:48,59.142,59.6,926.2,79.435
9/30/19 9:48,59.142,59.6,926.2,79.435
9/30/19 9:48,59.142,59.6,923.7,79.435
9/30/19 9:48,59.142,59.6,926.2,79.435
9/30/19 9:48,59.142,59.7,926.2,79.435
9/30/19 9:48,59.185,59.7,923.7,79.435
9/30/19 9:48,59.185,59.7,926.2,79.435
9/30/19 9:48,59.185,59.8,923.7,79.435
9/30/19 9:48,59.229,59.8,926.2,79.435
9/30/19 9:48,59.229,59.8,926.2,79.435
9/30/19 9:48,59.229,59.7,926.2,79.435
9/30/19 9:48,59.229,59.7,928.7,79.435
9/30/19 9:48,59.272,59.8,928.7,79.435
9/30/19 9:48,59.272,59.8,928.7,79.435
9/30/19 9:48,59.272,59.8,928.7,79.435
9/30/19 9:48,59.272,59.8,931.2,79.48
9/30/19 9:48,59.315,59.8,931.2,79.48
9/30/19 9:48,59.272,59.9,931.2,79.48
9/30/19 9:48,59.315,59.8,931.2,79.48
9/30/19 9:48,59.315,59.9,928.7,79.48
9/30/19 9:49,59.315,59.9,928.7,79.48
9/30/19 9:49,59.315,59.9,928.7,79.48
9/30/19 9:49,59.315,59.9,928.7,79.48
9/30/19 9:49,59.315,59.8,928.7,79.48
9/30/19 9:49,59.315,59.8,931.2,79.48
9/30/19 9:49,59.315,59.9,928.7,79.48
9/30/19 9:49,59.315,59.8,928.7,79.48
9/30/19 9:49,59.315,59.8,928.7,79.48
9/30/19 9:49,59.315,59.8,928.7,79.48
9/30/19 9:49,59.315,59.8,928.7,79.48
9/30/19 9:49,59.315,59.8,928.7,79.48
9/30/19 9:49,59.358,59.8,928.7,79.48
9/30/19 9:49,59.315,59.8,928.7,79.48
9/30/19 9:49,59.358,59.7,928.7,79.48
9/30/19 9:49,59.358,59.7,928.7,79.48
9/30/19 9:49,59.358,59.7,928.7,79.48
9/30/19 9:49,59.358,59.7,926.2,79.48
9/30/19 9:49,59.358,59.8,926.2,79.48
9/30/19 9:49,59.358,59.8,926.2,79.48
9/30/19 9:49,59.358,59.8,923.7,79.524
9/30/19 9:49,59.358,59.8,923.7,79.524
9/30/19 9:49,59.358,59.8,921.2,79.524
9/30/19 9:49,59.358,59.8,918.7,79.524
9/30/19 9:49,59.401,59.8,918.7,79.524
9/30/19 9:49,59.401,59.8,918.7,79.524
9/30/19 9:49,59.401,59.8,916.2,79.524
9/30/19 9:49,59.401,59.8,918.7,79.524
9/30/19 9:49,59.401,59.8,918.7,79.524
9/30/19 9:49,59.401,59.8,918.7,79.524
9/30/19 9:49,59.445,59.8,923.7,79.524
9/30/19 9:49,59.445,59.8,921.2,79.524
9/30/19 9:49,59.445,59.8,926.2,79.524
9/30/19 9:49,59.445,59.8,928.7,79.524
9/30/19 9:49,59.486,59.9,928.7,79.524
9/30/19 9:49,59.486,59.8,928.7,79.524
9/30/19 9:49,59.486,59.9,928.7,79.524
9/30/19 9:49,59.486,59.9,931.2,79.524
9/30/19 9:49,59.529,59.9,931.2,79.524
9/30/19 9:49,59.529,59.9,928.7,79.524
9/30/19 9:49,59.529,59.9,928.7,79.524
9/30/19 9:49,59.572,59.8,928.7,79.567
9/30/19 9:49,59.572,59.8,931.2,79.567
9/30/19 9:49,59.572,59.8,926.2,79.567
9/30/19 9:49,59.616,59.8,928.7,79.567
9/30/19 9:49,59.616,59.9,928.7,79.567
9/30/19 9:49,59.616,59.8,931.2,79.567
9/30/19 9:49,59.616,59.9,931.2,79.567
9/30/19 9:49,59.659,59.9,928.7,79.567
9/30/19 9:49,59.659,59.9,928.7,79.567
9/30/19 9:49,59.659,59.9,928.7,79.567
9/30/19 9:49,59.659,59.9,928.7,79.567
9/30/19 9:49,59.702,60,928.7,79.567
9/30/19 9:49,59.702,60,931.2,79.567
9/30/19 9:49,59.702,60,928.7,79.567
9/30/19 9:49,59.745,60,928.7,79.567
9/30/19 9:49,59.745,60,928.7,79.567
9/30/19 9:49,59.745,60,928.7,79.567
9/30/19 9:49,59.788,60,928.7,79.567
9/30/19 9:49,59.788,60.1,928.7,79.567
9/30/19 9:49,59.788,60.1,926.2,79.567
9/30/19 9:50,59.83,60.1,928.7,79.567
9/30/19 9:50,59.83,60.1,926.2,79.567
9/30/19 9:50,59.83,60.1,926.2,79.567
9/30/19 9:50,59.873,60.1,928.7,79.567
9/30/19 9:50,59.873,60.1,931.2,79.612
9/30/19 9:50,59.873,60.1,931.2,79.567
9/30/19 9:50,59.916,60.1,928.7,79.612
9/30/19 9:50,59.916,60.1,931.2,79.612
9/30/19 9:50,59.916,60.1,931.2,79.612
9/30/19 9:50,59.916,60,928.7,79.612
9/30/19 9:50,59.916,60,928.7,79.612
9/30/19 9:50,59.959,60,928.7,79.612
9/30/19 9:50,59.959,59.9,928.7,79.612
9/30/19 9:50,59.959,59.9,928.7,79.612
9/30/19 9:50,59.959,59.9,928.7,79.612
9/30/19 9:50,59.959,59.9,928.7,79.612
9/30/19 9:50,60.003,59.9,933.7,79.612
9/30/19 9:50,60.003,59.8,928.7,79.612
9/30/19 9:50,60.003,59.8,928.7,79.612
9/30/19 9:50,60.003,59.8,928.7,79.612
9/30/19 9:50,60.003,59.7,931.2,79.612
9/30/19 9:50,60.003,59.7,933.7,79.612
9/30/19 9:50,60.003,59.7,928.7,79.612
9/30/19 9:50,60.003,59.7,931.2,79.612
9/30/19 9:50,60.046,59.7,931.2,79.612
9/30/19 9:50,60.046,59.7,931.2,79.612
9/30/19 9:50,60.046,59.7,931.2,79.612
9/30/19 9:50,60.046,59.7,931.2,79.612
9/30/19 9:50,60.046,59.7,931.2,79.612
9/30/19 9:50,60.046,59.6,931.2,79.655
9/30/19 9:50,60.046,59.6,928.7,79.612
9/30/19 9:50,60.046,59.6,928.7,79.612
9/30/19 9:50,60.046,59.6,928.7,79.612
9/30/19 9:50,60.089,59.6,928.7,79.655
9/30/19 9:50,60.089,59.6,931.2,79.655
9/30/19 9:50,60.089,59.5,931.2,79.655
9/30/19 9:50,60.046,59.5,931.2,79.655
9/30/19 9:50,60.089,59.4,931.2,79.655
9/30/19 9:50,60.089,59.4,931.2,79.655
9/30/19 9:50,60.089,59.3,931.2,79.655
9/30/19 9:50,60.089,59.3,931.2,79.655
9/30/19 9:50,60.046,59.4,931.2,79.655
9/30/19 9:50,60.046,59.4,931.2,79.655
9/30/19 9:50,60.089,59.3,933.7,79.655
9/30/19 9:50,60.089,59.3,933.7,79.655
9/30/19 9:50,60.089,59.3,931.2,79.655
9/30/19 9:50,60.089,59.3,928.7,79.655
9/30/19 9:50,60.046,59.3,928.7,79.655
9/30/19 9:50,60.089,59.3,933.7,79.655
9/30/19 9:50,60.089,59.3,928.7,79.655
9/30/19 9:50,60.089,59.3,928.7,79.655
9/30/19 9:50,60.089,59.2,931.2,79.655
9/30/19 9:50,60.046,59.2,931.2,79.655
9/30/19 9:50,60.046,59.1,931.2,79.655
9/30/19 9:50,60.046,59.1,931.2,79.655
9/30/19 9:50,60.046,59.1,931.2,79.655
9/30/19 9:50,60.046,59.1,931.2,79.655
9/30/19 9:50,60.003,59,933.7,79.655
9/30/19 9:50,60.046,59,931.2,79.655
9/30/19 9:50,60.003,59,933.7,79.655
9/30/19 9:51,60.003,59,933.7,79.655
9/30/19 9:51,60.003,59,933.7,79.655
9/30/19 9:51,60.003,59,933.7,79.655
9/30/19 9:51,60.003,58.9,933.7,79.655
9/30/19 9:51,60.003,58.9,933.7,79.7
9/30/19 9:51,60.003,59,936.2,79.7
9/30/19 9:51,59.959,59,933.7,79.7
9/30/19 9:51,59.959,59,931.2,79.7
9/30/19 9:51,59.959,59,936.2,79.7
9/30/19 9:51,59.959,59,933.7,79.7
9/30/19 9:51,59.959,59.1,933.7,79.7
9/30/19 9:51,59.959,59.1,933.7,79.7
9/30/19 9:51,59.959,59.1,933.7,79.7
9/30/19 9:51,59.959,59.2,933.7,79.7
9/30/19 9:51,60.003,59.2,936.2,79.7
9/30/19 9:51,60.003,59.3,938.7,79.7
9/30/19 9:51,60.003,59.3,936.2,79.7
9/30/19 9:51,60.003,59.4,938.7,79.7
9/30/19 9:51,60.003,59.4,936.2,79.7
9/30/19 9:51,60.003,59.4,936.2,79.7
9/30/19 9:51,60.003,59.4,936.2,79.7
9/30/19 9:51,60.003,59.3,936.2,79.7
9/30/19 9:51,60.003,59.3,936.2,79.7
9/30/19 9:51,60.003,59.2,938.7,79.7
9/30/19 9:51,60.003,59.1,936.2,79.7
9/30/19 9:51,60.003,59.1,936.2,79.7
9/30/19 9:51,60.003,59,936.2,79.7
9/30/19 9:51,59.959,58.9,936.2,79.7
9/30/19 9:51,59.959,58.9,938.7,79.7
9/30/19 9:51,59.959,58.9,938.7,79.7
9/30/19 9:51,59.959,58.8,936.2,79.743
9/30/19 9:51,59.916,58.7,936.2,79.7
9/30/19 9:51,59.916,58.7,936.2,79.743
9/30/19 9:51,59.916,58.5,936.2,79.7
9/30/19 9:51,59.873,58.5,936.2,79.743
9/30/19 9:51,59.873,58.4,938.7,79.743
9/30/19 9:51,59.873,58.4,936.2,79.743
9/30/19 9:51,59.873,58.3,938.7,79.743
9/30/19 9:51,59.83,58.3,938.7,79.743
9/30/19 9:51,59.83,58.3,938.7,79.743
9/30/19 9:51,59.83,58.2,938.7,79.743
9/30/19 9:51,59.83,58.2,936.2,79.743
9/30/19 9:51,59.788,58.2,938.7,79.743
9/30/19 9:51,59.788,58.1,938.7,79.743
9/30/19 9:51,59.788,58.1,938.7,79.743
9/30/19 9:51,59.788,58.1,938.7,79.743
9/30/19 9:51,59.745,58,938.7,79.743
9/30/19 9:51,59.745,58,938.7,79.743
9/30/19 9:51,59.745,58,938.7,79.743
9/30/19 9:51,59.745,57.9,938.7,79.743
9/30/19 9:51,59.702,57.9,938.7,79.743
9/30/19 9:51,59.702,57.9,938.7,79.743
9/30/19 9:51,59.702,57.9,938.7,79.743
9/30/19 9:51,59.702,57.8,938.7,79.743
9/30/19 9:51,59.702,57.8,938.7,79.743
9/30/19 9:51,59.659,57.8,938.7,79.743
9/30/19 9:51,59.659,57.8,938.7,79.743
9/30/19 9:51,59.659,57.8,938.7,79.743
9/30/19 9:51,59.659,57.7,938.7,79.743
9/30/19 9:51,59.659,57.7,938.7,79.743
9/30/19 9:52,59.616,57.8,941.2,79.743
9/30/19 9:52,59.616,57.8,938.7,79.743
9/30/19 9:52,59.616,57.8,938.7,79.743
9/30/19 9:52,59.616,57.8,938.7,79.788
9/30/19 9:52,59.572,57.8,938.7,79.788
9/30/19 9:52,59.572,57.8,941.2,79.788
9/30/19 9:52,59.572,57.8,938.7,79.788
9/30/19 9:52,59.572,57.8,941.2,79.743
9/30/19 9:52,59.572,57.8,941.2,79.743
9/30/19 9:52,59.529,57.7,941.2,79.788
9/30/19 9:52,59.529,57.7,941.2,79.788
9/30/19 9:52,59.529,57.7,941.2,79.788
9/30/19 9:52,59.529,57.7,941.2,79.788
9/30/19 9:52,59.529,57.8,941.2,79.788
9/30/19 9:52,59.486,57.8,941.2,79.788
9/30/19 9:52,59.486,57.8,941.2,79.788
9/30/19 9:52,59.486,57.8,941.2,79.788
9/30/19 9:52,59.486,57.9,941.2,79.788
9/30/19 9:52,59.486,57.9,941.2,79.788
9/30/19 9:52,59.486,58,941.2,79.788
9/30/19 9:52,59.486,58,938.7,79.788
9/30/19 9:52,59.486,58,941.2,79.788
9/30/19 9:52,59.486,58,941.2,79.788
9/30/19 9:52,59.486,58,941.2,79.788
9/30/19 9:52,59.486,58,941.2,79.788
9/30/19 9:52,59.445,58,941.2,79.788
9/30/19 9:52,59.445,58,941.2,79.788
9/30/19 9:52,59.445,58,941.2,79.788
9/30/19 9:52,59.445,58,941.2,79.788
9/30/19 9:52,59.445,58,941.2,79.788
9/30/19 9:52,59.445,57.9,941.2,79.788
9/30/19 9:52,59.445,57.9,941.2,79.788
9/30/19 9:52,59.445,57.9,941.2,79.788
9/30/19 9:52,59.401,57.9,941.2,79.788
9/30/19 9:52,59.401,57.9,941.2,79.788
9/30/19 9:52,59.401,57.9,941.2,79.788
9/30/19 9:52,59.401,57.9,941.2,79.788
9/30/19 9:52,59.401,57.8,941.2,79.788
9/30/19 9:52,59.358,57.8,938.7,79.831
9/30/19 9:52,59.358,57.8,941.2,79.831
9/30/19 9:52,59.358,57.8,941.2,79.788
9/30/19 9:52,59.358,57.8,941.2,79.831
9/30/19 9:52,59.358,57.8,941.2,79.788
9/30/19 9:52,59.358,57.8,941.2,79.831
9/30/19 9:52,59.315,57.8,943.7,79.831
9/30/19 9:52,59.315,57.8,941.2,79.831
9/30/19 9:52,59.315,57.8,941.2,79.831
9/30/19 9:52,59.315,57.8,941.2,79.831
9/30/19 9:52,59.315,57.8,941.2,79.831
9/30/19 9:52,59.315,57.8,941.2,79.831
9/30/19 9:52,59.315,57.9,943.7,79.831
9/30/19 9:52,59.315,57.9,941.2,79.831
9/30/19 9:52,59.272,57.9,943.7,79.831
9/30/19 9:52,59.272,57.9,943.7,79.831
9/30/19 9:52,59.272,58,941.2,79.831
9/30/19 9:52,59.272,58,943.7,79.831
9/30/19 9:52,59.272,58,941.2,79.831
9/30/19 9:52,59.272,58,943.7,79.831
9/30/19 9:52,59.272,58.1,941.2,79.831
9/30/19 9:52,59.272,58.1,943.7,79.831
9/30/19 9:53,59.272,58.1,943.7,79.831
9/30/19 9:53,59.272,58.2,943.7,79.831
9/30/19 9:53,59.272,58.2,943.7,79.831
9/30/19 9:53,59.272,58.2,943.7,79.831
9/30/19 9:53,59.272,58.2,943.7,79.831
9/30/19 9:53,59.272,58.3,943.7,79.831
9/30/19 9:53,59.272,58.3,943.7,79.831
9/30/19 9:53,59.272,58.2,943.7,79.831
9/30/19 9:53,59.229,58.3,941.2,79.831
9/30/19 9:53,59.272,58.3,943.7,79.831
9/30/19 9:53,59.229,58.3,946.2,79.831
9/30/19 9:53,59.229,58.3,943.7,79.831
9/30/19 9:53,59.229,58.3,943.7,79.831
9/30/19 9:53,59.229,58.4,946.2,79.831
9/30/19 9:53,59.229,58.4,946.2,79.831
9/30/19 9:53,59.229,58.2,943.7,79.831
9/30/19 9:53,59.229,58.2,943.7,79.831
9/30/19 9:53,59.229,58.3,946.2,79.831
9/30/19 9:53,59.229,58.3,943.7,79.831
9/30/19 9:53,59.229,58.3,946.2,79.876
9/30/19 9:53,59.229,58.3,938.7,79.876
9/30/19 9:53,59.229,58.4,946.2,79.831
9/30/19 9:53,59.229,58.4,943.7,79.831
9/30/19 9:53,59.229,58.5,941.2,79.876
9/30/19 9:53,59.229,58.5,943.7,79.876
9/30/19 9:53,59.272,58.6,943.7,79.876
9/30/19 9:53,59.272,58.7,943.7,79.831
9/30/19 9:53,59.272,58.7,946.2,79.876
9/30/19 9:53,59.272,58.7,948.7,79.831
9/30/19 9:53,59.272,58.8,943.7,79.876
9/30/19 9:53,59.315,58.8,946.2,79.876
9/30/19 9:53,59.315,58.9,943.7,79.876
9/30/19 9:53,59.315,58.9,946.2,79.876
9/30/19 9:53,59.315,59,943.7,79.876
9/30/19 9:53,59.358,59,946.2,79.876
9/30/19 9:53,59.358,59.1,946.2,79.876
9/30/19 9:53,59.358,59.1,946.2,79.876
9/30/19 9:53,59.401,59.2,948.7,79.876
9/30/19 9:53,59.358,59.2,946.2,79.876
9/30/19 9:53,59.401,59.2,951.2,79.876
9/30/19 9:53,59.401,59.3,943.7,79.876
9/30/19 9:53,59.401,59.3,946.2,79.876
9/30/19 9:53,59.445,59.2,943.7,79.876
9/30/19 9:53,59.445,59.3,948.7,79.876
9/30/19 9:53,59.445,59.3,946.2,79.876
9/30/19 9:53,59.445,59.4,946.2,79.876
9/30/19 9:53,59.486,59.4,946.2,79.876
9/30/19 9:53,59.486,59.5,948.7,79.876
9/30/19 9:53,59.486,59.5,946.2,79.876
9/30/19 9:53,59.486,59.5,948.7,79.876
9/30/19 9:53,59.486,59.5,946.2,79.876
9/30/19 9:53,59.486,59.5,948.7,79.876
9/30/19 9:53,59.486,59.5,946.2,79.876
9/30/19 9:53,59.486,59.5,948.7,79.876
9/30/19 9:53,59.486,59.4,948.7,79.876
9/30/19 9:53,59.529,59.4,946.2,79.876
9/30/19 9:53,59.529,59.4,946.2,79.876
9/30/19 9:53,59.486,59.4,951.2,79.876
9/30/19 9:53,59.486,59.4,948.7,79.876
9/30/19 9:53,59.486,59.4,948.7,79.876
9/30/19 9:54,59.529,59.4,948.7,79.876
9/30/19 9:54,59.529,59.3,951.2,79.876
9/30/19 9:54,59.529,59.3,948.7,79.876
9/30/19 9:54,59.529,59.3,951.2,79.876
9/30/19 9:54,59.529,59.3,951.2,79.876
9/30/19 9:54,59.529,59.3,951.2,79.876
9/30/19 9:54,59.529,59.3,951.2,79.876
9/30/19 9:54,59.529,59.3,951.2,79.876
9/30/19 9:54,59.572,59.3,951.2,79.876
9/30/19 9:54,59.572,59.3,948.7,79.876
9/30/19 9:54,59.572,59.3,948.7,79.876
9/30/19 9:54,59.572,59.3,951.2,79.876
9/30/19 9:54,59.616,59.3,948.7,79.876
9/30/19 9:54,59.616,59.3,951.2,79.876
9/30/19 9:54,59.616,59.3,951.2,79.92
9/30/19 9:54,59.616,59.3,951.2,79.92
9/30/19 9:54,59.659,59.3,951.2,79.92
9/30/19 9:54,59.659,59.4,951.2,79.92
9/30/19 9:54,59.659,59.3,951.2,79.92
9/30/19 9:54,59.659,59.4,948.7,79.92
9/30/19 9:54,59.702,59.4,948.7,79.876
9/30/19 9:54,59.702,59.4,951.2,79.92
9/30/19 9:54,59.702,59.4,951.2,79.92
9/30/19 9:54,59.745,59.4,951.2,79.92
9/30/19 9:54,59.745,59.4,951.2,79.92
9/30/19 9:54,59.745,59.4,951.2,79.92
9/30/19 9:54,59.745,59.4,951.2,79.92
9/30/19 9:54,59.788,59.4,951.2,79.92
9/30/19 9:54,59.788,59.4,951.2,79.92
9/30/19 9:54,59.788,59.5,951.2,79.92
9/30/19 9:54,59.83,59.5,953.7,79.92
9/30/19 9:54,59.83,59.5,951.2,79.92
9/30/19 9:54,59.83,59.5,953.7,79.92
9/30/19 9:54,59.83,59.5,953.7,79.92
9/30/19 9:54,59.873,59.5,953.7,79.92
9/30/19 9:54,59.873,59.6,951.2,79.92
9/30/19 9:54,59.873,59.6,953.7,79.92
9/30/19 9:54,59.873,59.6,953.7,79.876
9/30/19 9:54,59.916,59.5,953.7,79.92
9/30/19 9:54,59.916,59.5,951.2,79.92
9/30/19 9:54,59.916,59.5,951.2,79.92
9/30/19 9:54,59.916,59.4,953.7,79.92
9/30/19 9:54,59.916,59.4,951.2,79.92
9/30/19 9:54,59.916,59.4,953.7,79.92
9/30/19 9:54,59.916,59.3,953.7,79.92
9/30/19 9:54,59.916,59.4,953.7,79.92
9/30/19 9:54,59.916,59.4,951.2,79.92
9/30/19 9:54,59.916,59.3,953.7,79.92
9/30/19 9:54,59.916,59.3,953.7,79.92
9/30/19 9:54,59.916,59.2,953.7,79.92
9/30/19 9:54,59.916,59.2,953.7,79.92
9/30/19 9:54,59.916,59.1,956.2,79.92
9/30/19 9:54,59.916,59.1,953.7,79.92
9/30/19 9:54,59.916,59.1,953.7,79.92
9/30/19 9:54,59.916,59,953.7,79.92
9/30/19 9:54,59.916,59,953.7,79.92
9/30/19 9:54,59.916,59,956.2,79.92
9/30/19 9:54,59.916,59,953.7,79.92
9/30/19 9:54,59.916,59,956.2,79.92
9/30/19 9:54,59.916,58.9,956.2,79.92
9/30/19 9:55,59.916,59,956.2,79.92
9/30/19 9:55,59.916,59,956.2,79.92
9/30/19 9:55,59.916,58.9,953.7,79.92
9/30/19 9:55,59.959,58.9,956.2,79.92
9/30/19 9:55,59.959,58.9,956.2,79.92
9/30/19 9:55,59.959,58.9,953.7,79.92
9/30/19 9:55,59.959,58.9,953.7,79.92
9/30/19 9:55,59.959,59,953.7,79.92
9/30/19 9:55,59.959,59,956.2,79.92
9/30/19 9:55,60.003,59,956.2,79.92
9/30/19 9:55,60.003,59,956.2,79.92
9/30/19 9:55,60.003,59,956.2,79.92
9/30/19 9:55,60.003,59,956.2,79.92
9/30/19 9:55,60.003,59,958.7,79.92
9/30/19 9:55,60.046,59,958.7,79.92
9/30/19 9:55,60.046,59,958.7,79.92
9/30/19 9:55,60.046,59,956.2,79.92
9/30/19 9:55,60.046,59,956.2,79.92
9/30/19 9:55,60.046,59,956.2,79.92
9/30/19 9:55,60.089,59,956.2,79.92
9/30/19 9:55,60.089,59,956.2,79.92
9/30/19 9:55,60.089,59,956.2,79.92
9/30/19 9:55,60.089,59.1,956.2,79.92
9/30/19 9:55,60.089,59.1,956.2,79.92
9/30/19 9:55,60.132,59.1,956.2,79.92
9/30/19 9:55,60.132,59.1,956.2,79.92
9/30/19 9:55,60.132,59.1,956.2,79.963
9/30/19 9:55,60.132,59.1,956.2,79.963
9/30/19 9:55,60.132,59.1,956.2,79.92
9/30/19 9:55,60.174,59.1,958.7,79.963
9/30/19 9:55,60.174,59.1,956.2,79.92
9/30/19 9:55,60.174,59.1,958.7,79.92
9/30/19 9:55,60.174,59.1,958.7,79.963
9/30/19 9:55,60.174,59.1,958.7,79.963
9/30/19 9:55,60.217,59.1,958.7,79.963
9/30/19 9:55,60.217,59.1,956.2,79.963
9/30/19 9:55,60.217,59.1,956.2,79.963
9/30/19 9:55,60.217,59.1,956.2,79.963
9/30/19 9:55,60.217,59.1,956.2,79.963
9/30/19 9:55,60.217,59.1,956.2,79.963
9/30/19 9:55,60.26,59.1,956.2,79.963
9/30/19 9:55,60.26,59.2,956.2,79.963
9/30/19 9:55,60.26,59.2,958.7,79.963
9/30/19 9:55,60.26,59.2,956.2,79.963
9/30/19 9:55,60.303,59.2,958.7,79.963
9/30/19 9:55,60.303,59.3,958.7,79.963
9/30/19 9:55,60.303,59.3,961.2,79.963
9/30/19 9:55,60.303,59.3,958.7,79.963
9/30/19 9:55,60.346,59.3,958.7,79.963
9/30/19 9:55,60.346,59.4,958.7,79.963
9/30/19 9:55,60.346,59.4,958.7,79.963
9/30/19 9:55,60.346,59.4,958.7,79.963
9/30/19 9:55,60.39,59.3,958.7,79.963
9/30/19 9:55,60.39,59.3,956.2,79.963
9/30/19 9:55,60.39,59.4,953.7,79.963
9/30/19 9:55,60.39,59.4,958.7,79.963
9/30/19 9:55,60.433,59.4,961.2,79.963
9/30/19 9:55,60.433,59.4,958.7,79.963
9/30/19 9:55,60.433,59.4,958.7,79.963
9/30/19 9:55,60.433,59.5,958.7,79.963
9/30/19 9:56,60.474,59.5,958.7,79.963
9/30/19 9:56,60.474,59.5,961.2,79.963
9/30/19 9:56,60.474,59.5,958.7,79.963
9/30/19 9:56,60.517,59.5,961.2,79.963
9/30/19 9:56,60.517,59.5,958.7,80.008
9/30/19 9:56,60.517,59.6,958.7,79.963
9/30/19 9:56,60.517,59.6,961.2,80.008
9/30/19 9:56,60.517,59.6,961.2,80.008
9/30/19 9:56,60.517,59.6,961.2,80.008
9/30/19 9:56,60.561,59.6,961.2,80.008
9/30/19 9:56,60.561,59.6,961.2,80.008
9/30/19 9:56,60.561,59.6,961.2,80.008
9/30/19 9:56,60.561,59.6,961.2,80.008
9/30/19 9:56,60.561,59.6,961.2,80.008
9/30/19 9:56,60.561,59.6,961.2,80.008
9/30/19 9:56,60.561,59.6,961.2,80.008
9/30/19 9:56,60.561,59.6,963.7,80.008
9/30/19 9:56,60.604,59.6,961.2,80.008
9/30/19 9:56,60.604,59.6,963.7,80.008
9/30/19 9:56,60.604,59.6,963.7,80.008
9/30/19 9:56,60.604,59.6,958.7,80.008
9/30/19 9:56,60.604,59.6,961.2,80.008
9/30/19 9:56,60.647,59.6,961.2,80.008
9/30/19 9:56,60.647,59.6,963.7,80.008
9/30/19 9:56,60.647,59.6,961.2,80.008
9/30/19 9:56,60.69,59.6,961.2,80.008
9/30/19 9:56,60.69,59.6,961.2,80.008
9/30/19 9:56,60.69,59.6,963.7,80.008
9/30/19 9:56,60.69,59.5,963.7,80.008
9/30/19 9:56,60.69,59.4,963.7,80.008
9/30/19 9:56,60.733,59.3,963.7,80.008
9/30/19 9:56,60.733,59.4,963.7,80.008
9/30/19 9:56,60.733,59.3,963.7,80.008
9/30/19 9:56,60.733,59.2,963.7,80.008
9/30/19 9:56,60.733,59.1,963.7,80.008
9/30/19 9:56,60.775,59,963.7,80.008
9/30/19 9:56,60.775,58.9,966.2,80.008
9/30/19 9:56,60.775,58.9,963.7,80.008
9/30/19 9:56,60.775,58.9,963.7,80.008
9/30/19 9:56,60.775,58.9,963.7,80.008
9/30/19 9:56,60.775,58.8,966.2,80.008
9/30/19 9:56,60.775,58.8,963.7,80.008
9/30/19 9:56,60.818,58.8,966.2,80.008
9/30/19 9:56,60.818,58.8,963.7,80.008
9/30/19 9:56,60.818,58.8,966.2,80.008
9/30/19 9:56,60.818,58.9,966.2,80.008
9/30/19 9:56,60.818,59,966.2,80.008
9/30/19 9:56,60.861,58.8,966.2,80.008
9/30/19 9:56,60.861,59,963.7,80.008
9/30/19 9:56,60.861,58.9,963.7,80.008
9/30/19 9:56,60.861,59,966.2,80.008
9/30/19 9:56,60.861,58.9,966.2,80.008
9/30/19 9:56,60.861,58.9,963.7,80.008
9/30/19 9:56,60.904,58.9,963.7,80.008
9/30/19 9:56,60.904,58.8,966.2,80.008
9/30/19 9:56,60.904,58.8,966.2,80.008
9/30/19 9:56,60.904,58.8,966.2,80.008
9/30/19 9:56,60.904,58.7,966.2,80.051
9/30/19 9:56,60.904,58.7,966.2,80.008
9/30/19 9:56,60.904,58.6,968.7,80.008
9/30/19 9:57,60.904,58.6,966.2,80.051
9/30/19 9:57,60.904,58.6,966.2,80.051
9/30/19 9:57,60.948,58.6,968.7,80.051
9/30/19 9:57,60.948,58.6,966.2,80.051
9/30/19 9:57,60.948,58.6,966.2,80.051
9/30/19 9:57,60.948,58.6,966.2,80.051
9/30/19 9:57,60.948,58.6,966.2,80.051
9/30/19 9:57,60.948,58.6,966.2,80.051
9/30/19 9:57,60.948,58.6,966.2,80.051
9/30/19 9:57,60.948,58.6,968.7,80.051
9/30/19 9:57,60.948,58.6,966.2,80.051
9/30/19 9:57,60.991,58.7,966.2,80.051
9/30/19 9:57,60.991,58.7,968.7,80.051
9/30/19 9:57,60.991,58.7,966.2,80.051
9/30/19 9:57,60.991,58.7,968.7,80.051
9/30/19 9:57,60.991,58.7,966.2,80.051
9/30/19 9:57,60.991,58.7,968.7,80.051
9/30/19 9:57,60.991,58.7,966.2,80.051
9/30/19 9:57,60.991,58.7,968.7,80.051
9/30/19 9:57,61.032,58.7,966.2,80.051
9/30/19 9:57,61.032,58.7,968.7,80.051
9/30/19 9:57,61.032,58.7,968.7,80.051
9/30/19 9:57,61.032,58.7,968.7,80.051
9/30/19 9:57,61.032,58.7,966.2,80.051
9/30/19 9:57,61.032,58.7,966.2,80.051
9/30/19 9:57,61.032,58.7,968.7,80.051
9/30/19 9:57,61.032,58.7,966.2,80.051
9/30/19 9:57,61.075,58.7,971.2,80.051
9/30/19 9:57,61.075,58.7,968.7,80.051
9/30/19 9:57,61.075,58.7,968.7,80.051
9/30/19 9:57,61.075,58.7,968.7,80.051
9/30/19 9:57,61.075,58.7,971.2,80.051
9/30/19 9:57,61.075,58.7,971.2,80.051
9/30/19 9:57,61.075,58.8,968.7,80.051
9/30/19 9:57,61.075,58.8,971.2,80.051
9/30/19 9:57,61.075,58.9,968.7,80.051
9/30/19 9:57,61.119,58.9,971.2,80.051
9/30/19 9:57,61.119,59,968.7,80.051
9/30/19 9:57,61.119,59,968.7,80.051
9/30/19 9:57,61.119,59.1,968.7,80.051
9/30/19 9:57,61.119,59.1,968.7,80.051
9/30/19 9:57,61.162,59.1,971.2,80.051
9/30/19 9:57,61.162,59.2,971.2,80.051
9/30/19 9:57,61.162,59.2,968.7,80.051
9/30/19 9:57,61.162,59.2,971.2,80.051
9/30/19 9:57,61.162,59.2,971.2,80.051
9/30/19 9:57,61.162,59.2,971.2,80.051
9/30/19 9:57,61.205,59.2,971.2,80.051
9/30/19 9:57,61.205,59.2,971.2,80.051
9/30/19 9:57,61.205,59.2,971.2,80.051
9/30/19 9:57,61.205,59.2,971.2,80.051
9/30/19 9:57,61.205,59.1,971.2,80.051
9/30/19 9:57,61.205,59.1,971.2,80.051
9/30/19 9:57,61.248,59.1,971.2,80.051
9/30/19 9:57,61.205,59,968.7,80.051
9/30/19 9:57,61.248,58.9,971.2,80.051
9/30/19 9:57,61.248,58.9,971.2,80.096
9/30/19 9:57,61.248,58.8,973.7,80.096
9/30/19 9:57,61.248,58.8,971.2,80.051
9/30/19 9:57,61.248,58.7,971.2,80.051
9/30/19 9:58,61.248,58.6,971.2,80.096
9/30/19 9:58,61.248,58.6,973.7,80.096
9/30/19 9:58,61.248,58.5,971.2,80.051
9/30/19 9:58,61.248,58.5,971.2,80.096
9/30/19 9:58,61.248,58.5,971.2,80.096
9/30/19 9:58,61.248,58.4,971.2,80.096
9/30/19 9:58,61.248,58.4,973.7,80.096
9/30/19 9:58,61.248,58.4,971.2,80.096
9/30/19 9:58,61.248,58.4,973.7,80.096
9/30/19 9:58,61.248,58.4,973.7,80.096
9/30/19 9:58,61.248,58.4,971.2,80.096
9/30/19 9:58,61.29,58.3,973.7,80.051
9/30/19 9:58,61.248,58.3,973.7,80.096
9/30/19 9:58,61.248,58.2,973.7,80.096
9/30/19 9:58,61.248,58.2,973.7,80.096
9/30/19 9:58,61.248,58.2,973.7,80.096
9/30/19 9:58,61.29,58.2,976.2,80.096
9/30/19 9:58,61.29,58.1,973.7,80.096
9/30/19 9:58,61.248,58.1,973.7,80.096
9/30/19 9:58,61.29,58.1,973.7,80.096
9/30/19 9:58,61.29,58.1,976.2,80.096
9/30/19 9:58,61.29,58.1,973.7,80.096
9/30/19 9:58,61.29,58,973.7,80.096
9/30/19 9:58,61.29,58,973.7,80.096
9/30/19 9:58,61.29,58,971.2,80.096
9/30/19 9:58,61.29,58,971.2,80.096
9/30/19 9:58,61.29,58,973.7,80.096
9/30/19 9:58,61.29,58,973.7,80.096
9/30/19 9:58,61.29,58,971.2,80.096
9/30/19 9:58,61.29,58,973.7,80.096
9/30/19 9:58,61.333,58,973.7,80.096
9/30/19 9:58,61.333,58.1,973.7,80.096
9/30/19 9:58,61.333,58.2,973.7,80.096
9/30/19 9:58,61.333,58.3,973.7,80.096
9/30/19 9:58,61.333,58.4,976.2,80.096
9/30/19 9:58,61.376,58.4,976.2,80.096
9/30/19 9:58,61.333,58.6,976.2,80.096
9/30/19 9:58,61.376,58.7,976.2,80.096
9/30/19 9:58,61.376,58.8,976.2,80.096
9/30/19 9:58,61.376,58.9,976.2,80.096
9/30/19 9:58,61.419,58.9,976.2,80.096
9/30/19 9:58,61.419,59,976.2,80.096
9/30/19 9:58,61.419,58.9,976.2,80.096
9/30/19 9:58,61.419,59,973.7,80.096
9/30/19 9:58,61.419,58.9,976.2,80.096
9/30/19 9:58,61.419,59,976.2,80.096
9/30/19 9:58,61.462,58.9,976.2,80.096
9/30/19 9:58,61.462,58.9,976.2,80.096
9/30/19 9:58,61.462,58.8,976.2,80.096
9/30/19 9:58,61.462,58.7,976.2,80.096
9/30/19 9:58,61.462,58.6,976.2,80.096
9/30/19 9:58,61.462,58.6,978.7,80.096
9/30/19 9:58,61.462,58.5,976.2,80.096
9/30/19 9:58,61.462,58.5,976.2,80.096
9/30/19 9:58,61.462,58.5,976.2,80.096
9/30/19 9:58,61.462,58.4,978.7,80.096
9/30/19 9:58,61.462,58.4,978.7,80.096
9/30/19 9:58,61.462,58.4,978.7,80.096
9/30/19 9:58,61.462,58.4,978.7,80.096
9/30/19 9:58,61.462,58.5,976.2,80.096
9/30/19 9:59,61.462,58.5,976.2,80.096
9/30/19 9:59,61.462,58.6,976.2,80.139
9/30/19 9:59,61.462,58.6,978.7,80.096
9/30/19 9:59,61.462,58.7,978.7,80.139
9/30/19 9:59,61.462,58.7,978.7,80.096
9/30/19 9:59,61.462,58.8,978.7,80.139
9/30/19 9:59,61.462,58.7,978.7,80.096
9/30/19 9:59,61.462,58.7,978.7,80.139
9/30/19 9:59,61.462,58.7,976.2,80.139
9/30/19 9:59,61.462,58.6,978.7,80.139
9/30/19 9:59,61.462,58.6,978.7,80.139
9/30/19 9:59,61.462,58.6,978.7,80.139
9/30/19 9:59,61.462,58.6,976.2,80.139
9/30/19 9:59,61.462,58.5,978.7,80.139
9/30/19 9:59,61.462,58.5,976.2,80.139
9/30/19 9:59,61.462,58.4,978.7,80.139
9/30/19 9:59,61.462,58.4,978.7,80.139
9/30/19 9:59,61.462,58.5,978.7,80.139
9/30/19 9:59,61.462,58.4,978.7,80.139
9/30/19 9:59,61.462,58.3,978.7,80.139
9/30/19 9:59,61.462,58.3,978.7,80.139
9/30/19 9:59,61.462,58.3,978.7,80.139
9/30/19 9:59,61.462,58.3,978.7,80.139
9/30/19 9:59,61.462,58.2,976.2,80.139
9/30/19 9:59,61.462,58.2,978.7,80.139
9/30/19 9:59,61.462,58.2,981.2,80.139
9/30/19 9:59,61.462,58.2,978.7,80.139
9/30/19 9:59,61.462,58.2,981.2,80.139
9/30/19 9:59,61.462,58.2,978.7,80.139
9/30/19 9:59,61.462,58.2,978.7,80.139
9/30/19 9:59,61.462,58.2,978.7,80.139
9/30/19 9:59,61.462,58.2,978.7,80.139
9/30/19 9:59,61.462,58.2,978.7,80.139
9/30/19 9:59,61.462,58.2,981.2,80.139
9/30/19 9:59,61.462,58.3,978.7,80.139
9/30/19 9:59,61.462,58.3,981.2,80.139
9/30/19 9:59,61.462,58.4,981.2,80.139
9/30/19 9:59,61.462,58.5,981.2,80.139
9/30/19 9:59,61.462,58.4,981.2,80.139
9/30/19 9:59,61.462,58.5,981.2,80.139
9/30/19 9:59,61.462,58.5,978.7,80.139
9/30/19 9:59,61.462,58.5,981.2,80.139
9/30/19 9:59,61.462,58.5,981.2,80.139
9/30/19 9:59,61.419,58.5,983.7,80.139
9/30/19 9:59,61.462,58.4,981.2,80.139
9/30/19 9:59,61.419,58.4,981.2,80.139
9/30/19 9:59,61.462,58.4,981.2,80.139
9/30/19 9:59,61.419,58.3,983.7,80.139
9/30/19 9:59,61.419,58.3,981.2,80.139
9/30/19 9:59,61.419,58.2,981.2,80.139
9/30/19 9:59,61.419,58.2,981.2,80.139
9/30/19 9:59,61.419,58.2,981.2,80.139
9/30/19 9:59,61.419,58.2,981.2,80.139
9/30/19 9:59,61.419,58.1,983.7,80.139
9/30/19 9:59,61.376,58.1,981.2,80.139
9/30/19 9:59,61.376,58,981.2,80.139
9/30/19 9:59,61.376,58,981.2,80.139
9/30/19 9:59,61.376,57.9,983.7,80.139
9/30/19 9:59,61.376,57.9,983.7,80.139
9/30/19 9:59,61.376,57.9,981.2,80.139
9/30/19 10:00,61.333,57.8,981.2,80.139
9/30/19 10:00,61.333,57.9,981.2,80.139
9/30/19 10:00,61.333,57.9,981.2,80.139
9/30/19 10:00,61.333,57.9,981.2,80.139
9/30/19 10:00,61.333,57.9,981.2,80.139
9/30/19 10:00,61.333,57.8,983.7,80.139
9/30/19 10:00,61.29,57.8,983.7,80.139
9/30/19 10:00,61.29,57.7,983.7,80.139
9/30/19 10:00,61.29,57.7,981.2,80.139
9/30/19 10:00,61.29,57.6,981.2,80.139
9/30/19 10:00,61.29,57.6,983.7,80.139
9/30/19 10:00,61.29,57.6,983.7,80.139
9/30/19 10:00,61.29,57.6,981.2,80.139
9/30/19 10:00,61.248,57.6,983.7,80.139
9/30/19 10:00,61.248,57.5,983.7,80.184
9/30/19 10:00,61.248,57.6,983.7,80.184
9/30/19 10:00,61.248,57.6,983.7,80.184
9/30/19 10:00,61.248,57.5,983.7,80.184
9/30/19 10:00,61.205,57.5,983.7,80.184
9/30/19 10:00,61.205,57.5,983.7,80.139
9/30/19 10:00,61.205,57.5,983.7,80.184
9/30/19 10:00,61.205,57.5,981.2,80.139
9/30/19 10:00,61.205,57.5,983.7,80.184
9/30/19 10:00,61.205,57.5,983.7,80.184
9/30/19 10:00,61.205,57.5,983.7,80.184
9/30/19 10:00,61.205,57.5,981.2,80.184
9/30/19 10:00,61.162,57.5,983.7,80.184
9/30/19 10:00,61.205,57.5,983.7,80.184
9/30/19 10:00,61.162,57.5,983.7,80.184
9/30/19 10:00,61.162,57.5,981.2,80.184
9/30/19 10:00,61.162,57.6,983.7,80.184
9/30/19 10:00,61.162,57.6,983.7,80.184
9/30/19 10:00,61.162,57.7,983.7,80.184
9/30/19 10:00,61.162,57.7,983.7,80.184
9/30/19 10:00,61.162,57.8,983.7,80.184
9/30/19 10:00,61.162,57.9,983.7,80.184
9/30/19 10:00,61.162,57.8,983.7,80.184
9/30/19 10:00,61.162,57.9,983.7,80.184
9/30/19 10:00,61.162,57.9,983.7,80.184
9/30/19 10:00,61.162,57.9,986.2,80.184
9/30/19 10:00,61.162,57.9,983.7,80.184
9/30/19 10:00,61.162,57.9,986.2,80.184
9/30/19 10:00,61.162,57.8,986.2,80.184
9/30/19 10:00,61.162,57.9,986.2,80.184
9/30/19 10:00,61.162,57.8,983.7,80.184
9/30/19 10:00,61.162,57.7,986.2,80.184
9/30/19 10:00,61.162,57.7,988.7,80.184
9/30/19 10:00,61.162,57.6,988.7,80.184
9/30/19 10:00,61.162,57.5,986.2,80.184
9/30/19 10:00,61.162,57.4,988.7,80.184
9/30/19 10:00,61.162,57.3,986.2,80.184
9/30/19 10:00,61.162,57.4,986.2,80.184
9/30/19 10:00,61.119,57.3,986.2,80.184
9/30/19 10:00,61.119,57.2,986.2,80.184
9/30/19 10:00,61.119,57.1,986.2,80.184
9/30/19 10:00,61.119,57,986.2,80.184
9/30/19 10:00,61.119,56.9,986.2,80.184
9/30/19 10:00,61.119,56.9,988.7,80.184
9/30/19 10:00,61.119,56.8,988.7,80.184
9/30/19 10:00,61.075,56.8,988.7,80.184
9/30/19 10:01,61.075,56.8,988.7,80.184
9/30/19 10:01,61.075,56.7,986.2,80.184
9/30/19 10:01,61.075,56.7,988.7,80.184
9/30/19 10:01,61.075,56.7,988.7,80.184
9/30/19 10:01,61.075,56.7,988.7,80.184
9/30/19 10:01,61.075,56.7,988.7,80.184
9/30/19 10:01,61.032,56.7,988.7,80.184
9/30/19 10:01,61.032,56.8,988.7,80.184
9/30/19 10:01,61.032,56.8,988.7,80.184
9/30/19 10:01,61.032,56.8,988.7,80.184
9/30/19 10:01,61.032,56.8,988.7,80.184
9/30/19 10:01,61.032,56.8,988.7,80.184
9/30/19 10:01,61.032,56.8,988.7,80.184
9/30/19 10:01,61.032,56.8,988.7,80.184
9/30/19 10:01,61.032,56.8,988.7,80.184
9/30/19 10:01,60.991,56.7,988.7,80.184
9/30/19 10:01,60.991,56.7,988.7,80.184
9/30/19 10:01,60.991,56.7,988.7,80.184
9/30/19 10:01,60.991,56.7,988.7,80.184
9/30/19 10:01,60.991,56.7,988.7,80.184
9/30/19 10:01,60.991,56.7,988.7,80.184
9/30/19 10:01,60.991,56.7,988.7,80.184
9/30/19 10:01,60.991,56.7,991.2,80.184
9/30/19 10:01,60.991,56.7,988.7,80.184
9/30/19 10:01,60.948,56.7,991.2,80.184
9/30/19 10:01,60.948,56.7,988.7,80.184
9/30/19 10:01,60.948,56.7,988.7,80.184
9/30/19 10:01,60.948,56.7,991.2,80.184
9/30/19 10:01,60.948,56.7,991.2,80.184
9/30/19 10:01,60.948,56.7,988.7,80.184
9/30/19 10:01,60.948,56.7,991.2,80.184
9/30/19 10:01,60.948,56.7,991.2,80.184
9/30/19 10:01,60.948,56.7,988.7,80.184
9/30/19 10:01,60.948,56.7,988.7,80.184
9/30/19 10:01,60.948,56.7,988.7,80.184
9/30/19 10:01,60.904,56.7,991.2,80.184
9/30/19 10:01,60.904,56.7,991.2,80.184
9/30/19 10:01,60.904,56.8,991.2,80.184
9/30/19 10:01,60.904,56.8,991.2,80.184
9/30/19 10:01,60.904,56.8,991.2,80.184
9/30/19 10:01,60.904,56.8,991.2,80.184
9/30/19 10:01,60.904,56.8,991.2,80.184
9/30/19 10:01,60.904,56.8,991.2,80.184
9/30/19 10:01,60.904,56.8,991.2,80.184
9/30/19 10:01,60.904,56.8,991.2,80.184
9/30/19 10:01,60.904,56.9,991.2,80.139
9/30/19 10:01,60.904,56.9,991.2,80.184
9/30/19 10:01,60.861,56.9,991.2,80.139
9/30/19 10:01,60.861,57,991.2,80.184
9/30/19 10:01,60.861,57,991.2,80.184
9/30/19 10:01,60.861,57,991.2,80.184
9/30/19 10:01,60.861,57.1,993.7,80.139
9/30/19 10:01,60.861,57.1,993.7,80.184
9/30/19 10:01,60.861,57.1,988.7,80.184
9/30/19 10:01,60.861,57.2,991.2,80.184
9/30/19 10:01,60.861,57.2,991.2,80.139
9/30/19 10:01,60.861,57.3,991.2,80.139
9/30/19 10:01,60.861,57.3,993.7,80.139
9/30/19 10:01,60.818,57.3,993.7,80.139
9/30/19 10:01,60.818,57.4,993.7,80.184
9/30/19 10:02,60.818,57.6,991.2,80.139
9/30/19 10:02,60.818,57.6,991.2,80.139
9/30/19 10:02,60.818,57.6,991.2,80.139
9/30/19 10:02,60.818,57.6,993.7,80.184
9/30/19 10:02,60.818,57.7,993.7,80.184
9/30/19 10:02,60.818,57.6,993.7,80.139
9/30/19 10:02,60.818,57.6,991.2,80.139
9/30/19 10:02,60.818,57.8,991.2,80.184
9/30/19 10:02,60.818,57.7,993.7,80.184
9/30/19 10:02,60.818,57.8,993.7,80.139
9/30/19 10:02,60.775,57.9,993.7,80.139
9/30/19 10:02,60.775,57.7,993.7,80.139
9/30/19 10:02,60.775,57.7,993.7,80.139
9/30/19 10:02,60.775,57.7,993.7,80.139
9/30/19 10:02,60.775,57.7,993.7,80.139
9/30/19 10:02,60.775,57.8,993.7,80.139
9/30/19 10:02,60.775,57.8,993.7,80.184
9/30/19 10:02,60.775,57.7,993.7,80.139
9/30/19 10:02,60.775,57.6,993.7,80.139
9/30/19 10:02,60.775,57.5,993.7,80.139
9/30/19 10:02,60.733,57.5,993.7,80.139
9/30/19 10:02,60.733,57.4,993.7,80.139
9/30/19 10:02,60.733,57.3,993.7,80.184
9/30/19 10:02,60.733,57.3,993.7,80.139
9/30/19 10:02,60.733,57.2,996.2,80.139
9/30/19 10:02,60.733,57.1,996.2,80.139
9/30/19 10:02,60.69,57,993.7,80.139
9/30/19 10:02,60.69,56.9,993.7,80.139
9/30/19 10:02,60.69,56.8,996.2,80.139
9/30/19 10:02,60.69,56.8,996.2,80.139
9/30/19 10:02,60.69,56.8,996.2,80.139
9/30/19 10:02,60.647,56.7,996.2,80.139
9/30/19 10:02,60.647,56.7,996.2,80.139
9/30/19 10:02,60.647,56.6,996.2,80.139
9/30/19 10:02,60.647,56.6,996.2,80.139
9/30/19 10:02,60.647,56.6,996.2,80.139
9/30/19 10:02,60.647,56.5,996.2,80.139
9/30/19 10:02,60.604,56.5,996.2,80.139
9/30/19 10:02,60.604,56.5,996.2,80.139
9/30/19 10:02,60.604,56.5,996.2,80.139
9/30/19 10:02,60.604,56.4,996.2,80.139
9/30/19 10:02,60.604,56.4,996.2,80.139
9/30/19 10:02,60.604,56.4,996.2,80.139
9/30/19 10:02,60.604,56.4,996.2,80.139
9/30/19 10:02,60.604,56.4,996.2,80.139
9/30/19 10:02,60.604,56.4,996.2,80.139
9/30/19 10:02,60.604,56.4,996.2,80.139
9/30/19 10:02,60.604,56.5,996.2,80.139
9/30/19 10:02,60.604,56.5,996.2,80.139
9/30/19 10:02,60.604,56.5,996.2,80.139
9/30/19 10:02,60.604,56.5,996.2,80.139
9/30/19 10:02,60.604,56.6,996.2,80.139
9/30/19 10:02,60.604,56.6,996.2,80.139
9/30/19 10:02,60.604,56.6,996.2,80.139
9/30/19 10:02,60.604,56.6,996.2,80.139
9/30/19 10:02,60.604,56.6,996.2,80.139
9/30/19 10:02,60.604,56.6,996.2,80.139
9/30/19 10:02,60.604,56.7,996.2,80.139
9/30/19 10:02,60.604,56.7,996.2,80.139
9/30/19 10:02,60.604,56.7,996.2,80.139
9/30/19 10:03,60.604,56.7,996.2,80.139
9/30/19 10:03,60.604,56.7,996.2,80.139
9/30/19 10:03,60.647,56.8,996.2,80.139
9/30/19 10:03,60.647,56.8,996.2,80.139
9/30/19 10:03,60.647,56.8,998.7,80.139
9/30/19 10:03,60.647,56.8,993.7,80.139
9/30/19 10:03,60.647,56.9,996.2,80.139
9/30/19 10:03,60.647,56.9,996.2,80.139
9/30/19 10:03,60.69,56.9,998.7,80.139
9/30/19 10:03,60.69,57,996.2,80.139
9/30/19 10:03,60.69,57,996.2,80.139
9/30/19 10:03,60.69,57.1,998.7,80.139
9/30/19 10:03,60.69,57.2,998.7,80.139
9/30/19 10:03,60.69,57.2,998.7,80.139
9/30/19 10:03,60.69,57.2,998.7,80.139
9/30/19 10:03,60.69,57.2,998.7,80.139
9/30/19 10:03,60.733,57.3,998.7,80.139
9/30/19 10:03,60.733,57.3,998.7,80.139
9/30/19 10:03,60.733,57.3,996.2,80.139
9/30/19 10:03,60.733,57.3,998.7,80.139
9/30/19 10:03,60.733,57.3,996.2,80.139
9/30/19 10:03,60.733,57.3,998.7,80.139
9/30/19 10:03,60.733,57.3,998.7,80.139
9/30/19 10:03,60.733,57.2,998.7,80.139
9/30/19 10:03,60.733,57.2,998.7,80.139
9/30/19 10:03,60.733,57.2,998.7,80.139
9/30/19 10:03,60.733,57.2,998.7,80.139
9/30/19 10:03,60.733,57.1,998.7,80.139
9/30/19 10:03,60.733,57.1,998.7,80.139
9/30/19 10:03,60.775,57.1,998.7,80.139
9/30/19 10:03,60.775,57.1,1001.2,80.139
9/30/19 10:03,60.733,57,998.7,80.139
9/30/19 10:03,60.733,57,998.7,80.139
9/30/19 10:03,60.733,57,998.7,80.139
9/30/19 10:03,60.775,57,998.7,80.139
9/30/19 10:03,60.733,57,998.7,80.139
9/30/19 10:03,60.733,57,998.7,80.139
9/30/19 10:03,60.733,57,998.7,80.139
9/30/19 10:03,60.775,57,998.7,80.139
9/30/19 10:03,60.733,57,998.7,80.139
9/30/19 10:03,60.733,56.9,998.7,80.139
9/30/19 10:03,60.775,57,998.7,80.139
9/30/19 10:03,60.733,57,998.7,80.139
9/30/19 10:03,60.775,57,998.7,80.139
9/30/19 10:03,60.775,57,998.7,80.139
9/30/19 10:03,60.775,57.1,1001.2,80.139
9/30/19 10:03,60.775,57.1,1001.2,80.139
9/30/19 10:03,60.775,57.1,998.7,80.139
9/30/19 10:03,60.775,57.2,998.7,80.139
9/30/19 10:03,60.775,57.2,1001.2,80.139
9/30/19 10:03,60.775,57.2,1001.2,80.139
9/30/19 10:03,60.775,57.2,998.7,80.139
9/30/19 10:03,60.775,57.3,998.7,80.139
9/30/19 10:03,60.775,57.3,1001.2,80.139
9/30/19 10:03,60.775,57.3,1001.2,80.139
9/30/19 10:03,60.818,57.3,1001.2,80.139
9/30/19 10:03,60.818,57.3,1001.2,80.139
9/30/19 10:03,60.818,57.4,1003.7,80.139
9/30/19 10:03,60.818,57.4,998.7,80.139
9/30/19 10:03,60.818,57.4,1001.2,80.139
9/30/19 10:04,60.818,57.3,1001.2,80.139
9/30/19 10:04,60.861,57.3,998.7,80.139
9/30/19 10:04,60.818,57.3,1001.2,80.139
9/30/19 10:04,60.861,57.3,1003.7,80.139
9/30/19 10:04,60.861,57.3,1001.2,80.139
9/30/19 10:04,60.861,57.4,1001.2,80.184
9/30/19 10:04,60.861,57.4,998.7,80.139
9/30/19 10:04,60.861,57.4,1003.7,80.139
9/30/19 10:04,60.861,57.4,1001.2,80.139
9/30/19 10:04,60.904,57.4,1001.2,80.184
9/30/19 10:04,60.904,57.4,1003.7,80.184
9/30/19 10:04,60.904,57.5,1001.2,80.139
9/30/19 10:04,60.904,57.5,1003.7,80.139
9/30/19 10:04,60.948,57.5,1001.2,80.139
9/30/19 10:04,60.948,57.5,1001.2,80.184
9/30/19 10:04,60.948,57.5,1001.2,80.139
9/30/19 10:04,60.948,57.5,1003.7,80.139
9/30/19 10:04,60.948,57.5,1003.7,80.184
9/30/19 10:04,60.948,57.5,1003.7,80.184
9/30/19 10:04,60.991,57.5,1003.7,80.184
9/30/19 10:04,60.991,57.6,1003.7,80.184
9/30/19 10:04,60.991,57.6,1003.7,80.184
9/30/19 10:04,60.991,57.6,1003.7,80.139
9/30/19 10:04,61.032,57.6,1003.7,80.184
9/30/19 10:04,61.032,57.7,1003.7,80.184
9/30/19 10:04,61.032,57.7,1006.2,80.184
9/30/19 10:04,61.075,57.7,1001.2,80.184
9/30/19 10:04,61.075,57.8,1003.7,80.184
9/30/19 10:04,61.075,57.8,1001.2,80.184
9/30/19 10:04,61.075,57.9,1006.2,80.184
9/30/19 10:04,61.119,57.9,1003.7,80.184
9/30/19 10:04,61.119,57.9,1006.2,80.184
9/30/19 10:04,61.119,57.9,1006.2,80.184
9/30/19 10:04,61.119,57.9,1003.7,80.184
9/30/19 10:04,61.119,57.8,1003.7,80.184
9/30/19 10:04,61.162,57.8,1003.7,80.184
9/30/19 10:04,61.162,57.9,1003.7,80.184
9/30/19 10:04,61.162,57.9,1003.7,80.184
9/30/19 10:04,61.162,57.9,1006.2,80.184
9/30/19 10:04,61.205,57.9,1003.7,80.184
9/30/19 10:04,61.205,57.9,1006.2,80.184
9/30/19 10:04,61.205,57.9,1003.7,80.184
9/30/19 10:04,61.205,57.9,1006.2,80.184
9/30/19 10:04,61.205,58,1006.2,80.184
9/30/19 10:04,61.248,58,1003.7,80.184
9/30/19 10:04,61.248,58,1006.2,80.184
9/30/19 10:04,61.248,58.1,1008.7,80.184
9/30/19 10:04,61.248,58.1,1006.2,80.184
9/30/19 10:04,61.29,58.1,1008.7,80.184
9/30/19 10:04,61.29,58.1,1006.2,80.184
9/30/19 10:04,61.29,58.1,1011.2,80.184
9/30/19 10:04,61.29,58.1,1006.2,80.184
9/30/19 10:04,61.333,58.2,1006.2,80.184
9/30/19 10:04,61.333,58.2,1008.7,80.184
9/30/19 10:04,61.333,58.2,1011.2,80.184
9/30/19 10:04,61.376,58.2,1006.2,80.184
9/30/19 10:04,61.376,58.2,1006.2,80.184
9/30/19 10:04,61.376,58.2,1006.2,80.184
9/30/19 10:04,61.376,58.2,1011.2,80.184
9/30/19 10:04,61.419,58.1,1008.7,80.184
9/30/19 10:05,61.419,58.1,1006.2,80.184
9/30/19 10:05,61.419,58.1,1008.7,80.184
9/30/19 10:05,61.419,58.1,1008.7,80.184
9/30/19 10:05,61.419,58.1,1008.7,80.184
9/30/19 10:05,61.462,58,1008.7,80.184
9/30/19 10:05,61.462,58,1008.7,80.184
9/30/19 10:05,61.462,58,1008.7,80.184
9/30/19 10:05,61.462,58,1008.7,80.184
9/30/19 10:05,61.462,58,1008.7,80.184
9/30/19 10:05,61.506,58,1011.2,80.184
9/30/19 10:05,61.506,57.9,1011.2,80.184
9/30/19 10:05,61.506,57.9,1008.7,80.184
9/30/19 10:05,61.506,57.9,1008.7,80.184
9/30/19 10:05,61.506,57.9,1011.2,80.184
9/30/19 10:05,61.506,57.9,1011.2,80.184
9/30/19 10:05,61.506,57.9,1011.2,80.184
9/30/19 10:05,61.547,57.9,1011.2,80.184
9/30/19 10:05,61.547,57.9,1011.2,80.184
9/30/19 10:05,61.547,57.9,1011.2,80.184
9/30/19 10:05,61.547,57.9,1011.2,80.184
9/30/19 10:05,61.547,57.9,1011.2,80.184
9/30/19 10:05,61.59,57.8,1011.2,80.184
9/30/19 10:05,61.59,57.8,1011.2,80.184
9/30/19 10:05,61.59,57.9,1008.7,80.184
9/30/19 10:05,61.59,57.9,1011.2,80.184
9/30/19 10:05,61.59,57.9,1011.2,80.184
9/30/19 10:05,61.59,57.9,1011.2,80.184
9/30/19 10:05,61.59,57.9,1011.2,80.184
9/30/19 10:05,61.59,57.9,1011.2,80.184
9/30/19 10:05,61.59,57.9,1011.2,80.184
9/30/19 10:05,61.59,57.9,1011.2,80.184
9/30/19 10:05,61.633,57.8,1011.2,80.184
9/30/19 10:05,61.633,57.8,1011.2,80.184
9/30/19 10:05,61.633,57.9,1011.2,80.184
9/30/19 10:05,61.633,57.9,1013.7,80.184
9/30/19 10:05,61.633,57.9,1011.2,80.139
9/30/19 10:05,61.677,58,1011.2,80.184
9/30/19 10:05,61.677,58,1011.2,80.184
9/30/19 10:05,61.677,58.1,1008.7,80.184
9/30/19 10:05,61.677,58.1,1013.7,80.184
9/30/19 10:05,61.677,58.2,1013.7,80.184
9/30/19 10:05,61.677,58.3,1011.2,80.184
9/30/19 10:05,61.677,58.3,1013.7,80.184
9/30/19 10:05,61.72,58.4,1011.2,80.184
9/30/19 10:05,61.72,58.4,1013.7,80.184
9/30/19 10:05,61.72,58.4,1013.7,80.184
9/30/19 10:05,61.72,58.5,1011.2,80.139
9/30/19 10:05,61.72,58.5,1013.7,80.139
9/30/19 10:05,61.761,58.5,1011.2,80.139
9/30/19 10:05,61.761,58.5,1013.7,80.184
9/30/19 10:05,61.761,58.5,1011.2,80.184
9/30/19 10:05,61.761,58.5,1013.7,80.184
9/30/19 10:05,61.761,58.5,1013.7,80.139
9/30/19 10:05,61.761,58.5,1013.7,80.139
9/30/19 10:05,61.761,58.5,1013.7,80.139
9/30/19 10:05,61.761,58.5,1013.7,80.184
9/30/19 10:05,61.761,58.4,1011.2,80.184
9/30/19 10:05,61.761,58.4,1013.7,80.184
9/30/19 10:05,61.761,58.4,1011.2,80.184
9/30/19 10:05,61.761,58.4,1011.2,80.139
9/30/19 10:06,61.761,58.5,1013.7,80.139
9/30/19 10:06,61.761,58.4,1013.7,80.139
9/30/19 10:06,61.761,58.3,1013.7,80.184
9/30/19 10:06,61.761,58.1,1013.7,80.139
9/30/19 10:06,61.761,58,1013.7,80.139
9/30/19 10:06,61.761,57.9,1013.7,80.139
9/30/19 10:06,61.761,57.8,1013.7,80.139
9/30/19 10:06,61.761,57.6,1013.7,80.139
9/30/19 10:06,61.761,57.5,1013.7,80.139
9/30/19 10:06,61.761,57.4,1013.7,80.139
9/30/19 10:06,61.761,57.3,1013.7,80.139
9/30/19 10:06,61.761,57.3,1013.7,80.139
9/30/19 10:06,61.72,57.2,1013.7,80.184
9/30/19 10:06,61.72,57,1013.7,80.139
9/30/19 10:06,61.72,56.9,1013.7,80.139
9/30/19 10:06,61.72,56.9,1013.7,80.139
9/30/19 10:06,61.72,56.8,1013.7,80.139
9/30/19 10:06,61.677,56.8,1013.7,80.139
9/30/19 10:06,61.677,56.7,1013.7,80.139
9/30/19 10:06,61.677,56.6,1013.7,80.139
9/30/19 10:06,61.633,56.5,1013.7,80.139
9/30/19 10:06,61.633,56.4,1013.7,80.139
9/30/19 10:06,61.633,56.4,1013.7,80.139
9/30/19 10:06,61.633,56.3,1013.7,80.139
9/30/19 10:06,61.59,56.2,1013.7,80.139
9/30/19 10:06,61.59,56.1,1016.2,80.139
9/30/19 10:06,61.59,56,1016.2,80.139
9/30/19 10:06,61.547,55.9,1016.2,80.139
9/30/19 10:06,61.547,55.8,1016.2,80.139
9/30/19 10:06,61.547,55.8,1016.2,80.139
9/30/19 10:06,61.506,55.8,1016.2,80.139
9/30/19 10:06,61.506,55.6,1013.7,80.139
9/30/19 10:06,61.506,55.6,1016.2,80.139
9/30/19 10:06,61.506,55.5,1016.2,80.139
9/30/19 10:06,61.462,55.4,1016.2,80.139
9/30/19 10:06,61.462,55.3,1016.2,80.139
9/30/19 10:06,61.462,55.3,1016.2,80.139
9/30/19 10:06,61.419,55.2,1016.2,80.139
9/30/19 10:06,61.419,55.2,1016.2,80.139
9/30/19 10:06,61.419,55.3,1016.2,80.139
9/30/19 10:06,61.376,55.2,1016.2,80.139
9/30/19 10:06,61.376,55.2,1016.2,80.139
9/30/19 10:06,61.376,55.2,1016.2,80.139
9/30/19 10:06,61.333,55.1,1016.2,80.139
9/30/19 10:06,61.333,55.1,1016.2,80.139
9/30/19 10:06,61.333,55.1,1018.7,80.139
9/30/19 10:06,61.29,55,1016.2,80.139
9/30/19 10:06,61.29,55,1016.2,80.139
9/30/19 10:06,61.29,55,1016.2,80.139
9/30/19 10:06,61.248,55,1016.2,80.139
9/30/19 10:06,61.248,55,1018.7,80.139
9/30/19 10:06,61.248,55,1016.2,80.139
9/30/19 10:06,61.248,55,1018.7,80.139
9/30/19 10:06,61.205,55,1018.7,80.139
9/30/19 10:06,61.205,55,1018.7,80.139
9/30/19 10:06,61.205,55,1018.7,80.139
9/30/19 10:06,61.205,55,1018.7,80.139
9/30/19 10:06,61.162,55,1018.7,80.139
9/30/19 10:06,61.162,55,1018.7,80.139
9/30/19 10:06,61.162,55,1018.7,80.139
9/30/19 10:07,61.162,55,1018.7,80.139
9/30/19 10:07,61.119,55,1018.7,80.139
9/30/19 10:07,61.119,55,1021.2,80.139
9/30/19 10:07,61.119,55,1018.7,80.139
9/30/19 10:07,61.119,55,1018.7,80.139
9/30/19 10:07,61.075,55,1018.7,80.139
9/30/19 10:07,61.075,55,1018.7,80.139
9/30/19 10:07,61.075,55,1018.7,80.139
9/30/19 10:07,61.075,55,1018.7,80.096
9/30/19 10:07,61.075,55.1,1018.7,80.139
9/30/19 10:07,61.075,55.2,1021.2,80.096
9/30/19 10:07,61.032,55.1,1018.7,80.096
9/30/19 10:07,61.032,55.2,1021.2,80.096
9/30/19 10:07,61.032,55.3,1018.7,80.096
9/30/19 10:07,61.032,55.4,1018.7,80.096
9/30/19 10:07,61.032,55.5,1018.7,80.096
9/30/19 10:07,61.032,55.5,1021.2,80.096
9/30/19 10:07,61.032,55.6,1021.2,80.096
9/30/19 10:07,61.032,55.7,1021.2,80.096
9/30/19 10:07,61.032,55.7,1021.2,80.096
9/30/19 10:07,61.032,55.7,1018.7,80.096
9/30/19 10:07,61.032,55.8,1018.7,80.096
9/30/19 10:07,61.032,55.8,1018.7,80.096
9/30/19 10:07,61.032,55.9,1018.7,80.096
9/30/19 10:07,61.032,56,1018.7,80.096
9/30/19 10:07,61.032,56.1,1018.7,80.096
9/30/19 10:07,61.032,56.1,1021.2,80.096
9/30/19 10:07,61.032,56.1,1021.2,80.096
9/30/19 10:07,61.032,56.2,1018.7,80.096
9/30/19 10:07,61.032,56.3,1021.2,80.096
9/30/19 10:07,61.032,56.3,1021.2,80.096
9/30/19 10:07,61.032,56.3,1021.2,80.096
9/30/19 10:07,61.032,56.2,1021.2,80.096
9/30/19 10:07,61.032,56.3,1021.2,80.096
9/30/19 10:07,61.032,56.3,1018.7,80.096
9/30/19 10:07,61.032,56.3,1021.2,80.096
9/30/19 10:07,61.032,56.3,1021.2,80.096
9/30/19 10:07,61.032,56.3,1021.2,80.096
9/30/19 10:07,61.032,56.3,1021.2,80.096
9/30/19 10:07,61.032,56.4,1021.2,80.096
9/30/19 10:07,61.032,56.4,1021.2,80.096
9/30/19 10:07,61.032,56.4,1018.7,80.096
9/30/19 10:07,61.032,56.4,1021.2,80.096
9/30/19 10:07,61.032,56.4,1021.2,80.096
9/30/19 10:07,61.032,56.4,1021.2,80.096
9/30/19 10:07,61.032,56.4,1023.7,80.096
9/30/19 10:07,61.032,56.4,1021.2,80.096
9/30/19 10:07,61.032,56.4,1021.2,80.096
9/30/19 10:07,61.032,56.4,1021.2,80.096
9/30/19 10:07,61.032,56.5,1021.2,80.096
9/30/19 10:07,61.032,56.5,1021.2,80.096
9/30/19 10:07,61.032,56.6,1021.2,80.096
9/30/19 10:07,61.032,56.6,1021.2,80.096
9/30/19 10:07,61.032,56.7,1023.7,80.096
9/30/19 10:07,61.032,56.7,1021.2,80.096
9/30/19 10:07,61.032,56.7,1021.2,80.096
9/30/19 10:07,61.075,56.7,1021.2,80.096
9/30/19 10:07,61.032,56.7,1021.2,80.096
9/30/19 10:07,61.075,56.8,1021.2,80.096
9/30/19 10:07,61.075,56.8,1021.2,80.096
9/30/19 10:08,61.075,56.8,1023.7,80.096
9/30/19 10:08,61.075,56.8,1021.2,80.096
9/30/19 10:08,61.075,56.8,1021.2,80.096
9/30/19 10:08,61.075,56.8,1023.7,80.096
9/30/19 10:08,61.075,56.8,1021.2,80.096
9/30/19 10:08,61.075,56.8,1021.2,80.096
9/30/19 10:08,61.075,56.8,1023.7,80.096
9/30/19 10:08,61.075,56.8,1023.7,80.096
9/30/19 10:08,61.075,56.8,1023.7,80.096
9/30/19 10:08,61.075,56.8,1023.7,80.096
9/30/19 10:08,61.075,56.8,1023.7,80.096
9/30/19 10:08,61.075,56.8,1023.7,80.051
9/30/19 10:08,61.075,56.8,1023.7,80.096
9/30/19 10:08,61.119,56.7,1023.7,80.096
9/30/19 10:08,61.119,56.7,1023.7,80.096
9/30/19 10:08,61.119,56.8,1023.7,80.096
9/30/19 10:08,61.119,56.7,1021.2,80.051
9/30/19 10:08,61.119,56.7,1021.2,80.096
9/30/19 10:08,61.119,56.7,1023.7,80.051
9/30/19 10:08,61.119,56.7,1023.7,80.096
9/30/19 10:08,61.119,56.7,1026.2,80.051
9/30/19 10:08,61.119,56.7,1023.7,80.096
9/30/19 10:08,61.119,56.7,1023.7,80.096
9/30/19 10:08,61.119,56.7,1021.2,80.051
9/30/19 10:08,61.119,56.7,1021.2,80.051
9/30/19 10:08,61.119,56.7,1021.2,80.051
9/30/19 10:08,61.119,56.7,1023.7,80.051
9/30/19 10:08,61.119,56.7,1026.2,80.051
9/30/19 10:08,61.119,56.7,1023.7,80.051
9/30/19 10:08,61.119,56.7,1026.2,80.051
9/30/19 10:08,61.162,56.7,1023.7,80.096
9/30/19 10:08,61.119,56.7,1021.2,80.051
9/30/19 10:08,61.162,56.7,1023.7,80.051
9/30/19 10:08,61.162,56.7,1023.7,80.051
9/30/19 10:08,61.162,56.7,1023.7,80.051
9/30/19 10:08,61.162,56.7,1028.7,80.096
9/30/19 10:08,61.162,56.7,1026.2,80.051
9/30/19 10:08,61.162,56.8,1028.7,80.051
9/30/19 10:08,61.162,56.8,1023.7,80.051
9/30/19 10:08,61.162,56.8,1023.7,80.051
9/30/19 10:08,61.162,56.8,1023.7,80.051
9/30/19 10:08,61.162,56.8,1023.7,80.096
9/30/19 10:08,61.162,56.8,1026.2,80.096
9/30/19 10:08,61.162,56.8,1023.7,80.051
9/30/19 10:08,61.162,56.9,1023.7,80.051
9/30/19 10:08,61.162,56.9,1023.7,80.096
9/30/19 10:08,61.162,56.9,1028.7,80.096
9/30/19 10:08,61.162,56.9,1028.7,80.096
9/30/19 10:08,61.162,56.9,1023.7,80.051
9/30/19 10:08,61.162,57,1023.7,80.096
9/30/19 10:08,61.162,57,1023.7,80.096
9/30/19 10:08,61.162,57,1023.7,80.096
9/30/19 10:08,61.162,57.1,1028.7,80.051
9/30/19 10:08,61.162,57.1,1026.2,80.096
9/30/19 10:08,61.162,57.1,1021.2,80.096
9/30/19 10:08,61.162,57.2,1028.7,80.096
9/30/19 10:08,61.162,57.2,1026.2,80.096
9/30/19 10:08,61.162,57.2,1026.2,80.096
9/30/19 10:08,61.162,57.2,1026.2,80.096
9/30/19 10:08,61.162,57.3,1026.2,80.096
9/30/19 10:09,61.205,57.3,1026.2,80.096
9/30/19 10:09,61.205,57.3,1026.2,80.096
9/30/19 10:09,61.205,57.4,1028.7,80.096
9/30/19 10:09,61.205,57.3,1026.2,80.096
9/30/19 10:09,61.205,57.3,1028.7,80.096
9/30/19 10:09,61.205,57.4,1026.2,80.096
9/30/19 10:09,61.205,57.4,1028.7,80.096
9/30/19 10:09,61.248,57.5,1028.7,80.096
9/30/19 10:09,61.248,57.5,1028.7,80.096
9/30/19 10:09,61.248,57.5,1028.7,80.096
9/30/19 10:09,61.248,57.6,1028.7,80.096
9/30/19 10:09,61.248,57.6,1028.7,80.096
9/30/19 10:09,61.248,57.6,1028.7,80.096
9/30/19 10:09,61.29,57.6,1028.7,80.096
9/30/19 10:09,61.29,57.7,1026.2,80.096
9/30/19 10:09,61.29,57.7,1028.7,80.096
9/30/19 10:09,61.29,57.7,1028.7,80.096
9/30/19 10:09,61.29,57.8,1031.2,80.096
9/30/19 10:09,61.333,57.8,1028.7,80.096
9/30/19 10:09,61.333,57.8,1028.7,80.096
9/30/19 10:09,61.333,57.9,1028.7,80.096
9/30/19 10:09,61.333,57.9,1028.7,80.096
9/30/19 10:09,61.333,58,1028.7,80.096
9/30/19 10:09,61.333,58.1,1028.7,80.096
9/30/19 10:09,61.376,58.1,1031.2,80.096
9/30/19 10:09,61.376,58.1,1028.7,80.096
9/30/19 10:09,61.376,58.2,1028.7,80.096
9/30/19 10:09,61.419,58.2,1028.7,80.096
9/30/19 10:09,61.419,58.3,1028.7,80.096
9/30/19 10:09,61.419,58.3,1031.2,80.096
9/30/19 10:09,61.419,58.4,1031.2,80.096
9/30/19 10:09,61.419,58.4,1028.7,80.096
9/30/19 10:09,61.462,58.5,1028.7,80.096
9/30/19 10:09,61.462,58.4,1031.2,80.096
9/30/19 10:09,61.462,58.4,1028.7,80.096
9/30/19 10:09,61.462,58.5,1028.7,80.139
9/30/19 10:09,61.462,58.5,1033.7,80.096
9/30/19 10:09,61.462,58.5,1028.7,80.139
9/30/19 10:09,61.506,58.6,1028.7,80.139
9/30/19 10:09,61.506,58.6,1028.7,80.096
9/30/19 10:09,61.506,58.6,1028.7,80.139
9/30/19 10:09,61.506,58.7,1028.7,80.139
9/30/19 10:09,61.506,58.7,1028.7,80.139
9/30/19 10:09,61.506,58.7,1028.7,80.139
9/30/19 10:09,61.506,58.7,1031.2,80.139
9/30/19 10:09,61.506,58.6,1031.2,80.139
9/30/19 10:09,61.506,58.6,1028.7,80.139
9/30/19 10:09,61.506,58.5,1031.2,80.139
9/30/19 10:09,61.506,58.4,1028.7,80.139
9/30/19 10:09,61.506,58.5,1031.2,80.139
9/30/19 10:09,61.506,58.3,1031.2,80.139
9/30/19 10:09,61.506,58.3,1031.2,80.139
9/30/19 10:09,61.462,58.1,1031.2,80.139
9/30/19 10:09,61.462,58.1,1031.2,80.139
9/30/19 10:09,61.462,58,1033.7,80.139
9/30/19 10:09,61.419,57.9,1031.2,80.139
9/30/19 10:09,61.419,57.9,1031.2,80.139
9/30/19 10:09,61.419,57.8,1031.2,80.139
9/30/19 10:09,61.376,57.8,1031.2,80.139
9/30/19 10:09,61.376,57.9,1031.2,80.139
9/30/19 10:10,61.376,57.9,1033.7,80.184
9/30/19 10:10,61.376,58,1031.2,80.184
9/30/19 10:10,61.376,58.1,1031.2,80.184
9/30/19 10:10,61.376,58.1,1031.2,80.184
9/30/19 10:10,61.333,58.1,1033.7,80.184
9/30/19 10:10,61.333,58.1,1031.2,80.184
9/30/19 10:10,61.333,58.1,1033.7,80.184
9/30/19 10:10,61.333,58.1,1033.7,80.184
9/30/19 10:10,61.333,58,1033.7,80.184
9/30/19 10:10,61.29,58,1033.7,80.184
9/30/19 10:10,61.29,58,1033.7,80.184
9/30/19 10:10,61.29,58,1033.7,80.184
9/30/19 10:10,61.29,58,1033.7,80.184
9/30/19 10:10,61.29,57.9,1033.7,80.184
9/30/19 10:10,61.29,57.9,1033.7,80.184
9/30/19 10:10,61.29,57.9,1033.7,80.184
9/30/19 10:10,61.248,57.9,1033.7,80.184
9/30/19 10:10,61.248,57.9,1033.7,80.184
9/30/19 10:10,61.248,57.9,1033.7,80.184
9/30/19 10:10,61.248,57.9,1033.7,80.184
9/30/19 10:10,61.248,57.8,1033.7,80.184
9/30/19 10:10,61.248,57.8,1033.7,80.184
9/30/19 10:10,61.248,57.9,1033.7,80.184
9/30/19 10:10,61.205,57.9,1033.7,80.184
9/30/19 10:10,61.205,57.8,1033.7,80.227
9/30/19 10:10,61.205,57.7,1036.2,80.184
9/30/19 10:10,61.205,57.7,1033.7,80.227
9/30/19 10:10,61.205,57.6,1033.7,80.184
9/30/19 10:10,61.205,57.6,1033.7,80.184
9/30/19 10:10,61.162,57.5,1036.2,80.227
9/30/19 10:10,61.162,57.5,1033.7,80.227
9/30/19 10:10,61.162,57.4,1033.7,80.227
9/30/19 10:10,61.162,57.4,1033.7,80.227
9/30/19 10:10,61.162,57.3,1033.7,80.227
9/30/19 10:10,61.162,57.3,1033.7,80.227
9/30/19 10:10,61.119,57.3,1036.2,80.227
9/30/19 10:10,61.119,57.3,1033.7,80.227
9/30/19 10:10,61.119,57.3,1036.2,80.227
9/30/19 10:10,61.119,57.2,1036.2,80.227
9/30/19 10:10,61.119,57.2,1036.2,80.227
9/30/19 10:10,61.119,57.2,1036.2,80.227
9/30/19 10:10,61.075,57.1,1036.2,80.227
9/30/19 10:10,61.075,57.1,1036.2,80.227
9/30/19 10:10,61.075,57,1036.2,80.227
9/30/19 10:10,61.075,57,1033.7,80.227
9/30/19 10:10,61.075,57,1036.2,80.227
9/30/19 10:10,61.075,57,1036.2,80.227
9/30/19 10:10,61.032,57,1036.2,80.227
9/30/19 10:10,61.032,57,1036.2,80.227
9/30/19 10:10,61.032,57,1038.7,80.139
9/30/19 10:10,61.032,57,1033.7,80.139
9/30/19 10:10,61.032,57,1036.2,80.139
9/30/19 10:10,61.032,57,1036.2,80.184
9/30/19 10:10,61.032,57,1038.7,80.184
9/30/19 10:10,61.032,57.1,1036.2,80.184
9/30/19 10:10,61.032,57.1,1036.2,80.184
9/30/19 10:10,61.032,57.2,1036.2,80.184
9/30/19 10:10,61.032,57.2,1036.2,80.184
9/30/19 10:10,60.991,57.2,1038.7,80.184
9/30/19 10:10,60.991,57.3,1036.2,80.184
9/30/19 10:11,60.991,57.3,1036.2,80.184
9/30/19 10:11,60.991,57.4,1036.2,80.184
9/30/19 10:11,60.991,57.3,1038.7,80.184
9/30/19 10:11,60.991,57.3,1036.2,80.184
9/30/19 10:11,60.991,57.4,1036.2,80.184
9/30/19 10:11,60.991,57.5,1036.2,80.184
9/30/19 10:11,60.991,57.5,1036.2,80.184
9/30/19 10:11,60.991,57.6,1036.2,80.184
9/30/19 10:11,60.991,57.6,1036.2,80.184
9/30/19 10:11,61.032,57.6,1038.7,80.184
9/30/19 10:11,61.032,57.7,1038.7,80.184
9/30/19 10:11,61.032,57.7,1038.7,80.184
9/30/19 10:11,61.032,57.8,1038.7,80.184
9/30/19 10:11,61.032,57.9,1041.2,80.184
9/30/19 10:11,61.032,57.9,1038.7,80.184
9/30/19 10:11,61.032,57.8,1038.7,80.184
9/30/19 10:11,61.032,57.9,1038.7,80.184
9/30/19 10:11,61.032,57.9,1038.7,80.184
9/30/19 10:11,61.032,57.9,1038.7,80.184
9/30/19 10:11,61.075,57.9,1041.2,80.184
9/30/19 10:11,61.075,58,1038.7,80.184
9/30/19 10:11,61.075,58.1,1036.2,80.227
9/30/19 10:11,61.075,58.1,1041.2,80.227
9/30/19 10:11,61.075,58.1,1038.7,80.227
9/30/19 10:11,61.075,58.2,1038.7,80.227
9/30/19 10:11,61.075,58.3,1038.7,80.227
9/30/19 10:11,61.075,58.3,1038.7,80.227
9/30/19 10:11,61.119,58.4,1038.7,80.227
9/30/19 10:11,61.119,58.4,1038.7,80.227
9/30/19 10:11,61.119,58.5,1038.7,80.227
9/30/19 10:11,61.119,58.5,1041.2,80.227
9/30/19 10:11,61.119,58.5,1041.2,80.227
9/30/19 10:11,61.119,58.5,1041.2,80.227
9/30/19 10:11,61.119,58.4,1041.2,80.227
9/30/19 10:11,61.162,58.4,1041.2,80.227
9/30/19 10:11,61.162,58.3,1041.2,80.227
9/30/19 10:11,61.162,58.2,1041.2,80.227
9/30/19 10:11,61.162,58.1,1041.2,80.227
9/30/19 10:11,61.162,57.9,1041.2,80.227
9/30/19 10:11,61.162,57.8,1041.2,80.227
9/30/19 10:11,61.162,57.8,1043.7,80.227
9/30/19 10:11,61.162,57.6,1041.2,80.227
9/30/19 10:11,61.162,57.6,1041.2,80.227
9/30/19 10:11,61.162,57.4,1041.2,80.227
9/30/19 10:11,61.119,57.3,1041.2,80.227
9/30/19 10:11,61.119,57.3,1041.2,80.227
9/30/19 10:11,61.119,57.3,1041.2,80.227
9/30/19 10:11,61.119,57.2,1043.7,80.227
9/30/19 10:11,61.119,57.2,1043.7,80.227
9/30/19 10:11,61.119,57.1,1043.7,80.227
9/30/19 10:11,61.119,57,1043.7,80.272
9/30/19 10:11,61.075,57,1043.7,80.272
9/30/19 10:11,61.075,56.9,1043.7,80.272
9/30/19 10:11,61.075,56.9,1043.7,80.227
9/30/19 10:11,61.075,56.9,1043.7,80.272
9/30/19 10:11,61.075,56.8,1043.7,80.272
9/30/19 10:11,61.032,56.8,1043.7,80.272
9/30/19 10:11,61.032,56.8,1043.7,80.272
9/30/19 10:11,61.032,56.8,1043.7,80.272
9/30/19 10:11,61.032,56.8,1043.7,80.272
9/30/19 10:12,61.032,56.8,1046.2,80.272
9/30/19 10:12,61.032,56.8,1046.2,80.272
9/30/19 10:12,61.032,56.8,1046.2,80.272
9/30/19 10:12,61.032,56.8,1046.2,80.272
9/30/19 10:12,61.032,56.8,1046.2,80.272
9/30/19 10:12,60.991,56.8,1046.2,80.272
9/30/19 10:12,60.991,56.9,1046.2,80.272
9/30/19 10:12,60.991,56.9,1046.2,80.272
9/30/19 10:12,60.991,56.9,1046.2,80.272
9/30/19 10:12,60.991,57,1046.2,80.272
9/30/19 10:12,60.991,57,1041.2,80.272
9/30/19 10:12,60.991,57,1046.2,80.272
9/30/19 10:12,60.991,57.1,1046.2,80.272
9/30/19 10:12,60.991,57.1,1046.2,80.272
9/30/19 10:12,60.991,57.2,1048.7,80.272
9/30/19 10:12,60.991,57.2,1043.7,80.272
9/30/19 10:12,60.991,57.2,1046.2,80.272
9/30/19 10:12,60.991,57.3,1046.2,80.272
9/30/19 10:12,60.991,57.3,1043.7,80.272
9/30/19 10:12,60.991,57.3,1043.7,80.272
9/30/19 10:12,60.991,57.4,1046.2,80.272
9/30/19 10:12,60.991,57.3,1046.2,80.272
9/30/19 10:12,60.991,57.4,1046.2,80.272
9/30/19 10:12,60.991,57.5,1043.7,80.272
9/30/19 10:12,60.991,57.5,1046.2,80.272
9/30/19 10:12,60.991,57.5,1043.7,80.272
9/30/19 10:12,60.991,57.6,1048.7,80.272
9/30/19 10:12,60.991,57.6,1046.2,80.272
9/30/19 10:12,60.991,57.7,1048.7,80.272
9/30/19 10:12,60.991,57.7,1048.7,80.272
9/30/19 10:12,60.991,57.7,1048.7,80.272
9/30/19 10:12,60.991,57.7,1048.7,80.272
9/30/19 10:12,60.991,57.6,1046.2,80.272
9/30/19 10:12,60.991,57.6,1048.7,80.272
9/30/19 10:12,60.948,57.5,1046.2,80.272
9/30/19 10:12,60.948,57.4,1048.7,80.272
9/30/19 10:12,60.948,57.3,1046.2,80.272
9/30/19 10:12,60.948,57.4,1046.2,80.272
9/30/19 10:12,60.948,57.3,1046.2,80.272
9/30/19 10:12,60.904,57.2,1048.7,80.272
9/30/19 10:12,60.904,57.1,1048.7,80.272
9/30/19 10:12,60.904,57,1048.7,80.272
9/30/19 10:12,60.861,56.9,1048.7,80.272
9/30/19 10:12,60.861,56.9,1048.7,80.272
9/30/19 10:12,60.861,56.8,1048.7,80.272
9/30/19 10:12,60.818,56.8,1048.7,80.272
9/30/19 10:12,60.818,56.8,1046.2,80.272
9/30/19 10:12,60.818,56.8,1046.2,80.272
9/30/19 10:12,60.775,56.7,1048.7,80.272
9/30/19 10:12,60.775,56.7,1046.2,80.272
9/30/19 10:12,60.775,56.7,1048.7,80.272
9/30/19 10:12,60.775,56.7,1048.7,80.316
9/30/19 10:12,60.733,56.7,1048.7,80.316
9/30/19 10:12,60.733,56.7,1048.7,80.316
9/30/19 10:12,60.733,56.7,1048.7,80.316
9/30/19 10:12,60.733,56.8,1048.7,80.316
9/30/19 10:12,60.733,56.8,1048.7,80.316
9/30/19 10:12,60.733,56.8,1046.2,80.316
9/30/19 10:12,60.69,56.8,1051.2,80.316
9/30/19 10:12,60.69,56.8,1048.7,80.316
9/30/19 10:13,60.733,56.9,1048.7,80.316
9/30/19 10:13,60.69,56.9,1048.7,80.316
9/30/19 10:13,60.733,56.9,1048.7,80.316
9/30/19 10:13,60.69,56.9,1048.7,80.316
9/30/19 10:13,60.69,56.9,1048.7,80.316
9/30/19 10:13,60.69,56.9,1048.7,80.316
9/30/19 10:13,60.69,56.9,1048.7,80.316
9/30/19 10:13,60.69,56.9,1048.7,80.316
9/30/19 10:13,60.69,56.9,1048.7,80.316
9/30/19 10:13,60.69,56.9,1051.2,80.316
9/30/19 10:13,60.69,56.9,1048.7,80.316
9/30/19 10:13,60.647,56.9,1048.7,80.316
9/30/19 10:13,60.647,56.9,1048.7,80.316
9/30/19 10:13,60.647,56.8,1048.7,80.316
9/30/19 10:13,60.647,56.9,1051.2,80.316
9/30/19 10:13,60.647,56.8,1051.2,80.316
9/30/19 10:13,60.647,56.8,1048.7,80.316
9/30/19 10:13,60.647,56.9,1046.2,80.316
9/30/19 10:13,60.604,56.9,1051.2,80.316
9/30/19 10:13,60.647,56.9,1051.2,80.316
9/30/19 10:13,60.604,56.9,1053.7,80.316
9/30/19 10:13,60.604,56.9,1048.7,80.316
9/30/19 10:13,60.647,56.9,1051.2,80.316
9/30/19 10:13,60.604,57,1051.2,80.316
9/30/19 10:13,60.647,57,1048.7,80.316
9/30/19 10:13,60.647,57.1,1048.7,80.316
9/30/19 10:13,60.604,57.1,1051.2,80.316
9/30/19 10:13,60.647,57.2,1051.2,80.316
9/30/19 10:13,60.647,57.2,1051.2,80.316
9/30/19 10:13,60.647,57.2,1051.2,80.316
9/30/19 10:13,60.647,57.3,1051.2,80.316
9/30/19 10:13,60.647,57.3,1051.2,80.316
9/30/19 10:13,60.647,57.3,1051.2,80.316
9/30/19 10:13,60.647,57.3,1051.2,80.316
9/30/19 10:13,60.647,57.4,1051.2,80.316
9/30/19 10:13,60.647,57.3,1051.2,80.361
9/30/19 10:13,60.647,57.3,1053.7,80.316
9/30/19 10:13,60.647,57.3,1051.2,80.361
9/30/19 10:13,60.647,57.3,1051.2,80.361
9/30/19 10:13,60.69,57.3,1051.2,80.316
9/30/19 10:13,60.69,57.4,1048.7,80.361
9/30/19 10:13,60.69,57.4,1056.2,80.316
9/30/19 10:13,60.69,57.4,1051.2,80.361
9/30/19 10:13,60.69,57.4,1051.2,80.361
9/30/19 10:13,60.69,57.5,1053.7,80.361
9/30/19 10:13,60.69,57.5,1051.2,80.361
9/30/19 10:13,60.69,57.5,1051.2,80.361
9/30/19 10:13,60.69,57.5,1051.2,80.361
9/30/19 10:13,60.733,57.5,1051.2,80.361
9/30/19 10:13,60.733,57.5,1053.7,80.361
9/30/19 10:13,60.733,57.6,1051.2,80.361
9/30/19 10:13,60.733,57.6,1051.2,80.361
9/30/19 10:13,60.733,57.6,1051.2,80.361
9/30/19 10:13,60.775,57.6,1053.7,80.361
9/30/19 10:13,60.775,57.7,1053.7,80.361
9/30/19 10:13,60.775,57.7,1053.7,80.361
9/30/19 10:13,60.775,57.7,1053.7,80.361
9/30/19 10:13,60.775,57.7,1053.7,80.361
9/30/19 10:13,60.818,57.7,1053.7,80.361
9/30/19 10:13,60.775,57.7,1053.7,80.361
9/30/19 10:14,60.818,57.8,1056.2,80.361
9/30/19 10:14,60.818,57.7,1053.7,80.361
9/30/19 10:14,60.818,57.8,1053.7,80.361
9/30/19 10:14,60.818,57.8,1056.2,80.361
9/30/19 10:14,60.818,57.8,1053.7,80.361
9/30/19 10:14,60.818,57.8,1053.7,80.361
9/30/19 10:14,60.818,57.8,1056.2,80.361
9/30/19 10:14,60.818,57.8,1053.7,80.361
9/30/19 10:14,60.818,57.7,1053.7,80.361
9/30/19 10:14,60.818,57.7,1053.7,80.361
9/30/19 10:14,60.818,57.7,1056.2,80.361
9/30/19 10:14,60.775,57.6,1053.7,80.361
9/30/19 10:14,60.775,57.6,1056.2,80.361
9/30/19 10:14,60.775,57.5,1053.7,80.361
9/30/19 10:14,60.775,57.4,1056.2,80.361
9/30/19 10:14,60.733,57.3,1056.2,80.361
9/30/19 10:14,60.733,57.3,1056.2,80.361
9/30/19 10:14,60.733,57.3,1056.2,80.361
9/30/19 10:14,60.69,57.2,1056.2,80.361
9/30/19 10:14,60.69,57.1,1056.2,80.361
9/30/19 10:14,60.69,57,1056.2,80.361
9/30/19 10:14,60.647,56.9,1053.7,80.361
9/30/19 10:14,60.647,56.8,1056.2,80.361
9/30/19 10:14,60.604,56.8,1056.2,80.361
9/30/19 10:14,60.604,56.8,1056.2,80.361
9/30/19 10:14,60.561,56.7,1056.2,80.361
9/30/19 10:14,60.561,56.7,1058.7,80.361
9/30/19 10:14,60.561,56.7,1058.7,80.361
9/30/19 10:14,60.517,56.7,1056.2,80.361
9/30/19 10:14,60.517,56.6,1056.2,80.361
9/30/19 10:14,60.517,56.6,1058.7,80.361
9/30/19 10:14,60.517,56.6,1056.2,80.361
9/30/19 10:14,60.517,56.6,1061.2,80.361
9/30/19 10:14,60.517,56.6,1058.7,80.361
9/30/19 10:14,60.517,56.6,1058.7,80.361
9/30/19 10:14,60.517,56.6,1056.2,80.361
9/30/19 10:14,60.474,56.7,1056.2,80.361
9/30/19 10:14,60.517,56.7,1056.2,80.361
9/30/19 10:14,60.517,56.7,1056.2,80.361
9/30/19 10:14,60.517,56.7,1056.2,80.361
9/30/19 10:14,60.517,56.8,1056.2,80.361
9/30/19 10:14,60.517,56.8,1058.7,80.404
9/30/19 10:14,60.561,56.8,1061.2,80.361
9/30/19 10:14,60.561,56.9,1058.7,80.361
9/30/19 10:14,60.561,56.9,1061.2,80.404
9/30/19 10:14,60.561,57,1058.7,80.361
9/30/19 10:14,60.604,57,1056.2,80.404
9/30/19 10:14,60.561,57.2,1058.7,80.404
9/30/19 10:14,60.604,57.2,1058.7,80.404
9/30/19 10:14,60.604,57.3,1058.7,80.404
9/30/19 10:14,60.604,57.4,1058.7,80.404
9/30/19 10:14,60.647,57.3,1056.2,80.404
9/30/19 10:14,60.647,57.4,1058.7,80.404
9/30/19 10:14,60.647,57.5,1058.7,80.404
9/30/19 10:14,60.647,57.5,1058.7,80.404
9/30/19 10:14,60.69,57.6,1056.2,80.404
9/30/19 10:14,60.69,57.6,1058.7,80.404
9/30/19 10:14,60.69,57.7,1056.2,80.404
9/30/19 10:14,60.69,57.7,1058.7,80.404
9/30/19 10:14,60.69,57.7,1058.7,80.404
9/30/19 10:15,60.69,57.8,1061.2,80.404
9/30/19 10:15,60.733,57.8,1058.7,80.404
9/30/19 10:15,60.733,57.9,1058.7,80.404
9/30/19 10:15,60.733,57.9,1061.2,80.404
9/30/19 10:15,60.733,57.8,1061.2,80.404
9/30/19 10:15,60.733,57.8,1058.7,80.404
9/30/19 10:15,60.733,57.9,1058.7,80.404
9/30/19 10:15,60.733,57.9,1058.7,80.404
9/30/19 10:15,60.775,57.9,1058.7,80.404
9/30/19 10:15,60.775,57.9,1058.7,80.404
9/30/19 10:15,60.775,58,1058.7,80.404
9/30/19 10:15,60.775,58,1063.7,80.404
9/30/19 10:15,60.775,58.1,1061.2,80.404
9/30/19 10:15,60.775,58.1,1058.7,80.404
9/30/19 10:15,60.775,58.1,1058.7,80.404
9/30/19 10:15,60.818,58.1,1061.2,80.404
9/30/19 10:15,60.818,58.1,1061.2,80.404
9/30/19 10:15,60.818,58.2,1058.7,80.404
9/30/19 10:15,60.818,58.2,1061.2,80.404
9/30/19 10:15,60.861,58.2,1061.2,80.404
9/30/19 10:15,60.861,58.2,1061.2,80.404
9/30/19 10:15,60.861,58.2,1061.2,80.404
9/30/19 10:15,60.861,58.3,1061.2,80.404
9/30/19 10:15,60.861,58.3,1061.2,80.404
9/30/19 10:15,60.861,58.3,1061.2,80.404
9/30/19 10:15,60.861,58.3,1061.2,80.404
9/30/19 10:15,60.904,58.3,1061.2,80.404
9/30/19 10:15,60.904,58.3,1061.2,80.404
9/30/19 10:15,60.904,58.3,1063.7,80.404
9/30/19 10:15,60.904,58.3,1063.7,80.404
9/30/19 10:15,60.904,58.4,1058.7,80.404
9/30/19 10:15,60.904,58.4,1061.2,80.404
9/30/19 10:15,60.948,58.5,1061.2,80.404
9/30/19 10:15,60.948,58.4,1061.2,80.404
9/30/19 10:15,60.948,58.4,1061.2,80.404
9/30/19 10:15,60.948,58.5,1063.7,80.404
9/30/19 10:15,60.948,58.5,1061.2,80.404
9/30/19 10:15,60.948,58.5,1061.2,80.404
9/30/19 10:15,60.991,58.6,1063.7,80.404
9/30/19 10:15,60.991,58.6,1063.7,80.404
9/30/19 10:15,60.991,58.6,1061.2,80.404
9/30/19 10:15,60.991,58.6,1061.2,80.404
9/30/19 10:15,61.032,58.7,1061.2,80.404
9/30/19 10:15,61.032,58.7,1063.7,80.449
9/30/19 10:15,61.032,58.8,1066.2,80.404
9/30/19 10:15,61.032,58.8,1063.7,80.404
9/30/19 10:15,61.075,58.9,1061.2,80.404
9/30/19 10:15,61.075,58.9,1061.2,80.404
9/30/19 10:15,61.075,58.9,1063.7,80.404
9/30/19 10:15,61.119,59,1061.2,80.404
9/30/19 10:15,61.119,59,1061.2,80.404
9/30/19 10:15,61.119,59,1063.7,80.404
9/30/19 10:15,61.162,59,1063.7,80.449
9/30/19 10:15,61.162,59.1,1063.7,80.449
9/30/19 10:15,61.162,59.1,1063.7,80.404
9/30/19 10:15,61.205,59.2,1061.2,80.449
9/30/19 10:15,61.205,59.2,1066.2,80.449
9/30/19 10:15,61.205,59.2,1063.7,80.449
9/30/19 10:15,61.248,59.1,1063.7,80.449
9/30/19 10:15,61.248,59.1,1063.7,80.449
9/30/19 10:16,61.248,59,1063.7,80.404
9/30/19 10:16,61.248,59,1066.2,80.449
9/30/19 10:16,61.248,59,1066.2,80.449
9/30/19 10:16,61.29,58.9,1066.2,80.449
9/30/19 10:16,61.29,58.8,1063.7,80.449
9/30/19 10:16,61.248,58.6,1063.7,80.449
9/30/19 10:16,61.29,58.5,1063.7,80.449
9/30/19 10:16,61.29,58.5,1066.2,80.449
9/30/19 10:16,61.29,58.4,1066.2,80.449
9/30/19 10:16,61.29,58.4,1066.2,80.449
9/30/19 10:16,61.29,58.3,1066.2,80.449
9/30/19 10:16,61.248,58.2,1066.2,80.449
9/30/19 10:16,61.248,58.1,1063.7,80.449
9/30/19 10:16,61.248,58.1,1066.2,80.449
9/30/19 10:16,61.248,58,1066.2,80.449
9/30/19 10:16,61.248,57.9,1066.2,80.449
9/30/19 10:16,61.248,57.8,1066.2,80.449
9/30/19 10:16,61.248,57.8,1066.2,80.449
9/30/19 10:16,61.248,57.7,1066.2,80.449
9/30/19 10:16,61.248,57.7,1063.7,80.449
9/30/19 10:16,61.248,57.6,1066.2,80.449
9/30/19 10:16,61.248,57.5,1066.2,80.449
9/30/19 10:16,61.205,57.5,1066.2,80.449
9/30/19 10:16,61.248,57.4,1066.2,80.449
9/30/19 10:16,61.205,57.3,1063.7,80.449
9/30/19 10:16,61.205,57.3,1066.2,80.449
9/30/19 10:16,61.205,57.3,1066.2,80.449
9/30/19 10:16,61.205,57.2,1068.7,80.449
9/30/19 10:16,61.205,57.1,1066.2,80.449
9/30/19 10:16,61.205,57,1066.2,80.449
9/30/19 10:16,61.162,57,1066.2,80.449
9/30/19 10:16,61.162,57,1066.2,80.449
9/30/19 10:16,61.162,57,1066.2,80.449
9/30/19 10:16,61.162,56.9,1068.7,80.449
9/30/19 10:16,61.162,56.9,1066.2,80.449
9/30/19 10:16,61.119,56.9,1068.7,80.449
9/30/19 10:16,61.119,56.9,1066.2,80.449
9/30/19 10:16,61.119,56.9,1068.7,80.449
9/30/19 10:16,61.119,56.9,1068.7,80.449
9/30/19 10:16,61.119,56.9,1068.7,80.449
9/30/19 10:16,61.119,57,1066.2,80.449
9/30/19 10:16,61.119,57,1068.7,80.449
9/30/19 10:16,61.075,57,1068.7,80.449
9/30/19 10:16,61.075,57.1,1068.7,80.449
9/30/19 10:16,61.075,57.1,1068.7,80.449
9/30/19 10:16,61.075,57.2,1066.2,80.449
9/30/19 10:16,61.075,57.2,1068.7,80.449
9/30/19 10:16,61.075,57.2,1068.7,80.492
9/30/19 10:16,61.075,57.3,1068.7,80.492
9/30/19 10:16,61.075,57.3,1068.7,80.492
9/30/19 10:16,61.075,57.3,1068.7,80.492
9/30/19 10:16,61.075,57.3,1068.7,80.492
9/30/19 10:16,61.075,57.3,1068.7,80.492
9/30/19 10:16,61.075,57.3,1068.7,80.492
9/30/19 10:16,61.119,57.3,1068.7,80.492
9/30/19 10:16,61.119,57.3,1068.7,80.492
9/30/19 10:16,61.119,57.3,1068.7,80.492
9/30/19 10:16,61.119,57.3,1071.2,80.492
9/30/19 10:16,61.119,57.3,1068.7,80.492
9/30/19 10:16,61.119,57.3,1071.2,80.492
9/30/19 10:17,61.119,57.3,1068.7,80.492
9/30/19 10:17,61.119,57.3,1071.2,80.492
9/30/19 10:17,61.119,57.3,1073.7,80.492
9/30/19 10:17,61.119,57.4,1068.7,80.492
9/30/19 10:17,61.162,57.4,1068.7,80.492
9/30/19 10:17,61.162,57.3,1068.7,80.492
9/30/19 10:17,61.162,57.3,1068.7,80.492
9/30/19 10:17,61.162,57.4,1068.7,80.492
9/30/19 10:17,61.162,57.5,1068.7,80.492
9/30/19 10:17,61.162,57.5,1068.7,80.492
9/30/19 10:17,61.162,57.5,1068.7,80.492
9/30/19 10:17,61.162,57.5,1068.7,80.492
9/30/19 10:17,61.205,57.5,1071.2,80.492
9/30/19 10:17,61.205,57.5,1068.7,80.492
9/30/19 10:17,61.205,57.5,1068.7,80.492
9/30/19 10:17,61.205,57.4,1071.2,80.492
9/30/19 10:17,61.205,57.4,1071.2,80.492
9/30/19 10:17,61.205,57.4,1071.2,80.492
9/30/19 10:17,61.205,57.3,1071.2,80.492
9/30/19 10:17,61.205,57.3,1071.2,80.492
9/30/19 10:17,61.205,57.3,1071.2,80.492
9/30/19 10:17,61.205,57.3,1071.2,80.492
9/30/19 10:17,61.205,57.3,1071.2,80.492
9/30/19 10:17,61.205,57.3,1071.2,80.492
9/30/19 10:17,61.205,57.3,1073.7,80.492
9/30/19 10:17,61.162,57.3,1071.2,80.492
9/30/19 10:17,61.162,57.3,1073.7,80.492
9/30/19 10:17,61.162,57.4,1071.2,80.492
9/30/19 10:17,61.162,57.3,1073.7,80.492
9/30/19 10:17,61.162,57.4,1071.2,80.492
9/30/19 10:17,61.162,57.4,1071.2,80.492
9/30/19 10:17,61.162,57.4,1073.7,80.537
9/30/19 10:17,61.162,57.4,1073.7,80.492
9/30/19 10:17,61.162,57.4,1073.7,80.492
9/30/19 10:17,61.162,57.4,1073.7,80.492
9/30/19 10:17,61.162,57.4,1073.7,80.492
9/30/19 10:17,61.162,57.3,1073.7,80.492
9/30/19 10:17,61.162,57.3,1071.2,80.492
9/30/19 10:17,61.162,57.4,1071.2,80.537
9/30/19 10:17,61.162,57.4,1073.7,80.492
9/30/19 10:17,61.162,57.4,1071.2,80.492
9/30/19 10:17,61.205,57.5,1071.2,80.492
9/30/19 10:17,61.205,57.5,1073.7,80.537
9/30/19 10:17,61.205,57.5,1073.7,80.492
9/30/19 10:17,61.205,57.6,1073.7,80.492
9/30/19 10:17,61.205,57.6,1073.7,80.537
9/30/19 10:17,61.205,57.6,1073.7,80.537
9/30/19 10:17,61.205,57.7,1076.2,80.537
9/30/19 10:17,61.205,57.7,1071.2,80.537
9/30/19 10:17,61.205,57.7,1073.7,80.537
9/30/19 10:17,61.205,57.8,1073.7,80.537
9/30/19 10:17,61.205,57.9,1073.7,80.537
9/30/19 10:17,61.248,57.9,1071.2,80.537
9/30/19 10:17,61.248,57.8,1068.7,80.537
9/30/19 10:17,61.248,57.8,1073.7,80.537
9/30/19 10:17,61.248,57.9,1073.7,80.537
9/30/19 10:17,61.248,57.9,1073.7,80.537
9/30/19 10:17,61.248,57.9,1071.2,80.537
9/30/19 10:17,61.29,57.9,1071.2,80.537
9/30/19 10:17,61.29,57.9,1073.7,80.537
9/30/19 10:18,61.29,58,1073.7,80.537
9/30/19 10:18,61.29,57.9,1073.7,80.537
9/30/19 10:18,61.29,58,1073.7,80.537
9/30/19 10:18,61.29,57.9,1073.7,80.537
9/30/19 10:18,61.29,57.9,1073.7,80.537
9/30/19 10:18,61.29,57.9,1073.7,80.537
9/30/19 10:18,61.333,57.9,1073.7,80.537
9/30/19 10:18,61.333,57.9,1073.7,80.537
9/30/19 10:18,61.333,57.9,1071.2,80.537
9/30/19 10:18,61.333,57.9,1073.7,80.537
9/30/19 10:18,61.333,57.9,1071.2,80.537
9/30/19 10:18,61.333,58,1071.2,80.537
9/30/19 10:18,61.333,58.1,1073.7,80.537
9/30/19 10:18,61.333,58.1,1073.7,80.537
9/30/19 10:18,61.333,58.2,1073.7,80.537
9/30/19 10:18,61.376,58.4,1076.2,80.537
9/30/19 10:18,61.376,58.4,1076.2,80.537
9/30/19 10:18,61.376,58.5,1076.2,80.537
9/30/19 10:18,61.376,58.6,1076.2,80.537
9/30/19 10:18,61.419,58.7,1076.2,80.537
9/30/19 10:18,61.419,58.8,1078.7,80.537
9/30/19 10:18,61.419,58.8,1076.2,80.537
9/30/19 10:18,61.419,58.9,1078.7,80.537
9/30/19 10:18,61.462,58.9,1078.7,80.537
9/30/19 10:18,61.462,58.8,1078.7,80.537
9/30/19 10:18,61.462,58.8,1078.7,80.537
9/30/19 10:18,61.462,58.8,1078.7,80.537
9/30/19 10:18,61.462,58.7,1078.7,80.537
9/30/19 10:18,61.462,58.6,1078.7,80.537
9/30/19 10:18,61.462,58.6,1076.2,80.537
9/30/19 10:18,61.462,58.5,1076.2,80.537
9/30/19 10:18,61.506,58.4,1076.2,80.537
9/30/19 10:18,61.462,58.5,1076.2,80.537
9/30/19 10:18,61.506,58.4,1078.7,80.537
9/30/19 10:18,61.506,58.3,1076.2,80.537
9/30/19 10:18,61.506,58.3,1076.2,80.537
9/30/19 10:18,61.506,58.2,1078.7,80.537
9/30/19 10:18,61.506,58.1,1078.7,80.537
9/30/19 10:18,61.506,58.1,1078.7,80.537
9/30/19 10:18,61.506,58.1,1078.7,80.537
9/30/19 10:18,61.506,58.1,1078.7,80.537
9/30/19 10:18,61.506,58.1,1078.7,80.537
9/30/19 10:18,61.506,58.2,1078.7,80.537
9/30/19 10:18,61.506,58.1,1076.2,80.537
9/30/19 10:18,61.506,58.1,1078.7,80.537
9/30/19 10:18,61.506,58.1,1078.7,80.537
9/30/19 10:18,61.462,58.1,1078.7,80.58
9/30/19 10:18,61.462,58,1078.7,80.58
9/30/19 10:18,61.506,58,1078.7,80.537
9/30/19 10:18,61.462,58,1078.7,80.537
9/30/19 10:18,61.462,58,1078.7,80.58
9/30/19 10:18,61.462,57.9,1081.2,80.58
9/30/19 10:18,61.462,57.9,1081.2,80.58
9/30/19 10:18,61.462,57.9,1081.2,80.58
9/30/19 10:18,61.462,57.7,1078.7,80.58
9/30/19 10:18,61.462,57.6,1081.2,80.58
9/30/19 10:18,61.419,57.4,1081.2,80.58
9/30/19 10:18,61.419,57.4,1081.2,80.58
9/30/19 10:18,61.419,57.2,1081.2,80.58
9/30/19 10:18,61.376,57.1,1081.2,80.58
9/30/19 10:19,61.376,56.9,1081.2,80.58
9/30/19 10:19,61.376,56.8,1081.2,80.58
9/30/19 10:19,61.333,56.7,1081.2,80.58
9/30/19 10:19,61.333,56.6,1083.7,80.58
9/30/19 10:19,61.333,56.5,1083.7,80.58
9/30/19 10:19,61.29,56.4,1083.7,80.58
9/30/19 10:19,61.29,56.4,1083.7,80.58
9/30/19 10:19,61.248,56.3,1083.7,80.58
9/30/19 10:19,61.248,56.2,1083.7,80.58
9/30/19 10:19,61.248,56.3,1083.7,80.58
9/30/19 10:19,61.205,56.2,1083.7,80.58
9/30/19 10:19,61.205,56.1,1083.7,80.58
9/30/19 10:19,61.162,56.1,1083.7,80.58
9/30/19 10:19,61.162,56,1083.7,80.58
9/30/19 10:19,61.162,56,1083.7,80.58
9/30/19 10:19,61.119,56,1083.7,80.58
9/30/19 10:19,61.119,56.1,1083.7,80.58
9/30/19 10:19,61.075,56.1,1083.7,80.58
9/30/19 10:19,61.075,56.1,1083.7,80.58
9/30/19 10:19,61.075,56.1,1086.2,80.58
9/30/19 10:19,61.075,56.1,1081.2,80.58
9/30/19 10:19,61.032,56.1,1083.7,80.58
9/30/19 10:19,61.032,56.2,1083.7,80.58
9/30/19 10:19,61.032,56.2,1083.7,80.58
9/30/19 10:19,61.032,56.3,1086.2,80.58
9/30/19 10:19,60.991,56.2,1083.7,80.58
9/30/19 10:19,60.991,56.3,1083.7,80.58
9/30/19 10:19,60.991,56.3,1083.7,80.58
9/30/19 10:19,60.991,56.3,1083.7,80.58
9/30/19 10:19,60.948,56.3,1086.2,80.58
9/30/19 10:19,60.948,56.3,1083.7,80.58
9/30/19 10:19,60.948,56.3,1083.7,80.58
9/30/19 10:19,60.948,56.3,1083.7,80.58
9/30/19 10:19,60.948,56.3,1086.2,80.58
9/30/19 10:19,60.948,56.3,1083.7,80.58
9/30/19 10:19,60.904,56.2,1086.2,80.58
9/30/19 10:19,60.904,56.3,1086.2,80.58
9/30/19 10:19,60.904,56.3,1086.2,80.58
9/30/19 10:19,60.904,56.3,1083.7,80.58
9/30/19 10:19,60.904,56.3,1083.7,80.58
9/30/19 10:19,60.861,56.3,1086.2,80.58
9/30/19 10:19,60.861,56.3,1086.2,80.58
9/30/19 10:19,60.861,56.4,1086.2,80.58
9/30/19 10:19,60.861,56.4,1086.2,80.58
9/30/19 10:19,60.861,56.4,1086.2,80.58
9/30/19 10:19,60.818,56.4,1086.2,80.58
9/30/19 10:19,60.818,56.4,1086.2,80.58
9/30/19 10:19,60.818,56.3,1086.2,80.58
9/30/19 10:19,60.818,56.3,1083.7,80.58
9/30/19 10:19,60.775,56.2,1086.2,80.58
9/30/19 10:19,60.775,56.3,1086.2,80.58
9/30/19 10:19,60.733,56.2,1086.2,80.58
9/30/19 10:19,60.733,56.2,1086.2,80.58
9/30/19 10:19,60.733,56.1,1086.2,80.58
9/30/19 10:19,60.733,56.1,1086.2,80.58
9/30/19 10:19,60.69,56,1086.2,80.58
9/30/19 10:19,60.647,56,1088.7,80.58
9/30/19 10:19,60.69,55.9,1086.2,80.58
9/30/19 10:19,60.647,55.9,1086.2,80.58
9/30/19 10:19,60.647,55.8,1086.2,80.58
9/30/19 10:20,60.604,55.8,1086.2,80.58
9/30/19 10:20,60.604,55.8,1086.2,80.58
9/30/19 10:20,60.561,55.8,1086.2,80.58
9/30/19 10:20,60.561,55.8,1088.7,80.58
9/30/19 10:20,60.561,55.8,1088.7,80.58
9/30/19 10:20,60.517,55.7,1088.7,80.58
9/30/19 10:20,60.517,55.7,1088.7,80.58
9/30/19 10:20,60.517,55.7,1088.7,80.58
9/30/19 10:20,60.474,55.7,1088.7,80.58
9/30/19 10:20,60.474,55.7,1091.2,80.58
9/30/19 10:20,60.474,55.7,1086.2,80.58
9/30/19 10:20,60.474,55.7,1086.2,80.58
9/30/19 10:20,60.433,55.7,1088.7,80.58
9/30/19 10:20,60.433,55.7,1086.2,80.58
9/30/19 10:20,60.433,55.7,1088.7,80.58
9/30/19 10:20,60.39,55.8,1088.7,80.58
9/30/19 10:20,60.39,55.8,1088.7,80.58
9/30/19 10:20,60.39,55.9,1088.7,80.58
9/30/19 10:20,60.346,56,1088.7,80.58
9/30/19 10:20,60.346,56,1091.2,80.537
9/30/19 10:20,60.346,56.1,1088.7,80.58
9/30/19 10:20,60.346,56.2,1088.7,80.58
9/30/19 10:20,60.346,56.2,1088.7,80.58
9/30/19 10:20,60.303,56.2,1088.7,80.537
9/30/19 10:20,60.303,56.2,1088.7,80.58
9/30/19 10:20,60.303,56.3,1088.7,80.537
9/30/19 10:20,60.303,56.3,1088.7,80.58
9/30/19 10:20,60.303,56.3,1088.7,80.537
9/30/19 10:20,60.303,56.3,1088.7,80.58
9/30/19 10:20,60.26,56.3,1088.7,80.537
9/30/19 10:20,60.26,56.4,1091.2,80.537
9/30/19 10:20,60.26,56.5,1088.7,80.537
9/30/19 10:20,60.26,56.5,1088.7,80.537
9/30/19 10:20,60.26,56.6,1088.7,80.58
9/30/19 10:20,60.26,56.6,1088.7,80.537
9/30/19 10:20,60.217,56.7,1088.7,80.537
9/30/19 10:20,60.217,56.7,1091.2,80.537
9/30/19 10:20,60.217,56.7,1091.2,80.58
9/30/19 10:20,60.217,56.7,1091.2,80.537
9/30/19 10:20,60.217,56.7,1091.2,80.537
9/30/19 10:20,60.217,56.7,1091.2,80.537
9/30/19 10:20,60.174,56.7,1091.2,80.537
9/30/19 10:20,60.174,56.7,1088.7,80.537
9/30/19 10:20,60.174,56.7,1091.2,80.537
9/30/19 10:20,60.174,56.7,1091.2,80.537
9/30/19 10:20,60.132,56.6,1091.2,80.537
9/30/19 10:20,60.132,56.6,1091.2,80.537
9/30/19 10:20,60.132,56.6,1091.2,80.537
9/30/19 10:20,60.132,56.6,1093.7,80.537
9/30/19 10:20,60.089,56.5,1093.7,80.537
9/30/19 10:20,60.089,56.5,1093.7,80.537
9/30/19 10:20,60.089,56.6,1093.7,80.537
9/30/19 10:20,60.089,56.6,1091.2,80.537
9/30/19 10:20,60.089,56.6,1091.2,80.537
9/30/19 10:20,60.046,56.6,1091.2,80.537
9/30/19 10:20,60.046,56.6,1091.2,80.537
9/30/19 10:20,60.046,56.6,1091.2,80.537
9/30/19 10:20,60.046,56.6,1093.7,80.537
9/30/19 10:20,60.046,56.6,1091.2,80.537
9/30/19 10:20,60.003,56.6,1091.2,80.537
9/30/19 10:21,60.003,56.6,1091.2,80.537
9/30/19 10:21,60.003,56.7,1091.2,80.537
9/30/19 10:21,60.003,56.7,1093.7,80.537
9/30/19 10:21,60.003,56.7,1091.2,80.537
9/30/19 10:21,59.959,56.8,1093.7,80.537
9/30/19 10:21,59.959,56.9,1093.7,80.537
9/30/19 10:21,59.959,57,1093.7,80.537
9/30/19 10:21,59.959,57.1,1093.7,80.537
9/30/19 10:21,59.959,57.3,1093.7,80.537
9/30/19 10:21,59.959,57.3,1093.7,80.537
9/30/19 10:21,59.959,57.4,1093.7,80.537
9/30/19 10:21,59.959,57.5,1093.7,80.537
9/30/19 10:21,60.003,57.7,1093.7,80.537
9/30/19 10:21,60.003,57.8,1093.7,80.537
9/30/19 10:21,60.003,57.8,1093.7,80.537
9/30/19 10:21,59.959,57.9,1093.7,80.537
9/30/19 10:21,60.003,58,1093.7,80.537
9/30/19 10:21,60.003,58.1,1093.7,80.537
9/30/19 10:21,60.003,58.2,1093.7,80.537
9/30/19 10:21,60.003,58.2,1093.7,80.537
9/30/19 10:21,60.003,58.3,1093.7,80.537
9/30/19 10:21,60.003,58.3,1093.7,80.537
9/30/19 10:21,60.003,58.3,1093.7,80.537
9/30/19 10:21,60.003,58.3,1096.2,80.537
9/30/19 10:21,60.003,58.3,1096.2,80.537
9/30/19 10:21,60.003,58.3,1096.2,80.537
9/30/19 10:21,60.003,58.3,1096.2,80.537
9/30/19 10:21,60.003,58.2,1093.7,80.537
9/30/19 10:21,60.003,58.3,1096.2,80.537
9/30/19 10:21,60.046,58.3,1093.7,80.537
9/30/19 10:21,60.046,58.3,1096.2,80.537
9/30/19 10:21,60.046,58.4,1093.7,80.537
9/30/19 10:21,60.046,58.4,1096.2,80.537
9/30/19 10:21,60.046,58.5,1096.2,80.537
9/30/19 10:21,60.046,58.6,1096.2,80.537
9/30/19 10:21,60.046,58.7,1096.2,80.537
9/30/19 10:21,60.046,58.7,1096.2,80.537
9/30/19 10:21,60.046,58.7,1096.2,80.537
9/30/19 10:21,60.046,58.7,1096.2,80.537
9/30/19 10:21,60.046,58.7,1093.7,80.537
9/30/19 10:21,60.046,58.6,1096.2,80.537
9/30/19 10:21,60.046,58.6,1096.2,80.537
9/30/19 10:21,60.046,58.5,1093.7,80.58
9/30/19 10:21,60.046,58.4,1096.2,80.537
9/30/19 10:21,60.046,58.4,1096.2,80.58
9/30/19 10:21,60.046,58.4,1096.2,80.537
9/30/19 10:21,60.046,58.4,1096.2,80.58
9/30/19 10:21,60.046,58.4,1098.7,80.58
9/30/19 10:21,60.046,58.4,1098.7,80.58
9/30/19 10:21,60.046,58.4,1096.2,80.537
9/30/19 10:21,60.046,58.5,1098.7,80.537
9/30/19 10:21,60.046,58.5,1096.2,80.537
9/30/19 10:21,60.046,58.7,1098.7,80.58
9/30/19 10:21,60.046,58.7,1096.2,80.58
9/30/19 10:21,60.046,58.8,1098.7,80.58
9/30/19 10:21,60.046,58.8,1098.7,80.537
9/30/19 10:21,60.046,58.9,1098.7,80.58
9/30/19 10:21,60.046,58.9,1098.7,80.58
9/30/19 10:21,60.046,58.9,1098.7,80.58
9/30/19 10:21,60.046,58.8,1098.7,80.537
9/30/19 10:22,60.046,58.8,1098.7,80.537
9/30/19 10:22,60.046,58.8,1101.2,80.58
9/30/19 10:22,60.046,58.7,1098.7,80.537
9/30/19 10:22,60.046,58.7,1101.2,80.58
9/30/19 10:22,60.046,58.7,1098.7,80.58
9/30/19 10:22,60.046,58.7,1098.7,80.58
9/30/19 10:22,60.046,58.7,1101.2,80.537
9/30/19 10:22,60.003,58.7,1098.7,80.58
9/30/19 10:22,60.046,58.8,1098.7,80.58
9/30/19 10:22,60.046,58.9,1101.2,80.537
9/30/19 10:22,60.046,58.9,1101.2,80.537
9/30/19 10:22,60.046,59,1098.7,80.537
9/30/19 10:22,60.046,59,1098.7,80.58
9/30/19 10:22,60.046,59.1,1098.7,80.537
9/30/19 10:22,60.046,59.2,1101.2,80.58
9/30/19 10:22,60.046,59.2,1101.2,80.537
9/30/19 10:22,60.046,59.3,1101.2,80.537
9/30/19 10:22,60.046,59.5,1101.2,80.537
9/30/19 10:22,60.046,59.6,1098.7,80.537
9/30/19 10:22,60.089,59.6,1101.2,80.58
9/30/19 10:22,60.089,59.8,1101.2,80.58
9/30/19 10:22,60.089,59.7,1103.7,80.537
9/30/19 10:22,60.089,59.8,1101.2,80.58
9/30/19 10:22,60.089,59.9,1103.7,80.537
9/30/19 10:22,60.089,60.1,1103.7,80.537
9/30/19 10:22,60.132,60.1,1103.7,80.537
9/30/19 10:22,60.132,60.2,1103.7,80.537
9/30/19 10:22,60.132,60.3,1103.7,80.537
9/30/19 10:22,60.132,60.2,1103.7,80.537
9/30/19 10:22,60.132,60.3,1098.7,80.58
9/30/19 10:22,60.174,60.3,1101.2,80.537
9/30/19 10:22,60.174,60.4,1103.7,80.537
9/30/19 10:22,60.174,60.4,1103.7,80.58
9/30/19 10:22,60.174,60.4,1101.2,80.537
9/30/19 10:22,60.174,60.5,1103.7,80.58
9/30/19 10:22,60.217,60.5,1103.7,80.537
9/30/19 10:22,60.217,60.6,1101.2,80.537
9/30/19 10:22,60.217,60.6,1103.7,80.537
9/30/19 10:22,60.217,60.5,1103.7,80.537
9/30/19 10:22,60.26,60.4,1103.7,80.537
9/30/19 10:22,60.26,60.4,1103.7,80.537
9/30/19 10:22,60.26,60.3,1103.7,80.537
9/30/19 10:22,60.26,60.2,1103.7,80.537
9/30/19 10:22,60.26,60.2,1103.7,80.537
9/30/19 10:22,60.26,60.1,1103.7,80.537
9/30/19 10:22,60.26,60.2,1103.7,80.537
9/30/19 10:22,60.26,60.1,1103.7,80.537
9/30/19 10:22,60.26,60.2,1103.7,80.537
9/30/19 10:22,60.26,60.2,1103.7,80.537
9/30/19 10:22,60.26,60.2,1103.7,80.537
9/30/19 10:22,60.26,60.2,1103.7,80.537
9/30/19 10:22,60.26,60.2,1103.7,80.537
9/30/19 10:22,60.26,60.1,1103.7,80.537
9/30/19 10:22,60.26,60,1106.2,80.537
9/30/19 10:22,60.26,59.9,1103.7,80.537
9/30/19 10:22,60.303,59.9,1103.7,80.537
9/30/19 10:22,60.303,59.9,1103.7,80.537
9/30/19 10:22,60.303,59.8,1103.7,80.537
9/30/19 10:22,60.303,59.8,1108.7,80.537
9/30/19 10:22,60.303,59.7,1103.7,80.537
9/30/19 10:23,60.303,59.6,1106.2,80.537
9/30/19 10:23,60.303,59.6,1106.2,80.537
9/30/19 10:23,60.303,59.6,1103.7,80.537
9/30/19 10:23,60.303,59.5,1108.7,80.537
9/30/19 10:23,60.303,59.4,1106.2,80.537
9/30/19 10:23,60.303,59.4,1106.2,80.537
9/30/19 10:23,60.303,59.4,1106.2,80.537
9/30/19 10:23,60.303,59.3,1106.2,80.537
9/30/19 10:23,60.303,59.2,1106.2,80.537
9/30/19 10:23,60.303,59.1,1106.2,80.537
9/30/19 10:23,60.303,59,1106.2,80.537
9/30/19 10:23,60.303,58.9,1106.2,80.537
9/30/19 10:23,60.303,58.9,1106.2,80.537
9/30/19 10:23,60.303,58.8,1106.2,80.537
9/30/19 10:23,60.303,58.7,1106.2,80.537
9/30/19 10:23,60.303,58.6,1106.2,80.537
9/30/19 10:23,60.303,58.5,1106.2,80.537
9/30/19 10:23,60.303,58.5,1108.7,80.537
9/30/19 10:23,60.303,58.4,1106.2,80.537
9/30/19 10:23,60.303,58.3,1108.7,80.537
9/30/19 10:23,60.303,58.4,1108.7,80.537
9/30/19 10:23,60.303,58.3,1106.2,80.537
9/30/19 10:23,60.303,58.3,1106.2,80.537
9/30/19 10:23,60.303,58.2,1106.2,80.537
9/30/19 10:23,60.303,58.1,1108.7,80.537
9/30/19 10:23,60.303,58.1,1108.7,80.537
9/30/19 10:23,60.303,58.1,1108.7,80.537
9/30/19 10:23,60.303,58,1108.7,80.537
9/30/19 10:23,60.303,58,1108.7,80.537
9/30/19 10:23,60.303,58,1108.7,80.537
9/30/19 10:23,60.303,58,1108.7,80.537
9/30/19 10:23,60.303,58,1108.7,80.537
9/30/19 10:23,60.303,58,1108.7,80.537
9/30/19 10:23,60.303,58,1108.7,80.537
9/30/19 10:23,60.303,58,1108.7,80.537
9/30/19 10:23,60.303,58,1111.2,80.537
9/30/19 10:23,60.303,58,1106.2,80.537
9/30/19 10:23,60.303,58,1108.7,80.537
9/30/19 10:23,60.346,58,1108.7,80.537
9/30/19 10:23,60.346,58,1108.7,80.537
9/30/19 10:23,60.346,58,1108.7,80.537
9/30/19 10:23,60.346,58,1108.7,80.537
9/30/19 10:23,60.346,58,1108.7,80.537
9/30/19 10:23,60.346,58,1108.7,80.537
9/30/19 10:23,60.346,58,1106.2,80.537
9/30/19 10:23,60.346,58,1108.7,80.537
9/30/19 10:23,60.346,58,1108.7,80.537
9/30/19 10:23,60.346,58,1108.7,80.537
9/30/19 10:23,60.346,58,1108.7,80.537
9/30/19 10:23,60.39,58,1108.7,80.537
9/30/19 10:23,60.39,58,1111.2,80.537
9/30/19 10:23,60.39,58.1,1111.2,80.537
9/30/19 10:23,60.39,58.1,1111.2,80.537
9/30/19 10:23,60.39,58.1,1111.2,80.537
9/30/19 10:23,60.39,58.1,1111.2,80.537
9/30/19 10:23,60.39,58.1,1111.2,80.537
9/30/19 10:23,60.39,58.1,1108.7,80.537
9/30/19 10:23,60.433,58.2,1108.7,80.537
9/30/19 10:23,60.433,58.2,1111.2,80.537
9/30/19 10:23,60.433,58.3,1108.7,80.537
9/30/19 10:24,60.433,58.4,1111.2,80.537
9/30/19 10:24,60.433,58.3,1111.2,80.537
9/30/19 10:24,60.433,58.3,1111.2,80.537
9/30/19 10:24,60.433,58.4,1111.2,80.537
9/30/19 10:24,60.474,58.4,1111.2,80.537
9/30/19 10:24,60.474,58.5,1111.2,80.537
9/30/19 10:24,60.474,58.5,1113.7,80.537
9/30/19 10:24,60.474,58.5,1111.2,80.537
9/30/19 10:24,60.474,58.5,1111.2,80.537
9/30/19 10:24,60.517,58.6,1111.2,80.537
9/30/19 10:24,60.517,58.7,1111.2,80.537
9/30/19 10:24,60.517,58.8,1111.2,80.537
9/30/19 10:24,60.517,58.8,1111.2,80.537
9/30/19 10:24,60.517,58.8,1113.7,80.537
9/30/19 10:24,60.561,58.9,1111.2,80.537
9/30/19 10:24,60.561,59,1113.7,80.537
9/30/19 10:24,60.561,59,1113.7,80.537
9/30/19 10:24,60.561,59.1,1111.2,80.537
9/30/19 10:24,60.604,59.1,1113.7,80.537
9/30/19 10:24,60.604,59.1,1113.7,80.537
9/30/19 10:24,60.604,59.2,1116.2,80.537
9/30/19 10:24,60.604,59.2,1116.2,80.537
9/30/19 10:24,60.604,59.3,1113.7,80.537
9/30/19 10:24,60.647,59.3,1113.7,80.537
9/30/19 10:24,60.647,59.3,1113.7,80.537
9/30/19 10:24,60.647,59.4,1116.2,80.537
9/30/19 10:24,60.647,59.4,1113.7,80.537
9/30/19 10:24,60.69,59.4,1116.2,80.537
9/30/19 10:24,60.69,59.3,1113.7,80.537
9/30/19 10:24,60.69,59.3,1113.7,80.537
9/30/19 10:24,60.69,59.4,1116.2,80.537
9/30/19 10:24,60.733,59.4,1113.7,80.537
9/30/19 10:24,60.733,59.4,1113.7,80.537
9/30/19 10:24,60.733,59.4,1116.2,80.537
9/30/19 10:24,60.733,59.3,1116.2,80.537
9/30/19 10:24,60.775,59.4,1116.2,80.537
9/30/19 10:24,60.775,59.4,1113.7,80.537
9/30/19 10:24,60.775,59.4,1116.2,80.537
9/30/19 10:24,60.775,59.4,1113.7,80.537
9/30/19 10:24,60.818,59.4,1116.2,80.537
9/30/19 10:24,60.818,59.4,1113.7,80.537
9/30/19 10:24,60.818,59.4,1116.2,80.537
9/30/19 10:24,60.861,59.4,1116.2,80.537
9/30/19 10:24,60.861,59.3,1116.2,80.537
9/30/19 10:24,60.861,59.4,1113.7,80.537
9/30/19 10:24,60.861,59.4,1118.7,80.537
9/30/19 10:24,60.904,59.4,1116.2,80.537
9/30/19 10:24,60.904,59.4,1116.2,80.537
9/30/19 10:24,60.904,59.4,1118.7,80.537
9/30/19 10:24,60.904,59.3,1116.2,80.537
9/30/19 10:24,60.904,59.3,1116.2,80.537
9/30/19 10:24,60.948,59.3,1116.2,80.537
9/30/19 10:24,60.948,59.3,1116.2,80.537
9/30/19 10:24,60.948,59.3,1116.2,80.537
9/30/19 10:24,60.948,59.3,1116.2,80.537
9/30/19 10:24,60.991,59.3,1121.2,80.537
9/30/19 10:24,60.991,59.3,1113.7,80.537
9/30/19 10:24,60.991,59.3,1118.7,80.537
9/30/19 10:24,60.991,59.3,1116.2,80.537
9/30/19 10:24,61.032,59.4,1118.7,80.537
9/30/19 10:25,61.032,59.4,1118.7,80.537
9/30/19 10:25,61.032,59.4,1118.7,80.537
9/30/19 10:25,61.032,59.4,1118.7,80.537
9/30/19 10:25,61.075,59.4,1116.2,80.537
9/30/19 10:25,61.075,59.4,1118.7,80.537
9/30/19 10:25,61.075,59.4,1118.7,80.537
9/30/19 10:25,61.075,59.4,1118.7,80.537
9/30/19 10:25,61.119,59.4,1118.7,80.537
9/30/19 10:25,61.119,59.4,1118.7,80.537
9/30/19 10:25,61.119,59.4,1121.2,80.537
9/30/19 10:25,61.119,59.4,1118.7,80.537
9/30/19 10:25,61.162,59.4,1123.7,80.537
9/30/19 10:25,61.162,59.4,1116.2,80.537
9/30/19 10:25,61.205,59.4,1118.7,80.58
9/30/19 10:25,61.205,59.4,1118.7,80.58
9/30/19 10:25,61.205,59.4,1118.7,80.58
9/30/19 10:25,61.205,59.4,1118.7,80.58
9/30/19 10:25,61.205,59.4,1121.2,80.58
9/30/19 10:25,61.248,59.4,1121.2,80.58
9/30/19 10:25,61.248,59.4,1121.2,80.58
9/30/19 10:25,61.248,59.4,1118.7,80.58
9/30/19 10:25,61.248,59.4,1118.7,80.58
9/30/19 10:25,61.248,59.4,1118.7,80.58
9/30/19 10:25,61.248,59.5,1118.7,80.58
9/30/19 10:25,61.29,59.5,1118.7,80.58
9/30/19 10:25,61.29,59.4,1118.7,80.58
9/30/19 10:25,61.29,59.3,1121.2,80.58
9/30/19 10:25,61.29,59.2,1118.7,80.58
9/30/19 10:25,61.29,59.2,1118.7,80.58
9/30/19 10:25,61.29,59.1,1123.7,80.58
9/30/19 10:25,61.29,59.1,1121.2,80.58
9/30/19 10:25,61.29,59,1118.7,80.58
9/30/19 10:25,61.29,59,1118.7,80.58
9/30/19 10:25,61.29,59,1121.2,80.58
9/30/19 10:25,61.29,58.9,1118.7,80.58
9/30/19 10:25,61.29,58.9,1121.2,80.58
9/30/19 10:25,61.29,58.9,1121.2,80.58
9/30/19 10:25,61.333,58.8,1121.2,80.58
9/30/19 10:25,61.333,58.8,1118.7,80.58
9/30/19 10:25,61.333,58.8,1121.2,80.58
9/30/19 10:25,61.333,58.6,1121.2,80.58
9/30/19 10:25,61.333,58.6,1121.2,80.58
9/30/19 10:25,61.333,58.5,1121.2,80.625
9/30/19 10:25,61.333,58.4,1121.2,80.625
9/30/19 10:25,61.333,58.5,1121.2,80.625
9/30/19 10:25,61.376,58.4,1121.2,80.625
9/30/19 10:25,61.376,58.3,1123.7,80.625
9/30/19 10:25,61.376,58.3,1123.7,80.625
9/30/19 10:25,61.376,58.2,1123.7,80.625
9/30/19 10:25,61.376,58.2,1123.7,80.625
9/30/19 10:25,61.376,58.2,1123.7,80.625
9/30/19 10:25,61.376,58.2,1123.7,80.625
9/30/19 10:25,61.376,58.1,1123.7,80.625
9/30/19 10:25,61.376,58.1,1123.7,80.625
9/30/19 10:25,61.376,58,1123.7,80.625
9/30/19 10:25,61.376,57.9,1126.2,80.625
9/30/19 10:25,61.419,57.8,1118.7,80.625
9/30/19 10:25,61.419,57.8,1123.7,80.625
9/30/19 10:25,61.376,57.7,1126.2,80.625
9/30/19 10:25,61.376,57.6,1123.7,80.625
9/30/19 10:26,61.376,57.5,1123.7,80.625
9/30/19 10:26,61.376,57.4,1123.7,80.625
9/30/19 10:26,61.376,57.3,1123.7,80.625
9/30/19 10:26,61.333,57.3,1126.2,80.625
9/30/19 10:26,61.333,57.2,1123.7,80.625
9/30/19 10:26,61.333,57.1,1123.7,80.625
9/30/19 10:26,61.29,57,1123.7,80.625
9/30/19 10:26,61.29,56.9,1123.7,80.668
9/30/19 10:26,61.29,56.8,1123.7,80.668
9/30/19 10:26,61.248,56.8,1123.7,80.668
9/30/19 10:26,61.248,56.8,1123.7,80.668
9/30/19 10:26,61.248,56.7,1126.2,80.668
9/30/19 10:26,61.205,56.7,1123.7,80.668
9/30/19 10:26,61.205,56.6,1126.2,80.668
9/30/19 10:26,61.205,56.6,1126.2,80.668
9/30/19 10:26,61.162,56.6,1123.7,80.668
9/30/19 10:26,61.162,56.5,1123.7,80.668
9/30/19 10:26,61.162,56.5,1126.2,80.668
9/30/19 10:26,61.119,56.4,1126.2,80.668
9/30/19 10:26,61.119,56.4,1126.2,80.668
9/30/19 10:26,61.119,56.4,1126.2,80.668
9/30/19 10:26,61.075,56.4,1126.2,80.668
9/30/19 10:26,61.075,56.3,1126.2,80.668
9/30/19 10:26,61.032,56.3,1126.2,80.668
9/30/19 10:26,61.032,56.3,1126.2,80.668
9/30/19 10:26,61.032,56.3,1126.2,80.668
9/30/19 10:26,60.991,56.2,1123.7,80.668
9/30/19 10:26,60.991,56.3,1126.2,80.668
9/30/19 10:26,60.948,56.3,1128.7,80.668
9/30/19 10:26,60.948,56.3,1123.7,80.713
9/30/19 10:26,60.948,56.3,1128.7,80.668
9/30/19 10:26,60.948,56.3,1126.2,80.713
9/30/19 10:26,60.904,56.3,1126.2,80.713
9/30/19 10:26,60.904,56.2,1126.2,80.713
9/30/19 10:26,60.904,56.2,1123.7,80.713
9/30/19 10:26,60.904,56.3,1126.2,80.713
9/30/19 10:26,60.904,56.3,1126.2,80.713
9/30/19 10:26,60.904,56.3,1128.7,80.713
9/30/19 10:26,60.904,56.3,1126.2,80.713
9/30/19 10:26,60.904,56.3,1128.7,80.713
9/30/19 10:26,60.861,56.4,1128.7,80.713
9/30/19 10:26,60.861,56.4,1128.7,80.713
9/30/19 10:26,60.861,56.5,1128.7,80.713
9/30/19 10:26,60.861,56.6,1126.2,80.713
9/30/19 10:26,60.861,56.7,1126.2,80.713
9/30/19 10:26,60.861,56.7,1126.2,80.713
9/30/19 10:26,60.904,56.7,1128.7,80.713
9/30/19 10:26,60.904,56.8,1128.7,80.713
9/30/19 10:26,60.904,56.8,1128.7,80.713
9/30/19 10:26,60.904,56.8,1128.7,80.713
9/30/19 10:26,60.904,56.8,1128.7,80.713
9/30/19 10:26,60.904,56.8,1128.7,80.713
9/30/19 10:26,60.904,56.8,1128.7,80.713
9/30/19 10:26,60.904,56.9,1131.2,80.713
9/30/19 10:26,60.904,56.9,1128.7,80.757
9/30/19 10:26,60.904,56.9,1128.7,80.757
9/30/19 10:26,60.904,56.9,1131.2,80.713
9/30/19 10:26,60.904,56.9,1128.7,80.713
9/30/19 10:26,60.948,56.9,1128.7,80.757
9/30/19 10:26,60.948,56.9,1128.7,80.757
9/30/19 10:27,60.948,56.9,1131.2,80.757
9/30/19 10:27,60.948,56.9,1131.2,80.757
9/30/19 10:27,60.948,56.9,1131.2,80.757
9/30/19 10:27,60.948,56.9,1128.7,80.757
9/30/19 10:27,60.948,56.9,1128.7,80.757
9/30/19 10:27,60.948,56.9,1131.2,80.757
9/30/19 10:27,60.991,56.9,1131.2,80.757
9/30/19 10:27,60.991,56.9,1131.2,80.757
9/30/19 10:27,60.991,56.9,1131.2,80.757
9/30/19 10:27,60.991,56.9,1131.2,80.757
9/30/19 10:27,60.991,56.8,1131.2,80.757
9/30/19 10:27,60.991,56.8,1131.2,80.757
9/30/19 10:27,60.991,56.8,1131.2,80.757
9/30/19 10:27,61.032,56.8,1131.2,80.757
9/30/19 10:27,61.032,56.8,1133.7,80.757
9/30/19 10:27,61.032,56.8,1131.2,80.757
9/30/19 10:27,61.032,56.8,1128.7,80.757
9/30/19 10:27,61.032,56.8,1128.7,80.802
9/30/19 10:27,61.032,56.8,1128.7,80.757
9/30/19 10:27,61.075,56.8,1131.2,80.757
9/30/19 10:27,61.032,56.8,1131.2,80.802
9/30/19 10:27,61.075,56.8,1131.2,80.802
9/30/19 10:27,61.075,56.8,1131.2,80.757
9/30/19 10:27,61.075,56.8,1131.2,80.802
9/30/19 10:27,61.075,56.9,1131.2,80.802
9/30/19 10:27,61.075,56.9,1133.7,80.802
9/30/19 10:27,61.075,56.8,1133.7,80.802
9/30/19 10:27,61.075,56.8,1133.7,80.802
9/30/19 10:27,61.119,56.8,1133.7,80.802
9/30/19 10:27,61.119,56.8,1133.7,80.802
9/30/19 10:27,61.119,56.7,1133.7,80.802
9/30/19 10:27,61.119,56.7,1133.7,80.802
9/30/19 10:27,61.075,56.7,1133.7,80.802
9/30/19 10:27,61.119,56.6,1133.7,80.802
9/30/19 10:27,61.119,56.6,1133.7,80.802
9/30/19 10:27,61.119,56.6,1136.2,80.802
9/30/19 10:27,61.075,56.6,1133.7,80.802
9/30/19 10:27,61.119,56.6,1133.7,80.802
9/30/19 10:27,61.119,56.6,1133.7,80.802
9/30/19 10:27,61.119,56.7,1133.7,80.802
9/30/19 10:27,61.119,56.7,1136.2,80.802
9/30/19 10:27,61.119,56.7,1136.2,80.802
9/30/19 10:27,61.119,56.7,1136.2,80.802
9/30/19 10:27,61.075,56.6,1136.2,80.802
9/30/19 10:27,61.075,56.6,1136.2,80.802
9/30/19 10:27,61.119,56.6,1133.7,80.802
9/30/19 10:27,61.075,56.6,1136.2,80.845
9/30/19 10:27,61.075,56.5,1133.7,80.802
9/30/19 10:27,61.119,56.5,1133.7,80.845
9/30/19 10:27,61.075,56.4,1133.7,80.845
9/30/19 10:27,61.075,56.4,1133.7,80.845
9/30/19 10:27,61.075,56.4,1133.7,80.845
9/30/19 10:27,61.075,56.4,1136.2,80.845
9/30/19 10:27,61.075,56.4,1136.2,80.845
9/30/19 10:27,61.075,56.4,1136.2,80.845
9/30/19 10:27,61.075,56.4,1136.2,80.845
9/30/19 10:27,61.075,56.4,1138.7,80.845
9/30/19 10:27,61.075,56.4,1138.7,80.845
9/30/19 10:27,61.075,56.5,1138.7,80.845
9/30/19 10:27,61.075,56.5,1136.2,80.845
9/30/19 10:28,61.075,56.5,1136.2,80.845
9/30/19 10:28,61.075,56.6,1138.7,80.845
9/30/19 10:28,61.075,56.6,1133.7,80.845
9/30/19 10:28,61.075,56.6,1138.7,80.845
9/30/19 10:28,61.119,56.6,1136.2,80.845
9/30/19 10:28,61.119,56.6,1136.2,80.845
9/30/19 10:28,61.119,56.7,1141.2,80.845
9/30/19 10:28,61.119,56.7,1136.2,80.89
9/30/19 10:28,61.119,56.7,1138.7,80.89
9/30/19 10:28,61.119,56.8,1136.2,80.845
9/30/19 10:28,61.119,56.8,1136.2,80.89
9/30/19 10:28,61.119,56.8,1136.2,80.89
9/30/19 10:28,61.119,56.7,1138.7,80.89
9/30/19 10:28,61.119,56.7,1136.2,80.89
9/30/19 10:28,61.119,56.7,1136.2,80.89
9/30/19 10:28,61.119,56.7,1138.7,80.89
9/30/19 10:28,61.119,56.6,1136.2,80.89
9/30/19 10:28,61.119,56.6,1138.7,80.89
9/30/19 10:28,61.119,56.6,1138.7,80.89
9/30/19 10:28,61.075,56.5,1141.2,80.89
9/30/19 10:28,61.075,56.5,1138.7,80.89
9/30/19 10:28,61.075,56.5,1141.2,80.89
9/30/19 10:28,61.075,56.5,1141.2,80.89
9/30/19 10:28,61.075,56.4,1138.7,80.89
9/30/19 10:28,61.075,56.4,1138.7,80.89
9/30/19 10:28,61.075,56.4,1138.7,80.89
9/30/19 10:28,61.032,56.4,1141.2,80.89
9/30/19 10:28,61.032,56.4,1141.2,80.89
9/30/19 10:28,61.032,56.4,1136.2,80.89
9/30/19 10:28,61.032,56.4,1138.7,80.89
9/30/19 10:28,61.032,56.5,1138.7,80.89
9/30/19 10:28,61.032,56.5,1138.7,80.89
9/30/19 10:28,61.032,56.5,1138.7,80.89
9/30/19 10:28,61.032,56.5,1138.7,80.935
9/30/19 10:28,61.032,56.6,1141.2,80.935
9/30/19 10:28,61.032,56.6,1143.7,80.935
9/30/19 10:28,61.032,56.6,1141.2,80.935
9/30/19 10:28,61.032,56.6,1136.2,80.935
9/30/19 10:28,61.075,56.7,1141.2,80.935
9/30/19 10:28,61.075,56.7,1141.2,80.935
9/30/19 10:28,61.075,56.7,1141.2,80.935
9/30/19 10:28,61.075,56.8,1141.2,80.935
9/30/19 10:28,61.075,56.8,1138.7,80.935
9/30/19 10:28,61.075,56.8,1141.2,80.935
9/30/19 10:28,61.119,56.9,1143.7,80.935
9/30/19 10:28,61.119,57,1143.7,80.935
9/30/19 10:28,61.119,57,1143.7,80.935
9/30/19 10:28,61.119,57.1,1143.7,80.935
9/30/19 10:28,61.162,57.2,1141.2,80.935
9/30/19 10:28,61.162,57.2,1143.7,80.935
9/30/19 10:28,61.162,57.3,1141.2,80.935
9/30/19 10:28,61.205,57.4,1141.2,80.935
9/30/19 10:28,61.205,57.3,1141.2,80.935
9/30/19 10:28,61.205,57.4,1143.7,80.935
9/30/19 10:28,61.205,57.5,1141.2,80.935
9/30/19 10:28,61.205,57.5,1141.2,80.935
9/30/19 10:28,61.248,57.5,1141.2,80.935
9/30/19 10:28,61.248,57.6,1141.2,80.935
9/30/19 10:28,61.248,57.6,1141.2,80.935
9/30/19 10:28,61.29,57.6,1143.7,80.978
9/30/19 10:29,61.29,57.7,1138.7,80.935
9/30/19 10:29,61.29,57.7,1141.2,80.935
9/30/19 10:29,61.29,57.7,1141.2,80.978
9/30/19 10:29,61.29,57.8,1143.7,80.978
9/30/19 10:29,61.333,57.8,1136.2,80.978
9/30/19 10:29,61.333,57.8,1141.2,80.978
9/30/19 10:29,61.333,57.8,1138.7,80.978
9/30/19 10:29,61.333,57.8,1138.7,80.978
9/30/19 10:29,61.376,57.8,1136.2,80.978
9/30/19 10:29,61.333,57.8,1141.2,80.978
9/30/19 10:29,61.376,57.8,1136.2,80.978
9/30/19 10:29,61.376,57.8,1136.2,80.978
9/30/19 10:29,61.376,57.8,1141.2,80.978
9/30/19 10:29,61.376,57.8,1141.2,80.978
9/30/19 10:29,61.376,57.8,1141.2,80.978
9/30/19 10:29,61.419,57.9,1141.2,80.978
9/30/19 10:29,61.419,57.9,1141.2,80.978
9/30/19 10:29,61.419,57.8,1138.7,80.978
9/30/19 10:29,61.419,57.8,1141.2,80.978
9/30/19 10:29,61.462,57.8,1143.7,80.978
9/30/19 10:29,61.462,57.9,1141.2,80.978
9/30/19 10:29,61.462,57.9,1141.2,80.978
9/30/19 10:29,61.462,57.9,1138.7,80.978
9/30/19 10:29,61.462,57.8,1141.2,80.978
9/30/19 10:29,61.506,57.8,1141.2,80.978
9/30/19 10:29,61.506,57.9,1141.2,80.978
9/30/19 10:29,61.506,57.9,1141.2,80.978
9/30/19 10:29,61.506,57.9,1141.2,80.978
9/30/19 10:29,61.506,57.9,1138.7,81.023
9/30/19 10:29,61.506,57.9,1136.2,80.978
9/30/19 10:29,61.547,57.9,1133.7,80.978
9/30/19 10:29,61.547,57.9,1136.2,81.023
9/30/19 10:29,61.547,57.9,1133.7,81.023
9/30/19 10:29,61.547,57.9,1133.7,81.023
9/30/19 10:29,61.59,57.9,1131.2,81.023
9/30/19 10:29,61.547,57.9,1133.7,81.023
9/30/19 10:29,61.59,57.9,1133.7,81.023
9/30/19 10:29,61.59,57.9,1131.2,81.023
9/30/19 10:29,61.59,57.9,1133.7,81.023
9/30/19 10:29,61.633,57.9,1133.7,81.023
9/30/19 10:29,61.633,57.9,1133.7,81.023
9/30/19 10:29,61.633,57.9,1133.7,81.023
9/30/19 10:29,61.633,57.9,1131.2,81.023
9/30/19 10:29,61.677,57.9,1136.2,81.023
9/30/19 10:29,61.677,57.8,1131.2,81.023
9/30/19 10:29,61.677,57.9,1131.2,81.023
9/30/19 10:29,61.677,57.9,1131.2,81.023
9/30/19 10:29,61.72,57.9,1128.7,81.023
9/30/19 10:29,61.72,57.9,1128.7,81.023
9/30/19 10:29,61.72,57.9,1126.2,81.023
9/30/19 10:29,61.761,57.9,1126.2,81.023
9/30/19 10:29,61.761,57.9,1116.2,81.023
9/30/19 10:29,61.761,57.9,1111.2,81.023
9/30/19 10:29,61.804,58,1111.2,81.023
9/30/19 10:29,61.804,58,1106.2,81.023
9/30/19 10:29,61.804,58,1098.7,81.023
9/30/19 10:29,61.804,58.1,1093.7,81.066
9/30/19 10:29,61.848,58.1,1086.2,81.023
9/30/19 10:29,61.848,58.1,1083.7,81.066
9/30/19 10:29,61.848,58.2,1086.2,81.066
9/30/19 10:30,61.891,58.2,1078.7,81.066
9/30/19 10:30,61.891,58.2,1083.7,81.066
9/30/19 10:30,61.891,58.2,1083.7,81.066
9/30/19 10:30,61.891,58.2,1088.7,81.066
9/30/19 10:30,61.934,58.2,1091.2,81.066
9/30/19 10:30,61.934,58.2,1093.7,81.066
9/30/19 10:30,61.934,58.2,1098.7,81.066
9/30/19 10:30,61.934,58.2,1098.7,81.066
9/30/19 10:30,61.977,58.2,1098.7,81.066
9/30/19 10:30,61.977,58.2,1098.7,81.066
9/30/19 10:30,61.977,58.2,1096.2,81.066
9/30/19 10:30,61.977,58.2,1093.7,81.066
9/30/19 10:30,62.019,58.2,1088.7,81.066
9/30/19 10:30,62.019,58.2,1083.7,81.066
9/30/19 10:30,62.019,58.2,1076.2,81.066
9/30/19 10:30,62.019,58.2,1068.7,81.066
9/30/19 10:30,62.062,58.2,1058.7,81.066
9/30/19 10:30,62.062,58.1,1051.2,81.066
9/30/19 10:30,62.062,58.1,1041.2,81.066
9/30/19 10:30,62.062,58.1,1031.2,81.066
9/30/19 10:30,62.062,58,1028.7,81.066
9/30/19 10:30,62.062,58,1023.7,81.066
9/30/19 10:30,62.105,58,1021.2,81.066
9/30/19 10:30,62.105,57.9,1021.2,81.066
9/30/19 10:30,62.105,57.9,1023.7,81.066
9/30/19 10:30,62.105,58,1028.7,81.066
9/30/19 10:30,62.105,57.9,1033.7,81.066
9/30/19 10:30,62.105,57.8,1038.7,81.111
9/30/19 10:30,62.105,57.8,1046.2,81.066
9/30/19 10:30,62.105,57.7,1046.2,81.066
9/30/19 10:30,62.105,57.7,1053.7,81.066
9/30/19 10:30,62.105,57.6,1053.7,81.111
9/30/19 10:30,62.105,57.6,1061.2,81.111
9/30/19 10:30,62.148,57.6,1061.2,81.066
9/30/19 10:30,62.105,57.5,1066.2,81.066
9/30/19 10:30,62.148,57.5,1063.7,81.111
9/30/19 10:30,62.105,57.4,1068.7,81.111
9/30/19 10:30,62.148,57.4,1068.7,81.066
9/30/19 10:30,62.148,57.5,1066.2,81.111
9/30/19 10:30,62.148,57.4,1066.2,81.066
9/30/19 10:30,62.148,57.4,1066.2,81.111
9/30/19 10:30,62.148,57.3,1061.2,81.111
9/30/19 10:30,62.148,57.3,1058.7,81.111
9/30/19 10:30,62.148,57.2,1056.2,81.111
9/30/19 10:30,62.148,57.2,1051.2,81.111
9/30/19 10:30,62.148,57.1,1048.7,81.111
9/30/19 10:30,62.148,57.1,1051.2,81.066
9/30/19 10:30,62.148,57,1048.7,81.111
9/30/19 10:30,62.148,57,1053.7,81.111
9/30/19 10:30,62.105,57,1058.7,81.111
9/30/19 10:30,62.148,57,1061.2,81.111
9/30/19 10:30,62.148,57,1071.2,81.111
9/30/19 10:30,62.148,57,1078.7,81.111
9/30/19 10:30,62.148,57,1088.7,81.111
9/30/19 10:30,62.148,57,1096.2,81.111
9/30/19 10:30,62.148,57,1108.7,81.111
9/30/19 10:30,62.148,57.1,1116.2,81.111
9/30/19 10:30,62.148,57.1,1121.2,81.111
9/30/19 10:30,62.148,57.1,1126.2,81.111
9/30/19 10:30,62.148,57.2,1126.2,81.111
9/30/19 10:31,62.148,57.2,1131.2,81.111
9/30/19 10:31,62.148,57.3,1133.7,81.111
9/30/19 10:31,62.148,57.3,1133.7,81.111
9/30/19 10:31,62.148,57.3,1136.2,81.111
9/30/19 10:31,62.191,57.4,1141.2,81.111
9/30/19 10:31,62.191,57.4,1141.2,81.111
9/30/19 10:31,62.191,57.4,1141.2,81.111
9/30/19 10:31,62.191,57.5,1143.7,81.111
9/30/19 10:31,62.191,57.4,1146.2,81.111
9/30/19 10:31,62.191,57.4,1146.2,81.111
9/30/19 10:31,62.191,57.4,1143.7,81.111
9/30/19 10:31,62.233,57.5,1146.2,81.111
9/30/19 10:31,62.233,57.5,1143.7,81.111
9/30/19 10:31,62.233,57.5,1141.2,81.111
9/30/19 10:31,62.233,57.5,1136.2,81.111
9/30/19 10:31,62.233,57.6,1136.2,81.111
9/30/19 10:31,62.276,57.6,1133.7,81.111
9/30/19 10:31,62.276,57.6,1133.7,81.111
9/30/19 10:31,62.276,57.6,1128.7,81.154
9/30/19 10:31,62.276,57.6,1128.7,81.154
9/30/19 10:31,62.276,57.6,1126.2,81.154
9/30/19 10:31,62.319,57.6,1123.7,81.154
9/30/19 10:31,62.319,57.6,1121.2,81.154
9/30/19 10:31,62.319,57.6,1116.2,81.154
9/30/19 10:31,62.319,57.6,1113.7,81.154
9/30/19 10:31,62.362,57.6,1113.7,81.154
9/30/19 10:31,62.362,57.6,1106.2,81.154
9/30/19 10:31,62.362,57.6,1106.2,81.154
9/30/19 10:31,62.362,57.6,1098.7,81.154
9/30/19 10:31,62.362,57.5,1093.7,81.154
9/30/19 10:31,62.406,57.6,1088.7,81.154
9/30/19 10:31,62.406,57.5,1083.7,81.154
9/30/19 10:31,62.406,57.5,1078.7,81.154
9/30/19 10:31,62.406,57.6,1076.2,81.154
9/30/19 10:31,62.447,57.6,1073.7,81.154
9/30/19 10:31,62.447,57.6,1071.2,81.154
9/30/19 10:31,62.447,57.6,1068.7,81.154
9/30/19 10:31,62.447,57.6,1066.2,81.154
9/30/19 10:31,62.447,57.6,1066.2,81.154
9/30/19 10:31,62.49,57.5,1066.2,81.154
9/30/19 10:31,62.49,57.5,1066.2,81.154
9/30/19 10:31,62.49,57.5,1068.7,81.154
9/30/19 10:31,62.533,57.4,1071.2,81.154
9/30/19 10:31,62.533,57.4,1073.7,81.154
9/30/19 10:31,62.533,57.4,1076.2,81.154
9/30/19 10:31,62.533,57.4,1073.7,81.154
9/30/19 10:31,62.533,57.4,1076.2,81.154
9/30/19 10:31,62.577,57.3,1078.7,81.154
9/30/19 10:31,62.577,57.3,1078.7,81.154
9/30/19 10:31,62.577,57.3,1081.2,81.154
9/30/19 10:31,62.577,57.2,1076.2,81.154
9/30/19 10:31,62.577,57.1,1076.2,81.154
9/30/19 10:31,62.62,57.1,1073.7,81.154
9/30/19 10:31,62.577,57,1071.2,81.154
9/30/19 10:31,62.62,57,1068.7,81.154
9/30/19 10:31,62.62,57,1071.2,81.154
9/30/19 10:31,62.62,57,1068.7,81.154
9/30/19 10:31,62.62,56.9,1071.2,81.154
9/30/19 10:31,62.62,56.9,1071.2,81.154
9/30/19 10:31,62.661,56.9,1071.2,81.154
9/30/19 10:32,62.661,57,1073.7,81.154
9/30/19 10:32,62.661,57,1076.2,81.154
9/30/19 10:32,62.661,57,1081.2,81.154
9/30/19 10:32,62.661,57,1083.7,81.154
9/30/19 10:32,62.661,57,1086.2,81.154
9/30/19 10:32,62.661,57,1088.7,81.154
9/30/19 10:32,62.661,57,1091.2,81.154
9/30/19 10:32,62.661,57,1093.7,81.154
9/30/19 10:32,62.661,56.9,1096.2,81.154
9/30/19 10:32,62.661,56.9,1101.2,81.154
9/30/19 10:32,62.661,56.8,1101.2,81.154
9/30/19 10:32,62.661,56.8,1103.7,81.154
9/30/19 10:32,62.661,56.7,1103.7,81.154
9/30/19 10:32,62.704,56.6,1103.7,81.154
9/30/19 10:32,62.704,56.6,1103.7,81.154
9/30/19 10:32,62.704,56.6,1103.7,81.154
9/30/19 10:32,62.704,56.5,1103.7,81.154
9/30/19 10:32,62.704,56.5,1103.7,81.154
9/30/19 10:32,62.704,56.5,1098.7,81.154
9/30/19 10:32,62.704,56.4,1093.7,81.154
9/30/19 10:32,62.704,56.5,1088.7,81.154
9/30/19 10:32,62.704,56.5,1083.7,81.154
9/30/19 10:32,62.704,56.5,1081.2,81.154
9/30/19 10:32,62.748,56.5,1078.7,81.154
9/30/19 10:32,62.748,56.5,1073.7,81.154
9/30/19 10:32,62.748,56.5,1071.2,81.154
9/30/19 10:32,62.748,56.5,1071.2,81.154
9/30/19 10:32,62.748,56.5,1071.2,81.154
9/30/19 10:32,62.791,56.5,1071.2,81.154
9/30/19 10:32,62.748,56.5,1073.7,81.154
9/30/19 10:32,62.791,56.5,1076.2,81.154
9/30/19 10:32,62.791,56.5,1078.7,81.154
9/30/19 10:32,62.791,56.4,1086.2,81.154
9/30/19 10:32,62.791,56.5,1091.2,81.154
9/30/19 10:32,62.791,56.5,1093.7,81.154
9/30/19 10:32,62.791,56.5,1098.7,81.154
9/30/19 10:32,62.791,56.4,1103.7,81.154
9/30/19 10:32,62.791,56.3,1111.2,81.154
9/30/19 10:32,62.791,56.3,1113.7,81.154
9/30/19 10:32,62.834,56.2,1118.7,81.154
9/30/19 10:32,62.791,56.1,1118.7,81.154
9/30/19 10:32,62.834,56,1123.7,81.154
9/30/19 10:32,62.791,55.9,1128.7,81.154
9/30/19 10:32,62.791,55.9,1128.7,81.154
9/30/19 10:32,62.791,55.8,1126.2,81.154
9/30/19 10:32,62.791,55.7,1126.2,81.154
9/30/19 10:32,62.791,55.6,1123.7,81.154
9/30/19 10:32,62.791,55.5,1121.2,81.154
9/30/19 10:32,62.791,55.4,1118.7,81.154
9/30/19 10:32,62.791,55.3,1116.2,81.154
9/30/19 10:32,62.748,55.3,1113.7,81.154
9/30/19 10:32,62.748,55.3,1111.2,81.154
9/30/19 10:32,62.748,55.2,1106.2,81.154
9/30/19 10:32,62.748,55.1,1103.7,81.154
9/30/19 10:32,62.748,55,1098.7,81.154
9/30/19 10:32,62.748,55,1096.2,81.154
9/30/19 10:32,62.704,55,1091.2,81.154
9/30/19 10:32,62.704,54.9,1088.7,81.199
9/30/19 10:32,62.704,54.8,1086.2,81.154
9/30/19 10:32,62.704,54.8,1081.2,81.199
9/30/19 10:33,62.704,54.8,1076.2,81.199
9/30/19 10:33,62.704,54.7,1071.2,81.154
9/30/19 10:33,62.661,54.8,1061.2,81.199
9/30/19 10:33,62.661,54.8,1053.7,81.154
9/30/19 10:33,62.661,54.8,1046.2,81.154
9/30/19 10:33,62.661,54.8,1036.2,81.199
9/30/19 10:33,62.661,54.8,1033.7,81.199
9/30/19 10:33,62.661,54.8,1028.7,81.199
9/30/19 10:33,62.661,54.8,1023.7,81.199
9/30/19 10:33,62.661,54.8,1021.2,81.199
9/30/19 10:33,62.661,54.8,1021.2,81.199
9/30/19 10:33,62.62,54.8,1023.7,81.199
9/30/19 10:33,62.62,54.8,1031.2,81.199
9/30/19 10:33,62.62,54.8,1036.2,81.199
9/30/19 10:33,62.62,54.8,1043.7,81.199
9/30/19 10:33,62.62,54.8,1048.7,81.199
9/30/19 10:33,62.62,54.8,1053.7,81.199
9/30/19 10:33,62.62,54.8,1058.7,81.199
9/30/19 10:33,62.62,54.8,1061.2,81.199
9/30/19 10:33,62.62,54.7,1063.7,81.199
9/30/19 10:33,62.62,54.7,1066.2,81.199
9/30/19 10:33,62.62,54.7,1066.2,81.199
9/30/19 10:33,62.62,54.7,1066.2,81.199
9/30/19 10:33,62.62,54.8,1068.7,81.199
9/30/19 10:33,62.62,54.8,1068.7,81.199
9/30/19 10:33,62.62,54.8,1071.2,81.199
9/30/19 10:33,62.62,54.9,1071.2,81.199
9/30/19 10:33,62.62,54.9,1071.2,81.199
9/30/19 10:33,62.62,54.9,1073.7,81.199
9/30/19 10:33,62.62,54.9,1078.7,81.199
9/30/19 10:33,62.62,54.9,1083.7,81.199
9/30/19 10:33,62.62,54.9,1088.7,81.199
9/30/19 10:33,62.62,54.9,1093.7,81.199
9/30/19 10:33,62.62,54.9,1098.7,81.199
9/30/19 10:33,62.62,54.9,1106.2,81.199
9/30/19 10:33,62.661,54.9,1111.2,81.199
9/30/19 10:33,62.661,55,1116.2,81.199
9/30/19 10:33,62.661,54.9,1116.2,81.199
9/30/19 10:33,62.661,54.9,1118.7,81.199
9/30/19 10:33,62.661,54.9,1118.7,81.199
9/30/19 10:33,62.661,54.9,1116.2,81.199
9/30/19 10:33,62.661,54.9,1111.2,81.199
9/30/19 10:33,62.661,54.9,1108.7,81.199
9/30/19 10:33,62.661,54.9,1103.7,81.199
9/30/19 10:33,62.661,54.9,1098.7,81.199
9/30/19 10:33,62.661,55,1093.7,81.199
9/30/19 10:33,62.661,54.9,1088.7,81.199
9/30/19 10:33,62.704,55,1081.2,81.199
9/30/19 10:33,62.661,54.9,1076.2,81.199
9/30/19 10:33,62.661,55,1071.2,81.199
9/30/19 10:33,62.704,55,1066.2,81.199
9/30/19 10:33,62.704,55,1066.2,81.199
9/30/19 10:33,62.704,55,1066.2,81.199
9/30/19 10:33,62.704,55,1066.2,81.199
9/30/19 10:33,62.704,55,1066.2,81.199
9/30/19 10:33,62.704,55,1071.2,81.199
9/30/19 10:33,62.704,55,1076.2,81.199
9/30/19 10:33,62.704,55,1078.7,81.199
9/30/19 10:33,62.704,55,1083.7,81.199
9/30/19 10:33,62.704,55,1091.2,81.199
9/30/19 10:34,62.704,55.1,1093.7,81.199
9/30/19 10:34,62.748,55.1,1093.7,81.199
9/30/19 10:34,62.748,55.1,1096.2,81.199
9/30/19 10:34,62.748,55.1,1093.7,81.199
9/30/19 10:34,62.748,55.1,1098.7,81.199
9/30/19 10:34,62.748,55.1,1098.7,81.199
9/30/19 10:34,62.748,55.2,1101.2,81.199
9/30/19 10:34,62.748,55.2,1098.7,81.199
9/30/19 10:34,62.748,55.2,1101.2,81.199
9/30/19 10:34,62.748,55.2,1098.7,81.199
9/30/19 10:34,62.748,55.1,1096.2,81.199
9/30/19 10:34,62.748,55.1,1098.7,81.199
9/30/19 10:34,62.748,55.1,1098.7,81.199
9/30/19 10:34,62.748,55.1,1098.7,81.199
9/30/19 10:34,62.748,55.1,1098.7,81.199
9/30/19 10:34,62.748,55.1,1101.2,81.199
9/30/19 10:34,62.748,55,1101.2,81.199
9/30/19 10:34,62.748,55,1101.2,81.199
9/30/19 10:34,62.748,55,1101.2,81.199
9/30/19 10:34,62.704,55,1098.7,81.199
9/30/19 10:34,62.704,55,1098.7,81.199
9/30/19 10:34,62.704,55,1101.2,81.199
9/30/19 10:34,62.704,54.9,1093.7,81.199
9/30/19 10:34,62.704,54.9,1091.2,81.199
9/30/19 10:34,62.704,54.9,1088.7,81.199
9/30/19 10:34,62.704,54.9,1078.7,81.199
9/30/19 10:34,62.704,54.9,1073.7,81.199
9/30/19 10:34,62.704,54.9,1066.2,81.199
9/30/19 10:34,62.704,54.9,1053.7,81.199
9/30/19 10:34,62.704,54.9,1046.2,81.199
9/30/19 10:34,62.704,54.9,1036.2,81.199
9/30/19 10:34,62.704,54.9,1028.7,81.199
9/30/19 10:34,62.704,54.9,1018.7,81.199
9/30/19 10:34,62.704,54.9,1016.2,81.199
9/30/19 10:34,62.704,54.8,1016.2,81.199
9/30/19 10:34,62.704,54.8,1011.2,81.199
9/30/19 10:34,62.704,54.8,1011.2,81.199
9/30/19 10:34,62.704,54.8,1013.7,81.199
9/30/19 10:34,62.704,54.8,1013.7,81.199
9/30/19 10:34,62.704,54.8,1016.2,81.199
9/30/19 10:34,62.704,54.8,1013.7,81.199
9/30/19 10:34,62.704,54.7,1011.2,81.199
9/30/19 10:34,62.704,54.7,1008.7,81.199
9/30/19 10:34,62.704,54.7,998.7,81.199
9/30/19 10:34,62.704,54.7,991.2,81.199
9/30/19 10:34,62.704,54.8,986.2,81.199
9/30/19 10:34,62.704,54.7,978.7,81.199
9/30/19 10:34,62.704,54.7,973.7,81.199
9/30/19 10:34,62.704,54.7,966.2,81.199
9/30/19 10:34,62.704,54.7,963.7,81.199
9/30/19 10:34,62.704,54.7,963.7,81.199
9/30/19 10:34,62.704,54.8,963.7,81.199
9/30/19 10:34,62.704,54.7,966.2,81.199
9/30/19 10:34,62.704,54.7,971.2,81.199
9/30/19 10:34,62.704,54.8,976.2,81.199
9/30/19 10:34,62.704,54.8,981.2,81.199
9/30/19 10:34,62.704,54.8,988.7,81.199
9/30/19 10:34,62.704,54.8,993.7,81.199
9/30/19 10:34,62.748,54.8,1001.2,81.199
9/30/19 10:34,62.748,54.8,1008.7,81.199
9/30/19 10:35,62.748,54.8,1016.2,81.199
9/30/19 10:35,62.748,54.8,1018.7,81.199
9/30/19 10:35,62.748,54.8,1031.2,81.199
9/30/19 10:35,62.748,54.8,1038.7,81.199
9/30/19 10:35,62.748,54.8,1048.7,81.199
9/30/19 10:35,62.748,54.9,1061.2,81.199
9/30/19 10:35,62.748,54.8,1071.2,81.199
9/30/19 10:35,62.748,54.9,1076.2,81.199
9/30/19 10:35,62.748,54.9,1083.7,81.199
9/30/19 10:35,62.748,54.9,1086.2,81.199
9/30/19 10:35,62.748,54.9,1086.2,81.199
9/30/19 10:35,62.748,54.9,1083.7,81.199
9/30/19 10:35,62.748,54.9,1081.2,81.199
9/30/19 10:35,62.748,55,1081.2,81.199
9/30/19 10:35,62.748,55,1076.2,81.199
9/30/19 10:35,62.791,55,1071.2,81.199
9/30/19 10:35,62.791,55,1073.7,81.199
9/30/19 10:35,62.791,55.1,1073.7,81.199
9/30/19 10:35,62.791,55.1,1076.2,81.199
9/30/19 10:35,62.791,55.1,1081.2,81.199
9/30/19 10:35,62.834,55.1,1088.7,81.199
9/30/19 10:35,62.834,55.1,1093.7,81.199
9/30/19 10:35,62.834,55.2,1098.7,81.199
9/30/19 10:35,62.834,55.2,1106.2,81.199
9/30/19 10:35,62.834,55.2,1111.2,81.199
9/30/19 10:35,62.875,55.2,1113.7,81.199
9/30/19 10:35,62.875,55.3,1116.2,81.199
9/30/19 10:35,62.875,55.3,1111.2,81.199
9/30/19 10:35,62.875,55.3,1108.7,81.199
9/30/19 10:35,62.919,55.3,1106.2,81.199
9/30/19 10:35,62.919,55.3,1101.2,81.199
9/30/19 10:35,62.919,55.3,1098.7,81.199
9/30/19 10:35,62.919,55.4,1096.2,81.199
9/30/19 10:35,62.919,55.4,1096.2,81.199
9/30/19 10:35,62.962,55.3,1096.2,81.199
9/30/19 10:35,62.962,55.3,1093.7,81.199
9/30/19 10:35,62.962,55.3,1098.7,81.199
9/30/19 10:35,62.962,55.4,1098.7,81.199
9/30/19 10:35,63.005,55.4,1101.2,81.199
9/30/19 10:35,63.005,55.4,1108.7,81.199
9/30/19 10:35,63.005,55.5,1108.7,81.199
9/30/19 10:35,63.005,55.5,1113.7,81.199
9/30/19 10:35,63.005,55.5,1121.2,81.199
9/30/19 10:35,63.048,55.6,1123.7,81.199
9/30/19 10:35,63.048,55.6,1123.7,81.199
9/30/19 10:35,63.048,55.6,1126.2,81.199
9/30/19 10:35,63.09,55.6,1126.2,81.199
9/30/19 10:35,63.09,55.7,1128.7,81.199
9/30/19 10:35,63.09,55.7,1128.7,81.199
9/30/19 10:35,63.09,55.7,1131.2,81.199
9/30/19 10:35,63.133,55.8,1133.7,81.199
9/30/19 10:35,63.133,55.8,1136.2,81.199
9/30/19 10:35,63.133,55.8,1136.2,81.199
9/30/19 10:35,63.176,55.8,1141.2,81.199
9/30/19 10:35,63.176,55.9,1143.7,81.199
9/30/19 10:35,63.176,55.9,1141.2,81.199
9/30/19 10:35,63.176,55.9,1141.2,81.199
9/30/19 10:35,63.219,55.9,1141.2,81.199
9/30/19 10:35,63.219,55.9,1138.7,81.199
9/30/19 10:35,63.219,55.9,1138.7,81.199
9/30/19 10:36,63.219,55.9,1133.7,81.199
9/30/19 10:36,63.262,55.9,1128.7,81.199
9/30/19 10:36,63.262,55.9,1126.2,81.199
9/30/19 10:36,63.262,55.9,1123.7,81.199
9/30/19 10:36,63.262,55.9,1121.2,81.199
9/30/19 10:36,63.304,55.9,1118.7,81.199
9/30/19 10:36,63.304,55.9,1116.2,81.244
9/30/19 10:36,63.304,55.9,1116.2,81.244
9/30/19 10:36,63.304,55.9,1116.2,81.244
9/30/19 10:36,63.347,55.9,1121.2,81.244
9/30/19 10:36,63.347,55.9,1121.2,81.244
9/30/19 10:36,63.347,55.9,1128.7,81.244
9/30/19 10:36,63.347,55.9,1128.7,81.244
9/30/19 10:36,63.347,55.9,1131.2,81.244
9/30/19 10:36,63.39,55.9,1128.7,81.244
9/30/19 10:36,63.39,55.9,1128.7,81.244
9/30/19 10:36,63.39,55.9,1126.2,81.244
9/30/19 10:36,63.39,55.9,1123.7,81.244
9/30/19 10:36,63.39,55.9,1116.2,81.244
9/30/19 10:36,63.433,55.9,1111.2,81.244
9/30/19 10:36,63.39,55.8,1108.7,81.244
9/30/19 10:36,63.433,55.8,1106.2,81.244
9/30/19 10:36,63.433,55.7,1101.2,81.244
9/30/19 10:36,63.433,55.6,1103.7,81.244
9/30/19 10:36,63.433,55.6,1098.7,81.244
9/30/19 10:36,63.433,55.5,1098.7,81.244
9/30/19 10:36,63.433,55.4,1101.2,81.244
9/30/19 10:36,63.39,55.5,1106.2,81.244
9/30/19 10:36,63.39,55.4,1106.2,81.244
9/30/19 10:36,63.39,55.4,1111.2,81.244
9/30/19 10:36,63.39,55.4,1116.2,81.244
9/30/19 10:36,63.39,55.3,1118.7,81.244
9/30/19 10:36,63.39,55.3,1121.2,81.244
9/30/19 10:36,63.39,55.4,1121.2,81.244
9/30/19 10:36,63.39,55.4,1123.7,81.244
9/30/19 10:36,63.39,55.3,1126.2,81.244
9/30/19 10:36,63.39,55.3,1123.7,81.244
9/30/19 10:36,63.39,55.3,1118.7,81.244
9/30/19 10:36,63.39,55.2,1116.2,81.244
9/30/19 10:36,63.39,55.1,1111.2,81.288
9/30/19 10:36,63.39,55.1,1106.2,81.288
9/30/19 10:36,63.39,55,1098.7,81.288
9/30/19 10:36,63.39,54.9,1093.7,81.288
9/30/19 10:36,63.39,54.8,1088.7,81.288
9/30/19 10:36,63.347,54.6,1086.2,81.288
9/30/19 10:36,63.347,54.6,1083.7,81.288
9/30/19 10:36,63.347,54.4,1081.2,81.288
9/30/19 10:36,63.304,54.4,1078.7,81.288
9/30/19 10:36,63.304,54.2,1083.7,81.288
9/30/19 10:36,63.304,54.2,1086.2,81.288
9/30/19 10:36,63.304,54.2,1088.7,81.288
9/30/19 10:36,63.262,54.1,1091.2,81.288
9/30/19 10:36,63.262,54,1093.7,81.288
9/30/19 10:36,63.262,53.9,1096.2,81.288
9/30/19 10:36,63.219,53.8,1096.2,81.288
9/30/19 10:36,63.219,53.8,1096.2,81.288
9/30/19 10:36,63.219,53.7,1096.2,81.288
9/30/19 10:36,63.176,53.7,1098.7,81.288
9/30/19 10:36,63.176,53.7,1101.2,81.288
9/30/19 10:36,63.176,53.7,1098.7,81.288
9/30/19 10:37,63.133,53.6,1096.2,81.288
9/30/19 10:37,63.133,53.6,1096.2,81.288
9/30/19 10:37,63.09,53.6,1098.7,81.288
9/30/19 10:37,63.09,53.5,1098.7,81.288
9/30/19 10:37,63.09,53.5,1103.7,81.288
9/30/19 10:37,63.048,53.5,1103.7,81.288
9/30/19 10:37,63.048,53.5,1106.2,81.288
9/30/19 10:37,63.048,53.5,1111.2,81.288
9/30/19 10:37,63.005,53.5,1113.7,81.288
9/30/19 10:37,63.005,53.5,1118.7,81.288
9/30/19 10:37,62.962,53.5,1123.7,81.333
9/30/19 10:37,62.962,53.5,1126.2,81.333
9/30/19 10:37,62.962,53.5,1128.7,81.333
9/30/19 10:37,62.919,53.5,1128.7,81.333
9/30/19 10:37,62.919,53.5,1131.2,81.333
9/30/19 10:37,62.919,53.5,1131.2,81.333
9/30/19 10:37,62.875,53.5,1136.2,81.333
9/30/19 10:37,62.875,53.5,1133.7,81.333
9/30/19 10:37,62.875,53.5,1136.2,81.333
9/30/19 10:37,62.875,53.5,1133.7,81.333
9/30/19 10:37,62.834,53.5,1133.7,81.333
9/30/19 10:37,62.834,53.6,1133.7,81.333
9/30/19 10:37,62.834,53.6,1131.2,81.333
9/30/19 10:37,62.834,53.6,1131.2,81.333
9/30/19 10:37,62.834,53.6,1128.7,81.333
9/30/19 10:37,62.834,53.6,1128.7,81.333
9/30/19 10:37,62.834,53.6,1126.2,81.333
9/30/19 10:37,62.834,53.6,1126.2,81.333
9/30/19 10:37,62.834,53.6,1123.7,81.333
9/30/19 10:37,62.791,53.5,1123.7,81.333
9/30/19 10:37,62.791,53.5,1123.7,81.333
9/30/19 10:37,62.791,53.5,1123.7,81.333
9/30/19 10:37,62.748,53.5,1123.7,81.333
9/30/19 10:37,62.748,53.5,1118.7,81.333
9/30/19 10:37,62.748,53.5,1113.7,81.333
9/30/19 10:37,62.748,53.5,1111.2,81.333
9/30/19 10:37,62.748,53.5,1108.7,81.333
9/30/19 10:37,62.704,53.5,1103.7,81.333
9/30/19 10:37,62.704,53.5,1098.7,81.333
9/30/19 10:37,62.704,53.5,1091.2,81.333
9/30/19 10:37,62.704,53.5,1093.7,81.333
9/30/19 10:37,62.704,53.6,1093.7,81.333
9/30/19 10:37,62.704,53.6,1093.7,81.333
9/30/19 10:37,62.704,53.7,1093.7,81.333
9/30/19 10:37,62.704,53.7,1093.7,81.333
9/30/19 10:37,62.704,53.7,1091.2,81.333
9/30/19 10:37,62.704,53.6,1091.2,81.333
9/30/19 10:37,62.704,53.6,1088.7,81.333
9/30/19 10:37,62.704,53.6,1083.7,81.333
9/30/19 10:37,62.704,53.7,1081.2,81.333
9/30/19 10:37,62.704,53.7,1078.7,81.333
9/30/19 10:37,62.704,53.7,1073.7,81.333
9/30/19 10:37,62.661,53.7,1073.7,81.333
9/30/19 10:37,62.704,53.8,1073.7,81.333
9/30/19 10:37,62.661,53.7,1076.2,81.333
9/30/19 10:37,62.661,53.7,1078.7,81.333
9/30/19 10:37,62.661,53.7,1088.7,81.333
9/30/19 10:37,62.661,53.6,1093.7,81.376
9/30/19 10:37,62.661,53.7,1098.7,81.333
9/30/19 10:37,62.62,53.7,1108.7,81.376
9/30/19 10:38,62.62,53.7,1113.7,81.376
9/30/19 10:38,62.62,53.6,1123.7,81.376
9/30/19 10:38,62.62,53.6,1133.7,81.376
9/30/19 10:38,62.577,53.5,1136.2,81.376
9/30/19 10:38,62.577,53.5,1143.7,81.376
9/30/19 10:38,62.577,53.5,1148.7,81.376
9/30/19 10:38,62.533,53.5,1151.2,81.376
9/30/19 10:38,62.533,53.4,1151.2,81.376
9/30/19 10:38,62.533,53.4,1153.7,81.376
9/30/19 10:38,62.533,53.4,1153.7,81.376
9/30/19 10:38,62.49,53.4,1156.2,81.376
9/30/19 10:38,62.49,53.4,1153.7,81.376
9/30/19 10:38,62.49,53.4,1153.7,81.376
9/30/19 10:38,62.447,53.3,1153.7,81.376
9/30/19 10:38,62.447,53.4,1156.2,81.376
9/30/19 10:38,62.447,53.2,1156.2,81.376
9/30/19 10:38,62.406,53.3,1156.2,81.376
9/30/19 10:38,62.406,53.2,1156.2,81.376
9/30/19 10:38,62.406,53.2,1156.2,81.376
9/30/19 10:38,62.406,53.2,1158.7,81.376
9/30/19 10:38,62.362,53.2,1161.2,81.376
9/30/19 10:38,62.362,53.2,1161.2,81.376
9/30/19 10:38,62.362,53.2,1163.7,81.376
9/30/19 10:38,62.362,53.2,1166.2,81.376
9/30/19 10:38,62.319,53.2,1166.2,81.376
9/30/19 10:38,62.319,53.2,1166.2,81.376
9/30/19 10:38,62.319,53.2,1168.7,81.376
9/30/19 10:38,62.319,53.2,1171.2,81.376
9/30/19 10:38,62.319,53.2,1171.2,81.376
9/30/19 10:38,62.276,53.2,1171.2,81.376
9/30/19 10:38,62.276,53.2,1176.2,81.376
9/30/19 10:38,62.276,53.2,1171.2,81.376
9/30/19 10:38,62.276,53.2,1171.2,81.376
9/30/19 10:38,62.276,53.2,1168.7,81.376
9/30/19 10:38,62.233,53.3,1168.7,81.376
9/30/19 10:38,62.233,53.3,1171.2,81.376
9/30/19 10:38,62.233,53.3,1171.2,81.376
9/30/19 10:38,62.233,53.3,1173.7,81.376
9/30/19 10:38,62.233,53.4,1173.7,81.376
9/30/19 10:38,62.233,53.4,1171.2,81.376
9/30/19 10:38,62.233,53.4,1171.2,81.376
9/30/19 10:38,62.233,53.4,1168.7,81.376
9/30/19 10:38,62.233,53.4,1173.7,81.376
9/30/19 10:38,62.233,53.5,1171.2,81.376
9/30/19 10:38,62.233,53.5,1173.7,81.376
9/30/19 10:38,62.233,53.5,1171.2,81.376
9/30/19 10:38,62.233,53.5,1168.7,81.376
9/30/19 10:38,62.233,53.6,1171.2,81.376
9/30/19 10:38,62.233,53.6,1168.7,81.376
9/30/19 10:38,62.233,53.6,1168.7,81.376
9/30/19 10:38,62.233,53.6,1168.7,81.376
9/30/19 10:38,62.233,53.6,1168.7,81.376
9/30/19 10:38,62.233,53.7,1168.7,81.376
9/30/19 10:38,62.233,53.7,1168.7,81.376
9/30/19 10:38,62.233,53.7,1173.7,81.376
9/30/19 10:38,62.233,53.8,1171.2,81.376
9/30/19 10:38,62.233,53.8,1173.7,81.376
9/30/19 10:38,62.276,53.9,1173.7,81.376
9/30/19 10:38,62.276,53.9,1173.7,81.376
9/30/19 10:38,62.276,54,1173.7,81.376
9/30/19 10:39,62.276,54,1173.7,81.376
9/30/19 10:39,62.276,54.1,1176.2,81.376
9/30/19 10:39,62.319,54.1,1171.2,81.376
9/30/19 10:39,62.319,54.2,1168.7,81.376
9/30/19 10:39,62.319,54.1,1168.7,81.421
9/30/19 10:39,62.319,54.2,1171.2,81.376
9/30/19 10:39,62.319,54.2,1171.2,81.421
9/30/19 10:39,62.319,54.3,1168.7,81.421
9/30/19 10:39,62.362,54.3,1166.2,81.421
9/30/19 10:39,62.362,54.3,1166.2,81.421
9/30/19 10:39,62.362,54.4,1168.7,81.421
9/30/19 10:39,62.362,54.4,1171.2,81.421
9/30/19 10:39,62.362,54.5,1173.7,81.421
9/30/19 10:39,62.362,54.5,1171.2,81.421
9/30/19 10:39,62.406,54.6,1173.7,81.421
9/30/19 10:39,62.362,54.7,1171.2,81.421
9/30/19 10:39,62.406,54.8,1173.7,81.421
9/30/19 10:39,62.406,54.7,1171.2,81.421
9/30/19 10:39,62.406,54.8,1181.2,81.421
9/30/19 10:39,62.406,54.8,1181.2,81.421
9/30/19 10:39,62.406,54.9,1181.2,81.421
9/30/19 10:39,62.406,54.9,1183.7,81.421
9/30/19 10:39,62.406,54.9,1188.7,81.421
9/30/19 10:39,62.447,54.9,1188.7,81.421
9/30/19 10:39,62.447,54.9,1191.2,81.421
9/30/19 10:39,62.447,54.8,1191.2,81.421
9/30/19 10:39,62.406,54.7,1191.2,81.421
9/30/19 10:39,62.447,54.8,1191.2,81.421
9/30/19 10:39,62.406,54.7,1188.7,81.421
9/30/19 10:39,62.406,54.7,1186.2,81.421
9/30/19 10:39,62.406,54.6,1188.7,81.421
9/30/19 10:39,62.406,54.6,1186.2,81.421
9/30/19 10:39,62.406,54.6,1186.2,81.421
9/30/19 10:39,62.406,54.5,1186.2,81.421
9/30/19 10:39,62.406,54.5,1183.7,81.421
9/30/19 10:39,62.406,54.5,1183.7,81.421
9/30/19 10:39,62.406,54.4,1183.7,81.421
9/30/19 10:39,62.362,54.4,1181.2,81.421
9/30/19 10:39,62.362,54.4,1181.2,81.421
9/30/19 10:39,62.362,54.4,1181.2,81.421
9/30/19 10:39,62.362,54.3,1181.2,81.421
9/30/19 10:39,62.362,54.3,1181.2,81.421
9/30/19 10:39,62.362,54.4,1181.2,81.421
9/30/19 10:39,62.362,54.4,1181.2,81.421
9/30/19 10:39,62.362,54.4,1183.7,81.421
9/30/19 10:39,62.362,54.3,1186.2,81.421
9/30/19 10:39,62.319,54.3,1186.2,81.421
9/30/19 10:39,62.319,54.4,1186.2,81.421
9/30/19 10:39,62.319,54.3,1186.2,81.421
9/30/19 10:39,62.319,54.3,1188.7,81.421
9/30/19 10:39,62.319,54.3,1188.7,81.421
9/30/19 10:39,62.319,54.4,1191.2,81.421
9/30/19 10:39,62.319,54.4,1188.7,81.421
9/30/19 10:39,62.319,54.4,1191.2,81.421
9/30/19 10:39,62.319,54.4,1191.2,81.421
9/30/19 10:39,62.319,54.4,1193.7,81.421
9/30/19 10:39,62.319,54.4,1193.7,81.421
9/30/19 10:39,62.319,54.4,1193.7,81.421
9/30/19 10:39,62.319,54.4,1193.7,81.421
9/30/19 10:39,62.319,54.5,1193.7,81.421
9/30/19 10:40,62.319,54.5,1188.7,81.421
9/30/19 10:40,62.319,54.5,1188.7,81.421
9/30/19 10:40,62.319,54.5,1186.2,81.421
9/30/19 10:40,62.319,54.6,1183.7,81.466
9/30/19 10:40,62.319,54.6,1183.7,81.466
9/30/19 10:40,62.362,54.6,1181.2,81.466
9/30/19 10:40,62.319,54.7,1178.7,81.466
9/30/19 10:40,62.362,54.7,1178.7,81.466
9/30/19 10:40,62.362,54.7,1176.2,81.466
9/30/19 10:40,62.362,54.7,1176.2,81.466
9/30/19 10:40,62.362,54.6,1173.7,81.466
9/30/19 10:40,62.362,54.5,1171.2,81.466
9/30/19 10:40,62.362,54.5,1168.7,81.466
9/30/19 10:40,62.362,54.4,1166.2,81.466
9/30/19 10:40,62.319,54.3,1166.2,81.466
9/30/19 10:40,62.319,54.2,1161.2,81.466
9/30/19 10:40,62.319,54.2,1163.7,81.466
9/30/19 10:40,62.319,54.2,1163.7,81.466
9/30/19 10:40,62.319,54.2,1166.2,81.466
9/30/19 10:40,62.276,54.1,1166.2,81.466
9/30/19 10:40,62.276,54.1,1168.7,81.466
9/30/19 10:40,62.276,54.1,1166.2,81.466
9/30/19 10:40,62.276,54,1166.2,81.466
9/30/19 10:40,62.233,54,1168.7,81.466
9/30/19 10:40,62.233,53.9,1166.2,81.466
9/30/19 10:40,62.233,53.8,1161.2,81.466
9/30/19 10:40,62.191,53.8,1158.7,81.466
9/30/19 10:40,62.191,53.7,1156.2,81.466
9/30/19 10:40,62.191,53.6,1151.2,81.466
9/30/19 10:40,62.148,53.6,1148.7,81.466
9/30/19 10:40,62.148,53.6,1146.2,81.466
9/30/19 10:40,62.105,53.6,1146.2,81.466
9/30/19 10:40,62.105,53.5,1143.7,81.466
9/30/19 10:40,62.062,53.5,1141.2,81.466
9/30/19 10:40,62.062,53.5,1143.7,81.466
9/30/19 10:40,62.019,53.4,1143.7,81.466
9/30/19 10:40,62.019,53.4,1141.2,81.466
9/30/19 10:40,62.019,53.5,1141.2,81.466
9/30/19 10:40,61.977,53.5,1138.7,81.466
9/30/19 10:40,61.977,53.5,1136.2,81.466
9/30/19 10:40,61.977,53.6,1133.7,81.466
9/30/19 10:40,61.934,53.6,1131.2,81.466
9/30/19 10:40,61.934,53.6,1131.2,81.466
9/30/19 10:40,61.934,53.7,1131.2,81.466
9/30/19 10:40,61.934,53.8,1126.2,81.466
9/30/19 10:40,61.891,53.9,1123.7,81.466
9/30/19 10:40,61.891,54,1121.2,81.466
9/30/19 10:40,61.891,54,1118.7,81.466
9/30/19 10:40,61.891,54.1,1116.2,81.466
9/30/19 10:40,61.891,54.2,1116.2,81.466
9/30/19 10:40,61.848,54.2,1116.2,81.466
9/30/19 10:40,61.848,54.3,1116.2,81.509
9/30/19 10:40,61.848,54.3,1116.2,81.466
9/30/19 10:40,61.848,54.4,1116.2,81.509
9/30/19 10:40,61.848,54.4,1118.7,81.509
9/30/19 10:40,61.848,54.4,1123.7,81.466
9/30/19 10:40,61.848,54.5,1126.2,81.509
9/30/19 10:40,61.848,54.5,1126.2,81.466
9/30/19 10:40,61.848,54.5,1128.7,81.509
9/30/19 10:40,61.804,54.5,1126.2,81.509
9/30/19 10:41,61.804,54.5,1126.2,81.509
9/30/19 10:41,61.804,54.6,1123.7,81.509
9/30/19 10:41,61.804,54.6,1118.7,81.509
9/30/19 10:41,61.804,54.7,1113.7,81.509
9/30/19 10:41,61.804,54.7,1108.7,81.509
9/30/19 10:41,61.804,54.7,1101.2,81.509
9/30/19 10:41,61.761,54.7,1093.7,81.509
9/30/19 10:41,61.761,54.7,1086.2,81.509
9/30/19 10:41,61.761,54.7,1078.7,81.509
9/30/19 10:41,61.761,54.7,1073.7,81.509
9/30/19 10:41,61.761,54.7,1066.2,81.509
9/30/19 10:41,61.72,54.6,1058.7,81.509
9/30/19 10:41,61.72,54.6,1053.7,81.509
9/30/19 10:41,61.72,54.5,1051.2,81.509
9/30/19 10:41,61.72,54.5,1048.7,81.509
9/30/19 10:41,61.677,54.5,1041.2,81.509
9/30/19 10:41,61.677,54.4,1038.7,81.509
9/30/19 10:41,61.677,54.4,1033.7,81.509
9/30/19 10:41,61.633,54.2,1031.2,81.509
9/30/19 10:41,61.633,54.3,1028.7,81.509
9/30/19 10:41,61.633,54.2,1026.2,81.509
9/30/19 10:41,61.633,54.2,1026.2,81.509
9/30/19 10:41,61.59,54.2,1026.2,81.509
9/30/19 10:41,61.59,54.2,1023.7,81.509
9/30/19 10:41,61.59,54.2,1023.7,81.509
9/30/19 10:41,61.547,54.2,1028.7,81.509
9/30/19 10:41,61.59,54.3,1031.2,81.509
9/30/19 10:41,61.547,54.3,1033.7,81.509
9/30/19 10:41,61.547,54.3,1038.7,81.509
9/30/19 10:41,61.547,54.4,1041.2,81.509
9/30/19 10:41,61.547,54.4,1046.2,81.509
9/30/19 10:41,61.547,54.4,1048.7,81.509
9/30/19 10:41,61.506,54.5,1051.2,81.509
9/30/19 10:41,61.506,54.5,1051.2,81.509
9/30/19 10:41,61.506,54.6,1046.2,81.509
9/30/19 10:41,61.506,54.6,1043.7,81.509
9/30/19 10:41,61.506,54.6,1036.2,81.509
9/30/19 10:41,61.506,54.6,1028.7,81.509
9/30/19 10:41,61.506,54.7,1018.7,81.509
9/30/19 10:41,61.462,54.7,1011.2,81.509
9/30/19 10:41,61.462,54.6,998.7,81.509
9/30/19 10:41,61.462,54.7,991.2,81.509
9/30/19 10:41,61.462,54.8,986.2,81.509
9/30/19 10:41,61.462,54.8,981.2,81.509
9/30/19 10:41,61.462,54.9,978.7,81.509
9/30/19 10:41,61.462,54.9,976.2,81.509
9/30/19 10:41,61.462,55,973.7,81.509
9/30/19 10:41,61.462,55.1,971.2,81.509
9/30/19 10:41,61.462,55.2,968.7,81.509
9/30/19 10:41,61.462,55.2,966.2,81.509
9/30/19 10:41,61.462,55.2,961.2,81.509
9/30/19 10:41,61.462,55.3,958.7,81.509
9/30/19 10:41,61.462,55.3,951.2,81.509
9/30/19 10:41,61.462,55.4,946.2,81.509
9/30/19 10:41,61.462,55.5,938.7,81.509
9/30/19 10:41,61.462,55.5,931.2,81.509
9/30/19 10:41,61.462,55.6,923.7,81.509
9/30/19 10:41,61.462,55.6,918.7,81.509
9/30/19 10:41,61.462,55.6,913.7,81.509
9/30/19 10:41,61.462,55.6,906.2,81.509
9/30/19 10:42,61.462,55.6,901.2,81.509
9/30/19 10:42,61.462,55.7,893.7,81.509
9/30/19 10:42,61.462,55.7,883.7,81.466
9/30/19 10:42,61.462,55.8,876.2,81.466
9/30/19 10:42,61.462,55.8,866.2,81.509
9/30/19 10:42,61.462,55.8,856.2,81.509
9/30/19 10:42,61.462,55.8,843.7,81.466
9/30/19 10:42,61.462,55.8,833.7,81.466
9/30/19 10:42,61.462,55.8,826.2,81.466
9/30/19 10:42,61.462,55.8,818.7,81.466
9/30/19 10:42,61.462,55.8,811.2,81.466
9/30/19 10:42,61.462,55.8,803.7,81.466
9/30/19 10:42,61.419,55.8,796.2,81.466
9/30/19 10:42,61.419,55.8,788.7,81.466
9/30/19 10:42,61.419,55.8,781.2,81.466
9/30/19 10:42,61.419,55.8,768.7,81.466
9/30/19 10:42,61.419,55.9,758.7,81.466
9/30/19 10:42,61.419,55.8,746.2,81.466
9/30/19 10:42,61.419,55.8,733.7,81.466
9/30/19 10:42,61.376,55.8,721.2,81.466
9/30/19 10:42,61.376,55.8,706.2,81.466
9/30/19 10:42,61.376,55.8,693.7,81.466
9/30/19 10:42,61.376,55.8,681.2,81.466
9/30/19 10:42,61.376,55.8,668.7,81.466
9/30/19 10:42,61.376,55.7,658.7,81.466
9/30/19 10:42,61.333,55.6,651.2,81.466
9/30/19 10:42,61.333,55.6,646.2,81.466
9/30/19 10:42,61.333,55.5,643.7,81.466
9/30/19 10:42,61.29,55.5,643.7,81.466
9/30/19 10:42,61.29,55.4,648.7,81.466
9/30/19 10:42,61.29,55.3,651.2,81.466
9/30/19 10:42,61.29,55.3,658.7,81.466
9/30/19 10:42,61.248,55.2,663.7,81.421
9/30/19 10:42,61.248,55.2,671.2,81.466
9/30/19 10:42,61.248,55.3,678.7,81.421
9/30/19 10:42,61.205,55.2,686.2,81.421
9/30/19 10:42,61.205,55.2,693.7,81.421
9/30/19 10:42,61.205,55.2,701.2,81.421
9/30/19 10:42,61.162,55.1,708.7,81.421
9/30/19 10:42,61.162,55.1,716.2,81.421
9/30/19 10:42,61.162,55.1,723.7,81.421
9/30/19 10:42,61.162,55,731.2,81.421
9/30/19 10:42,61.119,55,738.7,81.421
9/30/19 10:42,61.119,55,748.7,81.421
9/30/19 10:42,61.119,55,761.2,81.421
9/30/19 10:42,61.075,55,773.7,81.421
9/30/19 10:42,61.075,55,791.2,81.421
9/30/19 10:42,61.075,55,806.2,81.421
9/30/19 10:42,61.075,55.1,821.2,81.421
9/30/19 10:42,61.032,55.1,836.2,81.421
9/30/19 10:42,61.032,55.2,848.7,81.421
9/30/19 10:42,61.032,55.2,861.2,81.376
9/30/19 10:42,61.032,55.2,871.2,81.421
9/30/19 10:42,61.032,55.2,881.2,81.376
9/30/19 10:42,61.032,55.3,886.2,81.376
9/30/19 10:42,61.032,55.3,888.7,81.376
9/30/19 10:42,61.032,55.5,893.7,81.376
9/30/19 10:42,61.032,55.5,898.7,81.376
9/30/19 10:42,61.032,55.6,903.7,81.376
9/30/19 10:42,61.032,55.7,911.2,81.376
9/30/19 10:43,61.032,55.8,918.7,81.376
9/30/19 10:43,61.032,55.8,931.2,81.376
9/30/19 10:43,61.032,55.9,941.2,81.376
9/30/19 10:43,61.032,56,956.2,81.376
9/30/19 10:43,61.032,56.2,968.7,81.376
9/30/19 10:43,61.032,56.4,983.7,81.376
9/30/19 10:43,61.075,56.5,996.2,81.376
9/30/19 10:43,61.075,56.6,1008.7,81.333
9/30/19 10:43,61.075,56.8,1013.7,81.333
9/30/19 10:43,61.075,57.1,1021.2,81.333
9/30/19 10:43,61.075,57.3,1033.7,81.333
9/30/19 10:43,61.075,57.5,1048.7,81.333
9/30/19 10:43,61.119,57.7,1058.7,81.333
9/30/19 10:43,61.119,57.9,1071.2,81.333
9/30/19 10:43,61.119,57.9,1083.7,81.333
9/30/19 10:43,61.162,58.1,1088.7,81.199
9/30/19 10:43,61.162,58.1,1091.2,81.199
9/30/19 10:43,61.162,58.2,1091.2,81.154
9/30/19 10:43,61.162,58.2,1093.7,81.199
9/30/19 10:43,61.205,58.2,1093.7,81.154
9/30/19 10:43,61.205,58.1,1091.2,81.154
9/30/19 10:43,61.205,58.1,1086.2,81.154
9/30/19 10:43,61.205,58,1078.7,81.154
9/30/19 10:43,61.205,57.8,1073.7,81.154
9/30/19 10:43,61.205,57.8,1071.2,81.154
9/30/19 10:43,61.205,57.7,1068.7,81.154
9/30/19 10:43,61.205,57.6,1066.2,81.154
9/30/19 10:43,61.205,57.5,1066.2,81.154
9/30/19 10:43,61.205,57.3,1068.7,81.154
9/30/19 10:43,61.205,57.3,1066.2,81.154
9/30/19 10:43,61.205,57.3,1071.2,81.154
9/30/19 10:43,61.205,57.2,1071.2,81.154
9/30/19 10:43,61.205,57.1,1073.7,81.154
9/30/19 10:43,61.205,57,1076.2,81.154
9/30/19 10:43,61.205,57,1073.7,81.154
9/30/19 10:43,61.205,57,1073.7,81.154
9/30/19 10:43,61.205,56.9,1073.7,81.154
9/30/19 10:43,61.205,57,1071.2,81.154
9/30/19 10:43,61.205,57,1066.2,81.154
9/30/19 10:43,61.205,57,1063.7,81.154
9/30/19 10:43,61.205,57,1058.7,81.111
9/30/19 10:43,61.205,57.1,1053.7,81.154
9/30/19 10:43,61.205,57.1,1056.2,81.111
9/30/19 10:43,61.205,57.2,1056.2,81.154
9/30/19 10:43,61.205,57.2,1058.7,81.111
9/30/19 10:43,61.205,57.2,1058.7,81.111
9/30/19 10:43,61.205,57.3,1058.7,81.111
9/30/19 10:43,61.205,57.3,1058.7,81.111
9/30/19 10:43,61.205,57.3,1061.2,81.111
9/30/19 10:43,61.205,57.3,1061.2,81.111
9/30/19 10:43,61.205,57.4,1061.2,81.111
9/30/19 10:43,61.248,57.4,1061.2,81.111
9/30/19 10:43,61.248,57.4,1058.7,81.111
9/30/19 10:43,61.248,57.4,1053.7,81.111
9/30/19 10:43,61.248,57.4,1051.2,81.111
9/30/19 10:43,61.248,57.3,1043.7,81.111
9/30/19 10:43,61.248,57.3,1036.2,81.111
9/30/19 10:43,61.248,57.4,1028.7,81.111
9/30/19 10:43,61.248,57.3,1021.2,81.111
9/30/19 10:43,61.248,57.3,1016.2,81.111
9/30/19 10:44,61.248,57.3,1013.7,81.111
9/30/19 10:44,61.248,57.3,1008.7,81.111
9/30/19 10:44,61.248,57.3,1003.7,81.111
9/30/19 10:44,61.248,57.3,998.7,81.111
9/30/19 10:44,61.248,57.3,993.7,81.111
9/30/19 10:44,61.29,57.2,991.2,81.111
9/30/19 10:44,61.29,57.2,988.7,81.111
9/30/19 10:44,61.29,57.2,983.7,81.111
9/30/19 10:44,61.29,57.2,983.7,81.111
9/30/19 10:44,61.29,57.2,981.2,81.111
9/30/19 10:44,61.29,57.2,983.7,81.111
9/30/19 10:44,61.29,57.2,986.2,81.111
9/30/19 10:44,61.29,57.3,988.7,81.111
9/30/19 10:44,61.29,57.3,996.2,81.111
9/30/19 10:44,61.29,57.5,1001.2,81.111
9/30/19 10:44,61.29,57.6,1008.7,81.111
9/30/19 10:44,61.29,57.7,1013.7,81.111
9/30/19 10:44,61.29,57.7,1018.7,81.111
9/30/19 10:44,61.29,57.7,1023.7,81.111
9/30/19 10:44,61.29,57.8,1026.2,81.111
9/30/19 10:44,61.29,57.8,1031.2,81.111
9/30/19 10:44,61.333,57.9,1033.7,81.111
9/30/19 10:44,61.333,57.8,1038.7,81.066
9/30/19 10:44,61.333,57.9,1041.2,81.066
9/30/19 10:44,61.333,58,1046.2,81.066
9/30/19 10:44,61.333,58,1046.2,81.066
9/30/19 10:44,61.333,58,1046.2,81.066
9/30/19 10:44,61.333,58,1046.2,81.066
9/30/19 10:44,61.333,57.9,1043.7,81.066
9/30/19 10:44,61.333,57.8,1043.7,81.066
9/30/19 10:44,61.333,57.9,1043.7,81.066
9/30/19 10:44,61.333,57.9,1046.2,81.066
9/30/19 10:44,61.333,57.9,1048.7,81.066
9/30/19 10:44,61.333,57.8,1051.2,81.066
9/30/19 10:44,61.333,57.9,1056.2,81.066
9/30/19 10:44,61.333,57.9,1058.7,81.066
9/30/19 10:44,61.333,57.8,1066.2,81.066
9/30/19 10:44,61.333,57.9,1068.7,81.066
9/30/19 10:44,61.333,57.9,1071.2,81.066
9/30/19 10:44,61.333,57.8,1071.2,81.066
9/30/19 10:44,61.333,57.9,1071.2,81.066
9/30/19 10:44,61.29,57.9,1071.2,81.066
9/30/19 10:44,61.333,57.8,1073.7,81.066
9/30/19 10:44,61.29,57.8,1076.2,81.066
9/30/19 10:44,61.29,57.7,1076.2,81.066
9/30/19 10:44,61.29,57.7,1078.7,81.066
9/30/19 10:44,61.29,57.6,1083.7,81.066
9/30/19 10:44,61.29,57.6,1086.2,81.066
9/30/19 10:44,61.29,57.5,1088.7,81.066
9/30/19 10:44,61.29,57.5,1091.2,81.066
9/30/19 10:44,61.29,57.5,1096.2,81.023
9/30/19 10:44,61.29,57.5,1101.2,81.023
9/30/19 10:44,61.29,57.4,1106.2,81.023
9/30/19 10:44,61.29,57.4,1108.7,81.023
9/30/19 10:44,61.29,57.4,1108.7,81.023
9/30/19 10:44,61.29,57.4,1111.2,81.023
9/30/19 10:44,61.29,57.3,1116.2,81.023
9/30/19 10:44,61.248,57.4,1116.2,81.023
9/30/19 10:44,61.248,57.3,1113.7,81.023
9/30/19 10:44,61.248,57.2,1121.2,81.023
9/30/19 10:45,61.248,57.2,1126.2,81.023
9/30/19 10:45,61.248,57.1,1131.2,81.023
9/30/19 10:45,61.248,57,1136.2,81.023
9/30/19 10:45,61.248,57,1141.2,81.023
9/30/19 10:45,61.205,57,1143.7,81.023
9/30/19 10:45,61.205,57,1146.2,81.023
9/30/19 10:45,61.205,57,1151.2,81.023
9/30/19 10:45,61.205,57,1153.7,81.023
9/30/19 10:45,61.205,57.1,1156.2,81.023
9/30/19 10:45,61.205,57.2,1156.2,81.023
9/30/19 10:45,61.205,57.2,1158.7,81.023
9/30/19 10:45,61.162,57.3,1158.7,81.023
9/30/19 10:45,61.162,57.4,1158.7,81.023
9/30/19 10:45,61.162,57.3,1158.7,81.023
9/30/19 10:45,61.162,57.4,1156.2,81.023
9/30/19 10:45,61.162,57.4,1156.2,81.023
9/30/19 10:45,61.162,57.3,1156.2,81.023
9/30/19 10:45,61.162,57.3,1153.7,81.023
9/30/19 10:45,61.162,57.4,1153.7,81.023
9/30/19 10:45,61.162,57.4,1153.7,81.023
9/30/19 10:45,61.162,57.3,1153.7,81.023
9/30/19 10:45,61.162,57.3,1153.7,81.023
9/30/19 10:45,61.162,57.4,1156.2,81.023
9/30/19 10:45,61.162,57.5,1158.7,81.023
9/30/19 10:45,61.162,57.4,1163.7,81.023
9/30/19 10:45,61.162,57.5,1163.7,81.023
9/30/19 10:45,61.162,57.4,1166.2,81.023
9/30/19 10:45,61.162,57.4,1166.2,81.023
9/30/19 10:45,61.162,57.3,1166.2,81.023
9/30/19 10:45,61.162,57.3,1166.2,81.023
9/30/19 10:45,61.162,57.3,1166.2,80.978
9/30/19 10:45,61.162,57.3,1166.2,81.023
9/30/19 10:45,61.162,57.2,1163.7,80.978
9/30/19 10:45,61.162,57.1,1163.7,80.978
9/30/19 10:45,61.162,57,1161.2,80.978
9/30/19 10:45,61.162,57,1156.2,80.978
9/30/19 10:45,61.162,56.9,1156.2,80.978
9/30/19 10:45,61.162,56.9,1153.7,80.978
9/30/19 10:45,61.162,56.8,1151.2,80.978
9/30/19 10:45,61.162,56.8,1151.2,80.978
9/30/19 10:45,61.162,56.8,1151.2,81.023
9/30/19 10:45,61.162,56.8,1151.2,81.023
9/30/19 10:45,61.162,56.8,1148.7,80.978
9/30/19 10:45,61.162,56.8,1148.7,80.978
9/30/19 10:45,61.162,56.8,1148.7,81.023
9/30/19 10:45,61.119,56.8,1148.7,80.978
9/30/19 10:45,61.162,56.9,1146.2,80.978
9/30/19 10:45,61.162,57,1146.2,80.978
9/30/19 10:45,61.162,57.1,1146.2,80.978
9/30/19 10:45,61.162,57.2,1143.7,80.978
9/30/19 10:45,61.162,57.2,1143.7,80.978
9/30/19 10:45,61.162,57.2,1143.7,80.978
9/30/19 10:45,61.162,57.2,1143.7,80.978
9/30/19 10:45,61.162,57.1,1143.7,80.978
9/30/19 10:45,61.162,57,1146.2,80.978
9/30/19 10:45,61.162,56.9,1148.7,80.978
9/30/19 10:45,61.162,56.8,1151.2,80.978
9/30/19 10:45,61.162,56.8,1156.2,80.978
9/30/19 10:45,61.162,56.7,1161.2,80.978
9/30/19 10:45,61.162,56.6,1163.7,80.978
9/30/19 10:46,61.162,56.5,1166.2,80.978
9/30/19 10:46,61.162,56.4,1168.7,80.978
9/30/19 10:46,61.162,56.3,1168.7,80.978
9/30/19 10:46,61.162,56.3,1173.7,80.978
9/30/19 10:46,61.162,56.2,1173.7,80.978
9/30/19 10:46,61.162,56.3,1178.7,80.978
9/30/19 10:46,61.162,56.3,1178.7,80.978
9/30/19 10:46,61.119,56.2,1178.7,80.978
9/30/19 10:46,61.162,56.3,1181.2,80.978
9/30/19 10:46,61.119,56.4,1183.7,80.978
9/30/19 10:46,61.119,56.5,1183.7,80.978
9/30/19 10:46,61.162,56.7,1188.7,80.978
9/30/19 10:46,61.119,56.8,1188.7,80.978
9/30/19 10:46,61.119,56.9,1193.7,80.978
9/30/19 10:46,61.162,57,1193.7,80.978
9/30/19 10:46,61.162,57.2,1193.7,80.978
9/30/19 10:46,61.162,57.3,1198.7,80.978
9/30/19 10:46,61.162,57.3,1196.2,80.978
9/30/19 10:46,61.162,57.5,1198.7,80.978
9/30/19 10:46,61.162,57.7,1196.2,80.978
9/30/19 10:46,61.205,57.8,1198.7,80.978
9/30/19 10:46,61.205,57.9,1198.7,80.978
9/30/19 10:46,61.205,58,1198.7,80.978
9/30/19 10:46,61.205,58.1,1198.7,80.978
9/30/19 10:46,61.248,58.1,1198.7,80.978
9/30/19 10:46,61.248,58.1,1198.7,80.978
9/30/19 10:46,61.248,58.1,1198.7,80.978
9/30/19 10:46,61.248,58.1,1201.2,80.978
9/30/19 10:46,61.248,58.1,1198.7,80.978
9/30/19 10:46,61.29,58.1,1201.2,80.978
9/30/19 10:46,61.29,58.1,1198.7,80.978
9/30/19 10:46,61.29,58.1,1198.7,80.978
9/30/19 10:46,61.29,58.1,1198.7,80.978
9/30/19 10:46,61.29,58.1,1198.7,80.978
9/30/19 10:46,61.333,58.1,1198.7,81.023
9/30/19 10:46,61.333,58.2,1198.7,80.978
9/30/19 10:46,61.333,58.2,1198.7,80.978
9/30/19 10:46,61.333,58.2,1198.7,80.978
9/30/19 10:46,61.376,58.2,1201.2,80.978
9/30/19 10:46,61.376,58.3,1203.7,80.978
9/30/19 10:46,61.376,58.3,1203.7,80.978
9/30/19 10:46,61.376,58.3,1206.2,81.023
9/30/19 10:46,61.419,58.4,1206.2,80.978
9/30/19 10:46,61.419,58.4,1211.2,81.023
9/30/19 10:46,61.419,58.5,1211.2,81.023
9/30/19 10:46,61.419,58.5,1213.7,81.023
9/30/19 10:46,61.419,58.4,1211.2,81.023
9/30/19 10:46,61.462,58.4,1208.7,81.023
9/30/19 10:46,61.462,58.4,1211.2,81.023
9/30/19 10:46,61.462,58.4,1211.2,81.023
9/30/19 10:46,61.462,58.5,1213.7,81.023
9/30/19 10:46,61.462,58.6,1211.2,81.023
9/30/19 10:46,61.506,58.7,1211.2,81.023
9/30/19 10:46,61.506,58.8,1211.2,81.023
9/30/19 10:46,61.506,58.9,1211.2,81.023
9/30/19 10:46,61.547,58.9,1211.2,81.023
9/30/19 10:46,61.547,59,1213.7,81.023
9/30/19 10:46,61.547,59,1211.2,81.023
9/30/19 10:46,61.59,59,1211.2,81.023
9/30/19 10:46,61.59,58.9,1211.2,81.023
9/30/19 10:47,61.59,58.8,1211.2,81.023
9/30/19 10:47,61.59,58.8,1216.2,81.023
9/30/19 10:47,61.59,58.7,1213.7,81.023
9/30/19 10:47,61.633,58.6,1208.7,81.023
9/30/19 10:47,61.633,58.6,1208.7,81.023
9/30/19 10:47,61.633,58.5,1206.2,81.023
9/30/19 10:47,61.633,58.5,1203.7,81.023
9/30/19 10:47,61.633,58.3,1203.7,81.023
9/30/19 10:47,61.633,58.2,1203.7,81.023
9/30/19 10:47,61.677,58.1,1201.2,81.023
9/30/19 10:47,61.677,58,1201.2,81.023
9/30/19 10:47,61.677,57.9,1196.2,81.023
9/30/19 10:47,61.677,57.9,1201.2,81.023
9/30/19 10:47,61.677,57.9,1201.2,81.066
9/30/19 10:47,61.677,57.9,1201.2,81.023
9/30/19 10:47,61.677,58,1203.7,81.023
9/30/19 10:47,61.677,58.1,1206.2,81.066
9/30/19 10:47,61.677,58.1,1206.2,81.066
9/30/19 10:47,61.677,58.2,1211.2,81.066
9/30/19 10:47,61.677,58.3,1213.7,81.023
9/30/19 10:47,61.677,58.5,1213.7,81.066
9/30/19 10:47,61.677,58.5,1213.7,81.066
9/30/19 10:47,61.72,58.6,1216.2,81.066
9/30/19 10:47,61.72,58.6,1218.7,81.066
9/30/19 10:47,61.72,58.8,1213.7,81.066
9/30/19 10:47,61.72,58.9,1213.7,81.066
9/30/19 10:47,61.72,59,1216.2,81.066
9/30/19 10:47,61.72,59,1216.2,81.066
9/30/19 10:47,61.72,59.1,1218.7,81.066
9/30/19 10:47,61.761,59.1,1218.7,81.066
9/30/19 10:47,61.761,59,1218.7,81.066
9/30/19 10:47,61.761,58.9,1218.7,81.066
9/30/19 10:47,61.761,58.8,1218.7,81.066
9/30/19 10:47,61.804,58.6,1216.2,81.066
9/30/19 10:47,61.804,58.5,1216.2,81.066
9/30/19 10:47,61.804,58.3,1216.2,81.066
9/30/19 10:47,61.804,58.1,1216.2,81.066
9/30/19 10:47,61.804,57.9,1216.2,81.066
9/30/19 10:47,61.804,57.6,1218.7,81.066
9/30/19 10:47,61.804,57.4,1216.2,81.066
9/30/19 10:47,61.804,57.3,1218.7,81.066
9/30/19 10:47,61.761,57.1,1218.7,81.066
9/30/19 10:47,61.761,56.9,1218.7,81.066
9/30/19 10:47,61.761,56.7,1218.7,81.066
9/30/19 10:47,61.761,56.5,1218.7,81.066
9/30/19 10:47,61.761,56.4,1221.2,81.066
9/30/19 10:47,61.72,56.4,1218.7,81.066
9/30/19 10:47,61.72,56.3,1221.2,81.066
9/30/19 10:47,61.72,56.2,1218.7,81.066
9/30/19 10:47,61.677,56.2,1218.7,81.066
9/30/19 10:47,61.677,56.3,1216.2,81.066
9/30/19 10:47,61.677,56.3,1216.2,81.066
9/30/19 10:47,61.633,56.4,1216.2,81.066
9/30/19 10:47,61.633,56.4,1216.2,81.066
9/30/19 10:47,61.633,56.4,1213.7,81.066
9/30/19 10:47,61.633,56.3,1218.7,81.066
9/30/19 10:47,61.59,56.4,1218.7,81.066
9/30/19 10:47,61.59,56.3,1216.2,81.066
9/30/19 10:47,61.59,56.3,1216.2,81.066
9/30/19 10:47,61.59,56.4,1218.7,81.066
9/30/19 10:48,61.59,56.4,1218.7,81.111
9/30/19 10:48,61.547,56.4,1221.2,81.066
9/30/19 10:48,61.547,56.4,1218.7,81.111
9/30/19 10:48,61.547,56.4,1218.7,81.111
9/30/19 10:48,61.547,56.5,1221.2,81.111
9/30/19 10:48,61.506,56.4,1221.2,81.111
9/30/19 10:48,61.506,56.4,1221.2,81.111
9/30/19 10:48,61.506,56.4,1218.7,81.111
9/30/19 10:48,61.506,56.3,1218.7,81.111
9/30/19 10:48,61.506,56.4,1223.7,81.111
9/30/19 10:48,61.506,56.3,1221.2,81.111
9/30/19 10:48,61.462,56.2,1218.7,81.111
9/30/19 10:48,61.462,56.2,1218.7,81.111
9/30/19 10:48,61.462,56.1,1218.7,81.111
9/30/19 10:48,61.462,56,1218.7,81.111
9/30/19 10:48,61.419,56,1218.7,81.111
9/30/19 10:48,61.419,55.9,1216.2,81.111
9/30/19 10:48,61.419,55.8,1218.7,81.111
9/30/19 10:48,61.419,55.8,1216.2,81.111
9/30/19 10:48,61.376,55.8,1216.2,81.111
9/30/19 10:48,61.376,55.7,1216.2,81.111
9/30/19 10:48,61.376,55.6,1218.7,81.111
9/30/19 10:48,61.376,55.6,1218.7,81.111
9/30/19 10:48,61.333,55.5,1216.2,81.111
9/30/19 10:48,61.333,55.4,1216.2,81.111
9/30/19 10:48,61.333,55.4,1216.2,81.111
9/30/19 10:48,61.29,55.3,1218.7,81.111
9/30/19 10:48,61.29,55.3,1218.7,81.111
9/30/19 10:48,61.29,55.3,1216.2,81.111
9/30/19 10:48,61.29,55.3,1218.7,81.111
9/30/19 10:48,61.248,55.3,1216.2,81.111
9/30/19 10:48,61.248,55.3,1216.2,81.111
9/30/19 10:48,61.248,55.3,1216.2,81.111
9/30/19 10:48,61.248,55.3,1216.2,81.111
9/30/19 10:48,61.205,55.3,1213.7,81.111
9/30/19 10:48,61.205,55.3,1213.7,81.111
9/30/19 10:48,61.205,55.4,1213.7,81.111
9/30/19 10:48,61.205,55.3,1213.7,81.111
9/30/19 10:48,61.205,55.4,1213.7,81.111
9/30/19 10:48,61.162,55.4,1211.2,81.111
9/30/19 10:48,61.162,55.4,1213.7,81.111
9/30/19 10:48,61.162,55.5,1213.7,81.111
9/30/19 10:48,61.162,55.5,1213.7,81.111
9/30/19 10:48,61.162,55.5,1216.2,81.111
9/30/19 10:48,61.162,55.6,1216.2,81.111
9/30/19 10:48,61.162,55.6,1216.2,81.111
9/30/19 10:48,61.162,55.6,1218.7,81.111
9/30/19 10:48,61.162,55.6,1218.7,81.111
9/30/19 10:48,61.119,55.6,1218.7,81.111
9/30/19 10:48,61.119,55.6,1221.2,81.111
9/30/19 10:48,61.119,55.6,1221.2,81.111
9/30/19 10:48,61.119,55.5,1221.2,81.111
9/30/19 10:48,61.119,55.5,1221.2,81.111
9/30/19 10:48,61.119,55.5,1223.7,81.111
9/30/19 10:48,61.119,55.5,1221.2,81.111
9/30/19 10:48,61.119,55.4,1223.7,81.111
9/30/19 10:48,61.119,55.4,1223.7,81.111
9/30/19 10:48,61.075,55.4,1226.2,81.111
9/30/19 10:48,61.119,55.3,1228.7,81.111
9/30/19 10:48,61.075,55.3,1226.2,81.111
9/30/19 10:49,61.075,55.2,1226.2,81.111
9/30/19 10:49,61.075,55.2,1223.7,81.111
9/30/19 10:49,61.075,55.2,1228.7,81.111
9/30/19 10:49,61.075,55.3,1226.2,81.111
9/30/19 10:49,61.075,55.2,1228.7,81.111
9/30/19 10:49,61.075,55.2,1226.2,81.111
9/30/19 10:49,61.075,55.2,1226.2,81.154
9/30/19 10:49,61.075,55.3,1226.2,81.111
9/30/19 10:49,61.075,55.3,1228.7,81.111
9/30/19 10:49,61.075,55.3,1228.7,81.111
9/30/19 10:49,61.075,55.4,1228.7,81.154
9/30/19 10:49,61.075,55.4,1223.7,81.111
9/30/19 10:49,61.075,55.5,1228.7,81.154
9/30/19 10:49,61.075,55.5,1226.2,81.111
9/30/19 10:49,61.075,55.6,1228.7,81.154
9/30/19 10:49,61.075,55.7,1228.7,81.111
9/30/19 10:49,61.075,55.7,1228.7,81.154
9/30/19 10:49,61.075,55.7,1228.7,81.111
9/30/19 10:49,61.075,55.7,1228.7,81.154
9/30/19 10:49,61.075,55.8,1228.7,81.154
9/30/19 10:49,61.075,55.8,1228.7,81.111
9/30/19 10:49,61.075,55.8,1228.7,81.111
9/30/19 10:49,61.075,55.9,1231.2,81.111
9/30/19 10:49,61.075,56,1228.7,81.154
9/30/19 10:49,61.075,56.1,1228.7,81.111
9/30/19 10:49,61.075,56.2,1228.7,81.154
9/30/19 10:49,61.075,56.4,1228.7,81.111
9/30/19 10:49,61.075,56.5,1228.7,81.154
9/30/19 10:49,61.075,56.6,1228.7,81.154
9/30/19 10:49,61.075,56.6,1228.7,81.111
9/30/19 10:49,61.075,56.7,1228.7,81.154
9/30/19 10:49,61.075,56.7,1228.7,81.154
9/30/19 10:49,61.075,56.8,1228.7,81.154
9/30/19 10:49,61.075,56.8,1231.2,81.154
9/30/19 10:49,61.075,56.9,1228.7,81.154
9/30/19 10:49,61.075,57,1231.2,81.154
9/30/19 10:49,61.075,57.1,1231.2,81.154
9/30/19 10:49,61.119,57.3,1228.7,81.154
9/30/19 10:49,61.119,57.3,1231.2,81.154
9/30/19 10:49,61.119,57.5,1231.2,81.154
9/30/19 10:49,61.119,57.5,1228.7,81.154
9/30/19 10:49,61.119,57.6,1226.2,81.154
9/30/19 10:49,61.119,57.6,1231.2,81.154
9/30/19 10:49,61.119,57.7,1228.7,81.154
9/30/19 10:49,61.162,57.7,1228.7,81.154
9/30/19 10:49,61.162,57.9,1228.7,81.154
9/30/19 10:49,61.162,57.9,1228.7,81.154
9/30/19 10:49,61.162,57.8,1228.7,81.154
9/30/19 10:49,61.162,57.8,1228.7,81.154
9/30/19 10:49,61.205,57.9,1228.7,81.154
9/30/19 10:49,61.162,57.8,1231.2,81.154
9/30/19 10:49,61.205,57.7,1228.7,81.154
9/30/19 10:49,61.205,57.6,1231.2,81.154
9/30/19 10:49,61.205,57.5,1231.2,81.154
9/30/19 10:49,61.205,57.3,1231.2,81.154
9/30/19 10:49,61.205,57.3,1231.2,81.154
9/30/19 10:49,61.205,57.2,1231.2,81.154
9/30/19 10:49,61.205,57.1,1231.2,81.154
9/30/19 10:49,61.205,57,1231.2,81.154
9/30/19 10:49,61.205,56.9,1231.2,81.154
9/30/19 10:50,61.205,56.9,1233.7,81.154
9/30/19 10:50,61.205,56.9,1233.7,81.154
9/30/19 10:50,61.205,56.9,1231.2,81.154
9/30/19 10:50,61.205,56.9,1228.7,81.154
9/30/19 10:50,61.205,56.9,1228.7,81.154
9/30/19 10:50,61.205,57,1231.2,81.154
9/30/19 10:50,61.248,57,1231.2,81.154
9/30/19 10:50,61.205,57.1,1231.2,81.154
9/30/19 10:50,61.248,57.2,1231.2,81.154
9/30/19 10:50,61.248,57.3,1231.2,81.154
9/30/19 10:50,61.248,57.3,1228.7,81.154
9/30/19 10:50,61.248,57.4,1231.2,81.154
9/30/19 10:50,61.248,57.5,1231.2,81.154
9/30/19 10:50,61.29,57.6,1231.2,81.154
9/30/19 10:50,61.29,57.7,1231.2,81.154
9/30/19 10:50,61.29,57.8,1233.7,81.154
9/30/19 10:50,61.29,57.9,1233.7,81.154
9/30/19 10:50,61.29,57.8,1233.7,81.154
9/30/19 10:50,61.29,57.9,1236.2,81.154
9/30/19 10:50,61.333,58.1,1231.2,81.154
9/30/19 10:50,61.333,58.1,1231.2,81.154
9/30/19 10:50,61.333,58.1,1233.7,81.154
9/30/19 10:50,61.376,58.1,1233.7,81.154
9/30/19 10:50,61.376,58.2,1233.7,81.154
9/30/19 10:50,61.376,58.2,1233.7,81.154
9/30/19 10:50,61.376,58.2,1233.7,81.154
9/30/19 10:50,61.376,58.2,1233.7,81.154
9/30/19 10:50,61.419,58.1,1231.2,81.154
9/30/19 10:50,61.376,58,1236.2,81.154
9/30/19 10:50,61.419,57.9,1233.7,81.154
9/30/19 10:50,61.419,57.9,1233.7,81.154
9/30/19 10:50,61.419,57.8,1233.7,81.154
9/30/19 10:50,61.419,57.7,1236.2,81.154
9/30/19 10:50,61.419,57.5,1233.7,81.154
9/30/19 10:50,61.419,57.4,1233.7,81.154
9/30/19 10:50,61.419,57.4,1236.2,81.154
9/30/19 10:50,61.419,57.2,1236.2,81.154
9/30/19 10:50,61.419,57.1,1236.2,81.154
9/30/19 10:50,61.419,57,1236.2,81.154
9/30/19 10:50,61.419,56.9,1236.2,81.154
9/30/19 10:50,61.419,56.9,1236.2,81.154
9/30/19 10:50,61.462,56.8,1233.7,81.154
9/30/19 10:50,61.419,56.8,1236.2,81.154
9/30/19 10:50,61.419,56.8,1238.7,81.154
9/30/19 10:50,61.419,56.8,1233.7,81.154
9/30/19 10:50,61.419,56.8,1236.2,81.154
9/30/19 10:50,61.419,56.8,1236.2,81.154
9/30/19 10:50,61.462,56.9,1236.2,81.199
9/30/19 10:50,61.462,56.9,1236.2,81.154
9/30/19 10:50,61.462,57,1233.7,81.199
9/30/19 10:50,61.462,57.1,1231.2,81.199
9/30/19 10:50,61.462,57.2,1236.2,81.199
9/30/19 10:50,61.462,57.2,1236.2,81.199
9/30/19 10:50,61.462,57.3,1236.2,81.199
9/30/19 10:50,61.462,57.3,1236.2,81.199
9/30/19 10:50,61.506,57.3,1236.2,81.199
9/30/19 10:50,61.506,57.3,1236.2,81.199
9/30/19 10:50,61.506,57.3,1236.2,81.199
9/30/19 10:50,61.506,57.3,1236.2,81.199
9/30/19 10:50,61.506,57.2,1236.2,81.199
9/30/19 10:51,61.506,57.1,1236.2,81.199
9/30/19 10:51,61.506,57,1236.2,81.199
9/30/19 10:51,61.547,57,1236.2,81.199
9/30/19 10:51,61.506,56.9,1236.2,81.199
9/30/19 10:51,61.547,56.9,1236.2,81.199
9/30/19 10:51,61.547,56.8,1236.2,81.199
9/30/19 10:51,61.547,56.8,1236.2,81.199
9/30/19 10:51,61.547,56.8,1236.2,81.199
9/30/19 10:51,61.547,56.7,1233.7,81.199
9/30/19 10:51,61.547,56.7,1233.7,81.199
9/30/19 10:51,61.547,56.6,1236.2,81.199
9/30/19 10:51,61.547,56.6,1236.2,81.199
9/30/19 10:51,61.547,56.6,1233.7,81.199
9/30/19 10:51,61.547,56.4,1236.2,81.199
9/30/19 10:51,61.547,56.4,1236.2,81.199
9/30/19 10:51,61.547,56.4,1236.2,81.244
9/30/19 10:51,61.547,56.3,1236.2,81.244
9/30/19 10:51,61.547,56.3,1236.2,81.244
9/30/19 10:51,61.547,56.3,1236.2,81.244
9/30/19 10:51,61.547,56.3,1233.7,81.244
9/30/19 10:51,61.59,56.3,1236.2,81.244
9/30/19 10:51,61.59,56.4,1238.7,81.244
9/30/19 10:51,61.59,56.4,1233.7,81.244
9/30/19 10:51,61.59,56.4,1233.7,81.244
9/30/19 10:51,61.59,56.4,1236.2,81.244
9/30/19 10:51,61.59,56.5,1236.2,81.244
9/30/19 10:51,61.59,56.6,1236.2,81.244
9/30/19 10:51,61.59,56.6,1236.2,81.244
9/30/19 10:51,61.633,56.8,1236.2,81.244
9/30/19 10:51,61.633,56.8,1236.2,81.244
9/30/19 10:51,61.633,57,1236.2,81.244
9/30/19 10:51,61.633,57.2,1236.2,81.244
9/30/19 10:51,61.633,57.4,1236.2,81.244
9/30/19 10:51,61.633,57.5,1236.2,81.244
9/30/19 10:51,61.677,57.6,1236.2,81.244
9/30/19 10:51,61.677,57.6,1236.2,81.244
9/30/19 10:51,61.677,57.6,1236.2,81.244
9/30/19 10:51,61.677,57.6,1236.2,81.244
9/30/19 10:51,61.72,57.6,1236.2,81.244
9/30/19 10:51,61.72,57.6,1236.2,81.244
9/30/19 10:51,61.72,57.5,1236.2,81.244
9/30/19 10:51,61.761,57.5,1236.2,81.244
9/30/19 10:51,61.72,57.4,1233.7,81.244
9/30/19 10:51,61.761,57.3,1236.2,81.288
9/30/19 10:51,61.761,57.4,1236.2,81.288
9/30/19 10:51,61.761,57.3,1236.2,81.244
9/30/19 10:51,61.761,57.3,1238.7,81.288
9/30/19 10:51,61.761,57.2,1233.7,81.288
9/30/19 10:51,61.761,57.2,1236.2,81.288
9/30/19 10:51,61.761,57.1,1238.7,81.288
9/30/19 10:51,61.804,57.1,1236.2,81.288
9/30/19 10:51,61.804,57.1,1236.2,81.288
9/30/19 10:51,61.804,57.1,1236.2,81.288
9/30/19 10:51,61.804,57.1,1238.7,81.288
9/30/19 10:51,61.804,57.2,1238.7,81.288
9/30/19 10:51,61.804,57.3,1236.2,81.288
9/30/19 10:51,61.804,57.3,1236.2,81.288
9/30/19 10:51,61.804,57.3,1236.2,81.288
9/30/19 10:51,61.804,57.3,1236.2,81.288
9/30/19 10:51,61.804,57.3,1236.2,81.288
9/30/19 10:52,61.848,57.3,1236.2,81.288
9/30/19 10:52,61.848,57.3,1236.2,81.288
9/30/19 10:52,61.848,57.3,1236.2,81.288
9/30/19 10:52,61.848,57.3,1238.7,81.288
9/30/19 10:52,61.848,57.4,1236.2,81.288
9/30/19 10:52,61.848,57.4,1236.2,81.288
9/30/19 10:52,61.848,57.5,1236.2,81.288
9/30/19 10:52,61.891,57.4,1236.2,81.288
9/30/19 10:52,61.891,57.4,1236.2,81.288
9/30/19 10:52,61.891,57.3,1236.2,81.333
9/30/19 10:52,61.891,57.4,1236.2,81.333
9/30/19 10:52,61.891,57.3,1236.2,81.288
9/30/19 10:52,61.891,57.3,1236.2,81.333
9/30/19 10:52,61.891,57.3,1238.7,81.333
9/30/19 10:52,61.891,57.3,1236.2,81.333
9/30/19 10:52,61.891,57.3,1236.2,81.333
9/30/19 10:52,61.891,57.3,1236.2,81.333
9/30/19 10:52,61.891,57.3,1236.2,81.333
9/30/19 10:52,61.934,57.2,1236.2,81.333
9/30/19 10:52,61.934,57.1,1236.2,81.333
9/30/19 10:52,61.934,57.1,1238.7,81.333
9/30/19 10:52,61.934,57.1,1236.2,81.333
9/30/19 10:52,61.934,57.1,1236.2,81.333
9/30/19 10:52,61.934,57.1,1236.2,81.333
9/30/19 10:52,61.934,57,1238.7,81.333
9/30/19 10:52,61.934,57,1236.2,81.333
9/30/19 10:52,61.934,57,1238.7,81.333
9/30/19 10:52,61.934,56.9,1238.7,81.333
9/30/19 10:52,61.891,56.9,1236.2,81.333
9/30/19 10:52,61.934,56.8,1238.7,81.333
9/30/19 10:52,61.934,56.8,1238.7,81.333
9/30/19 10:52,61.891,56.7,1238.7,81.333
9/30/19 10:52,61.891,56.6,1238.7,81.333
9/30/19 10:52,61.891,56.6,1236.2,81.333
9/30/19 10:52,61.891,56.6,1236.2,81.333
9/30/19 10:52,61.891,56.6,1238.7,81.333
9/30/19 10:52,61.891,56.6,1238.7,81.333
9/30/19 10:52,61.891,56.6,1238.7,81.333
9/30/19 10:52,61.891,56.7,1238.7,81.333
9/30/19 10:52,61.891,56.7,1238.7,81.333
9/30/19 10:52,61.891,56.8,1238.7,81.333
9/30/19 10:52,61.891,56.8,1238.7,81.333
9/30/19 10:52,61.891,56.9,1236.2,81.333
9/30/19 10:52,61.891,56.9,1238.7,81.333
9/30/19 10:52,61.891,56.9,1238.7,81.333
9/30/19 10:52,61.891,57,1238.7,81.333
9/30/19 10:52,61.891,57.1,1238.7,81.333
9/30/19 10:52,61.891,57.3,1236.2,81.333
9/30/19 10:52,61.934,57.4,1241.2,81.376
9/30/19 10:52,61.934,57.4,1238.7,81.376
9/30/19 10:52,61.934,57.6,1238.7,81.333
9/30/19 10:52,61.934,57.7,1238.7,81.376
9/30/19 10:52,61.934,57.8,1238.7,81.333
9/30/19 10:52,61.934,58,1241.2,81.376
9/30/19 10:52,61.934,57.9,1238.7,81.376
9/30/19 10:52,61.977,57.9,1241.2,81.376
9/30/19 10:52,61.977,58,1238.7,81.376
9/30/19 10:52,61.977,58.1,1238.7,81.376
9/30/19 10:52,61.977,58.1,1241.2,81.376
9/30/19 10:52,61.977,58.2,1238.7,81.376
9/30/19 10:53,62.019,58.2,1241.2,81.376
9/30/19 10:53,62.019,58.3,1241.2,81.376
9/30/19 10:53,62.019,58.4,1238.7,81.376
9/30/19 10:53,62.019,58.3,1238.7,81.376
9/30/19 10:53,62.019,58.5,1238.7,81.376
9/30/19 10:53,62.062,58.6,1238.7,81.376
9/30/19 10:53,62.062,58.6,1238.7,81.376
9/30/19 10:53,62.062,58.5,1238.7,81.376
9/30/19 10:53,62.062,58.5,1236.2,81.376
9/30/19 10:53,62.105,58.4,1238.7,81.376
9/30/19 10:53,62.105,58.2,1236.2,81.376
9/30/19 10:53,62.105,58,1236.2,81.376
9/30/19 10:53,62.105,58,1236.2,81.376
9/30/19 10:53,62.105,57.8,1236.2,81.376
9/30/19 10:53,62.105,57.6,1238.7,81.376
9/30/19 10:53,62.105,57.5,1238.7,81.376
9/30/19 10:53,62.105,57.5,1238.7,81.376
9/30/19 10:53,62.105,57.3,1238.7,81.376
9/30/19 10:53,62.105,57.2,1238.7,81.376
9/30/19 10:53,62.105,57.1,1238.7,81.376
9/30/19 10:53,62.105,57,1238.7,81.376
9/30/19 10:53,62.105,56.9,1238.7,81.376
9/30/19 10:53,62.105,56.9,1238.7,81.376
9/30/19 10:53,62.105,56.9,1236.2,81.376
9/30/19 10:53,62.062,56.8,1236.2,81.376
9/30/19 10:53,62.062,56.8,1236.2,81.376
9/30/19 10:53,62.062,56.8,1236.2,81.376
9/30/19 10:53,62.062,56.9,1236.2,81.376
9/30/19 10:53,62.062,56.8,1236.2,81.376
9/30/19 10:53,62.062,56.8,1236.2,81.376
9/30/19 10:53,62.062,56.8,1236.2,81.376
9/30/19 10:53,62.062,56.8,1236.2,81.376
9/30/19 10:53,62.062,56.8,1236.2,81.376
9/30/19 10:53,62.062,56.8,1236.2,81.376
9/30/19 10:53,62.062,56.7,1233.7,81.376
9/30/19 10:53,62.019,56.7,1236.2,81.421
9/30/19 10:53,62.019,56.6,1236.2,81.421
9/30/19 10:53,62.019,56.5,1236.2,81.421
9/30/19 10:53,62.019,56.4,1236.2,81.421
9/30/19 10:53,62.019,56.4,1233.7,81.421
9/30/19 10:53,62.019,56.3,1236.2,81.421
9/30/19 10:53,61.977,56.2,1236.2,81.421
9/30/19 10:53,61.977,56.1,1233.7,81.421
9/30/19 10:53,61.977,56.1,1236.2,81.421
9/30/19 10:53,61.977,56.1,1236.2,81.421
9/30/19 10:53,61.977,56.1,1231.2,81.421
9/30/19 10:53,61.977,56.1,1233.7,81.421
9/30/19 10:53,61.934,56.1,1233.7,81.421
9/30/19 10:53,61.934,56.1,1233.7,81.421
9/30/19 10:53,61.934,56.1,1231.2,81.421
9/30/19 10:53,61.934,56.2,1233.7,81.421
9/30/19 10:53,61.934,56.2,1231.2,81.421
9/30/19 10:53,61.934,56.2,1231.2,81.421
9/30/19 10:53,61.934,56.2,1231.2,81.421
9/30/19 10:53,61.934,56.1,1233.7,81.421
9/30/19 10:53,61.891,56.1,1231.2,81.421
9/30/19 10:53,61.891,56,1231.2,81.421
9/30/19 10:53,61.891,55.9,1233.7,81.421
9/30/19 10:53,61.891,55.8,1231.2,81.421
9/30/19 10:53,61.891,55.8,1231.2,81.421
9/30/19 10:54,61.848,55.8,1228.7,81.421
9/30/19 10:54,61.848,55.7,1228.7,81.421
9/30/19 10:54,61.848,55.6,1231.2,81.421
9/30/19 10:54,61.848,55.6,1228.7,81.421
9/30/19 10:54,61.848,55.6,1228.7,81.421
9/30/19 10:54,61.804,55.6,1228.7,81.421
9/30/19 10:54,61.804,55.5,1228.7,81.421
9/30/19 10:54,61.804,55.5,1228.7,81.421
9/30/19 10:54,61.804,55.5,1228.7,81.421
9/30/19 10:54,61.761,55.5,1226.2,81.421
9/30/19 10:54,61.761,55.5,1226.2,81.421
9/30/19 10:54,61.761,55.5,1223.7,81.421
9/30/19 10:54,61.761,55.5,1221.2,81.421
9/30/19 10:54,61.761,55.5,1221.2,81.421
9/30/19 10:54,61.761,55.5,1218.7,81.421
9/30/19 10:54,61.72,55.5,1218.7,81.421
9/30/19 10:54,61.72,55.5,1216.2,81.421
9/30/19 10:54,61.72,55.5,1218.7,81.466
9/30/19 10:54,61.72,55.5,1221.2,81.421
9/30/19 10:54,61.72,55.5,1221.2,81.466
9/30/19 10:54,61.72,55.5,1218.7,81.421
9/30/19 10:54,61.677,55.5,1221.2,81.466
9/30/19 10:54,61.677,55.6,1221.2,81.466
9/30/19 10:54,61.677,55.6,1223.7,81.466
9/30/19 10:54,61.677,55.7,1221.2,81.466
9/30/19 10:54,61.677,55.7,1221.2,81.466
9/30/19 10:54,61.677,55.8,1223.7,81.466
9/30/19 10:54,61.677,55.8,1223.7,81.466
9/30/19 10:54,61.677,55.9,1223.7,81.466
9/30/19 10:54,61.677,56,1223.7,81.466
9/30/19 10:54,61.677,56.1,1223.7,81.466
9/30/19 10:54,61.677,56.2,1223.7,81.466
9/30/19 10:54,61.677,56.4,1221.2,81.466
9/30/19 10:54,61.677,56.4,1221.2,81.466
9/30/19 10:54,61.677,56.5,1223.7,81.466
9/30/19 10:54,61.677,56.5,1221.2,81.466
9/30/19 10:54,61.677,56.6,1221.2,81.466
9/30/19 10:54,61.677,56.7,1223.7,81.466
9/30/19 10:54,61.677,56.7,1221.2,81.466
9/30/19 10:54,61.677,56.7,1221.2,81.466
9/30/19 10:54,61.677,56.7,1223.7,81.466
9/30/19 10:54,61.677,56.7,1223.7,81.466
9/30/19 10:54,61.677,56.7,1226.2,81.466
9/30/19 10:54,61.72,56.6,1226.2,81.466
9/30/19 10:54,61.72,56.5,1226.2,81.466
9/30/19 10:54,61.677,56.5,1226.2,81.466
9/30/19 10:54,61.72,56.5,1223.7,81.466
9/30/19 10:54,61.72,56.4,1223.7,81.466
9/30/19 10:54,61.677,56.5,1226.2,81.466
9/30/19 10:54,61.677,56.5,1223.7,81.466
9/30/19 10:54,61.72,56.5,1223.7,81.466
9/30/19 10:54,61.677,56.6,1223.7,81.466
9/30/19 10:54,61.677,56.7,1223.7,81.466
9/30/19 10:54,61.677,56.7,1226.2,81.509
9/30/19 10:54,61.677,56.7,1226.2,81.509
9/30/19 10:54,61.677,56.7,1228.7,81.466
9/30/19 10:54,61.677,56.7,1228.7,81.509
9/30/19 10:54,61.677,56.7,1231.2,81.509
9/30/19 10:54,61.677,56.8,1231.2,81.466
9/30/19 10:54,61.677,56.8,1231.2,81.509
9/30/19 10:55,61.677,56.8,1233.7,81.509
9/30/19 10:55,61.677,56.8,1233.7,81.509
9/30/19 10:55,61.72,56.9,1233.7,81.509
9/30/19 10:55,61.677,56.9,1231.2,81.509
9/30/19 10:55,61.72,56.9,1231.2,81.509
9/30/19 10:55,61.677,57,1233.7,81.509
9/30/19 10:55,61.677,57,1233.7,81.509
9/30/19 10:55,61.677,57.1,1233.7,81.509
9/30/19 10:55,61.72,57.1,1233.7,81.509
9/30/19 10:55,61.72,57.1,1236.2,81.509
9/30/19 10:55,61.72,57,1236.2,81.509
9/30/19 10:55,61.72,57,1236.2,81.509
9/30/19 10:55,61.72,57,1238.7,81.509
9/30/19 10:55,61.72,57,1236.2,81.509
9/30/19 10:55,61.72,56.9,1238.7,81.509
9/30/19 10:55,61.72,56.9,1238.7,81.509
9/30/19 10:55,61.72,56.9,1238.7,81.509
9/30/19 10:55,61.72,56.8,1238.7,81.509
9/30/19 10:55,61.72,56.7,1241.2,81.509
9/30/19 10:55,61.677,56.7,1241.2,81.509
9/30/19 10:55,61.677,56.6,1241.2,81.509
9/30/19 10:55,61.677,56.5,1243.7,81.509
9/30/19 10:55,61.677,56.5,1246.2,81.509
9/30/19 10:55,61.677,56.5,1243.7,81.509
9/30/19 10:55,61.677,56.5,1243.7,81.509
9/30/19 10:55,61.677,56.5,1246.2,81.509
9/30/19 10:55,61.677,56.4,1246.2,81.509
9/30/19 10:55,61.677,56.4,1243.7,81.509
9/30/19 10:55,61.677,56.4,1243.7,81.509
9/30/19 10:55,61.633,56.4,1243.7,81.509
9/30/19 10:55,61.677,56.4,1243.7,81.509
9/30/19 10:55,61.633,56.5,1246.2,81.509
9/30/19 10:55,61.633,56.5,1246.2,81.509
9/30/19 10:55,61.633,56.6,1246.2,81.509
9/30/19 10:55,61.633,56.7,1246.2,81.509
9/30/19 10:55,61.633,56.7,1248.7,81.509
9/30/19 10:55,61.633,56.8,1246.2,81.509
9/30/19 10:55,61.633,56.8,1246.2,81.509
9/30/19 10:55,61.677,56.8,1246.2,81.509
9/30/19 10:55,61.677,56.9,1251.2,81.509
9/30/19 10:55,61.677,56.9,1248.7,81.509
9/30/19 10:55,61.677,56.9,1251.2,81.509
9/30/19 10:55,61.677,56.9,1248.7,81.509
9/30/19 10:55,61.677,56.9,1251.2,81.509
9/30/19 10:55,61.677,57,1248.7,81.509
9/30/19 10:55,61.677,57,1251.2,81.509
9/30/19 10:55,61.677,57.1,1251.2,81.509
9/30/19 10:55,61.72,57.1,1251.2,81.509
9/30/19 10:55,61.72,57.1,1251.2,81.509
9/30/19 10:55,61.72,57.2,1251.2,81.509
9/30/19 10:55,61.72,57.2,1251.2,81.509
9/30/19 10:55,61.72,57.2,1251.2,81.509
9/30/19 10:55,61.72,57.3,1251.2,81.509
9/30/19 10:55,61.761,57.3,1251.2,81.509
9/30/19 10:55,61.761,57.3,1251.2,81.509
9/30/19 10:55,61.761,57.3,1251.2,81.509
9/30/19 10:55,61.761,57.3,1253.7,81.509
9/30/19 10:55,61.761,57.3,1253.7,81.509
9/30/19 10:55,61.804,57.3,1256.2,81.509
9/30/19 10:55,61.804,57.3,1253.7,81.509
9/30/19 10:56,61.804,57.3,1253.7,81.509
9/30/19 10:56,61.804,57.3,1256.2,81.509
9/30/19 10:56,61.804,57.3,1253.7,81.509
9/30/19 10:56,61.848,57.3,1256.2,81.509
9/30/19 10:56,61.848,57.3,1253.7,81.509
9/30/19 10:56,61.848,57.3,1253.7,81.509
9/30/19 10:56,61.848,57.3,1253.7,81.509
9/30/19 10:56,61.848,57.3,1256.2,81.509
9/30/19 10:56,61.891,57.3,1256.2,81.509
9/30/19 10:56,61.891,57.2,1258.7,81.509
9/30/19 10:56,61.891,57.2,1258.7,81.509
9/30/19 10:56,61.891,57.1,1256.2,81.509
9/30/19 10:56,61.891,57.1,1256.2,81.509
9/30/19 10:56,61.891,57,1253.7,81.509
9/30/19 10:56,61.891,57,1256.2,81.509
9/30/19 10:56,61.934,57,1258.7,81.509
9/30/19 10:56,61.934,56.9,1256.2,81.509
9/30/19 10:56,61.934,56.9,1258.7,81.509
9/30/19 10:56,61.934,56.9,1258.7,81.509
9/30/19 10:56,61.934,56.9,1258.7,81.509
9/30/19 10:56,61.934,56.9,1258.7,81.509
9/30/19 10:56,61.934,56.9,1258.7,81.509
9/30/19 10:56,61.977,56.8,1256.2,81.509
9/30/19 10:56,61.977,56.8,1256.2,81.509
9/30/19 10:56,61.977,56.8,1258.7,81.509
9/30/19 10:56,61.977,56.7,1261.2,81.509
9/30/19 10:56,61.977,56.7,1258.7,81.509
9/30/19 10:56,61.977,56.6,1261.2,81.509
9/30/19 10:56,61.977,56.6,1258.7,81.509
9/30/19 10:56,61.977,56.6,1261.2,81.509
9/30/19 10:56,61.977,56.6,1258.7,81.509
9/30/19 10:56,61.977,56.5,1261.2,81.509
9/30/19 10:56,61.977,56.5,1258.7,81.509
9/30/19 10:56,61.977,56.5,1261.2,81.509
9/30/19 10:56,61.977,56.5,1263.7,81.509
9/30/19 10:56,62.019,56.5,1261.2,81.509
9/30/19 10:56,62.019,56.5,1258.7,81.509
9/30/19 10:56,62.019,56.5,1261.2,81.509
9/30/19 10:56,62.019,56.5,1261.2,81.509
9/30/19 10:56,62.019,56.5,1263.7,81.509
9/30/19 10:56,62.062,56.5,1258.7,81.509
9/30/19 10:56,62.062,56.6,1258.7,81.554
9/30/19 10:56,62.062,56.6,1261.2,81.509
9/30/19 10:56,62.062,56.6,1258.7,81.509
9/30/19 10:56,62.105,56.7,1263.7,81.554
9/30/19 10:56,62.105,56.7,1261.2,81.554
9/30/19 10:56,62.105,56.8,1261.2,81.509
9/30/19 10:56,62.105,56.8,1263.7,81.509
9/30/19 10:56,62.148,56.9,1261.2,81.554
9/30/19 10:56,62.148,56.9,1263.7,81.554
9/30/19 10:56,62.148,56.9,1261.2,81.554
9/30/19 10:56,62.191,57,1261.2,81.509
9/30/19 10:56,62.191,57,1261.2,81.554
9/30/19 10:56,62.191,57.1,1261.2,81.554
9/30/19 10:56,62.191,57.1,1263.7,81.554
9/30/19 10:56,62.233,57.1,1263.7,81.554
9/30/19 10:56,62.233,57.1,1263.7,81.554
9/30/19 10:56,62.233,57.1,1263.7,81.554
9/30/19 10:56,62.233,57.1,1263.7,81.554
9/30/19 10:56,62.276,57,1263.7,81.509
9/30/19 10:57,62.276,57,1263.7,81.554
9/30/19 10:57,62.276,56.9,1263.7,81.554
9/30/19 10:57,62.276,56.9,1263.7,81.509
9/30/19 10:57,62.276,56.9,1263.7,81.554
9/30/19 10:57,62.319,56.8,1263.7,81.554
9/30/19 10:57,62.319,56.8,1266.2,81.554
9/30/19 10:57,62.319,56.7,1266.2,81.509
9/30/19 10:57,62.319,56.7,1263.7,81.554
9/30/19 10:57,62.362,56.7,1263.7,81.509
9/30/19 10:57,62.362,56.6,1266.2,81.509
9/30/19 10:57,62.362,56.6,1263.7,81.554
9/30/19 10:57,62.362,56.5,1263.7,81.509
9/30/19 10:57,62.362,56.5,1263.7,81.554
9/30/19 10:57,62.362,56.5,1266.2,81.554
9/30/19 10:57,62.406,56.5,1266.2,81.554
9/30/19 10:57,62.406,56.5,1266.2,81.554
9/30/19 10:57,62.406,56.5,1266.2,81.554
9/30/19 10:57,62.406,56.6,1263.7,81.554
9/30/19 10:57,62.406,56.7,1263.7,81.554
9/30/19 10:57,62.406,56.7,1263.7,81.554
9/30/19 10:57,62.406,56.8,1261.2,81.554
9/30/19 10:57,62.447,56.9,1263.7,81.554
9/30/19 10:57,62.447,57.1,1266.2,81.554
9/30/19 10:57,62.447,57.3,1266.2,81.554
9/30/19 10:57,62.447,57.4,1266.2,81.554
9/30/19 10:57,62.49,57.7,1266.2,81.554
9/30/19 10:57,62.49,57.8,1263.7,81.554
9/30/19 10:57,62.49,57.8,1263.7,81.554
9/30/19 10:57,62.49,57.8,1263.7,81.554
9/30/19 10:57,62.49,57.8,1263.7,81.554
9/30/19 10:57,62.533,57.7,1266.2,81.554
9/30/19 10:57,62.533,57.6,1266.2,81.554
9/30/19 10:57,62.533,57.5,1266.2,81.554
9/30/19 10:57,62.533,57.4,1263.7,81.554
9/30/19 10:57,62.533,57.4,1263.7,81.554
9/30/19 10:57,62.577,57.3,1263.7,81.554
9/30/19 10:57,62.577,57.2,1263.7,81.554
9/30/19 10:57,62.577,57.1,1266.2,81.554
9/30/19 10:57,62.577,57,1266.2,81.554
9/30/19 10:57,62.577,57,1266.2,81.554
9/30/19 10:57,62.577,56.9,1263.7,81.554
9/30/19 10:57,62.577,56.9,1266.2,81.554
9/30/19 10:57,62.577,56.9,1266.2,81.554
9/30/19 10:57,62.577,56.9,1266.2,81.554
9/30/19 10:57,62.62,56.9,1266.2,81.554
9/30/19 10:57,62.62,57,1263.7,81.509
9/30/19 10:57,62.62,57,1266.2,81.509
9/30/19 10:57,62.62,57.1,1266.2,81.509
9/30/19 10:57,62.62,57.1,1268.7,81.554
9/30/19 10:57,62.62,57.2,1266.2,81.554
9/30/19 10:57,62.62,57.2,1266.2,81.554
9/30/19 10:57,62.62,57.3,1268.7,81.554
9/30/19 10:57,62.661,57.4,1266.2,81.554
9/30/19 10:57,62.661,57.4,1266.2,81.554
9/30/19 10:57,62.661,57.4,1268.7,81.554
9/30/19 10:57,62.661,57.5,1268.7,81.554
9/30/19 10:57,62.661,57.6,1268.7,81.554
9/30/19 10:57,62.704,57.7,1268.7,81.554
9/30/19 10:57,62.704,57.8,1268.7,81.554
9/30/19 10:57,62.704,57.8,1271.2,81.554
9/30/19 10:58,62.704,57.9,1266.2,81.509
9/30/19 10:58,62.748,57.9,1268.7,81.554
9/30/19 10:58,62.748,58,1268.7,81.509
9/30/19 10:58,62.748,58,1268.7,81.509
9/30/19 10:58,62.748,58,1271.2,81.509
9/30/19 10:58,62.748,57.9,1271.2,81.509
9/30/19 10:58,62.791,57.9,1271.2,81.509
9/30/19 10:58,62.791,58,1271.2,81.509
9/30/19 10:58,62.791,58,1266.2,81.509
9/30/19 10:58,62.791,58,1273.7,81.509
9/30/19 10:58,62.834,58.1,1268.7,81.509
9/30/19 10:58,62.834,58.2,1268.7,81.554
9/30/19 10:58,62.834,58.2,1268.7,81.509
9/30/19 10:58,62.834,58.3,1271.2,81.509
9/30/19 10:58,62.875,58.4,1273.7,81.509
9/30/19 10:58,62.875,58.5,1271.2,81.509
9/30/19 10:58,62.875,58.5,1268.7,81.509
9/30/19 10:58,62.919,58.5,1271.2,81.509
9/30/19 10:58,62.919,58.5,1271.2,81.509
9/30/19 10:58,62.919,58.5,1271.2,81.509
9/30/19 10:58,62.919,58.5,1268.7,81.509
9/30/19 10:58,62.962,58.4,1271.2,81.509
9/30/19 10:58,62.962,58.2,1271.2,81.509
9/30/19 10:58,62.962,58.1,1268.7,81.509
9/30/19 10:58,62.962,57.9,1273.7,81.509
9/30/19 10:58,62.962,57.9,1268.7,81.509
9/30/19 10:58,62.962,57.7,1268.7,81.509
9/30/19 10:58,62.962,57.7,1271.2,81.509
9/30/19 10:58,62.962,57.6,1273.7,81.509
9/30/19 10:58,62.962,57.5,1271.2,81.509
9/30/19 10:58,63.005,57.5,1268.7,81.509
9/30/19 10:58,62.962,57.4,1268.7,81.509
9/30/19 10:58,62.962,57.3,1268.7,81.509
9/30/19 10:58,63.005,57.2,1271.2,81.509
9/30/19 10:58,63.005,57.1,1273.7,81.509
9/30/19 10:58,62.962,57.1,1271.2,81.509
9/30/19 10:58,62.962,57.1,1271.2,81.509
9/30/19 10:58,62.962,57,1271.2,81.509
9/30/19 10:58,62.962,57,1273.7,81.509
9/30/19 10:58,62.962,57,1273.7,81.509
9/30/19 10:58,62.962,57,1273.7,81.509
9/30/19 10:58,62.962,57,1273.7,81.509
9/30/19 10:58,62.962,57,1273.7,81.509
9/30/19 10:58,62.962,57,1273.7,81.509
9/30/19 10:58,62.962,57,1276.2,81.509
9/30/19 10:58,62.962,57,1273.7,81.509
9/30/19 10:58,62.962,57.1,1273.7,81.509
9/30/19 10:58,62.962,57.1,1276.2,81.509
9/30/19 10:58,62.962,57.1,1276.2,81.509
9/30/19 10:58,62.962,57.1,1276.2,81.509
9/30/19 10:58,62.962,57,1276.2,81.509
9/30/19 10:58,62.962,57,1278.7,81.509
9/30/19 10:58,62.962,57,1278.7,81.509
9/30/19 10:58,62.962,56.9,1278.7,81.509
9/30/19 10:58,62.962,56.8,1278.7,81.509
9/30/19 10:58,62.962,56.6,1278.7,81.509
9/30/19 10:58,62.962,56.5,1278.7,81.509
9/30/19 10:58,62.962,56.5,1281.2,81.509
9/30/19 10:58,62.919,56.4,1278.7,81.509
9/30/19 10:58,62.919,56.3,1281.2,81.509
9/30/19 10:59,62.919,56.2,1281.2,81.509
9/30/19 10:59,62.875,56.1,1281.2,81.509
9/30/19 10:59,62.875,56,1283.7,81.509
9/30/19 10:59,62.875,56,1283.7,81.509
9/30/19 10:59,62.875,55.9,1281.2,81.509
9/30/19 10:59,62.875,55.9,1283.7,81.509
9/30/19 10:59,62.834,55.9,1283.7,81.509
9/30/19 10:59,62.834,55.9,1283.7,81.509
9/30/19 10:59,62.834,56,1283.7,81.509
9/30/19 10:59,62.791,56,1283.7,81.509
9/30/19 10:59,62.791,56,1286.2,81.509
9/30/19 10:59,62.791,56,1286.2,81.509
9/30/19 10:59,62.791,56,1288.7,81.509
9/30/19 10:59,62.748,55.9,1286.2,81.509
9/30/19 10:59,62.748,55.9,1288.7,81.509
9/30/19 10:59,62.748,55.9,1286.2,81.509
9/30/19 10:59,62.748,55.9,1286.2,81.466
9/30/19 10:59,62.748,55.9,1288.7,81.466
9/30/19 10:59,62.704,55.9,1288.7,81.509
9/30/19 10:59,62.704,55.9,1288.7,81.509
9/30/19 10:59,62.704,55.9,1291.2,81.509
9/30/19 10:59,62.704,55.9,1288.7,81.509
9/30/19 10:59,62.704,55.9,1291.2,81.509
9/30/19 10:59,62.661,55.9,1291.2,81.509
9/30/19 10:59,62.661,56,1288.7,81.509
9/30/19 10:59,62.661,56,1291.2,81.509
9/30/19 10:59,62.661,56.1,1291.2,81.509
9/30/19 10:59,62.661,56.2,1293.7,81.466
9/30/19 10:59,62.661,56.2,1293.7,81.466
9/30/19 10:59,62.661,56.3,1291.2,81.466
9/30/19 10:59,62.661,56.3,1293.7,81.466
9/30/19 10:59,62.661,56.3,1293.7,81.509
9/30/19 10:59,62.661,56.3,1296.2,81.509
9/30/19 10:59,62.661,56.3,1296.2,81.466
9/30/19 10:59,62.62,56.4,1293.7,81.466
9/30/19 10:59,62.62,56.3,1293.7,81.466
9/30/19 10:59,62.62,56.4,1293.7,81.509
9/30/19 10:59,62.661,56.4,1296.2,81.466
9/30/19 10:59,62.661,56.4,1298.7,81.466
9/30/19 10:59,62.62,56.5,1296.2,81.466
9/30/19 10:59,62.62,56.5,1296.2,81.466
9/30/19 10:59,62.661,56.5,1296.2,81.466
9/30/19 10:59,62.661,56.6,1298.7,81.466
9/30/19 10:59,62.661,56.7,1296.2,81.466
9/30/19 10:59,62.661,56.7,1301.2,81.466
9/30/19 10:59,62.661,56.8,1298.7,81.466
9/30/19 10:59,62.661,56.9,1298.7,81.466
9/30/19 10:59,62.661,56.9,1301.2,81.466
9/30/19 10:59,62.661,56.9,1298.7,81.466
9/30/19 10:59,62.661,57,1301.2,81.466
9/30/19 10:59,62.704,57,1298.7,81.466
9/30/19 10:59,62.704,57.1,1298.7,81.466
9/30/19 10:59,62.704,57.1,1301.2,81.466
9/30/19 10:59,62.704,57.1,1301.2,81.466
9/30/19 10:59,62.704,57.2,1301.2,81.466
9/30/19 10:59,62.748,57.2,1301.2,81.466
9/30/19 10:59,62.748,57.3,1296.2,81.466
9/30/19 10:59,62.748,57.3,1301.2,81.466
9/30/19 10:59,62.748,57.3,1303.7,81.466
9/30/19 10:59,62.748,57.3,1303.7,81.466
9/30/19 11:00,62.748,57.2,1303.7,81.466
9/30/19 11:00,62.791,57.2,1301.2,81.466
9/30/19 11:00,62.791,57.2,1301.2,81.466
9/30/19 11:00,62.791,57.3,1301.2,81.466
9/30/19 11:00,62.791,57.3,1301.2,81.466
9/30/19 11:00,62.791,57.3,1301.2,81.466
9/30/19 11:00,62.791,57.4,1301.2,81.466
9/30/19 11:00,62.791,57.5,1303.7,81.466
9/30/19 11:00,62.791,57.4,1303.7,81.466
9/30/19 11:00,62.791,57.5,1303.7,81.466
9/30/19 11:00,62.791,57.5,1303.7,81.466
9/30/19 11:00,62.791,57.6,1303.7,81.466
9/30/19 11:00,62.834,57.6,1303.7,81.466
9/30/19 11:00,62.834,57.6,1303.7,81.466
9/30/19 11:00,62.834,57.7,1303.7,81.466
9/30/19 11:00,62.834,57.7,1306.2,81.466
9/30/19 11:00,62.834,57.6,1306.2,81.466
9/30/19 11:00,62.834,57.5,1306.2,81.466
9/30/19 11:00,62.834,57.5,1306.2,81.466
9/30/19 11:00,62.834,57.3,1306.2,81.466
9/30/19 11:00,62.834,57.2,1306.2,81.466
9/30/19 11:00,62.834,57.1,1306.2,81.466
9/30/19 11:00,62.834,57,1306.2,81.466
9/30/19 11:00,62.834,56.9,1306.2,81.466
9/30/19 11:00,62.834,57,1308.7,81.466
9/30/19 11:00,62.834,56.8,1308.7,81.466
9/30/19 11:00,62.834,56.6,1308.7,81.466
9/30/19 11:00,62.834,56.5,1308.7,81.466
9/30/19 11:00,62.834,56.4,1306.2,81.466
9/30/19 11:00,62.791,56.4,1308.7,81.466
9/30/19 11:00,62.791,56.3,1308.7,81.466
9/30/19 11:00,62.791,56.3,1311.2,81.466
9/30/19 11:00,62.791,56.2,1311.2,81.466
9/30/19 11:00,62.748,56.2,1308.7,81.466
9/30/19 11:00,62.748,56.1,1311.2,81.466
9/30/19 11:00,62.748,56,1311.2,81.466
9/30/19 11:00,62.748,55.9,1311.2,81.466
9/30/19 11:00,62.748,55.9,1313.7,81.466
9/30/19 11:00,62.704,55.9,1313.7,81.466
9/30/19 11:00,62.704,55.8,1313.7,81.466
9/30/19 11:00,62.704,55.7,1313.7,81.466
9/30/19 11:00,62.704,55.7,1316.2,81.466
9/30/19 11:00,62.661,55.7,1313.7,81.466
9/30/19 11:00,62.661,55.6,1313.7,81.466
9/30/19 11:00,62.661,55.6,1313.7,81.466
9/30/19 11:00,62.661,55.5,1313.7,81.466
9/30/19 11:00,62.661,55.4,1316.2,81.466
9/30/19 11:00,62.62,55.4,1316.2,81.466
9/30/19 11:00,62.62,55.3,1316.2,81.466
9/30/19 11:00,62.62,55.3,1316.2,81.466
9/30/19 11:00,62.62,55.3,1318.7,81.466
9/30/19 11:00,62.577,55.3,1321.2,81.466
9/30/19 11:00,62.577,55.4,1318.7,81.466
9/30/19 11:00,62.577,55.4,1321.2,81.466
9/30/19 11:00,62.577,55.4,1321.2,81.466
9/30/19 11:00,62.577,55.5,1321.2,81.466
9/30/19 11:00,62.577,55.5,1321.2,81.466
9/30/19 11:00,62.577,55.6,1321.2,81.466
9/30/19 11:00,62.577,55.6,1323.7,81.509
9/30/19 11:00,62.533,55.6,1323.7,81.466
9/30/19 11:01,62.577,55.6,1321.2,81.466
9/30/19 11:01,62.577,55.6,1323.7,81.466
9/30/19 11:01,62.577,55.6,1326.2,81.466
9/30/19 11:01,62.533,55.6,1323.7,81.466
9/30/19 11:01,62.577,55.5,1326.2,81.466
9/30/19 11:01,62.577,55.5,1323.7,81.466
9/30/19 11:01,62.577,55.5,1323.7,81.466
9/30/19 11:01,62.577,55.5,1323.7,81.509
9/30/19 11:01,62.577,55.5,1323.7,81.466
9/30/19 11:01,62.577,55.4,1323.7,81.509
9/30/19 11:01,62.577,55.4,1323.7,81.509
9/30/19 11:01,62.577,55.4,1326.2,81.509
9/30/19 11:01,62.577,55.4,1326.2,81.509
9/30/19 11:01,62.577,55.4,1326.2,81.509
9/30/19 11:01,62.577,55.5,1328.7,81.509
9/30/19 11:01,62.577,55.5,1331.2,81.509
9/30/19 11:01,62.577,55.5,1328.7,81.509
9/30/19 11:01,62.577,55.6,1331.2,81.509
9/30/19 11:01,62.62,55.6,1331.2,81.509
9/30/19 11:01,62.62,55.6,1331.2,81.509
9/30/19 11:01,62.62,55.6,1331.2,81.509
9/30/19 11:01,62.62,55.5,1333.7,81.509
9/30/19 11:01,62.62,55.6,1333.7,81.509
9/30/19 11:01,62.62,55.6,1333.7,81.509
9/30/19 11:01,62.62,55.7,1333.7,81.509
9/30/19 11:01,62.661,55.8,1336.2,81.509
9/30/19 11:01,62.661,55.9,1333.7,81.509
9/30/19 11:01,62.661,55.9,1336.2,81.509
9/30/19 11:01,62.661,56,1341.2,81.509
9/30/19 11:01,62.661,56,1336.2,81.509
9/30/19 11:01,62.704,56.1,1338.7,81.509
9/30/19 11:01,62.704,56.2,1338.7,81.509
9/30/19 11:01,62.704,56.3,1338.7,81.509
9/30/19 11:01,62.748,56.3,1338.7,81.509
9/30/19 11:01,62.748,56.4,1341.2,81.509
9/30/19 11:01,62.748,56.4,1341.2,81.509
9/30/19 11:01,62.748,56.4,1341.2,81.509
9/30/19 11:01,62.748,56.5,1341.2,81.509
9/30/19 11:01,62.791,56.7,1341.2,81.509
9/30/19 11:01,62.791,56.8,1343.7,81.509
9/30/19 11:01,62.791,56.9,1343.7,81.509
9/30/19 11:01,62.834,57,1343.7,81.509
9/30/19 11:01,62.834,57,1346.2,81.509
9/30/19 11:01,62.834,57,1343.7,81.509
9/30/19 11:01,62.875,57,1346.2,81.509
9/30/19 11:01,62.875,57,1346.2,81.509
9/30/19 11:01,62.875,56.9,1346.2,81.509
9/30/19 11:01,62.875,56.8,1348.7,81.509
9/30/19 11:01,62.919,56.7,1348.7,81.509
9/30/19 11:01,62.919,56.6,1348.7,81.509
9/30/19 11:01,62.919,56.5,1348.7,81.509
9/30/19 11:01,62.919,56.5,1351.2,81.509
9/30/19 11:01,62.919,56.5,1351.2,81.509
9/30/19 11:01,62.919,56.4,1351.2,81.509
9/30/19 11:01,62.919,56.3,1351.2,81.509
9/30/19 11:01,62.919,56.2,1353.7,81.509
9/30/19 11:01,62.919,56.2,1351.2,81.509
9/30/19 11:01,62.919,56,1356.2,81.509
9/30/19 11:01,62.919,56,1356.2,81.509
9/30/19 11:01,62.919,55.9,1356.2,81.509
9/30/19 11:02,62.919,55.9,1356.2,81.509
9/30/19 11:02,62.919,55.9,1358.7,81.554
9/30/19 11:02,62.919,55.9,1358.7,81.554
9/30/19 11:02,62.919,55.9,1358.7,81.509
9/30/19 11:02,62.919,55.8,1358.7,81.554
9/30/19 11:02,62.919,55.9,1358.7,81.554
9/30/19 11:02,62.919,55.9,1361.2,81.554
9/30/19 11:02,62.919,55.9,1361.2,81.554
9/30/19 11:02,62.919,55.9,1363.7,81.554
9/30/19 11:02,62.919,55.9,1363.7,81.554
9/30/19 11:02,62.919,55.9,1363.7,81.554
9/30/19 11:02,62.962,55.9,1363.7,81.554
9/30/19 11:02,62.962,56,1366.2,81.554
9/30/19 11:02,62.962,56,1366.2,81.554
9/30/19 11:02,62.962,56,1366.2,81.554
9/30/19 11:02,62.962,56,1368.7,81.554
9/30/19 11:02,62.962,55.9,1368.7,81.554
9/30/19 11:02,62.962,55.9,1368.7,81.554
9/30/19 11:02,62.962,55.9,1371.2,81.554
9/30/19 11:02,62.962,55.9,1371.2,81.554
9/30/19 11:02,62.962,55.8,1371.2,81.554
9/30/19 11:02,62.962,55.7,1373.7,81.554
9/30/19 11:02,62.962,55.7,1373.7,81.554
9/30/19 11:02,63.005,55.6,1373.7,81.554
9/30/19 11:02,63.005,55.6,1373.7,81.554
9/30/19 11:02,62.962,55.5,1376.2,81.554
9/30/19 11:02,63.005,55.4,1376.2,81.554
9/30/19 11:02,63.005,55.4,1378.7,81.597
9/30/19 11:02,63.005,55.3,1378.7,81.554
9/30/19 11:02,63.005,55.3,1378.7,81.554
9/30/19 11:02,63.005,55.3,1378.7,81.597
9/30/19 11:02,63.005,55.3,1378.7,81.554
9/30/19 11:02,63.005,55.3,1381.2,81.597
9/30/19 11:02,63.005,55.4,1381.2,81.554
9/30/19 11:02,63.005,55.3,1381.2,81.597
9/30/19 11:02,63.005,55.4,1383.7,81.597
9/30/19 11:02,63.005,55.4,1381.2,81.554
9/30/19 11:02,63.005,55.3,1383.7,81.597
9/30/19 11:02,63.005,55.3,1383.7,81.597
9/30/19 11:02,63.005,55.3,1383.7,81.597
9/30/19 11:02,63.005,55.2,1388.7,81.597
9/30/19 11:02,63.005,55.2,1386.2,81.597
9/30/19 11:02,63.005,55.2,1386.2,81.597
9/30/19 11:02,63.048,55.2,1388.7,81.597
9/30/19 11:02,63.048,55.2,1388.7,81.597
9/30/19 11:02,63.048,55.2,1391.2,81.597
9/30/19 11:02,63.048,55.3,1393.7,81.597
9/30/19 11:02,63.048,55.3,1391.2,81.597
9/30/19 11:02,63.048,55.4,1391.2,81.597
9/30/19 11:02,63.048,55.3,1391.2,81.597
9/30/19 11:02,63.048,55.4,1393.7,81.597
9/30/19 11:02,63.048,55.4,1393.7,81.597
9/30/19 11:02,63.048,55.5,1393.7,81.597
9/30/19 11:02,63.048,55.5,1396.2,81.597
9/30/19 11:02,63.048,55.6,1396.2,81.597
9/30/19 11:02,63.048,55.6,1398.7,81.597
9/30/19 11:02,63.048,55.7,1401.2,81.597
9/30/19 11:02,63.09,55.8,1401.2,81.597
9/30/19 11:02,63.09,55.9,1401.2,81.597
9/30/19 11:02,63.09,55.9,1401.2,81.597
9/30/19 11:03,63.09,56,1401.2,81.597
9/30/19 11:03,63.09,56.1,1403.7,81.597
9/30/19 11:03,63.09,56.2,1406.2,81.597
9/30/19 11:03,63.09,56.3,1406.2,81.597
9/30/19 11:03,63.09,56.3,1406.2,81.597
9/30/19 11:03,63.09,56.4,1406.2,81.597
9/30/19 11:03,63.09,56.4,1408.7,81.597
9/30/19 11:03,63.133,56.5,1411.2,81.597
9/30/19 11:03,63.133,56.6,1408.7,81.597
9/30/19 11:03,63.133,56.6,1413.7,81.597
9/30/19 11:03,63.133,56.7,1411.2,81.597
9/30/19 11:03,63.133,56.7,1411.2,81.597
9/30/19 11:03,63.133,56.8,1411.2,81.597
9/30/19 11:03,63.176,56.8,1411.2,81.597
9/30/19 11:03,63.176,56.9,1413.7,81.597
9/30/19 11:03,63.176,56.9,1413.7,81.597
9/30/19 11:03,63.176,57,1416.2,81.597
9/30/19 11:03,63.176,57,1418.7,81.597
9/30/19 11:03,63.176,57.1,1416.2,81.597
9/30/19 11:03,63.176,57.2,1418.7,81.597
9/30/19 11:03,63.176,57.4,1418.7,81.597
9/30/19 11:03,63.219,57.6,1418.7,81.597
9/30/19 11:03,63.219,57.6,1421.2,81.597
9/30/19 11:03,63.219,57.7,1421.2,81.597
9/30/19 11:03,63.219,57.9,1421.2,81.597
9/30/19 11:03,63.219,57.9,1423.7,81.597
9/30/19 11:03,63.262,58,1423.7,81.597
9/30/19 11:03,63.262,58,1426.2,81.597
9/30/19 11:03,63.262,57.9,1423.7,81.597
9/30/19 11:03,63.262,57.8,1426.2,81.597
9/30/19 11:03,63.262,57.7,1428.7,81.597
9/30/19 11:03,63.262,57.6,1428.7,81.597
9/30/19 11:03,63.304,57.6,1428.7,81.597
9/30/19 11:03,63.262,57.4,1431.2,81.597
9/30/19 11:03,63.262,57.3,1431.2,81.642
9/30/19 11:03,63.262,57.3,1431.2,81.642
9/30/19 11:03,63.262,57.2,1433.7,81.597
9/30/19 11:03,63.304,57.2,1433.7,81.597
9/30/19 11:03,63.262,57.2,1433.7,81.642
9/30/19 11:03,63.262,57.2,1436.2,81.642
9/30/19 11:03,63.262,57.2,1436.2,81.642
9/30/19 11:03,63.262,57.3,1438.7,81.642
9/30/19 11:03,63.262,57.3,1436.2,81.642
9/30/19 11:03,63.262,57.3,1441.2,81.597
9/30/19 11:03,63.262,57.4,1438.7,81.642
9/30/19 11:03,63.262,57.4,1441.2,81.642
9/30/19 11:03,63.262,57.5,1438.7,81.642
9/30/19 11:03,63.262,57.6,1438.7,81.642
9/30/19 11:03,63.262,57.5,1441.2,81.642
9/30/19 11:03,63.262,57.6,1441.2,81.642
9/30/19 11:03,63.262,57.7,1441.2,81.642
9/30/19 11:03,63.262,57.9,1446.2,81.642
9/30/19 11:03,63.262,58,1443.7,81.642
9/30/19 11:03,63.262,58.1,1446.2,81.642
9/30/19 11:03,63.262,58.3,1448.7,81.642
9/30/19 11:03,63.262,58.4,1448.7,81.642
9/30/19 11:03,63.262,58.4,1448.7,81.642
9/30/19 11:03,63.262,58.5,1448.7,81.642
9/30/19 11:03,63.304,58.5,1446.2,81.642
9/30/19 11:03,63.304,58.5,1451.2,81.642
9/30/19 11:04,63.304,58.4,1448.7,81.642
9/30/19 11:04,63.304,58.2,1451.2,81.642
9/30/19 11:04,63.304,58.1,1451.2,81.642
9/30/19 11:04,63.304,57.9,1453.7,81.642
9/30/19 11:04,63.304,57.8,1453.7,81.642
9/30/19 11:04,63.304,57.7,1453.7,81.642
9/30/19 11:04,63.304,57.5,1456.2,81.642
9/30/19 11:04,63.304,57.6,1456.2,81.642
9/30/19 11:04,63.304,57.5,1456.2,81.642
9/30/19 11:04,63.304,57.4,1458.7,81.642
9/30/19 11:04,63.304,57.4,1458.7,81.642
9/30/19 11:04,63.304,57.3,1461.2,81.642
9/30/19 11:04,63.304,57.2,1461.2,81.642
9/30/19 11:04,63.304,57.1,1458.7,81.642
9/30/19 11:04,63.304,57,1461.2,81.642
9/30/19 11:04,63.262,56.9,1463.7,81.642
9/30/19 11:04,63.304,56.8,1466.2,81.642
9/30/19 11:04,63.262,56.6,1466.2,81.642
9/30/19 11:04,63.262,56.6,1466.2,81.687
9/30/19 11:04,63.262,56.5,1466.2,81.642
9/30/19 11:04,63.262,56.5,1466.2,81.642
9/30/19 11:04,63.262,56.5,1468.7,81.687
9/30/19 11:04,63.219,56.5,1468.7,81.687
9/30/19 11:04,63.219,56.6,1473.7,81.687
9/30/19 11:04,63.219,56.6,1473.7,81.687
9/30/19 11:04,63.219,56.7,1473.7,81.687
9/30/19 11:04,63.219,56.8,1473.7,81.687
9/30/19 11:04,63.219,56.9,1473.7,81.687
9/30/19 11:04,63.219,56.9,1473.7,81.687
9/30/19 11:04,63.176,57,1478.7,81.687
9/30/19 11:04,63.176,57,1478.7,81.687
9/30/19 11:04,63.176,57,1483.7,81.687
9/30/19 11:04,63.176,56.9,1478.7,81.687
9/30/19 11:04,63.176,56.9,1486.2,81.687
9/30/19 11:04,63.176,56.9,1486.2,81.687
9/30/19 11:04,63.176,57,1483.7,81.687
9/30/19 11:04,63.176,57,1486.2,81.687
9/30/19 11:04,63.176,57,1488.7,81.687
9/30/19 11:04,63.176,57,1488.7,81.687
9/30/19 11:04,63.176,57,1488.7,81.687
9/30/19 11:04,63.176,57,1488.7,81.687
9/30/19 11:04,63.176,57,1491.2,81.687
9/30/19 11:04,63.176,57,1496.2,81.687
9/30/19 11:04,63.176,57,1493.7,81.687
9/30/19 11:04,63.176,57.1,1498.7,81.687
9/30/19 11:04,63.176,57.1,1493.7,81.687
9/30/19 11:04,63.219,57.2,1498.7,81.687
9/30/19 11:04,63.219,57.2,1498.7,81.687
9/30/19 11:04,63.219,57.2,1503.7,81.687
9/30/19 11:04,63.219,57.2,1503.7,81.687
9/30/19 11:04,63.219,57.1,1503.7,81.687
9/30/19 11:04,63.219,57.1,1501.2,81.687
9/30/19 11:04,63.219,57,1506.2,81.687
9/30/19 11:04,63.219,57,1506.2,81.687
9/30/19 11:04,63.219,56.9,1506.2,81.73
9/30/19 11:04,63.219,56.9,1508.7,81.687
9/30/19 11:04,63.219,56.8,1511.2,81.687
9/30/19 11:04,63.219,56.7,1516.2,81.687
9/30/19 11:04,63.219,56.6,1513.7,81.687
9/30/19 11:04,63.219,56.5,1516.2,81.73
9/30/19 11:05,63.219,56.5,1516.2,81.73
9/30/19 11:05,63.219,56.4,1518.7,81.73
9/30/19 11:05,63.219,56.5,1521.2,81.73
9/30/19 11:05,63.219,56.4,1521.2,81.73
9/30/19 11:05,63.219,56.3,1526.2,81.73
9/30/19 11:05,63.219,56.3,1523.7,81.73
9/30/19 11:05,63.219,56.2,1526.2,81.73
9/30/19 11:05,63.219,56.2,1528.7,81.73
9/30/19 11:05,63.219,56.2,1531.2,81.73
9/30/19 11:05,63.219,56.2,1533.7,81.73
9/30/19 11:05,63.219,56.2,1536.2,81.73
9/30/19 11:05,63.176,56.3,1538.7,81.73
9/30/19 11:05,63.219,56.3,1538.7,81.73
9/30/19 11:05,63.219,56.4,1541.2,81.73
9/30/19 11:05,63.219,56.4,1543.7,81.73
9/30/19 11:05,63.176,56.4,1546.2,81.73
9/30/19 11:05,63.219,56.5,1546.2,81.73
9/30/19 11:05,63.219,56.7,1546.2,81.73
9/30/19 11:05,63.219,56.9,1551.2,81.73
9/30/19 11:05,63.219,57,1548.7,81.73
9/30/19 11:05,63.219,57.2,1551.2,81.73
9/30/19 11:05,63.219,57.4,1553.7,81.73
9/30/19 11:05,63.219,57.6,1551.2,81.73
9/30/19 11:05,63.219,57.7,1556.2,81.73
9/30/19 11:05,63.262,57.8,1556.2,81.73
9/30/19 11:05,63.262,58,1556.2,81.73
9/30/19 11:05,63.262,58.1,1553.7,81.775
9/30/19 11:05,63.262,58.2,1551.2,81.73
9/30/19 11:05,63.304,58.3,1553.7,81.775
9/30/19 11:05,63.304,58.4,1548.7,81.775
9/30/19 11:05,63.304,58.5,1548.7,81.775
9/30/19 11:05,63.304,58.5,1546.2,81.775
9/30/19 11:05,63.347,58.5,1541.2,81.775
9/30/19 11:05,63.347,58.7,1536.2,81.775
9/30/19 11:05,63.347,58.7,1528.7,81.775
9/30/19 11:05,63.39,58.9,1526.2,81.775
9/30/19 11:05,63.39,58.9,1523.7,81.775
9/30/19 11:05,63.39,58.9,1516.2,81.775
9/30/19 11:05,63.433,58.9,1511.2,81.775
9/30/19 11:05,63.433,58.9,1506.2,81.775
9/30/19 11:05,63.433,58.8,1498.7,81.775
9/30/19 11:05,63.475,58.7,1493.7,81.775
9/30/19 11:05,63.475,58.6,1488.7,81.775
9/30/19 11:05,63.475,58.4,1486.2,81.775
9/30/19 11:05,63.475,58.3,1481.2,81.775
9/30/19 11:05,63.518,58.1,1481.2,81.775
9/30/19 11:05,63.518,58.1,1481.2,81.775
9/30/19 11:05,63.518,58,1488.7,81.775
9/30/19 11:05,63.518,57.9,1496.2,81.775
9/30/19 11:05,63.518,57.8,1508.7,81.775
9/30/19 11:05,63.518,57.8,1521.2,81.775
9/30/19 11:05,63.518,57.8,1528.7,81.775
9/30/19 11:05,63.518,57.8,1528.7,81.775
9/30/19 11:05,63.518,57.8,1528.7,81.775
9/30/19 11:05,63.518,57.8,1521.2,81.775
9/30/19 11:05,63.518,57.7,1513.7,81.819
9/30/19 11:05,63.518,57.7,1506.2,81.775
9/30/19 11:05,63.518,57.6,1498.7,81.819
9/30/19 11:05,63.561,57.5,1491.2,81.819
9/30/19 11:05,63.518,57.5,1486.2,81.819
9/30/19 11:06,63.561,57.5,1476.2,81.819
9/30/19 11:06,63.561,57.4,1461.2,81.819
9/30/19 11:06,63.561,57.3,1441.2,81.819
9/30/19 11:06,63.561,57.2,1418.7,81.819
9/30/19 11:06,63.561,57.2,1388.7,81.819
9/30/19 11:06,63.561,57.2,1353.7,81.819
9/30/19 11:06,63.561,57.1,1321.2,81.819
9/30/19 11:06,63.561,57,1288.7,81.819
9/30/19 11:06,63.518,56.9,1261.2,81.819
9/30/19 11:06,63.518,56.8,1238.7,81.819
9/30/19 11:06,63.518,56.7,1221.2,81.819
9/30/19 11:06,63.518,56.6,1203.7,81.819
9/30/19 11:06,63.518,56.5,1186.2,81.819
9/30/19 11:06,63.518,56.5,1166.2,81.819
9/30/19 11:06,63.518,56.5,1143.7,81.819
9/30/19 11:06,63.518,56.4,1121.2,81.819
9/30/19 11:06,63.475,56.4,1106.2,81.819
9/30/19 11:06,63.475,56.5,1093.7,81.819
9/30/19 11:06,63.475,56.5,1083.7,81.819
9/30/19 11:06,63.475,56.5,1071.2,81.819
9/30/19 11:06,63.475,56.5,1056.2,81.819
9/30/19 11:06,63.433,56.5,1041.2,81.819
9/30/19 11:06,63.433,56.4,1023.7,81.819
9/30/19 11:06,63.433,56.5,1003.7,81.819
9/30/19 11:06,63.433,56.5,983.7,81.819
9/30/19 11:06,63.433,56.4,971.2,81.819
9/30/19 11:06,63.433,56.3,958.7,81.819
9/30/19 11:06,63.39,56.3,951.2,81.864
9/30/19 11:06,63.39,56.3,948.7,81.864
9/30/19 11:06,63.39,56.3,951.2,81.819
9/30/19 11:06,63.39,56.4,951.2,81.864
9/30/19 11:06,63.39,56.4,951.2,81.819
9/30/19 11:06,63.347,56.5,951.2,81.819
9/30/19 11:06,63.347,56.5,951.2,81.864
9/30/19 11:06,63.347,56.4,948.7,81.864
9/30/19 11:06,63.347,56.5,948.7,81.819
9/30/19 11:06,63.347,56.5,948.7,81.864
9/30/19 11:06,63.347,56.5,948.7,81.864
9/30/19 11:06,63.304,56.4,948.7,81.864
9/30/19 11:06,63.304,56.3,951.2,81.864
9/30/19 11:06,63.304,56.3,951.2,81.864
9/30/19 11:06,63.262,56.3,951.2,81.864
9/30/19 11:06,63.262,56.3,951.2,81.864
9/30/19 11:06,63.262,56.3,951.2,81.864
9/30/19 11:06,63.262,56.3,948.7,81.864
9/30/19 11:06,63.219,56.2,946.2,81.819
9/30/19 11:06,63.219,56.2,946.2,81.819
9/30/19 11:06,63.219,56.1,943.7,81.819
9/30/19 11:06,63.219,56,941.2,81.819
9/30/19 11:06,63.176,56,941.2,81.819
9/30/19 11:06,63.176,55.9,941.2,81.864
9/30/19 11:06,63.176,55.9,941.2,81.864
9/30/19 11:06,63.133,55.9,941.2,81.819
9/30/19 11:06,63.133,55.9,941.2,81.819
9/30/19 11:06,63.133,55.9,941.2,81.819
9/30/19 11:06,63.133,55.8,941.2,81.819
9/30/19 11:06,63.09,55.7,943.7,81.819
9/30/19 11:06,63.09,55.7,951.2,81.819
9/30/19 11:06,63.048,55.6,958.7,81.819
9/30/19 11:06,63.048,55.6,966.2,81.819
9/30/19 11:07,63.048,55.6,976.2,81.819
9/30/19 11:07,63.048,55.5,983.7,81.819
9/30/19 11:07,63.005,55.5,991.2,81.819
9/30/19 11:07,63.005,55.5,996.2,81.819
9/30/19 11:07,63.005,55.5,996.2,81.819
9/30/19 11:07,62.962,55.4,996.2,81.819
9/30/19 11:07,62.962,55.5,991.2,81.819
9/30/19 11:07,62.962,55.5,983.7,81.819
9/30/19 11:07,62.962,55.6,973.7,81.819
9/30/19 11:07,62.919,55.6,966.2,81.819
9/30/19 11:07,62.919,55.7,956.2,81.819
9/30/19 11:07,62.919,55.7,946.2,81.819
9/30/19 11:07,62.919,55.8,938.7,81.819
9/30/19 11:07,62.875,55.9,936.2,81.819
9/30/19 11:07,62.875,55.9,936.2,81.819
9/30/19 11:07,62.875,55.9,938.7,81.819
9/30/19 11:07,62.875,55.9,941.2,81.819
9/30/19 11:07,62.875,56,946.2,81.819
9/30/19 11:07,62.834,56,953.7,81.819
9/30/19 11:07,62.834,56.1,971.2,81.819
9/30/19 11:07,62.834,56.2,993.7,81.819
9/30/19 11:07,62.834,56.3,1013.7,81.819
9/30/19 11:07,62.834,56.3,1036.2,81.819
9/30/19 11:07,62.834,56.4,1056.2,81.819
9/30/19 11:07,62.834,56.4,1073.7,81.819
9/30/19 11:07,62.834,56.5,1081.2,81.819
9/30/19 11:07,62.834,56.6,1081.2,81.819
9/30/19 11:07,62.834,56.7,1071.2,81.775
9/30/19 11:07,62.834,56.7,1058.7,81.819
9/30/19 11:07,62.834,56.7,1041.2,81.775
9/30/19 11:07,62.834,56.7,1016.2,81.775
9/30/19 11:07,62.834,56.8,991.2,81.775
9/30/19 11:07,62.834,56.8,966.2,81.775
9/30/19 11:07,62.834,56.8,948.7,81.775
9/30/19 11:07,62.834,56.7,933.7,81.775
9/30/19 11:07,62.834,56.7,921.2,81.775
9/30/19 11:07,62.834,56.7,916.2,81.775
9/30/19 11:07,62.834,56.7,908.7,81.775
9/30/19 11:07,62.791,56.7,903.7,81.775
9/30/19 11:07,62.791,56.7,898.7,81.775
9/30/19 11:07,62.791,56.7,888.7,81.775
9/30/19 11:07,62.791,56.7,881.2,81.775
9/30/19 11:07,62.791,56.6,873.7,81.775
9/30/19 11:07,62.791,56.6,868.7,81.775
9/30/19 11:07,62.791,56.5,863.7,81.775
9/30/19 11:07,62.791,56.5,863.7,81.775
9/30/19 11:07,62.748,56.4,863.7,81.775
9/30/19 11:07,62.748,56.3,866.2,81.775
9/30/19 11:07,62.748,56.4,866.2,81.775
9/30/19 11:07,62.748,56.3,866.2,81.775
9/30/19 11:07,62.748,56.2,863.7,81.775
9/30/19 11:07,62.748,56.2,858.7,81.775
9/30/19 11:07,62.748,56.1,853.7,81.775
9/30/19 11:07,62.704,56.1,848.7,81.775
9/30/19 11:07,62.704,56,843.7,81.775
9/30/19 11:07,62.704,56,841.2,81.775
9/30/19 11:07,62.704,56,841.2,81.775
9/30/19 11:07,62.661,55.9,843.7,81.775
9/30/19 11:07,62.661,55.9,843.7,81.775
9/30/19 11:07,62.661,55.9,846.2,81.775
9/30/19 11:08,62.661,55.9,851.2,81.775
9/30/19 11:08,62.661,55.9,856.2,81.775
9/30/19 11:08,62.661,55.8,863.7,81.775
9/30/19 11:08,62.62,55.8,876.2,81.775
9/30/19 11:08,62.62,55.8,886.2,81.775
9/30/19 11:08,62.62,55.8,901.2,81.775
9/30/19 11:08,62.62,55.8,911.2,81.775
9/30/19 11:08,62.62,55.8,918.7,81.775
9/30/19 11:08,62.62,55.9,918.7,81.775
9/30/19 11:08,62.62,55.9,913.7,81.775
9/30/19 11:08,62.62,56,901.2,81.775
9/30/19 11:08,62.62,56.1,888.7,81.775
9/30/19 11:08,62.62,56.1,878.7,81.775
9/30/19 11:08,62.62,56.2,868.7,81.775
9/30/19 11:08,62.62,56.4,861.2,81.775
9/30/19 11:08,62.62,56.4,856.2,81.775
9/30/19 11:08,62.62,56.5,848.7,81.775
9/30/19 11:08,62.62,56.5,846.2,81.775
9/30/19 11:08,62.62,56.7,843.7,81.775
9/30/19 11:08,62.62,56.7,841.2,81.775
9/30/19 11:08,62.62,56.7,838.7,81.775
9/30/19 11:08,62.62,56.7,836.2,81.775
9/30/19 11:08,62.62,56.8,836.2,81.775
9/30/19 11:08,62.62,56.8,838.7,81.775
9/30/19 11:08,62.62,56.8,841.2,81.775
9/30/19 11:08,62.62,56.8,846.2,81.775
9/30/19 11:08,62.62,56.9,846.2,81.775
9/30/19 11:08,62.62,56.9,848.7,81.775
9/30/19 11:08,62.62,56.9,848.7,81.775
9/30/19 11:08,62.62,56.9,851.2,81.775
9/30/19 11:08,62.577,56.9,848.7,81.775
9/30/19 11:08,62.62,57,848.7,81.775
9/30/19 11:08,62.577,57.1,846.2,81.775
9/30/19 11:08,62.577,57.2,843.7,81.775
9/30/19 11:08,62.577,57.3,841.2,81.775
9/30/19 11:08,62.577,57.3,838.7,81.775
9/30/19 11:08,62.577,57.3,836.2,81.775
9/30/19 11:08,62.577,57.2,838.7,81.775
9/30/19 11:08,62.577,57.2,838.7,81.775
9/30/19 11:08,62.577,57.1,841.2,81.775
9/30/19 11:08,62.577,57,841.2,81.775
9/30/19 11:08,62.533,56.9,843.7,81.775
9/30/19 11:08,62.533,56.9,843.7,81.775
9/30/19 11:08,62.533,56.8,843.7,81.775
9/30/19 11:08,62.533,56.7,843.7,81.775
9/30/19 11:08,62.533,56.6,843.7,81.775
9/30/19 11:08,62.49,56.5,843.7,81.775
9/30/19 11:08,62.49,56.5,843.7,81.775
9/30/19 11:08,62.49,56.4,843.7,81.775
9/30/19 11:08,62.447,56.4,841.2,81.775
9/30/19 11:08,62.447,56.3,843.7,81.775
9/30/19 11:08,62.447,56.4,843.7,81.775
9/30/19 11:08,62.447,56.4,843.7,81.775
9/30/19 11:08,62.406,56.4,846.2,81.775
9/30/19 11:08,62.406,56.3,846.2,81.775
9/30/19 11:08,62.406,56.3,851.2,81.775
9/30/19 11:08,62.406,56.4,856.2,81.775
9/30/19 11:08,62.406,56.4,861.2,81.775
9/30/19 11:08,62.406,56.5,866.2,81.775
9/30/19 11:08,62.406,56.5,871.2,81.775
9/30/19 11:09,62.362,56.6,876.2,81.775
9/30/19 11:09,62.362,56.7,893.7,81.775
9/30/19 11:09,62.362,56.8,923.7,81.775
9/30/19 11:09,62.362,56.9,961.2,81.775
9/30/19 11:09,62.362,56.9,1001.2,81.775
9/30/19 11:09,62.362,57,1036.2,81.775
9/30/19 11:09,62.362,57.1,1058.7,81.775
9/30/19 11:09,62.362,57.3,1058.7,81.775
9/30/19 11:09,62.362,57.4,1043.7,81.775
9/30/19 11:09,62.362,57.4,1008.7,81.775
9/30/19 11:09,62.362,57.4,971.2,81.775
9/30/19 11:09,62.319,57.5,933.7,81.775
9/30/19 11:09,62.319,57.6,903.7,81.775
9/30/19 11:09,62.319,57.6,881.2,81.775
9/30/19 11:09,62.319,57.7,868.7,81.775
9/30/19 11:09,62.319,57.8,861.2,81.775
9/30/19 11:09,62.319,57.9,856.2,81.775
9/30/19 11:09,62.319,57.9,856.2,81.775
9/30/19 11:09,62.319,58,853.7,81.775
9/30/19 11:09,62.319,58.2,853.7,81.775
9/30/19 11:09,62.319,58.3,853.7,81.775
9/30/19 11:09,62.319,58.4,851.2,81.775
9/30/19 11:09,62.319,58.5,851.2,81.775
9/30/19 11:09,62.319,58.6,848.7,81.775
9/30/19 11:09,62.319,58.5,848.7,81.775
9/30/19 11:09,62.319,58.6,846.2,81.775
9/30/19 11:09,62.319,58.5,846.2,81.775
9/30/19 11:09,62.319,58.5,843.7,81.775
9/30/19 11:09,62.319,58.4,843.7,81.775
9/30/19 11:09,62.319,58.4,841.2,81.775
9/30/19 11:09,62.319,58.5,841.2,81.775
9/30/19 11:09,62.319,58.5,838.7,81.775
9/30/19 11:09,62.319,58.5,838.7,81.775
9/30/19 11:09,62.319,58.6,836.2,81.775
9/30/19 11:09,62.319,58.7,836.2,81.775
9/30/19 11:09,62.319,58.8,833.7,81.775
9/30/19 11:09,62.319,58.9,833.7,81.775
9/30/19 11:09,62.319,59,833.7,81.775
9/30/19 11:09,62.319,59,831.2,81.775
9/30/19 11:09,62.319,59.1,831.2,81.775
9/30/19 11:09,62.319,59.2,831.2,81.775
9/30/19 11:09,62.319,59.2,828.7,81.775
9/30/19 11:09,62.319,59.3,828.7,81.775
9/30/19 11:09,62.319,59.3,828.7,81.775
9/30/19 11:09,62.319,59.3,828.7,81.775
9/30/19 11:09,62.319,59.4,826.2,81.775
9/30/19 11:09,62.319,59.4,826.2,81.775
9/30/19 11:09,62.319,59.4,826.2,81.775
9/30/19 11:09,62.319,59.4,826.2,81.775
9/30/19 11:09,62.319,59.4,823.7,81.775
9/30/19 11:09,62.319,59.4,823.7,81.775
9/30/19 11:09,62.319,59.4,823.7,81.775
9/30/19 11:09,62.319,59.4,823.7,81.775
9/30/19 11:09,62.319,59.4,821.2,81.819
9/30/19 11:09,62.319,59.4,821.2,81.775
9/30/19 11:09,62.319,59.4,821.2,81.819
9/30/19 11:09,62.319,59.4,821.2,81.819
9/30/19 11:09,62.319,59.4,818.7,81.819
9/30/19 11:09,62.319,59.5,818.7,81.819
9/30/19 11:09,62.319,59.4,818.7,81.819
9/30/19 11:10,62.319,59.4,818.7,81.819
9/30/19 11:10,62.319,59.4,818.7,81.819
9/30/19 11:10,62.319,59.4,818.7,81.819
9/30/19 11:10,62.319,59.3,818.7,81.819
9/30/19 11:10,62.319,59.3,818.7,81.819
9/30/19 11:10,62.319,59.2,821.2,81.819
9/30/19 11:10,62.319,59.1,823.7,81.819
9/30/19 11:10,62.319,59,828.7,81.819
9/30/19 11:10,62.319,59,833.7,81.819
9/30/19 11:10,62.319,58.9,836.2,81.819
9/30/19 11:10,62.319,58.7,838.7,81.819
9/30/19 11:10,62.319,58.6,838.7,81.819
9/30/19 11:10,62.276,58.6,838.7,81.819
9/30/19 11:10,62.276,58.4,836.2,81.819
9/30/19 11:10,62.276,58.3,836.2,81.819
9/30/19 11:10,62.276,58.3,841.2,81.819
9/30/19 11:10,62.276,58.2,851.2,81.819
9/30/19 11:10,62.276,58.1,861.2,81.819
9/30/19 11:10,62.233,57.9,868.7,81.819
9/30/19 11:10,62.233,57.9,871.2,81.819
9/30/19 11:10,62.233,57.8,871.2,81.819
9/30/19 11:10,62.233,57.7,866.2,81.819
9/30/19 11:10,62.233,57.6,861.2,81.819
9/30/19 11:10,62.191,57.6,851.2,81.819
9/30/19 11:10,62.191,57.6,841.2,81.819
9/30/19 11:10,62.191,57.6,833.7,81.819
9/30/19 11:10,62.148,57.6,831.2,81.864
9/30/19 11:10,62.148,57.6,831.2,81.864
9/30/19 11:10,62.148,57.6,836.2,81.864
9/30/19 11:10,62.148,57.5,853.7,81.864
9/30/19 11:10,62.148,57.4,896.2,81.864
9/30/19 11:10,62.105,57.5,948.7,81.864
9/30/19 11:10,62.105,57.5,983.7,81.864
9/30/19 11:10,62.105,57.4,998.7,81.864
9/30/19 11:10,62.105,57.4,993.7,81.864
9/30/19 11:10,62.105,57.3,963.7,81.864
9/30/19 11:10,62.062,57.2,916.2,81.864
9/30/19 11:10,62.062,57.2,868.7,81.864
9/30/19 11:10,62.062,57.1,841.2,81.864
9/30/19 11:10,62.019,57.1,826.2,81.864
9/30/19 11:10,62.019,57.1,816.2,81.864
9/30/19 11:10,62.019,57,811.2,81.864
9/30/19 11:10,62.019,57,806.2,81.864
9/30/19 11:10,62.019,56.9,806.2,81.864
9/30/19 11:10,62.019,56.9,803.7,81.864
9/30/19 11:10,61.977,56.9,801.2,81.864
9/30/19 11:10,61.977,56.9,801.2,81.864
9/30/19 11:10,61.977,56.9,801.2,81.864
9/30/19 11:10,61.977,56.8,801.2,81.864
9/30/19 11:10,61.977,56.9,801.2,81.864
9/30/19 11:10,61.934,56.9,798.7,81.864
9/30/19 11:10,61.934,56.9,796.2,81.864
9/30/19 11:10,61.934,56.9,793.7,81.864
9/30/19 11:10,61.934,56.9,793.7,81.864
9/30/19 11:10,61.934,57,791.2,81.864
9/30/19 11:10,61.934,57.1,791.2,81.909
9/30/19 11:10,61.934,57.2,791.2,81.909
9/30/19 11:10,61.934,57.2,788.7,81.909
9/30/19 11:10,61.934,57.3,788.7,81.909
9/30/19 11:10,61.934,57.4,786.2,81.909
9/30/19 11:11,61.934,57.4,786.2,81.909
9/30/19 11:11,61.934,57.5,786.2,81.909
9/30/19 11:11,61.891,57.5,786.2,81.909
9/30/19 11:11,61.934,57.4,786.2,81.909
9/30/19 11:11,61.891,57.4,786.2,81.909
9/30/19 11:11,61.891,57.4,786.2,81.909
9/30/19 11:11,61.891,57.3,786.2,81.909
9/30/19 11:11,61.891,57.2,786.2,81.909
9/30/19 11:11,61.891,57.1,786.2,81.909
9/30/19 11:11,61.891,57.1,783.7,81.909
9/30/19 11:11,61.891,57.1,781.2,81.909
9/30/19 11:11,61.848,57,778.7,81.909
9/30/19 11:11,61.848,57,776.2,81.909
9/30/19 11:11,61.848,57,776.2,81.909
9/30/19 11:11,61.848,57.1,776.2,81.909
9/30/19 11:11,61.848,57,773.7,81.952
9/30/19 11:11,61.848,57.1,773.7,81.909
9/30/19 11:11,61.848,57,773.7,81.909
9/30/19 11:11,61.848,57.1,773.7,81.952
9/30/19 11:11,61.804,57.1,776.2,81.952
9/30/19 11:11,61.804,57,776.2,81.952
9/30/19 11:11,61.804,57.1,776.2,81.952
9/30/19 11:11,61.804,57,778.7,81.952
9/30/19 11:11,61.804,57,781.2,81.952
9/30/19 11:11,61.804,57.1,783.7,81.952
9/30/19 11:11,61.804,57.1,788.7,81.952
9/30/19 11:11,61.804,57.1,796.2,81.952
9/30/19 11:11,61.804,57.1,806.2,81.952
9/30/19 11:11,61.804,57.1,811.2,81.952
9/30/19 11:11,61.804,57.1,816.2,81.952
9/30/19 11:11,61.804,57.1,818.7,81.952
9/30/19 11:11,61.804,57.1,816.2,81.952
9/30/19 11:11,61.804,57.1,813.7,81.952
9/30/19 11:11,61.804,57,808.7,81.952
9/30/19 11:11,61.804,57,801.2,81.952
9/30/19 11:11,61.804,57,788.7,81.952
9/30/19 11:11,61.804,57,783.7,81.952
9/30/19 11:11,61.804,57,778.7,81.952
9/30/19 11:11,61.804,57.1,771.2,81.952
9/30/19 11:11,61.804,57,768.7,81.952
9/30/19 11:11,61.804,57.1,763.7,81.952
9/30/19 11:11,61.804,57.1,763.7,81.952
9/30/19 11:11,61.804,57.1,761.2,81.952
9/30/19 11:11,61.804,57.1,756.2,81.952
9/30/19 11:11,61.804,57.1,753.7,81.997
9/30/19 11:11,61.804,57.1,751.2,81.997
9/30/19 11:11,61.848,57.1,751.2,81.997
9/30/19 11:11,61.848,57.2,748.7,81.997
9/30/19 11:11,61.804,57.2,748.7,81.997
9/30/19 11:11,61.848,57.2,748.7,81.997
9/30/19 11:11,61.848,57.3,746.2,81.997
9/30/19 11:11,61.848,57.3,746.2,81.997
9/30/19 11:11,61.848,57.3,743.7,81.997
9/30/19 11:11,61.848,57.3,743.7,81.997
9/30/19 11:11,61.848,57.4,743.7,81.997
9/30/19 11:11,61.848,57.4,743.7,81.997
9/30/19 11:11,61.848,57.4,741.2,81.997
9/30/19 11:11,61.891,57.5,741.2,81.997
9/30/19 11:11,61.891,57.4,738.7,81.997
9/30/19 11:11,61.891,57.4,738.7,81.997
9/30/19 11:12,61.891,57.4,738.7,81.997
9/30/19 11:12,61.891,57.5,738.7,81.997
9/30/19 11:12,61.891,57.6,736.2,81.997
9/30/19 11:12,61.891,57.6,736.2,81.997
9/30/19 11:12,61.891,57.6,736.2,81.997
9/30/19 11:12,61.934,57.7,736.2,81.997
9/30/19 11:12,61.934,57.7,736.2,81.997
9/30/19 11:12,61.934,57.7,736.2,81.997
9/30/19 11:12,61.934,57.7,736.2,81.997
9/30/19 11:12,61.934,57.7,733.7,81.997
9/30/19 11:12,61.934,57.7,733.7,81.997
9/30/19 11:12,61.934,57.7,733.7,81.997
9/30/19 11:12,61.934,57.6,733.7,82.042
9/30/19 11:12,61.934,57.6,733.7,81.997
9/30/19 11:12,61.934,57.6,736.2,81.997
9/30/19 11:12,61.977,57.6,736.2,82.042
9/30/19 11:12,61.934,57.5,736.2,81.997
9/30/19 11:12,61.977,57.5,736.2,82.042
9/30/19 11:12,61.977,57.5,736.2,81.997
9/30/19 11:12,61.977,57.5,736.2,82.042
9/30/19 11:12,61.977,57.5,736.2,82.042
9/30/19 11:12,61.977,57.5,736.2,82.042
9/30/19 11:12,61.977,57.5,736.2,82.042
9/30/19 11:12,61.977,57.5,736.2,82.042
9/30/19 11:12,61.977,57.5,738.7,82.042
9/30/19 11:12,61.977,57.5,738.7,82.042
9/30/19 11:12,61.977,57.5,738.7,82.042
9/30/19 11:12,61.977,57.5,738.7,82.042
9/30/19 11:12,61.977,57.4,738.7,82.042
9/30/19 11:12,61.977,57.4,736.2,82.042
9/30/19 11:12,61.977,57.4,736.2,82.042
9/30/19 11:12,61.977,57.4,736.2,82.042
9/30/19 11:12,61.977,57.5,736.2,82.042
9/30/19 11:12,61.977,57.4,736.2,82.042
9/30/19 11:12,61.977,57.4,736.2,82.042
9/30/19 11:12,61.977,57.4,733.7,82.042
9/30/19 11:12,62.019,57.3,736.2,82.042
9/30/19 11:12,61.977,57.3,736.2,82.042
9/30/19 11:12,62.019,57.3,736.2,82.042
9/30/19 11:12,62.019,57.3,736.2,82.042
9/30/19 11:12,62.019,57.3,736.2,82.042
9/30/19 11:12,62.019,57.3,736.2,82.042
9/30/19 11:12,62.019,57.3,738.7,82.042
9/30/19 11:12,62.019,57.2,738.7,82.042
9/30/19 11:12,62.019,57.2,738.7,82.042
9/30/19 11:12,62.019,57.2,738.7,82.042
9/30/19 11:12,62.019,57.2,741.2,82.042
9/30/19 11:12,62.019,57.2,741.2,82.042
9/30/19 11:12,62.019,57.2,743.7,82.042
9/30/19 11:12,62.019,57.2,751.2,82.042
9/30/19 11:12,62.019,57.2,761.2,82.042
9/30/19 11:12,62.019,57.2,781.2,82.042
9/30/19 11:12,62.019,57.2,801.2,82.042
9/30/19 11:12,62.019,57.2,821.2,82.042
9/30/19 11:12,62.019,57.2,833.7,82.042
9/30/19 11:12,62.019,57.2,838.7,82.042
9/30/19 11:12,62.019,57.2,833.7,82.042
9/30/19 11:12,62.019,57.3,818.7,82.042
9/30/19 11:12,62.062,57.3,801.2,82.042
9/30/19 11:12,62.062,57.3,791.2,82.042
9/30/19 11:13,62.062,57.3,788.7,82.085
9/30/19 11:13,62.062,57.4,788.7,82.085
9/30/19 11:13,62.062,57.4,788.7,82.085
9/30/19 11:13,62.062,57.4,791.2,82.085
9/30/19 11:13,62.062,57.4,791.2,82.085
9/30/19 11:13,62.062,57.5,791.2,82.085
9/30/19 11:13,62.105,57.5,791.2,82.085
9/30/19 11:13,62.105,57.6,788.7,82.085
9/30/19 11:13,62.105,57.6,788.7,82.085
9/30/19 11:13,62.105,57.6,788.7,82.085
9/30/19 11:13,62.105,57.7,793.7,82.085
9/30/19 11:13,62.105,57.7,801.2,82.085
9/30/19 11:13,62.105,57.7,806.2,82.085
9/30/19 11:13,62.105,57.7,806.2,82.085
9/30/19 11:13,62.148,57.7,806.2,82.085
9/30/19 11:13,62.148,57.7,803.7,82.085
9/30/19 11:13,62.148,57.7,803.7,82.085
9/30/19 11:13,62.148,57.7,806.2,82.085
9/30/19 11:13,62.148,57.7,813.7,82.085
9/30/19 11:13,62.148,57.7,826.2,82.085
9/30/19 11:13,62.148,57.7,838.7,82.085
9/30/19 11:13,62.148,57.7,841.2,82.085
9/30/19 11:13,62.148,57.7,836.2,82.085
9/30/19 11:13,62.148,57.7,826.2,82.085
9/30/19 11:13,62.148,57.7,816.2,82.085
9/30/19 11:13,62.191,57.7,808.7,82.085
9/30/19 11:13,62.191,57.7,803.7,82.085
9/30/19 11:13,62.191,57.8,801.2,82.085
9/30/19 11:13,62.191,57.8,801.2,82.085
9/30/19 11:13,62.191,57.9,801.2,82.085
9/30/19 11:13,62.191,58,798.7,82.085
9/30/19 11:13,62.191,58,796.2,82.085
9/30/19 11:13,62.233,58.1,788.7,82.085
9/30/19 11:13,62.233,58.2,778.7,82.085
9/30/19 11:13,62.233,58.3,771.2,82.085
9/30/19 11:13,62.233,58.3,766.2,82.085
9/30/19 11:13,62.233,58.4,763.7,82.085
9/30/19 11:13,62.233,58.4,763.7,82.085
9/30/19 11:13,62.276,58.5,763.7,82.085
9/30/19 11:13,62.276,58.5,766.2,82.085
9/30/19 11:13,62.276,58.4,766.2,82.085
9/30/19 11:13,62.276,58.4,763.7,82.085
9/30/19 11:13,62.276,58.3,758.7,82.085
9/30/19 11:13,62.276,58.3,753.7,82.085
9/30/19 11:13,62.276,58.2,746.2,82.085
9/30/19 11:13,62.276,58.1,738.7,82.085
9/30/19 11:13,62.276,57.9,733.7,82.085
9/30/19 11:13,62.276,58,728.7,82.085
9/30/19 11:13,62.276,57.8,726.2,82.085
9/30/19 11:13,62.276,57.7,726.2,82.085
9/30/19 11:13,62.276,57.7,726.2,82.085
9/30/19 11:13,62.276,57.6,723.7,82.085
9/30/19 11:13,62.276,57.5,723.7,82.085
9/30/19 11:13,62.276,57.4,723.7,82.085
9/30/19 11:13,62.276,57.5,723.7,82.085
9/30/19 11:13,62.276,57.4,723.7,82.085
9/30/19 11:13,62.276,57.4,723.7,82.085
9/30/19 11:13,62.276,57.4,723.7,82.085
9/30/19 11:13,62.276,57.3,726.2,82.085
9/30/19 11:13,62.276,57.3,726.2,82.085
9/30/19 11:14,62.276,57.3,726.2,82.085
9/30/19 11:14,62.233,57.3,726.2,82.085
9/30/19 11:14,62.233,57.3,726.2,82.13
9/30/19 11:14,62.276,57.3,726.2,82.085
9/30/19 11:14,62.233,57.2,726.2,82.085
9/30/19 11:14,62.233,57.1,728.7,82.085
9/30/19 11:14,62.233,57.1,728.7,82.13
9/30/19 11:14,62.233,57.1,728.7,82.085
9/30/19 11:14,62.233,57.1,728.7,82.085
9/30/19 11:14,62.233,57,731.2,82.13
9/30/19 11:14,62.233,57,731.2,82.085
9/30/19 11:14,62.233,57,731.2,82.085
9/30/19 11:14,62.233,57.1,733.7,82.085
9/30/19 11:14,62.233,57.1,733.7,82.085
9/30/19 11:14,62.233,57.1,733.7,82.13
9/30/19 11:14,62.233,57.2,736.2,82.13
9/30/19 11:14,62.233,57.3,738.7,82.13
9/30/19 11:14,62.233,57.4,751.2,82.13
9/30/19 11:14,62.191,57.5,776.2,82.085
9/30/19 11:14,62.233,57.4,838.7,82.085
9/30/19 11:14,62.233,57.5,946.2,82.085
9/30/19 11:14,62.191,57.6,1083.7,82.085
9/30/19 11:14,62.191,57.6,1228.7,82.085
9/30/19 11:14,62.233,57.7,1368.7,82.13
9/30/19 11:14,62.233,57.7,1486.2,82.13
9/30/19 11:14,62.233,57.7,1571.2,82.13
9/30/19 11:14,62.233,57.8,1593.7,82.085
9/30/19 11:14,62.233,57.8,1543.7,82.13
9/30/19 11:14,62.233,57.8,1466.2,82.13
9/30/19 11:14,62.233,57.8,1378.7,82.13
9/30/19 11:14,62.233,57.8,1298.7,82.13
9/30/19 11:14,62.233,57.8,1238.7,82.13
9/30/19 11:14,62.233,57.8,1203.7,82.13
9/30/19 11:14,62.233,57.8,1193.7,82.13
9/30/19 11:14,62.233,57.8,1203.7,82.13
9/30/19 11:14,62.233,57.8,1213.7,82.13
9/30/19 11:14,62.233,57.9,1213.7,82.13
9/30/19 11:14,62.233,57.9,1196.2,82.13
9/30/19 11:14,62.233,57.9,1153.7,82.13
9/30/19 11:14,62.233,57.8,1096.2,82.13
9/30/19 11:14,62.233,57.8,1026.2,82.13
9/30/19 11:14,62.233,57.8,961.2,82.13
9/30/19 11:14,62.233,57.7,913.7,82.13
9/30/19 11:14,62.233,57.6,876.2,82.13
9/30/19 11:14,62.233,57.6,846.2,82.13
9/30/19 11:14,62.233,57.5,811.2,82.13
9/30/19 11:14,62.233,57.4,773.7,82.13
9/30/19 11:14,62.233,57.4,738.7,82.13
9/30/19 11:14,62.233,57.3,713.7,82.13
9/30/19 11:14,62.233,57.2,703.7,82.13
9/30/19 11:14,62.233,57.1,698.7,82.13
9/30/19 11:14,62.233,57.1,696.2,82.13
9/30/19 11:14,62.233,57,693.7,82.13
9/30/19 11:14,62.233,56.9,691.2,82.13
9/30/19 11:14,62.191,56.9,688.7,82.13
9/30/19 11:14,62.191,56.9,688.7,82.13
9/30/19 11:14,62.191,56.8,686.2,82.13
9/30/19 11:14,62.191,56.8,683.7,82.13
9/30/19 11:14,62.191,56.8,686.2,82.13
9/30/19 11:14,62.191,56.8,688.7,82.13
9/30/19 11:15,62.148,56.7,691.2,82.13
9/30/19 11:15,62.148,56.7,698.7,82.13
9/30/19 11:15,62.148,56.6,706.2,82.13
9/30/19 11:15,62.148,56.6,716.2,82.13
9/30/19 11:15,62.148,56.5,723.7,82.13
9/30/19 11:15,62.148,56.5,723.7,82.13
9/30/19 11:15,62.148,56.5,721.2,82.13
9/30/19 11:15,62.148,56.4,713.7,82.13
9/30/19 11:15,62.105,56.4,701.2,82.13
9/30/19 11:15,62.105,56.4,691.2,82.13
9/30/19 11:15,62.105,56.3,681.2,82.13
9/30/19 11:15,62.105,56.4,673.7,82.13
9/30/19 11:15,62.105,56.3,671.2,82.175
9/30/19 11:15,62.105,56.3,668.7,82.175
9/30/19 11:15,62.062,56.3,668.7,82.175
9/30/19 11:15,62.062,56.3,668.7,82.175
9/30/19 11:15,62.062,56.3,666.2,82.175
9/30/19 11:15,62.062,56.3,663.7,82.13
9/30/19 11:15,62.062,56.4,661.2,82.175
9/30/19 11:15,62.062,56.3,661.2,82.175
9/30/19 11:15,62.062,56.4,658.7,82.175
9/30/19 11:15,62.062,56.4,658.7,82.175
9/30/19 11:15,62.062,56.4,658.7,82.175
9/30/19 11:15,62.062,56.4,658.7,82.175
9/30/19 11:15,62.062,56.4,658.7,82.175
9/30/19 11:15,62.062,56.4,658.7,82.175
9/30/19 11:15,62.062,56.4,658.7,82.175
9/30/19 11:15,62.062,56.4,658.7,82.175
9/30/19 11:15,62.062,56.4,658.7,82.175
9/30/19 11:15,62.062,56.5,658.7,82.175
9/30/19 11:15,62.062,56.5,661.2,82.175
9/30/19 11:15,62.019,56.5,661.2,82.175
9/30/19 11:15,62.062,56.5,661.2,82.175
9/30/19 11:15,62.062,56.5,663.7,82.175
9/30/19 11:15,62.062,56.5,663.7,82.175
9/30/19 11:15,62.062,56.5,666.2,82.175
9/30/19 11:15,62.062,56.5,666.2,82.175
9/30/19 11:15,62.062,56.5,668.7,82.175
9/30/19 11:15,62.019,56.6,668.7,82.175
9/30/19 11:15,62.019,56.6,671.2,82.175
9/30/19 11:15,62.062,56.6,671.2,82.175
9/30/19 11:15,62.019,56.6,673.7,82.175
9/30/19 11:15,62.062,56.6,673.7,82.175
9/30/19 11:15,62.019,56.6,676.2,82.175
9/30/19 11:15,62.019,56.6,678.7,82.175
9/30/19 11:15,62.019,56.6,681.2,82.175
9/30/19 11:15,62.019,56.6,688.7,82.175
9/30/19 11:15,62.019,56.6,698.7,82.175
9/30/19 11:15,62.019,56.7,718.7,82.175
9/30/19 11:15,62.019,56.7,746.2,82.175
9/30/19 11:15,62.019,56.7,771.2,82.13
9/30/19 11:15,62.019,56.7,788.7,82.175
9/30/19 11:15,62.019,56.7,793.7,82.175
9/30/19 11:15,62.019,56.7,786.2,82.175
9/30/19 11:15,62.019,56.7,768.7,82.175
9/30/19 11:15,62.019,56.7,753.7,82.175
9/30/19 11:15,62.019,56.7,738.7,82.13
9/30/19 11:15,62.019,56.8,731.2,82.175
9/30/19 11:15,62.019,56.8,728.7,82.175
9/30/19 11:15,62.019,56.8,726.2,82.175
9/30/19 11:16,62.019,56.8,728.7,82.175
9/30/19 11:16,62.019,56.8,728.7,82.175
9/30/19 11:16,62.019,56.8,733.7,82.175
9/30/19 11:16,62.019,56.8,738.7,82.175
9/30/19 11:16,62.019,56.8,751.2,82.175
9/30/19 11:16,62.019,56.7,768.7,82.175
9/30/19 11:16,62.019,56.7,791.2,82.175
9/30/19 11:16,62.019,56.7,826.2,82.175
9/30/19 11:16,62.019,56.7,866.2,82.175
9/30/19 11:16,62.019,56.7,911.2,82.175
9/30/19 11:16,62.019,56.7,968.7,82.175
9/30/19 11:16,62.019,56.7,1023.7,82.175
9/30/19 11:16,62.019,56.8,1061.2,82.13
9/30/19 11:16,62.019,56.8,1068.7,82.175
9/30/19 11:16,62.019,56.8,1048.7,82.175
9/30/19 11:16,62.019,56.8,1008.7,82.175
9/30/19 11:16,62.019,56.8,963.7,82.175
9/30/19 11:16,62.062,56.8,926.2,82.175
9/30/19 11:16,62.062,56.8,926.2,82.175
9/30/19 11:16,62.062,56.9,976.2,82.175
9/30/19 11:16,62.062,56.9,1046.2,82.175
9/30/19 11:16,62.062,56.9,1123.7,82.13
9/30/19 11:16,62.062,56.9,1198.7,82.175
9/30/19 11:16,62.062,56.9,1256.2,82.175
9/30/19 11:16,62.062,56.9,1283.7,82.175
9/30/19 11:16,62.062,56.9,1308.7,82.175
9/30/19 11:16,62.105,56.9,1356.2,82.175
9/30/19 11:16,62.105,56.8,1408.7,82.175
9/30/19 11:16,62.105,56.8,1441.2,82.175
9/30/19 11:16,62.105,56.7,1448.7,82.175
9/30/19 11:16,62.105,56.7,1458.7,82.175
9/30/19 11:16,62.105,56.7,1448.7,82.175
9/30/19 11:16,62.105,56.6,1398.7,82.175
9/30/19 11:16,62.105,56.6,1316.2,82.175
9/30/19 11:16,62.105,56.6,1218.7,82.175
9/30/19 11:16,62.105,56.5,1126.2,82.175
9/30/19 11:16,62.148,56.5,1041.2,82.175
9/30/19 11:16,62.148,56.5,971.2,82.175
9/30/19 11:16,62.148,56.5,928.7,82.175
9/30/19 11:16,62.148,56.5,906.2,82.175
9/30/19 11:16,62.148,56.6,896.2,82.175
9/30/19 11:16,62.148,56.6,881.2,82.175
9/30/19 11:16,62.148,56.7,856.2,82.175
9/30/19 11:16,62.148,56.8,826.2,82.175
9/30/19 11:16,62.148,56.8,796.2,82.175
9/30/19 11:16,62.148,56.9,776.2,82.175
9/30/19 11:16,62.191,57,761.2,82.175
9/30/19 11:16,62.191,57.1,753.7,82.175
9/30/19 11:16,62.191,57.3,758.7,82.175
9/30/19 11:16,62.191,57.5,763.7,82.175
9/30/19 11:16,62.191,57.6,766.2,82.175
9/30/19 11:16,62.233,57.7,761.2,82.175
9/30/19 11:16,62.233,57.8,748.7,82.175
9/30/19 11:16,62.233,57.8,736.2,82.175
9/30/19 11:16,62.233,57.8,721.2,82.175
9/30/19 11:16,62.233,57.9,703.7,82.175
9/30/19 11:16,62.233,57.9,688.7,82.175
9/30/19 11:16,62.276,57.8,678.7,82.175
9/30/19 11:16,62.276,57.8,671.2,82.175
9/30/19 11:16,62.276,57.8,666.2,82.175
9/30/19 11:17,62.276,57.7,661.2,82.175
9/30/19 11:17,62.276,57.7,658.7,82.175
9/30/19 11:17,62.276,57.6,656.2,82.175
9/30/19 11:17,62.276,57.5,653.7,82.175
9/30/19 11:17,62.276,57.4,651.2,82.175
9/30/19 11:17,62.276,57.4,648.7,82.175
9/30/19 11:17,62.276,57.5,643.7,82.175
9/30/19 11:17,62.276,57.4,638.7,82.175
9/30/19 11:17,62.276,57.4,636.2,82.175
9/30/19 11:17,62.276,57.4,631.2,82.175
9/30/19 11:17,62.276,57.3,628.7,82.175
9/30/19 11:17,62.276,57.3,623.7,82.175
9/30/19 11:17,62.276,57.3,621.2,82.175
9/30/19 11:17,62.233,57.2,621.2,82.175
9/30/19 11:17,62.233,57.1,621.2,82.175
9/30/19 11:17,62.233,57.1,621.2,82.175
9/30/19 11:17,62.233,57.1,621.2,82.175
9/30/19 11:17,62.233,57.1,618.7,82.175
9/30/19 11:17,62.233,57.1,618.7,82.175
9/30/19 11:17,62.233,57.1,616.2,82.175
9/30/19 11:17,62.233,57.1,613.7,82.175
9/30/19 11:17,62.191,57,613.7,82.175
9/30/19 11:17,62.191,57,613.7,82.175
9/30/19 11:17,62.191,57,613.7,82.175
9/30/19 11:17,62.191,57,616.2,82.175
9/30/19 11:17,62.191,57.1,616.2,82.175
9/30/19 11:17,62.191,57.1,618.7,82.175
9/30/19 11:17,62.191,57.1,621.2,82.175
9/30/19 11:17,62.148,57.2,621.2,82.175
9/30/19 11:17,62.148,57.3,623.7,82.175
9/30/19 11:17,62.148,57.4,623.7,82.175
9/30/19 11:17,62.148,57.5,623.7,82.175
9/30/19 11:17,62.148,57.5,623.7,82.175
9/30/19 11:17,62.148,57.6,623.7,82.175
9/30/19 11:17,62.148,57.7,623.7,82.175
9/30/19 11:17,62.148,57.8,623.7,82.175
9/30/19 11:17,62.105,57.9,623.7,82.175
9/30/19 11:17,62.105,58,623.7,82.13
9/30/19 11:17,62.105,57.9,623.7,82.13
9/30/19 11:17,62.105,58,623.7,82.13
9/30/19 11:17,62.105,58,626.2,82.13
9/30/19 11:17,62.105,58.1,626.2,82.13
9/30/19 11:17,62.105,58.2,628.7,82.13
9/30/19 11:17,62.105,58.3,631.2,82.13
9/30/19 11:17,62.105,58.4,636.2,82.13
9/30/19 11:17,62.105,58.4,641.2,82.13
9/30/19 11:17,62.105,58.4,651.2,82.13
9/30/19 11:17,62.105,58.5,668.7,82.13
9/30/19 11:17,62.105,58.5,701.2,82.13
9/30/19 11:17,62.105,58.5,773.7,82.13
9/30/19 11:17,62.105,58.5,866.2,82.13
9/30/19 11:17,62.105,58.6,958.7,82.13
9/30/19 11:17,62.105,58.6,1033.7,82.13
9/30/19 11:17,62.105,58.6,1096.2,82.13
9/30/19 11:17,62.105,58.7,1156.2,82.13
9/30/19 11:17,62.105,58.8,1208.7,82.13
9/30/19 11:17,62.105,58.8,1248.7,82.13
9/30/19 11:17,62.105,58.8,1298.7,82.13
9/30/19 11:17,62.105,58.8,1363.7,82.13
9/30/19 11:17,62.105,58.9,1436.2,82.13
9/30/19 11:18,62.105,58.9,1478.7,82.13
9/30/19 11:18,62.105,58.9,1468.7,82.13
9/30/19 11:18,62.105,58.9,1418.7,82.085
9/30/19 11:18,62.105,59,1348.7,82.085
9/30/19 11:18,62.105,59,1291.2,82.085
9/30/19 11:18,62.105,59.1,1246.2,82.085
9/30/19 11:18,62.105,59.2,1226.2,82.085
9/30/19 11:18,62.105,59.2,1241.2,82.085
9/30/19 11:18,62.105,59.3,1298.7,82.085
9/30/19 11:18,62.105,59.3,1383.7,82.085
9/30/19 11:18,62.105,59.3,1468.7,82.085
9/30/19 11:18,62.148,59.3,1538.7,82.085
9/30/19 11:18,62.148,59.2,1596.2,82.085
9/30/19 11:18,62.148,59.2,1641.2,82.085
9/30/19 11:18,62.148,59.3,1673.7,82.085
9/30/19 11:18,62.148,59.2,1693.7,82.085
9/30/19 11:18,62.148,59.3,1706.2,82.085
9/30/19 11:18,62.148,59.3,1708.7,82.085
9/30/19 11:18,62.148,59.3,1706.2,82.085
9/30/19 11:18,62.148,59.3,1703.7,82.085
9/30/19 11:18,62.148,59.3,1693.7,82.085
9/30/19 11:18,62.191,59.3,1681.2,82.085
9/30/19 11:18,62.191,59.3,1651.2,82.085
9/30/19 11:18,62.191,59.3,1596.2,82.085
9/30/19 11:18,62.191,59.2,1526.2,82.085
9/30/19 11:18,62.191,59.2,1446.2,82.085
9/30/19 11:18,62.191,59.2,1358.7,82.085
9/30/19 11:18,62.191,59.2,1273.7,82.085
9/30/19 11:18,62.191,59.1,1191.2,82.085
9/30/19 11:18,62.191,59.1,1126.2,82.085
9/30/19 11:18,62.191,59.1,1076.2,82.085
9/30/19 11:18,62.233,59,1038.7,82.085
9/30/19 11:18,62.233,59.1,1016.2,82.085
9/30/19 11:18,62.233,59,996.2,82.085
9/30/19 11:18,62.233,59,983.7,82.085
9/30/19 11:18,62.233,59,971.2,82.085
9/30/19 11:18,62.233,59,958.7,82.085
9/30/19 11:18,62.233,59,963.7,82.085
9/30/19 11:18,62.233,59,988.7,82.085
9/30/19 11:18,62.233,59.1,1033.7,82.085
9/30/19 11:18,62.233,59.1,1083.7,82.085
9/30/19 11:18,62.233,59.1,1138.7,82.085
9/30/19 11:18,62.233,59.1,1188.7,82.085
9/30/19 11:18,62.233,59,1226.2,82.085
9/30/19 11:18,62.233,59,1256.2,82.085
9/30/19 11:18,62.233,59,1278.7,82.085
9/30/19 11:18,62.233,58.9,1296.2,82.085
9/30/19 11:18,62.233,58.9,1316.2,82.085
9/30/19 11:18,62.233,58.9,1333.7,82.085
9/30/19 11:18,62.233,58.9,1356.2,82.085
9/30/19 11:18,62.233,58.9,1381.2,82.085
9/30/19 11:18,62.233,58.9,1403.7,82.085
9/30/19 11:18,62.233,58.9,1428.7,82.085
9/30/19 11:18,62.233,58.9,1453.7,82.085
9/30/19 11:18,62.233,58.9,1478.7,82.085
9/30/19 11:18,62.233,59,1513.7,82.085
9/30/19 11:18,62.276,59,1551.2,82.085
9/30/19 11:18,62.276,59,1588.7,82.085
9/30/19 11:18,62.276,59,1621.2,82.085
9/30/19 11:18,62.276,58.9,1641.2,82.085
9/30/19 11:19,62.276,58.9,1653.7,82.085
9/30/19 11:19,62.276,58.9,1653.7,82.085
9/30/19 11:19,62.276,58.8,1643.7,82.085
9/30/19 11:19,62.276,58.8,1623.7,82.085
9/30/19 11:19,62.276,58.8,1601.2,82.085
9/30/19 11:19,62.276,58.9,1581.2,82.085
9/30/19 11:19,62.276,58.9,1566.2,82.085
9/30/19 11:19,62.276,58.9,1553.7,82.085
9/30/19 11:19,62.319,59,1548.7,82.085
9/30/19 11:19,62.319,59,1556.2,82.085
9/30/19 11:19,62.319,59,1573.7,82.13
9/30/19 11:19,62.319,59.1,1571.2,82.13
9/30/19 11:19,62.319,59.1,1546.2,82.13
9/30/19 11:19,62.319,59.1,1516.2,82.13
9/30/19 11:19,62.362,59,1486.2,82.13
9/30/19 11:19,62.362,59.1,1443.7,82.13
9/30/19 11:19,62.362,59.1,1391.2,82.13
9/30/19 11:19,62.362,59.1,1341.2,82.13
9/30/19 11:19,62.362,59.1,1298.7,82.13
9/30/19 11:19,62.406,59.1,1263.7,82.13
9/30/19 11:19,62.406,59,1243.7,82.13
9/30/19 11:19,62.406,59,1241.2,82.13
9/30/19 11:19,62.406,59,1263.7,82.13
9/30/19 11:19,62.406,58.9,1298.7,82.13
9/30/19 11:19,62.447,58.8,1328.7,82.13
9/30/19 11:19,62.447,58.7,1373.7,82.13
9/30/19 11:19,62.447,58.6,1413.7,82.13
9/30/19 11:19,62.447,58.6,1436.2,82.13
9/30/19 11:19,62.447,58.5,1436.2,82.13
9/30/19 11:19,62.447,58.4,1441.2,82.175
9/30/19 11:19,62.447,58.3,1453.7,82.175
9/30/19 11:19,62.49,58.2,1456.2,82.175
9/30/19 11:19,62.49,58.2,1446.2,82.175
9/30/19 11:19,62.49,58.1,1438.7,82.175
9/30/19 11:19,62.49,58,1441.2,82.175
9/30/19 11:19,62.49,58,1461.2,82.175
9/30/19 11:19,62.49,57.9,1486.2,82.175
9/30/19 11:19,62.49,57.9,1511.2,82.175
9/30/19 11:19,62.49,58,1536.2,82.175
9/30/19 11:19,62.49,58,1556.2,82.175
9/30/19 11:19,62.533,58,1546.2,82.175
9/30/19 11:19,62.533,58.1,1521.2,82.218
9/30/19 11:19,62.533,58.1,1488.7,82.218
9/30/19 11:19,62.533,58.2,1466.2,82.218
9/30/19 11:19,62.533,58.2,1446.2,82.218
9/30/19 11:19,62.533,58.3,1431.2,82.218
9/30/19 11:19,62.577,58.3,1421.2,82.218
9/30/19 11:19,62.577,58.3,1418.7,82.218
9/30/19 11:19,62.577,58.4,1408.7,82.218
9/30/19 11:19,62.62,58.4,1388.7,82.218
9/30/19 11:19,62.62,58.4,1363.7,82.218
9/30/19 11:19,62.62,58.5,1343.7,82.218
9/30/19 11:19,62.62,58.5,1318.7,82.218
9/30/19 11:19,62.661,58.6,1308.7,82.218
9/30/19 11:19,62.661,58.5,1308.7,82.218
9/30/19 11:19,62.661,58.5,1326.2,82.263
9/30/19 11:19,62.704,58.5,1358.7,82.263
9/30/19 11:19,62.704,58.5,1403.7,82.263
9/30/19 11:19,62.704,58.5,1453.7,82.263
9/30/19 11:19,62.704,58.6,1496.2,82.263
9/30/19 11:20,62.748,58.6,1531.2,82.263
9/30/19 11:20,62.748,58.6,1551.2,82.263
9/30/19 11:20,62.748,58.7,1556.2,82.263
9/30/19 11:20,62.791,58.8,1546.2,82.308
9/30/19 11:20,62.791,58.9,1538.7,82.263
9/30/19 11:20,62.834,58.9,1526.2,82.263
9/30/19 11:20,62.834,59,1513.7,82.263
9/30/19 11:20,62.834,59,1511.2,82.308
9/30/19 11:20,62.834,59.1,1506.2,82.308
9/30/19 11:20,62.875,59.2,1511.2,82.308
9/30/19 11:20,62.875,59.3,1526.2,82.308
9/30/19 11:20,62.919,59.3,1546.2,82.308
9/30/19 11:20,62.919,59.3,1566.2,82.308
9/30/19 11:20,62.919,59.2,1583.7,82.308
9/30/19 11:20,62.919,59.2,1593.7,82.308
9/30/19 11:20,62.962,59.2,1601.2,82.308
9/30/19 11:20,62.962,59.1,1601.2,82.308
9/30/19 11:20,62.962,59.1,1596.2,82.308
9/30/19 11:20,63.005,58.9,1578.7,82.308
9/30/19 11:20,63.005,58.8,1553.7,82.353
9/30/19 11:20,63.005,58.7,1521.2,82.353
9/30/19 11:20,63.005,58.7,1473.7,82.353
9/30/19 11:20,63.005,58.6,1411.2,82.353
9/30/19 11:20,63.005,58.6,1338.7,82.353
9/30/19 11:20,63.048,58.5,1286.2,82.353
9/30/19 11:20,63.048,58.5,1253.7,82.353
9/30/19 11:20,63.048,58.4,1251.2,82.353
9/30/19 11:20,63.048,58.2,1276.2,82.353
9/30/19 11:20,63.048,58.1,1321.2,82.396
9/30/19 11:20,63.048,58,1378.7,82.396
9/30/19 11:20,63.048,58,1426.2,82.396
9/30/19 11:20,63.048,57.9,1461.2,82.396
9/30/19 11:20,63.048,57.8,1493.7,82.396
9/30/19 11:20,63.048,57.7,1516.2,82.396
9/30/19 11:20,63.048,57.6,1533.7,82.396
9/30/19 11:20,63.048,57.5,1548.7,82.396
9/30/19 11:20,63.048,57.6,1556.2,82.396
9/30/19 11:20,63.048,57.5,1561.2,82.396
9/30/19 11:20,63.048,57.4,1558.7,82.396
9/30/19 11:20,63.048,57.4,1551.2,82.396
9/30/19 11:20,63.048,57.3,1548.7,82.396
9/30/19 11:20,63.048,57.2,1538.7,82.396
9/30/19 11:20,63.048,57.2,1518.7,82.396
9/30/19 11:20,63.048,57.1,1491.2,82.441
9/30/19 11:20,63.09,57,1456.2,82.441
9/30/19 11:20,63.048,57,1431.2,82.441
9/30/19 11:20,63.09,57,1423.7,82.441
9/30/19 11:20,63.09,57,1428.7,82.441
9/30/19 11:20,63.09,57,1451.2,82.441
9/30/19 11:20,63.09,57,1491.2,82.441
9/30/19 11:20,63.09,56.9,1536.2,82.441
9/30/19 11:20,63.09,56.9,1568.7,82.441
9/30/19 11:20,63.09,56.9,1581.2,82.441
9/30/19 11:20,63.09,56.9,1588.7,82.441
9/30/19 11:20,63.09,56.9,1586.2,82.441
9/30/19 11:20,63.09,56.9,1588.7,82.486
9/30/19 11:20,63.09,56.9,1586.2,82.486
9/30/19 11:20,63.09,57,1586.2,82.486
9/30/19 11:20,63.09,57,1583.7,82.486
9/30/19 11:20,63.09,57.1,1583.7,82.486
9/30/19 11:21,63.133,57.1,1586.2,82.486
9/30/19 11:21,63.133,57.2,1586.2,82.486
9/30/19 11:21,63.133,57.2,1588.7,82.486
9/30/19 11:21,63.133,57.2,1591.2,82.486
9/30/19 11:21,63.133,57.2,1593.7,82.486
9/30/19 11:21,63.133,57.2,1598.7,82.486
9/30/19 11:21,63.133,57.3,1598.7,82.486
9/30/19 11:21,63.176,57.3,1598.7,82.486
9/30/19 11:21,63.176,57.3,1598.7,82.486
9/30/19 11:21,63.176,57.3,1598.7,82.486
9/30/19 11:21,63.176,57.4,1598.7,82.53
9/30/19 11:21,63.176,57.4,1593.7,82.486
9/30/19 11:21,63.176,57.5,1596.2,82.53
9/30/19 11:21,63.219,57.5,1593.7,82.53
9/30/19 11:21,63.219,57.5,1593.7,82.53
9/30/19 11:21,63.219,57.7,1591.2,82.53
9/30/19 11:21,63.219,57.8,1593.7,82.53
9/30/19 11:21,63.219,57.9,1588.7,82.53
9/30/19 11:21,63.262,58,1586.2,82.53
9/30/19 11:21,63.262,58.2,1583.7,82.53
9/30/19 11:21,63.262,58.4,1583.7,82.53
9/30/19 11:21,63.262,58.5,1581.2,82.53
9/30/19 11:21,63.304,58.5,1583.7,82.53
9/30/19 11:21,63.304,58.7,1583.7,82.53
9/30/19 11:21,63.347,58.9,1583.7,82.53
9/30/19 11:21,63.347,59.1,1583.7,82.575
9/30/19 11:21,63.347,59.2,1586.2,82.575
9/30/19 11:21,63.39,59.3,1583.7,82.575
9/30/19 11:21,63.39,59.5,1583.7,82.575
9/30/19 11:21,63.39,59.5,1583.7,82.575
9/30/19 11:21,63.433,59.6,1583.7,82.575
9/30/19 11:21,63.433,59.6,1583.7,82.575
9/30/19 11:21,63.475,59.5,1583.7,82.575
9/30/19 11:21,63.475,59.5,1583.7,82.575
9/30/19 11:21,63.475,59.6,1583.7,82.575
9/30/19 11:21,63.518,59.5,1583.7,82.575
9/30/19 11:21,63.518,59.5,1581.2,82.575
9/30/19 11:21,63.518,59.4,1581.2,82.575
9/30/19 11:21,63.561,59.3,1583.7,82.575
9/30/19 11:21,63.561,59.2,1578.7,82.575
9/30/19 11:21,63.561,59.3,1581.2,82.575
9/30/19 11:21,63.604,59.2,1578.7,82.575
9/30/19 11:21,63.604,59.1,1581.2,82.62
9/30/19 11:21,63.604,59.1,1583.7,82.62
9/30/19 11:21,63.648,59,1583.7,82.62
9/30/19 11:21,63.648,59,1583.7,82.62
9/30/19 11:21,63.648,58.9,1581.2,82.62
9/30/19 11:21,63.648,58.9,1581.2,82.62
9/30/19 11:21,63.689,58.9,1583.7,82.62
9/30/19 11:21,63.689,58.9,1583.7,82.62
9/30/19 11:21,63.689,58.8,1578.7,82.62
9/30/19 11:21,63.689,58.9,1588.7,82.62
9/30/19 11:21,63.689,59,1583.7,82.62
9/30/19 11:21,63.732,59,1583.7,82.62
9/30/19 11:21,63.732,59.2,1588.7,82.62
9/30/19 11:21,63.732,59.2,1586.2,82.62
9/30/19 11:21,63.775,59.4,1586.2,82.665
9/30/19 11:21,63.775,59.6,1588.7,82.665
9/30/19 11:21,63.775,59.6,1586.2,82.665
9/30/19 11:21,63.819,59.7,1573.7,82.665
9/30/19 11:22,63.819,59.9,1553.7,82.665
9/30/19 11:22,63.862,60,1541.2,82.665
9/30/19 11:22,63.862,60.2,1526.2,82.665
9/30/19 11:22,63.862,60.2,1516.2,82.665
9/30/19 11:22,63.903,60.3,1508.7,82.665
9/30/19 11:22,63.903,60.2,1508.7,82.665
9/30/19 11:22,63.946,60.2,1516.2,82.665
9/30/19 11:22,63.946,60.2,1523.7,82.665
9/30/19 11:22,63.946,60.2,1536.2,82.665
9/30/19 11:22,63.99,60.1,1543.7,82.665
9/30/19 11:22,64.033,60,1551.2,82.665
9/30/19 11:22,64.033,59.9,1558.7,82.708
9/30/19 11:22,64.033,59.8,1568.7,82.708
9/30/19 11:22,64.074,59.7,1571.2,82.708
9/30/19 11:22,64.074,59.6,1573.7,82.708
9/30/19 11:22,64.074,59.5,1571.2,82.708
9/30/19 11:22,64.074,59.4,1573.7,82.708
9/30/19 11:22,64.074,59.2,1573.7,82.708
9/30/19 11:22,64.117,59.1,1571.2,82.708
9/30/19 11:22,64.117,59.1,1576.2,82.708
9/30/19 11:22,64.117,59.1,1571.2,82.708
9/30/19 11:22,64.117,59,1573.7,82.708
9/30/19 11:22,64.117,59,1576.2,82.708
9/30/19 11:22,64.117,59,1576.2,82.753
9/30/19 11:22,64.117,59,1576.2,82.708
9/30/19 11:22,64.117,59.1,1578.7,82.753
9/30/19 11:22,64.117,59.1,1576.2,82.753
9/30/19 11:22,64.117,59.1,1571.2,82.753
9/30/19 11:22,64.117,59.1,1563.7,82.753
9/30/19 11:22,64.161,59.2,1558.7,82.753
9/30/19 11:22,64.161,59.2,1553.7,82.753
9/30/19 11:22,64.161,59.3,1546.2,82.753
9/30/19 11:22,64.161,59.2,1538.7,82.753
9/30/19 11:22,64.161,59.2,1536.2,82.753
9/30/19 11:22,64.161,59.2,1536.2,82.753
9/30/19 11:22,64.161,59.2,1543.7,82.753
9/30/19 11:22,64.161,59.2,1548.7,82.753
9/30/19 11:22,64.204,59.1,1548.7,82.753
9/30/19 11:22,64.161,59,1548.7,82.798
9/30/19 11:22,64.204,58.9,1538.7,82.753
9/30/19 11:22,64.204,58.8,1518.7,82.798
9/30/19 11:22,64.204,58.6,1493.7,82.798
9/30/19 11:22,64.204,58.5,1468.7,82.798
9/30/19 11:22,64.161,58.3,1441.2,82.798
9/30/19 11:22,64.161,58.1,1423.7,82.798
9/30/19 11:22,64.161,58.1,1413.7,82.798
9/30/19 11:22,64.161,57.9,1418.7,82.798
9/30/19 11:22,64.161,57.8,1438.7,82.798
9/30/19 11:22,64.161,57.7,1466.2,82.798
9/30/19 11:22,64.161,57.6,1498.7,82.798
9/30/19 11:22,64.117,57.5,1531.2,82.798
9/30/19 11:22,64.117,57.5,1561.2,82.798
9/30/19 11:22,64.117,57.6,1578.7,82.798
9/30/19 11:22,64.117,57.5,1581.2,82.798
9/30/19 11:22,64.074,57.5,1578.7,82.798
9/30/19 11:22,64.074,57.5,1573.7,82.798
9/30/19 11:22,64.074,57.4,1571.2,82.841
9/30/19 11:22,64.074,57.3,1566.2,82.798
9/30/19 11:22,64.033,57.2,1563.7,82.798
9/30/19 11:22,64.033,57.2,1563.7,82.841
9/30/19 11:23,64.033,57.1,1561.2,82.841
9/30/19 11:23,63.99,57,1561.2,82.841
9/30/19 11:23,63.99,57,1563.7,82.841
9/30/19 11:23,63.99,57,1566.2,82.841
9/30/19 11:23,63.946,57,1568.7,82.841
9/30/19 11:23,63.946,57,1573.7,82.841
9/30/19 11:23,63.946,57,1576.2,82.841
9/30/19 11:23,63.903,57,1581.2,82.841
9/30/19 11:23,63.903,57.1,1588.7,82.841
9/30/19 11:23,63.903,57.1,1593.7,82.841
9/30/19 11:23,63.903,57.1,1601.2,82.841
9/30/19 11:23,63.862,57,1601.2,82.841
9/30/19 11:23,63.862,57,1601.2,82.841
9/30/19 11:23,63.862,57,1606.2,82.841
9/30/19 11:23,63.819,57,1603.7,82.841
9/30/19 11:23,63.819,56.9,1603.7,82.841
9/30/19 11:23,63.819,56.9,1606.2,82.841
9/30/19 11:23,63.819,57,1608.7,82.841
9/30/19 11:23,63.775,57,1611.2,82.841
9/30/19 11:23,63.775,57.1,1613.7,82.886
9/30/19 11:23,63.775,57.1,1611.2,82.841
9/30/19 11:23,63.732,57.2,1611.2,82.886
9/30/19 11:23,63.732,57.4,1611.2,82.886
9/30/19 11:23,63.732,57.5,1611.2,82.886
9/30/19 11:23,63.732,57.6,1611.2,82.886
9/30/19 11:23,63.732,57.8,1608.7,82.886
9/30/19 11:23,63.732,57.9,1616.2,82.886
9/30/19 11:23,63.732,57.9,1618.7,82.886
9/30/19 11:23,63.732,58,1621.2,82.886
9/30/19 11:23,63.732,58,1618.7,82.886
9/30/19 11:23,63.732,58.1,1618.7,82.886
9/30/19 11:23,63.732,58.1,1616.2,82.886
9/30/19 11:23,63.732,58.1,1606.2,82.886
9/30/19 11:23,63.732,58,1588.7,82.886
9/30/19 11:23,63.732,58.1,1566.2,82.886
9/30/19 11:23,63.732,58.1,1546.2,82.886
9/30/19 11:23,63.732,58.1,1523.7,82.886
9/30/19 11:23,63.732,58.1,1508.7,82.886
9/30/19 11:23,63.732,58.1,1491.2,82.886
9/30/19 11:23,63.732,58.1,1481.2,82.886
9/30/19 11:23,63.732,58.1,1483.7,82.886
9/30/19 11:23,63.732,58.1,1488.7,82.886
9/30/19 11:23,63.732,58.2,1488.7,82.886
9/30/19 11:23,63.732,58.2,1478.7,82.886
9/30/19 11:23,63.732,58.3,1456.2,82.886
9/30/19 11:23,63.732,58.3,1433.7,82.886
9/30/19 11:23,63.732,58.3,1406.2,82.931
9/30/19 11:23,63.732,58.3,1366.2,82.931
9/30/19 11:23,63.732,58.3,1318.7,82.931
9/30/19 11:23,63.732,58.2,1266.2,82.931
9/30/19 11:23,63.732,58.1,1211.2,82.931
9/30/19 11:23,63.732,58.1,1161.2,82.931
9/30/19 11:23,63.732,58,1131.2,82.931
9/30/19 11:23,63.732,57.9,1118.7,82.931
9/30/19 11:23,63.732,57.9,1106.2,82.931
9/30/19 11:23,63.732,57.8,1096.2,82.931
9/30/19 11:23,63.732,57.8,1098.7,82.931
9/30/19 11:23,63.732,57.8,1091.2,82.931
9/30/19 11:23,63.732,57.9,1063.7,82.931
9/30/19 11:23,63.732,58,1011.2,82.931
9/30/19 11:24,63.732,58.1,966.2,82.931
9/30/19 11:24,63.689,58.1,931.2,82.931
9/30/19 11:24,63.689,58.2,898.7,82.931
9/30/19 11:24,63.689,58.3,866.2,82.931
9/30/19 11:24,63.689,58.3,851.2,82.931
9/30/19 11:24,63.689,58.4,846.2,82.931
9/30/19 11:24,63.689,58.5,843.7,82.931
9/30/19 11:24,63.689,58.6,833.7,82.931
9/30/19 11:24,63.689,58.7,823.7,82.931
9/30/19 11:24,63.689,58.8,818.7,82.931
9/30/19 11:24,63.689,58.8,816.2,82.931
9/30/19 11:24,63.689,59,826.2,82.931
9/30/19 11:24,63.689,59.1,841.2,82.931
9/30/19 11:24,63.689,59.1,866.2,82.931
9/30/19 11:24,63.732,59.1,898.7,82.931
9/30/19 11:24,63.689,59.1,943.7,82.931
9/30/19 11:24,63.732,59.1,991.2,82.931
9/30/19 11:24,63.732,59.1,1048.7,82.931
9/30/19 11:24,63.732,59.2,1118.7,82.931
9/30/19 11:24,63.732,59.2,1188.7,82.931
9/30/19 11:24,63.732,59.1,1246.2,82.931
9/30/19 11:24,63.732,59.1,1281.2,82.931
9/30/19 11:24,63.732,59.2,1298.7,82.931
9/30/19 11:24,63.732,59.2,1288.7,82.931
9/30/19 11:24,63.732,59.2,1261.2,82.931
9/30/19 11:24,63.732,59.2,1238.7,82.931
9/30/19 11:24,63.732,59.3,1231.2,82.931
9/30/19 11:24,63.732,59.3,1231.2,82.931
9/30/19 11:24,63.732,59.3,1226.2,82.931
9/30/19 11:24,63.732,59.2,1206.2,82.931
9/30/19 11:24,63.732,59.2,1176.2,82.931
9/30/19 11:24,63.775,59.1,1148.7,82.931
9/30/19 11:24,63.775,59,1153.7,82.931
9/30/19 11:24,63.732,58.9,1173.7,82.931
9/30/19 11:24,63.775,58.7,1183.7,82.931
9/30/19 11:24,63.732,58.6,1176.2,82.931
9/30/19 11:24,63.732,58.5,1146.2,82.931
9/30/19 11:24,63.732,58.4,1093.7,82.931
9/30/19 11:24,63.732,58.3,1036.2,82.931
9/30/19 11:24,63.732,58.1,976.2,82.931
9/30/19 11:24,63.732,58,936.2,82.931
9/30/19 11:24,63.732,58.1,918.7,82.931
9/30/19 11:24,63.689,58,923.7,82.931
9/30/19 11:24,63.689,58,933.7,82.931
9/30/19 11:24,63.689,57.9,938.7,82.931
9/30/19 11:24,63.689,58,933.7,82.931
9/30/19 11:24,63.689,58,916.2,82.931
9/30/19 11:24,63.689,58.1,893.7,82.931
9/30/19 11:24,63.648,58.1,861.2,82.931
9/30/19 11:24,63.648,58.1,826.2,82.931
9/30/19 11:24,63.648,58.2,801.2,82.931
9/30/19 11:24,63.648,58.3,778.7,82.976
9/30/19 11:24,63.648,58.5,763.7,82.931
9/30/19 11:24,63.648,58.6,756.2,82.976
9/30/19 11:24,63.648,58.7,748.7,82.931
9/30/19 11:24,63.648,58.8,741.2,82.931
9/30/19 11:24,63.648,59,731.2,82.976
9/30/19 11:24,63.648,59,718.7,82.976
9/30/19 11:24,63.648,59.1,708.7,82.931
9/30/19 11:24,63.689,59.1,696.2,82.931
9/30/19 11:25,63.689,59.1,688.7,82.931
9/30/19 11:25,63.689,59,681.2,82.931
9/30/19 11:25,63.689,59,676.2,82.931
9/30/19 11:25,63.689,59,676.2,82.976
9/30/19 11:25,63.648,59,673.7,82.976
9/30/19 11:25,63.689,59,673.7,82.931
9/30/19 11:25,63.648,59,673.7,82.976
9/30/19 11:25,63.689,59.1,673.7,82.976
9/30/19 11:25,63.648,59.1,673.7,82.931
9/30/19 11:25,63.689,59.2,671.2,82.931
9/30/19 11:25,63.648,59.1,668.7,82.931
9/30/19 11:25,63.648,59.1,666.2,82.976
9/30/19 11:25,63.648,59.2,663.7,82.931
9/30/19 11:25,63.648,59.1,661.2,82.931
9/30/19 11:25,63.648,59.2,661.2,82.931
9/30/19 11:25,63.648,59.3,661.2,82.931
9/30/19 11:25,63.648,59.3,663.7,82.931
9/30/19 11:25,63.648,59.4,668.7,82.976
9/30/19 11:25,63.648,59.5,676.2,82.931
9/30/19 11:25,63.648,59.5,681.2,82.931
9/30/19 11:25,63.648,59.5,688.7,82.931
9/30/19 11:25,63.648,59.4,691.2,82.931
9/30/19 11:25,63.648,59.3,691.2,82.931
9/30/19 11:25,63.648,59.2,686.2,82.931
9/30/19 11:25,63.648,59.1,678.7,82.931
9/30/19 11:25,63.648,59,676.2,82.931
9/30/19 11:25,63.604,58.8,671.2,82.931
9/30/19 11:25,63.604,58.6,671.2,82.931
9/30/19 11:25,63.604,58.6,671.2,82.931
9/30/19 11:25,63.604,58.5,671.2,82.931
9/30/19 11:25,63.604,58.4,671.2,82.931
9/30/19 11:25,63.561,58.3,671.2,82.931
9/30/19 11:25,63.561,58.1,673.7,82.931
9/30/19 11:25,63.518,58,673.7,82.931
9/30/19 11:25,63.518,58,676.2,82.931
9/30/19 11:25,63.518,58,678.7,82.931
9/30/19 11:25,63.475,57.9,686.2,82.931
9/30/19 11:25,63.475,57.9,691.2,82.931
9/30/19 11:25,63.475,57.9,698.7,82.931
9/30/19 11:25,63.433,57.9,713.7,82.931
9/30/19 11:25,63.433,57.9,738.7,82.931
9/30/19 11:25,63.433,57.8,773.7,82.931
9/30/19 11:25,63.39,57.8,821.2,82.931
9/30/19 11:25,63.39,57.9,878.7,82.931
9/30/19 11:25,63.39,57.9,931.2,82.931
9/30/19 11:25,63.39,57.9,961.2,82.886
9/30/19 11:25,63.347,57.9,973.7,82.886
9/30/19 11:25,63.347,57.9,961.2,82.886
9/30/19 11:25,63.347,57.9,936.2,82.886
9/30/19 11:25,63.304,57.9,893.7,82.886
9/30/19 11:25,63.304,57.8,841.2,82.886
9/30/19 11:25,63.304,57.8,803.7,82.886
9/30/19 11:25,63.262,57.8,776.2,82.886
9/30/19 11:25,63.262,57.7,756.2,82.886
9/30/19 11:25,63.262,57.7,733.7,82.886
9/30/19 11:25,63.262,57.7,711.2,82.886
9/30/19 11:25,63.219,57.8,698.7,82.886
9/30/19 11:25,63.219,57.8,696.2,82.886
9/30/19 11:25,63.219,57.8,693.7,82.886
9/30/19 11:25,63.176,57.8,691.2,82.886
9/30/19 11:26,63.176,57.7,693.7,82.886
9/30/19 11:26,63.176,57.7,698.7,82.841
9/30/19 11:26,63.176,57.7,703.7,82.841
9/30/19 11:26,63.176,57.6,711.2,82.841
9/30/19 11:26,63.133,57.5,723.7,82.841
9/30/19 11:26,63.133,57.6,738.7,82.841
9/30/19 11:26,63.133,57.5,758.7,82.841
9/30/19 11:26,63.09,57.4,773.7,82.841
9/30/19 11:26,63.09,57.4,796.2,82.841
9/30/19 11:26,63.09,57.4,821.2,82.841
9/30/19 11:26,63.048,57.3,848.7,82.841
9/30/19 11:26,63.048,57.3,876.2,82.841
9/30/19 11:26,63.048,57.2,893.7,82.841
9/30/19 11:26,63.048,57.2,901.2,82.841
9/30/19 11:26,63.005,57.2,898.7,82.841
9/30/19 11:26,63.005,57.2,893.7,82.841
9/30/19 11:26,63.005,57.2,888.7,82.841
9/30/19 11:26,62.962,57.2,886.2,82.841
9/30/19 11:26,62.962,57.3,888.7,82.841
9/30/19 11:26,62.962,57.3,896.2,82.841
9/30/19 11:26,62.962,57.4,893.7,82.798
9/30/19 11:26,62.962,57.4,876.2,82.798
9/30/19 11:26,62.919,57.4,853.7,82.798
9/30/19 11:26,62.919,57.4,821.2,82.798
9/30/19 11:26,62.919,57.4,781.2,82.798
9/30/19 11:26,62.919,57.4,741.2,82.798
9/30/19 11:26,62.875,57.4,723.7,82.798
9/30/19 11:26,62.875,57.4,721.2,82.798
9/30/19 11:26,62.875,57.4,728.7,82.798
9/30/19 11:26,62.875,57.4,736.2,82.798
9/30/19 11:26,62.875,57.4,738.7,82.798
9/30/19 11:26,62.834,57.4,741.2,82.798
9/30/19 11:26,62.834,57.4,736.2,82.798
9/30/19 11:26,62.834,57.4,728.7,82.798
9/30/19 11:26,62.834,57.3,716.2,82.798
9/30/19 11:26,62.791,57.3,706.2,82.798
9/30/19 11:26,62.791,57.3,698.7,82.798
9/30/19 11:26,62.791,57.4,693.7,82.798
9/30/19 11:26,62.791,57.4,691.2,82.753
9/30/19 11:26,62.748,57.3,686.2,82.753
9/30/19 11:26,62.748,57.3,683.7,82.753
9/30/19 11:26,62.748,57.4,681.2,82.753
9/30/19 11:26,62.748,57.4,678.7,82.753
9/30/19 11:26,62.748,57.4,678.7,82.753
9/30/19 11:26,62.704,57.4,678.7,82.753
9/30/19 11:26,62.704,57.4,681.2,82.753
9/30/19 11:26,62.704,57.4,683.7,82.753
9/30/19 11:26,62.704,57.4,686.2,82.753
9/30/19 11:26,62.661,57.4,691.2,82.753
9/30/19 11:26,62.661,57.4,693.7,82.753
9/30/19 11:26,62.661,57.4,698.7,82.753
9/30/19 11:26,62.661,57.4,703.7,82.753
9/30/19 11:26,62.661,57.5,708.7,82.753
9/30/19 11:26,62.661,57.6,711.2,82.753
9/30/19 11:26,62.62,57.6,718.7,82.753
9/30/19 11:26,62.661,57.7,726.2,82.753
9/30/19 11:26,62.62,57.7,733.7,82.753
9/30/19 11:26,62.62,57.8,746.2,82.708
9/30/19 11:26,62.62,57.9,756.2,82.708
9/30/19 11:26,62.62,58,761.2,82.708
9/30/19 11:27,62.62,58,761.2,82.708
9/30/19 11:27,62.62,58,753.7,82.708
9/30/19 11:27,62.62,58,743.7,82.708
9/30/19 11:27,62.62,58.2,733.7,82.708
9/30/19 11:27,62.62,58.3,723.7,82.708
9/30/19 11:27,62.62,58.3,716.2,82.708
9/30/19 11:27,62.62,58.4,711.2,82.708
9/30/19 11:27,62.62,58.5,708.7,82.708
9/30/19 11:27,62.62,58.5,708.7,82.708
9/30/19 11:27,62.62,58.6,711.2,82.708
9/30/19 11:27,62.62,58.7,716.2,82.708
9/30/19 11:27,62.62,58.7,726.2,82.708
9/30/19 11:27,62.62,58.8,736.2,82.708
9/30/19 11:27,62.62,58.9,748.7,82.708
9/30/19 11:27,62.62,59,768.7,82.665
9/30/19 11:27,62.62,59.1,793.7,82.665
9/30/19 11:27,62.62,59.1,823.7,82.665
9/30/19 11:27,62.62,59.1,853.7,82.665
9/30/19 11:27,62.62,59.1,881.2,82.665
9/30/19 11:27,62.62,59.1,901.2,82.665
9/30/19 11:27,62.62,59.1,916.2,82.665
9/30/19 11:27,62.62,59.1,918.7,82.665
9/30/19 11:27,62.62,59.1,906.2,82.665
9/30/19 11:27,62.62,59.1,888.7,82.665
9/30/19 11:27,62.62,59,873.7,82.665
9/30/19 11:27,62.661,59,858.7,82.665
9/30/19 11:27,62.661,59,843.7,82.665
9/30/19 11:27,62.661,59,836.2,82.665
9/30/19 11:27,62.661,59,836.2,82.665
9/30/19 11:27,62.661,59,841.2,82.665
9/30/19 11:27,62.661,59,856.2,82.62
9/30/19 11:27,62.661,59,883.7,82.396
9/30/19 11:27,62.661,59,916.2,82.396
9/30/19 11:27,62.661,59,943.7,82.396
9/30/19 11:27,62.661,59,966.2,82.396
9/30/19 11:27,62.661,59,978.7,82.396
9/30/19 11:27,62.661,58.9,981.2,82.396
9/30/19 11:27,62.661,58.9,973.7,82.396
9/30/19 11:27,62.661,58.9,963.7,82.396
9/30/19 11:27,62.661,58.8,968.7,82.396
9/30/19 11:27,62.661,58.7,978.7,82.353
9/30/19 11:27,62.661,58.7,993.7,82.353
9/30/19 11:27,62.62,58.6,1021.2,82.353
9/30/19 11:27,62.62,58.6,1051.2,82.353
9/30/19 11:27,62.661,58.6,1071.2,82.353
9/30/19 11:27,62.661,58.6,1078.7,82.353
9/30/19 11:27,62.661,58.5,1073.7,82.353
9/30/19 11:27,62.661,58.5,1071.2,82.353
9/30/19 11:27,62.62,58.5,1083.7,82.353
9/30/19 11:27,62.661,58.6,1101.2,82.353
9/30/19 11:27,62.661,58.6,1116.2,82.353
9/30/19 11:27,62.661,58.6,1118.7,82.353
9/30/19 11:27,62.661,58.6,1106.2,82.353
9/30/19 11:27,62.661,58.5,1076.2,82.353
9/30/19 11:27,62.661,58.5,1031.2,82.353
9/30/19 11:27,62.661,58.5,968.7,82.353
9/30/19 11:27,62.661,58.5,916.2,82.353
9/30/19 11:27,62.661,58.5,898.7,82.353
9/30/19 11:27,62.661,58.5,916.2,82.353
9/30/19 11:27,62.661,58.5,958.7,82.353
9/30/19 11:28,62.661,58.5,1011.2,82.353
9/30/19 11:28,62.661,58.6,1068.7,82.353
9/30/19 11:28,62.661,58.6,1128.7,82.353
9/30/19 11:28,62.704,58.6,1183.7,82.353
9/30/19 11:28,62.661,58.5,1231.2,82.353
9/30/19 11:28,62.704,58.5,1283.7,82.353
9/30/19 11:28,62.704,58.5,1336.2,82.353
9/30/19 11:28,62.704,58.5,1376.2,82.308
9/30/19 11:28,62.704,58.5,1401.2,82.308
9/30/19 11:28,62.704,58.5,1426.2,82.353
9/30/19 11:28,62.704,58.5,1433.7,82.353
9/30/19 11:28,62.748,58.6,1433.7,82.353
9/30/19 11:28,62.748,58.6,1421.2,82.308
9/30/19 11:28,62.748,58.6,1401.2,82.353
9/30/19 11:28,62.748,58.5,1378.7,82.308
9/30/19 11:28,62.748,58.6,1348.7,82.308
9/30/19 11:28,62.748,58.5,1306.2,82.308
9/30/19 11:28,62.748,58.5,1251.2,82.308
9/30/19 11:28,62.791,58.6,1196.2,82.308
9/30/19 11:28,62.791,58.5,1153.7,82.353
9/30/19 11:28,62.791,58.5,1126.2,82.308
9/30/19 11:28,62.791,58.5,1103.7,82.308
9/30/19 11:28,62.791,58.5,1076.2,82.308
9/30/19 11:28,62.791,58.5,1046.2,82.308
9/30/19 11:28,62.834,58.5,1008.7,82.308
9/30/19 11:28,62.834,58.5,963.7,82.353
9/30/19 11:28,62.834,58.5,916.2,82.353
9/30/19 11:28,62.834,58.5,881.2,82.353
9/30/19 11:28,62.834,58.5,863.7,82.353
9/30/19 11:28,62.875,58.6,851.2,82.353
9/30/19 11:28,62.875,58.6,846.2,82.308
9/30/19 11:28,62.875,58.5,846.2,82.353
9/30/19 11:28,62.875,58.5,846.2,82.308
9/30/19 11:28,62.875,58.5,843.7,82.353
9/30/19 11:28,62.919,58.6,843.7,82.353
9/30/19 11:28,62.919,58.6,838.7,82.353
9/30/19 11:28,62.919,58.6,833.7,82.353
9/30/19 11:28,62.919,58.6,828.7,82.353
9/30/19 11:28,62.962,58.6,818.7,82.353
9/30/19 11:28,62.962,58.6,813.7,82.353
9/30/19 11:28,62.962,58.7,821.2,82.353
9/30/19 11:28,62.962,58.7,836.2,82.353
9/30/19 11:28,63.005,58.8,843.7,82.353
9/30/19 11:28,63.005,58.8,851.2,82.353
9/30/19 11:28,63.005,58.9,863.7,82.353
9/30/19 11:28,63.005,58.9,881.2,82.353
9/30/19 11:28,63.048,58.9,898.7,82.353
9/30/19 11:28,63.048,59,913.7,82.353
9/30/19 11:28,63.048,59,921.2,82.353
9/30/19 11:28,63.09,59.1,926.2,82.353
9/30/19 11:28,63.09,59,928.7,82.353
9/30/19 11:28,63.09,59.1,933.7,82.353
9/30/19 11:28,63.133,59.1,943.7,82.353
9/30/19 11:28,63.133,59.2,958.7,82.353
9/30/19 11:28,63.133,59.2,991.2,82.353
9/30/19 11:28,63.133,59.3,1038.7,82.353
9/30/19 11:28,63.176,59.3,1093.7,82.353
9/30/19 11:28,63.176,59.4,1148.7,82.353
9/30/19 11:28,63.176,59.4,1196.2,82.353
9/30/19 11:28,63.219,59.4,1248.7,82.353
9/30/19 11:29,63.219,59.5,1286.2,82.353
9/30/19 11:29,63.219,59.5,1303.7,82.353
9/30/19 11:29,63.219,59.5,1298.7,82.353
9/30/19 11:29,63.262,59.5,1273.7,82.353
9/30/19 11:29,63.262,59.5,1231.2,82.353
9/30/19 11:29,63.262,59.5,1178.7,82.353
9/30/19 11:29,63.304,59.5,1128.7,82.353
9/30/19 11:29,63.304,59.5,1086.2,82.353
9/30/19 11:29,63.304,59.5,1066.2,82.353
9/30/19 11:29,63.347,59.5,1056.2,82.353
9/30/19 11:29,63.347,59.5,1048.7,82.353
9/30/19 11:29,63.347,59.5,1038.7,82.353
9/30/19 11:29,63.347,59.4,1028.7,82.353
9/30/19 11:29,63.39,59.4,1026.2,82.396
9/30/19 11:29,63.39,59.4,1018.7,82.353
9/30/19 11:29,63.39,59.4,1013.7,82.396
9/30/19 11:29,63.433,59.4,1013.7,82.353
9/30/19 11:29,63.433,59.3,1016.2,82.353
9/30/19 11:29,63.433,59.3,1026.2,82.396
9/30/19 11:29,63.433,59.3,1043.7,82.396
9/30/19 11:29,63.475,59.3,1071.2,82.396
9/30/19 11:29,63.475,59.3,1113.7,82.396
9/30/19 11:29,63.475,59.3,1156.2,82.396
9/30/19 11:29,63.475,59.3,1203.7,82.396
9/30/19 11:29,63.518,59.3,1236.2,82.396
9/30/19 11:29,63.518,59.3,1246.2,82.396
9/30/19 11:29,63.518,59.5,1238.7,82.396
9/30/19 11:29,63.518,59.4,1213.7,82.396
9/30/19 11:29,63.518,59.4,1186.2,82.396
9/30/19 11:29,63.561,59.5,1146.2,82.396
9/30/19 11:29,63.561,59.6,1111.2,82.396
9/30/19 11:29,63.561,59.6,1093.7,82.396
9/30/19 11:29,63.561,59.6,1093.7,82.396
9/30/19 11:29,63.604,59.6,1103.7,82.396
9/30/19 11:29,63.604,59.6,1116.2,82.396
9/30/19 11:29,63.604,59.6,1138.7,82.396
9/30/19 11:29,63.604,59.5,1178.7,82.396
9/30/19 11:29,63.604,59.4,1228.7,82.396
9/30/19 11:29,63.604,59.3,1278.7,82.396
9/30/19 11:29,63.648,59.2,1333.7,82.396
9/30/19 11:29,63.604,59.2,1388.7,82.396
9/30/19 11:29,63.648,59.1,1448.7,82.441
9/30/19 11:29,63.648,59,1496.2,82.396
9/30/19 11:29,63.648,59,1533.7,82.441
9/30/19 11:29,63.648,58.9,1563.7,82.441
9/30/19 11:29,63.648,58.9,1578.7,82.441
9/30/19 11:29,63.648,58.9,1588.7,82.441
9/30/19 11:29,63.648,58.9,1593.7,82.441
9/30/19 11:29,63.648,58.9,1598.7,82.441
9/30/19 11:29,63.648,59,1601.2,82.441
9/30/19 11:29,63.648,59,1601.2,82.441
9/30/19 11:29,63.648,59,1603.7,82.441
9/30/19 11:29,63.648,58.9,1601.2,82.441
9/30/19 11:29,63.689,58.9,1601.2,82.441
9/30/19 11:29,63.689,58.8,1598.7,82.486
9/30/19 11:29,63.689,58.7,1598.7,82.486
9/30/19 11:29,63.689,58.7,1598.7,82.441
9/30/19 11:29,63.689,58.6,1596.2,82.486
9/30/19 11:29,63.689,58.6,1593.7,82.486
9/30/19 11:29,63.689,58.5,1593.7,82.486
9/30/19 11:30,63.689,58.4,1591.2,82.486
9/30/19 11:30,63.689,58.4,1593.7,82.486
9/30/19 11:30,63.689,58.3,1591.2,82.486
9/30/19 11:30,63.689,58.2,1586.2,82.486
9/30/19 11:30,63.689,58.1,1583.7,82.486
9/30/19 11:30,63.689,58.1,1583.7,82.486
9/30/19 11:30,63.689,58,1583.7,82.486
9/30/19 11:30,63.689,58.1,1586.2,82.486
9/30/19 11:30,63.689,58.1,1583.7,82.53
9/30/19 11:30,63.689,58.1,1583.7,82.486
9/30/19 11:30,63.689,58,1583.7,82.53
9/30/19 11:30,63.689,58.1,1578.7,82.53
9/30/19 11:30,63.689,58.2,1578.7,82.53
9/30/19 11:30,63.689,58.3,1578.7,82.53
9/30/19 11:30,63.689,58.4,1578.7,82.53
9/30/19 11:30,63.689,58.4,1578.7,82.53
9/30/19 11:30,63.689,58.4,1578.7,82.53
9/30/19 11:30,63.689,58.4,1573.7,82.575
9/30/19 11:30,63.689,58.3,1578.7,82.575
9/30/19 11:30,63.689,58.3,1573.7,82.575
9/30/19 11:30,63.689,58.2,1573.7,82.575
9/30/19 11:30,63.689,58.2,1573.7,82.575
9/30/19 11:30,63.689,58.1,1573.7,82.575
9/30/19 11:30,63.689,58.1,1573.7,82.575
9/30/19 11:30,63.689,58.1,1573.7,82.575
9/30/19 11:30,63.689,58.1,1571.2,82.575
9/30/19 11:30,63.689,58.1,1571.2,82.575
9/30/19 11:30,63.732,58,1568.7,82.575
9/30/19 11:30,63.732,58.1,1571.2,82.575
9/30/19 11:30,63.732,58.1,1571.2,82.62
9/30/19 11:30,63.732,58,1571.2,82.62
9/30/19 11:30,63.732,58,1571.2,82.62
9/30/19 11:30,63.732,57.9,1571.2,82.62
9/30/19 11:30,63.732,57.9,1568.7,82.62
9/30/19 11:30,63.732,57.9,1566.2,82.62
9/30/19 11:30,63.732,57.8,1568.7,82.62
9/30/19 11:30,63.732,57.8,1566.2,82.665
9/30/19 11:30,63.775,57.8,1566.2,82.665
9/30/19 11:30,63.775,57.8,1568.7,82.665
9/30/19 11:30,63.775,57.9,1568.7,82.665
9/30/19 11:30,63.775,57.9,1566.2,82.665
9/30/19 11:30,63.775,57.9,1568.7,82.665
9/30/19 11:30,63.819,57.9,1566.2,82.665
9/30/19 11:30,63.819,58,1563.7,82.665
9/30/19 11:30,63.819,58,1566.2,82.708
9/30/19 11:30,63.819,58.1,1563.7,82.665
9/30/19 11:30,63.819,58.1,1566.2,82.708
9/30/19 11:30,63.862,58.1,1563.7,82.708
9/30/19 11:30,63.862,58.1,1563.7,82.708
9/30/19 11:30,63.862,58.1,1566.2,82.708
9/30/19 11:30,63.903,58.1,1563.7,82.708
9/30/19 11:30,63.903,58.1,1563.7,82.708
9/30/19 11:30,63.903,58.1,1566.2,82.708
9/30/19 11:30,63.903,58.2,1563.7,82.708
9/30/19 11:30,63.946,58.2,1561.2,82.753
9/30/19 11:30,63.946,58.2,1561.2,82.753
9/30/19 11:30,63.99,58.2,1561.2,82.753
9/30/19 11:30,63.99,58.2,1558.7,82.753
9/30/19 11:30,63.99,58.2,1558.7,82.753
9/30/19 11:30,63.99,58.2,1558.7,82.753
9/30/19 11:31,64.033,58.1,1558.7,82.753
9/30/19 11:31,64.033,58.1,1558.7,82.753
9/30/19 11:31,64.033,58.1,1556.2,82.798
9/30/19 11:31,64.033,58.1,1558.7,82.798
9/30/19 11:31,64.074,58.1,1556.2,82.798
9/30/19 11:31,64.074,58.1,1553.7,82.798
9/30/19 11:31,64.074,58.1,1553.7,82.798
9/30/19 11:31,64.117,58.1,1556.2,82.798
9/30/19 11:31,64.117,58.1,1553.7,82.798
9/30/19 11:31,64.117,58.2,1553.7,82.841
9/30/19 11:31,64.117,58.3,1553.7,82.841
9/30/19 11:31,64.161,58.3,1553.7,82.841
9/30/19 11:31,64.161,58.4,1556.2,82.841
9/30/19 11:31,64.161,58.5,1553.7,82.841
9/30/19 11:31,64.161,58.6,1556.2,82.841
9/30/19 11:31,64.204,58.5,1553.7,82.841
9/30/19 11:31,64.204,58.5,1553.7,82.886
9/30/19 11:31,64.204,58.4,1558.7,82.886
9/30/19 11:31,64.247,58.4,1556.2,82.886
9/30/19 11:31,64.247,58.3,1556.2,82.886
9/30/19 11:31,64.247,58.3,1553.7,82.886
9/30/19 11:31,64.247,58.3,1553.7,82.886
9/30/19 11:31,64.288,58.3,1556.2,82.886
9/30/19 11:31,64.288,58.3,1553.7,82.886
9/30/19 11:31,64.288,58.2,1553.7,82.886
9/30/19 11:31,64.288,58.2,1553.7,82.886
9/30/19 11:31,64.288,58.2,1553.7,82.931
9/30/19 11:31,64.288,58.2,1553.7,82.931
9/30/19 11:31,64.288,58.1,1553.7,82.931
9/30/19 11:31,64.332,58,1553.7,82.931
9/30/19 11:31,64.332,57.9,1551.2,82.931
9/30/19 11:31,64.332,57.8,1553.7,82.931
9/30/19 11:31,64.332,57.8,1553.7,82.931
9/30/19 11:31,64.332,57.7,1551.2,82.931
9/30/19 11:31,64.288,57.7,1551.2,82.931
9/30/19 11:31,64.288,57.6,1553.7,82.931
9/30/19 11:31,64.288,57.6,1553.7,82.976
9/30/19 11:31,64.288,57.7,1551.2,82.976
9/30/19 11:31,64.288,57.7,1551.2,82.976
9/30/19 11:31,64.288,57.6,1551.2,82.976
9/30/19 11:31,64.288,57.5,1551.2,82.976
9/30/19 11:31,64.288,57.4,1548.7,82.976
9/30/19 11:31,64.288,57.3,1548.7,82.976
9/30/19 11:31,64.288,57.2,1548.7,82.976
9/30/19 11:31,64.288,57.1,1546.2,83.021
9/30/19 11:31,64.288,57,1551.2,83.021
9/30/19 11:31,64.247,56.9,1548.7,83.021
9/30/19 11:31,64.247,56.7,1546.2,83.021
9/30/19 11:31,64.247,56.7,1543.7,83.021
9/30/19 11:31,64.204,56.6,1543.7,83.021
9/30/19 11:31,64.204,56.6,1543.7,83.021
9/30/19 11:31,64.204,56.6,1546.2,83.021
9/30/19 11:31,64.204,56.6,1546.2,83.021
9/30/19 11:31,64.161,56.6,1543.7,83.021
9/30/19 11:31,64.161,56.5,1543.7,83.021
9/30/19 11:31,64.161,56.5,1543.7,83.021
9/30/19 11:31,64.117,56.4,1543.7,83.064
9/30/19 11:31,64.117,56.4,1546.2,83.064
9/30/19 11:31,64.117,56.4,1543.7,83.021
9/30/19 11:31,64.117,56.3,1543.7,83.064
9/30/19 11:32,64.074,56.4,1541.2,83.064
9/30/19 11:32,64.074,56.4,1543.7,83.064
9/30/19 11:32,64.033,56.5,1541.2,83.064
9/30/19 11:32,64.033,56.6,1543.7,83.064
9/30/19 11:32,64.033,56.6,1543.7,83.064
9/30/19 11:32,64.033,56.7,1543.7,83.064
9/30/19 11:32,64.033,56.8,1543.7,83.064
9/30/19 11:32,63.99,56.8,1543.7,83.064
9/30/19 11:32,63.99,56.8,1541.2,83.064
9/30/19 11:32,63.99,56.6,1543.7,83.064
9/30/19 11:32,63.99,56.6,1541.2,83.109
9/30/19 11:32,63.99,56.7,1538.7,83.109
9/30/19 11:32,63.946,56.7,1541.2,83.109
9/30/19 11:32,63.946,56.6,1541.2,83.109
9/30/19 11:32,63.946,56.6,1541.2,83.109
9/30/19 11:32,63.946,56.6,1541.2,83.109
9/30/19 11:32,63.946,56.6,1541.2,83.109
9/30/19 11:32,63.903,56.6,1541.2,83.109
9/30/19 11:32,63.903,56.5,1541.2,83.109
9/30/19 11:32,63.903,56.6,1541.2,83.109
9/30/19 11:32,63.903,56.6,1538.7,83.109
9/30/19 11:32,63.903,56.6,1543.7,83.109
9/30/19 11:32,63.862,56.5,1541.2,83.109
9/30/19 11:32,63.862,56.6,1541.2,83.109
9/30/19 11:32,63.862,56.6,1541.2,83.154
9/30/19 11:32,63.862,56.6,1541.2,83.109
9/30/19 11:32,63.862,56.6,1543.7,83.109
9/30/19 11:32,63.819,56.7,1541.2,83.154
9/30/19 11:32,63.819,56.8,1541.2,83.154
9/30/19 11:32,63.819,56.8,1541.2,83.154
9/30/19 11:32,63.819,56.9,1541.2,83.154
9/30/19 11:32,63.819,56.8,1543.7,83.154
9/30/19 11:32,63.819,56.8,1538.7,83.154
9/30/19 11:32,63.819,56.8,1541.2,83.154
9/30/19 11:32,63.819,56.8,1541.2,83.154
9/30/19 11:32,63.819,56.7,1541.2,83.154
9/30/19 11:32,63.775,56.6,1541.2,83.154
9/30/19 11:32,63.775,56.6,1536.2,83.154
9/30/19 11:32,63.775,56.6,1541.2,83.154
9/30/19 11:32,63.775,56.6,1536.2,83.154
9/30/19 11:32,63.775,56.7,1536.2,83.154
9/30/19 11:32,63.775,56.8,1536.2,83.154
9/30/19 11:32,63.775,56.9,1533.7,83.154
9/30/19 11:32,63.775,57,1536.2,83.154
9/30/19 11:32,63.775,57,1533.7,83.199
9/30/19 11:32,63.775,57.1,1536.2,83.199
9/30/19 11:32,63.775,57.3,1536.2,83.199
9/30/19 11:32,63.775,57.5,1536.2,83.199
9/30/19 11:32,63.775,57.5,1533.7,83.199
9/30/19 11:32,63.775,57.7,1533.7,83.199
9/30/19 11:32,63.775,57.8,1533.7,83.199
9/30/19 11:32,63.775,57.9,1536.2,83.199
9/30/19 11:32,63.775,58.1,1533.7,83.199
9/30/19 11:32,63.819,58.1,1531.2,83.199
9/30/19 11:32,63.819,58.1,1531.2,83.199
9/30/19 11:32,63.819,58.1,1533.7,83.199
9/30/19 11:32,63.819,58.1,1536.2,83.199
9/30/19 11:32,63.819,58.1,1533.7,83.199
9/30/19 11:32,63.862,58.1,1531.2,83.199
9/30/19 11:32,63.862,58.1,1531.2,83.199
9/30/19 11:33,63.862,58.1,1533.7,83.242
9/30/19 11:33,63.862,58.2,1528.7,83.242
9/30/19 11:33,63.862,58.3,1526.2,83.242
9/30/19 11:33,63.862,58.3,1531.2,83.242
9/30/19 11:33,63.903,58.3,1531.2,83.242
9/30/19 11:33,63.903,58.3,1528.7,83.242
9/30/19 11:33,63.903,58.3,1531.2,83.242
9/30/19 11:33,63.903,58.3,1531.2,83.242
9/30/19 11:33,63.903,58.2,1531.2,83.242
9/30/19 11:33,63.946,58.1,1531.2,83.242
9/30/19 11:33,63.946,58.1,1528.7,83.242
9/30/19 11:33,63.946,58,1528.7,83.242
9/30/19 11:33,63.946,57.9,1528.7,83.242
9/30/19 11:33,63.99,57.8,1531.2,83.242
9/30/19 11:33,63.99,57.8,1528.7,83.242
9/30/19 11:33,63.99,57.7,1528.7,83.287
9/30/19 11:33,63.99,57.7,1528.7,83.287
9/30/19 11:33,63.99,57.7,1528.7,83.287
9/30/19 11:33,63.99,57.8,1531.2,83.287
9/30/19 11:33,63.99,57.8,1526.2,83.287
9/30/19 11:33,63.99,57.8,1528.7,83.287
9/30/19 11:33,63.99,57.8,1526.2,83.287
9/30/19 11:33,63.99,57.7,1526.2,83.287
9/30/19 11:33,64.033,57.7,1523.7,83.287
9/30/19 11:33,64.033,57.6,1521.2,83.287
9/30/19 11:33,64.033,57.5,1521.2,83.287
9/30/19 11:33,64.033,57.5,1521.2,83.287
9/30/19 11:33,64.033,57.4,1521.2,83.287
9/30/19 11:33,64.033,57.3,1521.2,83.287
9/30/19 11:33,64.033,57.2,1521.2,83.287
9/30/19 11:33,64.033,57.1,1518.7,83.287
9/30/19 11:33,64.033,57,1521.2,83.287
9/30/19 11:33,64.033,57,1518.7,83.287
9/30/19 11:33,64.033,56.9,1516.2,83.287
9/30/19 11:33,63.99,56.9,1513.7,83.287
9/30/19 11:33,64.033,56.9,1513.7,83.332
9/30/19 11:33,63.99,56.8,1511.2,83.332
9/30/19 11:33,63.99,56.8,1508.7,83.332
9/30/19 11:33,63.99,56.8,1503.7,83.332
9/30/19 11:33,63.99,56.8,1498.7,83.332
9/30/19 11:33,63.99,56.8,1501.2,83.332
9/30/19 11:33,63.99,56.8,1498.7,83.332
9/30/19 11:33,63.99,56.8,1498.7,83.332
9/30/19 11:33,63.99,56.8,1501.2,83.332
9/30/19 11:33,63.99,56.9,1503.7,83.332
9/30/19 11:33,63.99,56.9,1508.7,83.332
9/30/19 11:33,63.99,56.9,1508.7,83.332
9/30/19 11:33,63.99,57,1511.2,83.332
9/30/19 11:33,63.99,57,1513.7,83.377
9/30/19 11:33,64.033,57,1513.7,83.332
9/30/19 11:33,64.033,57,1511.2,83.377
9/30/19 11:33,64.033,57,1516.2,83.377
9/30/19 11:33,64.033,57,1513.7,83.377
9/30/19 11:33,64.033,57,1516.2,83.377
9/30/19 11:33,64.033,57,1521.2,83.377
9/30/19 11:33,64.033,57,1521.2,83.377
9/30/19 11:33,64.033,57,1526.2,83.377
9/30/19 11:33,64.033,57.1,1526.2,83.377
9/30/19 11:33,64.033,57.1,1523.7,83.377
9/30/19 11:33,64.033,57.2,1526.2,83.377
9/30/19 11:34,64.074,57.2,1526.2,83.377
9/30/19 11:34,64.074,57.2,1528.7,83.377
9/30/19 11:34,64.074,57.3,1528.7,83.377
9/30/19 11:34,64.074,57.3,1531.2,83.377
9/30/19 11:34,64.117,57.4,1531.2,83.377
9/30/19 11:34,64.117,57.4,1533.7,83.377
9/30/19 11:34,64.117,57.5,1533.7,83.377
9/30/19 11:34,64.117,57.5,1536.2,83.377
9/30/19 11:34,64.117,57.5,1538.7,83.377
9/30/19 11:34,64.161,57.5,1538.7,83.377
9/30/19 11:34,64.161,57.5,1536.2,83.422
9/30/19 11:34,64.161,57.5,1538.7,83.422
9/30/19 11:34,64.161,57.5,1538.7,83.422
9/30/19 11:34,64.204,57.5,1538.7,83.422
9/30/19 11:34,64.204,57.6,1536.2,83.422
9/30/19 11:34,64.204,57.6,1538.7,83.422
9/30/19 11:34,64.204,57.6,1536.2,83.422
9/30/19 11:34,64.247,57.7,1538.7,83.422
9/30/19 11:34,64.247,57.6,1533.7,83.422
9/30/19 11:34,64.247,57.6,1536.2,83.422
9/30/19 11:34,64.247,57.7,1533.7,83.422
9/30/19 11:34,64.288,57.7,1533.7,83.422
9/30/19 11:34,64.288,57.7,1533.7,83.422
9/30/19 11:34,64.288,57.7,1533.7,83.422
9/30/19 11:34,64.288,57.7,1533.7,83.422
9/30/19 11:34,64.288,57.7,1531.2,83.422
9/30/19 11:34,64.332,57.7,1533.7,83.422
9/30/19 11:34,64.332,57.7,1533.7,83.422
9/30/19 11:34,64.332,57.7,1533.7,83.467
9/30/19 11:34,64.332,57.7,1533.7,83.422
9/30/19 11:34,64.332,57.7,1536.2,83.467
9/30/19 11:34,64.375,57.7,1536.2,83.467
9/30/19 11:34,64.375,57.8,1536.2,83.467
9/30/19 11:34,64.375,57.7,1538.7,83.467
9/30/19 11:34,64.375,57.7,1538.7,83.467
9/30/19 11:34,64.418,57.8,1541.2,83.467
9/30/19 11:34,64.418,57.8,1543.7,83.467
9/30/19 11:34,64.418,57.8,1543.7,83.467
9/30/19 11:34,64.418,57.8,1543.7,83.467
9/30/19 11:34,64.459,57.8,1546.2,83.467
9/30/19 11:34,64.459,57.8,1546.2,83.467
9/30/19 11:34,64.459,57.7,1543.7,83.467
9/30/19 11:34,64.503,57.7,1546.2,83.467
9/30/19 11:34,64.503,57.6,1548.7,83.467
9/30/19 11:34,64.503,57.7,1551.2,83.467
9/30/19 11:34,64.503,57.6,1548.7,83.467
9/30/19 11:34,64.503,57.5,1551.2,83.467
9/30/19 11:34,64.546,57.5,1548.7,83.467
9/30/19 11:34,64.546,57.3,1551.2,83.467
9/30/19 11:34,64.546,57.2,1551.2,83.467
9/30/19 11:34,64.546,57.1,1553.7,83.467
9/30/19 11:34,64.546,57.1,1556.2,83.467
9/30/19 11:34,64.546,57,1556.2,83.467
9/30/19 11:34,64.546,57,1558.7,83.467
9/30/19 11:34,64.546,57,1558.7,83.467
9/30/19 11:34,64.546,56.9,1558.7,83.467
9/30/19 11:34,64.546,56.9,1561.2,83.467
9/30/19 11:34,64.546,56.9,1561.2,83.467
9/30/19 11:34,64.546,56.9,1561.2,83.467
9/30/19 11:34,64.546,56.9,1561.2,83.467
9/30/19 11:35,64.546,56.9,1561.2,83.511
9/30/19 11:35,64.589,56.9,1563.7,83.511
9/30/19 11:35,64.546,56.9,1561.2,83.511
9/30/19 11:35,64.589,57,1563.7,83.511
9/30/19 11:35,64.589,57,1563.7,83.511
9/30/19 11:35,64.589,57.1,1563.7,83.511
9/30/19 11:35,64.589,57.1,1563.7,83.511
9/30/19 11:35,64.589,57.2,1563.7,83.511
9/30/19 11:35,64.632,57.3,1566.2,83.511
9/30/19 11:35,64.589,57.4,1566.2,83.511
9/30/19 11:35,64.632,57.5,1566.2,83.511
9/30/19 11:35,64.632,57.6,1563.7,83.511
9/30/19 11:35,64.632,57.7,1566.2,83.511
9/30/19 11:35,64.632,57.6,1568.7,83.511
9/30/19 11:35,64.674,57.6,1568.7,83.511
9/30/19 11:35,64.674,57.6,1568.7,83.511
9/30/19 11:35,64.674,57.6,1568.7,83.511
9/30/19 11:35,64.674,57.5,1568.7,83.511
9/30/19 11:35,64.674,57.3,1568.7,83.511
9/30/19 11:35,64.674,57.2,1571.2,83.511
9/30/19 11:35,64.674,57.1,1571.2,83.511
9/30/19 11:35,64.674,57,1571.2,83.511
9/30/19 11:35,64.674,56.8,1573.7,83.511
9/30/19 11:35,64.674,56.6,1573.7,83.511
9/30/19 11:35,64.674,56.5,1573.7,83.511
9/30/19 11:35,64.674,56.3,1578.7,83.511
9/30/19 11:35,64.674,56.2,1573.7,83.511
9/30/19 11:35,64.674,56,1576.2,83.511
9/30/19 11:35,64.674,56,1576.2,83.511
9/30/19 11:35,64.674,55.9,1573.7,83.511
9/30/19 11:35,64.674,55.8,1576.2,83.511
9/30/19 11:35,64.632,55.7,1573.7,83.511
9/30/19 11:35,64.632,55.7,1581.2,83.511
9/30/19 11:35,64.632,55.8,1576.2,83.511
9/30/19 11:35,64.632,55.9,1578.7,83.511
9/30/19 11:35,64.632,56,1576.2,83.511
9/30/19 11:35,64.632,56.1,1573.7,83.556
9/30/19 11:35,64.632,56.3,1576.2,83.556
9/30/19 11:35,64.632,56.4,1576.2,83.511
9/30/19 11:35,64.632,56.5,1578.7,83.511
9/30/19 11:35,64.632,56.6,1578.7,83.511
9/30/19 11:35,64.632,56.7,1578.7,83.511
9/30/19 11:35,64.632,56.7,1578.7,83.556
9/30/19 11:35,64.632,56.8,1578.7,83.511
9/30/19 11:35,64.632,56.8,1581.2,83.511
9/30/19 11:35,64.632,56.9,1576.2,83.511
9/30/19 11:35,64.632,56.9,1578.7,83.511
9/30/19 11:35,64.632,56.9,1581.2,83.556
9/30/19 11:35,64.632,57,1576.2,83.556
9/30/19 11:35,64.632,57,1578.7,83.511
9/30/19 11:35,64.632,57,1581.2,83.511
9/30/19 11:35,64.632,57,1581.2,83.511
9/30/19 11:35,64.632,57,1581.2,83.556
9/30/19 11:35,64.674,57,1581.2,83.511
9/30/19 11:35,64.674,56.9,1578.7,83.511
9/30/19 11:35,64.674,56.9,1581.2,83.511
9/30/19 11:35,64.674,56.8,1578.7,83.511
9/30/19 11:35,64.674,56.7,1581.2,83.511
9/30/19 11:35,64.674,56.6,1578.7,83.511
9/30/19 11:35,64.674,56.6,1578.7,83.511
9/30/19 11:36,64.674,56.5,1578.7,83.511
9/30/19 11:36,64.674,56.5,1578.7,83.511
9/30/19 11:36,64.674,56.5,1581.2,83.511
9/30/19 11:36,64.674,56.5,1581.2,83.511
9/30/19 11:36,64.674,56.5,1578.7,83.511
9/30/19 11:36,64.674,56.5,1581.2,83.511
9/30/19 11:36,64.674,56.6,1581.2,83.511
9/30/19 11:36,64.674,56.6,1583.7,83.511
9/30/19 11:36,64.674,56.6,1583.7,83.511
9/30/19 11:36,64.632,56.5,1583.7,83.511
9/30/19 11:36,64.632,56.6,1586.2,83.511
9/30/19 11:36,64.674,56.6,1583.7,83.511
9/30/19 11:36,64.632,56.5,1583.7,83.511
9/30/19 11:36,64.674,56.4,1583.7,83.511
9/30/19 11:36,64.674,56.3,1588.7,83.511
9/30/19 11:36,64.632,56.3,1588.7,83.511
9/30/19 11:36,64.632,56.1,1593.7,83.511
9/30/19 11:36,64.632,56,1591.2,83.511
9/30/19 11:36,64.632,56,1593.7,83.511
9/30/19 11:36,64.632,56,1593.7,83.511
9/30/19 11:36,64.632,55.9,1593.7,83.511
9/30/19 11:36,64.632,55.9,1591.2,83.511
9/30/19 11:36,64.632,55.9,1593.7,83.511
9/30/19 11:36,64.589,55.9,1593.7,83.511
9/30/19 11:36,64.589,55.9,1596.2,83.511
9/30/19 11:36,64.589,55.9,1598.7,83.511
9/30/19 11:36,64.589,55.9,1598.7,83.467
9/30/19 11:36,64.589,55.8,1598.7,83.467
9/30/19 11:36,64.589,55.8,1598.7,83.511
9/30/19 11:36,64.589,55.8,1601.2,83.467
9/30/19 11:36,64.546,55.7,1601.2,83.467
9/30/19 11:36,64.546,55.7,1601.2,83.467
9/30/19 11:36,64.546,55.7,1601.2,83.467
9/30/19 11:36,64.546,55.7,1601.2,83.467
9/30/19 11:36,64.546,55.7,1606.2,83.467
9/30/19 11:36,64.546,55.7,1606.2,83.467
9/30/19 11:36,64.546,55.7,1606.2,83.467
9/30/19 11:36,64.503,55.8,1606.2,83.467
9/30/19 11:36,64.503,55.7,1606.2,83.467
9/30/19 11:36,64.503,55.8,1608.7,83.467
9/30/19 11:36,64.503,55.8,1608.7,83.467
9/30/19 11:36,64.503,55.8,1608.7,83.467
9/30/19 11:36,64.503,55.8,1608.7,83.467
9/30/19 11:36,64.503,55.9,1608.7,83.467
9/30/19 11:36,64.503,55.9,1611.2,83.467
9/30/19 11:36,64.503,56,1611.2,83.467
9/30/19 11:36,64.503,56,1613.7,83.467
9/30/19 11:36,64.503,56,1611.2,83.467
9/30/19 11:36,64.503,56.1,1611.2,83.467
9/30/19 11:36,64.503,56.2,1616.2,83.467
9/30/19 11:36,64.459,56.3,1616.2,83.467
9/30/19 11:36,64.503,56.3,1618.7,83.467
9/30/19 11:36,64.503,56.4,1621.2,83.467
9/30/19 11:36,64.503,56.4,1621.2,83.422
9/30/19 11:36,64.503,56.5,1621.2,83.467
9/30/19 11:36,64.503,56.6,1621.2,83.422
9/30/19 11:36,64.503,56.6,1621.2,83.422
9/30/19 11:36,64.503,56.5,1618.7,83.422
9/30/19 11:36,64.503,56.5,1618.7,83.422
9/30/19 11:36,64.503,56.5,1618.7,83.422
9/30/19 11:37,64.503,56.6,1621.2,83.422
9/30/19 11:37,64.503,56.6,1623.7,83.422
9/30/19 11:37,64.503,56.6,1621.2,83.422
9/30/19 11:37,64.503,56.6,1626.2,83.422
9/30/19 11:37,64.503,56.6,1623.7,83.422
9/30/19 11:37,64.503,56.6,1623.7,83.422
9/30/19 11:37,64.503,56.6,1623.7,83.422
9/30/19 11:37,64.503,56.6,1626.2,83.422
9/30/19 11:37,64.503,56.6,1628.7,83.422
9/30/19 11:37,64.503,56.7,1623.7,83.422
9/30/19 11:37,64.546,56.8,1631.2,83.422
9/30/19 11:37,64.546,56.9,1628.7,83.422
9/30/19 11:37,64.546,57,1631.2,83.422
9/30/19 11:37,64.546,57.1,1628.7,83.422
9/30/19 11:37,64.546,57.1,1633.7,83.422
9/30/19 11:37,64.546,57.2,1636.2,83.422
9/30/19 11:37,64.589,57.2,1636.2,83.422
9/30/19 11:37,64.589,57.3,1633.7,83.422
9/30/19 11:37,64.589,57.4,1636.2,83.422
9/30/19 11:37,64.632,57.5,1638.7,83.422
9/30/19 11:37,64.632,57.7,1636.2,83.422
9/30/19 11:37,64.632,57.7,1636.2,83.422
9/30/19 11:37,64.632,57.8,1636.2,83.422
9/30/19 11:37,64.632,57.8,1638.7,83.422
9/30/19 11:37,64.674,57.8,1638.7,83.422
9/30/19 11:37,64.674,57.8,1643.7,83.422
9/30/19 11:37,64.674,57.7,1646.2,83.422
9/30/19 11:37,64.674,57.6,1643.7,83.467
9/30/19 11:37,64.717,57.7,1648.7,83.422
9/30/19 11:37,64.717,57.6,1648.7,83.422
9/30/19 11:37,64.717,57.5,1651.2,83.467
9/30/19 11:37,64.717,57.5,1648.7,83.467
9/30/19 11:37,64.717,57.3,1656.2,83.422
9/30/19 11:37,64.717,57.3,1656.2,83.467
9/30/19 11:37,64.76,57.2,1648.7,83.467
9/30/19 11:37,64.76,57.2,1653.7,83.467
9/30/19 11:37,64.76,57.1,1658.7,83.467
9/30/19 11:37,64.76,57.1,1653.7,83.467
9/30/19 11:37,64.76,57.1,1653.7,83.467
9/30/19 11:37,64.76,57.1,1653.7,83.467
9/30/19 11:37,64.76,57.1,1653.7,83.467
9/30/19 11:37,64.76,57,1648.7,83.467
9/30/19 11:37,64.76,57,1653.7,83.467
9/30/19 11:37,64.76,57,1653.7,83.467
9/30/19 11:37,64.803,57.1,1653.7,83.467
9/30/19 11:37,64.803,57.1,1658.7,83.467
9/30/19 11:37,64.803,57.2,1656.2,83.467
9/30/19 11:37,64.803,57.2,1658.7,83.467
9/30/19 11:37,64.803,57.3,1661.2,83.467
9/30/19 11:37,64.845,57.3,1666.2,83.467
9/30/19 11:37,64.845,57.4,1666.2,83.467
9/30/19 11:37,64.845,57.5,1666.2,83.467
9/30/19 11:37,64.845,57.5,1668.7,83.511
9/30/19 11:37,64.888,57.5,1671.2,83.511
9/30/19 11:37,64.888,57.5,1668.7,83.511
9/30/19 11:37,64.888,57.4,1673.7,83.511
9/30/19 11:37,64.888,57.3,1676.2,83.511
9/30/19 11:37,64.888,57.3,1676.2,83.511
9/30/19 11:37,64.888,57.2,1676.2,83.511
9/30/19 11:37,64.888,57.1,1681.2,83.511
9/30/19 11:38,64.931,57.1,1678.7,83.511
9/30/19 11:38,64.931,57,1681.2,83.511
9/30/19 11:38,64.931,56.9,1681.2,83.511
9/30/19 11:38,64.931,56.9,1683.7,83.511
9/30/19 11:38,64.931,56.9,1686.2,83.556
9/30/19 11:38,64.931,56.8,1686.2,83.556
9/30/19 11:38,64.931,56.8,1691.2,83.556
9/30/19 11:38,64.931,56.9,1693.7,83.556
9/30/19 11:38,64.931,56.9,1696.2,83.556
9/30/19 11:38,64.931,56.9,1693.7,83.556
9/30/19 11:38,64.931,56.9,1696.2,83.556
9/30/19 11:38,64.974,56.9,1696.2,83.556
9/30/19 11:38,64.974,57,1696.2,83.556
9/30/19 11:38,64.974,56.9,1696.2,83.556
9/30/19 11:38,64.974,56.9,1698.7,83.556
9/30/19 11:38,64.974,56.9,1701.2,83.556
9/30/19 11:38,64.974,56.8,1701.2,83.601
9/30/19 11:38,64.974,56.7,1703.7,83.556
9/30/19 11:38,64.974,56.6,1703.7,83.601
9/30/19 11:38,64.974,56.5,1706.2,83.601
9/30/19 11:38,64.974,56.5,1708.7,83.601
9/30/19 11:38,64.974,56.4,1711.2,83.601
9/30/19 11:38,64.974,56.3,1708.7,83.601
9/30/19 11:38,64.974,56.3,1708.7,83.601
9/30/19 11:38,64.974,56.2,1708.7,83.601
9/30/19 11:38,64.974,56.1,1711.2,83.601
9/30/19 11:38,64.974,56.1,1711.2,83.601
9/30/19 11:38,64.974,56,1716.2,83.601
9/30/19 11:38,64.974,56,1716.2,83.601
9/30/19 11:38,64.974,56,1721.2,83.601
9/30/19 11:38,64.974,56,1726.2,83.601
9/30/19 11:38,64.974,55.9,1723.7,83.601
9/30/19 11:38,64.931,55.9,1723.7,83.646
9/30/19 11:38,64.931,55.8,1723.7,83.646
9/30/19 11:38,64.931,55.8,1726.2,83.646
9/30/19 11:38,64.931,55.7,1728.7,83.646
9/30/19 11:38,64.931,55.7,1733.7,83.646
9/30/19 11:38,64.931,55.7,1733.7,83.646
9/30/19 11:38,64.931,55.6,1736.2,83.646
9/30/19 11:38,64.931,55.5,1736.2,83.646
9/30/19 11:38,64.931,55.5,1736.2,83.646
9/30/19 11:38,64.931,55.5,1736.2,83.646
9/30/19 11:38,64.931,55.6,1741.2,83.646
9/30/19 11:38,64.931,55.6,1738.7,83.646
9/30/19 11:38,64.931,55.7,1741.2,83.646
9/30/19 11:38,64.931,55.7,1743.7,83.646
9/30/19 11:38,64.931,55.8,1743.7,83.646
9/30/19 11:38,64.931,55.8,1746.2,83.691
9/30/19 11:38,64.931,55.9,1743.7,83.691
9/30/19 11:38,64.931,56,1743.7,83.691
9/30/19 11:38,64.974,56,1743.7,83.691
9/30/19 11:38,64.974,56,1743.7,83.691
9/30/19 11:38,64.974,56,1741.2,83.691
9/30/19 11:38,64.974,56.1,1738.7,83.691
9/30/19 11:38,64.974,56.1,1741.2,83.691
9/30/19 11:38,64.974,56.3,1738.7,83.691
9/30/19 11:38,64.974,56.3,1731.2,83.691
9/30/19 11:38,64.974,56.4,1726.2,83.691
9/30/19 11:38,65.017,56.5,1726.2,83.691
9/30/19 11:38,65.017,56.5,1721.2,83.691
9/30/19 11:39,65.017,56.7,1723.7,83.691
9/30/19 11:39,65.017,56.8,1726.2,83.736
9/30/19 11:39,65.017,56.9,1728.7,83.736
9/30/19 11:39,65.059,57.1,1736.2,83.736
9/30/19 11:39,65.059,57.1,1738.7,83.736
9/30/19 11:39,65.059,57.2,1743.7,83.736
9/30/19 11:39,65.059,57.2,1751.2,83.736
9/30/19 11:39,65.102,57.3,1743.7,83.736
9/30/19 11:39,65.102,57.2,1751.2,83.736
9/30/19 11:39,65.102,57.2,1753.7,83.736
9/30/19 11:39,65.145,57.2,1753.7,83.736
9/30/19 11:39,65.145,57.2,1753.7,83.736
9/30/19 11:39,65.145,57.2,1748.7,83.736
9/30/19 11:39,65.188,57.2,1743.7,83.736
9/30/19 11:39,65.188,57.2,1738.7,83.736
9/30/19 11:39,65.188,57.2,1731.2,83.779
9/30/19 11:39,65.188,57.2,1723.7,83.779
9/30/19 11:39,65.188,57.2,1718.7,83.779
9/30/19 11:39,65.23,57.1,1723.7,83.779
9/30/19 11:39,65.23,57,1731.2,83.779
9/30/19 11:39,65.23,56.9,1738.7,83.779
9/30/19 11:39,65.23,56.7,1751.2,83.779
9/30/19 11:39,65.23,56.6,1756.2,83.779
9/30/19 11:39,65.273,56.4,1761.2,83.779
9/30/19 11:39,65.273,56.2,1756.2,83.779
9/30/19 11:39,65.273,56.1,1756.2,83.779
9/30/19 11:39,65.23,55.9,1758.7,83.779
9/30/19 11:39,65.23,55.7,1761.2,83.779
9/30/19 11:39,65.23,55.6,1771.2,83.779
9/30/19 11:39,65.23,55.5,1773.7,83.779
9/30/19 11:39,65.23,55.3,1778.7,83.779
9/30/19 11:39,65.23,55.2,1776.2,83.779
9/30/19 11:39,65.23,55,1771.2,83.779
9/30/19 11:39,65.188,55,1763.7,83.779
9/30/19 11:39,65.188,54.9,1761.2,83.824
9/30/19 11:39,65.188,54.7,1758.7,83.779
9/30/19 11:39,65.188,54.6,1761.2,83.824
9/30/19 11:39,65.145,54.5,1758.7,83.824
9/30/19 11:39,65.145,54.4,1758.7,83.824
9/30/19 11:39,65.145,54.3,1753.7,83.824
9/30/19 11:39,65.145,54.4,1751.2,83.824
9/30/19 11:39,65.102,54.3,1743.7,83.824
9/30/19 11:39,65.102,54.3,1738.7,83.824
9/30/19 11:39,65.102,54.3,1733.7,83.824
9/30/19 11:39,65.059,54.2,1738.7,83.824
9/30/19 11:39,65.059,54.2,1743.7,83.824
9/30/19 11:39,65.059,54.2,1753.7,83.824
9/30/19 11:39,65.059,54.2,1758.7,83.824
9/30/19 11:39,65.059,54.2,1763.7,83.824
9/30/19 11:39,65.017,54.2,1763.7,83.824
9/30/19 11:39,65.017,54.3,1763.7,83.824
9/30/19 11:39,65.017,54.3,1761.2,83.824
9/30/19 11:39,65.017,54.3,1756.2,83.824
9/30/19 11:39,65.017,54.3,1748.7,83.824
9/30/19 11:39,65.017,54.3,1743.7,83.824
9/30/19 11:39,65.017,54.4,1743.7,83.824
9/30/19 11:39,65.017,54.4,1743.7,83.824
9/30/19 11:39,65.017,54.3,1743.7,83.824
9/30/19 11:39,65.017,54.4,1746.2,83.824
9/30/19 11:39,65.017,54.4,1748.7,83.824
9/30/19 11:40,65.017,54.5,1748.7,83.824
9/30/19 11:40,65.017,54.5,1751.2,83.824
9/30/19 11:40,65.017,54.5,1748.7,83.824
9/30/19 11:40,65.017,54.6,1743.7,83.824
9/30/19 11:40,65.017,54.6,1736.2,83.869
9/30/19 11:40,65.017,54.6,1728.7,83.869
9/30/19 11:40,65.017,54.7,1718.7,83.869
9/30/19 11:40,65.017,54.7,1701.2,83.869
9/30/19 11:40,65.017,54.8,1686.2,83.869
9/30/19 11:40,65.017,54.9,1663.7,83.869
9/30/19 11:40,65.059,54.9,1641.2,83.869
9/30/19 11:40,65.059,54.9,1618.7,83.869
9/30/19 11:40,65.059,55,1601.2,83.869
9/30/19 11:40,65.059,55,1586.2,83.869
9/30/19 11:40,65.059,55,1568.7,83.869
9/30/19 11:40,65.059,55,1553.7,83.869
9/30/19 11:40,65.059,55,1543.7,83.869
9/30/19 11:40,65.059,55,1533.7,83.869
9/30/19 11:40,65.017,55,1531.2,83.869
9/30/19 11:40,65.017,55,1533.7,83.869
9/30/19 11:40,65.017,55,1533.7,83.869
9/30/19 11:40,65.017,55,1528.7,83.914
9/30/19 11:40,65.017,55,1526.2,83.914
9/30/19 11:40,65.017,55.1,1518.7,83.914
9/30/19 11:40,65.017,55.1,1513.7,83.914
9/30/19 11:40,65.017,55.2,1496.2,83.914
9/30/19 11:40,65.017,55.2,1473.7,83.914
9/30/19 11:40,65.017,55.2,1446.2,83.914
9/30/19 11:40,65.017,55.2,1421.2,83.914
9/30/19 11:40,65.017,55.1,1403.7,83.914
9/30/19 11:40,64.974,55.1,1393.7,83.914
9/30/19 11:40,64.974,55.1,1388.7,83.914
9/30/19 11:40,64.974,55,1391.2,83.914
9/30/19 11:40,64.974,55,1393.7,83.914
9/30/19 11:40,64.974,55,1391.2,83.914
9/30/19 11:40,64.931,55.1,1378.7,83.914
9/30/19 11:40,64.931,55.1,1361.2,83.914
9/30/19 11:40,64.931,55,1341.2,83.959
9/30/19 11:40,64.931,55,1321.2,83.959
9/30/19 11:40,64.931,54.9,1316.2,83.959
9/30/19 11:40,64.888,54.9,1318.7,83.959
9/30/19 11:40,64.888,55,1328.7,83.959
9/30/19 11:40,64.888,55,1341.2,83.959
9/30/19 11:40,64.888,55,1356.2,83.959
9/30/19 11:40,64.888,55,1368.7,83.959
9/30/19 11:40,64.845,55,1386.2,83.959
9/30/19 11:40,64.845,54.9,1401.2,83.959
9/30/19 11:40,64.845,54.9,1421.2,83.959
9/30/19 11:40,64.845,55,1441.2,83.959
9/30/19 11:40,64.845,55.1,1471.2,83.959
9/30/19 11:40,64.845,55.1,1496.2,83.959
9/30/19 11:40,64.845,55.2,1511.2,83.959
9/30/19 11:40,64.845,55.2,1511.2,83.959
9/30/19 11:40,64.845,55.3,1496.2,83.959
9/30/19 11:40,64.845,55.4,1481.2,83.959
9/30/19 11:40,64.845,55.4,1466.2,83.959
9/30/19 11:40,64.845,55.5,1456.2,83.959
9/30/19 11:40,64.845,55.5,1448.7,84.004
9/30/19 11:40,64.845,55.6,1446.2,84.004
9/30/19 11:40,64.888,55.6,1441.2,84.004
9/30/19 11:41,64.845,55.7,1446.2,84.004
9/30/19 11:41,64.888,55.7,1463.7,84.004
9/30/19 11:41,64.888,55.7,1483.7,84.004
9/30/19 11:41,64.888,55.7,1503.7,84.004
9/30/19 11:41,64.888,55.6,1523.7,84.004
9/30/19 11:41,64.888,55.6,1541.2,84.004
9/30/19 11:41,64.888,55.6,1553.7,84.004
9/30/19 11:41,64.888,55.6,1556.2,84.004
9/30/19 11:41,64.888,55.6,1556.2,84.004
9/30/19 11:41,64.888,55.6,1553.7,84.004
9/30/19 11:41,64.888,55.6,1548.7,84.004
9/30/19 11:41,64.888,55.5,1536.2,84.004
9/30/19 11:41,64.888,55.5,1521.2,84.004
9/30/19 11:41,64.888,55.6,1498.7,84.004
9/30/19 11:41,64.888,55.6,1476.2,84.004
9/30/19 11:41,64.888,55.6,1451.2,84.004
9/30/19 11:41,64.888,55.6,1431.2,84.004
9/30/19 11:41,64.888,55.6,1416.2,84.004
9/30/19 11:41,64.888,55.6,1408.7,84.004
9/30/19 11:41,64.888,55.6,1403.7,84.004
9/30/19 11:41,64.888,55.6,1401.2,84.004
9/30/19 11:41,64.888,55.6,1393.7,84.004
9/30/19 11:41,64.888,55.6,1378.7,84.004
9/30/19 11:41,64.888,55.5,1356.2,84.004
9/30/19 11:41,64.888,55.5,1338.7,84.004
9/30/19 11:41,64.888,55.5,1323.7,84.004
9/30/19 11:41,64.888,55.6,1311.2,84.004
9/30/19 11:41,64.888,55.6,1301.2,84.004
9/30/19 11:41,64.888,55.5,1293.7,84.004
9/30/19 11:41,64.888,55.5,1286.2,84.004
9/30/19 11:41,64.888,55.6,1283.7,84.004
9/30/19 11:41,64.888,55.6,1286.2,84.004
9/30/19 11:41,64.888,55.5,1286.2,84.004
9/30/19 11:41,64.888,55.5,1298.7,84.004
9/30/19 11:41,64.888,55.5,1308.7,84.004
9/30/19 11:41,64.888,55.6,1318.7,84.004
9/30/19 11:41,64.888,55.6,1328.7,84.004
9/30/19 11:41,64.888,55.6,1338.7,84.004
9/30/19 11:41,64.888,55.6,1351.2,84.004
9/30/19 11:41,64.888,55.6,1366.2,84.004
9/30/19 11:41,64.888,55.7,1378.7,84.004
9/30/19 11:41,64.888,55.8,1383.7,84.004
9/30/19 11:41,64.888,55.9,1383.7,84.049
9/30/19 11:41,64.931,56,1373.7,84.004
9/30/19 11:41,64.931,56.1,1361.2,84.049
9/30/19 11:41,64.931,56.2,1353.7,84.004
9/30/19 11:41,64.931,56.4,1343.7,84.004
9/30/19 11:41,64.931,56.6,1341.2,84.004
9/30/19 11:41,64.931,56.6,1331.2,84.004
9/30/19 11:41,64.931,56.8,1321.2,84.004
9/30/19 11:41,64.974,57,1308.7,84.004
9/30/19 11:41,64.974,57,1298.7,84.004
9/30/19 11:41,64.974,57.1,1286.2,84.004
9/30/19 11:41,64.974,57.1,1273.7,84.004
9/30/19 11:41,65.017,57.1,1268.7,84.004
9/30/19 11:41,65.017,57.1,1273.7,84.004
9/30/19 11:41,65.017,57.2,1281.2,84.004
9/30/19 11:41,65.017,57.2,1293.7,84.004
9/30/19 11:41,65.059,57.2,1303.7,84.004
9/30/19 11:41,65.059,57.2,1316.2,84.004
9/30/19 11:42,65.059,57.2,1328.7,84.004
9/30/19 11:42,65.059,57.2,1336.2,84.004
9/30/19 11:42,65.059,57.2,1343.7,84.004
9/30/19 11:42,65.059,57.2,1356.2,84.004
9/30/19 11:42,65.102,57.1,1363.7,84.004
9/30/19 11:42,65.102,57.1,1373.7,84.004
9/30/19 11:42,65.102,57.1,1381.2,84.004
9/30/19 11:42,65.102,57,1386.2,84.004
9/30/19 11:42,65.102,56.9,1391.2,84.004
9/30/19 11:42,65.102,56.8,1378.7,84.004
9/30/19 11:42,65.102,56.8,1361.2,84.004
9/30/19 11:42,65.102,56.8,1343.7,84.004
9/30/19 11:42,65.102,56.7,1333.7,84.004
9/30/19 11:42,65.102,56.6,1318.7,84.004
9/30/19 11:42,65.102,56.6,1308.7,84.004
9/30/19 11:42,65.102,56.5,1293.7,84.004
9/30/19 11:42,65.102,56.4,1281.2,84.004
9/30/19 11:42,65.102,56.4,1273.7,83.959
9/30/19 11:42,65.102,56.3,1278.7,83.959
9/30/19 11:42,65.102,56.2,1296.2,83.959
9/30/19 11:42,65.102,56.2,1326.2,83.959
9/30/19 11:42,65.102,56.2,1348.7,83.959
9/30/19 11:42,65.102,56.2,1358.7,83.959
9/30/19 11:42,65.102,56.3,1356.2,83.959
9/30/19 11:42,65.102,56.3,1341.2,83.959
9/30/19 11:42,65.102,56.4,1326.2,83.959
9/30/19 11:42,65.102,56.3,1326.2,83.959
9/30/19 11:42,65.102,56.3,1336.2,83.959
9/30/19 11:42,65.102,56.3,1356.2,83.959
9/30/19 11:42,65.102,56.3,1373.7,83.959
9/30/19 11:42,65.102,56.2,1386.2,83.959
9/30/19 11:42,65.059,56.2,1396.2,83.959
9/30/19 11:42,65.059,56.2,1401.2,83.959
9/30/19 11:42,65.059,56.1,1411.2,83.959
9/30/19 11:42,65.059,56.1,1413.7,83.914
9/30/19 11:42,65.059,55.9,1418.7,83.914
9/30/19 11:42,65.059,55.9,1423.7,83.914
9/30/19 11:42,65.059,55.7,1423.7,83.914
9/30/19 11:42,65.017,55.6,1426.2,83.914
9/30/19 11:42,65.017,55.5,1426.2,83.914
9/30/19 11:42,65.017,55.5,1431.2,83.914
9/30/19 11:42,64.974,55.5,1443.7,83.914
9/30/19 11:42,64.974,55.3,1456.2,83.914
9/30/19 11:42,64.974,55.2,1463.7,83.914
9/30/19 11:42,64.931,55.2,1461.2,83.914
9/30/19 11:42,64.931,55.1,1453.7,83.914
9/30/19 11:42,64.931,55.2,1441.2,83.914
9/30/19 11:42,64.888,55.2,1433.7,83.914
9/30/19 11:42,64.888,55.2,1428.7,83.914
9/30/19 11:42,64.888,55.3,1436.2,83.869
9/30/19 11:42,64.845,55.5,1451.2,83.869
9/30/19 11:42,64.845,55.4,1463.7,83.869
9/30/19 11:42,64.845,55.4,1471.2,83.869
9/30/19 11:42,64.803,55.5,1473.7,83.869
9/30/19 11:42,64.803,55.5,1471.2,83.869
9/30/19 11:42,64.803,55.5,1466.2,83.869
9/30/19 11:42,64.803,55.5,1461.2,83.869
9/30/19 11:42,64.76,55.5,1458.7,83.869
9/30/19 11:42,64.76,55.5,1453.7,83.869
9/30/19 11:42,64.76,55.5,1446.2,83.869
9/30/19 11:43,64.717,55.4,1436.2,83.869
9/30/19 11:43,64.717,55.5,1426.2,83.869
9/30/19 11:43,64.717,55.5,1413.7,83.824
9/30/19 11:43,64.674,55.5,1401.2,83.824
9/30/19 11:43,64.674,55.5,1388.7,83.824
9/30/19 11:43,64.674,55.6,1373.7,83.824
9/30/19 11:43,64.674,55.7,1363.7,83.824
9/30/19 11:43,64.632,55.7,1356.2,83.824
9/30/19 11:43,64.632,55.8,1351.2,83.824
9/30/19 11:43,64.632,56,1348.7,83.824
9/30/19 11:43,64.632,56,1351.2,83.824
9/30/19 11:43,64.632,56,1351.2,83.824
9/30/19 11:43,64.589,56,1356.2,83.824
9/30/19 11:43,64.589,56,1366.2,83.824
9/30/19 11:43,64.589,56,1378.7,83.824
9/30/19 11:43,64.589,55.8,1388.7,83.824
9/30/19 11:43,64.546,55.8,1398.7,83.779
9/30/19 11:43,64.546,55.7,1413.7,83.779
9/30/19 11:43,64.546,55.5,1426.2,83.779
9/30/19 11:43,64.546,55.5,1426.2,83.779
9/30/19 11:43,64.503,55.4,1428.7,83.779
9/30/19 11:43,64.503,55.4,1431.2,83.779
9/30/19 11:43,64.503,55.4,1436.2,83.779
9/30/19 11:43,64.459,55.2,1436.2,83.779
9/30/19 11:43,64.459,55.2,1428.7,83.779
9/30/19 11:43,64.459,55.1,1418.7,83.779
9/30/19 11:43,64.418,55,1408.7,83.779
9/30/19 11:43,64.418,54.9,1393.7,83.779
9/30/19 11:43,64.418,54.8,1381.2,83.736
9/30/19 11:43,64.375,54.9,1368.7,83.736
9/30/19 11:43,64.375,54.8,1363.7,83.736
9/30/19 11:43,64.332,54.8,1361.2,83.736
9/30/19 11:43,64.332,54.7,1363.7,83.736
9/30/19 11:43,64.332,54.6,1363.7,83.736
9/30/19 11:43,64.288,54.6,1358.7,83.736
9/30/19 11:43,64.288,54.5,1351.2,83.736
9/30/19 11:43,64.288,54.5,1346.2,83.736
9/30/19 11:43,64.247,54.5,1338.7,83.736
9/30/19 11:43,64.247,54.5,1341.2,83.736
9/30/19 11:43,64.204,54.5,1356.2,83.736
9/30/19 11:43,64.204,54.5,1376.2,83.736
9/30/19 11:43,64.204,54.4,1393.7,83.736
9/30/19 11:43,64.161,54.5,1406.2,83.736
9/30/19 11:43,64.161,54.5,1421.2,83.736
9/30/19 11:43,64.161,54.5,1431.2,83.691
9/30/19 11:43,64.161,54.5,1438.7,83.736
9/30/19 11:43,64.117,54.5,1446.2,83.691
9/30/19 11:43,64.117,54.6,1453.7,83.691
9/30/19 11:43,64.117,54.7,1463.7,83.691
9/30/19 11:43,64.117,54.8,1473.7,83.691
9/30/19 11:43,64.074,54.8,1478.7,83.691
9/30/19 11:43,64.074,54.9,1481.2,83.691
9/30/19 11:43,64.074,54.9,1486.2,83.691
9/30/19 11:43,64.074,54.9,1491.2,83.691
9/30/19 11:43,64.074,55,1493.7,83.691
9/30/19 11:43,64.074,55,1496.2,83.691
9/30/19 11:43,64.074,55.1,1493.7,83.691
9/30/19 11:43,64.074,55.1,1496.2,83.691
9/30/19 11:43,64.074,55.2,1493.7,83.691
9/30/19 11:43,64.074,55.2,1483.7,83.691
9/30/19 11:44,64.074,55.3,1468.7,83.691
9/30/19 11:44,64.074,55.3,1448.7,83.646
9/30/19 11:44,64.074,55.4,1436.2,83.646
9/30/19 11:44,64.074,55.4,1426.2,83.646
9/30/19 11:44,64.074,55.4,1418.7,83.646
9/30/19 11:44,64.074,55.5,1418.7,83.646
9/30/19 11:44,64.074,55.5,1428.7,83.646
9/30/19 11:44,64.074,55.5,1441.2,83.646
9/30/19 11:44,64.074,55.6,1453.7,83.646
9/30/19 11:44,64.074,55.6,1473.7,83.646
9/30/19 11:44,64.074,55.6,1486.2,83.646
9/30/19 11:44,64.117,55.6,1488.7,83.646
9/30/19 11:44,64.117,55.6,1486.2,83.646
9/30/19 11:44,64.117,55.5,1478.7,83.646
9/30/19 11:44,64.117,55.5,1471.2,83.646
9/30/19 11:44,64.117,55.5,1458.7,83.646
9/30/19 11:44,64.117,55.5,1448.7,83.646
9/30/19 11:44,64.117,55.5,1441.2,83.646
9/30/19 11:44,64.117,55.5,1436.2,83.646
9/30/19 11:44,64.117,55.5,1438.7,83.646
9/30/19 11:44,64.117,55.6,1446.2,83.646
9/30/19 11:44,64.117,55.7,1461.2,83.646
9/30/19 11:44,64.117,55.7,1473.7,83.646
9/30/19 11:44,64.117,55.8,1486.2,83.646
9/30/19 11:44,64.117,55.8,1491.2,83.646
9/30/19 11:44,64.117,55.8,1496.2,83.646
9/30/19 11:44,64.117,55.7,1493.7,83.646
9/30/19 11:44,64.117,55.7,1488.7,83.646
9/30/19 11:44,64.117,55.7,1478.7,83.646
9/30/19 11:44,64.117,55.7,1471.2,83.646
9/30/19 11:44,64.117,55.6,1463.7,83.646
9/30/19 11:44,64.117,55.5,1446.2,83.646
9/30/19 11:44,64.117,55.5,1428.7,83.646
9/30/19 11:44,64.117,55.5,1413.7,83.646
9/30/19 11:44,64.117,55.5,1406.2,83.646
9/30/19 11:44,64.117,55.5,1401.2,83.646
9/30/19 11:44,64.117,55.4,1403.7,83.646
9/30/19 11:44,64.117,55.4,1421.2,83.646
9/30/19 11:44,64.117,55.4,1448.7,83.646
9/30/19 11:44,64.117,55.4,1468.7,83.646
9/30/19 11:44,64.117,55.4,1476.2,83.646
9/30/19 11:44,64.117,55.4,1476.2,83.646
9/30/19 11:44,64.117,55.4,1476.2,83.646
9/30/19 11:44,64.117,55.4,1476.2,83.646
9/30/19 11:44,64.117,55.4,1476.2,83.646
9/30/19 11:44,64.117,55.4,1483.7,83.646
9/30/19 11:44,64.117,55.4,1506.2,83.646
9/30/19 11:44,64.117,55.4,1536.2,83.646
9/30/19 11:44,64.117,55.4,1561.2,83.646
9/30/19 11:44,64.117,55.5,1568.7,83.646
9/30/19 11:44,64.117,55.5,1558.7,83.646
9/30/19 11:44,64.117,55.5,1536.2,83.646
9/30/19 11:44,64.117,55.6,1506.2,83.646
9/30/19 11:44,64.117,55.6,1468.7,83.646
9/30/19 11:44,64.117,55.6,1438.7,83.646
9/30/19 11:44,64.117,55.7,1426.2,83.646
9/30/19 11:44,64.161,55.7,1423.7,83.646
9/30/19 11:44,64.161,55.9,1428.7,83.646
9/30/19 11:44,64.161,56,1431.2,83.646
9/30/19 11:44,64.161,56,1431.2,83.646
9/30/19 11:45,64.161,56.1,1433.7,83.646
9/30/19 11:45,64.161,56.1,1438.7,83.646
9/30/19 11:45,64.161,56.1,1448.7,83.646
9/30/19 11:45,64.161,56.2,1468.7,83.646
9/30/19 11:45,64.161,56.2,1503.7,83.646
9/30/19 11:45,64.161,56.3,1528.7,83.646
9/30/19 11:45,64.161,56.3,1541.2,83.646
9/30/19 11:45,64.161,56.4,1548.7,83.646
9/30/19 11:45,64.161,56.5,1546.2,83.646
9/30/19 11:45,64.204,56.6,1531.2,83.646
9/30/19 11:45,64.204,56.6,1511.2,83.646
9/30/19 11:45,64.204,56.7,1486.2,83.646
9/30/19 11:45,64.204,56.8,1453.7,83.646
9/30/19 11:45,64.204,57,1431.2,83.646
9/30/19 11:45,64.204,56.9,1411.2,83.646
9/30/19 11:45,64.204,57,1393.7,83.646
9/30/19 11:45,64.204,57,1376.2,83.646
9/30/19 11:45,64.204,56.8,1353.7,83.646
9/30/19 11:45,64.204,56.7,1333.7,83.646
9/30/19 11:45,64.204,56.7,1316.2,83.646
9/30/19 11:45,64.204,56.6,1303.7,83.646
9/30/19 11:45,64.204,56.5,1293.7,83.646
9/30/19 11:45,64.204,56.6,1291.2,83.646
9/30/19 11:45,64.204,56.5,1291.2,83.646
9/30/19 11:45,64.204,56.4,1291.2,83.646
9/30/19 11:45,64.204,56.4,1291.2,83.646
9/30/19 11:45,64.204,56.4,1291.2,83.646
9/30/19 11:45,64.204,56.5,1288.7,83.646
9/30/19 11:45,64.204,56.6,1281.2,83.646
9/30/19 11:45,64.204,56.6,1276.2,83.646
9/30/19 11:45,64.204,56.7,1263.7,83.646
9/30/19 11:45,64.204,56.9,1253.7,83.646
9/30/19 11:45,64.204,57,1243.7,83.646
9/30/19 11:45,64.204,57.1,1236.2,83.646
9/30/19 11:45,64.204,57.1,1236.2,83.646
9/30/19 11:45,64.204,57.2,1243.7,83.646
9/30/19 11:45,64.204,57.2,1256.2,83.646
9/30/19 11:45,64.247,57.2,1266.2,83.646
9/30/19 11:45,64.247,57.2,1278.7,83.646
9/30/19 11:45,64.247,57.1,1288.7,83.646
9/30/19 11:45,64.247,57.1,1291.2,83.646
9/30/19 11:45,64.247,57.1,1288.7,83.646
9/30/19 11:45,64.247,57.1,1281.2,83.646
9/30/19 11:45,64.247,57.1,1276.2,83.646
9/30/19 11:45,64.247,57.1,1271.2,83.646
9/30/19 11:45,64.247,57,1276.2,83.646
9/30/19 11:45,64.247,57,1293.7,83.646
9/30/19 11:45,64.247,56.9,1323.7,83.646
9/30/19 11:45,64.247,56.9,1348.7,83.646
9/30/19 11:45,64.288,56.9,1361.2,83.646
9/30/19 11:45,64.247,56.8,1363.7,83.646
9/30/19 11:45,64.288,56.9,1348.7,83.646
9/30/19 11:45,64.288,56.9,1321.2,83.646
9/30/19 11:45,64.288,56.9,1288.7,83.646
9/30/19 11:45,64.288,57,1266.2,83.646
9/30/19 11:45,64.288,57.1,1258.7,83.646
9/30/19 11:45,64.288,57.1,1263.7,83.646
9/30/19 11:45,64.288,57.1,1283.7,83.646
9/30/19 11:45,64.288,57.2,1306.2,83.646
9/30/19 11:45,64.288,57.3,1328.7,83.646
9/30/19 11:46,64.288,57.3,1343.7,83.646
9/30/19 11:46,64.288,57.4,1351.2,83.646
9/30/19 11:46,64.288,57.5,1356.2,83.646
9/30/19 11:46,64.332,57.4,1351.2,83.646
9/30/19 11:46,64.332,57.6,1341.2,83.646
9/30/19 11:46,64.332,57.6,1333.7,83.646
9/30/19 11:46,64.332,57.7,1326.2,83.646
9/30/19 11:46,64.332,57.6,1321.2,83.646
9/30/19 11:46,64.332,57.6,1316.2,83.646
9/30/19 11:46,64.375,57.7,1308.7,83.646
9/30/19 11:46,64.375,57.7,1303.7,83.646
9/30/19 11:46,64.375,57.7,1306.2,83.646
9/30/19 11:46,64.375,57.8,1308.7,83.646
9/30/19 11:46,64.375,57.8,1311.2,83.646
9/30/19 11:46,64.418,57.9,1311.2,83.646
9/30/19 11:46,64.418,58,1306.2,83.646
9/30/19 11:46,64.418,58.1,1293.7,83.646
9/30/19 11:46,64.418,58.2,1278.7,83.646
9/30/19 11:46,64.418,58.2,1271.2,83.646
9/30/19 11:46,64.418,58.2,1266.2,83.646
9/30/19 11:46,64.459,58.3,1263.7,83.646
9/30/19 11:46,64.459,58.3,1266.2,83.646
9/30/19 11:46,64.459,58.3,1271.2,83.646
9/30/19 11:46,64.503,58.2,1273.7,83.646
9/30/19 11:46,64.503,58.2,1273.7,83.646
9/30/19 11:46,64.503,58.2,1276.2,83.646
9/30/19 11:46,64.503,58.1,1283.7,83.646
9/30/19 11:46,64.503,58.1,1291.2,83.646
9/30/19 11:46,64.503,58.2,1293.7,83.646
9/30/19 11:46,64.546,58.1,1291.2,83.646
9/30/19 11:46,64.546,58,1283.7,83.646
9/30/19 11:46,64.546,57.9,1273.7,83.646
9/30/19 11:46,64.546,57.8,1261.2,83.646
9/30/19 11:46,64.546,57.6,1248.7,83.646
9/30/19 11:46,64.546,57.6,1243.7,83.646
9/30/19 11:46,64.546,57.3,1241.2,83.646
9/30/19 11:46,64.546,57.2,1241.2,83.646
9/30/19 11:46,64.546,57.1,1243.7,83.646
9/30/19 11:46,64.546,56.9,1241.2,83.646
9/30/19 11:46,64.546,56.8,1238.7,83.646
9/30/19 11:46,64.546,56.6,1233.7,83.646
9/30/19 11:46,64.546,56.5,1231.2,83.646
9/30/19 11:46,64.546,56.6,1231.2,83.646
9/30/19 11:46,64.546,56.5,1231.2,83.646
9/30/19 11:46,64.546,56.4,1233.7,83.646
9/30/19 11:46,64.546,56.3,1233.7,83.646
9/30/19 11:46,64.546,56.1,1231.2,83.646
9/30/19 11:46,64.546,56.1,1223.7,83.646
9/30/19 11:46,64.503,56,1221.2,83.646
9/30/19 11:46,64.546,56,1216.2,83.646
9/30/19 11:46,64.503,55.9,1213.7,83.646
9/30/19 11:46,64.503,55.8,1221.2,83.646
9/30/19 11:46,64.503,55.8,1236.2,83.646
9/30/19 11:46,64.503,55.8,1246.2,83.646
9/30/19 11:46,64.503,55.7,1251.2,83.646
9/30/19 11:46,64.503,55.7,1246.2,83.646
9/30/19 11:46,64.459,55.7,1241.2,83.646
9/30/19 11:46,64.503,55.7,1238.7,83.646
9/30/19 11:46,64.459,55.7,1243.7,83.601
9/30/19 11:46,64.459,55.7,1256.2,83.646
9/30/19 11:47,64.459,55.6,1268.7,83.601
9/30/19 11:47,64.459,55.7,1281.2,83.646
9/30/19 11:47,64.459,55.7,1296.2,83.601
9/30/19 11:47,64.459,55.7,1306.2,83.601
9/30/19 11:47,64.459,55.7,1311.2,83.601
9/30/19 11:47,64.459,55.7,1311.2,83.601
9/30/19 11:47,64.459,55.7,1306.2,83.601
9/30/19 11:47,64.459,55.7,1311.2,83.601
9/30/19 11:47,64.459,55.7,1318.7,83.601
9/30/19 11:47,64.459,55.7,1321.2,83.601
9/30/19 11:47,64.459,55.7,1313.7,83.601
9/30/19 11:47,64.459,55.7,1298.7,83.601
9/30/19 11:47,64.459,55.7,1283.7,83.601
9/30/19 11:47,64.459,55.6,1266.2,83.601
9/30/19 11:47,64.459,55.5,1248.7,83.601
9/30/19 11:47,64.459,55.5,1236.2,83.601
9/30/19 11:47,64.459,55.5,1228.7,83.601
9/30/19 11:47,64.459,55.5,1223.7,83.601
9/30/19 11:47,64.459,55.5,1223.7,83.601
9/30/19 11:47,64.459,55.5,1226.2,83.601
9/30/19 11:47,64.459,55.5,1226.2,83.601
9/30/19 11:47,64.459,55.5,1228.7,83.601
9/30/19 11:47,64.459,55.5,1226.2,83.601
9/30/19 11:47,64.459,55.5,1223.7,83.601
9/30/19 11:47,64.418,55.4,1216.2,83.601
9/30/19 11:47,64.459,55.5,1208.7,83.601
9/30/19 11:47,64.418,55.5,1206.2,83.601
9/30/19 11:47,64.459,55.5,1203.7,83.601
9/30/19 11:47,64.418,55.5,1203.7,83.601
9/30/19 11:47,64.418,55.5,1203.7,83.601
9/30/19 11:47,64.418,55.5,1206.2,83.601
9/30/19 11:47,64.418,55.6,1206.2,83.601
9/30/19 11:47,64.418,55.6,1206.2,83.601
9/30/19 11:47,64.459,55.7,1206.2,83.601
9/30/19 11:47,64.418,55.7,1206.2,83.601
9/30/19 11:47,64.459,55.7,1213.7,83.601
9/30/19 11:47,64.459,55.8,1228.7,83.601
9/30/19 11:47,64.459,55.8,1248.7,83.601
9/30/19 11:47,64.459,55.9,1266.2,83.601
9/30/19 11:47,64.459,55.9,1281.2,83.601
9/30/19 11:47,64.459,56,1291.2,83.601
9/30/19 11:47,64.459,56,1301.2,83.601
9/30/19 11:47,64.459,56,1313.7,83.601
9/30/19 11:47,64.459,56,1336.2,83.601
9/30/19 11:47,64.459,56.1,1371.2,83.601
9/30/19 11:47,64.459,56.1,1418.7,83.601
9/30/19 11:47,64.459,56.1,1466.2,83.601
9/30/19 11:47,64.459,56.2,1501.2,83.601
9/30/19 11:47,64.459,56.2,1528.7,83.601
9/30/19 11:47,64.459,56.2,1536.2,83.601
9/30/19 11:47,64.459,56.3,1536.2,83.601
9/30/19 11:47,64.459,56.3,1521.2,83.601
9/30/19 11:47,64.459,56.3,1496.2,83.601
9/30/19 11:47,64.459,56.3,1458.7,83.601
9/30/19 11:47,64.459,56.3,1406.2,83.601
9/30/19 11:47,64.459,56.4,1346.2,83.601
9/30/19 11:47,64.503,56.4,1298.7,83.601
9/30/19 11:47,64.459,56.4,1268.7,83.601
9/30/19 11:47,64.503,56.4,1256.2,83.601
9/30/19 11:47,64.503,56.4,1251.2,83.601
9/30/19 11:48,64.459,56.4,1258.7,83.601
9/30/19 11:48,64.503,56.5,1276.2,83.601
9/30/19 11:48,64.503,56.5,1296.2,83.601
9/30/19 11:48,64.503,56.6,1308.7,83.601
9/30/19 11:48,64.503,56.5,1316.2,83.601
9/30/19 11:48,64.503,56.6,1321.2,83.601
9/30/19 11:48,64.503,56.6,1318.7,83.601
9/30/19 11:48,64.503,56.7,1313.7,83.601
9/30/19 11:48,64.503,56.7,1308.7,83.601
9/30/19 11:48,64.503,56.7,1308.7,83.601
9/30/19 11:48,64.546,56.7,1316.2,83.601
9/30/19 11:48,64.546,56.7,1318.7,83.601
9/30/19 11:48,64.546,56.7,1313.7,83.601
9/30/19 11:48,64.546,56.7,1298.7,83.601
9/30/19 11:48,64.546,56.6,1286.2,83.601
9/30/19 11:48,64.546,56.6,1276.2,83.601
9/30/19 11:48,64.546,56.6,1266.2,83.601
9/30/19 11:48,64.546,56.6,1263.7,83.601
9/30/19 11:48,64.546,56.6,1261.2,83.601
9/30/19 11:48,64.589,56.6,1263.7,83.646
9/30/19 11:48,64.589,56.6,1266.2,83.601
9/30/19 11:48,64.589,56.6,1263.7,83.601
9/30/19 11:48,64.589,56.6,1263.7,83.601
9/30/19 11:48,64.589,56.6,1266.2,83.601
9/30/19 11:48,64.589,56.7,1278.7,83.646
9/30/19 11:48,64.589,56.7,1303.7,83.646
9/30/19 11:48,64.589,56.7,1336.2,83.646
9/30/19 11:48,64.589,56.7,1366.2,83.646
9/30/19 11:48,64.589,56.7,1386.2,83.646
9/30/19 11:48,64.589,56.7,1393.7,83.646
9/30/19 11:48,64.589,56.7,1383.7,83.646
9/30/19 11:48,64.632,56.7,1361.2,83.646
9/30/19 11:48,64.632,56.8,1333.7,83.646
9/30/19 11:48,64.632,56.8,1308.7,83.646
9/30/19 11:48,64.632,56.8,1291.2,83.646
9/30/19 11:48,64.632,56.9,1278.7,83.646
9/30/19 11:48,64.674,56.9,1271.2,83.646
9/30/19 11:48,64.674,56.9,1266.2,83.646
9/30/19 11:48,64.674,57,1261.2,83.646
9/30/19 11:48,64.674,57,1256.2,83.646
9/30/19 11:48,64.717,57,1256.2,83.646
9/30/19 11:48,64.717,57,1258.7,83.646
9/30/19 11:48,64.717,57,1268.7,83.646
9/30/19 11:48,64.717,57,1278.7,83.646
9/30/19 11:48,64.717,57,1283.7,83.646
9/30/19 11:48,64.717,57,1278.7,83.646
9/30/19 11:48,64.717,57,1268.7,83.646
9/30/19 11:48,64.76,57.1,1253.7,83.646
9/30/19 11:48,64.76,57.1,1236.2,83.646
9/30/19 11:48,64.76,57.1,1218.7,83.646
9/30/19 11:48,64.76,57.2,1203.7,83.646
9/30/19 11:48,64.76,57.3,1191.2,83.646
9/30/19 11:48,64.803,57.3,1181.2,83.646
9/30/19 11:48,64.803,57.3,1173.7,83.646
9/30/19 11:48,64.803,57.4,1173.7,83.646
9/30/19 11:48,64.803,57.5,1178.7,83.646
9/30/19 11:48,64.803,57.5,1196.2,83.646
9/30/19 11:48,64.803,57.5,1223.7,83.646
9/30/19 11:48,64.845,57.5,1251.2,83.646
9/30/19 11:48,64.845,57.5,1283.7,83.646
9/30/19 11:49,64.845,57.5,1308.7,83.646
9/30/19 11:49,64.845,57.5,1323.7,83.646
9/30/19 11:49,64.845,57.5,1328.7,83.646
9/30/19 11:49,64.888,57.5,1321.2,83.646
9/30/19 11:49,64.888,57.5,1311.2,83.646
9/30/19 11:49,64.888,57.6,1296.2,83.646
9/30/19 11:49,64.888,57.6,1281.2,83.646
9/30/19 11:49,64.888,57.6,1273.7,83.646
9/30/19 11:49,64.888,57.5,1266.2,83.646
9/30/19 11:49,64.888,57.5,1258.7,83.646
9/30/19 11:49,64.888,57.4,1248.7,83.646
9/30/19 11:49,64.931,57.3,1246.2,83.646
9/30/19 11:49,64.931,57.3,1241.2,83.646
9/30/19 11:49,64.931,57.2,1243.7,83.646
9/30/19 11:49,64.931,57.1,1243.7,83.646
9/30/19 11:49,64.931,57,1243.7,83.646
9/30/19 11:49,64.931,56.9,1241.2,83.646
9/30/19 11:49,64.931,56.8,1238.7,83.646
9/30/19 11:49,64.931,56.6,1233.7,83.646
9/30/19 11:49,64.931,56.5,1231.2,83.646
9/30/19 11:49,64.931,56.4,1236.2,83.646
9/30/19 11:49,64.931,56.2,1243.7,83.646
9/30/19 11:49,64.931,56.1,1251.2,83.646
9/30/19 11:49,64.931,56,1258.7,83.646
9/30/19 11:49,64.931,56,1261.2,83.646
9/30/19 11:49,64.931,55.8,1258.7,83.646
9/30/19 11:49,64.888,55.8,1251.2,83.646
9/30/19 11:49,64.888,55.7,1243.7,83.646
9/30/19 11:49,64.888,55.6,1236.2,83.646
9/30/19 11:49,64.888,55.7,1231.2,83.646
9/30/19 11:49,64.888,55.7,1233.7,83.646
9/30/19 11:49,64.888,55.7,1238.7,83.646
9/30/19 11:49,64.888,55.8,1248.7,83.646
9/30/19 11:49,64.888,55.8,1256.2,83.646
9/30/19 11:49,64.888,55.8,1263.7,83.646
9/30/19 11:49,64.845,55.9,1266.2,83.646
9/30/19 11:49,64.845,56,1268.7,83.646
9/30/19 11:49,64.845,56.1,1273.7,83.646
9/30/19 11:49,64.845,56.2,1276.2,83.646
9/30/19 11:49,64.845,56.3,1281.2,83.646
9/30/19 11:49,64.845,56.4,1286.2,83.646
9/30/19 11:49,64.845,56.5,1286.2,83.646
9/30/19 11:49,64.845,56.5,1283.7,83.646
9/30/19 11:49,64.845,56.5,1276.2,83.646
9/30/19 11:49,64.845,56.5,1266.2,83.646
9/30/19 11:49,64.845,56.4,1258.7,83.646
9/30/19 11:49,64.845,56.4,1251.2,83.646
9/30/19 11:49,64.845,56.3,1251.2,83.646
9/30/19 11:49,64.845,56.3,1256.2,83.646
9/30/19 11:49,64.845,56.4,1263.7,83.646
9/30/19 11:49,64.845,56.4,1278.7,83.646
9/30/19 11:49,64.803,56.4,1293.7,83.646
9/30/19 11:49,64.803,56.4,1316.2,83.646
9/30/19 11:49,64.803,56.3,1341.2,83.646
9/30/19 11:49,64.803,56.2,1358.7,83.646
9/30/19 11:49,64.803,56.1,1361.2,83.646
9/30/19 11:49,64.803,56.1,1351.2,83.646
9/30/19 11:49,64.803,56,1331.2,83.646
9/30/19 11:49,64.803,56,1303.7,83.646
9/30/19 11:49,64.803,56,1273.7,83.646
9/30/19 11:50,64.803,55.9,1251.2,83.646
9/30/19 11:50,64.803,55.8,1241.2,83.646
9/30/19 11:50,64.76,55.7,1236.2,83.646
9/30/19 11:50,64.76,55.7,1238.7,83.646
9/30/19 11:50,64.76,55.6,1243.7,83.646
9/30/19 11:50,64.76,55.5,1251.2,83.646
9/30/19 11:50,64.76,55.5,1263.7,83.646
9/30/19 11:50,64.76,55.4,1268.7,83.646
9/30/19 11:50,64.76,55.5,1266.2,83.646
9/30/19 11:50,64.717,55.4,1266.2,83.646
9/30/19 11:50,64.717,55.4,1261.2,83.646
9/30/19 11:50,64.717,55.4,1248.7,83.646
9/30/19 11:50,64.717,55.4,1236.2,83.646
9/30/19 11:50,64.717,55.4,1228.7,83.646
9/30/19 11:50,64.674,55.4,1226.2,83.646
9/30/19 11:50,64.674,55.4,1223.7,83.646
9/30/19 11:50,64.674,55.4,1221.2,83.646
9/30/19 11:50,64.674,55.4,1223.7,83.646
9/30/19 11:50,64.674,55.4,1238.7,83.646
9/30/19 11:50,64.632,55.4,1266.2,83.646
9/30/19 11:50,64.632,55.4,1296.2,83.646
9/30/19 11:50,64.632,55.4,1318.7,83.646
9/30/19 11:50,64.632,55.5,1338.7,83.646
9/30/19 11:50,64.589,55.4,1346.2,83.646
9/30/19 11:50,64.589,55.5,1336.2,83.646
9/30/19 11:50,64.589,55.7,1316.2,83.646
9/30/19 11:50,64.589,55.8,1296.2,83.646
9/30/19 11:50,64.589,56,1276.2,83.646
9/30/19 11:50,64.589,56,1256.2,83.646
9/30/19 11:50,64.589,56.2,1236.2,83.646
9/30/19 11:50,64.589,56.4,1216.2,83.646
9/30/19 11:50,64.589,56.5,1198.7,83.646
9/30/19 11:50,64.589,56.5,1181.2,83.646
9/30/19 11:50,64.589,56.7,1168.7,83.646
9/30/19 11:50,64.589,56.8,1156.2,83.646
9/30/19 11:50,64.589,56.9,1146.2,83.646
9/30/19 11:50,64.589,57,1138.7,83.646
9/30/19 11:50,64.589,57.1,1131.2,83.646
9/30/19 11:50,64.589,57.2,1128.7,83.646
9/30/19 11:50,64.589,57.2,1133.7,83.646
9/30/19 11:50,64.589,57.2,1143.7,83.646
9/30/19 11:50,64.589,57.2,1153.7,83.646
9/30/19 11:50,64.589,57.2,1163.7,83.646
9/30/19 11:50,64.589,57.1,1173.7,83.646
9/30/19 11:50,64.589,57,1183.7,83.646
9/30/19 11:50,64.589,56.9,1191.2,83.646
9/30/19 11:50,64.589,56.7,1203.7,83.646
9/30/19 11:50,64.589,56.7,1213.7,83.646
9/30/19 11:50,64.589,56.6,1226.2,83.646
9/30/19 11:50,64.589,56.5,1243.7,83.646
9/30/19 11:50,64.589,56.6,1263.7,83.646
9/30/19 11:50,64.589,56.6,1291.2,83.646
9/30/19 11:50,64.589,56.6,1318.7,83.646
9/30/19 11:50,64.589,56.5,1338.7,83.646
9/30/19 11:50,64.589,56.6,1343.7,83.646
9/30/19 11:50,64.589,56.6,1333.7,83.646
9/30/19 11:50,64.589,56.6,1316.2,83.646
9/30/19 11:50,64.589,56.6,1296.2,83.646
9/30/19 11:50,64.589,56.7,1278.7,83.646
9/30/19 11:50,64.589,56.7,1271.2,83.646
9/30/19 11:51,64.589,56.8,1266.2,83.646
9/30/19 11:51,64.589,56.8,1263.7,83.646
9/30/19 11:51,64.589,56.9,1256.2,83.646
9/30/19 11:51,64.589,57,1251.2,83.646
9/30/19 11:51,64.589,57,1243.7,83.646
9/30/19 11:51,64.589,57,1236.2,83.646
9/30/19 11:51,64.589,57,1226.2,83.646
9/30/19 11:51,64.589,56.9,1221.2,83.646
9/30/19 11:51,64.632,56.9,1221.2,83.646
9/30/19 11:51,64.632,56.8,1226.2,83.646
9/30/19 11:51,64.632,56.7,1228.7,83.646
9/30/19 11:51,64.589,56.6,1231.2,83.646
9/30/19 11:51,64.632,56.6,1236.2,83.646
9/30/19 11:51,64.632,56.5,1233.7,83.646
9/30/19 11:51,64.632,56.4,1223.7,83.646
9/30/19 11:51,64.589,56.3,1211.2,83.646
9/30/19 11:51,64.589,56.3,1191.2,83.646
9/30/19 11:51,64.589,56.2,1171.2,83.646
9/30/19 11:51,64.589,56.2,1151.2,83.646
9/30/19 11:51,64.632,56.1,1141.2,83.646
9/30/19 11:51,64.589,56.1,1133.7,83.646
9/30/19 11:51,64.589,56.1,1131.2,83.646
9/30/19 11:51,64.589,56.1,1131.2,83.646
9/30/19 11:51,64.589,56,1128.7,83.646
9/30/19 11:51,64.589,56,1126.2,83.646
9/30/19 11:51,64.589,56,1131.2,83.646
9/30/19 11:51,64.589,56,1141.2,83.646
9/30/19 11:51,64.589,56,1148.7,83.646
9/30/19 11:51,64.589,56,1153.7,83.646
9/30/19 11:51,64.589,55.9,1158.7,83.646
9/30/19 11:51,64.589,55.8,1163.7,83.646
9/30/19 11:51,64.589,55.8,1166.2,83.646
9/30/19 11:51,64.589,55.8,1173.7,83.646
9/30/19 11:51,64.589,55.7,1186.2,83.646
9/30/19 11:51,64.589,55.7,1206.2,83.646
9/30/19 11:51,64.589,55.7,1226.2,83.646
9/30/19 11:51,64.546,55.6,1241.2,83.646
9/30/19 11:51,64.546,55.5,1238.7,83.646
9/30/19 11:51,64.546,55.5,1221.2,83.646
9/30/19 11:51,64.546,55.5,1193.7,83.646
9/30/19 11:51,64.546,55.5,1163.7,83.646
9/30/19 11:51,64.546,55.5,1136.2,83.646
9/30/19 11:51,64.546,55.5,1118.7,83.646
9/30/19 11:51,64.546,55.5,1113.7,83.646
9/30/19 11:51,64.546,55.6,1118.7,83.646
9/30/19 11:51,64.546,55.7,1128.7,83.646
9/30/19 11:51,64.546,55.7,1133.7,83.646
9/30/19 11:51,64.546,55.8,1133.7,83.646
9/30/19 11:51,64.546,55.8,1136.2,83.646
9/30/19 11:51,64.546,55.9,1143.7,83.646
9/30/19 11:51,64.546,56,1148.7,83.646
9/30/19 11:51,64.546,56,1153.7,83.646
9/30/19 11:51,64.546,56,1163.7,83.646
9/30/19 11:51,64.546,55.9,1171.2,83.646
9/30/19 11:51,64.546,55.9,1173.7,83.646
9/30/19 11:51,64.546,55.9,1173.7,83.646
9/30/19 11:51,64.546,55.8,1178.7,83.646
9/30/19 11:51,64.546,55.8,1183.7,83.646
9/30/19 11:51,64.546,55.8,1186.2,83.646
9/30/19 11:51,64.546,55.7,1188.7,83.646
9/30/19 11:52,64.546,55.7,1201.2,83.646
9/30/19 11:52,64.546,55.7,1216.2,83.646
9/30/19 11:52,64.503,55.7,1231.2,83.646
9/30/19 11:52,64.546,55.7,1258.7,83.646
9/30/19 11:52,64.546,55.7,1288.7,83.646
9/30/19 11:52,64.503,55.7,1316.2,83.646
9/30/19 11:52,64.503,55.8,1326.2,83.646
9/30/19 11:52,64.503,55.9,1323.7,83.646
9/30/19 11:52,64.503,56,1313.7,83.646
9/30/19 11:52,64.503,56,1298.7,83.646
9/30/19 11:52,64.503,56.1,1283.7,83.646
9/30/19 11:52,64.503,56.2,1293.7,83.646
9/30/19 11:52,64.503,56.3,1306.2,83.646
9/30/19 11:52,64.503,56.3,1328.7,83.646
9/30/19 11:52,64.503,56.4,1356.2,83.646
9/30/19 11:52,64.503,56.4,1383.7,83.646
9/30/19 11:52,64.503,56.4,1396.2,83.646
9/30/19 11:52,64.503,56.3,1396.2,83.646
9/30/19 11:52,64.503,56.3,1388.7,83.646
9/30/19 11:52,64.503,56.3,1361.2,83.646
9/30/19 11:52,64.503,56.4,1331.2,83.646
9/30/19 11:52,64.503,56.4,1306.2,83.646
9/30/19 11:52,64.503,56.6,1293.7,83.646
9/30/19 11:52,64.503,56.6,1288.7,83.646
9/30/19 11:52,64.503,56.5,1291.2,83.646
9/30/19 11:52,64.503,56.5,1298.7,83.646
9/30/19 11:52,64.503,56.5,1308.7,83.646
9/30/19 11:52,64.503,56.6,1323.7,83.646
9/30/19 11:52,64.503,56.5,1343.7,83.646
9/30/19 11:52,64.503,56.5,1373.7,83.646
9/30/19 11:52,64.503,56.4,1403.7,83.646
9/30/19 11:52,64.503,56.4,1421.2,83.646
9/30/19 11:52,64.459,56.3,1421.2,83.646
9/30/19 11:52,64.503,56.3,1416.2,83.646
9/30/19 11:52,64.459,56.2,1428.7,83.646
9/30/19 11:52,64.459,56.1,1448.7,83.646
9/30/19 11:52,64.459,56,1491.2,83.646
9/30/19 11:52,64.459,56,1536.2,83.646
9/30/19 11:52,64.459,55.9,1568.7,83.646
9/30/19 11:52,64.459,55.8,1578.7,83.646
9/30/19 11:52,64.418,55.7,1566.2,83.646
9/30/19 11:52,64.418,55.6,1573.7,83.646
9/30/19 11:52,64.418,55.5,1591.2,83.646
9/30/19 11:52,64.418,55.5,1608.7,83.646
9/30/19 11:52,64.418,55.4,1621.2,83.646
9/30/19 11:52,64.418,55.4,1621.2,83.646
9/30/19 11:52,64.375,55.4,1606.2,83.691
9/30/19 11:52,64.375,55.3,1561.2,83.646
9/30/19 11:52,64.375,55.3,1511.2,83.691
9/30/19 11:52,64.375,55.2,1466.2,83.691
9/30/19 11:52,64.375,55.2,1421.2,83.691
9/30/19 11:52,64.332,55.2,1381.2,83.691
9/30/19 11:52,64.332,55.1,1343.7,83.646
9/30/19 11:52,64.332,55.1,1318.7,83.691
9/30/19 11:52,64.332,55.1,1298.7,83.691
9/30/19 11:52,64.288,55.1,1286.2,83.691
9/30/19 11:52,64.288,55.1,1273.7,83.691
9/30/19 11:52,64.288,55.1,1256.2,83.691
9/30/19 11:52,64.288,55.1,1238.7,83.691
9/30/19 11:52,64.288,55.1,1226.2,83.691
9/30/19 11:53,64.288,55.1,1213.7,83.691
9/30/19 11:53,64.288,55.1,1201.2,83.691
9/30/19 11:53,64.247,55.2,1188.7,83.691
9/30/19 11:53,64.247,55.2,1186.2,83.691
9/30/19 11:53,64.247,55.2,1191.2,83.691
9/30/19 11:53,64.247,55.2,1201.2,83.691
9/30/19 11:53,64.247,55.3,1206.2,83.691
9/30/19 11:53,64.247,55.4,1206.2,83.691
9/30/19 11:53,64.247,55.4,1201.2,83.691
9/30/19 11:53,64.247,55.4,1196.2,83.691
9/30/19 11:53,64.247,55.4,1198.7,83.691
9/30/19 11:53,64.247,55.4,1208.7,83.691
9/30/19 11:53,64.247,55.4,1223.7,83.691
9/30/19 11:53,64.247,55.5,1246.2,83.691
9/30/19 11:53,64.247,55.5,1278.7,83.691
9/30/19 11:53,64.247,55.6,1313.7,83.691
9/30/19 11:53,64.247,55.6,1356.2,83.691
9/30/19 11:53,64.247,55.7,1426.2,83.691
9/30/19 11:53,64.247,55.7,1506.2,83.691
9/30/19 11:53,64.247,55.8,1591.2,83.691
9/30/19 11:53,64.247,55.8,1656.2,83.691
9/30/19 11:53,64.288,55.9,1698.7,83.691
9/30/19 11:53,64.288,56,1718.7,83.691
9/30/19 11:53,64.288,56,1706.2,83.691
9/30/19 11:53,64.288,56,1688.7,83.691
9/30/19 11:53,64.288,56,1676.2,83.691
9/30/19 11:53,64.288,56,1673.7,83.691
9/30/19 11:53,64.332,56.1,1678.7,83.691
9/30/19 11:53,64.332,56.1,1666.2,83.736
9/30/19 11:53,64.332,56.2,1653.7,83.691
9/30/19 11:53,64.332,56.3,1648.7,83.736
9/30/19 11:53,64.375,56.3,1648.7,83.736
9/30/19 11:53,64.375,56.4,1648.7,83.736
9/30/19 11:53,64.375,56.4,1661.2,83.736
9/30/19 11:53,64.375,56.4,1668.7,83.736
9/30/19 11:53,64.418,56.5,1678.7,83.736
9/30/19 11:53,64.418,56.5,1686.2,83.736
9/30/19 11:53,64.418,56.6,1698.7,83.736
9/30/19 11:53,64.459,56.6,1711.2,83.736
9/30/19 11:53,64.459,56.5,1723.7,83.736
9/30/19 11:53,64.459,56.6,1726.2,83.736
9/30/19 11:53,64.459,56.6,1723.7,83.736
9/30/19 11:53,64.503,56.6,1723.7,83.736
9/30/19 11:53,64.503,56.7,1711.2,83.736
9/30/19 11:53,64.503,56.7,1708.7,83.736
9/30/19 11:53,64.546,56.7,1713.7,83.736
9/30/19 11:53,64.546,56.8,1718.7,83.736
9/30/19 11:53,64.589,56.8,1738.7,83.736
9/30/19 11:53,64.589,56.9,1753.7,83.779
9/30/19 11:53,64.589,56.9,1751.2,83.779
9/30/19 11:53,64.632,56.9,1728.7,83.779
9/30/19 11:53,64.632,57,1703.7,83.779
9/30/19 11:53,64.674,57,1691.2,83.779
9/30/19 11:53,64.674,57,1683.7,83.779
9/30/19 11:53,64.674,57,1683.7,83.779
9/30/19 11:53,64.717,57.1,1688.7,83.779
9/30/19 11:53,64.717,57.1,1688.7,83.779
9/30/19 11:53,64.76,57.1,1683.7,83.779
9/30/19 11:53,64.76,57.1,1668.7,83.779
9/30/19 11:53,64.803,57.1,1653.7,83.824
9/30/19 11:54,64.803,57.1,1638.7,83.824
9/30/19 11:54,64.803,57.1,1623.7,83.824
9/30/19 11:54,64.845,57.1,1628.7,83.824
9/30/19 11:54,64.845,57.1,1653.7,83.824
9/30/19 11:54,64.888,57.1,1681.2,83.824
9/30/19 11:54,64.888,57.1,1691.2,83.824
9/30/19 11:54,64.888,57.1,1713.7,83.824
9/30/19 11:54,64.931,57.1,1743.7,83.824
9/30/19 11:54,64.931,57.1,1771.2,83.824
9/30/19 11:54,64.974,57.2,1811.2,83.824
9/30/19 11:54,64.974,57.2,1851.2,83.869
9/30/19 11:54,64.974,57.2,1891.2,83.869
9/30/19 11:54,65.017,57.1,1916.2,83.869
9/30/19 11:54,65.017,57.2,1926.2,83.869
9/30/19 11:54,65.059,57.2,1923.7,83.869
9/30/19 11:54,65.059,57.2,1906.2,83.869
9/30/19 11:54,65.102,57.2,1883.7,83.869
9/30/19 11:54,65.102,57.2,1863.7,83.869
9/30/19 11:54,65.102,57.2,1846.2,83.869
9/30/19 11:54,65.145,57.2,1843.7,83.914
9/30/19 11:54,65.145,57.3,1851.2,83.914
9/30/19 11:54,65.188,57.3,1863.7,83.914
9/30/19 11:54,65.188,57.5,1873.7,83.914
9/30/19 11:54,65.23,57.6,1881.2,83.914
9/30/19 11:54,65.23,57.7,1896.2,83.914
9/30/19 11:54,65.273,57.6,1888.7,83.914
9/30/19 11:54,65.273,57.8,1856.2,83.914
9/30/19 11:54,65.316,57.9,1796.2,83.914
9/30/19 11:54,65.359,57.9,1726.2,83.959
9/30/19 11:54,65.359,58,1658.7,83.959
9/30/19 11:54,65.403,58.1,1623.7,83.959
9/30/19 11:54,65.403,58.1,1638.7,83.959
9/30/19 11:54,65.444,58.2,1668.7,83.959
9/30/19 11:54,65.444,58.1,1716.2,83.959
9/30/19 11:54,65.487,58.2,1763.7,83.959
9/30/19 11:54,65.487,58.2,1803.7,83.959
9/30/19 11:54,65.53,58.3,1826.2,84.004
9/30/19 11:54,65.574,58.4,1846.2,84.004
9/30/19 11:54,65.574,58.4,1851.2,84.004
9/30/19 11:54,65.615,58.5,1846.2,84.004
9/30/19 11:54,65.615,58.6,1823.7,84.004
9/30/19 11:54,65.658,58.7,1798.7,84.004
9/30/19 11:54,65.658,58.8,1768.7,84.004
9/30/19 11:54,65.701,58.9,1741.2,84.004
9/30/19 11:54,65.701,58.8,1721.2,84.049
9/30/19 11:54,65.745,58.8,1713.7,84.004
9/30/19 11:54,65.788,58.8,1711.2,84.049
9/30/19 11:54,65.788,58.8,1696.2,84.049
9/30/19 11:54,65.829,58.8,1683.7,84.049
9/30/19 11:54,65.829,58.7,1678.7,84.049
9/30/19 11:54,65.872,58.6,1688.7,84.049
9/30/19 11:54,65.872,58.5,1708.7,84.094
9/30/19 11:54,65.916,58.3,1733.7,84.094
9/30/19 11:54,65.916,58.3,1771.2,84.094
9/30/19 11:54,65.959,58.1,1811.2,84.094
9/30/19 11:54,65.959,58,1851.2,84.094
9/30/19 11:54,66,57.9,1888.7,84.094
9/30/19 11:54,66,57.8,1921.2,84.094
9/30/19 11:54,66,57.8,1943.7,84.094
9/30/19 11:54,66.043,57.7,1943.7,84.137
9/30/19 11:55,66.043,57.8,1941.2,84.137
9/30/19 11:55,66.087,57.7,1938.7,84.137
9/30/19 11:55,66.087,57.7,1926.2,84.137
9/30/19 11:55,66.087,57.7,1908.7,84.137
9/30/19 11:55,66.13,57.7,1873.7,84.137
9/30/19 11:55,66.13,57.7,1833.7,84.137
9/30/19 11:55,66.173,57.8,1798.7,84.137
9/30/19 11:55,66.173,57.8,1768.7,84.182
9/30/19 11:55,66.214,57.8,1748.7,84.182
9/30/19 11:55,66.214,57.8,1753.7,84.182
9/30/19 11:55,66.214,57.7,1761.2,84.182
9/30/19 11:55,66.258,57.7,1763.7,84.182
9/30/19 11:55,66.258,57.7,1761.2,84.182
9/30/19 11:55,66.301,57.7,1756.2,84.182
9/30/19 11:55,66.301,57.8,1753.7,84.182
9/30/19 11:55,66.301,57.8,1758.7,84.227
9/30/19 11:55,66.344,57.8,1773.7,84.227
9/30/19 11:55,66.344,57.8,1808.7,84.227
9/30/19 11:55,66.385,57.7,1843.7,84.227
9/30/19 11:55,66.385,57.7,1871.2,84.227
9/30/19 11:55,66.429,57.7,1893.7,84.227
9/30/19 11:55,66.429,57.6,1913.7,84.272
9/30/19 11:55,66.429,57.4,1923.7,84.272
9/30/19 11:55,66.472,57.3,1928.7,84.272
9/30/19 11:55,66.472,57.2,1928.7,84.272
9/30/19 11:55,66.472,57.1,1931.2,84.272
9/30/19 11:55,66.472,56.9,1926.2,84.272
9/30/19 11:55,66.515,56.8,1923.7,84.272
9/30/19 11:55,66.515,56.6,1913.7,84.317
9/30/19 11:55,66.515,56.6,1903.7,84.317
9/30/19 11:55,66.515,56.4,1893.7,84.317
9/30/19 11:55,66.515,56.2,1883.7,84.317
9/30/19 11:55,66.515,56.1,1876.2,84.317
9/30/19 11:55,66.515,55.9,1863.7,84.317
9/30/19 11:55,66.558,55.8,1843.7,84.362
9/30/19 11:55,66.515,55.7,1811.2,84.362
9/30/19 11:55,66.558,55.7,1776.2,84.362
9/30/19 11:55,66.558,55.7,1738.7,84.362
9/30/19 11:55,66.515,55.7,1706.2,84.362
9/30/19 11:55,66.558,55.7,1678.7,84.362
9/30/19 11:55,66.558,55.7,1651.2,84.362
9/30/19 11:55,66.558,55.8,1628.7,84.407
9/30/19 11:55,66.558,55.8,1613.7,84.407
9/30/19 11:55,66.558,55.9,1588.7,84.407
9/30/19 11:55,66.558,55.9,1566.2,84.407
9/30/19 11:55,66.558,56,1553.7,84.407
9/30/19 11:55,66.558,56.1,1551.2,84.452
9/30/19 11:55,66.6,56.2,1546.2,84.452
9/30/19 11:55,66.558,56.2,1548.7,84.452
9/30/19 11:55,66.6,56.3,1561.2,84.452
9/30/19 11:55,66.6,56.4,1573.7,84.452
9/30/19 11:55,66.6,56.5,1588.7,84.452
9/30/19 11:55,66.6,56.6,1606.2,84.497
9/30/19 11:55,66.643,56.6,1636.2,84.497
9/30/19 11:55,66.643,56.7,1668.7,84.497
9/30/19 11:55,66.643,56.7,1701.2,84.497
9/30/19 11:55,66.686,56.6,1718.7,84.497
9/30/19 11:55,66.686,56.6,1708.7,84.497
9/30/19 11:55,66.686,56.5,1668.7,84.542
9/30/19 11:55,66.686,56.3,1611.2,84.542
9/30/19 11:56,66.686,56.2,1553.7,84.542
9/30/19 11:56,66.729,56.2,1513.7,84.542
9/30/19 11:56,66.729,56.1,1491.2,84.542
9/30/19 11:56,66.729,56,1483.7,84.542
9/30/19 11:56,66.729,55.9,1488.7,84.542
9/30/19 11:56,66.729,55.8,1496.2,84.542
9/30/19 11:56,66.729,55.7,1503.7,84.587
9/30/19 11:56,66.729,55.7,1508.7,84.587
9/30/19 11:56,66.729,55.7,1513.7,84.587
9/30/19 11:56,66.729,55.8,1518.7,84.587
9/30/19 11:56,66.729,56,1536.2,84.587
9/30/19 11:56,66.772,56.1,1563.7,84.587
9/30/19 11:56,66.729,56.2,1601.2,84.632
9/30/19 11:56,66.772,56.3,1646.2,84.632
9/30/19 11:56,66.772,56.4,1698.7,84.632
9/30/19 11:56,66.772,56.6,1753.7,84.632
9/30/19 11:56,66.772,56.7,1808.7,84.632
9/30/19 11:56,66.772,56.8,1856.2,84.632
9/30/19 11:56,66.772,56.8,1891.2,84.677
9/30/19 11:56,66.772,56.8,1908.7,84.677
9/30/19 11:56,66.814,56.8,1908.7,84.677
9/30/19 11:56,66.814,56.8,1903.7,84.677
9/30/19 11:56,66.814,56.8,1901.2,84.677
9/30/19 11:56,66.814,56.8,1896.2,84.677
9/30/19 11:56,66.857,56.8,1901.2,84.677
9/30/19 11:56,66.857,56.8,1896.2,84.722
9/30/19 11:56,66.857,56.6,1891.2,84.722
9/30/19 11:56,66.857,56.5,1891.2,84.722
9/30/19 11:56,66.857,56.4,1888.7,84.722
9/30/19 11:56,66.857,56.2,1886.2,84.722
9/30/19 11:56,66.9,56.2,1888.7,84.722
9/30/19 11:56,66.9,56,1886.2,84.722
9/30/19 11:56,66.9,55.9,1888.7,84.722
9/30/19 11:56,66.9,55.8,1883.7,84.767
9/30/19 11:56,66.9,55.7,1883.7,84.722
9/30/19 11:56,66.9,55.7,1881.2,84.767
9/30/19 11:56,66.9,55.7,1883.7,84.767
9/30/19 11:56,66.9,55.4,1881.2,84.767
9/30/19 11:56,66.9,55.2,1881.2,84.767
9/30/19 11:56,66.9,55.1,1883.7,84.767
9/30/19 11:56,66.857,54.8,1883.7,84.812
9/30/19 11:56,66.857,54.6,1886.2,84.812
9/30/19 11:56,66.857,54.6,1886.2,84.812
9/30/19 11:56,66.857,54.5,1883.7,84.812
9/30/19 11:56,66.857,54.5,1888.7,84.812
9/30/19 11:56,66.814,54.5,1891.2,84.812
9/30/19 11:56,66.814,54.5,1893.7,84.812
9/30/19 11:56,66.814,54.6,1888.7,84.812
9/30/19 11:56,66.814,54.6,1893.7,84.857
9/30/19 11:56,66.814,54.7,1883.7,84.857
9/30/19 11:56,66.772,54.8,1873.7,84.857
9/30/19 11:56,66.772,54.9,1858.7,84.857
9/30/19 11:56,66.772,55,1838.7,84.857
9/30/19 11:56,66.772,55.1,1808.7,84.857
9/30/19 11:56,66.772,55.2,1768.7,84.857
9/30/19 11:56,66.772,55.3,1716.2,84.857
9/30/19 11:56,66.772,55.3,1638.7,84.9
9/30/19 11:56,66.772,55.4,1546.2,84.9
9/30/19 11:56,66.772,55.4,1438.7,84.9
9/30/19 11:56,66.772,55.6,1338.7,84.9
9/30/19 11:57,66.772,55.6,1256.2,84.9
9/30/19 11:57,66.772,55.6,1203.7,84.9
9/30/19 11:57,66.772,55.7,1183.7,84.9
9/30/19 11:57,66.772,55.9,1186.2,84.945
9/30/19 11:57,66.772,56,1186.2,84.945
9/30/19 11:57,66.772,56.2,1183.7,84.945
9/30/19 11:57,66.772,56.3,1178.7,84.945
9/30/19 11:57,66.772,56.5,1186.2,84.945
9/30/19 11:57,66.814,56.8,1208.7,84.945
9/30/19 11:57,66.814,56.9,1246.2,84.945
9/30/19 11:57,66.814,57.2,1291.2,84.945
9/30/19 11:57,66.857,57.3,1336.2,84.99
9/30/19 11:57,66.857,57.5,1376.2,84.99
9/30/19 11:57,66.857,57.7,1403.7,84.99
9/30/19 11:57,66.9,57.8,1421.2,84.99
9/30/19 11:57,66.9,57.9,1436.2,84.99
9/30/19 11:57,66.9,57.8,1453.7,84.99
9/30/19 11:57,66.943,57.9,1476.2,84.99
9/30/19 11:57,66.943,57.9,1521.2,84.99
9/30/19 11:57,66.943,58,1581.2,84.99
9/30/19 11:57,66.985,57.9,1651.2,84.99
9/30/19 11:57,66.985,57.9,1711.2,85.035
9/30/19 11:57,66.985,57.8,1758.7,85.035
9/30/19 11:57,67.028,57.8,1768.7,85.035
9/30/19 11:57,67.028,57.9,1761.2,85.035
9/30/19 11:57,67.071,57.8,1738.7,85.035
9/30/19 11:57,67.071,57.8,1733.7,85.035
9/30/19 11:57,67.071,57.8,1731.2,85.035
9/30/19 11:57,67.114,57.8,1741.2,85.035
9/30/19 11:57,67.114,57.5,1768.7,85.035
9/30/19 11:57,67.114,57.3,1808.7,85.035
9/30/19 11:57,67.114,57,1848.7,85.035
9/30/19 11:57,67.158,56.8,1868.7,85.035
9/30/19 11:57,67.158,56.4,1871.2,85.035
9/30/19 11:57,67.158,56.1,1871.2,85.082
9/30/19 11:57,67.158,55.7,1868.7,85.082
9/30/19 11:57,67.158,55.5,1868.7,85.082
9/30/19 11:57,67.158,55.2,1866.2,85.082
9/30/19 11:57,67.158,55.1,1863.7,85.082
9/30/19 11:57,67.158,54.8,1863.7,85.082
9/30/19 11:57,67.158,54.6,1863.7,85.082
9/30/19 11:57,67.114,54.5,1863.7,85.082
9/30/19 11:57,67.114,54.4,1863.7,85.082
9/30/19 11:57,67.114,54.2,1861.2,85.082
9/30/19 11:57,67.071,54.1,1863.7,85.082
9/30/19 11:57,67.071,54,1861.2,85.082
9/30/19 11:57,67.071,53.9,1858.7,85.082
9/30/19 11:57,67.071,53.8,1861.2,85.082
9/30/19 11:57,67.028,53.6,1863.7,85.127
9/30/19 11:57,67.028,53.5,1861.2,85.082
9/30/19 11:57,66.985,53.4,1863.7,85.127
9/30/19 11:57,66.985,53.4,1863.7,85.127
9/30/19 11:57,66.985,53.2,1861.2,85.127
9/30/19 11:57,66.943,53.2,1861.2,85.127
9/30/19 11:57,66.943,53.2,1858.7,85.127
9/30/19 11:57,66.9,53.2,1853.7,85.127
9/30/19 11:57,66.9,53.1,1851.2,85.127
9/30/19 11:57,66.857,53,1848.7,85.127
9/30/19 11:57,66.857,53,1846.2,85.127
9/30/19 11:57,66.814,52.9,1846.2,85.127
9/30/19 11:58,66.814,52.9,1851.2,85.172
9/30/19 11:58,66.772,52.8,1848.7,85.172
9/30/19 11:58,66.772,52.8,1848.7,85.172
9/30/19 11:58,66.772,52.7,1846.2,85.172
9/30/19 11:58,66.729,52.8,1848.7,85.172
9/30/19 11:58,66.729,52.8,1848.7,85.172
9/30/19 11:58,66.686,52.9,1846.2,85.172
9/30/19 11:58,66.686,52.9,1843.7,85.172
9/30/19 11:58,66.643,53,1838.7,85.172
9/30/19 11:58,66.643,53.1,1836.2,85.172
9/30/19 11:58,66.643,53.2,1833.7,85.172
9/30/19 11:58,66.6,53.2,1828.7,85.172
9/30/19 11:58,66.6,53.3,1826.2,85.172
9/30/19 11:58,66.6,53.4,1821.2,85.217
9/30/19 11:58,66.6,53.3,1823.7,85.217
9/30/19 11:58,66.6,53.4,1821.2,85.217
9/30/19 11:58,66.6,53.5,1821.2,85.217
9/30/19 11:58,66.558,53.5,1816.2,85.217
9/30/19 11:58,66.6,53.6,1813.7,85.217
9/30/19 11:58,66.6,53.7,1808.7,85.217
9/30/19 11:58,66.558,53.8,1808.7,85.217
9/30/19 11:58,66.558,53.9,1808.7,85.217
9/30/19 11:58,66.558,54,1808.7,85.262
9/30/19 11:58,66.558,54.2,1808.7,85.217
9/30/19 11:58,66.6,54.4,1808.7,85.262
9/30/19 11:58,66.6,54.5,1811.2,85.262
9/30/19 11:58,66.6,54.6,1813.7,85.262
9/30/19 11:58,66.6,54.7,1816.2,85.262
9/30/19 11:58,66.6,54.7,1818.7,85.262
9/30/19 11:58,66.6,54.7,1818.7,85.262
9/30/19 11:58,66.6,54.7,1826.2,85.262
9/30/19 11:58,66.6,54.8,1828.7,85.262
9/30/19 11:58,66.643,54.8,1828.7,85.262
9/30/19 11:58,66.643,54.9,1828.7,85.262
9/30/19 11:58,66.643,54.9,1818.7,85.262
9/30/19 11:58,66.643,55,1811.2,85.262
9/30/19 11:58,66.643,55,1798.7,85.262
9/30/19 11:58,66.643,55.1,1786.2,85.307
9/30/19 11:58,66.643,55.1,1776.2,85.307
9/30/19 11:58,66.686,55.1,1763.7,85.307
9/30/19 11:58,66.686,55.2,1751.2,85.307
9/30/19 11:58,66.686,55.2,1733.7,85.307
9/30/19 11:58,66.686,55.3,1723.7,85.307
9/30/19 11:58,66.686,55.3,1716.2,85.307
9/30/19 11:58,66.686,55.3,1723.7,85.307
9/30/19 11:58,66.729,55.4,1738.7,85.307
9/30/19 11:58,66.729,55.4,1768.7,85.307
9/30/19 11:58,66.729,55.5,1778.7,85.307
9/30/19 11:58,66.729,55.6,1788.7,85.307
9/30/19 11:58,66.772,55.7,1788.7,85.307
9/30/19 11:58,66.772,55.6,1783.7,85.352
9/30/19 11:58,66.772,55.7,1778.7,85.352
9/30/19 11:58,66.772,55.7,1778.7,85.352
9/30/19 11:58,66.814,55.7,1788.7,85.352
9/30/19 11:58,66.814,55.7,1798.7,85.352
9/30/19 11:58,66.814,55.6,1796.2,85.352
9/30/19 11:58,66.857,55.6,1788.7,85.352
9/30/19 11:58,66.857,55.6,1763.7,85.352
9/30/19 11:58,66.857,55.5,1721.2,85.352
9/30/19 11:58,66.857,55.4,1641.2,85.352
9/30/19 11:59,66.857,55.4,1553.7,85.352
9/30/19 11:59,66.857,55.5,1471.2,85.352
9/30/19 11:59,66.9,55.6,1401.2,85.352
9/30/19 11:59,66.9,55.7,1351.2,85.352
9/30/19 11:59,66.9,55.7,1333.7,85.397
9/30/19 11:59,66.9,55.9,1336.2,85.397
9/30/19 11:59,66.943,56,1336.2,85.397
9/30/19 11:59,66.943,56.2,1348.7,85.397
9/30/19 11:59,66.943,56.3,1368.7,85.397
9/30/19 11:59,66.943,56.5,1383.7,85.397
9/30/19 11:59,66.985,56.6,1411.2,85.397
9/30/19 11:59,66.985,56.6,1448.7,85.397
9/30/19 11:59,66.985,56.6,1491.2,85.397
9/30/19 11:59,67.028,56.5,1526.2,85.397
9/30/19 11:59,67.028,56.3,1551.2,85.397
9/30/19 11:59,67.028,56.2,1563.7,85.397
9/30/19 11:59,67.028,56.2,1571.2,85.397
9/30/19 11:59,67.071,56.1,1586.2,85.397
9/30/19 11:59,67.071,56,1621.2,85.397
9/30/19 11:59,67.071,56,1671.2,85.397
9/30/19 11:59,67.071,56,1731.2,85.397
9/30/19 11:59,67.071,56,1791.2,85.397
9/30/19 11:59,67.114,55.7,1846.2,85.397
9/30/19 11:59,67.114,55.6,1876.2,85.397
9/30/19 11:59,67.114,55.3,1871.2,85.397
9/30/19 11:59,67.114,55.2,1833.7,85.442
9/30/19 11:59,67.114,55,1771.2,85.442
9/30/19 11:59,67.114,54.8,1686.2,85.442
9/30/19 11:59,67.114,54.7,1588.7,85.442
9/30/19 11:59,67.114,54.5,1513.7,85.442
9/30/19 11:59,67.114,54.4,1463.7,85.442
9/30/19 11:59,67.114,54.3,1438.7,85.442
9/30/19 11:59,67.114,54.2,1436.2,85.442
9/30/19 11:59,67.114,54.1,1441.2,85.442
9/30/19 11:59,67.114,54.1,1451.2,85.442
9/30/19 11:59,67.114,54.1,1453.7,85.442
9/30/19 11:59,67.071,54.1,1453.7,85.442
9/30/19 11:59,67.071,54.1,1446.2,85.442
9/30/19 11:59,67.071,54.1,1433.7,85.442
9/30/19 11:59,67.071,54.1,1416.2,85.442
9/30/19 11:59,67.071,54.1,1406.2,85.442
9/30/19 11:59,67.071,54.1,1403.7,85.442
9/30/19 11:59,67.071,54.2,1408.7,85.442
9/30/19 11:59,67.071,54.3,1413.7,85.442
9/30/19 11:59,67.028,54.3,1418.7,85.442
9/30/19 11:59,67.028,54.2,1421.2,85.442
9/30/19 11:59,67.028,54.1,1426.2,85.442
9/30/19 11:59,67.028,54,1428.7,85.442
9/30/19 11:59,67.028,53.9,1443.7,85.442
9/30/19 11:59,67.028,53.9,1453.7,85.442
9/30/19 11:59,67.028,53.7,1471.2,85.442
9/30/19 11:59,67.028,53.5,1491.2,85.442
9/30/19 11:59,67.028,53.4,1516.2,85.442
9/30/19 11:59,67.028,53.3,1538.7,85.442
9/30/19 11:59,67.028,53.2,1556.2,85.442
9/30/19 11:59,66.985,53.2,1573.7,85.442
9/30/19 11:59,66.985,53.1,1601.2,85.442
9/30/19 11:59,66.985,53,1631.2,85.442
9/30/19 11:59,66.985,52.9,1668.7,85.442
9/30/19 11:59,66.985,52.8,1688.7,85.442
9/30/19 12:00,66.985,52.8,1701.2,85.442
9/30/19 12:00,66.985,52.7,1708.7,85.442
9/30/19 12:00,66.943,52.7,1706.2,85.442
9/30/19 12:00,66.943,52.7,1718.7,85.442
9/30/19 12:00,66.943,52.7,1728.7,85.442
9/30/19 12:00,66.943,52.7,1748.7,85.442
9/30/19 12:00,66.943,52.7,1763.7,85.442
9/30/19 12:00,66.943,52.8,1778.7,85.442
9/30/19 12:00,66.9,52.9,1786.2,85.442
9/30/19 12:00,66.9,52.9,1796.2,85.442
9/30/19 12:00,66.943,53,1803.7,85.487
9/30/19 12:00,66.943,53.1,1793.7,85.442
9/30/19 12:00,66.9,53.2,1791.2,85.487
9/30/19 12:00,66.943,53.3,1793.7,85.442
9/30/19 12:00,66.943,53.4,1786.2,85.487
9/30/19 12:00,66.943,53.5,1783.7,85.442
9/30/19 12:00,66.943,53.7,1781.2,85.487
9/30/19 12:00,66.943,53.8,1783.7,85.442
9/30/19 12:00,66.943,53.8,1783.7,85.487
9/30/19 12:00,66.943,53.9,1781.2,85.487
9/30/19 12:00,66.985,53.9,1781.2,85.487
9/30/19 12:00,66.985,53.9,1776.2,85.487
9/30/19 12:00,66.985,53.8,1758.7,85.487
9/30/19 12:00,66.985,53.8,1738.7,85.487
9/30/19 12:00,66.985,53.7,1723.7,85.487
9/30/19 12:00,67.028,53.7,1721.2,85.487
9/30/19 12:00,66.985,53.6,1723.7,85.487
9/30/19 12:00,67.028,53.5,1736.2,85.487
9/30/19 12:00,66.985,53.4,1756.2,85.487
9/30/19 12:00,67.028,53.3,1778.7,85.487
9/30/19 12:00,67.028,53.3,1798.7,85.487
9/30/19 12:00,67.028,53.2,1816.2,85.487
9/30/19 12:00,67.028,53.2,1821.2,85.487
9/30/19 12:00,67.028,53.2,1821.2,85.487
9/30/19 12:00,67.028,53.2,1811.2,85.487
9/30/19 12:00,67.028,53.2,1786.2,85.487
9/30/19 12:00,67.028,53.2,1741.2,85.487
9/30/19 12:00,67.028,53.2,1686.2,85.487
9/30/19 12:00,67.028,53.2,1633.7,85.487
9/30/19 12:00,67.028,53.1,1598.7,85.487
9/30/19 12:00,67.028,53.1,1588.7,85.487
9/30/19 12:00,67.028,53.2,1591.2,85.487
9/30/19 12:00,67.028,53.2,1596.2,85.487
9/30/19 12:00,67.071,53.3,1576.2,85.487
9/30/19 12:00,67.071,53.4,1561.2,85.487
9/30/19 12:00,67.071,53.7,1526.2,85.532
9/30/19 12:00,67.071,53.9,1496.2,85.532
9/30/19 12:00,67.071,54.1,1466.2,85.532
9/30/19 12:00,67.071,54.2,1441.2,85.532
9/30/19 12:00,67.071,54.3,1416.2,85.532
9/30/19 12:00,67.071,54.4,1381.2,85.532
9/30/19 12:00,67.114,54.4,1341.2,85.532
9/30/19 12:00,67.114,54.4,1301.2,85.532
9/30/19 12:00,67.114,54.4,1276.2,85.532
9/30/19 12:00,67.114,54.4,1251.2,85.532
9/30/19 12:00,67.114,54.4,1238.7,85.532
9/30/19 12:00,67.114,54.4,1226.2,85.532
9/30/19 12:00,67.114,54.4,1213.7,85.532
9/30/19 12:00,67.114,54.5,1193.7,85.532
9/30/19 12:00,67.114,54.4,1171.2,85.532
9/30/19 12:01,67.114,54.5,1146.2,85.532
9/30/19 12:01,67.114,54.6,1118.7,85.532
9/30/19 12:01,67.114,54.6,1106.2,85.532
9/30/19 12:01,67.114,54.7,1103.7,85.532
9/30/19 12:01,67.114,54.8,1106.2,85.532
9/30/19 12:01,67.114,54.9,1113.7,85.532
9/30/19 12:01,67.158,55,1123.7,85.532
9/30/19 12:01,67.158,55,1123.7,85.532
9/30/19 12:01,67.158,55.2,1123.7,85.532
9/30/19 12:01,67.158,55.4,1126.2,85.532
9/30/19 12:01,67.158,55.5,1138.7,85.532
9/30/19 12:01,67.158,55.7,1168.7,85.532
9/30/19 12:01,67.158,55.7,1206.2,85.532
9/30/19 12:01,67.158,55.9,1243.7,85.532
9/30/19 12:01,67.158,56,1273.7,85.532
9/30/19 12:01,67.158,56.1,1298.7,85.532
9/30/19 12:01,67.199,56.1,1321.2,85.532
9/30/19 12:01,67.199,56.2,1331.2,85.532
9/30/19 12:01,67.199,56.2,1326.2,85.532
9/30/19 12:01,67.199,56.3,1326.2,85.532
9/30/19 12:01,67.199,56.3,1328.7,85.532
9/30/19 12:01,67.199,56.3,1331.2,85.532
9/30/19 12:01,67.242,56.3,1333.7,85.532
9/30/19 12:01,67.242,56.3,1346.2,85.532
9/30/19 12:01,67.242,56.2,1383.7,85.532
9/30/19 12:01,67.242,56.2,1426.2,85.532
9/30/19 12:01,67.242,56.1,1471.2,85.532
9/30/19 12:01,67.242,55.9,1501.2,85.532
9/30/19 12:01,67.242,55.7,1523.7,85.532
9/30/19 12:01,67.285,55.7,1523.7,85.532
9/30/19 12:01,67.242,55.5,1518.7,85.532
9/30/19 12:01,67.242,55.4,1523.7,85.532
9/30/19 12:01,67.242,55.3,1543.7,85.532
9/30/19 12:01,67.242,55.3,1576.2,85.532
9/30/19 12:01,67.285,55.3,1618.7,85.532
9/30/19 12:01,67.242,55.3,1651.2,85.532
9/30/19 12:01,67.242,55.2,1663.7,85.532
9/30/19 12:01,67.242,55.1,1658.7,85.532
9/30/19 12:01,67.285,55.2,1641.2,85.532
9/30/19 12:01,67.242,55,1611.2,85.532
9/30/19 12:01,67.242,54.9,1581.2,85.532
9/30/19 12:01,67.242,54.8,1561.2,85.532
9/30/19 12:01,67.242,54.6,1551.2,85.532
9/30/19 12:01,67.242,54.6,1563.7,85.532
9/30/19 12:01,67.242,54.6,1588.7,85.532
9/30/19 12:01,67.242,54.4,1623.7,85.532
9/30/19 12:01,67.199,54.4,1668.7,85.532
9/30/19 12:01,67.199,54.2,1718.7,85.532
9/30/19 12:01,67.199,54,1758.7,85.532
9/30/19 12:01,67.199,54,1781.2,85.532
9/30/19 12:01,67.199,53.8,1788.7,85.532
9/30/19 12:01,67.199,53.6,1788.7,85.532
9/30/19 12:01,67.199,53.5,1786.2,85.532
9/30/19 12:01,67.158,53.4,1788.7,85.532
9/30/19 12:01,67.158,53.2,1793.7,85.532
9/30/19 12:01,67.158,53.1,1798.7,85.532
9/30/19 12:01,67.114,53,1808.7,85.532
9/30/19 12:01,67.114,52.9,1816.2,85.532
9/30/19 12:01,67.114,52.9,1816.2,85.532
9/30/19 12:01,67.071,52.7,1823.7,85.532
9/30/19 12:02,67.071,52.6,1823.7,85.532
9/30/19 12:02,67.071,52.5,1821.2,85.532
9/30/19 12:02,67.028,52.4,1811.2,85.532
9/30/19 12:02,67.028,52.3,1788.7,85.532
9/30/19 12:02,66.985,52.2,1761.2,85.532
9/30/19 12:02,66.985,52.2,1733.7,85.532
9/30/19 12:02,66.985,52.2,1708.7,85.532
9/30/19 12:02,66.943,52.1,1693.7,85.532
9/30/19 12:02,66.943,52.1,1671.2,85.532
9/30/19 12:02,66.943,52.1,1623.7,85.532
9/30/19 12:02,66.9,52,1551.2,85.532
9/30/19 12:02,66.9,52,1471.2,85.532
9/30/19 12:02,66.9,52,1378.7,85.532
9/30/19 12:02,66.857,52.1,1298.7,85.577
9/30/19 12:02,66.857,52.1,1236.2,85.577
9/30/19 12:02,66.814,52.1,1208.7,85.577
9/30/19 12:02,66.814,52.2,1203.7,85.577
9/30/19 12:02,66.814,52.2,1208.7,85.577
9/30/19 12:02,66.772,52.3,1213.7,85.577
9/30/19 12:02,66.772,52.3,1218.7,85.577
9/30/19 12:02,66.772,52.5,1221.2,85.577
9/30/19 12:02,66.729,52.7,1226.2,85.577
9/30/19 12:02,66.729,52.8,1233.7,85.577
9/30/19 12:02,66.729,53,1248.7,85.577
9/30/19 12:02,66.729,53.2,1266.2,85.577
9/30/19 12:02,66.729,53.4,1288.7,85.577
9/30/19 12:02,66.686,53.6,1303.7,85.577
9/30/19 12:02,66.686,53.8,1333.7,85.577
9/30/19 12:02,66.686,53.9,1373.7,85.577
9/30/19 12:02,66.686,53.9,1408.7,85.577
9/30/19 12:02,66.686,53.9,1441.2,85.577
9/30/19 12:02,66.686,53.9,1476.2,85.577
9/30/19 12:02,66.686,53.9,1488.7,85.577
9/30/19 12:02,66.686,53.9,1473.7,85.577
9/30/19 12:02,66.686,54,1451.2,85.577
9/30/19 12:02,66.686,54,1416.2,85.577
9/30/19 12:02,66.686,54.1,1383.7,85.577
9/30/19 12:02,66.643,54.1,1343.7,85.577
9/30/19 12:02,66.686,54.2,1316.2,85.577
9/30/19 12:02,66.643,54.3,1303.7,85.622
9/30/19 12:02,66.643,54.3,1303.7,85.577
9/30/19 12:02,66.643,54.3,1323.7,85.622
9/30/19 12:02,66.643,54.3,1361.2,85.622
9/30/19 12:02,66.643,54.4,1411.2,85.577
9/30/19 12:02,66.643,54.4,1466.2,85.577
9/30/19 12:02,66.643,54.4,1528.7,85.622
9/30/19 12:02,66.643,54.5,1591.2,85.622
9/30/19 12:02,66.643,54.5,1626.2,85.622
9/30/19 12:02,66.6,54.7,1636.2,85.622
9/30/19 12:02,66.6,54.9,1621.2,85.622
9/30/19 12:02,66.6,55,1573.7,85.622
9/30/19 12:02,66.6,55.1,1501.2,85.622
9/30/19 12:02,66.6,55,1418.7,85.622
9/30/19 12:02,66.6,55,1348.7,85.622
9/30/19 12:02,66.6,55,1291.2,85.622
9/30/19 12:02,66.6,54.9,1248.7,85.622
9/30/19 12:02,66.6,54.8,1223.7,85.622
9/30/19 12:02,66.6,54.8,1218.7,85.622
9/30/19 12:02,66.6,54.8,1236.2,85.622
9/30/19 12:02,66.6,54.8,1263.7,85.622
9/30/19 12:03,66.558,54.8,1293.7,85.622
9/30/19 12:03,66.558,54.7,1338.7,85.622
9/30/19 12:03,66.558,54.6,1403.7,85.622
9/30/19 12:03,66.558,54.5,1473.7,85.622
9/30/19 12:03,66.515,54.5,1546.2,85.622
9/30/19 12:03,66.515,54.4,1606.2,85.622
9/30/19 12:03,66.515,54.3,1658.7,85.622
9/30/19 12:03,66.515,54.2,1701.2,85.622
9/30/19 12:03,66.472,54.1,1728.7,85.622
9/30/19 12:03,66.472,54.1,1738.7,85.622
9/30/19 12:03,66.429,54.1,1756.2,85.622
9/30/19 12:03,66.429,54,1781.2,85.622
9/30/19 12:03,66.429,53.9,1813.7,85.622
9/30/19 12:03,66.385,53.9,1833.7,85.622
9/30/19 12:03,66.385,53.8,1846.2,85.622
9/30/19 12:03,66.344,53.7,1848.7,85.622
9/30/19 12:03,66.344,53.5,1848.7,85.622
9/30/19 12:03,66.301,53.5,1846.2,85.622
9/30/19 12:03,66.301,53.5,1843.7,85.622
9/30/19 12:03,66.258,53.5,1843.7,85.622
9/30/19 12:03,66.258,53.5,1836.2,85.622
9/30/19 12:03,66.214,53.5,1826.2,85.622
9/30/19 12:03,66.214,53.6,1811.2,85.622
9/30/19 12:03,66.173,53.6,1786.2,85.622
9/30/19 12:03,66.173,53.7,1743.7,85.622
9/30/19 12:03,66.173,53.7,1703.7,85.622
9/30/19 12:03,66.13,53.7,1656.2,85.622
9/30/19 12:03,66.13,53.8,1606.2,85.622
9/30/19 12:03,66.087,53.9,1553.7,85.622
9/30/19 12:03,66.087,53.9,1506.2,85.622
9/30/19 12:03,66.087,53.9,1463.7,85.622
9/30/19 12:03,66.043,54,1426.2,85.622
9/30/19 12:03,66.043,54,1403.7,85.622
9/30/19 12:03,66.043,54.1,1413.7,85.622
9/30/19 12:03,66.043,54.2,1456.2,85.667
9/30/19 12:03,66,54.3,1516.2,85.622
9/30/19 12:03,66,54.4,1586.2,85.622
9/30/19 12:03,66,54.5,1656.2,85.667
9/30/19 12:03,66,54.5,1713.7,85.622
9/30/19 12:03,65.959,54.5,1746.2,85.622
9/30/19 12:03,65.959,54.4,1743.7,85.667
9/30/19 12:03,65.959,54.5,1706.2,85.667
9/30/19 12:03,65.959,54.4,1636.2,85.667
9/30/19 12:03,65.959,54.2,1563.7,85.667
9/30/19 12:03,65.959,54.1,1506.2,85.667
9/30/19 12:03,65.959,54,1461.2,85.667
9/30/19 12:03,65.916,53.9,1426.2,85.667
9/30/19 12:03,65.916,53.9,1381.2,85.667
9/30/19 12:03,65.916,53.9,1328.7,85.667
9/30/19 12:03,65.916,53.9,1278.7,85.667
9/30/19 12:03,65.916,53.9,1238.7,85.667
9/30/19 12:03,65.872,54,1201.2,85.667
9/30/19 12:03,65.872,54.1,1166.2,85.667
9/30/19 12:03,65.872,54.1,1136.2,85.667
9/30/19 12:03,65.872,54.2,1108.7,85.667
9/30/19 12:03,65.829,54.3,1081.2,85.667
9/30/19 12:03,65.829,54.2,1066.2,85.667
9/30/19 12:03,65.829,54.3,1063.7,85.667
9/30/19 12:03,65.829,54.3,1063.7,85.667
9/30/19 12:03,65.829,54.4,1063.7,85.667
9/30/19 12:04,65.788,54.3,1068.7,85.667
9/30/19 12:04,65.829,54.4,1068.7,85.667
9/30/19 12:04,65.788,54.5,1066.2,85.667
9/30/19 12:04,65.788,54.5,1068.7,85.667
9/30/19 12:04,65.788,54.5,1061.2,85.667
9/30/19 12:04,65.788,54.5,1056.2,85.667
9/30/19 12:04,65.788,54.5,1053.7,85.667
9/30/19 12:04,65.788,54.5,1053.7,85.667
9/30/19 12:04,65.745,54.5,1056.2,85.667
9/30/19 12:04,65.745,54.4,1061.2,85.667
9/30/19 12:04,65.745,54.4,1068.7,85.667
9/30/19 12:04,65.745,54.3,1081.2,85.667
9/30/19 12:04,65.745,54.2,1098.7,85.667
9/30/19 12:04,65.701,54,1121.2,85.667
9/30/19 12:04,65.701,53.9,1146.2,85.667
9/30/19 12:04,65.701,53.8,1161.2,85.667
9/30/19 12:04,65.658,53.8,1183.7,85.667
9/30/19 12:04,65.658,53.8,1206.2,85.667
9/30/19 12:04,65.658,53.8,1226.2,85.667
9/30/19 12:04,65.615,53.9,1238.7,85.667
9/30/19 12:04,65.615,54,1246.2,85.667
9/30/19 12:04,65.615,54.1,1258.7,85.667
9/30/19 12:04,65.574,54.2,1273.7,85.667
9/30/19 12:04,65.574,54.3,1293.7,85.667
9/30/19 12:04,65.574,54.3,1313.7,85.667
9/30/19 12:04,65.574,54.3,1331.2,85.667
9/30/19 12:04,65.53,54.4,1348.7,85.667
9/30/19 12:04,65.53,54.4,1353.7,85.667
9/30/19 12:04,65.53,54.4,1356.2,85.667
9/30/19 12:04,65.53,54.3,1363.7,85.667
9/30/19 12:04,65.53,54.4,1373.7,85.667
9/30/19 12:04,65.487,54.4,1368.7,85.667
9/30/19 12:04,65.487,54.5,1356.2,85.667
9/30/19 12:04,65.487,54.5,1363.7,85.667
9/30/19 12:04,65.487,54.5,1388.7,85.667
9/30/19 12:04,65.487,54.6,1426.2,85.667
9/30/19 12:04,65.487,54.6,1471.2,85.667
9/30/19 12:04,65.444,54.7,1526.2,85.667
9/30/19 12:04,65.444,54.7,1576.2,85.667
9/30/19 12:04,65.487,54.8,1608.7,85.667
9/30/19 12:04,65.487,54.8,1616.2,85.667
9/30/19 12:04,65.444,54.8,1611.2,85.667
9/30/19 12:04,65.444,54.9,1586.2,85.667
9/30/19 12:04,65.444,54.8,1546.2,85.667
9/30/19 12:04,65.444,54.8,1488.7,85.667
9/30/19 12:04,65.444,54.7,1436.2,85.667
9/30/19 12:04,65.444,54.7,1393.7,85.667
9/30/19 12:04,65.444,54.6,1366.2,85.667
9/30/19 12:04,65.444,54.6,1333.7,85.667
9/30/19 12:04,65.444,54.6,1293.7,85.622
9/30/19 12:04,65.444,54.6,1253.7,85.622
9/30/19 12:04,65.444,54.6,1213.7,85.667
9/30/19 12:04,65.444,54.6,1181.2,85.667
9/30/19 12:04,65.444,54.6,1156.2,85.667
9/30/19 12:04,65.444,54.7,1141.2,85.622
9/30/19 12:04,65.444,54.8,1136.2,85.667
9/30/19 12:04,65.444,54.8,1136.2,85.622
9/30/19 12:04,65.444,54.9,1126.2,85.667
9/30/19 12:04,65.444,54.9,1111.2,85.667
9/30/19 12:04,65.444,55,1098.7,85.622
9/30/19 12:05,65.444,55,1098.7,85.622
9/30/19 12:05,65.444,55,1108.7,85.667
9/30/19 12:05,65.444,55,1128.7,85.667
9/30/19 12:05,65.444,55,1158.7,85.667
9/30/19 12:05,65.444,54.9,1193.7,85.667
9/30/19 12:05,65.444,54.9,1228.7,85.667
9/30/19 12:05,65.444,54.9,1261.2,85.622
9/30/19 12:05,65.487,55,1286.2,85.622
9/30/19 12:05,65.444,55,1306.2,85.622
9/30/19 12:05,65.444,54.9,1316.2,85.667
9/30/19 12:05,65.487,54.8,1321.2,85.667
9/30/19 12:05,65.487,54.7,1341.2,85.622
9/30/19 12:05,65.487,54.6,1378.7,85.667
9/30/19 12:05,65.487,54.5,1418.7,85.667
9/30/19 12:05,65.487,54.5,1448.7,85.667
9/30/19 12:05,65.487,54.4,1463.7,85.667
9/30/19 12:05,65.487,54.4,1458.7,85.667
9/30/19 12:05,65.487,54.4,1426.2,85.667
9/30/19 12:05,65.487,54.3,1378.7,85.622
9/30/19 12:05,65.487,54.3,1333.7,85.667
9/30/19 12:05,65.487,54.3,1296.2,85.622
9/30/19 12:05,65.487,54.3,1266.2,85.667
9/30/19 12:05,65.487,54.3,1251.2,85.622
9/30/19 12:05,65.487,54.3,1256.2,85.667
9/30/19 12:05,65.487,54.3,1286.2,85.667
9/30/19 12:05,65.487,54.3,1331.2,85.622
9/30/19 12:05,65.487,54.3,1383.7,85.622
9/30/19 12:05,65.487,54.2,1436.2,85.622
9/30/19 12:05,65.487,54.3,1488.7,85.622
9/30/19 12:05,65.53,54.3,1538.7,85.667
9/30/19 12:05,65.53,54.3,1568.7,85.622
9/30/19 12:05,65.53,54.3,1591.2,85.622
9/30/19 12:05,65.53,54.3,1608.7,85.622
9/30/19 12:05,65.53,54.3,1606.2,85.622
9/30/19 12:05,65.53,54.3,1591.2,85.622
9/30/19 12:05,65.53,54.3,1553.7,85.622
9/30/19 12:05,65.574,54.3,1498.7,85.622
9/30/19 12:05,65.574,54.3,1451.2,85.622
9/30/19 12:05,65.574,54.3,1418.7,85.622
9/30/19 12:05,65.574,54.3,1401.2,85.622
9/30/19 12:05,65.574,54.3,1396.2,85.622
9/30/19 12:05,65.574,54.3,1396.2,85.622
9/30/19 12:05,65.574,54.3,1398.7,85.622
9/30/19 12:05,65.574,54.3,1391.2,85.622
9/30/19 12:05,65.574,54.3,1366.2,85.622
9/30/19 12:05,65.574,54.3,1341.2,85.622
9/30/19 12:05,65.574,54.3,1311.2,85.622
9/30/19 12:05,65.574,54.3,1283.7,85.622
9/30/19 12:05,65.574,54.3,1256.2,85.622
9/30/19 12:05,65.615,54.3,1231.2,85.622
9/30/19 12:05,65.615,54.3,1218.7,85.622
9/30/19 12:05,65.615,54.3,1206.2,85.352
9/30/19 12:05,65.615,54.3,1201.2,85.352
9/30/19 12:05,65.615,54.3,1203.7,85.352
9/30/19 12:05,65.615,54.3,1198.7,85.352
9/30/19 12:05,65.615,54.3,1183.7,85.352
9/30/19 12:05,65.615,54.3,1161.2,85.352
9/30/19 12:05,65.658,54.3,1133.7,85.352
9/30/19 12:05,65.658,54.3,1108.7,85.352
9/30/19 12:05,65.658,54.3,1091.2,85.352
9/30/19 12:06,65.658,54.3,1078.7,85.352
9/30/19 12:06,65.658,54.2,1071.2,85.352
9/30/19 12:06,65.658,54.2,1066.2,85.352
9/30/19 12:06,65.701,54.1,1058.7,85.352
9/30/19 12:06,65.701,54,1056.2,85.352
9/30/19 12:06,65.701,54,1048.7,85.352
9/30/19 12:06,65.701,53.9,1046.2,85.352
9/30/19 12:06,65.701,53.8,1038.7,85.307
9/30/19 12:06,65.701,53.8,1026.2,85.307
9/30/19 12:06,65.701,53.8,1016.2,85.352
9/30/19 12:06,65.701,53.7,1023.7,85.352
9/30/19 12:06,65.701,53.6,1046.2,85.307
9/30/19 12:06,65.701,53.6,1068.7,85.352
9/30/19 12:06,65.701,53.6,1093.7,85.307
9/30/19 12:06,65.701,53.5,1116.2,85.352
9/30/19 12:06,65.701,53.5,1131.2,85.307
9/30/19 12:06,65.701,53.4,1128.7,85.352
9/30/19 12:06,65.701,53.4,1128.7,85.307
9/30/19 12:06,65.701,53.4,1133.7,85.307
9/30/19 12:06,65.701,53.4,1131.2,85.307
9/30/19 12:06,65.701,53.4,1126.2,85.307
9/30/19 12:06,65.701,53.4,1126.2,85.307
9/30/19 12:06,65.701,53.4,1123.7,85.307
9/30/19 12:06,65.701,53.4,1116.2,85.307
9/30/19 12:06,65.701,53.4,1106.2,85.307
9/30/19 12:06,65.701,53.4,1103.7,85.307
9/30/19 12:06,65.658,53.4,1098.7,85.307
9/30/19 12:06,65.701,53.4,1088.7,85.307
9/30/19 12:06,65.658,53.4,1083.7,85.307
9/30/19 12:06,65.701,53.4,1081.2,85.307
9/30/19 12:06,65.658,53.4,1078.7,85.307
9/30/19 12:06,65.658,53.3,1083.7,85.307
9/30/19 12:06,65.658,53.3,1101.2,85.307
9/30/19 12:06,65.658,53.3,1136.2,85.307
9/30/19 12:06,65.658,53.3,1173.7,85.307
9/30/19 12:06,65.658,53.3,1213.7,85.262
9/30/19 12:06,65.615,53.3,1256.2,85.262
9/30/19 12:06,65.658,53.3,1288.7,85.262
9/30/19 12:06,65.615,53.3,1318.7,85.262
9/30/19 12:06,65.615,53.3,1341.2,85.262
9/30/19 12:06,65.615,53.3,1371.2,85.262
9/30/19 12:06,65.615,53.3,1418.7,85.262
9/30/19 12:06,65.615,53.3,1471.2,85.262
9/30/19 12:06,65.615,53.4,1528.7,85.262
9/30/19 12:06,65.615,53.4,1578.7,85.262
9/30/19 12:06,65.615,53.5,1618.7,85.262
9/30/19 12:06,65.615,53.5,1631.2,85.262
9/30/19 12:06,65.615,53.6,1621.2,85.262
9/30/19 12:06,65.615,53.6,1606.2,85.262
9/30/19 12:06,65.615,53.7,1591.2,85.262
9/30/19 12:06,65.615,53.6,1581.2,85.262
9/30/19 12:06,65.615,53.6,1576.2,85.262
9/30/19 12:06,65.615,53.6,1578.7,85.217
9/30/19 12:06,65.615,53.6,1578.7,85.262
9/30/19 12:06,65.615,53.5,1576.2,85.217
9/30/19 12:06,65.615,53.4,1573.7,85.217
9/30/19 12:06,65.574,53.4,1573.7,85.217
9/30/19 12:06,65.574,53.3,1573.7,85.217
9/30/19 12:06,65.574,53.3,1571.2,85.217
9/30/19 12:06,65.574,53.3,1568.7,85.217
9/30/19 12:07,65.574,53.3,1566.2,85.217
9/30/19 12:07,65.574,53.2,1566.2,85.217
9/30/19 12:07,65.574,53.3,1556.2,85.217
9/30/19 12:07,65.574,53.3,1538.7,85.217
9/30/19 12:07,65.574,53.3,1521.2,85.217
9/30/19 12:07,65.53,53.4,1511.2,85.217
9/30/19 12:07,65.53,53.5,1511.2,85.217
9/30/19 12:07,65.53,53.6,1513.7,85.217
9/30/19 12:07,65.53,53.6,1518.7,85.217
9/30/19 12:07,65.53,53.7,1528.7,85.217
9/30/19 12:07,65.53,53.8,1543.7,85.217
9/30/19 12:07,65.53,53.8,1561.2,85.217
9/30/19 12:07,65.53,53.8,1576.2,85.217
9/30/19 12:07,65.53,53.8,1588.7,85.217
9/30/19 12:07,65.53,53.8,1598.7,85.217
9/30/19 12:07,65.53,53.8,1596.2,85.217
9/30/19 12:07,65.53,53.7,1596.2,85.217
9/30/19 12:07,65.53,53.7,1593.7,85.217
9/30/19 12:07,65.53,53.7,1593.7,85.217
9/30/19 12:07,65.53,53.6,1603.7,85.217
9/30/19 12:07,65.53,53.6,1608.7,85.217
9/30/19 12:07,65.487,53.6,1621.2,85.217
9/30/19 12:07,65.487,53.6,1633.7,85.172
9/30/19 12:07,65.487,53.7,1651.2,85.217
9/30/19 12:07,65.487,53.8,1656.2,85.172
9/30/19 12:07,65.487,53.8,1666.2,85.217
9/30/19 12:07,65.487,53.8,1668.7,85.172
9/30/19 12:07,65.487,53.9,1663.7,85.172
9/30/19 12:07,65.487,54,1666.2,85.172
9/30/19 12:07,65.487,54,1668.7,85.172
9/30/19 12:07,65.487,54.1,1666.2,85.217
9/30/19 12:07,65.487,54.2,1663.7,85.172
9/30/19 12:07,65.487,54.2,1656.2,85.172
9/30/19 12:07,65.487,54.3,1643.7,85.172
9/30/19 12:07,65.487,54.4,1603.7,85.172
9/30/19 12:07,65.487,54.4,1551.2,85.217
9/30/19 12:07,65.487,54.4,1496.2,85.217
9/30/19 12:07,65.53,54.5,1453.7,85.172
9/30/19 12:07,65.487,54.5,1416.2,85.217
9/30/19 12:07,65.53,54.6,1371.2,85.172
9/30/19 12:07,65.53,54.7,1331.2,85.172
9/30/19 12:07,65.53,54.7,1288.7,85.217
9/30/19 12:07,65.53,54.8,1253.7,85.217
9/30/19 12:07,65.53,54.8,1221.2,85.172
9/30/19 12:07,65.53,54.8,1213.7,85.172
9/30/19 12:07,65.53,54.8,1231.2,85.217
9/30/19 12:07,65.574,54.9,1246.2,85.217
9/30/19 12:07,65.574,54.9,1258.7,85.217
9/30/19 12:07,65.574,54.9,1261.2,85.172
9/30/19 12:07,65.574,54.9,1251.2,85.217
9/30/19 12:07,65.574,54.9,1218.7,85.217
9/30/19 12:07,65.615,54.9,1186.2,85.217
9/30/19 12:07,65.615,55,1148.7,85.217
9/30/19 12:07,65.615,55,1111.2,85.217
9/30/19 12:07,65.615,54.9,1091.2,85.217
9/30/19 12:07,65.615,55,1091.2,85.217
9/30/19 12:07,65.658,55.1,1093.7,85.217
9/30/19 12:07,65.658,55.2,1098.7,85.217
9/30/19 12:07,65.658,55.3,1103.7,85.217
9/30/19 12:07,65.658,55.4,1101.2,85.217
9/30/19 12:08,65.701,55.5,1101.2,85.217
9/30/19 12:08,65.701,55.6,1101.2,85.217
9/30/19 12:08,65.701,55.7,1098.7,85.217
9/30/19 12:08,65.745,55.9,1103.7,85.217
9/30/19 12:08,65.745,56,1121.2,85.217
9/30/19 12:08,65.745,56.1,1141.2,85.217
9/30/19 12:08,65.788,56.1,1166.2,85.217
9/30/19 12:08,65.788,56.2,1193.7,85.217
9/30/19 12:08,65.829,56.3,1213.7,85.217
9/30/19 12:08,65.829,56.4,1228.7,85.217
9/30/19 12:08,65.829,56.4,1241.2,85.217
9/30/19 12:08,65.872,56.5,1251.2,85.217
9/30/19 12:08,65.872,56.5,1261.2,85.217
9/30/19 12:08,65.872,56.5,1288.7,85.217
9/30/19 12:08,65.916,56.5,1323.7,85.217
9/30/19 12:08,65.916,56.6,1358.7,85.217
9/30/19 12:08,65.916,56.6,1398.7,85.217
9/30/19 12:08,65.959,56.6,1433.7,85.217
9/30/19 12:08,65.959,56.6,1453.7,85.217
9/30/19 12:08,65.959,56.5,1451.2,85.217
9/30/19 12:08,65.959,56.5,1433.7,85.217
9/30/19 12:08,66,56.5,1431.2,85.217
9/30/19 12:08,66,56.5,1436.2,85.217
9/30/19 12:08,66,56.5,1458.7,85.217
9/30/19 12:08,66.043,56.5,1476.2,85.217
9/30/19 12:08,66.043,56.4,1493.7,85.217
9/30/19 12:08,66.043,56.4,1498.7,85.217
9/30/19 12:08,66.043,56.4,1498.7,85.217
9/30/19 12:08,66.087,56.3,1501.2,85.217
9/30/19 12:08,66.087,56.2,1498.7,85.217
9/30/19 12:08,66.087,56.1,1508.7,85.217
9/30/19 12:08,66.13,56.1,1528.7,85.217
9/30/19 12:08,66.087,56.1,1556.2,85.217
9/30/19 12:08,66.13,56,1578.7,85.217
9/30/19 12:08,66.13,55.9,1588.7,85.217
9/30/19 12:08,66.173,55.9,1603.7,85.217
9/30/19 12:08,66.13,55.8,1603.7,85.217
9/30/19 12:08,66.173,55.8,1601.2,85.217
9/30/19 12:08,66.173,55.7,1606.2,85.217
9/30/19 12:08,66.173,55.7,1603.7,85.217
9/30/19 12:08,66.173,55.7,1598.7,85.217
9/30/19 12:08,66.173,55.6,1601.2,85.217
9/30/19 12:08,66.173,55.7,1603.7,85.217
9/30/19 12:08,66.173,55.6,1598.7,85.217
9/30/19 12:08,66.214,55.5,1593.7,85.217
9/30/19 12:08,66.214,55.5,1591.2,85.217
9/30/19 12:08,66.214,55.5,1576.2,85.217
9/30/19 12:08,66.214,55.6,1563.7,85.217
9/30/19 12:08,66.258,55.6,1548.7,85.217
9/30/19 12:08,66.258,55.6,1541.2,85.217
9/30/19 12:08,66.258,55.7,1528.7,85.217
9/30/19 12:08,66.258,55.7,1513.7,85.217
9/30/19 12:08,66.301,55.6,1498.7,85.217
9/30/19 12:08,66.301,55.7,1481.2,85.262
9/30/19 12:08,66.301,55.8,1461.2,85.262
9/30/19 12:08,66.344,55.9,1446.2,85.217
9/30/19 12:08,66.344,55.9,1428.7,85.262
9/30/19 12:08,66.344,55.9,1416.2,85.262
9/30/19 12:08,66.385,56,1406.2,85.262
9/30/19 12:08,66.385,56,1411.2,85.262
9/30/19 12:09,66.385,56,1421.2,85.262
9/30/19 12:09,66.429,56,1428.7,85.262
9/30/19 12:09,66.429,56,1441.2,85.262
9/30/19 12:09,66.429,56,1451.2,85.262
9/30/19 12:09,66.472,56,1453.7,85.262
9/30/19 12:09,66.472,56,1446.2,85.262
9/30/19 12:09,66.472,56,1446.2,85.262
9/30/19 12:09,66.472,55.9,1441.2,85.262
9/30/19 12:09,66.515,55.9,1436.2,85.262
9/30/19 12:09,66.515,55.9,1436.2,85.262
9/30/19 12:09,66.515,55.9,1431.2,85.262
9/30/19 12:09,66.558,55.8,1436.2,85.262
9/30/19 12:09,66.558,55.7,1446.2,85.262
9/30/19 12:09,66.558,55.6,1468.7,85.262
9/30/19 12:09,66.558,55.6,1486.2,85.262
9/30/19 12:09,66.558,55.5,1498.7,85.262
9/30/19 12:09,66.6,55.4,1508.7,85.262
9/30/19 12:09,66.6,55.3,1513.7,85.262
9/30/19 12:09,66.6,55.2,1523.7,85.262
9/30/19 12:09,66.6,55.1,1536.2,85.262
9/30/19 12:09,66.6,55.1,1541.2,85.307
9/30/19 12:09,66.6,55.1,1543.7,85.307
9/30/19 12:09,66.643,55,1543.7,85.307
9/30/19 12:09,66.643,55,1543.7,85.307
9/30/19 12:09,66.643,55,1538.7,85.307
9/30/19 12:09,66.643,55,1541.2,85.307
9/30/19 12:09,66.643,55,1536.2,85.307
9/30/19 12:09,66.643,55,1531.2,85.307
9/30/19 12:09,66.643,55.1,1531.2,85.307
9/30/19 12:09,66.643,55.1,1531.2,85.307
9/30/19 12:09,66.643,55.2,1533.7,85.307
9/30/19 12:09,66.643,55.3,1533.7,85.307
9/30/19 12:09,66.686,55.4,1536.2,85.307
9/30/19 12:09,66.686,55.4,1541.2,85.307
9/30/19 12:09,66.686,55.4,1538.7,85.307
9/30/19 12:09,66.686,55.3,1541.2,85.307
9/30/19 12:09,66.686,55.2,1538.7,85.307
9/30/19 12:09,66.686,55.1,1538.7,85.307
9/30/19 12:09,66.729,55,1541.2,85.307
9/30/19 12:09,66.729,54.8,1538.7,85.307
9/30/19 12:09,66.729,54.8,1538.7,85.352
9/30/19 12:09,66.729,54.8,1538.7,85.307
9/30/19 12:09,66.729,54.8,1533.7,85.352
9/30/19 12:09,66.729,54.8,1533.7,85.352
9/30/19 12:09,66.729,54.9,1533.7,85.352
9/30/19 12:09,66.729,54.9,1531.2,85.352
9/30/19 12:09,66.729,55,1533.7,85.352
9/30/19 12:09,66.729,55.1,1533.7,85.352
9/30/19 12:09,66.772,55.1,1531.2,85.352
9/30/19 12:09,66.772,55.2,1531.2,85.352
9/30/19 12:09,66.772,55.2,1528.7,85.352
9/30/19 12:09,66.772,55.3,1521.2,85.352
9/30/19 12:09,66.772,55.4,1511.2,85.352
9/30/19 12:09,66.772,55.5,1496.2,85.352
9/30/19 12:09,66.772,55.6,1488.7,85.352
9/30/19 12:09,66.814,55.6,1483.7,85.352
9/30/19 12:09,66.814,55.7,1476.2,85.352
9/30/19 12:09,66.814,55.8,1476.2,85.352
9/30/19 12:09,66.814,55.9,1481.2,85.352
9/30/19 12:09,66.814,55.9,1486.2,85.352
9/30/19 12:10,66.857,55.9,1488.7,85.352
9/30/19 12:10,66.857,55.8,1493.7,85.352
9/30/19 12:10,66.857,55.7,1503.7,85.397
9/30/19 12:10,66.857,55.6,1511.2,85.397
9/30/19 12:10,66.9,55.6,1516.2,85.397
9/30/19 12:10,66.9,55.3,1521.2,85.397
9/30/19 12:10,66.9,55.1,1526.2,85.397
9/30/19 12:10,66.9,55,1523.7,85.397
9/30/19 12:10,66.9,54.8,1523.7,85.397
9/30/19 12:10,66.9,54.6,1526.2,85.397
9/30/19 12:10,66.9,54.5,1523.7,85.397
9/30/19 12:10,66.9,54.3,1526.2,85.397
9/30/19 12:10,66.9,54.1,1526.2,85.397
9/30/19 12:10,66.9,53.9,1526.2,85.397
9/30/19 12:10,66.857,53.8,1523.7,85.397
9/30/19 12:10,66.857,53.6,1523.7,85.397
9/30/19 12:10,66.857,53.4,1523.7,85.397
9/30/19 12:10,66.857,53.4,1523.7,85.397
9/30/19 12:10,66.814,53.2,1523.7,85.397
9/30/19 12:10,66.814,53.1,1523.7,85.397
9/30/19 12:10,66.772,52.8,1521.2,85.397
9/30/19 12:10,66.772,52.7,1521.2,85.397
9/30/19 12:10,66.772,52.6,1523.7,85.397
9/30/19 12:10,66.729,52.5,1521.2,85.442
9/30/19 12:10,66.729,52.4,1521.2,85.442
9/30/19 12:10,66.686,52.4,1521.2,85.442
9/30/19 12:10,66.686,52.3,1521.2,85.442
9/30/19 12:10,66.643,52.2,1521.2,85.397
9/30/19 12:10,66.643,52.2,1518.7,85.442
9/30/19 12:10,66.6,52.2,1521.2,85.442
9/30/19 12:10,66.6,52.2,1521.2,85.442
9/30/19 12:10,66.6,52.2,1521.2,85.442
9/30/19 12:10,66.558,52.2,1521.2,85.442
9/30/19 12:10,66.558,52.2,1521.2,85.442
9/30/19 12:10,66.515,52.3,1521.2,85.442
9/30/19 12:10,66.515,52.3,1521.2,85.442
9/30/19 12:10,66.472,52.3,1516.2,85.442
9/30/19 12:10,66.472,52.3,1518.7,85.442
9/30/19 12:10,66.472,52.3,1516.2,85.442
9/30/19 12:10,66.429,52.3,1516.2,85.442
9/30/19 12:10,66.429,52.4,1521.2,85.442
9/30/19 12:10,66.429,52.4,1518.7,85.442
9/30/19 12:10,66.385,52.5,1521.2,85.442
9/30/19 12:10,66.385,52.5,1521.2,85.442
9/30/19 12:10,66.385,52.6,1521.2,85.442
9/30/19 12:10,66.344,52.7,1513.7,85.442
9/30/19 12:10,66.385,52.8,1516.2,85.442
9/30/19 12:10,66.344,52.8,1516.2,85.442
9/30/19 12:10,66.344,52.9,1516.2,85.442
9/30/19 12:10,66.344,53,1516.2,85.442
9/30/19 12:10,66.344,53.1,1518.7,85.442
9/30/19 12:10,66.344,53.3,1516.2,85.442
9/30/19 12:10,66.301,53.4,1513.7,85.442
9/30/19 12:10,66.344,53.6,1513.7,85.442
9/30/19 12:10,66.344,53.8,1518.7,85.442
9/30/19 12:10,66.344,53.9,1516.2,85.442
9/30/19 12:10,66.344,54,1513.7,85.442
9/30/19 12:10,66.344,54.2,1516.2,85.442
9/30/19 12:10,66.344,54.3,1516.2,85.442
9/30/19 12:10,66.344,54.5,1516.2,85.442
9/30/19 12:11,66.344,54.6,1516.2,85.442
9/30/19 12:11,66.344,54.7,1511.2,85.442
9/30/19 12:11,66.344,54.9,1516.2,85.442
9/30/19 12:11,66.385,55,1516.2,85.442
9/30/19 12:11,66.385,55,1516.2,85.442
9/30/19 12:11,66.385,55.1,1521.2,85.442
9/30/19 12:11,66.385,55.2,1516.2,85.487
9/30/19 12:11,66.385,55.3,1513.7,85.442
9/30/19 12:11,66.429,55.4,1513.7,85.442
9/30/19 12:11,66.429,55.6,1516.2,85.487
9/30/19 12:11,66.429,55.6,1516.2,85.442
9/30/19 12:11,66.429,55.7,1511.2,85.487
9/30/19 12:11,66.429,55.8,1516.2,85.487
9/30/19 12:11,66.472,55.9,1513.7,85.487
9/30/19 12:11,66.472,56,1513.7,85.487
9/30/19 12:11,66.472,56.1,1516.2,85.487
9/30/19 12:11,66.515,56.2,1513.7,85.487
9/30/19 12:11,66.515,56.2,1516.2,85.487
9/30/19 12:11,66.515,56.2,1518.7,85.487
9/30/19 12:11,66.558,56.2,1516.2,85.487
9/30/19 12:11,66.558,56.3,1511.2,85.487
9/30/19 12:11,66.558,56.3,1511.2,85.487
9/30/19 12:11,66.6,56.3,1511.2,85.487
9/30/19 12:11,66.6,56.3,1513.7,85.487
9/30/19 12:11,66.6,56.3,1513.7,85.487
9/30/19 12:11,66.643,56.3,1516.2,85.487
9/30/19 12:11,66.643,56.3,1511.2,85.487
9/30/19 12:11,66.643,56.3,1513.7,85.487
9/30/19 12:11,66.686,56.3,1511.2,85.487
9/30/19 12:11,66.686,56.3,1513.7,85.487
9/30/19 12:11,66.686,56.2,1511.2,85.487
9/30/19 12:11,66.686,56.2,1513.7,85.487
9/30/19 12:11,66.686,56.2,1511.2,85.487
9/30/19 12:11,66.729,56,1511.2,85.487
9/30/19 12:11,66.729,55.9,1511.2,85.487
9/30/19 12:11,66.729,55.7,1513.7,85.487
9/30/19 12:11,66.729,55.7,1513.7,85.487
9/30/19 12:11,66.772,55.5,1511.2,85.487
9/30/19 12:11,66.772,55.4,1511.2,85.487
9/30/19 12:11,66.772,55.3,1516.2,85.487
9/30/19 12:11,66.772,55.1,1513.7,85.487
9/30/19 12:11,66.772,55.1,1511.2,85.532
9/30/19 12:11,66.772,55,1513.7,85.532
9/30/19 12:11,66.772,54.9,1513.7,85.532
9/30/19 12:11,66.772,54.9,1513.7,85.532
9/30/19 12:11,66.772,54.8,1513.7,85.532
9/30/19 12:11,66.772,54.8,1513.7,85.532
9/30/19 12:11,66.772,54.8,1511.2,85.532
9/30/19 12:11,66.772,54.8,1513.7,85.532
9/30/19 12:11,66.772,54.8,1516.2,85.532
9/30/19 12:11,66.814,54.7,1518.7,85.532
9/30/19 12:11,66.814,54.7,1508.7,85.532
9/30/19 12:11,66.814,54.6,1516.2,85.532
9/30/19 12:11,66.814,54.6,1516.2,85.532
9/30/19 12:11,66.814,54.6,1516.2,85.532
9/30/19 12:11,66.814,54.6,1516.2,85.532
9/30/19 12:11,66.857,54.5,1516.2,85.532
9/30/19 12:11,66.857,54.5,1516.2,85.532
9/30/19 12:11,66.857,54.4,1516.2,85.532
9/30/19 12:11,66.857,54.5,1513.7,85.532
9/30/19 12:12,66.857,54.5,1513.7,85.532
9/30/19 12:12,66.857,54.5,1521.2,85.532
9/30/19 12:12,66.9,54.5,1516.2,85.532
9/30/19 12:12,66.9,54.5,1516.2,85.532
9/30/19 12:12,66.9,54.5,1516.2,85.532
9/30/19 12:12,66.9,54.5,1513.7,85.532
9/30/19 12:12,66.9,54.5,1513.7,85.532
9/30/19 12:12,66.9,54.5,1518.7,85.532
9/30/19 12:12,66.943,54.5,1516.2,85.532
9/30/19 12:12,66.943,54.5,1513.7,85.532
9/30/19 12:12,66.943,54.4,1516.2,85.532
9/30/19 12:12,66.943,54.4,1518.7,85.532
9/30/19 12:12,66.943,54.4,1516.2,85.577
9/30/19 12:12,66.943,54.3,1516.2,85.577
9/30/19 12:12,66.985,54.3,1516.2,85.577
9/30/19 12:12,66.985,54.3,1511.2,85.577
9/30/19 12:12,66.985,54.3,1508.7,85.577
9/30/19 12:12,66.985,54.2,1496.2,85.577
9/30/19 12:12,66.985,54.2,1488.7,85.577
9/30/19 12:12,66.985,54.2,1476.2,85.577
9/30/19 12:12,66.985,54.2,1461.2,85.577
9/30/19 12:12,66.985,54.1,1443.7,85.577
9/30/19 12:12,67.028,54.1,1431.2,85.577
9/30/19 12:12,67.028,54.1,1408.7,85.577
9/30/19 12:12,67.028,54.1,1388.7,85.577
9/30/19 12:12,67.028,54.1,1376.2,85.577
9/30/19 12:12,67.028,54.1,1381.2,85.577
9/30/19 12:12,67.028,54.1,1381.2,85.577
9/30/19 12:12,67.071,54.1,1388.7,85.577
9/30/19 12:12,67.071,54.1,1396.2,85.577
9/30/19 12:12,67.071,54,1401.2,85.577
9/30/19 12:12,67.071,54,1396.2,85.577
9/30/19 12:12,67.071,54,1376.2,85.622
9/30/19 12:12,67.071,54,1371.2,85.577
9/30/19 12:12,67.071,54,1368.7,85.577
9/30/19 12:12,67.071,54,1363.7,85.577
9/30/19 12:12,67.071,54,1358.7,85.577
9/30/19 12:12,67.071,54,1353.7,85.577
9/30/19 12:12,67.071,54,1348.7,85.622
9/30/19 12:12,67.114,54,1346.2,85.622
9/30/19 12:12,67.114,54,1358.7,85.577
9/30/19 12:12,67.114,54,1383.7,85.622
9/30/19 12:12,67.114,54,1411.2,85.622
9/30/19 12:12,67.114,53.9,1438.7,85.622
9/30/19 12:12,67.158,53.9,1461.2,85.622
9/30/19 12:12,67.158,53.8,1473.7,85.622
9/30/19 12:12,67.158,53.8,1478.7,85.622
9/30/19 12:12,67.158,53.8,1491.2,85.622
9/30/19 12:12,67.158,53.7,1493.7,85.622
9/30/19 12:12,67.158,53.6,1498.7,85.622
9/30/19 12:12,67.158,53.5,1501.2,85.622
9/30/19 12:12,67.158,53.4,1508.7,85.622
9/30/19 12:12,67.158,53.4,1511.2,85.622
9/30/19 12:12,67.158,53.2,1511.2,85.622
9/30/19 12:12,67.158,53.1,1513.7,85.622
9/30/19 12:12,67.158,53,1513.7,85.622
9/30/19 12:12,67.158,52.9,1511.2,85.622
9/30/19 12:12,67.158,52.8,1513.7,85.622
9/30/19 12:12,67.158,52.8,1513.7,85.622
9/30/19 12:12,67.158,52.8,1508.7,85.622
9/30/19 12:13,67.158,52.7,1511.2,85.622
9/30/19 12:13,67.158,52.7,1511.2,85.622
9/30/19 12:13,67.114,52.7,1511.2,85.622
9/30/19 12:13,67.114,52.7,1511.2,85.622
9/30/19 12:13,67.114,52.7,1511.2,85.622
9/30/19 12:13,67.114,52.7,1508.7,85.622
9/30/19 12:13,67.114,52.6,1506.2,85.622
9/30/19 12:13,67.114,52.7,1506.2,85.622
9/30/19 12:13,67.114,52.7,1506.2,85.622
9/30/19 12:13,67.114,52.7,1508.7,85.622
9/30/19 12:13,67.114,52.7,1508.7,85.622
9/30/19 12:13,67.114,52.7,1506.2,85.622
9/30/19 12:13,67.114,52.7,1508.7,85.622
9/30/19 12:13,67.114,52.8,1508.7,85.622
9/30/19 12:13,67.114,52.9,1506.2,85.622
9/30/19 12:13,67.114,52.8,1506.2,85.622
9/30/19 12:13,67.114,52.9,1506.2,85.622
9/30/19 12:13,67.114,53,1503.7,85.622
9/30/19 12:13,67.114,53,1508.7,85.622
9/30/19 12:13,67.114,53.1,1506.2,85.622
9/30/19 12:13,67.114,53.2,1508.7,85.622
9/30/19 12:13,67.114,53.3,1501.2,85.622
9/30/19 12:13,67.158,53.5,1503.7,85.622
9/30/19 12:13,67.158,53.5,1506.2,85.622
9/30/19 12:13,67.158,53.5,1503.7,85.622
9/30/19 12:13,67.158,53.6,1501.2,85.622
9/30/19 12:13,67.158,53.7,1506.2,85.622
9/30/19 12:13,67.158,53.8,1503.7,85.622
9/30/19 12:13,67.158,53.8,1503.7,85.622
9/30/19 12:13,67.199,53.8,1503.7,85.622
9/30/19 12:13,67.199,53.8,1503.7,85.622
9/30/19 12:13,67.199,53.8,1503.7,85.622
9/30/19 12:13,67.199,53.8,1506.2,85.622
9/30/19 12:13,67.199,53.8,1503.7,85.622
9/30/19 12:13,67.242,53.8,1503.7,85.622
9/30/19 12:13,67.242,53.9,1503.7,85.622
9/30/19 12:13,67.242,53.9,1503.7,85.622
9/30/19 12:13,67.242,53.9,1498.7,85.622
9/30/19 12:13,67.242,53.9,1503.7,85.622
9/30/19 12:13,67.242,54,1503.7,85.622
9/30/19 12:13,67.242,54,1503.7,85.622
9/30/19 12:13,67.242,54,1506.2,85.622
9/30/19 12:13,67.285,54,1503.7,85.622
9/30/19 12:13,67.285,54,1503.7,85.622
9/30/19 12:13,67.285,54,1503.7,85.622
9/30/19 12:13,67.285,54,1503.7,85.622
9/30/19 12:13,67.285,54,1503.7,85.622
9/30/19 12:13,67.329,54,1501.2,85.667
9/30/19 12:13,67.329,54,1503.7,85.667
9/30/19 12:13,67.329,54,1503.7,85.667
9/30/19 12:13,67.329,54,1503.7,85.667
9/30/19 12:13,67.329,54,1501.2,85.667
9/30/19 12:13,67.329,54,1506.2,85.667
9/30/19 12:13,67.329,54,1503.7,85.667
9/30/19 12:13,67.329,54,1501.2,85.667
9/30/19 12:13,67.329,53.9,1501.2,85.667
9/30/19 12:13,67.329,53.9,1501.2,85.667
9/30/19 12:13,67.329,53.9,1501.2,85.667
9/30/19 12:13,67.329,53.9,1503.7,85.667
9/30/19 12:13,67.329,53.8,1501.2,85.667
9/30/19 12:14,67.329,53.8,1501.2,85.667
9/30/19 12:14,67.329,53.8,1501.2,85.667
9/30/19 12:14,67.329,53.7,1506.2,85.667
9/30/19 12:14,67.329,53.7,1503.7,85.667
9/30/19 12:14,67.329,53.6,1501.2,85.667
9/30/19 12:14,67.329,53.6,1501.2,85.667
9/30/19 12:14,67.329,53.6,1498.7,85.667
9/30/19 12:14,67.329,53.6,1501.2,85.667
9/30/19 12:14,67.329,53.5,1506.2,85.667
9/30/19 12:14,67.329,53.5,1503.7,85.667
9/30/19 12:14,67.329,53.5,1498.7,85.667
9/30/19 12:14,67.329,53.5,1496.2,85.667
9/30/19 12:14,67.329,53.5,1506.2,85.667
9/30/19 12:14,67.329,53.5,1496.2,85.667
9/30/19 12:14,67.329,53.5,1501.2,85.667
9/30/19 12:14,67.329,53.5,1498.7,85.667
9/30/19 12:14,67.329,53.5,1496.2,85.667
9/30/19 12:14,67.372,53.5,1501.2,85.667
9/30/19 12:14,67.372,53.5,1496.2,85.667
9/30/19 12:14,67.372,53.5,1501.2,85.667
9/30/19 12:14,67.372,53.5,1501.2,85.667
9/30/19 12:14,67.372,53.5,1498.7,85.667
9/30/19 12:14,67.372,53.5,1498.7,85.667
9/30/19 12:14,67.413,53.6,1498.7,85.667
9/30/19 12:14,67.413,53.6,1501.2,85.667
9/30/19 12:14,67.413,53.6,1501.2,85.667
9/30/19 12:14,67.413,53.6,1501.2,85.667
9/30/19 12:14,67.456,53.6,1498.7,85.667
9/30/19 12:14,67.456,53.6,1501.2,85.667
9/30/19 12:14,67.456,53.6,1498.7,85.667
9/30/19 12:14,67.456,53.5,1503.7,85.667
9/30/19 12:14,67.5,53.5,1501.2,85.667
9/30/19 12:14,67.5,53.5,1498.7,85.667
9/30/19 12:14,67.5,53.5,1498.7,85.712
9/30/19 12:14,67.5,53.6,1498.7,85.667
9/30/19 12:14,67.543,53.6,1498.7,85.667
9/30/19 12:14,67.543,53.6,1501.2,85.667
9/30/19 12:14,67.543,53.5,1501.2,85.667
9/30/19 12:14,67.543,53.5,1498.7,85.667
9/30/19 12:14,67.543,53.4,1501.2,85.667
9/30/19 12:14,67.586,53.4,1496.2,85.712
9/30/19 12:14,67.586,53.4,1496.2,85.667
9/30/19 12:14,67.586,53.4,1498.7,85.667
9/30/19 12:14,67.586,53.4,1496.2,85.667
9/30/19 12:14,67.627,53.4,1498.7,85.667
9/30/19 12:14,67.627,53.4,1496.2,85.667
9/30/19 12:14,67.627,53.5,1496.2,85.667
9/30/19 12:14,67.627,53.5,1496.2,85.667
9/30/19 12:14,67.627,53.6,1496.2,85.667
9/30/19 12:14,67.671,53.6,1498.7,85.667
9/30/19 12:14,67.671,53.7,1498.7,85.667
9/30/19 12:14,67.671,53.7,1496.2,85.667
9/30/19 12:14,67.671,53.8,1498.7,85.667
9/30/19 12:14,67.671,53.8,1498.7,85.667
9/30/19 12:14,67.671,53.8,1498.7,85.667
9/30/19 12:14,67.714,53.7,1496.2,85.667
9/30/19 12:14,67.714,53.6,1496.2,85.667
9/30/19 12:14,67.714,53.6,1498.7,85.667
9/30/19 12:14,67.714,53.5,1498.7,85.667
9/30/19 12:14,67.714,53.4,1496.2,85.667
9/30/19 12:15,67.714,53.4,1498.7,85.667
9/30/19 12:15,67.714,53.3,1496.2,85.667
9/30/19 12:15,67.714,53.2,1498.7,85.667
9/30/19 12:15,67.714,53.1,1496.2,85.667
9/30/19 12:15,67.757,53,1498.7,85.667
9/30/19 12:15,67.757,53,1496.2,85.667
9/30/19 12:15,67.757,52.9,1496.2,85.667
9/30/19 12:15,67.757,52.8,1498.7,85.667
9/30/19 12:15,67.757,52.8,1498.7,85.667
9/30/19 12:15,67.757,52.8,1496.2,85.667
9/30/19 12:15,67.757,52.9,1496.2,85.667
9/30/19 12:15,67.757,52.9,1498.7,85.667
9/30/19 12:15,67.757,53,1496.2,85.667
9/30/19 12:15,67.757,53,1496.2,85.667
9/30/19 12:15,67.757,53.1,1498.7,85.667
9/30/19 12:15,67.757,53.1,1498.7,85.667
9/30/19 12:15,67.757,53.1,1496.2,85.667
9/30/19 12:15,67.757,53.2,1496.2,85.667
9/30/19 12:15,67.757,53.3,1496.2,85.667
9/30/19 12:15,67.798,53.3,1496.2,85.667
9/30/19 12:15,67.798,53.3,1496.2,85.667
9/30/19 12:15,67.798,53.4,1496.2,85.667
9/30/19 12:15,67.798,53.4,1493.7,85.667
9/30/19 12:15,67.798,53.4,1496.2,85.667
9/30/19 12:15,67.798,53.3,1496.2,85.667
9/30/19 12:15,67.798,53.3,1496.2,85.667
9/30/19 12:15,67.798,53.3,1496.2,85.667
9/30/19 12:15,67.798,53.3,1501.2,85.667
9/30/19 12:15,67.798,53.4,1496.2,85.712
9/30/19 12:15,67.798,53.4,1498.7,85.712
9/30/19 12:15,67.798,53.4,1496.2,85.667
9/30/19 12:15,67.798,53.5,1496.2,85.667
9/30/19 12:15,67.842,53.6,1493.7,85.667
9/30/19 12:15,67.842,53.7,1493.7,85.667
9/30/19 12:15,67.842,53.8,1493.7,85.667
9/30/19 12:15,67.842,53.8,1493.7,85.667
9/30/19 12:15,67.842,53.8,1496.2,85.667
9/30/19 12:15,67.842,53.9,1496.2,85.667
9/30/19 12:15,67.842,53.8,1498.7,85.667
9/30/19 12:15,67.842,53.8,1498.7,85.667
9/30/19 12:15,67.885,53.8,1496.2,85.667
9/30/19 12:15,67.885,53.7,1496.2,85.667
9/30/19 12:15,67.885,53.6,1491.2,85.667
9/30/19 12:15,67.885,53.6,1496.2,85.712
9/30/19 12:15,67.885,53.6,1493.7,85.712
9/30/19 12:15,67.885,53.5,1493.7,85.667
9/30/19 12:15,67.885,53.5,1493.7,85.712
9/30/19 12:15,67.928,53.5,1498.7,85.667
9/30/19 12:15,67.885,53.4,1496.2,85.667
9/30/19 12:15,67.885,53.5,1498.7,85.712
9/30/19 12:15,67.928,53.5,1498.7,85.712
9/30/19 12:15,67.928,53.5,1496.2,85.712
9/30/19 12:15,67.928,53.5,1496.2,85.712
9/30/19 12:15,67.928,53.4,1496.2,85.667
9/30/19 12:15,67.928,53.4,1496.2,85.712
9/30/19 12:15,67.928,53.4,1498.7,85.667
9/30/19 12:15,67.928,53.4,1496.2,85.712
9/30/19 12:15,67.971,53.5,1496.2,85.712
9/30/19 12:15,67.971,53.5,1498.7,85.712
9/30/19 12:15,67.971,53.5,1496.2,85.712
9/30/19 12:16,67.971,53.5,1496.2,85.712
9/30/19 12:16,67.971,53.5,1496.2,85.712
9/30/19 12:16,67.971,53.4,1498.7,85.712
9/30/19 12:16,67.971,53.4,1496.2,85.712
9/30/19 12:16,67.971,53.3,1496.2,85.712
9/30/19 12:16,67.971,53.2,1496.2,85.712
9/30/19 12:16,67.971,53,1496.2,85.712
9/30/19 12:16,67.971,52.9,1496.2,85.712
9/30/19 12:16,67.971,52.9,1496.2,85.712
9/30/19 12:16,67.971,52.7,1496.2,85.712
9/30/19 12:16,67.971,52.6,1496.2,85.712
9/30/19 12:16,67.971,52.6,1498.7,85.712
9/30/19 12:16,67.971,52.6,1498.7,85.712
9/30/19 12:16,67.971,52.6,1496.2,85.712
9/30/19 12:16,67.971,52.6,1498.7,85.712
9/30/19 12:16,67.928,52.5,1498.7,85.712
9/30/19 12:16,67.928,52.5,1498.7,85.712
9/30/19 12:16,67.928,52.4,1496.2,85.712
9/30/19 12:16,67.928,52.4,1498.7,85.712
9/30/19 12:16,67.928,52.4,1498.7,85.712
9/30/19 12:16,67.928,52.4,1498.7,85.712
9/30/19 12:16,67.928,52.5,1498.7,85.712
9/30/19 12:16,67.885,52.5,1498.7,85.712
9/30/19 12:16,67.885,52.5,1498.7,85.712
9/30/19 12:16,67.885,52.5,1498.7,85.712
9/30/19 12:16,67.885,52.4,1498.7,85.712
9/30/19 12:16,67.885,52.3,1498.7,85.712
9/30/19 12:16,67.842,52.3,1498.7,85.712
9/30/19 12:16,67.842,52.3,1496.2,85.712
9/30/19 12:16,67.842,52.2,1498.7,85.712
9/30/19 12:16,67.842,52.2,1498.7,85.712
9/30/19 12:16,67.842,52.2,1498.7,85.712
9/30/19 12:16,67.798,52.2,1498.7,85.712
9/30/19 12:16,67.798,52.2,1498.7,85.712
9/30/19 12:16,67.798,52.1,1498.7,85.712
9/30/19 12:16,67.798,52.1,1501.2,85.712
9/30/19 12:16,67.798,52.1,1498.7,85.712
9/30/19 12:16,67.757,52.1,1498.7,85.712
9/30/19 12:16,67.757,52.1,1498.7,85.712
9/30/19 12:16,67.757,52,1498.7,85.712
9/30/19 12:16,67.757,52,1498.7,85.712
9/30/19 12:16,67.757,52,1498.7,85.712
9/30/19 12:16,67.757,52,1501.2,85.712
9/30/19 12:16,67.714,52,1501.2,85.712
9/30/19 12:16,67.714,52,1498.7,85.712
9/30/19 12:16,67.714,52,1501.2,85.712
9/30/19 12:16,67.714,52,1498.7,85.712
9/30/19 12:16,67.714,51.9,1503.7,85.712
9/30/19 12:16,67.714,51.9,1501.2,85.712
9/30/19 12:16,67.714,51.9,1498.7,85.757
9/30/19 12:16,67.671,51.9,1501.2,85.757
9/30/19 12:16,67.671,51.9,1503.7,85.757
9/30/19 12:16,67.671,51.9,1498.7,85.757
9/30/19 12:16,67.671,51.9,1503.7,85.757
9/30/19 12:16,67.671,51.8,1498.7,85.757
9/30/19 12:16,67.627,51.8,1501.2,85.757
9/30/19 12:16,67.627,51.7,1503.7,85.757
9/30/19 12:16,67.627,51.7,1503.7,85.757
9/30/19 12:16,67.627,51.7,1498.7,85.757
9/30/19 12:16,67.627,51.7,1498.7,85.757
9/30/19 12:17,67.586,51.7,1498.7,85.757
9/30/19 12:17,67.586,51.9,1496.2,85.757
9/30/19 12:17,67.586,51.9,1493.7,85.757
9/30/19 12:17,67.586,52.1,1493.7,85.757
9/30/19 12:17,67.543,52.2,1496.2,85.757
9/30/19 12:17,67.543,52.2,1496.2,85.757
9/30/19 12:17,67.543,52.4,1498.7,85.757
9/30/19 12:17,67.543,52.6,1498.7,85.757
9/30/19 12:17,67.543,52.7,1498.7,85.757
9/30/19 12:17,67.543,52.8,1503.7,85.757
9/30/19 12:17,67.543,53,1506.2,85.757
9/30/19 12:17,67.543,53.1,1506.2,85.757
9/30/19 12:17,67.5,53.2,1503.7,85.757
9/30/19 12:17,67.543,53.3,1506.2,85.757
9/30/19 12:17,67.543,53.3,1506.2,85.757
9/30/19 12:17,67.5,53.3,1506.2,85.757
9/30/19 12:17,67.5,53.4,1506.2,85.757
9/30/19 12:17,67.5,53.4,1506.2,85.757
9/30/19 12:17,67.5,53.4,1508.7,85.757
9/30/19 12:17,67.5,53.4,1506.2,85.757
9/30/19 12:17,67.5,53.4,1506.2,85.757
9/30/19 12:17,67.5,53.3,1508.7,85.757
9/30/19 12:17,67.5,53.2,1508.7,85.757
9/30/19 12:17,67.5,53.2,1508.7,85.757
9/30/19 12:17,67.5,53.1,1508.7,85.802
9/30/19 12:17,67.5,53.1,1508.7,85.802
9/30/19 12:17,67.456,53,1508.7,85.802
9/30/19 12:17,67.456,53,1511.2,85.802
9/30/19 12:17,67.456,53.1,1508.7,85.802
9/30/19 12:17,67.456,53.1,1511.2,85.802
9/30/19 12:17,67.456,53.2,1511.2,85.802
9/30/19 12:17,67.456,53.2,1511.2,85.802
9/30/19 12:17,67.456,53.2,1511.2,85.802
9/30/19 12:17,67.456,53.2,1508.7,85.802
9/30/19 12:17,67.456,53.2,1511.2,85.802
9/30/19 12:17,67.456,53.2,1508.7,85.802
9/30/19 12:17,67.456,53.2,1511.2,85.802
9/30/19 12:17,67.456,53.1,1513.7,85.802
9/30/19 12:17,67.456,53.1,1516.2,85.802
9/30/19 12:17,67.456,53,1511.2,85.802
9/30/19 12:17,67.456,53,1513.7,85.802
9/30/19 12:17,67.456,53.1,1513.7,85.802
9/30/19 12:17,67.456,53.1,1511.2,85.802
9/30/19 12:17,67.456,53.2,1513.7,85.802
9/30/19 12:17,67.456,53.2,1508.7,85.802
9/30/19 12:17,67.456,53.2,1506.2,85.802
9/30/19 12:17,67.456,53.1,1498.7,85.802
9/30/19 12:17,67.456,53,1498.7,85.802
9/30/19 12:17,67.456,53,1493.7,85.802
9/30/19 12:17,67.456,52.9,1488.7,85.849
9/30/19 12:17,67.456,52.9,1488.7,85.849
9/30/19 12:17,67.456,52.9,1498.7,85.849
9/30/19 12:17,67.456,52.8,1506.2,85.849
9/30/19 12:17,67.456,52.8,1511.2,85.849
9/30/19 12:17,67.456,52.8,1516.2,85.849
9/30/19 12:17,67.456,52.9,1518.7,85.849
9/30/19 12:17,67.456,53,1518.7,85.849
9/30/19 12:17,67.456,53,1516.2,85.849
9/30/19 12:17,67.456,53,1516.2,85.849
9/30/19 12:17,67.456,52.9,1518.7,85.849
9/30/19 12:18,67.456,52.9,1518.7,85.849
9/30/19 12:18,67.456,52.8,1521.2,85.849
9/30/19 12:18,67.456,52.8,1521.2,85.849
9/30/19 12:18,67.456,52.7,1521.2,85.849
9/30/19 12:18,67.456,52.6,1521.2,85.849
9/30/19 12:18,67.456,52.5,1521.2,85.849
9/30/19 12:18,67.413,52.3,1521.2,85.849
9/30/19 12:18,67.413,52.3,1523.7,85.849
9/30/19 12:18,67.413,52.2,1521.2,85.894
9/30/19 12:18,67.413,52.2,1523.7,85.849
9/30/19 12:18,67.413,52.2,1521.2,85.894
9/30/19 12:18,67.372,52.3,1521.2,85.894
9/30/19 12:18,67.372,52.3,1523.7,85.894
9/30/19 12:18,67.372,52.5,1521.2,85.894
9/30/19 12:18,67.372,52.6,1521.2,85.894
9/30/19 12:18,67.372,52.8,1523.7,85.894
9/30/19 12:18,67.329,52.9,1523.7,85.894
9/30/19 12:18,67.329,53,1523.7,85.894
9/30/19 12:18,67.329,53.2,1523.7,85.894
9/30/19 12:18,67.329,53.3,1526.2,85.894
9/30/19 12:18,67.329,53.5,1523.7,85.894
9/30/19 12:18,67.329,53.4,1521.2,85.894
9/30/19 12:18,67.329,53.5,1526.2,85.894
9/30/19 12:18,67.329,53.6,1526.2,85.894
9/30/19 12:18,67.329,53.7,1523.7,85.894
9/30/19 12:18,67.329,53.8,1526.2,85.894
9/30/19 12:18,67.329,53.8,1526.2,85.894
9/30/19 12:18,67.285,53.8,1526.2,85.894
9/30/19 12:18,67.329,53.7,1526.2,85.894
9/30/19 12:18,67.285,53.7,1526.2,85.894
9/30/19 12:18,67.285,53.5,1526.2,85.894
9/30/19 12:18,67.285,53.4,1526.2,85.894
9/30/19 12:18,67.285,53.3,1526.2,85.894
9/30/19 12:18,67.285,53.2,1526.2,85.894
9/30/19 12:18,67.285,53,1526.2,85.894
9/30/19 12:18,67.285,52.9,1526.2,85.894
9/30/19 12:18,67.285,52.8,1526.2,85.894
9/30/19 12:18,67.285,52.7,1528.7,85.894
9/30/19 12:18,67.285,52.6,1526.2,85.894
9/30/19 12:18,67.242,52.6,1526.2,85.894
9/30/19 12:18,67.242,52.5,1528.7,85.894
9/30/19 12:18,67.242,52.3,1528.7,85.894
9/30/19 12:18,67.242,52.2,1528.7,85.894
9/30/19 12:18,67.199,52.2,1526.2,85.894
9/30/19 12:18,67.199,52.2,1526.2,85.939
9/30/19 12:18,67.199,52.1,1531.2,85.939
9/30/19 12:18,67.158,52.1,1526.2,85.894
9/30/19 12:18,67.158,52.1,1528.7,85.939
9/30/19 12:18,67.158,52.1,1528.7,85.939
9/30/19 12:18,67.158,52.2,1528.7,85.939
9/30/19 12:18,67.114,52.2,1528.7,85.939
9/30/19 12:18,67.114,52.2,1528.7,85.939
9/30/19 12:18,67.114,52.3,1528.7,85.939
9/30/19 12:18,67.114,52.4,1528.7,85.939
9/30/19 12:18,67.071,52.5,1528.7,85.939
9/30/19 12:18,67.071,52.4,1528.7,85.939
9/30/19 12:18,67.071,52.3,1528.7,85.939
9/30/19 12:18,67.071,52.3,1531.2,85.939
9/30/19 12:18,67.071,52.3,1531.2,85.939
9/30/19 12:18,67.028,52.2,1531.2,85.939
9/30/19 12:19,67.028,52.2,1531.2,85.939
9/30/19 12:19,67.028,52.1,1531.2,85.939
9/30/19 12:19,67.028,52.1,1528.7,85.939
9/30/19 12:19,67.028,52,1533.7,85.939
9/30/19 12:19,66.985,52,1536.2,85.939
9/30/19 12:19,66.985,52.1,1531.2,85.939
9/30/19 12:19,66.985,52.2,1536.2,85.939
9/30/19 12:19,66.985,52.2,1531.2,85.939
9/30/19 12:19,66.943,52.3,1533.7,85.939
9/30/19 12:19,66.943,52.4,1531.2,85.939
9/30/19 12:19,66.943,52.6,1536.2,85.939
9/30/19 12:19,66.943,52.7,1536.2,85.939
9/30/19 12:19,66.943,52.8,1536.2,85.939
9/30/19 12:19,66.943,52.9,1538.7,85.939
9/30/19 12:19,66.9,53,1536.2,85.939
9/30/19 12:19,66.9,53.2,1531.2,85.939
9/30/19 12:19,66.9,53.2,1531.2,85.939
9/30/19 12:19,66.9,53.2,1523.7,85.984
9/30/19 12:19,66.9,53.2,1513.7,85.939
9/30/19 12:19,66.9,53.2,1511.2,85.939
9/30/19 12:19,66.9,53.2,1511.2,85.984
9/30/19 12:19,66.9,53.1,1511.2,85.939
9/30/19 12:19,66.9,53,1511.2,85.984
9/30/19 12:19,66.9,53,1506.2,85.984
9/30/19 12:19,66.9,53.1,1503.7,85.984
9/30/19 12:19,66.857,53.1,1496.2,85.984
9/30/19 12:19,66.857,53.2,1491.2,85.984
9/30/19 12:19,66.857,53.2,1483.7,85.984
9/30/19 12:19,66.857,53.2,1476.2,85.984
9/30/19 12:19,66.857,53.2,1468.7,85.984
9/30/19 12:19,66.857,53.2,1453.7,85.984
9/30/19 12:19,66.857,53.2,1446.2,85.984
9/30/19 12:19,66.857,53.3,1436.2,85.984
9/30/19 12:19,66.857,53.3,1426.2,85.984
9/30/19 12:19,66.857,53.3,1431.2,85.984
9/30/19 12:19,66.857,53.3,1433.7,85.984
9/30/19 12:19,66.814,53.3,1443.7,85.984
9/30/19 12:19,66.814,53.3,1453.7,85.984
9/30/19 12:19,66.814,53.2,1463.7,85.984
9/30/19 12:19,66.814,53.2,1473.7,85.984
9/30/19 12:19,66.814,53.1,1473.7,85.984
9/30/19 12:19,66.814,52.9,1476.2,85.984
9/30/19 12:19,66.814,52.8,1478.7,85.984
9/30/19 12:19,66.772,52.6,1478.7,85.984
9/30/19 12:19,66.772,52.5,1478.7,85.984
9/30/19 12:19,66.772,52.3,1478.7,85.984
9/30/19 12:19,66.772,52.2,1473.7,85.984
9/30/19 12:19,66.729,52.2,1466.2,85.984
9/30/19 12:19,66.729,52.2,1458.7,85.984
9/30/19 12:19,66.729,52.2,1451.2,85.984
9/30/19 12:19,66.686,52.2,1441.2,85.984
9/30/19 12:19,66.686,52.2,1436.2,85.984
9/30/19 12:19,66.686,52.3,1436.2,85.984
9/30/19 12:19,66.643,52.3,1436.2,85.984
9/30/19 12:19,66.643,52.2,1433.7,85.984
9/30/19 12:19,66.643,52.2,1431.2,85.984
9/30/19 12:19,66.643,52.2,1428.7,85.984
9/30/19 12:19,66.6,52.1,1426.2,85.984
9/30/19 12:19,66.6,52,1428.7,85.984
9/30/19 12:19,66.6,52,1431.2,85.984
9/30/19 12:20,66.558,51.9,1426.2,85.984
9/30/19 12:20,66.558,51.8,1418.7,85.984
9/30/19 12:20,66.558,51.7,1406.2,85.984
9/30/19 12:20,66.515,51.6,1396.2,85.984
9/30/19 12:20,66.515,51.5,1391.2,85.984
9/30/19 12:20,66.472,51.5,1391.2,85.984
9/30/19 12:20,66.472,51.4,1391.2,85.984
9/30/19 12:20,66.429,51.3,1396.2,85.984
9/30/19 12:20,66.429,51.3,1403.7,85.984
9/30/19 12:20,66.385,51.2,1413.7,85.984
9/30/19 12:20,66.385,51.2,1431.2,85.984
9/30/19 12:20,66.344,51.1,1451.2,85.984
9/30/19 12:20,66.344,51.1,1473.7,85.984
9/30/19 12:20,66.301,51.2,1491.2,85.984
9/30/19 12:20,66.301,51.2,1513.7,85.984
9/30/19 12:20,66.301,51.3,1531.2,85.984
9/30/19 12:20,66.258,51.3,1546.2,85.984
9/30/19 12:20,66.258,51.3,1548.7,85.984
9/30/19 12:20,66.214,51.3,1543.7,85.984
9/30/19 12:20,66.214,51.4,1536.2,85.984
9/30/19 12:20,66.173,51.4,1528.7,85.984
9/30/19 12:20,66.173,51.5,1523.7,85.984
9/30/19 12:20,66.173,51.5,1521.2,85.984
9/30/19 12:20,66.13,51.5,1526.2,85.984
9/30/19 12:20,66.13,51.5,1531.2,85.984
9/30/19 12:20,66.13,51.5,1536.2,85.984
9/30/19 12:20,66.087,51.5,1543.7,85.984
9/30/19 12:20,66.087,51.5,1553.7,85.984
9/30/19 12:20,66.087,51.5,1561.2,85.984
9/30/19 12:20,66.087,51.5,1568.7,85.984
9/30/19 12:20,66.043,51.5,1571.2,85.984
9/30/19 12:20,66.043,51.6,1571.2,85.984
9/30/19 12:20,66.043,51.7,1573.7,85.984
9/30/19 12:20,66,51.7,1573.7,85.984
9/30/19 12:20,66,51.8,1573.7,85.984
9/30/19 12:20,66,51.9,1573.7,85.984
9/30/19 12:20,66,51.9,1571.2,85.984
9/30/19 12:20,65.959,51.9,1573.7,85.984
9/30/19 12:20,65.959,52,1571.2,85.984
9/30/19 12:20,65.959,52,1563.7,85.984
9/30/19 12:20,65.959,52,1553.7,85.984
9/30/19 12:20,65.916,52,1546.2,85.984
9/30/19 12:20,65.916,52.1,1533.7,85.984
9/30/19 12:20,65.916,52.1,1526.2,85.984
9/30/19 12:20,65.916,52.1,1523.7,85.984
9/30/19 12:20,65.916,52.1,1518.7,85.984
9/30/19 12:20,65.916,52,1513.7,85.984
9/30/19 12:20,65.916,52,1506.2,85.984
9/30/19 12:20,65.872,51.9,1488.7,85.984
9/30/19 12:20,65.872,51.9,1471.2,85.984
9/30/19 12:20,65.872,51.9,1453.7,85.984
9/30/19 12:20,65.872,51.9,1436.2,85.984
9/30/19 12:20,65.829,52,1418.7,85.984
9/30/19 12:20,65.829,52,1411.2,85.984
9/30/19 12:20,65.829,52.1,1406.2,85.984
9/30/19 12:20,65.829,52.1,1401.2,85.939
9/30/19 12:20,65.829,52.2,1393.7,85.984
9/30/19 12:20,65.829,52.4,1391.2,85.939
9/30/19 12:20,65.829,52.5,1388.7,85.984
9/30/19 12:20,65.829,52.7,1373.7,85.984
9/30/19 12:21,65.829,52.7,1368.7,85.984
9/30/19 12:21,65.829,52.8,1363.7,85.984
9/30/19 12:21,65.829,52.9,1368.7,85.984
9/30/19 12:21,65.829,53.1,1368.7,85.984
9/30/19 12:21,65.829,53.2,1366.2,85.984
9/30/19 12:21,65.829,53.3,1363.7,85.984
9/30/19 12:21,65.829,53.5,1363.7,85.984
9/30/19 12:21,65.829,53.7,1353.7,85.984
9/30/19 12:21,65.829,53.8,1338.7,85.984
9/30/19 12:21,65.829,53.9,1321.2,85.984
9/30/19 12:21,65.829,53.9,1306.2,85.984
9/30/19 12:21,65.872,53.9,1303.7,85.984
9/30/19 12:21,65.872,53.9,1306.2,85.984
9/30/19 12:21,65.872,54,1311.2,85.984
9/30/19 12:21,65.872,54,1321.2,85.984
9/30/19 12:21,65.872,54,1328.7,85.984
9/30/19 12:21,65.872,54.1,1331.2,85.984
9/30/19 12:21,65.916,54.2,1323.7,85.984
9/30/19 12:21,65.916,54.3,1316.2,85.984
9/30/19 12:21,65.916,54.3,1311.2,85.984
9/30/19 12:21,65.916,54.3,1313.7,85.984
9/30/19 12:21,65.916,54.4,1321.2,85.984
9/30/19 12:21,65.916,54.5,1331.2,85.984
9/30/19 12:21,65.959,54.5,1338.7,85.984
9/30/19 12:21,65.959,54.6,1348.7,85.984
9/30/19 12:21,65.959,54.7,1356.2,85.984
9/30/19 12:21,65.959,54.8,1356.2,85.984
9/30/19 12:21,65.959,54.9,1351.2,85.984
9/30/19 12:21,66,55,1346.2,85.984
9/30/19 12:21,66,54.9,1338.7,85.984
9/30/19 12:21,66,55,1321.2,85.984
9/30/19 12:21,66.043,55.2,1298.7,85.984
9/30/19 12:21,66.043,55.2,1278.7,85.984
9/30/19 12:21,66.043,55.3,1258.7,85.984
9/30/19 12:21,66.043,55.3,1243.7,85.984
9/30/19 12:21,66.087,55.4,1236.2,85.984
9/30/19 12:21,66.087,55.4,1241.2,85.984
9/30/19 12:21,66.087,55.4,1253.7,85.984
9/30/19 12:21,66.13,55.6,1261.2,85.984
9/30/19 12:21,66.13,55.6,1278.7,85.984
9/30/19 12:21,66.13,55.6,1293.7,85.984
9/30/19 12:21,66.173,55.7,1313.7,85.984
9/30/19 12:21,66.173,55.7,1341.2,85.984
9/30/19 12:21,66.173,55.8,1358.7,85.984
9/30/19 12:21,66.173,55.9,1378.7,85.984
9/30/19 12:21,66.214,55.9,1396.2,85.984
9/30/19 12:21,66.214,56,1418.7,85.984
9/30/19 12:21,66.258,55.9,1431.2,85.984
9/30/19 12:21,66.258,55.9,1461.2,85.984
9/30/19 12:21,66.258,55.7,1486.2,85.939
9/30/19 12:21,66.258,55.7,1516.2,85.939
9/30/19 12:21,66.301,55.7,1543.7,85.984
9/30/19 12:21,66.301,55.5,1566.2,85.939
9/30/19 12:21,66.301,55.4,1578.7,85.939
9/30/19 12:21,66.301,55.4,1581.2,85.939
9/30/19 12:21,66.344,55.3,1571.2,85.939
9/30/19 12:21,66.344,55.3,1553.7,85.939
9/30/19 12:21,66.344,55.2,1531.2,85.939
9/30/19 12:21,66.344,55.1,1508.7,85.939
9/30/19 12:21,66.344,55.1,1488.7,85.939
9/30/19 12:22,66.385,54.9,1476.2,85.939
9/30/19 12:22,66.385,54.8,1468.7,85.939
9/30/19 12:22,66.385,54.6,1463.7,85.939
9/30/19 12:22,66.385,54.5,1458.7,85.939
9/30/19 12:22,66.385,54.3,1451.2,85.939
9/30/19 12:22,66.385,54.1,1436.2,85.939
9/30/19 12:22,66.385,54,1418.7,85.939
9/30/19 12:22,66.385,53.9,1398.7,85.939
9/30/19 12:22,66.385,53.8,1378.7,85.939
9/30/19 12:22,66.385,53.8,1371.2,85.939
9/30/19 12:22,66.385,53.8,1363.7,85.939
9/30/19 12:22,66.385,53.8,1371.2,85.939
9/30/19 12:22,66.385,53.9,1383.7,85.939
9/30/19 12:22,66.385,53.9,1406.2,85.939
9/30/19 12:22,66.385,53.9,1433.7,85.939
9/30/19 12:22,66.429,53.9,1463.7,85.939
9/30/19 12:22,66.429,53.8,1491.2,85.939
9/30/19 12:22,66.429,53.7,1508.7,85.939
9/30/19 12:22,66.429,53.6,1511.2,85.939
9/30/19 12:22,66.429,53.5,1511.2,85.939
9/30/19 12:22,66.385,53.4,1501.2,85.939
9/30/19 12:22,66.385,53.3,1493.7,85.939
9/30/19 12:22,66.429,53.3,1493.7,85.939
9/30/19 12:22,66.429,53.3,1498.7,85.984
9/30/19 12:22,66.385,53.2,1503.7,85.939
9/30/19 12:22,66.385,53.2,1506.2,85.939
9/30/19 12:22,66.385,53.3,1511.2,85.939
9/30/19 12:22,66.385,53.3,1508.7,85.939
9/30/19 12:22,66.429,53.3,1503.7,85.939
9/30/19 12:22,66.385,53.3,1501.2,85.939
9/30/19 12:22,66.385,53.3,1501.2,85.939
9/30/19 12:22,66.429,53.3,1508.7,85.939
9/30/19 12:22,66.385,53.4,1513.7,85.939
9/30/19 12:22,66.385,53.3,1518.7,85.939
9/30/19 12:22,66.429,53.4,1526.2,85.939
9/30/19 12:22,66.429,53.3,1531.2,85.939
9/30/19 12:22,66.429,53.3,1536.2,85.939
9/30/19 12:22,66.429,53.4,1536.2,85.939
9/30/19 12:22,66.429,53.4,1538.7,85.939
9/30/19 12:22,66.429,53.5,1536.2,85.939
9/30/19 12:22,66.429,53.6,1538.7,85.939
9/30/19 12:22,66.429,53.7,1538.7,85.939
9/30/19 12:22,66.429,53.8,1538.7,85.939
9/30/19 12:22,66.429,53.8,1538.7,85.939
9/30/19 12:22,66.429,53.8,1533.7,85.939
9/30/19 12:22,66.429,53.8,1533.7,85.939
9/30/19 12:22,66.429,53.8,1533.7,85.939
9/30/19 12:22,66.429,53.9,1533.7,85.939
9/30/19 12:22,66.429,53.9,1533.7,85.939
9/30/19 12:22,66.429,53.9,1533.7,85.939
9/30/19 12:22,66.429,53.9,1533.7,85.939
9/30/19 12:22,66.472,53.9,1533.7,85.939
9/30/19 12:22,66.472,53.8,1531.2,85.939
9/30/19 12:22,66.472,53.7,1533.7,85.939
9/30/19 12:22,66.472,53.7,1533.7,85.939
9/30/19 12:22,66.472,53.5,1531.2,85.939
9/30/19 12:22,66.472,53.5,1531.2,85.939
9/30/19 12:22,66.429,53.5,1528.7,85.939
9/30/19 12:22,66.472,53.4,1528.7,85.939
9/30/19 12:22,66.472,53.4,1528.7,85.939
9/30/19 12:23,66.472,53.4,1528.7,85.939
9/30/19 12:23,66.472,53.4,1528.7,85.939
9/30/19 12:23,66.472,53.5,1531.2,85.939
9/30/19 12:23,66.472,53.4,1533.7,85.939
9/30/19 12:23,66.429,53.5,1531.2,85.939
9/30/19 12:23,66.472,53.5,1528.7,85.939
9/30/19 12:23,66.472,53.5,1528.7,85.939
9/30/19 12:23,66.472,53.5,1526.2,85.939
9/30/19 12:23,66.472,53.5,1528.7,85.939
9/30/19 12:23,66.429,53.4,1528.7,85.939
9/30/19 12:23,66.429,53.3,1526.2,85.939
9/30/19 12:23,66.429,53.3,1528.7,85.939
9/30/19 12:23,66.429,53.2,1526.2,85.939
9/30/19 12:23,66.472,53.2,1531.2,85.939
9/30/19 12:23,66.429,53.2,1528.7,85.939
9/30/19 12:23,66.429,53.2,1531.2,85.939
9/30/19 12:23,66.429,53.2,1528.7,85.939
9/30/19 12:23,66.429,53.2,1528.7,85.939
9/30/19 12:23,66.429,53.2,1528.7,85.939
9/30/19 12:23,66.429,53.1,1528.7,85.939
9/30/19 12:23,66.429,53.1,1528.7,85.939
9/30/19 12:23,66.429,53,1528.7,85.939
9/30/19 12:23,66.429,52.9,1528.7,85.939
9/30/19 12:23,66.429,52.8,1528.7,85.939
9/30/19 12:23,66.429,52.8,1526.2,85.939
9/30/19 12:23,66.429,52.7,1526.2,85.939
9/30/19 12:23,66.429,52.8,1528.7,85.939
9/30/19 12:23,66.385,52.8,1528.7,85.939
9/30/19 12:23,66.429,52.7,1526.2,85.939
9/30/19 12:23,66.385,52.8,1526.2,85.939
9/30/19 12:23,66.385,52.9,1528.7,85.939
9/30/19 12:23,66.385,52.9,1528.7,85.939
9/30/19 12:23,66.385,52.9,1528.7,85.939
9/30/19 12:23,66.385,52.9,1528.7,85.939
9/30/19 12:23,66.385,52.8,1526.2,85.939
9/30/19 12:23,66.385,52.8,1526.2,85.939
9/30/19 12:23,66.385,52.8,1528.7,85.939
9/30/19 12:23,66.385,52.8,1528.7,85.939
9/30/19 12:23,66.385,52.8,1528.7,85.939
9/30/19 12:23,66.385,52.9,1526.2,85.939
9/30/19 12:23,66.385,53,1526.2,85.939
9/30/19 12:23,66.385,53.1,1526.2,85.939
9/30/19 12:23,66.385,53.2,1523.7,85.939
9/30/19 12:23,66.385,53.2,1526.2,85.939
9/30/19 12:23,66.385,53.4,1528.7,85.939
9/30/19 12:23,66.385,53.3,1526.2,85.939
9/30/19 12:23,66.385,53.3,1526.2,85.939
9/30/19 12:23,66.385,53.3,1526.2,85.939
9/30/19 12:23,66.385,53.4,1526.2,85.939
9/30/19 12:23,66.385,53.4,1526.2,85.939
9/30/19 12:23,66.385,53.4,1523.7,85.939
9/30/19 12:23,66.385,53.4,1526.2,85.939
9/30/19 12:23,66.385,53.4,1526.2,85.939
9/30/19 12:23,66.429,53.4,1526.2,85.939
9/30/19 12:23,66.429,53.4,1526.2,85.939
9/30/19 12:23,66.429,53.4,1526.2,85.939
9/30/19 12:23,66.429,53.4,1526.2,85.939
9/30/19 12:23,66.429,53.4,1523.7,85.984
9/30/19 12:23,66.429,53.4,1528.7,85.939
9/30/19 12:23,66.472,53.4,1528.7,85.939
9/30/19 12:24,66.472,53.4,1526.2,85.984
9/30/19 12:24,66.472,53.4,1523.7,85.984
9/30/19 12:24,66.472,53.5,1526.2,85.939
9/30/19 12:24,66.515,53.5,1523.7,85.984
9/30/19 12:24,66.515,53.5,1523.7,85.984
9/30/19 12:24,66.515,53.6,1523.7,85.984
9/30/19 12:24,66.515,53.6,1528.7,85.984
9/30/19 12:24,66.558,53.7,1521.2,85.984
9/30/19 12:24,66.558,53.8,1528.7,85.984
9/30/19 12:24,66.558,53.9,1526.2,85.939
9/30/19 12:24,66.6,53.9,1526.2,85.984
9/30/19 12:24,66.6,53.9,1531.2,85.984
9/30/19 12:24,66.6,54,1523.7,85.984
9/30/19 12:24,66.643,54,1528.7,85.984
9/30/19 12:24,66.643,54.1,1528.7,85.984
9/30/19 12:24,66.643,54.1,1528.7,85.984
9/30/19 12:24,66.686,54.1,1526.2,85.984
9/30/19 12:24,66.686,54.1,1528.7,85.984
9/30/19 12:24,66.729,54.1,1526.2,85.984
9/30/19 12:24,66.729,54,1526.2,85.984
9/30/19 12:24,66.729,54,1526.2,85.984
9/30/19 12:24,66.772,53.9,1528.7,85.984
9/30/19 12:24,66.772,53.9,1523.7,85.984
9/30/19 12:24,66.772,53.9,1526.2,85.984
9/30/19 12:24,66.772,53.8,1526.2,85.984
9/30/19 12:24,66.814,53.8,1528.7,85.984
9/30/19 12:24,66.814,53.7,1523.7,85.984
9/30/19 12:24,66.814,53.7,1526.2,85.984
9/30/19 12:24,66.857,53.6,1523.7,85.984
9/30/19 12:24,66.857,53.5,1526.2,85.984
9/30/19 12:24,66.857,53.5,1526.2,85.984
9/30/19 12:24,66.857,53.4,1526.2,85.984
9/30/19 12:24,66.857,53.4,1526.2,85.984
9/30/19 12:24,66.9,53.3,1528.7,85.984
9/30/19 12:24,66.9,53.3,1526.2,85.984
9/30/19 12:24,66.9,53.4,1528.7,85.984
9/30/19 12:24,66.9,53.3,1526.2,85.984
9/30/19 12:24,66.9,53.3,1526.2,85.984
9/30/19 12:24,66.9,53.3,1526.2,85.984
9/30/19 12:24,66.9,53.3,1528.7,85.984
9/30/19 12:24,66.943,53.3,1526.2,85.984
9/30/19 12:24,66.943,53.3,1526.2,85.984
9/30/19 12:24,66.943,53.3,1526.2,85.984
9/30/19 12:24,66.943,53.3,1528.7,85.984
9/30/19 12:24,66.943,53.3,1526.2,85.984
9/30/19 12:24,66.943,53.3,1528.7,85.984
9/30/19 12:24,66.985,53.3,1528.7,85.984
9/30/19 12:24,66.985,53.4,1526.2,85.984
9/30/19 12:24,66.985,53.3,1528.7,85.984
9/30/19 12:24,66.985,53.3,1531.2,85.984
9/30/19 12:24,67.028,53.3,1533.7,85.984
9/30/19 12:24,67.028,53.4,1528.7,85.984
9/30/19 12:24,67.028,53.4,1523.7,85.984
9/30/19 12:24,67.028,53.5,1526.2,85.984
9/30/19 12:24,67.028,53.5,1531.2,85.984
9/30/19 12:24,67.071,53.5,1523.7,85.984
9/30/19 12:24,67.071,53.5,1531.2,85.984
9/30/19 12:24,67.071,53.5,1523.7,85.984
9/30/19 12:24,67.071,53.6,1526.2,85.984
9/30/19 12:24,67.114,53.6,1526.2,85.984
9/30/19 12:25,67.114,53.5,1528.7,85.984
9/30/19 12:25,67.114,53.5,1528.7,85.984
9/30/19 12:25,67.114,53.5,1531.2,85.984
9/30/19 12:25,67.114,53.5,1526.2,85.984
9/30/19 12:25,67.114,53.4,1528.7,85.984
9/30/19 12:25,67.114,53.4,1526.2,85.984
9/30/19 12:25,67.114,53.3,1531.2,85.984
9/30/19 12:25,67.114,53.2,1528.7,85.984
9/30/19 12:25,67.114,53.1,1528.7,85.984
9/30/19 12:25,67.114,53,1528.7,85.984
9/30/19 12:25,67.114,53,1528.7,85.984
9/30/19 12:25,67.114,52.9,1526.2,85.984
9/30/19 12:25,67.114,52.8,1526.2,85.984
9/30/19 12:25,67.114,52.8,1531.2,85.984
9/30/19 12:25,67.114,52.7,1528.7,85.984
9/30/19 12:25,67.114,52.6,1526.2,85.984
9/30/19 12:25,67.114,52.5,1526.2,85.984
9/30/19 12:25,67.114,52.4,1528.7,85.984
9/30/19 12:25,67.114,52.3,1528.7,85.984
9/30/19 12:25,67.071,52.3,1528.7,85.984
9/30/19 12:25,67.071,52.2,1528.7,85.984
9/30/19 12:25,67.071,52.2,1528.7,85.984
9/30/19 12:25,67.071,52.1,1528.7,85.984
9/30/19 12:25,67.071,52.1,1526.2,85.984
9/30/19 12:25,67.071,52,1528.7,85.984
9/30/19 12:25,67.071,52,1528.7,85.984
9/30/19 12:25,67.028,52,1528.7,85.984
9/30/19 12:25,67.071,51.9,1528.7,85.984
9/30/19 12:25,67.028,51.9,1528.7,85.984
9/30/19 12:25,67.028,51.9,1528.7,85.984
9/30/19 12:25,67.028,51.9,1528.7,85.984
9/30/19 12:25,67.028,51.9,1528.7,85.984
9/30/19 12:25,67.028,51.9,1526.2,85.984
9/30/19 12:25,67.028,51.8,1528.7,85.984
9/30/19 12:25,67.028,51.8,1531.2,85.984
9/30/19 12:25,67.028,51.8,1528.7,85.984
9/30/19 12:25,67.028,51.8,1531.2,85.984
9/30/19 12:25,67.028,51.8,1531.2,85.984
9/30/19 12:25,66.985,51.8,1531.2,85.984
9/30/19 12:25,67.028,51.8,1531.2,85.984
9/30/19 12:25,66.985,51.8,1533.7,85.984
9/30/19 12:25,67.028,51.9,1531.2,85.984
9/30/19 12:25,66.985,51.9,1533.7,85.984
9/30/19 12:25,67.028,51.9,1533.7,85.984
9/30/19 12:25,67.028,51.9,1533.7,85.984
9/30/19 12:25,66.985,51.9,1531.2,85.984
9/30/19 12:25,66.985,51.8,1531.2,85.984
9/30/19 12:25,66.985,51.8,1533.7,85.984
9/30/19 12:25,66.985,51.7,1531.2,85.984
9/30/19 12:25,66.985,51.6,1531.2,85.984
9/30/19 12:25,66.985,51.6,1533.7,85.984
9/30/19 12:25,66.985,51.6,1533.7,85.984
9/30/19 12:25,66.985,51.5,1533.7,85.984
9/30/19 12:25,66.985,51.4,1533.7,85.984
9/30/19 12:25,66.943,51.3,1531.2,85.984
9/30/19 12:25,66.943,51.2,1536.2,85.984
9/30/19 12:25,66.943,51.1,1533.7,85.984
9/30/19 12:25,66.943,51.1,1533.7,85.984
9/30/19 12:25,66.943,51,1533.7,85.984
9/30/19 12:25,66.943,50.9,1533.7,85.984
9/30/19 12:26,66.9,51,1533.7,85.984
9/30/19 12:26,66.9,51,1533.7,86.029
9/30/19 12:26,66.9,50.9,1536.2,85.984
9/30/19 12:26,66.9,50.8,1536.2,86.029
9/30/19 12:26,66.9,50.8,1536.2,86.029
9/30/19 12:26,66.9,50.8,1536.2,86.029
9/30/19 12:26,66.9,50.8,1536.2,86.029
9/30/19 12:26,66.9,50.7,1536.2,86.029
9/30/19 12:26,66.9,50.7,1536.2,86.029
9/30/19 12:26,66.9,50.7,1536.2,86.029
9/30/19 12:26,66.9,50.7,1536.2,86.029
9/30/19 12:26,66.9,50.6,1536.2,86.029
9/30/19 12:26,66.9,50.5,1538.7,86.029
9/30/19 12:26,66.9,50.5,1536.2,86.029
9/30/19 12:26,66.9,50.4,1538.7,86.029
9/30/19 12:26,66.9,50.4,1541.2,86.029
9/30/19 12:26,66.9,50.4,1536.2,86.029
9/30/19 12:26,66.9,50.3,1538.7,86.029
9/30/19 12:26,66.9,50.3,1536.2,86.029
9/30/19 12:26,66.9,50.3,1543.7,86.029
9/30/19 12:26,66.9,50.3,1538.7,86.029
9/30/19 12:26,66.9,50.3,1541.2,86.029
9/30/19 12:26,66.9,50.3,1538.7,86.029
9/30/19 12:26,66.9,50.4,1541.2,86.029
9/30/19 12:26,66.9,50.3,1538.7,86.029
9/30/19 12:26,66.9,50.3,1541.2,86.029
9/30/19 12:26,66.9,50.4,1541.2,86.029
9/30/19 12:26,66.9,50.4,1541.2,86.029
9/30/19 12:26,66.9,50.5,1543.7,86.029
9/30/19 12:26,66.9,50.6,1541.2,86.029
9/30/19 12:26,66.9,50.7,1541.2,86.029
9/30/19 12:26,66.9,50.9,1543.7,86.029
9/30/19 12:26,66.9,50.9,1546.2,86.029
9/30/19 12:26,66.9,51,1543.7,86.029
9/30/19 12:26,66.9,51.1,1543.7,86.029
9/30/19 12:26,66.9,51.1,1543.7,86.029
9/30/19 12:26,66.9,51.2,1543.7,86.029
9/30/19 12:26,66.9,51.3,1543.7,86.029
9/30/19 12:26,66.9,51.3,1546.2,86.029
9/30/19 12:26,66.9,51.4,1546.2,86.029
9/30/19 12:26,66.9,51.4,1541.2,86.029
9/30/19 12:26,66.9,51.5,1543.7,86.029
9/30/19 12:26,66.9,51.6,1546.2,85.622
9/30/19 12:26,66.9,51.6,1546.2,85.622
9/30/19 12:26,66.9,51.6,1541.2,85.622
9/30/19 12:26,66.9,51.6,1546.2,85.622
9/30/19 12:26,66.9,51.7,1546.2,85.622
9/30/19 12:26,66.9,51.8,1548.7,85.622
9/30/19 12:26,66.9,51.9,1546.2,85.622
9/30/19 12:26,66.9,51.9,1546.2,85.622
9/30/19 12:26,66.943,51.9,1546.2,85.622
9/30/19 12:26,66.943,51.9,1546.2,85.622
9/30/19 12:26,66.943,51.8,1548.7,85.622
9/30/19 12:26,66.943,51.7,1551.2,85.622
9/30/19 12:26,66.943,51.6,1551.2,85.622
9/30/19 12:26,66.943,51.6,1548.7,85.622
9/30/19 12:26,66.943,51.5,1548.7,85.622
9/30/19 12:26,66.943,51.4,1553.7,85.622
9/30/19 12:26,66.943,51.3,1546.2,85.622
9/30/19 12:26,66.943,51.3,1548.7,85.622
9/30/19 12:27,66.943,51.2,1548.7,85.622
9/30/19 12:27,66.943,51.2,1551.2,85.622
9/30/19 12:27,66.943,51.1,1553.7,85.622
9/30/19 12:27,66.9,51.1,1551.2,85.622
9/30/19 12:27,66.9,51.1,1548.7,85.622
9/30/19 12:27,66.9,51.1,1551.2,85.622
9/30/19 12:27,66.9,51.1,1551.2,85.622
9/30/19 12:27,66.9,51.1,1553.7,85.622
9/30/19 12:27,66.9,51.2,1551.2,85.622
9/30/19 12:27,66.9,51.4,1553.7,85.622
9/30/19 12:27,66.9,51.5,1551.2,85.622
9/30/19 12:27,66.9,51.6,1553.7,85.622
9/30/19 12:27,66.9,51.7,1553.7,85.622
9/30/19 12:27,66.9,51.8,1553.7,85.622
9/30/19 12:27,66.9,51.9,1556.2,85.622
9/30/19 12:27,66.9,51.9,1556.2,85.622
9/30/19 12:27,66.9,52,1556.2,85.622
9/30/19 12:27,66.9,52,1553.7,85.622
9/30/19 12:27,66.9,52.1,1558.7,85.622
9/30/19 12:27,66.9,52.1,1558.7,85.622
9/30/19 12:27,66.9,52.2,1553.7,85.622
9/30/19 12:27,66.9,52.2,1558.7,85.622
9/30/19 12:27,66.9,52.3,1558.7,85.622
9/30/19 12:27,66.9,52.3,1558.7,85.622
9/30/19 12:27,66.9,52.4,1556.2,85.622
9/30/19 12:27,66.943,52.5,1556.2,85.622
9/30/19 12:27,66.943,52.6,1558.7,85.622
9/30/19 12:27,66.943,52.7,1558.7,85.622
9/30/19 12:27,66.943,52.8,1558.7,85.622
9/30/19 12:27,66.943,52.8,1558.7,85.622
9/30/19 12:27,66.943,52.8,1558.7,85.622
9/30/19 12:27,66.943,52.9,1556.2,85.622
9/30/19 12:27,66.943,52.8,1558.7,85.622
9/30/19 12:27,66.985,52.6,1561.2,85.622
9/30/19 12:27,66.985,52.5,1561.2,85.622
9/30/19 12:27,66.943,52.3,1561.2,85.622
9/30/19 12:27,66.985,52.2,1561.2,85.622
9/30/19 12:27,66.985,52.2,1561.2,85.622
9/30/19 12:27,66.985,52.1,1561.2,85.622
9/30/19 12:27,66.985,52,1563.7,85.622
9/30/19 12:27,66.985,51.9,1563.7,85.622
9/30/19 12:27,66.943,51.9,1563.7,85.622
9/30/19 12:27,66.985,51.8,1563.7,85.622
9/30/19 12:27,66.943,51.7,1563.7,85.622
9/30/19 12:27,66.943,51.6,1563.7,85.622
9/30/19 12:27,66.943,51.6,1566.2,85.622
9/30/19 12:27,66.943,51.6,1563.7,85.622
9/30/19 12:27,66.943,51.5,1566.2,85.622
9/30/19 12:27,66.943,51.5,1566.2,85.622
9/30/19 12:27,66.943,51.4,1566.2,85.622
9/30/19 12:27,66.9,51.4,1566.2,85.622
9/30/19 12:27,66.9,51.3,1563.7,85.622
9/30/19 12:27,66.9,51.3,1566.2,85.622
9/30/19 12:27,66.9,51.3,1568.7,85.622
9/30/19 12:27,66.9,51.3,1568.7,85.622
9/30/19 12:27,66.9,51.4,1566.2,85.622
9/30/19 12:27,66.857,51.4,1566.2,85.622
9/30/19 12:27,66.857,51.4,1568.7,85.622
9/30/19 12:27,66.857,51.4,1568.7,85.622
9/30/19 12:27,66.857,51.4,1568.7,85.622
9/30/19 12:28,66.857,51.4,1568.7,85.622
9/30/19 12:28,66.814,51.3,1571.2,85.622
9/30/19 12:28,66.814,51.3,1571.2,85.622
9/30/19 12:28,66.814,51.3,1573.7,85.622
9/30/19 12:28,66.814,51.2,1571.2,85.622
9/30/19 12:28,66.814,51.2,1573.7,85.622
9/30/19 12:28,66.814,51.2,1571.2,85.622
9/30/19 12:28,66.814,51.2,1573.7,85.622
9/30/19 12:28,66.772,51.3,1571.2,85.622
9/30/19 12:28,66.772,51.3,1573.7,85.622
9/30/19 12:28,66.772,51.4,1573.7,85.622
9/30/19 12:28,66.772,51.4,1573.7,85.622
9/30/19 12:28,66.772,51.4,1573.7,85.622
9/30/19 12:28,66.772,51.4,1576.2,85.622
9/30/19 12:28,66.729,51.4,1573.7,85.622
9/30/19 12:28,66.729,51.4,1576.2,85.622
9/30/19 12:28,66.729,51.4,1576.2,85.622
9/30/19 12:28,66.729,51.4,1573.7,85.577
9/30/19 12:28,66.729,51.4,1578.7,85.622
9/30/19 12:28,66.729,51.4,1578.7,85.622
9/30/19 12:28,66.729,51.4,1578.7,85.577
9/30/19 12:28,66.686,51.4,1578.7,85.577
9/30/19 12:28,66.686,51.4,1578.7,85.577
9/30/19 12:28,66.686,51.4,1578.7,85.577
9/30/19 12:28,66.686,51.4,1578.7,85.577
9/30/19 12:28,66.686,51.5,1578.7,85.577
9/30/19 12:28,66.686,51.5,1581.2,85.577
9/30/19 12:28,66.643,51.5,1581.2,85.577
9/30/19 12:28,66.643,51.5,1581.2,85.577
9/30/19 12:28,66.643,51.5,1578.7,85.577
9/30/19 12:28,66.643,51.5,1583.7,85.577
9/30/19 12:28,66.643,51.5,1581.2,85.577
9/30/19 12:28,66.643,51.6,1583.7,85.577
9/30/19 12:28,66.643,51.6,1583.7,85.577
9/30/19 12:28,66.643,51.6,1581.2,85.577
9/30/19 12:28,66.6,51.6,1586.2,85.577
9/30/19 12:28,66.6,51.6,1583.7,85.577
9/30/19 12:28,66.6,51.6,1583.7,85.577
9/30/19 12:28,66.6,51.6,1583.7,85.577
9/30/19 12:28,66.6,51.5,1581.2,85.622
9/30/19 12:28,66.6,51.6,1586.2,85.577
9/30/19 12:28,66.6,51.6,1586.2,85.577
9/30/19 12:28,66.6,51.6,1588.7,85.577
9/30/19 12:28,66.6,51.6,1586.2,85.577
9/30/19 12:28,66.6,51.6,1586.2,85.577
9/30/19 12:28,66.6,51.7,1586.2,85.577
9/30/19 12:28,66.6,51.7,1588.7,85.577
9/30/19 12:28,66.6,51.8,1588.7,85.577
9/30/19 12:28,66.6,51.8,1591.2,85.577
9/30/19 12:28,66.6,51.8,1588.7,85.577
9/30/19 12:28,66.6,51.8,1588.7,85.577
9/30/19 12:28,66.6,51.9,1591.2,85.577
9/30/19 12:28,66.6,51.9,1591.2,85.577
9/30/19 12:28,66.6,52,1591.2,85.577
9/30/19 12:28,66.6,52,1591.2,85.577
9/30/19 12:28,66.6,52.1,1593.7,85.577
9/30/19 12:28,66.6,52.1,1593.7,85.577
9/30/19 12:28,66.6,52.1,1593.7,85.577
9/30/19 12:28,66.6,52,1591.2,85.577
9/30/19 12:28,66.6,51.9,1593.7,85.577
9/30/19 12:29,66.6,51.9,1598.7,85.577
9/30/19 12:29,66.6,51.8,1596.2,85.577
9/30/19 12:29,66.6,51.7,1593.7,85.577
9/30/19 12:29,66.6,51.6,1598.7,85.577
9/30/19 12:29,66.6,51.5,1598.7,85.577
9/30/19 12:29,66.6,51.5,1598.7,85.622
9/30/19 12:29,66.6,51.5,1598.7,85.577
9/30/19 12:29,66.6,51.5,1598.7,85.577
9/30/19 12:29,66.6,51.7,1598.7,85.577
9/30/19 12:29,66.6,51.8,1598.7,85.577
9/30/19 12:29,66.558,52,1603.7,85.577
9/30/19 12:29,66.6,52.1,1601.2,85.577
9/30/19 12:29,66.6,52.3,1598.7,85.577
9/30/19 12:29,66.558,52.5,1603.7,85.577
9/30/19 12:29,66.6,52.5,1603.7,85.622
9/30/19 12:29,66.6,52.7,1601.2,85.577
9/30/19 12:29,66.6,52.7,1603.7,85.577
9/30/19 12:29,66.6,52.9,1606.2,85.577
9/30/19 12:29,66.6,53,1606.2,85.577
9/30/19 12:29,66.6,53.2,1603.7,85.577
9/30/19 12:29,66.6,53.4,1606.2,85.577
9/30/19 12:29,66.6,53.5,1606.2,85.622
9/30/19 12:29,66.6,53.6,1606.2,85.577
9/30/19 12:29,66.643,53.7,1606.2,85.622
9/30/19 12:29,66.643,53.7,1608.7,85.577
9/30/19 12:29,66.643,53.7,1606.2,85.577
9/30/19 12:29,66.643,53.6,1608.7,85.577
9/30/19 12:29,66.643,53.5,1606.2,85.577
9/30/19 12:29,66.643,53.4,1611.2,85.577
9/30/19 12:29,66.686,53.3,1611.2,85.622
9/30/19 12:29,66.686,53.3,1613.7,85.577
9/30/19 12:29,66.686,53.2,1613.7,85.577
9/30/19 12:29,66.686,53.1,1613.7,85.622
9/30/19 12:29,66.686,53,1613.7,85.577
9/30/19 12:29,66.686,52.9,1616.2,85.577
9/30/19 12:29,66.686,52.8,1616.2,85.622
9/30/19 12:29,66.686,52.8,1613.7,85.622
9/30/19 12:29,66.686,52.6,1616.2,85.622
9/30/19 12:29,66.686,52.5,1616.2,85.622
9/30/19 12:29,66.686,52.3,1616.2,85.622
9/30/19 12:29,66.686,52.2,1616.2,85.622
9/30/19 12:29,66.686,52.1,1618.7,85.622
9/30/19 12:29,66.686,52,1618.7,85.577
9/30/19 12:29,66.643,51.9,1618.7,85.622
9/30/19 12:29,66.643,51.9,1618.7,85.622
9/30/19 12:29,66.643,51.8,1621.2,85.622
9/30/19 12:29,66.643,51.8,1621.2,85.622
9/30/19 12:29,66.643,51.7,1621.2,85.622
9/30/19 12:29,66.643,51.7,1621.2,85.622
9/30/19 12:29,66.6,51.6,1621.2,85.622
9/30/19 12:29,66.6,51.5,1621.2,85.622
9/30/19 12:29,66.6,51.5,1623.7,85.622
9/30/19 12:29,66.6,51.5,1623.7,85.622
9/30/19 12:29,66.6,51.5,1623.7,85.622
9/30/19 12:29,66.6,51.4,1623.7,85.622
9/30/19 12:29,66.558,51.4,1626.2,85.622
9/30/19 12:29,66.558,51.4,1628.7,85.622
9/30/19 12:29,66.558,51.3,1626.2,85.622
9/30/19 12:29,66.558,51.3,1626.2,85.622
9/30/19 12:29,66.558,51.3,1626.2,85.622
9/30/19 12:30,66.558,51.3,1631.2,85.622
9/30/19 12:30,66.558,51.3,1631.2,85.622
9/30/19 12:30,66.515,51.3,1631.2,85.622
9/30/19 12:30,66.515,51.3,1631.2,85.622
9/30/19 12:30,66.515,51.4,1631.2,85.622
9/30/19 12:30,66.515,51.4,1633.7,85.622
9/30/19 12:30,66.515,51.4,1633.7,85.622
9/30/19 12:30,66.515,51.4,1633.7,85.622
9/30/19 12:30,66.515,51.5,1631.2,85.622
9/30/19 12:30,66.472,51.5,1633.7,85.622
9/30/19 12:30,66.472,51.5,1636.2,85.622
9/30/19 12:30,66.472,51.5,1636.2,85.622
9/30/19 12:30,66.472,51.6,1641.2,85.622
9/30/19 12:30,66.472,51.6,1638.7,85.622
9/30/19 12:30,66.472,51.7,1638.7,85.622
9/30/19 12:30,66.472,51.8,1638.7,85.622
9/30/19 12:30,66.472,51.8,1638.7,85.622
9/30/19 12:30,66.472,51.8,1641.2,85.622
9/30/19 12:30,66.472,51.9,1643.7,85.622
9/30/19 12:30,66.472,51.9,1643.7,85.622
9/30/19 12:30,66.472,51.9,1643.7,85.622
9/30/19 12:30,66.472,51.9,1643.7,85.622
9/30/19 12:30,66.472,51.9,1643.7,85.622
9/30/19 12:30,66.472,51.9,1648.7,85.622
9/30/19 12:30,66.472,51.9,1646.2,85.622
9/30/19 12:30,66.472,51.9,1646.2,85.622
9/30/19 12:30,66.472,51.9,1648.7,85.622
9/30/19 12:30,66.472,51.9,1648.7,85.622
9/30/19 12:30,66.472,51.8,1651.2,85.622
9/30/19 12:30,66.472,51.8,1651.2,85.622
9/30/19 12:30,66.472,51.8,1653.7,85.622
9/30/19 12:30,66.472,51.8,1653.7,85.622
9/30/19 12:30,66.472,51.8,1653.7,85.622
9/30/19 12:30,66.472,51.8,1653.7,85.622
9/30/19 12:30,66.472,51.8,1653.7,85.622
9/30/19 12:30,66.472,51.8,1658.7,85.622
9/30/19 12:30,66.472,51.9,1656.2,85.622
9/30/19 12:30,66.472,51.9,1656.2,85.622
9/30/19 12:30,66.429,51.9,1658.7,85.622
9/30/19 12:30,66.429,51.9,1661.2,85.622
9/30/19 12:30,66.429,51.9,1658.7,85.622
9/30/19 12:30,66.429,51.9,1661.2,85.622
9/30/19 12:30,66.429,52,1661.2,85.622
9/30/19 12:30,66.429,52,1658.7,85.622
9/30/19 12:30,66.429,52.1,1661.2,85.622
9/30/19 12:30,66.429,52.1,1661.2,85.622
9/30/19 12:30,66.429,52.1,1661.2,85.622
9/30/19 12:30,66.429,52.2,1663.7,85.622
9/30/19 12:30,66.429,52.2,1663.7,85.667
9/30/19 12:30,66.429,52.2,1663.7,85.667
9/30/19 12:30,66.429,52.3,1663.7,85.622
9/30/19 12:30,66.429,52.4,1663.7,85.667
9/30/19 12:30,66.429,52.5,1666.2,85.667
9/30/19 12:30,66.429,52.6,1666.2,85.667
9/30/19 12:30,66.429,52.7,1666.2,85.667
9/30/19 12:30,66.429,52.8,1666.2,85.667
9/30/19 12:30,66.429,52.8,1668.7,85.667
9/30/19 12:30,66.429,52.7,1671.2,85.667
9/30/19 12:30,66.472,52.7,1668.7,85.667
9/30/19 12:30,66.429,52.6,1671.2,85.667
9/30/19 12:31,66.472,52.6,1673.7,85.667
9/30/19 12:31,66.472,52.5,1673.7,85.667
9/30/19 12:31,66.472,52.4,1673.7,85.667
9/30/19 12:31,66.472,52.4,1676.2,85.667
9/30/19 12:31,66.472,52.4,1676.2,85.667
9/30/19 12:31,66.472,52.5,1676.2,85.667
9/30/19 12:31,66.472,52.5,1678.7,85.667
9/30/19 12:31,66.472,52.5,1676.2,85.667
9/30/19 12:31,66.472,52.6,1678.7,85.712
9/30/19 12:31,66.515,52.6,1683.7,85.667
9/30/19 12:31,66.515,52.7,1681.2,85.712
9/30/19 12:31,66.515,52.7,1683.7,85.712
9/30/19 12:31,66.515,52.7,1681.2,85.712
9/30/19 12:31,66.515,52.7,1683.7,85.712
9/30/19 12:31,66.515,52.8,1683.7,85.712
9/30/19 12:31,66.558,52.8,1683.7,85.712
9/30/19 12:31,66.558,52.8,1686.2,85.712
9/30/19 12:31,66.558,52.7,1686.2,85.712
9/30/19 12:31,66.558,52.7,1683.7,85.712
9/30/19 12:31,66.558,52.7,1691.2,85.712
9/30/19 12:31,66.6,52.7,1686.2,85.712
9/30/19 12:31,66.6,52.7,1691.2,85.712
9/30/19 12:31,66.6,52.8,1693.7,85.712
9/30/19 12:31,66.6,52.8,1688.7,85.712
9/30/19 12:31,66.6,52.8,1693.7,85.712
9/30/19 12:31,66.643,52.7,1693.7,85.712
9/30/19 12:31,66.643,52.8,1693.7,85.712
9/30/19 12:31,66.643,52.8,1696.2,85.712
9/30/19 12:31,66.643,52.7,1693.7,85.712
9/30/19 12:31,66.643,52.8,1693.7,85.712
9/30/19 12:31,66.643,52.7,1696.2,85.712
9/30/19 12:31,66.643,52.6,1693.7,85.712
9/30/19 12:31,66.643,52.5,1696.2,85.712
9/30/19 12:31,66.686,52.4,1698.7,85.757
9/30/19 12:31,66.643,52.4,1703.7,85.757
9/30/19 12:31,66.686,52.3,1706.2,85.757
9/30/19 12:31,66.686,52.4,1708.7,85.757
9/30/19 12:31,66.686,52.5,1703.7,85.757
9/30/19 12:31,66.686,52.6,1708.7,85.757
9/30/19 12:31,66.686,52.8,1708.7,85.757
9/30/19 12:31,66.686,52.8,1706.2,85.757
9/30/19 12:31,66.686,52.8,1706.2,85.757
9/30/19 12:31,66.686,52.8,1703.7,85.757
9/30/19 12:31,66.686,52.7,1706.2,85.757
9/30/19 12:31,66.686,52.8,1701.2,85.757
9/30/19 12:31,66.686,52.6,1696.2,85.757
9/30/19 12:31,66.686,52.5,1693.7,85.757
9/30/19 12:31,66.729,52.3,1688.7,85.757
9/30/19 12:31,66.686,52.2,1683.7,85.757
9/30/19 12:31,66.729,52.1,1686.2,85.757
9/30/19 12:31,66.729,51.9,1691.2,85.757
9/30/19 12:31,66.686,51.7,1696.2,85.757
9/30/19 12:31,66.729,51.6,1698.7,85.757
9/30/19 12:31,66.686,51.4,1701.2,85.802
9/30/19 12:31,66.686,51.2,1703.7,85.757
9/30/19 12:31,66.686,51.1,1703.7,85.802
9/30/19 12:31,66.686,50.9,1701.2,85.802
9/30/19 12:31,66.686,50.9,1701.2,85.802
9/30/19 12:31,66.643,50.8,1703.7,85.802
9/30/19 12:31,66.643,50.8,1703.7,85.802
9/30/19 12:32,66.643,50.7,1701.2,85.802
9/30/19 12:32,66.643,50.7,1701.2,85.802
9/30/19 12:32,66.643,50.8,1703.7,85.802
9/30/19 12:32,66.643,50.8,1706.2,85.802
9/30/19 12:32,66.6,50.8,1716.2,85.802
9/30/19 12:32,66.6,50.8,1716.2,85.802
9/30/19 12:32,66.6,50.8,1718.7,85.802
9/30/19 12:32,66.6,50.8,1716.2,85.802
9/30/19 12:32,66.6,50.8,1716.2,85.802
9/30/19 12:32,66.6,50.8,1711.2,85.802
9/30/19 12:32,66.6,50.9,1698.7,85.802
9/30/19 12:32,66.6,50.9,1683.7,85.802
9/30/19 12:32,66.558,51,1673.7,85.802
9/30/19 12:32,66.558,51.1,1661.2,85.802
9/30/19 12:32,66.558,51.2,1648.7,85.802
9/30/19 12:32,66.558,51.4,1643.7,85.802
9/30/19 12:32,66.558,51.4,1638.7,85.802
9/30/19 12:32,66.558,51.4,1641.2,85.802
9/30/19 12:32,66.558,51.5,1646.2,85.802
9/30/19 12:32,66.558,51.5,1656.2,85.849
9/30/19 12:32,66.558,51.5,1666.2,85.849
9/30/19 12:32,66.558,51.5,1678.7,85.849
9/30/19 12:32,66.558,51.5,1686.2,85.849
9/30/19 12:32,66.558,51.4,1688.7,85.849
9/30/19 12:32,66.558,51.4,1686.2,85.849
9/30/19 12:32,66.558,51.4,1676.2,85.849
9/30/19 12:32,66.558,51.3,1666.2,85.849
9/30/19 12:32,66.558,51.3,1656.2,85.849
9/30/19 12:32,66.558,51.2,1648.7,85.849
9/30/19 12:32,66.558,51.2,1648.7,85.849
9/30/19 12:32,66.558,51.2,1656.2,85.849
9/30/19 12:32,66.558,51.3,1658.7,85.849
9/30/19 12:32,66.558,51.4,1663.7,85.849
9/30/19 12:32,66.558,51.4,1671.2,85.849
9/30/19 12:32,66.558,51.5,1676.2,85.849
9/30/19 12:32,66.558,51.5,1681.2,85.849
9/30/19 12:32,66.558,51.6,1681.2,85.849
9/30/19 12:32,66.558,51.7,1686.2,85.849
9/30/19 12:32,66.558,51.8,1693.7,85.849
9/30/19 12:32,66.558,51.8,1703.7,85.849
9/30/19 12:32,66.558,51.8,1721.2,85.849
9/30/19 12:32,66.558,51.9,1731.2,85.849
9/30/19 12:32,66.558,52,1751.2,85.849
9/30/19 12:32,66.558,52,1758.7,85.849
9/30/19 12:32,66.558,52.1,1763.7,85.849
9/30/19 12:32,66.558,52.1,1763.7,85.849
9/30/19 12:32,66.6,52.1,1758.7,85.849
9/30/19 12:32,66.6,52.1,1761.2,85.849
9/30/19 12:32,66.6,52.2,1768.7,85.849
9/30/19 12:32,66.6,52.3,1776.2,85.894
9/30/19 12:32,66.6,52.5,1781.2,85.894
9/30/19 12:32,66.6,52.8,1786.2,85.894
9/30/19 12:32,66.6,52.9,1786.2,85.894
9/30/19 12:32,66.6,53.2,1791.2,85.894
9/30/19 12:32,66.643,53.3,1788.7,85.894
9/30/19 12:32,66.643,53.5,1791.2,85.894
9/30/19 12:32,66.643,53.7,1796.2,85.894
9/30/19 12:32,66.643,53.9,1791.2,85.894
9/30/19 12:32,66.686,54,1788.7,85.894
9/30/19 12:32,66.686,54.1,1786.2,85.894
9/30/19 12:33,66.729,54.2,1778.7,85.894
9/30/19 12:33,66.729,54.3,1768.7,85.894
9/30/19 12:33,66.729,54.3,1753.7,85.894
9/30/19 12:33,66.772,54.2,1733.7,85.894
9/30/19 12:33,66.772,54.1,1706.2,85.894
9/30/19 12:33,66.772,53.9,1686.2,85.894
9/30/19 12:33,66.814,53.8,1663.7,85.894
9/30/19 12:33,66.814,53.6,1661.2,85.894
9/30/19 12:33,66.814,53.3,1663.7,85.894
9/30/19 12:33,66.857,53.2,1683.7,85.894
9/30/19 12:33,66.857,53,1708.7,85.894
9/30/19 12:33,66.857,52.8,1726.2,85.894
9/30/19 12:33,66.857,52.7,1753.7,85.939
9/30/19 12:33,66.857,52.5,1763.7,85.939
9/30/19 12:33,66.857,52.3,1758.7,85.939
9/30/19 12:33,66.857,52.2,1741.2,85.939
9/30/19 12:33,66.857,52.1,1713.7,85.939
9/30/19 12:33,66.9,52,1681.2,85.939
9/30/19 12:33,66.857,52.1,1656.2,85.939
9/30/19 12:33,66.857,52.1,1631.2,85.939
9/30/19 12:33,66.857,52.1,1611.2,85.939
9/30/19 12:33,66.857,52,1591.2,85.939
9/30/19 12:33,66.857,51.9,1566.2,85.939
9/30/19 12:33,66.857,51.8,1533.7,85.939
9/30/19 12:33,66.857,51.6,1506.2,85.939
9/30/19 12:33,66.857,51.6,1486.2,85.939
9/30/19 12:33,66.857,51.4,1471.2,85.939
9/30/19 12:33,66.857,51.3,1463.7,85.939
9/30/19 12:33,66.857,51.1,1458.7,85.939
9/30/19 12:33,66.857,51.1,1446.2,85.939
9/30/19 12:33,66.857,51,1426.2,85.939
9/30/19 12:33,66.857,50.9,1396.2,85.939
9/30/19 12:33,66.814,50.9,1358.7,85.939
9/30/19 12:33,66.814,51,1326.2,85.939
9/30/19 12:33,66.814,50.9,1306.2,85.984
9/30/19 12:33,66.814,50.8,1303.7,85.984
9/30/19 12:33,66.814,50.7,1311.2,85.939
9/30/19 12:33,66.814,50.7,1328.7,85.984
9/30/19 12:33,66.772,50.6,1351.2,85.984
9/30/19 12:33,66.772,50.6,1376.2,85.984
9/30/19 12:33,66.772,50.6,1398.7,85.984
9/30/19 12:33,66.772,50.7,1421.2,85.984
9/30/19 12:33,66.772,50.8,1438.7,85.984
9/30/19 12:33,66.729,50.8,1451.2,85.984
9/30/19 12:33,66.729,50.9,1461.2,85.984
9/30/19 12:33,66.729,51,1473.7,85.984
9/30/19 12:33,66.729,51,1481.2,85.984
9/30/19 12:33,66.729,51.1,1503.7,85.984
9/30/19 12:33,66.729,51.2,1531.2,85.984
9/30/19 12:33,66.729,51.3,1568.7,85.984
9/30/19 12:33,66.686,51.3,1611.2,85.984
9/30/19 12:33,66.729,51.4,1646.2,85.984
9/30/19 12:33,66.729,51.4,1673.7,85.984
9/30/19 12:33,66.729,51.4,1683.7,85.984
9/30/19 12:33,66.686,51.3,1681.2,85.984
9/30/19 12:33,66.686,51.2,1686.2,85.984
9/30/19 12:33,66.686,51.1,1703.7,85.984
9/30/19 12:33,66.686,51,1736.2,85.984
9/30/19 12:33,66.686,51,1776.2,85.984
9/30/19 12:33,66.686,51,1821.2,85.984
9/30/19 12:34,66.686,51,1851.2,85.984
9/30/19 12:34,66.686,51,1866.2,85.984
9/30/19 12:34,66.686,50.9,1863.7,85.984
9/30/19 12:34,66.643,50.9,1851.2,85.984
9/30/19 12:34,66.643,50.8,1831.2,85.984
9/30/19 12:34,66.643,50.7,1806.2,85.984
9/30/19 12:34,66.643,50.7,1786.2,85.984
9/30/19 12:34,66.643,50.6,1766.2,85.984
9/30/19 12:34,66.643,50.6,1751.2,85.984
9/30/19 12:34,66.643,50.5,1738.7,85.984
9/30/19 12:34,66.643,50.4,1741.2,85.984
9/30/19 12:34,66.643,50.4,1736.2,85.984
9/30/19 12:34,66.6,50.4,1751.2,85.984
9/30/19 12:34,66.6,50.5,1773.7,85.984
9/30/19 12:34,66.6,50.6,1793.7,85.984
9/30/19 12:34,66.6,50.7,1811.2,85.984
9/30/19 12:34,66.6,50.8,1803.7,86.029
9/30/19 12:34,66.6,51,1796.2,85.984
9/30/19 12:34,66.6,51,1761.2,85.984
9/30/19 12:34,66.6,51.2,1721.2,85.984
9/30/19 12:34,66.6,51.4,1683.7,85.984
9/30/19 12:34,66.6,51.5,1656.2,86.029
9/30/19 12:34,66.6,51.8,1626.2,86.029
9/30/19 12:34,66.6,52,1598.7,86.029
9/30/19 12:34,66.6,52.2,1566.2,86.029
9/30/19 12:34,66.6,52.4,1536.2,86.029
9/30/19 12:34,66.6,52.7,1511.2,86.029
9/30/19 12:34,66.6,52.8,1488.7,86.029
9/30/19 12:34,66.643,52.9,1478.7,86.029
9/30/19 12:34,66.643,53.1,1471.2,86.029
9/30/19 12:34,66.643,53.3,1476.2,86.029
9/30/19 12:34,66.643,53.4,1493.7,86.029
9/30/19 12:34,66.686,53.5,1521.2,86.029
9/30/19 12:34,66.686,53.7,1548.7,86.029
9/30/19 12:34,66.686,53.9,1586.2,86.029
9/30/19 12:34,66.729,54,1638.7,86.029
9/30/19 12:34,66.729,54.1,1681.2,86.029
9/30/19 12:34,66.729,54.3,1703.7,86.029
9/30/19 12:34,66.772,54.5,1706.2,86.029
9/30/19 12:34,66.772,54.6,1678.7,86.029
9/30/19 12:34,66.814,54.6,1611.2,86.029
9/30/19 12:34,66.814,54.7,1516.2,86.029
9/30/19 12:34,66.857,54.7,1436.2,86.029
9/30/19 12:34,66.857,54.8,1371.2,86.029
9/30/19 12:34,66.9,54.8,1308.7,86.029
9/30/19 12:34,66.9,54.8,1261.2,86.029
9/30/19 12:34,66.943,54.9,1223.7,86.029
9/30/19 12:34,66.943,55,1193.7,86.029
9/30/19 12:34,66.943,54.9,1171.2,86.029
9/30/19 12:34,66.985,54.8,1156.2,86.029
9/30/19 12:34,66.985,54.7,1151.2,86.074
9/30/19 12:34,67.028,54.6,1146.2,86.074
9/30/19 12:34,67.028,54.5,1143.7,86.029
9/30/19 12:34,67.071,54.4,1146.2,86.029
9/30/19 12:34,67.071,54.3,1153.7,86.074
9/30/19 12:34,67.071,54.2,1163.7,86.029
9/30/19 12:34,67.114,54.1,1173.7,86.029
9/30/19 12:34,67.114,54.1,1186.2,86.074
9/30/19 12:34,67.114,54.2,1203.7,86.074
9/30/19 12:34,67.114,54.3,1216.2,86.074
9/30/19 12:35,67.158,54.3,1228.7,86.074
9/30/19 12:35,67.158,54.4,1246.2,86.074
9/30/19 12:35,67.158,54.5,1263.7,86.074
9/30/19 12:35,67.199,54.4,1283.7,86.029
9/30/19 12:35,67.199,54.6,1308.7,86.074
9/30/19 12:35,67.199,54.6,1333.7,86.074
9/30/19 12:35,67.242,54.8,1358.7,86.074
9/30/19 12:35,67.242,54.9,1378.7,86.029
9/30/19 12:35,67.242,55.1,1388.7,86.074
9/30/19 12:35,67.285,55.1,1393.7,86.074
9/30/19 12:35,67.285,55.2,1396.2,86.074
9/30/19 12:35,67.329,55.2,1393.7,86.074
9/30/19 12:35,67.329,55.1,1388.7,86.029
9/30/19 12:35,67.372,55,1383.7,86.074
9/30/19 12:35,67.372,54.9,1383.7,86.074
9/30/19 12:35,67.372,54.8,1373.7,86.029
9/30/19 12:35,67.372,54.7,1358.7,86.029
9/30/19 12:35,67.413,54.6,1343.7,86.029
9/30/19 12:35,67.413,54.6,1331.2,86.074
9/30/19 12:35,67.413,54.4,1321.2,86.029
9/30/19 12:35,67.413,54.2,1316.2,86.029
9/30/19 12:35,67.456,54,1318.7,86.029
9/30/19 12:35,67.413,53.9,1326.2,86.029
9/30/19 12:35,67.456,53.8,1343.7,86.029
9/30/19 12:35,67.456,53.7,1368.7,86.029
9/30/19 12:35,67.456,53.6,1396.2,86.029
9/30/19 12:35,67.456,53.6,1416.2,86.029
9/30/19 12:35,67.456,53.6,1418.7,86.029
9/30/19 12:35,67.456,53.5,1388.7,86.029
9/30/19 12:35,67.456,53.4,1333.7,86.029
9/30/19 12:35,67.456,53.3,1266.2,86.029
9/30/19 12:35,67.413,53.1,1213.7,86.029
9/30/19 12:35,67.456,52.9,1178.7,86.029
9/30/19 12:35,67.456,52.8,1156.2,86.029
9/30/19 12:35,67.413,52.6,1156.2,86.029
9/30/19 12:35,67.413,52.5,1163.7,86.029
9/30/19 12:35,67.413,52.3,1171.2,86.029
9/30/19 12:35,67.413,52.2,1171.2,86.029
9/30/19 12:35,67.413,52.2,1171.2,86.029
9/30/19 12:35,67.413,52.2,1171.2,86.029
9/30/19 12:35,67.413,52.1,1171.2,86.029
9/30/19 12:35,67.372,52,1168.7,86.029
9/30/19 12:35,67.372,51.9,1161.2,86.029
9/30/19 12:35,67.372,51.8,1156.2,86.029
9/30/19 12:35,67.372,51.7,1151.2,86.029
9/30/19 12:35,67.329,51.7,1151.2,86.029
9/30/19 12:35,67.329,51.7,1161.2,86.029
9/30/19 12:35,67.329,51.7,1178.7,86.029
9/30/19 12:35,67.329,51.8,1201.2,86.029
9/30/19 12:35,67.329,51.9,1221.2,86.029
9/30/19 12:35,67.329,51.9,1236.2,85.984
9/30/19 12:35,67.285,52,1248.7,86.029
9/30/19 12:35,67.285,52.1,1251.2,86.029
9/30/19 12:35,67.285,52.1,1248.7,85.984
9/30/19 12:35,67.285,52.2,1238.7,85.984
9/30/19 12:35,67.285,52.2,1223.7,85.984
9/30/19 12:35,67.285,52.2,1206.2,85.984
9/30/19 12:35,67.285,52.3,1183.7,85.984
9/30/19 12:35,67.285,52.3,1166.2,85.984
9/30/19 12:35,67.242,52.5,1156.2,85.984
9/30/19 12:36,67.242,52.5,1161.2,85.984
9/30/19 12:36,67.242,52.6,1173.7,85.984
9/30/19 12:36,67.242,52.7,1193.7,85.984
9/30/19 12:36,67.242,52.9,1228.7,85.984
9/30/19 12:36,67.242,52.9,1263.7,85.984
9/30/19 12:36,67.242,53,1273.7,85.984
9/30/19 12:36,67.242,53,1273.7,85.984
9/30/19 12:36,67.242,52.9,1261.2,85.984
9/30/19 12:36,67.242,52.9,1243.7,85.984
9/30/19 12:36,67.242,52.8,1211.2,85.984
9/30/19 12:36,67.199,52.7,1188.7,85.984
9/30/19 12:36,67.242,52.6,1178.7,85.984
9/30/19 12:36,67.199,52.6,1166.2,85.984
9/30/19 12:36,67.199,52.6,1151.2,85.939
9/30/19 12:36,67.199,52.6,1141.2,85.984
9/30/19 12:36,67.199,52.7,1141.2,85.939
9/30/19 12:36,67.199,52.8,1143.7,85.939
9/30/19 12:36,67.199,52.8,1151.2,85.939
9/30/19 12:36,67.158,52.9,1156.2,85.939
9/30/19 12:36,67.158,52.8,1156.2,85.939
9/30/19 12:36,67.158,52.7,1151.2,85.939
9/30/19 12:36,67.158,52.6,1146.2,85.939
9/30/19 12:36,67.158,52.5,1148.7,85.939
9/30/19 12:36,67.158,52.3,1166.2,85.939
9/30/19 12:36,67.158,52.2,1198.7,85.939
9/30/19 12:36,67.114,52.2,1236.2,85.939
9/30/19 12:36,67.114,52.2,1271.2,85.939
9/30/19 12:36,67.114,52.2,1303.7,85.939
9/30/19 12:36,67.114,52.2,1331.2,85.939
9/30/19 12:36,67.071,52.2,1361.2,85.939
9/30/19 12:36,67.071,52.1,1391.2,85.894
9/30/19 12:36,67.071,52,1411.2,85.894
9/30/19 12:36,67.071,51.9,1421.2,85.939
9/30/19 12:36,67.028,51.9,1418.7,85.894
9/30/19 12:36,67.028,51.7,1408.7,85.894
9/30/19 12:36,67.028,51.6,1393.7,85.894
9/30/19 12:36,67.028,51.6,1381.2,85.894
9/30/19 12:36,66.985,51.5,1381.2,85.894
9/30/19 12:36,66.985,51.4,1393.7,85.894
9/30/19 12:36,66.985,51.4,1401.2,85.894
9/30/19 12:36,66.985,51.3,1403.7,85.894
9/30/19 12:36,66.985,51.3,1403.7,85.894
9/30/19 12:36,66.943,51.3,1396.2,85.894
9/30/19 12:36,66.943,51.3,1378.7,85.894
9/30/19 12:36,66.943,51.3,1353.7,85.894
9/30/19 12:36,66.943,51.3,1333.7,85.894
9/30/19 12:36,66.943,51.3,1311.2,85.849
9/30/19 12:36,66.9,51.3,1283.7,85.894
9/30/19 12:36,66.9,51.3,1258.7,85.849
9/30/19 12:36,66.9,51.3,1231.2,85.849
9/30/19 12:36,66.9,51.3,1208.7,85.849
9/30/19 12:36,66.9,51.4,1191.2,85.849
9/30/19 12:36,66.9,51.4,1183.7,85.849
9/30/19 12:36,66.9,51.4,1183.7,85.849
9/30/19 12:36,66.9,51.4,1196.2,85.849
9/30/19 12:36,66.9,51.4,1218.7,85.849
9/30/19 12:36,66.9,51.4,1246.2,85.849
9/30/19 12:36,66.9,51.4,1268.7,85.849
9/30/19 12:36,66.9,51.4,1288.7,85.849
9/30/19 12:36,66.9,51.4,1303.7,85.849
9/30/19 12:37,66.9,51.4,1303.7,85.849
9/30/19 12:37,66.9,51.4,1301.2,85.849
9/30/19 12:37,66.9,51.4,1293.7,85.849
9/30/19 12:37,66.9,51.4,1293.7,85.849
9/30/19 12:37,66.9,51.4,1298.7,85.849
9/30/19 12:37,66.9,51.4,1308.7,85.849
9/30/19 12:37,66.9,51.4,1318.7,85.802
9/30/19 12:37,66.9,51.4,1313.7,85.802
9/30/19 12:37,66.9,51.4,1301.2,85.802
9/30/19 12:37,66.9,51.5,1288.7,85.802
9/30/19 12:37,66.9,51.4,1278.7,85.802
9/30/19 12:37,66.9,51.5,1288.7,85.802
9/30/19 12:37,66.9,51.5,1318.7,85.802
9/30/19 12:37,66.9,51.5,1358.7,85.802
9/30/19 12:37,66.9,51.5,1411.2,85.802
9/30/19 12:37,66.9,51.6,1481.2,85.802
9/30/19 12:37,66.9,51.6,1558.7,85.802
9/30/19 12:37,66.9,51.6,1601.2,85.802
9/30/19 12:37,66.9,51.6,1598.7,85.802
9/30/19 12:37,66.9,51.6,1563.7,85.802
9/30/19 12:37,66.9,51.6,1488.7,85.802
9/30/19 12:37,66.9,51.6,1383.7,85.802
9/30/19 12:37,66.9,51.6,1283.7,85.802
9/30/19 12:37,66.9,51.6,1201.2,85.802
9/30/19 12:37,66.9,51.6,1143.7,85.802
9/30/19 12:37,66.9,51.6,1111.2,85.802
9/30/19 12:37,66.9,51.7,1103.7,85.802
9/30/19 12:37,66.9,51.7,1106.2,85.802
9/30/19 12:37,66.943,51.7,1111.2,85.802
9/30/19 12:37,66.943,51.8,1118.7,85.802
9/30/19 12:37,66.943,51.9,1118.7,85.757
9/30/19 12:37,66.943,51.9,1113.7,85.802
9/30/19 12:37,66.943,51.9,1106.2,85.757
9/30/19 12:37,66.943,51.9,1096.2,85.757
9/30/19 12:37,66.943,52,1088.7,85.757
9/30/19 12:37,66.985,52,1078.7,85.757
9/30/19 12:37,66.985,52,1071.2,85.757
9/30/19 12:37,66.985,52,1061.2,85.757
9/30/19 12:37,66.985,52,1053.7,85.757
9/30/19 12:37,66.985,52,1051.2,85.757
9/30/19 12:37,66.985,51.9,1053.7,85.757
9/30/19 12:37,66.985,51.9,1056.2,85.757
9/30/19 12:37,67.028,51.9,1063.7,85.757
9/30/19 12:37,67.028,51.9,1071.2,85.757
9/30/19 12:37,67.028,51.8,1078.7,85.757
9/30/19 12:37,67.028,51.8,1088.7,85.757
9/30/19 12:37,67.028,51.7,1096.2,85.757
9/30/19 12:37,67.028,51.7,1103.7,85.757
9/30/19 12:37,67.028,51.7,1106.2,85.757
9/30/19 12:37,67.028,51.6,1101.2,85.757
9/30/19 12:37,67.028,51.6,1091.2,85.757
9/30/19 12:37,67.028,51.6,1081.2,85.757
9/30/19 12:37,67.028,51.6,1068.7,85.757
9/30/19 12:37,67.028,51.6,1066.2,85.757
9/30/19 12:37,67.028,51.6,1066.2,85.757
9/30/19 12:37,67.028,51.5,1068.7,85.712
9/30/19 12:37,67.028,51.4,1071.2,85.712
9/30/19 12:37,67.028,51.4,1071.2,85.712
9/30/19 12:37,67.028,51.3,1076.2,85.712
9/30/19 12:37,67.028,51.2,1083.7,85.712
9/30/19 12:38,67.028,51.1,1096.2,85.712
9/30/19 12:38,67.028,51.1,1113.7,85.712
9/30/19 12:38,67.028,51,1131.2,85.712
9/30/19 12:38,67.028,50.9,1148.7,85.712
9/30/19 12:38,67.028,51,1163.7,85.712
9/30/19 12:38,67.028,51,1176.2,85.712
9/30/19 12:38,67.028,51,1191.2,85.712
9/30/19 12:38,67.028,51,1243.7,85.712
9/30/19 12:38,67.028,51,1318.7,85.712
9/30/19 12:38,67.028,50.9,1378.7,85.712
9/30/19 12:38,67.028,51,1413.7,85.712
9/30/19 12:38,67.028,51,1421.2,85.712
9/30/19 12:38,67.028,51,1411.2,85.712
9/30/19 12:38,67.028,51.1,1386.2,85.712
9/30/19 12:38,67.028,51.1,1356.2,85.712
9/30/19 12:38,67.028,51.2,1326.2,85.712
9/30/19 12:38,67.028,51.3,1296.2,85.712
9/30/19 12:38,67.028,51.3,1256.2,85.712
9/30/19 12:38,67.028,51.4,1208.7,85.712
9/30/19 12:38,67.028,51.4,1168.7,85.712
9/30/19 12:38,67.028,51.5,1138.7,85.667
9/30/19 12:38,67.028,51.5,1118.7,85.667
9/30/19 12:38,67.028,51.6,1116.2,85.667
9/30/19 12:38,67.071,51.6,1128.7,85.667
9/30/19 12:38,67.028,51.6,1158.7,85.667
9/30/19 12:38,67.071,51.6,1206.2,85.667
9/30/19 12:38,67.071,51.6,1258.7,85.667
9/30/19 12:38,67.071,51.6,1323.7,85.667
9/30/19 12:38,67.071,51.6,1396.2,85.667
9/30/19 12:38,67.071,51.5,1448.7,85.667
9/30/19 12:38,67.071,51.4,1486.2,85.667
9/30/19 12:38,67.071,51.3,1521.2,85.667
9/30/19 12:38,67.071,51.2,1558.7,85.667
9/30/19 12:38,67.071,51.1,1593.7,85.667
9/30/19 12:38,67.071,51,1638.7,85.667
9/30/19 12:38,67.114,51,1696.2,85.667
9/30/19 12:38,67.071,51,1751.2,85.667
9/30/19 12:38,67.071,51,1798.7,85.667
9/30/19 12:38,67.071,50.9,1838.7,85.667
9/30/19 12:38,67.071,50.8,1846.2,85.667
9/30/19 12:38,67.071,50.8,1831.2,85.667
9/30/19 12:38,67.071,50.7,1801.2,85.667
9/30/19 12:38,67.071,50.7,1771.2,85.667
9/30/19 12:38,67.071,50.7,1758.7,85.667
9/30/19 12:38,67.071,50.7,1771.2,85.667
9/30/19 12:38,67.028,50.7,1811.2,85.667
9/30/19 12:38,67.028,50.7,1846.2,85.667
9/30/19 12:38,67.028,50.7,1853.7,85.667
9/30/19 12:38,67.028,50.8,1821.2,85.667
9/30/19 12:38,67.028,50.8,1771.2,85.667
9/30/19 12:38,67.028,50.9,1721.2,85.667
9/30/19 12:38,66.985,50.9,1676.2,85.667
9/30/19 12:38,66.985,50.9,1641.2,85.667
9/30/19 12:38,66.985,51,1618.7,85.667
9/30/19 12:38,66.985,51.1,1591.2,85.667
9/30/19 12:38,66.985,51.1,1571.2,85.667
9/30/19 12:38,66.985,51.3,1561.2,85.667
9/30/19 12:38,66.985,51.4,1568.7,85.667
9/30/19 12:38,66.985,51.5,1581.2,85.667
9/30/19 12:38,66.985,51.6,1593.7,85.667
9/30/19 12:39,66.985,51.6,1608.7,85.667
9/30/19 12:39,66.985,51.6,1623.7,85.667
9/30/19 12:39,66.985,51.5,1616.2,85.667
9/30/19 12:39,66.985,51.4,1601.2,85.667
9/30/19 12:39,66.985,51.2,1576.2,85.667
9/30/19 12:39,66.985,51,1528.7,85.667
9/30/19 12:39,66.985,51,1473.7,85.667
9/30/19 12:39,66.985,50.8,1418.7,85.667
9/30/19 12:39,66.985,50.7,1383.7,85.667
9/30/19 12:39,66.985,50.6,1358.7,85.667
9/30/19 12:39,66.985,50.5,1336.2,85.667
9/30/19 12:39,66.985,50.4,1313.7,85.667
9/30/19 12:39,66.943,50.3,1298.7,85.667
9/30/19 12:39,66.943,50.4,1283.7,85.667
9/30/19 12:39,66.943,50.3,1268.7,85.667
9/30/19 12:39,66.943,50.3,1261.2,85.667
9/30/19 12:39,66.943,50.3,1256.2,85.667
9/30/19 12:39,66.943,50.2,1246.2,85.667
9/30/19 12:39,66.943,50.2,1233.7,85.667
9/30/19 12:39,66.943,50.2,1221.2,85.667
9/30/19 12:39,66.943,50.2,1211.2,85.667
9/30/19 12:39,66.943,50.2,1206.2,85.667
9/30/19 12:39,66.943,50.2,1198.7,85.667
9/30/19 12:39,66.943,50.2,1196.2,85.667
9/30/19 12:39,66.943,50.2,1196.2,85.712
9/30/19 12:39,66.943,50.2,1193.7,85.712
9/30/19 12:39,66.9,50.2,1188.7,85.712
9/30/19 12:39,66.9,50.2,1173.7,85.712
9/30/19 12:39,66.9,50.1,1156.2,85.712
9/30/19 12:39,66.9,50.1,1143.7,85.712
9/30/19 12:39,66.9,50,1141.2,85.712
9/30/19 12:39,66.9,50,1141.2,85.712
9/30/19 12:39,66.9,50,1148.7,85.712
9/30/19 12:39,66.857,49.9,1153.7,85.712
9/30/19 12:39,66.9,49.9,1156.2,85.712
9/30/19 12:39,66.857,49.9,1163.7,85.712
9/30/19 12:39,66.857,49.9,1178.7,85.712
9/30/19 12:39,66.857,49.9,1201.2,85.712
9/30/19 12:39,66.857,50,1226.2,85.712
9/30/19 12:39,66.857,50,1248.7,85.712
9/30/19 12:39,66.857,50.1,1266.2,85.712
9/30/19 12:39,66.857,50.2,1276.2,85.712
9/30/19 12:39,66.857,50.4,1286.2,85.712
9/30/19 12:39,66.857,50.4,1288.7,85.712
9/30/19 12:39,66.857,50.5,1296.2,85.712
9/30/19 12:39,66.857,50.6,1301.2,85.712
9/30/19 12:39,66.857,50.7,1306.2,85.712
9/30/19 12:39,66.857,50.7,1318.7,85.712
9/30/19 12:39,66.857,50.8,1338.7,85.712
9/30/19 12:39,66.857,50.9,1366.2,85.712
9/30/19 12:39,66.857,51,1396.2,85.712
9/30/19 12:39,66.857,50.9,1431.2,85.712
9/30/19 12:39,66.857,51,1466.2,85.712
9/30/19 12:39,66.857,51,1503.7,85.712
9/30/19 12:39,66.857,51,1551.2,85.712
9/30/19 12:39,66.9,51,1608.7,85.712
9/30/19 12:39,66.9,50.9,1686.2,85.712
9/30/19 12:39,66.9,50.9,1761.2,85.712
9/30/19 12:39,66.9,51,1811.2,85.712
9/30/19 12:39,66.9,51,1833.7,85.712
9/30/19 12:40,66.9,50.9,1828.7,85.712
9/30/19 12:40,66.9,50.9,1806.2,85.712
9/30/19 12:40,66.9,50.8,1763.7,85.712
9/30/19 12:40,66.9,50.8,1716.2,85.712
9/30/19 12:40,66.9,50.8,1676.2,85.712
9/30/19 12:40,66.9,50.7,1628.7,85.712
9/30/19 12:40,66.9,50.7,1581.2,85.712
9/30/19 12:40,66.9,50.7,1526.2,85.712
9/30/19 12:40,66.9,50.7,1456.2,85.712
9/30/19 12:40,66.943,50.7,1393.7,85.712
9/30/19 12:40,66.943,50.7,1346.2,85.712
9/30/19 12:40,66.943,50.7,1313.7,85.712
9/30/19 12:40,66.943,50.7,1288.7,85.712
9/30/19 12:40,66.943,50.8,1268.7,85.712
9/30/19 12:40,66.943,50.9,1246.2,85.712
9/30/19 12:40,66.985,50.9,1221.2,85.712
9/30/19 12:40,66.985,50.9,1193.7,85.712
9/30/19 12:40,66.985,50.9,1171.2,85.757
9/30/19 12:40,66.985,50.9,1156.2,85.712
9/30/19 12:40,66.985,50.9,1143.7,85.712
9/30/19 12:40,66.985,51,1133.7,85.757
9/30/19 12:40,67.028,51,1128.7,85.712
9/30/19 12:40,67.028,50.9,1123.7,85.757
9/30/19 12:40,67.028,50.9,1118.7,85.757
9/30/19 12:40,67.028,51,1116.2,85.712
9/30/19 12:40,67.028,51,1113.7,85.757
9/30/19 12:40,67.071,51,1113.7,85.757
9/30/19 12:40,67.071,51,1111.2,85.757
9/30/19 12:40,67.071,51,1111.2,85.757
9/30/19 12:40,67.071,51,1108.7,85.757
9/30/19 12:40,67.114,51.1,1103.7,85.757
9/30/19 12:40,67.114,51.1,1098.7,85.757
9/30/19 12:40,67.114,51.1,1096.2,85.757
9/30/19 12:40,67.114,51.1,1096.2,85.757
9/30/19 12:40,67.114,51.1,1098.7,85.757
9/30/19 12:40,67.114,51,1108.7,85.757
9/30/19 12:40,67.158,51,1116.2,85.757
9/30/19 12:40,67.158,51,1126.2,85.757
9/30/19 12:40,67.158,51,1133.7,85.757
9/30/19 12:40,67.158,50.9,1141.2,85.757
9/30/19 12:40,67.158,50.9,1146.2,85.757
9/30/19 12:40,67.158,50.8,1153.7,85.757
9/30/19 12:40,67.158,50.7,1161.2,85.757
9/30/19 12:40,67.158,50.7,1171.2,85.757
9/30/19 12:40,67.158,50.6,1186.2,85.757
9/30/19 12:40,67.158,50.5,1203.7,85.757
9/30/19 12:40,67.158,50.4,1218.7,85.757
9/30/19 12:40,67.158,50.4,1228.7,85.757
9/30/19 12:40,67.158,50.3,1241.2,85.757
9/30/19 12:40,67.158,50.3,1248.7,85.757
9/30/19 12:40,67.199,50.3,1251.2,85.757
9/30/19 12:40,67.158,50.2,1248.7,85.757
9/30/19 12:40,67.158,50.2,1241.2,85.757
9/30/19 12:40,67.199,50.2,1228.7,85.757
9/30/19 12:40,67.199,50.2,1213.7,85.757
9/30/19 12:40,67.199,50.2,1203.7,85.757
9/30/19 12:40,67.199,50.1,1196.2,85.757
9/30/19 12:40,67.199,50.1,1191.2,85.757
9/30/19 12:40,67.199,50.1,1188.7,85.757
9/30/19 12:40,67.199,50.1,1188.7,85.757
9/30/19 12:41,67.199,50.1,1188.7,85.757
9/30/19 12:41,67.199,50.1,1186.2,85.757
9/30/19 12:41,67.199,50.1,1186.2,85.757
9/30/19 12:41,67.199,50.1,1191.2,85.757
9/30/19 12:41,67.199,50.1,1201.2,85.757
9/30/19 12:41,67.242,50.1,1208.7,85.757
9/30/19 12:41,67.199,50.1,1218.7,85.757
9/30/19 12:41,67.242,50.2,1226.2,85.757
9/30/19 12:41,67.242,50.2,1226.2,85.757
9/30/19 12:41,67.242,50.2,1221.2,85.757
9/30/19 12:41,67.242,50.2,1213.7,85.757
9/30/19 12:41,67.242,50.2,1206.2,85.757
9/30/19 12:41,67.242,50.2,1193.7,85.757
9/30/19 12:41,67.242,50.2,1186.2,85.712
9/30/19 12:41,67.285,50.2,1181.2,85.757
9/30/19 12:41,67.285,50.3,1181.2,85.757
9/30/19 12:41,67.285,50.3,1181.2,85.757
9/30/19 12:41,67.285,50.3,1178.7,85.757
9/30/19 12:41,67.285,50.3,1173.7,85.757
9/30/19 12:41,67.285,50.4,1178.7,85.757
9/30/19 12:41,67.329,50.3,1188.7,85.712
9/30/19 12:41,67.329,50.3,1198.7,85.712
9/30/19 12:41,67.329,50.4,1213.7,85.757
9/30/19 12:41,67.329,50.4,1221.2,85.712
9/30/19 12:41,67.329,50.4,1218.7,85.712
9/30/19 12:41,67.329,50.3,1206.2,85.712
9/30/19 12:41,67.372,50.4,1191.2,85.712
9/30/19 12:41,67.372,50.3,1168.7,85.712
9/30/19 12:41,67.372,50.3,1143.7,85.712
9/30/19 12:41,67.372,50.3,1118.7,85.712
9/30/19 12:41,67.372,50.3,1103.7,85.712
9/30/19 12:41,67.372,50.3,1093.7,85.712
9/30/19 12:41,67.372,50.3,1086.2,85.712
9/30/19 12:41,67.372,50.3,1076.2,85.712
9/30/19 12:41,67.372,50.2,1071.2,85.712
9/30/19 12:41,67.413,50.2,1066.2,85.712
9/30/19 12:41,67.413,50.2,1058.7,85.712
9/30/19 12:41,67.413,50.2,1056.2,85.712
9/30/19 12:41,67.413,50.2,1056.2,85.712
9/30/19 12:41,67.413,50.2,1058.7,85.712
9/30/19 12:41,67.413,50.2,1061.2,85.712
9/30/19 12:41,67.413,50.2,1061.2,85.712
9/30/19 12:41,67.413,50.1,1061.2,85.712
9/30/19 12:41,67.413,50.2,1058.7,85.712
9/30/19 12:41,67.413,50.2,1053.7,85.712
9/30/19 12:41,67.413,50.1,1051.2,85.712
9/30/19 12:41,67.413,50.1,1051.2,85.712
9/30/19 12:41,67.413,50.1,1053.7,85.712
9/30/19 12:41,67.413,50.1,1056.2,85.712
9/30/19 12:41,67.413,50.1,1058.7,85.712
9/30/19 12:41,67.413,50.1,1061.2,85.712
9/30/19 12:41,67.413,50,1061.2,85.667
9/30/19 12:41,67.413,50,1063.7,85.712
9/30/19 12:41,67.413,50,1066.2,85.667
9/30/19 12:41,67.413,50,1071.2,85.667
9/30/19 12:41,67.413,49.9,1076.2,85.667
9/30/19 12:41,67.456,49.9,1083.7,85.667
9/30/19 12:41,67.456,49.9,1093.7,85.667
9/30/19 12:41,67.456,49.9,1106.2,85.667
9/30/19 12:41,67.456,49.9,1118.7,85.667
9/30/19 12:42,67.456,49.9,1131.2,85.667
9/30/19 12:42,67.456,49.8,1141.2,85.667
9/30/19 12:42,67.456,49.8,1151.2,85.667
9/30/19 12:42,67.456,49.8,1161.2,85.667
9/30/19 12:42,67.456,49.8,1171.2,85.667
9/30/19 12:42,67.456,49.8,1181.2,85.667
9/30/19 12:42,67.456,49.8,1193.7,85.667
9/30/19 12:42,67.5,49.8,1206.2,85.667
9/30/19 12:42,67.5,49.8,1218.7,85.667
9/30/19 12:42,67.5,49.8,1228.7,85.667
9/30/19 12:42,67.5,49.8,1241.2,85.667
9/30/19 12:42,67.5,49.9,1261.2,85.667
9/30/19 12:42,67.543,49.9,1281.2,85.667
9/30/19 12:42,67.543,49.9,1293.7,85.667
9/30/19 12:42,67.543,49.9,1291.2,85.622
9/30/19 12:42,67.543,49.9,1276.2,85.622
9/30/19 12:42,67.543,49.9,1246.2,85.622
9/30/19 12:42,67.543,49.9,1211.2,85.622
9/30/19 12:42,67.543,49.9,1186.2,85.622
9/30/19 12:42,67.586,49.9,1171.2,85.622
9/30/19 12:42,67.586,49.8,1161.2,85.622
9/30/19 12:42,67.586,49.8,1153.7,85.622
9/30/19 12:42,67.586,49.8,1151.2,85.622
9/30/19 12:42,67.586,49.8,1148.7,85.622
9/30/19 12:42,67.586,49.8,1148.7,85.622
9/30/19 12:42,67.627,49.8,1156.2,85.622
9/30/19 12:42,67.627,49.7,1161.2,85.622
9/30/19 12:42,67.627,49.6,1168.7,85.622
9/30/19 12:42,67.627,49.5,1173.7,85.622
9/30/19 12:42,67.627,49.4,1181.2,85.622
9/30/19 12:42,67.627,49.3,1183.7,85.622
9/30/19 12:42,67.627,49.2,1183.7,85.622
9/30/19 12:42,67.627,49.1,1183.7,85.622
9/30/19 12:42,67.627,49.2,1176.2,85.622
9/30/19 12:42,67.627,49,1173.7,85.622
9/30/19 12:42,67.627,49,1178.7,85.622
9/30/19 12:42,67.627,48.9,1188.7,85.622
9/30/19 12:42,67.627,48.8,1203.7,85.622
9/30/19 12:42,67.627,48.7,1221.2,85.622
9/30/19 12:42,67.627,48.7,1236.2,85.622
9/30/19 12:42,67.627,48.6,1246.2,85.622
9/30/19 12:42,67.627,48.6,1253.7,85.622
9/30/19 12:42,67.627,48.6,1261.2,85.622
9/30/19 12:42,67.627,48.6,1268.7,85.622
9/30/19 12:42,67.627,48.6,1276.2,85.622
9/30/19 12:42,67.627,48.6,1276.2,85.622
9/30/19 12:42,67.627,48.6,1273.7,85.622
9/30/19 12:42,67.627,48.7,1266.2,85.622
9/30/19 12:42,67.627,48.6,1251.2,85.577
9/30/19 12:42,67.627,48.6,1228.7,85.577
9/30/19 12:42,67.627,48.6,1201.2,85.577
9/30/19 12:42,67.627,48.5,1176.2,85.577
9/30/19 12:42,67.627,48.4,1153.7,85.577
9/30/19 12:42,67.627,48.4,1131.2,85.577
9/30/19 12:42,67.627,48.4,1116.2,85.577
9/30/19 12:42,67.627,48.3,1103.7,85.577
9/30/19 12:42,67.627,48.2,1093.7,85.577
9/30/19 12:42,67.586,48.2,1083.7,85.577
9/30/19 12:42,67.586,48.1,1073.7,85.577
9/30/19 12:42,67.586,48.1,1066.2,85.577
9/30/19 12:43,67.586,48,1058.7,85.577
9/30/19 12:43,67.586,47.9,1053.7,85.577
9/30/19 12:43,67.586,47.9,1051.2,85.577
9/30/19 12:43,67.586,47.8,1048.7,85.577
9/30/19 12:43,67.586,47.8,1048.7,85.577
9/30/19 12:43,67.586,47.8,1048.7,85.577
9/30/19 12:43,67.586,47.8,1046.2,85.577
9/30/19 12:43,67.543,47.7,1043.7,85.577
9/30/19 12:43,67.543,47.7,1041.2,85.577
9/30/19 12:43,67.543,47.7,1041.2,85.577
9/30/19 12:43,67.543,47.6,1041.2,85.577
9/30/19 12:43,67.543,47.6,1041.2,85.577
9/30/19 12:43,67.5,47.6,1041.2,85.577
9/30/19 12:43,67.543,47.5,1041.2,85.577
9/30/19 12:43,67.543,47.5,1041.2,85.577
9/30/19 12:43,67.5,47.4,1041.2,85.532
9/30/19 12:43,67.5,47.5,1046.2,85.532
9/30/19 12:43,67.5,47.4,1048.7,85.532
9/30/19 12:43,67.5,47.4,1048.7,85.532
9/30/19 12:43,67.5,47.4,1051.2,85.532
9/30/19 12:43,67.5,47.4,1053.7,85.532
9/30/19 12:43,67.5,47.4,1058.7,85.532
9/30/19 12:43,67.5,47.4,1061.2,85.532
9/30/19 12:43,67.5,47.4,1068.7,85.532
9/30/19 12:43,67.5,47.4,1073.7,85.532
9/30/19 12:43,67.5,47.4,1076.2,85.532
9/30/19 12:43,67.5,47.4,1081.2,85.532
9/30/19 12:43,67.5,47.5,1088.7,85.532
9/30/19 12:43,67.456,47.6,1093.7,85.532
9/30/19 12:43,67.456,47.6,1101.2,85.532
9/30/19 12:43,67.456,47.7,1108.7,85.532
9/30/19 12:43,67.456,47.7,1121.2,85.532
9/30/19 12:43,67.456,47.8,1131.2,85.532
9/30/19 12:43,67.456,47.8,1138.7,85.532
9/30/19 12:43,67.456,47.8,1143.7,85.532
9/30/19 12:43,67.456,47.9,1141.2,85.532
9/30/19 12:43,67.456,47.9,1141.2,85.532
9/30/19 12:43,67.456,48,1138.7,85.532
9/30/19 12:43,67.456,48.1,1141.2,85.487
9/30/19 12:43,67.456,48.1,1146.2,85.487
9/30/19 12:43,67.456,48.1,1153.7,85.487
9/30/19 12:43,67.456,48.2,1161.2,85.487
9/30/19 12:43,67.456,48.2,1166.2,85.487
9/30/19 12:43,67.456,48.3,1171.2,85.487
9/30/19 12:43,67.456,48.3,1171.2,85.487
9/30/19 12:43,67.456,48.4,1166.2,85.487
9/30/19 12:43,67.456,48.4,1156.2,85.487
9/30/19 12:43,67.456,48.5,1143.7,85.487
9/30/19 12:43,67.456,48.5,1131.2,85.487
9/30/19 12:43,67.456,48.6,1118.7,85.487
9/30/19 12:43,67.456,48.7,1103.7,85.487
9/30/19 12:43,67.456,48.8,1091.2,85.487
9/30/19 12:43,67.456,48.9,1076.2,85.487
9/30/19 12:43,67.456,49,1063.7,85.487
9/30/19 12:43,67.456,49.1,1053.7,85.442
9/30/19 12:43,67.456,49.1,1046.2,85.442
9/30/19 12:43,67.456,49.2,1038.7,85.442
9/30/19 12:43,67.456,49.4,1036.2,85.442
9/30/19 12:43,67.456,49.5,1036.2,85.442
9/30/19 12:43,67.456,49.6,1038.7,85.442
9/30/19 12:44,67.456,49.8,1038.7,85.442
9/30/19 12:44,67.456,49.9,1041.2,85.442
9/30/19 12:44,67.5,50.1,1046.2,85.442
9/30/19 12:44,67.5,50.2,1053.7,85.442
9/30/19 12:44,67.5,50.3,1056.2,85.442
9/30/19 12:44,67.5,50.4,1058.7,85.442
9/30/19 12:44,67.5,50.5,1058.7,85.442
9/30/19 12:44,67.5,50.6,1056.2,85.442
9/30/19 12:44,67.5,50.7,1056.2,85.442
9/30/19 12:44,67.5,50.8,1056.2,85.442
9/30/19 12:44,67.5,50.9,1056.2,85.442
9/30/19 12:44,67.5,51,1061.2,85.442
9/30/19 12:44,67.5,50.9,1066.2,85.442
9/30/19 12:44,67.5,51,1071.2,85.442
9/30/19 12:44,67.5,51.1,1076.2,85.442
9/30/19 12:44,67.5,51.3,1081.2,85.442
9/30/19 12:44,67.5,51.4,1083.7,85.442
9/30/19 12:44,67.5,51.5,1086.2,85.442
9/30/19 12:44,67.5,51.6,1091.2,85.442
9/30/19 12:44,67.5,51.7,1093.7,85.442
9/30/19 12:44,67.5,51.9,1091.2,85.442
9/30/19 12:44,67.5,52,1086.2,85.442
9/30/19 12:44,67.5,52.1,1078.7,85.442
9/30/19 12:44,67.5,52.2,1071.2,85.397
9/30/19 12:44,67.5,52.3,1066.2,85.397
9/30/19 12:44,67.543,52.3,1063.7,85.397
9/30/19 12:44,67.543,52.3,1063.7,85.397
9/30/19 12:44,67.543,52.3,1066.2,85.397
9/30/19 12:44,67.543,52.2,1068.7,85.397
9/30/19 12:44,67.543,52.1,1066.2,85.397
9/30/19 12:44,67.543,52,1063.7,85.397
9/30/19 12:44,67.543,51.9,1058.7,85.397
9/30/19 12:44,67.543,51.9,1056.2,85.397
9/30/19 12:44,67.543,51.9,1053.7,85.397
9/30/19 12:44,67.543,51.9,1051.2,85.397
9/30/19 12:44,67.5,52,1053.7,85.397
9/30/19 12:44,67.5,52,1053.7,85.397
9/30/19 12:44,67.543,52.1,1058.7,85.397
9/30/19 12:44,67.5,52.1,1063.7,85.397
9/30/19 12:44,67.5,52.2,1071.2,85.352
9/30/19 12:44,67.5,52.2,1081.2,85.352
9/30/19 12:44,67.5,52.3,1091.2,85.352
9/30/19 12:44,67.5,52.4,1103.7,85.352
9/30/19 12:44,67.5,52.4,1113.7,85.352
9/30/19 12:44,67.5,52.4,1128.7,85.352
9/30/19 12:44,67.5,52.3,1141.2,85.352
9/30/19 12:44,67.543,52.2,1153.7,85.352
9/30/19 12:44,67.5,52.1,1163.7,85.352
9/30/19 12:44,67.5,52,1168.7,85.352
9/30/19 12:44,67.5,51.9,1171.2,85.352
9/30/19 12:44,67.5,51.8,1168.7,85.352
9/30/19 12:44,67.5,51.7,1166.2,85.352
9/30/19 12:44,67.5,51.6,1163.7,85.352
9/30/19 12:44,67.5,51.6,1158.7,85.352
9/30/19 12:44,67.5,51.6,1153.7,85.352
9/30/19 12:44,67.5,51.6,1153.7,85.352
9/30/19 12:44,67.5,51.6,1156.2,85.352
9/30/19 12:44,67.5,51.6,1158.7,85.352
9/30/19 12:44,67.5,51.6,1163.7,85.352
9/30/19 12:44,67.5,51.6,1168.7,85.352
9/30/19 12:45,67.456,51.6,1171.2,85.352
9/30/19 12:45,67.456,51.6,1171.2,85.307
9/30/19 12:45,67.456,51.6,1173.7,85.307
9/30/19 12:45,67.5,51.6,1176.2,85.307
9/30/19 12:45,67.456,51.6,1171.2,85.307
9/30/19 12:45,67.456,51.6,1163.7,85.307
9/30/19 12:45,67.456,51.6,1151.2,85.307
9/30/19 12:45,67.456,51.6,1136.2,85.307
9/30/19 12:45,67.456,51.6,1126.2,85.307
9/30/19 12:45,67.456,51.6,1116.2,85.307
9/30/19 12:45,67.456,51.6,1113.7,85.307
9/30/19 12:45,67.456,51.7,1113.7,85.307
9/30/19 12:45,67.456,51.7,1113.7,85.307
9/30/19 12:45,67.456,51.8,1116.2,85.307
9/30/19 12:45,67.456,51.8,1116.2,85.307
9/30/19 12:45,67.456,51.8,1116.2,85.307
9/30/19 12:45,67.456,51.7,1118.7,85.307
9/30/19 12:45,67.456,51.6,1118.7,85.307
9/30/19 12:45,67.456,51.6,1116.2,85.307
9/30/19 12:45,67.456,51.6,1113.7,85.307
9/30/19 12:45,67.456,51.5,1111.2,85.307
9/30/19 12:45,67.456,51.4,1106.2,85.307
9/30/19 12:45,67.456,51.3,1093.7,85.262
9/30/19 12:45,67.456,51.1,1083.7,85.307
9/30/19 12:45,67.456,51,1073.7,85.307
9/30/19 12:45,67.456,50.9,1068.7,85.307
9/30/19 12:45,67.456,50.9,1068.7,85.262
9/30/19 12:45,67.456,50.8,1068.7,85.262
9/30/19 12:45,67.456,50.6,1071.2,85.262
9/30/19 12:45,67.456,50.4,1076.2,85.262
9/30/19 12:45,67.456,50.3,1081.2,85.262
9/30/19 12:45,67.456,50.2,1086.2,85.262
9/30/19 12:45,67.456,50.2,1091.2,85.262
9/30/19 12:45,67.413,50.1,1098.7,85.262
9/30/19 12:45,67.413,50,1106.2,85.262
9/30/19 12:45,67.413,49.9,1116.2,85.262
9/30/19 12:45,67.413,49.9,1131.2,85.262
9/30/19 12:45,67.413,49.9,1146.2,85.262
9/30/19 12:45,67.413,49.9,1161.2,85.262
9/30/19 12:45,67.413,49.9,1173.7,85.262
9/30/19 12:45,67.413,49.8,1181.2,85.262
9/30/19 12:45,67.413,50,1178.7,85.262
9/30/19 12:45,67.413,50,1173.7,85.262
9/30/19 12:45,67.413,50,1171.2,85.262
9/30/19 12:45,67.413,50.1,1163.7,85.262
9/30/19 12:45,67.413,50.1,1158.7,85.262
9/30/19 12:45,67.413,50.2,1158.7,85.262
9/30/19 12:45,67.413,50.2,1161.2,85.262
9/30/19 12:45,67.413,50.2,1163.7,85.262
9/30/19 12:45,67.413,50.3,1176.2,85.262
9/30/19 12:45,67.413,50.3,1193.7,85.262
9/30/19 12:45,67.413,50.4,1211.2,85.262
9/30/19 12:45,67.413,50.4,1226.2,85.262
9/30/19 12:45,67.413,50.4,1246.2,85.262
9/30/19 12:45,67.413,50.4,1266.2,85.262
9/30/19 12:45,67.413,50.5,1278.7,85.262
9/30/19 12:45,67.413,50.6,1283.7,85.262
9/30/19 12:45,67.456,50.6,1288.7,85.262
9/30/19 12:45,67.456,50.6,1296.2,85.262
9/30/19 12:45,67.456,50.7,1301.2,85.262
9/30/19 12:46,67.456,50.7,1303.7,85.262
9/30/19 12:46,67.456,50.7,1316.2,85.262
9/30/19 12:46,67.456,50.8,1341.2,85.262
9/30/19 12:46,67.456,50.8,1378.7,85.262
9/30/19 12:46,67.456,50.9,1416.2,85.262
9/30/19 12:46,67.456,50.9,1448.7,85.262
9/30/19 12:46,67.456,50.9,1468.7,85.262
9/30/19 12:46,67.5,50.9,1483.7,85.262
9/30/19 12:46,67.5,50.9,1481.2,85.262
9/30/19 12:46,67.5,50.8,1468.7,85.262
9/30/19 12:46,67.5,50.8,1451.2,85.262
9/30/19 12:46,67.5,50.8,1428.7,85.262
9/30/19 12:46,67.5,50.7,1408.7,85.262
9/30/19 12:46,67.5,50.7,1381.2,85.262
9/30/19 12:46,67.543,50.7,1348.7,85.262
9/30/19 12:46,67.5,50.7,1308.7,85.262
9/30/19 12:46,67.543,50.6,1268.7,85.262
9/30/19 12:46,67.543,50.6,1233.7,85.262
9/30/19 12:46,67.543,50.6,1201.2,85.262
9/30/19 12:46,67.543,50.6,1176.2,85.262
9/30/19 12:46,67.543,50.6,1156.2,85.262
9/30/19 12:46,67.543,50.5,1138.7,85.262
9/30/19 12:46,67.543,50.6,1121.2,85.262
9/30/19 12:46,67.543,50.6,1108.7,85.262
9/30/19 12:46,67.543,50.6,1098.7,85.262
9/30/19 12:46,67.543,50.6,1091.2,85.262
9/30/19 12:46,67.586,50.6,1088.7,85.262
9/30/19 12:46,67.586,50.6,1088.7,85.262
9/30/19 12:46,67.586,50.6,1088.7,85.262
9/30/19 12:46,67.586,50.6,1091.2,85.262
9/30/19 12:46,67.586,50.6,1096.2,85.262
9/30/19 12:46,67.586,50.7,1101.2,85.262
9/30/19 12:46,67.586,50.7,1108.7,85.262
9/30/19 12:46,67.586,50.6,1113.7,85.262
9/30/19 12:46,67.586,50.6,1118.7,85.262
9/30/19 12:46,67.586,50.5,1126.2,85.262
9/30/19 12:46,67.586,50.5,1128.7,85.262
9/30/19 12:46,67.586,50.5,1131.2,85.262
9/30/19 12:46,67.586,50.4,1131.2,85.262
9/30/19 12:46,67.586,50.4,1131.2,85.307
9/30/19 12:46,67.586,50.5,1131.2,85.307
9/30/19 12:46,67.586,50.3,1131.2,85.262
9/30/19 12:46,67.586,50.2,1128.7,85.262
9/30/19 12:46,67.586,50.2,1126.2,85.262
9/30/19 12:46,67.586,50.1,1128.7,85.307
9/30/19 12:46,67.586,50,1128.7,85.262
9/30/19 12:46,67.586,49.9,1131.2,85.262
9/30/19 12:46,67.586,49.8,1133.7,85.262
9/30/19 12:46,67.586,49.8,1138.7,85.262
9/30/19 12:46,67.543,49.8,1143.7,85.307
9/30/19 12:46,67.543,49.7,1151.2,85.262
9/30/19 12:46,67.543,49.7,1166.2,85.307
9/30/19 12:46,67.543,49.7,1186.2,85.307
9/30/19 12:46,67.543,49.6,1213.7,85.262
9/30/19 12:46,67.543,49.5,1246.2,85.307
9/30/19 12:46,67.543,49.4,1268.7,85.307
9/30/19 12:46,67.543,49.3,1278.7,85.307
9/30/19 12:46,67.543,49.3,1278.7,85.307
9/30/19 12:46,67.5,49.2,1271.2,85.307
9/30/19 12:46,67.5,49.2,1261.2,85.307
9/30/19 12:47,67.5,49.1,1251.2,85.307
9/30/19 12:47,67.5,49.1,1246.2,85.307
9/30/19 12:47,67.5,49.1,1241.2,85.307
9/30/19 12:47,67.456,49.2,1236.2,85.307
9/30/19 12:47,67.456,49.2,1226.2,85.307
9/30/19 12:47,67.456,49.1,1211.2,85.307
9/30/19 12:47,67.456,49.1,1198.7,85.307
9/30/19 12:47,67.456,49.1,1178.7,85.307
9/30/19 12:47,67.413,49.1,1161.2,85.307
9/30/19 12:47,67.413,49.2,1148.7,85.307
9/30/19 12:47,67.413,49.3,1136.2,85.307
9/30/19 12:47,67.413,49.4,1128.7,85.307
9/30/19 12:47,67.413,49.5,1118.7,85.307
9/30/19 12:47,67.372,49.6,1113.7,85.307
9/30/19 12:47,67.372,49.7,1111.2,85.307
9/30/19 12:47,67.372,49.8,1108.7,85.307
9/30/19 12:47,67.372,49.8,1111.2,85.307
9/30/19 12:47,67.372,49.7,1113.7,85.307
9/30/19 12:47,67.329,49.6,1116.2,85.307
9/30/19 12:47,67.329,49.5,1123.7,85.307
9/30/19 12:47,67.329,49.4,1136.2,85.307
9/30/19 12:47,67.285,49.4,1153.7,85.307
9/30/19 12:47,67.285,49.4,1171.2,85.307
9/30/19 12:47,67.285,49.4,1191.2,85.307
9/30/19 12:47,67.285,49.4,1211.2,85.307
9/30/19 12:47,67.242,49.4,1241.2,85.307
9/30/19 12:47,67.242,49.3,1281.2,85.307
9/30/19 12:47,67.199,49.2,1331.2,85.307
9/30/19 12:47,67.199,49.2,1386.2,85.307
9/30/19 12:47,67.199,49.2,1456.2,85.262
9/30/19 12:47,67.199,49.1,1551.2,85.307
9/30/19 12:47,67.158,49.1,1656.2,85.262
9/30/19 12:47,67.158,49.1,1761.2,85.307
9/30/19 12:47,67.158,49.1,1836.2,85.307
9/30/19 12:47,67.114,49.1,1866.2,85.307
9/30/19 12:47,67.114,49,1851.2,85.307
9/30/19 12:47,67.114,49,1771.2,85.262
9/30/19 12:47,67.071,49,1638.7,85.262
9/30/19 12:47,67.071,49,1511.2,85.307
9/30/19 12:47,67.071,49.1,1426.2,85.307
9/30/19 12:47,67.071,49.2,1363.7,85.307
9/30/19 12:47,67.071,49.2,1323.7,85.307
9/30/19 12:47,67.028,49.4,1298.7,85.307
9/30/19 12:47,67.028,49.4,1281.2,85.262
9/30/19 12:47,67.028,49.4,1261.2,85.262
9/30/19 12:47,67.028,49.4,1248.7,85.307
9/30/19 12:47,67.028,49.3,1243.7,85.307
9/30/19 12:47,66.985,49.2,1238.7,85.307
9/30/19 12:47,66.985,49.2,1231.2,85.307
9/30/19 12:47,66.985,49.2,1223.7,85.262
9/30/19 12:47,66.943,49.2,1208.7,85.307
9/30/19 12:47,66.943,49.1,1193.7,85.307
9/30/19 12:47,66.943,49.1,1176.2,85.307
9/30/19 12:47,66.9,49.2,1156.2,85.307
9/30/19 12:47,66.9,49.2,1141.2,85.262
9/30/19 12:47,66.9,49.2,1131.2,85.307
9/30/19 12:47,66.857,49.3,1123.7,85.307
9/30/19 12:47,66.857,49.4,1121.2,85.307
9/30/19 12:47,66.857,49.5,1123.7,85.307
9/30/19 12:47,66.857,49.6,1131.2,85.307
9/30/19 12:48,66.814,49.7,1148.7,85.307
9/30/19 12:48,66.814,49.8,1181.2,85.262
9/30/19 12:48,66.814,49.9,1218.7,85.262
9/30/19 12:48,66.772,50,1263.7,85.307
9/30/19 12:48,66.772,50,1306.2,85.307
9/30/19 12:48,66.772,50,1338.7,85.262
9/30/19 12:48,66.772,50.1,1346.2,85.307
9/30/19 12:48,66.729,50.2,1338.7,85.262
9/30/19 12:48,66.729,50.3,1331.2,85.307
9/30/19 12:48,66.729,50.4,1326.2,85.307
9/30/19 12:48,66.729,50.4,1326.2,85.262
9/30/19 12:48,66.729,50.5,1336.2,85.307
9/30/19 12:48,66.729,50.6,1356.2,85.262
9/30/19 12:48,66.729,50.6,1383.7,85.307
9/30/19 12:48,66.686,50.6,1441.2,85.262
9/30/19 12:48,66.686,50.6,1546.2,85.262
9/30/19 12:48,66.686,50.6,1678.7,85.262
9/30/19 12:48,66.686,50.7,1803.7,85.262
9/30/19 12:48,66.686,50.7,1906.2,85.262
9/30/19 12:48,66.686,50.7,1986.2,85.262
9/30/19 12:48,66.686,50.8,2026.2,85.307
9/30/19 12:48,66.686,50.8,2066.2,85.262
9/30/19 12:48,66.686,50.7,2128.7,85.262
9/30/19 12:48,66.686,50.7,2188.7,85.262
9/30/19 12:48,66.686,50.7,2223.7,85.262
9/30/19 12:48,66.643,50.7,2226.2,85.262
9/30/19 12:48,66.643,50.7,2216.2,85.307
9/30/19 12:48,66.686,50.7,2201.2,85.262
9/30/19 12:48,66.643,50.7,2188.7,85.262
9/30/19 12:48,66.643,50.7,2156.2,85.307
9/30/19 12:48,66.643,50.8,2123.7,85.307
9/30/19 12:48,66.643,50.9,2076.2,85.307
9/30/19 12:48,66.643,51,2001.2,85.307
9/30/19 12:48,66.643,50.9,1896.2,85.307
9/30/19 12:48,66.643,51,1778.7,85.307
9/30/19 12:48,66.643,50.9,1683.7,85.307
9/30/19 12:48,66.643,51,1636.2,85.307
9/30/19 12:48,66.643,50.9,1628.7,85.307
9/30/19 12:48,66.643,50.8,1636.2,85.307
9/30/19 12:48,66.643,50.8,1646.2,85.307
9/30/19 12:48,66.643,50.8,1656.2,85.307
9/30/19 12:48,66.643,50.7,1663.7,85.307
9/30/19 12:48,66.643,50.8,1661.2,85.307
9/30/19 12:48,66.643,50.8,1653.7,85.307
9/30/19 12:48,66.643,50.8,1631.2,85.307
9/30/19 12:48,66.643,50.9,1601.2,85.307
9/30/19 12:48,66.643,50.8,1576.2,85.307
9/30/19 12:48,66.643,50.9,1573.7,85.307
9/30/19 12:48,66.643,50.9,1601.2,85.307
9/30/19 12:48,66.643,50.9,1631.2,85.307
9/30/19 12:48,66.643,51,1663.7,85.307
9/30/19 12:48,66.643,51.2,1688.7,85.307
9/30/19 12:48,66.643,51.3,1703.7,85.307
9/30/19 12:48,66.643,51.5,1701.2,85.352
9/30/19 12:48,66.686,51.6,1696.2,85.352
9/30/19 12:48,66.686,51.7,1676.2,85.352
9/30/19 12:48,66.686,51.9,1638.7,85.352
9/30/19 12:48,66.686,51.9,1593.7,85.352
9/30/19 12:48,66.686,52,1551.2,85.352
9/30/19 12:48,66.729,52.1,1508.7,85.352
9/30/19 12:49,66.729,52.2,1461.2,85.352
9/30/19 12:49,66.729,52.3,1416.2,85.352
9/30/19 12:49,66.729,52.5,1371.2,85.352
9/30/19 12:49,66.772,52.7,1323.7,85.262
9/30/19 12:49,66.772,52.8,1283.7,85.262
9/30/19 12:49,66.772,52.8,1256.2,85.262
9/30/19 12:49,66.772,52.8,1238.7,85.262
9/30/19 12:49,66.814,52.9,1223.7,85.262
9/30/19 12:49,66.814,52.9,1213.7,85.262
9/30/19 12:49,66.814,53,1206.2,85.262
9/30/19 12:49,66.857,53.1,1201.2,85.262
9/30/19 12:49,66.857,53.2,1193.7,85.262
9/30/19 12:49,66.857,53.3,1191.2,85.262
9/30/19 12:49,66.9,53.4,1191.2,85.262
9/30/19 12:49,66.9,53.3,1203.7,85.262
9/30/19 12:49,66.9,53.2,1231.2,85.262
9/30/19 12:49,66.943,53,1283.7,85.307
9/30/19 12:49,66.943,52.8,1351.2,85.307
9/30/19 12:49,66.943,52.8,1418.7,85.307
9/30/19 12:49,66.943,52.7,1478.7,85.307
9/30/19 12:49,66.985,52.6,1521.2,85.307
9/30/19 12:49,66.985,52.6,1536.2,85.307
9/30/19 12:49,66.985,52.6,1526.2,85.307
9/30/19 12:49,66.985,52.6,1521.2,85.307
9/30/19 12:49,66.985,52.5,1526.2,85.307
9/30/19 12:49,66.985,52.3,1528.7,85.307
9/30/19 12:49,67.028,52.2,1511.2,85.307
9/30/19 12:49,67.028,52.2,1476.2,85.307
9/30/19 12:49,67.028,52,1433.7,85.307
9/30/19 12:49,67.028,52,1383.7,85.307
9/30/19 12:49,67.028,51.9,1338.7,85.307
9/30/19 12:49,67.028,51.9,1306.2,85.307
9/30/19 12:49,67.028,51.8,1268.7,85.307
9/30/19 12:49,67.028,51.8,1228.7,85.307
9/30/19 12:49,67.028,51.8,1196.2,85.307
9/30/19 12:49,67.071,51.9,1176.2,85.352
9/30/19 12:49,67.028,51.9,1166.2,85.352
9/30/19 12:49,67.071,51.9,1163.7,85.352
9/30/19 12:49,67.071,52,1163.7,85.352
9/30/19 12:49,67.071,52.1,1168.7,85.352
9/30/19 12:49,67.071,52.1,1171.2,85.352
9/30/19 12:49,67.071,52.2,1178.7,85.352
9/30/19 12:49,67.071,52.2,1186.2,85.352
9/30/19 12:49,67.071,52.2,1198.7,85.352
9/30/19 12:49,67.071,52.2,1218.7,85.352
9/30/19 12:49,67.071,52.3,1251.2,85.352
9/30/19 12:49,67.071,52.3,1296.2,85.352
9/30/19 12:49,67.114,52.4,1346.2,85.352
9/30/19 12:49,67.114,52.4,1403.7,85.352
9/30/19 12:49,67.114,52.4,1461.2,85.352
9/30/19 12:49,67.114,52.4,1508.7,85.352
9/30/19 12:49,67.114,52.5,1531.2,85.352
9/30/19 12:49,67.114,52.6,1526.2,85.352
9/30/19 12:49,67.158,52.6,1491.2,85.352
9/30/19 12:49,67.158,52.7,1441.2,85.352
9/30/19 12:49,67.158,52.8,1396.2,85.352
9/30/19 12:49,67.158,52.8,1351.2,85.352
9/30/19 12:49,67.158,52.8,1323.7,85.352
9/30/19 12:49,67.158,52.9,1308.7,85.352
9/30/19 12:49,67.199,53,1298.7,85.352
9/30/19 12:50,67.199,53.1,1291.2,85.352
9/30/19 12:50,67.199,53.3,1283.7,85.352
9/30/19 12:50,67.199,53.4,1276.2,85.352
9/30/19 12:50,67.199,53.4,1268.7,85.352
9/30/19 12:50,67.242,53.5,1258.7,85.352
9/30/19 12:50,67.242,53.5,1248.7,85.352
9/30/19 12:50,67.242,53.5,1236.2,85.352
9/30/19 12:50,67.242,53.5,1221.2,85.352
9/30/19 12:50,67.285,53.6,1206.2,85.352
9/30/19 12:50,67.285,53.6,1193.7,85.352
9/30/19 12:50,67.285,53.6,1181.2,85.352
9/30/19 12:50,67.329,53.6,1173.7,85.397
9/30/19 12:50,67.329,53.6,1168.7,85.352
9/30/19 12:50,67.329,53.6,1166.2,85.352
9/30/19 12:50,67.329,53.6,1166.2,85.352
9/30/19 12:50,67.372,53.5,1168.7,85.352
9/30/19 12:50,67.372,53.4,1171.2,85.397
9/30/19 12:50,67.372,53.4,1176.2,85.352
9/30/19 12:50,67.372,53.2,1181.2,85.397
9/30/19 12:50,67.372,53,1183.7,85.397
9/30/19 12:50,67.372,52.8,1183.7,85.397
9/30/19 12:50,67.372,52.7,1188.7,85.397
9/30/19 12:50,67.372,52.5,1193.7,85.397
9/30/19 12:50,67.372,52.3,1211.2,85.397
9/30/19 12:50,67.372,52.2,1236.2,85.397
9/30/19 12:50,67.372,52.1,1281.2,85.352
9/30/19 12:50,67.372,51.9,1356.2,85.397
9/30/19 12:50,67.372,51.7,1441.2,85.397
9/30/19 12:50,67.372,51.6,1511.2,85.397
9/30/19 12:50,67.372,51.4,1561.2,85.352
9/30/19 12:50,67.372,51.1,1593.7,85.352
9/30/19 12:50,67.372,51,1608.7,85.397
9/30/19 12:50,67.372,50.9,1611.2,85.352
9/30/19 12:50,67.329,50.8,1616.2,85.352
9/30/19 12:50,67.329,50.7,1628.7,85.352
9/30/19 12:50,67.329,50.7,1626.2,85.352
9/30/19 12:50,67.329,50.6,1608.7,85.352
9/30/19 12:50,67.285,50.6,1583.7,85.352
9/30/19 12:50,67.285,50.6,1558.7,85.352
9/30/19 12:50,67.285,50.6,1543.7,85.352
9/30/19 12:50,67.285,50.5,1541.2,85.352
9/30/19 12:50,67.242,50.5,1546.2,85.352
9/30/19 12:50,67.285,50.5,1541.2,85.352
9/30/19 12:50,67.242,50.4,1518.7,85.352
9/30/19 12:50,67.242,50.5,1478.7,85.352
9/30/19 12:50,67.242,50.5,1436.2,85.352
9/30/19 12:50,67.242,50.4,1391.2,85.352
9/30/19 12:50,67.242,50.4,1346.2,85.352
9/30/19 12:50,67.242,50.4,1308.7,85.352
9/30/19 12:50,67.242,50.4,1281.2,85.352
9/30/19 12:50,67.199,50.4,1261.2,85.397
9/30/19 12:50,67.199,50.5,1251.2,85.352
9/30/19 12:50,67.199,50.5,1246.2,85.352
9/30/19 12:50,67.199,50.5,1243.7,85.352
9/30/19 12:50,67.199,50.5,1243.7,85.352
9/30/19 12:50,67.199,50.6,1243.7,85.397
9/30/19 12:50,67.199,50.7,1241.2,85.352
9/30/19 12:50,67.199,50.7,1236.2,85.352
9/30/19 12:50,67.199,50.7,1228.7,85.352
9/30/19 12:50,67.199,50.8,1218.7,85.352
9/30/19 12:51,67.199,50.8,1211.2,85.352
9/30/19 12:51,67.199,50.9,1206.2,85.352
9/30/19 12:51,67.199,51,1203.7,85.397
9/30/19 12:51,67.199,50.9,1206.2,85.352
9/30/19 12:51,67.199,51,1208.7,85.397
9/30/19 12:51,67.199,51,1216.2,85.397
9/30/19 12:51,67.199,51,1226.2,85.397
9/30/19 12:51,67.199,50.9,1238.7,85.397
9/30/19 12:51,67.199,50.8,1251.2,85.397
9/30/19 12:51,67.199,50.6,1266.2,85.352
9/30/19 12:51,67.158,50.5,1283.7,85.397
9/30/19 12:51,67.158,50.4,1303.7,85.397
9/30/19 12:51,67.158,50.3,1321.2,85.397
9/30/19 12:51,67.158,50.2,1343.7,85.352
9/30/19 12:51,67.158,50.1,1361.2,85.397
9/30/19 12:51,67.158,50,1371.2,85.397
9/30/19 12:51,67.158,50,1368.7,85.397
9/30/19 12:51,67.158,50,1358.7,85.397
9/30/19 12:51,67.114,50,1346.2,85.397
9/30/19 12:51,67.114,50,1328.7,85.397
9/30/19 12:51,67.114,50.1,1311.2,85.397
9/30/19 12:51,67.114,50.1,1298.7,85.397
9/30/19 12:51,67.114,50.2,1293.7,85.397
9/30/19 12:51,67.071,50.4,1286.2,85.397
9/30/19 12:51,67.071,50.4,1278.7,85.397
9/30/19 12:51,67.071,50.6,1271.2,85.397
9/30/19 12:51,67.071,50.7,1261.2,85.397
9/30/19 12:51,67.071,50.9,1251.2,85.397
9/30/19 12:51,67.071,51,1243.7,85.397
9/30/19 12:51,67.071,51.2,1241.2,85.397
9/30/19 12:51,67.071,51.3,1241.2,85.397
9/30/19 12:51,67.071,51.4,1238.7,85.397
9/30/19 12:51,67.071,51.4,1236.2,85.397
9/30/19 12:51,67.071,51.4,1231.2,85.397
9/30/19 12:51,67.071,51.4,1223.7,85.397
9/30/19 12:51,67.071,51.3,1221.2,85.397
9/30/19 12:51,67.071,51.3,1226.2,85.397
9/30/19 12:51,67.071,51.4,1238.7,85.397
9/30/19 12:51,67.071,51.4,1253.7,85.397
9/30/19 12:51,67.071,51.5,1268.7,85.397
9/30/19 12:51,67.114,51.6,1283.7,85.397
9/30/19 12:51,67.114,51.6,1313.7,85.397
9/30/19 12:51,67.114,51.6,1368.7,85.397
9/30/19 12:51,67.114,51.5,1446.2,85.397
9/30/19 12:51,67.114,51.4,1541.2,85.397
9/30/19 12:51,67.114,51.4,1638.7,85.397
9/30/19 12:51,67.114,51.3,1698.7,85.397
9/30/19 12:51,67.114,51.3,1708.7,85.397
9/30/19 12:51,67.114,51.3,1688.7,85.397
9/30/19 12:51,67.114,51.3,1666.2,85.397
9/30/19 12:51,67.114,51.2,1683.7,85.397
9/30/19 12:51,67.114,51.1,1728.7,85.397
9/30/19 12:51,67.114,51.1,1781.2,85.397
9/30/19 12:51,67.114,51,1833.7,85.397
9/30/19 12:51,67.114,51,1868.7,85.397
9/30/19 12:51,67.114,50.9,1846.2,85.397
9/30/19 12:51,67.114,50.9,1758.7,85.397
9/30/19 12:51,67.114,51,1646.2,85.397
9/30/19 12:51,67.158,51,1536.2,85.397
9/30/19 12:51,67.114,50.9,1471.2,85.397
9/30/19 12:52,67.114,50.9,1446.2,85.397
9/30/19 12:52,67.114,50.8,1428.7,85.397
9/30/19 12:52,67.158,50.8,1411.2,85.397
9/30/19 12:52,67.158,50.7,1383.7,85.397
9/30/19 12:52,67.158,50.7,1356.2,85.397
9/30/19 12:52,67.158,50.7,1341.2,85.397
9/30/19 12:52,67.158,50.8,1328.7,85.397
9/30/19 12:52,67.158,50.8,1323.7,85.397
9/30/19 12:52,67.158,50.9,1326.2,85.397
9/30/19 12:52,67.158,51,1336.2,85.397
9/30/19 12:52,67.158,50.9,1348.7,85.442
9/30/19 12:52,67.158,51,1371.2,85.442
9/30/19 12:52,67.158,51,1393.7,85.442
9/30/19 12:52,67.158,51.1,1421.2,85.442
9/30/19 12:52,67.158,51.1,1473.7,85.442
9/30/19 12:52,67.158,51.2,1551.2,85.442
9/30/19 12:52,67.199,51.3,1656.2,85.442
9/30/19 12:52,67.199,51.4,1773.7,85.442
9/30/19 12:52,67.199,51.5,1873.7,85.442
9/30/19 12:52,67.199,51.6,1931.2,85.442
9/30/19 12:52,67.199,51.6,1941.2,85.442
9/30/19 12:52,67.199,51.7,1906.2,85.442
9/30/19 12:52,67.199,51.6,1853.7,85.442
9/30/19 12:52,67.242,51.6,1796.2,85.442
9/30/19 12:52,67.242,51.6,1736.2,85.442
9/30/19 12:52,67.242,51.7,1683.7,85.442
9/30/19 12:52,67.242,51.7,1643.7,85.442
9/30/19 12:52,67.242,51.7,1593.7,85.442
9/30/19 12:52,67.285,51.8,1543.7,85.442
9/30/19 12:52,67.285,51.9,1503.7,85.442
9/30/19 12:52,67.285,51.9,1471.2,85.442
9/30/19 12:52,67.285,51.9,1446.2,85.442
9/30/19 12:52,67.285,51.8,1433.7,85.442
9/30/19 12:52,67.285,51.7,1431.2,85.442
9/30/19 12:52,67.285,51.6,1433.7,85.442
9/30/19 12:52,67.285,51.6,1438.7,85.442
9/30/19 12:52,67.329,51.5,1433.7,85.442
9/30/19 12:52,67.329,51.4,1418.7,85.442
9/30/19 12:52,67.329,51.4,1393.7,85.442
9/30/19 12:52,67.329,51.4,1366.2,85.442
9/30/19 12:52,67.329,51.5,1341.2,85.442
9/30/19 12:52,67.329,51.6,1331.2,85.442
9/30/19 12:52,67.329,51.6,1331.2,85.442
9/30/19 12:52,67.329,51.6,1341.2,85.442
9/30/19 12:52,67.329,51.6,1373.7,85.487
9/30/19 12:52,67.329,51.6,1431.2,85.487
9/30/19 12:52,67.329,51.6,1498.7,85.487
9/30/19 12:52,67.329,51.6,1573.7,85.487
9/30/19 12:52,67.329,51.6,1638.7,85.487
9/30/19 12:52,67.329,51.6,1671.2,85.487
9/30/19 12:52,67.329,51.5,1668.7,85.487
9/30/19 12:52,67.329,51.5,1648.7,85.487
9/30/19 12:52,67.329,51.4,1618.7,85.487
9/30/19 12:52,67.329,51.2,1623.7,85.487
9/30/19 12:52,67.329,51.1,1656.2,85.487
9/30/19 12:52,67.329,51,1711.2,85.487
9/30/19 12:52,67.329,51,1761.2,85.487
9/30/19 12:52,67.329,50.9,1798.7,85.487
9/30/19 12:52,67.329,50.8,1806.2,85.487
9/30/19 12:52,67.329,50.7,1778.7,85.487
9/30/19 12:53,67.329,50.6,1733.7,85.487
9/30/19 12:53,67.329,50.4,1688.7,85.487
9/30/19 12:53,67.329,50.4,1643.7,85.487
9/30/19 12:53,67.329,50.2,1611.2,85.487
9/30/19 12:53,67.329,50.1,1583.7,85.487
9/30/19 12:53,67.285,50,1558.7,85.487
9/30/19 12:53,67.285,50,1541.2,85.487
9/30/19 12:53,67.285,49.9,1528.7,85.487
9/30/19 12:53,67.285,50,1518.7,85.487
9/30/19 12:53,67.242,50,1513.7,85.532
9/30/19 12:53,67.242,50,1513.7,85.487
9/30/19 12:53,67.242,50.2,1516.2,85.487
9/30/19 12:53,67.242,50.3,1518.7,85.532
9/30/19 12:53,67.242,50.3,1518.7,85.532
9/30/19 12:53,67.242,50.4,1521.2,85.532
9/30/19 12:53,67.199,50.4,1526.2,85.532
9/30/19 12:53,67.199,50.4,1551.2,85.532
9/30/19 12:53,67.199,50.4,1578.7,85.532
9/30/19 12:53,67.199,50.4,1601.2,85.532
9/30/19 12:53,67.199,50.4,1618.7,85.532
9/30/19 12:53,67.199,50.4,1613.7,85.532
9/30/19 12:53,67.199,50.5,1586.2,85.532
9/30/19 12:53,67.199,50.7,1553.7,85.532
9/30/19 12:53,67.158,50.8,1516.2,85.532
9/30/19 12:53,67.199,51,1478.7,85.532
9/30/19 12:53,67.158,51.1,1453.7,85.532
9/30/19 12:53,67.199,51.2,1431.2,85.532
9/30/19 12:53,67.158,51.3,1411.2,85.532
9/30/19 12:53,67.158,51.4,1396.2,85.532
9/30/19 12:53,67.158,51.4,1393.7,85.532
9/30/19 12:53,67.199,51.4,1401.2,85.532
9/30/19 12:53,67.199,51.3,1413.7,85.532
9/30/19 12:53,67.158,51.1,1421.2,85.532
9/30/19 12:53,67.199,51,1426.2,85.532
9/30/19 12:53,67.199,51,1428.7,85.532
9/30/19 12:53,67.158,50.8,1431.2,85.532
9/30/19 12:53,67.158,50.7,1438.7,85.532
9/30/19 12:53,67.199,50.6,1441.2,85.532
9/30/19 12:53,67.158,50.5,1436.2,85.532
9/30/19 12:53,67.158,50.4,1416.2,85.532
9/30/19 12:53,67.158,50.5,1398.7,85.532
9/30/19 12:53,67.158,50.5,1388.7,85.532
9/30/19 12:53,67.158,50.6,1378.7,85.532
9/30/19 12:53,67.158,50.7,1373.7,85.532
9/30/19 12:53,67.158,50.9,1371.2,85.532
9/30/19 12:53,67.158,51,1361.2,85.532
9/30/19 12:53,67.158,50.9,1356.2,85.532
9/30/19 12:53,67.158,50.9,1343.7,85.532
9/30/19 12:53,67.158,51,1336.2,85.532
9/30/19 12:53,67.158,51,1331.2,85.577
9/30/19 12:53,67.158,50.9,1333.7,85.532
9/30/19 12:53,67.158,50.8,1338.7,85.577
9/30/19 12:53,67.158,50.7,1348.7,85.577
9/30/19 12:53,67.158,50.6,1361.2,85.577
9/30/19 12:53,67.158,50.5,1371.2,85.532
9/30/19 12:53,67.158,50.4,1376.2,85.577
9/30/19 12:53,67.158,50.3,1376.2,85.577
9/30/19 12:53,67.114,50.3,1373.7,85.577
9/30/19 12:53,67.114,50.3,1368.7,85.577
9/30/19 12:53,67.114,50.2,1366.2,85.577
9/30/19 12:54,67.114,50.3,1371.2,85.577
9/30/19 12:54,67.114,50.3,1373.7,85.577
9/30/19 12:54,67.114,50.4,1368.7,85.577
9/30/19 12:54,67.114,50.3,1361.2,85.577
9/30/19 12:54,67.114,50.4,1363.7,85.577
9/30/19 12:54,67.114,50.4,1383.7,85.577
9/30/19 12:54,67.114,50.4,1413.7,85.577
9/30/19 12:54,67.114,50.4,1441.2,85.577
9/30/19 12:54,67.114,50.4,1473.7,85.577
9/30/19 12:54,67.114,50.3,1506.2,85.577
9/30/19 12:54,67.114,50.3,1516.2,85.577
9/30/19 12:54,67.114,50.3,1503.7,85.577
9/30/19 12:54,67.071,50.2,1473.7,85.577
9/30/19 12:54,67.071,50.2,1436.2,85.577
9/30/19 12:54,67.071,50.2,1403.7,85.577
9/30/19 12:54,67.071,50.1,1391.2,85.577
9/30/19 12:54,67.071,50,1376.2,85.577
9/30/19 12:54,67.071,49.9,1356.2,85.577
9/30/19 12:54,67.028,49.8,1338.7,85.577
9/30/19 12:54,67.028,49.7,1321.2,85.577
9/30/19 12:54,67.028,49.7,1301.2,85.577
9/30/19 12:54,67.028,49.7,1283.7,85.577
9/30/19 12:54,67.028,49.6,1271.2,85.577
9/30/19 12:54,67.028,49.5,1261.2,85.577
9/30/19 12:54,66.985,49.5,1256.2,85.577
9/30/19 12:54,66.985,49.4,1253.7,85.577
9/30/19 12:54,66.985,49.4,1251.2,85.577
9/30/19 12:54,66.985,49.3,1248.7,85.577
9/30/19 12:54,66.943,49.3,1241.2,85.577
9/30/19 12:54,66.943,49.3,1233.7,85.577
9/30/19 12:54,66.943,49.3,1223.7,85.577
9/30/19 12:54,66.9,49.3,1218.7,85.577
9/30/19 12:54,66.9,49.4,1216.2,85.577
9/30/19 12:54,66.9,49.5,1213.7,85.577
9/30/19 12:54,66.9,49.6,1213.7,85.577
9/30/19 12:54,66.9,49.7,1216.2,85.577
9/30/19 12:54,66.9,49.7,1221.2,85.577
9/30/19 12:54,66.857,49.7,1231.2,85.577
9/30/19 12:54,66.857,49.8,1246.2,85.577
9/30/19 12:54,66.857,49.8,1273.7,85.577
9/30/19 12:54,66.857,49.8,1311.2,85.577
9/30/19 12:54,66.857,49.9,1363.7,85.577
9/30/19 12:54,66.857,49.9,1408.7,85.577
9/30/19 12:54,66.857,49.9,1441.2,85.577
9/30/19 12:54,66.857,49.9,1451.2,85.577
9/30/19 12:54,66.814,50,1448.7,85.577
9/30/19 12:54,66.857,50,1438.7,85.577
9/30/19 12:54,66.814,50,1431.2,85.577
9/30/19 12:54,66.857,50,1431.2,85.577
9/30/19 12:54,66.857,50,1438.7,85.577
9/30/19 12:54,66.857,50,1456.2,85.577
9/30/19 12:54,66.814,50,1483.7,85.577
9/30/19 12:54,66.857,50.1,1506.2,85.577
9/30/19 12:54,66.857,50.1,1523.7,85.577
9/30/19 12:54,66.857,50.1,1533.7,85.577
9/30/19 12:54,66.857,50.2,1531.2,85.577
9/30/19 12:54,66.857,50.2,1521.2,85.577
9/30/19 12:54,66.857,50.2,1503.7,85.577
9/30/19 12:54,66.857,50.2,1483.7,85.577
9/30/19 12:54,66.857,50.3,1453.7,85.577
9/30/19 12:55,66.857,50.4,1423.7,85.577
9/30/19 12:55,66.9,50.4,1391.2,85.577
9/30/19 12:55,66.9,50.4,1356.2,85.577
9/30/19 12:55,66.9,50.5,1333.7,85.577
9/30/19 12:55,66.9,50.6,1321.2,85.577
9/30/19 12:55,66.9,50.6,1313.7,85.622
9/30/19 12:55,66.9,50.6,1313.7,85.577
9/30/19 12:55,66.9,50.7,1313.7,85.577
9/30/19 12:55,66.9,50.8,1316.2,85.622
9/30/19 12:55,66.9,50.8,1318.7,85.622
9/30/19 12:55,66.943,50.9,1318.7,85.622
9/30/19 12:55,66.943,51,1313.7,85.622
9/30/19 12:55,66.943,51,1306.2,85.622
9/30/19 12:55,66.943,51.1,1296.2,85.622
9/30/19 12:55,66.943,51.3,1286.2,85.622
9/30/19 12:55,66.943,51.4,1281.2,85.622
9/30/19 12:55,66.943,51.5,1283.7,85.622
9/30/19 12:55,66.943,51.6,1293.7,85.622
9/30/19 12:55,66.943,51.7,1308.7,85.622
9/30/19 12:55,66.985,51.8,1326.2,85.622
9/30/19 12:55,66.985,51.9,1343.7,85.622
9/30/19 12:55,66.985,52.1,1351.2,85.622
9/30/19 12:55,66.985,52.2,1346.2,85.622
9/30/19 12:55,67.028,52.2,1328.7,85.622
9/30/19 12:55,67.028,52.3,1311.2,85.622
9/30/19 12:55,67.028,52.4,1296.2,85.622
9/30/19 12:55,67.028,52.5,1281.2,85.622
9/30/19 12:55,67.028,52.5,1271.2,85.622
9/30/19 12:55,67.071,52.6,1268.7,85.622
9/30/19 12:55,67.071,52.6,1263.7,85.622
9/30/19 12:55,67.071,52.6,1258.7,85.622
9/30/19 12:55,67.071,52.6,1248.7,85.622
9/30/19 12:55,67.071,52.7,1241.2,85.622
9/30/19 12:55,67.114,52.7,1236.2,85.622
9/30/19 12:55,67.114,52.8,1231.2,85.622
9/30/19 12:55,67.114,52.7,1228.7,85.622
9/30/19 12:55,67.114,52.7,1223.7,85.622
9/30/19 12:55,67.158,52.6,1218.7,85.622
9/30/19 12:55,67.158,52.5,1216.2,85.622
9/30/19 12:55,67.158,52.5,1213.7,85.622
9/30/19 12:55,67.158,52.4,1213.7,85.622
9/30/19 12:55,67.158,52.4,1213.7,85.622
9/30/19 12:55,67.199,52.3,1221.2,85.622
9/30/19 12:55,67.199,52.3,1233.7,85.622
9/30/19 12:55,67.199,52.3,1243.7,85.622
9/30/19 12:55,67.199,52.3,1253.7,85.622
9/30/19 12:55,67.199,52.4,1261.2,85.622
9/30/19 12:55,67.242,52.4,1266.2,85.622
9/30/19 12:55,67.242,52.5,1268.7,85.622
9/30/19 12:55,67.242,52.5,1276.2,85.622
9/30/19 12:55,67.242,52.5,1286.2,85.622
9/30/19 12:55,67.285,52.6,1296.2,85.622
9/30/19 12:55,67.285,52.6,1308.7,85.622
9/30/19 12:55,67.285,52.6,1316.2,85.622
9/30/19 12:55,67.285,52.6,1318.7,85.622
9/30/19 12:55,67.329,52.6,1313.7,85.667
9/30/19 12:55,67.329,52.6,1306.2,85.667
9/30/19 12:55,67.329,52.6,1293.7,85.622
9/30/19 12:55,67.372,52.6,1281.2,85.622
9/30/19 12:55,67.372,52.6,1271.2,85.667
9/30/19 12:56,67.372,52.6,1268.7,85.622
9/30/19 12:56,67.372,52.6,1271.2,85.667
9/30/19 12:56,67.372,52.5,1273.7,85.667
9/30/19 12:56,67.413,52.3,1273.7,85.667
9/30/19 12:56,67.413,52.2,1268.7,85.667
9/30/19 12:56,67.413,52.1,1261.2,85.667
9/30/19 12:56,67.413,51.9,1251.2,85.667
9/30/19 12:56,67.413,51.8,1248.7,85.667
9/30/19 12:56,67.413,51.6,1246.2,85.667
9/30/19 12:56,67.456,51.6,1248.7,85.667
9/30/19 12:56,67.456,51.4,1248.7,85.667
9/30/19 12:56,67.456,51.3,1246.2,85.667
9/30/19 12:56,67.456,51.2,1243.7,85.667
9/30/19 12:56,67.456,51.1,1238.7,85.667
9/30/19 12:56,67.456,51,1236.2,85.667
9/30/19 12:56,67.456,51,1231.2,85.667
9/30/19 12:56,67.456,50.9,1223.7,85.667
9/30/19 12:56,67.456,50.8,1213.7,85.667
9/30/19 12:56,67.456,50.7,1206.2,85.667
9/30/19 12:56,67.456,50.6,1203.7,85.667
9/30/19 12:56,67.5,50.5,1201.2,85.667
9/30/19 12:56,67.5,50.4,1198.7,85.667
9/30/19 12:56,67.5,50.3,1196.2,85.667
9/30/19 12:56,67.5,50.3,1193.7,85.667
9/30/19 12:56,67.5,50.4,1193.7,85.667
9/30/19 12:56,67.5,50.3,1196.2,85.667
9/30/19 12:56,67.5,50.3,1201.2,85.667
9/30/19 12:56,67.5,50.3,1203.7,85.667
9/30/19 12:56,67.5,50.3,1208.7,85.667
9/30/19 12:56,67.5,50.4,1211.2,85.667
9/30/19 12:56,67.5,50.3,1213.7,85.667
9/30/19 12:56,67.5,50.3,1228.7,85.667
9/30/19 12:56,67.5,50.4,1246.2,85.667
9/30/19 12:56,67.5,50.4,1263.7,85.667
9/30/19 12:56,67.5,50.5,1281.2,85.667
9/30/19 12:56,67.5,50.6,1298.7,85.667
9/30/19 12:56,67.5,50.6,1308.7,85.667
9/30/19 12:56,67.5,50.6,1326.2,85.667
9/30/19 12:56,67.5,50.7,1338.7,85.667
9/30/19 12:56,67.5,50.7,1343.7,85.667
9/30/19 12:56,67.5,50.7,1333.7,85.667
9/30/19 12:56,67.5,50.7,1316.2,85.667
9/30/19 12:56,67.5,50.7,1303.7,85.667
9/30/19 12:56,67.543,50.7,1293.7,85.667
9/30/19 12:56,67.543,50.7,1291.2,85.667
9/30/19 12:56,67.543,50.6,1291.2,85.667
9/30/19 12:56,67.543,50.6,1288.7,85.667
9/30/19 12:56,67.543,50.5,1288.7,85.667
9/30/19 12:56,67.543,50.4,1291.2,85.667
9/30/19 12:56,67.543,50.3,1296.2,85.667
9/30/19 12:56,67.543,50.3,1301.2,85.667
9/30/19 12:56,67.543,50.3,1306.2,85.667
9/30/19 12:56,67.543,50.2,1308.7,85.667
9/30/19 12:56,67.543,50.2,1313.7,85.667
9/30/19 12:56,67.543,50.3,1318.7,85.667
9/30/19 12:56,67.543,50.1,1318.7,85.667
9/30/19 12:56,67.543,50.2,1318.7,85.667
9/30/19 12:56,67.543,50.1,1321.2,85.667
9/30/19 12:56,67.543,50,1326.2,85.667
9/30/19 12:56,67.543,50.1,1333.7,85.667
9/30/19 12:57,67.543,50.1,1343.7,85.667
9/30/19 12:57,67.543,50,1353.7,85.667
9/30/19 12:57,67.543,50.1,1361.2,85.667
9/30/19 12:57,67.543,49.8,1366.2,85.667
9/30/19 12:57,67.543,49.8,1371.2,85.667
9/30/19 12:57,67.543,49.7,1376.2,85.667
9/30/19 12:57,67.543,49.7,1381.2,85.667
9/30/19 12:57,67.543,49.7,1381.2,85.667
9/30/19 12:57,67.543,49.7,1373.7,85.667
9/30/19 12:57,67.543,49.6,1363.7,85.667
9/30/19 12:57,67.543,49.5,1353.7,85.667
9/30/19 12:57,67.5,49.5,1338.7,85.667
9/30/19 12:57,67.5,49.4,1321.2,85.667
9/30/19 12:57,67.5,49.4,1291.2,85.667
9/30/19 12:57,67.5,49.3,1258.7,85.667
9/30/19 12:57,67.5,49.3,1236.2,85.667
9/30/19 12:57,67.5,49.2,1221.2,85.712
9/30/19 12:57,67.5,49.2,1211.2,85.667
9/30/19 12:57,67.5,49.3,1208.7,85.667
9/30/19 12:57,67.5,49.3,1203.7,85.667
9/30/19 12:57,67.5,49.2,1198.7,85.712
9/30/19 12:57,67.5,49.3,1196.2,85.667
9/30/19 12:57,67.5,49.4,1193.7,85.667
9/30/19 12:57,67.5,49.6,1188.7,85.667
9/30/19 12:57,67.5,49.7,1183.7,85.667
9/30/19 12:57,67.456,49.8,1178.7,85.667
9/30/19 12:57,67.456,49.9,1173.7,85.667
9/30/19 12:57,67.5,50,1168.7,85.667
9/30/19 12:57,67.456,50,1166.2,85.667
9/30/19 12:57,67.456,50.1,1161.2,85.667
9/30/19 12:57,67.456,50.2,1156.2,85.667
9/30/19 12:57,67.5,50.2,1151.2,85.667
9/30/19 12:57,67.456,50.4,1148.7,85.667
9/30/19 12:57,67.456,50.4,1143.7,85.667
9/30/19 12:57,67.456,50.5,1141.2,85.667
9/30/19 12:57,67.456,50.6,1138.7,85.667
9/30/19 12:57,67.456,50.7,1133.7,85.667
9/30/19 12:57,67.456,50.8,1133.7,85.667
9/30/19 12:57,67.456,50.9,1131.2,85.667
9/30/19 12:57,67.456,51,1133.7,85.667
9/30/19 12:57,67.456,51,1136.2,85.667
9/30/19 12:57,67.456,51,1138.7,85.667
9/30/19 12:57,67.456,51,1141.2,85.667
9/30/19 12:57,67.456,51,1138.7,85.667
9/30/19 12:57,67.456,51,1136.2,85.667
9/30/19 12:57,67.456,51,1136.2,85.667
9/30/19 12:57,67.456,51,1138.7,85.667
9/30/19 12:57,67.456,51,1138.7,85.667
9/30/19 12:57,67.456,51,1138.7,85.667
9/30/19 12:57,67.456,51.1,1138.7,85.667
9/30/19 12:57,67.456,51.2,1136.2,85.667
9/30/19 12:57,67.456,51.3,1133.7,85.667
9/30/19 12:57,67.456,51.3,1133.7,85.667
9/30/19 12:57,67.456,51.4,1133.7,85.667
9/30/19 12:57,67.456,51.4,1136.2,85.667
9/30/19 12:57,67.456,51.6,1136.2,85.667
9/30/19 12:57,67.456,51.6,1138.7,85.667
9/30/19 12:57,67.456,51.7,1141.2,85.667
9/30/19 12:57,67.456,51.9,1141.2,85.667
9/30/19 12:57,67.456,52.1,1138.7,85.667
9/30/19 12:58,67.5,52.2,1136.2,85.667
9/30/19 12:58,67.5,52.4,1133.7,85.667
9/30/19 12:58,67.5,52.5,1131.2,85.667
9/30/19 12:58,67.5,52.6,1131.2,85.667
9/30/19 12:58,67.5,52.7,1131.2,85.667
9/30/19 12:58,67.5,52.7,1128.7,85.667
9/30/19 12:58,67.543,52.7,1128.7,85.667
9/30/19 12:58,67.543,52.6,1128.7,85.667
9/30/19 12:58,67.543,52.5,1126.2,85.667
9/30/19 12:58,67.543,52.4,1123.7,85.667
9/30/19 12:58,67.543,52.3,1118.7,85.667
9/30/19 12:58,67.543,52.3,1116.2,85.667
9/30/19 12:58,67.543,52.2,1113.7,85.667
9/30/19 12:58,67.543,52.2,1111.2,85.667
9/30/19 12:58,67.586,52.3,1111.2,85.622
9/30/19 12:58,67.543,52.3,1111.2,85.622
9/30/19 12:58,67.543,52.3,1113.7,85.622
9/30/19 12:58,67.543,52.3,1116.2,85.622
9/30/19 12:58,67.586,52.3,1121.2,85.622
9/30/19 12:58,67.586,52.3,1126.2,85.622
9/30/19 12:58,67.586,52.3,1131.2,85.622
9/30/19 12:58,67.586,52.3,1133.7,85.622
9/30/19 12:58,67.586,52.2,1133.7,85.622
9/30/19 12:58,67.586,52.2,1133.7,85.622
9/30/19 12:58,67.586,52.1,1131.2,85.622
9/30/19 12:58,67.586,52,1128.7,85.622
9/30/19 12:58,67.586,51.9,1126.2,85.622
9/30/19 12:58,67.586,51.8,1121.2,85.622
9/30/19 12:58,67.586,51.6,1118.7,85.622
9/30/19 12:58,67.586,51.6,1116.2,85.622
9/30/19 12:58,67.586,51.4,1113.7,85.622
9/30/19 12:58,67.586,51.2,1111.2,85.622
9/30/19 12:58,67.586,51.1,1111.2,85.622
9/30/19 12:58,67.586,51,1111.2,85.622
9/30/19 12:58,67.586,51,1111.2,85.622
9/30/19 12:58,67.586,50.9,1111.2,85.622
9/30/19 12:58,67.586,50.9,1113.7,85.622
9/30/19 12:58,67.586,50.9,1113.7,85.622
9/30/19 12:58,67.586,50.8,1113.7,85.622
9/30/19 12:58,67.543,50.8,1113.7,85.622
9/30/19 12:58,67.543,50.8,1113.7,85.622
9/30/19 12:58,67.543,50.7,1111.2,85.577
9/30/19 12:58,67.543,50.7,1111.2,85.622
9/30/19 12:58,67.543,50.7,1108.7,85.622
9/30/19 12:58,67.543,50.6,1108.7,85.577
9/30/19 12:58,67.543,50.6,1106.2,85.577
9/30/19 12:58,67.543,50.6,1106.2,85.577
9/30/19 12:58,67.543,50.7,1106.2,85.577
9/30/19 12:58,67.543,50.7,1108.7,85.577
9/30/19 12:58,67.543,50.8,1111.2,85.577
9/30/19 12:58,67.5,50.9,1113.7,85.577
9/30/19 12:58,67.5,51,1116.2,85.577
9/30/19 12:58,67.5,50.9,1116.2,85.577
9/30/19 12:58,67.5,51,1118.7,85.577
9/30/19 12:58,67.5,51.2,1118.7,85.577
9/30/19 12:58,67.5,51.3,1116.2,85.577
9/30/19 12:58,67.5,51.4,1116.2,85.577
9/30/19 12:58,67.5,51.5,1118.7,85.577
9/30/19 12:58,67.5,51.6,1121.2,85.577
9/30/19 12:58,67.5,51.6,1123.7,85.577
9/30/19 12:59,67.5,51.6,1126.2,85.577
9/30/19 12:59,67.543,51.6,1123.7,85.577
9/30/19 12:59,67.5,51.6,1118.7,85.577
9/30/19 12:59,67.543,51.6,1113.7,85.577
9/30/19 12:59,67.5,51.6,1108.7,85.577
9/30/19 12:59,67.543,51.6,1103.7,85.577
9/30/19 12:59,67.543,51.6,1103.7,85.577
9/30/19 12:59,67.5,51.6,1106.2,85.532
9/30/19 12:59,67.543,51.6,1103.7,85.532
9/30/19 12:59,67.543,51.6,1103.7,85.532
9/30/19 12:59,67.543,51.5,1101.2,85.532
9/30/19 12:59,67.5,51.4,1098.7,85.577
9/30/19 12:59,67.543,51.4,1096.2,85.532
9/30/19 12:59,67.543,51.3,1096.2,85.532
9/30/19 12:59,67.543,51.3,1096.2,85.532
9/30/19 12:59,67.543,51.2,1093.7,85.532
9/30/19 12:59,67.543,51.1,1091.2,85.532
9/30/19 12:59,67.543,51.1,1091.2,85.532
9/30/19 12:59,67.543,51,1091.2,85.532
9/30/19 12:59,67.543,51,1088.7,85.532
9/30/19 12:59,67.543,50.8,1088.7,85.532
9/30/19 12:59,67.543,50.7,1088.7,85.532
9/30/19 12:59,67.5,50.6,1088.7,85.532
9/30/19 12:59,67.543,50.4,1088.7,85.532
9/30/19 12:59,67.543,50.4,1088.7,85.532
9/30/19 12:59,67.5,50.2,1088.7,85.532
9/30/19 12:59,67.5,50,1088.7,85.532
9/30/19 12:59,67.5,50,1088.7,85.532
9/30/19 12:59,67.5,49.8,1088.7,85.532
9/30/19 12:59,67.5,49.7,1086.2,85.532
9/30/19 12:59,67.5,49.6,1086.2,85.532
9/30/19 12:59,67.5,49.5,1086.2,85.532
9/30/19 12:59,67.456,49.4,1086.2,85.532
9/30/19 12:59,67.456,49.2,1086.2,85.532
9/30/19 12:59,67.456,49.3,1086.2,85.532
9/30/19 12:59,67.456,49.2,1083.7,85.532
9/30/19 12:59,67.456,49.1,1083.7,85.532
9/30/19 12:59,67.456,49.2,1086.2,85.532
9/30/19 12:59,67.456,49.1,1088.7,85.532
9/30/19 12:59,67.413,49,1091.2,85.487
9/30/19 12:59,67.413,49,1093.7,85.532
9/30/19 12:59,67.413,49,1096.2,85.532
9/30/19 12:59,67.413,49,1096.2,85.487
9/30/19 12:59,67.413,49,1093.7,85.487
9/30/19 12:59,67.413,49,1091.2,85.487
9/30/19 12:59,67.413,49,1088.7,85.487
9/30/19 12:59,67.372,49,1086.2,85.487
9/30/19 12:59,67.372,49,1083.7,85.487
9/30/19 12:59,67.372,49,1083.7,85.487
9/30/19 12:59,67.372,48.9,1081.2,85.487
9/30/19 12:59,67.372,49.1,1081.2,85.487
9/30/19 12:59,67.372,49.1,1081.2,85.487
9/30/19 12:59,67.372,49.1,1081.2,85.487
9/30/19 12:59,67.372,49.1,1083.7,85.487
9/30/19 12:59,67.372,49.1,1086.2,85.487
9/30/19 12:59,67.372,49.2,1086.2,85.487
9/30/19 12:59,67.372,49.2,1088.7,85.487
9/30/19 12:59,67.372,49.2,1088.7,85.487
9/30/19 12:59,67.372,49.1,1086.2,85.487
9/30/19 12:59,67.372,49,1083.7,85.487
9/30/19 13:00,67.372,49.1,1078.7,85.487
9/30/19 13:00,67.372,49.1,1076.2,85.487
9/30/19 13:00,67.372,49.2,1073.7,85.487
9/30/19 13:00,67.372,49.2,1071.2,85.487
9/30/19 13:00,67.372,49.3,1071.2,85.487
9/30/19 13:00,67.372,49.4,1073.7,85.487
9/30/19 13:00,67.372,49.4,1073.7,85.487
9/30/19 13:00,67.372,49.5,1076.2,85.487
9/30/19 13:00,67.372,49.5,1081.2,85.487
9/30/19 13:00,67.372,49.5,1086.2,85.487
9/30/19 13:00,67.372,49.6,1088.7,85.487
9/30/19 13:00,67.372,49.6,1091.2,85.487
9/30/19 13:00,67.372,49.7,1091.2,85.442
9/30/19 13:00,67.372,49.7,1091.2,85.442
9/30/19 13:00,67.372,49.6,1091.2,85.442
9/30/19 13:00,67.372,49.5,1091.2,85.442
9/30/19 13:00,67.372,49.5,1091.2,85.442
9/30/19 13:00,67.372,49.4,1091.2,85.442
9/30/19 13:00,67.372,49.4,1088.7,85.442
9/30/19 13:00,67.372,49.3,1088.7,85.442
9/30/19 13:00,67.329,49.2,1088.7,85.442
9/30/19 13:00,67.329,49.2,1088.7,85.442
9/30/19 13:00,67.329,49.1,1088.7,85.442
9/30/19 13:00,67.329,49.1,1088.7,85.442
9/30/19 13:00,67.329,49.2,1088.7,85.442
9/30/19 13:00,67.285,49.2,1088.7,85.442
9/30/19 13:00,67.285,49.1,1088.7,85.442
9/30/19 13:00,67.285,49.1,1086.2,85.442
9/30/19 13:00,67.285,49.1,1083.7,85.442
9/30/19 13:00,67.285,49,1083.7,85.442
9/30/19 13:00,67.242,49.1,1081.2,85.442
9/30/19 13:00,67.242,49,1078.7,85.442
9/30/19 13:00,67.242,49,1078.7,85.442
9/30/19 13:00,67.242,48.9,1078.7,85.442
9/30/19 13:00,67.242,48.9,1078.7,85.442
9/30/19 13:00,67.199,48.8,1076.2,85.442
9/30/19 13:00,67.199,48.8,1076.2,85.442
9/30/19 13:00,67.199,48.8,1076.2,85.397
9/30/19 13:00,67.199,48.7,1076.2,85.397
9/30/19 13:00,67.158,48.7,1076.2,85.397
9/30/19 13:00,67.158,48.7,1078.7,85.397
9/30/19 13:00,67.158,48.7,1078.7,85.397
9/30/19 13:00,67.158,48.7,1078.7,85.397
9/30/19 13:00,67.114,48.7,1078.7,85.397
9/30/19 13:00,67.114,48.7,1078.7,85.397
9/30/19 13:00,67.114,48.7,1078.7,85.397
9/30/19 13:00,67.114,48.6,1078.7,85.397
9/30/19 13:00,67.071,48.6,1078.7,85.397
9/30/19 13:00,67.071,48.6,1078.7,85.397
9/30/19 13:00,67.071,48.6,1078.7,85.397
9/30/19 13:00,67.071,48.6,1081.2,85.397
9/30/19 13:00,67.071,48.7,1083.7,85.397
9/30/19 13:00,67.028,48.7,1083.7,85.397
9/30/19 13:00,67.028,48.8,1086.2,85.352
9/30/19 13:00,67.028,48.9,1088.7,85.397
9/30/19 13:00,67.028,49,1091.2,85.352
9/30/19 13:00,67.028,49.1,1096.2,85.352
9/30/19 13:00,67.028,49.1,1103.7,85.352
9/30/19 13:00,66.985,49.3,1111.2,85.352
9/30/19 13:00,66.985,49.4,1113.7,85.352
9/30/19 13:01,66.985,49.4,1116.2,85.352
9/30/19 13:01,66.985,49.4,1116.2,85.352
9/30/19 13:01,66.985,49.5,1116.2,85.352
9/30/19 13:01,66.985,49.5,1116.2,85.352
9/30/19 13:01,66.985,49.6,1116.2,85.352
9/30/19 13:01,66.985,49.7,1116.2,85.352
9/30/19 13:01,66.985,49.7,1118.7,85.352
9/30/19 13:01,66.985,49.8,1123.7,85.352
9/30/19 13:01,66.943,49.9,1126.2,85.352
9/30/19 13:01,66.943,50.1,1128.7,85.307
9/30/19 13:01,66.943,50.2,1138.7,85.307
9/30/19 13:01,66.943,50.3,1148.7,85.307
9/30/19 13:01,66.943,50.3,1161.2,85.307
9/30/19 13:01,66.943,50.4,1166.2,85.307
9/30/19 13:01,66.943,50.5,1163.7,85.307
9/30/19 13:01,66.943,50.6,1153.7,85.307
9/30/19 13:01,66.943,50.8,1143.7,85.307
9/30/19 13:01,66.943,50.9,1131.2,85.307
9/30/19 13:01,66.943,51,1118.7,85.307
9/30/19 13:01,66.943,51.1,1111.2,85.307
9/30/19 13:01,66.943,51.2,1106.2,85.307
9/30/19 13:01,66.943,51.3,1098.7,85.307
9/30/19 13:01,66.943,51.4,1096.2,85.307
9/30/19 13:01,66.943,51.4,1091.2,85.307
9/30/19 13:01,66.943,51.5,1088.7,85.307
9/30/19 13:01,66.943,51.6,1088.7,85.307
9/30/19 13:01,66.943,51.5,1086.2,85.307
9/30/19 13:01,66.943,51.5,1086.2,85.262
9/30/19 13:01,66.943,51.4,1083.7,85.262
9/30/19 13:01,66.943,51.3,1083.7,85.262
9/30/19 13:01,66.943,51.2,1083.7,85.262
9/30/19 13:01,66.943,51.2,1086.2,85.262
9/30/19 13:01,66.943,51.1,1088.7,85.262
9/30/19 13:01,66.943,51.1,1091.2,85.262
9/30/19 13:01,66.943,51.1,1096.2,85.262
9/30/19 13:01,66.943,51.1,1098.7,85.262
9/30/19 13:01,66.943,51.2,1101.2,85.262
9/30/19 13:01,66.943,51.2,1103.7,85.262
9/30/19 13:01,66.943,51.1,1108.7,85.262
9/30/19 13:01,66.943,51.1,1111.2,85.262
9/30/19 13:01,66.943,51,1113.7,85.262
9/30/19 13:01,66.943,51,1116.2,85.262
9/30/19 13:01,66.943,50.8,1113.7,85.262
9/30/19 13:01,66.943,50.7,1108.7,85.262
9/30/19 13:01,66.943,50.6,1101.2,85.262
9/30/19 13:01,66.943,50.6,1093.7,85.262
9/30/19 13:01,66.943,50.5,1086.2,85.262
9/30/19 13:01,66.9,50.4,1081.2,85.262
9/30/19 13:01,66.943,50.4,1076.2,85.217
9/30/19 13:01,66.9,50.4,1073.7,85.217
9/30/19 13:01,66.9,50.4,1071.2,85.217
9/30/19 13:01,66.9,50.3,1071.2,85.217
9/30/19 13:01,66.9,50.4,1071.2,85.217
9/30/19 13:01,66.9,50.2,1068.7,85.217
9/30/19 13:01,66.9,50.1,1068.7,85.217
9/30/19 13:01,66.857,50,1066.2,85.217
9/30/19 13:01,66.857,50,1066.2,85.217
9/30/19 13:01,66.857,49.9,1063.7,85.217
9/30/19 13:01,66.857,49.8,1061.2,85.217
9/30/19 13:01,66.857,49.8,1058.7,85.217
9/30/19 13:02,66.857,49.9,1058.7,85.217
9/30/19 13:02,66.814,50,1056.2,85.172
9/30/19 13:02,66.814,50,1056.2,85.172
9/30/19 13:02,66.814,50.1,1056.2,85.172
9/30/19 13:02,66.814,50.1,1053.7,85.172
9/30/19 13:02,66.814,50.2,1056.2,85.172
9/30/19 13:02,66.814,50.2,1056.2,85.172
9/30/19 13:02,66.772,50.3,1056.2,85.172
9/30/19 13:02,66.772,50.3,1053.7,85.172
9/30/19 13:02,66.772,50.4,1053.7,85.172
9/30/19 13:02,66.772,50.3,1051.2,85.172
9/30/19 13:02,66.772,50.3,1048.7,85.172
9/30/19 13:02,66.772,50.3,1046.2,85.172
9/30/19 13:02,66.772,50.4,1043.7,85.172
9/30/19 13:02,66.772,50.5,1041.2,85.172
9/30/19 13:02,66.772,50.6,1041.2,85.172
9/30/19 13:02,66.772,50.7,1038.7,85.172
9/30/19 13:02,66.772,50.8,1038.7,85.172
9/30/19 13:02,66.772,50.8,1036.2,85.127
9/30/19 13:02,66.772,50.8,1036.2,85.127
9/30/19 13:02,66.729,50.8,1036.2,85.127
9/30/19 13:02,66.729,50.7,1033.7,85.127
9/30/19 13:02,66.729,50.6,1033.7,85.127
9/30/19 13:02,66.772,50.5,1033.7,85.127
9/30/19 13:02,66.729,50.4,1033.7,85.127
9/30/19 13:02,66.729,50.4,1033.7,85.127
9/30/19 13:02,66.729,50.4,1031.2,85.127
9/30/19 13:02,66.729,50.4,1031.2,85.127
9/30/19 13:02,66.729,50.5,1031.2,85.127
9/30/19 13:02,66.729,50.6,1028.7,85.127
9/30/19 13:02,66.729,50.7,1028.7,85.127
9/30/19 13:02,66.729,50.8,1026.2,85.127
9/30/19 13:02,66.729,50.8,1026.2,85.127
9/30/19 13:02,66.729,50.7,1023.7,85.082
9/30/19 13:02,66.729,50.7,1023.7,85.082
9/30/19 13:02,66.729,50.6,1023.7,85.082
9/30/19 13:02,66.729,50.5,1021.2,85.082
9/30/19 13:02,66.729,50.5,1021.2,85.082
9/30/19 13:02,66.729,50.4,1021.2,85.082
9/30/19 13:02,66.729,50.4,1021.2,85.082
9/30/19 13:02,66.729,50.4,1021.2,85.082
9/30/19 13:02,66.729,50.3,1021.2,85.082
9/30/19 13:02,66.729,50.2,1021.2,85.082
9/30/19 13:02,66.729,50.1,1018.7,85.082
9/30/19 13:02,66.729,50,1018.7,85.082
9/30/19 13:02,66.729,49.9,1018.7,85.082
9/30/19 13:02,66.729,49.8,1016.2,85.035
9/30/19 13:02,66.729,49.7,1016.2,85.035
9/30/19 13:02,66.686,49.7,1016.2,85.035
9/30/19 13:02,66.686,49.5,1016.2,85.035
9/30/19 13:02,66.686,49.5,1013.7,85.035
9/30/19 13:02,66.686,49.4,1013.7,85.035
9/30/19 13:02,66.686,49.3,1013.7,85.035
9/30/19 13:02,66.686,49.2,1013.7,85.035
9/30/19 13:02,66.643,49.2,1013.7,85.035
9/30/19 13:02,66.643,49.1,1011.2,85.035
9/30/19 13:02,66.643,49.1,1011.2,85.035
9/30/19 13:02,66.643,49.1,1011.2,85.035
9/30/19 13:02,66.643,49.1,1011.2,85.035
9/30/19 13:02,66.643,49.2,1011.2,84.99
9/30/19 13:03,66.6,49.2,1011.2,84.99
9/30/19 13:03,66.6,49.3,1011.2,84.99
9/30/19 13:03,66.6,49.4,1008.7,84.99
9/30/19 13:03,66.6,49.5,1008.7,84.99
9/30/19 13:03,66.6,49.6,1008.7,84.99
9/30/19 13:03,66.6,49.7,1008.7,84.99
9/30/19 13:03,66.6,49.7,1008.7,84.99
9/30/19 13:03,66.6,49.8,1008.7,84.99
9/30/19 13:03,66.6,49.9,1008.7,84.99
9/30/19 13:03,66.558,49.9,1008.7,84.99
9/30/19 13:03,66.558,49.9,1008.7,84.99
9/30/19 13:03,66.558,49.8,1008.7,84.99
9/30/19 13:03,66.558,49.7,1008.7,84.99
9/30/19 13:03,66.558,49.7,1011.2,84.99
9/30/19 13:03,66.558,49.7,1011.2,84.99
9/30/19 13:03,66.558,49.7,1008.7,84.945
9/30/19 13:03,66.558,49.7,1008.7,84.945
9/30/19 13:03,66.558,49.7,1008.7,84.945
9/30/19 13:03,66.558,49.7,1008.7,84.945
9/30/19 13:03,66.558,49.6,1008.7,84.945
9/30/19 13:03,66.515,49.6,1006.2,84.945
9/30/19 13:03,66.558,49.5,1006.2,84.945
9/30/19 13:03,66.515,49.5,1006.2,84.945
9/30/19 13:03,66.515,49.5,1003.7,84.945
9/30/19 13:03,66.515,49.5,1003.7,84.945
9/30/19 13:03,66.515,49.5,1003.7,84.945
9/30/19 13:03,66.515,49.7,1003.7,84.945
9/30/19 13:03,66.515,49.7,1003.7,84.945
9/30/19 13:03,66.515,49.8,1003.7,84.945
9/30/19 13:03,66.515,49.9,1003.7,84.945
9/30/19 13:03,66.515,50,1003.7,84.9
9/30/19 13:03,66.472,50.1,1003.7,84.9
9/30/19 13:03,66.472,50.1,1003.7,84.9
9/30/19 13:03,66.472,50,1003.7,84.9
9/30/19 13:03,66.472,50,1003.7,84.9
9/30/19 13:03,66.472,49.9,1003.7,84.9
9/30/19 13:03,66.472,49.8,1001.2,84.9
9/30/19 13:03,66.472,49.8,1003.7,84.9
9/30/19 13:03,66.472,49.7,1001.2,84.9
9/30/19 13:03,66.472,49.7,1003.7,84.9
9/30/19 13:03,66.472,49.7,1003.7,84.9
9/30/19 13:03,66.472,49.7,1003.7,84.9
9/30/19 13:03,66.472,49.7,1003.7,84.9
9/30/19 13:03,66.472,49.7,1003.7,84.9
9/30/19 13:03,66.472,49.8,1003.7,84.9
9/30/19 13:03,66.472,49.8,1003.7,84.9
9/30/19 13:03,66.472,49.8,1003.7,84.9
9/30/19 13:03,66.472,49.8,1006.2,84.9
9/30/19 13:03,66.472,49.8,1006.2,84.9
9/30/19 13:03,66.472,49.9,1003.7,84.9
9/30/19 13:03,66.472,50,1003.7,84.857
9/30/19 13:03,66.472,50.1,1003.7,84.857
9/30/19 13:03,66.472,50.2,1003.7,84.857
9/30/19 13:03,66.472,50.4,1003.7,84.857
9/30/19 13:03,66.472,50.4,1003.7,84.857
9/30/19 13:03,66.472,50.5,1003.7,84.857
9/30/19 13:03,66.472,50.6,1003.7,84.857
9/30/19 13:03,66.472,50.7,1003.7,84.857
9/30/19 13:03,66.472,50.8,1003.7,84.857
9/30/19 13:03,66.472,50.9,1003.7,84.857
9/30/19 13:04,66.515,50.9,1003.7,84.857
9/30/19 13:04,66.515,51.1,1003.7,84.857
9/30/19 13:04,66.515,51.2,1006.2,84.857
9/30/19 13:04,66.515,51.3,1006.2,84.857
9/30/19 13:04,66.515,51.4,1006.2,84.857
9/30/19 13:04,66.515,51.4,1006.2,84.857
9/30/19 13:04,66.515,51.4,1003.7,84.857
9/30/19 13:04,66.515,51.4,1003.7,84.857
9/30/19 13:04,66.515,51.4,1001.2,84.857
9/30/19 13:04,66.515,51.3,998.7,84.812
9/30/19 13:04,66.558,51.1,998.7,84.812
9/30/19 13:04,66.558,51,996.2,84.857
9/30/19 13:04,66.558,50.9,996.2,84.857
9/30/19 13:04,66.558,51,993.7,84.857
9/30/19 13:04,66.558,50.9,993.7,84.812
9/30/19 13:04,66.558,50.8,991.2,84.812
9/30/19 13:04,66.558,50.8,991.2,84.812
9/30/19 13:04,66.558,50.9,991.2,84.812
9/30/19 13:04,66.558,50.9,988.7,84.812
9/30/19 13:04,66.558,51,988.7,84.812
9/30/19 13:04,66.558,51,988.7,84.812
9/30/19 13:04,66.558,51,986.2,84.812
9/30/19 13:04,66.558,50.9,983.7,84.812
9/30/19 13:04,66.558,50.8,983.7,84.812
9/30/19 13:04,66.558,50.8,983.7,84.812
9/30/19 13:04,66.558,50.8,981.2,84.812
9/30/19 13:04,66.558,50.8,981.2,84.812
9/30/19 13:04,66.558,50.8,981.2,84.812
9/30/19 13:04,66.558,50.8,981.2,84.812
9/30/19 13:04,66.558,50.7,981.2,84.812
9/30/19 13:04,66.558,50.6,978.7,84.812
9/30/19 13:04,66.558,50.5,978.7,84.812
9/30/19 13:04,66.558,50.4,978.7,84.812
9/30/19 13:04,66.558,50.3,978.7,84.812
9/30/19 13:04,66.558,50.3,978.7,84.812
9/30/19 13:04,66.558,50.3,976.2,84.767
9/30/19 13:04,66.558,50.3,976.2,84.767
9/30/19 13:04,66.558,50.3,976.2,84.767
9/30/19 13:04,66.558,50.4,976.2,84.767
9/30/19 13:04,66.558,50.3,976.2,84.767
9/30/19 13:04,66.558,50.3,976.2,84.767
9/30/19 13:04,66.558,50.4,976.2,84.767
9/30/19 13:04,66.558,50.4,976.2,84.767
9/30/19 13:04,66.558,50.5,976.2,84.767
9/30/19 13:04,66.558,50.5,976.2,84.767
9/30/19 13:04,66.558,50.4,976.2,84.767
9/30/19 13:04,66.558,50.4,976.2,84.767
9/30/19 13:04,66.558,50.3,976.2,84.767
9/30/19 13:04,66.558,50.4,976.2,84.767
9/30/19 13:04,66.558,50.3,976.2,84.767
9/30/19 13:04,66.558,50.2,976.2,84.767
9/30/19 13:04,66.558,50.1,976.2,84.722
9/30/19 13:04,66.515,50,976.2,84.722
9/30/19 13:04,66.515,49.9,976.2,84.722
9/30/19 13:04,66.515,49.8,976.2,84.722
9/30/19 13:04,66.515,49.7,976.2,84.722
9/30/19 13:04,66.515,49.7,976.2,84.722
9/30/19 13:04,66.515,49.5,973.7,84.722
9/30/19 13:04,66.515,49.4,973.7,84.722
9/30/19 13:04,66.515,49.3,973.7,84.722
9/30/19 13:05,66.515,49.2,973.7,84.722
9/30/19 13:05,66.515,49.1,971.2,84.722
9/30/19 13:05,66.515,49.1,971.2,84.722
9/30/19 13:05,66.515,49,971.2,84.722
9/30/19 13:05,66.515,49,971.2,84.722
9/30/19 13:05,66.472,49,971.2,84.722
9/30/19 13:05,66.472,49,971.2,84.722
9/30/19 13:05,66.472,49.1,971.2,84.677
9/30/19 13:05,66.472,49.1,971.2,84.677
9/30/19 13:05,66.472,49.1,968.7,84.677
9/30/19 13:05,66.472,49.2,968.7,84.677
9/30/19 13:05,66.472,49.2,968.7,84.677
9/30/19 13:05,66.472,49.3,966.2,84.677
9/30/19 13:05,66.472,49.4,966.2,84.677
9/30/19 13:05,66.472,49.4,966.2,84.677
9/30/19 13:05,66.472,49.4,966.2,84.677
9/30/19 13:05,66.429,49.4,966.2,84.677
9/30/19 13:05,66.472,49.4,966.2,84.677
9/30/19 13:05,66.472,49.4,963.7,84.677
9/30/19 13:05,66.429,49.5,963.7,84.677
9/30/19 13:05,66.429,49.5,963.7,84.677
9/30/19 13:05,66.429,49.5,963.7,84.677
9/30/19 13:05,66.429,49.6,963.7,84.677
9/30/19 13:05,66.429,49.6,961.2,84.632
9/30/19 13:05,66.429,49.6,961.2,84.632
9/30/19 13:05,66.429,49.6,961.2,84.632
9/30/19 13:05,66.429,49.7,961.2,84.632
9/30/19 13:05,66.429,49.7,961.2,84.632
9/30/19 13:05,66.429,49.7,958.7,84.632
9/30/19 13:05,66.429,49.7,958.7,84.632
9/30/19 13:05,66.429,49.7,958.7,84.632
9/30/19 13:05,66.385,49.7,958.7,84.632
9/30/19 13:05,66.385,49.7,958.7,84.632
9/30/19 13:05,66.385,49.7,958.7,84.632
9/30/19 13:05,66.385,49.8,958.7,84.632
9/30/19 13:05,66.385,49.8,956.2,84.632
9/30/19 13:05,66.385,49.8,956.2,84.587
9/30/19 13:05,66.385,49.8,956.2,84.587
9/30/19 13:05,66.385,49.8,956.2,84.587
9/30/19 13:05,66.385,49.7,956.2,84.587
9/30/19 13:05,66.385,49.7,956.2,84.587
9/30/19 13:05,66.385,49.7,956.2,84.587
9/30/19 13:05,66.385,49.7,956.2,84.587
9/30/19 13:05,66.385,49.7,956.2,84.587
9/30/19 13:05,66.385,49.6,956.2,84.587
9/30/19 13:05,66.344,49.6,956.2,84.587
9/30/19 13:05,66.344,49.5,956.2,84.587
9/30/19 13:05,66.344,49.5,956.2,84.587
9/30/19 13:05,66.344,49.5,956.2,84.587
9/30/19 13:05,66.344,49.5,956.2,84.542
9/30/19 13:05,66.344,49.5,956.2,84.587
9/30/19 13:05,66.344,49.4,956.2,84.542
9/30/19 13:05,66.344,49.3,956.2,84.542
9/30/19 13:05,66.344,49.3,956.2,84.542
9/30/19 13:05,66.344,49.2,956.2,84.542
9/30/19 13:05,66.344,49.2,953.7,84.542
9/30/19 13:05,66.301,49.1,953.7,84.542
9/30/19 13:05,66.301,49.1,953.7,84.542
9/30/19 13:05,66.301,49.1,953.7,84.542
9/30/19 13:05,66.301,49.1,951.2,84.542
9/30/19 13:06,66.301,49.1,951.2,84.542
9/30/19 13:06,66.301,49.1,951.2,84.542
9/30/19 13:06,66.301,49.1,951.2,84.542
9/30/19 13:06,66.258,49.1,948.7,84.542
9/30/19 13:06,66.258,49.2,948.7,84.542
9/30/19 13:06,66.258,49.2,948.7,84.542
9/30/19 13:06,66.258,49.3,946.2,84.542
9/30/19 13:06,66.258,49.4,946.2,84.542
9/30/19 13:06,66.258,49.4,946.2,84.542
9/30/19 13:06,66.258,49.5,946.2,84.497
9/30/19 13:06,66.258,49.5,946.2,84.497
9/30/19 13:06,66.258,49.6,943.7,84.497
9/30/19 13:06,66.258,49.7,943.7,84.497
9/30/19 13:06,66.258,49.7,943.7,84.497
9/30/19 13:06,66.258,49.8,943.7,84.497
9/30/19 13:06,66.258,49.9,943.7,84.497
9/30/19 13:06,66.258,50,943.7,84.497
9/30/19 13:06,66.258,50,941.2,84.497
9/30/19 13:06,66.258,50.2,941.2,84.497
9/30/19 13:06,66.258,50.2,941.2,84.497
9/30/19 13:06,66.258,50.3,941.2,84.497
9/30/19 13:06,66.258,50.2,941.2,84.497
9/30/19 13:06,66.214,50.3,941.2,84.497
9/30/19 13:06,66.258,50.2,941.2,84.497
9/30/19 13:06,66.258,50.3,938.7,84.497
9/30/19 13:06,66.258,50.4,938.7,84.497
9/30/19 13:06,66.258,50.3,938.7,84.497
9/30/19 13:06,66.214,50.4,938.7,84.497
9/30/19 13:06,66.214,50.4,938.7,84.497
9/30/19 13:06,66.258,50.4,938.7,84.497
9/30/19 13:06,66.214,50.4,938.7,84.497
9/30/19 13:06,66.258,50.4,938.7,84.497
9/30/19 13:06,66.214,50.4,938.7,84.497
9/30/19 13:06,66.214,50.2,938.7,84.452
9/30/19 13:06,66.214,50.3,938.7,84.452
9/30/19 13:06,66.214,50.3,938.7,84.452
9/30/19 13:06,66.214,50.3,938.7,84.452
9/30/19 13:06,66.214,50.3,936.2,84.452
9/30/19 13:06,66.214,50.4,936.2,84.452
9/30/19 13:06,66.214,50.3,936.2,84.452
9/30/19 13:06,66.214,50.1,936.2,84.452
9/30/19 13:06,66.214,50.2,936.2,84.452
9/30/19 13:06,66.214,50,936.2,84.452
9/30/19 13:06,66.214,50.1,936.2,84.452
9/30/19 13:06,66.214,49.9,936.2,84.452
9/30/19 13:06,66.214,50,936.2,84.452
9/30/19 13:06,66.214,50,936.2,84.452
9/30/19 13:06,66.214,49.9,936.2,84.452
9/30/19 13:06,66.214,49.9,936.2,84.452
9/30/19 13:06,66.214,49.8,933.7,84.452
9/30/19 13:06,66.214,49.7,933.7,84.452
9/30/19 13:06,66.173,49.8,933.7,84.452
9/30/19 13:06,66.173,49.6,933.7,84.452
9/30/19 13:06,66.173,49.6,933.7,84.452
9/30/19 13:06,66.173,49.7,933.7,84.452
9/30/19 13:06,66.173,49.7,933.7,84.452
9/30/19 13:06,66.173,49.7,933.7,84.452
9/30/19 13:06,66.173,49.7,933.7,84.452
9/30/19 13:06,66.173,49.7,933.7,84.452
9/30/19 13:06,66.173,49.7,933.7,84.452
9/30/19 13:07,66.173,49.7,933.7,84.452
9/30/19 13:07,66.173,49.6,933.7,84.452
9/30/19 13:07,66.173,49.6,933.7,84.452
9/30/19 13:07,66.173,49.8,933.7,84.452
9/30/19 13:07,66.173,49.7,933.7,84.452
9/30/19 13:07,66.173,49.9,933.7,84.452
9/30/19 13:07,66.173,49.8,933.7,84.452
9/30/19 13:07,66.173,49.8,933.7,84.452
9/30/19 13:07,66.173,49.9,933.7,84.452
9/30/19 13:07,66.173,49.9,933.7,84.452
9/30/19 13:07,66.173,49.9,931.2,84.452
9/30/19 13:07,66.173,49.9,931.2,84.452
9/30/19 13:07,66.173,49.9,931.2,84.452
9/30/19 13:07,66.173,49.9,931.2,84.452
9/30/19 13:07,66.214,49.9,931.2,84.452
9/30/19 13:07,66.214,49.9,931.2,84.452
9/30/19 13:07,66.214,49.9,931.2,84.452
9/30/19 13:07,66.214,49.9,931.2,84.452
9/30/19 13:07,66.214,49.9,931.2,84.452
9/30/19 13:07,66.214,49.9,933.7,84.452
9/30/19 13:07,66.214,50,933.7,84.452
9/30/19 13:07,66.214,50,933.7,84.407
9/30/19 13:07,66.214,50.1,933.7,84.452
9/30/19 13:07,66.214,50.2,933.7,84.407
9/30/19 13:07,66.214,50.2,933.7,84.452
9/30/19 13:07,66.214,50.2,933.7,84.407
9/30/19 13:07,66.258,50.4,933.7,84.452
9/30/19 13:07,66.258,50.6,933.7,84.452
9/30/19 13:07,66.258,50.6,933.7,84.452
9/30/19 13:07,66.258,50.7,933.7,84.452
9/30/19 13:07,66.258,50.8,933.7,84.407
9/30/19 13:07,66.258,50.9,933.7,84.407
9/30/19 13:07,66.301,50.8,936.2,84.452
9/30/19 13:07,66.301,50.8,936.2,84.452
9/30/19 13:07,66.301,50.8,936.2,84.407
9/30/19 13:07,66.301,50.9,938.7,84.407
9/30/19 13:07,66.301,50.9,938.7,84.452
9/30/19 13:07,66.301,50.8,941.2,84.407
9/30/19 13:07,66.344,50.7,941.2,84.452
9/30/19 13:07,66.344,50.7,943.7,84.407
9/30/19 13:07,66.344,50.6,946.2,84.407
9/30/19 13:07,66.344,50.6,946.2,84.407
9/30/19 13:07,66.344,50.5,948.7,84.407
9/30/19 13:07,66.344,50.5,951.2,84.407
9/30/19 13:07,66.344,50.5,951.2,84.407
9/30/19 13:07,66.344,50.6,953.7,84.407
9/30/19 13:07,66.344,50.6,953.7,84.407
9/30/19 13:07,66.385,50.7,956.2,84.407
9/30/19 13:07,66.385,50.7,956.2,84.407
9/30/19 13:07,66.385,50.8,956.2,84.407
9/30/19 13:07,66.385,50.9,958.7,84.407
9/30/19 13:07,66.385,50.9,958.7,84.407
9/30/19 13:07,66.385,51,961.2,84.407
9/30/19 13:07,66.385,51,961.2,84.407
9/30/19 13:07,66.385,51.2,963.7,84.407
9/30/19 13:07,66.385,51.3,963.7,84.407
9/30/19 13:07,66.429,51.4,966.2,84.407
9/30/19 13:07,66.429,51.4,968.7,84.407
9/30/19 13:07,66.429,51.4,971.2,84.407
9/30/19 13:07,66.429,51.4,971.2,84.407
9/30/19 13:08,66.429,51.4,971.2,84.407
9/30/19 13:08,66.429,51.5,968.7,84.407
9/30/19 13:08,66.472,51.5,966.2,84.407
9/30/19 13:08,66.472,51.5,963.7,84.407
9/30/19 13:08,66.472,51.6,961.2,84.407
9/30/19 13:08,66.472,51.7,961.2,84.407
9/30/19 13:08,66.515,51.8,958.7,84.407
9/30/19 13:08,66.515,51.9,958.7,84.407
9/30/19 13:08,66.515,52,956.2,84.407
9/30/19 13:08,66.515,52.1,953.7,84.407
9/30/19 13:08,66.515,52.1,953.7,84.407
9/30/19 13:08,66.558,52.1,951.2,84.407
9/30/19 13:08,66.558,52.2,946.2,84.407
9/30/19 13:08,66.558,52.3,943.7,84.407
9/30/19 13:08,66.558,52.5,943.7,84.407
9/30/19 13:08,66.558,52.7,941.2,84.407
9/30/19 13:08,66.6,52.7,941.2,84.407
9/30/19 13:08,66.6,52.8,938.7,84.407
9/30/19 13:08,66.6,52.9,936.2,84.407
9/30/19 13:08,66.643,52.9,936.2,84.407
9/30/19 13:08,66.643,52.9,936.2,84.407
9/30/19 13:08,66.643,52.8,933.7,84.407
9/30/19 13:08,66.686,52.8,933.7,84.407
9/30/19 13:08,66.686,52.6,933.7,84.407
9/30/19 13:08,66.686,52.4,933.7,84.407
9/30/19 13:08,66.686,52.3,933.7,84.407
9/30/19 13:08,66.686,52.3,931.2,84.407
9/30/19 13:08,66.686,52.2,931.2,84.407
9/30/19 13:08,66.686,52.1,931.2,84.407
9/30/19 13:08,66.686,52.1,931.2,84.407
9/30/19 13:08,66.686,52,931.2,84.407
9/30/19 13:08,66.729,51.9,931.2,84.407
9/30/19 13:08,66.729,51.9,931.2,84.407
9/30/19 13:08,66.729,51.8,931.2,84.407
9/30/19 13:08,66.729,51.7,931.2,84.407
9/30/19 13:08,66.729,51.6,931.2,84.407
9/30/19 13:08,66.729,51.5,931.2,84.407
9/30/19 13:08,66.729,51.4,931.2,84.407
9/30/19 13:08,66.729,51.3,931.2,84.407
9/30/19 13:08,66.729,51.2,933.7,84.407
9/30/19 13:08,66.729,51.1,933.7,84.407
9/30/19 13:08,66.729,51,933.7,84.407
9/30/19 13:08,66.729,51,933.7,84.407
9/30/19 13:08,66.729,50.9,933.7,84.407
9/30/19 13:08,66.729,50.9,933.7,84.407
9/30/19 13:08,66.729,50.8,936.2,84.407
9/30/19 13:08,66.729,50.9,936.2,84.407
9/30/19 13:08,66.729,50.8,938.7,84.407
9/30/19 13:08,66.729,50.8,941.2,84.407
9/30/19 13:08,66.729,50.8,946.2,84.407
9/30/19 13:08,66.729,50.7,951.2,84.407
9/30/19 13:08,66.729,50.7,953.7,84.452
9/30/19 13:08,66.686,50.6,953.7,84.407
9/30/19 13:08,66.686,50.6,951.2,84.407
9/30/19 13:08,66.729,50.6,948.7,84.407
9/30/19 13:08,66.686,50.7,946.2,84.407
9/30/19 13:08,66.686,50.7,943.7,84.407
9/30/19 13:08,66.686,50.7,941.2,84.407
9/30/19 13:08,66.686,50.7,938.7,84.407
9/30/19 13:08,66.686,50.7,938.7,84.407
9/30/19 13:09,66.686,50.7,938.7,84.452
9/30/19 13:09,66.686,50.7,936.2,84.407
9/30/19 13:09,66.686,50.8,936.2,84.407
9/30/19 13:09,66.686,50.8,936.2,84.407
9/30/19 13:09,66.686,51,936.2,84.452
9/30/19 13:09,66.686,51,936.2,84.452
9/30/19 13:09,66.686,51.1,936.2,84.452
9/30/19 13:09,66.686,51.2,938.7,84.452
9/30/19 13:09,66.686,51.3,938.7,84.452
9/30/19 13:09,66.686,51.4,938.7,84.452
9/30/19 13:09,66.686,51.4,938.7,84.452
9/30/19 13:09,66.686,51.4,936.2,84.452
9/30/19 13:09,66.686,51.4,936.2,84.452
9/30/19 13:09,66.686,51.4,936.2,84.407
9/30/19 13:09,66.729,51.4,936.2,84.452
9/30/19 13:09,66.729,51.5,933.7,84.452
9/30/19 13:09,66.729,51.6,933.7,84.452
9/30/19 13:09,66.729,51.6,933.7,84.452
9/30/19 13:09,66.729,51.6,933.7,84.452
9/30/19 13:09,66.729,51.6,933.7,84.452
9/30/19 13:09,66.729,51.6,933.7,84.452
9/30/19 13:09,66.729,51.6,933.7,84.452
9/30/19 13:09,66.729,51.6,933.7,84.452
9/30/19 13:09,66.729,51.7,933.7,84.452
9/30/19 13:09,66.729,51.8,933.7,84.452
9/30/19 13:09,66.729,51.9,933.7,84.452
9/30/19 13:09,66.729,52,933.7,84.452
9/30/19 13:09,66.729,52.1,933.7,84.452
9/30/19 13:09,66.729,52.2,936.2,84.452
9/30/19 13:09,66.772,52.3,936.2,84.452
9/30/19 13:09,66.772,52.4,936.2,84.452
9/30/19 13:09,66.772,52.5,936.2,84.452
9/30/19 13:09,66.772,52.5,936.2,84.452
9/30/19 13:09,66.772,52.6,936.2,84.452
9/30/19 13:09,66.772,52.6,936.2,84.452
9/30/19 13:09,66.772,52.6,936.2,84.452
9/30/19 13:09,66.772,52.6,938.7,84.452
9/30/19 13:09,66.814,52.5,938.7,84.452
9/30/19 13:09,66.772,52.3,938.7,84.452
9/30/19 13:09,66.772,52.2,938.7,84.452
9/30/19 13:09,66.814,52,941.2,84.452
9/30/19 13:09,66.814,51.8,941.2,84.452
9/30/19 13:09,66.814,51.6,941.2,84.452
9/30/19 13:09,66.814,51.5,943.7,84.452
9/30/19 13:09,66.814,51.3,946.2,84.452
9/30/19 13:09,66.814,51.1,948.7,84.452
9/30/19 13:09,66.814,50.9,951.2,84.452
9/30/19 13:09,66.814,50.9,956.2,84.452
9/30/19 13:09,66.814,50.7,958.7,84.452
9/30/19 13:09,66.814,50.7,966.2,84.452
9/30/19 13:09,66.814,50.6,971.2,84.452
9/30/19 13:09,66.814,50.5,973.7,84.452
9/30/19 13:09,66.814,50.4,976.2,84.452
9/30/19 13:09,66.772,50.4,978.7,84.452
9/30/19 13:09,66.814,50.3,978.7,84.452
9/30/19 13:09,66.772,50.3,978.7,84.452
9/30/19 13:09,66.772,50.4,976.2,84.452
9/30/19 13:09,66.772,50.4,976.2,84.452
9/30/19 13:09,66.772,50.3,973.7,84.452
9/30/19 13:09,66.772,50.4,971.2,84.452
9/30/19 13:10,66.772,50.5,973.7,84.452
9/30/19 13:10,66.772,50.6,973.7,84.452
9/30/19 13:10,66.772,50.8,976.2,84.452
9/30/19 13:10,66.772,51,976.2,84.452
9/30/19 13:10,66.772,51,976.2,84.452
9/30/19 13:10,66.772,51.1,976.2,84.452
9/30/19 13:10,66.772,51.1,976.2,84.452
9/30/19 13:10,66.772,51.2,976.2,84.452
9/30/19 13:10,66.772,51.2,976.2,84.452
9/30/19 13:10,66.772,51.1,976.2,84.452
9/30/19 13:10,66.772,51.1,976.2,84.452
9/30/19 13:10,66.772,51.1,976.2,84.452
9/30/19 13:10,66.772,51.1,973.7,84.452
9/30/19 13:10,66.772,51.1,973.7,84.452
9/30/19 13:10,66.772,51.1,971.2,84.452
9/30/19 13:10,66.772,51.2,968.7,84.452
9/30/19 13:10,66.772,51.2,966.2,84.452
9/30/19 13:10,66.772,51.2,963.7,84.452
9/30/19 13:10,66.772,51.2,958.7,84.452
9/30/19 13:10,66.772,51.2,956.2,84.452
9/30/19 13:10,66.772,51.3,953.7,84.452
9/30/19 13:10,66.772,51.3,951.2,84.452
9/30/19 13:10,66.772,51.4,946.2,84.452
9/30/19 13:10,66.772,51.6,943.7,84.452
9/30/19 13:10,66.772,51.7,941.2,84.452
9/30/19 13:10,66.772,51.9,941.2,84.452
9/30/19 13:10,66.772,51.9,938.7,84.452
9/30/19 13:10,66.772,52,936.2,84.452
9/30/19 13:10,66.814,51.9,933.7,84.452
9/30/19 13:10,66.814,51.8,933.7,84.452
9/30/19 13:10,66.814,51.7,931.2,84.452
9/30/19 13:10,66.814,51.6,928.7,84.452
9/30/19 13:10,66.814,51.6,928.7,84.452
9/30/19 13:10,66.814,51.6,928.7,84.452
9/30/19 13:10,66.814,51.6,926.2,84.452
9/30/19 13:10,66.814,51.6,926.2,84.452
9/30/19 13:10,66.814,51.5,926.2,84.452
9/30/19 13:10,66.814,51.5,926.2,84.452
9/30/19 13:10,66.814,51.4,926.2,84.452
9/30/19 13:10,66.814,51.3,926.2,84.452
9/30/19 13:10,66.814,51.3,926.2,84.452
9/30/19 13:10,66.814,51.1,926.2,84.452
9/30/19 13:10,66.814,51,926.2,84.452
9/30/19 13:10,66.814,51,926.2,84.452
9/30/19 13:10,66.814,50.8,926.2,84.452
9/30/19 13:10,66.814,50.7,926.2,84.452
9/30/19 13:10,66.814,50.7,926.2,84.452
9/30/19 13:10,66.814,50.6,923.7,84.452
9/30/19 13:10,66.814,50.5,923.7,84.452
9/30/19 13:10,66.814,50.5,923.7,84.452
9/30/19 13:10,66.814,50.4,923.7,84.452
9/30/19 13:10,66.814,50.4,923.7,84.452
9/30/19 13:10,66.814,50.3,923.7,84.452
9/30/19 13:10,66.814,50.3,923.7,84.452
9/30/19 13:10,66.814,50.2,923.7,84.452
9/30/19 13:10,66.814,50.1,923.7,84.407
9/30/19 13:10,66.814,50,923.7,84.407
9/30/19 13:10,66.814,50,923.7,84.407
9/30/19 13:10,66.772,49.9,923.7,84.452
9/30/19 13:10,66.772,49.8,923.7,84.452
9/30/19 13:11,66.772,49.8,926.2,84.452
9/30/19 13:11,66.772,49.9,926.2,84.407
9/30/19 13:11,66.772,49.9,926.2,84.407
9/30/19 13:11,66.772,50,923.7,84.407
9/30/19 13:11,66.772,50.1,923.7,84.407
9/30/19 13:11,66.729,50.2,923.7,84.452
9/30/19 13:11,66.772,50.3,923.7,84.407
9/30/19 13:11,66.772,50.3,923.7,84.407
9/30/19 13:11,66.729,50.3,923.7,84.407
9/30/19 13:11,66.729,50.4,923.7,84.407
9/30/19 13:11,66.729,50.4,923.7,84.407
9/30/19 13:11,66.729,50.6,923.7,84.407
9/30/19 13:11,66.729,50.7,923.7,84.407
9/30/19 13:11,66.729,50.7,923.7,84.407
9/30/19 13:11,66.729,50.8,921.2,84.407
9/30/19 13:11,66.729,50.9,921.2,84.407
9/30/19 13:11,66.729,51,921.2,84.407
9/30/19 13:11,66.729,51,921.2,84.407
9/30/19 13:11,66.729,51,923.7,84.407
9/30/19 13:11,66.729,51,923.7,84.407
9/30/19 13:11,66.729,50.9,923.7,84.407
9/30/19 13:11,66.729,50.9,923.7,84.407
9/30/19 13:11,66.729,50.8,923.7,84.407
9/30/19 13:11,66.729,50.7,923.7,84.407
9/30/19 13:11,66.729,50.7,923.7,84.407
9/30/19 13:11,66.729,50.6,926.2,84.407
9/30/19 13:11,66.729,50.5,926.2,84.407
9/30/19 13:11,66.729,50.4,926.2,84.407
9/30/19 13:11,66.729,50.4,926.2,84.407
9/30/19 13:11,66.729,50.3,928.7,84.407
9/30/19 13:11,66.729,50.3,928.7,84.407
9/30/19 13:11,66.729,50.2,928.7,84.407
9/30/19 13:11,66.686,50.2,931.2,84.407
9/30/19 13:11,66.686,50.1,933.7,84.407
9/30/19 13:11,66.686,50.1,933.7,84.407
9/30/19 13:11,66.686,50.1,936.2,84.407
9/30/19 13:11,66.686,50.1,936.2,84.407
9/30/19 13:11,66.686,50,938.7,84.407
9/30/19 13:11,66.686,50,938.7,84.407
9/30/19 13:11,66.686,50,941.2,84.407
9/30/19 13:11,66.686,50,943.7,84.407
9/30/19 13:11,66.686,50,943.7,84.407
9/30/19 13:11,66.643,50,946.2,84.407
9/30/19 13:11,66.643,50,948.7,84.407
9/30/19 13:11,66.643,50,951.2,84.407
9/30/19 13:11,66.643,50,953.7,84.407
9/30/19 13:11,66.643,50,956.2,84.407
9/30/19 13:11,66.643,49.9,958.7,84.407
9/30/19 13:11,66.643,49.8,961.2,84.407
9/30/19 13:11,66.643,49.8,963.7,84.407
9/30/19 13:11,66.643,49.8,968.7,84.407
9/30/19 13:11,66.643,49.8,973.7,84.407
9/30/19 13:11,66.643,49.8,978.7,84.407
9/30/19 13:11,66.643,49.8,983.7,84.407
9/30/19 13:11,66.643,49.9,988.7,84.407
9/30/19 13:11,66.643,50,993.7,84.407
9/30/19 13:11,66.6,50.1,998.7,84.407
9/30/19 13:11,66.6,50.1,1003.7,84.407
9/30/19 13:11,66.6,50.2,1011.2,84.407
9/30/19 13:11,66.6,50.2,1016.2,84.407
9/30/19 13:12,66.6,50.1,1016.2,84.407
9/30/19 13:12,66.6,50,1013.7,84.407
9/30/19 13:12,66.6,49.9,1008.7,84.407
9/30/19 13:12,66.6,49.8,1003.7,84.407
9/30/19 13:12,66.6,49.7,998.7,84.407
9/30/19 13:12,66.6,49.7,993.7,84.407
9/30/19 13:12,66.6,49.5,991.2,84.407
9/30/19 13:12,66.558,49.4,986.2,84.407
9/30/19 13:12,66.558,49.3,981.2,84.407
9/30/19 13:12,66.558,49.2,978.7,84.407
9/30/19 13:12,66.558,49.2,973.7,84.407
9/30/19 13:12,66.558,49.2,971.2,84.407
9/30/19 13:12,66.558,49.1,966.2,84.407
9/30/19 13:12,66.558,49.2,963.7,84.407
9/30/19 13:12,66.558,49.2,963.7,84.407
9/30/19 13:12,66.515,49.2,961.2,84.407
9/30/19 13:12,66.515,49.3,958.7,84.407
9/30/19 13:12,66.515,49.3,956.2,84.407
9/30/19 13:12,66.515,49.4,953.7,84.407
9/30/19 13:12,66.515,49.4,951.2,84.407
9/30/19 13:12,66.515,49.4,948.7,84.407
9/30/19 13:12,66.515,49.4,946.2,84.407
9/30/19 13:12,66.515,49.4,946.2,84.407
9/30/19 13:12,66.515,49.4,946.2,84.407
9/30/19 13:12,66.515,49.5,943.7,84.407
9/30/19 13:12,66.515,49.5,943.7,84.407
9/30/19 13:12,66.515,49.6,941.2,84.407
9/30/19 13:12,66.515,49.7,941.2,84.407
9/30/19 13:12,66.515,49.7,938.7,84.407
9/30/19 13:12,66.515,49.9,938.7,84.407
9/30/19 13:12,66.472,50,936.2,84.407
9/30/19 13:12,66.515,50.1,933.7,84.407
9/30/19 13:12,66.515,50.2,933.7,84.407
9/30/19 13:12,66.515,50.3,931.2,84.407
9/30/19 13:12,66.515,50.3,931.2,84.407
9/30/19 13:12,66.515,50.4,928.7,84.407
9/30/19 13:12,66.515,50.5,928.7,84.407
9/30/19 13:12,66.515,50.7,928.7,84.407
9/30/19 13:12,66.515,50.8,926.2,84.407
9/30/19 13:12,66.515,51,926.2,84.407
9/30/19 13:12,66.515,50.9,926.2,84.407
9/30/19 13:12,66.515,51,923.7,84.407
9/30/19 13:12,66.515,51.1,923.7,84.407
9/30/19 13:12,66.515,51.1,923.7,84.407
9/30/19 13:12,66.515,51.3,921.2,84.407
9/30/19 13:12,66.515,51.3,921.2,84.407
9/30/19 13:12,66.515,51.4,921.2,84.407
9/30/19 13:12,66.558,51.4,921.2,84.407
9/30/19 13:12,66.558,51.5,921.2,84.407
9/30/19 13:12,66.558,51.5,921.2,84.407
9/30/19 13:12,66.558,51.6,918.7,84.407
9/30/19 13:12,66.558,51.6,918.7,84.407
9/30/19 13:12,66.558,51.7,918.7,84.407
9/30/19 13:12,66.558,51.7,918.7,84.407
9/30/19 13:12,66.558,51.8,918.7,84.407
9/30/19 13:12,66.6,51.9,918.7,84.407
9/30/19 13:12,66.558,51.9,918.7,84.407
9/30/19 13:12,66.6,51.9,918.7,84.407
9/30/19 13:12,66.6,52,918.7,84.407
9/30/19 13:12,66.6,52,918.7,84.407
9/30/19 13:13,66.6,52.1,918.7,84.407
9/30/19 13:13,66.6,52.1,921.2,84.407
9/30/19 13:13,66.6,52.1,921.2,84.407
9/30/19 13:13,66.6,52.2,921.2,84.407
9/30/19 13:13,66.643,52.2,921.2,84.407
9/30/19 13:13,66.643,52.2,921.2,84.407
9/30/19 13:13,66.643,52.2,921.2,84.407
9/30/19 13:13,66.643,52.2,921.2,84.407
9/30/19 13:13,66.643,52.2,923.7,84.407
9/30/19 13:13,66.643,52.2,923.7,84.407
9/30/19 13:13,66.643,52.2,923.7,84.407
9/30/19 13:13,66.686,52.2,926.2,84.407
9/30/19 13:13,66.686,52.2,926.2,84.407
9/30/19 13:13,66.686,52.1,926.2,84.407
9/30/19 13:13,66.686,52.1,928.7,84.407
9/30/19 13:13,66.686,52.1,928.7,84.407
9/30/19 13:13,66.686,52.1,931.2,84.407
9/30/19 13:13,66.686,52.1,931.2,84.407
9/30/19 13:13,66.686,52.1,933.7,84.407
9/30/19 13:13,66.686,52.1,933.7,84.407
9/30/19 13:13,66.686,52.1,933.7,84.407
9/30/19 13:13,66.729,52.1,933.7,84.407
9/30/19 13:13,66.729,52.1,933.7,84.407
9/30/19 13:13,66.729,52.1,933.7,84.407
9/30/19 13:13,66.729,52.1,933.7,84.407
9/30/19 13:13,66.729,52.1,933.7,84.407
9/30/19 13:13,66.729,52.1,933.7,84.407
9/30/19 13:13,66.729,52.1,933.7,84.407
9/30/19 13:13,66.729,52.2,933.7,84.407
9/30/19 13:13,66.729,52.2,933.7,84.407
9/30/19 13:13,66.729,52.2,933.7,84.407
9/30/19 13:13,66.772,52.2,933.7,84.407
9/30/19 13:13,66.729,52.2,933.7,84.407
9/30/19 13:13,66.772,52.3,933.7,84.407
9/30/19 13:13,66.772,52.3,933.7,84.407
9/30/19 13:13,66.772,52.3,933.7,84.407
9/30/19 13:13,66.772,52.2,931.2,84.407
9/30/19 13:13,66.772,52.2,931.2,84.407
9/30/19 13:13,66.772,52.2,931.2,84.407
9/30/19 13:13,66.772,52.1,931.2,84.407
9/30/19 13:13,66.772,52,931.2,84.407
9/30/19 13:13,66.772,51.9,931.2,84.407
9/30/19 13:13,66.772,51.8,928.7,84.407
9/30/19 13:13,66.772,51.7,928.7,84.407
9/30/19 13:13,66.772,51.6,928.7,84.407
9/30/19 13:13,66.772,51.6,928.7,84.407
9/30/19 13:13,66.772,51.6,928.7,84.407
9/30/19 13:13,66.772,51.6,928.7,84.407
9/30/19 13:13,66.772,51.6,931.2,84.407
9/30/19 13:13,66.772,51.7,931.2,84.407
9/30/19 13:13,66.772,51.7,933.7,84.407
9/30/19 13:13,66.772,51.7,933.7,84.362
9/30/19 13:13,66.772,51.7,933.7,84.362
9/30/19 13:13,66.772,51.6,933.7,84.362
9/30/19 13:13,66.772,51.5,933.7,84.362
9/30/19 13:13,66.772,51.4,933.7,84.362
9/30/19 13:13,66.772,51.4,936.2,84.362
9/30/19 13:13,66.729,51.3,936.2,84.362
9/30/19 13:13,66.772,51.1,936.2,84.362
9/30/19 13:13,66.729,51,936.2,84.362
9/30/19 13:14,66.729,50.9,936.2,84.362
9/30/19 13:14,66.729,50.9,936.2,84.362
9/30/19 13:14,66.729,50.8,936.2,84.362
9/30/19 13:14,66.729,50.7,936.2,84.362
9/30/19 13:14,66.729,50.6,936.2,84.362
9/30/19 13:14,66.686,50.5,936.2,84.362
9/30/19 13:14,66.686,50.4,938.7,84.362
9/30/19 13:14,66.686,50.3,938.7,84.362
9/30/19 13:14,66.643,50.3,938.7,84.362
9/30/19 13:14,66.643,50.3,938.7,84.362
9/30/19 13:14,66.643,50.3,938.7,84.362
9/30/19 13:14,66.6,50.3,936.2,84.362
9/30/19 13:14,66.6,50.4,936.2,84.362
9/30/19 13:14,66.6,50.3,936.2,84.362
9/30/19 13:14,66.6,50.3,936.2,84.362
9/30/19 13:14,66.558,50.3,936.2,84.362
9/30/19 13:14,66.558,50.4,938.7,84.362
9/30/19 13:14,66.558,50.5,938.7,84.362
9/30/19 13:14,66.515,50.7,938.7,84.362
9/30/19 13:14,66.515,50.8,938.7,84.362
9/30/19 13:14,66.515,51,938.7,84.362
9/30/19 13:14,66.515,51,936.2,84.362
9/30/19 13:14,66.515,51.1,936.2,84.362
9/30/19 13:14,66.515,51.3,933.7,84.362
9/30/19 13:14,66.515,51.5,933.7,84.362
9/30/19 13:14,66.472,51.5,931.2,84.317
9/30/19 13:14,66.472,51.7,928.7,84.362
9/30/19 13:14,66.472,51.7,926.2,84.317
9/30/19 13:14,66.472,51.8,926.2,84.317
9/30/19 13:14,66.472,51.9,923.7,84.317
9/30/19 13:14,66.472,51.9,923.7,84.317
9/30/19 13:14,66.472,52.1,921.2,84.317
9/30/19 13:14,66.472,52.1,921.2,84.317
9/30/19 13:14,66.472,52.1,921.2,84.317
9/30/19 13:14,66.472,52.2,918.7,84.317
9/30/19 13:14,66.472,52.4,918.7,84.317
9/30/19 13:14,66.472,52.5,918.7,84.317
9/30/19 13:14,66.472,52.6,918.7,84.317
9/30/19 13:14,66.472,52.7,916.2,84.317
9/30/19 13:14,66.472,52.7,916.2,84.317
9/30/19 13:14,66.472,52.7,916.2,84.317
9/30/19 13:14,66.472,52.7,916.2,84.317
9/30/19 13:14,66.472,52.8,916.2,84.317
9/30/19 13:14,66.472,52.8,916.2,84.317
9/30/19 13:14,66.472,52.8,916.2,84.317
9/30/19 13:14,66.472,52.8,916.2,84.317
9/30/19 13:14,66.472,52.8,916.2,84.317
9/30/19 13:14,66.472,52.7,916.2,84.272
9/30/19 13:14,66.472,52.7,916.2,84.317
9/30/19 13:14,66.472,52.6,913.7,84.272
9/30/19 13:14,66.472,52.4,913.7,84.272
9/30/19 13:14,66.472,52.2,913.7,84.272
9/30/19 13:14,66.472,52.1,913.7,84.272
9/30/19 13:14,66.472,52,911.2,84.272
9/30/19 13:14,66.472,51.8,911.2,84.272
9/30/19 13:14,66.472,51.7,911.2,84.272
9/30/19 13:14,66.472,51.6,911.2,84.272
9/30/19 13:14,66.429,51.5,911.2,84.272
9/30/19 13:14,66.429,51.5,911.2,84.272
9/30/19 13:14,66.429,51.4,911.2,84.272
9/30/19 13:15,66.429,51.4,911.2,84.272
9/30/19 13:15,66.429,51.4,911.2,84.272
9/30/19 13:15,66.429,51.5,911.2,84.272
9/30/19 13:15,66.429,51.4,908.7,84.272
9/30/19 13:15,66.429,51.4,908.7,84.272
9/30/19 13:15,66.429,51.4,908.7,84.272
9/30/19 13:15,66.385,51.4,908.7,84.272
9/30/19 13:15,66.385,51.3,908.7,84.272
9/30/19 13:15,66.385,51.3,908.7,84.272
9/30/19 13:15,66.385,51.2,908.7,84.272
9/30/19 13:15,66.385,51.2,908.7,84.272
9/30/19 13:15,66.385,51.3,908.7,84.227
9/30/19 13:15,66.385,51.3,908.7,84.272
9/30/19 13:15,66.344,51.3,908.7,84.272
9/30/19 13:15,66.344,51.3,908.7,84.227
9/30/19 13:15,66.344,51.3,908.7,84.227
9/30/19 13:15,66.344,51.3,908.7,84.227
9/30/19 13:15,66.344,51.3,908.7,84.227
9/30/19 13:15,66.344,51.3,908.7,84.227
9/30/19 13:15,66.344,51.3,908.7,84.227
9/30/19 13:15,66.344,51.3,911.2,84.227
9/30/19 13:15,66.301,51.3,911.2,84.227
9/30/19 13:15,66.301,51.3,911.2,84.227
9/30/19 13:15,66.301,51.3,911.2,84.227
9/30/19 13:15,66.301,51.3,913.7,84.227
9/30/19 13:15,66.301,51.2,913.7,84.227
9/30/19 13:15,66.301,51.1,913.7,84.227
9/30/19 13:15,66.301,51.1,913.7,84.227
9/30/19 13:15,66.301,51,916.2,84.227
9/30/19 13:15,66.258,51,916.2,84.227
9/30/19 13:15,66.258,51,918.7,84.227
9/30/19 13:15,66.258,51,918.7,84.227
9/30/19 13:15,66.258,51,918.7,84.227
9/30/19 13:15,66.258,51,918.7,84.227
9/30/19 13:15,66.258,51.1,918.7,84.227
9/30/19 13:15,66.258,51.3,918.7,84.227
9/30/19 13:15,66.214,51.2,918.7,84.227
9/30/19 13:15,66.214,51.2,918.7,84.227
9/30/19 13:15,66.214,51.3,918.7,84.182
9/30/19 13:15,66.214,51.3,916.2,84.227
9/30/19 13:15,66.214,51.3,916.2,84.182
9/30/19 13:15,66.214,51.3,913.7,84.182
9/30/19 13:15,66.214,51.3,913.7,84.182
9/30/19 13:15,66.214,51.3,913.7,84.182
9/30/19 13:15,66.214,51.3,913.7,84.182
9/30/19 13:15,66.214,51.4,911.2,84.182
9/30/19 13:15,66.214,51.4,911.2,84.182
9/30/19 13:15,66.173,51.5,911.2,84.182
9/30/19 13:15,66.173,51.5,911.2,84.182
9/30/19 13:15,66.173,51.5,911.2,84.182
9/30/19 13:15,66.173,51.5,911.2,84.182
9/30/19 13:15,66.173,51.6,911.2,84.182
9/30/19 13:15,66.173,51.6,911.2,84.182
9/30/19 13:15,66.173,51.7,913.7,84.182
9/30/19 13:15,66.173,51.7,913.7,84.182
9/30/19 13:15,66.173,51.8,916.2,84.182
9/30/19 13:15,66.173,51.9,916.2,84.182
9/30/19 13:15,66.173,52,916.2,84.182
9/30/19 13:15,66.173,52,916.2,84.182
9/30/19 13:15,66.173,52,913.7,84.182
9/30/19 13:16,66.173,52,911.2,84.182
9/30/19 13:16,66.173,52,908.7,84.182
9/30/19 13:16,66.173,52,908.7,84.182
9/30/19 13:16,66.173,52.1,906.2,84.182
9/30/19 13:16,66.173,52.1,906.2,84.182
9/30/19 13:16,66.173,52.1,903.7,84.137
9/30/19 13:16,66.173,52.2,901.2,84.137
9/30/19 13:16,66.173,52.2,901.2,84.182
9/30/19 13:16,66.173,52.2,898.7,84.137
9/30/19 13:16,66.173,52.2,898.7,84.137
9/30/19 13:16,66.173,52.1,898.7,84.137
9/30/19 13:16,66.173,52.1,898.7,84.137
9/30/19 13:16,66.173,52,896.2,84.137
9/30/19 13:16,66.173,51.9,896.2,84.137
9/30/19 13:16,66.173,51.9,896.2,84.137
9/30/19 13:16,66.173,51.8,896.2,84.137
9/30/19 13:16,66.173,51.8,893.7,84.137
9/30/19 13:16,66.173,51.9,893.7,84.137
9/30/19 13:16,66.173,52,893.7,84.137
9/30/19 13:16,66.173,52.1,893.7,84.137
9/30/19 13:16,66.173,52.1,891.2,84.137
9/30/19 13:16,66.173,52.2,891.2,84.137
9/30/19 13:16,66.173,52.2,891.2,84.137
9/30/19 13:16,66.173,52.2,891.2,84.137
9/30/19 13:16,66.173,52.2,888.7,84.137
9/30/19 13:16,66.173,52.2,888.7,84.137
9/30/19 13:16,66.173,52.2,888.7,84.137
9/30/19 13:16,66.173,52.3,888.7,84.137
9/30/19 13:16,66.173,52.4,888.7,84.137
9/30/19 13:16,66.173,52.5,888.7,84.137
9/30/19 13:16,66.173,52.6,888.7,84.137
9/30/19 13:16,66.173,52.7,886.2,84.137
9/30/19 13:16,66.173,52.7,886.2,84.137
9/30/19 13:16,66.173,52.9,886.2,84.094
9/30/19 13:16,66.214,52.9,886.2,84.094
9/30/19 13:16,66.173,52.9,886.2,84.094
9/30/19 13:16,66.214,52.9,886.2,84.094
9/30/19 13:16,66.214,52.8,883.7,84.137
9/30/19 13:16,66.214,52.8,883.7,84.094
9/30/19 13:16,66.214,52.8,883.7,84.094
9/30/19 13:16,66.214,52.6,883.7,84.094
9/30/19 13:16,66.214,52.5,883.7,84.094
9/30/19 13:16,66.214,52.4,883.7,84.094
9/30/19 13:16,66.214,52.3,881.2,84.094
9/30/19 13:16,66.214,52.3,881.2,84.094
9/30/19 13:16,66.214,52.3,881.2,84.094
9/30/19 13:16,66.214,52.3,881.2,84.094
9/30/19 13:16,66.214,52.3,881.2,84.094
9/30/19 13:16,66.214,52.2,881.2,84.094
9/30/19 13:16,66.214,52.2,881.2,84.094
9/30/19 13:16,66.214,52.1,878.7,84.094
9/30/19 13:16,66.214,52.1,878.7,84.094
9/30/19 13:16,66.214,52.1,878.7,84.094
9/30/19 13:16,66.214,52,878.7,84.094
9/30/19 13:16,66.214,51.9,878.7,84.094
9/30/19 13:16,66.214,51.8,878.7,84.094
9/30/19 13:16,66.214,51.8,878.7,84.094
9/30/19 13:16,66.214,51.8,878.7,84.094
9/30/19 13:16,66.214,51.8,878.7,84.094
9/30/19 13:16,66.214,51.8,878.7,84.094
9/30/19 13:17,66.214,51.8,876.2,84.094
9/30/19 13:17,66.214,51.7,876.2,84.094
9/30/19 13:17,66.214,51.7,876.2,84.094
9/30/19 13:17,66.214,51.6,876.2,84.094
9/30/19 13:17,66.214,51.6,876.2,84.094
9/30/19 13:17,66.214,51.5,876.2,84.094
9/30/19 13:17,66.214,51.5,876.2,84.094
9/30/19 13:17,66.214,51.4,876.2,84.094
9/30/19 13:17,66.214,51.3,876.2,84.094
9/30/19 13:17,66.173,51.1,876.2,84.094
9/30/19 13:17,66.214,51,876.2,84.094
9/30/19 13:17,66.173,50.9,873.7,84.049
9/30/19 13:17,66.173,50.8,873.7,84.094
9/30/19 13:17,66.173,50.8,873.7,84.094
9/30/19 13:17,66.173,50.7,873.7,84.049
9/30/19 13:17,66.173,50.7,873.7,84.094
9/30/19 13:17,66.173,50.7,873.7,84.049
9/30/19 13:17,66.173,50.7,873.7,84.049
9/30/19 13:17,66.173,50.7,871.2,84.049
9/30/19 13:17,66.173,50.8,871.2,84.049
9/30/19 13:17,66.173,50.9,871.2,84.049
9/30/19 13:17,66.173,50.9,871.2,84.049
9/30/19 13:17,66.173,51,871.2,84.049
9/30/19 13:17,66.13,51.1,871.2,84.049
9/30/19 13:17,66.13,51.3,871.2,84.049
9/30/19 13:17,66.13,51.4,871.2,84.049
9/30/19 13:17,66.13,51.5,871.2,84.049
9/30/19 13:17,66.13,51.5,871.2,84.049
9/30/19 13:17,66.13,51.5,871.2,84.049
9/30/19 13:17,66.13,51.5,868.7,84.049
9/30/19 13:17,66.13,51.5,868.7,84.049
9/30/19 13:17,66.13,51.5,868.7,84.049
9/30/19 13:17,66.13,51.4,868.7,84.049
9/30/19 13:17,66.13,51.4,868.7,84.049
9/30/19 13:17,66.13,51.3,868.7,84.049
9/30/19 13:17,66.13,51.3,868.7,84.049
9/30/19 13:17,66.13,51.3,868.7,84.049
9/30/19 13:17,66.13,51.2,868.7,84.049
9/30/19 13:17,66.13,51.2,868.7,84.049
9/30/19 13:17,66.13,51.3,868.7,84.049
9/30/19 13:17,66.13,51.3,868.7,84.049
9/30/19 13:17,66.13,51.3,868.7,84.049
9/30/19 13:17,66.13,51.3,868.7,84.049
9/30/19 13:17,66.13,51.3,868.7,84.049
9/30/19 13:17,66.087,51.5,866.2,84.049
9/30/19 13:17,66.13,51.5,866.2,84.049
9/30/19 13:17,66.087,51.6,866.2,84.049
9/30/19 13:17,66.087,51.7,866.2,84.049
9/30/19 13:17,66.087,51.8,866.2,84.049
9/30/19 13:17,66.087,51.9,866.2,84.049
9/30/19 13:17,66.087,52,866.2,84.049
9/30/19 13:17,66.13,52.1,866.2,84.049
9/30/19 13:17,66.13,52.1,866.2,84.049
9/30/19 13:17,66.087,52.2,866.2,84.049
9/30/19 13:17,66.087,52.4,866.2,84.049
9/30/19 13:17,66.13,52.5,866.2,84.049
9/30/19 13:17,66.13,52.5,866.2,84.049
9/30/19 13:17,66.13,52.5,866.2,84.049
9/30/19 13:17,66.13,52.4,866.2,84.049
9/30/19 13:17,66.13,52.3,866.2,84.049
9/30/19 13:18,66.13,52.2,866.2,84.049
9/30/19 13:18,66.13,52.1,866.2,84.004
9/30/19 13:18,66.13,52,866.2,84.049
9/30/19 13:18,66.13,52,866.2,84.004
9/30/19 13:18,66.13,52,866.2,84.049
9/30/19 13:18,66.13,51.9,866.2,84.049
9/30/19 13:18,66.13,51.9,866.2,84.004
9/30/19 13:18,66.13,51.9,866.2,84.004
9/30/19 13:18,66.13,51.9,863.7,84.004
9/30/19 13:18,66.13,51.9,866.2,84.004
9/30/19 13:18,66.13,52,863.7,84.049
9/30/19 13:18,66.13,52,863.7,84.004
9/30/19 13:18,66.13,52.1,863.7,84.004
9/30/19 13:18,66.13,52.1,863.7,84.004
9/30/19 13:18,66.13,52.2,863.7,84.004
9/30/19 13:18,66.13,52.2,863.7,84.004
9/30/19 13:18,66.13,52.4,863.7,84.004
9/30/19 13:18,66.13,52.5,863.7,84.004
9/30/19 13:18,66.13,52.6,863.7,84.004
9/30/19 13:18,66.13,52.8,863.7,84.004
9/30/19 13:18,66.13,52.7,863.7,84.004
9/30/19 13:18,66.13,52.8,863.7,84.004
9/30/19 13:18,66.13,52.9,863.7,84.004
9/30/19 13:18,66.13,52.9,863.7,84.004
9/30/19 13:18,66.13,52.8,863.7,84.004
9/30/19 13:18,66.173,52.8,863.7,84.004
9/30/19 13:18,66.173,52.7,863.7,84.004
9/30/19 13:18,66.173,52.7,863.7,84.004
9/30/19 13:18,66.173,52.7,863.7,84.004
9/30/19 13:18,66.173,52.7,863.7,84.004
9/30/19 13:18,66.173,52.8,863.7,84.004
9/30/19 13:18,66.173,52.7,863.7,84.004
9/30/19 13:18,66.173,52.8,863.7,84.004
9/30/19 13:18,66.173,52.8,863.7,84.004
9/30/19 13:18,66.173,52.7,863.7,84.004
9/30/19 13:18,66.173,52.6,863.7,84.004
9/30/19 13:18,66.173,52.5,863.7,84.004
9/30/19 13:18,66.173,52.4,863.7,84.004
9/30/19 13:18,66.173,52.2,863.7,84.004
9/30/19 13:18,66.214,52.1,863.7,84.004
9/30/19 13:18,66.173,52.1,863.7,84.004
9/30/19 13:18,66.173,52,863.7,84.004
9/30/19 13:18,66.214,51.9,863.7,84.004
9/30/19 13:18,66.214,51.8,863.7,84.004
9/30/19 13:18,66.214,51.7,863.7,84.004
9/30/19 13:18,66.173,51.6,863.7,84.004
9/30/19 13:18,66.214,51.6,863.7,84.004
9/30/19 13:18,66.173,51.5,863.7,84.004
9/30/19 13:18,66.173,51.5,861.2,84.004
9/30/19 13:18,66.173,51.5,861.2,84.004
9/30/19 13:18,66.173,51.4,863.7,84.004
9/30/19 13:18,66.173,51.3,861.2,84.004
9/30/19 13:18,66.173,51.3,863.7,84.004
9/30/19 13:18,66.173,51.3,861.2,84.004
9/30/19 13:18,66.173,51.3,861.2,84.004
9/30/19 13:18,66.173,51.3,861.2,83.959
9/30/19 13:18,66.173,51.5,861.2,84.004
9/30/19 13:18,66.173,51.5,861.2,84.004
9/30/19 13:18,66.173,51.5,861.2,83.959
9/30/19 13:18,66.173,51.6,861.2,83.959
9/30/19 13:19,66.173,51.8,861.2,83.959
9/30/19 13:19,66.173,51.9,861.2,83.959
9/30/19 13:19,66.173,52,861.2,83.959
9/30/19 13:19,66.173,52.1,861.2,83.959
9/30/19 13:19,66.173,52.1,861.2,84.004
9/30/19 13:19,66.214,52.2,861.2,83.959
9/30/19 13:19,66.214,52.2,861.2,83.959
9/30/19 13:19,66.214,52.2,861.2,83.959
9/30/19 13:19,66.214,52.3,861.2,83.959
9/30/19 13:19,66.214,52.3,861.2,83.959
9/30/19 13:19,66.214,52.3,861.2,83.959
9/30/19 13:19,66.214,52.3,861.2,83.959
9/30/19 13:19,66.214,52.2,861.2,83.959
9/30/19 13:19,66.214,52.2,861.2,83.959
9/30/19 13:19,66.214,52.2,861.2,83.959
9/30/19 13:19,66.214,52.1,861.2,83.959
9/30/19 13:19,66.214,52.1,861.2,83.959
9/30/19 13:19,66.214,52.1,861.2,83.959
9/30/19 13:19,66.214,52.1,861.2,83.959
9/30/19 13:19,66.258,52.1,861.2,83.959
9/30/19 13:19,66.258,52.1,861.2,83.959
9/30/19 13:19,66.214,52.1,861.2,83.959
9/30/19 13:19,66.214,52.1,861.2,83.959
9/30/19 13:19,66.214,52.1,861.2,83.959
9/30/19 13:19,66.258,52.1,861.2,83.959
9/30/19 13:19,66.258,52.1,861.2,83.959
9/30/19 13:19,66.258,52,861.2,83.959
9/30/19 13:19,66.258,51.8,861.2,83.959
9/30/19 13:19,66.258,51.7,861.2,83.959
9/30/19 13:19,66.258,51.5,861.2,83.959
9/30/19 13:19,66.258,51.5,861.2,83.959
9/30/19 13:19,66.258,51.4,861.2,83.959
9/30/19 13:19,66.258,51.2,861.2,83.959
9/30/19 13:19,66.258,51.1,861.2,83.959
9/30/19 13:19,66.258,51,861.2,83.959
9/30/19 13:19,66.258,50.9,861.2,83.959
9/30/19 13:19,66.258,50.9,861.2,83.959
9/30/19 13:19,66.214,50.9,861.2,83.959
9/30/19 13:19,66.258,50.8,861.2,83.959
9/30/19 13:19,66.214,50.8,861.2,83.959
9/30/19 13:19,66.214,50.8,861.2,83.959
9/30/19 13:19,66.214,50.8,861.2,83.959
9/30/19 13:19,66.214,50.8,861.2,83.959
9/30/19 13:19,66.214,50.8,861.2,83.959
9/30/19 13:19,66.214,50.8,861.2,83.959
9/30/19 13:19,66.214,50.8,861.2,83.959
9/30/19 13:19,66.214,50.8,861.2,83.959
9/30/19 13:19,66.214,50.8,861.2,83.959
9/30/19 13:19,66.214,50.8,861.2,83.959
9/30/19 13:19,66.214,50.8,861.2,83.959
9/30/19 13:19,66.214,50.8,861.2,83.959
9/30/19 13:19,66.214,50.8,861.2,83.959
9/30/19 13:19,66.214,50.8,861.2,83.959
9/30/19 13:19,66.173,50.9,861.2,83.959
9/30/19 13:19,66.173,50.9,861.2,83.959
9/30/19 13:19,66.173,50.8,861.2,83.959
9/30/19 13:19,66.173,50.7,861.2,83.959
9/30/19 13:19,66.173,50.7,861.2,83.959
9/30/19 13:19,66.173,50.7,861.2,83.959
9/30/19 13:19,66.173,50.6,861.2,83.959
9/30/19 13:20,66.173,50.6,861.2,83.959
9/30/19 13:20,66.173,50.6,861.2,83.959
9/30/19 13:20,66.173,50.6,861.2,83.959
9/30/19 13:20,66.173,50.6,861.2,83.959
9/30/19 13:20,66.173,50.6,861.2,83.959
9/30/19 13:20,66.13,50.6,861.2,83.959
9/30/19 13:20,66.13,50.6,861.2,83.959
9/30/19 13:20,66.13,50.6,861.2,83.959
9/30/19 13:20,66.13,50.5,861.2,83.959
9/30/19 13:20,66.13,50.5,861.2,83.959
9/30/19 13:20,66.13,50.4,861.2,83.959
9/30/19 13:20,66.13,50.3,861.2,83.959
9/30/19 13:20,66.13,50.3,861.2,83.959
9/30/19 13:20,66.13,50.2,861.2,83.959
9/30/19 13:20,66.13,50.2,861.2,83.959
9/30/19 13:20,66.13,50.3,861.2,83.959
9/30/19 13:20,66.13,50.2,861.2,83.959
9/30/19 13:20,66.13,50.2,861.2,83.959
9/30/19 13:20,66.087,50.1,861.2,83.959
9/30/19 13:20,66.087,50.1,861.2,83.959
9/30/19 13:20,66.087,50.1,861.2,83.959
9/30/19 13:20,66.087,50.1,863.7,83.959
9/30/19 13:20,66.087,50.1,863.7,83.959
9/30/19 13:20,66.087,50.1,861.2,83.959
9/30/19 13:20,66.087,50.2,863.7,83.959
9/30/19 13:20,66.087,50.2,863.7,83.959
9/30/19 13:20,66.087,50.3,863.7,83.959
9/30/19 13:20,66.087,50.2,863.7,83.959
9/30/19 13:20,66.087,50.2,863.7,83.959
9/30/19 13:20,66.087,50.3,863.7,83.959
9/30/19 13:20,66.087,50.4,863.7,83.959
9/30/19 13:20,66.087,50.4,863.7,83.959
9/30/19 13:20,66.087,50.5,863.7,83.959
9/30/19 13:20,66.087,50.6,863.7,83.959
9/30/19 13:20,66.087,50.7,863.7,83.959
9/30/19 13:20,66.087,50.8,863.7,83.959
9/30/19 13:20,66.087,50.9,863.7,83.959
9/30/19 13:20,66.087,50.9,863.7,83.959
9/30/19 13:20,66.087,51,863.7,83.959
9/30/19 13:20,66.087,51.1,863.7,83.959
9/30/19 13:20,66.087,51.2,863.7,83.959
9/30/19 13:20,66.087,51.2,863.7,83.959
9/30/19 13:20,66.087,51.3,863.7,83.959
9/30/19 13:20,66.087,51.3,863.7,83.959
9/30/19 13:20,66.087,51.5,863.7,83.959
9/30/19 13:20,66.087,51.5,863.7,83.959
9/30/19 13:20,66.087,51.6,863.7,83.959
9/30/19 13:20,66.087,51.7,863.7,83.959
9/30/19 13:20,66.087,51.8,863.7,83.959
9/30/19 13:20,66.087,51.8,863.7,83.959
9/30/19 13:20,66.087,51.8,863.7,83.959
9/30/19 13:20,66.087,51.8,863.7,83.959
9/30/19 13:20,66.087,51.8,863.7,83.959
9/30/19 13:20,66.13,51.8,863.7,83.959
9/30/19 13:20,66.13,51.8,863.7,83.959
9/30/19 13:20,66.13,51.8,863.7,83.959
9/30/19 13:20,66.13,51.8,863.7,83.959
9/30/19 13:20,66.13,51.8,863.7,83.959
9/30/19 13:20,66.13,51.9,863.7,83.959
9/30/19 13:20,66.13,51.9,863.7,83.959
9/30/19 13:21,66.13,52,863.7,83.959
9/30/19 13:21,66.13,52.1,863.7,83.959
9/30/19 13:21,66.13,52.1,863.7,83.959
9/30/19 13:21,66.13,52.2,863.7,83.959
9/30/19 13:21,66.13,52.4,863.7,83.959
9/30/19 13:21,66.13,52.5,863.7,83.959
9/30/19 13:21,66.13,52.6,863.7,83.959
9/30/19 13:21,66.173,52.6,863.7,83.959
9/30/19 13:21,66.173,52.5,863.7,83.959
9/30/19 13:21,66.173,52.5,863.7,83.959
9/30/19 13:21,66.173,52.4,863.7,83.959
9/30/19 13:21,66.173,52.4,863.7,83.959
9/30/19 13:21,66.173,52.3,863.7,83.959
9/30/19 13:21,66.173,52.3,863.7,83.959
9/30/19 13:21,66.173,52.4,863.7,83.959
9/30/19 13:21,66.173,52.5,863.7,83.959
9/30/19 13:21,66.173,52.6,863.7,83.959
9/30/19 13:21,66.173,52.7,863.7,83.959
9/30/19 13:21,66.214,52.7,863.7,83.959
9/30/19 13:21,66.214,52.8,863.7,83.959
9/30/19 13:21,66.214,52.7,863.7,83.959
9/30/19 13:21,66.214,52.7,863.7,83.959
9/30/19 13:21,66.214,52.8,863.7,83.959
9/30/19 13:21,66.214,52.7,863.7,83.959
9/30/19 13:21,66.214,52.6,863.7,83.959
9/30/19 13:21,66.214,52.6,863.7,83.959
9/30/19 13:21,66.214,52.6,863.7,83.959
9/30/19 13:21,66.214,52.6,863.7,83.959
9/30/19 13:21,66.214,52.7,863.7,83.959
9/30/19 13:21,66.214,52.6,863.7,83.959
9/30/19 13:21,66.258,52.6,863.7,83.959
9/30/19 13:21,66.258,52.5,863.7,83.959
9/30/19 13:21,66.258,52.5,863.7,83.959
9/30/19 13:21,66.258,52.4,863.7,83.959
9/30/19 13:21,66.258,52.3,863.7,83.959
9/30/19 13:21,66.258,52.2,863.7,83.959
9/30/19 13:21,66.258,52.2,863.7,83.959
9/30/19 13:21,66.258,52.1,863.7,83.959
9/30/19 13:21,66.258,52.1,863.7,83.959
9/30/19 13:21,66.258,52.1,863.7,83.959
9/30/19 13:21,66.258,52,863.7,83.959
9/30/19 13:21,66.258,51.9,863.7,83.959
9/30/19 13:21,66.258,51.9,863.7,83.959
9/30/19 13:21,66.258,51.9,863.7,83.959
9/30/19 13:21,66.258,51.9,863.7,83.959
9/30/19 13:21,66.258,51.9,863.7,83.959
9/30/19 13:21,66.258,52,863.7,83.959
9/30/19 13:21,66.258,52,863.7,83.959
9/30/19 13:21,66.258,52.1,866.2,83.959
9/30/19 13:21,66.258,52.1,866.2,83.959
9/30/19 13:21,66.258,52.1,866.2,83.959
9/30/19 13:21,66.258,52.2,866.2,83.959
9/30/19 13:21,66.258,52.3,866.2,83.959
9/30/19 13:21,66.258,52.4,866.2,83.959
9/30/19 13:21,66.258,52.5,866.2,83.959
9/30/19 13:21,66.258,52.6,866.2,84.004
9/30/19 13:21,66.258,52.6,866.2,83.959
9/30/19 13:21,66.258,52.6,866.2,84.004
9/30/19 13:21,66.301,52.6,866.2,83.959
9/30/19 13:21,66.301,52.6,866.2,83.959
9/30/19 13:22,66.301,52.6,866.2,84.004
9/30/19 13:22,66.301,52.6,866.2,83.959
9/30/19 13:22,66.301,52.7,866.2,83.959
9/30/19 13:22,66.301,52.6,866.2,84.004
9/30/19 13:22,66.301,52.6,866.2,83.959
9/30/19 13:22,66.301,52.6,866.2,84.004
9/30/19 13:22,66.301,52.5,866.2,84.004
9/30/19 13:22,66.301,52.4,866.2,84.004
9/30/19 13:22,66.301,52.2,866.2,84.004
9/30/19 13:22,66.301,52.1,866.2,84.004
9/30/19 13:22,66.301,52.1,866.2,84.004
9/30/19 13:22,66.301,52,866.2,84.004
9/30/19 13:22,66.301,51.8,866.2,84.004
9/30/19 13:22,66.301,51.8,866.2,84.004
9/30/19 13:22,66.301,51.7,868.7,84.004
9/30/19 13:22,66.301,51.6,868.7,84.004
9/30/19 13:22,66.301,51.5,868.7,84.004
9/30/19 13:22,66.301,51.5,868.7,84.004
9/30/19 13:22,66.301,51.5,868.7,84.004
9/30/19 13:22,66.301,51.4,868.7,84.004
9/30/19 13:22,66.301,51.3,868.7,84.004
9/30/19 13:22,66.301,51.3,868.7,84.004
9/30/19 13:22,66.301,51.4,868.7,84.004
9/30/19 13:22,66.301,51.4,868.7,84.004
9/30/19 13:22,66.301,51.4,868.7,84.004
9/30/19 13:22,66.301,51.5,868.7,84.004
9/30/19 13:22,66.301,51.5,868.7,84.004
9/30/19 13:22,66.301,51.5,868.7,84.004
9/30/19 13:22,66.301,51.5,868.7,84.004
9/30/19 13:22,66.301,51.6,868.7,84.004
9/30/19 13:22,66.258,51.5,868.7,84.004
9/30/19 13:22,66.301,51.5,868.7,84.004
9/30/19 13:22,66.258,51.5,868.7,84.004
9/30/19 13:22,66.301,51.5,868.7,84.004
9/30/19 13:22,66.258,51.5,868.7,84.004
9/30/19 13:22,66.258,51.5,868.7,84.004
9/30/19 13:22,66.301,51.5,868.7,84.004
9/30/19 13:22,66.301,51.5,868.7,84.004
9/30/19 13:22,66.258,51.5,868.7,84.004
9/30/19 13:22,66.301,51.5,868.7,84.004
9/30/19 13:22,66.301,51.5,868.7,84.004
9/30/19 13:22,66.301,51.6,868.7,84.004
9/30/19 13:22,66.301,51.6,868.7,84.004
9/30/19 13:22,66.301,51.6,868.7,84.004
9/30/19 13:22,66.301,51.7,868.7,84.004
9/30/19 13:22,66.301,51.7,868.7,84.004
9/30/19 13:22,66.301,51.8,871.2,84.004
9/30/19 13:22,66.301,51.8,871.2,84.004
9/30/19 13:22,66.301,51.9,871.2,84.004
9/30/19 13:22,66.301,52,871.2,84.004
9/30/19 13:22,66.301,52.1,871.2,84.004
9/30/19 13:22,66.301,52.1,871.2,84.004
9/30/19 13:22,66.301,52.1,871.2,84.004
9/30/19 13:22,66.301,52,871.2,84.004
9/30/19 13:22,66.301,52,871.2,84.004
9/30/19 13:22,66.301,52,871.2,84.004
9/30/19 13:22,66.301,52,871.2,84.004
9/30/19 13:22,66.344,51.9,871.2,84.004
9/30/19 13:22,66.344,51.9,871.2,84.004
9/30/19 13:22,66.344,51.9,871.2,84.004
9/30/19 13:23,66.344,51.9,871.2,84.004
9/30/19 13:23,66.344,51.9,871.2,84.004
9/30/19 13:23,66.344,51.9,871.2,84.004
9/30/19 13:23,66.344,51.9,871.2,84.004
9/30/19 13:23,66.344,52,871.2,84.004
9/30/19 13:23,66.344,51.9,871.2,84.004
9/30/19 13:23,66.344,51.9,871.2,84.004
9/30/19 13:23,66.344,51.9,871.2,84.004
9/30/19 13:23,66.344,51.9,873.7,84.004
9/30/19 13:23,66.344,51.9,873.7,84.004
9/30/19 13:23,66.344,52,873.7,84.049
9/30/19 13:23,66.344,52,873.7,84.004
9/30/19 13:23,66.344,52,873.7,84.004
9/30/19 13:23,66.344,52,873.7,84.049
9/30/19 13:23,66.344,52.1,873.7,84.004
9/30/19 13:23,66.344,52.1,873.7,84.049
9/30/19 13:23,66.344,52.1,873.7,84.049
9/30/19 13:23,66.385,52.2,873.7,84.049
9/30/19 13:23,66.385,52.3,873.7,84.049
9/30/19 13:23,66.385,52.3,873.7,84.049
9/30/19 13:23,66.385,52.4,876.2,84.049
9/30/19 13:23,66.385,52.4,876.2,84.049
9/30/19 13:23,66.385,52.4,876.2,84.049
9/30/19 13:23,66.385,52.4,876.2,84.049
9/30/19 13:23,66.385,52.4,876.2,84.049
9/30/19 13:23,66.385,52.4,876.2,84.049
9/30/19 13:23,66.385,52.4,876.2,84.049
9/30/19 13:23,66.385,52.4,876.2,84.049
9/30/19 13:23,66.385,52.4,876.2,84.049
9/30/19 13:23,66.385,52.4,876.2,84.049
9/30/19 13:23,66.385,52.4,876.2,84.049
9/30/19 13:23,66.385,52.3,876.2,84.049
9/30/19 13:23,66.385,52.2,876.2,84.049
9/30/19 13:23,66.385,52.2,876.2,84.049
9/30/19 13:23,66.385,52.1,876.2,84.049
9/30/19 13:23,66.385,52.1,876.2,84.049
9/30/19 13:23,66.385,52.1,878.7,84.049
9/30/19 13:23,66.429,52,878.7,84.049
9/30/19 13:23,66.385,52,878.7,84.049
9/30/19 13:23,66.385,51.9,878.7,84.049
9/30/19 13:23,66.429,51.9,878.7,84.049
9/30/19 13:23,66.429,51.8,878.7,84.049
9/30/19 13:23,66.429,51.8,878.7,84.049
9/30/19 13:23,66.385,51.8,878.7,84.049
9/30/19 13:23,66.429,51.9,878.7,84.049
9/30/19 13:23,66.429,52,878.7,84.049
9/30/19 13:23,66.385,52.1,878.7,84.049
9/30/19 13:23,66.385,52.1,878.7,84.049
9/30/19 13:23,66.429,52.1,878.7,84.049
9/30/19 13:23,66.429,52.1,878.7,84.049
9/30/19 13:23,66.429,52,878.7,84.049
9/30/19 13:23,66.429,51.8,881.2,84.049
9/30/19 13:23,66.385,51.7,881.2,84.049
9/30/19 13:23,66.385,51.5,881.2,84.049
9/30/19 13:23,66.385,51.5,881.2,84.049
9/30/19 13:23,66.385,51.4,881.2,84.049
9/30/19 13:23,66.385,51.3,881.2,84.049
9/30/19 13:23,66.385,51.2,881.2,84.049
9/30/19 13:23,66.385,51.1,881.2,84.049
9/30/19 13:23,66.385,51.1,881.2,84.049
9/30/19 13:24,66.385,51,881.2,84.004
9/30/19 13:24,66.385,51,881.2,84.004
9/30/19 13:24,66.385,50.9,881.2,84.004
9/30/19 13:24,66.385,51,881.2,84.049
9/30/19 13:24,66.344,51,881.2,84.004
9/30/19 13:24,66.344,51,883.7,84.049
9/30/19 13:24,66.344,50.9,883.7,84.004
9/30/19 13:24,66.344,51,883.7,84.004
9/30/19 13:24,66.344,50.9,883.7,84.004
9/30/19 13:24,66.344,50.9,883.7,84.004
9/30/19 13:24,66.344,50.9,883.7,84.004
9/30/19 13:24,66.344,50.9,883.7,84.004
9/30/19 13:24,66.344,50.9,883.7,84.004
9/30/19 13:24,66.344,50.8,883.7,84.004
9/30/19 13:24,66.344,50.8,886.2,84.004
9/30/19 13:24,66.344,51,886.2,84.004
9/30/19 13:24,66.344,51,886.2,84.004
9/30/19 13:24,66.301,50.8,886.2,84.004
9/30/19 13:24,66.344,50.9,886.2,84.004
9/30/19 13:24,66.344,50.9,886.2,84.004
9/30/19 13:24,66.301,51,886.2,84.004
9/30/19 13:24,66.344,50.9,886.2,84.004
9/30/19 13:24,66.301,50.9,888.7,84.004
9/30/19 13:24,66.344,50.9,888.7,84.004
9/30/19 13:24,66.301,51,888.7,84.004
9/30/19 13:24,66.344,50.9,888.7,84.004
9/30/19 13:24,66.344,51,888.7,84.004
9/30/19 13:24,66.344,50.9,888.7,84.004
9/30/19 13:24,66.301,50.9,888.7,84.004
9/30/19 13:24,66.344,51,888.7,84.004
9/30/19 13:24,66.301,51.1,891.2,84.004
9/30/19 13:24,66.344,51.1,891.2,84.004
9/30/19 13:24,66.344,51.1,891.2,84.004
9/30/19 13:24,66.344,51.1,891.2,84.004
9/30/19 13:24,66.344,51.1,891.2,84.004
9/30/19 13:24,66.344,51,893.7,84.004
9/30/19 13:24,66.344,50.9,893.7,84.004
9/30/19 13:24,66.301,50.9,893.7,84.004
9/30/19 13:24,66.344,50.9,893.7,84.004
9/30/19 13:24,66.344,50.9,893.7,84.004
9/30/19 13:24,66.301,50.9,896.2,84.004
9/30/19 13:24,66.301,50.9,896.2,84.004
9/30/19 13:24,66.301,50.9,896.2,84.004
9/30/19 13:24,66.301,51,896.2,84.004
9/30/19 13:24,66.301,50.9,898.7,84.004
9/30/19 13:24,66.301,51,898.7,84.004
9/30/19 13:24,66.301,51,898.7,84.004
9/30/19 13:24,66.344,51.1,898.7,84.004
9/30/19 13:24,66.344,51,901.2,84.004
9/30/19 13:24,66.344,51.1,901.2,84.004
9/30/19 13:24,66.301,51.1,901.2,84.004
9/30/19 13:24,66.344,51.2,903.7,84.004
9/30/19 13:24,66.344,51.4,903.7,84.004
9/30/19 13:24,66.344,51.4,903.7,84.004
9/30/19 13:24,66.344,51.4,906.2,84.004
9/30/19 13:24,66.344,51.5,906.2,84.004
9/30/19 13:24,66.344,51.5,908.7,84.004
9/30/19 13:24,66.344,51.5,908.7,84.004
9/30/19 13:24,66.344,51.7,911.2,84.004
9/30/19 13:24,66.344,51.8,913.7,84.004
9/30/19 13:25,66.344,51.9,913.7,83.959
9/30/19 13:25,66.344,52,916.2,83.959
9/30/19 13:25,66.344,52.1,918.7,83.959
9/30/19 13:25,66.344,52.1,918.7,83.959
9/30/19 13:25,66.344,52.2,921.2,83.959
9/30/19 13:25,66.385,52.4,923.7,83.959
9/30/19 13:25,66.385,52.4,926.2,83.959
9/30/19 13:25,66.385,52.5,928.7,83.959
9/30/19 13:25,66.385,52.6,931.2,83.959
9/30/19 13:25,66.385,52.6,933.7,83.959
9/30/19 13:25,66.385,52.7,938.7,83.959
9/30/19 13:25,66.385,52.7,941.2,83.959
9/30/19 13:25,66.385,52.7,943.7,83.959
9/30/19 13:25,66.429,52.8,943.7,83.959
9/30/19 13:25,66.429,52.8,941.2,83.959
9/30/19 13:25,66.429,52.8,938.7,83.959
9/30/19 13:25,66.429,52.8,938.7,83.959
9/30/19 13:25,66.429,52.8,936.2,83.959
9/30/19 13:25,66.429,52.8,936.2,83.959
9/30/19 13:25,66.429,52.8,936.2,83.959
9/30/19 13:25,66.472,52.7,936.2,83.959
9/30/19 13:25,66.429,52.7,936.2,83.959
9/30/19 13:25,66.472,52.8,936.2,83.959
9/30/19 13:25,66.472,52.7,938.7,83.959
9/30/19 13:25,66.472,52.7,936.2,83.959
9/30/19 13:25,66.472,52.6,938.7,83.959
9/30/19 13:25,66.472,52.6,936.2,83.959
9/30/19 13:25,66.472,52.6,936.2,83.959
9/30/19 13:25,66.472,52.6,933.7,83.959
9/30/19 13:25,66.515,52.5,933.7,83.959
9/30/19 13:25,66.515,52.6,933.7,83.959
9/30/19 13:25,66.515,52.6,931.2,83.959
9/30/19 13:25,66.515,52.6,931.2,83.959
9/30/19 13:25,66.515,52.6,931.2,83.959
9/30/19 13:25,66.515,52.6,928.7,83.959
9/30/19 13:25,66.558,52.6,928.7,83.959
9/30/19 13:25,66.558,52.7,928.7,83.959
9/30/19 13:25,66.558,52.7,928.7,83.959
9/30/19 13:25,66.558,52.7,928.7,83.959
9/30/19 13:25,66.558,52.8,928.7,83.959
9/30/19 13:25,66.6,52.8,928.7,83.959
9/30/19 13:25,66.6,52.8,928.7,83.959
9/30/19 13:25,66.6,52.7,928.7,83.959
9/30/19 13:25,66.6,52.7,928.7,83.959
9/30/19 13:25,66.6,52.7,931.2,83.959
9/30/19 13:25,66.6,52.7,931.2,83.959
9/30/19 13:25,66.643,52.7,931.2,83.959
9/30/19 13:25,66.643,52.7,931.2,83.959
9/30/19 13:25,66.643,52.7,933.7,83.959
9/30/19 13:25,66.643,52.7,933.7,83.914
9/30/19 13:25,66.643,52.7,933.7,83.959
9/30/19 13:25,66.643,52.7,933.7,83.914
9/30/19 13:25,66.686,52.6,933.7,83.959
9/30/19 13:25,66.686,52.6,936.2,83.959
9/30/19 13:25,66.686,52.5,936.2,83.914
9/30/19 13:25,66.686,52.4,936.2,83.959
9/30/19 13:25,66.686,52.4,936.2,83.959
9/30/19 13:25,66.686,52.3,938.7,83.959
9/30/19 13:25,66.686,52.3,938.7,83.959
9/30/19 13:25,66.729,52.2,938.7,83.914
9/30/19 13:26,66.729,52.3,938.7,83.959
9/30/19 13:26,66.729,52.4,938.7,83.914
9/30/19 13:26,66.729,52.4,941.2,83.959
9/30/19 13:26,66.729,52.4,941.2,83.914
9/30/19 13:26,66.729,52.5,941.2,83.914
9/30/19 13:26,66.729,52.5,941.2,83.914
9/30/19 13:26,66.729,52.5,941.2,83.914
9/30/19 13:26,66.772,52.5,943.7,83.914
9/30/19 13:26,66.729,52.3,943.7,83.914
9/30/19 13:26,66.772,52.2,943.7,83.914
9/30/19 13:26,66.772,52.2,943.7,83.914
9/30/19 13:26,66.772,52,946.2,83.914
9/30/19 13:26,66.772,52,943.7,83.914
9/30/19 13:26,66.772,51.9,943.7,83.914
9/30/19 13:26,66.772,51.9,943.7,83.914
9/30/19 13:26,66.772,51.8,946.2,83.914
9/30/19 13:26,66.772,51.8,946.2,83.914
9/30/19 13:26,66.772,51.6,946.2,83.914
9/30/19 13:26,66.772,51.6,946.2,83.914
9/30/19 13:26,66.772,51.5,946.2,83.914
9/30/19 13:26,66.772,51.4,946.2,83.914
9/30/19 13:26,66.772,51.3,948.7,83.914
9/30/19 13:26,66.772,51.2,948.7,83.914
9/30/19 13:26,66.772,51.1,948.7,83.914
9/30/19 13:26,66.772,51.1,951.2,83.914
9/30/19 13:26,66.772,51,951.2,83.914
9/30/19 13:26,66.772,51,951.2,83.914
9/30/19 13:26,66.772,51,953.7,83.914
9/30/19 13:26,66.772,51,953.7,83.914
9/30/19 13:26,66.772,51.1,956.2,83.914
9/30/19 13:26,66.772,51.1,958.7,83.914
9/30/19 13:26,66.772,51.1,958.7,83.914
9/30/19 13:26,66.772,51.2,961.2,83.914
9/30/19 13:26,66.772,51.3,961.2,83.914
9/30/19 13:26,66.772,51.3,963.7,83.914
9/30/19 13:26,66.772,51.4,966.2,83.914
9/30/19 13:26,66.772,51.4,968.7,83.914
9/30/19 13:26,66.772,51.5,971.2,83.914
9/30/19 13:26,66.772,51.6,976.2,83.914
9/30/19 13:26,66.772,51.6,978.7,83.914
9/30/19 13:26,66.772,51.7,983.7,83.914
9/30/19 13:26,66.772,51.7,988.7,83.914
9/30/19 13:26,66.772,51.7,993.7,83.914
9/30/19 13:26,66.772,51.7,1001.2,83.914
9/30/19 13:26,66.772,51.6,1008.7,83.914
9/30/19 13:26,66.772,51.6,1016.2,83.914
9/30/19 13:26,66.772,51.6,1028.7,83.914
9/30/19 13:26,66.772,51.6,1048.7,83.914
9/30/19 13:26,66.772,51.6,1078.7,83.914
9/30/19 13:26,66.772,51.6,1118.7,83.914
9/30/19 13:26,66.814,51.6,1161.2,83.914
9/30/19 13:26,66.814,51.7,1191.2,83.914
9/30/19 13:26,66.814,51.7,1223.7,83.914
9/30/19 13:26,66.814,51.7,1256.2,83.914
9/30/19 13:26,66.814,51.7,1286.2,83.914
9/30/19 13:26,66.814,51.7,1298.7,83.914
9/30/19 13:26,66.814,51.7,1288.7,83.914
9/30/19 13:26,66.814,51.6,1263.7,83.914
9/30/19 13:26,66.814,51.6,1236.2,83.914
9/30/19 13:26,66.814,51.6,1201.2,83.914
9/30/19 13:27,66.814,51.5,1171.2,83.914
9/30/19 13:27,66.814,51.4,1146.2,83.914
9/30/19 13:27,66.857,51.4,1131.2,83.914
9/30/19 13:27,66.857,51.3,1123.7,83.914
9/30/19 13:27,66.857,51.2,1116.2,83.914
9/30/19 13:27,66.857,51.1,1106.2,83.914
9/30/19 13:27,66.857,51,1091.2,83.914
9/30/19 13:27,66.857,51,1073.7,83.914
9/30/19 13:27,66.857,50.9,1058.7,83.914
9/30/19 13:27,66.857,50.8,1041.2,83.914
9/30/19 13:27,66.857,50.7,1028.7,83.914
9/30/19 13:27,66.857,50.7,1016.2,83.914
9/30/19 13:27,66.857,50.6,1001.2,83.914
9/30/19 13:27,66.857,50.5,991.2,83.914
9/30/19 13:27,66.857,50.4,986.2,83.914
9/30/19 13:27,66.857,50.4,981.2,83.914
9/30/19 13:27,66.857,50.3,976.2,83.914
9/30/19 13:27,66.857,50.4,971.2,83.914
9/30/19 13:27,66.857,50.3,968.7,83.914
9/30/19 13:27,66.857,50.3,963.7,83.914
9/30/19 13:27,66.857,50.3,961.2,83.914
9/30/19 13:27,66.857,50.2,958.7,83.914
9/30/19 13:27,66.9,50.2,958.7,83.914
9/30/19 13:27,66.857,50.2,956.2,83.914
9/30/19 13:27,66.9,50.2,953.7,83.914
9/30/19 13:27,66.9,50.2,953.7,83.914
9/30/19 13:27,66.9,50.2,953.7,83.914
9/30/19 13:27,66.9,50.3,951.2,83.914
9/30/19 13:27,66.9,50.3,951.2,83.914
9/30/19 13:27,66.9,50.4,951.2,83.914
9/30/19 13:27,66.9,50.5,951.2,83.914
9/30/19 13:27,66.9,50.5,951.2,83.914
9/30/19 13:27,66.9,50.6,951.2,83.914
9/30/19 13:27,66.943,50.6,951.2,83.914
9/30/19 13:27,66.9,50.6,951.2,83.914
9/30/19 13:27,66.943,50.6,951.2,83.914
9/30/19 13:27,66.943,50.5,953.7,83.914
9/30/19 13:27,66.943,50.5,953.7,83.914
9/30/19 13:27,66.943,50.5,953.7,83.914
9/30/19 13:27,66.943,50.5,953.7,83.914
9/30/19 13:27,66.943,50.5,956.2,83.914
9/30/19 13:27,66.943,50.5,956.2,83.914
9/30/19 13:27,66.943,50.5,958.7,83.914
9/30/19 13:27,66.943,50.5,961.2,83.914
9/30/19 13:27,66.943,50.5,961.2,83.914
9/30/19 13:27,66.943,50.6,961.2,83.914
9/30/19 13:27,66.943,50.6,963.7,83.914
9/30/19 13:27,66.943,50.6,963.7,83.914
9/30/19 13:27,66.985,50.6,966.2,83.914
9/30/19 13:27,66.985,50.6,968.7,83.914
9/30/19 13:27,66.985,50.7,971.2,83.914
9/30/19 13:27,66.985,50.7,971.2,83.914
9/30/19 13:27,66.985,50.7,973.7,83.914
9/30/19 13:27,66.985,50.8,976.2,83.914
9/30/19 13:27,66.985,50.8,976.2,83.914
9/30/19 13:27,67.028,50.9,978.7,83.914
9/30/19 13:27,67.028,51,981.2,83.914
9/30/19 13:27,67.028,50.9,981.2,83.914
9/30/19 13:27,67.028,51,983.7,83.914
9/30/19 13:27,67.028,51,986.2,83.914
9/30/19 13:28,67.028,51.1,986.2,83.914
9/30/19 13:28,67.071,51.2,988.7,83.914
9/30/19 13:28,67.071,51.3,988.7,83.914
9/30/19 13:28,67.071,51.3,991.2,83.914
9/30/19 13:28,67.071,51.3,991.2,83.914
9/30/19 13:28,67.071,51.3,993.7,83.914
9/30/19 13:28,67.071,51.3,993.7,83.914
9/30/19 13:28,67.114,51.4,996.2,83.959
9/30/19 13:28,67.114,51.3,996.2,83.959
9/30/19 13:28,67.114,51.3,996.2,83.959
9/30/19 13:28,67.114,51.3,998.7,83.959
9/30/19 13:28,67.114,51.3,998.7,83.914
9/30/19 13:28,67.114,51.3,998.7,83.959
9/30/19 13:28,67.158,51.3,1001.2,83.959
9/30/19 13:28,67.158,51.4,1003.7,83.959
9/30/19 13:28,67.158,51.4,1008.7,83.959
9/30/19 13:28,67.158,51.4,1011.2,83.959
9/30/19 13:28,67.158,51.5,1013.7,83.959
9/30/19 13:28,67.158,51.5,1016.2,83.959
9/30/19 13:28,67.199,51.6,1016.2,83.959
9/30/19 13:28,67.199,51.6,1016.2,83.959
9/30/19 13:28,67.199,51.6,1016.2,83.959
9/30/19 13:28,67.199,51.7,1016.2,83.959
9/30/19 13:28,67.242,51.9,1018.7,83.959
9/30/19 13:28,67.242,52.1,1021.2,83.959
9/30/19 13:28,67.242,52.2,1023.7,83.959
9/30/19 13:28,67.242,52.3,1028.7,83.959
9/30/19 13:28,67.242,52.4,1031.2,83.959
9/30/19 13:28,67.285,52.6,1036.2,83.959
9/30/19 13:28,67.285,52.7,1038.7,83.959
9/30/19 13:28,67.285,52.8,1043.7,83.959
9/30/19 13:28,67.285,52.9,1048.7,83.959
9/30/19 13:28,67.329,52.8,1053.7,83.959
9/30/19 13:28,67.329,52.8,1058.7,83.959
9/30/19 13:28,67.329,52.8,1061.2,83.959
9/30/19 13:28,67.372,52.8,1058.7,83.959
9/30/19 13:28,67.372,52.9,1056.2,83.959
9/30/19 13:28,67.372,52.8,1053.7,83.959
9/30/19 13:28,67.372,52.7,1051.2,83.959
9/30/19 13:28,67.413,52.6,1046.2,84.004
9/30/19 13:28,67.413,52.5,1036.2,83.959
9/30/19 13:28,67.413,52.5,1026.2,83.959
9/30/19 13:28,67.413,52.5,1018.7,84.004
9/30/19 13:28,67.456,52.5,1011.2,83.959
9/30/19 13:28,67.456,52.4,1003.7,84.004
9/30/19 13:28,67.456,52.3,998.7,84.004
9/30/19 13:28,67.456,52.3,996.2,84.004
9/30/19 13:28,67.456,52.2,991.2,84.004
9/30/19 13:28,67.456,52.1,988.7,84.004
9/30/19 13:28,67.456,51.9,986.2,84.004
9/30/19 13:28,67.456,51.7,983.7,84.004
9/30/19 13:28,67.456,51.6,981.2,84.004
9/30/19 13:28,67.456,51.4,981.2,84.004
9/30/19 13:28,67.456,51.3,978.7,84.004
9/30/19 13:28,67.5,51.1,976.2,84.004
9/30/19 13:28,67.456,51,976.2,84.004
9/30/19 13:28,67.456,51,973.7,84.004
9/30/19 13:28,67.456,50.8,973.7,84.004
9/30/19 13:28,67.456,50.7,971.2,84.004
9/30/19 13:28,67.456,50.6,971.2,84.004
9/30/19 13:29,67.456,50.5,971.2,84.004
9/30/19 13:29,67.456,50.4,971.2,84.004
9/30/19 13:29,67.456,50.3,968.7,84.004
9/30/19 13:29,67.413,50.4,968.7,84.004
9/30/19 13:29,67.413,50.3,968.7,84.004
9/30/19 13:29,67.413,50.2,968.7,84.004
9/30/19 13:29,67.413,50.2,968.7,84.004
9/30/19 13:29,67.413,50.2,968.7,84.004
9/30/19 13:29,67.413,50.2,968.7,84.004
9/30/19 13:29,67.372,50.2,971.2,84.004
9/30/19 13:29,67.372,50.2,971.2,84.004
9/30/19 13:29,67.372,50.3,971.2,84.004
9/30/19 13:29,67.372,50.3,971.2,84.004
9/30/19 13:29,67.372,50.4,971.2,84.004
9/30/19 13:29,67.372,50.5,971.2,84.004
9/30/19 13:29,67.372,50.6,971.2,84.049
9/30/19 13:29,67.329,50.7,968.7,84.004
9/30/19 13:29,67.329,50.8,968.7,84.004
9/30/19 13:29,67.329,50.9,968.7,84.004
9/30/19 13:29,67.329,50.9,968.7,84.049
9/30/19 13:29,67.329,50.9,966.2,84.004
9/30/19 13:29,67.329,50.8,966.2,84.049
9/30/19 13:29,67.329,50.8,966.2,84.049
9/30/19 13:29,67.329,50.7,966.2,84.049
9/30/19 13:29,67.329,50.7,966.2,84.049
9/30/19 13:29,67.329,50.6,966.2,84.049
9/30/19 13:29,67.285,50.5,966.2,84.049
9/30/19 13:29,67.285,50.4,966.2,84.049
9/30/19 13:29,67.285,50.4,966.2,84.049
9/30/19 13:29,67.285,50.4,966.2,84.049
9/30/19 13:29,67.285,50.4,966.2,84.049
9/30/19 13:29,67.285,50.4,966.2,84.049
9/30/19 13:29,67.285,50.4,966.2,84.049
9/30/19 13:29,67.285,50.4,966.2,84.049
9/30/19 13:29,67.285,50.4,966.2,84.049
9/30/19 13:29,67.242,50.3,963.7,84.049
9/30/19 13:29,67.242,50.4,963.7,84.049
9/30/19 13:29,67.242,50.2,963.7,84.049
9/30/19 13:29,67.242,50.1,963.7,84.049
9/30/19 13:29,67.242,50,963.7,84.049
9/30/19 13:29,67.199,49.9,963.7,84.049
9/30/19 13:29,67.199,49.8,963.7,84.049
9/30/19 13:29,67.199,49.7,963.7,84.049
9/30/19 13:29,67.199,49.7,963.7,84.049
9/30/19 13:29,67.199,49.7,963.7,84.049
9/30/19 13:29,67.158,49.7,963.7,84.049
9/30/19 13:29,67.158,49.6,963.7,84.049
9/30/19 13:29,67.158,49.6,963.7,84.049
9/30/19 13:29,67.158,49.7,963.7,84.049
9/30/19 13:29,67.114,49.7,963.7,84.049
9/30/19 13:29,67.114,49.7,963.7,84.049
9/30/19 13:29,67.114,49.7,963.7,84.049
9/30/19 13:29,67.114,49.8,963.7,84.049
9/30/19 13:29,67.114,49.9,963.7,84.049
9/30/19 13:29,67.114,50,963.7,84.094
9/30/19 13:29,67.114,50,963.7,84.049
9/30/19 13:29,67.114,50.1,963.7,84.094
9/30/19 13:29,67.114,50.3,963.7,84.049
9/30/19 13:29,67.114,50.4,961.2,84.049
9/30/19 13:29,67.114,50.6,961.2,84.049
9/30/19 13:30,67.071,50.8,961.2,84.049
9/30/19 13:30,67.071,51,961.2,84.094
9/30/19 13:30,67.114,51.3,958.7,84.094
9/30/19 13:30,67.071,51.6,958.7,84.094
9/30/19 13:30,67.114,51.7,958.7,84.094
9/30/19 13:30,67.114,51.9,958.7,84.094
9/30/19 13:30,67.114,52,958.7,84.094
9/30/19 13:30,67.114,52.1,958.7,84.094
9/30/19 13:30,67.114,52.1,956.2,84.094
9/30/19 13:30,67.114,52.2,956.2,84.094
9/30/19 13:30,67.114,52.3,956.2,84.094
9/30/19 13:30,67.114,52.3,956.2,84.094
9/30/19 13:30,67.114,52.4,956.2,84.094
9/30/19 13:30,67.114,52.5,956.2,84.094
9/30/19 13:30,67.158,52.5,956.2,84.094
9/30/19 13:30,67.158,52.6,956.2,84.094
9/30/19 13:30,67.158,52.6,956.2,84.094
9/30/19 13:30,67.158,52.7,956.2,84.094
9/30/19 13:30,67.158,52.8,956.2,84.094
9/30/19 13:30,67.158,52.9,956.2,84.094
9/30/19 13:30,67.158,52.8,956.2,84.094
9/30/19 13:30,67.199,52.9,956.2,84.094
9/30/19 13:30,67.199,53,953.7,84.094
9/30/19 13:30,67.199,53,953.7,84.094
9/30/19 13:30,67.199,53.1,953.7,84.094
9/30/19 13:30,67.242,53.1,953.7,84.094
9/30/19 13:30,67.242,53.2,953.7,84.094
9/30/19 13:30,67.242,53.2,953.7,84.094
9/30/19 13:30,67.242,53.2,953.7,84.094
9/30/19 13:30,67.285,53.2,953.7,84.094
9/30/19 13:30,67.285,53.1,951.2,84.094
9/30/19 13:30,67.285,53.1,951.2,84.094
9/30/19 13:30,67.285,53,951.2,84.094
9/30/19 13:30,67.285,53,951.2,84.094
9/30/19 13:30,67.329,52.9,951.2,84.094
9/30/19 13:30,67.329,52.8,951.2,84.094
9/30/19 13:30,67.329,52.8,951.2,84.094
9/30/19 13:30,67.329,52.7,951.2,84.094
9/30/19 13:30,67.372,52.5,951.2,84.094
9/30/19 13:30,67.372,52.4,951.2,84.094
9/30/19 13:30,67.372,52.3,951.2,84.094
9/30/19 13:30,67.372,52.2,951.2,84.094
9/30/19 13:30,67.372,52.2,951.2,84.094
9/30/19 13:30,67.372,52.1,951.2,84.094
9/30/19 13:30,67.372,52.1,951.2,84.094
9/30/19 13:30,67.413,52.1,948.7,84.094
9/30/19 13:30,67.413,52,948.7,84.094
9/30/19 13:30,67.413,52,948.7,84.094
9/30/19 13:30,67.413,52,948.7,84.094
9/30/19 13:30,67.413,52,948.7,84.094
9/30/19 13:30,67.413,52,948.7,84.094
9/30/19 13:30,67.413,52,951.2,84.137
9/30/19 13:30,67.413,52,948.7,84.137
9/30/19 13:30,67.456,52,951.2,84.137
9/30/19 13:30,67.456,52,951.2,84.137
9/30/19 13:30,67.456,52,948.7,84.137
9/30/19 13:30,67.456,52,948.7,84.137
9/30/19 13:30,67.456,52.1,948.7,84.137
9/30/19 13:30,67.5,52.1,948.7,84.137
9/30/19 13:30,67.5,52.2,948.7,84.137
9/30/19 13:31,67.5,52.2,948.7,84.137
9/30/19 13:31,67.5,52.3,946.2,84.137
9/30/19 13:31,67.5,52.4,946.2,84.137
9/30/19 13:31,67.543,52.5,946.2,84.137
9/30/19 13:31,67.543,52.6,946.2,84.137
9/30/19 13:31,67.543,52.7,948.7,84.137
9/30/19 13:31,67.543,52.7,948.7,84.137
9/30/19 13:31,67.543,52.8,948.7,84.137
9/30/19 13:31,67.586,52.9,948.7,84.137
9/30/19 13:31,67.586,52.8,951.2,84.137
9/30/19 13:31,67.586,52.9,951.2,84.137
9/30/19 13:31,67.627,52.9,951.2,84.137
9/30/19 13:31,67.627,52.9,953.7,84.137
9/30/19 13:31,67.627,52.8,953.7,84.137
9/30/19 13:31,67.627,52.9,956.2,84.137
9/30/19 13:31,67.627,52.8,956.2,84.137
9/30/19 13:31,67.627,52.7,956.2,84.137
9/30/19 13:31,67.671,52.6,956.2,84.137
9/30/19 13:31,67.671,52.4,956.2,84.137
9/30/19 13:31,67.671,52.3,958.7,84.137
9/30/19 13:31,67.671,52.2,958.7,84.137
9/30/19 13:31,67.671,52.1,958.7,84.137
9/30/19 13:31,67.671,52,961.2,84.137
9/30/19 13:31,67.671,51.9,963.7,84.137
9/30/19 13:31,67.671,51.7,963.7,84.137
9/30/19 13:31,67.671,51.6,966.2,84.137
9/30/19 13:31,67.671,51.3,971.2,84.137
9/30/19 13:31,67.671,51.1,973.7,84.137
9/30/19 13:31,67.671,51,978.7,84.137
9/30/19 13:31,67.627,50.9,983.7,84.137
9/30/19 13:31,67.627,50.8,988.7,84.137
9/30/19 13:31,67.627,50.7,991.2,84.137
9/30/19 13:31,67.627,50.6,996.2,84.137
9/30/19 13:31,67.627,50.4,1001.2,84.137
9/30/19 13:31,67.586,50.4,1003.7,84.137
9/30/19 13:31,67.586,50.4,1008.7,84.137
9/30/19 13:31,67.586,50.3,1008.7,84.137
9/30/19 13:31,67.586,50.4,1008.7,84.137
9/30/19 13:31,67.586,50.4,1006.2,84.137
9/30/19 13:31,67.586,50.4,1003.7,84.137
9/30/19 13:31,67.543,50.4,1001.2,84.137
9/30/19 13:31,67.543,50.4,998.7,84.137
9/30/19 13:31,67.543,50.4,993.7,84.137
9/30/19 13:31,67.543,50.4,991.2,84.137
9/30/19 13:31,67.543,50.5,986.2,84.137
9/30/19 13:31,67.543,50.6,981.2,84.137
9/30/19 13:31,67.543,50.7,976.2,84.137
9/30/19 13:31,67.543,50.7,971.2,84.137
9/30/19 13:31,67.543,50.8,966.2,84.137
9/30/19 13:31,67.5,50.9,963.7,84.137
9/30/19 13:31,67.5,51,958.7,84.137
9/30/19 13:31,67.5,51,956.2,84.137
9/30/19 13:31,67.5,51,953.7,84.137
9/30/19 13:31,67.5,51.1,951.2,84.137
9/30/19 13:31,67.5,51.1,948.7,84.137
9/30/19 13:31,67.5,51.2,946.2,84.137
9/30/19 13:31,67.5,51.2,943.7,84.137
9/30/19 13:31,67.5,51.3,943.7,84.137
9/30/19 13:31,67.5,51.3,943.7,84.137
9/30/19 13:31,67.5,51.3,941.2,84.137
9/30/19 13:32,67.5,51.3,941.2,84.137
9/30/19 13:32,67.5,51.3,938.7,84.137
9/30/19 13:32,67.5,51.4,938.7,84.137
9/30/19 13:32,67.5,51.4,938.7,84.137
9/30/19 13:32,67.5,51.5,938.7,84.137
9/30/19 13:32,67.5,51.6,938.7,84.137
9/30/19 13:32,67.5,51.6,938.7,84.137
9/30/19 13:32,67.543,51.8,938.7,84.137
9/30/19 13:32,67.543,51.9,938.7,84.137
9/30/19 13:32,67.5,52,938.7,84.137
9/30/19 13:32,67.543,51.9,938.7,84.137
9/30/19 13:32,67.543,51.9,938.7,84.137
9/30/19 13:32,67.543,51.7,938.7,84.137
9/30/19 13:32,67.543,51.6,938.7,84.137
9/30/19 13:32,67.543,51.5,938.7,84.137
9/30/19 13:32,67.543,51.4,938.7,84.137
9/30/19 13:32,67.543,51.3,938.7,84.137
9/30/19 13:32,67.543,51.1,938.7,84.137
9/30/19 13:32,67.543,51,938.7,84.137
9/30/19 13:32,67.543,50.9,938.7,84.137
9/30/19 13:32,67.543,51,938.7,84.137
9/30/19 13:32,67.543,50.9,938.7,84.137
9/30/19 13:32,67.5,50.9,938.7,84.137
9/30/19 13:32,67.5,50.8,938.7,84.137
9/30/19 13:32,67.5,50.9,938.7,84.137
9/30/19 13:32,67.5,50.9,938.7,84.137
9/30/19 13:32,67.5,51,938.7,84.137
9/30/19 13:32,67.5,51,938.7,84.137
9/30/19 13:32,67.5,51,938.7,84.137
9/30/19 13:32,67.5,51,938.7,84.137
9/30/19 13:32,67.5,50.9,938.7,84.137
9/30/19 13:32,67.5,50.8,938.7,84.137
9/30/19 13:32,67.5,50.8,938.7,84.137
9/30/19 13:32,67.5,50.7,938.7,84.137
9/30/19 13:32,67.5,50.6,938.7,84.137
9/30/19 13:32,67.5,50.5,938.7,84.137
9/30/19 13:32,67.5,50.5,938.7,84.137
9/30/19 13:32,67.5,50.4,941.2,84.137
9/30/19 13:32,67.5,50.3,941.2,84.137
9/30/19 13:32,67.5,50.4,941.2,84.137
9/30/19 13:32,67.5,50.3,941.2,84.137
9/30/19 13:32,67.5,50.2,941.2,84.137
9/30/19 13:32,67.456,50.2,941.2,84.137
9/30/19 13:32,67.456,50.2,943.7,84.137
9/30/19 13:32,67.456,50.2,943.7,84.137
9/30/19 13:32,67.456,50.1,943.7,84.137
9/30/19 13:32,67.456,50.1,946.2,84.137
9/30/19 13:32,67.456,50,946.2,84.137
9/30/19 13:32,67.456,50,948.7,84.137
9/30/19 13:32,67.456,50.1,951.2,84.137
9/30/19 13:32,67.456,50,953.7,84.137
9/30/19 13:32,67.413,50,953.7,84.137
9/30/19 13:32,67.413,50,956.2,84.137
9/30/19 13:32,67.413,50,958.7,84.137
9/30/19 13:32,67.413,50,963.7,84.137
9/30/19 13:32,67.413,50,966.2,84.137
9/30/19 13:32,67.413,50.1,973.7,84.137
9/30/19 13:32,67.413,50.1,978.7,84.137
9/30/19 13:32,67.413,50.2,981.2,84.137
9/30/19 13:32,67.413,50.4,986.2,84.137
9/30/19 13:33,67.413,50.4,991.2,84.137
9/30/19 13:33,67.413,50.6,993.7,84.137
9/30/19 13:33,67.413,50.7,998.7,84.137
9/30/19 13:33,67.413,50.8,1003.7,84.137
9/30/19 13:33,67.413,51,1008.7,84.137
9/30/19 13:33,67.413,50.9,1013.7,84.137
9/30/19 13:33,67.413,51,1016.2,84.137
9/30/19 13:33,67.413,51,1021.2,84.137
9/30/19 13:33,67.413,51,1021.2,84.137
9/30/19 13:33,67.413,51,1023.7,84.137
9/30/19 13:33,67.413,51,1023.7,84.137
9/30/19 13:33,67.413,51,1026.2,84.137
9/30/19 13:33,67.413,51,1031.2,84.137
9/30/19 13:33,67.413,51.1,1036.2,84.137
9/30/19 13:33,67.413,51.1,1046.2,84.137
9/30/19 13:33,67.413,51.2,1053.7,84.137
9/30/19 13:33,67.413,51.3,1058.7,84.137
9/30/19 13:33,67.413,51.4,1061.2,84.094
9/30/19 13:33,67.413,51.4,1061.2,84.137
9/30/19 13:33,67.413,51.5,1061.2,84.094
9/30/19 13:33,67.413,51.6,1058.7,84.137
9/30/19 13:33,67.413,51.6,1053.7,84.137
9/30/19 13:33,67.413,51.7,1048.7,84.137
9/30/19 13:33,67.413,51.8,1046.2,84.094
9/30/19 13:33,67.413,51.9,1041.2,84.094
9/30/19 13:33,67.413,51.9,1036.2,84.094
9/30/19 13:33,67.413,51.9,1033.7,84.094
9/30/19 13:33,67.413,52,1028.7,84.094
9/30/19 13:33,67.413,52,1026.2,84.094
9/30/19 13:33,67.413,52,1026.2,84.094
9/30/19 13:33,67.413,52.1,1026.2,84.094
9/30/19 13:33,67.413,52.1,1026.2,84.094
9/30/19 13:33,67.413,52.1,1026.2,84.094
9/30/19 13:33,67.456,52.2,1026.2,84.094
9/30/19 13:33,67.413,52.2,1026.2,84.094
9/30/19 13:33,67.456,52.3,1023.7,84.094
9/30/19 13:33,67.456,52.3,1023.7,84.094
9/30/19 13:33,67.413,52.4,1023.7,84.094
9/30/19 13:33,67.413,52.5,1026.2,84.094
9/30/19 13:33,67.456,52.7,1028.7,84.094
9/30/19 13:33,67.456,52.8,1033.7,84.094
9/30/19 13:33,67.456,52.8,1038.7,84.094
9/30/19 13:33,67.456,52.8,1038.7,84.094
9/30/19 13:33,67.456,52.8,1036.2,84.094
9/30/19 13:33,67.456,52.9,1031.2,84.094
9/30/19 13:33,67.456,53,1023.7,84.094
9/30/19 13:33,67.456,53.2,1018.7,84.094
9/30/19 13:33,67.456,53.3,1011.2,84.094
9/30/19 13:33,67.5,53.4,1003.7,84.094
9/30/19 13:33,67.5,53.5,1001.2,84.094
9/30/19 13:33,67.5,53.6,996.2,84.094
9/30/19 13:33,67.5,53.8,993.7,84.094
9/30/19 13:33,67.5,53.8,988.7,84.094
9/30/19 13:33,67.5,53.9,986.2,84.094
9/30/19 13:33,67.5,54,983.7,84.094
9/30/19 13:33,67.543,54,981.2,84.094
9/30/19 13:33,67.543,54.1,978.7,84.094
9/30/19 13:33,67.543,54.2,976.2,84.094
9/30/19 13:33,67.543,54.3,973.7,84.094
9/30/19 13:33,67.543,54.3,973.7,84.094
9/30/19 13:34,67.586,54.4,971.2,84.094
9/30/19 13:34,67.586,54.4,968.7,84.094
9/30/19 13:34,67.586,54.3,968.7,84.094
9/30/19 13:34,67.586,54.2,966.2,84.094
9/30/19 13:34,67.586,54.2,966.2,84.094
9/30/19 13:34,67.627,54,966.2,84.094
9/30/19 13:34,67.627,54,963.7,84.094
9/30/19 13:34,67.627,53.9,963.7,84.137
9/30/19 13:34,67.627,53.8,961.2,84.094
9/30/19 13:34,67.627,53.7,961.2,84.137
9/30/19 13:34,67.627,53.6,961.2,84.094
9/30/19 13:34,67.627,53.5,958.7,84.137
9/30/19 13:34,67.627,53.4,958.7,84.094
9/30/19 13:34,67.627,53.4,958.7,84.137
9/30/19 13:34,67.627,53.4,958.7,84.137
9/30/19 13:34,67.671,53.4,958.7,84.094
9/30/19 13:34,67.671,53.4,958.7,84.094
9/30/19 13:34,67.671,53.3,958.7,84.137
9/30/19 13:34,67.671,53.2,958.7,84.137
9/30/19 13:34,67.671,53.1,958.7,84.137
9/30/19 13:34,67.671,53,958.7,84.137
9/30/19 13:34,67.671,53,961.2,84.137
9/30/19 13:34,67.671,52.9,961.2,84.137
9/30/19 13:34,67.671,52.9,961.2,84.094
9/30/19 13:34,67.671,52.8,963.7,84.137
9/30/19 13:34,67.671,52.8,966.2,84.137
9/30/19 13:34,67.671,52.8,968.7,84.137
9/30/19 13:34,67.671,52.8,971.2,84.137
9/30/19 13:34,67.671,52.9,973.7,84.137
9/30/19 13:34,67.671,52.9,976.2,84.137
9/30/19 13:34,67.671,53,978.7,84.137
9/30/19 13:34,67.671,53,983.7,84.137
9/30/19 13:34,67.714,53,991.2,84.137
9/30/19 13:34,67.714,52.9,998.7,84.094
9/30/19 13:34,67.714,53,1006.2,84.137
9/30/19 13:34,67.714,53,1016.2,84.137
9/30/19 13:34,67.714,53.1,1023.7,84.137
9/30/19 13:34,67.714,53.3,1031.2,84.137
9/30/19 13:34,67.714,53.4,1036.2,84.137
9/30/19 13:34,67.714,53.5,1038.7,84.137
9/30/19 13:34,67.714,53.6,1043.7,84.137
9/30/19 13:34,67.714,53.6,1048.7,84.137
9/30/19 13:34,67.714,53.6,1053.7,84.137
9/30/19 13:34,67.714,53.5,1056.2,84.137
9/30/19 13:34,67.757,53.4,1063.7,84.137
9/30/19 13:34,67.757,53.4,1071.2,84.137
9/30/19 13:34,67.757,53.3,1078.7,84.137
9/30/19 13:34,67.757,53.1,1088.7,84.137
9/30/19 13:34,67.757,52.9,1098.7,84.137
9/30/19 13:34,67.757,52.8,1106.2,84.137
9/30/19 13:34,67.757,52.6,1113.7,84.137
9/30/19 13:34,67.757,52.4,1123.7,84.137
9/30/19 13:34,67.757,52.3,1143.7,84.137
9/30/19 13:34,67.757,52.2,1173.7,84.137
9/30/19 13:34,67.757,52.2,1216.2,84.137
9/30/19 13:34,67.757,52.2,1258.7,84.137
9/30/19 13:34,67.714,52.1,1288.7,84.137
9/30/19 13:34,67.757,52.2,1336.2,84.137
9/30/19 13:34,67.757,52.1,1388.7,84.137
9/30/19 13:34,67.757,52.1,1433.7,84.137
9/30/19 13:35,67.757,52.1,1451.2,84.137
9/30/19 13:35,67.757,52.2,1448.7,84.137
9/30/19 13:35,67.757,52.2,1411.2,84.137
9/30/19 13:35,67.757,52.2,1363.7,84.137
9/30/19 13:35,67.757,52.2,1326.2,84.137
9/30/19 13:35,67.757,52.2,1296.2,84.137
9/30/19 13:35,67.757,52.2,1273.7,84.137
9/30/19 13:35,67.757,52.3,1261.2,84.137
9/30/19 13:35,67.757,52.3,1248.7,84.137
9/30/19 13:35,67.757,52.3,1238.7,84.137
9/30/19 13:35,67.757,52.3,1231.2,84.137
9/30/19 13:35,67.757,52.3,1236.2,84.137
9/30/19 13:35,67.798,52.4,1241.2,84.137
9/30/19 13:35,67.798,52.5,1256.2,84.137
9/30/19 13:35,67.798,52.6,1273.7,84.137
9/30/19 13:35,67.798,52.6,1288.7,84.137
9/30/19 13:35,67.798,52.6,1293.7,84.137
9/30/19 13:35,67.798,52.7,1293.7,84.137
9/30/19 13:35,67.798,52.7,1288.7,84.137
9/30/19 13:35,67.842,52.6,1286.2,84.137
9/30/19 13:35,67.842,52.6,1288.7,84.137
9/30/19 13:35,67.842,52.6,1283.7,84.137
9/30/19 13:35,67.842,52.6,1268.7,84.137
9/30/19 13:35,67.842,52.6,1246.2,84.137
9/30/19 13:35,67.842,52.6,1221.2,84.137
9/30/19 13:35,67.842,52.6,1196.2,84.137
9/30/19 13:35,67.842,52.6,1183.7,84.137
9/30/19 13:35,67.842,52.6,1176.2,84.137
9/30/19 13:35,67.842,52.5,1163.7,84.137
9/30/19 13:35,67.842,52.5,1151.2,84.137
9/30/19 13:35,67.885,52.5,1138.7,84.137
9/30/19 13:35,67.842,52.5,1123.7,84.137
9/30/19 13:35,67.885,52.4,1113.7,84.137
9/30/19 13:35,67.885,52.3,1106.2,84.137
9/30/19 13:35,67.885,52.2,1098.7,84.137
9/30/19 13:35,67.885,52.2,1091.2,84.137
9/30/19 13:35,67.885,52.1,1086.2,84.137
9/30/19 13:35,67.885,51.8,1083.7,84.137
9/30/19 13:35,67.885,51.7,1083.7,84.137
9/30/19 13:35,67.885,51.7,1088.7,84.182
9/30/19 13:35,67.885,51.5,1091.2,84.182
9/30/19 13:35,67.885,51.4,1093.7,84.182
9/30/19 13:35,67.885,51.3,1091.2,84.182
9/30/19 13:35,67.885,51.2,1088.7,84.182
9/30/19 13:35,67.885,51,1083.7,84.182
9/30/19 13:35,67.842,51,1081.2,84.182
9/30/19 13:35,67.842,50.9,1081.2,84.182
9/30/19 13:35,67.842,50.9,1086.2,84.182
9/30/19 13:35,67.842,50.9,1093.7,84.182
9/30/19 13:35,67.842,50.9,1106.2,84.182
9/30/19 13:35,67.842,50.9,1118.7,84.182
9/30/19 13:35,67.842,50.9,1133.7,84.182
9/30/19 13:35,67.842,50.9,1153.7,84.182
9/30/19 13:35,67.842,50.9,1173.7,84.182
9/30/19 13:35,67.798,50.8,1193.7,84.182
9/30/19 13:35,67.798,50.7,1213.7,84.182
9/30/19 13:35,67.798,50.7,1226.2,84.182
9/30/19 13:35,67.798,50.7,1238.7,84.182
9/30/19 13:35,67.798,50.6,1248.7,84.182
9/30/19 13:35,67.798,50.7,1258.7,84.182
9/30/19 13:36,67.798,50.7,1261.2,84.182
9/30/19 13:36,67.798,50.8,1253.7,84.182
9/30/19 13:36,67.798,50.9,1236.2,84.182
9/30/19 13:36,67.757,51,1216.2,84.182
9/30/19 13:36,67.798,51,1193.7,84.182
9/30/19 13:36,67.757,51.1,1173.7,84.182
9/30/19 13:36,67.757,51.1,1153.7,84.182
9/30/19 13:36,67.757,51.1,1138.7,84.182
9/30/19 13:36,67.757,51.1,1126.2,84.182
9/30/19 13:36,67.757,51.1,1113.7,84.182
9/30/19 13:36,67.757,51,1108.7,84.182
9/30/19 13:36,67.798,51,1106.2,84.182
9/30/19 13:36,67.757,51.1,1103.7,84.182
9/30/19 13:36,67.757,51.1,1106.2,84.182
9/30/19 13:36,67.757,51,1106.2,84.182
9/30/19 13:36,67.757,51.1,1108.7,84.227
9/30/19 13:36,67.798,51.2,1111.2,84.182
9/30/19 13:36,67.798,51.2,1113.7,84.182
9/30/19 13:36,67.757,51.3,1113.7,84.227
9/30/19 13:36,67.798,51.5,1113.7,84.227
9/30/19 13:36,67.798,51.4,1116.2,84.227
9/30/19 13:36,67.798,51.6,1118.7,84.227
9/30/19 13:36,67.798,51.6,1123.7,84.227
9/30/19 13:36,67.798,51.6,1123.7,84.227
9/30/19 13:36,67.798,51.7,1116.2,84.227
9/30/19 13:36,67.798,51.8,1103.7,84.227
9/30/19 13:36,67.798,51.8,1088.7,84.227
9/30/19 13:36,67.798,51.8,1073.7,84.227
9/30/19 13:36,67.798,51.8,1061.2,84.227
9/30/19 13:36,67.842,51.8,1053.7,84.227
9/30/19 13:36,67.842,51.7,1048.7,84.227
9/30/19 13:36,67.842,51.9,1041.2,84.227
9/30/19 13:36,67.842,51.9,1036.2,84.227
9/30/19 13:36,67.842,51.9,1031.2,84.227
9/30/19 13:36,67.842,52,1028.7,84.227
9/30/19 13:36,67.842,52.1,1026.2,84.227
9/30/19 13:36,67.842,52.1,1023.7,84.227
9/30/19 13:36,67.842,52.2,1021.2,84.227
9/30/19 13:36,67.842,52.1,1018.7,84.227
9/30/19 13:36,67.842,52.1,1016.2,84.227
9/30/19 13:36,67.885,52.1,1013.7,84.227
9/30/19 13:36,67.842,52.1,1011.2,84.227
9/30/19 13:36,67.885,52.1,1011.2,84.227
9/30/19 13:36,67.885,52.1,1008.7,84.227
9/30/19 13:36,67.885,52.1,1003.7,84.227
9/30/19 13:36,67.885,52.1,1001.2,84.227
9/30/19 13:36,67.885,52.1,996.2,84.227
9/30/19 13:36,67.885,52.2,993.7,84.227
9/30/19 13:36,67.885,52.2,988.7,84.227
9/30/19 13:36,67.885,52.3,981.2,84.227
9/30/19 13:36,67.885,52.4,978.7,84.227
9/30/19 13:36,67.885,52.6,973.7,84.227
9/30/19 13:36,67.885,52.8,971.2,84.227
9/30/19 13:36,67.885,52.8,971.2,84.227
9/30/19 13:36,67.885,52.8,968.7,84.227
9/30/19 13:36,67.885,52.9,968.7,84.227
9/30/19 13:36,67.885,52.7,968.7,84.227
9/30/19 13:36,67.928,52.6,968.7,84.227
9/30/19 13:36,67.928,52.4,971.2,84.227
9/30/19 13:36,67.928,52.2,971.2,84.227
9/30/19 13:37,67.928,52.2,968.7,84.227
9/30/19 13:37,67.928,52.1,966.2,84.227
9/30/19 13:37,67.928,52,966.2,84.227
9/30/19 13:37,67.885,52,963.7,84.227
9/30/19 13:37,67.928,52,963.7,84.227
9/30/19 13:37,67.885,52,966.2,84.227
9/30/19 13:37,67.928,52.1,971.2,84.272
9/30/19 13:37,67.885,52.1,976.2,84.227
9/30/19 13:37,67.885,52.1,981.2,84.272
9/30/19 13:37,67.885,52.1,988.7,84.227
9/30/19 13:37,67.885,52.1,993.7,84.272
9/30/19 13:37,67.885,52,993.7,84.272
9/30/19 13:37,67.885,52,991.2,84.272
9/30/19 13:37,67.885,52,988.7,84.272
9/30/19 13:37,67.885,51.9,983.7,84.272
9/30/19 13:37,67.885,51.8,981.2,84.272
9/30/19 13:37,67.885,51.7,981.2,84.272
9/30/19 13:37,67.885,51.6,978.7,84.272
9/30/19 13:37,67.885,51.5,976.2,84.272
9/30/19 13:37,67.842,51.3,973.7,84.272
9/30/19 13:37,67.842,51.2,971.2,84.272
9/30/19 13:37,67.842,51.1,966.2,84.272
9/30/19 13:37,67.842,51.1,963.7,84.272
9/30/19 13:37,67.842,51.1,958.7,84.272
9/30/19 13:37,67.842,51.1,956.2,84.272
9/30/19 13:37,67.842,51.1,951.2,84.272
9/30/19 13:37,67.798,51.3,948.7,84.272
9/30/19 13:37,67.798,51.4,946.2,84.272
9/30/19 13:37,67.798,51.5,943.7,84.272
9/30/19 13:37,67.798,51.6,938.7,84.272
9/30/19 13:37,67.798,51.7,938.7,84.227
9/30/19 13:37,67.798,51.8,936.2,84.227
9/30/19 13:37,67.798,51.8,933.7,84.272
9/30/19 13:37,67.757,51.7,931.2,84.272
9/30/19 13:37,67.757,51.6,928.7,84.227
9/30/19 13:37,67.757,51.7,928.7,84.227
9/30/19 13:37,67.757,51.6,926.2,84.227
9/30/19 13:37,67.757,51.5,926.2,84.227
9/30/19 13:37,67.757,51.4,926.2,84.227
9/30/19 13:37,67.757,51.3,926.2,84.227
9/30/19 13:37,67.757,51.2,926.2,84.227
9/30/19 13:37,67.714,51.2,926.2,84.227
9/30/19 13:37,67.714,51.2,926.2,84.227
9/30/19 13:37,67.714,51.2,923.7,84.227
9/30/19 13:37,67.714,51.2,923.7,84.227
9/30/19 13:37,67.714,51.2,921.2,84.227
9/30/19 13:37,67.671,51.3,918.7,84.227
9/30/19 13:37,67.671,51.3,916.2,84.227
9/30/19 13:37,67.671,51.4,913.7,84.227
9/30/19 13:37,67.671,51.5,913.7,84.227
9/30/19 13:37,67.671,51.5,911.2,84.227
9/30/19 13:37,67.671,51.4,908.7,84.227
9/30/19 13:37,67.627,51.3,908.7,84.227
9/30/19 13:37,67.627,51.2,906.2,84.227
9/30/19 13:37,67.627,51.2,903.7,84.227
9/30/19 13:37,67.627,51.1,903.7,84.227
9/30/19 13:37,67.627,51.1,903.7,84.227
9/30/19 13:37,67.586,51.1,901.2,84.227
9/30/19 13:37,67.586,50.9,901.2,84.227
9/30/19 13:37,67.586,50.8,898.7,84.227
9/30/19 13:38,67.586,50.8,898.7,84.227
9/30/19 13:38,67.586,50.8,898.7,84.227
9/30/19 13:38,67.586,50.8,898.7,84.227
9/30/19 13:38,67.543,50.8,896.2,84.227
9/30/19 13:38,67.543,50.8,896.2,84.227
9/30/19 13:38,67.543,50.8,896.2,84.227
9/30/19 13:38,67.543,50.8,896.2,84.227
9/30/19 13:38,67.543,50.8,896.2,84.182
9/30/19 13:38,67.5,50.8,893.7,84.182
9/30/19 13:38,67.5,50.8,893.7,84.182
9/30/19 13:38,67.5,50.8,891.2,84.182
9/30/19 13:38,67.5,50.7,888.7,84.182
9/30/19 13:38,67.5,50.7,888.7,84.182
9/30/19 13:38,67.456,50.7,886.2,84.182
9/30/19 13:38,67.456,50.7,886.2,84.182
9/30/19 13:38,67.456,50.7,886.2,84.182
9/30/19 13:38,67.456,50.8,883.7,84.182
9/30/19 13:38,67.456,50.8,881.2,84.182
9/30/19 13:38,67.456,50.9,881.2,84.182
9/30/19 13:38,67.456,50.9,878.7,84.182
9/30/19 13:38,67.413,50.9,878.7,84.182
9/30/19 13:38,67.413,51,878.7,84.182
9/30/19 13:38,67.413,50.9,876.2,84.182
9/30/19 13:38,67.413,51.1,876.2,84.182
9/30/19 13:38,67.413,51.2,876.2,84.182
9/30/19 13:38,67.413,51.4,873.7,84.182
9/30/19 13:38,67.413,51.5,873.7,84.182
9/30/19 13:38,67.413,51.6,871.2,84.182
9/30/19 13:38,67.413,51.7,871.2,84.182
9/30/19 13:38,67.413,51.8,871.2,84.182
9/30/19 13:38,67.413,51.9,871.2,84.182
9/30/19 13:38,67.413,51.9,868.7,84.182
9/30/19 13:38,67.372,51.9,868.7,84.182
9/30/19 13:38,67.413,51.9,868.7,84.182
9/30/19 13:38,67.413,52,868.7,84.137
9/30/19 13:38,67.372,52,868.7,84.182
9/30/19 13:38,67.372,52.1,866.2,84.137
9/30/19 13:38,67.372,52.2,866.2,84.137
9/30/19 13:38,67.372,52.2,866.2,84.137
9/30/19 13:38,67.372,52.3,866.2,84.137
9/30/19 13:38,67.413,52.5,866.2,84.137
9/30/19 13:38,67.372,52.5,866.2,84.137
9/30/19 13:38,67.372,52.6,863.7,84.137
9/30/19 13:38,67.372,52.6,863.7,84.137
9/30/19 13:38,67.372,52.6,863.7,84.137
9/30/19 13:38,67.372,52.5,863.7,84.137
9/30/19 13:38,67.372,52.4,863.7,84.137
9/30/19 13:38,67.372,52.3,861.2,84.137
9/30/19 13:38,67.372,52.3,861.2,84.137
9/30/19 13:38,67.372,52.2,861.2,84.137
9/30/19 13:38,67.372,52.2,861.2,84.137
9/30/19 13:38,67.372,52.1,861.2,84.137
9/30/19 13:38,67.372,52,858.7,84.137
9/30/19 13:38,67.372,51.8,858.7,84.137
9/30/19 13:38,67.372,51.7,858.7,84.094
9/30/19 13:38,67.372,51.6,858.7,84.137
9/30/19 13:38,67.329,51.6,858.7,84.094
9/30/19 13:38,67.329,51.6,856.2,84.094
9/30/19 13:38,67.329,51.6,856.2,84.094
9/30/19 13:38,67.329,51.6,856.2,84.094
9/30/19 13:39,67.329,51.6,856.2,84.094
9/30/19 13:39,67.329,51.7,856.2,84.094
9/30/19 13:39,67.329,51.7,853.7,84.094
9/30/19 13:39,67.329,51.7,853.7,84.094
9/30/19 13:39,67.329,51.6,853.7,84.094
9/30/19 13:39,67.329,51.6,851.2,84.094
9/30/19 13:39,67.285,51.6,851.2,84.094
9/30/19 13:39,67.285,51.6,851.2,84.094
9/30/19 13:39,67.285,51.6,851.2,84.094
9/30/19 13:39,67.285,51.6,851.2,84.094
9/30/19 13:39,67.285,51.6,851.2,84.094
9/30/19 13:39,67.285,51.6,848.7,84.094
9/30/19 13:39,67.285,51.6,848.7,84.094
9/30/19 13:39,67.285,51.6,848.7,84.094
9/30/19 13:39,67.285,51.6,848.7,84.094
9/30/19 13:39,67.285,51.6,848.7,84.094
9/30/19 13:39,67.285,51.6,846.2,84.049
9/30/19 13:39,67.242,51.6,846.2,84.094
9/30/19 13:39,67.242,51.6,846.2,84.049
9/30/19 13:39,67.242,51.6,846.2,84.049
9/30/19 13:39,67.242,51.6,846.2,84.049
9/30/19 13:39,67.242,51.6,843.7,84.049
9/30/19 13:39,67.242,51.6,843.7,84.049
9/30/19 13:39,67.242,51.6,843.7,84.049
9/30/19 13:39,67.242,51.6,843.7,84.049
9/30/19 13:39,67.199,51.6,843.7,84.049
9/30/19 13:39,67.199,51.6,841.2,84.049
9/30/19 13:39,67.199,51.6,841.2,84.049
9/30/19 13:39,67.199,51.6,841.2,84.049
9/30/19 13:39,67.199,51.7,841.2,84.049
9/30/19 13:39,67.199,51.7,841.2,84.049
9/30/19 13:39,67.199,51.7,841.2,84.049
9/30/19 13:39,67.199,51.7,841.2,84.004
9/30/19 13:39,67.158,51.7,838.7,84.004
9/30/19 13:39,67.158,51.7,838.7,84.004
9/30/19 13:39,67.158,51.7,838.7,84.004
9/30/19 13:39,67.158,51.8,838.7,84.004
9/30/19 13:39,67.158,51.9,838.7,84.004
9/30/19 13:39,67.158,52,838.7,84.004
9/30/19 13:39,67.158,52.1,838.7,84.004
9/30/19 13:39,67.158,52.1,836.2,84.004
9/30/19 13:39,67.114,52.2,836.2,84.004
9/30/19 13:39,67.158,52.2,836.2,84.004
9/30/19 13:39,67.114,52.2,836.2,84.004
9/30/19 13:39,67.114,52.2,836.2,84.004
9/30/19 13:39,67.114,52.2,833.7,84.004
9/30/19 13:39,67.114,52.2,833.7,84.004
9/30/19 13:39,67.114,52.2,833.7,84.004
9/30/19 13:39,67.114,52.2,833.7,83.959
9/30/19 13:39,67.114,52.2,833.7,83.959
9/30/19 13:39,67.114,52.3,833.7,83.959
9/30/19 13:39,67.114,52.3,833.7,83.959
9/30/19 13:39,67.114,52.3,833.7,83.959
9/30/19 13:39,67.114,52.3,833.7,83.959
9/30/19 13:39,67.114,52.3,833.7,83.959
9/30/19 13:39,67.071,52.3,831.2,83.959
9/30/19 13:39,67.071,52.3,831.2,83.959
9/30/19 13:39,67.071,52.2,831.2,83.959
9/30/19 13:39,67.071,52.2,831.2,83.959
9/30/19 13:39,67.071,52.2,831.2,83.959
9/30/19 13:40,67.071,52.2,831.2,83.959
9/30/19 13:40,67.071,52.1,831.2,83.959
9/30/19 13:40,67.071,52.1,831.2,83.914
9/30/19 13:40,67.071,52,831.2,83.914
9/30/19 13:40,67.071,52,831.2,83.914
9/30/19 13:40,67.071,52,831.2,83.914
9/30/19 13:40,67.071,52,828.7,83.914
9/30/19 13:40,67.028,52,828.7,83.914
9/30/19 13:40,67.028,51.9,828.7,83.914
9/30/19 13:40,67.028,51.8,828.7,83.914
9/30/19 13:40,67.028,51.7,828.7,83.914
9/30/19 13:40,67.028,51.6,828.7,83.914
9/30/19 13:40,67.028,51.5,828.7,83.914
9/30/19 13:40,67.028,51.4,828.7,83.914
9/30/19 13:40,66.985,51.3,828.7,83.914
9/30/19 13:40,66.985,51.1,828.7,83.914
9/30/19 13:40,66.985,50.9,828.7,83.914
9/30/19 13:40,66.985,50.9,828.7,83.869
9/30/19 13:40,66.943,50.8,828.7,83.869
9/30/19 13:40,66.943,50.7,828.7,83.869
9/30/19 13:40,66.943,50.6,828.7,83.869
9/30/19 13:40,66.943,50.6,826.2,83.869
9/30/19 13:40,66.9,50.6,826.2,83.869
9/30/19 13:40,66.943,50.6,826.2,83.869
9/30/19 13:40,66.9,50.6,826.2,83.869
9/30/19 13:40,66.9,50.6,826.2,83.869
9/30/19 13:40,66.9,50.6,826.2,83.869
9/30/19 13:40,66.9,50.6,826.2,83.869
9/30/19 13:40,66.857,50.7,826.2,83.869
9/30/19 13:40,66.857,50.8,826.2,83.869
9/30/19 13:40,66.857,50.9,826.2,83.869
9/30/19 13:40,66.857,51,826.2,83.824
9/30/19 13:40,66.814,50.9,826.2,83.824
9/30/19 13:40,66.814,51,826.2,83.824
9/30/19 13:40,66.814,51.1,826.2,83.824
9/30/19 13:40,66.814,51.3,826.2,83.824
9/30/19 13:40,66.814,51.4,826.2,83.824
9/30/19 13:40,66.814,51.4,826.2,83.824
9/30/19 13:40,66.814,51.5,826.2,83.824
9/30/19 13:40,66.814,51.5,826.2,83.824
9/30/19 13:40,66.814,51.5,826.2,83.824
9/30/19 13:40,66.772,51.5,826.2,83.824
9/30/19 13:40,66.772,51.5,826.2,83.824
9/30/19 13:40,66.772,51.5,826.2,83.824
9/30/19 13:40,66.772,51.5,826.2,83.824
9/30/19 13:40,66.772,51.5,826.2,83.824
9/30/19 13:40,66.772,51.4,826.2,83.824
9/30/19 13:40,66.772,51.4,826.2,83.824
9/30/19 13:40,66.772,51.4,826.2,83.824
9/30/19 13:40,66.772,51.5,826.2,83.779
9/30/19 13:40,66.772,51.6,826.2,83.824
9/30/19 13:40,66.772,51.6,826.2,83.779
9/30/19 13:40,66.729,51.6,826.2,83.779
9/30/19 13:40,66.729,51.6,826.2,83.779
9/30/19 13:40,66.729,51.7,826.2,83.779
9/30/19 13:40,66.729,51.7,826.2,83.779
9/30/19 13:40,66.729,51.6,826.2,83.779
9/30/19 13:40,66.729,51.6,826.2,83.779
9/30/19 13:40,66.729,51.6,826.2,83.779
9/30/19 13:40,66.729,51.6,826.2,83.779
9/30/19 13:41,66.729,51.5,828.7,83.779
9/30/19 13:41,66.729,51.4,828.7,83.779
9/30/19 13:41,66.729,51.3,828.7,83.779
9/30/19 13:41,66.729,51.3,828.7,83.779
9/30/19 13:41,66.729,51.2,828.7,83.779
9/30/19 13:41,66.686,51.3,828.7,83.779
9/30/19 13:41,66.686,51.4,828.7,83.779
9/30/19 13:41,66.686,51.4,828.7,83.779
9/30/19 13:41,66.686,51.4,828.7,83.779
9/30/19 13:41,66.686,51.4,831.2,83.779
9/30/19 13:41,66.686,51.4,831.2,83.736
9/30/19 13:41,66.686,51.4,831.2,83.736
9/30/19 13:41,66.686,51.4,831.2,83.736
9/30/19 13:41,66.686,51.4,831.2,83.736
9/30/19 13:41,66.686,51.3,831.2,83.736
9/30/19 13:41,66.686,51.3,833.7,83.736
9/30/19 13:41,66.686,51.3,833.7,83.736
9/30/19 13:41,66.686,51.3,833.7,83.736
9/30/19 13:41,66.686,51.2,833.7,83.736
9/30/19 13:41,66.686,51.1,836.2,83.736
9/30/19 13:41,66.643,51.1,836.2,83.736
9/30/19 13:41,66.643,51,838.7,83.736
9/30/19 13:41,66.643,50.9,838.7,83.736
9/30/19 13:41,66.643,51,838.7,83.736
9/30/19 13:41,66.643,50.9,841.2,83.736
9/30/19 13:41,66.643,50.9,841.2,83.736
9/30/19 13:41,66.643,50.9,841.2,83.736
9/30/19 13:41,66.643,50.9,843.7,83.736
9/30/19 13:41,66.643,50.9,843.7,83.736
9/30/19 13:41,66.6,50.9,846.2,83.736
9/30/19 13:41,66.643,51,846.2,83.736
9/30/19 13:41,66.6,50.9,848.7,83.736
9/30/19 13:41,66.6,51,848.7,83.736
9/30/19 13:41,66.6,51,851.2,83.736
9/30/19 13:41,66.6,51,851.2,83.736
9/30/19 13:41,66.6,51,853.7,83.736
9/30/19 13:41,66.6,51.1,856.2,83.736
9/30/19 13:41,66.6,51.1,856.2,83.736
9/30/19 13:41,66.6,51.2,858.7,83.736
9/30/19 13:41,66.6,51.2,858.7,83.691
9/30/19 13:41,66.6,51.1,861.2,83.736
9/30/19 13:41,66.6,51,861.2,83.691
9/30/19 13:41,66.558,50.9,861.2,83.691
9/30/19 13:41,66.558,51,863.7,83.691
9/30/19 13:41,66.558,50.9,863.7,83.691
9/30/19 13:41,66.558,50.8,863.7,83.691
9/30/19 13:41,66.558,50.8,863.7,83.691
9/30/19 13:41,66.558,50.8,866.2,83.691
9/30/19 13:41,66.558,50.8,866.2,83.691
9/30/19 13:41,66.558,50.7,866.2,83.691
9/30/19 13:41,66.558,50.7,866.2,83.691
9/30/19 13:41,66.558,50.8,866.2,83.691
9/30/19 13:41,66.515,50.8,866.2,83.691
9/30/19 13:41,66.515,51,868.7,83.691
9/30/19 13:41,66.515,50.9,868.7,83.691
9/30/19 13:41,66.515,51,868.7,83.691
9/30/19 13:41,66.515,51.1,868.7,83.691
9/30/19 13:41,66.515,51.3,871.2,83.691
9/30/19 13:41,66.515,51.4,873.7,83.691
9/30/19 13:41,66.515,51.5,873.7,83.691
9/30/19 13:42,66.515,51.5,876.2,83.691
9/30/19 13:42,66.515,51.6,876.2,83.691
9/30/19 13:42,66.515,51.6,876.2,83.691
9/30/19 13:42,66.515,51.6,876.2,83.691
9/30/19 13:42,66.515,51.6,876.2,83.691
9/30/19 13:42,66.515,51.7,876.2,83.691
9/30/19 13:42,66.515,51.7,878.7,83.691
9/30/19 13:42,66.515,51.8,878.7,83.691
9/30/19 13:42,66.515,51.9,881.2,83.646
9/30/19 13:42,66.515,52,883.7,83.646
9/30/19 13:42,66.515,52.1,883.7,83.646
9/30/19 13:42,66.515,52.2,886.2,83.646
9/30/19 13:42,66.515,52.3,888.7,83.646
9/30/19 13:42,66.515,52.3,893.7,83.646
9/30/19 13:42,66.515,52.5,896.2,83.646
9/30/19 13:42,66.515,52.6,898.7,83.646
9/30/19 13:42,66.515,52.7,903.7,83.646
9/30/19 13:42,66.558,52.8,908.7,83.646
9/30/19 13:42,66.558,52.9,911.2,83.646
9/30/19 13:42,66.558,52.9,911.2,83.646
9/30/19 13:42,66.558,52.9,913.7,83.646
9/30/19 13:42,66.558,52.8,913.7,83.646
9/30/19 13:42,66.558,52.8,911.2,83.646
9/30/19 13:42,66.558,52.7,911.2,83.646
9/30/19 13:42,66.558,52.8,913.7,83.646
9/30/19 13:42,66.558,52.6,916.2,83.646
9/30/19 13:42,66.558,52.5,918.7,83.646
9/30/19 13:42,66.6,52.3,921.2,83.646
9/30/19 13:42,66.6,52.2,926.2,83.646
9/30/19 13:42,66.6,52.2,928.7,83.646
9/30/19 13:42,66.6,52.2,933.7,83.646
9/30/19 13:42,66.6,52.2,936.2,83.646
9/30/19 13:42,66.6,52.2,941.2,83.646
9/30/19 13:42,66.6,52.2,943.7,83.646
9/30/19 13:42,66.6,52.3,951.2,83.646
9/30/19 13:42,66.6,52.2,953.7,83.646
9/30/19 13:42,66.6,52.2,956.2,83.646
9/30/19 13:42,66.6,52.2,958.7,83.646
9/30/19 13:42,66.6,52.2,961.2,83.646
9/30/19 13:42,66.6,52.2,961.2,83.646
9/30/19 13:42,66.6,52.1,963.7,83.646
9/30/19 13:42,66.6,52.1,966.2,83.646
9/30/19 13:42,66.6,52.2,968.7,83.646
9/30/19 13:42,66.6,52.2,973.7,83.646
9/30/19 13:42,66.6,52.2,976.2,83.646
9/30/19 13:42,66.6,52.2,981.2,83.646
9/30/19 13:42,66.6,52.3,986.2,83.646
9/30/19 13:42,66.6,52.2,991.2,83.646
9/30/19 13:42,66.6,52.3,991.2,83.646
9/30/19 13:42,66.643,52.3,993.7,83.646
9/30/19 13:42,66.6,52.2,996.2,83.646
9/30/19 13:42,66.643,52.2,996.2,83.646
9/30/19 13:42,66.643,52.2,993.7,83.646
9/30/19 13:42,66.643,52.2,991.2,83.646
9/30/19 13:42,66.643,52.3,986.2,83.646
9/30/19 13:42,66.643,52.3,978.7,83.646
9/30/19 13:42,66.643,52.3,973.7,83.646
9/30/19 13:42,66.643,52.5,966.2,83.646
9/30/19 13:42,66.643,52.6,961.2,83.646
9/30/19 13:42,66.643,52.6,956.2,83.646
9/30/19 13:43,66.643,52.7,953.7,83.646
9/30/19 13:43,66.686,52.8,953.7,83.646
9/30/19 13:43,66.643,52.9,953.7,83.646
9/30/19 13:43,66.686,52.9,956.2,83.646
9/30/19 13:43,66.686,52.7,958.7,83.646
9/30/19 13:43,66.686,52.6,963.7,83.646
9/30/19 13:43,66.686,52.5,968.7,83.646
9/30/19 13:43,66.686,52.3,971.2,83.646
9/30/19 13:43,66.686,52.2,971.2,83.646
9/30/19 13:43,66.686,52.1,971.2,83.646
9/30/19 13:43,66.686,52.1,973.7,83.646
9/30/19 13:43,66.686,52,978.7,83.646
9/30/19 13:43,66.686,51.9,986.2,83.646
9/30/19 13:43,66.686,51.8,993.7,83.646
9/30/19 13:43,66.686,51.7,996.2,83.646
9/30/19 13:43,66.686,51.6,996.2,83.646
9/30/19 13:43,66.686,51.6,993.7,83.646
9/30/19 13:43,66.729,51.5,993.7,83.646
9/30/19 13:43,66.729,51.4,993.7,83.646
9/30/19 13:43,66.729,51.3,996.2,83.646
9/30/19 13:43,66.686,51.2,998.7,83.646
9/30/19 13:43,66.729,51.1,1001.2,83.646
9/30/19 13:43,66.729,51.1,1003.7,83.646
9/30/19 13:43,66.729,51.1,1003.7,83.646
9/30/19 13:43,66.729,51,1006.2,83.646
9/30/19 13:43,66.729,51,1003.7,83.646
9/30/19 13:43,66.729,51,1001.2,83.646
9/30/19 13:43,66.729,51.1,998.7,83.646
9/30/19 13:43,66.729,51.1,998.7,83.646
9/30/19 13:43,66.729,51.2,1001.2,83.646
9/30/19 13:43,66.729,51.2,1001.2,83.646
9/30/19 13:43,66.686,51.3,1003.7,83.646
9/30/19 13:43,66.686,51.2,1006.2,83.646
9/30/19 13:43,66.729,51.1,1003.7,83.646
9/30/19 13:43,66.729,51,1001.2,83.646
9/30/19 13:43,66.729,51,993.7,83.646
9/30/19 13:43,66.729,51,983.7,83.646
9/30/19 13:43,66.729,50.9,976.2,83.646
9/30/19 13:43,66.729,50.8,966.2,83.646
9/30/19 13:43,66.729,50.7,958.7,83.646
9/30/19 13:43,66.729,50.6,953.7,83.646
9/30/19 13:43,66.729,50.5,946.2,83.646
9/30/19 13:43,66.686,50.4,943.7,83.646
9/30/19 13:43,66.686,50.3,941.2,83.646
9/30/19 13:43,66.686,50.3,936.2,83.646
9/30/19 13:43,66.686,50.2,933.7,83.646
9/30/19 13:43,66.686,50.1,931.2,83.646
9/30/19 13:43,66.686,50.1,928.7,83.646
9/30/19 13:43,66.686,50.1,926.2,83.646
9/30/19 13:43,66.686,50.1,923.7,83.646
9/30/19 13:43,66.686,50.1,921.2,83.646
9/30/19 13:43,66.686,50.1,921.2,83.646
9/30/19 13:43,66.686,50.1,918.7,83.646
9/30/19 13:43,66.686,50.2,918.7,83.646
9/30/19 13:43,66.686,50.2,921.2,83.646
9/30/19 13:43,66.686,50.2,921.2,83.646
9/30/19 13:43,66.686,50.3,921.2,83.646
9/30/19 13:43,66.686,50.3,921.2,83.646
9/30/19 13:43,66.686,50.3,921.2,83.646
9/30/19 13:43,66.686,50.3,921.2,83.646
9/30/19 13:44,66.686,50.3,923.7,83.646
9/30/19 13:44,66.686,50.4,923.7,83.646
9/30/19 13:44,66.686,50.4,923.7,83.646
9/30/19 13:44,66.686,50.6,923.7,83.646
9/30/19 13:44,66.686,50.7,923.7,83.646
9/30/19 13:44,66.686,50.7,926.2,83.646
9/30/19 13:44,66.686,50.9,923.7,83.646
9/30/19 13:44,66.686,50.9,923.7,83.646
9/30/19 13:44,66.686,51,926.2,83.646
9/30/19 13:44,66.686,51.3,926.2,83.646
9/30/19 13:44,66.686,51.4,926.2,83.646
9/30/19 13:44,66.686,51.6,928.7,83.646
9/30/19 13:44,66.686,51.7,928.7,83.646
9/30/19 13:44,66.686,51.8,933.7,83.646
9/30/19 13:44,66.686,51.9,936.2,83.646
9/30/19 13:44,66.729,51.9,941.2,83.646
9/30/19 13:44,66.729,52,946.2,83.646
9/30/19 13:44,66.729,52,951.2,83.646
9/30/19 13:44,66.729,52.1,951.2,83.646
9/30/19 13:44,66.729,52.1,951.2,83.646
9/30/19 13:44,66.729,52.1,948.7,83.646
9/30/19 13:44,66.729,52.1,946.2,83.646
9/30/19 13:44,66.729,52.1,943.7,83.646
9/30/19 13:44,66.772,52,943.7,83.646
9/30/19 13:44,66.772,52,941.2,83.646
9/30/19 13:44,66.772,52,941.2,83.646
9/30/19 13:44,66.772,52,938.7,83.646
9/30/19 13:44,66.772,52,933.7,83.646
9/30/19 13:44,66.772,52,931.2,83.646
9/30/19 13:44,66.772,51.9,926.2,83.646
9/30/19 13:44,66.772,51.9,923.7,83.646
9/30/19 13:44,66.772,51.7,923.7,83.646
9/30/19 13:44,66.772,51.6,921.2,83.646
9/30/19 13:44,66.772,51.6,918.7,83.646
9/30/19 13:44,66.772,51.5,916.2,83.646
9/30/19 13:44,66.772,51.4,916.2,83.646
9/30/19 13:44,66.772,51.3,913.7,83.646
9/30/19 13:44,66.772,51.3,913.7,83.646
9/30/19 13:44,66.772,51.3,911.2,83.646
9/30/19 13:44,66.772,51.3,911.2,83.646
9/30/19 13:44,66.772,51.3,908.7,83.646
9/30/19 13:44,66.772,51.2,908.7,83.646
9/30/19 13:44,66.772,51.1,908.7,83.646
9/30/19 13:44,66.772,51.1,908.7,83.646
9/30/19 13:44,66.772,51.1,908.7,83.646
9/30/19 13:44,66.772,51.1,906.2,83.646
9/30/19 13:44,66.772,51.1,906.2,83.646
9/30/19 13:44,66.772,51.2,906.2,83.646
9/30/19 13:44,66.772,51.2,906.2,83.646
9/30/19 13:44,66.772,51.3,906.2,83.646
9/30/19 13:44,66.772,51.3,906.2,83.601
9/30/19 13:44,66.772,51.3,906.2,83.646
9/30/19 13:44,66.772,51.4,906.2,83.646
9/30/19 13:44,66.772,51.4,903.7,83.646
9/30/19 13:44,66.772,51.4,903.7,83.646
9/30/19 13:44,66.772,51.4,903.7,83.646
9/30/19 13:44,66.772,51.3,903.7,83.646
9/30/19 13:44,66.772,51.2,903.7,83.646
9/30/19 13:44,66.772,51.1,903.7,83.646
9/30/19 13:44,66.772,51,903.7,83.646
9/30/19 13:45,66.772,50.9,906.2,83.646
9/30/19 13:45,66.772,50.8,906.2,83.601
9/30/19 13:45,66.772,50.7,906.2,83.601
9/30/19 13:45,66.772,50.6,908.7,83.646
9/30/19 13:45,66.772,50.4,908.7,83.646
9/30/19 13:45,66.772,50.3,908.7,83.646
9/30/19 13:45,66.772,50.2,911.2,83.646
9/30/19 13:45,66.772,50.1,911.2,83.601
9/30/19 13:45,66.772,50,911.2,83.601
9/30/19 13:45,66.772,49.8,911.2,83.646
9/30/19 13:45,66.772,49.7,913.7,83.646
9/30/19 13:45,66.729,49.7,913.7,83.601
9/30/19 13:45,66.729,49.6,913.7,83.646
9/30/19 13:45,66.729,49.5,916.2,83.646
9/30/19 13:45,66.729,49.5,916.2,83.601
9/30/19 13:45,66.729,49.5,918.7,83.646
9/30/19 13:45,66.729,49.5,918.7,83.601
9/30/19 13:45,66.729,49.5,921.2,83.601
9/30/19 13:45,66.729,49.6,923.7,83.601
9/30/19 13:45,66.729,49.7,923.7,83.601
9/30/19 13:45,66.729,49.7,923.7,83.601
9/30/19 13:45,66.729,49.7,921.2,83.601
9/30/19 13:45,66.729,49.7,921.2,83.646
9/30/19 13:45,66.729,49.8,918.7,83.601
9/30/19 13:45,66.729,50,918.7,83.601
9/30/19 13:45,66.729,50.1,918.7,83.601
9/30/19 13:45,66.729,50.2,918.7,83.601
9/30/19 13:45,66.729,50.3,916.2,83.601
9/30/19 13:45,66.729,50.4,916.2,83.601
9/30/19 13:45,66.729,50.4,916.2,83.601
9/30/19 13:45,66.729,50.4,916.2,83.601
9/30/19 13:45,66.729,50.5,913.7,83.601
9/30/19 13:45,66.729,50.6,913.7,83.601
9/30/19 13:45,66.729,50.6,913.7,83.601
9/30/19 13:45,66.729,50.6,913.7,83.601
9/30/19 13:45,66.772,50.6,911.2,83.601
9/30/19 13:45,66.729,50.6,911.2,83.601
9/30/19 13:45,66.772,50.7,911.2,83.601
9/30/19 13:45,66.772,50.7,911.2,83.601
9/30/19 13:45,66.772,50.8,911.2,83.601
9/30/19 13:45,66.772,50.8,911.2,83.601
9/30/19 13:45,66.772,50.9,911.2,83.601
9/30/19 13:45,66.772,51,911.2,83.601
9/30/19 13:45,66.772,51,911.2,83.601
9/30/19 13:45,66.772,51,911.2,83.601
9/30/19 13:45,66.772,51.1,913.7,83.601
9/30/19 13:45,66.772,51.1,913.7,83.601
9/30/19 13:45,66.772,51.1,913.7,83.601
9/30/19 13:45,66.772,51.1,913.7,83.601
9/30/19 13:45,66.814,51.1,913.7,83.601
9/30/19 13:45,66.814,51.1,916.2,83.601
9/30/19 13:45,66.814,51.2,916.2,83.601
9/30/19 13:45,66.814,51.2,916.2,83.601
9/30/19 13:45,66.814,51.3,916.2,83.601
9/30/19 13:45,66.814,51.4,916.2,83.601
9/30/19 13:45,66.814,51.4,916.2,83.601
9/30/19 13:45,66.814,51.5,916.2,83.601
9/30/19 13:45,66.814,51.4,916.2,83.601
9/30/19 13:45,66.814,51.4,916.2,83.601
9/30/19 13:45,66.857,51.3,916.2,83.601
9/30/19 13:46,66.857,51.1,916.2,83.601
9/30/19 13:46,66.857,51,916.2,83.601
9/30/19 13:46,66.857,51,916.2,83.601
9/30/19 13:46,66.857,50.8,916.2,83.601
9/30/19 13:46,66.857,50.7,916.2,83.601
9/30/19 13:46,66.857,50.7,916.2,83.601
9/30/19 13:46,66.857,50.6,916.2,83.601
9/30/19 13:46,66.857,50.5,916.2,83.601
9/30/19 13:46,66.857,50.4,918.7,83.601
9/30/19 13:46,66.857,50.3,918.7,83.601
9/30/19 13:46,66.857,50.3,918.7,83.601
9/30/19 13:46,66.857,50.3,921.2,83.601
9/30/19 13:46,66.857,50.2,921.2,83.601
9/30/19 13:46,66.9,50.2,923.7,83.601
9/30/19 13:46,66.9,50.2,923.7,83.601
9/30/19 13:46,66.9,50.2,926.2,83.601
9/30/19 13:46,66.9,50.3,926.2,83.601
9/30/19 13:46,66.9,50.3,928.7,83.601
9/30/19 13:46,66.9,50.3,931.2,83.646
9/30/19 13:46,66.9,50.4,933.7,83.601
9/30/19 13:46,66.9,50.5,936.2,83.601
9/30/19 13:46,66.943,50.6,938.7,83.601
9/30/19 13:46,66.943,50.7,941.2,83.601
9/30/19 13:46,66.943,50.8,941.2,83.646
9/30/19 13:46,66.943,50.8,941.2,83.646
9/30/19 13:46,66.943,50.9,941.2,83.646
9/30/19 13:46,66.985,51,943.7,83.646
9/30/19 13:46,66.985,51,943.7,83.646
9/30/19 13:46,66.985,51,943.7,83.646
9/30/19 13:46,66.985,51,941.2,83.646
9/30/19 13:46,66.985,51.1,938.7,83.646
9/30/19 13:46,67.028,51.3,936.2,83.646
9/30/19 13:46,67.028,51.3,933.7,83.646
9/30/19 13:46,67.028,51.4,933.7,83.646
9/30/19 13:46,67.028,51.4,933.7,83.646
9/30/19 13:46,67.028,51.5,933.7,83.646
9/30/19 13:46,67.071,51.6,933.7,83.646
9/30/19 13:46,67.071,51.6,933.7,83.646
9/30/19 13:46,67.071,51.6,936.2,83.646
9/30/19 13:46,67.071,51.7,936.2,83.646
9/30/19 13:46,67.071,51.8,936.2,83.646
9/30/19 13:46,67.114,51.8,936.2,83.646
9/30/19 13:46,67.114,51.8,938.7,83.646
9/30/19 13:46,67.114,51.8,938.7,83.646
9/30/19 13:46,67.114,51.8,938.7,83.646
9/30/19 13:46,67.158,51.7,941.2,83.646
9/30/19 13:46,67.158,51.7,941.2,83.646
9/30/19 13:46,67.158,51.7,941.2,83.646
9/30/19 13:46,67.158,51.7,941.2,83.646
9/30/19 13:46,67.158,51.7,941.2,83.646
9/30/19 13:46,67.158,51.8,941.2,83.646
9/30/19 13:46,67.199,51.9,941.2,83.646
9/30/19 13:46,67.199,51.9,941.2,83.646
9/30/19 13:46,67.199,51.9,938.7,83.646
9/30/19 13:46,67.199,51.9,938.7,83.646
9/30/19 13:46,67.199,51.9,938.7,83.646
9/30/19 13:46,67.242,51.8,938.7,83.646
9/30/19 13:46,67.242,51.8,936.2,83.646
9/30/19 13:46,67.242,51.7,936.2,83.646
9/30/19 13:46,67.242,51.6,933.7,83.646
9/30/19 13:47,67.242,51.6,931.2,83.646
9/30/19 13:47,67.242,51.5,928.7,83.691
9/30/19 13:47,67.242,51.4,926.2,83.691
9/30/19 13:47,67.242,51.2,926.2,83.691
9/30/19 13:47,67.242,51.1,926.2,83.691
9/30/19 13:47,67.242,51.1,926.2,83.691
9/30/19 13:47,67.242,51.1,928.7,83.691
9/30/19 13:47,67.242,51.1,931.2,83.691
9/30/19 13:47,67.242,51.2,933.7,83.691
9/30/19 13:47,67.242,51.3,936.2,83.691
9/30/19 13:47,67.285,51.4,938.7,83.691
9/30/19 13:47,67.242,51.4,938.7,83.691
9/30/19 13:47,67.285,51.6,936.2,83.691
9/30/19 13:47,67.285,51.6,933.7,83.691
9/30/19 13:47,67.285,51.6,928.7,83.691
9/30/19 13:47,67.285,51.7,926.2,83.691
9/30/19 13:47,67.285,51.8,926.2,83.691
9/30/19 13:47,67.285,51.9,928.7,83.691
9/30/19 13:47,67.285,51.9,936.2,83.691
9/30/19 13:47,67.285,52,936.2,83.691
9/30/19 13:47,67.285,52,928.7,83.691
9/30/19 13:47,67.285,52,921.2,83.691
9/30/19 13:47,67.285,52.1,911.2,83.691
9/30/19 13:47,67.285,52.1,901.2,83.691
9/30/19 13:47,67.329,52.1,893.7,83.691
9/30/19 13:47,67.329,52.1,888.7,83.691
9/30/19 13:47,67.329,52.1,881.2,83.691
9/30/19 13:47,67.329,52.1,878.7,83.691
9/30/19 13:47,67.329,52.1,871.2,83.691
9/30/19 13:47,67.329,52,868.7,83.691
9/30/19 13:47,67.329,51.9,863.7,83.691
9/30/19 13:47,67.329,51.8,861.2,83.691
9/30/19 13:47,67.329,51.7,858.7,83.691
9/30/19 13:47,67.329,51.6,856.2,83.691
9/30/19 13:47,67.329,51.6,853.7,83.691
9/30/19 13:47,67.329,51.6,851.2,83.691
9/30/19 13:47,67.329,51.5,851.2,83.736
9/30/19 13:47,67.329,51.4,848.7,83.736
9/30/19 13:47,67.372,51.4,846.2,83.736
9/30/19 13:47,67.329,51.4,846.2,83.736
9/30/19 13:47,67.372,51.5,843.7,83.736
9/30/19 13:47,67.329,51.5,841.2,83.736
9/30/19 13:47,67.329,51.6,841.2,83.736
9/30/19 13:47,67.329,51.6,838.7,83.736
9/30/19 13:47,67.329,51.7,838.7,83.736
9/30/19 13:47,67.329,51.9,836.2,83.736
9/30/19 13:47,67.372,52,833.7,83.736
9/30/19 13:47,67.372,52.2,833.7,83.736
9/30/19 13:47,67.372,52.2,833.7,83.736
9/30/19 13:47,67.372,52.2,831.2,83.736
9/30/19 13:47,67.372,52.3,831.2,83.736
9/30/19 13:47,67.372,52.3,828.7,83.736
9/30/19 13:47,67.372,52.3,828.7,83.736
9/30/19 13:47,67.372,52.2,828.7,83.736
9/30/19 13:47,67.372,52.1,828.7,83.736
9/30/19 13:47,67.372,51.9,826.2,83.736
9/30/19 13:47,67.372,51.8,826.2,83.736
9/30/19 13:47,67.372,51.6,826.2,83.736
9/30/19 13:47,67.372,51.6,823.7,83.736
9/30/19 13:47,67.372,51.4,823.7,83.736
9/30/19 13:48,67.372,51.3,823.7,83.736
9/30/19 13:48,67.372,51.1,823.7,83.736
9/30/19 13:48,67.372,51,823.7,83.736
9/30/19 13:48,67.372,51,821.2,83.736
9/30/19 13:48,67.372,50.8,821.2,83.736
9/30/19 13:48,67.329,50.7,821.2,83.736
9/30/19 13:48,67.329,50.5,821.2,83.736
9/30/19 13:48,67.329,50.4,821.2,83.736
9/30/19 13:48,67.329,50.3,821.2,83.736
9/30/19 13:48,67.329,50.1,818.7,83.736
9/30/19 13:48,67.329,50,818.7,83.736
9/30/19 13:48,67.285,49.9,818.7,83.736
9/30/19 13:48,67.285,49.7,818.7,83.736
9/30/19 13:48,67.285,49.7,818.7,83.736
9/30/19 13:48,67.285,49.7,818.7,83.736
9/30/19 13:48,67.242,49.7,818.7,83.736
9/30/19 13:48,67.242,49.6,816.2,83.736
9/30/19 13:48,67.242,49.5,816.2,83.736
9/30/19 13:48,67.242,49.5,816.2,83.736
9/30/19 13:48,67.242,49.4,816.2,83.736
9/30/19 13:48,67.199,49.3,816.2,83.736
9/30/19 13:48,67.199,49.2,813.7,83.736
9/30/19 13:48,67.199,49.2,813.7,83.736
9/30/19 13:48,67.199,49.2,813.7,83.736
9/30/19 13:48,67.158,49.2,813.7,83.736
9/30/19 13:48,67.158,49.1,813.7,83.736
9/30/19 13:48,67.158,49.1,813.7,83.736
9/30/19 13:48,67.158,49,813.7,83.736
9/30/19 13:48,67.158,49,813.7,83.736
9/30/19 13:48,67.114,49.1,811.2,83.736
9/30/19 13:48,67.114,49,811.2,83.736
9/30/19 13:48,67.114,48.9,811.2,83.736
9/30/19 13:48,67.114,48.9,811.2,83.736
9/30/19 13:48,67.071,48.9,811.2,83.736
9/30/19 13:48,67.071,48.9,811.2,83.736
9/30/19 13:48,67.071,48.8,811.2,83.736
9/30/19 13:48,67.071,48.9,811.2,83.736
9/30/19 13:48,67.028,49,811.2,83.736
9/30/19 13:48,67.028,49.1,811.2,83.736
9/30/19 13:48,67.028,49,808.7,83.736
9/30/19 13:48,67.028,49,808.7,83.736
9/30/19 13:48,67.028,49,808.7,83.736
9/30/19 13:48,66.985,49.1,808.7,83.736
9/30/19 13:48,66.985,49,808.7,83.736
9/30/19 13:48,66.985,49,808.7,83.736
9/30/19 13:48,66.985,48.9,808.7,83.736
9/30/19 13:48,66.985,48.9,808.7,83.736
9/30/19 13:48,66.943,48.8,808.7,83.736
9/30/19 13:48,66.943,48.7,808.7,83.736
9/30/19 13:48,66.943,48.7,808.7,83.736
9/30/19 13:48,66.943,48.6,806.2,83.736
9/30/19 13:48,66.943,48.6,806.2,83.736
9/30/19 13:48,66.9,48.5,806.2,83.736
9/30/19 13:48,66.9,48.5,806.2,83.736
9/30/19 13:48,66.9,48.5,806.2,83.736
9/30/19 13:48,66.9,48.5,806.2,83.736
9/30/19 13:48,66.9,48.5,806.2,83.736
9/30/19 13:48,66.857,48.5,806.2,83.736
9/30/19 13:48,66.857,48.6,806.2,83.736
9/30/19 13:48,66.857,48.6,806.2,83.736
9/30/19 13:49,66.857,48.7,806.2,83.736
9/30/19 13:49,66.857,48.8,806.2,83.736
9/30/19 13:49,66.857,48.8,803.7,83.736
9/30/19 13:49,66.857,48.9,803.7,83.736
9/30/19 13:49,66.857,49,803.7,83.736
9/30/19 13:49,66.857,49.1,803.7,83.736
9/30/19 13:49,66.814,49.1,803.7,83.736
9/30/19 13:49,66.814,49.2,803.7,83.736
9/30/19 13:49,66.814,49.3,803.7,83.736
9/30/19 13:49,66.814,49.4,803.7,83.691
9/30/19 13:49,66.814,49.5,803.7,83.736
9/30/19 13:49,66.814,49.6,803.7,83.736
9/30/19 13:49,66.814,49.6,803.7,83.736
9/30/19 13:49,66.814,49.6,803.7,83.691
9/30/19 13:49,66.814,49.6,803.7,83.691
9/30/19 13:49,66.814,49.7,803.7,83.691
9/30/19 13:49,66.814,49.7,803.7,83.691
9/30/19 13:49,66.814,49.7,803.7,83.691
9/30/19 13:49,66.772,49.7,801.2,83.691
9/30/19 13:49,66.814,49.7,801.2,83.691
9/30/19 13:49,66.814,49.7,801.2,83.691
9/30/19 13:49,66.772,49.7,801.2,83.691
9/30/19 13:49,66.772,49.7,801.2,83.691
9/30/19 13:49,66.772,49.6,801.2,83.691
9/30/19 13:49,66.772,49.6,801.2,83.691
9/30/19 13:49,66.772,49.5,801.2,83.691
9/30/19 13:49,66.772,49.5,801.2,83.691
9/30/19 13:49,66.772,49.4,801.2,83.691
9/30/19 13:49,66.772,49.3,801.2,83.691
9/30/19 13:49,66.772,49.2,801.2,83.691
9/30/19 13:49,66.772,49.2,801.2,83.691
9/30/19 13:49,66.772,49.1,801.2,83.691
9/30/19 13:49,66.772,49.1,801.2,83.691
9/30/19 13:49,66.772,49,801.2,83.691
9/30/19 13:49,66.729,49,801.2,83.691
9/30/19 13:49,66.729,49,801.2,83.646
9/30/19 13:49,66.729,49,801.2,83.691
9/30/19 13:49,66.729,49,801.2,83.646
9/30/19 13:49,66.729,49,801.2,83.646
9/30/19 13:49,66.729,49,801.2,83.646
9/30/19 13:49,66.729,49,801.2,83.646
9/30/19 13:49,66.729,49.1,798.7,83.646
9/30/19 13:49,66.729,49,798.7,83.646
9/30/19 13:49,66.729,49,798.7,83.646
9/30/19 13:49,66.729,49,798.7,83.646
9/30/19 13:49,66.729,49,798.7,83.646
9/30/19 13:49,66.729,49,798.7,83.646
9/30/19 13:49,66.729,49.1,798.7,83.646
9/30/19 13:49,66.729,49.1,798.7,83.646
9/30/19 13:49,66.729,49.1,798.7,83.646
9/30/19 13:49,66.729,49.1,798.7,83.646
9/30/19 13:49,66.729,49.1,798.7,83.646
9/30/19 13:49,66.729,49.1,798.7,83.646
9/30/19 13:49,66.729,49.1,798.7,83.646
9/30/19 13:49,66.772,49.1,796.2,83.646
9/30/19 13:49,66.772,49.1,796.2,83.646
9/30/19 13:49,66.772,49.1,796.2,83.646
9/30/19 13:49,66.772,49.1,796.2,83.646
9/30/19 13:49,66.772,49.1,796.2,83.646
9/30/19 13:49,66.772,49,796.2,83.646
9/30/19 13:50,66.772,49,796.2,83.646
9/30/19 13:50,66.772,49,796.2,83.646
9/30/19 13:50,66.772,49.1,796.2,83.646
9/30/19 13:50,66.772,49,796.2,83.646
9/30/19 13:50,66.772,48.9,796.2,83.646
9/30/19 13:50,66.772,48.9,796.2,83.646
9/30/19 13:50,66.772,48.9,796.2,83.646
9/30/19 13:50,66.772,48.9,793.7,83.646
9/30/19 13:50,66.772,48.9,793.7,83.646
9/30/19 13:50,66.814,48.9,793.7,83.646
9/30/19 13:50,66.814,49,793.7,83.646
9/30/19 13:50,66.814,49.1,793.7,83.646
9/30/19 13:50,66.814,49,793.7,83.601
9/30/19 13:50,66.814,49.1,793.7,83.601
9/30/19 13:50,66.814,49.1,793.7,83.601
9/30/19 13:50,66.814,49.2,793.7,83.601
9/30/19 13:50,66.814,49.2,793.7,83.601
9/30/19 13:50,66.814,49.2,793.7,83.601
9/30/19 13:50,66.814,49.2,793.7,83.601
9/30/19 13:50,66.814,49.3,793.7,83.601
9/30/19 13:50,66.814,49.4,793.7,83.601
9/30/19 13:50,66.814,49.5,793.7,83.601
9/30/19 13:50,66.814,49.5,793.7,83.601
9/30/19 13:50,66.814,49.6,791.2,83.601
9/30/19 13:50,66.814,49.6,791.2,83.601
9/30/19 13:50,66.814,49.6,791.2,83.601
9/30/19 13:50,66.814,49.6,791.2,83.601
9/30/19 13:50,66.814,49.6,791.2,83.601
9/30/19 13:50,66.814,49.5,791.2,83.601
9/30/19 13:50,66.814,49.5,791.2,83.601
9/30/19 13:50,66.814,49.4,791.2,83.601
9/30/19 13:50,66.814,49.4,791.2,83.601
9/30/19 13:50,66.814,49.4,791.2,83.601
9/30/19 13:50,66.814,49.4,791.2,83.601
9/30/19 13:50,66.814,49.3,791.2,83.601
9/30/19 13:50,66.814,49.3,791.2,83.601
9/30/19 13:50,66.814,49.2,791.2,83.601
9/30/19 13:50,66.814,49.2,791.2,83.601
9/30/19 13:50,66.814,49.2,791.2,83.601
9/30/19 13:50,66.814,49.2,791.2,83.601
9/30/19 13:50,66.814,49.3,791.2,83.601
9/30/19 13:50,66.814,49.3,791.2,83.601
9/30/19 13:50,66.814,49.4,791.2,83.601
9/30/19 13:50,66.814,49.4,791.2,83.601
9/30/19 13:50,66.814,49.4,791.2,83.601
9/30/19 13:50,66.814,49.5,788.7,83.556
9/30/19 13:50,66.814,49.4,788.7,83.601
9/30/19 13:50,66.772,49.4,788.7,83.556
9/30/19 13:50,66.772,49.4,788.7,83.556
9/30/19 13:50,66.814,49.4,788.7,83.601
9/30/19 13:50,66.772,49.4,788.7,83.556
9/30/19 13:50,66.814,49.4,788.7,83.556
9/30/19 13:50,66.772,49.3,788.7,83.556
9/30/19 13:50,66.814,49.3,788.7,83.556
9/30/19 13:50,66.814,49.2,788.7,83.556
9/30/19 13:50,66.772,49.2,788.7,83.556
9/30/19 13:50,66.814,49.1,788.7,83.556
9/30/19 13:50,66.814,49.1,788.7,83.556
9/30/19 13:50,66.814,49.1,788.7,83.556
9/30/19 13:50,66.814,49,788.7,83.556
9/30/19 13:51,66.814,49,788.7,83.556
9/30/19 13:51,66.814,49.1,786.2,83.556
9/30/19 13:51,66.814,49,786.2,83.556
9/30/19 13:51,66.772,49,786.2,83.556
9/30/19 13:51,66.772,48.9,786.2,83.556
9/30/19 13:51,66.772,49,786.2,83.556
9/30/19 13:51,66.772,49,786.2,83.556
9/30/19 13:51,66.772,49.1,786.2,83.556
9/30/19 13:51,66.772,49,786.2,83.556
9/30/19 13:51,66.772,49.1,786.2,83.556
9/30/19 13:51,66.772,49.3,786.2,83.556
9/30/19 13:51,66.772,49.4,786.2,83.556
9/30/19 13:51,66.772,49.6,786.2,83.556
9/30/19 13:51,66.772,49.7,786.2,83.556
9/30/19 13:51,66.772,50,786.2,83.556
9/30/19 13:51,66.814,50.1,786.2,83.556
9/30/19 13:51,66.814,50.4,786.2,83.556
9/30/19 13:51,66.814,50.5,783.7,83.556
9/30/19 13:51,66.814,50.8,783.7,83.556
9/30/19 13:51,66.814,50.9,783.7,83.556
9/30/19 13:51,66.814,51.1,783.7,83.556
9/30/19 13:51,66.814,51.3,783.7,83.511
9/30/19 13:51,66.814,51.3,783.7,83.556
9/30/19 13:51,66.814,51.3,783.7,83.511
9/30/19 13:51,66.814,51.3,783.7,83.511
9/30/19 13:51,66.857,51.2,783.7,83.556
9/30/19 13:51,66.857,51.1,783.7,83.511
9/30/19 13:51,66.857,51,783.7,83.556
9/30/19 13:51,66.857,51,783.7,83.511
9/30/19 13:51,66.857,50.9,783.7,83.511
9/30/19 13:51,66.857,51,783.7,83.511
9/30/19 13:51,66.857,51,783.7,83.511
9/30/19 13:51,66.857,51,783.7,83.511
9/30/19 13:51,66.857,50.9,783.7,83.511
9/30/19 13:51,66.857,50.8,783.7,83.511
9/30/19 13:51,66.857,50.7,783.7,83.511
9/30/19 13:51,66.857,50.6,783.7,83.511
9/30/19 13:51,66.857,50.5,783.7,83.511
9/30/19 13:51,66.857,50.4,783.7,83.511
9/30/19 13:51,66.857,50.3,783.7,83.511
9/30/19 13:51,66.857,50.3,783.7,83.511
9/30/19 13:51,66.857,50.3,783.7,83.511
9/30/19 13:51,66.857,50.2,783.7,83.511
9/30/19 13:51,66.857,50.2,783.7,83.511
9/30/19 13:51,66.857,50.2,783.7,83.511
9/30/19 13:51,66.857,50.2,783.7,83.511
9/30/19 13:51,66.857,50.2,783.7,83.511
9/30/19 13:51,66.857,50.1,783.7,83.511
9/30/19 13:51,66.857,50.1,783.7,83.511
9/30/19 13:51,66.857,50.1,783.7,83.511
9/30/19 13:51,66.857,50.1,783.7,83.511
9/30/19 13:51,66.857,50.1,781.2,83.511
9/30/19 13:51,66.857,50.1,781.2,83.511
9/30/19 13:51,66.857,50.2,781.2,83.511
9/30/19 13:51,66.814,50.2,781.2,83.511
9/30/19 13:51,66.857,50.3,781.2,83.511
9/30/19 13:51,66.814,50.3,781.2,83.511
9/30/19 13:51,66.814,50.4,781.2,83.511
9/30/19 13:51,66.814,50.4,781.2,83.467
9/30/19 13:51,66.814,50.5,781.2,83.467
9/30/19 13:52,66.814,50.5,778.7,83.511
9/30/19 13:52,66.814,50.5,778.7,83.511
9/30/19 13:52,66.814,50.5,778.7,83.511
9/30/19 13:52,66.814,50.5,778.7,83.467
9/30/19 13:52,66.814,50.6,778.7,83.467
9/30/19 13:52,66.814,50.7,778.7,83.511
9/30/19 13:52,66.814,50.8,776.2,83.467
9/30/19 13:52,66.814,50.9,776.2,83.467
9/30/19 13:52,66.814,51,776.2,83.511
9/30/19 13:52,66.814,51,776.2,83.467
9/30/19 13:52,66.814,51,776.2,83.467
9/30/19 13:52,66.814,50.9,776.2,83.467
9/30/19 13:52,66.814,50.8,776.2,83.467
9/30/19 13:52,66.814,50.8,776.2,83.467
9/30/19 13:52,66.814,50.6,776.2,83.467
9/30/19 13:52,66.814,50.5,776.2,83.467
9/30/19 13:52,66.814,50.4,776.2,83.467
9/30/19 13:52,66.814,50.4,776.2,83.467
9/30/19 13:52,66.814,50.2,773.7,83.467
9/30/19 13:52,66.814,50.1,773.7,83.467
9/30/19 13:52,66.814,50,773.7,83.467
9/30/19 13:52,66.814,50,773.7,83.467
9/30/19 13:52,66.814,49.9,773.7,83.467
9/30/19 13:52,66.814,49.8,773.7,83.467
9/30/19 13:52,66.814,49.8,773.7,83.467
9/30/19 13:52,66.772,49.9,773.7,83.467
9/30/19 13:52,66.772,49.9,773.7,83.467
9/30/19 13:52,66.772,50,773.7,83.467
9/30/19 13:52,66.772,50,773.7,83.467
9/30/19 13:52,66.772,50.1,773.7,83.467
9/30/19 13:52,66.772,50.2,773.7,83.467
9/30/19 13:52,66.772,50.3,773.7,83.467
9/30/19 13:52,66.772,50.4,773.7,83.467
9/30/19 13:52,66.772,50.6,771.2,83.467
9/30/19 13:52,66.772,50.8,771.2,83.467
9/30/19 13:52,66.772,50.9,771.2,83.467
9/30/19 13:52,66.772,51.1,771.2,83.467
9/30/19 13:52,66.772,51.2,771.2,83.467
9/30/19 13:52,66.772,51.4,771.2,83.467
9/30/19 13:52,66.772,51.6,771.2,83.467
9/30/19 13:52,66.772,51.6,771.2,83.467
9/30/19 13:52,66.772,51.7,771.2,83.467
9/30/19 13:52,66.772,51.7,771.2,83.467
9/30/19 13:52,66.772,51.8,771.2,83.467
9/30/19 13:52,66.772,51.8,771.2,83.467
9/30/19 13:52,66.772,51.9,771.2,83.467
9/30/19 13:52,66.772,51.8,771.2,83.467
9/30/19 13:52,66.772,51.7,771.2,83.467
9/30/19 13:52,66.772,51.6,768.7,83.467
9/30/19 13:52,66.772,51.5,768.7,83.467
9/30/19 13:52,66.814,51.4,768.7,83.467
9/30/19 13:52,66.814,51.3,768.7,83.467
9/30/19 13:52,66.814,51.2,768.7,83.467
9/30/19 13:52,66.772,51.1,768.7,83.467
9/30/19 13:52,66.772,51.1,768.7,83.467
9/30/19 13:52,66.814,51.1,768.7,83.467
9/30/19 13:52,66.814,51.1,768.7,83.467
9/30/19 13:52,66.814,51,768.7,83.467
9/30/19 13:52,66.772,51,768.7,83.467
9/30/19 13:52,66.772,50.9,768.7,83.467
9/30/19 13:53,66.814,51,768.7,83.467
9/30/19 13:53,66.772,50.8,768.7,83.467
9/30/19 13:53,66.772,50.8,768.7,83.467
9/30/19 13:53,66.772,50.8,766.2,83.467
9/30/19 13:53,66.772,50.8,766.2,83.467
9/30/19 13:53,66.772,50.9,766.2,83.467
9/30/19 13:53,66.772,51,766.2,83.467
9/30/19 13:53,66.772,51,766.2,83.467
9/30/19 13:53,66.772,50.9,766.2,83.467
9/30/19 13:53,66.772,50.8,766.2,83.467
9/30/19 13:53,66.772,50.7,766.2,83.467
9/30/19 13:53,66.772,50.7,766.2,83.467
9/30/19 13:53,66.772,50.6,766.2,83.467
9/30/19 13:53,66.772,50.6,766.2,83.467
9/30/19 13:53,66.772,50.6,766.2,83.467
9/30/19 13:53,66.772,50.6,763.7,83.467
9/30/19 13:53,66.772,50.7,763.7,83.467
9/30/19 13:53,66.772,50.7,763.7,83.467
9/30/19 13:53,66.772,50.6,763.7,83.467
9/30/19 13:53,66.772,50.6,763.7,83.467
9/30/19 13:53,66.772,50.6,763.7,83.467
9/30/19 13:53,66.772,50.5,763.7,83.467
9/30/19 13:53,66.772,50.4,763.7,83.467
9/30/19 13:53,66.772,50.3,763.7,83.467
9/30/19 13:53,66.772,50.4,763.7,83.467
9/30/19 13:53,66.772,50.2,763.7,83.467
9/30/19 13:53,66.772,50.1,761.2,83.467
9/30/19 13:53,66.772,50,761.2,83.422
9/30/19 13:53,66.772,49.9,761.2,83.467
9/30/19 13:53,66.772,49.8,761.2,83.467
9/30/19 13:53,66.772,49.8,761.2,83.422
9/30/19 13:53,66.772,49.8,761.2,83.467
9/30/19 13:53,66.772,49.8,761.2,83.422
9/30/19 13:53,66.772,49.8,761.2,83.467
9/30/19 13:53,66.772,49.8,761.2,83.467
9/30/19 13:53,66.772,49.8,761.2,83.422
9/30/19 13:53,66.772,49.8,761.2,83.422
9/30/19 13:53,66.772,49.8,761.2,83.422
9/30/19 13:53,66.772,49.9,761.2,83.422
9/30/19 13:53,66.772,49.9,758.7,83.422
9/30/19 13:53,66.772,50,758.7,83.422
9/30/19 13:53,66.772,50,758.7,83.422
9/30/19 13:53,66.772,50,758.7,83.422
9/30/19 13:53,66.772,50,758.7,83.422
9/30/19 13:53,66.772,50,758.7,83.422
9/30/19 13:53,66.772,50,758.7,83.422
9/30/19 13:53,66.772,50,758.7,83.422
9/30/19 13:53,66.772,50,758.7,83.422
9/30/19 13:53,66.772,50,756.2,83.422
9/30/19 13:53,66.772,49.9,756.2,83.422
9/30/19 13:53,66.772,49.9,756.2,83.422
9/30/19 13:53,66.772,49.9,756.2,83.422
9/30/19 13:53,66.772,49.9,756.2,83.422
9/30/19 13:53,66.772,50,756.2,83.422
9/30/19 13:53,66.772,50.1,756.2,83.422
9/30/19 13:53,66.772,50.2,756.2,83.422
9/30/19 13:53,66.772,50.2,756.2,83.422
9/30/19 13:53,66.772,50.4,756.2,83.422
9/30/19 13:53,66.772,50.3,756.2,83.422
9/30/19 13:53,66.772,50.4,756.2,83.422
9/30/19 13:54,66.772,50.4,753.7,83.377
9/30/19 13:54,66.772,50.4,753.7,83.377
9/30/19 13:54,66.772,50.5,753.7,83.422
9/30/19 13:54,66.772,50.5,753.7,83.422
9/30/19 13:54,66.772,50.6,753.7,83.377
9/30/19 13:54,66.772,50.6,753.7,83.422
9/30/19 13:54,66.772,50.7,753.7,83.422
9/30/19 13:54,66.772,50.7,753.7,83.377
9/30/19 13:54,66.772,50.7,753.7,83.377
9/30/19 13:54,66.772,50.6,753.7,83.377
9/30/19 13:54,66.772,50.7,753.7,83.377
9/30/19 13:54,66.772,50.7,753.7,83.377
9/30/19 13:54,66.772,50.6,753.7,83.377
9/30/19 13:54,66.772,50.6,751.2,83.377
9/30/19 13:54,66.772,50.6,751.2,83.377
9/30/19 13:54,66.772,50.6,751.2,83.377
9/30/19 13:54,66.772,50.6,751.2,83.377
9/30/19 13:54,66.772,50.6,751.2,83.377
9/30/19 13:54,66.814,50.6,751.2,83.377
9/30/19 13:54,66.772,50.6,751.2,83.377
9/30/19 13:54,66.814,50.7,751.2,83.377
9/30/19 13:54,66.814,50.7,751.2,83.377
9/30/19 13:54,66.814,50.7,751.2,83.377
9/30/19 13:54,66.814,50.8,751.2,83.377
9/30/19 13:54,66.814,50.9,751.2,83.377
9/30/19 13:54,66.814,51,751.2,83.377
9/30/19 13:54,66.814,51,751.2,83.377
9/30/19 13:54,66.814,51.1,751.2,83.377
9/30/19 13:54,66.814,51.1,748.7,83.377
9/30/19 13:54,66.814,51.2,748.7,83.377
9/30/19 13:54,66.814,51.3,748.7,83.377
9/30/19 13:54,66.857,51.4,748.7,83.377
9/30/19 13:54,66.857,51.5,748.7,83.377
9/30/19 13:54,66.857,51.6,748.7,83.377
9/30/19 13:54,66.857,51.6,748.7,83.377
9/30/19 13:54,66.857,51.6,748.7,83.377
9/30/19 13:54,66.857,51.6,748.7,83.377
9/30/19 13:54,66.857,51.6,748.7,83.377
9/30/19 13:54,66.9,51.7,748.7,83.377
9/30/19 13:54,66.9,51.8,748.7,83.377
9/30/19 13:54,66.9,51.9,748.7,83.377
9/30/19 13:54,66.9,52,748.7,83.377
9/30/19 13:54,66.9,52.1,746.2,83.377
9/30/19 13:54,66.9,52.2,746.2,83.377
9/30/19 13:54,66.9,52.2,746.2,83.377
9/30/19 13:54,66.9,52.1,746.2,83.377
9/30/19 13:54,66.9,52,746.2,83.377
9/30/19 13:54,66.943,51.9,746.2,83.377
9/30/19 13:54,66.943,51.8,746.2,83.377
9/30/19 13:54,66.943,51.7,746.2,83.377
9/30/19 13:54,66.943,51.6,746.2,83.377
9/30/19 13:54,66.943,51.5,746.2,83.377
9/30/19 13:54,66.943,51.3,746.2,83.377
9/30/19 13:54,66.943,51.2,746.2,83.377
9/30/19 13:54,66.943,51.1,746.2,83.377
9/30/19 13:54,66.943,51,746.2,83.377
9/30/19 13:54,66.943,50.9,746.2,83.377
9/30/19 13:54,66.943,51,746.2,83.377
9/30/19 13:54,66.943,51,746.2,83.377
9/30/19 13:54,66.943,51,746.2,83.377
9/30/19 13:55,66.943,51,746.2,83.377
9/30/19 13:55,66.943,51,746.2,83.377
9/30/19 13:55,66.943,51,746.2,83.377
9/30/19 13:55,66.943,51,746.2,83.377
9/30/19 13:55,66.943,51.1,746.2,83.377
9/30/19 13:55,66.943,51.3,746.2,83.377
9/30/19 13:55,66.943,51.4,746.2,83.377
9/30/19 13:55,66.943,51.6,746.2,83.377
9/30/19 13:55,66.943,51.6,746.2,83.377
9/30/19 13:55,66.943,51.7,746.2,83.377
9/30/19 13:55,66.943,51.9,746.2,83.377
9/30/19 13:55,66.943,52.1,746.2,83.377
9/30/19 13:55,66.943,52.2,748.7,83.377
9/30/19 13:55,66.943,52.2,748.7,83.377
9/30/19 13:55,66.985,52.2,748.7,83.377
9/30/19 13:55,66.985,52.2,748.7,83.377
9/30/19 13:55,66.943,52.2,751.2,83.377
9/30/19 13:55,66.943,52.2,751.2,83.377
9/30/19 13:55,66.985,52.2,751.2,83.377
9/30/19 13:55,66.985,52.2,753.7,83.377
9/30/19 13:55,66.985,52.2,753.7,83.377
9/30/19 13:55,66.985,52.2,756.2,83.377
9/30/19 13:55,66.985,52.1,758.7,83.377
9/30/19 13:55,66.985,52,761.2,83.377
9/30/19 13:55,66.985,51.9,763.7,83.377
9/30/19 13:55,66.985,51.9,766.2,83.422
9/30/19 13:55,66.985,51.7,766.2,83.422
9/30/19 13:55,66.985,51.6,766.2,83.422
9/30/19 13:55,66.985,51.6,766.2,83.422
9/30/19 13:55,66.985,51.6,763.7,83.422
9/30/19 13:55,66.943,51.6,758.7,83.422
9/30/19 13:55,66.943,51.5,756.2,83.422
9/30/19 13:55,66.985,51.5,753.7,83.422
9/30/19 13:55,66.943,51.5,751.2,83.422
9/30/19 13:55,66.943,51.5,751.2,83.422
9/30/19 13:55,66.943,51.5,748.7,83.377
9/30/19 13:55,66.943,51.4,748.7,83.422
9/30/19 13:55,66.943,51.4,746.2,83.422
9/30/19 13:55,66.943,51.4,746.2,83.422
9/30/19 13:55,66.943,51.4,746.2,83.422
9/30/19 13:55,66.943,51.4,743.7,83.422
9/30/19 13:55,66.943,51.4,743.7,83.422
9/30/19 13:55,66.943,51.4,743.7,83.377
9/30/19 13:55,66.943,51.4,743.7,83.377
9/30/19 13:55,66.943,51.5,741.2,83.422
9/30/19 13:55,66.943,51.6,741.2,83.422
9/30/19 13:55,66.943,51.7,741.2,83.422
9/30/19 13:55,66.943,51.8,738.7,83.422
9/30/19 13:55,66.9,51.9,738.7,83.422
9/30/19 13:55,66.9,52,738.7,83.377
9/30/19 13:55,66.9,52,738.7,83.422
9/30/19 13:55,66.9,52,738.7,83.422
9/30/19 13:55,66.9,52,738.7,83.377
9/30/19 13:55,66.9,52,738.7,83.422
9/30/19 13:55,66.9,52,738.7,83.422
9/30/19 13:55,66.9,52,736.2,83.377
9/30/19 13:55,66.9,52.1,736.2,83.422
9/30/19 13:55,66.9,52.1,736.2,83.422
9/30/19 13:55,66.9,52.2,736.2,83.377
9/30/19 13:55,66.9,52.2,736.2,83.422
9/30/19 13:56,66.9,52.3,736.2,83.377
9/30/19 13:56,66.9,52.3,736.2,83.377
9/30/19 13:56,66.9,52.3,736.2,83.377
9/30/19 13:56,66.9,52.3,736.2,83.377
9/30/19 13:56,66.9,52.4,736.2,83.377
9/30/19 13:56,66.9,52.4,736.2,83.377
9/30/19 13:56,66.9,52.4,733.7,83.422
9/30/19 13:56,66.9,52.4,733.7,83.377
9/30/19 13:56,66.9,52.4,733.7,83.377
9/30/19 13:56,66.9,52.4,733.7,83.377
9/30/19 13:56,66.9,52.4,733.7,83.377
9/30/19 13:56,66.9,52.4,733.7,83.377
9/30/19 13:56,66.9,52.3,733.7,83.377
9/30/19 13:56,66.9,52.3,733.7,83.377
9/30/19 13:56,66.9,52.2,733.7,83.377
9/30/19 13:56,66.943,52.2,733.7,83.377
9/30/19 13:56,66.943,52.2,733.7,83.377
9/30/19 13:56,66.9,52.2,733.7,83.377
9/30/19 13:56,66.943,52.2,733.7,83.422
9/30/19 13:56,66.943,52.2,733.7,83.377
9/30/19 13:56,66.943,52.2,731.2,83.422
9/30/19 13:56,66.943,52.2,731.2,83.377
9/30/19 13:56,66.943,52.1,731.2,83.377
9/30/19 13:56,66.943,52.1,731.2,83.422
9/30/19 13:56,66.9,52,731.2,83.377
9/30/19 13:56,66.943,51.9,731.2,83.377
9/30/19 13:56,66.943,51.7,731.2,83.422
9/30/19 13:56,66.943,51.6,731.2,83.422
9/30/19 13:56,66.9,51.6,731.2,83.422
9/30/19 13:56,66.9,51.5,731.2,83.422
9/30/19 13:56,66.9,51.4,731.2,83.377
9/30/19 13:56,66.9,51.4,731.2,83.422
9/30/19 13:56,66.9,51.4,731.2,83.377
9/30/19 13:56,66.9,51.3,731.2,83.377
9/30/19 13:56,66.9,51.3,731.2,83.422
9/30/19 13:56,66.9,51.3,731.2,83.377
9/30/19 13:56,66.9,51.3,731.2,83.422
9/30/19 13:56,66.9,51.4,731.2,83.422
9/30/19 13:56,66.9,51.4,731.2,83.422
9/30/19 13:56,66.9,51.5,728.7,83.422
9/30/19 13:56,66.9,51.5,728.7,83.422
9/30/19 13:56,66.9,51.6,728.7,83.422
9/30/19 13:56,66.9,51.6,728.7,83.377
9/30/19 13:56,66.943,51.7,728.7,83.422
9/30/19 13:56,66.9,51.8,728.7,83.377
9/30/19 13:56,66.943,51.9,728.7,83.422
9/30/19 13:56,66.943,52.1,728.7,83.422
9/30/19 13:56,66.943,52.2,728.7,83.422
9/30/19 13:56,66.943,52.3,728.7,83.377
9/30/19 13:56,66.943,52.4,728.7,83.422
9/30/19 13:56,66.943,52.6,728.7,83.377
9/30/19 13:56,66.943,52.7,728.7,83.422
9/30/19 13:56,66.943,52.8,728.7,83.377
9/30/19 13:56,66.943,52.8,728.7,83.422
9/30/19 13:56,66.943,52.9,728.7,83.422
9/30/19 13:56,66.943,53,728.7,83.422
9/30/19 13:56,66.943,53,728.7,83.422
9/30/19 13:56,66.985,53.1,728.7,83.422
9/30/19 13:56,66.985,53.1,728.7,83.422
9/30/19 13:56,66.985,53,728.7,83.377
9/30/19 13:57,66.985,53,726.2,83.422
9/30/19 13:57,66.985,52.8,726.2,83.422
9/30/19 13:57,66.985,52.9,726.2,83.422
9/30/19 13:57,66.985,52.9,726.2,83.422
9/30/19 13:57,66.985,52.9,726.2,83.422
9/30/19 13:57,66.985,52.8,726.2,83.422
9/30/19 13:57,66.985,52.8,726.2,83.422
9/30/19 13:57,66.985,52.9,726.2,83.422
9/30/19 13:57,66.985,52.9,726.2,83.422
9/30/19 13:57,66.985,52.9,726.2,83.422
9/30/19 13:57,66.985,52.8,726.2,83.422
9/30/19 13:57,66.985,52.8,726.2,83.422
9/30/19 13:57,66.985,52.9,726.2,83.422
9/30/19 13:57,66.985,52.8,726.2,83.422
9/30/19 13:57,66.985,52.8,726.2,83.422
9/30/19 13:57,67.028,52.7,726.2,83.422
9/30/19 13:57,66.985,52.6,726.2,83.422
9/30/19 13:57,66.985,52.5,726.2,83.422
9/30/19 13:57,66.985,52.3,726.2,83.422
9/30/19 13:57,66.985,52.2,726.2,83.422
9/30/19 13:57,66.985,52.1,726.2,83.422
9/30/19 13:57,66.985,51.9,726.2,83.422
9/30/19 13:57,66.985,51.8,726.2,83.422
9/30/19 13:57,66.985,51.6,726.2,83.422
9/30/19 13:57,66.985,51.6,726.2,83.422
9/30/19 13:57,66.985,51.6,726.2,83.422
9/30/19 13:57,66.985,51.6,726.2,83.422
9/30/19 13:57,66.985,51.5,726.2,83.422
9/30/19 13:57,66.985,51.4,726.2,83.422
9/30/19 13:57,66.943,51.4,723.7,83.422
9/30/19 13:57,66.943,51.4,723.7,83.422
9/30/19 13:57,66.943,51.3,723.7,83.422
9/30/19 13:57,66.943,51.2,723.7,83.422
9/30/19 13:57,66.943,51.1,723.7,83.422
9/30/19 13:57,66.943,51,723.7,83.422
9/30/19 13:57,66.943,51,723.7,83.422
9/30/19 13:57,66.943,51,723.7,83.422
9/30/19 13:57,66.9,51.1,723.7,83.422
9/30/19 13:57,66.9,51.1,723.7,83.422
9/30/19 13:57,66.9,51.2,723.7,83.422
9/30/19 13:57,66.9,51.3,723.7,83.422
9/30/19 13:57,66.9,51.4,723.7,83.422
9/30/19 13:57,66.9,51.4,723.7,83.422
9/30/19 13:57,66.9,51.6,723.7,83.422
9/30/19 13:57,66.9,51.6,723.7,83.422
9/30/19 13:57,66.9,51.7,723.7,83.422
9/30/19 13:57,66.9,51.9,723.7,83.422
9/30/19 13:57,66.9,52,723.7,83.422
9/30/19 13:57,66.9,52.1,723.7,83.422
9/30/19 13:57,66.9,52.2,723.7,83.422
9/30/19 13:57,66.857,52.2,723.7,83.422
9/30/19 13:57,66.857,52.2,723.7,83.422
9/30/19 13:57,66.857,52.2,723.7,83.422
9/30/19 13:57,66.857,52.2,723.7,83.422
9/30/19 13:57,66.857,52.2,723.7,83.422
9/30/19 13:57,66.857,52.2,723.7,83.422
9/30/19 13:57,66.857,52.2,723.7,83.422
9/30/19 13:57,66.857,52.2,723.7,83.422
9/30/19 13:57,66.857,52.2,723.7,83.422
9/30/19 13:57,66.857,52.2,723.7,83.422
9/30/19 13:58,66.857,52.3,723.7,83.422
9/30/19 13:58,66.857,52.3,723.7,83.422
9/30/19 13:58,66.857,52.4,723.7,83.422
9/30/19 13:58,66.857,52.5,723.7,83.422
9/30/19 13:58,66.857,52.6,723.7,83.422
9/30/19 13:58,66.857,52.7,723.7,83.422
9/30/19 13:58,66.857,52.9,723.7,83.422
9/30/19 13:58,66.857,52.8,721.2,83.422
9/30/19 13:58,66.857,52.8,721.2,83.422
9/30/19 13:58,66.857,52.9,721.2,83.422
9/30/19 13:58,66.857,52.9,721.2,83.377
9/30/19 13:58,66.857,53,721.2,83.422
9/30/19 13:58,66.857,53,721.2,83.422
9/30/19 13:58,66.857,53,721.2,83.422
9/30/19 13:58,66.857,53,721.2,83.422
9/30/19 13:58,66.857,52.8,721.2,83.422
9/30/19 13:58,66.857,52.8,721.2,83.377
9/30/19 13:58,66.857,52.6,721.2,83.377
9/30/19 13:58,66.857,52.5,721.2,83.422
9/30/19 13:58,66.857,52.4,721.2,83.422
9/30/19 13:58,66.857,52.3,721.2,83.422
9/30/19 13:58,66.857,52.3,721.2,83.422
9/30/19 13:58,66.857,52.2,721.2,83.422
9/30/19 13:58,66.857,52.2,721.2,83.377
9/30/19 13:58,66.857,52.2,721.2,83.377
9/30/19 13:58,66.857,52.3,721.2,83.422
9/30/19 13:58,66.857,52.3,721.2,83.422
9/30/19 13:58,66.857,52.4,721.2,83.422
9/30/19 13:58,66.857,52.5,721.2,83.377
9/30/19 13:58,66.857,52.6,721.2,83.422
9/30/19 13:58,66.857,52.7,721.2,83.377
9/30/19 13:58,66.857,52.8,721.2,83.377
9/30/19 13:58,66.857,52.9,718.7,83.377
9/30/19 13:58,66.857,52.8,718.7,83.422
9/30/19 13:58,66.857,52.8,718.7,83.422
9/30/19 13:58,66.857,52.8,718.7,83.377
9/30/19 13:58,66.857,52.8,718.7,83.422
9/30/19 13:58,66.857,52.8,718.7,83.377
9/30/19 13:58,66.857,52.9,718.7,83.422
9/30/19 13:58,66.857,53,718.7,83.422
9/30/19 13:58,66.857,53,718.7,83.422
9/30/19 13:58,66.857,53.1,718.7,83.377
9/30/19 13:58,66.857,53.1,718.7,83.377
9/30/19 13:58,66.857,53.1,718.7,83.377
9/30/19 13:58,66.857,53.1,718.7,83.377
9/30/19 13:58,66.857,53,718.7,83.377
9/30/19 13:58,66.857,53,718.7,83.377
9/30/19 13:58,66.857,53,718.7,83.377
9/30/19 13:58,66.9,53,718.7,83.377
9/30/19 13:58,66.857,52.9,718.7,83.377
9/30/19 13:58,66.857,52.9,718.7,83.422
9/30/19 13:58,66.857,52.9,718.7,83.377
9/30/19 13:58,66.9,52.8,718.7,83.377
9/30/19 13:58,66.9,52.9,718.7,83.377
9/30/19 13:58,66.9,52.8,718.7,83.377
9/30/19 13:58,66.9,52.7,718.7,83.422
9/30/19 13:58,66.9,52.6,718.7,83.377
9/30/19 13:58,66.9,52.5,718.7,83.377
9/30/19 13:58,66.9,52.4,718.7,83.377
9/30/19 13:58,66.9,52.3,718.7,83.377
9/30/19 13:59,66.9,52.2,718.7,83.377
9/30/19 13:59,66.9,52.2,718.7,83.377
9/30/19 13:59,66.9,52.2,718.7,83.377
9/30/19 13:59,66.9,52.1,718.7,83.377
9/30/19 13:59,66.9,52.1,718.7,83.377
9/30/19 13:59,66.9,52.1,718.7,83.377
9/30/19 13:59,66.9,52.1,718.7,83.377
9/30/19 13:59,66.9,52.1,718.7,83.377
9/30/19 13:59,66.857,52.1,718.7,83.377
9/30/19 13:59,66.9,52.2,718.7,83.377
9/30/19 13:59,66.9,52.2,718.7,83.377
9/30/19 13:59,66.857,52.2,718.7,83.377
9/30/19 13:59,66.857,52.3,718.7,83.377
9/30/19 13:59,66.857,52.4,716.2,83.377
9/30/19 13:59,66.857,52.5,716.2,83.377
9/30/19 13:59,66.9,52.5,716.2,83.377
9/30/19 13:59,66.9,52.5,716.2,83.377
9/30/19 13:59,66.9,52.5,716.2,83.377
9/30/19 13:59,66.9,52.5,716.2,83.377
9/30/19 13:59,66.857,52.4,716.2,83.377
9/30/19 13:59,66.857,52.4,716.2,83.377
9/30/19 13:59,66.9,52.3,716.2,83.377
9/30/19 13:59,66.9,52.3,716.2,83.377
9/30/19 13:59,66.9,52.4,716.2,83.377
9/30/19 13:59,66.9,52.4,716.2,83.377
9/30/19 13:59,66.9,52.5,716.2,83.377
9/30/19 13:59,66.9,52.5,716.2,83.377
9/30/19 13:59,66.9,52.6,716.2,83.377
9/30/19 13:59,66.9,52.6,716.2,83.377
9/30/19 13:59,66.9,52.7,713.7,83.377
9/30/19 13:59,66.9,52.7,713.7,83.377
9/30/19 13:59,66.9,52.7,713.7,83.377
9/30/19 13:59,66.9,52.8,713.7,83.377
9/30/19 13:59,66.9,52.8,713.7,83.377
9/30/19 13:59,66.9,52.9,713.7,83.377
9/30/19 13:59,66.9,52.8,713.7,83.377
9/30/19 13:59,66.9,52.8,713.7,83.377
9/30/19 13:59,66.9,52.9,713.7,83.377
9/30/19 13:59,66.9,53,713.7,83.377
9/30/19 13:59,66.9,53.1,713.7,83.377
9/30/19 13:59,66.9,53.2,713.7,83.377
9/30/19 13:59,66.9,53.2,713.7,83.377
9/30/19 13:59,66.9,53.2,713.7,83.377
9/30/19 13:59,66.9,53.3,713.7,83.377
9/30/19 13:59,66.9,53.3,713.7,83.377
9/30/19 13:59,66.943,53.3,713.7,83.377
9/30/19 13:59,66.943,53.3,713.7,83.377
9/30/19 13:59,66.943,53.4,713.7,83.377
9/30/19 13:59,66.943,53.4,713.7,83.377
9/30/19 13:59,66.943,53.4,713.7,83.377
9/30/19 13:59,66.943,53.4,713.7,83.377
9/30/19 13:59,66.943,53.4,713.7,83.377
9/30/19 13:59,66.943,53.3,713.7,83.377
9/30/19 13:59,66.943,53.2,713.7,83.377
9/30/19 13:59,66.943,53.2,713.7,83.377
9/30/19 13:59,66.943,53.2,713.7,83.332
9/30/19 13:59,66.943,53.2,713.7,83.377
9/30/19 13:59,66.943,53.2,713.7,83.377
9/30/19 13:59,66.943,53.2,713.7,83.377
9/30/19 13:59,66.943,53.2,713.7,83.332
9/30/19 14:00,66.943,53.3,713.7,83.332
9/30/19 14:00,66.943,53.4,711.2,83.332
9/30/19 14:00,66.943,53.4,711.2,83.332
9/30/19 14:00,66.943,53.5,711.2,83.332
9/30/19 14:00,66.943,53.6,713.7,83.332
9/30/19 14:00,66.943,53.8,711.2,83.332
9/30/19 14:00,66.985,53.9,711.2,83.332
9/30/19 14:00,66.985,54,713.7,83.377
9/30/19 14:00,66.985,54,713.7,83.332
9/30/19 14:00,66.985,54,713.7,83.332
9/30/19 14:00,66.985,54,713.7,83.332
9/30/19 14:00,66.985,54,713.7,83.332
9/30/19 14:00,66.985,54,713.7,83.332
9/30/19 14:00,66.985,53.8,713.7,83.332
9/30/19 14:00,66.985,53.7,713.7,83.332
9/30/19 14:00,66.985,53.5,713.7,83.332
9/30/19 14:00,66.985,53.4,713.7,83.332
9/30/19 14:00,66.985,53.4,713.7,83.332
9/30/19 14:00,66.985,53.3,713.7,83.332
9/30/19 14:00,66.985,53.2,713.7,83.332
9/30/19 14:00,66.985,53.1,713.7,83.332
9/30/19 14:00,66.985,53.1,713.7,83.332
9/30/19 14:00,66.985,53,716.2,83.332
9/30/19 14:00,66.985,53.1,716.2,83.332
9/30/19 14:00,66.985,53.1,716.2,83.332
9/30/19 14:00,66.985,53.1,716.2,83.332
9/30/19 14:00,66.985,53,716.2,83.332
9/30/19 14:00,66.985,53,718.7,83.332
9/30/19 14:00,66.985,52.9,718.7,83.332
9/30/19 14:00,66.985,52.9,718.7,83.332
9/30/19 14:00,66.985,52.7,721.2,83.332
9/30/19 14:00,66.985,52.6,721.2,83.332
9/30/19 14:00,66.985,52.4,723.7,83.332
9/30/19 14:00,66.985,52.2,723.7,83.332
9/30/19 14:00,66.985,52.1,726.2,83.332
9/30/19 14:00,66.985,51.9,728.7,83.332
9/30/19 14:00,66.943,51.7,731.2,83.332
9/30/19 14:00,66.943,51.7,733.7,83.332
9/30/19 14:00,66.943,51.6,733.7,83.332
9/30/19 14:00,66.943,51.6,733.7,83.332
9/30/19 14:00,66.943,51.5,733.7,83.332
9/30/19 14:00,66.943,51.4,731.2,83.332
9/30/19 14:00,66.9,51.4,728.7,83.332
9/30/19 14:00,66.9,51.4,726.2,83.332
9/30/19 14:00,66.9,51.3,723.7,83.332
9/30/19 14:00,66.9,51.3,723.7,83.332
9/30/19 14:00,66.9,51.3,721.2,83.332
9/30/19 14:00,66.9,51.3,718.7,83.332
9/30/19 14:00,66.857,51.3,718.7,83.332
9/30/19 14:00,66.857,51.2,716.2,83.332
9/30/19 14:00,66.857,51.2,716.2,83.332
9/30/19 14:00,66.857,51.1,713.7,83.287
9/30/19 14:00,66.857,51.1,713.7,83.332
9/30/19 14:00,66.857,51.1,713.7,83.332
9/30/19 14:00,66.857,51.2,711.2,83.332
9/30/19 14:00,66.857,51.3,711.2,83.287
9/30/19 14:00,66.814,51.4,711.2,83.332
9/30/19 14:00,66.814,51.6,711.2,83.332
9/30/19 14:00,66.814,51.6,708.7,83.287
9/30/19 14:00,66.814,51.7,708.7,83.287
9/30/19 14:01,66.814,51.7,708.7,83.332
9/30/19 14:01,66.814,51.8,708.7,83.287
9/30/19 14:01,66.814,51.8,708.7,83.287
9/30/19 14:01,66.814,51.8,706.2,83.287
9/30/19 14:01,66.814,51.8,706.2,83.287
9/30/19 14:01,66.814,51.8,706.2,83.287
9/30/19 14:01,66.772,51.8,706.2,83.287
9/30/19 14:01,66.772,51.7,706.2,83.287
9/30/19 14:01,66.772,51.6,706.2,83.287
9/30/19 14:01,66.772,51.6,703.7,83.287
9/30/19 14:01,66.772,51.6,703.7,83.287
9/30/19 14:01,66.772,51.6,703.7,83.287
9/30/19 14:01,66.772,51.6,703.7,83.287
9/30/19 14:01,66.772,51.6,703.7,83.287
9/30/19 14:01,66.772,51.7,701.2,83.287
9/30/19 14:01,66.772,51.7,701.2,83.287
9/30/19 14:01,66.772,51.7,701.2,83.287
9/30/19 14:01,66.772,51.8,701.2,83.287
9/30/19 14:01,66.772,51.9,701.2,83.287
9/30/19 14:01,66.772,51.9,701.2,83.287
9/30/19 14:01,66.772,52,701.2,83.287
9/30/19 14:01,66.729,52.1,701.2,83.287
9/30/19 14:01,66.729,52.2,698.7,83.287
9/30/19 14:01,66.729,52.2,698.7,83.287
9/30/19 14:01,66.729,52.3,698.7,83.287
9/30/19 14:01,66.729,52.3,698.7,83.287
9/30/19 14:01,66.729,52.4,698.7,83.287
9/30/19 14:01,66.729,52.4,698.7,83.287
9/30/19 14:01,66.729,52.5,698.7,83.287
9/30/19 14:01,66.729,52.5,698.7,83.287
9/30/19 14:01,66.729,52.5,698.7,83.287
9/30/19 14:01,66.729,52.5,698.7,83.287
9/30/19 14:01,66.729,52.5,698.7,83.287
9/30/19 14:01,66.729,52.4,696.2,83.287
9/30/19 14:01,66.729,52.3,696.2,83.287
9/30/19 14:01,66.729,52.3,696.2,83.287
9/30/19 14:01,66.729,52.2,696.2,83.287
9/30/19 14:01,66.729,52.2,696.2,83.287
9/30/19 14:01,66.729,52.2,696.2,83.287
9/30/19 14:01,66.729,52.2,696.2,83.287
9/30/19 14:01,66.729,52.2,696.2,83.287
9/30/19 14:01,66.729,52.2,696.2,83.287
9/30/19 14:01,66.729,52.2,696.2,83.287
9/30/19 14:01,66.729,52.2,693.7,83.287
9/30/19 14:01,66.729,52.2,693.7,83.287
9/30/19 14:01,66.729,52.2,693.7,83.287
9/30/19 14:01,66.729,52.2,693.7,83.287
9/30/19 14:01,66.729,52.1,693.7,83.287
9/30/19 14:01,66.729,52,693.7,83.287
9/30/19 14:01,66.729,51.9,693.7,83.287
9/30/19 14:01,66.729,51.9,693.7,83.287
9/30/19 14:01,66.729,51.7,693.7,83.287
9/30/19 14:01,66.729,51.6,693.7,83.287
9/30/19 14:01,66.729,51.6,693.7,83.287
9/30/19 14:01,66.686,51.5,693.7,83.287
9/30/19 14:01,66.686,51.4,693.7,83.287
9/30/19 14:01,66.686,51.3,691.2,83.287
9/30/19 14:01,66.686,51.2,691.2,83.287
9/30/19 14:01,66.686,51.2,691.2,83.287
9/30/19 14:01,66.686,51.2,691.2,83.287
9/30/19 14:02,66.686,51.3,691.2,83.287
9/30/19 14:02,66.686,51.3,691.2,83.287
9/30/19 14:02,66.686,51.4,691.2,83.287
9/30/19 14:02,66.686,51.4,691.2,83.287
9/30/19 14:02,66.686,51.5,691.2,83.287
9/30/19 14:02,66.643,51.6,691.2,83.287
9/30/19 14:02,66.643,51.6,691.2,83.287
9/30/19 14:02,66.643,51.6,691.2,83.287
9/30/19 14:02,66.643,51.7,691.2,83.287
9/30/19 14:02,66.643,51.8,688.7,83.287
9/30/19 14:02,66.643,51.9,688.7,83.287
9/30/19 14:02,66.643,51.9,688.7,83.287
9/30/19 14:02,66.643,52,688.7,83.287
9/30/19 14:02,66.643,52,688.7,83.287
9/30/19 14:02,66.643,52,688.7,83.287
9/30/19 14:02,66.643,52,688.7,83.287
9/30/19 14:02,66.643,52,688.7,83.287
9/30/19 14:02,66.643,52,688.7,83.287
9/30/19 14:02,66.6,52.1,688.7,83.287
9/30/19 14:02,66.6,52.1,688.7,83.287
9/30/19 14:02,66.643,52.1,688.7,83.287
9/30/19 14:02,66.6,52.2,686.2,83.287
9/30/19 14:02,66.6,52.2,686.2,83.287
9/30/19 14:02,66.6,52.2,686.2,83.287
9/30/19 14:02,66.6,52.3,686.2,83.287
9/30/19 14:02,66.6,52.3,686.2,83.287
9/30/19 14:02,66.6,52.4,686.2,83.287
9/30/19 14:02,66.6,52.5,686.2,83.287
9/30/19 14:02,66.6,52.6,686.2,83.287
9/30/19 14:02,66.6,52.6,686.2,83.287
9/30/19 14:02,66.6,52.6,686.2,83.287
9/30/19 14:02,66.6,52.7,686.2,83.287
9/30/19 14:02,66.6,52.6,686.2,83.287
9/30/19 14:02,66.6,52.5,686.2,83.287
9/30/19 14:02,66.6,52.5,683.7,83.287
9/30/19 14:02,66.6,52.4,683.7,83.287
9/30/19 14:02,66.6,52.2,683.7,83.287
9/30/19 14:02,66.6,52.3,683.7,83.287
9/30/19 14:02,66.6,52.2,683.7,83.287
9/30/19 14:02,66.6,52.2,683.7,83.287
9/30/19 14:02,66.6,52.2,683.7,83.287
9/30/19 14:02,66.6,52.1,683.7,83.287
9/30/19 14:02,66.6,52.1,683.7,83.287
9/30/19 14:02,66.6,52.1,683.7,83.287
9/30/19 14:02,66.558,52.1,681.2,83.287
9/30/19 14:02,66.558,52.1,681.2,83.287
9/30/19 14:02,66.558,52.1,681.2,83.287
9/30/19 14:02,66.558,52.1,681.2,83.287
9/30/19 14:02,66.558,52.1,681.2,83.287
9/30/19 14:02,66.558,52,681.2,83.287
9/30/19 14:02,66.558,51.9,681.2,83.287
9/30/19 14:02,66.558,51.9,681.2,83.287
9/30/19 14:02,66.558,51.8,681.2,83.287
9/30/19 14:02,66.558,51.7,681.2,83.242
9/30/19 14:02,66.558,51.6,681.2,83.287
9/30/19 14:02,66.558,51.6,681.2,83.287
9/30/19 14:02,66.558,51.6,681.2,83.242
9/30/19 14:02,66.515,51.6,681.2,83.287
9/30/19 14:02,66.515,51.6,678.7,83.287
9/30/19 14:02,66.515,51.6,678.7,83.242
9/30/19 14:03,66.515,51.6,678.7,83.287
9/30/19 14:03,66.515,51.6,678.7,83.287
9/30/19 14:03,66.515,51.6,678.7,83.242
9/30/19 14:03,66.515,51.6,678.7,83.287
9/30/19 14:03,66.515,51.6,678.7,83.242
9/30/19 14:03,66.515,51.6,678.7,83.242
9/30/19 14:03,66.515,51.7,678.7,83.242
9/30/19 14:03,66.515,51.8,678.7,83.242
9/30/19 14:03,66.515,51.8,678.7,83.242
9/30/19 14:03,66.515,51.8,678.7,83.242
9/30/19 14:03,66.472,51.9,678.7,83.242
9/30/19 14:03,66.472,51.9,678.7,83.242
9/30/19 14:03,66.472,51.9,676.2,83.242
9/30/19 14:03,66.472,51.8,676.2,83.242
9/30/19 14:03,66.472,52,676.2,83.242
9/30/19 14:03,66.472,51.9,676.2,83.242
9/30/19 14:03,66.472,51.9,676.2,83.242
9/30/19 14:03,66.472,51.8,676.2,83.242
9/30/19 14:03,66.472,51.9,676.2,83.242
9/30/19 14:03,66.472,51.7,676.2,83.242
9/30/19 14:03,66.472,51.7,676.2,83.242
9/30/19 14:03,66.472,51.8,676.2,83.242
9/30/19 14:03,66.472,51.6,676.2,83.242
9/30/19 14:03,66.472,51.6,676.2,83.242
9/30/19 14:03,66.472,51.6,676.2,83.242
9/30/19 14:03,66.472,51.5,676.2,83.242
9/30/19 14:03,66.472,51.6,676.2,83.242
9/30/19 14:03,66.472,51.5,676.2,83.242
9/30/19 14:03,66.472,51.5,676.2,83.242
9/30/19 14:03,66.472,51.5,673.7,83.242
9/30/19 14:03,66.472,51.5,673.7,83.242
9/30/19 14:03,66.472,51.6,673.7,83.242
9/30/19 14:03,66.472,51.5,673.7,83.242
9/30/19 14:03,66.472,51.5,673.7,83.242
9/30/19 14:03,66.472,51.5,673.7,83.242
9/30/19 14:03,66.472,51.5,673.7,83.242
9/30/19 14:03,66.472,51.5,673.7,83.242
9/30/19 14:03,66.472,51.4,673.7,83.242
9/30/19 14:03,66.472,51.4,673.7,83.242
9/30/19 14:03,66.472,51.4,673.7,83.242
9/30/19 14:03,66.472,51.4,673.7,83.242
9/30/19 14:03,66.472,51.4,673.7,83.242
9/30/19 14:03,66.472,51.4,673.7,83.242
9/30/19 14:03,66.472,51.4,673.7,83.242
9/30/19 14:03,66.472,51.4,673.7,83.242
9/30/19 14:03,66.472,51.4,673.7,83.242
9/30/19 14:03,66.472,51.4,673.7,83.242
9/30/19 14:03,66.472,51.5,671.2,83.242
9/30/19 14:03,66.472,51.5,671.2,83.242
9/30/19 14:03,66.429,51.5,671.2,83.242
9/30/19 14:03,66.429,51.6,671.2,83.242
9/30/19 14:03,66.472,51.6,671.2,83.242
9/30/19 14:03,66.472,51.7,671.2,83.242
9/30/19 14:03,66.429,51.8,671.2,83.242
9/30/19 14:03,66.429,51.9,671.2,83.242
9/30/19 14:03,66.472,52,671.2,83.242
9/30/19 14:03,66.429,52.1,671.2,83.242
9/30/19 14:03,66.429,52.1,671.2,83.242
9/30/19 14:03,66.472,52.1,671.2,83.242
9/30/19 14:03,66.429,52.1,671.2,83.242
9/30/19 14:04,66.429,52.1,671.2,83.242
9/30/19 14:04,66.429,52.1,671.2,83.242
9/30/19 14:04,66.429,52.1,671.2,83.242
9/30/19 14:04,66.472,52.1,671.2,83.242
9/30/19 14:04,66.429,52,671.2,83.242
9/30/19 14:04,66.429,51.9,668.7,83.242
9/30/19 14:04,66.429,51.8,668.7,83.242
9/30/19 14:04,66.429,51.8,668.7,83.242
9/30/19 14:04,66.429,51.7,668.7,83.242
9/30/19 14:04,66.429,51.6,668.7,83.242
9/30/19 14:04,66.429,51.6,668.7,83.242
9/30/19 14:04,66.429,51.6,668.7,83.242
9/30/19 14:04,66.429,51.7,668.7,83.242
9/30/19 14:04,66.429,51.7,668.7,83.242
9/30/19 14:04,66.429,51.7,668.7,83.242
9/30/19 14:04,66.429,51.7,668.7,83.242
9/30/19 14:04,66.429,51.7,668.7,83.242
9/30/19 14:04,66.429,51.7,668.7,83.242
9/30/19 14:04,66.429,51.7,668.7,83.242
9/30/19 14:04,66.429,51.7,668.7,83.242
9/30/19 14:04,66.429,51.7,668.7,83.242
9/30/19 14:04,66.429,51.6,668.7,83.242
9/30/19 14:04,66.429,51.6,668.7,83.242
9/30/19 14:04,66.429,51.5,668.7,83.242
9/30/19 14:04,66.429,51.5,668.7,83.242
9/30/19 14:04,66.429,51.5,668.7,83.242
9/30/19 14:04,66.429,51.5,666.2,83.242
9/30/19 14:04,66.385,51.5,666.2,83.242
9/30/19 14:04,66.429,51.5,666.2,83.242
9/30/19 14:04,66.385,51.5,666.2,83.242
9/30/19 14:04,66.385,51.5,666.2,83.242
9/30/19 14:04,66.385,51.5,666.2,83.242
9/30/19 14:04,66.385,51.5,666.2,83.242
9/30/19 14:04,66.385,51.6,666.2,83.242
9/30/19 14:04,66.429,51.6,666.2,83.242
9/30/19 14:04,66.385,51.7,666.2,83.199
9/30/19 14:04,66.385,51.7,666.2,83.242
9/30/19 14:04,66.385,51.6,666.2,83.199
9/30/19 14:04,66.385,51.6,666.2,83.242
9/30/19 14:04,66.385,51.5,666.2,83.199
9/30/19 14:04,66.385,51.5,666.2,83.199
9/30/19 14:04,66.385,51.5,666.2,83.199
9/30/19 14:04,66.385,51.4,666.2,83.242
9/30/19 14:04,66.385,51.4,666.2,83.199
9/30/19 14:04,66.385,51.3,666.2,83.199
9/30/19 14:04,66.385,51.3,666.2,83.199
9/30/19 14:04,66.385,51.3,666.2,83.199
9/30/19 14:04,66.385,51.2,666.2,83.199
9/30/19 14:04,66.385,51.2,666.2,83.199
9/30/19 14:04,66.385,51.2,666.2,83.199
9/30/19 14:04,66.385,51.1,663.7,83.199
9/30/19 14:04,66.385,51.1,663.7,83.199
9/30/19 14:04,66.385,51,663.7,83.199
9/30/19 14:04,66.385,51,663.7,83.199
9/30/19 14:04,66.385,51,663.7,83.199
9/30/19 14:04,66.385,50.9,663.7,83.199
9/30/19 14:04,66.385,51,663.7,83.199
9/30/19 14:04,66.344,51,663.7,83.199
9/30/19 14:04,66.385,51,663.7,83.199
9/30/19 14:04,66.344,51,663.7,83.199
9/30/19 14:05,66.344,51,663.7,83.199
9/30/19 14:05,66.344,50.9,663.7,83.199
9/30/19 14:05,66.344,50.9,663.7,83.199
9/30/19 14:05,66.344,50.9,663.7,83.199
9/30/19 14:05,66.344,50.9,663.7,83.199
9/30/19 14:05,66.344,51,663.7,83.199
9/30/19 14:05,66.344,51.1,663.7,83.199
9/30/19 14:05,66.344,51.1,663.7,83.199
9/30/19 14:05,66.344,51.2,663.7,83.199
9/30/19 14:05,66.344,51.3,663.7,83.199
9/30/19 14:05,66.344,51.4,661.2,83.199
9/30/19 14:05,66.344,51.4,661.2,83.199
9/30/19 14:05,66.344,51.5,661.2,83.199
9/30/19 14:05,66.344,51.5,661.2,83.199
9/30/19 14:05,66.344,51.6,661.2,83.199
9/30/19 14:05,66.344,51.7,661.2,83.199
9/30/19 14:05,66.344,51.8,661.2,83.199
9/30/19 14:05,66.344,51.9,661.2,83.199
9/30/19 14:05,66.344,51.9,661.2,83.199
9/30/19 14:05,66.344,51.9,661.2,83.199
9/30/19 14:05,66.344,52,661.2,83.199
9/30/19 14:05,66.344,52,661.2,83.199
9/30/19 14:05,66.344,52.1,661.2,83.199
9/30/19 14:05,66.344,52,661.2,83.199
9/30/19 14:05,66.344,52,661.2,83.199
9/30/19 14:05,66.344,51.9,661.2,83.199
9/30/19 14:05,66.344,51.9,661.2,83.199
9/30/19 14:05,66.344,51.9,661.2,83.154
9/30/19 14:05,66.344,51.8,661.2,83.199
9/30/19 14:05,66.344,51.8,661.2,83.199
9/30/19 14:05,66.344,51.7,661.2,83.154
9/30/19 14:05,66.344,51.6,661.2,83.199
9/30/19 14:05,66.344,51.5,661.2,83.154
9/30/19 14:05,66.344,51.5,661.2,83.154
9/30/19 14:05,66.344,51.5,661.2,83.154
9/30/19 14:05,66.344,51.4,661.2,83.154
9/30/19 14:05,66.344,51.4,661.2,83.154
9/30/19 14:05,66.344,51.4,661.2,83.154
9/30/19 14:05,66.344,51.3,661.2,83.154
9/30/19 14:05,66.301,51.3,661.2,83.154
9/30/19 14:05,66.301,51.4,661.2,83.154
9/30/19 14:05,66.301,51.4,658.7,83.154
9/30/19 14:05,66.301,51.4,661.2,83.154
9/30/19 14:05,66.301,51.4,658.7,83.154
9/30/19 14:05,66.301,51.4,658.7,83.154
9/30/19 14:05,66.301,51.4,658.7,83.154
9/30/19 14:05,66.301,51.4,658.7,83.154
9/30/19 14:05,66.301,51.4,658.7,83.154
9/30/19 14:05,66.301,51.4,658.7,83.154
9/30/19 14:05,66.301,51.4,658.7,83.154
9/30/19 14:05,66.301,51.4,658.7,83.154
9/30/19 14:05,66.301,51.4,658.7,83.154
9/30/19 14:05,66.301,51.4,658.7,83.154
9/30/19 14:05,66.301,51.5,658.7,83.154
9/30/19 14:05,66.301,51.5,658.7,83.154
9/30/19 14:05,66.301,51.5,658.7,83.154
9/30/19 14:05,66.301,51.5,658.7,83.154
9/30/19 14:05,66.301,51.5,658.7,83.154
9/30/19 14:05,66.301,51.6,658.7,83.154
9/30/19 14:05,66.301,51.7,658.7,83.154
9/30/19 14:06,66.301,51.8,658.7,83.154
9/30/19 14:06,66.301,51.8,658.7,83.154
9/30/19 14:06,66.301,51.9,658.7,83.154
9/30/19 14:06,66.301,52,658.7,83.109
9/30/19 14:06,66.301,52,658.7,83.154
9/30/19 14:06,66.301,52,658.7,83.109
9/30/19 14:06,66.301,52,658.7,83.109
9/30/19 14:06,66.301,52,658.7,83.109
9/30/19 14:06,66.301,52,658.7,83.109
9/30/19 14:06,66.301,52,658.7,83.109
9/30/19 14:06,66.301,52,658.7,83.109
9/30/19 14:06,66.301,52,658.7,83.109
9/30/19 14:06,66.301,52,658.7,83.109
9/30/19 14:06,66.301,52.1,658.7,83.109
9/30/19 14:06,66.301,52.1,658.7,83.109
9/30/19 14:06,66.301,52.1,658.7,83.109
9/30/19 14:06,66.301,52.1,658.7,83.109
9/30/19 14:06,66.301,52.1,658.7,83.109
9/30/19 14:06,66.301,52.1,658.7,83.109
9/30/19 14:06,66.301,52.1,658.7,83.109
9/30/19 14:06,66.301,52.1,658.7,83.109
9/30/19 14:06,66.301,52.1,658.7,83.109
9/30/19 14:06,66.301,52.2,658.7,83.109
9/30/19 14:06,66.301,52.3,658.7,83.109
9/30/19 14:06,66.301,52.4,658.7,83.109
9/30/19 14:06,66.301,52.5,658.7,83.109
9/30/19 14:06,66.301,52.6,658.7,83.109
9/30/19 14:06,66.301,52.7,658.7,83.109
9/30/19 14:06,66.301,52.8,658.7,83.109
9/30/19 14:06,66.301,52.7,658.7,83.109
9/30/19 14:06,66.301,52.7,658.7,83.109
9/30/19 14:06,66.301,52.8,658.7,83.109
9/30/19 14:06,66.301,52.8,658.7,83.109
9/30/19 14:06,66.344,52.8,658.7,83.109
9/30/19 14:06,66.344,52.8,658.7,83.109
9/30/19 14:06,66.344,52.8,658.7,83.109
9/30/19 14:06,66.344,52.8,658.7,83.109
9/30/19 14:06,66.344,52.7,658.7,83.109
9/30/19 14:06,66.344,52.7,658.7,83.109
9/30/19 14:06,66.344,52.7,658.7,83.109
9/30/19 14:06,66.344,52.8,658.7,83.109
9/30/19 14:06,66.344,52.7,658.7,83.109
9/30/19 14:06,66.344,52.8,656.2,83.109
9/30/19 14:06,66.344,52.7,656.2,83.109
9/30/19 14:06,66.344,52.7,658.7,83.109
9/30/19 14:06,66.344,52.8,658.7,83.109
9/30/19 14:06,66.344,52.7,658.7,83.109
9/30/19 14:06,66.344,52.7,658.7,83.109
9/30/19 14:06,66.344,52.6,658.7,83.109
9/30/19 14:06,66.344,52.5,656.2,83.109
9/30/19 14:06,66.344,52.5,658.7,83.064
9/30/19 14:06,66.344,52.5,656.2,83.064
9/30/19 14:06,66.344,52.5,656.2,83.064
9/30/19 14:06,66.344,52.5,658.7,83.064
9/30/19 14:06,66.344,52.6,656.2,83.064
9/30/19 14:06,66.344,52.6,656.2,83.064
9/30/19 14:06,66.344,52.7,656.2,83.064
9/30/19 14:06,66.344,52.7,658.7,83.064
9/30/19 14:06,66.344,52.8,658.7,83.064
9/30/19 14:06,66.344,52.9,656.2,83.064
9/30/19 14:07,66.385,53,658.7,83.064
9/30/19 14:07,66.385,53.1,656.2,83.064
9/30/19 14:07,66.385,53.1,656.2,83.064
9/30/19 14:07,66.385,53,656.2,83.064
9/30/19 14:07,66.385,53,656.2,83.064
9/30/19 14:07,66.385,52.9,656.2,83.064
9/30/19 14:07,66.385,52.9,656.2,83.064
9/30/19 14:07,66.385,52.9,656.2,83.064
9/30/19 14:07,66.385,52.9,658.7,83.064
9/30/19 14:07,66.385,52.9,658.7,83.064
9/30/19 14:07,66.385,52.9,656.2,83.064
9/30/19 14:07,66.385,52.8,656.2,83.064
9/30/19 14:07,66.385,52.7,656.2,83.064
9/30/19 14:07,66.385,52.7,656.2,83.064
9/30/19 14:07,66.385,52.6,656.2,83.064
9/30/19 14:07,66.385,52.5,656.2,83.064
9/30/19 14:07,66.385,52.4,656.2,83.064
9/30/19 14:07,66.385,52.4,656.2,83.064
9/30/19 14:07,66.385,52.2,658.7,83.064
9/30/19 14:07,66.385,52.2,656.2,83.064
9/30/19 14:07,66.385,52.1,656.2,83.064
9/30/19 14:07,66.385,52.1,656.2,83.064
9/30/19 14:07,66.385,52.1,658.7,83.064
9/30/19 14:07,66.385,52.1,656.2,83.021
9/30/19 14:07,66.385,52,658.7,83.064
9/30/19 14:07,66.385,52,658.7,83.064
9/30/19 14:07,66.385,52,658.7,83.064
9/30/19 14:07,66.385,52,656.2,83.021
9/30/19 14:07,66.385,52.1,656.2,83.064
9/30/19 14:07,66.385,52.1,658.7,83.064
9/30/19 14:07,66.385,52.1,658.7,83.064
9/30/19 14:07,66.385,52.2,658.7,83.021
9/30/19 14:07,66.385,52.2,658.7,83.021
9/30/19 14:07,66.385,52.2,658.7,83.021
9/30/19 14:07,66.385,52.2,658.7,83.021
9/30/19 14:07,66.385,52.2,658.7,83.021
9/30/19 14:07,66.385,52.1,658.7,83.021
9/30/19 14:07,66.385,52.1,658.7,83.021
9/30/19 14:07,66.385,52,658.7,83.021
9/30/19 14:07,66.385,51.9,658.7,83.021
9/30/19 14:07,66.385,51.8,658.7,83.021
9/30/19 14:07,66.385,51.8,658.7,83.021
9/30/19 14:07,66.385,51.7,658.7,83.021
9/30/19 14:07,66.385,51.6,658.7,83.021
9/30/19 14:07,66.385,51.6,658.7,83.021
9/30/19 14:07,66.385,51.6,658.7,83.021
9/30/19 14:07,66.385,51.6,658.7,83.021
9/30/19 14:07,66.385,51.6,658.7,83.021
9/30/19 14:07,66.385,51.6,658.7,83.021
9/30/19 14:07,66.385,51.7,658.7,83.021
9/30/19 14:07,66.344,51.8,658.7,83.021
9/30/19 14:07,66.385,51.8,658.7,83.021
9/30/19 14:07,66.344,51.9,658.7,83.021
9/30/19 14:07,66.344,52,658.7,83.021
9/30/19 14:07,66.344,52,658.7,83.021
9/30/19 14:07,66.344,52,658.7,83.021
9/30/19 14:07,66.344,51.9,658.7,83.021
9/30/19 14:07,66.344,52,658.7,83.021
9/30/19 14:07,66.344,52,658.7,83.021
9/30/19 14:07,66.344,52,658.7,82.976
9/30/19 14:08,66.344,52.1,658.7,82.976
9/30/19 14:08,66.344,52.1,658.7,82.976
9/30/19 14:08,66.344,52.1,658.7,82.976
9/30/19 14:08,66.344,52.1,658.7,82.976
9/30/19 14:08,66.344,52.1,658.7,83.021
9/30/19 14:08,66.344,52.1,658.7,82.976
9/30/19 14:08,66.344,52,658.7,82.976
9/30/19 14:08,66.344,52,658.7,82.976
9/30/19 14:08,66.344,52,658.7,82.976
9/30/19 14:08,66.344,52,658.7,82.976
9/30/19 14:08,66.344,52,658.7,82.976
9/30/19 14:08,66.344,52.1,658.7,82.976
9/30/19 14:08,66.344,52.1,658.7,82.976
9/30/19 14:08,66.344,52.1,658.7,82.976
9/30/19 14:08,66.344,52.2,658.7,82.976
9/30/19 14:08,66.344,52.2,658.7,82.976
9/30/19 14:08,66.344,52.2,658.7,82.976
9/30/19 14:08,66.344,52.1,658.7,82.976
9/30/19 14:08,66.344,52.1,658.7,82.976
9/30/19 14:08,66.344,52,658.7,82.976
9/30/19 14:08,66.344,51.9,658.7,82.976
9/30/19 14:08,66.344,51.8,658.7,82.976
9/30/19 14:08,66.344,51.7,658.7,82.976
9/30/19 14:08,66.344,51.5,658.7,82.976
9/30/19 14:08,66.344,51.5,658.7,82.976
9/30/19 14:08,66.344,51.4,658.7,82.976
9/30/19 14:08,66.344,51.4,658.7,82.976
9/30/19 14:08,66.344,51.4,661.2,82.976
9/30/19 14:08,66.344,51.3,661.2,82.976
9/30/19 14:08,66.344,51.3,661.2,82.976
9/30/19 14:08,66.344,51.2,661.2,82.976
9/30/19 14:08,66.344,51.1,661.2,82.976
9/30/19 14:08,66.344,51.1,661.2,82.976
9/30/19 14:08,66.301,51,661.2,82.976
9/30/19 14:08,66.301,51,661.2,82.976
9/30/19 14:08,66.301,50.9,661.2,82.976
9/30/19 14:08,66.301,51,661.2,82.976
9/30/19 14:08,66.301,50.9,661.2,82.976
9/30/19 14:08,66.301,50.8,661.2,82.976
9/30/19 14:08,66.301,50.8,661.2,82.976
9/30/19 14:08,66.301,50.8,661.2,82.976
9/30/19 14:08,66.301,50.6,661.2,82.976
9/30/19 14:08,66.258,50.6,661.2,82.976
9/30/19 14:08,66.258,50.7,661.2,82.976
9/30/19 14:08,66.258,50.6,661.2,82.976
9/30/19 14:08,66.258,50.6,661.2,82.976
9/30/19 14:08,66.258,50.7,661.2,82.976
9/30/19 14:08,66.258,50.6,661.2,82.931
9/30/19 14:08,66.258,50.6,661.2,82.976
9/30/19 14:08,66.258,50.7,661.2,82.931
9/30/19 14:08,66.258,50.7,661.2,82.976
9/30/19 14:08,66.258,50.7,661.2,82.976
9/30/19 14:08,66.258,50.7,661.2,82.931
9/30/19 14:08,66.258,50.8,663.7,82.976
9/30/19 14:08,66.214,50.7,663.7,82.931
9/30/19 14:08,66.258,50.7,663.7,82.976
9/30/19 14:08,66.214,50.7,663.7,82.976
9/30/19 14:08,66.258,50.8,663.7,82.976
9/30/19 14:08,66.214,50.8,663.7,82.931
9/30/19 14:08,66.214,50.9,663.7,82.931
9/30/19 14:09,66.214,50.8,663.7,82.931
9/30/19 14:09,66.214,50.9,663.7,82.931
9/30/19 14:09,66.214,50.9,666.2,82.931
9/30/19 14:09,66.214,50.8,666.2,82.976
9/30/19 14:09,66.214,50.9,666.2,82.976
9/30/19 14:09,66.214,51,666.2,82.931
9/30/19 14:09,66.214,51.1,666.2,82.931
9/30/19 14:09,66.214,51.2,666.2,82.976
9/30/19 14:09,66.214,51.3,666.2,82.976
9/30/19 14:09,66.214,51.4,666.2,82.976
9/30/19 14:09,66.214,51.5,668.7,82.976
9/30/19 14:09,66.214,51.5,668.7,82.931
9/30/19 14:09,66.214,51.6,668.7,82.976
9/30/19 14:09,66.214,51.7,668.7,82.931
9/30/19 14:09,66.214,51.8,668.7,82.931
9/30/19 14:09,66.214,51.8,668.7,82.976
9/30/19 14:09,66.214,51.8,668.7,82.931
9/30/19 14:09,66.214,51.9,668.7,82.931
9/30/19 14:09,66.214,51.9,668.7,82.931
9/30/19 14:09,66.214,52,668.7,82.931
9/30/19 14:09,66.214,52.1,668.7,82.931
9/30/19 14:09,66.214,52.1,668.7,82.931
9/30/19 14:09,66.214,52.1,668.7,82.931
9/30/19 14:09,66.214,52.2,668.7,82.931
9/30/19 14:09,66.214,52.3,668.7,82.931
9/30/19 14:09,66.214,52.4,668.7,82.931
9/30/19 14:09,66.214,52.5,668.7,82.931
9/30/19 14:09,66.214,52.6,668.7,82.931
9/30/19 14:09,66.214,52.8,668.7,82.931
9/30/19 14:09,66.214,52.7,668.7,82.931
9/30/19 14:09,66.258,52.8,668.7,82.931
9/30/19 14:09,66.258,52.8,668.7,82.931
9/30/19 14:09,66.214,52.9,668.7,82.931
9/30/19 14:09,66.258,52.9,668.7,82.931
9/30/19 14:09,66.258,52.9,668.7,82.931
9/30/19 14:09,66.258,53,668.7,82.931
9/30/19 14:09,66.258,53.1,668.7,82.931
9/30/19 14:09,66.258,53.2,668.7,82.931
9/30/19 14:09,66.258,53.2,668.7,82.931
9/30/19 14:09,66.258,53.3,668.7,82.931
9/30/19 14:09,66.258,53.3,668.7,82.931
9/30/19 14:09,66.258,53.2,668.7,82.931
9/30/19 14:09,66.258,53.2,668.7,82.931
9/30/19 14:09,66.301,53.2,668.7,82.931
9/30/19 14:09,66.301,53.1,668.7,82.931
9/30/19 14:09,66.301,53.1,671.2,82.931
9/30/19 14:09,66.301,53.1,671.2,82.931
9/30/19 14:09,66.301,53.1,671.2,82.931
9/30/19 14:09,66.301,53,671.2,82.931
9/30/19 14:09,66.301,53.1,671.2,82.931
9/30/19 14:09,66.301,53,671.2,82.931
9/30/19 14:09,66.301,52.9,671.2,82.931
9/30/19 14:09,66.301,52.9,671.2,82.931
9/30/19 14:09,66.301,52.8,671.2,82.931
9/30/19 14:09,66.301,52.7,671.2,82.931
9/30/19 14:09,66.301,52.8,671.2,82.931
9/30/19 14:09,66.301,52.7,671.2,82.931
9/30/19 14:09,66.301,52.6,671.2,82.976
9/30/19 14:09,66.344,52.5,671.2,82.931
9/30/19 14:09,66.344,52.4,671.2,82.931
9/30/19 14:10,66.344,52.4,671.2,82.976
9/30/19 14:10,66.344,52.3,671.2,82.976
9/30/19 14:10,66.344,52.3,673.7,82.931
9/30/19 14:10,66.344,52.2,673.7,82.931
9/30/19 14:10,66.344,52.2,673.7,82.931
9/30/19 14:10,66.344,52.2,673.7,82.931
9/30/19 14:10,66.344,52.1,673.7,82.931
9/30/19 14:10,66.344,52.1,673.7,82.931
9/30/19 14:10,66.344,52.1,673.7,82.931
9/30/19 14:10,66.344,52.2,673.7,82.931
9/30/19 14:10,66.344,52.3,673.7,82.976
9/30/19 14:10,66.344,52.4,673.7,82.931
9/30/19 14:10,66.344,52.4,673.7,82.976
9/30/19 14:10,66.344,52.5,673.7,82.976
9/30/19 14:10,66.344,52.5,673.7,82.976
9/30/19 14:10,66.344,52.6,676.2,82.976
9/30/19 14:10,66.344,52.6,676.2,82.976
9/30/19 14:10,66.344,52.6,676.2,82.976
9/30/19 14:10,66.344,52.7,676.2,82.976
9/30/19 14:10,66.344,52.8,676.2,82.976
9/30/19 14:10,66.385,52.7,676.2,82.976
9/30/19 14:10,66.385,52.7,676.2,82.976
9/30/19 14:10,66.385,52.8,676.2,82.976
9/30/19 14:10,66.385,52.6,676.2,82.976
9/30/19 14:10,66.385,52.5,676.2,82.976
9/30/19 14:10,66.385,52.4,676.2,82.976
9/30/19 14:10,66.385,52.2,676.2,82.976
9/30/19 14:10,66.385,52.1,678.7,82.976
9/30/19 14:10,66.385,52.1,676.2,82.976
9/30/19 14:10,66.385,52,678.7,82.976
9/30/19 14:10,66.385,51.9,678.7,82.976
9/30/19 14:10,66.385,51.8,678.7,82.976
9/30/19 14:10,66.385,51.7,678.7,82.976
9/30/19 14:10,66.385,51.7,678.7,82.976
9/30/19 14:10,66.385,51.6,678.7,82.976
9/30/19 14:10,66.385,51.6,678.7,82.976
9/30/19 14:10,66.385,51.6,678.7,82.976
9/30/19 14:10,66.385,51.6,678.7,82.976
9/30/19 14:10,66.385,51.7,678.7,82.976
9/30/19 14:10,66.344,51.7,678.7,82.976
9/30/19 14:10,66.344,51.8,681.2,82.976
9/30/19 14:10,66.344,51.8,681.2,82.976
9/30/19 14:10,66.344,51.9,681.2,82.976
9/30/19 14:10,66.344,51.9,681.2,82.931
9/30/19 14:10,66.385,52,681.2,82.976
9/30/19 14:10,66.344,52,681.2,82.976
9/30/19 14:10,66.344,52.1,681.2,82.931
9/30/19 14:10,66.344,52.1,681.2,82.976
9/30/19 14:10,66.344,52.2,681.2,82.976
9/30/19 14:10,66.344,52.3,681.2,82.976
9/30/19 14:10,66.344,52.5,681.2,82.931
9/30/19 14:10,66.344,52.6,681.2,82.931
9/30/19 14:10,66.385,52.8,683.7,82.976
9/30/19 14:10,66.344,52.8,683.7,82.931
9/30/19 14:10,66.385,52.9,683.7,82.931
9/30/19 14:10,66.344,53.1,683.7,82.931
9/30/19 14:10,66.385,53.2,683.7,82.931
9/30/19 14:10,66.385,53.3,683.7,82.931
9/30/19 14:10,66.385,53.3,683.7,82.931
9/30/19 14:10,66.385,53.4,683.7,82.931
9/30/19 14:11,66.385,53.3,686.2,82.931
9/30/19 14:11,66.385,53.3,686.2,82.931
9/30/19 14:11,66.385,53.4,686.2,82.931
9/30/19 14:11,66.385,53.4,686.2,82.931
9/30/19 14:11,66.385,53.3,686.2,82.931
9/30/19 14:11,66.385,53.3,686.2,82.931
9/30/19 14:11,66.385,53.3,686.2,82.931
9/30/19 14:11,66.385,53.4,686.2,82.931
9/30/19 14:11,66.385,53.4,686.2,82.931
9/30/19 14:11,66.385,53.5,686.2,82.931
9/30/19 14:11,66.429,53.5,686.2,82.931
9/30/19 14:11,66.385,53.5,688.7,82.931
9/30/19 14:11,66.429,53.5,688.7,82.931
9/30/19 14:11,66.429,53.5,688.7,82.931
9/30/19 14:11,66.385,53.4,688.7,82.931
9/30/19 14:11,66.429,53.4,688.7,82.931
9/30/19 14:11,66.429,53.4,688.7,82.931
9/30/19 14:11,66.429,53.3,688.7,82.931
9/30/19 14:11,66.429,53.4,688.7,82.931
9/30/19 14:11,66.429,53.3,688.7,82.931
9/30/19 14:11,66.429,53.4,691.2,82.931
9/30/19 14:11,66.429,53.3,691.2,82.931
9/30/19 14:11,66.429,53.4,691.2,82.931
9/30/19 14:11,66.429,53.4,691.2,82.931
9/30/19 14:11,66.429,53.5,691.2,82.931
9/30/19 14:11,66.429,53.6,691.2,82.931
9/30/19 14:11,66.429,53.7,691.2,82.931
9/30/19 14:11,66.429,53.8,691.2,82.931
9/30/19 14:11,66.429,53.9,691.2,82.931
9/30/19 14:11,66.429,53.9,691.2,82.931
9/30/19 14:11,66.429,53.8,693.7,82.931
9/30/19 14:11,66.472,53.7,693.7,82.931
9/30/19 14:11,66.429,53.5,693.7,82.931
9/30/19 14:11,66.429,53.4,693.7,82.931
9/30/19 14:11,66.429,53.3,693.7,82.931
9/30/19 14:11,66.472,53.2,693.7,82.931
9/30/19 14:11,66.472,53.1,693.7,82.931
9/30/19 14:11,66.429,53,693.7,82.931
9/30/19 14:11,66.472,52.9,693.7,82.931
9/30/19 14:11,66.429,52.8,693.7,82.931
9/30/19 14:11,66.429,52.7,696.2,82.931
9/30/19 14:11,66.429,52.7,696.2,82.931
9/30/19 14:11,66.429,52.7,696.2,82.931
9/30/19 14:11,66.472,52.7,696.2,82.931
9/30/19 14:11,66.429,52.8,696.2,82.931
9/30/19 14:11,66.429,52.8,696.2,82.931
9/30/19 14:11,66.429,52.8,696.2,82.931
9/30/19 14:11,66.429,52.8,696.2,82.931
9/30/19 14:11,66.429,52.8,696.2,82.931
9/30/19 14:11,66.429,52.7,698.7,82.931
9/30/19 14:11,66.429,52.8,698.7,82.931
9/30/19 14:11,66.429,52.7,698.7,82.931
9/30/19 14:11,66.429,52.6,698.7,82.931
9/30/19 14:11,66.429,52.5,698.7,82.931
9/30/19 14:11,66.429,52.4,698.7,82.931
9/30/19 14:11,66.429,52.3,698.7,82.931
9/30/19 14:11,66.429,52.2,698.7,82.931
9/30/19 14:11,66.429,52.1,698.7,82.931
9/30/19 14:11,66.429,52,701.2,82.931
9/30/19 14:11,66.429,51.9,701.2,82.931
9/30/19 14:12,66.429,51.8,701.2,82.931
9/30/19 14:12,66.429,51.8,701.2,82.931
9/30/19 14:12,66.429,51.7,701.2,82.931
9/30/19 14:12,66.429,51.7,701.2,82.931
9/30/19 14:12,66.429,51.7,701.2,82.931
9/30/19 14:12,66.429,51.8,701.2,82.931
9/30/19 14:12,66.429,51.8,701.2,82.931
9/30/19 14:12,66.429,51.8,701.2,82.931
9/30/19 14:12,66.385,51.8,701.2,82.931
9/30/19 14:12,66.385,51.7,703.7,82.931
9/30/19 14:12,66.429,51.7,703.7,82.886
9/30/19 14:12,66.385,51.7,703.7,82.931
9/30/19 14:12,66.385,51.6,703.7,82.886
9/30/19 14:12,66.385,51.7,703.7,82.886
9/30/19 14:12,66.385,51.8,703.7,82.886
9/30/19 14:12,66.385,51.9,706.2,82.886
9/30/19 14:12,66.385,52,706.2,82.886
9/30/19 14:12,66.385,52.1,706.2,82.886
9/30/19 14:12,66.385,52.1,706.2,82.886
9/30/19 14:12,66.385,52.1,706.2,82.886
9/30/19 14:12,66.385,52.2,706.2,82.886
9/30/19 14:12,66.385,52.4,706.2,82.886
9/30/19 14:12,66.385,52.4,706.2,82.886
9/30/19 14:12,66.385,52.4,708.7,82.886
9/30/19 14:12,66.385,52.5,708.7,82.886
9/30/19 14:12,66.385,52.5,708.7,82.886
9/30/19 14:12,66.385,52.5,708.7,82.886
9/30/19 14:12,66.385,52.5,708.7,82.886
9/30/19 14:12,66.385,52.4,708.7,82.886
9/30/19 14:12,66.385,52.4,708.7,82.886
9/30/19 14:12,66.385,52.4,708.7,82.886
9/30/19 14:12,66.429,52.3,708.7,82.886
9/30/19 14:12,66.429,52.2,708.7,82.886
9/30/19 14:12,66.385,52.2,711.2,82.886
9/30/19 14:12,66.385,52.2,711.2,82.886
9/30/19 14:12,66.429,52.2,711.2,82.886
9/30/19 14:12,66.385,52.2,711.2,82.886
9/30/19 14:12,66.385,52.1,711.2,82.886
9/30/19 14:12,66.429,52.1,711.2,82.886
9/30/19 14:12,66.385,52.1,711.2,82.886
9/30/19 14:12,66.385,52.1,711.2,82.886
9/30/19 14:12,66.429,52.1,711.2,82.886
9/30/19 14:12,66.429,52.1,711.2,82.886
9/30/19 14:12,66.429,52.1,713.7,82.886
9/30/19 14:12,66.429,52.1,713.7,82.886
9/30/19 14:12,66.429,52.1,713.7,82.886
9/30/19 14:12,66.429,52.1,713.7,82.886
9/30/19 14:12,66.429,52.1,713.7,82.886
9/30/19 14:12,66.429,52.1,713.7,82.886
9/30/19 14:12,66.429,52.1,713.7,82.886
9/30/19 14:12,66.429,52.1,713.7,82.886
9/30/19 14:12,66.429,52.1,713.7,82.886
9/30/19 14:12,66.429,52.2,716.2,82.886
9/30/19 14:12,66.429,52.2,716.2,82.886
9/30/19 14:12,66.429,52.3,716.2,82.886
9/30/19 14:12,66.429,52.4,716.2,82.886
9/30/19 14:12,66.429,52.4,716.2,82.886
9/30/19 14:12,66.429,52.4,716.2,82.886
9/30/19 14:12,66.429,52.4,716.2,82.886
9/30/19 14:12,66.429,52.4,716.2,82.886
9/30/19 14:13,66.429,52.3,718.7,82.886
9/30/19 14:13,66.429,52.3,718.7,82.886
9/30/19 14:13,66.429,52.2,718.7,82.886
9/30/19 14:13,66.429,52.2,718.7,82.886
9/30/19 14:13,66.429,52.1,718.7,82.886
9/30/19 14:13,66.429,52.1,718.7,82.886
9/30/19 14:13,66.429,52.1,718.7,82.886
9/30/19 14:13,66.429,52.1,718.7,82.886
9/30/19 14:13,66.429,52.1,721.2,82.886
9/30/19 14:13,66.429,52,721.2,82.886
9/30/19 14:13,66.429,52,721.2,82.886
9/30/19 14:13,66.429,52,721.2,82.886
9/30/19 14:13,66.472,51.9,721.2,82.886
9/30/19 14:13,66.429,51.9,721.2,82.886
9/30/19 14:13,66.429,51.8,723.7,82.886
9/30/19 14:13,66.472,51.8,723.7,82.886
9/30/19 14:13,66.429,51.8,723.7,82.886
9/30/19 14:13,66.472,51.8,723.7,82.886
9/30/19 14:13,66.472,51.8,723.7,82.886
9/30/19 14:13,66.472,51.7,723.7,82.886
9/30/19 14:13,66.472,51.7,723.7,82.886
9/30/19 14:13,66.472,51.6,723.7,82.886
9/30/19 14:13,66.472,51.6,723.7,82.886
9/30/19 14:13,66.472,51.6,726.2,82.886
9/30/19 14:13,66.429,51.6,726.2,82.886
9/30/19 14:13,66.472,51.6,726.2,82.886
9/30/19 14:13,66.472,51.6,726.2,82.886
9/30/19 14:13,66.472,51.6,726.2,82.886
9/30/19 14:13,66.472,51.6,726.2,82.886
9/30/19 14:13,66.429,51.6,726.2,82.886
9/30/19 14:13,66.472,51.5,726.2,82.931
9/30/19 14:13,66.472,51.5,728.7,82.886
9/30/19 14:13,66.472,51.5,728.7,82.931
9/30/19 14:13,66.472,51.5,728.7,82.886
9/30/19 14:13,66.429,51.4,728.7,82.886
9/30/19 14:13,66.429,51.4,728.7,82.886
9/30/19 14:13,66.429,51.4,728.7,82.931
9/30/19 14:13,66.429,51.4,728.7,82.931
9/30/19 14:13,66.429,51.3,728.7,82.931
9/30/19 14:13,66.429,51.3,731.2,82.931
9/30/19 14:13,66.429,51.3,731.2,82.931
9/30/19 14:13,66.429,51.2,731.2,82.931
9/30/19 14:13,66.429,51.2,731.2,82.931
9/30/19 14:13,66.429,51.2,731.2,82.931
9/30/19 14:13,66.429,51.3,731.2,82.931
9/30/19 14:13,66.429,51.4,731.2,82.931
9/30/19 14:13,66.429,51.4,731.2,82.931
9/30/19 14:13,66.429,51.4,731.2,82.931
9/30/19 14:13,66.429,51.4,733.7,82.931
9/30/19 14:13,66.429,51.4,733.7,82.931
9/30/19 14:13,66.429,51.4,733.7,82.931
9/30/19 14:13,66.429,51.4,733.7,82.931
9/30/19 14:13,66.429,51.4,733.7,82.931
9/30/19 14:13,66.429,51.4,733.7,82.931
9/30/19 14:13,66.429,51.4,733.7,82.931
9/30/19 14:13,66.429,51.4,736.2,82.931
9/30/19 14:13,66.429,51.5,736.2,82.931
9/30/19 14:13,66.429,51.5,736.2,82.931
9/30/19 14:13,66.429,51.5,736.2,82.931
9/30/19 14:13,66.429,51.4,736.2,82.931
9/30/19 14:14,66.429,51.4,736.2,82.931
9/30/19 14:14,66.429,51.4,736.2,82.931
9/30/19 14:14,66.429,51.4,736.2,82.931
9/30/19 14:14,66.429,51.4,738.7,82.931
9/30/19 14:14,66.429,51.4,738.7,82.931
9/30/19 14:14,66.429,51.4,738.7,82.931
9/30/19 14:14,66.385,51.4,738.7,82.931
9/30/19 14:14,66.429,51.4,738.7,82.931
9/30/19 14:14,66.429,51.4,738.7,82.931
9/30/19 14:14,66.429,51.4,738.7,82.931
9/30/19 14:14,66.429,51.4,741.2,82.931
9/30/19 14:14,66.429,51.4,741.2,82.931
9/30/19 14:14,66.385,51.4,741.2,82.931
9/30/19 14:14,66.385,51.4,741.2,82.931
9/30/19 14:14,66.429,51.5,741.2,82.931
9/30/19 14:14,66.429,51.5,743.7,82.931
9/30/19 14:14,66.429,51.5,743.7,82.931
9/30/19 14:14,66.429,51.6,743.7,82.931
9/30/19 14:14,66.429,51.8,743.7,82.931
9/30/19 14:14,66.429,51.8,743.7,82.931
9/30/19 14:14,66.429,51.9,743.7,82.931
9/30/19 14:14,66.429,51.9,743.7,82.931
9/30/19 14:14,66.429,52,746.2,82.931
9/30/19 14:14,66.429,52,746.2,82.931
9/30/19 14:14,66.429,52,746.2,82.931
9/30/19 14:14,66.429,52,746.2,82.931
9/30/19 14:14,66.429,52,746.2,82.931
9/30/19 14:14,66.429,52,746.2,82.931
9/30/19 14:14,66.429,52,748.7,82.931
9/30/19 14:14,66.429,52.1,748.7,82.931
9/30/19 14:14,66.429,52.1,748.7,82.931
9/30/19 14:14,66.429,52.1,748.7,82.931
9/30/19 14:14,66.429,52.1,748.7,82.931
9/30/19 14:14,66.429,52.3,748.7,82.931
9/30/19 14:14,66.429,52.1,751.2,82.931
9/30/19 14:14,66.429,52.1,751.2,82.931
9/30/19 14:14,66.429,52.1,751.2,82.931
9/30/19 14:14,66.472,52.1,751.2,82.931
9/30/19 14:14,66.429,52.1,751.2,82.931
9/30/19 14:14,66.472,52.1,751.2,82.931
9/30/19 14:14,66.472,52.1,753.7,82.931
9/30/19 14:14,66.472,52.2,753.7,82.931
9/30/19 14:14,66.472,52.2,753.7,82.931
9/30/19 14:14,66.472,52.3,753.7,82.931
9/30/19 14:14,66.472,52.3,753.7,82.931
9/30/19 14:14,66.472,52.4,753.7,82.931
9/30/19 14:14,66.472,52.4,756.2,82.931
9/30/19 14:14,66.472,52.5,756.2,82.931
9/30/19 14:14,66.472,52.6,756.2,82.931
9/30/19 14:14,66.472,52.7,756.2,82.931
9/30/19 14:14,66.472,52.7,756.2,82.931
9/30/19 14:14,66.515,52.8,758.7,82.931
9/30/19 14:14,66.472,52.8,758.7,82.931
9/30/19 14:14,66.515,52.9,758.7,82.931
9/30/19 14:14,66.515,52.9,758.7,82.931
9/30/19 14:14,66.515,53,761.2,82.931
9/30/19 14:14,66.515,52.9,761.2,82.931
9/30/19 14:14,66.515,52.9,761.2,82.931
9/30/19 14:14,66.515,52.8,761.2,82.931
9/30/19 14:14,66.515,52.7,761.2,82.931
9/30/19 14:15,66.515,52.7,763.7,82.931
9/30/19 14:15,66.515,52.7,763.7,82.931
9/30/19 14:15,66.515,52.7,763.7,82.931
9/30/19 14:15,66.515,52.8,763.7,82.931
9/30/19 14:15,66.515,52.9,763.7,82.931
9/30/19 14:15,66.515,53,766.2,82.931
9/30/19 14:15,66.558,53,766.2,82.931
9/30/19 14:15,66.558,53,766.2,82.931
9/30/19 14:15,66.558,52.9,766.2,82.931
9/30/19 14:15,66.558,52.8,768.7,82.931
9/30/19 14:15,66.558,52.8,768.7,82.931
9/30/19 14:15,66.558,52.8,768.7,82.931
9/30/19 14:15,66.558,52.7,771.2,82.931
9/30/19 14:15,66.558,52.6,771.2,82.931
9/30/19 14:15,66.558,52.5,771.2,82.931
9/30/19 14:15,66.558,52.4,773.7,82.931
9/30/19 14:15,66.558,52.4,773.7,82.931
9/30/19 14:15,66.558,52.3,776.2,82.931
9/30/19 14:15,66.558,52.3,778.7,82.931
9/30/19 14:15,66.558,52.3,781.2,82.931
9/30/19 14:15,66.558,52.3,783.7,82.931
9/30/19 14:15,66.558,52.3,786.2,82.931
9/30/19 14:15,66.558,52.2,786.2,82.931
9/30/19 14:15,66.558,52.2,788.7,82.931
9/30/19 14:15,66.558,52.2,786.2,82.931
9/30/19 14:15,66.558,52.2,786.2,82.931
9/30/19 14:15,66.558,52.2,783.7,82.931
9/30/19 14:15,66.558,52.3,783.7,82.931
9/30/19 14:15,66.558,52.4,783.7,82.931
9/30/19 14:15,66.558,52.4,783.7,82.931
9/30/19 14:15,66.6,52.5,783.7,82.931
9/30/19 14:15,66.558,52.6,781.2,82.931
9/30/19 14:15,66.6,52.7,781.2,82.931
9/30/19 14:15,66.6,52.7,781.2,82.931
9/30/19 14:15,66.6,52.9,781.2,82.931
9/30/19 14:15,66.6,53.1,781.2,82.931
9/30/19 14:15,66.6,53.2,781.2,82.931
9/30/19 14:15,66.6,53.3,781.2,82.931
9/30/19 14:15,66.6,53.3,781.2,82.931
9/30/19 14:15,66.6,53.4,781.2,82.931
9/30/19 14:15,66.6,53.4,781.2,82.931
9/30/19 14:15,66.6,53.5,781.2,82.931
9/30/19 14:15,66.6,53.6,781.2,82.931
9/30/19 14:15,66.6,53.7,781.2,82.931
9/30/19 14:15,66.643,53.7,781.2,82.931
9/30/19 14:15,66.643,53.7,781.2,82.931
9/30/19 14:15,66.643,53.7,781.2,82.931
9/30/19 14:15,66.643,53.6,783.7,82.931
9/30/19 14:15,66.643,53.6,783.7,82.931
9/30/19 14:15,66.643,53.6,783.7,82.931
9/30/19 14:15,66.643,53.5,783.7,82.931
9/30/19 14:15,66.643,53.5,783.7,82.931
9/30/19 14:15,66.643,53.4,783.7,82.931
9/30/19 14:15,66.643,53.3,786.2,82.931
9/30/19 14:15,66.643,53.4,786.2,82.931
9/30/19 14:15,66.643,53.3,786.2,82.931
9/30/19 14:15,66.686,53.2,786.2,82.931
9/30/19 14:15,66.686,53.2,786.2,82.931
9/30/19 14:15,66.643,53.1,786.2,82.931
9/30/19 14:15,66.643,53,788.7,82.931
9/30/19 14:16,66.643,52.8,788.7,82.931
9/30/19 14:16,66.643,52.8,788.7,82.931
9/30/19 14:16,66.686,52.7,788.7,82.931
9/30/19 14:16,66.686,52.6,788.7,82.931
9/30/19 14:16,66.686,52.5,788.7,82.931
9/30/19 14:16,66.686,52.4,788.7,82.931
9/30/19 14:16,66.643,52.4,788.7,82.931
9/30/19 14:16,66.643,52.4,788.7,82.931
9/30/19 14:16,66.643,52.4,788.7,82.931
9/30/19 14:16,66.686,52.5,788.7,82.931
9/30/19 14:16,66.643,52.5,788.7,82.931
9/30/19 14:16,66.643,52.5,788.7,82.931
9/30/19 14:16,66.643,52.5,788.7,82.931
9/30/19 14:16,66.643,52.6,788.7,82.931
9/30/19 14:16,66.686,52.5,788.7,82.931
9/30/19 14:16,66.643,52.5,791.2,82.931
9/30/19 14:16,66.643,52.5,791.2,82.931
9/30/19 14:16,66.643,52.5,791.2,82.931
9/30/19 14:16,66.643,52.6,791.2,82.931
9/30/19 14:16,66.643,52.6,791.2,82.931
9/30/19 14:16,66.643,52.7,791.2,82.931
9/30/19 14:16,66.686,52.7,793.7,82.931
9/30/19 14:16,66.686,52.7,793.7,82.931
9/30/19 14:16,66.643,52.8,793.7,82.931
9/30/19 14:16,66.686,52.8,793.7,82.931
9/30/19 14:16,66.686,52.7,793.7,82.931
9/30/19 14:16,66.686,52.7,796.2,82.931
9/30/19 14:16,66.686,52.7,796.2,82.931
9/30/19 14:16,66.686,52.7,796.2,82.931
9/30/19 14:16,66.686,52.7,796.2,82.931
9/30/19 14:16,66.686,52.6,796.2,82.931
9/30/19 14:16,66.686,52.6,798.7,82.931
9/30/19 14:16,66.686,52.6,798.7,82.931
9/30/19 14:16,66.686,52.5,798.7,82.931
9/30/19 14:16,66.686,52.4,801.2,82.931
9/30/19 14:16,66.686,52.3,801.2,82.931
9/30/19 14:16,66.686,52.3,801.2,82.931
9/30/19 14:16,66.686,52.2,801.2,82.931
9/30/19 14:16,66.686,52.2,801.2,82.931
9/30/19 14:16,66.686,52.2,801.2,82.931
9/30/19 14:16,66.686,52.2,803.7,82.931
9/30/19 14:16,66.686,52.1,803.7,82.931
9/30/19 14:16,66.686,52.1,803.7,82.931
9/30/19 14:16,66.686,52.1,806.2,82.931
9/30/19 14:16,66.686,52.1,806.2,82.931
9/30/19 14:16,66.686,52.1,806.2,82.931
9/30/19 14:16,66.686,52.1,808.7,82.931
9/30/19 14:16,66.686,52.1,811.2,82.931
9/30/19 14:16,66.686,52.1,811.2,82.931
9/30/19 14:16,66.686,52.2,813.7,82.931
9/30/19 14:16,66.686,52.2,816.2,82.931
9/30/19 14:16,66.686,52.2,818.7,82.931
9/30/19 14:16,66.686,52.2,818.7,82.931
9/30/19 14:16,66.686,52.2,821.2,82.931
9/30/19 14:16,66.686,52.2,821.2,82.931
9/30/19 14:16,66.686,52.2,823.7,82.931
9/30/19 14:16,66.686,52.2,823.7,82.931
9/30/19 14:16,66.686,52.2,823.7,82.931
9/30/19 14:16,66.686,52.2,821.2,82.931
9/30/19 14:16,66.686,52.2,821.2,82.931
9/30/19 14:17,66.686,52.3,821.2,82.931
9/30/19 14:17,66.686,52.3,821.2,82.931
9/30/19 14:17,66.686,52.3,821.2,82.931
9/30/19 14:17,66.729,52.3,821.2,82.931
9/30/19 14:17,66.686,52.3,821.2,82.931
9/30/19 14:17,66.729,52.3,821.2,82.931
9/30/19 14:17,66.729,52.3,821.2,82.931
9/30/19 14:17,66.729,52.3,821.2,82.931
9/30/19 14:17,66.729,52.3,821.2,82.931
9/30/19 14:17,66.729,52.3,821.2,82.931
9/30/19 14:17,66.729,52.3,821.2,82.931
9/30/19 14:17,66.729,52.3,823.7,82.931
9/30/19 14:17,66.729,52.4,823.7,82.931
9/30/19 14:17,66.729,52.5,823.7,82.931
9/30/19 14:17,66.729,52.5,823.7,82.931
9/30/19 14:17,66.729,52.6,823.7,82.931
9/30/19 14:17,66.729,52.6,826.2,82.931
9/30/19 14:17,66.729,52.7,826.2,82.931
9/30/19 14:17,66.729,52.7,826.2,82.931
9/30/19 14:17,66.729,52.7,826.2,82.931
9/30/19 14:17,66.729,52.8,826.2,82.931
9/30/19 14:17,66.772,52.8,826.2,82.931
9/30/19 14:17,66.729,52.9,826.2,82.931
9/30/19 14:17,66.772,52.8,826.2,82.931
9/30/19 14:17,66.772,52.8,826.2,82.931
9/30/19 14:17,66.772,52.8,823.7,82.931
9/30/19 14:17,66.772,52.7,823.7,82.931
9/30/19 14:17,66.772,52.7,823.7,82.931
9/30/19 14:17,66.772,52.7,823.7,82.931
9/30/19 14:17,66.772,52.7,823.7,82.931
9/30/19 14:17,66.772,52.8,821.2,82.931
9/30/19 14:17,66.772,52.8,821.2,82.931
9/30/19 14:17,66.772,52.8,821.2,82.931
9/30/19 14:17,66.772,52.8,821.2,82.931
9/30/19 14:17,66.772,52.8,821.2,82.931
9/30/19 14:17,66.772,52.8,821.2,82.931
9/30/19 14:17,66.772,52.8,821.2,82.931
9/30/19 14:17,66.814,52.8,821.2,82.931
9/30/19 14:17,66.772,52.8,821.2,82.931
9/30/19 14:17,66.814,52.8,818.7,82.931
9/30/19 14:17,66.814,52.8,818.7,82.931
9/30/19 14:17,66.814,52.8,818.7,82.931
9/30/19 14:17,66.814,52.8,818.7,82.931
9/30/19 14:17,66.814,52.8,818.7,82.931
9/30/19 14:17,66.814,52.7,818.7,82.931
9/30/19 14:17,66.814,52.7,818.7,82.931
9/30/19 14:17,66.814,52.7,818.7,82.931
9/30/19 14:17,66.814,52.7,816.2,82.931
9/30/19 14:17,66.814,52.8,816.2,82.931
9/30/19 14:17,66.814,52.8,816.2,82.931
9/30/19 14:17,66.857,52.9,816.2,82.931
9/30/19 14:17,66.814,52.8,816.2,82.931
9/30/19 14:17,66.857,52.9,816.2,82.931
9/30/19 14:17,66.857,52.9,816.2,82.931
9/30/19 14:17,66.857,53,816.2,82.931
9/30/19 14:17,66.857,53.1,816.2,82.931
9/30/19 14:17,66.857,53.2,816.2,82.931
9/30/19 14:17,66.857,53.3,816.2,82.931
9/30/19 14:17,66.857,53.2,816.2,82.931
9/30/19 14:17,66.857,53.3,816.2,82.931
9/30/19 14:18,66.857,53.3,816.2,82.931
9/30/19 14:18,66.9,53.4,816.2,82.931
9/30/19 14:18,66.9,53.4,816.2,82.931
9/30/19 14:18,66.9,53.3,816.2,82.931
9/30/19 14:18,66.9,53.4,816.2,82.931
9/30/19 14:18,66.9,53.5,816.2,82.931
9/30/19 14:18,66.9,53.5,816.2,82.931
9/30/19 14:18,66.9,53.5,816.2,82.976
9/30/19 14:18,66.9,53.5,816.2,82.976
9/30/19 14:18,66.943,53.4,816.2,82.976
9/30/19 14:18,66.943,53.4,816.2,82.976
9/30/19 14:18,66.943,53.4,816.2,82.976
9/30/19 14:18,66.943,53.4,816.2,82.976
9/30/19 14:18,66.943,53.5,816.2,82.976
9/30/19 14:18,66.943,53.4,818.7,82.976
9/30/19 14:18,66.943,53.4,818.7,82.976
9/30/19 14:18,66.943,53.3,818.7,82.976
9/30/19 14:18,66.943,53.3,818.7,82.976
9/30/19 14:18,66.985,53.3,818.7,82.976
9/30/19 14:18,66.985,53.4,818.7,82.976
9/30/19 14:18,66.985,53.3,818.7,82.976
9/30/19 14:18,66.985,53.3,818.7,82.976
9/30/19 14:18,66.985,53.4,818.7,82.976
9/30/19 14:18,66.985,53.4,818.7,82.976
9/30/19 14:18,66.985,53.4,818.7,82.976
9/30/19 14:18,66.985,53.4,818.7,82.976
9/30/19 14:18,66.985,53.4,818.7,82.976
9/30/19 14:18,67.028,53.5,818.7,82.976
9/30/19 14:18,66.985,53.6,821.2,82.976
9/30/19 14:18,67.028,53.7,821.2,82.976
9/30/19 14:18,67.028,53.7,821.2,82.976
9/30/19 14:18,67.028,53.7,818.7,82.976
9/30/19 14:18,67.028,53.7,818.7,82.976
9/30/19 14:18,67.028,53.7,818.7,82.976
9/30/19 14:18,67.028,53.7,818.7,82.976
9/30/19 14:18,67.071,53.7,818.7,82.976
9/30/19 14:18,67.071,53.7,816.2,82.976
9/30/19 14:18,67.071,53.8,816.2,82.976
9/30/19 14:18,67.071,53.8,816.2,82.976
9/30/19 14:18,67.071,53.8,813.7,82.976
9/30/19 14:18,67.071,53.8,813.7,82.976
9/30/19 14:18,67.114,53.8,813.7,82.976
9/30/19 14:18,67.114,53.8,813.7,82.976
9/30/19 14:18,67.114,53.8,813.7,83.021
9/30/19 14:18,67.114,53.8,813.7,82.976
9/30/19 14:18,67.114,53.8,813.7,82.976
9/30/19 14:18,67.114,53.8,813.7,83.021
9/30/19 14:18,67.114,53.9,813.7,83.021
9/30/19 14:18,67.114,53.9,813.7,83.021
9/30/19 14:18,67.158,53.9,813.7,83.021
9/30/19 14:18,67.158,54,813.7,82.976
9/30/19 14:18,67.158,54,816.2,83.021
9/30/19 14:18,67.158,54,816.2,83.021
9/30/19 14:18,67.158,54,818.7,83.021
9/30/19 14:18,67.158,53.9,818.7,83.021
9/30/19 14:18,67.158,53.9,818.7,83.021
9/30/19 14:18,67.158,53.8,821.2,83.021
9/30/19 14:18,67.158,53.8,821.2,83.021
9/30/19 14:18,67.158,53.7,821.2,83.021
9/30/19 14:18,67.158,53.6,823.7,83.021
9/30/19 14:19,67.158,53.5,823.7,83.021
9/30/19 14:19,67.158,53.4,826.2,83.021
9/30/19 14:19,67.158,53.3,823.7,83.021
9/30/19 14:19,67.158,53.2,823.7,83.021
9/30/19 14:19,67.158,53.1,823.7,83.021
9/30/19 14:19,67.158,53,821.2,83.021
9/30/19 14:19,67.158,53,818.7,83.021
9/30/19 14:19,67.158,53,818.7,83.021
9/30/19 14:19,67.158,53,816.2,83.021
9/30/19 14:19,67.158,53.1,816.2,83.021
9/30/19 14:19,67.158,53.2,816.2,83.021
9/30/19 14:19,67.158,53.2,813.7,83.021
9/30/19 14:19,67.158,53.3,813.7,83.021
9/30/19 14:19,67.158,53.3,813.7,83.021
9/30/19 14:19,67.158,53.3,813.7,83.021
9/30/19 14:19,67.158,53.3,813.7,83.021
9/30/19 14:19,67.158,53.2,813.7,83.021
9/30/19 14:19,67.158,53.2,813.7,83.021
9/30/19 14:19,67.158,53.1,813.7,83.021
9/30/19 14:19,67.158,53,813.7,83.021
9/30/19 14:19,67.158,52.8,813.7,83.021
9/30/19 14:19,67.158,52.8,813.7,83.021
9/30/19 14:19,67.158,52.7,813.7,83.021
9/30/19 14:19,67.158,52.6,813.7,83.021
9/30/19 14:19,67.158,52.4,813.7,83.021
9/30/19 14:19,67.158,52.3,813.7,83.021
9/30/19 14:19,67.158,52.2,813.7,83.021
9/30/19 14:19,67.158,52.2,813.7,83.021
9/30/19 14:19,67.114,52.1,813.7,83.021
9/30/19 14:19,67.114,52,813.7,83.021
9/30/19 14:19,67.114,51.9,813.7,83.064
9/30/19 14:19,67.114,51.9,813.7,83.021
9/30/19 14:19,67.114,51.8,813.7,83.064
9/30/19 14:19,67.114,51.7,813.7,83.064
9/30/19 14:19,67.114,51.7,813.7,83.064
9/30/19 14:19,67.114,51.6,813.7,83.064
9/30/19 14:19,67.114,51.6,813.7,83.064
9/30/19 14:19,67.114,51.6,813.7,83.064
9/30/19 14:19,67.114,51.6,813.7,83.064
9/30/19 14:19,67.071,51.6,813.7,83.064
9/30/19 14:19,67.071,51.6,813.7,83.064
9/30/19 14:19,67.071,51.6,813.7,83.064
9/30/19 14:19,67.071,51.6,813.7,83.064
9/30/19 14:19,67.071,51.6,813.7,83.064
9/30/19 14:19,67.071,51.6,813.7,83.064
9/30/19 14:19,67.071,51.7,813.7,83.064
9/30/19 14:19,67.071,51.8,816.2,83.064
9/30/19 14:19,67.071,51.9,816.2,83.064
9/30/19 14:19,67.071,51.9,816.2,83.064
9/30/19 14:19,67.071,51.9,816.2,83.064
9/30/19 14:19,67.071,51.9,816.2,83.064
9/30/19 14:19,67.071,51.9,816.2,83.064
9/30/19 14:19,67.071,51.9,816.2,83.064
9/30/19 14:19,67.071,51.8,818.7,83.064
9/30/19 14:19,67.071,51.8,818.7,83.064
9/30/19 14:19,67.071,51.7,818.7,83.064
9/30/19 14:19,67.071,51.7,818.7,83.064
9/30/19 14:19,67.071,51.7,818.7,83.064
9/30/19 14:19,67.028,51.7,818.7,83.064
9/30/19 14:19,67.071,51.7,821.2,83.064
9/30/19 14:20,67.028,51.7,821.2,83.064
9/30/19 14:20,67.028,51.7,821.2,83.064
9/30/19 14:20,67.028,51.8,823.7,83.064
9/30/19 14:20,67.071,51.8,823.7,83.064
9/30/19 14:20,67.071,51.9,823.7,83.064
9/30/19 14:20,67.028,51.9,826.2,83.064
9/30/19 14:20,67.028,51.9,826.2,83.064
9/30/19 14:20,67.028,51.9,828.7,83.109
9/30/19 14:20,67.071,52,831.2,83.064
9/30/19 14:20,67.028,52,831.2,83.064
9/30/19 14:20,67.071,52.1,833.7,83.109
9/30/19 14:20,67.071,52.1,836.2,83.064
9/30/19 14:20,67.071,52.2,838.7,83.064
9/30/19 14:20,67.071,52.3,838.7,83.064
9/30/19 14:20,67.071,52.3,841.2,83.109
9/30/19 14:20,67.071,52.5,843.7,83.064
9/30/19 14:20,67.071,52.6,843.7,83.064
9/30/19 14:20,67.071,52.8,846.2,83.109
9/30/19 14:20,67.071,52.8,846.2,83.109
9/30/19 14:20,67.071,52.9,848.7,83.109
9/30/19 14:20,67.071,53,848.7,83.109
9/30/19 14:20,67.071,53.1,848.7,83.109
9/30/19 14:20,67.114,53.2,848.7,83.109
9/30/19 14:20,67.114,53.3,848.7,83.109
9/30/19 14:20,67.114,53.5,846.2,83.109
9/30/19 14:20,67.114,53.5,846.2,83.109
9/30/19 14:20,67.114,53.6,846.2,83.109
9/30/19 14:20,67.114,53.7,843.7,83.109
9/30/19 14:20,67.114,53.9,843.7,83.109
9/30/19 14:20,67.158,54,841.2,83.109
9/30/19 14:20,67.158,54.1,841.2,83.109
9/30/19 14:20,67.158,54.2,838.7,83.109
9/30/19 14:20,67.158,54.4,838.7,83.109
9/30/19 14:20,67.158,54.6,836.2,83.109
9/30/19 14:20,67.158,54.6,833.7,83.109
9/30/19 14:20,67.158,54.7,833.7,83.109
9/30/19 14:20,67.199,54.6,831.2,83.109
9/30/19 14:20,67.199,54.6,831.2,83.109
9/30/19 14:20,67.199,54.5,828.7,83.109
9/30/19 14:20,67.199,54.3,828.7,83.109
9/30/19 14:20,67.199,54.1,828.7,83.109
9/30/19 14:20,67.199,54,826.2,83.109
9/30/19 14:20,67.199,53.9,826.2,83.109
9/30/19 14:20,67.199,53.8,826.2,83.109
9/30/19 14:20,67.199,53.8,826.2,83.109
9/30/19 14:20,67.199,53.8,826.2,83.109
9/30/19 14:20,67.199,53.8,826.2,83.109
9/30/19 14:20,67.242,53.7,826.2,83.109
9/30/19 14:20,67.242,53.6,826.2,83.109
9/30/19 14:20,67.242,53.5,826.2,83.109
9/30/19 14:20,67.242,53.4,826.2,83.109
9/30/19 14:20,67.242,53.4,826.2,83.109
9/30/19 14:20,67.242,53.3,826.2,83.109
9/30/19 14:20,67.242,53.2,826.2,83.109
9/30/19 14:20,67.242,53.1,826.2,83.109
9/30/19 14:20,67.242,53,826.2,83.109
9/30/19 14:20,67.199,52.9,826.2,83.109
9/30/19 14:20,67.242,52.8,826.2,83.109
9/30/19 14:20,67.242,52.9,826.2,83.109
9/30/19 14:20,67.242,52.8,826.2,83.109
9/30/19 14:21,67.199,52.7,826.2,83.109
9/30/19 14:21,67.242,52.7,826.2,83.109
9/30/19 14:21,67.199,52.7,828.7,83.109
9/30/19 14:21,67.199,52.8,828.7,83.109
9/30/19 14:21,67.199,52.9,828.7,83.109
9/30/19 14:21,67.199,52.9,828.7,83.109
9/30/19 14:21,67.199,53.1,828.7,83.109
9/30/19 14:21,67.199,53.2,828.7,83.109
9/30/19 14:21,67.199,53.4,828.7,83.109
9/30/19 14:21,67.199,53.5,828.7,83.109
9/30/19 14:21,67.199,53.5,828.7,83.109
9/30/19 14:21,67.199,53.6,828.7,83.109
9/30/19 14:21,67.242,53.7,828.7,83.109
9/30/19 14:21,67.242,53.9,828.7,83.109
9/30/19 14:21,67.242,54,828.7,83.109
9/30/19 14:21,67.242,54.1,828.7,83.109
9/30/19 14:21,67.242,54.3,828.7,83.109
9/30/19 14:21,67.242,54.4,828.7,83.109
9/30/19 14:21,67.242,54.4,828.7,83.109
9/30/19 14:21,67.242,54.5,828.7,83.109
9/30/19 14:21,67.242,54.5,828.7,83.109
9/30/19 14:21,67.242,54.5,828.7,83.109
9/30/19 14:21,67.242,54.4,828.7,83.109
9/30/19 14:21,67.285,54.4,828.7,83.109
9/30/19 14:21,67.285,54.4,828.7,83.109
9/30/19 14:21,67.285,54.4,828.7,83.109
9/30/19 14:21,67.285,54.3,828.7,83.109
9/30/19 14:21,67.285,54.2,828.7,83.109
9/30/19 14:21,67.285,54.2,828.7,83.109
9/30/19 14:21,67.285,54.2,828.7,83.109
9/30/19 14:21,67.285,54.2,828.7,83.109
9/30/19 14:21,67.285,54.2,828.7,83.109
9/30/19 14:21,67.285,54.2,828.7,83.109
9/30/19 14:21,67.285,54.3,828.7,83.109
9/30/19 14:21,67.285,54.3,828.7,83.109
9/30/19 14:21,67.285,54.4,828.7,83.109
9/30/19 14:21,67.285,54.4,828.7,83.109
9/30/19 14:21,67.285,54.5,828.7,83.109
9/30/19 14:21,67.285,54.5,828.7,83.109
9/30/19 14:21,67.329,54.5,828.7,83.109
9/30/19 14:21,67.329,54.6,828.7,83.109
9/30/19 14:21,67.329,54.5,828.7,83.109
9/30/19 14:21,67.329,54.6,828.7,83.109
9/30/19 14:21,67.329,54.7,828.7,83.109
9/30/19 14:21,67.329,54.6,828.7,83.109
9/30/19 14:21,67.329,54.6,831.2,83.109
9/30/19 14:21,67.329,54.5,831.2,83.109
9/30/19 14:21,67.329,54.6,831.2,83.109
9/30/19 14:21,67.329,54.5,831.2,83.109
9/30/19 14:21,67.329,54.5,831.2,83.109
9/30/19 14:21,67.372,54.4,831.2,83.109
9/30/19 14:21,67.372,54.3,833.7,83.109
9/30/19 14:21,67.329,54.2,833.7,83.109
9/30/19 14:21,67.372,54.2,833.7,83.109
9/30/19 14:21,67.372,54.1,833.7,83.109
9/30/19 14:21,67.372,54.1,836.2,83.109
9/30/19 14:21,67.372,54.1,836.2,83.109
9/30/19 14:21,67.372,54.1,838.7,83.109
9/30/19 14:21,67.372,54.1,838.7,83.109
9/30/19 14:21,67.372,54.1,841.2,83.109
9/30/19 14:22,67.372,54.1,841.2,83.109
9/30/19 14:22,67.372,54,841.2,83.109
9/30/19 14:22,67.372,54,843.7,83.109
9/30/19 14:22,67.372,53.9,846.2,83.109
9/30/19 14:22,67.372,53.8,846.2,83.109
9/30/19 14:22,67.372,53.8,848.7,83.109
9/30/19 14:22,67.372,53.7,851.2,83.109
9/30/19 14:22,67.372,53.7,851.2,83.109
9/30/19 14:22,67.372,53.6,853.7,83.109
9/30/19 14:22,67.372,53.6,856.2,83.109
9/30/19 14:22,67.372,53.6,858.7,83.109
9/30/19 14:22,67.372,53.5,858.7,83.109
9/30/19 14:22,67.372,53.5,861.2,83.109
9/30/19 14:22,67.372,53.5,863.7,83.109
9/30/19 14:22,67.372,53.4,866.2,83.109
9/30/19 14:22,67.372,53.4,868.7,83.109
9/30/19 14:22,67.372,53.4,871.2,83.109
9/30/19 14:22,67.372,53.3,873.7,83.109
9/30/19 14:22,67.329,53.4,878.7,83.109
9/30/19 14:22,67.329,53.5,881.2,83.109
9/30/19 14:22,67.329,53.5,886.2,83.109
9/30/19 14:22,67.372,53.6,888.7,83.109
9/30/19 14:22,67.329,53.7,893.7,83.109
9/30/19 14:22,67.329,53.8,898.7,83.109
9/30/19 14:22,67.329,53.8,901.2,83.109
9/30/19 14:22,67.372,53.9,906.2,83.109
9/30/19 14:22,67.372,53.9,913.7,83.109
9/30/19 14:22,67.372,53.9,921.2,83.109
9/30/19 14:22,67.329,54,928.7,83.109
9/30/19 14:22,67.372,54,936.2,83.109
9/30/19 14:22,67.372,54,941.2,83.109
9/30/19 14:22,67.372,54.1,946.2,83.109
9/30/19 14:22,67.372,54.2,951.2,83.109
9/30/19 14:22,67.372,54.2,958.7,83.109
9/30/19 14:22,67.372,54.3,966.2,83.109
9/30/19 14:22,67.372,54.4,973.7,83.109
9/30/19 14:22,67.372,54.4,978.7,83.109
9/30/19 14:22,67.372,54.5,986.2,83.109
9/30/19 14:22,67.372,54.5,996.2,83.109
9/30/19 14:22,67.372,54.4,1008.7,83.109
9/30/19 14:22,67.372,54.4,1018.7,83.109
9/30/19 14:22,67.372,54.2,1033.7,83.109
9/30/19 14:22,67.372,54.2,1048.7,83.109
9/30/19 14:22,67.372,54,1063.7,83.109
9/30/19 14:22,67.413,54,1073.7,83.109
9/30/19 14:22,67.413,53.9,1078.7,83.109
9/30/19 14:22,67.413,53.8,1086.2,83.109
9/30/19 14:22,67.372,53.8,1096.2,83.109
9/30/19 14:22,67.413,53.6,1111.2,83.109
9/30/19 14:22,67.413,53.5,1121.2,83.109
9/30/19 14:22,67.413,53.4,1113.7,83.109
9/30/19 14:22,67.413,53.5,1091.2,83.109
9/30/19 14:22,67.413,53.3,1053.7,83.109
9/30/19 14:22,67.413,53.3,1011.2,83.109
9/30/19 14:22,67.413,53.2,971.2,83.109
9/30/19 14:22,67.413,53.1,941.2,83.109
9/30/19 14:22,67.413,53,921.2,83.109
9/30/19 14:22,67.413,53,911.2,83.109
9/30/19 14:22,67.413,53,903.7,83.109
9/30/19 14:22,67.413,53,898.7,83.109
9/30/19 14:23,67.413,53,893.7,83.109
9/30/19 14:23,67.413,53.1,888.7,83.109
9/30/19 14:23,67.413,53.2,883.7,83.109
9/30/19 14:23,67.413,53.2,881.2,83.109
9/30/19 14:23,67.413,53.3,878.7,83.109
9/30/19 14:23,67.413,53.5,876.2,83.109
9/30/19 14:23,67.413,53.5,873.7,83.109
9/30/19 14:23,67.413,53.6,873.7,83.109
9/30/19 14:23,67.413,53.7,871.2,83.109
9/30/19 14:23,67.413,53.8,871.2,83.109
9/30/19 14:23,67.413,53.9,868.7,83.109
9/30/19 14:23,67.413,53.9,868.7,83.154
9/30/19 14:23,67.413,53.8,868.7,83.109
9/30/19 14:23,67.413,53.7,868.7,83.109
9/30/19 14:23,67.413,53.6,868.7,83.109
9/30/19 14:23,67.456,53.5,868.7,83.154
9/30/19 14:23,67.456,53.5,868.7,83.109
9/30/19 14:23,67.456,53.4,868.7,83.154
9/30/19 14:23,67.413,53.3,868.7,83.109
9/30/19 14:23,67.413,53.3,868.7,83.154
9/30/19 14:23,67.456,53.2,868.7,83.154
9/30/19 14:23,67.456,53.2,868.7,83.154
9/30/19 14:23,67.413,53.2,868.7,83.154
9/30/19 14:23,67.456,53.2,868.7,83.154
9/30/19 14:23,67.413,53.1,868.7,83.154
9/30/19 14:23,67.456,53.1,868.7,83.154
9/30/19 14:23,67.456,53,868.7,83.154
9/30/19 14:23,67.456,53,868.7,83.154
9/30/19 14:23,67.456,52.9,868.7,83.154
9/30/19 14:23,67.456,52.8,868.7,83.154
9/30/19 14:23,67.456,52.9,868.7,83.154
9/30/19 14:23,67.456,52.8,871.2,83.154
9/30/19 14:23,67.456,52.6,871.2,83.154
9/30/19 14:23,67.456,52.6,871.2,83.154
9/30/19 14:23,67.413,52.6,871.2,83.154
9/30/19 14:23,67.413,52.5,871.2,83.154
9/30/19 14:23,67.456,52.5,871.2,83.154
9/30/19 14:23,67.413,52.5,871.2,83.154
9/30/19 14:23,67.456,52.5,873.7,83.154
9/30/19 14:23,67.456,52.5,873.7,83.154
9/30/19 14:23,67.413,52.5,873.7,83.154
9/30/19 14:23,67.413,52.6,876.2,83.154
9/30/19 14:23,67.413,52.6,876.2,83.154
9/30/19 14:23,67.456,52.6,876.2,83.154
9/30/19 14:23,67.413,52.6,876.2,83.154
9/30/19 14:23,67.413,52.6,876.2,83.154
9/30/19 14:23,67.413,52.6,878.7,83.154
9/30/19 14:23,67.413,52.6,878.7,83.154
9/30/19 14:23,67.413,52.6,878.7,83.154
9/30/19 14:23,67.413,52.6,878.7,83.154
9/30/19 14:23,67.413,52.6,878.7,83.154
9/30/19 14:23,67.413,52.7,878.7,83.154
9/30/19 14:23,67.413,52.7,881.2,83.154
9/30/19 14:23,67.413,52.8,881.2,83.154
9/30/19 14:23,67.413,52.9,881.2,83.154
9/30/19 14:23,67.456,52.9,881.2,83.199
9/30/19 14:23,67.456,52.8,881.2,83.154
9/30/19 14:23,67.413,52.9,883.7,83.154
9/30/19 14:23,67.456,52.9,883.7,83.199
9/30/19 14:23,67.456,53,883.7,83.154
9/30/19 14:24,67.456,53,883.7,83.154
9/30/19 14:24,67.456,53,883.7,83.199
9/30/19 14:24,67.456,53,886.2,83.199
9/30/19 14:24,67.456,53,886.2,83.199
9/30/19 14:24,67.456,53,886.2,83.199
9/30/19 14:24,67.456,53,886.2,83.199
9/30/19 14:24,67.456,53,886.2,83.199
9/30/19 14:24,67.456,53,888.7,83.199
9/30/19 14:24,67.456,53,888.7,83.199
9/30/19 14:24,67.456,53,888.7,83.199
9/30/19 14:24,67.456,53,888.7,83.199
9/30/19 14:24,67.456,53,888.7,83.199
9/30/19 14:24,67.5,53,891.2,83.199
9/30/19 14:24,67.456,53,891.2,83.199
9/30/19 14:24,67.456,53,891.2,83.199
9/30/19 14:24,67.456,53.2,893.7,83.199
9/30/19 14:24,67.5,53.2,893.7,83.199
9/30/19 14:24,67.5,53.3,893.7,83.199
9/30/19 14:24,67.5,53.3,896.2,83.199
9/30/19 14:24,67.5,53.3,896.2,83.199
9/30/19 14:24,67.5,53.3,896.2,83.199
9/30/19 14:24,67.5,53.3,898.7,83.199
9/30/19 14:24,67.5,53.3,898.7,83.199
9/30/19 14:24,67.5,53.3,898.7,83.199
9/30/19 14:24,67.5,53.3,901.2,83.199
9/30/19 14:24,67.5,53.2,901.2,83.199
9/30/19 14:24,67.5,53.1,901.2,83.199
9/30/19 14:24,67.5,53,903.7,83.199
9/30/19 14:24,67.5,53,903.7,83.199
9/30/19 14:24,67.5,53,906.2,83.199
9/30/19 14:24,67.456,53,906.2,83.199
9/30/19 14:24,67.5,53,908.7,83.199
9/30/19 14:24,67.456,53,908.7,83.199
9/30/19 14:24,67.456,53,908.7,83.199
9/30/19 14:24,67.456,52.9,911.2,83.199
9/30/19 14:24,67.456,52.9,913.7,83.199
9/30/19 14:24,67.456,52.8,913.7,83.199
9/30/19 14:24,67.456,52.8,916.2,83.199
9/30/19 14:24,67.456,52.9,918.7,83.199
9/30/19 14:24,67.456,52.9,918.7,83.199
9/30/19 14:24,67.456,52.9,921.2,83.199
9/30/19 14:24,67.456,52.9,921.2,83.199
9/30/19 14:24,67.456,52.9,923.7,83.242
9/30/19 14:24,67.456,52.9,923.7,83.199
9/30/19 14:24,67.456,52.9,926.2,83.199
9/30/19 14:24,67.456,52.9,926.2,83.242
9/30/19 14:24,67.456,53,928.7,83.242
9/30/19 14:24,67.456,53,931.2,83.199
9/30/19 14:24,67.456,53,933.7,83.199
9/30/19 14:24,67.456,53,936.2,83.199
9/30/19 14:24,67.456,53.1,936.2,83.199
9/30/19 14:24,67.456,53.2,938.7,83.199
9/30/19 14:24,67.456,53.1,941.2,83.199
9/30/19 14:24,67.456,53.1,941.2,83.242
9/30/19 14:24,67.456,53.1,943.7,83.242
9/30/19 14:24,67.456,53,946.2,83.242
9/30/19 14:24,67.456,53,948.7,83.242
9/30/19 14:24,67.456,52.9,953.7,83.242
9/30/19 14:24,67.456,52.9,956.2,83.242
9/30/19 14:24,67.456,52.9,958.7,83.242
9/30/19 14:25,67.456,52.8,963.7,83.242
9/30/19 14:25,67.456,52.8,966.2,83.242
9/30/19 14:25,67.456,52.7,971.2,83.242
9/30/19 14:25,67.456,52.6,976.2,83.242
9/30/19 14:25,67.456,52.5,981.2,83.242
9/30/19 14:25,67.456,52.4,983.7,83.242
9/30/19 14:25,67.456,52.3,988.7,83.242
9/30/19 14:25,67.413,52.3,993.7,83.242
9/30/19 14:25,67.413,52.2,998.7,83.242
9/30/19 14:25,67.413,52.3,1008.7,83.242
9/30/19 14:25,67.413,52.3,1018.7,83.242
9/30/19 14:25,67.413,52.4,1031.2,83.242
9/30/19 14:25,67.413,52.5,1046.2,83.242
9/30/19 14:25,67.413,52.6,1061.2,83.242
9/30/19 14:25,67.413,52.8,1083.7,83.242
9/30/19 14:25,67.413,52.8,1111.2,83.242
9/30/19 14:25,67.413,52.9,1141.2,83.242
9/30/19 14:25,67.413,52.9,1168.7,83.242
9/30/19 14:25,67.413,52.8,1186.2,83.242
9/30/19 14:25,67.413,52.8,1188.7,83.242
9/30/19 14:25,67.413,52.9,1173.7,83.242
9/30/19 14:25,67.413,52.9,1156.2,83.242
9/30/19 14:25,67.413,52.9,1136.2,83.242
9/30/19 14:25,67.413,52.8,1121.2,83.242
9/30/19 14:25,67.413,52.9,1111.2,83.242
9/30/19 14:25,67.413,52.9,1103.7,83.242
9/30/19 14:25,67.413,53,1101.2,83.242
9/30/19 14:25,67.413,53,1098.7,83.242
9/30/19 14:25,67.413,53,1098.7,83.242
9/30/19 14:25,67.413,53.1,1101.2,83.242
9/30/19 14:25,67.413,53.2,1103.7,83.242
9/30/19 14:25,67.413,53.2,1106.2,83.242
9/30/19 14:25,67.413,53.2,1108.7,83.242
9/30/19 14:25,67.413,53.2,1111.2,83.242
9/30/19 14:25,67.413,53.2,1113.7,83.242
9/30/19 14:25,67.413,53.1,1116.2,83.287
9/30/19 14:25,67.413,53,1118.7,83.242
9/30/19 14:25,67.456,53,1118.7,83.242
9/30/19 14:25,67.456,52.9,1116.2,83.287
9/30/19 14:25,67.456,52.8,1116.2,83.242
9/30/19 14:25,67.456,52.9,1118.7,83.287
9/30/19 14:25,67.456,52.9,1118.7,83.242
9/30/19 14:25,67.456,52.9,1123.7,83.287
9/30/19 14:25,67.456,52.9,1128.7,83.287
9/30/19 14:25,67.456,52.8,1133.7,83.287
9/30/19 14:25,67.456,52.8,1138.7,83.287
9/30/19 14:25,67.456,53,1141.2,83.287
9/30/19 14:25,67.456,53,1143.7,83.287
9/30/19 14:25,67.456,53.2,1148.7,83.287
9/30/19 14:25,67.456,53.3,1151.2,83.287
9/30/19 14:25,67.456,53.3,1156.2,83.287
9/30/19 14:25,67.456,53.4,1153.7,83.287
9/30/19 14:25,67.456,53.3,1141.2,83.287
9/30/19 14:25,67.456,53.3,1126.2,83.287
9/30/19 14:25,67.5,53.3,1108.7,83.287
9/30/19 14:25,67.5,53.2,1088.7,83.287
9/30/19 14:25,67.5,53.2,1071.2,83.287
9/30/19 14:25,67.5,53.3,1056.2,83.287
9/30/19 14:25,67.5,53.3,1046.2,83.287
9/30/19 14:25,67.5,53.3,1036.2,83.287
9/30/19 14:26,67.5,53.3,1028.7,83.287
9/30/19 14:26,67.5,53.3,1023.7,83.287
9/30/19 14:26,67.5,53.2,1018.7,83.287
9/30/19 14:26,67.543,53.2,1013.7,83.287
9/30/19 14:26,67.543,53.2,1011.2,83.287
9/30/19 14:26,67.543,53.2,1008.7,83.287
9/30/19 14:26,67.543,53.2,1006.2,83.287
9/30/19 14:26,67.543,53.1,1003.7,83.287
9/30/19 14:26,67.543,53,1001.2,83.287
9/30/19 14:26,67.543,53,998.7,83.287
9/30/19 14:26,67.543,52.9,998.7,83.287
9/30/19 14:26,67.543,52.9,996.2,83.287
9/30/19 14:26,67.543,52.8,996.2,83.287
9/30/19 14:26,67.543,52.9,993.7,83.287
9/30/19 14:26,67.586,52.7,993.7,83.287
9/30/19 14:26,67.586,52.7,993.7,83.287
9/30/19 14:26,67.586,52.6,993.7,83.287
9/30/19 14:26,67.586,52.5,993.7,83.332
9/30/19 14:26,67.586,52.5,993.7,83.332
9/30/19 14:26,67.586,52.5,993.7,83.332
9/30/19 14:26,67.586,52.5,993.7,83.332
9/30/19 14:26,67.586,52.6,993.7,83.332
9/30/19 14:26,67.586,52.6,996.2,83.332
9/30/19 14:26,67.586,52.7,996.2,83.287
9/30/19 14:26,67.586,52.7,996.2,83.332
9/30/19 14:26,67.586,52.7,998.7,83.332
9/30/19 14:26,67.586,52.7,1001.2,83.332
9/30/19 14:26,67.586,52.7,1001.2,83.332
9/30/19 14:26,67.586,52.7,1003.7,83.332
9/30/19 14:26,67.586,52.7,1008.7,83.332
9/30/19 14:26,67.627,52.8,1011.2,83.332
9/30/19 14:26,67.627,52.8,1016.2,83.332
9/30/19 14:26,67.627,52.8,1023.7,83.332
9/30/19 14:26,67.627,52.9,1031.2,83.332
9/30/19 14:26,67.627,52.8,1033.7,83.332
9/30/19 14:26,67.627,52.8,1036.2,83.332
9/30/19 14:26,67.627,52.9,1033.7,83.332
9/30/19 14:26,67.627,53,1031.2,83.332
9/30/19 14:26,67.627,53,1028.7,83.332
9/30/19 14:26,67.671,53,1028.7,83.332
9/30/19 14:26,67.671,53,1028.7,83.332
9/30/19 14:26,67.671,53,1026.2,83.332
9/30/19 14:26,67.671,52.9,1023.7,83.332
9/30/19 14:26,67.671,52.8,1021.2,83.332
9/30/19 14:26,67.671,52.8,1018.7,83.332
9/30/19 14:26,67.671,52.7,1016.2,83.332
9/30/19 14:26,67.714,52.6,1013.7,83.332
9/30/19 14:26,67.714,52.6,1013.7,83.332
9/30/19 14:26,67.714,52.5,1011.2,83.377
9/30/19 14:26,67.714,52.5,1008.7,83.377
9/30/19 14:26,67.714,52.4,1008.7,83.377
9/30/19 14:26,67.714,52.4,1006.2,83.377
9/30/19 14:26,67.714,52.4,1006.2,83.377
9/30/19 14:26,67.714,52.4,1003.7,83.377
9/30/19 14:26,67.714,52.4,1003.7,83.377
9/30/19 14:26,67.714,52.3,1003.7,83.377
9/30/19 14:26,67.714,52.2,1003.7,83.377
9/30/19 14:26,67.714,52.2,1003.7,83.377
9/30/19 14:26,67.714,52.2,1003.7,83.377
9/30/19 14:26,67.714,52.2,1003.7,83.377
9/30/19 14:27,67.714,52.2,1003.7,83.377
9/30/19 14:27,67.714,52.2,1003.7,83.377
9/30/19 14:27,67.714,52.2,1003.7,83.377
9/30/19 14:27,67.714,52.2,1003.7,83.377
9/30/19 14:27,67.714,52.1,1003.7,83.377
9/30/19 14:27,67.714,52.1,1003.7,83.377
9/30/19 14:27,67.714,52.1,1003.7,83.377
9/30/19 14:27,67.714,52.1,1001.2,83.377
9/30/19 14:27,67.714,52.1,1001.2,83.377
9/30/19 14:27,67.714,52.1,998.7,83.377
9/30/19 14:27,67.671,52.2,998.7,83.377
9/30/19 14:27,67.671,52.2,996.2,83.377
9/30/19 14:27,67.671,52.1,996.2,83.377
9/30/19 14:27,67.671,52.2,996.2,83.377
9/30/19 14:27,67.671,52.2,996.2,83.377
9/30/19 14:27,67.671,52.2,996.2,83.377
9/30/19 14:27,67.671,52.2,996.2,83.377
9/30/19 14:27,67.671,52.3,996.2,83.377
9/30/19 14:27,67.671,52.3,996.2,83.377
9/30/19 14:27,67.671,52.4,996.2,83.377
9/30/19 14:27,67.671,52.5,996.2,83.377
9/30/19 14:27,67.671,52.6,996.2,83.377
9/30/19 14:27,67.671,52.6,998.7,83.377
9/30/19 14:27,67.671,52.7,998.7,83.377
9/30/19 14:27,67.671,52.8,1001.2,83.377
9/30/19 14:27,67.671,52.8,1003.7,83.377
9/30/19 14:27,67.671,52.9,1003.7,83.377
9/30/19 14:27,67.671,52.9,1008.7,83.377
9/30/19 14:27,67.671,52.9,1011.2,83.377
9/30/19 14:27,67.671,52.8,1013.7,83.377
9/30/19 14:27,67.671,52.7,1016.2,83.377
9/30/19 14:27,67.671,52.6,1018.7,83.377
9/30/19 14:27,67.671,52.5,1018.7,83.377
9/30/19 14:27,67.671,52.3,1018.7,83.422
9/30/19 14:27,67.671,52.3,1018.7,83.422
9/30/19 14:27,67.671,52.3,1018.7,83.377
9/30/19 14:27,67.671,52.3,1021.2,83.422
9/30/19 14:27,67.671,52.3,1021.2,83.422
9/30/19 14:27,67.671,52.3,1021.2,83.377
9/30/19 14:27,67.671,52.3,1018.7,83.377
9/30/19 14:27,67.671,52.2,1016.2,83.422
9/30/19 14:27,67.671,52.3,1013.7,83.422
9/30/19 14:27,67.671,52.3,1008.7,83.422
9/30/19 14:27,67.671,52.3,1006.2,83.422
9/30/19 14:27,67.671,52.3,1001.2,83.377
9/30/19 14:27,67.671,52.3,1001.2,83.422
9/30/19 14:27,67.671,52.2,998.7,83.422
9/30/19 14:27,67.671,52.2,996.2,83.422
9/30/19 14:27,67.671,52.1,993.7,83.377
9/30/19 14:27,67.671,52,993.7,83.377
9/30/19 14:27,67.671,51.9,991.2,83.422
9/30/19 14:27,67.671,51.8,991.2,83.422
9/30/19 14:27,67.671,51.6,991.2,83.377
9/30/19 14:27,67.627,51.6,988.7,83.422
9/30/19 14:27,67.627,51.4,988.7,83.377
9/30/19 14:27,67.627,51.3,988.7,83.422
9/30/19 14:27,67.627,51.2,988.7,83.422
9/30/19 14:27,67.627,51.2,986.2,83.377
9/30/19 14:27,67.627,51.1,986.2,83.377
9/30/19 14:27,67.627,51.1,986.2,83.377
9/30/19 14:28,67.586,50.9,983.7,83.422
9/30/19 14:28,67.586,51,983.7,83.377
9/30/19 14:28,67.586,50.8,983.7,83.377
9/30/19 14:28,67.586,50.8,983.7,83.377
9/30/19 14:28,67.586,50.8,983.7,83.377
9/30/19 14:28,67.543,50.8,986.2,83.377
9/30/19 14:28,67.543,50.9,986.2,83.377
9/30/19 14:28,67.543,50.9,986.2,83.377
9/30/19 14:28,67.543,50.9,986.2,83.377
9/30/19 14:28,67.543,50.9,988.7,83.377
9/30/19 14:28,67.543,50.8,988.7,83.377
9/30/19 14:28,67.5,50.8,991.2,83.377
9/30/19 14:28,67.5,50.8,991.2,83.377
9/30/19 14:28,67.5,50.8,993.7,83.377
9/30/19 14:28,67.5,50.8,993.7,83.377
9/30/19 14:28,67.5,50.8,996.2,83.377
9/30/19 14:28,67.5,50.8,998.7,83.377
9/30/19 14:28,67.5,50.8,1001.2,83.377
9/30/19 14:28,67.456,50.8,1001.2,83.377
9/30/19 14:28,67.456,50.9,1006.2,83.377
9/30/19 14:28,67.456,51,1011.2,83.377
9/30/19 14:28,67.456,51,1013.7,83.377
9/30/19 14:28,67.456,51,1016.2,83.377
9/30/19 14:28,67.456,50.9,1018.7,83.377
9/30/19 14:28,67.456,51,1018.7,83.377
9/30/19 14:28,67.456,51.1,1018.7,83.377
9/30/19 14:28,67.456,51.1,1016.2,83.377
9/30/19 14:28,67.413,51.2,1016.2,83.377
9/30/19 14:28,67.413,51.3,1013.7,83.377
9/30/19 14:28,67.413,51.4,1011.2,83.377
9/30/19 14:28,67.413,51.5,1011.2,83.377
9/30/19 14:28,67.413,51.5,1008.7,83.377
9/30/19 14:28,67.413,51.6,1006.2,83.377
9/30/19 14:28,67.413,51.6,1003.7,83.377
9/30/19 14:28,67.413,51.6,1003.7,83.377
9/30/19 14:28,67.413,51.6,1001.2,83.377
9/30/19 14:28,67.413,51.6,998.7,83.377
9/30/19 14:28,67.413,51.6,998.7,83.377
9/30/19 14:28,67.413,51.6,996.2,83.377
9/30/19 14:28,67.413,51.5,993.7,83.377
9/30/19 14:28,67.413,51.6,993.7,83.377
9/30/19 14:28,67.413,51.6,991.2,83.377
9/30/19 14:28,67.413,51.6,991.2,83.377
9/30/19 14:28,67.413,51.6,991.2,83.377
9/30/19 14:28,67.413,51.6,988.7,83.377
9/30/19 14:28,67.413,51.6,988.7,83.332
9/30/19 14:28,67.413,51.6,988.7,83.332
9/30/19 14:28,67.413,51.7,988.7,83.377
9/30/19 14:28,67.413,51.8,988.7,83.332
9/30/19 14:28,67.413,51.9,988.7,83.332
9/30/19 14:28,67.413,51.9,988.7,83.332
9/30/19 14:28,67.413,52.1,988.7,83.332
9/30/19 14:28,67.456,52.1,988.7,83.332
9/30/19 14:28,67.413,52.2,988.7,83.332
9/30/19 14:28,67.456,52.2,988.7,83.332
9/30/19 14:28,67.456,52.3,986.2,83.332
9/30/19 14:28,67.456,52.3,983.7,83.332
9/30/19 14:28,67.456,52.4,983.7,83.332
9/30/19 14:28,67.456,52.4,981.2,83.332
9/30/19 14:28,67.456,52.4,981.2,83.332
9/30/19 14:29,67.456,52.3,981.2,83.332
9/30/19 14:29,67.456,52.4,978.7,83.332
9/30/19 14:29,67.456,52.4,978.7,83.332
9/30/19 14:29,67.456,52.4,978.7,83.332
9/30/19 14:29,67.456,52.4,976.2,83.332
9/30/19 14:29,67.5,52.5,976.2,83.332
9/30/19 14:29,67.5,52.5,976.2,83.332
9/30/19 14:29,67.5,52.6,973.7,83.332
9/30/19 14:29,67.5,52.7,973.7,83.332
9/30/19 14:29,67.5,52.7,973.7,83.332
9/30/19 14:29,67.5,52.7,971.2,83.332
9/30/19 14:29,67.5,52.7,971.2,83.332
9/30/19 14:29,67.5,52.6,971.2,83.332
9/30/19 14:29,67.5,52.6,971.2,83.332
9/30/19 14:29,67.5,52.6,971.2,83.332
9/30/19 14:29,67.5,52.6,971.2,83.332
9/30/19 14:29,67.543,52.5,971.2,83.332
9/30/19 14:29,67.5,52.5,971.2,83.332
9/30/19 14:29,67.543,52.4,971.2,83.332
9/30/19 14:29,67.543,52.4,971.2,83.332
9/30/19 14:29,67.543,52.3,971.2,83.332
9/30/19 14:29,67.543,52.3,971.2,83.332
9/30/19 14:29,67.543,52.3,973.7,83.332
9/30/19 14:29,67.543,52.2,973.7,83.332
9/30/19 14:29,67.543,52.2,973.7,83.332
9/30/19 14:29,67.543,52.2,973.7,83.332
9/30/19 14:29,67.5,52.2,973.7,83.332
9/30/19 14:29,67.543,52.1,976.2,83.332
9/30/19 14:29,67.543,52.1,978.7,83.332
9/30/19 14:29,67.543,52.1,981.2,83.332
9/30/19 14:29,67.543,52.1,983.7,83.332
9/30/19 14:29,67.543,52.1,983.7,83.332
9/30/19 14:29,67.543,52,983.7,83.332
9/30/19 14:29,67.5,52,978.7,83.332
9/30/19 14:29,67.5,51.9,976.2,83.332
9/30/19 14:29,67.5,51.7,976.2,83.332
9/30/19 14:29,67.5,51.6,973.7,83.332
9/30/19 14:29,67.5,51.6,973.7,83.332
9/30/19 14:29,67.5,51.6,973.7,83.332
9/30/19 14:29,67.5,51.5,971.2,83.332
9/30/19 14:29,67.5,51.4,971.2,83.332
9/30/19 14:29,67.5,51.3,971.2,83.332
9/30/19 14:29,67.5,51.3,971.2,83.332
9/30/19 14:29,67.5,51.2,968.7,83.332
9/30/19 14:29,67.5,51.1,968.7,83.332
9/30/19 14:29,67.456,51.1,968.7,83.332
9/30/19 14:29,67.456,51.1,966.2,83.332
9/30/19 14:29,67.456,51.1,966.2,83.287
9/30/19 14:29,67.456,51.1,966.2,83.332
9/30/19 14:29,67.456,51.2,966.2,83.287
9/30/19 14:29,67.456,51.3,966.2,83.287
9/30/19 14:29,67.456,51.3,966.2,83.332
9/30/19 14:29,67.456,51.4,963.7,83.287
9/30/19 14:29,67.456,51.4,963.7,83.287
9/30/19 14:29,67.456,51.6,963.7,83.287
9/30/19 14:29,67.456,51.6,963.7,83.287
9/30/19 14:29,67.456,51.7,963.7,83.287
9/30/19 14:29,67.456,51.9,966.2,83.287
9/30/19 14:29,67.456,52,966.2,83.287
9/30/19 14:29,67.456,52.1,966.2,83.287
9/30/19 14:30,67.456,52.2,966.2,83.287
9/30/19 14:30,67.456,52.2,968.7,83.287
9/30/19 14:30,67.456,52.2,968.7,83.287
9/30/19 14:30,67.456,52.3,971.2,83.287
9/30/19 14:30,67.456,52.3,973.7,83.287
9/30/19 14:30,67.456,52.3,973.7,83.287
9/30/19 14:30,67.456,52.4,976.2,83.287
9/30/19 14:30,67.456,52.5,978.7,83.287
9/30/19 14:30,67.456,52.5,981.2,83.287
9/30/19 14:30,67.456,52.6,983.7,83.287
9/30/19 14:30,67.456,52.7,988.7,83.287
9/30/19 14:30,67.456,52.8,993.7,83.287
9/30/19 14:30,67.456,52.9,996.2,83.287
9/30/19 14:30,67.5,52.9,1001.2,83.287
9/30/19 14:30,67.5,53,1006.2,83.287
9/30/19 14:30,67.5,53,1011.2,83.287
9/30/19 14:30,67.5,53.2,1016.2,83.287
9/30/19 14:30,67.5,53.3,1023.7,83.287
9/30/19 14:30,67.5,53.4,1031.2,83.287
9/30/19 14:30,67.5,53.5,1041.2,83.287
9/30/19 14:30,67.5,53.6,1053.7,83.287
9/30/19 14:30,67.543,53.7,1071.2,83.287
9/30/19 14:30,67.543,53.7,1116.2,83.287
9/30/19 14:30,67.543,53.7,1201.2,83.287
9/30/19 14:30,67.543,53.7,1306.2,83.287
9/30/19 14:30,67.543,53.7,1428.7,83.287
9/30/19 14:30,67.586,53.8,1566.2,83.287
9/30/19 14:30,67.586,53.8,1688.7,83.287
9/30/19 14:30,67.586,53.9,1783.7,83.287
9/30/19 14:30,67.586,54,1871.2,83.287
9/30/19 14:30,67.586,54,1961.2,83.287
9/30/19 14:30,67.586,54,2018.7,83.287
9/30/19 14:30,67.627,54.1,2043.7,83.287
9/30/19 14:30,67.627,54.1,2038.7,83.287
9/30/19 14:30,67.627,54.1,2021.2,83.287
9/30/19 14:30,67.627,54.1,2001.2,83.287
9/30/19 14:30,67.671,54.1,1981.2,83.287
9/30/19 14:30,67.671,54.1,1973.7,83.287
9/30/19 14:30,67.671,54.1,1978.7,83.287
9/30/19 14:30,67.714,54,1976.2,83.287
9/30/19 14:30,67.714,54,1966.2,83.287
9/30/19 14:30,67.714,54,1958.7,83.287
9/30/19 14:30,67.714,53.9,1928.7,83.287
9/30/19 14:30,67.757,53.9,1881.2,83.287
9/30/19 14:30,67.757,53.9,1821.2,83.287
9/30/19 14:30,67.757,53.9,1743.7,83.287
9/30/19 14:30,67.757,53.9,1673.7,83.287
9/30/19 14:30,67.757,53.9,1613.7,83.287
9/30/19 14:30,67.798,53.9,1558.7,83.287
9/30/19 14:30,67.798,53.9,1503.7,83.287
9/30/19 14:30,67.798,53.8,1456.2,83.287
9/30/19 14:30,67.842,53.8,1413.7,83.287
9/30/19 14:30,67.842,53.6,1383.7,83.287
9/30/19 14:30,67.842,53.5,1381.2,83.287
9/30/19 14:30,67.842,53.4,1401.2,83.287
9/30/19 14:30,67.842,53.4,1433.7,83.287
9/30/19 14:30,67.885,53.4,1478.7,83.287
9/30/19 14:30,67.885,53.4,1523.7,83.287
9/30/19 14:30,67.885,53.4,1566.2,83.287
9/30/19 14:30,67.885,53.4,1606.2,83.287
9/30/19 14:31,67.885,53.3,1631.2,83.287
9/30/19 14:31,67.928,53.2,1648.7,83.287
9/30/19 14:31,67.928,53.1,1658.7,83.287
9/30/19 14:31,67.928,53,1668.7,83.332
9/30/19 14:31,67.928,53,1676.2,83.332
9/30/19 14:31,67.971,52.9,1678.7,83.332
9/30/19 14:31,67.971,52.8,1693.7,83.332
9/30/19 14:31,67.971,52.8,1718.7,83.332
9/30/19 14:31,67.971,52.9,1753.7,83.332
9/30/19 14:31,67.971,52.8,1811.2,83.332
9/30/19 14:31,67.971,52.7,1868.7,83.332
9/30/19 14:31,68.013,52.7,1901.2,83.332
9/30/19 14:31,68.013,52.8,1901.2,83.332
9/30/19 14:31,68.013,52.8,1883.7,83.332
9/30/19 14:31,68.013,52.7,1848.7,83.332
9/30/19 14:31,68.013,52.6,1801.2,83.332
9/30/19 14:31,68.013,52.6,1748.7,83.332
9/30/19 14:31,68.056,52.5,1661.2,83.332
9/30/19 14:31,68.056,52.4,1558.7,83.332
9/30/19 14:31,68.056,52.3,1448.7,83.332
9/30/19 14:31,68.056,52.3,1346.2,83.332
9/30/19 14:31,68.056,52.3,1268.7,83.332
9/30/19 14:31,68.056,52.3,1223.7,83.332
9/30/19 14:31,68.056,52.3,1196.2,83.332
9/30/19 14:31,68.099,52.2,1171.2,83.332
9/30/19 14:31,68.099,52.1,1146.2,83.377
9/30/19 14:31,68.099,52.1,1121.2,83.377
9/30/19 14:31,68.099,52,1106.2,83.377
9/30/19 14:31,68.099,52,1096.2,83.377
9/30/19 14:31,68.099,52.1,1086.2,83.377
9/30/19 14:31,68.142,52.2,1078.7,83.377
9/30/19 14:31,68.142,52.2,1073.7,83.377
9/30/19 14:31,68.142,52.3,1071.2,83.377
9/30/19 14:31,68.142,52.3,1068.7,83.377
9/30/19 14:31,68.142,52.3,1066.2,83.377
9/30/19 14:31,68.142,52.3,1061.2,83.377
9/30/19 14:31,68.142,52.2,1056.2,83.377
9/30/19 14:31,68.142,52.2,1051.2,83.377
9/30/19 14:31,68.142,52.2,1043.7,83.377
9/30/19 14:31,68.185,52.3,1041.2,83.377
9/30/19 14:31,68.185,52.3,1038.7,83.377
9/30/19 14:31,68.185,52.3,1038.7,83.377
9/30/19 14:31,68.185,52.4,1041.2,83.377
9/30/19 14:31,68.185,52.4,1046.2,83.377
9/30/19 14:31,68.185,52.4,1053.7,83.377
9/30/19 14:31,68.185,52.4,1068.7,83.377
9/30/19 14:31,68.227,52.4,1083.7,83.377
9/30/19 14:31,68.227,52.3,1098.7,83.377
9/30/19 14:31,68.227,52.3,1111.2,83.422
9/30/19 14:31,68.227,52.2,1118.7,83.422
9/30/19 14:31,68.227,52.1,1118.7,83.422
9/30/19 14:31,68.227,52,1118.7,83.377
9/30/19 14:31,68.227,51.9,1113.7,83.422
9/30/19 14:31,68.227,51.9,1106.2,83.422
9/30/19 14:31,68.227,51.9,1091.2,83.422
9/30/19 14:31,68.227,52,1078.7,83.422
9/30/19 14:31,68.227,51.9,1063.7,83.422
9/30/19 14:31,68.227,51.8,1048.7,83.422
9/30/19 14:31,68.27,51.8,1038.7,83.422
9/30/19 14:31,68.227,51.7,1031.2,83.422
9/30/19 14:32,68.227,51.7,1023.7,83.422
9/30/19 14:32,68.227,51.7,1018.7,83.422
9/30/19 14:32,68.227,51.6,1016.2,83.422
9/30/19 14:32,68.227,51.5,1013.7,83.422
9/30/19 14:32,68.27,51.5,1013.7,83.422
9/30/19 14:32,68.27,51.5,1011.2,83.422
9/30/19 14:32,68.227,51.5,1006.2,83.422
9/30/19 14:32,68.227,51.6,1001.2,83.422
9/30/19 14:32,68.227,51.7,998.7,83.422
9/30/19 14:32,68.227,51.8,998.7,83.422
9/30/19 14:32,68.227,52,998.7,83.422
9/30/19 14:32,68.227,52.1,998.7,83.422
9/30/19 14:32,68.227,52.2,998.7,83.422
9/30/19 14:32,68.227,52.3,996.2,83.422
9/30/19 14:32,68.227,52.4,991.2,83.422
9/30/19 14:32,68.227,52.6,988.7,83.422
9/30/19 14:32,68.27,52.7,988.7,83.422
9/30/19 14:32,68.27,52.7,986.2,83.422
9/30/19 14:32,68.27,52.7,988.7,83.422
9/30/19 14:32,68.27,52.6,988.7,83.422
9/30/19 14:32,68.27,52.5,988.7,83.422
9/30/19 14:32,68.27,52.5,988.7,83.422
9/30/19 14:32,68.27,52.5,988.7,83.422
9/30/19 14:32,68.27,52.6,988.7,83.422
9/30/19 14:32,68.27,52.6,986.2,83.422
9/30/19 14:32,68.27,52.6,983.7,83.422
9/30/19 14:32,68.27,52.5,983.7,83.422
9/30/19 14:32,68.27,52.4,986.2,83.422
9/30/19 14:32,68.313,52.4,983.7,83.422
9/30/19 14:32,68.313,52.3,981.2,83.422
9/30/19 14:32,68.27,52.3,978.7,83.422
9/30/19 14:32,68.27,52.3,976.2,83.422
9/30/19 14:32,68.27,52.2,971.2,83.422
9/30/19 14:32,68.27,52.2,971.2,83.467
9/30/19 14:32,68.27,52.2,971.2,83.422
9/30/19 14:32,68.27,52.2,976.2,83.422
9/30/19 14:32,68.27,52.2,978.7,83.422
9/30/19 14:32,68.313,52.2,986.2,83.467
9/30/19 14:32,68.27,52.3,991.2,83.422
9/30/19 14:32,68.313,52.3,993.7,83.422
9/30/19 14:32,68.313,52.3,991.2,83.467
9/30/19 14:32,68.313,52.4,988.7,83.422
9/30/19 14:32,68.27,52.4,981.2,83.422
9/30/19 14:32,68.27,52.5,978.7,83.422
9/30/19 14:32,68.313,52.5,976.2,83.467
9/30/19 14:32,68.313,52.5,973.7,83.467
9/30/19 14:32,68.313,52.5,971.2,83.467
9/30/19 14:32,68.313,52.5,968.7,83.422
9/30/19 14:32,68.313,52.5,963.7,83.467
9/30/19 14:32,68.313,52.5,963.7,83.467
9/30/19 14:32,68.313,52.6,961.2,83.467
9/30/19 14:32,68.313,52.6,961.2,83.467
9/30/19 14:32,68.313,52.6,958.7,83.422
9/30/19 14:32,68.313,52.6,958.7,83.422
9/30/19 14:32,68.313,52.7,961.2,83.422
9/30/19 14:32,68.313,52.8,961.2,83.467
9/30/19 14:32,68.313,52.8,961.2,83.467
9/30/19 14:32,68.313,52.9,961.2,83.467
9/30/19 14:32,68.313,52.9,961.2,83.422
9/30/19 14:32,68.313,52.9,961.2,83.467
9/30/19 14:33,68.313,52.8,961.2,83.467
9/30/19 14:33,68.356,52.8,958.7,83.422
9/30/19 14:33,68.356,52.7,953.7,83.467
9/30/19 14:33,68.356,52.7,951.2,83.422
9/30/19 14:33,68.356,52.7,946.2,83.422
9/30/19 14:33,68.356,52.7,941.2,83.467
9/30/19 14:33,68.356,52.7,938.7,83.467
9/30/19 14:33,68.356,52.7,936.2,83.467
9/30/19 14:33,68.356,52.8,933.7,83.467
9/30/19 14:33,68.356,52.8,931.2,83.467
9/30/19 14:33,68.356,53,931.2,83.467
9/30/19 14:33,68.356,52.9,931.2,83.467
9/30/19 14:33,68.356,53.1,931.2,83.422
9/30/19 14:33,68.356,53.2,931.2,83.467
9/30/19 14:33,68.356,53.2,931.2,83.467
9/30/19 14:33,68.4,53.3,928.7,83.467
9/30/19 14:33,68.4,53.3,926.2,83.467
9/30/19 14:33,68.4,53.3,921.2,83.467
9/30/19 14:33,68.4,53.3,918.7,83.467
9/30/19 14:33,68.4,53.4,913.7,83.467
9/30/19 14:33,68.4,53.4,911.2,83.467
9/30/19 14:33,68.4,53.4,908.7,83.467
9/30/19 14:33,68.4,53.4,906.2,83.467
9/30/19 14:33,68.4,53.4,906.2,83.467
9/30/19 14:33,68.443,53.4,903.7,83.467
9/30/19 14:33,68.443,53.4,903.7,83.467
9/30/19 14:33,68.443,53.5,903.7,83.467
9/30/19 14:33,68.443,53.5,901.2,83.467
9/30/19 14:33,68.443,53.5,901.2,83.467
9/30/19 14:33,68.443,53.6,901.2,83.467
9/30/19 14:33,68.443,53.6,901.2,83.467
9/30/19 14:33,68.484,53.6,901.2,83.467
9/30/19 14:33,68.484,53.6,903.7,83.467
9/30/19 14:33,68.484,53.6,903.7,83.467
9/30/19 14:33,68.484,53.5,903.7,83.467
9/30/19 14:33,68.484,53.5,903.7,83.467
9/30/19 14:33,68.484,53.5,906.2,83.467
9/30/19 14:33,68.484,53.5,906.2,83.467
9/30/19 14:33,68.527,53.5,908.7,83.467
9/30/19 14:33,68.527,53.5,908.7,83.467
9/30/19 14:33,68.527,53.5,908.7,83.467
9/30/19 14:33,68.527,53.5,911.2,83.467
9/30/19 14:33,68.527,53.5,913.7,83.467
9/30/19 14:33,68.527,53.5,916.2,83.467
9/30/19 14:33,68.527,53.5,918.7,83.467
9/30/19 14:33,68.571,53.5,918.7,83.467
9/30/19 14:33,68.571,53.5,916.2,83.467
9/30/19 14:33,68.571,53.5,913.7,83.467
9/30/19 14:33,68.571,53.6,911.2,83.467
9/30/19 14:33,68.571,53.5,908.7,83.467
9/30/19 14:33,68.614,53.5,903.7,83.467
9/30/19 14:33,68.614,53.6,901.2,83.467
9/30/19 14:33,68.614,53.6,898.7,83.467
9/30/19 14:33,68.614,53.6,898.7,83.467
9/30/19 14:33,68.614,53.7,896.2,83.467
9/30/19 14:33,68.657,53.7,893.7,83.467
9/30/19 14:33,68.657,53.7,891.2,83.467
9/30/19 14:33,68.657,53.7,888.7,83.467
9/30/19 14:33,68.657,53.7,888.7,83.467
9/30/19 14:33,68.698,53.7,886.2,83.467
9/30/19 14:34,68.698,53.7,886.2,83.467
9/30/19 14:34,68.698,53.7,886.2,83.467
9/30/19 14:34,68.698,53.7,883.7,83.467
9/30/19 14:34,68.698,53.7,883.7,83.467
9/30/19 14:34,68.698,53.7,883.7,83.467
9/30/19 14:34,68.742,53.7,883.7,83.467
9/30/19 14:34,68.742,53.7,883.7,83.467
9/30/19 14:34,68.742,53.6,883.7,83.467
9/30/19 14:34,68.742,53.6,881.2,83.467
9/30/19 14:34,68.742,53.6,881.2,83.467
9/30/19 14:34,68.785,53.6,878.7,83.467
9/30/19 14:34,68.785,53.6,876.2,83.467
9/30/19 14:34,68.785,53.5,873.7,83.467
9/30/19 14:34,68.785,53.5,871.2,83.467
9/30/19 14:34,68.785,53.5,871.2,83.467
9/30/19 14:34,68.785,53.5,868.7,83.467
9/30/19 14:34,68.828,53.5,868.7,83.467
9/30/19 14:34,68.828,53.5,866.2,83.467
9/30/19 14:34,68.828,53.5,863.7,83.467
9/30/19 14:34,68.828,53.5,863.7,83.467
9/30/19 14:34,68.871,53.5,861.2,83.467
9/30/19 14:34,68.871,53.5,861.2,83.467
9/30/19 14:34,68.871,53.5,858.7,83.467
9/30/19 14:34,68.871,53.5,858.7,83.467
9/30/19 14:34,68.871,53.5,858.7,83.467
9/30/19 14:34,68.871,53.5,856.2,83.467
9/30/19 14:34,68.913,53.5,856.2,83.467
9/30/19 14:34,68.913,53.5,853.7,83.467
9/30/19 14:34,68.913,53.5,853.7,83.467
9/30/19 14:34,68.913,53.5,851.2,83.467
9/30/19 14:34,68.956,53.5,851.2,83.467
9/30/19 14:34,68.956,53.5,851.2,83.467
9/30/19 14:34,68.956,53.6,848.7,83.467
9/30/19 14:34,68.956,53.6,848.7,83.511
9/30/19 14:34,68.999,53.7,848.7,83.511
9/30/19 14:34,68.999,53.7,846.2,83.511
9/30/19 14:34,68.999,53.7,846.2,83.511
9/30/19 14:34,68.999,53.7,846.2,83.511
9/30/19 14:34,68.999,53.7,846.2,83.511
9/30/19 14:34,69.042,53.6,843.7,83.467
9/30/19 14:34,69.042,53.6,843.7,83.511
9/30/19 14:34,69.042,53.6,843.7,83.511
9/30/19 14:34,69.042,53.5,843.7,83.511
9/30/19 14:34,69.042,53.5,841.2,83.511
9/30/19 14:34,69.085,53.5,841.2,83.511
9/30/19 14:34,69.085,53.5,841.2,83.511
9/30/19 14:34,69.085,53.5,841.2,83.511
9/30/19 14:34,69.085,53.5,838.7,83.511
9/30/19 14:34,69.085,53.5,838.7,83.511
9/30/19 14:34,69.085,53.5,838.7,83.511
9/30/19 14:34,69.085,53.5,838.7,83.511
9/30/19 14:34,69.129,53.5,838.7,83.511
9/30/19 14:34,69.129,53.5,838.7,83.511
9/30/19 14:34,69.129,53.5,836.2,83.511
9/30/19 14:34,69.129,53.6,836.2,83.511
9/30/19 14:34,69.129,53.5,836.2,83.511
9/30/19 14:34,69.129,53.6,836.2,83.511
9/30/19 14:34,69.129,53.4,833.7,83.511
9/30/19 14:34,69.129,53.3,833.7,83.511
9/30/19 14:34,69.129,53.1,833.7,83.511
9/30/19 14:35,69.129,52.9,833.7,83.511
9/30/19 14:35,69.17,52.9,833.7,83.511
9/30/19 14:35,69.17,52.8,833.7,83.511
9/30/19 14:35,69.129,52.7,833.7,83.511
9/30/19 14:35,69.129,52.6,833.7,83.511
9/30/19 14:35,69.129,52.5,831.2,83.511
9/30/19 14:35,69.129,52.4,831.2,83.511
9/30/19 14:35,69.129,52.3,831.2,83.511
9/30/19 14:35,69.129,52.1,831.2,83.511
9/30/19 14:35,69.129,52,831.2,83.511
9/30/19 14:35,69.129,51.9,831.2,83.511
9/30/19 14:35,69.129,51.8,831.2,83.511
9/30/19 14:35,69.129,51.8,831.2,83.511
9/30/19 14:35,69.129,51.8,831.2,83.511
9/30/19 14:35,69.129,51.8,831.2,83.511
9/30/19 14:35,69.085,52,831.2,83.511
9/30/19 14:35,69.085,52,831.2,83.511
9/30/19 14:35,69.085,52.2,831.2,83.511
9/30/19 14:35,69.085,52.3,831.2,83.511
9/30/19 14:35,69.085,52.4,831.2,83.511
9/30/19 14:35,69.085,52.4,831.2,83.511
9/30/19 14:35,69.042,52.5,831.2,83.511
9/30/19 14:35,69.042,52.5,831.2,83.511
9/30/19 14:35,69.042,52.6,831.2,83.511
9/30/19 14:35,69.042,52.6,831.2,83.511
9/30/19 14:35,69.042,52.6,831.2,83.511
9/30/19 14:35,69.042,52.6,831.2,83.511
9/30/19 14:35,69.042,52.6,833.7,83.511
9/30/19 14:35,69.042,52.5,833.7,83.511
9/30/19 14:35,68.999,52.5,833.7,83.511
9/30/19 14:35,68.999,52.4,833.7,83.511
9/30/19 14:35,68.999,52.4,833.7,83.511
9/30/19 14:35,68.999,52.4,836.2,83.511
9/30/19 14:35,68.999,52.4,836.2,83.511
9/30/19 14:35,68.999,52.4,836.2,83.511
9/30/19 14:35,68.999,52.5,838.7,83.511
9/30/19 14:35,68.956,52.6,838.7,83.511
9/30/19 14:35,68.956,52.7,838.7,83.511
9/30/19 14:35,68.956,52.8,841.2,83.511
9/30/19 14:35,68.956,52.8,841.2,83.511
9/30/19 14:35,68.956,52.8,843.7,83.511
9/30/19 14:35,68.956,52.8,843.7,83.511
9/30/19 14:35,68.913,52.7,846.2,83.511
9/30/19 14:35,68.913,52.5,846.2,83.511
9/30/19 14:35,68.913,52.3,848.7,83.511
9/30/19 14:35,68.913,52.2,851.2,83.511
9/30/19 14:35,68.913,52.1,851.2,83.511
9/30/19 14:35,68.913,51.9,853.7,83.511
9/30/19 14:35,68.871,51.8,856.2,83.511
9/30/19 14:35,68.871,51.7,858.7,83.511
9/30/19 14:35,68.871,51.7,861.2,83.511
9/30/19 14:35,68.871,51.6,866.2,83.511
9/30/19 14:35,68.828,51.6,868.7,83.511
9/30/19 14:35,68.828,51.6,871.2,83.511
9/30/19 14:35,68.828,51.6,876.2,83.511
9/30/19 14:35,68.828,51.7,881.2,83.511
9/30/19 14:35,68.785,51.7,886.2,83.511
9/30/19 14:35,68.828,51.7,898.7,83.511
9/30/19 14:35,68.785,51.7,911.2,83.511
9/30/19 14:35,68.785,51.7,923.7,83.511
9/30/19 14:36,68.785,51.5,938.7,83.511
9/30/19 14:36,68.742,51.4,961.2,83.511
9/30/19 14:36,68.742,51.2,986.2,83.511
9/30/19 14:36,68.742,51.1,1011.2,83.511
9/30/19 14:36,68.742,51,1046.2,83.511
9/30/19 14:36,68.742,51,1086.2,83.511
9/30/19 14:36,68.698,50.9,1123.7,83.511
9/30/19 14:36,68.698,50.8,1148.7,83.511
9/30/19 14:36,68.698,50.7,1163.7,83.511
9/30/19 14:36,68.657,50.6,1158.7,83.511
9/30/19 14:36,68.657,50.5,1141.2,83.511
9/30/19 14:36,68.657,50.4,1121.2,83.511
9/30/19 14:36,68.657,50.5,1093.7,83.511
9/30/19 14:36,68.614,50.4,1061.2,83.511
9/30/19 14:36,68.614,50.4,1031.2,83.511
9/30/19 14:36,68.614,50.4,1003.7,83.511
9/30/19 14:36,68.614,50.4,976.2,83.511
9/30/19 14:36,68.571,50.4,956.2,83.511
9/30/19 14:36,68.571,50.4,941.2,83.511
9/30/19 14:36,68.571,50.5,928.7,83.511
9/30/19 14:36,68.571,50.6,921.2,83.511
9/30/19 14:36,68.571,50.8,916.2,83.467
9/30/19 14:36,68.527,50.9,913.7,83.467
9/30/19 14:36,68.527,51,908.7,83.467
9/30/19 14:36,68.527,51.1,906.2,83.467
9/30/19 14:36,68.527,51.1,906.2,83.467
9/30/19 14:36,68.527,51.2,901.2,83.467
9/30/19 14:36,68.527,51.2,896.2,83.467
9/30/19 14:36,68.527,51.3,893.7,83.467
9/30/19 14:36,68.527,51.3,888.7,83.467
9/30/19 14:36,68.527,51.4,883.7,83.467
9/30/19 14:36,68.527,51.5,881.2,83.467
9/30/19 14:36,68.484,51.5,878.7,83.467
9/30/19 14:36,68.484,51.7,873.7,83.467
9/30/19 14:36,68.484,51.7,868.7,83.467
9/30/19 14:36,68.484,51.8,866.2,83.467
9/30/19 14:36,68.484,52,863.7,83.467
9/30/19 14:36,68.484,52.2,861.2,83.467
9/30/19 14:36,68.484,52.3,858.7,83.467
9/30/19 14:36,68.484,52.4,853.7,83.467
9/30/19 14:36,68.484,52.6,851.2,83.467
9/30/19 14:36,68.484,52.7,851.2,83.467
9/30/19 14:36,68.484,52.7,848.7,83.467
9/30/19 14:36,68.484,52.6,846.2,83.467
9/30/19 14:36,68.484,52.6,843.7,83.467
9/30/19 14:36,68.484,52.5,843.7,83.467
9/30/19 14:36,68.443,52.4,841.2,83.467
9/30/19 14:36,68.443,52.4,838.7,83.467
9/30/19 14:36,68.484,52.4,838.7,83.467
9/30/19 14:36,68.443,52.4,836.2,83.467
9/30/19 14:36,68.443,52.5,833.7,83.467
9/30/19 14:36,68.443,52.5,833.7,83.467
9/30/19 14:36,68.443,52.6,833.7,83.467
9/30/19 14:36,68.443,52.6,831.2,83.467
9/30/19 14:36,68.443,52.6,828.7,83.467
9/30/19 14:36,68.443,52.5,828.7,83.467
9/30/19 14:36,68.4,52.4,826.2,83.467
9/30/19 14:36,68.4,52.3,823.7,83.467
9/30/19 14:36,68.4,52.2,823.7,83.467
9/30/19 14:36,68.4,52.1,823.7,83.467
9/30/19 14:37,68.4,52,821.2,83.467
9/30/19 14:37,68.4,52,821.2,83.467
9/30/19 14:37,68.4,51.9,818.7,83.467
9/30/19 14:37,68.356,51.9,816.2,83.467
9/30/19 14:37,68.356,51.8,813.7,83.467
9/30/19 14:37,68.356,51.8,811.2,83.467
9/30/19 14:37,68.356,51.7,811.2,83.467
9/30/19 14:37,68.356,51.7,808.7,83.467
9/30/19 14:37,68.356,51.7,808.7,83.467
9/30/19 14:37,68.356,51.7,808.7,83.422
9/30/19 14:37,68.313,51.7,808.7,83.467
9/30/19 14:37,68.313,51.7,808.7,83.422
9/30/19 14:37,68.313,51.7,806.2,83.422
9/30/19 14:37,68.313,51.7,806.2,83.467
9/30/19 14:37,68.313,51.7,806.2,83.422
9/30/19 14:37,68.313,51.7,803.7,83.422
9/30/19 14:37,68.313,51.7,803.7,83.422
9/30/19 14:37,68.313,51.7,801.2,83.422
9/30/19 14:37,68.27,51.7,801.2,83.422
9/30/19 14:37,68.27,51.7,798.7,83.422
9/30/19 14:37,68.27,51.7,796.2,83.422
9/30/19 14:37,68.27,51.7,796.2,83.422
9/30/19 14:37,68.27,51.6,793.7,83.422
9/30/19 14:37,68.27,51.6,793.7,83.422
9/30/19 14:37,68.27,51.6,791.2,83.422
9/30/19 14:37,68.27,51.6,791.2,83.422
9/30/19 14:37,68.27,51.6,791.2,83.422
9/30/19 14:37,68.27,51.5,788.7,83.422
9/30/19 14:37,68.27,51.5,788.7,83.422
9/30/19 14:37,68.27,51.4,788.7,83.422
9/30/19 14:37,68.27,51.4,786.2,83.422
9/30/19 14:37,68.27,51.3,786.2,83.422
9/30/19 14:37,68.227,51.2,786.2,83.422
9/30/19 14:37,68.227,51.2,786.2,83.422
9/30/19 14:37,68.27,51.1,783.7,83.422
9/30/19 14:37,68.227,51.1,783.7,83.422
9/30/19 14:37,68.227,51,783.7,83.422
9/30/19 14:37,68.227,51.1,783.7,83.422
9/30/19 14:37,68.227,51,781.2,83.422
9/30/19 14:37,68.227,50.9,781.2,83.422
9/30/19 14:37,68.227,50.9,781.2,83.422
9/30/19 14:37,68.227,50.9,781.2,83.422
9/30/19 14:37,68.227,50.9,781.2,83.422
9/30/19 14:37,68.227,50.8,778.7,83.422
9/30/19 14:37,68.227,50.8,778.7,83.422
9/30/19 14:37,68.227,50.9,778.7,83.422
9/30/19 14:37,68.227,51,776.2,83.377
9/30/19 14:37,68.227,51.1,776.2,83.422
9/30/19 14:37,68.185,51.1,776.2,83.422
9/30/19 14:37,68.185,51.2,773.7,83.422
9/30/19 14:37,68.227,51.3,773.7,83.422
9/30/19 14:37,68.227,51.4,773.7,83.422
9/30/19 14:37,68.185,51.5,773.7,83.422
9/30/19 14:37,68.185,51.6,771.2,83.377
9/30/19 14:37,68.185,51.7,771.2,83.377
9/30/19 14:37,68.185,51.7,771.2,83.422
9/30/19 14:37,68.185,51.7,768.7,83.377
9/30/19 14:37,68.227,51.8,768.7,83.422
9/30/19 14:37,68.185,51.9,768.7,83.422
9/30/19 14:37,68.227,52,766.2,83.377
9/30/19 14:38,68.227,52,766.2,83.422
9/30/19 14:38,68.227,52,766.2,83.377
9/30/19 14:38,68.227,52,763.7,83.422
9/30/19 14:38,68.227,52.1,763.7,83.377
9/30/19 14:38,68.227,52.1,763.7,83.377
9/30/19 14:38,68.227,52.1,763.7,83.377
9/30/19 14:38,68.227,52,761.2,83.377
9/30/19 14:38,68.227,52,761.2,83.377
9/30/19 14:38,68.227,52,761.2,83.377
9/30/19 14:38,68.227,52,761.2,83.377
9/30/19 14:38,68.227,52,758.7,83.377
9/30/19 14:38,68.227,52,758.7,83.377
9/30/19 14:38,68.227,52,758.7,83.377
9/30/19 14:38,68.227,51.9,756.2,83.377
9/30/19 14:38,68.227,51.9,756.2,83.377
9/30/19 14:38,68.227,51.9,756.2,83.377
9/30/19 14:38,68.227,51.9,756.2,83.377
9/30/19 14:38,68.227,51.9,756.2,83.377
9/30/19 14:38,68.227,51.9,753.7,83.377
9/30/19 14:38,68.227,52,753.7,83.377
9/30/19 14:38,68.227,52,753.7,83.377
9/30/19 14:38,68.227,52,753.7,83.377
9/30/19 14:38,68.227,52,753.7,83.377
9/30/19 14:38,68.227,52,751.2,83.377
9/30/19 14:38,68.27,52,751.2,83.377
9/30/19 14:38,68.27,52.1,751.2,83.377
9/30/19 14:38,68.27,52.1,751.2,83.377
9/30/19 14:38,68.27,52.1,751.2,83.377
9/30/19 14:38,68.27,52.2,751.2,83.377
9/30/19 14:38,68.27,52.2,748.7,83.377
9/30/19 14:38,68.27,52.2,748.7,83.377
9/30/19 14:38,68.27,52.3,748.7,83.377
9/30/19 14:38,68.27,52.3,748.7,83.377
9/30/19 14:38,68.27,52.3,748.7,83.377
9/30/19 14:38,68.27,52.3,748.7,83.377
9/30/19 14:38,68.27,52.4,746.2,83.377
9/30/19 14:38,68.27,52.4,746.2,83.377
9/30/19 14:38,68.313,52.6,746.2,83.377
9/30/19 14:38,68.313,52.7,746.2,83.377
9/30/19 14:38,68.313,52.9,746.2,83.377
9/30/19 14:38,68.313,52.9,746.2,83.377
9/30/19 14:38,68.313,53.2,746.2,83.377
9/30/19 14:38,68.313,53.4,743.7,83.377
9/30/19 14:38,68.313,53.6,743.7,83.377
9/30/19 14:38,68.313,53.7,743.7,83.377
9/30/19 14:38,68.356,53.9,743.7,83.377
9/30/19 14:38,68.356,54.1,743.7,83.377
9/30/19 14:38,68.356,54.1,743.7,83.377
9/30/19 14:38,68.356,54.1,743.7,83.377
9/30/19 14:38,68.356,54.1,741.2,83.377
9/30/19 14:38,68.356,54.1,741.2,83.377
9/30/19 14:38,68.356,54.1,741.2,83.377
9/30/19 14:38,68.356,54.1,741.2,83.377
9/30/19 14:38,68.356,54.1,738.7,83.377
9/30/19 14:38,68.356,54.1,738.7,83.377
9/30/19 14:38,68.356,54.1,738.7,83.377
9/30/19 14:38,68.356,54.1,738.7,83.377
9/30/19 14:38,68.356,54.2,738.7,83.377
9/30/19 14:38,68.356,54.3,738.7,83.377
9/30/19 14:38,68.356,54.2,736.2,83.377
9/30/19 14:39,68.356,54.4,736.2,83.377
9/30/19 14:39,68.4,54.6,736.2,83.377
9/30/19 14:39,68.4,54.5,736.2,83.377
9/30/19 14:39,68.356,54.5,736.2,83.377
9/30/19 14:39,68.4,54.6,736.2,83.377
9/30/19 14:39,68.4,54.4,736.2,83.332
9/30/19 14:39,68.4,54.4,736.2,83.332
9/30/19 14:39,68.4,54.3,733.7,83.332
9/30/19 14:39,68.4,54.2,733.7,83.332
9/30/19 14:39,68.4,54.1,733.7,83.332
9/30/19 14:39,68.4,54.1,733.7,83.332
9/30/19 14:39,68.4,54.1,733.7,83.332
9/30/19 14:39,68.4,54,733.7,83.332
9/30/19 14:39,68.4,54,733.7,83.332
9/30/19 14:39,68.4,53.9,731.2,83.332
9/30/19 14:39,68.4,53.7,731.2,83.332
9/30/19 14:39,68.4,53.6,731.2,83.332
9/30/19 14:39,68.4,53.5,731.2,83.332
9/30/19 14:39,68.4,53.4,731.2,83.332
9/30/19 14:39,68.4,53.2,731.2,83.332
9/30/19 14:39,68.4,53.1,731.2,83.332
9/30/19 14:39,68.4,52.9,728.7,83.332
9/30/19 14:39,68.4,52.9,728.7,83.332
9/30/19 14:39,68.4,52.8,728.7,83.332
9/30/19 14:39,68.356,52.6,728.7,83.332
9/30/19 14:39,68.356,52.5,728.7,83.332
9/30/19 14:39,68.356,52.3,728.7,83.332
9/30/19 14:39,68.356,52.2,728.7,83.332
9/30/19 14:39,68.356,52.1,728.7,83.332
9/30/19 14:39,68.356,52,726.2,83.332
9/30/19 14:39,68.356,51.9,726.2,83.332
9/30/19 14:39,68.313,51.8,726.2,83.332
9/30/19 14:39,68.313,51.7,726.2,83.332
9/30/19 14:39,68.313,51.7,726.2,83.332
9/30/19 14:39,68.313,51.6,726.2,83.332
9/30/19 14:39,68.313,51.5,723.7,83.332
9/30/19 14:39,68.313,51.5,723.7,83.332
9/30/19 14:39,68.27,51.4,723.7,83.332
9/30/19 14:39,68.27,51.4,723.7,83.332
9/30/19 14:39,68.27,51.4,723.7,83.332
9/30/19 14:39,68.27,51.3,723.7,83.332
9/30/19 14:39,68.27,51.3,723.7,83.332
9/30/19 14:39,68.227,51.3,723.7,83.332
9/30/19 14:39,68.227,51.3,721.2,83.332
9/30/19 14:39,68.227,51.3,721.2,83.332
9/30/19 14:39,68.227,51.3,721.2,83.287
9/30/19 14:39,68.227,51.3,721.2,83.332
9/30/19 14:39,68.185,51.4,718.7,83.332
9/30/19 14:39,68.185,51.4,718.7,83.287
9/30/19 14:39,68.185,51.5,718.7,83.332
9/30/19 14:39,68.185,51.5,718.7,83.287
9/30/19 14:39,68.185,51.6,718.7,83.287
9/30/19 14:39,68.185,51.7,718.7,83.287
9/30/19 14:39,68.185,51.7,718.7,83.287
9/30/19 14:39,68.185,51.7,718.7,83.332
9/30/19 14:39,68.185,51.8,716.2,83.287
9/30/19 14:39,68.142,51.9,716.2,83.287
9/30/19 14:39,68.142,52,716.2,83.287
9/30/19 14:39,68.142,52.2,716.2,83.287
9/30/19 14:39,68.142,52.3,716.2,83.287
9/30/19 14:40,68.142,52.3,716.2,83.287
9/30/19 14:40,68.142,52.4,716.2,83.287
9/30/19 14:40,68.142,52.4,713.7,83.287
9/30/19 14:40,68.142,52.4,713.7,83.287
9/30/19 14:40,68.142,52.4,713.7,83.287
9/30/19 14:40,68.142,52.5,713.7,83.287
9/30/19 14:40,68.099,52.5,713.7,83.287
9/30/19 14:40,68.142,52.6,713.7,83.287
9/30/19 14:40,68.099,52.7,713.7,83.287
9/30/19 14:40,68.099,52.8,713.7,83.287
9/30/19 14:40,68.099,52.9,711.2,83.287
9/30/19 14:40,68.099,52.9,711.2,83.287
9/30/19 14:40,68.099,53,711.2,83.287
9/30/19 14:40,68.099,53.2,711.2,83.287
9/30/19 14:40,68.099,53.4,711.2,83.287
9/30/19 14:40,68.099,53.4,711.2,83.287
9/30/19 14:40,68.099,53.5,711.2,83.287
9/30/19 14:40,68.099,53.5,708.7,83.287
9/30/19 14:40,68.099,53.7,708.7,83.287
9/30/19 14:40,68.099,53.5,708.7,83.287
9/30/19 14:40,68.099,53.6,708.7,83.287
9/30/19 14:40,68.099,53.4,708.7,83.287
9/30/19 14:40,68.099,53.4,708.7,83.287
9/30/19 14:40,68.099,53.5,708.7,83.287
9/30/19 14:40,68.099,53.3,706.2,83.287
9/30/19 14:40,68.099,53.3,706.2,83.287
9/30/19 14:40,68.099,53.2,706.2,83.287
9/30/19 14:40,68.056,53.1,706.2,83.287
9/30/19 14:40,68.056,53,706.2,83.287
9/30/19 14:40,68.056,52.9,706.2,83.287
9/30/19 14:40,68.056,52.8,706.2,83.287
9/30/19 14:40,68.056,52.7,706.2,83.287
9/30/19 14:40,68.056,52.7,706.2,83.287
9/30/19 14:40,68.056,52.6,703.7,83.287
9/30/19 14:40,68.056,52.6,703.7,83.287
9/30/19 14:40,68.056,52.5,703.7,83.287
9/30/19 14:40,68.056,52.4,703.7,83.287
9/30/19 14:40,68.056,52.3,703.7,83.287
9/30/19 14:40,68.013,52.2,703.7,83.242
9/30/19 14:40,68.013,52.1,703.7,83.242
9/30/19 14:40,68.013,52,701.2,83.242
9/30/19 14:40,68.013,51.9,701.2,83.242
9/30/19 14:40,68.013,51.8,701.2,83.242
9/30/19 14:40,68.013,51.7,701.2,83.242
9/30/19 14:40,68.013,51.7,701.2,83.242
9/30/19 14:40,67.971,51.6,701.2,83.242
9/30/19 14:40,67.971,51.5,701.2,83.242
9/30/19 14:40,67.971,51.5,701.2,83.242
9/30/19 14:40,67.971,51.4,698.7,83.242
9/30/19 14:40,67.971,51.3,698.7,83.242
9/30/19 14:40,67.971,51.2,698.7,83.242
9/30/19 14:40,67.971,51.2,698.7,83.242
9/30/19 14:40,67.928,51.1,698.7,83.242
9/30/19 14:40,67.928,51,698.7,83.242
9/30/19 14:40,67.928,51.1,698.7,83.242
9/30/19 14:40,67.928,51.1,698.7,83.242
9/30/19 14:40,67.928,51,698.7,83.242
9/30/19 14:40,67.928,51.1,696.2,83.242
9/30/19 14:40,67.928,51.2,696.2,83.242
9/30/19 14:40,67.928,51.2,696.2,83.242
9/30/19 14:41,67.885,51.3,696.2,83.242
9/30/19 14:41,67.885,51.4,696.2,83.242
9/30/19 14:41,67.885,51.4,696.2,83.199
9/30/19 14:41,67.885,51.5,696.2,83.199
9/30/19 14:41,67.885,51.5,696.2,83.199
9/30/19 14:41,67.885,51.5,696.2,83.199
9/30/19 14:41,67.885,51.5,696.2,83.242
9/30/19 14:41,67.842,51.6,696.2,83.199
9/30/19 14:41,67.842,51.6,693.7,83.199
9/30/19 14:41,67.842,51.7,693.7,83.199
9/30/19 14:41,67.842,51.7,693.7,83.199
9/30/19 14:41,67.842,51.7,693.7,83.199
9/30/19 14:41,67.842,51.8,693.7,83.199
9/30/19 14:41,67.842,51.8,693.7,83.199
9/30/19 14:41,67.842,51.9,693.7,83.199
9/30/19 14:41,67.842,52,693.7,83.199
9/30/19 14:41,67.842,52,693.7,83.199
9/30/19 14:41,67.842,52.1,693.7,83.199
9/30/19 14:41,67.798,52.2,693.7,83.199
9/30/19 14:41,67.798,52.2,693.7,83.199
9/30/19 14:41,67.798,52.2,693.7,83.199
9/30/19 14:41,67.798,52.2,691.2,83.199
9/30/19 14:41,67.798,52.2,691.2,83.199
9/30/19 14:41,67.798,52.2,691.2,83.199
9/30/19 14:41,67.798,52.3,691.2,83.199
9/30/19 14:41,67.798,52.3,691.2,83.199
9/30/19 14:41,67.798,52.3,691.2,83.199
9/30/19 14:41,67.798,52.3,691.2,83.199
9/30/19 14:41,67.757,52.2,691.2,83.154
9/30/19 14:41,67.757,52.1,691.2,83.154
9/30/19 14:41,67.757,52,691.2,83.154
9/30/19 14:41,67.757,52,691.2,83.154
9/30/19 14:41,67.757,52,691.2,83.154
9/30/19 14:41,67.757,52.1,691.2,83.154
9/30/19 14:41,67.757,52.1,691.2,83.154
9/30/19 14:41,67.757,52.1,691.2,83.154
9/30/19 14:41,67.757,52.1,691.2,83.154
9/30/19 14:41,67.714,52.1,691.2,83.154
9/30/19 14:41,67.714,52.1,691.2,83.154
9/30/19 14:41,67.714,52.1,691.2,83.154
9/30/19 14:41,67.714,52,691.2,83.154
9/30/19 14:41,67.714,52,691.2,83.154
9/30/19 14:41,67.714,52,691.2,83.154
9/30/19 14:41,67.714,52,691.2,83.154
9/30/19 14:41,67.714,52,691.2,83.154
9/30/19 14:41,67.714,52,691.2,83.154
9/30/19 14:41,67.714,52,691.2,83.154
9/30/19 14:41,67.671,52,691.2,83.154
9/30/19 14:41,67.671,52,693.7,83.154
9/30/19 14:41,67.671,51.9,693.7,83.109
9/30/19 14:41,67.671,51.9,693.7,83.109
9/30/19 14:41,67.671,51.9,693.7,83.109
9/30/19 14:41,67.671,51.8,693.7,83.109
9/30/19 14:41,67.671,51.8,696.2,83.109
9/30/19 14:41,67.671,51.8,696.2,83.109
9/30/19 14:41,67.627,51.9,696.2,83.109
9/30/19 14:41,67.627,51.9,696.2,83.109
9/30/19 14:41,67.627,51.9,696.2,83.109
9/30/19 14:41,67.627,52,696.2,83.109
9/30/19 14:41,67.627,52,696.2,83.109
9/30/19 14:42,67.627,52.1,696.2,83.109
9/30/19 14:42,67.627,52.2,696.2,83.109
9/30/19 14:42,67.627,52.3,696.2,83.109
9/30/19 14:42,67.627,52.3,696.2,83.109
9/30/19 14:42,67.627,52.4,696.2,83.109
9/30/19 14:42,67.627,52.5,693.7,83.109
9/30/19 14:42,67.627,52.6,693.7,83.109
9/30/19 14:42,67.627,52.6,693.7,83.109
9/30/19 14:42,67.586,52.7,693.7,83.109
9/30/19 14:42,67.627,52.9,693.7,83.109
9/30/19 14:42,67.586,52.8,693.7,83.109
9/30/19 14:42,67.627,52.9,693.7,83.109
9/30/19 14:42,67.627,53,693.7,83.064
9/30/19 14:42,67.627,53.1,693.7,83.064
9/30/19 14:42,67.627,53.2,693.7,83.109
9/30/19 14:42,67.627,53.3,693.7,83.064
9/30/19 14:42,67.627,53.3,693.7,83.064
9/30/19 14:42,67.627,53.4,693.7,83.064
9/30/19 14:42,67.627,53.5,693.7,83.064
9/30/19 14:42,67.627,53.4,693.7,83.064
9/30/19 14:42,67.627,53.5,693.7,83.064
9/30/19 14:42,67.627,53.6,693.7,83.064
9/30/19 14:42,67.627,53.7,693.7,83.064
9/30/19 14:42,67.627,53.9,693.7,83.064
9/30/19 14:42,67.627,54,693.7,83.064
9/30/19 14:42,67.627,54,693.7,83.064
9/30/19 14:42,67.627,54.1,693.7,83.064
9/30/19 14:42,67.671,54.1,693.7,83.064
9/30/19 14:42,67.671,54.1,693.7,83.064
9/30/19 14:42,67.671,54.1,693.7,83.064
9/30/19 14:42,67.671,54.1,693.7,83.064
9/30/19 14:42,67.671,54,693.7,83.064
9/30/19 14:42,67.671,54,693.7,83.064
9/30/19 14:42,67.671,54,691.2,83.064
9/30/19 14:42,67.671,53.9,691.2,83.064
9/30/19 14:42,67.671,53.9,691.2,83.064
9/30/19 14:42,67.671,53.9,688.7,83.021
9/30/19 14:42,67.671,53.9,688.7,83.064
9/30/19 14:42,67.671,53.9,688.7,83.064
9/30/19 14:42,67.714,53.9,688.7,83.021
9/30/19 14:42,67.714,53.9,688.7,83.021
9/30/19 14:42,67.714,53.9,686.2,83.021
9/30/19 14:42,67.714,53.9,686.2,83.021
9/30/19 14:42,67.714,53.8,686.2,83.021
9/30/19 14:42,67.714,53.8,686.2,83.021
9/30/19 14:42,67.714,53.7,683.7,83.021
9/30/19 14:42,67.714,53.6,683.7,83.021
9/30/19 14:42,67.714,53.5,681.2,83.021
9/30/19 14:42,67.714,53.5,681.2,83.021
9/30/19 14:42,67.714,53.5,681.2,83.021
9/30/19 14:42,67.714,53.5,678.7,83.021
9/30/19 14:42,67.714,53.5,678.7,83.021
9/30/19 14:42,67.714,53.5,678.7,83.021
9/30/19 14:42,67.714,53.5,676.2,83.021
9/30/19 14:42,67.714,53.6,676.2,83.021
9/30/19 14:42,67.714,53.6,676.2,83.021
9/30/19 14:42,67.714,53.7,673.7,83.021
9/30/19 14:42,67.714,53.8,673.7,83.021
9/30/19 14:42,67.714,53.9,673.7,83.021
9/30/19 14:42,67.714,53.9,671.2,83.021
9/30/19 14:43,67.714,53.9,671.2,83.021
9/30/19 14:43,67.714,54,671.2,83.021
9/30/19 14:43,67.714,54,668.7,83.021
9/30/19 14:43,67.714,54,668.7,83.021
9/30/19 14:43,67.714,54,668.7,83.021
9/30/19 14:43,67.714,54.1,666.2,83.021
9/30/19 14:43,67.714,54.2,666.2,83.021
9/30/19 14:43,67.714,54.3,666.2,83.021
9/30/19 14:43,67.714,54.4,663.7,83.021
9/30/19 14:43,67.714,54.5,663.7,83.021
9/30/19 14:43,67.714,54.6,661.2,83.021
9/30/19 14:43,67.757,54.7,661.2,83.021
9/30/19 14:43,67.714,54.8,661.2,83.021
9/30/19 14:43,67.714,54.8,661.2,83.021
9/30/19 14:43,67.757,54.9,658.7,83.021
9/30/19 14:43,67.757,55,658.7,83.021
9/30/19 14:43,67.757,55,658.7,83.021
9/30/19 14:43,67.757,55.1,658.7,83.021
9/30/19 14:43,67.757,55,656.2,83.021
9/30/19 14:43,67.757,54.9,656.2,83.021
9/30/19 14:43,67.757,54.7,656.2,83.021
9/30/19 14:43,67.757,54.5,656.2,83.021
9/30/19 14:43,67.757,54.4,656.2,83.021
9/30/19 14:43,67.757,54.2,653.7,83.021
9/30/19 14:43,67.757,54,653.7,83.021
9/30/19 14:43,67.714,53.8,653.7,83.021
9/30/19 14:43,67.757,53.6,653.7,83.021
9/30/19 14:43,67.714,53.4,653.7,83.021
9/30/19 14:43,67.714,53.4,653.7,83.021
9/30/19 14:43,67.714,53.2,651.2,83.021
9/30/19 14:43,67.714,53.1,651.2,83.021
9/30/19 14:43,67.714,53,651.2,83.021
9/30/19 14:43,67.714,52.9,651.2,83.021
9/30/19 14:43,67.714,52.9,651.2,83.021
9/30/19 14:43,67.671,52.8,648.7,83.021
9/30/19 14:43,67.671,52.8,648.7,83.021
9/30/19 14:43,67.671,52.9,648.7,83.021
9/30/19 14:43,67.671,52.8,648.7,83.021
9/30/19 14:43,67.671,52.7,648.7,83.021
9/30/19 14:43,67.671,52.7,648.7,83.021
9/30/19 14:43,67.627,52.6,648.7,83.021
9/30/19 14:43,67.627,52.6,648.7,83.021
9/30/19 14:43,67.627,52.6,646.2,83.021
9/30/19 14:43,67.627,52.5,646.2,83.021
9/30/19 14:43,67.627,52.5,646.2,83.021
9/30/19 14:43,67.586,52.5,646.2,83.021
9/30/19 14:43,67.627,52.5,646.2,83.021
9/30/19 14:43,67.586,52.6,643.7,83.021
9/30/19 14:43,67.586,52.5,643.7,83.021
9/30/19 14:43,67.586,52.6,643.7,83.021
9/30/19 14:43,67.586,52.6,643.7,83.021
9/30/19 14:43,67.586,52.6,643.7,83.021
9/30/19 14:43,67.586,52.7,643.7,83.021
9/30/19 14:43,67.543,52.8,643.7,83.021
9/30/19 14:43,67.543,52.8,643.7,83.021
9/30/19 14:43,67.543,52.9,641.2,83.021
9/30/19 14:43,67.543,52.8,641.2,83.021
9/30/19 14:43,67.543,52.8,641.2,83.021
9/30/19 14:43,67.543,52.9,641.2,83.021
9/30/19 14:43,67.543,53,641.2,83.021
9/30/19 14:44,67.543,53.1,641.2,83.021
9/30/19 14:44,67.543,53.2,641.2,83.021
9/30/19 14:44,67.5,53.3,641.2,83.021
9/30/19 14:44,67.5,53.3,638.7,83.021
9/30/19 14:44,67.5,53.5,638.7,83.021
9/30/19 14:44,67.5,53.5,638.7,82.976
9/30/19 14:44,67.5,53.5,638.7,83.021
9/30/19 14:44,67.5,53.6,638.7,82.976
9/30/19 14:44,67.5,53.6,638.7,82.976
9/30/19 14:44,67.5,53.6,638.7,82.976
9/30/19 14:44,67.5,53.6,638.7,82.976
9/30/19 14:44,67.5,53.6,638.7,82.976
9/30/19 14:44,67.5,53.6,636.2,82.976
9/30/19 14:44,67.5,53.6,636.2,82.976
9/30/19 14:44,67.5,53.6,636.2,82.976
9/30/19 14:44,67.5,53.6,636.2,82.976
9/30/19 14:44,67.456,53.5,636.2,82.976
9/30/19 14:44,67.456,53.5,636.2,82.976
9/30/19 14:44,67.456,53.4,636.2,82.976
9/30/19 14:44,67.456,53.4,636.2,82.976
9/30/19 14:44,67.456,53.3,633.7,82.976
9/30/19 14:44,67.456,53.2,633.7,82.976
9/30/19 14:44,67.456,53,633.7,82.976
9/30/19 14:44,67.456,52.9,633.7,82.976
9/30/19 14:44,67.413,52.9,633.7,82.976
9/30/19 14:44,67.456,52.8,633.7,82.976
9/30/19 14:44,67.413,52.7,633.7,82.976
9/30/19 14:44,67.413,52.6,633.7,82.976
9/30/19 14:44,67.413,52.5,631.2,82.976
9/30/19 14:44,67.413,52.3,631.2,82.976
9/30/19 14:44,67.413,52.3,631.2,82.976
9/30/19 14:44,67.413,52.2,631.2,82.976
9/30/19 14:44,67.413,52.2,631.2,82.976
9/30/19 14:44,67.372,52.2,631.2,82.976
9/30/19 14:44,67.372,52.2,631.2,82.976
9/30/19 14:44,67.372,52.2,631.2,82.976
9/30/19 14:44,67.372,52.2,628.7,82.976
9/30/19 14:44,67.372,52.3,628.7,82.976
9/30/19 14:44,67.372,52.4,628.7,82.931
9/30/19 14:44,67.372,52.4,628.7,82.976
9/30/19 14:44,67.372,52.5,628.7,82.931
9/30/19 14:44,67.372,52.6,628.7,82.976
9/30/19 14:44,67.372,52.6,628.7,82.931
9/30/19 14:44,67.372,52.7,628.7,82.931
9/30/19 14:44,67.372,52.7,626.2,82.931
9/30/19 14:44,67.329,52.7,626.2,82.931
9/30/19 14:44,67.329,52.7,626.2,82.931
9/30/19 14:44,67.329,52.7,626.2,82.931
9/30/19 14:44,67.329,52.8,623.7,82.931
9/30/19 14:44,67.329,52.8,623.7,82.931
9/30/19 14:44,67.329,52.8,623.7,82.931
9/30/19 14:44,67.329,52.8,623.7,82.931
9/30/19 14:44,67.329,52.9,623.7,82.931
9/30/19 14:44,67.329,52.8,623.7,82.931
9/30/19 14:44,67.329,52.9,623.7,82.931
9/30/19 14:44,67.329,53,623.7,82.931
9/30/19 14:44,67.329,53.1,621.2,82.931
9/30/19 14:44,67.329,53.3,621.2,82.931
9/30/19 14:44,67.329,53.3,621.2,82.931
9/30/19 14:44,67.329,53.4,621.2,82.931
9/30/19 14:45,67.285,53.4,621.2,82.931
9/30/19 14:45,67.285,53.4,621.2,82.931
9/30/19 14:45,67.329,53.5,621.2,82.931
9/30/19 14:45,67.285,53.4,618.7,82.931
9/30/19 14:45,67.285,53.4,618.7,82.931
9/30/19 14:45,67.285,53.5,618.7,82.931
9/30/19 14:45,67.285,53.4,618.7,82.931
9/30/19 14:45,67.285,53.3,618.7,82.931
9/30/19 14:45,67.285,53.3,618.7,82.931
9/30/19 14:45,67.285,53.3,618.7,82.931
9/30/19 14:45,67.285,53.2,618.7,82.931
9/30/19 14:45,67.285,53.2,616.2,82.931
9/30/19 14:45,67.285,53.1,616.2,82.931
9/30/19 14:45,67.285,53.1,616.2,82.931
9/30/19 14:45,67.285,53,616.2,82.931
9/30/19 14:45,67.285,53,616.2,82.886
9/30/19 14:45,67.285,53,616.2,82.931
9/30/19 14:45,67.285,53.1,616.2,82.886
9/30/19 14:45,67.285,53.1,616.2,82.886
9/30/19 14:45,67.285,53.2,613.7,82.886
9/30/19 14:45,67.285,53.2,613.7,82.886
9/30/19 14:45,67.242,53.2,613.7,82.886
9/30/19 14:45,67.242,53.3,613.7,82.886
9/30/19 14:45,67.242,53.4,613.7,82.886
9/30/19 14:45,67.242,53.5,613.7,82.886
9/30/19 14:45,67.242,53.4,613.7,82.886
9/30/19 14:45,67.242,53.5,611.2,82.886
9/30/19 14:45,67.242,53.5,611.2,82.886
9/30/19 14:45,67.242,53.4,611.2,82.886
9/30/19 14:45,67.242,53.4,611.2,82.886
9/30/19 14:45,67.242,53.5,611.2,82.886
9/30/19 14:45,67.242,53.4,611.2,82.886
9/30/19 14:45,67.242,53.4,611.2,82.886
9/30/19 14:45,67.242,53.3,608.7,82.886
9/30/19 14:45,67.242,53.3,608.7,82.886
9/30/19 14:45,67.242,53.2,608.7,82.886
9/30/19 14:45,67.242,53.1,608.7,82.886
9/30/19 14:45,67.242,53,606.2,82.886
9/30/19 14:45,67.242,53,606.2,82.886
9/30/19 14:45,67.199,52.9,606.2,82.886
9/30/19 14:45,67.199,52.8,606.2,82.886
9/30/19 14:45,67.199,52.9,606.2,82.886
9/30/19 14:45,67.199,52.8,606.2,82.886
9/30/19 14:45,67.199,52.7,606.2,82.841
9/30/19 14:45,67.199,52.6,603.7,82.886
9/30/19 14:45,67.199,52.5,603.7,82.841
9/30/19 14:45,67.199,52.4,603.7,82.886
9/30/19 14:45,67.199,52.4,603.7,82.841
9/30/19 14:45,67.199,52.3,603.7,82.841
9/30/19 14:45,67.199,52.3,603.7,82.841
9/30/19 14:45,67.158,52.2,603.7,82.841
9/30/19 14:45,67.199,52.2,603.7,82.841
9/30/19 14:45,67.158,52.2,601.2,82.841
9/30/19 14:45,67.158,52.2,601.2,82.841
9/30/19 14:45,67.158,52.2,601.2,82.841
9/30/19 14:45,67.158,52.2,601.2,82.841
9/30/19 14:45,67.158,52.2,601.2,82.841
9/30/19 14:45,67.158,52.2,601.2,82.841
9/30/19 14:45,67.158,52.2,598.7,82.841
9/30/19 14:45,67.158,52.2,598.7,82.841
9/30/19 14:46,67.158,52.2,598.7,82.841
9/30/19 14:46,67.158,52.2,598.7,82.841
9/30/19 14:46,67.158,52.2,598.7,82.841
9/30/19 14:46,67.158,52.2,598.7,82.841
9/30/19 14:46,67.114,52.2,598.7,82.841
9/30/19 14:46,67.158,52.2,596.2,82.841
9/30/19 14:46,67.114,52.2,596.2,82.841
9/30/19 14:46,67.114,52.2,596.2,82.841
9/30/19 14:46,67.114,52.2,596.2,82.841
9/30/19 14:46,67.114,52.2,596.2,82.841
9/30/19 14:46,67.114,52.3,596.2,82.841
9/30/19 14:46,67.114,52.3,596.2,82.841
9/30/19 14:46,67.114,52.4,593.7,82.841
9/30/19 14:46,67.114,52.4,593.7,82.798
9/30/19 14:46,67.114,52.5,593.7,82.798
9/30/19 14:46,67.114,52.5,593.7,82.798
9/30/19 14:46,67.114,52.6,593.7,82.798
9/30/19 14:46,67.114,52.6,593.7,82.798
9/30/19 14:46,67.114,52.7,593.7,82.798
9/30/19 14:46,67.114,52.7,593.7,82.798
9/30/19 14:46,67.114,52.7,591.2,82.798
9/30/19 14:46,67.114,52.9,591.2,82.798
9/30/19 14:46,67.114,52.8,591.2,82.798
9/30/19 14:46,67.114,52.9,591.2,82.798
9/30/19 14:46,67.114,53,591.2,82.798
9/30/19 14:46,67.114,53.2,591.2,82.798
9/30/19 14:46,67.114,53.3,591.2,82.798
9/30/19 14:46,67.114,53.5,591.2,82.798
9/30/19 14:46,67.114,53.5,588.7,82.798
9/30/19 14:46,67.114,53.7,588.7,82.798
9/30/19 14:46,67.114,53.8,588.7,82.798
9/30/19 14:46,67.114,54,588.7,82.798
9/30/19 14:46,67.114,54,588.7,82.798
9/30/19 14:46,67.114,54.2,588.7,82.798
9/30/19 14:46,67.114,54.3,586.2,82.798
9/30/19 14:46,67.114,54.4,586.2,82.798
9/30/19 14:46,67.114,54.5,586.2,82.798
9/30/19 14:46,67.114,54.6,586.2,82.798
9/30/19 14:46,67.114,54.6,586.2,82.798
9/30/19 14:46,67.158,54.6,586.2,82.753
9/30/19 14:46,67.158,54.6,586.2,82.798
9/30/19 14:46,67.158,54.6,586.2,82.753
9/30/19 14:46,67.158,54.6,586.2,82.798
9/30/19 14:46,67.158,54.6,586.2,82.798
9/30/19 14:46,67.114,54.6,586.2,82.753
9/30/19 14:46,67.158,54.5,583.7,82.753
9/30/19 14:46,67.158,54.5,583.7,82.753
9/30/19 14:46,67.158,54.4,583.7,82.753
9/30/19 14:46,67.158,54.4,583.7,82.753
9/30/19 14:46,67.158,54.3,583.7,82.753
9/30/19 14:46,67.158,54.3,583.7,82.753
9/30/19 14:46,67.158,54.2,583.7,82.753
9/30/19 14:46,67.158,54.3,583.7,82.753
9/30/19 14:46,67.158,54.3,583.7,82.753
9/30/19 14:46,67.158,54.4,583.7,82.753
9/30/19 14:46,67.158,54.4,583.7,82.753
9/30/19 14:46,67.158,54.5,583.7,82.753
9/30/19 14:46,67.158,54.5,581.2,82.753
9/30/19 14:46,67.158,54.6,581.2,82.753
9/30/19 14:46,67.158,54.6,581.2,82.753
9/30/19 14:47,67.158,54.6,581.2,82.753
9/30/19 14:47,67.158,54.6,581.2,82.753
9/30/19 14:47,67.158,54.7,581.2,82.753
9/30/19 14:47,67.158,54.7,581.2,82.753
9/30/19 14:47,67.158,54.8,581.2,82.753
9/30/19 14:47,67.158,54.9,581.2,82.753
9/30/19 14:47,67.158,55,581.2,82.753
9/30/19 14:47,67.158,55.1,581.2,82.753
9/30/19 14:47,67.158,55.1,581.2,82.753
9/30/19 14:47,67.158,55.2,581.2,82.753
9/30/19 14:47,67.199,55.4,581.2,82.753
9/30/19 14:47,67.199,55.5,581.2,82.753
9/30/19 14:47,67.199,55.6,581.2,82.753
9/30/19 14:47,67.199,55.7,581.2,82.753
9/30/19 14:47,67.199,56,581.2,82.753
9/30/19 14:47,67.199,56.1,581.2,82.753
9/30/19 14:47,67.199,56.1,581.2,82.753
9/30/19 14:47,67.199,56,578.7,82.753
9/30/19 14:47,67.242,56.1,581.2,82.753
9/30/19 14:47,67.199,56.1,578.7,82.753
9/30/19 14:47,67.199,56,578.7,82.753
9/30/19 14:47,67.199,55.9,578.7,82.753
9/30/19 14:47,67.242,55.8,578.7,82.753
9/30/19 14:47,67.242,55.7,578.7,82.753
9/30/19 14:47,67.242,55.7,578.7,82.753
9/30/19 14:47,67.242,55.5,578.7,82.753
9/30/19 14:47,67.242,55.4,578.7,82.753
9/30/19 14:47,67.242,55.2,578.7,82.753
9/30/19 14:47,67.242,55.1,578.7,82.753
9/30/19 14:47,67.242,54.9,578.7,82.753
9/30/19 14:47,67.242,54.8,578.7,82.753
9/30/19 14:47,67.242,54.6,578.7,82.753
9/30/19 14:47,67.242,54.6,578.7,82.753
9/30/19 14:47,67.242,54.4,578.7,82.753
9/30/19 14:47,67.242,54.3,578.7,82.753
9/30/19 14:47,67.242,54.2,578.7,82.753
9/30/19 14:47,67.242,54.1,578.7,82.753
9/30/19 14:47,67.242,54,578.7,82.753
9/30/19 14:47,67.242,53.9,578.7,82.753
9/30/19 14:47,67.242,53.9,578.7,82.753
9/30/19 14:47,67.242,53.8,578.7,82.753
9/30/19 14:47,67.242,53.8,578.7,82.753
9/30/19 14:47,67.242,53.7,578.7,82.753
9/30/19 14:47,67.242,53.7,578.7,82.753
9/30/19 14:47,67.242,53.7,578.7,82.753
9/30/19 14:47,67.242,53.7,578.7,82.753
9/30/19 14:47,67.242,53.8,578.7,82.708
9/30/19 14:47,67.242,53.8,578.7,82.753
9/30/19 14:47,67.242,53.8,578.7,82.753
9/30/19 14:47,67.242,53.8,581.2,82.708
9/30/19 14:47,67.242,53.8,581.2,82.708
9/30/19 14:47,67.242,53.8,578.7,82.708
9/30/19 14:47,67.285,53.9,581.2,82.708
9/30/19 14:47,67.285,54,581.2,82.753
9/30/19 14:47,67.242,54,581.2,82.708
9/30/19 14:47,67.285,54,581.2,82.708
9/30/19 14:47,67.285,54.1,581.2,82.708
9/30/19 14:47,67.285,54.2,581.2,82.708
9/30/19 14:47,67.242,54.2,581.2,82.753
9/30/19 14:47,67.285,54.4,581.2,82.708
9/30/19 14:48,67.285,54.5,581.2,82.708
9/30/19 14:48,67.285,54.5,581.2,82.708
9/30/19 14:48,67.285,54.6,581.2,82.708
9/30/19 14:48,67.285,54.6,581.2,82.708
9/30/19 14:48,67.285,54.5,581.2,82.708
9/30/19 14:48,67.285,54.4,581.2,82.708
9/30/19 14:48,67.285,54.3,581.2,82.708
9/30/19 14:48,67.285,54.2,581.2,82.708
9/30/19 14:48,67.285,54.1,581.2,82.708
9/30/19 14:48,67.285,54,581.2,82.708
9/30/19 14:48,67.285,53.9,583.7,82.708
9/30/19 14:48,67.285,53.8,583.7,82.708
9/30/19 14:48,67.285,53.7,583.7,82.708
9/30/19 14:48,67.285,53.5,583.7,82.708
9/30/19 14:48,67.242,53.5,583.7,82.708
9/30/19 14:48,67.242,53.4,583.7,82.708
9/30/19 14:48,67.242,53.4,583.7,82.708
9/30/19 14:48,67.242,53.3,583.7,82.708
9/30/19 14:48,67.242,53.3,583.7,82.708
9/30/19 14:48,67.242,53.2,583.7,82.708
9/30/19 14:48,67.242,53.2,586.2,82.708
9/30/19 14:48,67.242,53.2,586.2,82.708
9/30/19 14:48,67.242,53.2,586.2,82.708
9/30/19 14:48,67.242,53.2,586.2,82.708
9/30/19 14:48,67.242,53.3,586.2,82.708
9/30/19 14:48,67.242,53.3,586.2,82.708
9/30/19 14:48,67.242,53.3,586.2,82.708
9/30/19 14:48,67.242,53.4,586.2,82.708
9/30/19 14:48,67.242,53.4,588.7,82.708
9/30/19 14:48,67.242,53.5,588.7,82.708
9/30/19 14:48,67.242,53.4,588.7,82.708
9/30/19 14:48,67.242,53.4,588.7,82.708
9/30/19 14:48,67.199,53.5,588.7,82.708
9/30/19 14:48,67.199,53.5,588.7,82.708
9/30/19 14:48,67.199,53.5,591.2,82.708
9/30/19 14:48,67.199,53.6,591.2,82.708
9/30/19 14:48,67.199,53.6,591.2,82.708
9/30/19 14:48,67.199,53.7,591.2,82.708
9/30/19 14:48,67.199,53.7,591.2,82.708
9/30/19 14:48,67.199,53.8,591.2,82.708
9/30/19 14:48,67.199,53.9,591.2,82.708
9/30/19 14:48,67.199,53.9,593.7,82.708
9/30/19 14:48,67.199,54,593.7,82.708
9/30/19 14:48,67.199,54,593.7,82.708
9/30/19 14:48,67.199,54.1,593.7,82.708
9/30/19 14:48,67.199,54.1,593.7,82.708
9/30/19 14:48,67.199,54.2,593.7,82.708
9/30/19 14:48,67.199,54.3,593.7,82.708
9/30/19 14:48,67.242,54.4,596.2,82.708
9/30/19 14:48,67.242,54.4,596.2,82.665
9/30/19 14:48,67.242,54.4,596.2,82.665
9/30/19 14:48,67.199,54.4,596.2,82.665
9/30/19 14:48,67.242,54.4,596.2,82.708
9/30/19 14:48,67.242,54.3,596.2,82.708
9/30/19 14:48,67.242,54.2,596.2,82.665
9/30/19 14:48,67.242,54.2,598.7,82.708
9/30/19 14:48,67.199,54.1,598.7,82.708
9/30/19 14:48,67.242,54.1,598.7,82.708
9/30/19 14:48,67.199,54.1,598.7,82.665
9/30/19 14:48,67.242,54.1,598.7,82.665
9/30/19 14:49,67.242,54.1,598.7,82.665
9/30/19 14:49,67.242,54,601.2,82.665
9/30/19 14:49,67.199,54,601.2,82.665
9/30/19 14:49,67.242,54,601.2,82.665
9/30/19 14:49,67.242,54,601.2,82.665
9/30/19 14:49,67.199,54,601.2,82.665
9/30/19 14:49,67.199,53.9,601.2,82.665
9/30/19 14:49,67.199,53.8,601.2,82.665
9/30/19 14:49,67.199,53.8,603.7,82.665
9/30/19 14:49,67.199,53.8,603.7,82.665
9/30/19 14:49,67.199,53.7,603.7,82.665
9/30/19 14:49,67.199,53.7,603.7,82.665
9/30/19 14:49,67.199,53.6,603.7,82.665
9/30/19 14:49,67.199,53.5,603.7,82.665
9/30/19 14:49,67.199,53.4,606.2,82.665
9/30/19 14:49,67.199,53.4,606.2,82.665
9/30/19 14:49,67.199,53.3,606.2,82.665
9/30/19 14:49,67.199,53.3,606.2,82.665
9/30/19 14:49,67.199,53.3,606.2,82.665
9/30/19 14:49,67.199,53.3,606.2,82.665
9/30/19 14:49,67.199,53.2,608.7,82.665
9/30/19 14:49,67.199,53.2,608.7,82.665
9/30/19 14:49,67.199,53.1,608.7,82.665
9/30/19 14:49,67.199,53.1,611.2,82.665
9/30/19 14:49,67.199,53,611.2,82.665
9/30/19 14:49,67.158,53,611.2,82.665
9/30/19 14:49,67.158,53,611.2,82.665
9/30/19 14:49,67.158,53,611.2,82.665
9/30/19 14:49,67.158,52.9,613.7,82.665
9/30/19 14:49,67.158,52.9,613.7,82.665
9/30/19 14:49,67.158,52.9,613.7,82.665
9/30/19 14:49,67.158,52.8,613.7,82.665
9/30/19 14:49,67.158,52.8,613.7,82.665
9/30/19 14:49,67.158,52.9,616.2,82.665
9/30/19 14:49,67.158,52.9,616.2,82.665
9/30/19 14:49,67.158,53,616.2,82.665
9/30/19 14:49,67.158,53,616.2,82.665
9/30/19 14:49,67.158,53.1,616.2,82.665
9/30/19 14:49,67.114,53.2,618.7,82.665
9/30/19 14:49,67.114,53.3,618.7,82.665
9/30/19 14:49,67.158,53.3,618.7,82.665
9/30/19 14:49,67.114,53.3,618.7,82.665
9/30/19 14:49,67.114,53.3,618.7,82.665
9/30/19 14:49,67.114,53.3,621.2,82.665
9/30/19 14:49,67.114,53.3,621.2,82.665
9/30/19 14:49,67.114,53.3,621.2,82.665
9/30/19 14:49,67.114,53.3,621.2,82.665
9/30/19 14:49,67.114,53.2,621.2,82.665
9/30/19 14:49,67.114,53.3,623.7,82.62
9/30/19 14:49,67.114,53.3,623.7,82.665
9/30/19 14:49,67.114,53.3,623.7,82.62
9/30/19 14:49,67.114,53.2,623.7,82.665
9/30/19 14:49,67.114,53.2,623.7,82.62
9/30/19 14:49,67.114,53.1,623.7,82.62
9/30/19 14:49,67.114,53.1,623.7,82.665
9/30/19 14:49,67.114,53,626.2,82.665
9/30/19 14:49,67.114,53,626.2,82.62
9/30/19 14:49,67.114,53,626.2,82.62
9/30/19 14:49,67.114,53,626.2,82.62
9/30/19 14:49,67.114,53,628.7,82.62
9/30/19 14:50,67.114,53,628.7,82.62
9/30/19 14:50,67.114,53,628.7,82.62
9/30/19 14:50,67.114,53,628.7,82.62
9/30/19 14:50,67.114,53,628.7,82.62
9/30/19 14:50,67.071,53,631.2,82.62
9/30/19 14:50,67.114,52.9,631.2,82.62
9/30/19 14:50,67.071,53,631.2,82.62
9/30/19 14:50,67.071,52.9,631.2,82.62
9/30/19 14:50,67.071,52.9,631.2,82.62
9/30/19 14:50,67.071,52.9,631.2,82.62
9/30/19 14:50,67.071,52.9,633.7,82.62
9/30/19 14:50,67.071,52.9,633.7,82.62
9/30/19 14:50,67.114,52.9,633.7,82.62
9/30/19 14:50,67.071,52.9,633.7,82.62
9/30/19 14:50,67.071,52.9,633.7,82.62
9/30/19 14:50,67.071,52.8,633.7,82.62
9/30/19 14:50,67.071,52.8,636.2,82.62
9/30/19 14:50,67.071,52.8,636.2,82.62
9/30/19 14:50,67.071,52.9,636.2,82.62
9/30/19 14:50,67.071,52.9,636.2,82.62
9/30/19 14:50,67.071,52.8,638.7,82.62
9/30/19 14:50,67.071,52.8,638.7,82.62
9/30/19 14:50,67.071,52.8,638.7,82.62
9/30/19 14:50,67.071,52.8,638.7,82.62
9/30/19 14:50,67.071,52.9,638.7,82.62
9/30/19 14:50,67.071,52.9,641.2,82.62
9/30/19 14:50,67.071,52.9,641.2,82.62
9/30/19 14:50,67.071,52.8,641.2,82.62
9/30/19 14:50,67.071,52.9,641.2,82.62
9/30/19 14:50,67.071,52.9,641.2,82.62
9/30/19 14:50,67.071,53,641.2,82.62
9/30/19 14:50,67.071,53.1,643.7,82.62
9/30/19 14:50,67.071,53.2,643.7,82.62
9/30/19 14:50,67.071,53.3,643.7,82.62
9/30/19 14:50,67.071,53.3,643.7,82.62
9/30/19 14:50,67.071,53.4,643.7,82.62
9/30/19 14:50,67.071,53.4,646.2,82.62
9/30/19 14:50,67.071,53.4,646.2,82.575
9/30/19 14:50,67.071,53.5,646.2,82.575
9/30/19 14:50,67.071,53.7,648.7,82.575
9/30/19 14:50,67.114,53.8,648.7,82.62
9/30/19 14:50,67.114,54,648.7,82.575
9/30/19 14:50,67.071,54,648.7,82.575
9/30/19 14:50,67.114,54.1,651.2,82.575
9/30/19 14:50,67.114,54.3,651.2,82.575
9/30/19 14:50,67.114,54.4,651.2,82.575
9/30/19 14:50,67.114,54.5,651.2,82.575
9/30/19 14:50,67.114,54.6,653.7,82.575
9/30/19 14:50,67.114,54.5,653.7,82.575
9/30/19 14:50,67.114,54.6,653.7,82.575
9/30/19 14:50,67.114,54.6,653.7,82.575
9/30/19 14:50,67.114,54.5,656.2,82.575
9/30/19 14:50,67.114,54.6,656.2,82.575
9/30/19 14:50,67.114,54.5,656.2,82.575
9/30/19 14:50,67.114,54.5,656.2,82.575
9/30/19 14:50,67.158,54.4,658.7,82.575
9/30/19 14:50,67.114,54.4,658.7,82.575
9/30/19 14:50,67.114,54.3,658.7,82.575
9/30/19 14:50,67.114,54.2,658.7,82.575
9/30/19 14:50,67.158,54.2,661.2,82.575
9/30/19 14:51,67.158,54.2,661.2,82.575
9/30/19 14:51,67.158,54.2,661.2,82.575
9/30/19 14:51,67.158,54.2,661.2,82.575
9/30/19 14:51,67.158,54.2,663.7,82.575
9/30/19 14:51,67.158,54.2,663.7,82.575
9/30/19 14:51,67.158,54.2,666.2,82.575
9/30/19 14:51,67.158,54.3,666.2,82.575
9/30/19 14:51,67.158,54.4,666.2,82.575
9/30/19 14:51,67.158,54.4,666.2,82.575
9/30/19 14:51,67.158,54.5,668.7,82.575
9/30/19 14:51,67.158,54.6,668.7,82.575
9/30/19 14:51,67.158,54.5,668.7,82.575
9/30/19 14:51,67.158,54.6,671.2,82.575
9/30/19 14:51,67.199,54.7,671.2,82.575
9/30/19 14:51,67.199,54.7,671.2,82.575
9/30/19 14:51,67.199,54.8,673.7,82.575
9/30/19 14:51,67.199,54.9,673.7,82.575
9/30/19 14:51,67.199,54.9,673.7,82.575
9/30/19 14:51,67.199,55,676.2,82.575
9/30/19 14:51,67.199,55.1,676.2,82.575
9/30/19 14:51,67.199,55.1,676.2,82.575
9/30/19 14:51,67.199,55.2,678.7,82.575
9/30/19 14:51,67.199,55,678.7,82.575
9/30/19 14:51,67.199,55.2,678.7,82.575
9/30/19 14:51,67.199,55.3,681.2,82.575
9/30/19 14:51,67.242,55.3,681.2,82.575
9/30/19 14:51,67.242,55.4,681.2,82.575
9/30/19 14:51,67.242,55.4,683.7,82.575
9/30/19 14:51,67.242,55.5,683.7,82.575
9/30/19 14:51,67.242,55.6,686.2,82.575
9/30/19 14:51,67.242,55.7,686.2,82.575
9/30/19 14:51,67.242,55.7,688.7,82.575
9/30/19 14:51,67.242,55.7,688.7,82.575
9/30/19 14:51,67.285,55.7,688.7,82.575
9/30/19 14:51,67.285,55.7,691.2,82.575
9/30/19 14:51,67.285,55.7,691.2,82.575
9/30/19 14:51,67.285,55.7,691.2,82.575
9/30/19 14:51,67.285,55.8,693.7,82.575
9/30/19 14:51,67.285,55.8,693.7,82.575
9/30/19 14:51,67.285,55.9,693.7,82.575
9/30/19 14:51,67.285,56,696.2,82.575
9/30/19 14:51,67.285,56.1,696.2,82.575
9/30/19 14:51,67.329,56.2,696.2,82.575
9/30/19 14:51,67.329,56.1,698.7,82.575
9/30/19 14:51,67.329,56.2,698.7,82.575
9/30/19 14:51,67.329,56.2,698.7,82.575
9/30/19 14:51,67.329,56.2,701.2,82.575
9/30/19 14:51,67.329,56.2,701.2,82.575
9/30/19 14:51,67.329,56.2,701.2,82.575
9/30/19 14:51,67.329,56.3,703.7,82.575
9/30/19 14:51,67.329,56.2,703.7,82.575
9/30/19 14:51,67.372,56.3,706.2,82.575
9/30/19 14:51,67.372,56.3,706.2,82.575
9/30/19 14:51,67.372,56.3,706.2,82.575
9/30/19 14:51,67.372,56.3,708.7,82.575
9/30/19 14:51,67.372,56.3,708.7,82.575
9/30/19 14:51,67.372,56.3,708.7,82.575
9/30/19 14:51,67.372,56.3,708.7,82.575
9/30/19 14:51,67.372,56.3,711.2,82.575
9/30/19 14:51,67.413,56.3,711.2,82.575
9/30/19 14:52,67.413,56.4,713.7,82.575
9/30/19 14:52,67.413,56.4,713.7,82.575
9/30/19 14:52,67.413,56.4,716.2,82.575
9/30/19 14:52,67.413,56.4,716.2,82.575
9/30/19 14:52,67.413,56.4,716.2,82.575
9/30/19 14:52,67.413,56.4,716.2,82.575
9/30/19 14:52,67.413,56.4,716.2,82.575
9/30/19 14:52,67.413,56.3,716.2,82.575
9/30/19 14:52,67.456,56.3,716.2,82.575
9/30/19 14:52,67.413,56.2,716.2,82.575
9/30/19 14:52,67.456,56,718.7,82.575
9/30/19 14:52,67.456,55.9,718.7,82.575
9/30/19 14:52,67.456,55.8,718.7,82.575
9/30/19 14:52,67.456,55.6,718.7,82.575
9/30/19 14:52,67.456,55.4,721.2,82.53
9/30/19 14:52,67.456,55.3,721.2,82.575
9/30/19 14:52,67.456,55.2,721.2,82.575
9/30/19 14:52,67.456,55.1,723.7,82.575
9/30/19 14:52,67.456,55.1,723.7,82.575
9/30/19 14:52,67.456,55.1,723.7,82.575
9/30/19 14:52,67.456,55,723.7,82.575
9/30/19 14:52,67.456,54.9,723.7,82.575
9/30/19 14:52,67.456,54.9,723.7,82.53
9/30/19 14:52,67.456,54.8,726.2,82.575
9/30/19 14:52,67.456,54.8,726.2,82.575
9/30/19 14:52,67.456,54.7,726.2,82.575
9/30/19 14:52,67.456,54.7,726.2,82.575
9/30/19 14:52,67.456,54.7,728.7,82.575
9/30/19 14:52,67.456,54.7,728.7,82.575
9/30/19 14:52,67.456,54.7,728.7,82.575
9/30/19 14:52,67.456,54.7,728.7,82.575
9/30/19 14:52,67.456,54.7,731.2,82.575
9/30/19 14:52,67.456,54.7,731.2,82.575
9/30/19 14:52,67.456,54.7,731.2,82.575
9/30/19 14:52,67.456,54.8,731.2,82.575
9/30/19 14:52,67.456,54.8,731.2,82.575
9/30/19 14:52,67.456,54.9,731.2,82.575
9/30/19 14:52,67.456,54.9,733.7,82.575
9/30/19 14:52,67.456,54.9,733.7,82.575
9/30/19 14:52,67.456,54.9,733.7,82.575
9/30/19 14:52,67.456,54.9,733.7,82.575
9/30/19 14:52,67.5,54.9,733.7,82.575
9/30/19 14:52,67.5,54.8,733.7,82.575
9/30/19 14:52,67.5,54.8,733.7,82.575
9/30/19 14:52,67.5,54.9,736.2,82.575
9/30/19 14:52,67.5,54.9,736.2,82.575
9/30/19 14:52,67.5,54.9,736.2,82.575
9/30/19 14:52,67.5,54.9,736.2,82.575
9/30/19 14:52,67.5,54.9,736.2,82.575
9/30/19 14:52,67.5,54.9,736.2,82.575
9/30/19 14:52,67.5,54.9,736.2,82.575
9/30/19 14:52,67.5,55,736.2,82.575
9/30/19 14:52,67.5,55,738.7,82.575
9/30/19 14:52,67.5,55.1,738.7,82.575
9/30/19 14:52,67.5,55.1,738.7,82.575
9/30/19 14:52,67.5,55.2,738.7,82.575
9/30/19 14:52,67.5,55.1,738.7,82.575
9/30/19 14:52,67.5,55.2,738.7,82.575
9/30/19 14:52,67.5,55.2,738.7,82.575
9/30/19 14:52,67.5,55.2,738.7,82.575
9/30/19 14:53,67.543,55.2,741.2,82.575
9/30/19 14:53,67.5,55.2,741.2,82.575
9/30/19 14:53,67.5,55.2,741.2,82.575
9/30/19 14:53,67.5,55.2,741.2,82.575
9/30/19 14:53,67.543,55.2,743.7,82.575
9/30/19 14:53,67.543,55.2,743.7,82.575
9/30/19 14:53,67.5,55.2,743.7,82.575
9/30/19 14:53,67.543,55.1,743.7,82.575
9/30/19 14:53,67.543,55.1,743.7,82.575
9/30/19 14:53,67.543,55.1,743.7,82.575
9/30/19 14:53,67.543,55,746.2,82.575
9/30/19 14:53,67.543,55,746.2,82.575
9/30/19 14:53,67.543,54.9,746.2,82.575
9/30/19 14:53,67.543,54.9,746.2,82.575
9/30/19 14:53,67.543,54.9,746.2,82.575
9/30/19 14:53,67.543,54.9,746.2,82.575
9/30/19 14:53,67.543,54.9,748.7,82.575
9/30/19 14:53,67.543,54.9,748.7,82.575
9/30/19 14:53,67.543,54.9,748.7,82.575
9/30/19 14:53,67.543,54.9,748.7,82.575
9/30/19 14:53,67.543,54.9,748.7,82.575
9/30/19 14:53,67.543,54.8,751.2,82.575
9/30/19 14:53,67.543,54.8,751.2,82.575
9/30/19 14:53,67.543,54.8,753.7,82.575
9/30/19 14:53,67.543,54.7,753.7,82.575
9/30/19 14:53,67.543,54.8,753.7,82.575
9/30/19 14:53,67.543,54.8,753.7,82.575
9/30/19 14:53,67.543,54.8,753.7,82.575
9/30/19 14:53,67.543,54.8,756.2,82.575
9/30/19 14:53,67.543,54.8,756.2,82.575
9/30/19 14:53,67.543,54.8,756.2,82.575
9/30/19 14:53,67.543,54.8,756.2,82.575
9/30/19 14:53,67.543,54.8,756.2,82.575
9/30/19 14:53,67.543,54.7,756.2,82.575
9/30/19 14:53,67.543,54.8,756.2,82.575
9/30/19 14:53,67.543,54.8,756.2,82.575
9/30/19 14:53,67.543,54.8,756.2,82.575
9/30/19 14:53,67.543,54.8,756.2,82.575
9/30/19 14:53,67.543,54.8,756.2,82.575
9/30/19 14:53,67.543,54.8,756.2,82.575
9/30/19 14:53,67.543,54.8,756.2,82.575
9/30/19 14:53,67.543,54.8,756.2,82.575
9/30/19 14:53,67.586,54.8,753.7,82.575
9/30/19 14:53,67.586,54.8,753.7,82.575
9/30/19 14:53,67.586,54.7,753.7,82.575
9/30/19 14:53,67.586,54.7,756.2,82.575
9/30/19 14:53,67.586,54.7,756.2,82.575
9/30/19 14:53,67.586,54.7,756.2,82.575
9/30/19 14:53,67.586,54.7,756.2,82.575
9/30/19 14:53,67.586,54.6,756.2,82.575
9/30/19 14:53,67.586,54.6,756.2,82.62
9/30/19 14:53,67.586,54.6,756.2,82.575
9/30/19 14:53,67.586,54.5,756.2,82.62
9/30/19 14:53,67.586,54.5,756.2,82.62
9/30/19 14:53,67.586,54.5,756.2,82.575
9/30/19 14:53,67.586,54.4,756.2,82.62
9/30/19 14:53,67.586,54.4,756.2,82.575
9/30/19 14:53,67.586,54.5,756.2,82.62
9/30/19 14:53,67.586,54.5,756.2,82.62
9/30/19 14:53,67.586,54.6,756.2,82.62
9/30/19 14:54,67.586,54.6,756.2,82.62
9/30/19 14:54,67.586,54.7,756.2,82.62
9/30/19 14:54,67.586,54.8,756.2,82.62
9/30/19 14:54,67.586,54.8,756.2,82.62
9/30/19 14:54,67.586,54.9,756.2,82.62
9/30/19 14:54,67.586,54.9,756.2,82.62
9/30/19 14:54,67.586,54.9,758.7,82.62
9/30/19 14:54,67.586,54.9,758.7,82.62
9/30/19 14:54,67.586,54.9,758.7,82.62
9/30/19 14:54,67.586,54.9,758.7,82.62
9/30/19 14:54,67.586,54.8,758.7,82.62
9/30/19 14:54,67.586,54.8,758.7,82.62
9/30/19 14:54,67.586,54.8,758.7,82.62
9/30/19 14:54,67.586,54.9,758.7,82.62
9/30/19 14:54,67.586,54.9,758.7,82.62
9/30/19 14:54,67.586,54.9,758.7,82.62
9/30/19 14:54,67.586,55,758.7,82.62
9/30/19 14:54,67.586,55,758.7,82.62
9/30/19 14:54,67.627,55.1,758.7,82.62
9/30/19 14:54,67.627,55.1,756.2,82.62
9/30/19 14:54,67.627,55.2,756.2,82.62
9/30/19 14:54,67.627,55.1,756.2,82.62
9/30/19 14:54,67.627,55.2,756.2,82.62
9/30/19 14:54,67.627,55.2,756.2,82.62
9/30/19 14:54,67.627,55.3,756.2,82.62
9/30/19 14:54,67.627,55.3,756.2,82.62
9/30/19 14:54,67.627,55.4,756.2,82.62
9/30/19 14:54,67.627,55.4,756.2,82.62
9/30/19 14:54,67.627,55.5,756.2,82.62
9/30/19 14:54,67.627,55.5,756.2,82.62
9/30/19 14:54,67.627,55.5,756.2,82.62
9/30/19 14:54,67.627,55.6,756.2,82.62
9/30/19 14:54,67.627,55.7,756.2,82.62
9/30/19 14:54,67.627,55.7,756.2,82.62
9/30/19 14:54,67.627,55.7,756.2,82.62
9/30/19 14:54,67.627,55.7,753.7,82.62
9/30/19 14:54,67.627,55.7,753.7,82.62
9/30/19 14:54,67.627,55.8,753.7,82.665
9/30/19 14:54,67.671,55.9,753.7,82.665
9/30/19 14:54,67.671,56,753.7,82.665
9/30/19 14:54,67.671,56.1,753.7,82.62
9/30/19 14:54,67.671,56.1,753.7,82.62
9/30/19 14:54,67.671,56.2,753.7,82.62
9/30/19 14:54,67.671,56.3,753.7,82.665
9/30/19 14:54,67.671,56.3,753.7,82.665
9/30/19 14:54,67.671,56.2,753.7,82.665
9/30/19 14:54,67.671,56.1,753.7,82.665
9/30/19 14:54,67.671,56,753.7,82.665
9/30/19 14:54,67.714,55.9,753.7,82.665
9/30/19 14:54,67.714,55.8,753.7,82.665
9/30/19 14:54,67.714,55.8,753.7,82.665
9/30/19 14:54,67.671,55.7,753.7,82.665
9/30/19 14:54,67.714,55.7,753.7,82.665
9/30/19 14:54,67.714,55.7,753.7,82.665
9/30/19 14:54,67.714,55.7,753.7,82.665
9/30/19 14:54,67.714,55.8,753.7,82.665
9/30/19 14:54,67.714,55.8,753.7,82.665
9/30/19 14:54,67.714,55.7,753.7,82.665
9/30/19 14:54,67.714,55.7,753.7,82.665
9/30/19 14:54,67.714,55.6,753.7,82.665
9/30/19 14:55,67.714,55.4,756.2,82.665
9/30/19 14:55,67.714,55.3,753.7,82.665
9/30/19 14:55,67.714,55.2,756.2,82.665
9/30/19 14:55,67.714,54.9,756.2,82.665
9/30/19 14:55,67.714,54.8,756.2,82.665
9/30/19 14:55,67.714,54.7,756.2,82.665
9/30/19 14:55,67.714,54.6,756.2,82.665
9/30/19 14:55,67.714,54.5,756.2,82.665
9/30/19 14:55,67.714,54.5,756.2,82.665
9/30/19 14:55,67.714,54.4,756.2,82.665
9/30/19 14:55,67.714,54.4,756.2,82.665
9/30/19 14:55,67.714,54.4,756.2,82.665
9/30/19 14:55,67.714,54.4,758.7,82.665
9/30/19 14:55,67.671,54.4,758.7,82.665
9/30/19 14:55,67.714,54.5,758.7,82.665
9/30/19 14:55,67.714,54.4,758.7,82.665
9/30/19 14:55,67.714,54.4,761.2,82.665
9/30/19 14:55,67.671,54.4,761.2,82.665
9/30/19 14:55,67.671,54.4,761.2,82.665
9/30/19 14:55,67.671,54.4,761.2,82.665
9/30/19 14:55,67.671,54.4,761.2,82.665
9/30/19 14:55,67.671,54.4,761.2,82.665
9/30/19 14:55,67.671,54.4,763.7,82.665
9/30/19 14:55,67.671,54.5,763.7,82.665
9/30/19 14:55,67.671,54.5,763.7,82.665
9/30/19 14:55,67.671,54.5,763.7,82.665
9/30/19 14:55,67.671,54.6,763.7,82.665
9/30/19 14:55,67.671,54.7,766.2,82.665
9/30/19 14:55,67.671,54.7,766.2,82.665
9/30/19 14:55,67.671,54.7,766.2,82.665
9/30/19 14:55,67.671,54.7,766.2,82.665
9/30/19 14:55,67.671,54.7,766.2,82.665
9/30/19 14:55,67.671,54.7,766.2,82.665
9/30/19 14:55,67.671,54.7,768.7,82.665
9/30/19 14:55,67.671,54.7,768.7,82.665
9/30/19 14:55,67.671,54.8,768.7,82.665
9/30/19 14:55,67.671,54.8,768.7,82.665
9/30/19 14:55,67.671,54.8,768.7,82.665
9/30/19 14:55,67.671,54.9,768.7,82.665
9/30/19 14:55,67.671,54.9,768.7,82.665
9/30/19 14:55,67.671,54.8,771.2,82.665
9/30/19 14:55,67.671,54.8,771.2,82.665
9/30/19 14:55,67.671,54.7,771.2,82.665
9/30/19 14:55,67.671,54.7,771.2,82.665
9/30/19 14:55,67.671,54.6,771.2,82.665
9/30/19 14:55,67.671,54.6,771.2,82.665
9/30/19 14:55,67.671,54.6,771.2,82.665
9/30/19 14:55,67.671,54.6,771.2,82.665
9/30/19 14:55,67.671,54.6,771.2,82.665
9/30/19 14:55,67.671,54.6,771.2,82.665
9/30/19 14:55,67.671,54.6,771.2,82.665
9/30/19 14:55,67.671,54.5,773.7,82.665
9/30/19 14:55,67.671,54.5,773.7,82.665
9/30/19 14:55,67.671,54.6,773.7,82.665
9/30/19 14:55,67.671,54.6,773.7,82.665
9/30/19 14:55,67.671,54.6,773.7,82.665
9/30/19 14:55,67.671,54.5,773.7,82.665
9/30/19 14:55,67.671,54.5,773.7,82.665
9/30/19 14:55,67.671,54.5,773.7,82.665
9/30/19 14:55,67.671,54.6,773.7,82.665
9/30/19 14:56,67.671,54.5,773.7,82.708
9/30/19 14:56,67.671,54.6,773.7,82.665
9/30/19 14:56,67.671,54.6,773.7,82.665
9/30/19 14:56,67.671,54.6,773.7,82.665
9/30/19 14:56,67.671,54.6,773.7,82.665
9/30/19 14:56,67.671,54.7,776.2,82.708
9/30/19 14:56,67.671,54.8,776.2,82.708
9/30/19 14:56,67.671,54.9,776.2,82.665
9/30/19 14:56,67.671,55.1,776.2,82.665
9/30/19 14:56,67.671,55.2,776.2,82.665
9/30/19 14:56,67.671,55.3,776.2,82.665
9/30/19 14:56,67.714,55.4,776.2,82.708
9/30/19 14:56,67.714,55.6,778.7,82.708
9/30/19 14:56,67.714,55.8,778.7,82.708
9/30/19 14:56,67.714,55.8,778.7,82.708
9/30/19 14:56,67.714,55.9,781.2,82.708
9/30/19 14:56,67.714,56,781.2,82.708
9/30/19 14:56,67.714,56.1,781.2,82.708
9/30/19 14:56,67.714,56.3,783.7,82.708
9/30/19 14:56,67.757,56.3,783.7,82.708
9/30/19 14:56,67.757,56.4,786.2,82.708
9/30/19 14:56,67.757,56.6,786.2,82.708
9/30/19 14:56,67.757,56.6,788.7,82.708
9/30/19 14:56,67.757,56.7,788.7,82.708
9/30/19 14:56,67.757,56.8,791.2,82.708
9/30/19 14:56,67.757,56.9,791.2,82.708
9/30/19 14:56,67.757,56.9,793.7,82.708
9/30/19 14:56,67.798,56.9,796.2,82.708
9/30/19 14:56,67.798,56.9,796.2,82.708
9/30/19 14:56,67.798,56.9,798.7,82.708
9/30/19 14:56,67.798,56.8,801.2,82.708
9/30/19 14:56,67.798,56.9,803.7,82.708
9/30/19 14:56,67.798,56.9,803.7,82.708
9/30/19 14:56,67.798,56.9,806.2,82.708
9/30/19 14:56,67.798,56.8,806.2,82.708
9/30/19 14:56,67.842,56.8,808.7,82.708
9/30/19 14:56,67.842,56.8,811.2,82.708
9/30/19 14:56,67.842,56.6,811.2,82.708
9/30/19 14:56,67.842,56.4,813.7,82.708
9/30/19 14:56,67.842,56.2,816.2,82.708
9/30/19 14:56,67.842,56,818.7,82.708
9/30/19 14:56,67.842,55.7,823.7,82.708
9/30/19 14:56,67.842,55.6,826.2,82.708
9/30/19 14:56,67.842,55.4,831.2,82.708
9/30/19 14:56,67.842,55.2,838.7,82.708
9/30/19 14:56,67.842,55.2,846.2,82.708
9/30/19 14:56,67.842,55,856.2,82.708
9/30/19 14:56,67.842,54.9,868.7,82.708
9/30/19 14:56,67.842,54.9,878.7,82.708
9/30/19 14:56,67.842,54.8,888.7,82.708
9/30/19 14:56,67.842,54.9,891.2,82.708
9/30/19 14:56,67.842,54.9,888.7,82.708
9/30/19 14:56,67.842,54.9,881.2,82.708
9/30/19 14:56,67.842,54.9,876.2,82.708
9/30/19 14:56,67.842,54.9,868.7,82.708
9/30/19 14:56,67.842,54.9,863.7,82.708
9/30/19 14:56,67.842,54.8,851.2,82.708
9/30/19 14:56,67.842,54.7,841.2,82.708
9/30/19 14:56,67.842,54.7,831.2,82.708
9/30/19 14:56,67.842,54.7,821.2,82.708
9/30/19 14:57,67.842,54.7,816.2,82.708
9/30/19 14:57,67.842,54.7,811.2,82.753
9/30/19 14:57,67.842,54.6,808.7,82.708
9/30/19 14:57,67.842,54.6,803.7,82.708
9/30/19 14:57,67.842,54.5,801.2,82.708
9/30/19 14:57,67.842,54.4,796.2,82.753
9/30/19 14:57,67.842,54.4,793.7,82.753
9/30/19 14:57,67.842,54.3,791.2,82.753
9/30/19 14:57,67.842,54.2,788.7,82.708
9/30/19 14:57,67.842,54.2,786.2,82.708
9/30/19 14:57,67.842,54.2,783.7,82.753
9/30/19 14:57,67.842,54.2,781.2,82.753
9/30/19 14:57,67.842,54.2,778.7,82.708
9/30/19 14:57,67.842,54.2,776.2,82.753
9/30/19 14:57,67.842,54.2,773.7,82.708
9/30/19 14:57,67.798,54.2,771.2,82.708
9/30/19 14:57,67.842,54.2,771.2,82.753
9/30/19 14:57,67.842,54.1,768.7,82.753
9/30/19 14:57,67.798,54,768.7,82.708
9/30/19 14:57,67.842,54,766.2,82.753
9/30/19 14:57,67.842,53.9,766.2,82.753
9/30/19 14:57,67.842,53.8,763.7,82.753
9/30/19 14:57,67.798,53.7,763.7,82.753
9/30/19 14:57,67.798,53.6,761.2,82.753
9/30/19 14:57,67.798,53.6,761.2,82.753
9/30/19 14:57,67.798,53.6,758.7,82.753
9/30/19 14:57,67.798,53.6,758.7,82.753
9/30/19 14:57,67.798,53.6,756.2,82.753
9/30/19 14:57,67.798,53.7,756.2,82.753
9/30/19 14:57,67.798,53.8,756.2,82.753
9/30/19 14:57,67.798,53.8,753.7,82.708
9/30/19 14:57,67.798,53.9,753.7,82.753
9/30/19 14:57,67.798,54,753.7,82.753
9/30/19 14:57,67.798,54.1,751.2,82.753
9/30/19 14:57,67.798,54.2,751.2,82.753
9/30/19 14:57,67.798,54.4,751.2,82.753
9/30/19 14:57,67.798,54.5,748.7,82.753
9/30/19 14:57,67.798,54.6,748.7,82.753
9/30/19 14:57,67.798,54.6,748.7,82.753
9/30/19 14:57,67.798,54.7,746.2,82.753
9/30/19 14:57,67.798,54.8,746.2,82.753
9/30/19 14:57,67.798,54.9,743.7,82.753
9/30/19 14:57,67.798,55.1,743.7,82.753
9/30/19 14:57,67.798,55.2,743.7,82.753
9/30/19 14:57,67.798,55.2,741.2,82.753
9/30/19 14:57,67.798,55.3,741.2,82.753
9/30/19 14:57,67.842,55.3,738.7,82.753
9/30/19 14:57,67.842,55.2,738.7,82.753
9/30/19 14:57,67.842,55.2,738.7,82.753
9/30/19 14:57,67.842,55.2,738.7,82.753
9/30/19 14:57,67.842,55.1,736.2,82.753
9/30/19 14:57,67.842,55,736.2,82.753
9/30/19 14:57,67.842,54.9,736.2,82.753
9/30/19 14:57,67.842,54.9,736.2,82.753
9/30/19 14:57,67.842,54.7,733.7,82.753
9/30/19 14:57,67.842,54.7,733.7,82.753
9/30/19 14:57,67.842,54.5,733.7,82.753
9/30/19 14:57,67.842,54.5,733.7,82.753
9/30/19 14:57,67.842,54.5,733.7,82.753
9/30/19 14:57,67.842,54.4,733.7,82.753
9/30/19 14:58,67.842,54.2,733.7,82.753
9/30/19 14:58,67.842,54.2,731.2,82.753
9/30/19 14:58,67.842,54.1,731.2,82.753
9/30/19 14:58,67.842,54,731.2,82.753
9/30/19 14:58,67.842,54,731.2,82.753
9/30/19 14:58,67.842,54,731.2,82.753
9/30/19 14:58,67.842,53.9,731.2,82.753
9/30/19 14:58,67.842,53.9,733.7,82.753
9/30/19 14:58,67.842,53.8,733.7,82.753
9/30/19 14:58,67.842,53.8,733.7,82.753
9/30/19 14:58,67.842,53.7,733.7,82.753
9/30/19 14:58,67.798,53.7,733.7,82.753
9/30/19 14:58,67.842,53.7,733.7,82.753
9/30/19 14:58,67.798,53.7,736.2,82.753
9/30/19 14:58,67.798,53.6,736.2,82.753
9/30/19 14:58,67.798,53.6,736.2,82.753
9/30/19 14:58,67.798,53.6,736.2,82.753
9/30/19 14:58,67.798,53.5,736.2,82.753
9/30/19 14:58,67.798,53.5,736.2,82.753
9/30/19 14:58,67.798,53.5,736.2,82.753
9/30/19 14:58,67.798,53.5,736.2,82.753
9/30/19 14:58,67.798,53.5,738.7,82.753
9/30/19 14:58,67.798,53.5,738.7,82.753
9/30/19 14:58,67.798,53.5,738.7,82.753
9/30/19 14:58,67.798,53.5,736.2,82.753
9/30/19 14:58,67.798,53.5,736.2,82.753
9/30/19 14:58,67.798,53.5,736.2,82.753
9/30/19 14:58,67.798,53.6,733.7,82.753
9/30/19 14:58,67.798,53.7,733.7,82.753
9/30/19 14:58,67.798,53.8,733.7,82.753
9/30/19 14:58,67.798,53.9,731.2,82.753
9/30/19 14:58,67.798,54,731.2,82.753
9/30/19 14:58,67.798,54.1,731.2,82.753
9/30/19 14:58,67.798,54.2,731.2,82.753
9/30/19 14:58,67.798,54.3,728.7,82.753
9/30/19 14:58,67.798,54.5,728.7,82.753
9/30/19 14:58,67.798,54.6,728.7,82.753
9/30/19 14:58,67.798,54.5,728.7,82.753
9/30/19 14:58,67.798,54.7,728.7,82.753
9/30/19 14:58,67.798,54.7,728.7,82.753
9/30/19 14:58,67.798,54.8,726.2,82.753
9/30/19 14:58,67.798,54.9,726.2,82.753
9/30/19 14:58,67.798,55,726.2,82.753
9/30/19 14:58,67.798,55.1,726.2,82.753
9/30/19 14:58,67.798,55.1,726.2,82.753
9/30/19 14:58,67.798,55.2,726.2,82.753
9/30/19 14:58,67.798,55.3,726.2,82.753
9/30/19 14:58,67.798,55.4,723.7,82.753
9/30/19 14:58,67.798,55.5,723.7,82.753
9/30/19 14:58,67.798,55.5,723.7,82.753
9/30/19 14:58,67.798,55.6,723.7,82.753
9/30/19 14:58,67.798,55.6,723.7,82.753
9/30/19 14:58,67.798,55.6,723.7,82.753
9/30/19 14:58,67.798,55.5,723.7,82.753
9/30/19 14:58,67.842,55.4,723.7,82.753
9/30/19 14:58,67.842,55.3,723.7,82.753
9/30/19 14:58,67.842,55.2,723.7,82.753
9/30/19 14:58,67.842,55.1,723.7,82.753
9/30/19 14:58,67.842,54.9,723.7,82.753
9/30/19 14:58,67.842,54.8,723.7,82.753
9/30/19 14:59,67.842,54.7,723.7,82.753
9/30/19 14:59,67.842,54.5,726.2,82.753
9/30/19 14:59,67.842,54.5,726.2,82.753
9/30/19 14:59,67.842,54.5,726.2,82.753
9/30/19 14:59,67.842,54.4,726.2,82.753
9/30/19 14:59,67.842,54.4,726.2,82.753
9/30/19 14:59,67.798,54.4,726.2,82.753
9/30/19 14:59,67.842,54.4,726.2,82.753
9/30/19 14:59,67.842,54.4,726.2,82.753
9/30/19 14:59,67.798,54.4,726.2,82.753
9/30/19 14:59,67.842,54.5,726.2,82.753
9/30/19 14:59,67.798,54.6,728.7,82.753
9/30/19 14:59,67.798,54.6,728.7,82.753
9/30/19 14:59,67.842,54.7,731.2,82.753
9/30/19 14:59,67.842,54.8,736.2,82.753
9/30/19 14:59,67.842,54.9,738.7,82.753
9/30/19 14:59,67.842,55,746.2,82.753
9/30/19 14:59,67.842,55.1,748.7,82.753
9/30/19 14:59,67.798,55.2,751.2,82.753
9/30/19 14:59,67.842,55.2,751.2,82.753
9/30/19 14:59,67.842,55.2,751.2,82.753
9/30/19 14:59,67.842,55.2,751.2,82.753
9/30/19 14:59,67.842,55.2,753.7,82.753
9/30/19 14:59,67.842,55.2,753.7,82.708
9/30/19 14:59,67.842,55.1,751.2,82.753
9/30/19 14:59,67.842,55.1,751.2,82.753
9/30/19 14:59,67.842,55.2,751.2,82.753
9/30/19 14:59,67.842,55.2,748.7,82.753
9/30/19 14:59,67.842,55.2,748.7,82.753
9/30/19 14:59,67.842,55.2,748.7,82.753
9/30/19 14:59,67.842,55.3,748.7,82.753
9/30/19 14:59,67.842,55.3,751.2,82.753
9/30/19 14:59,67.842,55.4,751.2,82.753
9/30/19 14:59,67.842,55.5,753.7,82.708
9/30/19 14:59,67.842,55.6,756.2,82.753
9/30/19 14:59,67.842,55.7,758.7,82.753
9/30/19 14:59,67.842,55.8,761.2,82.753
9/30/19 14:59,67.842,55.9,761.2,82.753
9/30/19 14:59,67.885,56.1,758.7,82.753
9/30/19 14:59,67.885,56.3,753.7,82.753
9/30/19 14:59,67.885,56.3,751.2,82.753
9/30/19 14:59,67.885,56.4,751.2,82.753
9/30/19 14:59,67.885,56.6,748.7,82.753
9/30/19 14:59,67.885,56.7,743.7,82.753
9/30/19 14:59,67.885,56.7,738.7,82.753
9/30/19 14:59,67.885,56.8,733.7,82.753
9/30/19 14:59,67.885,56.8,728.7,82.708
9/30/19 14:59,67.885,56.7,723.7,82.753
9/30/19 14:59,67.885,56.7,721.2,82.753
9/30/19 14:59,67.928,56.6,718.7,82.753
9/30/19 14:59,67.928,56.6,716.2,82.708
9/30/19 14:59,67.928,56.5,713.7,82.753
9/30/19 14:59,67.928,56.5,713.7,82.753
9/30/19 14:59,67.928,56.6,711.2,82.708
9/30/19 14:59,67.928,56.6,711.2,82.753
9/30/19 14:59,67.928,56.6,708.7,82.753
9/30/19 14:59,67.928,56.7,706.2,82.753
9/30/19 14:59,67.928,56.7,703.7,82.753
9/30/19 14:59,67.971,56.8,703.7,82.753
9/30/19 14:59,67.971,56.8,701.2,82.753
9/30/19 15:00,67.971,56.8,698.7,82.753
9/30/19 15:00,67.971,56.7,698.7,82.753
9/30/19 15:00,67.971,56.7,696.2,82.753
9/30/19 15:00,67.971,56.6,693.7,82.708
9/30/19 15:00,67.971,56.6,693.7,82.753
9/30/19 15:00,67.971,56.5,691.2,82.753
9/30/19 15:00,67.971,56.5,688.7,82.753
9/30/19 15:00,67.971,56.4,688.7,82.753
9/30/19 15:00,67.971,56.4,686.2,82.753
9/30/19 15:00,68.013,56.4,686.2,82.753
9/30/19 15:00,68.013,56.3,683.7,82.753
9/30/19 15:00,68.013,56.3,681.2,82.753
9/30/19 15:00,68.013,56.3,681.2,82.708
9/30/19 15:00,68.013,56.2,681.2,82.753
9/30/19 15:00,68.013,56.2,678.7,82.753
9/30/19 15:00,68.013,56.1,678.7,82.753
9/30/19 15:00,68.013,56.2,676.2,82.753
9/30/19 15:00,68.013,56.2,676.2,82.708
9/30/19 15:00,68.013,56.3,676.2,82.708
9/30/19 15:00,68.013,56.3,673.7,82.753
9/30/19 15:00,68.013,56.3,673.7,82.708
9/30/19 15:00,68.013,56.4,671.2,82.753
9/30/19 15:00,68.013,56.6,671.2,82.753
9/30/19 15:00,68.013,56.6,671.2,82.753
9/30/19 15:00,68.013,56.7,668.7,82.753
9/30/19 15:00,68.013,56.7,668.7,82.753
9/30/19 15:00,68.056,56.9,668.7,82.708
9/30/19 15:00,68.013,56.9,666.2,82.708
9/30/19 15:00,68.056,56.9,666.2,82.753
9/30/19 15:00,68.056,56.9,666.2,82.753
9/30/19 15:00,68.056,56.9,666.2,82.753
9/30/19 15:00,68.056,56.9,663.7,82.753
9/30/19 15:00,68.056,56.8,663.7,82.753
9/30/19 15:00,68.056,56.8,663.7,82.708
9/30/19 15:00,68.056,56.7,661.2,82.708
9/30/19 15:00,68.056,56.5,661.2,82.753
9/30/19 15:00,68.056,56.3,661.2,82.753
9/30/19 15:00,68.056,56.1,658.7,82.708
9/30/19 15:00,68.056,56,658.7,82.753
9/30/19 15:00,68.056,55.7,658.7,82.753
9/30/19 15:00,68.056,55.7,656.2,82.708
9/30/19 15:00,68.056,55.4,656.2,82.753
9/30/19 15:00,68.056,55.3,656.2,82.753
9/30/19 15:00,68.056,55.2,653.7,82.753
9/30/19 15:00,68.056,55,653.7,82.753
9/30/19 15:00,68.056,54.9,653.7,82.753
9/30/19 15:00,68.056,54.8,651.2,82.753
9/30/19 15:00,68.013,54.7,651.2,82.753
9/30/19 15:00,68.013,54.7,651.2,82.753
9/30/19 15:00,68.013,54.7,648.7,82.753
9/30/19 15:00,68.013,54.7,648.7,82.753
9/30/19 15:00,68.013,54.6,648.7,82.753
9/30/19 15:00,68.013,54.6,646.2,82.753
9/30/19 15:00,68.013,54.6,643.7,82.753
9/30/19 15:00,68.013,54.5,643.7,82.753
9/30/19 15:00,68.013,54.5,643.7,82.753
9/30/19 15:00,68.013,54.6,641.2,82.753
9/30/19 15:00,68.013,54.6,641.2,82.753
9/30/19 15:00,68.013,54.6,641.2,82.753
9/30/19 15:00,68.013,54.5,638.7,82.753
9/30/19 15:01,68.013,54.4,638.7,82.753
9/30/19 15:01,68.013,54.3,638.7,82.753
9/30/19 15:01,68.013,54.2,638.7,82.753
9/30/19 15:01,67.971,54.1,636.2,82.753
9/30/19 15:01,68.013,54,636.2,82.753
9/30/19 15:01,67.971,54,636.2,82.753
9/30/19 15:01,67.971,53.9,633.7,82.753
9/30/19 15:01,67.971,53.9,633.7,82.753
9/30/19 15:01,67.971,53.8,633.7,82.753
9/30/19 15:01,67.971,53.7,631.2,82.753
9/30/19 15:01,67.971,53.6,631.2,82.753
9/30/19 15:01,67.971,53.6,631.2,82.753
9/30/19 15:01,67.971,53.5,631.2,82.753
9/30/19 15:01,67.971,53.5,628.7,82.753
9/30/19 15:01,67.928,53.4,628.7,82.753
9/30/19 15:01,67.928,53.5,628.7,82.753
9/30/19 15:01,67.928,53.4,628.7,82.753
9/30/19 15:01,67.928,53.3,626.2,82.753
9/30/19 15:01,67.928,53.3,626.2,82.753
9/30/19 15:01,67.928,53.3,623.7,82.753
9/30/19 15:01,67.928,53.3,623.7,82.753
9/30/19 15:01,67.928,53.2,623.7,82.708
9/30/19 15:01,67.928,53.2,623.7,82.753
9/30/19 15:01,67.928,53.1,621.2,82.708
9/30/19 15:01,67.928,53.1,621.2,82.753
9/30/19 15:01,67.885,53.1,621.2,82.753
9/30/19 15:01,67.885,53,621.2,82.753
9/30/19 15:01,67.885,53,618.7,82.753
9/30/19 15:01,67.885,53,618.7,82.753
9/30/19 15:01,67.885,53,618.7,82.708
9/30/19 15:01,67.885,53,616.2,82.753
9/30/19 15:01,67.885,53.1,616.2,82.753
9/30/19 15:01,67.885,53.1,616.2,82.708
9/30/19 15:01,67.885,53.1,616.2,82.708
9/30/19 15:01,67.885,53.2,616.2,82.708
9/30/19 15:01,67.885,53.2,613.7,82.753
9/30/19 15:01,67.885,53.2,613.7,82.753
9/30/19 15:01,67.842,53.2,613.7,82.708
9/30/19 15:01,67.842,53.2,611.2,82.753
9/30/19 15:01,67.842,53.3,611.2,82.708
9/30/19 15:01,67.842,53.3,611.2,82.753
9/30/19 15:01,67.842,53.3,611.2,82.708
9/30/19 15:01,67.842,53.3,608.7,82.708
9/30/19 15:01,67.842,53.3,608.7,82.708
9/30/19 15:01,67.842,53.4,608.7,82.753
9/30/19 15:01,67.842,53.5,606.2,82.708
9/30/19 15:01,67.842,53.5,606.2,82.753
9/30/19 15:01,67.842,53.5,606.2,82.708
9/30/19 15:01,67.842,53.5,606.2,82.753
9/30/19 15:01,67.842,53.4,603.7,82.708
9/30/19 15:01,67.842,53.4,603.7,82.753
9/30/19 15:01,67.842,53.4,603.7,82.753
9/30/19 15:01,67.842,53.4,601.2,82.708
9/30/19 15:01,67.842,53.5,601.2,82.708
9/30/19 15:01,67.842,53.5,601.2,82.708
9/30/19 15:01,67.842,53.6,601.2,82.708
9/30/19 15:01,67.842,53.6,598.7,82.708
9/30/19 15:01,67.842,53.7,598.7,82.753
9/30/19 15:01,67.842,53.8,598.7,82.708
9/30/19 15:01,67.798,53.9,596.2,82.708
9/30/19 15:02,67.842,54,596.2,82.708
9/30/19 15:02,67.798,54,596.2,82.708
9/30/19 15:02,67.842,54.1,596.2,82.708
9/30/19 15:02,67.842,54.2,593.7,82.753
9/30/19 15:02,67.842,54.3,593.7,82.708
9/30/19 15:02,67.798,54.4,593.7,82.708
9/30/19 15:02,67.842,54.5,591.2,82.708
9/30/19 15:02,67.842,54.6,591.2,82.708
9/30/19 15:02,67.842,54.6,591.2,82.708
9/30/19 15:02,67.842,54.6,591.2,82.708
9/30/19 15:02,67.842,54.7,588.7,82.708
9/30/19 15:02,67.798,54.7,588.7,82.708
9/30/19 15:02,67.842,54.7,586.2,82.708
9/30/19 15:02,67.842,54.8,586.2,83.021
9/30/19 15:02,67.842,54.8,586.2,82.753
9/30/19 15:02,67.842,54.8,586.2,82.753
9/30/19 15:02,67.798,54.9,583.7,83.287
9/30/19 15:02,67.842,54.8,583.7,84.004
9/30/19 15:02,67.842,54.8,583.7,85.217
9/30/19 15:02,67.798,54.7,581.2,85.262
9/30/19 15:02,67.842,54.7,581.2,85.984
9/30/19 15:02,67.842,54.7,581.2,85.532
9/30/19 15:02,67.798,54.6,581.2,85.757
9/30/19 15:02,67.798,54.6,578.7,85.802
9/30/19 15:02,67.798,54.6,578.7,86.074
9/30/19 15:02,67.798,54.7,578.7,85.939
9/30/19 15:02,67.842,54.7,578.7,86.164
9/30/19 15:02,67.798,54.7,576.2,86.164
9/30/19 15:02,67.798,54.8,576.2,85.984
9/30/19 15:02,67.798,54.8,576.2,85.984
9/30/19 15:02,67.798,54.8,573.7,86.029
9/30/19 15:02,67.798,54.8,583.7,85.894
9/30/19 15:02,67.798,54.8,586.2,85.984
9/30/19 15:02,67.798,54.8,558.7,86.029
9/30/19 15:02,67.798,54.8,496.2,86.119
9/30/19 15:02,67.842,54.7,556.2,85.984
9/30/19 15:02,67.798,54.7,563.7,86.029
9/30/19 15:02,67.842,54.7,553.7,85.939
9/30/19 15:02,67.842,54.7,528.7,85.984
9/30/19 15:02,67.798,54.7,543.7,85.984
9/30/19 15:02,67.842,54.7,541.2,85.939
9/30/19 15:02,67.842,54.7,253.7,86.119
9/30/19 15:02,67.842,54.6,76.2,85.802
9/30/19 15:02,67.842,54.6,33.7,85.712
9/30/19 15:02,67.842,54.6,56.2,85.667
9/30/19 15:02,67.842,54.6,46.2,85.622
9/30/19 15:02,67.842,54.6,46.2,85.622
9/30/19 15:02,67.842,54.6,46.2,85.622
9/30/19 15:02,67.842,54.6,46.2,85.622
9/30/19 15:02,67.842,54.6,46.2,85.667
9/30/19 15:02,67.842,54.6,46.2,85.667
9/30/19 15:02,67.842,54.6,46.2,85.667
9/30/19 15:02,67.842,54.6,46.2,85.667
9/30/19 15:02,67.842,54.6,46.2,85.712
9/30/19 15:02,67.842,54.6,46.2,85.712
9/30/19 15:02,67.842,54.7,43.7,85.712
9/30/19 15:02,67.885,54.7,43.7,85.712
9/30/19 15:02,67.885,54.7,46.2,85.712
9/30/19 15:02,67.885,54.7,48.7,85.757
9/30/19 15:02,67.885,54.7,43.7,85.757
9/30/19 15:03,67.885,54.7,46.2,85.757
9/30/19 15:03,67.885,54.7,48.7,85.802
9/30/19 15:03,67.928,54.7,51.2,85.802
9/30/19 15:03,67.928,54.7,51.2,85.802
9/30/19 15:03,67.928,54.7,51.2,85.802
9/30/19 15:03,67.928,54.7,51.2,85.849
9/30/19 15:03,67.928,54.7,51.2,85.849
9/30/19 15:03,67.928,54.7,43.7,85.849
9/30/19 15:03,67.971,54.8,51.2,85.894
9/30/19 15:03,67.971,54.8,51.2,85.894
9/30/19 15:03,67.971,54.8,51.2,85.894
9/30/19 15:03,67.971,54.8,51.2,85.939
9/30/19 15:03,67.971,54.8,51.2,85.939
9/30/19 15:03,67.971,54.8,51.2,85.984
9/30/19 15:03,68.013,54.8,51.2,85.984
9/30/19 15:03,68.013,54.8,51.2,85.984
9/30/19 15:03,68.013,54.8,48.7,85.984
9/30/19 15:03,68.013,54.8,48.7,86.029
9/30/19 15:03,68.056,54.8,48.7,86.029
9/30/19 15:03,68.056,54.9,46.2,86.029
9/30/19 15:03,68.056,54.9,48.7,86.029
9/30/19 15:03,68.056,54.9,48.7,86.074
9/30/19 15:03,68.099,54.9,51.2,86.074
9/30/19 15:03,68.099,54.9,51.2,86.074
9/30/19 15:03,68.099,54.9,51.2,86.074
9/30/19 15:03,68.099,54.9,51.2,86.119
9/30/19 15:03,68.142,54.9,51.2,86.119
9/30/19 15:03,68.142,54.9,51.2,86.119
9/30/19 15:03,68.142,54.9,51.2,86.119
9/30/19 15:03,68.142,54.9,51.2,86.119
9/30/19 15:03,68.142,54.9,46.2,86.164
9/30/19 15:03,68.185,55,46.2,86.164
9/30/19 15:03,68.185,55,46.2,86.164
9/30/19 15:03,68.185,55,48.7,86.164
9/30/19 15:03,68.227,55,48.7,86.164
9/30/19 15:03,68.227,55,48.7,86.164
9/30/19 15:03,68.227,55,48.7,86.164
9/30/19 15:03,68.227,55,48.7,86.164
9/30/19 15:03,68.227,55,48.7,86.164
9/30/19 15:03,68.27,55,48.7,86.164
9/30/19 15:03,68.27,55,48.7,86.164
9/30/19 15:03,68.27,55,48.7,86.211
9/30/19 15:03,68.27,55,48.7,86.211
9/30/19 15:03,68.27,55,48.7,86.211
9/30/19 15:03,68.313,55.1,48.7,86.211
9/30/19 15:03,68.313,55.1,48.7,86.211
9/30/19 15:03,68.313,55,48.7,86.256
9/30/19 15:03,68.356,55.1,48.7,86.256
9/30/19 15:03,68.356,55.1,48.7,86.256
9/30/19 15:03,68.356,55.1,48.7,86.256
9/30/19 15:03,68.356,55.1,56.2,86.256
9/30/19 15:03,68.4,55.1,53.7,86.256
9/30/19 15:03,68.4,55.1,48.7,86.256
9/30/19 15:03,68.4,55.1,46.2,86.256
9/30/19 15:03,68.4,55.1,46.2,86.301
9/30/19 15:03,68.443,55.1,48.7,86.301
9/30/19 15:03,68.443,55.1,48.7,86.301
9/30/19 15:03,68.443,55.1,48.7,86.301
9/30/19 15:03,68.484,55.1,48.7,86.301
9/30/19 15:03,68.484,55.1,48.7,86.346
9/30/19 15:04,68.484,55.1,48.7,86.346
9/30/19 15:04,68.484,55.1,48.7,86.346
9/30/19 15:04,68.527,55.1,48.7,86.346
9/30/19 15:04,68.527,55.1,26.2,86.346
9/30/19 15:04,68.527,55.2,21.2,86.346
9/30/19 15:04,68.527,55.2,11.2,86.391
9/30/19 15:04,68.527,55.2,13.7,86.391
9/30/19 15:04,68.571,55.2,23.7,86.391
9/30/19 15:04,68.571,55.2,26.2,86.437
9/30/19 15:04,68.571,55.2,26.2,86.437
9/30/19 15:04,68.571,55.2,26.2,86.437
9/30/19 15:04,68.614,55.2,26.2,86.437
9/30/19 15:04,68.614,55.2,26.2,86.482
9/30/19 15:04,68.614,55.2,26.2,86.482
9/30/19 15:04,68.657,55.2,26.2,86.482
9/30/19 15:04,68.657,55.2,26.2,86.527
9/30/19 15:04,68.657,55.2,31.2,86.527
9/30/19 15:04,68.657,55.2,33.7,86.527
9/30/19 15:04,68.698,55.2,8.7,86.572
9/30/19 15:04,68.698,55.3,6.2,86.572
9/30/19 15:04,68.698,55.3,6.2,86.572
9/30/19 15:04,68.742,55.3,6.2,86.572
9/30/19 15:04,68.742,55.3,3.7,86.527
9/30/19 15:04,68.742,55.3,11.2,86.572
9/30/19 15:04,68.742,55.3,3.7,86.572
9/30/19 15:04,68.785,55.3,3.7,86.572
9/30/19 15:04,68.785,55.2,3.7,86.572
9/30/19 15:04,68.785,55.2,3.7,86.572
9/30/19 15:04,68.828,55.2,3.7,86.572
9/30/19 15:04,68.828,55.3,3.7,86.617
9/30/19 15:04,68.828,55.3,3.7,86.617
9/30/19 15:04,68.828,55.3,3.7,86.617
9/30/19 15:04,68.871,55.3,3.7,86.617
9/30/19 15:04,68.871,55.3,3.7,86.617
9/30/19 15:04,68.871,55.3,3.7,86.617
9/30/19 15:04,68.871,55.3,3.7,86.617
9/30/19 15:04,68.913,55.4,3.7,86.617
9/30/19 15:04,68.913,55.4,3.7,86.617
9/30/19 15:04,68.913,55.4,3.7,86.617
9/30/19 15:04,68.956,55.3,3.7,86.664
9/30/19 15:04,68.956,55.4,3.7,86.664
9/30/19 15:04,68.956,55.4,3.7,86.664
9/30/19 15:04,68.956,55.4,3.7,86.664
9/30/19 15:04,68.999,55.3,3.7,86.664
9/30/19 15:04,68.999,55.4,3.7,86.664
9/30/19 15:04,68.999,55.3,3.7,86.664
9/30/19 15:04,68.999,55.4,3.7,86.664
9/30/19 15:04,69.042,55.4,3.7,86.664
9/30/19 15:04,69.042,55.4,3.7,86.664
9/30/19 15:04,69.042,55.3,3.7,86.709
9/30/19 15:04,69.085,55.3,3.7,86.709
9/30/19 15:04,69.085,55.3,3.7,86.709
9/30/19 15:04,69.085,55.3,3.7,86.709
9/30/19 15:04,69.085,55.3,1.2,86.709
9/30/19 15:04,69.085,55.3,1.2,86.709
9/30/19 15:04,69.129,55.3,1.2,86.709
9/30/19 15:04,69.129,55.2,1.2,86.709
9/30/19 15:04,69.129,55.3,1.2,86.709
9/30/19 15:04,69.129,55.2,1.2,86.754
9/30/19 15:04,69.17,55.2,1.2,86.754
9/30/19 15:05,69.17,55.2,1.2,86.754
9/30/19 15:05,69.17,55.2,1.2,86.754
9/30/19 15:05,69.17,55.2,1.2,86.754
9/30/19 15:05,69.213,55.2,1.2,86.754
9/30/19 15:05,69.213,55.3,1.2,86.754
9/30/19 15:05,69.213,55.3,1.2,86.799
9/30/19 15:05,69.213,55.3,1.2,86.799
9/30/19 15:05,69.256,55.3,1.2,86.799
9/30/19 15:05,69.256,55.3,1.2,86.799
9/30/19 15:05,69.256,55.3,1.2,86.799
9/30/19 15:05,69.256,55.3,1.2,86.799
9/30/19 15:05,69.256,55.3,1.2,86.799
9/30/19 15:05,69.3,55.3,1.2,86.799
9/30/19 15:05,69.3,55.3,1.2,86.844
9/30/19 15:05,69.3,55.2,1.2,86.844
9/30/19 15:05,69.343,55.2,1.2,86.844
9/30/19 15:05,69.343,55.2,1.2,86.844
9/30/19 15:05,69.343,55.2,1.2,86.844
9/30/19 15:05,69.343,55.2,1.2,86.844
9/30/19 15:05,69.386,55.2,1.2,86.844
9/30/19 15:05,69.386,55.2,1.2,86.844
9/30/19 15:05,69.386,55.1,1.2,86.844
9/30/19 15:05,69.386,55.2,1.2,86.891
9/30/19 15:05,69.427,55.1,1.2,86.891
9/30/19 15:05,69.427,55.1,1.2,86.891
9/30/19 15:05,69.427,55.1,1.2,86.891
9/30/19 15:05,69.427,55.1,1.2,86.891
9/30/19 15:05,69.471,55,1.2,86.891
9/30/19 15:05,69.471,55,1.2,86.891
9/30/19 15:05,69.471,55,1.2,86.891
9/30/19 15:05,69.471,55,1.2,86.936
9/30/19 15:05,69.514,55,1.2,86.936
9/30/19 15:05,69.514,54.9,1.2,86.936
9/30/19 15:05,69.514,54.9,1.2,86.936
9/30/19 15:05,69.557,54.9,1.2,86.936
9/30/19 15:05,69.557,54.9,1.2,86.936
9/30/19 15:05,69.557,54.8,1.2,86.936
9/30/19 15:05,69.557,54.8,1.2,86.936
9/30/19 15:05,69.6,54.8,1.2,86.936
9/30/19 15:05,69.6,54.8,1.2,86.981
9/30/19 15:05,69.6,54.8,1.2,86.936
9/30/19 15:05,69.643,54.8,1.2,86.981
9/30/19 15:05,69.643,54.8,1.2,86.981
9/30/19 15:05,69.643,54.8,1.2,86.981
9/30/19 15:05,69.643,54.8,1.2,86.981
9/30/19 15:05,69.685,54.7,1.2,86.981
9/30/19 15:05,69.685,54.7,1.2,86.981
9/30/19 15:05,69.685,54.7,1.2,86.981
9/30/19 15:05,69.685,54.7,1.2,86.981
9/30/19 15:05,69.728,54.7,1.2,87.028
9/30/19 15:05,69.728,54.7,1.2,87.028
9/30/19 15:05,69.728,54.6,1.2,87.028
9/30/19 15:05,69.728,54.6,1.2,87.028
9/30/19 15:05,69.771,54.6,1.2,87.028
9/30/19 15:05,69.771,54.6,1.2,87.073
9/30/19 15:05,69.771,54.7,1.2,87.073
9/30/19 15:05,69.814,54.7,1.2,87.073
9/30/19 15:05,69.814,54.7,1.2,87.073
9/30/19 15:05,69.814,54.7,1.2,87.073
9/30/19 15:05,69.814,54.7,1.2,87.118
9/30/19 15:06,69.814,54.7,1.2,87.118
9/30/19 15:06,69.858,54.7,1.2,87.118
9/30/19 15:06,69.858,54.7,1.2,87.118
9/30/19 15:06,69.858,54.6,1.2,87.163
9/30/19 15:06,69.901,54.6,1.2,87.163
9/30/19 15:06,69.901,54.6,1.2,87.163
9/30/19 15:06,69.901,54.6,1.2,87.163
9/30/19 15:06,69.901,54.6,1.2,87.163
9/30/19 15:06,69.901,54.6,1.2,87.163
9/30/19 15:06,69.942,54.6,1.2,87.163
9/30/19 15:06,69.942,54.6,1.2,87.163
9/30/19 15:06,69.942,54.6,1.2,87.163
9/30/19 15:06,69.942,54.7,1.2,87.21
9/30/19 15:06,69.985,54.7,1.2,87.21
9/30/19 15:06,69.985,54.7,1.2,87.21
9/30/19 15:06,69.985,54.7,1.2,87.21
9/30/19 15:06,70.029,54.7,1.2,87.21
9/30/19 15:06,70.029,54.7,1.2,87.21
9/30/19 15:06,70.029,54.7,1.2,87.255
9/30/19 15:06,70.029,54.7,3.7,87.255
9/30/19 15:06,70.072,54.6,3.7,87.255
9/30/19 15:06,70.072,54.6,3.7,87.255
9/30/19 15:06,70.072,54.6,3.7,87.255
9/30/19 15:06,70.072,54.6,1.2,87.3
9/30/19 15:06,70.115,54.6,1.2,87.3
9/30/19 15:06,70.115,54.6,1.2,87.3
9/30/19 15:06,70.115,54.6,3.7,87.3
9/30/19 15:06,70.115,54.6,3.7,87.3
9/30/19 15:06,70.115,54.6,3.7,87.3
9/30/19 15:06,70.158,54.6,1.2,87.3
9/30/19 15:06,70.158,54.6,1.2,87.3
9/30/19 15:06,70.158,54.6,1.2,87.346
9/30/19 15:06,70.201,54.6,1.2,87.346
9/30/19 15:06,70.201,54.6,1.2,87.346
9/30/19 15:06,70.201,54.6,1.2,87.346
9/30/19 15:06,70.201,54.6,1.2,87.391
9/30/19 15:06,70.243,54.6,1.2,87.391
9/30/19 15:06,70.243,54.6,1.2,87.391
9/30/19 15:06,70.243,54.6,1.2,87.391
9/30/19 15:06,70.243,54.6,1.2,87.391
9/30/19 15:06,70.286,54.6,1.2,87.391
9/30/19 15:06,70.286,54.6,1.2,87.391
9/30/19 15:06,70.286,54.5,1.2,87.391
9/30/19 15:06,70.286,54.5,1.2,87.391
9/30/19 15:06,70.286,54.5,1.2,87.391
9/30/19 15:06,70.329,54.5,1.2,87.391
9/30/19 15:06,70.329,54.5,1.2,87.436
9/30/19 15:06,70.329,54.5,1.2,87.436
9/30/19 15:06,70.329,54.5,1.2,87.391
9/30/19 15:06,70.372,54.5,1.2,87.436
9/30/19 15:06,70.372,54.5,1.2,87.436
9/30/19 15:06,70.372,54.5,1.2,87.436
9/30/19 15:06,70.372,54.5,1.2,87.436
9/30/19 15:06,70.416,54.5,1.2,87.436
9/30/19 15:06,70.416,54.5,1.2,87.483
9/30/19 15:06,70.416,54.5,1.2,87.483
9/30/19 15:06,70.459,54.4,1.2,87.483
9/30/19 15:06,70.459,54.4,1.2,87.483
9/30/19 15:06,70.459,54.4,1.2,87.483
9/30/19 15:06,70.459,54.4,1.2,87.483
9/30/19 15:07,70.502,54.4,1.2,87.483
9/30/19 15:07,70.502,54.4,1.2,87.483
9/30/19 15:07,70.502,54.3,1.2,87.483
9/30/19 15:07,70.543,54.3,1.2,87.483
9/30/19 15:07,70.543,54.2,1.2,87.483
9/30/19 15:07,70.543,54.2,1.2,87.483
9/30/19 15:07,70.587,54.2,3.7,87.483
9/30/19 15:07,70.587,54.2,3.7,87.483
9/30/19 15:07,70.587,54.1,3.7,87.483
9/30/19 15:07,70.587,54.1,3.7,87.483
9/30/19 15:07,70.63,54,3.7,87.483
9/30/19 15:07,70.63,54,1.2,87.528
9/30/19 15:07,70.63,53.9,1.2,87.528
9/30/19 15:07,70.673,53.9,1.2,87.528
9/30/19 15:07,70.673,53.9,1.2,87.528
9/30/19 15:07,70.673,53.9,1.2,87.528
9/30/19 15:07,70.716,53.9,1.2,87.528
9/30/19 15:07,70.716,53.9,1.2,87.528
9/30/19 15:07,70.759,53.8,1.2,87.573
9/30/19 15:07,70.759,53.8,1.2,87.573
9/30/19 15:07,70.803,53.8,1.2,87.573
9/30/19 15:07,70.803,53.8,1.2,87.573
9/30/19 15:07,70.803,53.8,3.7,87.573
9/30/19 15:07,70.803,53.8,1.2,87.573
9/30/19 15:07,70.846,53.8,1.2,87.573
9/30/19 15:07,70.846,53.8,1.2,87.573
9/30/19 15:07,70.887,53.8,1.2,87.573
9/30/19 15:07,70.887,53.8,1.2,87.573
9/30/19 15:07,70.887,53.8,1.2,87.573
9/30/19 15:07,70.93,53.7,1.2,87.573
9/30/19 15:07,70.93,53.7,1.2,87.573
9/30/19 15:07,70.974,53.7,3.7,87.62
9/30/19 15:07,70.974,53.7,3.7,87.62
9/30/19 15:07,70.974,53.7,3.7,87.62
9/30/19 15:07,71.017,53.7,1.2,87.62
9/30/19 15:07,71.017,53.7,3.7,87.62
9/30/19 15:07,71.017,53.6,3.7,87.62
9/30/19 15:07,71.06,53.6,3.7,87.62
9/30/19 15:07,71.06,53.6,1.2,87.62
9/30/19 15:07,71.103,53.7,1.2,87.62
9/30/19 15:07,71.103,53.6,1.2,87.62
9/30/19 15:07,71.103,53.6,1.2,87.62
9/30/19 15:07,71.146,53.5,1.2,87.62
9/30/19 15:07,71.146,53.5,3.7,87.62
9/30/19 15:07,71.19,53.5,3.7,87.62
9/30/19 15:07,71.19,53.4,3.7,87.62
9/30/19 15:07,71.19,53.4,3.7,87.62
9/30/19 15:07,71.231,53.5,3.7,87.62
9/30/19 15:07,71.231,53.4,3.7,87.62
9/30/19 15:07,71.231,53.4,3.7,87.62
9/30/19 15:07,71.274,53.3,3.7,87.62
9/30/19 15:07,71.274,53.3,3.7,87.62
9/30/19 15:07,71.274,53.3,3.7,87.665
9/30/19 15:07,71.317,53.2,3.7,87.62
9/30/19 15:07,71.317,53.2,1.2,87.665
9/30/19 15:07,71.317,53.2,1.2,87.665
9/30/19 15:07,71.361,53.1,1.2,87.665
9/30/19 15:07,71.361,53.2,1.2,87.665
9/30/19 15:07,71.404,53.1,1.2,87.665
9/30/19 15:07,71.404,53,1.2,87.665
9/30/19 15:08,71.404,53,1.2,87.71
9/30/19 15:08,71.404,53,1.2,87.665
9/30/19 15:08,71.447,53,1.2,87.665
9/30/19 15:08,71.447,52.9,1.2,87.665
9/30/19 15:08,71.49,52.9,1.2,87.665
9/30/19 15:08,71.49,52.9,1.2,87.665
9/30/19 15:08,71.49,52.8,1.2,87.665
9/30/19 15:08,71.533,52.8,1.2,87.71
9/30/19 15:08,71.533,52.8,1.2,87.665
9/30/19 15:08,71.533,52.8,1.2,87.665
9/30/19 15:08,71.577,52.7,1.2,87.665
9/30/19 15:08,71.577,52.7,1.2,87.665
9/30/19 15:08,71.577,52.6,1.2,87.665
9/30/19 15:08,71.577,52.6,1.2,87.71
9/30/19 15:08,71.62,52.6,1.2,87.665
9/30/19 15:08,71.62,52.6,1.2,87.665
9/30/19 15:08,71.62,52.6,1.2,87.665
9/30/19 15:08,71.661,52.5,1.2,87.71
9/30/19 15:08,71.661,52.5,1.2,87.71
9/30/19 15:08,71.661,52.5,1.2,87.71
9/30/19 15:08,71.661,52.5,1.2,87.71
9/30/19 15:08,71.661,52.5,1.2,87.71
9/30/19 15:08,71.704,52.5,1.2,87.71
9/30/19 15:08,71.704,52.5,1.2,87.71
9/30/19 15:08,71.704,52.5,1.2,87.665
9/30/19 15:08,71.748,52.4,1.2,87.665
9/30/19 15:08,71.748,52.4,1.2,87.665
9/30/19 15:08,71.748,52.4,1.2,87.665
9/30/19 15:08,71.748,52.4,1.2,87.665
9/30/19 15:08,71.748,52.4,1.2,87.665
9/30/19 15:08,71.791,52.4,1.2,87.665
9/30/19 15:08,71.791,52.3,1.2,87.665
9/30/19 15:08,71.791,52.3,1.2,87.665
9/30/19 15:08,71.791,52.3,1.2,87.665
9/30/19 15:08,71.834,52.3,1.2,87.665
9/30/19 15:08,71.834,52.3,1.2,87.665
9/30/19 15:08,71.834,52.3,1.2,87.665
9/30/19 15:08,71.834,52.3,1.2,87.665
9/30/19 15:08,71.834,52.2,1.2,87.665
9/30/19 15:08,71.834,52.2,1.2,87.665
9/30/19 15:08,71.834,52.2,1.2,87.665
9/30/19 15:08,71.877,52.2,1.2,87.665
9/30/19 15:08,71.877,52.2,1.2,87.665
9/30/19 15:08,71.877,52.2,1.2,87.665
9/30/19 15:08,71.877,52.2,1.2,87.665
9/30/19 15:08,71.877,52.2,1.2,87.665
9/30/19 15:08,71.877,52.2,1.2,87.665
9/30/19 15:08,71.92,52.1,1.2,87.665
9/30/19 15:08,71.92,52.1,1.2,87.665
9/30/19 15:08,71.92,52.1,1.2,87.665
9/30/19 15:08,71.92,52.1,1.2,87.665
9/30/19 15:08,71.92,52.1,1.2,87.665
9/30/19 15:08,71.92,52.1,1.2,87.665
9/30/19 15:08,71.964,52,3.7,87.665
9/30/19 15:08,71.964,52,3.7,87.71
9/30/19 15:08,71.964,52,3.7,87.665
9/30/19 15:08,71.964,52,3.7,87.71
9/30/19 15:08,71.964,52,3.7,87.665
9/30/19 15:08,71.964,52,1.2,87.71
9/30/19 15:08,72.007,52,3.7,87.71
9/30/19 15:09,72.007,51.9,3.7,87.71
9/30/19 15:09,72.007,51.9,3.7,87.71
9/30/19 15:09,72.007,51.9,3.7,87.665
9/30/19 15:09,72.007,51.9,1.2,87.665
9/30/19 15:09,72.007,51.9,3.7,87.665
9/30/19 15:09,72.007,51.9,1.2,87.665
9/30/19 15:09,72.007,51.9,1.2,87.665
9/30/19 15:09,72.007,51.9,1.2,87.665
9/30/19 15:09,72.05,51.9,1.2,87.665
9/30/19 15:09,72.05,51.9,1.2,87.665
9/30/19 15:09,72.05,51.8,1.2,87.62
9/30/19 15:09,72.05,51.8,1.2,87.62
9/30/19 15:09,72.05,51.8,1.2,87.62
9/30/19 15:09,72.05,51.8,1.2,87.62
9/30/19 15:09,72.05,51.7,1.2,87.62
9/30/19 15:09,72.093,51.7,1.2,87.573
9/30/19 15:09,72.093,51.7,1.2,87.573
9/30/19 15:09,72.093,51.7,1.2,87.573
9/30/19 15:09,72.093,51.7,1.2,87.573
9/30/19 15:09,72.093,51.7,1.2,87.573
9/30/19 15:09,72.093,51.7,1.2,87.573
9/30/19 15:09,72.093,51.7,1.2,87.573
9/30/19 15:09,72.093,51.6,1.2,87.573
9/30/19 15:09,72.093,51.6,1.2,87.573
9/30/19 15:09,72.093,51.6,1.2,87.573
9/30/19 15:09,72.093,51.6,1.2,87.573
9/30/19 15:09,72.093,51.6,1.2,87.573
9/30/19 15:09,72.136,51.6,3.7,87.573
9/30/19 15:09,72.093,51.7,1.2,87.573
9/30/19 15:09,72.136,51.7,1.2,87.573
9/30/19 15:09,72.136,51.7,1.2,87.573
9/30/19 15:09,72.136,51.7,1.2,87.573
9/30/19 15:09,72.136,51.7,1.2,87.573
9/30/19 15:09,72.136,51.7,1.2,87.573
9/30/19 15:09,72.136,51.7,1.2,87.573
9/30/19 15:09,72.136,51.7,1.2,87.573
9/30/19 15:09,72.136,51.7,3.7,87.573
9/30/19 15:09,72.136,51.7,1.2,87.528
9/30/19 15:09,72.136,51.7,1.2,87.528
9/30/19 15:09,72.136,51.7,1.2,87.528
9/30/19 15:09,72.136,51.7,1.2,87.528
9/30/19 15:09,72.136,51.6,1.2,87.528
9/30/19 15:09,72.136,51.6,1.2,87.528
9/30/19 15:09,72.136,51.6,1.2,87.483
9/30/19 15:09,72.136,51.5,1.2,87.483
9/30/19 15:09,72.136,51.5,1.2,87.483
9/30/19 15:09,72.136,51.4,3.7,87.483
9/30/19 15:09,72.136,51.4,3.7,87.483
9/30/19 15:09,72.178,51.4,3.7,87.483
9/30/19 15:09,72.178,51.3,1.2,87.483
9/30/19 15:09,72.178,51.3,1.2,87.436
9/30/19 15:09,72.136,51.4,1.2,87.483
9/30/19 15:09,72.178,51.4,1.2,87.436
9/30/19 15:09,72.136,51.4,1.2,87.483
9/30/19 15:09,72.178,51.3,1.2,87.436
9/30/19 15:09,72.136,51.3,1.2,87.436
9/30/19 15:09,72.136,51.2,1.2,87.436
9/30/19 15:09,72.136,51.2,1.2,87.436
9/30/19 15:09,72.136,51.2,1.2,87.436
9/30/19 15:09,72.136,51.2,1.2,87.436
9/30/19 15:10,72.136,51.2,1.2,87.436
9/30/19 15:10,72.136,51.1,1.2,87.436
9/30/19 15:10,72.136,51.1,1.2,87.436
9/30/19 15:10,72.136,51.1,3.7,87.436
9/30/19 15:10,72.136,51.1,1.2,87.483
9/30/19 15:10,72.136,51.1,1.2,87.483
9/30/19 15:10,72.136,51.1,1.2,87.483
9/30/19 15:10,72.178,51.1,1.2,87.483
9/30/19 15:10,72.178,51.1,1.2,87.483
9/30/19 15:10,72.136,51.1,1.2,87.483
9/30/19 15:10,72.136,51.1,1.2,87.483
9/30/19 15:10,72.178,51.1,1.2,87.483
9/30/19 15:10,72.136,51.1,1.2,87.483
9/30/19 15:10,72.178,51,1.2,87.483
9/30/19 15:10,72.136,51,1.2,87.483
9/30/19 15:10,72.136,51,1.2,87.483
9/30/19 15:10,72.178,51,1.2,87.483
9/30/19 15:10,72.136,51,1.2,87.483
9/30/19 15:10,72.178,51,1.2,87.483
9/30/19 15:10,72.178,50.9,1.2,87.483
9/30/19 15:10,72.178,50.9,1.2,87.483
9/30/19 15:10,72.178,51,1.2,87.483
9/30/19 15:10,72.178,50.9,1.2,87.483
9/30/19 15:10,72.178,51,1.2,87.483
9/30/19 15:10,72.178,51,1.2,87.483
9/30/19 15:10,72.178,50.9,1.2,87.483
9/30/19 15:10,72.136,51,1.2,87.528
9/30/19 15:10,72.178,51,1.2,87.528
9/30/19 15:10,72.178,51,1.2,87.528
9/30/19 15:10,72.178,51,1.2,87.483
9/30/19 15:10,72.178,51,1.2,87.528
9/30/19 15:10,72.178,51,1.2,87.528
9/30/19 15:10,72.178,51,1.2,87.483
9/30/19 15:10,72.178,51,1.2,87.528
9/30/19 15:10,72.178,51,1.2,87.528
9/30/19 15:10,72.178,51,1.2,87.528
9/30/19 15:10,72.178,51,1.2,87.528
9/30/19 15:10,72.178,51,1.2,87.573
9/30/19 15:10,72.178,51,1.2,87.528
9/30/19 15:10,72.178,51,1.2,87.528
9/30/19 15:10,72.178,51,1.2,87.528
9/30/19 15:10,72.178,51,1.2,87.528
9/30/19 15:10,72.178,51,1.2,87.573
9/30/19 15:10,72.178,51,1.2,87.528
9/30/19 15:10,72.178,51,1.2,87.528
9/30/19 15:10,72.178,51,1.2,87.528
9/30/19 15:10,72.221,51,1.2,87.528
9/30/19 15:10,72.221,51,1.2,87.573
9/30/19 15:10,72.221,51,1.2,87.528
9/30/19 15:10,72.221,51,1.2,87.573
9/30/19 15:10,72.221,51,1.2,87.573
9/30/19 15:10,72.221,51,1.2,87.573
9/30/19 15:10,72.221,51,1.2,87.528
9/30/19 15:10,72.221,51,1.2,87.528
9/30/19 15:10,72.221,51,1.2,87.528
9/30/19 15:10,72.221,51,1.2,87.528
9/30/19 15:10,72.221,51,1.2,87.528
9/30/19 15:10,72.221,51,1.2,87.528
9/30/19 15:10,72.221,51,1.2,87.528
9/30/19 15:10,72.221,51,1.2,87.573
9/30/19 15:11,72.221,51,1.2,87.528
9/30/19 15:11,72.221,51,1.2,87.528
9/30/19 15:11,72.221,51,1.2,87.528
9/30/19 15:11,72.221,51,1.2,87.528
9/30/19 15:11,72.221,51,1.2,87.528
9/30/19 15:11,72.264,51,1.2,87.528
9/30/19 15:11,72.264,51,1.2,87.528
9/30/19 15:11,72.264,51,1.2,87.528
9/30/19 15:11,72.221,51,1.2,87.528
9/30/19 15:11,72.264,51,1.2,87.573
9/30/19 15:11,72.264,51,1.2,87.573
9/30/19 15:11,72.264,51,1.2,87.573
9/30/19 15:11,72.264,51,1.2,87.573
9/30/19 15:11,72.264,50.9,1.2,87.573
9/30/19 15:11,72.264,50.9,3.7,87.573
9/30/19 15:11,72.264,50.9,3.7,87.573
9/30/19 15:11,72.264,50.9,8.7,87.573
9/30/19 15:11,72.264,50.9,3.7,87.573
9/30/19 15:11,72.264,50.9,3.7,87.573
9/30/19 15:11,72.264,50.9,3.7,87.573
9/30/19 15:11,72.264,50.9,3.7,87.573
9/30/19 15:11,72.264,50.9,3.7,87.573
9/30/19 15:11,72.264,50.9,6.2,87.573
9/30/19 15:11,72.264,50.9,8.7,87.573
9/30/19 15:11,72.264,50.9,8.7,87.573
9/30/19 15:11,72.264,50.9,8.7,87.573
9/30/19 15:11,72.264,50.8,6.2,87.573
9/30/19 15:11,72.264,50.9,6.2,87.573
9/30/19 15:11,72.264,50.9,6.2,87.573
9/30/19 15:11,72.264,50.9,6.2,87.573
9/30/19 15:11,72.264,50.9,6.2,87.573
9/30/19 15:11,72.264,50.9,6.2,87.573
9/30/19 15:11,72.307,50.9,6.2,87.573
9/30/19 15:11,72.307,50.9,6.2,87.573
9/30/19 15:11,72.307,50.9,6.2,87.573
9/30/19 15:11,72.307,50.8,6.2,87.573
9/30/19 15:11,72.307,50.8,3.7,87.573
9/30/19 15:11,72.264,50.8,3.7,87.573
9/30/19 15:11,72.307,50.8,3.7,87.528
9/30/19 15:11,72.307,50.8,3.7,87.528
9/30/19 15:11,72.307,50.8,3.7,87.528
9/30/19 15:11,72.307,50.8,3.7,87.528
9/30/19 15:11,72.307,50.7,3.7,87.528
9/30/19 15:11,72.307,50.7,3.7,87.528
9/30/19 15:11,72.307,50.7,3.7,87.528
9/30/19 15:11,72.307,50.7,3.7,87.528
9/30/19 15:11,72.307,50.7,3.7,87.528
9/30/19 15:11,72.307,50.7,3.7,87.528
9/30/19 15:11,72.307,50.7,3.7,87.483
9/30/19 15:11,72.307,50.7,3.7,87.483
9/30/19 15:11,72.307,50.6,3.7,87.483
9/30/19 15:11,72.307,50.6,3.7,87.483
9/30/19 15:11,72.307,50.6,3.7,87.483
9/30/19 15:11,72.307,50.6,3.7,87.483
9/30/19 15:11,72.307,50.6,3.7,87.436
9/30/19 15:11,72.307,50.6,3.7,87.436
9/30/19 15:11,72.307,50.5,3.7,87.436
9/30/19 15:11,72.307,50.5,3.7,87.436
9/30/19 15:11,72.307,50.5,3.7,87.436
9/30/19 15:11,72.307,50.6,3.7,87.436
9/30/19 15:12,72.307,50.5,3.7,87.436
9/30/19 15:12,72.307,50.5,3.7,87.391
9/30/19 15:12,72.307,50.5,3.7,87.391
9/30/19 15:12,72.307,50.5,3.7,87.391
9/30/19 15:12,72.307,50.5,3.7,87.391
9/30/19 15:12,72.307,50.5,3.7,87.391
9/30/19 15:12,72.307,50.5,3.7,87.391
9/30/19 15:12,72.307,50.5,3.7,87.391
9/30/19 15:12,72.307,50.5,3.7,87.391
9/30/19 15:12,72.307,50.5,3.7,87.391
9/30/19 15:12,72.307,50.5,3.7,87.391
9/30/19 15:12,72.307,50.5,3.7,87.391
9/30/19 15:12,72.307,50.5,3.7,87.391
9/30/19 15:12,72.307,50.5,3.7,87.391
9/30/19 15:12,72.307,50.5,3.7,87.391
9/30/19 15:12,72.307,50.5,3.7,87.391
9/30/19 15:12,72.307,50.5,3.7,87.391
9/30/19 15:12,72.307,50.5,3.7,87.391
9/30/19 15:12,72.307,50.5,3.7,87.391
9/30/19 15:12,72.307,50.5,3.7,87.391
9/30/19 15:12,72.307,50.5,3.7,87.391
9/30/19 15:12,72.307,50.6,3.7,87.391
9/30/19 15:12,72.307,50.6,3.7,87.391
9/30/19 15:12,72.307,50.6,3.7,87.391
9/30/19 15:12,72.307,50.6,3.7,87.391
9/30/19 15:12,72.264,50.6,3.7,87.391
9/30/19 15:12,72.307,50.6,3.7,87.391
9/30/19 15:12,72.307,50.6,3.7,87.391
9/30/19 15:12,72.307,50.6,3.7,87.436
9/30/19 15:12,72.307,50.6,3.7,87.436
9/30/19 15:12,72.307,50.6,3.7,87.436
9/30/19 15:12,72.307,50.6,3.7,87.436
9/30/19 15:12,72.307,50.7,3.7,87.436
9/30/19 15:12,72.307,50.7,3.7,87.436
9/30/19 15:12,72.307,50.7,3.7,87.436
9/30/19 15:12,72.307,50.7,1.2,87.436
9/30/19 15:12,72.307,50.8,3.7,87.436
9/30/19 15:12,72.307,50.7,3.7,87.436
9/30/19 15:12,72.307,50.7,3.7,87.436
9/30/19 15:12,72.307,50.7,3.7,87.436
9/30/19 15:12,72.307,50.8,3.7,87.436
9/30/19 15:12,72.307,50.8,3.7,87.436
9/30/19 15:12,72.307,50.8,3.7,87.436
9/30/19 15:12,72.351,50.8,3.7,87.436
9/30/19 15:12,72.351,50.8,3.7,87.436
9/30/19 15:12,72.351,50.8,3.7,87.436
9/30/19 15:12,72.351,50.8,3.7,87.436
9/30/19 15:12,72.351,50.8,3.7,87.436
9/30/19 15:12,72.351,50.8,3.7,87.436
9/30/19 15:12,72.351,50.8,3.7,87.436
9/30/19 15:12,72.351,50.8,3.7,87.436
9/30/19 15:12,72.351,50.8,3.7,87.436
9/30/19 15:12,72.351,50.7,3.7,87.436
9/30/19 15:12,72.351,50.7,3.7,87.436
9/30/19 15:12,72.394,50.7,3.7,87.436
9/30/19 15:12,72.394,50.7,3.7,87.436
9/30/19 15:12,72.394,50.7,3.7,87.436
9/30/19 15:12,72.394,50.8,3.7,87.436
9/30/19 15:12,72.394,50.7,3.7,87.436
9/30/19 15:12,72.394,50.7,3.7,87.436
9/30/19 15:13,72.394,50.6,3.7,87.391
9/30/19 15:13,72.394,50.6,3.7,87.391
9/30/19 15:13,72.394,50.6,3.7,87.391
9/30/19 15:13,72.394,50.6,3.7,87.391
9/30/19 15:13,72.394,50.6,3.7,87.391
9/30/19 15:13,72.437,50.5,3.7,87.391
9/30/19 15:13,72.437,50.5,3.7,87.391
9/30/19 15:13,72.437,50.5,3.7,87.391
9/30/19 15:13,72.437,50.4,3.7,87.391
9/30/19 15:13,72.437,50.4,3.7,87.391
9/30/19 15:13,72.437,50.4,3.7,87.391
9/30/19 15:13,72.437,50.4,3.7,87.346
9/30/19 15:13,72.437,50.3,3.7,87.391
9/30/19 15:13,72.437,50.3,3.7,87.346
9/30/19 15:13,72.437,50.3,3.7,87.391
9/30/19 15:13,72.437,50.3,3.7,87.391
9/30/19 15:13,72.437,50.3,3.7,87.346
9/30/19 15:13,72.437,50.3,3.7,87.346
9/30/19 15:13,72.437,50.2,3.7,87.346
9/30/19 15:13,72.437,50.2,3.7,87.346
9/30/19 15:13,72.437,50.2,3.7,87.346
9/30/19 15:13,72.437,50.2,3.7,87.346
9/30/19 15:13,72.437,50.2,3.7,87.346
9/30/19 15:13,72.437,50.2,3.7,87.346
9/30/19 15:13,72.437,50.2,3.7,87.346
9/30/19 15:13,72.48,50.2,6.2,87.346
9/30/19 15:13,72.437,50.2,6.2,87.436
9/30/19 15:13,72.48,50.2,3.7,87.391
9/30/19 15:13,72.48,50.2,1.2,87.436
9/30/19 15:13,72.48,50.2,1.2,87.391
9/30/19 15:13,72.48,50.2,1.2,87.391
9/30/19 15:13,72.48,50.2,1.2,87.391
9/30/19 15:13,72.48,50.1,1.2,87.391
9/30/19 15:13,72.48,50.1,1.2,87.391
9/30/19 15:13,72.48,50.1,1.2,87.391
9/30/19 15:13,72.48,50.1,1.2,87.391
9/30/19 15:13,72.48,50.1,3.7,87.391
9/30/19 15:13,72.48,50.1,3.7,87.391
9/30/19 15:13,72.48,50.1,3.7,87.391
9/30/19 15:13,72.48,50.1,3.7,87.391
9/30/19 15:13,72.48,50.1,1.2,87.436
9/30/19 15:13,72.48,50.1,1.2,87.391
9/30/19 15:13,72.48,50.1,1.2,87.391
9/30/19 15:13,72.48,50.1,1.2,87.391
9/30/19 15:13,72.48,50,1.2,87.436
9/30/19 15:13,72.48,50,1.2,87.391
9/30/19 15:13,72.48,50,1.2,87.391
9/30/19 15:13,72.48,50,1.2,87.391
9/30/19 15:13,72.48,50,1.2,87.391
9/30/19 15:13,72.48,49.9,1.2,87.391
9/30/19 15:13,72.48,49.9,1.2,87.391
9/30/19 15:13,72.48,49.9,1.2,87.391
9/30/19 15:13,72.48,49.9,1.2,87.391
9/30/19 15:13,72.48,49.9,1.2,87.391
9/30/19 15:13,72.48,49.9,1.2,87.391
9/30/19 15:13,72.48,49.9,1.2,87.391
9/30/19 15:13,72.48,49.9,1.2,87.391
9/30/19 15:13,72.48,49.9,1.2,87.346
9/30/19 15:13,72.48,49.8,1.2,87.346
9/30/19 15:13,72.48,49.8,1.2,87.391
9/30/19 15:14,72.48,49.8,1.2,87.346
9/30/19 15:14,72.48,49.8,1.2,87.391
9/30/19 15:14,72.48,49.8,1.2,87.391
9/30/19 15:14,72.48,49.8,1.2,87.436
9/30/19 15:14,72.48,49.8,1.2,87.391
9/30/19 15:14,72.48,49.8,1.2,87.391
9/30/19 15:14,72.48,49.8,1.2,87.391
9/30/19 15:14,72.437,49.8,1.2,87.391
9/30/19 15:14,72.437,49.8,1.2,87.391
9/30/19 15:14,72.437,49.8,1.2,87.391
9/30/19 15:14,72.437,49.8,1.2,87.391
9/30/19 15:14,72.437,49.8,1.2,87.346
9/30/19 15:14,72.437,49.8,1.2,87.391
9/30/19 15:14,72.437,49.8,1.2,87.346
9/30/19 15:14,72.437,49.8,1.2,87.391
9/30/19 15:14,72.437,49.8,1.2,87.391
9/30/19 15:14,72.437,49.8,1.2,87.391
9/30/19 15:14,72.437,49.8,1.2,87.391
9/30/19 15:14,72.437,49.9,1.2,87.391
9/30/19 15:14,72.437,49.9,1.2,87.391
9/30/19 15:14,72.437,49.9,1.2,87.391
9/30/19 15:14,72.437,49.9,1.2,87.436
9/30/19 15:14,72.437,49.9,1.2,87.391
9/30/19 15:14,72.394,49.9,1.2,87.391
9/30/19 15:14,72.437,49.9,1.2,87.391
9/30/19 15:14,72.437,49.9,1.2,87.391
9/30/19 15:14,72.437,49.9,1.2,87.391
9/30/19 15:14,72.437,49.9,1.2,87.391
9/30/19 15:14,72.437,50,1.2,87.391
9/30/19 15:14,72.437,50,1.2,87.391
9/30/19 15:14,72.437,50,1.2,87.391
9/30/19 15:14,72.437,50,1.2,87.391
9/30/19 15:14,72.437,50.1,1.2,87.391
9/30/19 15:14,72.394,50,1.2,87.391
9/30/19 15:14,72.437,50.1,1.2,87.391
9/30/19 15:14,72.437,50.1,1.2,87.391
9/30/19 15:14,72.437,50.1,1.2,87.436
9/30/19 15:14,72.437,50.1,1.2,87.391
9/30/19 15:14,72.437,50.1,1.2,87.436
9/30/19 15:14,72.437,50.1,1.2,87.436
9/30/19 15:14,72.394,50.1,1.2,87.436
9/30/19 15:14,72.437,50.1,1.2,87.391
9/30/19 15:14,72.437,50.1,1.2,87.391
9/30/19 15:14,72.394,50.1,1.2,87.436
9/30/19 15:14,72.437,50.1,1.2,87.436
9/30/19 15:14,72.437,50.1,1.2,87.436
9/30/19 15:14,72.437,50.1,1.2,87.436
9/30/19 15:14,72.437,50.1,1.2,87.436
9/30/19 15:14,72.437,50.1,1.2,87.436
9/30/19 15:14,72.437,50.1,1.2,87.436
9/30/19 15:14,72.437,50.2,1.2,87.436
9/30/19 15:14,72.437,50.1,1.2,87.436
9/30/19 15:14,72.437,50.1,1.2,87.436
9/30/19 15:14,72.437,50.2,1.2,87.436
9/30/19 15:14,72.437,50.2,1.2,87.436
9/30/19 15:14,72.437,50.2,1.2,87.436
9/30/19 15:14,72.437,50.2,1.2,87.436
9/30/19 15:14,72.437,50.2,1.2,87.436
9/30/19 15:14,72.437,50.2,1.2,87.436
9/30/19 15:14,72.437,50.2,1.2,87.436
9/30/19 15:15,72.437,50.2,1.2,87.483
9/30/19 15:15,72.437,50.2,1.2,87.436
9/30/19 15:15,72.437,50.2,1.2,87.483
9/30/19 15:15,72.437,50.2,1.2,87.483
9/30/19 15:15,72.437,50.3,1.2,87.483
9/30/19 15:15,72.437,50.3,1.2,87.483
9/30/19 15:15,72.437,50.3,1.2,87.483
9/30/19 15:15,72.437,50.3,1.2,87.483
9/30/19 15:15,72.437,50.2,1.2,87.483
9/30/19 15:15,72.437,50.2,1.2,87.483
9/30/19 15:15,72.437,50.2,1.2,87.483
9/30/19 15:15,72.437,50.2,1.2,87.483
9/30/19 15:15,72.437,50.2,1.2,87.483
9/30/19 15:15,72.437,50.2,1.2,87.483
9/30/19 15:15,72.437,50.2,1.2,87.483
9/30/19 15:15,72.437,50.2,1.2,87.483
9/30/19 15:15,72.437,50.2,1.2,87.483
9/30/19 15:15,72.437,50.2,1.2,87.483
9/30/19 15:15,72.437,50.2,1.2,87.483
9/30/19 15:15,72.437,50.2,1.2,87.483
9/30/19 15:15,72.437,50.2,1.2,87.483
9/30/19 15:15,72.437,50.2,1.2,87.483
9/30/19 15:15,72.437,50.2,1.2,87.483
9/30/19 15:15,72.437,50.2,1.2,87.483
9/30/19 15:15,72.437,50.2,1.2,87.483
9/30/19 15:15,72.437,50.2,1.2,87.483
9/30/19 15:15,72.437,50.2,1.2,87.483
9/30/19 15:15,72.437,50.2,1.2,87.483
9/30/19 15:15,72.437,50.2,1.2,87.483
9/30/19 15:15,72.437,50.2,1.2,87.483
9/30/19 15:15,72.437,50.2,1.2,87.483
9/30/19 15:15,72.437,50.2,1.2,87.483
9/30/19 15:15,72.437,50.2,1.2,87.483
9/30/19 15:15,72.437,50.2,1.2,87.483
9/30/19 15:15,72.437,50.2,1.2,87.483
9/30/19 15:15,72.437,50.2,1.2,87.528
9/30/19 15:15,72.437,50.2,1.2,87.528
9/30/19 15:15,72.437,50.2,1.2,87.528
9/30/19 15:15,72.437,50.2,1.2,87.528
9/30/19 15:15,72.437,50.2,1.2,87.528
9/30/19 15:15,72.437,50.2,1.2,87.528
9/30/19 15:15,72.437,50.2,1.2,87.528
9/30/19 15:15,72.437,50.3,1.2,87.528
9/30/19 15:15,72.437,50.3,1.2,87.528
9/30/19 15:15,72.437,50.3,1.2,87.528
9/30/19 15:15,72.437,50.3,1.2,87.528
9/30/19 15:15,72.437,50.3,1.2,87.528
9/30/19 15:15,72.437,50.3,1.2,87.528
9/30/19 15:15,72.48,50.2,1.2,87.528
9/30/19 15:15,72.437,50.2,1.2,87.528
9/30/19 15:15,72.437,50.2,1.2,87.528
9/30/19 15:15,72.437,50.2,1.2,87.528
9/30/19 15:15,72.48,50.2,1.2,87.528
9/30/19 15:15,72.48,50.2,1.2,87.528
9/30/19 15:15,72.48,50.2,1.2,87.528
9/30/19 15:15,72.48,50.1,1.2,87.528
9/30/19 15:15,72.48,50.1,1.2,87.528
9/30/19 15:15,72.48,50.1,1.2,87.528
9/30/19 15:15,72.48,50.1,1.2,87.528
9/30/19 15:15,72.48,50.1,1.2,87.528
9/30/19 15:16,72.48,50.1,1.2,87.528
9/30/19 15:16,72.48,50.1,1.2,87.528
9/30/19 15:16,72.48,50.1,1.2,87.528
9/30/19 15:16,72.48,50.1,1.2,87.528
9/30/19 15:16,72.48,50.1,1.2,87.528
9/30/19 15:16,72.48,50.1,1.2,87.528
9/30/19 15:16,72.48,50.1,1.2,87.528
9/30/19 15:16,72.48,50.1,1.2,87.528
9/30/19 15:16,72.48,50.1,1.2,87.528
9/30/19 15:16,72.48,50.1,1.2,87.528
9/30/19 15:16,72.437,50.1,1.2,87.528
9/30/19 15:16,72.437,50.1,1.2,87.528
9/30/19 15:16,72.48,50.1,1.2,87.528
9/30/19 15:16,72.437,50.1,1.2,87.528
9/30/19 15:16,72.48,50.1,1.2,87.528
9/30/19 15:16,72.437,50.1,1.2,87.528
9/30/19 15:16,72.437,50.1,1.2,87.528
9/30/19 15:16,72.437,50.1,1.2,87.528
9/30/19 15:16,72.48,50.1,1.2,87.528
9/30/19 15:16,72.437,50.1,1.2,87.528
9/30/19 15:16,72.437,50.1,1.2,87.528
9/30/19 15:16,72.437,50.1,1.2,87.528
9/30/19 15:16,72.437,50.1,1.2,87.528
9/30/19 15:16,72.437,50.1,1.2,87.528
9/30/19 15:16,72.437,50.1,1.2,87.528
9/30/19 15:16,72.437,50.1,1.2,87.528
9/30/19 15:16,72.437,50.1,1.2,87.573
9/30/19 15:16,72.437,50.1,1.2,87.528
9/30/19 15:16,72.437,50.1,1.2,87.573
9/30/19 15:16,72.437,50.1,1.2,87.573
9/30/19 15:16,72.437,50.1,1.2,87.573
9/30/19 15:16,72.437,50.1,1.2,87.573
9/30/19 15:16,72.437,50.1,1.2,87.573
9/30/19 15:16,72.437,50.2,1.2,87.573
9/30/19 15:16,72.437,50.2,1.2,87.573
9/30/19 15:16,72.437,50.2,1.2,87.573
9/30/19 15:16,72.437,50.2,1.2,87.573
9/30/19 15:16,72.437,50.2,1.2,87.573
9/30/19 15:16,72.437,50.1,1.2,87.573
9/30/19 15:16,72.48,50.2,1.2,87.573
9/30/19 15:16,72.437,50.2,1.2,87.573
9/30/19 15:16,72.437,50.1,1.2,87.573
9/30/19 15:16,72.437,50.2,1.2,87.573
9/30/19 15:16,72.437,50.1,1.2,87.573
9/30/19 15:16,72.48,50.1,1.2,87.573
9/30/19 15:16,72.48,50.1,1.2,87.573
9/30/19 15:16,72.48,50.1,1.2,87.573
9/30/19 15:16,72.48,50.1,1.2,87.573
9/30/19 15:16,72.48,50.1,1.2,87.573
9/30/19 15:16,72.48,50.1,1.2,87.573
9/30/19 15:16,72.48,50.1,1.2,87.573
9/30/19 15:16,72.48,50.1,1.2,87.573
9/30/19 15:16,72.48,50.1,1.2,87.573
9/30/19 15:16,72.48,50.1,1.2,87.573
9/30/19 15:16,72.48,50.1,1.2,87.573
9/30/19 15:16,72.48,50.1,1.2,87.573
9/30/19 15:16,72.48,50.1,1.2,87.573
9/30/19 15:16,72.48,50.1,1.2,87.573
9/30/19 15:16,72.48,50.1,1.2,87.573
9/30/19 15:16,72.48,50.1,1.2,87.573
9/30/19 15:17,72.48,50.1,1.2,87.573
9/30/19 15:17,72.48,50.1,1.2,87.573
9/30/19 15:17,72.48,50.1,1.2,87.573
9/30/19 15:17,72.48,50.1,1.2,87.573
9/30/19 15:17,72.48,50.1,1.2,87.573
9/30/19 15:17,72.48,50.1,1.2,87.573
9/30/19 15:17,72.48,50.1,1.2,87.573
9/30/19 15:17,72.48,50.1,1.2,87.573
9/30/19 15:17,72.48,50.1,1.2,87.573
9/30/19 15:17,72.437,50.1,1.2,87.573
9/30/19 15:17,72.48,50.1,1.2,87.573
9/30/19 15:17,72.437,50.1,1.2,87.573
9/30/19 15:17,72.48,50.1,1.2,87.573
9/30/19 15:17,72.48,50.1,1.2,87.573
9/30/19 15:17,72.48,50.1,1.2,87.573
9/30/19 15:17,72.48,50.1,1.2,87.573
9/30/19 15:17,72.48,50.1,1.2,87.62
9/30/19 15:17,72.437,50.1,1.2,87.62
9/30/19 15:17,72.437,50.1,1.2,87.62
9/30/19 15:17,72.48,50.1,1.2,87.62
9/30/19 15:17,72.437,50.1,1.2,87.62
9/30/19 15:17,72.437,50.1,1.2,87.62
9/30/19 15:17,72.48,50.1,1.2,87.62
9/30/19 15:17,72.48,50.1,1.2,87.62
9/30/19 15:17,72.48,50.1,1.2,87.62
9/30/19 15:17,72.48,50.1,1.2,87.62
9/30/19 15:17,72.48,50.1,1.2,87.62
9/30/19 15:17,72.48,50.1,1.2,87.62
9/30/19 15:17,72.48,50.1,1.2,87.62
9/30/19 15:17,72.48,50.1,1.2,87.62
9/30/19 15:17,72.48,50.1,1.2,87.62
9/30/19 15:17,72.48,50.1,1.2,87.62
9/30/19 15:17,72.48,50.1,1.2,87.62
9/30/19 15:17,72.48,50.1,1.2,87.62
9/30/19 15:17,72.48,50.1,1.2,87.62
9/30/19 15:17,72.48,50.1,1.2,87.62
9/30/19 15:17,72.48,50.1,1.2,87.62
9/30/19 15:17,72.48,50.1,1.2,87.62
9/30/19 15:17,72.48,50.1,1.2,87.62
9/30/19 15:17,72.48,50.1,1.2,87.62
9/30/19 15:17,72.48,50.1,1.2,87.62
9/30/19 15:17,72.48,50.1,1.2,87.62
9/30/19 15:17,72.48,50.1,1.2,87.62
9/30/19 15:17,72.48,50.1,1.2,87.62
9/30/19 15:17,72.48,50.1,1.2,87.62
9/30/19 15:17,72.48,50.1,1.2,87.62
9/30/19 15:17,72.48,50.1,1.2,87.62
9/30/19 15:17,72.48,50.1,1.2,87.62
9/30/19 15:17,72.48,50.1,1.2,87.62
9/30/19 15:17,72.48,50.1,1.2,87.62
9/30/19 15:17,72.48,50.1,1.2,87.62
9/30/19 15:17,72.48,50.1,1.2,87.62
9/30/19 15:17,72.48,50.1,1.2,87.62
9/30/19 15:17,72.48,50.1,1.2,87.62
9/30/19 15:17,72.48,50.1,1.2,87.62
9/30/19 15:17,72.48,50.1,1.2,87.62
9/30/19 15:17,72.48,50.1,1.2,87.665
9/30/19 15:17,72.48,50.1,1.2,87.665
9/30/19 15:17,72.48,50.1,1.2,87.665
9/30/19 15:17,72.48,50.1,1.2,87.665
9/30/19 15:18,72.48,50.1,1.2,87.665
9/30/19 15:18,72.48,50.1,1.2,87.665
9/30/19 15:18,72.48,50.1,1.2,87.665
9/30/19 15:18,72.48,50.1,1.2,87.665
9/30/19 15:18,72.48,50.1,1.2,87.665
9/30/19 15:18,72.523,50.1,1.2,87.665
9/30/19 15:18,72.523,50.1,1.2,87.665
9/30/19 15:18,72.48,50.1,1.2,87.665
9/30/19 15:18,72.523,50.1,1.2,87.665
9/30/19 15:18,72.523,50.1,1.2,87.665
9/30/19 15:18,72.48,50.1,1.2,87.665
9/30/19 15:18,72.523,50.1,1.2,87.665
9/30/19 15:18,72.523,50.1,1.2,87.665
9/30/19 15:18,72.523,50.1,1.2,87.665
9/30/19 15:18,72.523,50.1,1.2,87.665
9/30/19 15:18,72.523,50.1,1.2,87.665
9/30/19 15:18,72.523,50.2,1.2,87.665
9/30/19 15:18,72.523,50.1,1.2,87.665
9/30/19 15:18,72.523,50.1,1.2,87.665
9/30/19 15:18,72.523,50.1,1.2,87.665
9/30/19 15:18,72.523,50.1,1.2,87.665
9/30/19 15:18,72.523,50.1,1.2,87.665
9/30/19 15:18,72.523,50.1,1.2,87.665
9/30/19 15:18,72.523,50.2,1.2,87.665
9/30/19 15:18,72.523,50.2,1.2,87.665
9/30/19 15:18,72.523,50.1,1.2,87.665
9/30/19 15:18,72.523,50.1,1.2,87.665
9/30/19 15:18,72.523,50.1,1.2,87.665
9/30/19 15:18,72.523,50.2,1.2,87.665
9/30/19 15:18,72.523,50.1,1.2,87.665
9/30/19 15:18,72.523,50.1,1.2,87.71
9/30/19 15:18,72.523,50.2,1.2,87.665
9/30/19 15:18,72.523,50.1,1.2,87.71
9/30/19 15:18,72.523,50.1,1.2,87.665
9/30/19 15:18,72.523,50.1,1.2,87.71
9/30/19 15:18,72.567,50.2,1.2,87.71
9/30/19 15:18,72.567,50.1,1.2,87.71
9/30/19 15:18,72.567,50.1,1.2,87.71
9/30/19 15:18,72.567,50.2,1.2,87.71
9/30/19 15:18,72.567,50.2,1.2,87.71
9/30/19 15:18,72.567,50.2,1.2,87.71
9/30/19 15:18,72.567,50.2,1.2,87.71
9/30/19 15:18,72.567,50.2,1.2,87.71
9/30/19 15:18,72.567,50.1,1.2,87.71
9/30/19 15:18,72.567,50.1,1.2,87.71
9/30/19 15:18,72.567,50.2,1.2,87.71
9/30/19 15:18,72.567,50.2,1.2,87.71
9/30/19 15:18,72.567,50.1,1.2,87.71
9/30/19 15:18,72.567,50.2,1.2,87.71
9/30/19 15:18,72.567,50.2,1.2,87.71
9/30/19 15:18,72.567,50.2,1.2,87.71
9/30/19 15:18,72.567,50.2,1.2,87.71
9/30/19 15:18,72.567,50.2,1.2,87.71
9/30/19 15:18,72.567,50.1,1.2,87.71
9/30/19 15:18,72.567,50.2,1.2,87.71
9/30/19 15:18,72.567,50.2,1.2,87.71
9/30/19 15:18,72.567,50.2,1.2,87.71
9/30/19 15:18,72.567,50.1,1.2,87.71
9/30/19 15:18,72.61,50.2,1.2,87.71
9/30/19 15:18,72.61,50.1,1.2,87.71
9/30/19 15:19,72.61,50.2,1.2,87.71
9/30/19 15:19,72.61,50.2,1.2,87.71
9/30/19 15:19,72.61,50.2,1.2,87.71
9/30/19 15:19,72.61,50.2,1.2,87.71
9/30/19 15:19,72.61,50.1,1.2,87.71
9/30/19 15:19,72.61,50.1,1.2,87.71
9/30/19 15:19,72.61,50.1,1.2,87.71
9/30/19 15:19,72.61,50.1,1.2,87.71
9/30/19 15:19,72.61,50.1,1.2,87.71
9/30/19 15:19,72.61,50.2,1.2,87.71
9/30/19 15:19,72.61,50.1,1.2,87.71
9/30/19 15:19,72.61,50.1,1.2,87.71
9/30/19 15:19,72.61,50.1,1.2,87.71
9/30/19 15:19,72.61,50.1,1.2,87.71
9/30/19 15:19,72.61,50.1,1.2,87.71
9/30/19 15:19,72.61,50.1,1.2,87.71
9/30/19 15:19,72.61,50.1,1.2,87.757
9/30/19 15:19,72.61,50.1,1.2,87.71
9/30/19 15:19,72.61,50.1,1.2,87.71
9/30/19 15:19,72.61,50.1,1.2,87.757
9/30/19 15:19,72.61,50.1,1.2,87.71
9/30/19 15:19,72.653,50.1,1.2,87.757
9/30/19 15:19,72.653,50.1,1.2,87.757
9/30/19 15:19,72.653,50.1,1.2,87.757
9/30/19 15:19,72.653,50.1,1.2,87.757
9/30/19 15:19,72.653,50.1,1.2,87.757
9/30/19 15:19,72.653,50.1,1.2,87.757
9/30/19 15:19,72.653,50.1,1.2,87.757
9/30/19 15:19,72.653,50.1,1.2,87.757
9/30/19 15:19,72.653,50.1,1.2,87.757
9/30/19 15:19,72.653,50,1.2,87.71
9/30/19 15:19,72.653,50,1.2,87.757
9/30/19 15:19,72.653,50,1.2,87.757
9/30/19 15:19,72.653,50,1.2,87.71
9/30/19 15:19,72.653,50,3.7,87.71
9/30/19 15:19,72.653,50,1.2,87.71
9/30/19 15:19,72.653,49.9,1.2,87.71
9/30/19 15:19,72.653,50,1.2,87.665
9/30/19 15:19,72.653,49.9,1.2,87.665
9/30/19 15:19,72.653,49.9,1.2,87.665
9/30/19 15:19,72.653,49.9,1.2,87.665
9/30/19 15:19,72.653,49.9,1.2,87.665
9/30/19 15:19,72.653,49.9,1.2,87.665
9/30/19 15:19,72.653,49.9,1.2,87.665
9/30/19 15:19,72.653,49.9,1.2,87.665
9/30/19 15:19,72.653,49.9,1.2,87.665
9/30/19 15:19,72.696,49.9,1.2,87.665
9/30/19 15:19,72.696,49.9,1.2,87.665
9/30/19 15:19,72.653,49.9,1.2,87.665
9/30/19 15:19,72.696,49.9,1.2,87.665
9/30/19 15:19,72.696,49.9,1.2,87.665
9/30/19 15:19,72.696,49.9,1.2,87.665
9/30/19 15:19,72.696,49.9,1.2,87.665
9/30/19 15:19,72.696,49.9,1.2,87.665
9/30/19 15:19,72.696,49.9,1.2,87.62
9/30/19 15:19,72.696,49.9,1.2,87.62
9/30/19 15:19,72.696,49.9,1.2,87.62
9/30/19 15:19,72.696,49.9,1.2,87.62
9/30/19 15:19,72.696,49.9,1.2,87.62
9/30/19 15:19,72.696,49.8,1.2,87.62
9/30/19 15:20,72.696,49.9,1.2,87.62
9/30/19 15:20,72.696,49.9,1.2,87.62
9/30/19 15:20,72.696,49.8,1.2,87.62
9/30/19 15:20,72.696,49.9,1.2,87.62
9/30/19 15:20,72.696,49.8,1.2,87.62
9/30/19 15:20,72.696,49.8,1.2,87.62
9/30/19 15:20,72.696,49.8,1.2,87.62
9/30/19 15:20,72.696,49.8,1.2,87.62
9/30/19 15:20,72.696,49.8,1.2,87.573
9/30/19 15:20,72.696,49.8,1.2,87.573
9/30/19 15:20,72.696,49.8,1.2,87.573
9/30/19 15:20,72.696,49.8,1.2,87.573
9/30/19 15:20,72.696,49.8,1.2,87.528
9/30/19 15:20,72.696,49.8,1.2,87.528
9/30/19 15:20,72.696,49.8,1.2,87.528
9/30/19 15:20,72.696,49.7,1.2,87.528
9/30/19 15:20,72.696,49.7,1.2,87.528
9/30/19 15:20,72.696,49.7,1.2,87.528
9/30/19 15:20,72.696,49.7,3.7,87.528
9/30/19 15:20,72.696,49.7,13.7,87.483
9/30/19 15:20,72.653,49.6,8.7,87.483
9/30/19 15:20,72.653,49.6,11.2,87.483
9/30/19 15:20,72.653,49.6,61.2,87.483
9/30/19 15:20,72.653,49.6,111.2,87.573
9/30/19 15:20,72.653,49.6,76.2,87.528
9/30/19 15:20,72.653,49.5,138.7,87.391
9/30/19 15:20,72.653,49.5,98.7,87.346
9/30/19 15:20,72.653,49.5,13.7,87.3
9/30/19 15:20,72.61,49.4,211.2,87.528
9/30/19 15:20,72.61,49.4,178.7,87.528
9/30/19 15:20,72.61,49.5,88.7,87.3
9/30/19 15:20,72.567,49.5,68.7,87.255
9/30/19 15:20,72.567,49.4,61.2,87.255
9/30/19 15:20,72.567,49.4,38.7,87.21
9/30/19 15:20,72.523,49.4,36.2,87.21
9/30/19 15:20,72.523,49.4,61.2,87.21
9/30/19 15:20,72.48,49.4,61.2,87.21
9/30/19 15:20,72.48,49.4,61.2,87.163
9/30/19 15:20,72.48,49.4,93.7,87.21
9/30/19 15:20,72.437,49.4,73.7,87.073
9/30/19 15:20,72.437,49.3,73.7,87.073
9/30/19 15:20,72.394,49.3,103.7,87.118
9/30/19 15:20,72.394,49.3,128.7,87.073
9/30/19 15:20,72.351,49.3,146.2,87.21
9/30/19 15:20,72.351,49.3,18.7,87.3
9/30/19 15:20,72.307,49.2,1.2,87.3
9/30/19 15:20,72.307,49.2,1.2,87.3
9/30/19 15:20,72.264,49.2,1.2,87.3
9/30/19 15:20,72.264,49.2,1.2,87.346
9/30/19 15:20,72.221,49.2,1.2,87.3
9/30/19 15:20,72.221,49.3,1.2,87.346
9/30/19 15:20,72.178,49.3,1.2,87.21
9/30/19 15:20,72.178,49.3,1.2,87.255
9/30/19 15:20,72.178,49.4,1.2,87.163
9/30/19 15:20,72.136,49.4,1.2,87.118
9/30/19 15:20,72.093,49.5,1.2,87.073
9/30/19 15:20,72.093,49.7,1.2,87.118
9/30/19 15:20,72.093,49.8,1.2,87.073
9/30/19 15:20,72.05,49.9,3.7,87.028
9/30/19 15:20,72.05,50,1.2,86.936
9/30/19 15:21,72.007,50.1,3.7,86.891
9/30/19 15:21,72.007,50.1,3.7,87.028
9/30/19 15:21,71.964,50.1,1.2,87.118
9/30/19 15:21,71.964,50.1,1.2,87.163
9/30/19 15:21,71.92,50.2,1.2,87.163
9/30/19 15:21,71.92,50.3,1.2,87.163
9/30/19 15:21,71.92,50.4,1.2,87.163
9/30/19 15:21,71.877,50.4,1.2,87.118
9/30/19 15:21,71.877,50.4,1.2,87.163
9/30/19 15:21,71.877,50.5,1.2,87.118
9/30/19 15:21,71.834,50.5,1.2,87.118
9/30/19 15:21,71.834,50.6,1.2,87.118
9/30/19 15:21,71.834,50.6,1.2,87.118
9/30/19 15:21,71.834,50.6,1.2,87.118
9/30/19 15:21,71.791,50.7,1.2,87.118
9/30/19 15:21,71.791,50.7,1.2,87.118
9/30/19 15:21,71.791,50.8,1.2,87.118
9/30/19 15:21,71.791,50.7,1.2,87.118
9/30/19 15:21,71.791,50.7,1.2,87.118
9/30/19 15:21,71.748,50.8,1.2,87.118
9/30/19 15:21,71.748,50.8,1.2,87.118
9/30/19 15:21,71.748,50.8,1.2,87.118
9/30/19 15:21,71.748,50.8,1.2,87.118
9/30/19 15:21,71.748,50.9,1.2,87.118
9/30/19 15:21,71.748,50.9,1.2,87.118
9/30/19 15:21,71.748,50.9,1.2,87.118
9/30/19 15:21,71.748,51,1.2,87.118
9/30/19 15:21,71.704,51,1.2,87.118
9/30/19 15:21,71.704,51,1.2,87.118
9/30/19 15:21,71.704,51,1.2,87.163
9/30/19 15:21,71.704,51.1,1.2,87.118
9/30/19 15:21,71.704,51.1,1.2,87.118
9/30/19 15:21,71.704,51.1,1.2,87.118
9/30/19 15:21,71.704,51.1,1.2,87.118
9/30/19 15:21,71.704,51.2,1.2,87.118
9/30/19 15:21,71.704,51.2,1.2,87.163
9/30/19 15:21,71.704,51.2,1.2,87.163
9/30/19 15:21,71.661,51.3,1.2,87.118
9/30/19 15:21,71.661,51.3,1.2,87.163
9/30/19 15:21,71.661,51.4,1.2,87.163
9/30/19 15:21,71.661,51.4,1.2,87.163
9/30/19 15:21,71.661,51.3,1.2,87.163
9/30/19 15:21,71.661,51.3,1.2,87.163
9/30/19 15:21,71.661,51.3,1.2,87.163
9/30/19 15:21,71.661,51.4,1.2,87.163
9/30/19 15:21,71.661,51.4,1.2,87.163
9/30/19 15:21,71.661,51.4,1.2,87.163
9/30/19 15:21,71.661,51.4,1.2,87.163
9/30/19 15:21,71.661,51.5,1.2,87.163
9/30/19 15:21,71.661,51.5,1.2,87.163
9/30/19 15:21,71.661,51.5,1.2,87.163
9/30/19 15:21,71.661,51.5,1.2,87.163
9/30/19 15:21,71.661,51.6,1.2,87.163
9/30/19 15:21,71.661,51.6,1.2,87.163
9/30/19 15:21,71.661,51.6,1.2,87.163
9/30/19 15:21,71.661,51.7,1.2,87.163
9/30/19 15:21,71.62,51.6,1.2,87.163
9/30/19 15:21,71.62,51.7,1.2,87.163
9/30/19 15:21,71.62,51.7,1.2,87.163
9/30/19 15:21,71.661,51.8,1.2,87.163
9/30/19 15:22,71.62,51.7,1.2,87.163
9/30/19 15:22,71.62,51.7,1.2,87.163
9/30/19 15:22,71.62,51.8,1.2,87.163
9/30/19 15:22,71.62,51.7,1.2,87.163
9/30/19 15:22,71.62,51.7,1.2,87.163
9/30/19 15:22,71.62,51.9,1.2,87.163
9/30/19 15:22,71.62,51.8,1.2,87.163
9/30/19 15:22,71.62,51.8,1.2,87.163